locus_tag,product,tier,predicted_call,confidence,evidence,measured_essential,ess_score,noness_score,conservation,n_paralogs,gene_len_aa,leading,mobile_dist_kb,n_sisters,max_sisters,cross_validated
DDA3937_RS00005,,UNRESOLVED,unknown,0,,0,0.3585044666954672,0.7435371942259537,0.0555555555555555,1.0,148,0,89.04,2,2,False
DDA3937_RS00010,,UNRESOLVED,unknown,0,E_cons_core|F_core_redundant,0,0.8457011292427078,0.2025846141424341,0.5428571428571428,7.0,155,0,88.5,2,2,False
DDA3937_RS00015,,ROGUE_SUSPECT,unknown,0,N_score|N_long_lagging|P_rogue|P_conditional,0,0.1952724462991382,0.8843188544394796,0.0,0.0,492,0,87.38,2,2,False
DDA3937_RS00020,,ROGUE_SUSPECT,unknown,0,N_score|N_long_lagging|P_rogue|P_conditional,0,0.1938577499934136,0.886702441068958,0.0,0.0,499,0,85.89,2,2,False
DDA3937_RS00025,,UNRESOLVED,unknown,0,,0,0.3544584663903575,0.7380338630629073,0.24,0.0,623,1,83.93,2,2,True
DDA3937_RS00030,,UNRESOLVED,unknown,0,E_cons_core|E_geometry,0,0.8590644470075194,0.17952619605178227,0.5833333333333334,0.0,140,1,82.39,2,2,False
DDA3937_RS00035,,UNRESOLVED,unknown,0,N_redundancy,0,0.413642809817584,0.6923378266289328,0.2162162162162162,13.0,502,1,81.42,2,2,True
DDA3937_RS00040,,UNRESOLVED,unknown,0,E_geometry|N_redundancy,0,0.5173072519048254,0.5679382512176554,0.2608695652173913,7.0,323,1,80.17,2,2,True
DDA3937_RS00045,,UNRESOLVED,unknown,0,E_geometry|N_redundancy,0,0.491549967596297,0.5945606726705777,0.2307692307692307,6.0,296,1,79.22,2,2,True
DDA3937_RS00050,,UNRESOLVED,unknown,0,E_geometry,0,0.6286068689183799,0.432956385129693,0.3714285714285714,2.0,309,1,78.23,2,2,False
DDA3937_RS00055,,UNRESOLVED,unknown,0,E_geometry|N_redundancy,0,0.6509470393824245,0.4349480590834682,0.3666666666666666,14.0,335,1,77.26,2,2,False
DDA3937_RS00080,,ROGUE_SUSPECT,unknown,0,P_rogue,0,0.3738476671609204,0.7390454920779203,0.0833333333333333,0.0,176,0,70.77,2,2,True
DDA3937_RS00085,,ROGUE_SUSPECT,unknown,0,P_rogue,0,0.3795316044464026,0.7446661301710612,0.0909090909090909,0.0,192,0,70.22,2,2,False
DDA3937_RS00090,,ROGUE_SUSPECT,unknown,0,E_geometry|P_rogue,0,0.3303365935946136,0.805285889638414,0.0,0.0,90,1,69.69,2,2,False
DDA3937_RS00095,,CONFIDENT_NONESSENTIAL,non-essential,1,E_geometry|N_score,0,0.2387648661888307,0.8511089346938062,0.0,1.0,329,1,69.02,2,2,True
DDA3937_RS00100,,UNRESOLVED,unknown,0,E_geometry,0,0.6990728921520298,0.383618354256423,0.4,0.0,208,1,68.19,2,2,False
DDA3937_RS00105,,CONFIDENT_NONESSENTIAL,non-essential,1,N_score,1,0.2137025604166932,0.865697239877743,0.2058823529411764,0.0,945,1,66.09,2,2,True
DDA3937_RS00110,,CONFIDENT_ESSENTIAL,essential,2,E_score|E_cons_core,1,0.9717262158751144,0.029250523133256223,1.0,0.0,215,0,63.88,2,2,True
DDA3937_RS00115,,UNRESOLVED,unknown,0,E_geometry,0,0.4847975646950503,0.5939347661503408,0.2,0.0,178,1,63.07,2,2,False
DDA3937_RS00120,,ROGUE_SUSPECT,unknown,0,N_score|P_rogue,0,0.2176033930585285,0.8561149105514626,0.032258064516129,0.0,458,1,61.94,2,2,False
DDA3937_RS22930,,ROGUE_SUSPECT,unknown,0,P_rogue,1,0.3399735460266734,0.773879590668692,0.0,0.0,41,0,61.11,2,2,False
DDA3937_RS00125,,UNRESOLVED,unknown,0,,0,0.5620410550116176,0.5117048315687275,0.3714285714285714,2.0,471,0,60.2,2,2,True
DDA3937_RS00130,,UNRESOLVED,unknown,0,,0,0.3490466408485118,0.7457672904121837,0.1333333333333333,0.0,350,0,58.96,2,2,False
DDA3937_RS00135,,UNRESOLVED,unknown,0,E_cons_core,0,0.889346557660694,0.12772946064488006,0.7777777777777778,0.0,470,0,57.52,2,2,False
DDA3937_RS00140,,UNRESOLVED,unknown,0,E_cons_core,0,0.6668748024233595,0.3916616847220928,0.5294117647058824,0.0,608,1,55.53,2,2,False
DDA3937_RS00145,,ROGUE_SUSPECT,unknown,0,E_geometry|N_score|P_rogue,0,0.2712059844031367,0.817400450493813,0.0,0.0,204,1,54.09,2,2,False
DDA3937_RS00150,,UNRESOLVED,unknown,0,E_geometry,0,0.4077487971690687,0.6604944190645848,0.125,0.0,146,1,53.56,2,2,False
DDA3937_RS00155,,ROGUE_SUSPECT,unknown,0,E_geometry|N_score|P_rogue,0,0.2286888914593695,0.8357864139044154,0.0,0.0,314,1,52.84,2,2,False
DDA3937_RS00160,,ROGUE_SUSPECT,unknown,0,N_score|N_long_lagging|P_rogue|P_conditional,0,0.1629998285620306,0.8971140647542949,0.0,0.0,581,0,51.43,2,2,False
DDA3937_RS00165,,CONDITIONAL_SUSPECT,unknown,0,N_score|N_long_lagging|P_conditional,0,0.1916986761096146,0.8706641336784327,0.0,1.0,463,0,49.71,2,2,False
DDA3937_RS00170,,CONDITIONAL_SUSPECT,unknown,0,N_score|N_long_lagging|P_conditional,0,0.2136561999416849,0.8501937563055413,0.1212121212121212,0.0,694,0,47.79,2,2,True
DDA3937_RS00175,,ROGUE_SUSPECT,unknown,0,N_score|P_rogue,0,0.2547924075729076,0.8104580408622457,0.0,0.0,231,0,46.41,2,2,False
DDA3937_RS00180,,UNRESOLVED,unknown,0,,1,0.5596927830583719,0.529477040669392,0.4571428571428571,1.0,701,0,45.0,2,2,False
DDA3937_RS00185,,UNRESOLVED,unknown,0,E_cons_core,0,0.8859104190230084,0.12765632049970788,0.6333333333333333,0.0,92,0,43.79,2,2,False
DDA3937_RS00190,,CONFIDENT_ESSENTIAL,essential,2,E_score|E_cons_core,1,0.9711785386269522,0.028736886999196947,1.0,0.0,208,0,43.28,2,2,True
DDA3937_RS00195,,ROGUE_SUSPECT,unknown,0,N_score|P_rogue,0,0.1584467875724435,0.8864774138054672,0.0,0.0,561,1,41.83,2,2,False
DDA3937_RS00200,,CONFIDENT_NONESSENTIAL,non-essential,1,N_score,0,0.1687918823237484,0.8987818628138883,0.0,1.0,561,1,39.78,2,2,True
DDA3937_RS00210,,ROGUE_SUSPECT,unknown,0,N_score|P_rogue,0,0.2657866430932327,0.8140999798365061,0.0,0.0,209,0,37.96,2,2,False
DDA3937_RS00215,,CONFIDENT_ESSENTIAL,essential,2,E_score|E_cons_core|F_core_redundant,1,0.9734830552690006,0.026004925465634755,1.0,18.0,265,0,37.15,2,2,True
DDA3937_RS00220,,ROGUE_SUSPECT,unknown,0,N_score|P_rogue,0,0.2664544956114326,0.8190617142165142,0.0,0.0,213,0,36.43,2,2,False
DDA3937_RS00225,,CONFIDENT_NONESSENTIAL,non-essential,1,E_geometry|N_score,0,0.1980326781865096,0.8402761446881737,0.0,2.0,393,1,35.25,2,2,True
DDA3937_RS00230,,UNRESOLVED,unknown,0,E_cons_core|E_geometry|F_core_redundant,1,0.8970221577115266,0.10045428506743874,0.6216216216216216,55.0,297,1,34.18,2,2,True
DDA3937_RS00235,,UNRESOLVED,unknown,0,E_geometry|N_redundancy,0,0.3406383505754662,0.6900397240835496,0.1351351351351351,15.0,390,1,32.98,2,2,True
DDA3937_RS00240,,ROGUE_SUSPECT,unknown,0,N_score|N_long_lagging|P_rogue|P_conditional,0,0.193458403314532,0.8602103478093646,0.0,0.0,426,0,31.64,2,2,False
DDA3937_RS00245,,ROGUE_SUSPECT,unknown,0,E_geometry|N_score|P_rogue,0,0.2278442233454958,0.8353593246736695,0.0,0.0,303,1,30.24,2,2,False
DDA3937_RS00250,,ROGUE_SUSPECT,unknown,0,E_geometry|N_score|P_rogue,0,0.2363076724286228,0.8438302992824357,0.0,0.0,296,1,29.34,2,2,False
DDA3937_RS00255,,ROGUE_SUSPECT,unknown,0,N_score|P_rogue,0,0.1877746413812459,0.857602079917647,0.0,0.0,427,1,28.25,2,2,False
DDA3937_RS00260,,ROGUE_SUSPECT,unknown,0,N_score|P_rogue,0,0.1693139050973045,0.8592806653886703,0.0,0.0,477,1,26.9,2,2,False
DDA3937_RS00265,,ROGUE_SUSPECT,unknown,0,E_geometry|N_score|P_rogue,0,0.2056905204457219,0.8243949545582987,0.0,0.0,336,1,25.54,2,2,False
DDA3937_RS00270,,CONFIDENT_NONESSENTIAL,non-essential,2,E_geometry|N_score|N_pangenome_some,0,0.2064949534861033,0.8383492814891303,0.0,0.0,352,1,24.5,1,2,True
DDA3937_RS00280,,CONFIDENT_NONESSENTIAL,non-essential,3,N_score|N_pangenome_some|N_long_lagging,0,0.1801794742849934,0.8624738916879151,0.0,0.0,458,0,22.51,1,2,False
DDA3937_RS00285,,CONFIDENT_NONESSENTIAL,non-essential,2,E_geometry|N_score|N_pangenome_some,0,0.28477062669122,0.7577958859435694,0.0,0.0,94,1,21.3,1,2,False
DDA3937_RS00295,,UNRESOLVED,unknown,0,,0,0.385134308605468,0.6424757770703935,0.2,2.0,368,0,19.72,2,2,False
DDA3937_RS00300,,ROGUE_SUSPECT,unknown,0,N_score|P_rogue,0,0.1803927799121096,0.8681710188729438,0.0,0.0,457,1,18.38,2,2,False
DDA3937_RS00305,,ROGUE_SUSPECT,unknown,0,E_geometry|N_score|P_rogue,0,0.2168083905568044,0.8244377349397013,0.0,0.0,306,1,17.19,2,2,False
DDA3937_RS00310,,ROGUE_SUSPECT,unknown,0,E_geometry|N_score|P_rogue,0,0.2058245920466929,0.8382968097555242,0.0,0.0,349,1,16.21,2,2,False
DDA3937_RS00315,,ROGUE_SUSPECT,unknown,0,E_geometry|N_score|P_rogue,0,0.1957392984533067,0.835011749130034,0.0,0.0,368,1,15.13,2,2,False
DDA3937_RS00320,,ROGUE_SUSPECT,unknown,0,E_geometry|N_score|P_rogue,0,0.2192831038585124,0.8158543962356015,0.0,0.0,288,1,14.12,2,2,False
DDA3937_RS00325,,ROGUE_SUSPECT,unknown,0,E_geometry|N_score|P_rogue,0,0.2889561479586259,0.7647969062214359,0.0,0.0,89,1,13.35,2,2,False
DDA3937_RS00330,,CONFIDENT_NONESSENTIAL,non-essential,2,N_score|N_pangenome_some,0,0.2666944169018662,0.8279265124761703,0.0,0.0,211,0,12.78,1,2,False
DDA3937_RS00335,,ROGUE_SUSPECT,unknown,0,N_score|N_long_lagging|P_rogue|P_conditional,0,0.1879700791483436,0.8938934885654236,0.0,0.0,487,0,11.75,2,2,False
DDA3937_RS00340,,ROGUE_SUSPECT,unknown,0,N_score|P_rogue,0,0.2197913747472534,0.8351326774650131,0.0294117647058823,0.0,395,0,10.33,2,2,True
DDA3937_RS00345,,UNRESOLVED,unknown,0,,0,0.5318669632926236,0.5172028491867473,0.3823529411764705,0.0,503,1,8.68,2,2,False
DDA3937_RS00350,,ROGUE_SUSPECT,unknown,0,P_rogue,0,0.295896891499157,0.7941448469932052,0.0,0.0,112,0,7.63,2,2,False
DDA3937_RS00355,,ROGUE_SUSPECT,unknown,0,E_geometry|N_score|P_rogue,0,0.2758106296380766,0.7969295969729748,0.0,0.0,145,1,6.62,2,2,False
DDA3937_RS00360,,CONDITIONAL_SUSPECT,unknown,0,N_score|N_long_lagging|P_conditional,0,0.1575282306435362,0.893516404556697,0.037037037037037,1.0,669,0,5.3,2,2,True
DDA3937_RS00365,,CONFIDENT_NONESSENTIAL,non-essential,2,E_geometry|N_score|N_mobile,0,0.2362426032897623,0.8270199450908681,0.0,2.0,272,1,3.66,2,2,False
DDA3937_RS00370,,ROGUE_SUSPECT,unknown,0,N_score|N_mobile|P_rogue,0,0.1978303323277042,0.8572745803902819,0.0,0.0,395,0,2.35,2,2,False
DDA3937_RS00375,,UNRESOLVED,unknown,0,E_cons_core|E_geometry|N_mobile|F_core_redundant,0,0.8175973893137767,0.1756037515087749,0.5757575757575758,7.0,232,1,1.15,2,2,False
DDA3937_RS00385,,UNRESOLVED,unknown,0,E_cons_core|N_mobile,0,0.8024605644935394,0.21622275470484686,0.5,1.0,86,0,0.75,2,2,False
DDA3937_RS00390,,CONFIDENT_NONESSENTIAL,non-essential,3,N_score|N_pangenome_strong|N_mobile,0,0.1790907716811362,0.8537026405751215,0.0,0.0,429,1,1.96,0,2,False
DDA3937_RS00395,,CONFIDENT_NONESSENTIAL,non-essential,2,N_score|N_mobile,0,0.1776101316549237,0.85266506251558,0.0294117647058823,3.0,529,1,3.67,2,2,True
DDA3937_RS00400,,CONFIDENT_NONESSENTIAL,non-essential,2,N_score|N_pangenome_strong,0,0.1493353565724325,0.8804751808208504,0.0,0.0,557,1,5.35,0,2,False
DDA3937_RS00405,,CONFIDENT_NONESSENTIAL,non-essential,2,E_geometry|N_score|N_pangenome_strong,0,0.2111352500787472,0.8250568694533311,0.0,1.0,320,1,6.67,0,2,False
DDA3937_RS00410,,CONFIDENT_NONESSENTIAL,non-essential,1,E_geometry|N_score,0,0.2020738814083461,0.830698100548372,0.0,1.0,349,1,7.69,2,2,True
DDA3937_RS00415,,UNRESOLVED,unknown,0,N_redundancy,0,0.3177367353780167,0.7370459936002061,0.1481481481481481,8.0,450,1,9.0,2,2,True
DDA3937_RS00420,,CONFIDENT_NONESSENTIAL,non-essential,2,E_geometry|N_score|N_pangenome_strong,0,0.2090873953095902,0.8361949446657786,0.0,0.0,335,1,10.28,0,2,False
DDA3937_RS00425,,ROGUE_SUSPECT,unknown,0,N_score|P_rogue,0,0.2886813025783309,0.7916715439515359,0.0,0.0,124,0,10.96,2,2,False
DDA3937_RS00430,,UNRESOLVED,unknown,0,E_geometry,0,0.5519389069798775,0.5222306889134343,0.25,2.0,138,1,11.65,2,2,False
DDA3937_RS00435,,UNRESOLVED,unknown,0,E_geometry,0,0.5342481746636152,0.5012300781563939,0.25,2.0,150,1,12.24,2,2,False
DDA3937_RS00440,,CONFIDENT_NONESSENTIAL,non-essential,1,N_score,0,0.2197208209295572,0.8331277304397049,0.0588235294117647,1.0,471,1,13.84,2,2,True
DDA3937_RS00445,,CONFIDENT_NONESSENTIAL,non-essential,1,N_score,0,0.1672174223601301,0.8918815220300209,0.0,1.0,538,1,15.52,2,2,False
DDA3937_RS00450,,CONFIDENT_NONESSENTIAL,non-essential,1,E_geometry|N_score,0,0.2484037281715302,0.8223650971062649,0.0,1.0,241,1,16.7,2,2,False
DDA3937_RS00455,,CONDITIONAL_SUSPECT,unknown,0,N_score|N_long_lagging|P_conditional,0,0.1941968352362243,0.8760450995000882,0.0,1.0,448,0,17.83,2,2,False
DDA3937_RS00460,,CONFIDENT_NONESSENTIAL,non-essential,2,N_score|N_redundancy,0,0.2363134783964704,0.8373448290877002,0.0606060606060606,15.0,536,1,20.59,2,2,True
DDA3937_RS00465,,UNRESOLVED,unknown,0,E_geometry|N_redundancy,0,0.376942415540371,0.6808103154211004,0.15625,10.0,340,1,22.13,2,2,True
DDA3937_RS00470,,UNRESOLVED,unknown,0,E_geometry|N_redundancy,0,0.2956974910557569,0.7455416031846342,0.0689655172413793,9.0,301,1,23.11,2,2,True
DDA3937_RS00475,,UNRESOLVED,unknown,0,E_geometry|N_redundancy,1,0.3820071540630229,0.659883612418944,0.1724137931034483,5.0,327,1,24.08,2,2,False
DDA3937_RS00480,,UNRESOLVED,unknown,0,E_geometry|N_redundancy,0,0.3442041983731468,0.6992375712552276,0.1379310344827586,5.0,332,1,25.07,2,2,True
DDA3937_RS00495,,UNRESOLVED,unknown,0,N_pangenome_some,0,0.3172303857831471,0.801020658900692,0.0,0.0,91,0,26.75,1,2,False
DDA3937_RS00500,,CONDITIONAL_SUSPECT,unknown,0,N_score|N_redundancy|N_long_lagging|P_conditional,0,0.209770962627054,0.8438640187048724,0.0303030303030303,6.0,478,0,27.7,2,2,True
DDA3937_RS00505,,CONFIDENT_NONESSENTIAL,non-essential,1,E_cons_core|N_pangenome_strong,0,0.7912071494129854,0.21932486416517466,0.5,0.0,124,0,28.72,0,2,False
DDA3937_RS00510,,CONFIDENT_NONESSENTIAL,non-essential,1,N_pangenome_strong,0,0.3303501703121422,0.7266781390787105,0.0909090909090909,0.0,234,0,29.38,0,2,False
DDA3937_RS00515,,UNRESOLVED,unknown,0,E_geometry|N_redundancy,0,0.3297935516259083,0.7245100762403955,0.1081081081081081,5.0,303,1,30.35,2,2,True
DDA3937_RS00520,,ROGUE_SUSPECT,unknown,0,E_geometry|N_score|P_rogue,0,0.2570559134285898,0.8036388431408918,0.0,0.0,202,1,31.57,2,2,False
DDA3937_RS00525,,UNRESOLVED,unknown,0,E_cons_core|E_geometry,0,0.8834293712516679,0.12094736853964055,0.7027027027027027,2.0,272,1,32.27,2,2,False
DDA3937_RS00530,,ROGUE_SUSPECT,unknown,0,N_score|P_rogue,0,0.1313649017942434,0.914229216565775,0.0,0.0,697,1,33.83,2,2,False
DDA3937_RS00535,,ROGUE_SUSPECT,unknown,0,N_score|P_rogue,0,0.1036906529757125,0.9287763112687707,0.0,0.0,838,1,36.13,2,2,False
DDA3937_RS00540,,ROGUE_SUSPECT,unknown,0,N_score|P_rogue,0,0.0517170417928172,0.9705512654020231,0.0,0.0,1299,1,39.34,2,2,False
DDA3937_RS00545,,ROGUE_SUSPECT,unknown,0,E_geometry|N_score|P_rogue,0,0.2697466997051616,0.78049088874352,0.0,0.0,156,1,41.53,2,2,False
DDA3937_RS00550,,ROGUE_SUSPECT,unknown,0,E_geometry|N_score|P_rogue,0,0.2193742891741973,0.8399014716730199,0.0,0.0,333,1,42.27,2,2,False
DDA3937_RS00555,,CONFIDENT_NONESSENTIAL,non-essential,1,N_score,0,0.2520668819324939,0.8160711794038188,0.0666666666666666,3.0,429,1,43.82,2,2,True
DDA3937_RS00560,,ROGUE_SUSPECT,unknown,0,N_score|P_rogue,0,0.1780451094535976,0.8752201509530091,0.0,0.0,488,1,45.47,2,2,False
DDA3937_RS00565,,CONFIDENT_NONESSENTIAL,non-essential,2,N_score|N_pangenome_some,0,0.2404167509550605,0.8698364050693774,0.0,0.0,342,0,46.94,1,2,False
DDA3937_RS00575,,UNRESOLVED,unknown,0,N_pangenome_some,1,0.2988860480827838,0.8271667029740483,0.0,0.0,167,0,48.38,1,2,False
DDA3937_RS00580,,UNRESOLVED,unknown,0,,0,0.6228947433550894,0.43745228108015105,0.3714285714285714,2.0,311,0,48.0,2,2,False
DDA3937_RS00585,,UNRESOLVED,unknown,0,,1,0.7233193159355535,0.3241112748103296,0.3846153846153846,0.0,68,0,47.25,2,2,False
DDA3937_RS00590,,ROGUE_SUSPECT,unknown,0,N_score|P_rogue,0,0.2242204510178817,0.8379516177946579,0.0,0.0,329,0,46.61,2,2,False
DDA3937_RS00595,,UNRESOLVED,unknown,0,E_geometry|N_redundancy,0,0.342938937455328,0.7091071482918081,0.1351351351351351,15.0,408,1,45.3,2,2,True
DDA3937_RS00600,,ROGUE_SUSPECT,unknown,0,N_score|P_rogue,0,0.2704662395765503,0.8025926954484218,0.0,0.0,188,0,44.35,2,2,False
DDA3937_RS00605,,ROGUE_SUSPECT,unknown,0,P_rogue,0,0.3077507720205471,0.772007522333729,0.0526315789473684,0.0,224,0,43.54,2,2,True
DDA3937_RS00610,,UNRESOLVED,unknown,0,E_cons_core|E_geometry,1,0.9611434817197048,0.03225301697561222,0.9032258064516128,0.0,82,1,42.48,2,2,False
DDA3937_RS00615,,ROGUE_SUSPECT,unknown,0,N_score|P_rogue,0,0.2615043507635368,0.8074531672125093,0.0,0.0,210,0,41.96,2,2,False
DDA3937_RS00620,,ROGUE_SUSPECT,unknown,0,E_geometry|P_rogue,0,0.3001008673622232,0.7899841817151705,0.0,0.0,109,1,41.21,2,2,False
DDA3937_RS00625,,ROGUE_SUSPECT,unknown,0,P_rogue,0,0.307930888888785,0.7828075584208906,0.0,0.0,94,0,40.84,2,2,False
DDA3937_RS00630,,UNRESOLVED,unknown,0,,0,0.4360506839241914,0.6247569424121253,0.1764705882352941,0.0,208,0,40.4,2,2,True
DDA3937_RS00635,,UNRESOLVED,unknown,0,E_cons_core,1,0.9415196591665426,0.051163548826523284,0.945945945945946,0.0,447,1,39.11,2,2,False
DDA3937_RS00640,,CONFIDENT_ESSENTIAL,essential,3,E_score|E_cons_core|E_geometry|F_core_redundant,1,0.9653550303079677,0.028415639720976087,0.945945945945946,16.0,223,1,38.1,2,2,True
DDA3937_RS00645,,ROGUE_SUSPECT,unknown,0,E_geometry|N_score|P_rogue,0,0.256229532250181,0.8011410835004608,0.0454545454545454,0.0,324,1,37.29,2,2,False
DDA3937_RS00650,,UNRESOLVED,unknown,0,E_cons_core|E_geometry,1,0.946962020942884,0.04953769037478443,0.9032258064516128,0.0,286,1,36.01,2,2,False
DDA3937_RS00655,,UNRESOLVED,unknown,0,E_cons_core,0,0.7933450079932421,0.2423861769079921,0.5,0.0,146,0,35.25,2,2,False
DDA3937_RS00660,,CONFIDENT_NONESSENTIAL,non-essential,1,E_geometry|N_score,0,0.2639118274474209,0.7913427903646962,0.0714285714285714,1.0,371,1,34.07,2,2,True
DDA3937_RS00665,,UNRESOLVED,unknown,0,E_geometry,0,0.3999180058717135,0.6571528568858505,0.1851851851851851,1.0,309,1,32.97,2,2,True
DDA3937_RS00670,,CONFIDENT_NONESSENTIAL,non-essential,1,N_score,0,0.2176769571792027,0.8321005388517012,0.037037037037037,1.0,425,1,31.87,2,2,True
DDA3937_RS00675,,UNRESOLVED,unknown,0,E_geometry|N_pangenome_some,0,0.7302259168865672,0.2733057656878675,0.4814814814814814,1.0,257,1,30.85,1,2,False
DDA3937_RS00680,,UNRESOLVED,unknown,0,E_cons_core|E_geometry|F_core_redundant,0,0.7880642013134344,0.21677906930319996,0.5142857142857142,12.0,234,1,30.11,2,2,False
DDA3937_RS00685,,CONFIDENT_NONESSENTIAL,non-essential,2,E_geometry|N_score|N_redundancy,0,0.2310402845756689,0.8225542632593513,0.0303030303030303,6.0,395,1,29.1,2,2,True
DDA3937_RS00695,,ROGUE_SUSPECT,unknown,0,E_geometry|N_score|P_rogue,0,0.2210998381725471,0.8295816940729884,0.0,0.0,306,1,25.52,2,2,False
DDA3937_RS00700,,CONDITIONAL_SUSPECT,unknown,0,N_redundancy|N_long_lagging|P_conditional,0,0.4243983553421365,0.6666087789890704,0.25,15.0,540,0,24.15,2,2,True
DDA3937_RS00705,,CONDITIONAL_SUSPECT,unknown,0,N_redundancy|N_long_lagging|P_conditional,0,0.4244171797352869,0.6715698833127369,0.25,15.0,543,0,22.08,2,2,True
DDA3937_RS00710,,CONDITIONAL_SUSPECT,unknown,0,N_redundancy|N_long_lagging|P_conditional,0,0.4237619193767916,0.6848907540368734,0.25,15.0,554,0,19.62,2,2,True
DDA3937_RS00715,,CONDITIONAL_SUSPECT,unknown,0,N_redundancy|N_long_lagging|P_conditional,0,0.4129533533618339,0.6745179067258752,0.25,15.0,561,0,17.48,2,2,True
DDA3937_RS00720,,CONFIDENT_NONESSENTIAL,non-essential,2,N_score|N_redundancy,0,0.1925818609395272,0.8633209590356504,0.0,4.0,440,1,14.94,2,2,True
DDA3937_RS00725,,UNRESOLVED,unknown,0,E_geometry|N_redundancy,0,0.3001297263679095,0.7584357991028305,0.0769230769230769,5.0,296,1,13.73,2,2,True
DDA3937_RS00730,,UNRESOLVED,unknown,0,E_geometry|N_redundancy,0,0.3431298918911694,0.7175981912319338,0.1153846153846153,5.0,283,1,12.82,2,2,True
DDA3937_RS00735,,UNRESOLVED,unknown,0,E_geometry|N_redundancy,0,0.4808723254633333,0.5565138479725851,0.2571428571428571,13.0,359,1,11.86,2,2,True
DDA3937_RS00740,,CONFIDENT_NONESSENTIAL,non-essential,1,E_geometry|N_score,1,0.2580623866264374,0.7741825249947922,0.0285714285714285,3.0,250,1,10.95,2,2,True
DDA3937_RS00745,,CONFIDENT_NONESSENTIAL,non-essential,1,E_geometry|N_score,0,0.2870281353923398,0.7608913063691207,0.0857142857142857,1.0,319,1,9.89,2,2,True
DDA3937_RS00750,,ROGUE_SUSPECT,unknown,0,P_rogue,0,0.3002443344515252,0.7867103406112139,0.0,0.0,95,0,9.19,2,2,False
DDA3937_RS00755,,UNRESOLVED,unknown,0,E_geometry,0,0.364113255375279,0.6862530569712904,0.1034482758620689,0.0,155,1,8.65,2,2,False
DDA3937_RS00765,,ROGUE_SUSPECT,unknown,0,N_score|P_rogue,0,0.2343785721510861,0.8165961034840196,0.0,0.0,258,0,7.35,2,2,False
DDA3937_RS00770,,ROGUE_SUSPECT,unknown,0,N_score|N_long_lagging|P_rogue|P_conditional,0,0.1248863077399991,0.9235490436289124,0.0,0.0,734,0,5.89,2,2,False
DDA3937_RS00775,,UNRESOLVED,unknown,0,N_redundancy|N_mobile,0,0.4964438337590756,0.5638590644633046,0.3142857142857143,7.0,458,0,3.87,2,2,False
DDA3937_RS00780,,UNRESOLVED,unknown,0,E_cons_core|N_mobile|F_core_redundant,1,0.9144162463077322,0.08731066510462362,0.7428571428571429,12.0,233,0,2.82,2,2,True
DDA3937_RS00785,,ROGUE_SUSPECT,unknown,0,E_geometry|N_score|N_mobile|P_rogue,0,0.260084276515427,0.8100772521489759,0.0,0.0,187,1,1.98,2,2,False
DDA3937_RS00790,,CONFIDENT_NONESSENTIAL,non-essential,2,N_pangenome_strong|N_mobile,0,0.3003885578527605,0.8451400183009479,0.0,0.0,163,0,1.24,0,2,True
DDA3937_RS00805,,CONFIDENT_NONESSENTIAL,non-essential,3,E_geometry|N_score|N_pangenome_some|N_mobile,0,0.2922138682134519,0.8110719706204169,0.0,0.0,126,1,0.84,1,2,False
DDA3937_RS00810,,CONFIDENT_NONESSENTIAL,non-essential,3,E_geometry|N_score|N_pangenome_some|N_mobile,0,0.2009323105660306,0.8685167434607262,0.0,0.0,395,1,0.0,1,2,False
DDA3937_RS00815,,CONFIDENT_NONESSENTIAL,non-essential,2,E_geometry|N_score|N_mobile,0,0.252927984856744,0.7963010115820949,0.0,2.0,197,1,0.92,2,2,False
DDA3937_RS00830,,CONFIDENT_NONESSENTIAL,non-essential,3,N_score|N_pangenome_some|N_mobile,0,0.2681159633832301,0.7902731751365555,0.0,0.0,155,0,1.3,1,2,False
DDA3937_RS00835,,CONFIDENT_NONESSENTIAL,non-essential,3,E_geometry|N_score|N_pangenome_some|N_mobile,0,0.2611494400134206,0.7859777649999361,0.0,0.0,157,1,1.97,1,2,False
DDA3937_RS00840,,CONFIDENT_NONESSENTIAL,non-essential,2,E_geometry|N_score|N_mobile,0,0.2695683445155156,0.7916685035739225,0.0555555555555555,1.0,301,1,2.79,2,2,True
DDA3937_RS00845,,UNRESOLVED,unknown,0,E_geometry|N_mobile,0,0.6675578212125595,0.3533363098360997,0.4444444444444444,0.0,321,1,3.96,2,2,False
DDA3937_RS00850,,UNRESOLVED,unknown,0,E_geometry,0,0.358476558848975,0.6914617910575297,0.1470588235294117,2.0,295,1,5.22,2,2,True
DDA3937_RS00855,,ROGUE_SUSPECT,unknown,0,E_geometry|N_score|P_rogue,0,0.271785114855827,0.7631030813803795,0.0952380952380952,0.0,367,1,6.22,2,2,False
DDA3937_RS00860,,ROGUE_SUSPECT,unknown,0,N_score|N_long_lagging|P_rogue|P_conditional,0,0.1755587982461926,0.8747474270696394,0.0,0.0,480,0,7.58,2,2,False
DDA3937_RS00865,,UNRESOLVED,unknown,0,E_cons_core,0,0.9505655458319758,0.042780044902300585,0.9166666666666666,0.0,257,0,8.84,2,2,False
DDA3937_RS00870,,ROGUE_SUSPECT,unknown,0,N_score|P_rogue,0,0.263635948161637,0.8166269190061569,0.0,0.0,199,0,9.67,2,2,False
DDA3937_RS00875,,ROGUE_SUSPECT,unknown,0,E_geometry|N_score|P_rogue,0,0.2630582937928067,0.7715816570183938,0.0,0.0,142,1,10.32,2,2,False
DDA3937_RS00880,,UNRESOLVED,unknown,0,E_cons_core,1,0.8501908429573354,0.14381071526411715,0.6451612903225806,0.0,249,0,10.92,2,2,False
DDA3937_RS00885,,UNRESOLVED,unknown,0,,0,0.548338433494954,0.49370951437758087,0.3333333333333333,0.0,337,0,11.91,2,2,False
DDA3937_RS00890,,CONDITIONAL_SUSPECT,unknown,0,N_score|N_long_lagging|P_conditional,0,0.1953067079254592,0.8587571379792387,0.0294117647058823,3.0,504,0,13.3,2,2,True
DDA3937_RS00895,,ROGUE_SUSPECT,unknown,0,N_score|P_rogue,0,0.2580897493450534,0.8092848314662074,0.0303030303030303,0.0,284,0,14.51,2,2,False
DDA3937_RS00900,,ROGUE_SUSPECT,unknown,0,E_geometry|P_rogue,0,0.3040999933255559,0.784311132333336,0.0,0.0,81,1,15.64,2,2,False
DDA3937_RS00905,,ROGUE_SUSPECT,unknown,0,P_rogue,0,0.3548698047343062,0.7247757308500127,0.0833333333333333,0.0,162,0,16.07,2,2,False
DDA3937_RS00910,,UNRESOLVED,unknown,0,,0,0.3551041496361093,0.7093090837834836,0.1428571428571428,0.0,306,0,16.93,2,2,False
DDA3937_RS00915,,ROGUE_SUSPECT,unknown,0,N_score|N_long_lagging|P_rogue|P_conditional,0,0.2616571306673268,0.8127990763720255,0.0909090909090909,0.0,444,0,18.22,2,2,False
DDA3937_RS00920,,UNRESOLVED,unknown,0,,0,0.4560868852777834,0.6222904607564185,0.1818181818181818,0.0,177,0,19.16,2,2,True
DDA3937_RS00925,,ROGUE_SUSPECT,unknown,0,N_score|P_rogue,0,0.2241592043721069,0.835040592017036,0.0,0.0,310,0,19.97,2,2,False
DDA3937_RS00930,,UNRESOLVED,unknown,0,N_redundancy,0,0.6222702806039342,0.4351773941939912,0.3666666666666666,14.0,357,0,21.02,2,2,False
DDA3937_RS00935,,UNRESOLVED,unknown,0,E_cons_core,1,0.906676327354597,0.08606808524830081,0.9428571428571428,0.0,733,0,23.09,2,2,False
DDA3937_RS00940,,CONFIDENT_ESSENTIAL,essential,3,E_score|E_cons_core|E_geometry,1,0.9760528449296392,0.022139674433195474,1.0,1.0,72,1,24.58,2,2,True
DDA3937_RS00945,,UNRESOLVED,unknown,0,E_cons_core,0,0.8054477310367139,0.23781129118787983,0.5,0.0,106,0,24.96,2,2,False
DDA3937_RS00950,,ROGUE_SUSPECT,unknown,0,E_geometry|N_score|P_rogue,0,0.2448915247652827,0.8069120552194053,0.0606060606060606,0.0,387,1,25.89,2,2,True
DDA3937_RS00955,,CONFIDENT_NONESSENTIAL,non-essential,1,N_score,0,0.1083884713519807,0.9261280778252672,0.0,1.0,812,1,27.69,2,2,False
DDA3937_RS00960,,ROGUE_SUSPECT,unknown,0,E_geometry|P_rogue,0,0.3027178179793258,0.7661588292116839,0.0857142857142857,0.0,299,1,29.7,2,2,True
DDA3937_RS00965,,ROGUE_SUSPECT,unknown,0,N_score|P_rogue,0,0.2577161341040183,0.8341455032453615,0.0,0.0,244,0,30.69,2,2,False
DDA3937_RS00970,,UNRESOLVED,unknown,0,E_cons_core|E_geometry|F_core_redundant,1,0.8989502161379779,0.11122908894133778,0.6216216216216216,55.0,306,1,31.69,2,2,True
DDA3937_RS00975,,UNRESOLVED,unknown,0,E_cons_core,0,0.8091755975877152,0.22505621296949058,0.6428571428571429,0.0,467,0,32.93,2,2,False
DDA3937_RS00980,,ROGUE_SUSPECT,unknown,0,E_geometry|N_score|P_rogue,0,0.2549326583270721,0.8096103407737851,0.0,0.0,213,1,34.16,2,2,False
DDA3937_RS00985,,ROGUE_SUSPECT,unknown,0,E_geometry|N_score|P_rogue,0,0.2857743991605395,0.7848353786918403,0.0,0.0,125,1,34.68,2,2,False
DDA3937_RS00990,,ROGUE_SUSPECT,unknown,0,N_score|P_rogue,0,0.2164363499209776,0.8580855612087147,0.0,0.0,368,0,35.43,2,2,False
DDA3937_RS00995,,CONFIDENT_NONESSENTIAL,non-essential,2,N_score|N_redundancy,0,0.1882977165330847,0.8970036332037481,0.0294117647058823,8.0,624,1,37.33,2,2,True
DDA3937_RS01000,,UNRESOLVED,unknown,0,E_cons_core|E_geometry,0,0.8986797202730944,0.1117483620054411,0.7428571428571429,0.0,291,1,38.64,2,2,False
DDA3937_RS01025,,UNRESOLVED,unknown,0,E_cons_core|E_geometry,1,0.9641097689424876,0.03943265138029947,1.0,0.0,346,1,45.24,2,2,True
DDA3937_RS01030,,UNRESOLVED,unknown,0,E_cons_core|E_geometry,1,0.8528451415069478,0.18764614466310306,0.6486486486486487,0.0,320,1,46.24,2,2,False
DDA3937_RS01035,,UNRESOLVED,unknown,0,E_cons_core,1,0.9338576683510804,0.08844230555619746,0.8333333333333334,0.0,317,0,47.22,2,2,False
DDA3937_RS01040,,CONFIDENT_NONESSENTIAL,non-essential,1,N_pangenome_strong,0,0.4017757722025388,0.7137094114709569,0.1176470588235294,0.0,183,0,48.18,0,2,True
DDA3937_RS01070,,CONFIDENT_ESSENTIAL,essential,3,E_score|E_cons_core|E_geometry,1,0.9739164743086626,0.02397936626661882,1.0,0.0,128,1,51.19,2,2,True
DDA3937_RS01075,,CONFIDENT_ESSENTIAL,essential,3,E_score|E_cons_core|E_geometry,1,0.971253348679245,0.026021976091827607,1.0,0.0,182,1,51.66,2,2,True
DDA3937_RS01080,,CONFIDENT_ESSENTIAL,essential,3,E_score|E_cons_core|E_geometry,1,0.9731561385897334,0.024380455795491415,1.0,0.0,143,1,52.29,2,2,True
DDA3937_RS01085,,CONFIDENT_ESSENTIAL,essential,3,E_score|E_cons_core|E_geometry,1,0.9686010897395152,0.02860227047868476,1.0,0.0,235,1,52.07,2,2,True
DDA3937_RS01090,,CONFIDENT_ESSENTIAL,essential,3,E_score|E_cons_core|E_geometry,1,0.972346943753376,0.025965164123284024,1.0,0.0,166,1,51.12,2,2,True
DDA3937_RS01095,,CONFIDENT_ESSENTIAL,essential,3,E_score|E_cons_core|E_geometry,1,0.975050777167261,0.025651096270259837,1.0,0.0,123,1,50.62,2,2,True
DDA3937_RS01100,,UNRESOLVED,unknown,0,E_cons_core,1,0.8281006157289911,0.20325457321437962,1.0,0.0,1343,1,48.1,2,2,False
DDA3937_RS01105,,UNRESOLVED,unknown,0,E_cons_core,1,0.8090770434093241,0.21968682329225234,1.0,0.0,1408,1,43.87,2,2,False
DDA3937_RS01115,,ROGUE_SUSPECT,unknown,0,E_geometry|N_score|P_rogue,0,0.2087959953504655,0.8482767681294462,0.0,0.0,366,1,40.73,2,2,False
DDA3937_RS01120,,CONFIDENT_NONESSENTIAL,non-essential,2,N_score|N_redundancy,0,0.2102982653406398,0.8481769553241746,0.0303030303030303,6.0,479,1,38.44,2,2,True
DDA3937_RS01125,,CONFIDENT_NONESSENTIAL,non-essential,2,N_score|N_pangenome_some,0,0.2466891166401465,0.8240417083170699,0.0,0.0,256,0,37.24,1,2,True
DDA3937_RS01130,,UNRESOLVED,unknown,0,N_pangenome_some,0,0.4700522032005852,0.6080290559707182,0.2,0.0,201,0,36.56,1,2,False
DDA3937_RS01135,,CONFIDENT_NONESSENTIAL,non-essential,2,N_score|N_pangenome_some,0,0.2610420582383508,0.8100895027917024,0.0,0.0,209,0,35.92,1,2,True
DDA3937_RS01140,,UNRESOLVED,unknown,0,E_cons_core|E_geometry|F_core_redundant,1,0.915719887857382,0.0826787205768659,0.7428571428571429,12.0,224,1,35.11,2,2,True
DDA3937_RS01145,,UNRESOLVED,unknown,0,N_redundancy,0,0.4831933269004569,0.5670565073585612,0.3142857142857143,7.0,488,1,34.05,2,2,False
DDA3937_RS01150,,ROGUE_SUSPECT,unknown,0,N_score|P_rogue,0,0.203086135496261,0.8522090314134455,0.0,0.0,388,0,32.72,2,2,False
DDA3937_RS01155,,UNRESOLVED,unknown,0,,0,0.5459611605211412,0.48077956954381373,0.303030303030303,0.0,260,0,31.66,2,2,False
DDA3937_RS01160,,UNRESOLVED,unknown,0,E_cons_core,1,0.9312627884451417,0.06486986442552599,0.76,0.0,67,0,31.17,2,2,False
DDA3937_RS01165,,UNRESOLVED,unknown,0,,0,0.6752848136404938,0.33218218986282905,0.4193548387096774,1.0,250,0,30.7,2,2,False
DDA3937_RS01170,,UNRESOLVED,unknown,0,,0,0.6302592229755994,0.37214681825526386,0.3666666666666666,0.0,212,0,30.0,2,2,False
DDA3937_RS01175,,ROGUE_SUSPECT,unknown,0,N_score|N_long_lagging|P_rogue|P_conditional,0,0.1742866028040638,0.8792201847160989,0.0606060606060606,0.0,662,0,28.69,2,2,False
DDA3937_RS01180,,ROGUE_SUSPECT,unknown,0,N_score|P_rogue,0,0.2887220973385189,0.8091753648450125,0.0,0.0,150,0,27.16,2,2,False
DDA3937_RS01185,,ROGUE_SUSPECT,unknown,0,E_geometry|N_score|P_rogue,0,0.274561463504047,0.769887018692003,0.05,0.0,258,1,26.44,2,2,False
DDA3937_RS01190,,UNRESOLVED,unknown,0,E_cons_core|E_geometry,1,0.9396083524052862,0.04890762500586802,0.9142857142857144,0.0,358,1,25.46,2,2,False
DDA3937_RS01195,,ROGUE_SUSPECT,unknown,0,E_geometry|N_score|P_rogue,0,0.2411983511617388,0.8008211310635737,0.0,0.0,225,1,24.59,2,2,False
DDA3937_RS01200,,ROGUE_SUSPECT,unknown,0,E_geometry|N_score|P_rogue,0,0.2630767084968867,0.8148834097229274,0.0,0.0,197,1,23.87,2,2,False
DDA3937_RS01205,,CONFIDENT_ESSENTIAL,essential,3,E_score|E_cons_core|E_geometry,1,0.9734746533054328,0.027899116185631217,0.9714285714285714,3.0,91,1,23.25,2,2,True
DDA3937_RS01210,,ROGUE_SUSPECT,unknown,0,E_geometry|N_score|P_rogue,0,0.236959962593214,0.8043191011416297,0.0,0.0,237,1,22.75,2,2,False
DDA3937_RS01215,,UNRESOLVED,unknown,0,E_cons_core,0,0.7938522169723505,0.21512810153028944,0.6216216216216216,0.0,430,0,21.67,2,2,False
DDA3937_RS01220,,UNRESOLVED,unknown,0,E_cons_core,0,0.8602448258482677,0.1504714213994088,0.7575757575757576,0.0,530,0,20.21,2,2,False
DDA3937_RS01255,,CONFIDENT_ESSENTIAL,essential,2,E_score|E_cons_core|F_core_redundant,1,0.9656398014304568,0.0354982132880061,0.945945945945946,16.0,254,0,12.7,2,2,True
DDA3937_RS01260,,ROGUE_SUSPECT,unknown,0,N_score|P_rogue,0,0.209171579044475,0.8539671566661102,0.0,0.0,365,0,11.76,2,2,False
DDA3937_RS01265,,ROGUE_SUSPECT,unknown,0,N_score|P_rogue,0,0.2049715363050401,0.866194506409927,0.0,0.0,393,0,10.62,2,2,False
DDA3937_RS01270,,ROGUE_SUSPECT,unknown,0,N_score|P_rogue,0,0.216451437796829,0.85048550808943,0.0,0.0,342,0,9.44,2,2,False
DDA3937_RS01275,,CONFIDENT_NONESSENTIAL,non-essential,1,N_pangenome_strong,0,0.3517120206197573,0.7208333375050751,0.1111111111111111,0.0,232,0,8.28,0,2,False
DDA3937_RS01280,,UNRESOLVED,unknown,0,N_redundancy,0,0.5054646133375512,0.5805359647968246,0.2,18.0,222,0,7.49,2,2,False
DDA3937_RS01285,,UNRESOLVED,unknown,0,N_redundancy,1,0.3867324957749791,0.711241267440272,0.1176470588235294,12.0,257,0,6.75,2,2,True
DDA3937_RS01290,,ROGUE_SUSPECT,unknown,0,E_geometry|N_score|P_rogue,0,0.1973378800551259,0.8530809271250294,0.0,0.0,381,1,5.54,2,2,False
DDA3937_RS01295,,CONFIDENT_ESSENTIAL,essential,3,E_score|E_cons_core|E_geometry|N_mobile|F_core_redundant,1,0.969306847939507,0.024395926825481955,1.0,18.0,282,1,4.35,2,2,True
DDA3937_RS01300,,UNRESOLVED,unknown,0,E_cons_core|N_mobile|F_core_redundant,1,0.8996270531010564,0.11317286096213995,0.6216216216216216,55.0,298,0,3.4,2,2,True
DDA3937_RS01305,,UNRESOLVED,unknown,0,E_geometry|N_pangenome_some|N_mobile,0,0.6214192153018427,0.3929332737857601,0.3333333333333333,0.0,132,1,2.44,1,2,False
DDA3937_RS01315,,UNRESOLVED,unknown,0,E_geometry|N_redundancy|N_mobile,0,0.5952424413878374,0.44405503617452485,0.3714285714285714,6.0,351,1,1.46,2,2,False
DDA3937_RS01320,,CONFIDENT_NONESSENTIAL,non-essential,3,E_geometry|N_score|N_redundancy|N_mobile,0,0.2445246191099354,0.8413911593496287,0.0357142857142857,9.0,407,1,0.0,2,2,True
DDA3937_RS01330,,CONFIDENT_NONESSENTIAL,non-essential,2,E_geometry|N_pangenome_strong|N_mobile,0,0.304947054212328,0.7883204035269422,0.0,0.0,75,1,1.55,0,2,False
DDA3937_RS23390,,UNRESOLVED,unknown,0,N_pangenome_some|N_mobile,0,0.319510386631861,0.7958840793424281,0.0,0.0,65,0,1.87,1,2,False
DDA3937_RS01360,,CONFIDENT_NONESSENTIAL,non-essential,3,N_score|N_pangenome_strong|N_mobile,0,0.1428899732051028,0.9149146377837492,0.0,0.0,642,1,2.61,0,2,False
DDA3937_RS01365,,CONFIDENT_NONESSENTIAL,non-essential,3,N_score|N_pangenome_strong|N_mobile,0,0.0925750526369103,0.9522915798287213,0.0,0.0,943,1,0.0,0,2,True
DDA3937_RS01370,,UNRESOLVED,unknown,0,E_cons_core|N_mobile,1,0.9294677598184676,0.07831642459412057,0.76,0.0,99,0,1.71,2,2,False
DDA3937_RS01375,,ROGUE_SUSPECT,unknown,0,N_score|N_mobile|P_rogue,0,0.2436903470488749,0.8264211617102419,0.0285714285714285,0.0,322,0,2.37,2,2,False
DDA3937_RS01380,,ROGUE_SUSPECT,unknown,0,N_score|N_mobile|P_rogue,0,0.2217637930766231,0.8281468579502627,0.0,0.0,296,0,3.65,2,2,False
DDA3937_RS01385,,CONDITIONAL_SUSPECT,unknown,0,N_score|N_mobile|N_long_lagging|P_conditional,0,0.1782111537837122,0.8720744049847836,0.0,3.0,484,0,4.83,2,2,True
DDA3937_RS01390,,ROGUE_SUSPECT,unknown,0,N_score|P_rogue,0,0.2926520022247125,0.7642666200484113,0.0,0.0,81,0,5.67,2,2,False
DDA3937_RS01395,,UNRESOLVED,unknown,0,E_cons_core,1,0.940248068986786,0.05728992619579038,0.9393939393939394,0.0,448,0,6.65,2,2,False
DDA3937_RS01400,,UNRESOLVED,unknown,0,E_cons_core,1,0.9588119389487484,0.038715883723729805,0.9090909090909092,0.0,142,0,7.55,2,2,True
DDA3937_RS01405,,UNRESOLVED,unknown,0,E_cons_core,1,0.8703397354756914,0.1391479348028056,0.6363636363636364,0.0,151,0,8.02,2,2,False
DDA3937_RS01410,,ROGUE_SUSPECT,unknown,0,N_score|P_rogue,0,0.2590108892353975,0.8118343560467424,0.0,0.0,200,0,8.79,2,2,False
DDA3937_RS01415,,ROGUE_SUSPECT,unknown,0,N_score|P_rogue,0,0.2140364164590728,0.8412462745181538,0.0,0.0,334,0,9.65,2,2,False
DDA3937_RS01420,,ROGUE_SUSPECT,unknown,0,N_score|P_rogue,0,0.2534587800371657,0.7921478540477712,0.0526315789473684,0.0,329,0,10.87,2,2,False
DDA3937_RS01425,,ROGUE_SUSPECT,unknown,0,N_score|P_rogue,0,0.1355800564776227,0.9055312259024801,0.0,0.0,649,1,12.5,2,2,False
DDA3937_RS01430,,UNRESOLVED,unknown,0,E_cons_core|E_geometry,1,0.9589028707396188,0.03299303611016409,1.0,0.0,348,1,14.31,2,2,True
DDA3937_RS01435,,UNRESOLVED,unknown,0,E_cons_core|E_geometry,1,0.9290271880266612,0.059034751790638544,0.8857142857142857,0.0,379,1,15.5,2,2,True
DDA3937_RS01440,,UNRESOLVED,unknown,0,E_cons_core|E_geometry,1,0.9344026787375914,0.060308481261819105,0.8148148148148148,0.0,163,1,16.31,2,2,True
DDA3937_RS01445,,UNRESOLVED,unknown,0,E_geometry,0,0.3589448723230814,0.683271018717832,0.1142857142857142,1.0,198,1,16.88,2,2,True
DDA3937_RS01450,,UNRESOLVED,unknown,0,,0,0.4176735625771033,0.6492497986002972,0.2727272727272727,0.0,490,1,17.9,2,2,False
DDA3937_RS01455,,ROGUE_SUSPECT,unknown,0,N_score|P_rogue,0,0.0519679944444052,0.9697696361414846,0.0,0.0,1279,1,20.66,2,2,False
DDA3937_RS01460,,ROGUE_SUSPECT,unknown,0,N_score|P_rogue,0,0.1693290930998842,0.8664608603677899,0.0,0.0,482,1,23.35,2,2,False
DDA3937_RS01465,,UNRESOLVED,unknown,0,E_cons_core|F_core_redundant,1,0.8996222259951953,0.11668586164989933,0.6216216216216216,55.0,315,0,24.63,2,2,True
DDA3937_RS01470,,ROGUE_SUSPECT,unknown,0,E_geometry|P_rogue,0,0.3076508891577973,0.7752171362286738,0.0,0.0,68,1,25.54,2,2,False
DDA3937_RS01475,,CONFIDENT_NONESSENTIAL,non-essential,2,E_geometry|N_score|N_redundancy,0,0.2245154625359505,0.8194890925485667,0.0,4.0,308,1,26.14,2,2,True
DDA3937_RS01480,,ROGUE_SUSPECT,unknown,0,N_score|P_rogue,0,0.1357319044880457,0.902627814232367,0.0,0.0,650,1,27.59,2,2,False
DDA3937_RS01485,,UNRESOLVED,unknown,0,,0,0.5325917845208092,0.5210644079319408,0.25,0.0,167,0,28.82,2,2,False
DDA3937_RS01490,,UNRESOLVED,unknown,0,E_geometry|N_redundancy,0,0.474306207428879,0.5572315789092306,0.2058823529411764,8.0,209,1,29.5,2,2,True
DDA3937_RS01495,,UNRESOLVED,unknown,0,,0,0.3723321869405983,0.692001943857589,0.1111111111111111,0.0,183,0,30.49,2,2,True
DDA3937_RS01500,,ROGUE_SUSPECT,unknown,0,N_score|P_rogue,0,0.2031914104271375,0.8453955198628228,0.0294117647058823,0.0,447,1,31.63,2,2,False
DDA3937_RS01505,,UNRESOLVED,unknown,0,,0,0.3898983269364906,0.6702294349668148,0.1111111111111111,0.0,137,0,32.57,2,2,True
DDA3937_RS01510,,UNRESOLVED,unknown,0,,1,0.7958857477901089,0.23429065028603843,0.4838709677419355,1.0,91,0,33.09,2,2,False
DDA3937_RS01515,,ROGUE_SUSPECT,unknown,0,N_score|P_rogue,0,0.292297322364398,0.7859811818208169,0.0625,0.0,285,0,33.65,2,2,False
DDA3937_RS01520,,UNRESOLVED,unknown,0,E_cons_core,0,0.906981413299398,0.09615532043307966,0.71875,0.0,163,0,34.47,2,2,False
DDA3937_RS01525,,ROGUE_SUSPECT,unknown,0,P_rogue,0,0.3197515589198296,0.8084648061140629,0.0,0.0,96,0,34.95,2,2,False
DDA3937_RS01530,,UNRESOLVED,unknown,0,E_cons_core,0,0.7095878669088537,0.3347139645813688,0.5294117647058824,0.0,478,0,35.84,2,2,False
DDA3937_RS01535,,UNRESOLVED,unknown,0,E_cons_core,1,0.960079921090868,0.03863263904772098,0.945945945945946,0.0,242,0,36.96,2,2,False
DDA3937_RS01540,,CONFIDENT_ESSENTIAL,essential,2,E_score|E_cons_core,1,0.970997618985754,0.027316996444736265,1.0,0.0,193,0,37.63,2,2,True
DDA3937_RS01545,,UNRESOLVED,unknown,0,E_cons_core,1,0.9343949575450105,0.07672894014108056,0.8,0.0,190,0,38.18,2,2,False
DDA3937_RS01550,,UNRESOLVED,unknown,0,E_cons_core,0,0.7883625574170627,0.22971667944896676,0.5172413793103449,0.0,189,0,38.75,2,2,False
DDA3937_RS01555,,UNRESOLVED,unknown,0,E_cons_core,1,0.8963455641767023,0.10311217933610776,0.7575757575757576,0.0,329,0,39.57,2,2,False
DDA3937_RS01560,,ROGUE_SUSPECT,unknown,0,P_rogue,0,0.2969529711795503,0.7809976625193535,0.08,0.0,321,0,40.58,2,2,False
DDA3937_RS01565,,UNRESOLVED,unknown,0,E_cons_core|E_geometry|F_core_redundant,1,0.9631217548853784,0.03214168064188132,0.945945945945946,16.0,270,1,41.74,2,2,True
DDA3937_RS01570,,UNRESOLVED,unknown,0,E_geometry,0,0.4453540358378819,0.601943987981484,0.2121212121212121,0.0,261,1,42.55,2,2,True
DDA3937_RS01575,,ROGUE_SUSPECT,unknown,0,E_geometry|P_rogue,0,0.3248974161299944,0.7602306505600064,0.0666666666666666,0.0,208,1,43.25,2,2,False
DDA3937_RS01580,,ROGUE_SUSPECT,unknown,0,E_geometry|P_rogue,0,0.3478328198044246,0.7284277083585079,0.0967741935483871,0.0,218,1,43.91,2,2,False
DDA3937_RS01585,,UNRESOLVED,unknown,0,E_geometry,0,0.7101651442176227,0.3004228700621929,0.4,0.0,101,1,44.38,2,2,False
DDA3937_RS01590,,UNRESOLVED,unknown,0,E_geometry,0,0.6986664955065481,0.3537576084975467,0.3666666666666666,1.0,85,1,44.79,2,2,False
DDA3937_RS01595,,UNRESOLVED,unknown,0,E_cons_core,1,0.9502125922680996,0.044139593767082416,0.9714285714285714,0.0,421,1,45.61,2,2,False
DDA3937_RS01600,,UNRESOLVED,unknown,0,,0,0.4805959534750094,0.609368366493555,0.2571428571428571,2.0,354,0,46.83,2,2,True
DDA3937_RS01605,,CONDITIONAL_SUSPECT,unknown,0,N_long_lagging|P_conditional,0,0.4372933633356054,0.6540336083525079,0.2571428571428571,2.0,457,0,48.13,2,2,True
DDA3937_RS01615,,UNRESOLVED,unknown,0,E_geometry,0,0.322151314273149,0.7437145409275456,0.1333333333333333,0.0,377,1,50.23,2,2,True
DDA3937_RS01620,,CONFIDENT_NONESSENTIAL,non-essential,1,N_score,0,0.2668457110509813,0.8076968133218928,0.0333333333333333,1.0,296,0,51.3,2,2,True
DDA3937_RS01625,,CONFIDENT_ESSENTIAL,essential,3,E_score|E_cons_core|E_geometry,1,0.9736063329156428,0.025485138668976063,1.0,0.0,143,1,52.43,2,2,True
DDA3937_RS01630,,CONFIDENT_ESSENTIAL,essential,3,E_score|E_cons_core|E_geometry,1,0.9734060390157914,0.02352616966913238,1.0,0.0,131,1,52.86,2,2,True
DDA3937_RS01640,,UNRESOLVED,unknown,0,E_geometry|N_redundancy,0,0.3501534192596727,0.7317708255544838,0.1351351351351351,15.0,418,1,54.59,2,2,True
DDA3937_RS01645,,UNRESOLVED,unknown,0,E_cons_core|E_geometry|F_core_redundant,0,0.870662903167643,0.14255827417578198,0.6333333333333333,8.0,214,1,55.77,2,2,False
DDA3937_RS01650,,UNRESOLVED,unknown,0,E_geometry,0,0.4315708422309027,0.6211369475955411,0.16,0.0,166,1,56.35,2,2,False
DDA3937_RS01655,,CONFIDENT_NONESSENTIAL,non-essential,1,E_geometry|N_pangenome_strong,0,0.4409809593258148,0.680066440689727,0.1363636363636363,0.0,137,1,56.93,0,2,False
DDA3937_RS01660,,ROGUE_SUSPECT,unknown,0,N_score|N_long_lagging|P_rogue|P_conditional,0,0.2341698422392345,0.8359159893629529,0.0625,0.0,473,0,57.92,2,2,True
DDA3937_RS01665,,ROGUE_SUSPECT,unknown,0,N_score|N_long_lagging|P_rogue|P_conditional,0,0.0468607145565774,0.9767640120772944,0.0333333333333333,0.0,1487,0,60.87,2,2,False
DDA3937_RS01670,,ROGUE_SUSPECT,unknown,0,E_geometry|N_score|P_rogue,0,0.225835411745705,0.8276134445225876,0.0,0.0,310,1,64.28,2,2,False
DDA3937_RS01680,,ROGUE_SUSPECT,unknown,0,E_geometry|N_score|P_rogue,0,0.2702262879411509,0.8256389796292148,0.0,0.0,218,1,67.75,2,2,False
DDA3937_RS01685,,ROGUE_SUSPECT,unknown,0,E_geometry|N_score|P_rogue,0,0.2786977089400735,0.7943349864625081,0.032258064516129,0.0,250,1,68.44,2,2,False
DDA3937_RS01690,,ROGUE_SUSPECT,unknown,0,N_score|P_rogue,0,0.1961885489594217,0.8654773202710374,0.0,0.0,434,1,67.43,2,2,False
DDA3937_RS01695,,UNRESOLVED,unknown,0,,0,0.4171717931701057,0.6664681266996902,0.1428571428571428,0.0,192,0,66.4,2,2,True
DDA3937_RS01700,,UNRESOLVED,unknown,0,E_cons_core,1,0.8541809199271819,0.16402672709907865,0.6071428571428571,1.0,197,0,65.8,2,2,False
DDA3937_RS01705,,ROGUE_SUSPECT,unknown,0,P_rogue,0,0.3512039101948733,0.716950137625326,0.0588235294117647,0.0,119,0,65.29,2,2,False
DDA3937_RS01710,,UNRESOLVED,unknown,0,,0,0.4415162996549026,0.6337452049512168,0.3529411764705882,0.0,684,0,64.09,2,2,False
DDA3937_RS01715,,ROGUE_SUSPECT,unknown,0,E_geometry|P_rogue,0,0.3082066243528174,0.7525110992573857,0.0857142857142857,0.0,290,1,62.57,2,2,False
DDA3937_RS01720,,UNRESOLVED,unknown,0,E_geometry,1,0.7375860849988557,0.3588821522324302,0.4594594594594595,1.0,270,1,61.05,2,2,False
DDA3937_RS01725,,ROGUE_SUSPECT,unknown,0,E_geometry|N_score|P_rogue,0,0.237302439666446,0.8117191938944257,0.0,0.0,263,1,60.07,2,2,False
DDA3937_RS01730,,ROGUE_SUSPECT,unknown,0,N_score|P_rogue,0,0.2131688957233476,0.8592231560374795,0.0,0.0,387,0,58.97,2,2,False
DDA3937_RS01735,,ROGUE_SUSPECT,unknown,0,N_score|P_rogue,0,0.2475407944431104,0.8167663524395881,0.0,0.0,254,0,58.0,2,2,False
DDA3937_RS01740,,CONDITIONAL_SUSPECT,unknown,0,N_redundancy|N_long_lagging|P_conditional,0,0.4095847158087017,0.6751378994691007,0.2285714285714285,6.0,471,0,56.72,2,2,True
DDA3937_RS01745,,CONFIDENT_NONESSENTIAL,non-essential,1,E_geometry|N_score,0,0.2619926040238063,0.7975959093867233,0.0,3.0,212,1,55.29,2,2,True
DDA3937_RS01750,,ROGUE_SUSPECT,unknown,0,E_geometry|N_score|P_rogue,0,0.291085141463422,0.8007411770648589,0.0,0.0,141,1,54.76,2,2,False
DDA3937_RS01755,,UNRESOLVED,unknown,0,E_geometry,0,0.667338829293311,0.3615467009150847,0.4137931034482758,1.0,276,1,53.93,2,2,False
DDA3937_RS01760,,CONFIDENT_NONESSENTIAL,non-essential,1,E_geometry|N_score,0,0.2603092749183681,0.7907476301348321,0.0,1.0,194,1,53.23,2,2,False
DDA3937_RS01765,,UNRESOLVED,unknown,0,E_cons_core,1,0.9374519684315136,0.05422059982545036,1.0,0.0,632,1,51.8,2,2,False
DDA3937_RS01770,,UNRESOLVED,unknown,0,E_cons_core|E_geometry|F_core_redundant,1,0.8989804088630964,0.10398201240609488,0.6216216216216216,55.0,299,1,50.4,2,2,True
DDA3937_RS01775,,ROGUE_SUSPECT,unknown,0,N_score|P_rogue,0,0.266655509587575,0.8024951795958861,0.0,0.0,194,0,49.61,2,2,False
DDA3937_RS01780,,UNRESOLVED,unknown,0,E_cons_core,1,0.9231819938017046,0.06799497237355798,1.0,0.0,759,1,47.9,2,2,False
DDA3937_RS01785,,UNRESOLVED,unknown,0,E_cons_core|E_geometry,1,0.8136087421088319,0.19924980655189672,0.5757575757575758,0.0,246,1,46.15,2,2,False
DDA3937_RS01790,,CONFIDENT_NONESSENTIAL,non-essential,1,N_score,0,0.2359741809950599,0.8089685308686243,0.08,1.0,473,1,44.99,2,2,False
DDA3937_RS01795,,UNRESOLVED,unknown,0,N_redundancy,0,0.3141174541113503,0.7694687829550994,0.0625,8.0,282,0,43.8,2,2,True
DDA3937_RS01800,,UNRESOLVED,unknown,0,N_redundancy,0,0.2979023724433972,0.771375781549039,0.0909090909090909,8.0,388,0,42.6,2,2,True
DDA3937_RS01805,,UNRESOLVED,unknown,0,E_geometry|N_redundancy,0,0.3854687320667458,0.677974223127504,0.1515151515151515,8.0,304,1,41.1,2,2,True
DDA3937_RS01810,,UNRESOLVED,unknown,0,,0,0.4759510968079127,0.6050055179494574,0.2068965517241379,2.0,220,0,40.22,2,2,True
DDA3937_RS01815,,ROGUE_SUSPECT,unknown,0,N_score|P_rogue,0,0.2029078302201433,0.8578809989328845,0.0,0.0,398,0,39.11,2,2,True
DDA3937_RS01820,,UNRESOLVED,unknown,0,E_cons_core|E_geometry,1,0.9452678864048244,0.0437041685007187,0.9142857142857144,2.0,313,1,37.78,2,2,True
DDA3937_RS01825,,UNRESOLVED,unknown,0,E_cons_core|E_geometry,1,0.9596580115403331,0.033682923580509234,0.9142857142857144,2.0,140,1,37.1,2,2,True
DDA3937_RS01830,,CONFIDENT_NONESSENTIAL,non-essential,1,N_pangenome_strong,0,0.5365715836275371,0.5919186959235837,0.25,0.0,217,0,36.43,0,2,False
DDA3937_RS01835,,UNRESOLVED,unknown,0,N_redundancy,0,0.6303471799600049,0.4242567875916418,0.3666666666666666,14.0,340,0,35.47,2,2,False
DDA3937_RS01840,,ROGUE_SUSPECT,unknown,0,N_score|N_long_lagging|P_rogue|P_conditional,0,0.1818994703423049,0.8729017696344699,0.0,0.0,471,0,34.2,2,2,False
DDA3937_RS01845,,ROGUE_SUSPECT,unknown,0,N_score|N_long_lagging|P_rogue|P_conditional,0,0.1849060640357911,0.8695305702577076,0.0,0.0,457,0,32.81,2,2,False
DDA3937_RS01850,,CONDITIONAL_SUSPECT,unknown,0,N_score|N_long_lagging|P_conditional,0,0.1685610262342599,0.8887840171917087,0.0,1.0,539,0,31.24,2,2,False
DDA3937_RS01855,,UNRESOLVED,unknown,0,,0,0.606028216738066,0.4160813246137933,0.3714285714285714,2.0,308,0,29.77,2,2,False
DDA3937_RS01860,,ROGUE_SUSPECT,unknown,0,N_score|P_rogue,0,0.1698795792749099,0.8793678515736841,0.0,0.0,503,1,27.76,2,2,False
DDA3937_RS01865,,ROGUE_SUSPECT,unknown,0,E_geometry|N_score|P_rogue,0,0.2745926086682524,0.7957701955919619,0.0,0.0,151,1,26.4,2,2,False
DDA3937_RS01870,,UNRESOLVED,unknown,0,,0,0.4434254237601051,0.6203770379401798,0.1666666666666666,0.0,155,0,25.83,2,2,False
DDA3937_RS01875,,CONDITIONAL_SUSPECT,unknown,0,N_score|N_long_lagging|P_conditional,0,0.2116099910654058,0.8557763771914298,0.1304347826086956,0.0,713,0,24.43,2,2,False
DDA3937_RS01880,,ROGUE_SUSPECT,unknown,0,E_geometry|N_score|P_rogue,0,0.2111668589002414,0.8140712611178847,0.0,0.0,303,1,22.51,2,2,False
DDA3937_RS01885,,CONFIDENT_NONESSENTIAL,non-essential,2,N_score|N_redundancy,0,0.2321150936622687,0.8171378061213238,0.0606060606060606,15.0,514,1,21.21,2,2,True
DDA3937_RS01890,,ROGUE_SUSPECT,unknown,0,E_geometry|N_score|P_rogue,0,0.2729543077818732,0.7726705726115282,0.0714285714285714,0.0,315,1,19.88,2,2,True
DDA3937_RS01895,,ROGUE_SUSPECT,unknown,0,E_geometry|N_score|P_rogue,0,0.283842723158583,0.7513625206689893,0.0714285714285714,0.0,272,1,18.97,2,2,True
DDA3937_RS01900,,UNRESOLVED,unknown,0,N_redundancy,0,0.3634777325204903,0.6847349035330905,0.2162162162162162,13.0,536,1,17.77,2,2,True
DDA3937_RS01905,,CONFIDENT_NONESSENTIAL,non-essential,2,N_score|N_pangenome_some,0,0.1618604344504989,0.9030550981657234,0.0,0.0,564,1,15.61,1,2,True
DDA3937_RS01910,,UNRESOLVED,unknown,0,E_cons_core,0,0.9274441678305644,0.07899264386435019,0.8823529411764706,2.0,447,1,13.99,2,2,False
DDA3937_RS01915,,UNRESOLVED,unknown,0,E_cons_core,0,0.8372351002735645,0.16892160394468897,0.5714285714285714,1.0,129,0,11.61,2,2,False
DDA3937_RS01920,,UNRESOLVED,unknown,0,E_cons_core,0,0.852858780921056,0.1706800262848376,0.6,0.0,155,0,11.07,2,2,False
DDA3937_RS01925,,UNRESOLVED,unknown,0,E_cons_core,0,0.8421711035151307,0.16805801654505412,0.6486486486486487,0.0,312,0,10.36,2,2,False
DDA3937_RS01930,,CONFIDENT_NONESSENTIAL,non-essential,1,E_geometry|N_score,0,0.2677880185884089,0.7912715351830089,0.0,1.0,156,1,9.24,2,2,False
DDA3937_RS01935,,CONFIDENT_NONESSENTIAL,non-essential,1,N_score,0,0.1799994235332956,0.8763674915349207,0.0,3.0,479,1,8.07,2,2,True
DDA3937_RS01940,,UNRESOLVED,unknown,0,,0,0.5998573317130028,0.4527159784158086,0.3783783783783784,0.0,339,0,6.75,2,2,False
DDA3937_RS01945,,UNRESOLVED,unknown,0,E_geometry,0,0.478694047793504,0.5840448199731046,0.2,0.0,143,1,5.86,2,2,False
DDA3937_RS01950,,ROGUE_SUSPECT,unknown,0,N_score|P_rogue,0,0.2626525561360737,0.7939425755126045,0.0,0.0,168,0,5.32,2,2,False
DDA3937_RS01955,,UNRESOLVED,unknown,0,E_geometry|N_mobile,0,0.4194364988885589,0.5894114744072954,0.1818181818181818,1.0,196,1,4.45,2,2,True
DDA3937_RS01960,,CONFIDENT_NONESSENTIAL,non-essential,2,E_geometry|N_score|N_mobile,0,0.2558837923432045,0.7769746809911952,0.0,1.0,161,1,3.88,2,2,False
DDA3937_RS01965,,ROGUE_SUSPECT,unknown,0,E_geometry|N_score|N_mobile|P_rogue,0,0.2404148424534117,0.831013802114197,0.04,0.0,356,1,2.82,2,2,True
DDA3937_RS01970,,CONFIDENT_NONESSENTIAL,non-essential,3,N_score|N_pangenome_some|N_mobile,0,0.1567123401288507,0.8874075480263013,0.0,0.0,540,1,1.33,1,2,False
DDA3937_RS01985,,UNRESOLVED,unknown,0,E_cons_core|N_mobile,1,0.8965596638000478,0.1043999914380304,1.0,0.0,953,0,1.81,2,2,False
DDA3937_RS01990,,UNRESOLVED,unknown,0,N_mobile,1,0.7157629808298641,0.28562648061286794,0.4333333333333333,0.0,150,0,3.48,2,2,False
DDA3937_RS01995,,ROGUE_SUSPECT,unknown,0,N_score|N_mobile|N_long_lagging|P_rogue|P_conditional,0,0.2339049296034138,0.8232978415578859,0.0909090909090909,0.0,503,0,4.53,2,2,False
DDA3937_RS02000,,UNRESOLVED,unknown,0,E_cons_core|E_geometry|N_mobile,1,0.9568244997978728,0.034249416685727466,1.0,1.0,373,1,2.93,2,2,True
DDA3937_RS02005,,UNRESOLVED,unknown,0,E_cons_core|E_geometry|N_mobile,1,0.958277152947822,0.033941608625176034,1.0,1.0,357,1,1.83,2,2,True
DDA3937_RS02015,,CONFIDENT_NONESSENTIAL,non-essential,3,N_score|N_redundancy|N_mobile,0,0.2352842034180431,0.8393199398323503,0.0357142857142857,9.0,421,1,0.0,2,2,True
DDA3937_RS02020,,CONFIDENT_NONESSENTIAL,non-essential,4,N_score|N_pangenome_strong|N_mobile|N_long_lagging,0,0.1226183277702699,0.9579305320904553,0.0,0.0,853,0,2.14,0,2,True
DDA3937_RS02025,,CONFIDENT_NONESSENTIAL,non-essential,3,N_score|N_pangenome_strong|N_mobile,0,0.2406358466489793,0.8892819086623382,0.0,0.0,347,0,2.46,0,2,True
DDA3937_RS02030,,ROGUE_SUSPECT,unknown,0,E_geometry|N_score|N_mobile|P_rogue,0,0.2136180513108628,0.8213753431852993,0.0,0.0,294,1,0.0,2,2,False
DDA3937_RS02035,,UNRESOLVED,unknown,0,E_geometry|N_mobile,0,0.6250139851292432,0.41974413701256763,0.3,2.0,67,1,0.54,2,2,False
DDA3937_RS02050,,ROGUE_SUSPECT,unknown,0,N_mobile|P_rogue,0,0.2951379198259088,0.7795974486594228,0.0,0.0,89,0,3.58,2,2,False
DDA3937_RS02055,,UNRESOLVED,unknown,0,N_pangenome_some|N_mobile,0,0.3058632098969757,0.8333340728482235,0.0,0.0,134,0,4.36,1,2,False
DDA3937_RS02060,,CONFIDENT_NONESSENTIAL,non-essential,2,N_score|N_mobile,0,0.2805178068816746,0.8118757233463437,0.0,1.0,160,0,4.83,2,2,True
DDA3937_RS02065,,UNRESOLVED,unknown,0,E_cons_core,1,0.8149511262276509,0.2483285712913196,0.5,2.0,91,0,5.2,2,2,False
DDA3937_RS02070,,CONFIDENT_NONESSENTIAL,non-essential,2,N_score|N_pangenome_strong,0,0.2555628943564927,0.8403790180987938,0.0,0.0,240,0,6.25,0,2,False
DDA3937_RS02075,,CONFIDENT_NONESSENTIAL,non-essential,1,N_pangenome_strong,0,0.3058939845653839,0.7931558781789607,0.0,0.0,86,0,6.75,0,2,False
DDA3937_RS02080,,ROGUE_SUSPECT,unknown,0,N_score|P_rogue,1,0.2785984282486833,0.7712059478854371,0.0,0.0,113,0,7.5,2,2,False
DDA3937_RS02085,,ROGUE_SUSPECT,unknown,0,E_geometry|N_score|P_rogue,0,0.2312819836355103,0.8281775737366557,0.0,0.0,268,1,8.54,2,2,False
DDA3937_RS02090,,UNRESOLVED,unknown,0,E_cons_core|F_core_redundant,0,0.8296271798221437,0.21143801743719146,0.5428571428571428,7.0,161,0,9.38,2,2,False
DDA3937_RS02100,,CONFIDENT_NONESSENTIAL,non-essential,2,E_geometry|N_score|N_pangenome_strong,0,0.2827836830414892,0.8085159542228749,0.0,0.0,141,1,10.37,0,2,False
DDA3937_RS02110,,UNRESOLVED,unknown,0,E_geometry|N_redundancy,0,0.479229979271314,0.582429736297898,0.2058823529411764,8.0,209,1,11.83,2,2,True
DDA3937_RS02115,,ROGUE_SUSPECT,unknown,0,N_score|P_rogue,0,0.2830317505048405,0.7808238942380373,0.0344827586206896,0.0,209,0,12.53,2,2,True
DDA3937_RS02120,,CONFIDENT_NONESSENTIAL,non-essential,2,N_score|N_pangenome_some,0,0.2422684333749349,0.8316101293404543,0.0,0.0,259,0,13.41,1,2,False
DDA3937_RS02125,,CONFIDENT_NONESSENTIAL,non-essential,2,N_score|N_redundancy,0,0.2273963163325877,0.8062986833417725,0.0588235294117647,6.0,446,1,14.73,2,2,True
DDA3937_RS02130,,CONDITIONAL_SUSPECT,unknown,0,N_score|N_redundancy|N_long_lagging|P_conditional,0,0.2033143929249815,0.8534593850621681,0.0303030303030303,6.0,495,0,16.11,2,2,True
DDA3937_RS02135,,CONFIDENT_NONESSENTIAL,non-essential,1,E_geometry|N_pangenome_strong,0,0.3630874894736431,0.6895149744678148,0.1,0.0,150,1,17.18,0,2,False
DDA3937_RS02140,,CONFIDENT_NONESSENTIAL,non-essential,1,E_geometry|N_pangenome_strong,0,0.6615823704512904,0.368286168418146,0.3684210526315789,0.0,144,1,17.62,0,2,True
DDA3937_RS02145,,CONFIDENT_NONESSENTIAL,non-essential,2,N_score|N_pangenome_some,0,0.2637320221525515,0.8238112255017869,0.0,0.0,208,0,18.48,1,2,False
DDA3937_RS02150,,CONFIDENT_NONESSENTIAL,non-essential,2,N_score|N_pangenome_some,0,0.2141334306498213,0.8707796449191905,0.0,1.0,387,0,19.37,1,2,False
DDA3937_RS02155,,UNRESOLVED,unknown,0,N_redundancy,0,0.451793753299036,0.6202241976574576,0.2,6.0,264,0,20.47,2,2,True
DDA3937_RS02160,,UNRESOLVED,unknown,0,E_geometry,0,0.667248720404311,0.326364698368279,0.4285714285714285,1.0,268,1,21.61,2,2,False
DDA3937_RS02165,,UNRESOLVED,unknown,0,E_geometry,0,0.630911384966569,0.3925733836503321,0.4,1.0,307,1,22.47,2,2,False
DDA3937_RS02170,,CONFIDENT_ESSENTIAL,essential,3,E_score|E_cons_core|E_geometry|F_core_redundant,1,0.969667408959186,0.02239136549384545,1.0,18.0,268,1,23.35,2,2,True
DDA3937_RS02175,,UNRESOLVED,unknown,0,E_geometry|N_redundancy,0,0.4583676914755704,0.5967403138708568,0.2307692307692307,6.0,312,1,24.31,2,2,True
DDA3937_RS02180,,ROGUE_SUSPECT,unknown,0,E_geometry|N_score|P_rogue,0,0.2389116170652419,0.7870032788311699,0.0,0.0,211,1,25.14,2,2,False
DDA3937_RS02185,,ROGUE_SUSPECT,unknown,0,N_score|P_rogue,0,0.1607124470475453,0.8755968140177836,0.0,0.0,520,1,26.28,2,2,False
DDA3937_RS02190,,UNRESOLVED,unknown,0,E_geometry|N_redundancy,0,0.4706624899228275,0.5639554330054974,0.2608695652173913,7.0,356,1,27.61,2,2,True
DDA3937_RS02195,,ROGUE_SUSPECT,unknown,0,N_score|P_rogue,0,0.1562229896955526,0.8567149943271004,0.0,0.0,504,1,28.9,2,2,False
DDA3937_RS02200,,CONFIDENT_ESSENTIAL,essential,3,E_score|E_cons_core|E_geometry|F_core_redundant,1,0.9704337498671456,0.022949360220048946,1.0,18.0,266,1,30.06,2,2,True
DDA3937_RS02205,,ROGUE_SUSPECT,unknown,0,N_score|P_rogue,0,0.2746144352077988,0.8438598203594557,0.0,0.0,220,0,30.89,2,2,False
DDA3937_RS02210,,ROGUE_SUSPECT,unknown,0,N_score|P_rogue,0,0.2822959152990597,0.8426162366062699,0.0,0.0,204,0,31.6,2,2,False
DDA3937_RS02215,,ROGUE_SUSPECT,unknown,0,N_score|P_rogue,0,0.2827149873780781,0.8400391444976987,0.0,0.0,200,0,32.32,2,2,False
DDA3937_RS02220,,ROGUE_SUSPECT,unknown,0,N_score|P_rogue,0,0.2845512176577587,0.8506947603874448,0.0,0.0,212,0,33.01,2,2,False
DDA3937_RS02225,,CONFIDENT_NONESSENTIAL,non-essential,2,N_score|N_redundancy,0,0.2394807229639824,0.8230732245733501,0.0606060606060606,15.0,511,1,33.28,2,2,True
DDA3937_RS02230,,UNRESOLVED,unknown,0,E_geometry|N_redundancy,0,0.3824101919675069,0.6519099812189255,0.15625,10.0,306,1,32.01,2,2,True
DDA3937_RS02235,,CONFIDENT_NONESSENTIAL,non-essential,2,E_geometry|N_score|N_redundancy,0,0.2872632698657691,0.739784035418039,0.0689655172413793,9.0,309,1,31.07,2,2,True
DDA3937_RS02240,,UNRESOLVED,unknown,0,E_geometry|N_redundancy,1,0.363491698061556,0.6547637625376685,0.1724137931034483,5.0,350,1,30.06,2,2,False
DDA3937_RS02245,,UNRESOLVED,unknown,0,E_geometry|N_redundancy,0,0.3538365457256163,0.6716876402579447,0.1379310344827586,5.0,288,1,29.11,2,2,True
DDA3937_RS02250,,CONFIDENT_NONESSENTIAL,non-essential,1,N_score,0,0.2891719507447184,0.7373491967530378,0.15,2.0,473,1,27.93,2,2,True
DDA3937_RS02255,,UNRESOLVED,unknown,0,E_cons_core|E_geometry|F_core_redundant,1,0.8947644793193877,0.10857897524519144,0.6216216216216216,55.0,311,1,26.37,2,2,True
DDA3937_RS02260,,UNRESOLVED,unknown,0,E_geometry,0,0.3120137078137107,0.7320790288302751,0.1176470588235294,2.0,339,1,25.16,2,2,True
DDA3937_RS02265,,CONFIDENT_NONESSENTIAL,non-essential,2,E_geometry|N_score|N_pangenome_some,0,0.2193956046702739,0.8711287202682314,0.0,0.0,364,1,23.52,1,2,False
DDA3937_RS02275,,UNRESOLVED,unknown,0,E_cons_core|F_core_redundant,0,0.8240830927845656,0.19922066404074898,0.5428571428571428,7.0,168,0,22.03,2,2,False
DDA3937_RS02280,,ROGUE_SUSPECT,unknown,0,N_score|P_rogue,0,0.264988507257999,0.7994392947006898,0.0,0.0,177,0,21.32,2,2,False
DDA3937_RS02285,,ROGUE_SUSPECT,unknown,0,N_score|P_rogue,0,0.198515250639894,0.8669907578170131,0.0,0.0,411,0,20.06,2,2,False
DDA3937_RS02290,,ROGUE_SUSPECT,unknown,0,E_geometry|N_score|P_rogue,0,0.2350113349217836,0.8058503859145537,0.0,0.0,237,1,18.67,2,2,False
DDA3937_RS02295,,ROGUE_SUSPECT,unknown,0,E_geometry|N_score|P_rogue,0,0.2264220402153252,0.817376700671369,0.0,0.0,269,1,17.79,2,2,False
DDA3937_RS02300,,CONDITIONAL_SUSPECT,unknown,0,N_redundancy|N_long_lagging|P_conditional,0,0.4243217945826691,0.6660687626704366,0.25,15.0,530,0,16.51,2,2,True
DDA3937_RS02305,,UNRESOLVED,unknown,0,,0,0.4376844038072438,0.6349663799635079,0.1428571428571428,0.0,105,0,15.0,2,2,False
DDA3937_RS02310,,ROGUE_SUSPECT,unknown,0,N_score|P_rogue,0,0.2268864101946371,0.821941891104564,0.0,0.0,279,0,14.15,2,2,False
DDA3937_RS02315,,CONDITIONAL_SUSPECT,unknown,0,N_long_lagging|P_conditional,0,0.4178168883260584,0.634275656760852,0.25,0.0,419,0,13.09,2,2,False
DDA3937_RS02320,,UNRESOLVED,unknown,0,,0,0.4714086334873429,0.5491293515780806,0.3333333333333333,0.0,491,0,11.72,2,2,False
DDA3937_RS02325,,UNRESOLVED,unknown,0,E_geometry|N_redundancy,0,0.3829702642252586,0.664995529455071,0.1515151515151515,8.0,279,1,10.19,2,2,True
DDA3937_RS02330,,UNRESOLVED,unknown,0,E_geometry|N_redundancy,0,0.379417687986673,0.6658548420033656,0.1515151515151515,8.0,285,1,9.31,2,2,True
DDA3937_RS02335,,UNRESOLVED,unknown,0,,0,0.3146734970048989,0.8121947023275161,0.0,1.0,99,0,8.71,2,2,False
DDA3937_RS02340,,UNRESOLVED,unknown,0,,0,0.3255095645341628,0.8204669944640275,0.0,1.0,90,0,8.38,2,2,False
DDA3937_RS02350,,CONDITIONAL_SUSPECT,unknown,0,N_redundancy|N_long_lagging|P_conditional,0,0.3524069130192512,0.6994460318365625,0.2162162162162162,13.0,567,0,6.5,2,2,True
DDA3937_RS02355,,ROGUE_SUSPECT,unknown,0,N_score|P_rogue,0,0.2173118362609179,0.8094819217932235,0.0,0.0,280,0,5.23,2,2,False
DDA3937_RS02360,,ROGUE_SUSPECT,unknown,0,N_score|N_mobile|P_rogue,0,0.2094261609041473,0.8290959374557854,0.0,0.0,322,0,4.25,2,2,False
DDA3937_RS02365,,CONDITIONAL_SUSPECT,unknown,0,N_score|N_mobile|N_long_lagging|P_conditional,0,0.1621510623731659,0.8903383877724664,0.0,1.0,543,0,2.98,2,2,False
DDA3937_RS02370,,ROGUE_SUSPECT,unknown,0,N_score|N_mobile|P_rogue,0,0.2662099527757244,0.8137799561559133,0.0,0.0,181,0,1.7,2,2,False
DDA3937_RS02385,,UNRESOLVED,unknown,0,E_cons_core|N_mobile,1,0.9413464992704552,0.04718171618328203,0.9375,2.0,404,0,2.02,2,2,True
DDA3937_RS02390,,UNRESOLVED,unknown,0,E_cons_core|N_mobile,1,0.9415554840258058,0.04477365169378379,0.9375,2.0,393,0,3.24,2,2,True
DDA3937_RS02395,,CONDITIONAL_SUSPECT,unknown,0,N_score|N_mobile|N_long_lagging|P_conditional,0,0.281122552323731,0.7741078648389556,0.1212121212121212,2.0,443,0,4.49,2,2,False
DDA3937_RS02400,,ROGUE_SUSPECT,unknown,0,N_score|P_rogue,0,0.2555123124377148,0.8062200584328013,0.0,0.0,195,0,5.49,2,2,False
DDA3937_RS02405,,UNRESOLVED,unknown,0,E_geometry,1,0.4008658141546644,0.6596663203346865,0.12,0.0,110,1,6.27,2,2,False
DDA3937_RS02410,,ROGUE_SUSPECT,unknown,0,E_geometry|N_score|P_rogue,0,0.2395853384898099,0.7921488617152675,0.0,0.0,205,1,7.07,2,2,False
DDA3937_RS02415,,ROGUE_SUSPECT,unknown,0,N_score|N_long_lagging|P_rogue|P_conditional,0,0.1940123133061818,0.8693840756166504,0.0,0.0,419,0,8.02,2,2,False
DDA3937_RS02420,,ROGUE_SUSPECT,unknown,0,N_score|N_long_lagging|P_rogue|P_conditional,0,0.1962134114429961,0.8510888483517332,0.0285714285714285,0.0,462,0,9.4,2,2,False
DDA3937_RS02425,,ROGUE_SUSPECT,unknown,0,N_score|P_rogue,0,0.2141584625900197,0.8378656657934561,0.0,0.0,326,0,10.67,2,2,False
DDA3937_RS02430,,ROGUE_SUSPECT,unknown,0,E_geometry|N_score|P_rogue,0,0.2356301391659981,0.8020318581839543,0.0,0.0,227,1,11.63,2,2,False
DDA3937_RS02435,,UNRESOLVED,unknown,0,N_pangenome_some,0,0.3636153029012987,0.6805976447979603,0.1428571428571428,0.0,259,0,12.37,1,2,False
DDA3937_RS02445,,UNRESOLVED,unknown,0,,0,0.4290949138673147,0.6274210729437671,0.303030303030303,0.0,530,1,15.01,2,2,True
DDA3937_RS02450,,ROGUE_SUSPECT,unknown,0,E_geometry|N_score|P_rogue,0,0.2461795798680023,0.8117858001181483,0.0,0.0,219,1,16.47,2,2,False
DDA3937_RS21810,,CONFIDENT_NONESSENTIAL,non-essential,1,E_geometry|N_pangenome_strong,0,0.7103488760091194,0.3139013604595417,0.3846153846153846,0.0,54,1,17.04,0,2,False
DDA3937_RS02455,,ROGUE_SUSPECT,unknown,0,E_geometry|P_rogue,0,0.3013154876100799,0.7669736228025226,0.0,0.0,63,1,17.31,2,2,False
DDA3937_RS02460,,CONFIDENT_NONESSENTIAL,non-essential,1,E_geometry|N_score,0,0.243918948306643,0.7879249279147528,0.027027027027027,2.0,281,1,17.9,2,2,True
DDA3937_RS02465,,UNRESOLVED,unknown,0,E_cons_core|E_geometry,0,0.930781900775804,0.06281103106899559,0.8333333333333334,0.0,240,1,18.96,2,2,False
DDA3937_RS02470,,CONFIDENT_ESSENTIAL,essential,3,E_score|E_cons_core|E_geometry|F_core_redundant,1,0.9698645778701876,0.021523187851001276,1.0,18.0,255,1,19.75,2,2,True
DDA3937_RS02475,,UNRESOLVED,unknown,0,N_redundancy,0,0.3921359024787852,0.6628906198452397,0.25,15.0,573,1,21.35,2,2,True
DDA3937_RS02485,,ROGUE_SUSPECT,unknown,0,E_geometry|N_score|P_rogue,0,0.2463073262977905,0.799366673180334,0.0,0.0,208,1,24.23,2,2,False
DDA3937_RS02490,,CONFIDENT_NONESSENTIAL,non-essential,1,E_geometry|N_score,0,0.2875568014315373,0.7392090374054895,0.1153846153846153,3.0,390,1,25.6,2,2,True
DDA3937_RS02495,,ROGUE_SUSPECT,unknown,0,P_rogue,1,0.3019559652297852,0.773934956584656,0.0,0.0,81,0,26.33,2,2,False
DDA3937_RS02500,,UNRESOLVED,unknown,0,E_cons_core|E_geometry|F_core_redundant,0,0.767100585804712,0.21645371764741111,0.5142857142857142,12.0,272,1,27.11,2,2,False
DDA3937_RS02505,,CONFIDENT_NONESSENTIAL,non-essential,2,E_geometry|N_score|N_redundancy,0,0.2744861171608362,0.7653446729510589,0.0625,5.0,314,1,28.04,2,2,True
DDA3937_RS02510,,UNRESOLVED,unknown,0,E_geometry|N_redundancy,1,0.3772051097494484,0.6347100913642539,0.1764705882352941,7.0,333,1,29.0,2,2,True
DDA3937_RS02515,,UNRESOLVED,unknown,0,E_geometry,1,0.3973093253319717,0.6762537298295936,0.1351351351351351,1.0,188,1,29.89,2,2,True
DDA3937_RS02520,,ROGUE_SUSPECT,unknown,0,N_score|P_rogue,0,0.1871529245944723,0.8624564526865597,0.0344827586206896,0.0,521,1,31.03,2,2,False
DDA3937_RS02525,,ROGUE_SUSPECT,unknown,0,N_score|P_rogue,0,0.2336482772074941,0.8248917300657527,0.0,0.0,277,0,32.37,2,2,False
DDA3937_RS02530,,ROGUE_SUSPECT,unknown,0,E_geometry|N_score|P_rogue,0,0.2429329980888331,0.8056617849548894,0.0,0.0,227,1,33.36,2,2,False
DDA3937_RS02535,,UNRESOLVED,unknown,0,,0,0.5419589333708877,0.4663866320451754,0.25,0.0,111,0,33.85,2,2,False
DDA3937_RS02540,,UNRESOLVED,unknown,0,,1,0.3679764452663025,0.6851154625204345,0.1052631578947368,0.0,167,0,34.26,2,2,False
DDA3937_RS02545,,CONDITIONAL_SUSPECT,unknown,0,N_score|N_long_lagging|P_conditional,0,0.2745512685674403,0.7763270894915535,0.2432432432432432,1.0,790,0,32.57,2,2,True
DDA3937_RS02550,,UNRESOLVED,unknown,0,E_geometry,0,0.4758390902323596,0.5792041012952881,0.1935483870967742,1.0,144,1,31.1,2,2,False
DDA3937_RS02555,,UNRESOLVED,unknown,0,N_redundancy,0,0.6218191626685693,0.41416727692119304,0.3666666666666666,14.0,341,0,30.36,2,2,False
DDA3937_RS02560,,UNRESOLVED,unknown,0,E_geometry|N_redundancy,0,0.297584235029089,0.7591388296323935,0.1111111111111111,6.0,400,1,28.96,2,2,True
DDA3937_RS02565,,CONFIDENT_NONESSENTIAL,non-essential,1,N_score,0,0.2297335525219529,0.8675127654158884,0.0476190476190476,1.0,469,1,27.26,2,2,True
DDA3937_RS02570,,ROGUE_SUSPECT,unknown,0,N_score|P_rogue,0,0.1994939604047264,0.8821045058032416,0.0,0.0,429,1,25.93,2,2,False
DDA3937_RS02575,,UNRESOLVED,unknown,0,E_geometry,0,0.373359852152227,0.7130284323448147,0.1111111111111111,0.0,186,1,25.0,2,2,True
DDA3937_RS02580,,CONFIDENT_NONESSENTIAL,non-essential,1,N_score,0,0.1823551749611651,0.8841216631247188,0.0869565217391304,1.0,711,1,23.65,2,2,True
DDA3937_RS02585,,ROGUE_SUSPECT,unknown,0,E_geometry|N_score|P_rogue,0,0.2047995819932756,0.876215873869212,0.0,0.0,404,1,21.97,2,2,False
DDA3937_RS02590,,ROGUE_SUSPECT,unknown,0,N_score|P_rogue,0,0.1904262426464707,0.8890768719946728,0.0,0.0,461,1,20.68,2,2,False
DDA3937_RS02595,,ROGUE_SUSPECT,unknown,0,E_geometry|N_score|P_rogue,0,0.222422141342108,0.8558857840608382,0.0,0.0,330,1,19.5,2,2,False
DDA3937_RS02600,,UNRESOLVED,unknown,0,E_geometry,0,0.4932875861871001,0.6262025470499096,0.2857142857142857,3.0,404,1,18.39,2,2,False
DDA3937_RS02605,,UNRESOLVED,unknown,0,E_geometry,0,0.5074392029405137,0.6138504797118634,0.2857142857142857,3.0,372,1,17.22,2,2,False
DDA3937_RS02610,,ROGUE_SUSPECT,unknown,0,E_geometry|N_score|P_rogue,0,0.2835155391039138,0.8042737326901982,0.0,0.0,136,1,16.45,2,2,False
DDA3937_RS02615,,ROGUE_SUSPECT,unknown,0,N_score|P_rogue,0,0.1821506908418884,0.8813578043443379,0.0,0.0,465,1,15.51,2,2,False
DDA3937_RS02620,,UNRESOLVED,unknown,0,E_geometry,0,0.4183400268890201,0.6839028915697725,0.1428571428571428,0.0,167,1,14.53,2,2,False
DDA3937_RS02625,,UNRESOLVED,unknown,0,E_cons_core|E_geometry,1,0.79855054416625,0.22057654516310735,0.5,2.0,98,1,13.93,2,2,False
DDA3937_RS02630,,CONFIDENT_NONESSENTIAL,non-essential,2,N_score|N_pangenome_some,0,0.1737881526919238,0.9253897902175917,0.0,0.0,580,1,12.15,1,2,False
DDA3937_RS02645,,UNRESOLVED,unknown,0,E_cons_core|E_geometry,1,0.8007657425779692,0.22840216524965995,0.5,2.0,98,1,8.33,2,2,False
DDA3937_RS02650,,CONFIDENT_NONESSENTIAL,non-essential,1,E_geometry|N_score,0,0.2671658429448509,0.7991582697429498,0.0,1.0,163,1,7.94,2,2,True
DDA3937_RS02655,,CONFIDENT_NONESSENTIAL,non-essential,3,N_score|N_pangenome_strong|N_long_lagging,0,0.1592907380832487,0.9440474981134603,0.0,0.0,681,0,6.18,0,2,False
DDA3937_RS02660,,CONFIDENT_NONESSENTIAL,non-essential,3,N_pangenome_strong|N_mobile|N_long_lagging,0,0.4083662538961612,0.7981319506750192,0.2,0.0,448,0,4.5,0,2,True
DDA3937_RS02665,,ROGUE_SUSPECT,unknown,0,N_mobile|P_rogue,0,0.3082401746882856,0.8135838384468671,0.0,0.0,102,0,3.51,2,2,False
DDA3937_RS02670,,ROGUE_SUSPECT,unknown,0,N_mobile|P_rogue,1,0.3045026437709223,0.7826909922899669,0.0,0.0,73,0,3.24,2,2,False
DDA3937_RS02675,,CONFIDENT_NONESSENTIAL,non-essential,2,N_score|N_mobile,0,0.2531392073451649,0.8409792161350799,0.0,1.0,248,0,2.7,2,2,False
DDA3937_RS02680,,CONFIDENT_NONESSENTIAL,non-essential,3,N_score|N_pangenome_some|N_mobile,0,0.283351615602739,0.788223797784543,0.0,0.0,117,0,1.26,1,2,False
DDA3937_RS02685,,UNRESOLVED,unknown,0,E_geometry|N_pangenome_some|N_mobile,0,0.3147561782970048,0.7978102358605266,0.0,0.0,63,1,0.86,1,2,False
DDA3937_RS02690,,CONDITIONAL_SUSPECT,unknown,0,N_score|N_redundancy|N_mobile|N_long_lagging|P_conditional,0,0.2376246137321036,0.8386031458038836,0.0357142857142857,9.0,420,0,0.0,2,2,True
DDA3937_RS02700,,UNRESOLVED,unknown,0,N_redundancy|N_mobile,1,0.7203018720447222,0.3000855395105264,0.4324324324324324,7.0,192,0,1.32,2,2,False
DDA3937_RS02705,,UNRESOLVED,unknown,0,N_mobile,0,0.5402743734796968,0.48905817805387797,0.4230769230769231,0.0,573,0,2.56,2,2,False
DDA3937_RS02710,,ROGUE_SUSPECT,unknown,0,N_mobile|P_rogue,0,0.3750982415635577,0.7228164208080338,0.0909090909090909,0.0,134,0,3.59,2,2,False
DDA3937_RS02715,,CONDITIONAL_SUSPECT,unknown,0,N_score|N_mobile|N_long_lagging|P_conditional,0,0.1836556515316744,0.860421515452298,0.0,1.0,434,0,4.56,2,2,False
DDA3937_RS02720,,UNRESOLVED,unknown,0,,0,0.4616199984214374,0.6179628937419953,0.303030303030303,1.0,480,0,6.1,2,2,False
DDA3937_RS02725,,UNRESOLVED,unknown,0,E_geometry,0,0.4863102065938994,0.5496739704950723,0.2272727272727272,0.0,176,1,7.53,2,2,False
DDA3937_RS02730,,CONFIDENT_ESSENTIAL,essential,3,E_score|E_cons_core|E_geometry,1,0.9738464125031856,0.023660745915761762,1.0,0.0,98,1,8.13,2,2,True
DDA3937_RS02735,,UNRESOLVED,unknown,0,E_cons_core,1,0.9435101287938864,0.050047091178604244,1.0,0.0,549,1,9.15,2,2,False
DDA3937_RS02740,,ROGUE_SUSPECT,unknown,0,E_geometry|N_score|P_rogue,0,0.2535106963376575,0.7878876511496934,0.0,0.0,172,1,10.13,2,2,False
DDA3937_RS02745,,UNRESOLVED,unknown,0,E_cons_core|E_geometry,1,0.9572549685153664,0.03512594660457099,0.9696969696969696,0.0,288,1,9.42,2,2,False
DDA3937_RS02750,,CONDITIONAL_SUSPECT,unknown,0,N_long_lagging|P_conditional,1,0.3090611643614233,0.7657444177100063,0.2941176470588235,0.0,830,0,7.67,2,2,False
DDA3937_RS02755,,UNRESOLVED,unknown,0,E_geometry,0,0.6658272389355621,0.3537495052004733,0.3703703703703703,0.0,122,1,6.11,2,2,False
DDA3937_RS02760,,UNRESOLVED,unknown,0,E_cons_core|E_geometry,1,0.8799198184202083,0.11437728342512574,0.6896551724137931,0.0,204,1,5.51,2,2,False
DDA3937_RS02765,,UNRESOLVED,unknown,0,E_cons_core|N_mobile,1,0.902492111771062,0.1023435229463928,0.7142857142857143,1.0,170,0,4.61,2,2,False
DDA3937_RS02770,,ROGUE_SUSPECT,unknown,0,N_score|N_mobile|P_rogue,0,0.2446881683847531,0.8226449885941429,0.0,0.0,235,0,3.75,2,2,False
DDA3937_RS02775,,UNRESOLVED,unknown,0,E_cons_core|E_geometry|N_mobile|F_core_redundant,1,0.8953944635937898,0.1111041224565083,0.6216216216216216,55.0,299,1,2.84,2,2,True
DDA3937_RS02780,,ROGUE_SUSPECT,unknown,0,N_score|N_mobile|P_rogue,0,0.2170269663411491,0.8488463065405687,0.0,0.0,329,0,1.8,2,2,False
DDA3937_RS02785,,UNRESOLVED,unknown,0,N_mobile,0,0.4203589726962788,0.661824148061037,0.1333333333333333,2.0,132,0,1.0,2,2,True
DDA3937_RS02790,,ROGUE_SUSPECT,unknown,0,N_score|N_mobile|P_rogue,0,0.2775444160161037,0.7646467253697712,0.0,0.0,102,0,0.35,2,2,False
DDA3937_RS02795,,ROGUE_SUSPECT,unknown,0,N_score|N_mobile|P_rogue,1,0.2718593232214257,0.7837738549617503,0.0,0.0,133,0,0.0,2,2,False
DDA3937_RS02800,,UNRESOLVED,unknown,0,N_mobile,0,0.6237257316209084,0.41818405972315353,0.3157894736842105,0.0,102,0,0.35,2,2,False
DDA3937_RS02805,,ROGUE_SUSPECT,unknown,0,N_score|N_mobile|P_rogue,0,0.2736106434147184,0.7715736505645618,0.0,0.0,117,0,0.88,2,2,False
DDA3937_RS02810,,UNRESOLVED,unknown,0,N_mobile,0,0.4679648083452417,0.6262925635216107,0.2068965517241379,2.0,225,0,1.4,2,2,True
DDA3937_RS02815,,UNRESOLVED,unknown,0,E_cons_core|N_mobile|F_core_redundant,0,0.8198890991988408,0.20408861653668395,0.5757575757575758,7.0,260,0,2.87,2,2,False
DDA3937_RS02820,,CONDITIONAL_SUSPECT,unknown,0,N_score|N_redundancy|N_mobile|N_long_lagging|P_conditional,0,0.2820869549325528,0.787662626800446,0.0967741935483871,9.0,433,0,4.28,2,2,True
DDA3937_RS02825,,ROGUE_SUSPECT,unknown,0,N_score|P_rogue,0,0.1720733051216745,0.8739178668109512,0.0,0.0,473,1,6.15,2,2,False
DDA3937_RS02830,,CONFIDENT_NONESSENTIAL,non-essential,1,N_score,0,0.202990759970361,0.8403008432292189,0.0476190476190476,2.0,484,1,7.88,2,2,True
DDA3937_RS02835,,CONFIDENT_NONESSENTIAL,non-essential,1,N_score,0,0.1946054374483024,0.8502798391741972,0.0416666666666666,1.0,497,1,9.37,2,2,True
DDA3937_RS02840,,ROGUE_SUSPECT,unknown,0,E_geometry|N_score|P_rogue,0,0.2580778853751411,0.8047796439808687,0.0,0.0,182,1,10.52,2,2,False
DDA3937_RS02845,,ROGUE_SUSPECT,unknown,0,N_score|P_rogue,0,0.2720920930164487,0.7960426051542203,0.0625,0.0,318,0,11.31,2,2,False
DDA3937_RS02850,,CONFIDENT_NONESSENTIAL,non-essential,1,E_geometry|N_score,0,0.1908486761487999,0.8458706916318931,0.0,1.0,391,1,12.82,2,2,True
DDA3937_RS02855,,ROGUE_SUSPECT,unknown,0,E_geometry|N_score|P_rogue,0,0.2870492419889546,0.7793136807406431,0.0,0.0,99,1,13.65,2,2,False
DDA3937_RS02860,,ROGUE_SUSPECT,unknown,0,E_geometry|N_score|P_rogue,0,0.225446918610942,0.8532949632505594,0.0,0.0,316,1,14.58,2,2,False
DDA3937_RS02865,,UNRESOLVED,unknown,0,E_cons_core|E_geometry|F_core_redundant,0,0.7954520318379827,0.1848264071337453,0.5428571428571428,5.0,197,1,15.94,2,2,False
DDA3937_RS02870,,ROGUE_SUSPECT,unknown,0,N_score|P_rogue,0,0.159364288208919,0.8680339262219356,0.0,0.0,504,1,16.99,2,2,False
DDA3937_RS02875,,CONFIDENT_NONESSENTIAL,non-essential,2,N_score|N_redundancy,0,0.2658271436139591,0.778289505858531,0.0967741935483871,9.0,454,1,18.43,2,2,True
DDA3937_RS02880,,ROGUE_SUSPECT,unknown,0,N_score|P_rogue,0,0.1760298020923735,0.8705927743730791,0.0,0.0,464,1,19.98,2,2,False
DDA3937_RS02885,,ROGUE_SUSPECT,unknown,0,E_geometry|N_score|P_rogue,0,0.2704136064783885,0.8012327153903624,0.0,0.0,159,1,21.16,2,2,True
DDA3937_RS02890,,UNRESOLVED,unknown,0,E_geometry,0,0.406110151104238,0.6413673001511183,0.2142857142857142,1.0,350,1,22.1,2,2,True
DDA3937_RS02895,,CONDITIONAL_SUSPECT,unknown,0,N_score|N_long_lagging|P_conditional,0,0.1987896497929155,0.8622697322420664,0.0588235294117647,1.0,565,0,23.56,2,2,True
DDA3937_RS02900,,UNRESOLVED,unknown,0,E_geometry,0,0.3100146623263218,0.7392850613417435,0.0769230769230769,2.0,239,1,25.14,2,2,True
DDA3937_RS02910,,UNRESOLVED,unknown,0,E_geometry,0,0.4224882501422993,0.6401838803029255,0.2142857142857142,1.0,327,1,29.49,2,2,True
DDA3937_RS02915,,UNRESOLVED,unknown,0,N_redundancy,1,0.7326586392060935,0.31310703905422277,0.4324324324324324,7.0,194,0,30.29,2,2,False
DDA3937_RS02920,,CONFIDENT_NONESSENTIAL,non-essential,2,N_score|N_redundancy,0,0.2836413451342743,0.7907617506736733,0.0625,8.0,350,0,31.2,2,2,True
DDA3937_RS02925,,CONFIDENT_ESSENTIAL,essential,3,E_score|E_cons_core|E_geometry|F_core_redundant,1,0.9699568961925004,0.025248655755496684,1.0,18.0,289,1,32.27,2,2,True
DDA3937_RS02930,,CONFIDENT_ESSENTIAL,essential,3,E_score|E_cons_core|E_geometry|F_core_redundant,1,0.9701619389840096,0.023610140966883342,1.0,18.0,274,1,33.13,2,2,True
DDA3937_RS02935,,UNRESOLVED,unknown,0,E_geometry|N_redundancy,0,0.6102349068596524,0.4380307406887436,0.3714285714285714,6.0,334,1,34.22,2,2,False
DDA3937_RS02945,,UNRESOLVED,unknown,0,E_cons_core,1,0.9341179016097946,0.06879743098277993,0.96875,0.0,612,0,36.15,2,2,False
DDA3937_RS02950,,UNRESOLVED,unknown,0,E_cons_core,1,0.9444379448788648,0.05572378263051412,1.0,0.0,585,0,38.1,2,2,False
DDA3937_RS02955,,CONFIDENT_ESSENTIAL,essential,2,E_score|E_cons_core,1,0.9765858064541716,0.02299672860986987,1.0,0.0,72,0,39.22,2,2,True
DDA3937_RS02960,,UNRESOLVED,unknown,0,E_cons_core|E_geometry,1,0.9597542234623212,0.03135417494497327,1.0,0.0,338,1,40.08,2,2,False
DDA3937_RS02965,,ROGUE_SUSPECT,unknown,0,N_score|P_rogue,0,0.2839985458807662,0.8068582110108483,0.0,0.0,157,0,40.87,2,2,False
DDA3937_RS02970,,UNRESOLVED,unknown,0,E_cons_core|E_geometry,0,0.7478461719825347,0.27554785982960694,0.5185185185185185,0.0,314,1,42.06,2,2,False
DDA3937_RS21855,,UNRESOLVED,unknown,0,,0,0.309395626210994,0.7862127926003916,0.0,1.0,94,0,42.74,2,2,False
DDA3937_RS02975,,ROGUE_SUSPECT,unknown,0,E_geometry|P_rogue,0,0.2947347894272118,0.8051825213429626,0.0,0.0,129,1,43.27,2,2,False
DDA3937_RS02980,,ROGUE_SUSPECT,unknown,0,E_geometry|N_score|P_rogue,0,0.2839847727936692,0.7837760047465642,0.0,0.0,125,1,43.87,2,2,False
DDA3937_RS02985,,UNRESOLVED,unknown,0,E_cons_core,1,0.9641193290811352,0.034062598249479555,1.0,1.0,324,0,44.55,2,2,True
DDA3937_RS02990,,CONFIDENT_ESSENTIAL,essential,3,E_score|E_cons_core|E_geometry,1,0.9745753174627634,0.023461429428785534,1.0,0.0,104,1,45.45,2,2,True
DDA3937_RS02995,,CONFIDENT_ESSENTIAL,essential,3,E_score|E_cons_core|E_geometry,1,0.974996659258644,0.02206955746921417,1.0,0.0,86,1,45.75,2,2,True
DDA3937_RS03000,,ROGUE_SUSPECT,unknown,0,E_geometry|N_score|P_rogue,0,0.2270713430100475,0.8437750205774853,0.0,0.0,315,1,46.49,2,2,False
DDA3937_RS03005,,UNRESOLVED,unknown,0,E_cons_core|E_geometry,1,0.938429051698318,0.05627342403576286,0.9117647058823528,0.0,392,1,47.81,2,2,False
DDA3937_RS03010,,ROGUE_SUSPECT,unknown,0,N_score|N_long_lagging|P_rogue|P_conditional,0,0.1853659826102677,0.8799834122749579,0.0,0.0,478,0,49.22,2,2,False
DDA3937_RS03015,,UNRESOLVED,unknown,0,E_geometry,1,0.6450775036407869,0.4127092367262127,0.3428571428571428,1.0,159,1,50.44,2,2,False
DDA3937_RS03020,,UNRESOLVED,unknown,0,E_cons_core,0,0.8288685317728723,0.20752357549518644,0.5294117647058824,0.0,98,0,50.95,2,2,False
DDA3937_RS03025,,UNRESOLVED,unknown,0,E_cons_core|E_geometry,1,0.9223854699915224,0.0790695567397949,0.78125,0.0,210,1,51.57,2,2,False
DDA3937_RS03030,,UNRESOLVED,unknown,0,E_cons_core,1,0.8980064601621686,0.10495206880077879,0.8823529411764706,0.0,651,1,51.7,2,2,False
DDA3937_RS03035,,CONFIDENT_ESSENTIAL,essential,3,E_score|E_cons_core|E_geometry,1,0.965733953581833,0.031158056359552523,1.0,0.0,278,1,50.2,2,2,True
DDA3937_RS03040,,UNRESOLVED,unknown,0,E_cons_core,1,0.9500151261361864,0.046525414141802585,0.972972972972973,2.0,446,1,49.1,2,2,False
DDA3937_RS03045,,UNRESOLVED,unknown,0,E_cons_core|E_geometry,1,0.93461424487894,0.06560592978690331,0.7857142857142857,0.0,112,1,47.97,2,2,False
DDA3937_RS03060,,UNRESOLVED,unknown,0,E_cons_core|E_geometry,1,0.9263982086515884,0.07579772220360513,0.7714285714285715,0.0,151,1,47.07,2,2,False
DDA3937_RS03065,,UNRESOLVED,unknown,0,E_cons_core,1,0.8994071223663668,0.1038233380995628,0.8285714285714286,0.0,497,1,46.08,2,2,False
DDA3937_RS03070,,UNRESOLVED,unknown,0,E_cons_core,1,0.9058162070338736,0.09548717526903706,1.0,0.0,906,1,43.95,2,2,False
DDA3937_RS03075,,UNRESOLVED,unknown,0,E_cons_core|E_geometry,1,0.945837337518388,0.05023658231274036,0.84375,0.0,134,1,42.31,2,2,False
DDA3937_RS03080,,ROGUE_SUSPECT,unknown,0,E_geometry|N_score|P_rogue,0,0.2724207360510197,0.7804731215976762,0.0666666666666666,0.0,319,1,41.64,2,2,False
DDA3937_RS03085,,CONFIDENT_ESSENTIAL,essential,3,E_score|E_cons_core|E_geometry,1,0.9743198937426072,0.021648726344372232,1.0,0.0,90,1,40.92,2,2,True
DDA3937_RS03090,,UNRESOLVED,unknown,0,E_cons_core,0,0.7640316229460157,0.2589249353612196,0.6857142857142857,0.0,707,1,39.47,2,2,False
DDA3937_RS03095,,ROGUE_SUSPECT,unknown,0,E_geometry|N_score|P_rogue,0,0.2344555045838957,0.8443370470719823,0.0,0.0,295,1,37.84,2,2,False
DDA3937_RS03100,,UNRESOLVED,unknown,0,,0,0.5707283114464083,0.4645613515899644,0.4594594594594595,3.0,632,1,36.27,2,2,False
DDA3937_RS03105,,CONFIDENT_NONESSENTIAL,non-essential,1,N_score,0,0.2162121628826899,0.8394457107856595,0.0,1.0,340,0,34.75,2,2,False
DDA3937_RS03110,,ROGUE_SUSPECT,unknown,0,N_score|P_rogue,0,0.2305814510048099,0.8331606232128358,0.0,0.0,293,0,33.68,2,2,False
DDA3937_RS03115,,ROGUE_SUSPECT,unknown,0,N_score|P_rogue,0,0.2128039710099204,0.833983749234679,0.0,0.0,333,0,32.72,2,2,False
DDA3937_RS03120,,UNRESOLVED,unknown,0,E_geometry,0,0.6103346640599518,0.41387227542781674,0.3333333333333333,0.0,175,1,31.64,2,2,False
DDA3937_RS03125,,ROGUE_SUSPECT,unknown,0,E_geometry|P_rogue,0,0.3432654917750236,0.6953536050029787,0.0909090909090909,0.0,168,1,31.13,2,2,False
DDA3937_RS03130,,ROGUE_SUSPECT,unknown,0,P_rogue,0,0.3953802778716465,0.6955015737087814,0.0952380952380952,0.0,101,0,30.74,2,2,False
DDA3937_RS03135,,UNRESOLVED,unknown,0,E_geometry,0,0.3722356077553946,0.6646726087859129,0.1538461538461538,0.0,260,1,29.72,2,2,False
DDA3937_RS03140,,ROGUE_SUSPECT,unknown,0,N_score|P_rogue,0,0.2255881422662684,0.8120126182123504,0.0666666666666666,0.0,444,1,28.6,2,2,False
DDA3937_RS03145,,ROGUE_SUSPECT,unknown,0,E_geometry|N_score|P_rogue,1,0.18661711280419,0.850156002859487,0.0,0.0,408,1,27.16,2,2,False
DDA3937_RS03150,,CONFIDENT_NONESSENTIAL,non-essential,1,E_geometry|N_score,0,0.2377165000628443,0.8088907079569516,0.0,1.0,242,1,26.11,2,2,False
DDA3937_RS03160,,CONFIDENT_NONESSENTIAL,non-essential,2,N_score|N_pangenome_strong,0,0.2652881922308245,0.8078125129297175,0.0,0.0,185,0,24.84,0,2,False
DDA3937_RS03165,,UNRESOLVED,unknown,0,E_cons_core|E_geometry|F_core_redundant,1,0.8951984144976547,0.1035758556009588,0.6216216216216216,55.0,295,1,23.96,2,2,True
DDA3937_RS03170,,CONFIDENT_NONESSENTIAL,non-essential,2,E_geometry|N_score|N_pangenome_strong,0,0.2761238258613651,0.7870313061935736,0.0,0.0,132,1,23.2,0,2,False
DDA3937_RS03180,,UNRESOLVED,unknown,0,,0,0.4130748825115647,0.6396076666324575,0.1428571428571428,0.0,148,0,22.22,2,2,False
DDA3937_RS03185,,CONFIDENT_ESSENTIAL,essential,2,E_score|E_cons_core,1,0.970253554897636,0.021114915008419874,1.0,0.0,140,0,21.82,2,2,False
DDA3937_RS03190,,CONFIDENT_NONESSENTIAL,non-essential,1,E_geometry|N_score,0,0.2047276176573411,0.8330268567001341,0.0,1.0,343,1,20.95,2,2,True
DDA3937_RS03195,,CONFIDENT_NONESSENTIAL,non-essential,2,N_score|N_redundancy,0,0.279776864196835,0.7737719189988238,0.0625,8.0,332,0,19.9,2,2,True
DDA3937_RS03200,,UNRESOLVED,unknown,0,E_cons_core|E_geometry|F_core_redundant,1,0.8928686430035359,0.1032619267813862,0.6216216216216216,55.0,301,1,18.84,2,2,True
DDA3937_RS03220,,ROGUE_SUSPECT,unknown,0,N_score|P_rogue,0,0.2860605378616163,0.7660020643915179,0.0,0.0,95,0,17.67,2,2,False
DDA3937_RS03225,,UNRESOLVED,unknown,0,E_cons_core|F_core_redundant,1,0.8997772268895675,0.11325985377043628,0.6216216216216216,55.0,298,0,16.96,2,2,True
DDA3937_RS03230,,ROGUE_SUSPECT,unknown,0,E_geometry|N_score|P_rogue,0,0.2398288669340262,0.8379985188740928,0.0,0.0,263,1,16.0,2,2,False
DDA3937_RS03235,,ROGUE_SUSPECT,unknown,0,N_score|P_rogue,0,0.1522997368066028,0.8897274051254764,0.0,0.0,560,1,14.71,2,2,False
DDA3937_RS03240,,CONFIDENT_NONESSENTIAL,non-essential,2,N_score|N_redundancy,0,0.290188159401565,0.7736352935585764,0.0909090909090909,8.0,384,0,12.97,2,2,True
DDA3937_RS03245,,ROGUE_SUSPECT,unknown,0,E_geometry|N_score|P_rogue,0,0.2666894445904721,0.7768581399968462,0.088235294117647,0.0,367,1,11.17,2,2,False
DDA3937_RS03250,,UNRESOLVED,unknown,0,E_geometry,0,0.4389584895978757,0.5967095638392647,0.1714285714285714,0.0,136,1,10.39,2,2,True
DDA3937_RS03255,,ROGUE_SUSPECT,unknown,0,N_score|P_rogue,0,0.1077229152552143,0.9201783480565187,0.0689655172413793,0.0,958,1,8.64,2,2,False
DDA3937_RS03260,,UNRESOLVED,unknown,0,E_geometry|N_redundancy,0,0.4694386682147454,0.5819690050874522,0.2058823529411764,8.0,217,1,6.68,2,2,True
DDA3937_RS03265,,ROGUE_SUSPECT,unknown,0,N_score|P_rogue,0,0.2526022841995363,0.8102613511842007,0.0,0.0,203,0,5.99,2,2,False
DDA3937_RS03270,,ROGUE_SUSPECT,unknown,0,E_geometry|N_score|P_rogue,0,0.277983030305825,0.787014377872334,0.037037037037037,0.0,217,1,5.15,2,2,False
DDA3937_RS03275,,UNRESOLVED,unknown,0,E_cons_core|N_mobile,1,0.9366880797810504,0.05356808434157487,0.8928571428571429,0.0,327,0,4.26,2,2,False
DDA3937_RS03280,,UNRESOLVED,unknown,0,E_cons_core|E_geometry|N_mobile,0,0.9393741972527124,0.05601664701348957,0.8095238095238095,0.0,89,1,3.33,2,2,False
DDA3937_RS03285,,ROGUE_SUSPECT,unknown,0,E_geometry|N_score|N_mobile|P_rogue,0,0.2576895563304297,0.774952405782659,0.0,0.0,144,1,3.0,2,2,False
DDA3937_RS03290,,ROGUE_SUSPECT,unknown,0,N_score|N_mobile|P_rogue,0,0.2639485278939986,0.8057341803748275,0.0,0.0,173,0,2.42,2,2,False
DDA3937_RS03295,,CONDITIONAL_SUSPECT,unknown,0,N_redundancy|N_mobile|N_long_lagging|P_conditional,0,0.3192868239627764,0.7386798485590451,0.1481481481481481,8.0,442,0,1.38,2,2,True
DDA3937_RS03300,,UNRESOLVED,unknown,0,E_geometry|N_mobile,1,0.5683589297348997,0.4425546016091068,0.3513513513513513,1.0,300,1,0.0,2,2,False
DDA3937_RS03305,,UNRESOLVED,unknown,0,E_geometry|N_mobile,0,0.3755781111984497,0.6722272264372386,0.1515151515151515,0.0,239,1,0.9,2,2,True
DDA3937_RS03310,,CONFIDENT_NONESSENTIAL,non-essential,2,N_score|N_mobile,0,0.2916675874995061,0.7266406129820127,0.2058823529411764,0.0,577,1,2.16,2,2,True
DDA3937_RS03320,,UNRESOLVED,unknown,0,E_cons_core,1,0.946325197683034,0.044138834032630345,1.0,1.0,506,1,5.06,2,2,False
DDA3937_RS03330,,CONDITIONAL_SUSPECT,unknown,0,N_score|N_long_lagging|P_conditional,0,0.1641682375545662,0.8886335834726358,0.0,1.0,532,0,5.24,2,2,True
DDA3937_RS03340,,CONFIDENT_NONESSENTIAL,non-essential,4,N_score|N_pangenome_strong|N_mobile|N_long_lagging,0,0.174870622388886,0.8777645604825148,0.0,0.0,476,0,3.11,0,2,True
DDA3937_RS03345,,UNRESOLVED,unknown,0,E_geometry|N_redundancy|N_mobile,0,0.3884513538249528,0.6551366155348337,0.1515151515151515,8.0,254,1,1.62,2,2,True
DDA3937_RS03350,,ROGUE_SUSPECT,unknown,0,E_geometry|N_score|N_mobile|P_rogue,0,0.2317707663561536,0.7999928533201841,0.0,0.0,224,1,0.78,2,2,False
DDA3937_RS03375,,UNRESOLVED,unknown,0,E_geometry|N_redundancy|N_mobile,0,0.4575622598921977,0.5749471361634054,0.2571428571428571,10.0,376,1,2.58,2,2,True
DDA3937_RS03380,,CONFIDENT_NONESSENTIAL,non-essential,3,N_score|N_redundancy|N_mobile,0,0.1143955945148095,0.921383457903087,0.0857142857142857,8.0,1027,1,4.68,2,2,True
DDA3937_RS03385,,UNRESOLVED,unknown,0,E_cons_core|E_geometry|F_core_redundant,1,0.9099776070479688,0.08482669371347806,0.7428571428571429,12.0,234,1,6.57,2,2,True
DDA3937_RS03390,,UNRESOLVED,unknown,0,N_redundancy,0,0.4800183218827912,0.5734407576024941,0.3142857142857143,7.0,476,1,7.62,2,2,False
DDA3937_RS03395,,CONFIDENT_NONESSENTIAL,non-essential,2,E_geometry|N_score|N_pangenome_strong,0,0.2619081755417065,0.8223470082026569,0.0,0.0,193,1,8.69,0,2,False
DDA3937_RS03405,,UNRESOLVED,unknown,0,E_geometry|N_redundancy,0,0.5366299021190755,0.515249466865571,0.238095238095238,4.0,126,1,10.1,2,2,False
DDA3937_RS03410,,ROGUE_SUSPECT,unknown,0,N_score|N_long_lagging|P_rogue|P_conditional,0,0.1698902825563049,0.8992038180885237,0.037037037037037,0.0,632,0,11.35,2,2,False
DDA3937_RS03415,,UNRESOLVED,unknown,0,E_geometry,0,0.3411115936751192,0.6768632655270223,0.15625,1.0,325,1,12.94,2,2,True
DDA3937_RS03420,,UNRESOLVED,unknown,0,E_geometry,0,0.3630088572137802,0.700510174893972,0.1111111111111111,0.0,183,1,13.71,2,2,True
DDA3937_RS03425,,CONDITIONAL_SUSPECT,unknown,0,N_score|N_redundancy|N_long_lagging|P_conditional,0,0.1935077548137494,0.8667928382888204,0.0,4.0,441,0,14.71,2,2,True
DDA3937_RS03430,,UNRESOLVED,unknown,0,N_redundancy,0,0.4850073303835007,0.5661992332659037,0.2571428571428571,13.0,360,0,15.9,2,2,True
DDA3937_RS03435,,UNRESOLVED,unknown,0,,0,0.6603318854131127,0.3666984403878293,0.4137931034482758,1.0,274,0,16.86,2,2,False
DDA3937_RS03440,,UNRESOLVED,unknown,0,N_redundancy,0,0.3400200217810797,0.7254666683985435,0.1153846153846153,5.0,296,0,17.73,2,2,True
DDA3937_RS03445,,UNRESOLVED,unknown,0,N_redundancy,0,0.3060177548705453,0.7635993903960432,0.0769230769230769,5.0,291,0,18.59,2,2,True
DDA3937_RS03450,,UNRESOLVED,unknown,0,E_cons_core|E_geometry,0,0.9117018372178024,0.07173983060032685,0.75,0.0,143,1,19.46,2,2,False
DDA3937_RS03455,,UNRESOLVED,unknown,0,E_cons_core|E_geometry,1,0.8969607019920114,0.09090695158707918,0.7647058823529411,2.0,308,1,20.39,2,2,False
DDA3937_RS03460,,CONFIDENT_NONESSENTIAL,non-essential,1,N_score,0,0.1758482155913825,0.8618427880929015,0.0,1.0,456,1,22.34,2,2,True
DDA3937_RS03465,,ROGUE_SUSPECT,unknown,0,N_score|P_rogue,0,0.1560721062451317,0.8875851387008836,0.0,0.0,549,1,24.07,2,2,False
DDA3937_RS03470,,CONDITIONAL_SUSPECT,unknown,0,N_score|N_long_lagging|P_conditional,0,0.1657479934958898,0.8900352282720779,0.0,3.0,553,0,25.77,2,2,True
DDA3937_RS03475,,ROGUE_SUSPECT,unknown,0,P_rogue,0,0.3628914217378761,0.7279505976751551,0.0666666666666666,0.0,104,0,26.75,2,2,False
DDA3937_RS03480,,CONDITIONAL_SUSPECT,unknown,0,N_score|N_long_lagging|P_conditional,0,0.2355278299322499,0.8318216396557231,0.1351351351351351,3.0,654,0,28.01,2,2,True
DDA3937_RS03490,,CONFIDENT_NONESSENTIAL,non-essential,2,N_score|N_redundancy,0,0.1332351797133318,0.9093372296601745,0.0294117647058823,8.0,796,1,31.94,2,2,True
DDA3937_RS03495,,UNRESOLVED,unknown,0,E_geometry|N_redundancy,0,0.2997203867033045,0.7483198003509626,0.1111111111111111,6.0,385,1,34.64,2,2,True
DDA3937_RS03500,,CONFIDENT_NONESSENTIAL,non-essential,2,N_score|N_redundancy,0,0.235768773366911,0.8270807022661539,0.0606060606060606,15.0,521,1,36.17,2,2,True
DDA3937_RS03505,,UNRESOLVED,unknown,0,E_geometry|N_redundancy,0,0.3687922606581429,0.683476387968181,0.15625,10.0,353,1,37.57,2,2,True
DDA3937_RS03510,,UNRESOLVED,unknown,0,E_geometry|N_redundancy,0,0.2939264952168889,0.7458962341806057,0.0689655172413793,9.0,302,1,38.55,2,2,True
DDA3937_RS03515,,CONFIDENT_NONESSENTIAL,non-essential,1,E_geometry|N_score,0,0.2194844956593776,0.8176763326436747,0.0,1.0,298,1,39.42,2,2,False
DDA3937_RS03520,,CONFIDENT_NONESSENTIAL,non-essential,1,E_geometry|N_score,0,0.2357500492137189,0.8135767077113798,0.0,1.0,258,1,40.3,2,2,False
DDA3937_RS03525,,UNRESOLVED,unknown,0,E_cons_core|E_geometry,0,0.8935645717634788,0.09056248720806362,0.696969696969697,3.0,158,1,41.13,2,2,False
DDA3937_RS03530,,CONFIDENT_NONESSENTIAL,non-essential,1,E_geometry|N_pangenome_strong,0,0.6269869008503235,0.36871568661784015,0.4090909090909091,0.0,318,1,41.85,0,2,False
DDA3937_RS03535,,UNRESOLVED,unknown,0,E_geometry,0,0.3210260834401472,0.754175858602332,0.1176470588235294,0.0,337,1,43.06,2,2,False
DDA3937_RS03540,,ROGUE_SUSPECT,unknown,0,N_score|N_long_lagging|P_rogue|P_conditional,0,0.1763567142006379,0.8866243188160433,0.0,0.0,509,0,44.75,2,2,False
DDA3937_RS03545,,UNRESOLVED,unknown,0,E_geometry,0,0.4384938460815374,0.6461057305772697,0.125,0.0,70,1,46.07,2,2,False
DDA3937_RS03550,,CONDITIONAL_SUSPECT,unknown,0,N_score|N_long_lagging|P_conditional,0,0.2076402952919272,0.8406953988373651,0.0476190476190476,2.0,499,0,47.1,2,2,True
DDA3937_RS03555,,CONDITIONAL_SUSPECT,unknown,0,N_score|N_redundancy|N_long_lagging|P_conditional,0,0.2114938618086622,0.8341543421934471,0.0588235294117647,6.0,535,0,45.49,2,2,True
DDA3937_RS03560,,CONFIDENT_NONESSENTIAL,non-essential,2,N_score|N_redundancy,0,0.2122356994244686,0.8451315690167341,0.0,4.0,379,0,44.14,2,2,True
DDA3937_RS03565,,UNRESOLVED,unknown,0,E_cons_core|F_core_redundant,0,0.863058645378834,0.1475667004920199,0.6,8.0,152,0,43.34,2,2,False
DDA3937_RS03570,,CONFIDENT_NONESSENTIAL,non-essential,1,N_score,0,0.2098624413897699,0.8460224419968114,0.0,1.0,366,0,42.25,2,2,False
DDA3937_RS03575,,CONDITIONAL_SUSPECT,unknown,0,N_score|N_long_lagging|P_conditional,0,0.1954743683703541,0.8600219624421152,0.2857142857142857,1.0,1178,0,39.41,2,2,False
DDA3937_RS03580,,ROGUE_SUSPECT,unknown,0,E_geometry|N_score|P_rogue,0,0.2798972171609223,0.7963880399327591,0.0,0.0,141,1,36.89,2,2,False
DDA3937_RS03585,,UNRESOLVED,unknown,0,E_geometry,0,0.6488661241763932,0.3841367122475168,0.3611111111111111,3.0,182,1,36.26,2,2,False
DDA3937_RS03590,,UNRESOLVED,unknown,0,N_redundancy,0,0.4819777374412442,0.567449049451208,0.2058823529411764,8.0,208,0,35.65,2,2,True
DDA3937_RS03595,,ROGUE_SUSPECT,unknown,0,E_geometry|N_score|P_rogue,0,0.2370141802599958,0.8103362288948625,0.0,0.0,242,1,34.88,2,2,False
DDA3937_RS03600,,ROGUE_SUSPECT,unknown,0,N_score|N_long_lagging|P_rogue|P_conditional,0,0.1626075715736774,0.8769205621520522,0.0,0.0,523,0,33.6,2,2,False
DDA3937_RS03605,,ROGUE_SUSPECT,unknown,0,N_score|N_long_lagging|P_rogue|P_conditional,0,0.1768031990027544,0.8783001374293399,0.0,0.0,486,0,32.07,2,2,False
DDA3937_RS03610,,ROGUE_SUSPECT,unknown,0,P_rogue,1,0.3153196025809244,0.7963511014669227,0.0,0.0,80,0,30.7,2,2,False
DDA3937_RS03615,,ROGUE_SUSPECT,unknown,0,E_geometry|N_score|P_rogue,0,0.2716182288408852,0.7772437730423609,0.0,0.0,132,1,30.07,2,2,False
DDA3937_RS03620,,UNRESOLVED,unknown,0,E_geometry,0,0.6898912824975421,0.3457790847134562,0.375,0.0,95,1,29.72,2,2,False
DDA3937_RS03625,,UNRESOLVED,unknown,0,E_cons_core,1,0.9133125794974162,0.08122799418254914,0.8235294117647058,0.0,367,0,28.97,2,2,False
DDA3937_RS03630,,CONFIDENT_NONESSENTIAL,non-essential,1,E_geometry|N_pangenome_strong,0,0.3193362202852063,0.7128649923098906,0.1111111111111111,0.0,275,1,27.82,0,2,False
DDA3937_RS03640,,CONFIDENT_NONESSENTIAL,non-essential,2,E_geometry|N_score|N_redundancy,0,0.2730492189477409,0.7450380333965666,0.0909090909090909,8.0,385,1,25.18,2,2,True
DDA3937_RS03645,,CONFIDENT_NONESSENTIAL,non-essential,2,N_score|N_pangenome_strong,0,0.1687861069116309,0.8652114549499559,0.0,0.0,474,1,23.81,0,2,True
DDA3937_RS03650,,UNRESOLVED,unknown,0,N_redundancy,0,0.3393315029713337,0.701712130644437,0.1351351351351351,15.0,392,0,22.47,2,2,True
DDA3937_RS03655,,UNRESOLVED,unknown,0,E_cons_core|E_geometry|F_core_redundant,1,0.8929456852630698,0.10113651373423158,0.6216216216216216,55.0,296,1,21.33,2,2,True
DDA3937_RS03660,,UNRESOLVED,unknown,0,N_redundancy,0,0.2983089501425004,0.7472262530953985,0.0625,8.0,269,0,20.4,2,2,True
DDA3937_RS03665,,UNRESOLVED,unknown,0,,0,0.4042367848913937,0.6426448836531583,0.1851851851851851,2.0,286,0,19.36,2,2,True
DDA3937_RS03670,,UNRESOLVED,unknown,0,N_redundancy,0,0.2933840943384489,0.7293778541843866,0.1666666666666666,4.0,504,1,17.86,2,2,True
DDA3937_RS03675,,ROGUE_SUSPECT,unknown,0,N_score|P_rogue,0,0.1285542828398183,0.8947088350424487,0.0,0.0,644,1,16.11,2,2,False
DDA3937_RS03680,,CONFIDENT_NONESSENTIAL,non-essential,2,N_score|N_pangenome_strong,0,0.2712270827433904,0.7973867359646658,0.0,0.0,154,0,14.73,0,2,True
DDA3937_RS03690,,CONFIDENT_NONESSENTIAL,non-essential,2,N_score|N_pangenome_strong,0,0.2548140061939664,0.8484254499462717,0.0,0.0,250,0,11.69,0,2,True
DDA3937_RS03700,,UNRESOLVED,unknown,0,E_geometry|N_redundancy,0,0.3673402328240908,0.6484941853907292,0.1724137931034483,6.0,329,1,10.04,2,2,True
DDA3937_RS03705,,UNRESOLVED,unknown,0,E_geometry|N_redundancy,0,0.4413601380894519,0.5814118761677316,0.2307692307692307,6.0,313,1,8.94,2,2,True
DDA3937_RS03710,,UNRESOLVED,unknown,0,N_redundancy,0,0.3600791230105654,0.6683629268117867,0.2162162162162162,13.0,516,1,7.64,2,2,True
DDA3937_RS03715,,UNRESOLVED,unknown,0,E_geometry|N_redundancy,0,0.4610722450092758,0.5518610754173793,0.2608695652173913,7.0,345,1,6.33,2,2,True
DDA3937_RS03720,,UNRESOLVED,unknown,0,E_geometry|N_redundancy,0,0.3477878678924459,0.6715647093959128,0.1724137931034483,6.0,378,1,5.23,2,2,True
DDA3937_RS03725,,ROGUE_SUSPECT,unknown,0,N_score|N_mobile|P_rogue,0,0.1241249637491867,0.8994080460327585,0.0,0.0,662,1,3.62,2,2,False
DDA3937_RS03730,,ROGUE_SUSPECT,unknown,0,E_geometry|N_score|N_mobile|P_rogue,0,0.2602454330939269,0.7695612088374243,0.0625,0.0,297,1,2.15,2,2,False
DDA3937_RS03735,,ROGUE_SUSPECT,unknown,0,E_geometry|N_score|N_mobile|P_rogue,0,0.2121907327113831,0.8084022590942147,0.0,0.0,276,1,1.27,2,2,False
DDA3937_RS03745,,CONFIDENT_NONESSENTIAL,non-essential,2,N_score|N_mobile,0,0.2230660844845536,0.8201789654411838,0.0333333333333333,1.0,368,0,1.31,2,2,True
DDA3937_RS03750,,UNRESOLVED,unknown,0,E_cons_core|N_mobile|F_core_redundant,1,0.8938665161379358,0.11072742570546794,0.6216216216216216,55.0,308,0,2.42,2,2,True
DDA3937_RS03755,,CONFIDENT_NONESSENTIAL,non-essential,3,E_geometry|N_score|N_redundancy|N_mobile,0,0.2777885008079331,0.7640949373456049,0.0967741935483871,9.0,405,1,3.67,2,2,True
DDA3937_RS03760,,UNRESOLVED,unknown,0,E_geometry|N_redundancy|N_mobile,0,0.3013369859213754,0.7540321364756808,0.1111111111111111,6.0,371,1,4.86,2,2,True
DDA3937_RS03765,,ROGUE_SUSPECT,unknown,0,E_geometry|N_score|P_rogue,0,0.210587799692543,0.8314006825523091,0.0,0.0,311,1,6.13,2,2,False
DDA3937_RS03780,,CONFIDENT_NONESSENTIAL,non-essential,2,N_score|N_pangenome_some,0,0.2591847125948703,0.8234681616571988,0.0,1.0,212,0,9.09,1,2,True
DDA3937_RS03785,,CONFIDENT_NONESSENTIAL,non-essential,2,N_score|N_pangenome_some,0,0.2831981978949609,0.8042041388317439,0.0,0.0,136,0,9.66,1,2,True
DDA3937_RS03790,,UNRESOLVED,unknown,0,E_geometry|N_redundancy,0,0.5322853531058094,0.5069225055434595,0.238095238095238,4.0,125,1,10.15,2,2,False
DDA3937_RS03795,,CONFIDENT_ESSENTIAL,essential,2,E_score|E_cons_core|F_core_redundant,1,0.9704667867150092,0.025090142523722544,1.0,18.0,274,0,10.95,2,2,True
DDA3937_RS03800,,UNRESOLVED,unknown,0,E_cons_core,0,0.8248257610311766,0.16474535023594264,0.6764705882352942,1.0,429,0,10.56,2,2,False
DDA3937_RS03805,,CONFIDENT_ESSENTIAL,essential,2,E_score|E_cons_core|F_core_redundant,1,0.9707897546893978,0.02510965078115458,1.0,18.0,269,0,9.47,2,2,True
DDA3937_RS03810,,CONDITIONAL_SUSPECT,unknown,0,N_score|N_redundancy|N_long_lagging|P_conditional,0,0.1191239194641877,0.9235037370456337,0.0857142857142857,8.0,1022,0,7.49,2,2,True
DDA3937_RS03815,,UNRESOLVED,unknown,0,N_redundancy,0,0.4615515058588875,0.5685532854177113,0.2571428571428571,10.0,372,0,5.4,2,2,True
DDA3937_RS03820,,UNRESOLVED,unknown,0,N_redundancy|N_mobile,1,0.7262246733731589,0.33244291207495774,0.4324324324324324,7.0,206,0,4.44,2,2,False
DDA3937_RS03825,,UNRESOLVED,unknown,0,N_redundancy|N_mobile,0,0.3636979243001447,0.6641951309901427,0.2285714285714285,6.0,493,1,3.27,2,2,True
DDA3937_RS03830,,CONFIDENT_NONESSENTIAL,non-essential,2,N_score|N_mobile,0,0.1918224265513186,0.8533154619598349,0.0277777777777777,2.0,470,1,1.79,2,2,True
DDA3937_RS03855,,CONFIDENT_NONESSENTIAL,non-essential,3,N_score|N_redundancy|N_mobile,0,0.2481913363712311,0.8521793036337142,0.0357142857142857,9.0,413,0,0.0,2,2,True
DDA3937_RS03860,,CONFIDENT_NONESSENTIAL,non-essential,3,N_score|N_redundancy|N_mobile,0,0.2476504878020742,0.8365221268464289,0.0357142857142857,9.0,392,0,0.0,2,2,True
DDA3937_RS03870,,UNRESOLVED,unknown,0,E_geometry|N_pangenome_some|N_mobile,0,0.3883949490931352,0.6440258359280814,0.1428571428571428,0.0,170,1,1.4,1,2,False
DDA3937_RS03875,,CONFIDENT_NONESSENTIAL,non-essential,2,E_geometry|N_score|N_mobile,0,0.2755857289521376,0.7668012404144249,0.0,1.0,104,1,2.4,2,2,True
DDA3937_RS03880,,CONFIDENT_ESSENTIAL,essential,3,E_score|E_cons_core|E_geometry|N_pangenome_strong|N_mobile,1,0.9727146217464472,0.020444902536784205,1.0,0.0,80,1,2.88,0,2,False
DDA3937_RS03885,,CONFIDENT_NONESSENTIAL,non-essential,2,E_geometry|N_score|N_mobile,0,0.2848990850790054,0.7821396321503693,0.0,1.0,103,1,3.16,2,2,False
DDA3937_RS21875,,CONFIDENT_NONESSENTIAL,non-essential,3,E_geometry|N_score|N_pangenome_some|N_mobile,0,0.2133766996538899,0.8011480508738397,0.0,0.0,266,1,4.83,1,2,True
DDA3937_RS03895,,CONFIDENT_NONESSENTIAL,non-essential,3,E_geometry|N_score|N_pangenome_some|N_mobile,0,0.272394747426527,0.7611547078025663,0.0,0.0,99,1,4.2,1,2,True
DDA3937_RS03900,,UNRESOLVED,unknown,0,E_geometry|N_pangenome_some|N_mobile,0,0.6281760711566476,0.352145997267943,0.4,0.0,257,1,3.6,1,2,False
DDA3937_RS03905,,CONFIDENT_NONESSENTIAL,non-essential,3,E_geometry|N_score|N_pangenome_some|N_mobile,0,0.2394943767467866,0.7780942130593831,0.0,0.0,182,1,2.63,1,2,True
DDA3937_RS03910,,CONFIDENT_NONESSENTIAL,non-essential,3,N_score|N_pangenome_some|N_mobile,0,0.1284903923907978,0.9004419233109245,0.0,0.0,647,1,1.18,1,2,True
DDA3937_RS03920,,CONFIDENT_NONESSENTIAL,non-essential,3,N_score|N_pangenome_some|N_mobile,0,0.1677271130762276,0.9108503406348271,0.0,0.0,550,1,1.16,1,2,False
DDA3937_RS03925,,CONFIDENT_NONESSENTIAL,non-essential,3,N_score|N_pangenome_some|N_mobile,0,0.1913788872078577,0.8878365011128397,0.0,0.0,442,1,2.65,1,2,False
DDA3937_RS03935,,CONFIDENT_NONESSENTIAL,non-essential,2,E_geometry|N_score|N_pangenome_strong,0,0.2268588927195366,0.8906377505218112,0.0,0.0,368,1,8.43,0,2,False
DDA3937_RS21885,,CONFIDENT_NONESSENTIAL,non-essential,2,E_geometry|N_score|N_pangenome_strong,0,0.2432700689508408,0.8833216938027885,0.0,0.0,319,1,7.4,0,2,False
DDA3937_RS03945,,UNRESOLVED,unknown,0,N_pangenome_some,0,0.2995869120816054,0.8163450137608635,0.0,0.0,118,0,6.65,1,2,False
DDA3937_RS03950,,CONFIDENT_NONESSENTIAL,non-essential,3,N_score|N_pangenome_some|N_long_lagging,0,0.1439975908233118,0.9274619437628563,0.0,0.0,670,0,5.47,1,2,False
DDA3937_RS03955,,CONFIDENT_NONESSENTIAL,non-essential,4,N_score|N_pangenome_some|N_mobile|N_long_lagging,0,0.1665839852814068,0.9033411836736229,0.0,0.0,545,0,3.65,1,2,False
DDA3937_RS03960,,CONFIDENT_NONESSENTIAL,non-essential,3,N_score|N_pangenome_some|N_mobile,0,0.2173320339997437,0.8732212766703833,0.0,0.0,362,0,2.3,1,2,False
DDA3937_RS03965,,CONFIDENT_NONESSENTIAL,non-essential,3,N_score|N_pangenome_some|N_mobile,0,0.2879548858838563,0.8003410324162031,0.0,0.0,117,0,0.57,1,2,False
DDA3937_RS03975,,CONFIDENT_NONESSENTIAL,non-essential,3,E_geometry|N_score|N_pangenome_some|N_mobile,1,0.2679970527986384,0.7577940178259656,0.0,0.0,102,1,0.86,1,2,False
DDA3937_RS03980,,UNRESOLVED,unknown,0,E_cons_core|E_geometry|N_mobile|F_core_redundant,1,0.8907849163960814,0.10723907051453409,0.6216216216216216,55.0,305,1,1.65,2,2,True
DDA3937_RS21900,,CONFIDENT_NONESSENTIAL,non-essential,3,E_geometry|N_score|N_pangenome_some|N_mobile,0,0.2843073289776869,0.7728158367403519,0.0,0.0,87,1,2.26,1,2,False
DDA3937_RS03985,,CONFIDENT_NONESSENTIAL,non-essential,3,N_score|N_pangenome_some|N_mobile,0,0.1262186419618814,0.8986238700298281,0.0,0.0,652,1,3.59,1,2,True
DDA3937_RS03990,,CONFIDENT_NONESSENTIAL,non-essential,3,E_geometry|N_score|N_pangenome_some|N_mobile,0,0.2490884929796458,0.7629704587195655,0.0,0.0,147,1,4.78,1,2,True
DDA3937_RS03995,,CONFIDENT_NONESSENTIAL,non-essential,1,E_geometry|N_score,0,0.1954976995026771,0.8200357983680411,0.0,1.0,337,1,5.5,2,2,True
DDA3937_RS04000,,CONFIDENT_NONESSENTIAL,non-essential,2,E_geometry|N_score|N_pangenome_some,0,0.2681185486638006,0.7690252464987699,0.0,0.0,116,1,6.18,1,2,False
DDA3937_RS04005,,UNRESOLVED,unknown,0,E_geometry|N_pangenome_some,0,0.6170143969057575,0.3421175759845594,0.3333333333333333,0.0,91,1,6.49,1,2,False
DDA3937_RS04010,,CONFIDENT_NONESSENTIAL,non-essential,1,N_score,0,0.0997950803279912,0.9227891898455816,0.0,1.0,817,1,7.86,2,2,True
DDA3937_RS04015,,UNRESOLVED,unknown,0,E_geometry|N_pangenome_some,0,0.5662301512265915,0.4341067697091171,0.3333333333333333,0.0,244,1,7.56,1,2,False
DDA3937_RS04020,,CONFIDENT_NONESSENTIAL,non-essential,2,E_geometry|N_score|N_pangenome_some,0,0.1834313125584258,0.8403071007343187,0.0,0.0,388,1,6.61,1,2,True
DDA3937_RS04025,,CONFIDENT_NONESSENTIAL,non-essential,2,E_geometry|N_score|N_pangenome_some,0,0.2266376047540151,0.7999964991137054,0.0,0.0,235,1,5.67,1,2,True
DDA3937_RS04030,,CONFIDENT_NONESSENTIAL,non-essential,3,E_geometry|N_score|N_pangenome_some|N_mobile,0,0.2063946256734969,0.8157105147370695,0.0,0.0,299,1,4.88,1,2,True
DDA3937_RS04035,,CONFIDENT_NONESSENTIAL,non-essential,3,E_geometry|N_score|N_pangenome_some|N_mobile,0,0.1778262185420914,0.8488344566253444,0.0,0.0,413,1,3.81,1,2,True
DDA3937_RS04040,,ROGUE_SUSPECT,unknown,0,N_score|N_mobile|P_rogue,0,0.2812115993777925,0.7763054310669598,0.0,0.0,104,0,2.99,2,2,False
DDA3937_RS04045,,ROGUE_SUSPECT,unknown,0,N_score|N_mobile|P_rogue,1,0.2871533419668044,0.778485228974215,0.0,0.0,95,0,2.69,2,2,False
DDA3937_RS04065,,UNRESOLVED,unknown,0,E_cons_core|N_mobile,1,0.8226563633408971,0.2197463286919571,0.5384615384615384,2.0,134,0,0.35,2,2,False
DDA3937_RS04070,,UNRESOLVED,unknown,0,N_mobile,0,0.3981798468536968,0.7121671055205386,0.0833333333333333,2.0,73,0,0.93,2,2,True
DDA3937_RS21910,,UNRESOLVED,unknown,0,N_mobile,0,0.3898300249986697,0.7018772131856402,0.0833333333333333,2.0,77,0,0.61,2,2,True
DDA3937_RS04080,,CONFIDENT_NONESSENTIAL,non-essential,3,E_geometry|N_score|N_pangenome_some|N_mobile,0,0.2826152182287064,0.7662378009685203,0.0,0.0,82,1,0.27,1,2,False
DDA3937_RS04090,,UNRESOLVED,unknown,0,N_pangenome_some|N_mobile,1,0.3116087560909032,0.8487669303262764,0.0,0.0,136,0,0.76,1,2,False
DDA3937_RS04095,,CONFIDENT_NONESSENTIAL,non-essential,4,N_score|N_pangenome_some|N_mobile|N_long_lagging,0,0.0391525541679636,0.9772391820696107,0.0,0.0,1435,0,3.13,1,2,True
DDA3937_RS04100,,CONFIDENT_NONESSENTIAL,non-essential,2,N_score|N_mobile,0,0.2668339191109659,0.7741540956921313,0.0,1.0,136,0,4.09,2,2,False
DDA3937_RS04105,,CONDITIONAL_SUSPECT,unknown,0,N_score|N_mobile|N_long_lagging|P_conditional,0,0.1405405703448948,0.8958361699217464,0.0,2.0,618,0,2.94,2,2,False
DDA3937_RS04110,,UNRESOLVED,unknown,0,N_mobile,1,0.3514112132275818,0.688489741407136,0.1,2.0,173,0,1.65,2,2,True
DDA3937_RS04115,,CONFIDENT_NONESSENTIAL,non-essential,3,N_score|N_redundancy|N_mobile,0,0.2528790041988425,0.8240217139948898,0.0357142857142857,9.0,364,0,0.0,2,2,True
DDA3937_RS04120,,CONFIDENT_NONESSENTIAL,non-essential,2,N_pangenome_strong|N_mobile,1,0.3034458412434748,0.829438785235675,0.0,0.0,124,0,0.84,0,2,False
DDA3937_RS04125,,CONFIDENT_NONESSENTIAL,non-essential,3,N_score|N_pangenome_strong|N_mobile,0,0.2332861638631305,0.8910891753201617,0.0,0.0,358,0,1.54,0,2,False
DDA3937_RS04140,,CONFIDENT_ESSENTIAL,essential,3,E_score|E_cons_core|E_geometry|N_pangenome_some|N_mobile,0,0.974155209554962,0.02242979934195866,1.0,0.0,74,1,0.4,1,2,False
DDA3937_RS04145,,ROGUE_SUSPECT,unknown,0,E_geometry|N_score|N_mobile|P_rogue,0,0.2527918298424694,0.7941185608932778,0.0,0.0,170,1,0.0,2,2,False
DDA3937_RS04150,,CONFIDENT_NONESSENTIAL,non-essential,3,E_geometry|N_score|N_pangenome_some|N_mobile,0,0.2832218527538268,0.7932592969628265,0.0,0.0,110,1,0.68,1,2,False
DDA3937_RS04155,,ROGUE_SUSPECT,unknown,0,E_geometry|N_mobile|P_rogue,0,0.2958949791041692,0.7837032403799624,0.0,0.0,76,1,1.03,2,2,False
DDA3937_RS04165,,ROGUE_SUSPECT,unknown,0,N_score|N_mobile|P_rogue,0,0.1255675266466591,0.9115161828134172,0.0,0.0,681,1,2.49,2,2,False
DDA3937_RS23035,,CONFIDENT_NONESSENTIAL,non-essential,3,N_score|N_pangenome_some|N_mobile,0,0.2428000279689988,0.8971911582775994,0.0,0.0,350,0,2.0,1,2,False
DDA3937_RS23405,,UNRESOLVED,unknown,0,E_geometry|N_pangenome_some|N_mobile,1,0.3027580376226878,0.7731327719983185,0.0,0.0,52,1,0.92,1,2,False
DDA3937_RS04180,,UNRESOLVED,unknown,0,N_pangenome_some|N_mobile,0,0.2948621826168878,0.8032417043697926,0.0,0.0,107,0,0.67,1,2,False
DDA3937_RS04185,,ROGUE_SUSPECT,unknown,0,N_score|N_mobile|P_rogue,0,0.2122139369458629,0.8550441199508627,0.0,0.0,343,0,0.0,2,2,True
DDA3937_RS04190,,ROGUE_SUSPECT,unknown,0,N_score|N_mobile|N_long_lagging|P_rogue|P_conditional,0,0.1496415968349462,0.9034322948696868,0.0,0.0,592,0,1.4,2,2,False
DDA3937_RS04195,,ROGUE_SUSPECT,unknown,0,E_geometry|N_score|N_mobile|P_rogue,0,0.2279308180382226,0.8410161094498765,0.0,0.0,281,1,0.99,2,2,True
DDA3937_RS04200,,ROGUE_SUSPECT,unknown,0,E_geometry|N_score|N_mobile|P_rogue,0,0.2031278321142444,0.8462718926421618,0.0,0.0,344,1,0.0,2,2,True
DDA3937_RS04205,,ROGUE_SUSPECT,unknown,0,E_geometry|N_score|N_mobile|P_rogue,0,0.2279038827748162,0.8045158616807718,0.0,0.0,234,1,0.0,2,2,True
DDA3937_RS04210,,UNRESOLVED,unknown,0,E_geometry|N_mobile,1,0.4165179171645551,0.5985266986016609,0.1666666666666666,0.0,151,1,0.47,2,2,False
DDA3937_RS04215,,CONFIDENT_NONESSENTIAL,non-essential,3,E_geometry|N_score|N_pangenome_some|N_mobile,0,0.2492576483308929,0.7842501305733581,0.0,0.0,166,1,0.0,1,2,False
DDA3937_RS04220,,CONFIDENT_NONESSENTIAL,non-essential,3,E_geometry|N_score|N_pangenome_some|N_mobile,0,0.2263873995402187,0.8025764543456961,0.0,0.0,235,1,0.0,1,2,False
DDA3937_RS04225,,CONFIDENT_NONESSENTIAL,non-essential,3,E_geometry|N_score|N_pangenome_some|N_mobile,0,0.1914381859784177,0.8458097043788735,0.0,0.0,372,1,0.91,1,2,False
DDA3937_RS04230,,CONFIDENT_NONESSENTIAL,non-essential,3,E_geometry|N_score|N_pangenome_some|N_mobile,0,0.2562854133583214,0.7843067641309363,0.0,0.0,152,1,0.39,1,2,False
DDA3937_RS04235,,CONFIDENT_NONESSENTIAL,non-essential,3,E_geometry|N_score|N_pangenome_some|N_mobile,0,0.2692650390522212,0.7614298708154495,0.0,0.0,102,1,0.0,1,2,False
DDA3937_RS04240,,CONFIDENT_NONESSENTIAL,non-essential,3,E_geometry|N_score|N_pangenome_some|N_mobile,0,0.2710962037209891,0.7761947752315043,0.0,0.0,114,1,0.31,1,2,False
DDA3937_RS04245,,CONFIDENT_NONESSENTIAL,non-essential,3,E_geometry|N_score|N_pangenome_some|N_mobile,0,0.2705451404285524,0.7798013845514393,0.0,0.0,119,1,0.44,1,2,False
DDA3937_RS04250,,UNRESOLVED,unknown,0,E_geometry|N_pangenome_some|N_mobile,0,0.3025622031715411,0.8039631784189193,0.0,0.0,86,1,0.0,1,2,False
DDA3937_RS04255,,CONFIDENT_NONESSENTIAL,non-essential,3,N_score|N_pangenome_some|N_mobile,0,0.1326221540852136,0.9113217583597905,0.0,0.0,655,1,0.0,1,2,False
DDA3937_RS04260,,CONFIDENT_NONESSENTIAL,non-essential,3,E_geometry|N_score|N_pangenome_some|N_mobile,0,0.2797888756932308,0.7874897943991228,0.0,0.0,110,1,1.15,1,2,False
DDA3937_RS04265,,CONFIDENT_NONESSENTIAL,non-essential,3,E_geometry|N_score|N_pangenome_some|N_mobile,0,0.1871264167480574,0.8543028445263573,0.0,0.0,395,1,0.9,1,2,False
DDA3937_RS04270,,CONFIDENT_NONESSENTIAL,non-essential,3,E_geometry|N_score|N_pangenome_some|N_mobile,0,0.240054070303076,0.8071170617915161,0.0,0.0,211,1,0.0,1,2,False
DDA3937_RS04275,,CONFIDENT_NONESSENTIAL,non-essential,3,N_score|N_pangenome_some|N_mobile,0,0.1745503564943756,0.8831505919855349,0.0,0.0,474,1,0.0,1,2,False
DDA3937_RS04280,,CONFIDENT_NONESSENTIAL,non-essential,2,E_geometry|N_score|N_mobile,0,0.2488134976120001,0.808104527335424,0.0,2.0,207,1,1.02,2,2,False
DDA3937_RS04285,,CONFIDENT_NONESSENTIAL,non-essential,3,E_geometry|N_score|N_pangenome_some|N_mobile,0,0.2255369795088954,0.8063254233414964,0.0,0.0,242,1,1.69,1,2,False
DDA3937_RS04290,,CONFIDENT_NONESSENTIAL,non-essential,3,E_geometry|N_score|N_pangenome_some|N_mobile,0,0.2507044047396244,0.7949437378657931,0.0,0.0,176,1,2.29,1,2,False
DDA3937_RS04295,,CONFIDENT_NONESSENTIAL,non-essential,3,N_score|N_pangenome_some|N_mobile,0,0.149081017594613,0.8849938198374999,0.0,0.0,551,1,3.38,1,2,False
DDA3937_RS04300,,CONFIDENT_NONESSENTIAL,non-essential,2,N_score|N_pangenome_some,0,0.2802225748514179,0.8296667325456762,0.0,0.0,169,0,5.01,1,2,False
DDA3937_RS04305,,UNRESOLVED,unknown,0,E_cons_core,1,0.9129592596936656,0.09009466549847535,0.7428571428571429,0.0,161,0,6.09,2,2,False
DDA3937_RS04310,,UNRESOLVED,unknown,0,E_cons_core|E_geometry,0,0.9200349810183804,0.08345256784330281,0.7586206896551724,0.0,145,1,6.71,2,2,False
DDA3937_RS04315,,UNRESOLVED,unknown,0,E_geometry,0,0.661662879597419,0.35548630511939305,0.36,0.0,98,1,7.06,2,2,False
DDA3937_RS04320,,UNRESOLVED,unknown,0,,0,0.5512166351339922,0.5182791857003886,0.25,0.0,115,0,7.44,2,2,False
DDA3937_RS04325,,ROGUE_SUSPECT,unknown,0,N_score|N_long_lagging|P_rogue|P_conditional,0,0.1930199381727551,0.8613882426235645,0.0571428571428571,0.0,554,0,8.55,2,2,False
DDA3937_RS04330,,UNRESOLVED,unknown,0,E_cons_core,1,0.9630380299085878,0.03172747018202085,1.0,0.0,293,0,9.91,2,2,False
DDA3937_RS04335,,UNRESOLVED,unknown,0,E_cons_core|E_geometry,1,0.9586900538801244,0.03472731274954729,0.9428571428571428,0.0,196,1,10.79,2,2,False
DDA3937_RS04340,,ROGUE_SUSPECT,unknown,0,E_geometry|N_score|P_rogue,0,0.227388454634028,0.8166557386409362,0.0588235294117647,0.0,412,1,12.1,2,2,False
DDA3937_RS04345,,CONFIDENT_NONESSENTIAL,non-essential,1,E_geometry|N_score,0,0.259957220473472,0.8064627561417584,0.0,3.0,195,1,13.17,2,2,True
DDA3937_RS04350,,UNRESOLVED,unknown,0,,0,0.4318308514457588,0.6269424461965515,0.2222222222222222,1.0,317,0,14.02,2,2,False
DDA3937_RS04355,,ROGUE_SUSPECT,unknown,0,N_score|P_rogue,0,0.1108388761596972,0.919183323300915,0.0,0.0,760,1,16.01,2,2,True
DDA3937_RS04360,,UNRESOLVED,unknown,0,,0,0.3926805492618099,0.6312819653090884,0.1363636363636363,0.0,150,0,17.88,2,2,False
DDA3937_RS04365,,UNRESOLVED,unknown,0,E_cons_core,1,0.8953358488056101,0.09227745107795318,0.7666666666666667,0.0,313,0,17.71,2,2,False
DDA3937_RS04370,,ROGUE_SUSPECT,unknown,0,E_geometry|N_score|P_rogue,0,0.26626385074005,0.7857202407331982,0.0,0.0,142,1,16.82,2,2,False
DDA3937_RS04380,,CONFIDENT_NONESSENTIAL,non-essential,2,N_score|N_pangenome_strong,0,0.1006696229653449,0.9392835247361031,0.0,0.0,857,1,14.04,0,2,False
DDA3937_RS04385,,CONFIDENT_NONESSENTIAL,non-essential,2,N_score|N_pangenome_strong,0,0.084966466951891,0.9386725887431063,0.0,0.0,925,1,11.27,0,2,False
DDA3937_RS04390,,CONFIDENT_NONESSENTIAL,non-essential,2,N_score|N_pangenome_strong,0,0.1819045371651987,0.8557333754297077,0.0526315789473684,0.0,554,1,9.05,0,2,False
DDA3937_RS04395,,ROGUE_SUSPECT,unknown,0,E_geometry|N_score|P_rogue,0,0.2423398893178279,0.8004670137572341,0.0,0.0,202,1,7.73,2,2,False
DDA3937_RS04400,,ROGUE_SUSPECT,unknown,0,N_score|P_rogue,0,0.1740578877768508,0.8501341761343971,0.0,0.0,425,1,6.34,2,2,False
DDA3937_RS21950,,UNRESOLVED,unknown,0,,0,0.3024244653421088,0.798785538299686,0.0,1.0,96,0,5.44,2,2,False
DDA3937_RS04405,,UNRESOLVED,unknown,0,E_geometry|N_pangenome_some|N_mobile,0,0.357599783010657,0.74911346878549,0.0769230769230769,0.0,138,1,4.67,1,2,False
DDA3937_RS04410,,ROGUE_SUSPECT,unknown,0,E_geometry|N_score|N_mobile|P_rogue,0,0.2580874913325819,0.8486953529911103,0.0,0.0,230,1,4.08,2,2,False
DDA3937_RS04415,,CONFIDENT_NONESSENTIAL,non-essential,2,N_score|N_mobile,0,0.2138274285151803,0.8354122072069428,0.0454545454545454,1.0,432,1,3.07,2,2,True
DDA3937_RS04420,,UNRESOLVED,unknown,0,E_geometry|N_mobile,0,0.4352249831669821,0.5933898410761372,0.2352941176470588,0.0,300,1,1.75,2,2,False
DDA3937_RS04425,,UNRESOLVED,unknown,0,E_cons_core|E_geometry|N_mobile,0,0.7517247796329871,0.21367953063861317,0.5428571428571428,2.0,294,1,0.78,2,2,False
DDA3937_RS04430,,ROGUE_SUSPECT,unknown,0,E_geometry|N_score|N_mobile|P_rogue,0,0.2843051289203896,0.836290656639675,0.0,0.0,160,1,0.59,2,2,False
DDA3937_RS04445,,CONFIDENT_NONESSENTIAL,non-essential,4,N_score|N_pangenome_some|N_mobile|N_long_lagging,0,0.1326410408434957,0.9048315021237192,0.0,0.0,649,0,3.64,1,2,False
DDA3937_RS04450,,UNRESOLVED,unknown,0,N_redundancy,0,0.4519145287233566,0.5967291500382093,0.2571428571428571,10.0,406,0,5.22,2,2,True
DDA3937_RS04455,,UNRESOLVED,unknown,0,E_cons_core|E_geometry|F_core_redundant,1,0.9089511130347432,0.08164345686939618,0.7428571428571429,12.0,227,1,6.4,2,2,True
DDA3937_RS04460,,UNRESOLVED,unknown,0,N_redundancy,0,0.4723881728604576,0.5526580435708569,0.3142857142857143,7.0,468,1,7.44,2,2,False
DDA3937_RS04465,,UNRESOLVED,unknown,0,N_pangenome_some,0,0.3467461297086276,0.7298997173104254,0.1428571428571428,0.0,322,0,8.73,1,2,False
DDA3937_RS04470,,ROGUE_SUSPECT,unknown,0,E_geometry|N_score|P_rogue,0,0.2578960854078383,0.8121051499052047,0.0,0.0,185,1,10.03,2,2,False
DDA3937_RS04475,,UNRESOLVED,unknown,0,E_cons_core,1,0.8492532143129303,0.18106604465816803,0.6,0.0,170,0,10.87,2,2,False
DDA3937_RS04480,,ROGUE_SUSPECT,unknown,0,N_score|N_long_lagging|P_rogue|P_conditional,0,0.193228780765996,0.8719028948039886,0.0588235294117647,0.0,576,0,12.03,2,2,False
DDA3937_RS04485,,UNRESOLVED,unknown,0,,1,0.7888000866041205,0.23396061584339284,0.4838709677419355,1.0,86,0,13.07,2,2,False
DDA3937_RS04490,,UNRESOLVED,unknown,0,E_cons_core,0,0.7631813098483019,0.25099693466695117,0.5428571428571428,2.0,323,0,14.09,2,2,False
DDA3937_RS04495,,ROGUE_SUSPECT,unknown,0,N_score|P_rogue,0,0.2357896089297656,0.8254261629440953,0.0,0.0,257,0,15.12,2,2,False
DDA3937_RS04500,,UNRESOLVED,unknown,0,E_cons_core|E_geometry,1,0.9331532276594598,0.05172929163195849,0.8823529411764706,0.0,309,1,16.19,2,2,False
DDA3937_RS04505,,CONFIDENT_NONESSENTIAL,non-essential,2,N_score|N_redundancy,0,0.2138493206524703,0.820152389981649,0.03125,7.0,419,1,17.45,2,2,True
DDA3937_RS04510,,UNRESOLVED,unknown,0,E_cons_core,1,0.9355940363340284,0.06080836361237054,0.7916666666666666,0.0,93,0,18.27,2,2,False
DDA3937_RS04515,,UNRESOLVED,unknown,0,E_geometry,1,0.344201813783963,0.6859676639167928,0.1176470588235294,0.0,218,1,19.18,2,2,False
DDA3937_RS04520,,ROGUE_SUSPECT,unknown,0,N_score|P_rogue,0,0.2318248570605239,0.8404677501016589,0.0,0.0,288,0,20.02,2,2,False
DDA3937_RS04525,,CONFIDENT_NONESSENTIAL,non-essential,1,N_score,0,0.2880896668268025,0.7704998173094595,0.1111111111111111,0.0,388,0,21.16,2,2,True
DDA3937_RS04530,,ROGUE_SUSPECT,unknown,0,N_score|N_long_lagging|P_rogue|P_conditional,0,0.1732590544187709,0.8850361178122849,0.0,0.0,499,0,22.5,2,2,False
DDA3937_RS04535,,ROGUE_SUSPECT,unknown,0,N_score|P_rogue,0,0.1597211975660497,0.873041698012718,0.0,0.0,509,1,24.17,2,2,True
DDA3937_RS04540,,UNRESOLVED,unknown,0,E_cons_core,0,0.7089418674147234,0.3179895432878242,0.5666666666666667,0.0,548,0,25.8,2,2,False
DDA3937_RS04545,,UNRESOLVED,unknown,0,E_cons_core|F_core_redundant,1,0.8980417793176233,0.10438572716104418,0.6216216216216216,55.0,289,0,27.51,2,2,True
DDA3937_RS04550,,ROGUE_SUSPECT,unknown,0,E_geometry|N_score|P_rogue,0,0.2584910978528454,0.7786753036023909,0.0,0.0,155,1,28.28,2,2,False
DDA3937_RS04555,,CONFIDENT_NONESSENTIAL,non-essential,2,N_score|N_pangenome_some,0,0.241622930106781,0.8036084869025522,0.0,0.0,225,0,28.95,1,2,True
DDA3937_RS04560,,ROGUE_SUSPECT,unknown,0,E_geometry|N_score|P_rogue,0,0.2343159165666821,0.7900379853959056,0.0,0.0,218,1,29.71,2,2,False
DDA3937_RS04565,,ROGUE_SUSPECT,unknown,0,N_score|N_long_lagging|P_rogue|P_conditional,0,0.1654844001875597,0.8825985692610381,0.0,0.0,520,0,30.85,2,2,False
DDA3937_RS04570,,ROGUE_SUSPECT,unknown,0,N_score|P_rogue,0,0.2855273487354003,0.7834382399706495,0.0,0.0,117,0,31.86,2,2,False
DDA3937_RS04575,,ROGUE_SUSPECT,unknown,0,N_score|N_long_lagging|P_rogue|P_conditional,0,0.1727820802569985,0.8575722039764493,0.0,0.0,460,0,32.79,2,2,False
DDA3937_RS04580,,ROGUE_SUSPECT,unknown,0,N_score|P_rogue,0,0.2171405273108882,0.8343070569359982,0.0,0.0,319,0,33.96,2,2,False
DDA3937_RS04585,,UNRESOLVED,unknown,0,,0,0.4311009540229578,0.6265721687595986,0.1818181818181818,3.0,233,0,34.78,2,2,True
DDA3937_RS04590,,ROGUE_SUSPECT,unknown,0,N_score|P_rogue,0,0.2168451946446261,0.8374118991911108,0.0,0.0,325,0,36.2,2,2,False
DDA3937_RS04595,,UNRESOLVED,unknown,0,E_cons_core|E_geometry|F_core_redundant,1,0.8993496259253994,0.1147893922703048,0.6216216216216216,55.0,301,1,37.31,2,2,True
DDA3937_RS04600,,CONFIDENT_ESSENTIAL,essential,2,E_score|E_cons_core|N_pangenome_strong,0,0.9756976171901144,0.021692690327149898,1.0,0.0,69,0,37.94,0,2,False
DDA3937_RS04605,,UNRESOLVED,unknown,0,N_redundancy,0,0.6148561974175845,0.3878059027008215,0.3666666666666666,14.0,329,0,38.69,2,2,False
DDA3937_RS04610,,ROGUE_SUSPECT,unknown,0,N_score|P_rogue,0,0.2287160641025394,0.8020170115819434,0.0,0.0,256,0,39.56,2,2,False
DDA3937_RS04615,,UNRESOLVED,unknown,0,N_redundancy,0,0.4851321657148774,0.5590428851323118,0.2571428571428571,13.0,363,0,40.48,2,2,True
DDA3937_RS04620,,UNRESOLVED,unknown,0,N_redundancy,0,0.3471657149445831,0.7079130468246392,0.1153846153846153,5.0,276,0,41.44,2,2,True
DDA3937_RS04625,,UNRESOLVED,unknown,0,N_redundancy,0,0.3036697572704385,0.7503250530756025,0.0769230769230769,5.0,290,0,42.29,2,2,True
DDA3937_RS04630,,CONDITIONAL_SUSPECT,unknown,0,N_score|N_redundancy|N_long_lagging|P_conditional,0,0.1961546386181956,0.857664189270741,0.0,4.0,431,0,43.43,2,2,True
DDA3937_RS04635,,UNRESOLVED,unknown,0,N_redundancy,0,0.3496686670848786,0.7186620716104906,0.1351351351351351,15.0,398,0,44.83,2,2,True
DDA3937_RS04645,,UNRESOLVED,unknown,0,,1,0.6762650226728786,0.3375046163650496,0.4594594594594595,2.0,362,0,47.56,2,2,False
DDA3937_RS04650,,UNRESOLVED,unknown,0,E_cons_core|E_geometry|F_core_redundant,1,0.8906522521988293,0.10294244766165911,0.6216216216216216,55.0,319,1,47.59,2,2,True
DDA3937_RS04655,,ROGUE_SUSPECT,unknown,0,N_score|P_rogue,0,0.2673977587065446,0.7973585584081674,0.04,0.0,281,0,46.71,2,2,False
DDA3937_RS04660,,ROGUE_SUSPECT,unknown,0,N_score|P_rogue,0,0.2385228244163841,0.8441534784278568,0.0,0.0,292,0,45.85,2,2,False
DDA3937_RS04665,,ROGUE_SUSPECT,unknown,0,N_score|P_rogue,0,0.269688947604445,0.8266164926019499,0.0,0.0,205,0,45.1,2,2,False
DDA3937_RS04670,,ROGUE_SUSPECT,unknown,0,N_score|N_long_lagging|P_rogue|P_conditional,0,0.1535841362357793,0.8917114359052497,0.0,0.0,577,0,43.26,2,2,False
DDA3937_RS04680,,UNRESOLVED,unknown,0,E_geometry,0,0.3871635195502808,0.6860162728578217,0.125,0.0,178,1,41.8,2,2,True
DDA3937_RS04685,,UNRESOLVED,unknown,0,E_cons_core|E_geometry|F_core_redundant,1,0.8928381233444794,0.09867542863681349,0.6216216216216216,55.0,298,1,40.92,2,2,True
DDA3937_RS04695,,CONFIDENT_NONESSENTIAL,non-essential,2,N_score|N_pangenome_strong,0,0.2337602727718149,0.8004251456968762,0.0,0.0,243,0,39.53,0,2,False
DDA3937_RS04700,,ROGUE_SUSPECT,unknown,0,E_geometry|N_score|P_rogue,0,0.2284674896326954,0.823828036585133,0.0,0.0,275,1,38.48,2,2,False
DDA3937_RS04705,,ROGUE_SUSPECT,unknown,0,N_score|P_rogue,0,0.2134993025239628,0.8630072614191959,0.0,0.0,370,0,37.13,2,2,False
DDA3937_RS04710,,UNRESOLVED,unknown,0,,0,0.3209545270973095,0.7445043933457419,0.0909090909090909,1.0,262,0,35.77,2,2,True
DDA3937_RS04715,,CONFIDENT_NONESSENTIAL,non-essential,2,E_geometry|N_score|N_pangenome_some,0,0.236002108701023,0.7981147428405366,0.0,1.0,232,1,34.88,1,2,True
DDA3937_RS04720,,CONFIDENT_NONESSENTIAL,non-essential,2,E_geometry|N_score|N_pangenome_some,0,0.2736938552587568,0.7697584367239484,0.1,1.0,390,1,33.95,1,2,True
DDA3937_RS04725,,UNRESOLVED,unknown,0,E_geometry|N_redundancy,0,0.4544671253919867,0.562158018513833,0.2571428571428571,10.0,382,1,32.67,2,2,True
DDA3937_RS04730,,CONFIDENT_NONESSENTIAL,non-essential,2,N_score|N_redundancy,0,0.1149013011479065,0.916656319608487,0.0857142857142857,8.0,1022,1,30.56,2,2,True
DDA3937_RS04735,,ROGUE_SUSPECT,unknown,0,N_score|P_rogue,0,0.1904639876314242,0.8604730008156439,0.0,0.0,416,0,28.34,2,2,False
DDA3937_RS04740,,UNRESOLVED,unknown,0,E_geometry|N_redundancy,0,0.5262122762925395,0.4964896756756431,0.238095238095238,4.0,132,1,26.86,2,2,False
DDA3937_RS04750,,ROGUE_SUSPECT,unknown,0,N_score|P_rogue,0,0.1707468594713539,0.8928774806375653,0.0,0.0,509,1,16.29,2,2,False
DDA3937_RS04760,,ROGUE_SUSPECT,unknown,0,N_score|P_rogue,0,0.1709398684441564,0.8628024009437326,0.0,0.0,455,1,13.91,2,2,False
DDA3937_RS04765,,ROGUE_SUSPECT,unknown,0,N_score|P_rogue,0,0.1230993862039345,0.912159886750116,0.0,0.0,694,1,12.19,2,2,False
DDA3937_RS04770,,CONFIDENT_NONESSENTIAL,non-essential,1,E_geometry|N_score,0,0.2392911133663455,0.7995436006494314,0.0434782608695652,1.0,329,1,10.6,2,2,True
DDA3937_RS04775,,CONFIDENT_NONESSENTIAL,non-essential,2,E_geometry|N_score|N_pangenome_strong,0,0.2063778617120069,0.8389538912616238,0.0,0.0,329,1,9.57,0,2,False
DDA3937_RS04785,,UNRESOLVED,unknown,0,E_cons_core|E_geometry|F_core_redundant,1,0.9608552109541464,0.028617049444463125,0.945945945945946,16.0,242,1,7.84,2,2,True
DDA3937_RS04795,,UNRESOLVED,unknown,0,E_cons_core,1,0.9380355388997236,0.046252623375465915,0.945945945945946,2.0,431,1,6.04,2,2,False
DDA3937_RS04800,,UNRESOLVED,unknown,0,N_redundancy|N_mobile,0,0.3642738216995966,0.6639648362478695,0.2285714285714285,6.0,489,1,4.67,2,2,True
DDA3937_RS04805,,UNRESOLVED,unknown,0,N_redundancy|N_mobile,0,0.4249529026399042,0.5873527662951988,0.2571428571428571,10.0,431,1,3.3,2,2,True
DDA3937_RS04810,,CONFIDENT_NONESSENTIAL,non-essential,2,N_pangenome_strong|N_mobile,0,0.4786133825753224,0.6326049092228526,0.2,0.0,176,0,2.31,0,2,True
DDA3937_RS04815,,UNRESOLVED,unknown,0,N_redundancy|N_mobile,0,0.6984343151783738,0.43988302658330425,0.3939393939393939,9.0,247,0,0.95,2,2,False
DDA3937_RS04825,,CONFIDENT_NONESSENTIAL,non-essential,3,E_geometry|N_score|N_pangenome_strong|N_mobile,0,0.2035369509645885,0.8721532467394923,0.0,0.0,381,1,1.12,0,2,False
DDA3937_RS04840,,CONFIDENT_NONESSENTIAL,non-essential,4,N_score|N_pangenome_strong|N_mobile|N_long_lagging,0,0.0613144194794248,0.976802530531077,0.0,0.0,1249,0,4.83,0,2,False
DDA3937_RS04845,,ROGUE_SUSPECT,unknown,0,N_mobile|P_rogue,0,0.3140418373620089,0.8182881083582881,0.0,0.0,89,0,2.67,2,2,False
DDA3937_RS21960,,ROGUE_SUSPECT,unknown,0,N_mobile|P_rogue,0,0.3022764890674276,0.7991711887482247,0.0,0.0,87,0,2.3,2,2,False
DDA3937_RS21965,,CONFIDENT_ESSENTIAL,essential,3,E_score|E_cons_core|E_geometry|N_mobile,0,0.9735169746510666,0.021536182733970028,1.0,0.0,74,1,1.94,2,2,False
DDA3937_RS04855,,UNRESOLVED,unknown,0,E_geometry|N_pangenome_some|N_mobile,0,0.3257508863312772,0.8205765545058704,0.0,0.0,63,1,0.8,1,2,False
DDA3937_RS04860,,CONDITIONAL_SUSPECT,unknown,0,N_score|N_redundancy|N_mobile|N_long_lagging|P_conditional,0,0.2333739641380962,0.8378403190560634,0.0357142857142857,9.0,420,0,0.0,2,2,True
DDA3937_RS04870,,UNRESOLVED,unknown,0,N_mobile,0,0.4056237461020655,0.6348474287640204,0.3636363636363636,0.0,718,1,1.94,2,2,True
DDA3937_RS04885,,ROGUE_SUSPECT,unknown,0,N_score|N_mobile|N_long_lagging|P_rogue|P_conditional,0,0.1695997377639571,0.8792669722132572,0.0,0.0,486,0,1.53,2,2,False
DDA3937_RS04890,,ROGUE_SUSPECT,unknown,0,N_score|N_mobile|P_rogue,1,0.2045930537979034,0.8559746479680052,0.0,0.0,361,0,3.22,2,2,False
DDA3937_RS04895,,UNRESOLVED,unknown,0,N_mobile,0,0.6801912009667695,0.38299372958750755,0.36,0.0,91,0,3.95,2,2,False
DDA3937_RS04900,,ROGUE_SUSPECT,unknown,0,N_score|N_mobile|P_rogue,0,0.198074300716025,0.8469456473131333,0.0,0.0,364,0,4.63,2,2,False
DDA3937_RS04905,,ROGUE_SUSPECT,unknown,0,E_geometry|N_score|P_rogue,0,0.2854315612310205,0.751961177925147,0.0666666666666666,0.0,239,1,5.69,2,2,False
DDA3937_RS04910,,UNRESOLVED,unknown,0,E_geometry,0,0.630444254857594,0.40436008854448996,0.3333333333333333,0.0,115,1,6.22,2,2,False
DDA3937_RS04915,,ROGUE_SUSPECT,unknown,0,E_geometry|N_score|P_rogue,0,0.2324551962276833,0.8160888321822625,0.0,0.0,239,1,6.87,2,2,False
DDA3937_RS04920,,ROGUE_SUSPECT,unknown,0,N_score|P_rogue,0,0.0713515125350774,0.9535850312743098,0.0,0.0,1049,1,9.84,2,2,False
DDA3937_RS04925,,CONFIDENT_NONESSENTIAL,non-essential,2,N_score|N_redundancy,0,0.2723836915521423,0.7845200264282608,0.0625,8.0,347,0,12.01,2,2,True
DDA3937_RS04930,,ROGUE_SUSPECT,unknown,0,P_rogue,0,0.3023982556726583,0.7822151922042003,0.0,0.0,73,0,12.85,2,2,False
DDA3937_RS04935,,UNRESOLVED,unknown,0,,0,0.4979055731371601,0.5738254511596447,0.25,0.0,239,0,13.47,2,2,True
DDA3937_RS04940,,ROGUE_SUSPECT,unknown,0,N_score|P_rogue,0,0.2370999105567369,0.8068792648000109,0.0,0.0,229,0,14.27,2,2,False
DDA3937_RS04945,,UNRESOLVED,unknown,0,E_geometry,0,0.5491205292915174,0.5110295446861212,0.2758620689655172,0.0,176,1,15.65,2,2,False
DDA3937_RS04950,,ROGUE_SUSPECT,unknown,0,N_score|P_rogue,0,0.1122257220524097,0.9176822742216403,0.0,0.0,749,1,17.05,2,2,False
DDA3937_RS04955,,UNRESOLVED,unknown,0,E_cons_core|E_geometry,1,0.9568565785297556,0.03504696375258975,0.9696969696969696,0.0,288,1,18.8,2,2,False
DDA3937_RS04960,,UNRESOLVED,unknown,0,E_cons_core|E_geometry,0,0.963767003145388,0.02928145560854528,1.0,0.0,265,1,19.66,2,2,False
DDA3937_RS04965,,ROGUE_SUSPECT,unknown,0,E_geometry|N_score|P_rogue,0,0.2508710199851494,0.778177120463315,0.0,0.0,164,1,20.55,2,2,False
DDA3937_RS04970,,ROGUE_SUSPECT,unknown,0,E_geometry|N_score|P_rogue,0,0.2389123264911729,0.7864425255362544,0.0,0.0,198,1,21.08,2,2,False
DDA3937_RS04975,,ROGUE_SUSPECT,unknown,0,E_geometry|N_score|P_rogue,0,0.2593331837608391,0.7795731293984188,0.0,0.0,149,1,21.59,2,2,False
DDA3937_RS04980,,ROGUE_SUSPECT,unknown,0,E_geometry|N_score|P_rogue,0,0.2634010066511736,0.7681023250400434,0.0,0.0,129,1,21.99,2,2,False
DDA3937_RS04985,,ROGUE_SUSPECT,unknown,0,N_score|P_rogue,0,0.0825976357391442,0.9471185946163208,0.0,0.0,970,1,23.68,2,2,False
DDA3937_RS04990,,UNRESOLVED,unknown,0,,0,0.5509730708023548,0.5016926334450423,0.375,0.0,442,0,25.91,2,2,False
DDA3937_RS04995,,UNRESOLVED,unknown,0,E_geometry,0,0.4084088213069058,0.6410320144560255,0.2413793103448276,1.0,413,1,27.41,2,2,False
DDA3937_RS05010,,CONFIDENT_NONESSENTIAL,non-essential,1,E_geometry|N_score,0,0.2837941944264293,0.7647755001110689,0.1111111111111111,0.0,385,1,29.09,2,2,True
DDA3937_RS05015,,CONFIDENT_NONESSENTIAL,non-essential,1,N_pangenome_strong,0,0.3180660089636988,0.7328361618772308,0.0588235294117647,0.0,160,0,29.95,0,2,False
DDA3937_RS05020,,UNRESOLVED,unknown,0,,0,0.3917943745159339,0.6678175959343119,0.1891891891891892,2.0,338,0,30.7,2,2,True
DDA3937_RS05025,,UNRESOLVED,unknown,0,,0,0.3927894307524397,0.6851447605208077,0.1176470588235294,0.0,149,0,31.45,2,2,True
DDA3937_RS05030,,ROGUE_SUSPECT,unknown,0,E_geometry|N_score|P_rogue,0,0.2238776335356191,0.8220031375396138,0.0,0.0,278,1,32.31,2,2,False
DDA3937_RS05035,,UNRESOLVED,unknown,0,E_cons_core,0,0.7920912044588139,0.19348587411675638,0.5238095238095238,1.0,148,0,32.94,2,2,False
DDA3937_RS05040,,UNRESOLVED,unknown,0,E_cons_core,0,0.9447813070401232,0.045991256521974645,0.9428571428571428,3.0,402,0,33.76,2,2,True
DDA3937_RS05045,,CONFIDENT_NONESSENTIAL,non-essential,1,E_geometry|N_pangenome_strong,0,0.6609747192510571,0.3986041274204034,0.3333333333333333,0.0,74,1,34.65,0,2,False
DDA3937_RS05050,,UNRESOLVED,unknown,0,E_cons_core|E_geometry|F_core_redundant,1,0.8960095548135933,0.11307206154593094,0.6216216216216216,55.0,309,1,35.58,2,2,True
DDA3937_RS05055,,ROGUE_SUSPECT,unknown,0,E_geometry|P_rogue,0,0.3668032305037246,0.6875619599454014,0.0952380952380952,0.0,129,1,36.34,2,2,False
DDA3937_RS05060,,ROGUE_SUSPECT,unknown,0,E_geometry|N_score|P_rogue,0,0.2789215375100036,0.7751528751959087,0.0952380952380952,0.0,367,1,37.09,2,2,False
DDA3937_RS05065,,ROGUE_SUSPECT,unknown,0,N_score|P_rogue,0,0.2366155243009471,0.816638410339053,0.0,0.0,254,0,38.07,2,2,False
DDA3937_RS05070,,ROGUE_SUSPECT,unknown,0,N_score|N_long_lagging|P_rogue|P_conditional,0,0.1842426441193451,0.8723809937835011,0.0,0.0,455,0,39.19,2,2,False
DDA3937_RS05075,,ROGUE_SUSPECT,unknown,0,E_geometry|N_score|P_rogue,0,0.2574817848396074,0.7981814033552748,0.0,0.0,183,1,40.41,2,2,False
DDA3937_RS05080,,UNRESOLVED,unknown,0,E_geometry,0,0.4660362735238618,0.5447058109051145,0.1875,0.0,107,1,41.52,2,2,False
DDA3937_RS05085,,CONFIDENT_NONESSENTIAL,non-essential,1,E_geometry|N_score,0,0.2636859535264341,0.7783778346824385,0.04,1.0,262,1,42.08,2,2,True
DDA3937_RS05090,,UNRESOLVED,unknown,0,E_geometry,0,0.318732631836227,0.7279293795175372,0.0555555555555555,1.0,151,1,42.71,2,2,False
DDA3937_RS05095,,ROGUE_SUSPECT,unknown,0,P_rogue,1,0.2946509459068414,0.8054763707613293,0.0,0.0,129,0,43.23,2,2,False
DDA3937_RS05100,,UNRESOLVED,unknown,0,E_cons_core,1,0.9650152886477372,0.029938960358902537,1.0,0.0,275,0,43.96,2,2,True
DDA3937_RS05105,,CONDITIONAL_SUSPECT,unknown,0,N_score|N_long_lagging|P_conditional,0,0.1593268518438617,0.8928066824543429,0.125,0.0,894,0,45.78,2,2,False
DDA3937_RS05110,,UNRESOLVED,unknown,0,E_cons_core,1,0.8602595047476559,0.15144449986165456,0.6571428571428571,0.0,265,0,47.57,2,2,False
DDA3937_RS05115,,CONFIDENT_ESSENTIAL,essential,3,E_score|E_cons_core|E_geometry,1,0.9672392215146652,0.0296041736035525,1.0,0.0,242,1,48.7,2,2,True
DDA3937_RS05120,,UNRESOLVED,unknown,0,E_cons_core|E_geometry,1,0.9644441131200768,0.031376157685494926,1.0,0.0,286,1,49.62,2,2,True
DDA3937_RS05125,,UNRESOLVED,unknown,0,E_cons_core|E_geometry,1,0.9615783227369736,0.031131350259588318,0.972972972972973,0.0,244,1,50.58,2,2,True
DDA3937_RS05130,,CONFIDENT_ESSENTIAL,essential,3,E_score|E_cons_core|E_geometry,1,0.969600959613333,0.02558209709204486,1.0,0.0,186,1,51.37,2,2,True
DDA3937_RS05135,,UNRESOLVED,unknown,0,E_cons_core|E_geometry,1,0.9568721075778382,0.037404017573897226,1.0,0.0,398,1,52.44,2,2,True
DDA3937_RS05140,,UNRESOLVED,unknown,0,E_cons_core|E_geometry,1,0.957927822233079,0.03916441430021359,0.945945945945946,0.0,254,1,53.6,2,2,True
DDA3937_RS05145,,UNRESOLVED,unknown,0,E_cons_core|E_geometry,1,0.9640526430564568,0.03012310142727136,1.0,0.0,285,1,54.42,2,2,True
DDA3937_RS05150,,UNRESOLVED,unknown,0,,0,0.5448077149943718,0.5045444662732763,0.3714285714285714,0.0,452,1,55.55,2,2,False
DDA3937_RS05155,,UNRESOLVED,unknown,0,E_cons_core,1,0.9187417942588294,0.07936192335996775,1.0,0.0,806,1,57.47,2,2,True
DDA3937_RS05160,,UNRESOLVED,unknown,0,E_cons_core|E_geometry,0,0.9323289111481226,0.06692035409798214,0.8,0.0,166,1,59.07,2,2,False
DDA3937_RS05165,,UNRESOLVED,unknown,0,E_cons_core|E_geometry,1,0.9562646254335578,0.03975553827761968,0.9705882352941176,0.0,341,1,59.83,2,2,True
DDA3937_RS05170,,CONFIDENT_ESSENTIAL,essential,3,E_score|E_cons_core|E_geometry,1,0.9679633380749372,0.028943350142180232,0.96875,0.0,152,1,60.72,2,2,True
DDA3937_RS05175,,UNRESOLVED,unknown,0,E_cons_core|E_geometry,1,0.9610935074790056,0.03364360950221927,0.9705882352941176,0.0,263,1,61.34,2,2,True
DDA3937_RS05180,,UNRESOLVED,unknown,0,E_cons_core|E_geometry,1,0.9571899175685076,0.03422248996577787,1.0,0.0,383,1,62.31,2,2,True
DDA3937_RS05185,,UNRESOLVED,unknown,0,E_geometry,0,0.4103193007930611,0.6252159985349707,0.1621621621621621,0.0,199,1,63.18,2,2,True
DDA3937_RS05190,,UNRESOLVED,unknown,0,E_cons_core,1,0.8612084127426406,0.14245820695894562,1.0,0.0,1161,1,65.3,2,2,False
DDA3937_RS05195,,UNRESOLVED,unknown,0,E_cons_core|E_geometry,1,0.9624170112869048,0.03184802052083462,1.0,0.0,320,1,67.53,2,2,True
DDA3937_RS05200,,UNRESOLVED,unknown,0,E_geometry,0,0.5996615349489429,0.4333513180036908,0.3,0.0,130,1,68.39,2,2,False
DDA3937_RS05205,,UNRESOLVED,unknown,0,E_cons_core,1,0.9517532187063504,0.03578323907976055,1.0,0.0,443,1,69.24,2,2,True
DDA3937_RS05210,,ROGUE_SUSPECT,unknown,0,P_rogue,0,0.314550955143634,0.7882224036160992,0.0,0.0,87,0,70.08,2,2,False
DDA3937_RS05215,,UNRESOLVED,unknown,0,E_cons_core,0,0.8170937358194434,0.2202901904424516,0.5,0.0,67,0,70.3,2,2,False
DDA3937_RS05220,,ROGUE_SUSPECT,unknown,0,E_geometry|P_rogue,0,0.3436380316938016,0.7204862545614698,0.0833333333333333,0.0,183,1,70.91,2,2,True
DDA3937_RS05225,,ROGUE_SUSPECT,unknown,0,E_geometry|N_score|P_rogue,0,0.2569952553466627,0.7991810127765134,0.0,0.0,201,1,71.53,2,2,False
DDA3937_RS05230,,ROGUE_SUSPECT,unknown,0,N_score|N_long_lagging|P_rogue|P_conditional,0,0.1059090289045283,0.9336791155621885,0.0,0.0,853,0,73.19,2,2,False
DDA3937_RS05235,,CONFIDENT_NONESSENTIAL,non-essential,1,N_pangenome_strong,0,0.3265726919467684,0.7812726862852708,0.0666666666666666,0.0,238,0,75.35,0,2,True
DDA3937_RS05240,,UNRESOLVED,unknown,0,,0,0.6031101130453804,0.4610631772816401,0.3333333333333333,0.0,245,0,76.11,2,2,False
DDA3937_RS05245,,CONFIDENT_NONESSENTIAL,non-essential,2,N_score|N_pangenome_some,0,0.2888359151625126,0.795261324280025,0.0,0.0,145,0,76.72,1,2,False
DDA3937_RS05255,,CONFIDENT_NONESSENTIAL,non-essential,2,N_score|N_pangenome_some,0,0.2309667154155396,0.8122532008834241,0.0,0.0,281,0,77.9,1,2,True
DDA3937_RS05260,,UNRESOLVED,unknown,0,E_geometry|N_pangenome_some,0,0.3021673537229451,0.7436480779927157,0.05,0.0,193,1,78.79,1,2,True
DDA3937_RS05265,,UNRESOLVED,unknown,0,N_pangenome_some,0,0.372099698749657,0.6792587498534596,0.1578947368421052,0.0,309,0,79.75,1,2,True
DDA3937_RS05270,,CONFIDENT_NONESSENTIAL,non-essential,2,N_score|N_pangenome_strong,0,0.2410684307586249,0.8023152346143011,0.05,0.0,382,0,80.8,0,2,True
DDA3937_RS05275,,UNRESOLVED,unknown,0,E_cons_core|E_geometry|F_core_redundant,1,0.8959937476704037,0.09843972258686037,0.6216216216216216,55.0,304,1,81.93,2,2,True
DDA3937_RS05280,,CONFIDENT_NONESSENTIAL,non-essential,2,N_score|N_pangenome_strong,0,0.2100205766241055,0.8656216581503081,0.0,0.0,404,0,83.04,0,2,True
DDA3937_RS05285,,ROGUE_SUSPECT,unknown,0,E_geometry|N_score|P_rogue,0,0.2235433727553695,0.8634918130057522,0.0,0.0,364,1,85.21,2,2,False
DDA3937_RS05290,,UNRESOLVED,unknown,0,E_geometry|N_redundancy,0,0.5206351307274514,0.5302698413533434,0.2432432432432432,7.0,227,1,86.1,2,2,False
DDA3937_RS05295,,ROGUE_SUSPECT,unknown,0,N_score|P_rogue,0,0.1582337631471145,0.8972589703779184,0.0,0.0,588,1,87.58,2,2,False
DDA3937_RS05300,,CONFIDENT_NONESSENTIAL,non-essential,1,N_score,0,0.231151677528612,0.8221645396684878,0.0384615384615384,1.0,407,0,89.14,2,2,True
DDA3937_RS05305,,ROGUE_SUSPECT,unknown,0,E_geometry|P_rogue,0,0.3701807048962452,0.6916199755601523,0.08,0.0,114,1,90.27,2,2,True
DDA3937_RS05310,,ROGUE_SUSPECT,unknown,0,N_score|P_rogue,0,0.2497748545992035,0.8070848039957808,0.0,0.0,242,0,90.89,2,2,False
DDA3937_RS05315,,UNRESOLVED,unknown,0,,0,0.5607891110439838,0.5175198954645972,0.25,0.0,140,0,91.47,2,2,False
DDA3937_RS05320,,ROGUE_SUSPECT,unknown,0,N_score|P_rogue,0,0.278724840882027,0.8057799962206974,0.0,0.0,184,0,91.95,2,2,False
DDA3937_RS05325,,ROGUE_SUSPECT,unknown,0,N_score|P_rogue,0,0.2033692123048788,0.8575582471420329,0.0,0.0,412,0,92.87,2,2,False
DDA3937_RS05330,,ROGUE_SUSPECT,unknown,0,E_geometry|N_score|P_rogue,0,0.2754275984625026,0.8179881763772603,0.0,0.0,199,1,94.23,2,2,False
DDA3937_RS05335,,UNRESOLVED,unknown,0,E_cons_core|F_core_redundant,1,0.9072039156026038,0.11076208365934181,0.6216216216216216,55.0,294,0,95.08,2,2,True
DDA3937_RS05340,,UNRESOLVED,unknown,0,E_geometry,0,0.4881757980880178,0.5770009236455879,0.2,3.0,177,1,95.95,2,2,True
DDA3937_RS05345,,CONFIDENT_NONESSENTIAL,non-essential,1,E_geometry|N_score,0,0.1975747901663632,0.8373323605672065,0.0,2.0,404,1,96.79,2,2,True
DDA3937_RS05350,,CONDITIONAL_SUSPECT,unknown,0,N_redundancy|N_long_lagging|P_conditional,0,0.3440257324590447,0.7189163647558836,0.1481481481481481,8.0,424,0,98.09,2,2,True
DDA3937_RS05355,,CONDITIONAL_SUSPECT,unknown,0,N_long_lagging|P_conditional,0,0.3084274350248221,0.742052256385455,0.15,2.0,476,0,99.45,2,2,True
DDA3937_RS05360,,UNRESOLVED,unknown,0,E_cons_core|E_geometry|F_core_redundant,1,0.8978885114017529,0.10244225741390774,0.6216216216216216,55.0,314,1,100.81,2,2,True
DDA3937_RS05365,,UNRESOLVED,unknown,0,,0,0.6273480824421325,0.40211641065593573,0.3478260869565217,1.0,219,0,101.64,2,2,False
DDA3937_RS05370,,ROGUE_SUSPECT,unknown,0,N_score|P_rogue,0,0.2031158369401488,0.8455529905196876,0.0,0.0,400,0,102.68,2,2,False
DDA3937_RS05375,,ROGUE_SUSPECT,unknown,0,E_geometry|N_score|P_rogue,0,0.2117799950983376,0.8410184198644145,0.0,0.0,367,1,104.21,2,2,False
DDA3937_RS05380,,CONFIDENT_NONESSENTIAL,non-essential,1,N_pangenome_strong,0,0.3343916282440358,0.7146861335673936,0.2142857142857142,0.0,559,1,105.7,0,2,True
DDA3937_RS05385,,UNRESOLVED,unknown,0,E_geometry,0,0.3099438097038803,0.7511057316311718,0.1034482758620689,1.0,349,1,107.24,2,2,True
DDA3937_RS05390,,UNRESOLVED,unknown,0,E_cons_core|E_geometry,1,0.908292212370548,0.07482111788857136,0.7352941176470589,1.0,174,1,108.33,2,2,False
DDA3937_RS05395,,UNRESOLVED,unknown,0,E_geometry,0,0.5188632825269633,0.5466016146312651,0.2,0.0,95,1,108.77,2,2,False
DDA3937_RS05400,,CONFIDENT_NONESSENTIAL,non-essential,1,N_score,0,0.1817204107921215,0.8735487433612282,0.037037037037037,1.0,597,1,110.31,2,2,True
DDA3937_RS05405,,ROGUE_SUSPECT,unknown,0,P_rogue,0,0.3075660927236022,0.7606898738546648,0.08,0.0,304,0,111.85,2,2,True
DDA3937_RS05410,,UNRESOLVED,unknown,0,E_geometry,0,0.4213645889232004,0.604858814947558,0.2,2.0,304,1,112.93,2,2,False
DDA3937_RS05415,,ROGUE_SUSPECT,unknown,0,N_score|N_long_lagging|P_rogue|P_conditional,0,0.0624569974457422,0.9665870431362394,0.0,0.0,1228,0,115.26,2,2,False
DDA3937_RS05420,,ROGUE_SUSPECT,unknown,0,N_score|P_rogue,0,0.250981431194727,0.8217633357225425,0.0526315789473684,0.0,411,0,117.72,2,2,False
DDA3937_RS05425,,UNRESOLVED,unknown,0,E_cons_core|E_geometry|F_core_redundant,1,0.9197917345629776,0.08182103751181478,0.7428571428571429,12.0,230,1,119.05,2,2,True
DDA3937_RS05430,,ROGUE_SUSPECT,unknown,0,N_score|P_rogue,0,0.2182169644698656,0.8328520946665773,0.0344827586206896,0.0,441,1,120.09,2,2,False
DDA3937_RS05435,,UNRESOLVED,unknown,0,E_geometry,0,0.4011043442527729,0.6285908350332565,0.1923076923076923,0.0,326,1,121.32,2,2,False
DDA3937_RS05440,,UNRESOLVED,unknown,0,E_geometry,0,0.4048082419018039,0.6553779179828193,0.2,1.0,369,1,122.56,2,2,False
DDA3937_RS05445,,ROGUE_SUSPECT,unknown,0,N_score|P_rogue,0,0.193032681816073,0.8538327205094554,0.0,0.0,440,1,124.19,2,2,False
DDA3937_RS05450,,CONFIDENT_NONESSENTIAL,non-essential,2,N_score|N_redundancy,0,0.2304677998595693,0.8321653259093488,0.03125,7.0,451,1,125.62,2,2,True
DDA3937_RS05455,,UNRESOLVED,unknown,0,,1,0.4203555411946877,0.6786650473863063,0.1351351351351351,1.0,201,0,126.68,2,2,True
DDA3937_RS05460,,ROGUE_SUSPECT,unknown,0,N_score|P_rogue,0,0.2740130773191351,0.797954678141997,0.0,0.0,202,0,127.47,2,2,False
DDA3937_RS05465,,ROGUE_SUSPECT,unknown,0,E_geometry|N_score|P_rogue,0,0.2915777324134257,0.7669941776284408,0.0857142857142857,0.0,356,1,128.46,2,2,True
DDA3937_RS05470,,UNRESOLVED,unknown,0,E_geometry,0,0.4051532312745868,0.6806893303175039,0.2,0.0,387,1,129.67,2,2,True
DDA3937_RS05475,,UNRESOLVED,unknown,0,E_cons_core|E_geometry,1,0.9269117173501008,0.07763079697569145,0.7428571428571429,0.0,112,1,130.5,2,2,False
DDA3937_RS05480,,UNRESOLVED,unknown,0,E_cons_core,1,0.9164475706186208,0.08321050086420688,0.90625,0.0,616,1,131.62,2,2,False
DDA3937_RS05485,,UNRESOLVED,unknown,0,E_cons_core|E_geometry,1,0.9488597198573996,0.04863884909346306,0.9117647058823528,0.0,324,1,133.04,2,2,True
DDA3937_RS05490,,ROGUE_SUSPECT,unknown,0,N_score|P_rogue,0,0.2806292905597093,0.7929895056788537,0.0,0.0,187,0,133.9,2,2,False
DDA3937_RS05495,,ROGUE_SUSPECT,unknown,0,N_score|N_long_lagging|P_rogue|P_conditional,0,0.1059203409545592,0.9391906938086656,0.0,0.0,902,0,135.7,2,2,True
DDA3937_RS05500,,UNRESOLVED,unknown,0,E_geometry,0,0.615517327819397,0.44672777688543125,0.3,0.0,150,1,137.75,2,2,False
DDA3937_RS05505,,UNRESOLVED,unknown,0,E_cons_core|E_geometry,1,0.9602111443011526,0.030552702738598638,1.0,0.0,371,1,138.6,2,2,True
DDA3937_RS05510,,UNRESOLVED,unknown,0,E_cons_core|E_geometry,1,0.96202124690769,0.03398684696604113,0.918918918918919,0.0,158,1,139.51,2,2,True
DDA3937_RS05515,,CONFIDENT_ESSENTIAL,essential,3,E_score|E_cons_core|E_geometry,1,0.974127107693746,0.022101101094304968,1.0,0.0,140,1,139.98,2,2,True
DDA3937_RS05520,,UNRESOLVED,unknown,0,E_cons_core|E_geometry,1,0.9638861289121436,0.029211936247374663,1.0,0.0,325,1,140.74,2,2,True
DDA3937_RS05525,,UNRESOLVED,unknown,0,E_cons_core|E_geometry,1,0.9152517308686898,0.08475037491514888,0.7333333333333333,0.0,171,1,140.62,2,2,False
DDA3937_RS05530,,UNRESOLVED,unknown,0,E_cons_core,1,0.9375555771895971,0.06187199076862734,0.9714285714285714,0.0,621,0,139.32,2,2,False
DDA3937_RS05535,,CONFIDENT_ESSENTIAL,essential,2,E_score|E_cons_core,1,0.9668916760539892,0.029438925779498592,1.0,1.0,304,0,137.9,2,2,True
DDA3937_RS05540,,UNRESOLVED,unknown,0,E_cons_core,1,0.8979477215406352,0.11475420481504875,0.6451612903225806,0.0,83,0,137.33,2,2,False
DDA3937_RS05545,,UNRESOLVED,unknown,0,E_cons_core,0,0.7483853421463996,0.2899707465361631,0.5625,0.0,483,1,136.21,2,2,False
DDA3937_RS05550,,UNRESOLVED,unknown,0,,0,0.4520457728786384,0.613370337003426,0.1666666666666666,3.0,199,0,135.12,2,2,True
DDA3937_RS05555,,UNRESOLVED,unknown,0,,0,0.5031136195798374,0.5847138004967819,0.25,1.0,307,0,134.4,2,2,True
DDA3937_RS05560,,UNRESOLVED,unknown,0,E_geometry,0,0.5659500463634834,0.5130253381078926,0.2580645161290322,0.0,164,1,133.53,2,2,False
DDA3937_RS05565,,UNRESOLVED,unknown,0,E_cons_core|E_geometry,0,0.810705489614453,0.21072166836249565,0.5882352941176471,0.0,331,1,132.22,2,2,False
DDA3937_RS05570,,ROGUE_SUSPECT,unknown,0,E_geometry|N_score|P_rogue,0,0.2896097927088727,0.7988838030064342,0.0,0.0,168,1,131.37,2,2,False
DDA3937_RS05575,,CONDITIONAL_SUSPECT,unknown,0,N_redundancy|N_long_lagging|P_conditional,0,0.3549895599849292,0.7446116246635863,0.1351351351351351,15.0,455,0,130.4,2,2,True
DDA3937_RS05585,,UNRESOLVED,unknown,0,,0,0.3987949410755991,0.6943219409608626,0.15625,1.0,305,0,128.17,2,2,True
DDA3937_RS05590,,CONFIDENT_NONESSENTIAL,non-essential,1,N_pangenome_strong,0,0.3997474569906403,0.6977845467585772,0.1578947368421052,0.0,304,0,126.97,0,2,True
DDA3937_RS05595,,UNRESOLVED,unknown,0,,0,0.5069853482905157,0.5936375445612863,0.25,0.0,297,0,125.78,2,2,False
DDA3937_RS05600,,UNRESOLVED,unknown,0,,1,0.7054678797371225,0.3759821314463294,0.3636363636363636,0.0,111,0,125.15,2,2,False
DDA3937_RS05605,,UNRESOLVED,unknown,0,,1,0.573967926759626,0.5181215923565822,0.2758620689655172,0.0,205,0,124.68,2,2,False
DDA3937_RS05610,,CONDITIONAL_SUSPECT,unknown,0,N_long_lagging|P_conditional,0,0.3424741366325158,0.763789624956374,0.2352941176470588,0.0,664,0,123.39,2,2,True
DDA3937_RS05615,,UNRESOLVED,unknown,0,,0,0.4305001822530424,0.6985577679081872,0.1818181818181818,0.0,317,0,121.89,2,2,True
DDA3937_RS05620,,ROGUE_SUSPECT,unknown,0,N_score|N_long_lagging|P_rogue|P_conditional,0,0.2149245263892864,0.8574745468580147,0.0344827586206896,0.0,490,0,120.22,2,2,False
DDA3937_RS05625,,ROGUE_SUSPECT,unknown,0,N_score|P_rogue,0,0.2777112422073872,0.8005876912417151,0.0,0.0,193,0,119.14,2,2,False
DDA3937_RS05630,,UNRESOLVED,unknown,0,E_geometry,0,0.6933567638285053,0.33716615301941205,0.3666666666666666,1.0,105,1,118.37,2,2,False
DDA3937_RS05635,,UNRESOLVED,unknown,0,,0,0.3533401521101248,0.7328653466719306,0.1714285714285714,0.0,435,1,117.21,2,2,True
DDA3937_RS05640,,UNRESOLVED,unknown,0,E_cons_core|E_geometry,0,0.7895263627206831,0.240477392638607,0.5142857142857142,0.0,208,1,115.84,2,2,False
DDA3937_RS05645,,UNRESOLVED,unknown,0,,0,0.637183260719201,0.42224449230947186,0.4285714285714285,0.0,425,1,114.77,2,2,False
DDA3937_RS05650,,UNRESOLVED,unknown,0,,0,0.4367965124271754,0.6518126966875939,0.3823529411764705,0.0,788,1,112.76,2,2,True
DDA3937_RS05655,,CONFIDENT_ESSENTIAL,essential,3,E_score|E_cons_core|E_geometry,1,0.9740066532746672,0.024817544407735634,0.9714285714285714,3.0,91,1,111.25,2,2,True
DDA3937_RS05660,,UNRESOLVED,unknown,0,,0,0.3658653193101063,0.7212190187329887,0.2571428571428571,0.0,627,1,109.91,2,2,False
DDA3937_RS05665,,ROGUE_SUSPECT,unknown,0,E_geometry|P_rogue,0,0.3614962932090483,0.7182956254969743,0.0666666666666666,0.0,125,1,108.65,2,2,False
DDA3937_RS05670,,ROGUE_SUSPECT,unknown,0,N_score|P_rogue,0,0.292610517818587,0.7961496223404654,0.0294117647058823,0.0,232,0,108.0,2,2,False
DDA3937_RS05675,,UNRESOLVED,unknown,0,E_cons_core,0,0.7744523215095582,0.2590462100269746,0.5428571428571428,2.0,351,0,107.0,2,2,False
DDA3937_RS05680,,UNRESOLVED,unknown,0,E_cons_core|E_geometry|F_core_redundant,0,0.8361398581912673,0.1942285675259098,0.5428571428571428,7.0,154,1,106.11,2,2,False
DDA3937_RS05685,,UNRESOLVED,unknown,0,E_cons_core,1,0.9382801133534578,0.05769466746044516,0.9714285714285714,2.0,589,1,104.92,2,2,True
DDA3937_RS05690,,UNRESOLVED,unknown,0,E_cons_core,1,0.9374327315611354,0.05900042918714904,0.9714285714285714,2.0,598,1,103.15,2,2,True
DDA3937_RS05695,,UNRESOLVED,unknown,0,E_cons_core|E_geometry,0,0.8423747274757647,0.18000719171307772,0.5555555555555556,1.0,113,1,101.79,2,2,False
DDA3937_RS05700,,ROGUE_SUSPECT,unknown,0,N_score|P_rogue,0,0.1953056460824485,0.8602636204541407,0.0,0.0,431,1,100.93,2,2,True
DDA3937_RS05705,,ROGUE_SUSPECT,unknown,0,N_score|P_rogue,0,0.2441701575343588,0.8320296365915028,0.0,0.0,288,0,99.76,2,2,False
DDA3937_RS05710,,ROGUE_SUSPECT,unknown,0,E_geometry|N_score|P_rogue,0,0.2698492423198855,0.7972670199498968,0.0,0.0,186,1,98.81,2,2,False
DDA3937_RS05715,,ROGUE_SUSPECT,unknown,0,P_rogue,0,0.3534381238959527,0.7335121957810978,0.05,0.0,110,0,98.34,2,2,False
DDA3937_RS05720,,ROGUE_SUSPECT,unknown,0,P_rogue,1,0.3424321052081746,0.8029573298659132,0.0,0.0,68,0,97.51,2,2,False
DDA3937_RS05725,,ROGUE_SUSPECT,unknown,0,P_rogue,0,0.3237490204591119,0.8218736755006639,0.0,0.0,123,0,97.17,2,2,False
DDA3937_RS21985,,UNRESOLVED,unknown,0,E_cons_core,0,0.9437586473862688,0.06413414673314524,0.7777777777777778,0.0,48,0,96.41,2,2,False
DDA3937_RS05730,,CONFIDENT_ESSENTIAL,essential,2,E_score|E_cons_core,1,0.9778581594815868,0.023960043903194554,1.0,1.0,84,0,96.2,2,2,True
DDA3937_RS05735,,CONDITIONAL_SUSPECT,unknown,0,N_score|N_redundancy|N_long_lagging|P_conditional,0,0.1272131250623133,0.9297633913482808,0.0857142857142857,8.0,1049,0,94.32,2,2,True
DDA3937_RS05740,,UNRESOLVED,unknown,0,N_redundancy,0,0.482665821424565,0.5998371197545602,0.2571428571428571,10.0,402,0,92.13,2,2,True
DDA3937_RS05745,,UNRESOLVED,unknown,0,E_geometry|N_redundancy,1,0.7373555116666536,0.33421895846470284,0.4324324324324324,7.0,217,1,91.06,2,2,False
DDA3937_RS05750,,CONFIDENT_NONESSENTIAL,non-essential,1,N_score,0,0.0707439245174853,0.9603689498121761,0.0,1.0,1128,1,88.96,2,2,False
DDA3937_RS05755,,UNRESOLVED,unknown,0,E_cons_core,0,0.812877085476812,0.1992564861666028,0.5,0.0,61,0,87.12,2,2,False
DDA3937_RS05760,,ROGUE_SUSPECT,unknown,0,N_score|P_rogue,0,0.2680828568259354,0.7864817834642542,0.0,0.0,178,0,86.69,2,2,False
DDA3937_RS05765,,CONFIDENT_NONESSENTIAL,non-essential,2,N_score|N_pangenome_strong,0,0.2522369034748587,0.8266949314190302,0.0,0.0,257,0,85.97,0,2,False
DDA3937_RS05770,,ROGUE_SUSPECT,unknown,0,E_geometry|P_rogue,0,0.3213444713186887,0.7277191981935256,0.0416666666666666,0.0,123,1,85.28,2,2,False
DDA3937_RS05775,,ROGUE_SUSPECT,unknown,0,E_geometry|N_score|P_rogue,0,0.2619363311472664,0.7894660224408065,0.0,0.0,185,1,84.64,2,2,False
DDA3937_RS05780,,UNRESOLVED,unknown,0,E_cons_core,1,0.9324695857180084,0.0563982609731701,1.0,0.0,673,1,83.28,2,2,False
DDA3937_RS05785,,UNRESOLVED,unknown,0,E_cons_core|E_geometry,1,0.9048537901916168,0.09292099583968595,0.696969696969697,0.0,110,1,82.06,2,2,False
DDA3937_RS05790,,ROGUE_SUSPECT,unknown,0,E_geometry|N_score|P_rogue,0,0.2734177551339092,0.7565281693320575,0.0285714285714285,0.0,202,1,81.59,2,2,False
DDA3937_RS05795,,ROGUE_SUSPECT,unknown,0,N_score|P_rogue,0,0.145223905792138,0.9007261504966106,0.0,0.0,628,1,80.18,2,2,False
DDA3937_RS05800,,UNRESOLVED,unknown,0,E_cons_core|E_geometry,1,0.9642438965255994,0.02975553273985579,0.9714285714285714,0.0,215,1,78.66,2,2,True
DDA3937_RS05805,,UNRESOLVED,unknown,0,E_cons_core|E_geometry,1,0.949138252286396,0.04092710619097689,0.935483870967742,0.0,321,1,77.64,2,2,False
DDA3937_RS05810,,CONDITIONAL_SUSPECT,unknown,0,N_score|N_long_lagging|P_conditional,0,0.1831018329706749,0.8754647011757608,0.0285714285714285,1.0,562,0,76.25,2,2,True
DDA3937_RS05815,,CONFIDENT_NONESSENTIAL,non-essential,1,N_score,0,0.1634030080877616,0.887130347641266,0.0,1.0,551,1,74.09,2,2,True
DDA3937_RS21990,,UNRESOLVED,unknown,0,E_geometry|N_pangenome_some,0,0.3014733117814229,0.8146681581319161,0.0,0.0,133,1,72.44,1,2,False
DDA3937_RS05825,,ROGUE_SUSPECT,unknown,0,N_score|P_rogue,0,0.1737044007408936,0.8947166374958663,0.0,0.0,529,1,70.19,2,2,True
DDA3937_RS05830,,ROGUE_SUSPECT,unknown,0,N_score|P_rogue,0,0.1818734383863306,0.8672837087854195,0.0,0.0,458,1,68.42,2,2,False
DDA3937_RS05835,,UNRESOLVED,unknown,0,,0,0.4774910960447196,0.5929239771414482,0.1935483870967742,0.0,160,0,67.39,2,2,True
DDA3937_RS05840,,ROGUE_SUSPECT,unknown,0,N_score|P_rogue,0,0.2382274108800449,0.8231813050441313,0.0,0.0,271,0,66.72,2,2,False
DDA3937_RS05845,,CONDITIONAL_SUSPECT,unknown,0,N_score|N_long_lagging|P_conditional,0,0.2292140095083778,0.822108887791194,0.2432432432432432,1.0,940,0,64.68,2,2,True
DDA3937_RS05850,,UNRESOLVED,unknown,0,E_geometry,0,0.4760250025615072,0.569546459497468,0.1935483870967742,1.0,141,1,62.94,2,2,False
DDA3937_RS05855,,ROGUE_SUSPECT,unknown,0,N_score|P_rogue,0,0.2669665856311689,0.770678316238329,0.0,0.0,150,0,62.37,2,2,False
DDA3937_RS05860,,UNRESOLVED,unknown,0,,1,0.4878157582727326,0.5782366052871006,0.2571428571428571,1.0,305,0,61.69,2,2,False
DDA3937_RS05865,,UNRESOLVED,unknown,0,E_cons_core,0,0.8008170980227088,0.2085274341076666,0.5,0.0,87,0,60.97,2,2,False
DDA3937_RS05870,,UNRESOLVED,unknown,0,E_cons_core,1,0.954390077972546,0.0444485877748447,0.9655172413793104,1.0,377,0,60.25,2,2,False
DDA3937_RS05875,,UNRESOLVED,unknown,0,E_cons_core,1,0.9259568196475594,0.07338117646467467,1.0,1.0,763,0,58.37,2,2,False
DDA3937_RS05880,,UNRESOLVED,unknown,0,E_cons_core,1,0.959541118575669,0.032274758748706264,0.967741935483871,0.0,265,0,56.28,2,2,True
DDA3937_RS05885,,UNRESOLVED,unknown,0,E_cons_core,1,0.9064880236999062,0.08658732084865928,1.0,0.0,878,1,54.26,2,2,False
DDA3937_RS05890,,ROGUE_SUSPECT,unknown,0,N_score|P_rogue,0,0.0888023183562085,0.9479442279770979,0.0,0.0,954,1,51.39,2,2,False
DDA3937_RS05895,,UNRESOLVED,unknown,0,E_cons_core|F_core_redundant,0,0.8133465605086979,0.22881124064878916,0.5428571428571428,5.0,217,0,49.57,2,2,False
DDA3937_RS05900,,ROGUE_SUSPECT,unknown,0,N_score|N_long_lagging|P_rogue|P_conditional,0,0.1014962347858568,0.9443961822003014,0.0,0.0,890,0,47.9,2,2,False
DDA3937_RS05905,,ROGUE_SUSPECT,unknown,0,N_score|P_rogue,0,0.2813362807842993,0.7612762162277726,0.0,0.0,104,0,46.41,2,2,False
DDA3937_RS05910,,CONFIDENT_NONESSENTIAL,non-essential,1,N_score,0,0.275462973260632,0.7601045118960437,0.125,1.0,444,1,44.72,2,2,False
DDA3937_RS05915,,UNRESOLVED,unknown,0,,0,0.3815160803409415,0.6242278256390865,0.2857142857142857,0.0,559,1,43.12,2,2,False
DDA3937_RS05920,,UNRESOLVED,unknown,0,E_geometry|N_redundancy,0,0.6472687635548536,0.33520845642549135,0.3939393939393939,9.0,264,1,41.88,2,2,False
DDA3937_RS05925,,UNRESOLVED,unknown,0,E_cons_core|E_geometry,0,0.8114185250353464,0.17617286516883673,0.6060606060606061,0.0,286,1,41.07,2,2,False
DDA3937_RS05930,,ROGUE_SUSPECT,unknown,0,E_geometry|N_score|P_rogue,0,0.201421380237056,0.8163579719601772,0.0,0.0,323,1,40.16,2,2,False
DDA3937_RS05935,,ROGUE_SUSPECT,unknown,0,N_score|P_rogue,0,0.1684445099545808,0.8559586749170791,0.0,0.0,460,1,39.0,2,2,False
DDA3937_RS05940,,ROGUE_SUSPECT,unknown,0,E_geometry|N_score|P_rogue,0,0.2520472062113872,0.7918458565524162,0.0,0.0,182,1,37.69,2,2,False
DDA3937_RS05945,,ROGUE_SUSPECT,unknown,0,E_geometry|N_score|P_rogue,0,0.1835848020127831,0.841559545111055,0.0,0.0,398,1,36.68,2,2,False
DDA3937_RS05950,,ROGUE_SUSPECT,unknown,0,N_score|P_rogue,0,0.2243990912553758,0.8256275847516773,0.0,0.0,287,0,35.6,2,2,False
DDA3937_RS05955,,CONFIDENT_ESSENTIAL,essential,2,E_score|E_cons_core|F_core_redundant,1,0.9706663015804442,0.022977521047994446,1.0,18.0,259,0,34.72,2,2,True
DDA3937_RS05960,,ROGUE_SUSPECT,unknown,0,N_score|P_rogue,0,0.247707219220565,0.8073946252985271,0.0,0.0,214,0,33.8,2,2,False
DDA3937_RS05965,,UNRESOLVED,unknown,0,E_cons_core|E_geometry|F_core_redundant,1,0.9623438208699386,0.027668681321722698,0.945945945945946,16.0,229,1,33.16,2,2,True
DDA3937_RS05970,,ROGUE_SUSPECT,unknown,0,N_score|P_rogue,0,0.1004890868592547,0.922002384297568,0.0,0.0,811,1,31.61,2,2,False
DDA3937_RS05975,,UNRESOLVED,unknown,0,,0,0.6492933305185318,0.40699047675097005,0.3611111111111111,3.0,194,0,30.04,2,2,False
DDA3937_RS05980,,CONDITIONAL_SUSPECT,unknown,0,N_score|N_redundancy|N_long_lagging|P_conditional,0,0.1495314160926459,0.9011798524216159,0.0294117647058823,8.0,723,0,28.49,2,2,True
DDA3937_RS05985,,CONFIDENT_NONESSENTIAL,non-essential,2,N_score|N_redundancy,0,0.2579620741484563,0.7930762313994887,0.0625,5.0,370,0,26.86,2,2,True
DDA3937_RS05990,,ROGUE_SUSPECT,unknown,0,N_score|P_rogue,0,0.2213350087388336,0.8206091259120806,0.0,0.0,282,0,25.68,2,2,False
DDA3937_RS05995,,UNRESOLVED,unknown,0,N_redundancy,1,0.3650510495345163,0.6992838850185572,0.1176470588235294,12.0,274,0,24.85,2,2,True
DDA3937_RS06000,,UNRESOLVED,unknown,0,N_redundancy,0,0.4856516094832477,0.5809103759290508,0.2608695652173913,7.0,337,0,23.68,2,2,True
DDA3937_RS06005,,CONDITIONAL_SUSPECT,unknown,0,N_redundancy|N_long_lagging|P_conditional,0,0.3900729082455685,0.7072365764171622,0.2162162162162162,13.0,507,0,22.4,2,2,True
DDA3937_RS06010,,UNRESOLVED,unknown,0,N_redundancy,0,0.4521346550802874,0.6211632190291012,0.2307692307692307,6.0,332,0,21.02,2,2,True
DDA3937_RS06015,,UNRESOLVED,unknown,0,N_redundancy,0,0.6137180774853656,0.41075525169003774,0.3666666666666666,14.0,333,0,19.59,2,2,False
DDA3937_RS06020,,UNRESOLVED,unknown,0,,0,0.4056208046361201,0.6270629808812921,0.1714285714285714,0.0,213,0,18.49,2,2,True
DDA3937_RS06025,,UNRESOLVED,unknown,0,E_cons_core,0,0.8081777742120331,0.18911465580549655,0.6216216216216216,0.0,346,0,17.65,2,2,False
DDA3937_RS06030,,ROGUE_SUSPECT,unknown,0,E_geometry|N_score|P_rogue,0,0.2626214654883539,0.7749241577093987,0.0294117647058823,0.0,209,1,16.55,2,2,False
DDA3937_RS06035,,CONFIDENT_NONESSENTIAL,non-essential,1,N_score,0,0.1772300235557315,0.8560098164744284,0.0,1.0,430,1,15.41,2,2,False
DDA3937_RS06040,,UNRESOLVED,unknown,0,E_cons_core|E_geometry,0,0.9357992811270156,0.05289562020416688,0.8620689655172413,0.0,236,1,14.3,2,2,False
DDA3937_RS06045,,UNRESOLVED,unknown,0,,1,0.7254851064036553,0.2952082599383619,0.4242424242424242,2.0,119,0,13.75,2,2,False
DDA3937_RS06050,,ROGUE_SUSPECT,unknown,0,N_score|N_long_lagging|P_rogue|P_conditional,0,0.2073276939401054,0.8323485915838418,0.0625,0.0,488,0,12.83,2,2,False
DDA3937_RS06055,,ROGUE_SUSPECT,unknown,0,P_rogue,0,0.326151177929007,0.7615097417226232,0.0571428571428571,0.0,156,0,11.69,2,2,False
DDA3937_RS06060,,ROGUE_SUSPECT,unknown,0,N_score|P_rogue,0,0.2516136656940335,0.8142370108846827,0.0,0.0,202,0,11.15,2,2,False
DDA3937_RS06065,,UNRESOLVED,unknown,0,E_cons_core|E_geometry,1,0.8779955617273486,0.1066291106213263,0.7297297297297297,0.0,293,1,10.3,2,2,False
DDA3937_RS06070,,UNRESOLVED,unknown,0,E_geometry,0,0.3761972390271819,0.6557124001454578,0.2,0.0,347,1,9.32,2,2,True
DDA3937_RS06075,,UNRESOLVED,unknown,0,E_cons_core|E_geometry,0,0.890600591143187,0.10323362356474147,0.7297297297297297,0.0,238,1,8.19,2,2,False
DDA3937_RS06080,,ROGUE_SUSPECT,unknown,0,E_geometry|N_score|P_rogue,0,0.2543324322722762,0.7828589015592236,0.0,0.0,151,1,7.4,2,2,False
DDA3937_RS06085,,ROGUE_SUSPECT,unknown,0,N_score|P_rogue,0,0.120600180556145,0.9022806910985534,0.0,0.0,673,1,6.15,2,2,False
DDA3937_RS06090,,UNRESOLVED,unknown,0,E_geometry|N_mobile,0,0.37097103529347,0.6722943535951443,0.1481481481481481,0.0,229,1,4.51,2,2,False
DDA3937_RS06095,,UNRESOLVED,unknown,0,E_cons_core|N_mobile,0,0.7993194715790166,0.21153306441965192,0.5,0.0,63,0,3.95,2,2,False
DDA3937_RS06100,,UNRESOLVED,unknown,0,N_mobile,0,0.4844014260436055,0.540407627712751,0.25,0.0,225,0,3.48,2,2,False
DDA3937_RS06105,,UNRESOLVED,unknown,0,E_cons_core|N_mobile,1,0.905625225321442,0.08600853979637209,0.8108108108108109,3.0,376,0,2.58,2,2,True
DDA3937_RS06110,,UNRESOLVED,unknown,0,N_mobile,1,0.7250830712349833,0.3119688593954419,0.4242424242424242,2.0,128,0,1.84,2,2,False
DDA3937_RS06115,,UNRESOLVED,unknown,0,E_cons_core|E_geometry|N_mobile,1,0.9505499120509888,0.05042247896261285,0.8387096774193549,3.0,70,1,0.52,2,2,False
DDA3937_RS06125,,UNRESOLVED,unknown,0,N_mobile,0,0.5450709641269307,0.5116765181721686,0.2571428571428571,0.0,128,0,0.55,2,2,False
DDA3937_RS06130,,UNRESOLVED,unknown,0,E_geometry|N_mobile,0,0.3527914990385676,0.6676202705135934,0.1470588235294117,2.0,263,1,1.34,2,2,True
DDA3937_RS06135,,UNRESOLVED,unknown,0,E_cons_core|E_geometry|N_mobile,0,0.9589318285338326,0.03557253867683221,0.896551724137931,1.0,70,1,2.0,2,2,False
DDA3937_RS06140,,UNRESOLVED,unknown,0,E_cons_core|N_mobile,1,0.9419549445800086,0.04961606997810883,0.9142857142857144,0.0,322,0,2.69,2,2,True
DDA3937_RS06145,,UNRESOLVED,unknown,0,E_cons_core|N_mobile,0,0.9421509925600164,0.049801037379187535,0.8857142857142857,0.0,246,0,3.72,2,2,True
DDA3937_RS06150,,UNRESOLVED,unknown,0,E_cons_core|N_mobile,1,0.9567968892093436,0.043656401852478814,0.88,0.0,88,0,4.33,2,2,True
DDA3937_RS06155,,UNRESOLVED,unknown,0,,0,0.5599234116023184,0.5110096044273573,0.3666666666666666,1.0,404,0,5.21,2,2,False
DDA3937_RS06160,,CONFIDENT_NONESSENTIAL,non-essential,1,N_score,0,0.2632263499321388,0.7664256088535656,0.1,0.0,388,0,6.57,2,2,True
DDA3937_RS06165,,UNRESOLVED,unknown,0,E_cons_core,1,0.9575005711927226,0.0360216386665828,1.0,1.0,371,0,7.72,2,2,True
DDA3937_RS06170,,UNRESOLVED,unknown,0,E_cons_core,1,0.9077219857656676,0.09081577330321883,0.9142857142857144,0.0,637,0,9.24,2,2,False
DDA3937_RS06175,,UNRESOLVED,unknown,0,,1,0.363320734934361,0.6765756137837714,0.1111111111111111,0.0,157,0,10.46,2,2,True
DDA3937_RS06180,,UNRESOLVED,unknown,0,,0,0.7281304187640893,0.30606982736617366,0.4230769230769231,0.0,106,0,10.86,2,2,False
DDA3937_RS06185,,UNRESOLVED,unknown,0,E_cons_core,1,0.905006481374154,0.07902309692101088,0.7647058823529411,0.0,225,0,11.51,2,2,False
DDA3937_RS06190,,UNRESOLVED,unknown,0,E_cons_core,1,0.95872909422936,0.03393983049340658,1.0,0.0,344,0,12.36,2,2,False
DDA3937_RS06195,,UNRESOLVED,unknown,0,E_cons_core,1,0.9458099403315758,0.047092947356956856,0.875,0.0,185,0,13.15,2,2,False
DDA3937_RS06200,,UNRESOLVED,unknown,0,E_cons_core,1,0.9076522105493244,0.08785185149884964,1.0,0.0,861,0,14.73,2,2,False
DDA3937_RS06205,,ROGUE_SUSPECT,unknown,0,E_geometry|N_score|P_rogue,0,0.2575049717176211,0.7936334533991262,0.0,0.0,161,1,16.52,2,2,False
DDA3937_RS06210,,UNRESOLVED,unknown,0,E_cons_core|F_core_redundant,1,0.9640703921352906,0.03298850501991034,0.945945945945946,16.0,242,0,17.19,2,2,True
DDA3937_RS06215,,UNRESOLVED,unknown,0,N_redundancy,0,0.4947390968861554,0.5792790945018834,0.2,18.0,225,0,17.89,2,2,False
DDA3937_RS06220,,UNRESOLVED,unknown,0,N_redundancy,0,0.485656219345747,0.5894233108638518,0.2,18.0,247,0,18.6,2,2,False
DDA3937_RS06225,,UNRESOLVED,unknown,0,N_redundancy,1,0.3588837727997783,0.7293096664629205,0.1176470588235294,12.0,308,0,19.59,2,2,True
DDA3937_RS06230,,UNRESOLVED,unknown,0,E_cons_core,1,0.9205026787080124,0.06843467856038601,0.9090909090909092,0.0,510,0,21.17,2,2,False
DDA3937_RS06235,,UNRESOLVED,unknown,0,,0,0.4483442062161383,0.6245766400446183,0.2258064516129032,0.0,290,0,22.38,2,2,True
DDA3937_RS06240,,CONFIDENT_ESSENTIAL,essential,2,E_score|E_cons_core,1,0.9704009886306943,0.025344456743547943,1.0,0.0,162,0,23.15,2,2,True
DDA3937_RS06245,,ROGUE_SUSPECT,unknown,0,N_score|P_rogue,0,0.2512842540018769,0.8062923451311925,0.0571428571428571,0.0,351,0,23.92,2,2,False
DDA3937_RS06250,,CONDITIONAL_SUSPECT,unknown,0,N_score|N_long_lagging|P_conditional,0,0.2599472092944846,0.8055242684808255,0.1081081081081081,1.0,475,0,25.38,2,2,True
DDA3937_RS06255,,UNRESOLVED,unknown,0,E_cons_core|E_geometry,1,0.939894381915026,0.043317754377537626,0.9375,2.0,389,1,26.9,2,2,True
DDA3937_RS06260,,UNRESOLVED,unknown,0,E_geometry,0,0.530326148675405,0.5330992191909487,0.2333333333333333,0.0,110,1,27.81,2,2,True
DDA3937_RS06305,,UNRESOLVED,unknown,0,,0,0.3019284161192617,0.75600004204176,0.125,0.0,384,0,32.72,2,2,False
DDA3937_RS06310,,UNRESOLVED,unknown,0,,0,0.4877910897012554,0.5827492282981926,0.25,0.0,267,0,33.72,2,2,False
DDA3937_RS06315,,CONFIDENT_NONESSENTIAL,non-essential,1,N_score,0,0.1674475530165535,0.8719655381519514,0.0,1.0,491,1,35.19,2,2,False
DDA3937_RS06320,,UNRESOLVED,unknown,0,E_cons_core,1,0.9432547749759762,0.05022127395166693,1.0,0.0,553,1,36.92,2,2,False
DDA3937_RS06325,,UNRESOLVED,unknown,0,E_cons_core,1,0.9074381518720536,0.10058453016772634,0.7142857142857143,1.0,149,0,38.05,2,2,False
DDA3937_RS06330,,UNRESOLVED,unknown,0,E_cons_core,1,0.9020318825933978,0.10185319332817688,0.7142857142857143,1.0,176,0,38.88,2,2,False
DDA3937_RS06335,,ROGUE_SUSPECT,unknown,0,N_score|P_rogue,0,0.1525106682791574,0.8905871303544933,0.0,0.0,563,1,40.41,2,2,False
DDA3937_RS06340,,UNRESOLVED,unknown,0,,1,0.5074533261893458,0.5641829186259256,0.2,0.0,94,0,41.43,2,2,False
DDA3937_RS06345,,UNRESOLVED,unknown,0,N_redundancy,0,0.6669450142898158,0.3600609425826609,0.3939393939393939,9.0,257,0,42.25,2,2,False
DDA3937_RS06350,,CONFIDENT_ESSENTIAL,essential,3,E_score|E_cons_core|E_geometry,0,0.9684559204358796,0.023912106476890224,1.0,0.0,179,1,43.16,2,2,False
DDA3937_RS06355,,UNRESOLVED,unknown,0,E_cons_core,1,0.9359632790160708,0.05057451449228693,0.972972972972973,2.0,548,1,44.27,2,2,False
DDA3937_RS06360,,ROGUE_SUSPECT,unknown,0,N_score|P_rogue,0,0.2683622456311759,0.7773473078178068,0.0,0.0,143,0,44.15,2,2,False
DDA3937_RS06365,,UNRESOLVED,unknown,0,E_cons_core|F_core_redundant,1,0.912404231115505,0.08145897690342353,0.7428571428571429,12.0,230,0,43.51,2,2,True
DDA3937_RS06370,,ROGUE_SUSPECT,unknown,0,N_score|N_long_lagging|P_rogue|P_conditional,0,0.0916858672716403,0.9389855524933869,0.0,0.0,910,0,41.8,2,2,False
DDA3937_RS06375,,ROGUE_SUSPECT,unknown,0,P_rogue,0,0.3171678473762141,0.7215644730930023,0.074074074074074,0.0,192,0,40.1,2,2,True
DDA3937_RS06380,,ROGUE_SUSPECT,unknown,0,N_score|N_long_lagging|P_rogue|P_conditional,0,0.1256032358821915,0.9070389926483848,0.0,0.0,689,0,38.76,2,2,False
DDA3937_RS06385,,ROGUE_SUSPECT,unknown,0,N_score|N_long_lagging|P_rogue|P_conditional,0,0.1536540475372927,0.8890887693924945,0.0,0.0,562,0,36.87,2,2,False
DDA3937_RS06395,,UNRESOLVED,unknown,0,E_cons_core|E_geometry,0,0.7919664708622078,0.19439200300841641,0.5,0.0,69,1,35.4,2,2,False
DDA3937_RS06400,,ROGUE_SUSPECT,unknown,0,E_geometry|N_score|P_rogue,0,0.2076305297037728,0.8290296941147253,0.0,0.0,320,1,34.54,2,2,False
DDA3937_RS06405,,ROGUE_SUSPECT,unknown,0,N_score|P_rogue,0,0.1654442837489665,0.8645773454252146,0.0,0.0,477,1,33.32,2,2,False
DDA3937_RS06410,,ROGUE_SUSPECT,unknown,0,E_geometry|N_score|P_rogue,0,0.2232859235961476,0.8003112809909705,0.0,0.0,248,1,32.2,2,2,False
DDA3937_RS06415,,CONFIDENT_NONESSENTIAL,non-essential,1,E_geometry|N_score,0,0.2675405477606002,0.7507863829057467,0.0416666666666666,1.0,220,1,31.43,2,2,True
DDA3937_RS06420,,CONFIDENT_NONESSENTIAL,non-essential,1,E_geometry|N_score,0,0.2360236578989144,0.7877766202325087,0.037037037037037,1.0,310,1,30.64,2,2,True
DDA3937_RS06425,,CONFIDENT_NONESSENTIAL,non-essential,1,E_geometry|N_score,0,0.2576510732043486,0.7674774050521102,0.0357142857142857,2.0,246,1,29.82,2,2,True
DDA3937_RS06430,,CONFIDENT_NONESSENTIAL,non-essential,2,E_geometry|N_score|N_pangenome_strong,0,0.223565343283994,0.8148406305732143,0.0,0.0,263,1,29.04,0,2,False
DDA3937_RS06435,,UNRESOLVED,unknown,0,E_cons_core,1,0.8589724080379854,0.14386183399726357,0.7272727272727273,0.0,429,0,27.9,2,2,False
DDA3937_RS06440,,UNRESOLVED,unknown,0,E_cons_core|E_geometry,0,0.9609621425908952,0.036345520287509286,0.9230769230769232,0.0,130,1,26.41,2,2,False
DDA3937_RS06445,,CONFIDENT_ESSENTIAL,essential,3,E_score|E_cons_core|E_geometry,0,0.9661867640441796,0.02792862870508961,0.9583333333333334,0.0,116,1,26.05,2,2,True
DDA3937_RS06450,,UNRESOLVED,unknown,0,E_cons_core,0,0.8919648666747145,0.09246462224030755,0.8648648648648649,2.0,589,1,25.0,2,2,False
DDA3937_RS06455,,UNRESOLVED,unknown,0,E_cons_core|E_geometry,0,0.949702425648117,0.041624232544372336,0.9142857142857144,1.0,239,1,23.73,2,2,False
DDA3937_RS06460,,UNRESOLVED,unknown,0,E_cons_core,1,0.8802058140368433,0.11265268441354605,0.96875,0.0,936,1,21.73,2,2,False
DDA3937_RS06465,,UNRESOLVED,unknown,0,E_cons_core|E_geometry,1,0.9393786367308176,0.048566727414121554,0.9393939393939394,1.0,409,1,19.7,2,2,False
DDA3937_RS06470,,UNRESOLVED,unknown,0,E_cons_core|E_geometry,1,0.8173319746919671,0.17312025656922364,0.6571428571428571,0.0,389,1,18.36,2,2,False
DDA3937_RS06475,,UNRESOLVED,unknown,0,E_cons_core|E_geometry,0,0.856687949539592,0.1299664457105225,0.6857142857142857,0.0,291,1,17.34,2,2,False
DDA3937_RS06480,,CONFIDENT_NONESSENTIAL,non-essential,1,N_score,0,0.2028018124863592,0.8499763164599005,0.0625,1.0,522,1,15.43,2,2,True
DDA3937_RS06485,,CONFIDENT_NONESSENTIAL,non-essential,1,E_geometry|N_score,1,0.2704883275688303,0.7787287743301913,0.0967741935483871,1.0,380,1,14.07,2,2,True
DDA3937_RS22000,,UNRESOLVED,unknown,0,E_cons_core|E_geometry,1,0.8680437938614332,0.13899311014106078,0.6,0.0,39,1,13.42,2,2,False
DDA3937_RS06490,,ROGUE_SUSPECT,unknown,0,E_geometry|N_score|P_rogue,0,0.2727009241041684,0.7654096558470219,0.0,0.0,98,1,13.22,2,2,False
DDA3937_RS06495,,UNRESOLVED,unknown,0,E_geometry,0,0.4658183612435509,0.6020543993129596,0.1891891891891892,0.0,135,1,12.74,2,2,False
DDA3937_RS06500,,UNRESOLVED,unknown,0,E_cons_core|E_geometry,1,0.9508673885543932,0.04150765623239554,0.9142857142857144,2.0,229,1,12.2,2,2,True
DDA3937_RS06505,,UNRESOLVED,unknown,0,E_cons_core|E_geometry,1,0.9571415982401896,0.035167969502270864,0.9142857142857144,2.0,142,1,11.63,2,2,True
DDA3937_RS06515,,UNRESOLVED,unknown,0,E_cons_core,1,0.8636488493380674,0.12621124406844483,0.75,0.0,429,1,9.31,2,2,False
DDA3937_RS06520,,UNRESOLVED,unknown,0,E_cons_core|E_geometry,1,0.9308183882500004,0.05965262603307601,0.8181818181818182,0.0,169,1,8.38,2,2,False
DDA3937_RS06525,,UNRESOLVED,unknown,0,E_geometry,0,0.4008387641888885,0.6596053442410259,0.1875,0.0,275,1,7.71,2,2,True
DDA3937_RS06540,,ROGUE_SUSPECT,unknown,0,E_geometry|N_score|P_rogue,0,0.2271785888737504,0.8121500911928041,0.0,0.0,239,1,5.45,2,2,False
DDA3937_RS06545,,UNRESOLVED,unknown,0,E_geometry|N_mobile,0,0.4638263402321018,0.5482142321664114,0.2857142857142857,0.0,349,1,4.36,2,2,True
DDA3937_RS06550,,ROGUE_SUSPECT,unknown,0,E_geometry|N_score|N_mobile|P_rogue,0,0.2294511466519379,0.8194642174141364,0.0,0.0,242,1,3.45,2,2,False
DDA3937_RS06555,,CONFIDENT_NONESSENTIAL,non-essential,2,N_score|N_mobile,0,0.2579130850448509,0.7929770630094731,0.0555555555555555,1.0,312,0,2.58,2,2,True
DDA3937_RS06560,,CONFIDENT_NONESSENTIAL,non-essential,2,E_geometry|N_score|N_mobile,1,0.2269625430171691,0.813232673853477,0.04,1.0,351,1,1.31,2,2,True
DDA3937_RS06565,,UNRESOLVED,unknown,0,N_pangenome_some|N_mobile,0,0.3986887026214036,0.6529595299819128,0.25,1.0,441,1,0.0,1,2,False
DDA3937_RS06570,,UNRESOLVED,unknown,0,E_cons_core|N_mobile,1,0.743145452097095,0.2732692369108868,0.5,1.0,251,0,1.11,2,2,False
DDA3937_RS06575,,CONDITIONAL_SUSPECT,unknown,0,N_score|N_redundancy|N_mobile|N_long_lagging|P_conditional,0,0.1102875595020509,0.9246796923543407,0.0857142857142857,8.0,1046,0,3.2,2,2,True
DDA3937_RS06580,,CONDITIONAL_SUSPECT,unknown,0,N_redundancy|N_long_lagging|P_conditional,0,0.3981071272325745,0.6255208427536173,0.2571428571428571,10.0,505,0,5.53,2,2,True
DDA3937_RS06585,,CONDITIONAL_SUSPECT,unknown,0,N_redundancy|N_long_lagging|P_conditional,0,0.3880019657364416,0.6241193456345823,0.2285714285714285,6.0,420,0,6.91,2,2,True
DDA3937_RS06590,,UNRESOLVED,unknown,0,,0,0.6822231682692875,0.31851952872265055,0.4,0.0,137,0,7.76,2,2,False
DDA3937_RS06595,,CONFIDENT_NONESSENTIAL,non-essential,2,N_score|N_pangenome_strong,0,0.2557179256936993,0.7770933133594043,0.0,0.0,148,0,8.26,0,2,False
DDA3937_RS06600,,ROGUE_SUSPECT,unknown,0,N_score|P_rogue,0,0.2331067837959309,0.8063563436633717,0.05,0.0,361,0,9.13,2,2,False
DDA3937_RS06605,,ROGUE_SUSPECT,unknown,0,N_score|P_rogue,0,0.1885444659974772,0.8468053427843462,0.0,0.0,384,0,10.24,2,2,False
DDA3937_RS06610,,ROGUE_SUSPECT,unknown,0,N_score|P_rogue,0,0.1968044035047401,0.8372966547044819,0.0,0.0,351,0,11.34,2,2,False
DDA3937_RS06615,,UNRESOLVED,unknown,0,E_cons_core|F_core_redundant,1,0.9280286528023934,0.0614134008947194,0.8611111111111112,4.0,339,0,12.45,2,2,True
DDA3937_RS06620,,ROGUE_SUSPECT,unknown,0,N_score|N_long_lagging|P_rogue|P_conditional,0,0.1625930196135691,0.8700108676294904,0.0,0.0,490,0,13.94,2,2,False
DDA3937_RS06625,,ROGUE_SUSPECT,unknown,0,N_score|P_rogue,0,0.2599569942610437,0.7821817433540862,0.0434782608695652,0.0,264,0,15.16,2,2,False
DDA3937_RS22030,,UNRESOLVED,unknown,0,E_cons_core|E_geometry,0,0.8032557215325743,0.21085444780933146,0.5,0.0,50,1,15.83,2,2,False
DDA3937_RS06635,,ROGUE_SUSPECT,unknown,0,E_geometry|N_score|P_rogue,0,0.2230916551753274,0.8191311313247495,0.0,0.0,262,1,16.46,2,2,False
DDA3937_RS06640,,UNRESOLVED,unknown,0,E_geometry,0,0.3077849251887606,0.7043108501717611,0.0909090909090909,2.0,230,1,17.19,2,2,True
DDA3937_RS06645,,ROGUE_SUSPECT,unknown,0,E_geometry|N_score|P_rogue,0,0.2279538674053881,0.7921578351557208,0.05,0.0,353,1,18.06,2,2,False
DDA3937_RS06650,,CONFIDENT_NONESSENTIAL,non-essential,1,N_score,0,0.2262188319194959,0.8173817283991601,0.0,2.0,274,0,19.05,2,2,False
DDA3937_RS06655,,CONFIDENT_NONESSENTIAL,non-essential,1,E_geometry|N_score,0,0.2330863112888021,0.7875350612890112,0.0454545454545454,1.0,332,1,20.15,2,2,True
DDA3937_RS06660,,ROGUE_SUSPECT,unknown,0,N_score|P_rogue,0,0.1824912946852607,0.8550316663587025,0.0,0.0,417,0,21.34,2,2,False
DDA3937_RS06665,,UNRESOLVED,unknown,0,N_redundancy,0,0.4320722852412411,0.6176691834947337,0.2307692307692307,6.0,359,0,22.53,2,2,True
DDA3937_RS06670,,ROGUE_SUSPECT,unknown,0,N_score|P_rogue,0,0.2681314590114216,0.7888043652745828,0.0,0.0,144,0,23.54,2,2,False
DDA3937_RS06675,,UNRESOLVED,unknown,0,E_cons_core,1,0.7072994867373726,0.30559006407707856,0.6216216216216216,0.0,678,0,25.08,2,2,False
DDA3937_RS06685,,UNRESOLVED,unknown,0,E_cons_core|E_geometry,0,0.7495314491409227,0.22566450698409055,0.5675675675675675,0.0,370,1,26.93,2,2,False
DDA3937_RS06690,,UNRESOLVED,unknown,0,E_geometry,0,0.5003273310776979,0.5533214448615881,0.25,0.0,214,1,28.09,2,2,False
DDA3937_RS06695,,UNRESOLVED,unknown,0,E_cons_core|E_geometry,0,0.8566581930935906,0.1159351397480574,0.65625,0.0,194,1,28.8,2,2,False
DDA3937_RS06700,,ROGUE_SUSPECT,unknown,0,N_score|P_rogue,0,0.137715682683236,0.8922069009884788,0.0,0.0,605,1,30.03,2,2,True
DDA3937_RS06705,,CONDITIONAL_SUSPECT,unknown,0,N_score|N_long_lagging|P_conditional,0,0.2264800586545589,0.8290503618349615,0.0909090909090909,1.0,530,0,31.82,2,2,False
DDA3937_RS06710,,UNRESOLVED,unknown,0,E_geometry,0,0.2933312085702886,0.7515559014099836,0.1176470588235294,0.0,368,1,34.59,2,2,True
DDA3937_RS06715,,UNRESOLVED,unknown,0,E_geometry,0,0.4280008967381521,0.6022277335952256,0.1666666666666666,0.0,145,1,35.38,2,2,True
DDA3937_RS06720,,CONFIDENT_NONESSENTIAL,non-essential,1,N_score,0,0.1747040342507702,0.8864680001410837,0.0869565217391304,1.0,727,1,36.7,2,2,True
DDA3937_RS06725,,CONFIDENT_NONESSENTIAL,non-essential,1,N_score,0,0.2187393440191793,0.8597881011778601,0.0476190476190476,1.0,472,1,39.0,2,2,True
DDA3937_RS06730,,UNRESOLVED,unknown,0,E_geometry,0,0.4278379864909947,0.685691190558844,0.2,0.0,304,1,40.38,2,2,False
DDA3937_RS06735,,UNRESOLVED,unknown,0,E_cons_core|E_geometry|F_core_redundant,1,0.926963825222644,0.06216928220736666,0.8611111111111112,4.0,355,1,41.46,2,2,True
DDA3937_RS06740,,UNRESOLVED,unknown,0,E_cons_core|E_geometry,1,0.8832335695612573,0.10419542862459383,0.7297297297297297,1.0,290,1,42.45,2,2,False
DDA3937_RS06745,,UNRESOLVED,unknown,0,E_cons_core|E_geometry,0,0.8886655789070164,0.10542814197767962,0.696969696969697,0.0,179,1,43.16,2,2,False
DDA3937_RS06750,,UNRESOLVED,unknown,0,E_cons_core|E_geometry,0,0.8705956963002716,0.1295726118373856,0.696969696969697,0.0,288,1,43.85,2,2,False
DDA3937_RS06755,,UNRESOLVED,unknown,0,E_geometry,0,0.5475079490162811,0.6222354558605558,0.2857142857142857,0.0,298,1,45.27,2,2,False
DDA3937_RS06770,,UNRESOLVED,unknown,0,E_cons_core|N_pangenome_some,0,0.7593034842298592,0.3820096566704126,0.5384615384615384,0.0,424,1,50.81,1,2,False
DDA3937_RS06775,,CONFIDENT_NONESSENTIAL,non-essential,2,E_geometry|N_score|N_pangenome_strong,1,0.2431147292696455,0.8836426296647293,0.0,0.0,333,1,51.95,0,2,False
DDA3937_RS06785,,UNRESOLVED,unknown,0,E_cons_core|E_geometry|F_core_redundant,1,0.9296352363957672,0.059158756302789176,0.8611111111111112,4.0,336,1,53.5,2,2,True
DDA3937_RS06790,,UNRESOLVED,unknown,0,E_geometry,1,0.6607131843699262,0.3671079401474512,0.4571428571428571,1.0,389,1,54.77,2,2,False
DDA3937_RS06795,,ROGUE_SUSPECT,unknown,0,E_geometry|N_score|P_rogue,0,0.2203646555751437,0.8276464950016961,0.0,0.0,299,1,55.88,2,2,False
DDA3937_RS06800,,ROGUE_SUSPECT,unknown,0,E_geometry|N_score|P_rogue,0,0.2179609797637156,0.8460930471462487,0.0,0.0,330,1,57.01,2,2,False
DDA3937_RS06805,,ROGUE_SUSPECT,unknown,0,N_score|P_rogue,0,0.1778596095626814,0.8729952588192493,0.0,0.0,469,1,58.43,2,2,False
DDA3937_RS06810,,ROGUE_SUSPECT,unknown,0,E_geometry|N_score|P_rogue,1,0.2794143569655273,0.7500814385073008,0.0,0.0,93,1,59.78,2,2,False
DDA3937_RS06815,,UNRESOLVED,unknown,0,E_geometry,0,0.4472347732304716,0.6133539201751956,0.2,0.0,225,1,60.33,2,2,False
DDA3937_RS06820,,ROGUE_SUSPECT,unknown,0,E_geometry|N_score|P_rogue,0,0.2320415220586415,0.8148737558844878,0.0,0.0,260,1,61.07,2,2,False
DDA3937_RS06825,,CONFIDENT_NONESSENTIAL,non-essential,1,N_score,0,0.1948655148188334,0.8427225516777078,0.125,0.0,714,1,62.53,2,2,False
DDA3937_RS06830,,CONFIDENT_NONESSENTIAL,non-essential,2,E_geometry|N_score|N_pangenome_strong,0,0.20531014414484,0.8403121351122562,0.0,0.0,355,1,65.04,0,2,True
DDA3937_RS06835,,UNRESOLVED,unknown,0,,0,0.3447195064842582,0.7053098225706709,0.1333333333333333,0.0,299,0,66.11,2,2,False
DDA3937_RS06840,,ROGUE_SUSPECT,unknown,0,E_geometry|N_score|P_rogue,0,0.262898471324955,0.7748385821653181,0.0,0.0,154,1,67.02,2,2,False
DDA3937_RS06845,,CONFIDENT_ESSENTIAL,essential,3,E_score|E_cons_core|E_geometry|F_core_redundant,1,0.9701154090307172,0.02074154544000588,1.0,18.0,254,1,67.86,2,2,True
DDA3937_RS06850,,CONFIDENT_NONESSENTIAL,non-essential,2,N_score|N_pangenome_strong,0,0.2324525221478134,0.8499250618077157,0.0,0.0,317,0,68.77,0,2,False
DDA3937_RS06855,,CONFIDENT_NONESSENTIAL,non-essential,1,N_pangenome_strong,0,0.3150906012460449,0.7945497971382229,0.0,0.0,87,0,69.87,0,2,False
DDA3937_RS06860,,CONFIDENT_NONESSENTIAL,non-essential,2,E_geometry|N_score|N_pangenome_strong,0,0.2026240516617707,0.8248682607369376,0.0,0.0,344,1,71.33,0,2,True
DDA3937_RS06865,,CONFIDENT_NONESSENTIAL,non-essential,2,E_geometry|N_score|N_redundancy,0,0.2787845553701151,0.7422063101036037,0.0625,5.0,290,1,72.28,2,2,True
DDA3937_RS06870,,UNRESOLVED,unknown,0,E_geometry|N_redundancy,1,0.3792632765872661,0.6170598226450805,0.1764705882352941,7.0,323,1,73.22,2,2,True
DDA3937_RS06875,,UNRESOLVED,unknown,0,E_cons_core|E_geometry|F_core_redundant,0,0.7688246209229805,0.2056503522106285,0.5142857142857142,12.0,265,1,74.09,2,2,False
DDA3937_RS06880,,CONFIDENT_NONESSENTIAL,non-essential,2,N_score|N_redundancy,0,0.126241906933945,0.9087683183082932,0.0294117647058823,8.0,829,1,75.95,2,2,True
DDA3937_RS06885,,CONFIDENT_NONESSENTIAL,non-essential,1,E_geometry|N_score,0,0.229924821236395,0.7988005534946925,0.0454545454545454,1.0,381,1,77.95,2,2,True
DDA3937_RS06890,,UNRESOLVED,unknown,0,,0,0.4267466512956633,0.6715789633619708,0.1379310344827586,1.0,162,0,78.86,2,2,True
DDA3937_RS06895,,UNRESOLVED,unknown,0,N_redundancy,0,0.6511969491951053,0.3556881093264077,0.3939393939393939,9.0,298,0,79.84,2,2,False
DDA3937_RS06905,,CONFIDENT_NONESSENTIAL,non-essential,1,N_score,0,0.2385772435118607,0.8025239444045105,0.0,1.0,255,0,81.05,2,2,True
DDA3937_RS06915,,UNRESOLVED,unknown,0,E_geometry|N_redundancy,0,0.3816005585829845,0.649089536682806,0.15625,10.0,313,1,79.69,2,2,True
DDA3937_RS06920,,UNRESOLVED,unknown,0,E_geometry,0,0.3275098140912185,0.6818053754837663,0.125,0.0,285,1,78.8,2,2,False
DDA3937_RS06925,,UNRESOLVED,unknown,0,E_geometry|N_redundancy,1,0.3702231378085111,0.6462040171232428,0.1724137931034483,5.0,340,1,77.87,2,2,False
DDA3937_RS06930,,UNRESOLVED,unknown,0,E_geometry|N_redundancy,0,0.3265089219837226,0.6966562131635282,0.1379310344827586,5.0,364,1,76.82,2,2,True
DDA3937_RS06935,,CONFIDENT_NONESSENTIAL,non-essential,2,N_score|N_redundancy,0,0.2402262255027008,0.8154998352859683,0.0606060606060606,15.0,505,1,75.53,2,2,True
DDA3937_RS06940,,ROGUE_SUSPECT,unknown,0,N_score|N_long_lagging|P_rogue|P_conditional,0,0.202528506531827,0.8418906004284562,0.0416666666666666,0.0,486,0,74.0,2,2,False
DDA3937_RS06945,,UNRESOLVED,unknown,0,E_geometry,1,0.3612251509674721,0.6845701165761727,0.1,2.0,173,1,72.74,2,2,True
DDA3937_RS06950,,CONFIDENT_NONESSENTIAL,non-essential,1,N_score,0,0.1306856533881325,0.90104394291022,0.0,2.0,679,1,71.3,2,2,False
DDA3937_RS06960,,CONFIDENT_NONESSENTIAL,non-essential,2,E_geometry|N_score|N_pangenome_strong,0,0.2465400539017045,0.8359243960126451,0.0,0.0,260,1,68.51,0,2,False
DDA3937_RS07010,,UNRESOLVED,unknown,0,E_geometry,0,0.2945781695022596,0.7495468959507876,0.1153846153846153,3.0,386,1,55.09,2,2,True
DDA3937_RS07015,,UNRESOLVED,unknown,0,E_geometry,0,0.3732981182097434,0.6942556715012805,0.1111111111111111,0.0,168,1,53.28,2,2,True
DDA3937_RS07020,,ROGUE_SUSPECT,unknown,0,N_score|P_rogue,0,0.1678688931376661,0.8738049880716141,0.0,0.0,493,1,52.26,2,2,False
DDA3937_RS07025,,UNRESOLVED,unknown,0,E_geometry,0,0.6168731669444137,0.3925844747653326,0.3333333333333333,0.0,144,1,51.3,2,2,False
DDA3937_RS07030,,ROGUE_SUSPECT,unknown,0,N_score|P_rogue,0,0.1447587468939077,0.8906062584752664,0.0,0.0,589,1,50.2,2,2,False
DDA3937_RS07035,,ROGUE_SUSPECT,unknown,0,E_geometry|N_score|P_rogue,0,0.2024397082056284,0.8295608192070512,0.0,0.0,338,1,48.85,2,2,False
DDA3937_RS07040,,UNRESOLVED,unknown,0,E_geometry,0,0.2988503873765472,0.7250444826671839,0.1428571428571428,0.0,405,1,47.73,2,2,False
DDA3937_RS07045,,UNRESOLVED,unknown,0,E_geometry,0,0.4809227938594422,0.5541433967320852,0.2222222222222222,0.0,179,1,46.85,2,2,False
DDA3937_RS07050,,ROGUE_SUSPECT,unknown,0,N_score|P_rogue,0,0.171099763991481,0.8516125632238593,0.0,0.0,446,1,45.91,2,2,False
DDA3937_RS07055,,ROGUE_SUSPECT,unknown,0,E_geometry|N_score|P_rogue,0,0.2771006586185429,0.7641553655109817,0.0588235294117647,0.0,259,1,44.84,2,2,False
DDA3937_RS07060,,ROGUE_SUSPECT,unknown,0,N_score|P_rogue,0,0.091870774836051,0.930093380809861,0.0,0.0,873,1,43.13,2,2,False
DDA3937_RS07065,,ROGUE_SUSPECT,unknown,0,N_score|P_rogue,0,0.1552020405256021,0.8679167424240396,0.0,0.0,513,1,41.05,2,2,False
DDA3937_RS07070,,ROGUE_SUSPECT,unknown,0,E_geometry|N_score|P_rogue,1,0.2337200529494486,0.7645803049189147,0.0,0.0,188,1,40.0,2,2,False
DDA3937_RS07075,,ROGUE_SUSPECT,unknown,0,N_score|P_rogue,0,0.1587464506150972,0.8539440932393124,0.0,0.0,480,1,38.98,2,2,False
DDA3937_RS07080,,ROGUE_SUSPECT,unknown,0,N_score|P_rogue,0,0.0583735721838732,0.9600027431155728,0.0,0.0,1166,1,36.49,2,2,False
DDA3937_RS07085,,ROGUE_SUSPECT,unknown,0,N_score|P_rogue,0,0.1647254435322235,0.8653930471810165,0.0,0.0,478,1,33.97,2,2,False
DDA3937_RS07090,,ROGUE_SUSPECT,unknown,0,N_score|P_rogue,0,0.1654181965740211,0.8528018360462148,0.0,0.0,456,1,32.5,2,2,False
DDA3937_RS07095,,ROGUE_SUSPECT,unknown,0,E_geometry|N_score|P_rogue,0,0.208431299898985,0.826906702497863,0.0,0.0,311,1,31.33,2,2,False
DDA3937_RS07100,,UNRESOLVED,unknown,0,N_redundancy,0,0.4044845454196827,0.624252061352599,0.1891891891891892,4.0,287,0,30.34,2,2,True
DDA3937_RS07105,,UNRESOLVED,unknown,0,N_redundancy,0,0.3069187593980634,0.7209548431652707,0.1111111111111111,6.0,337,0,29.41,2,2,True
DDA3937_RS07110,,CONFIDENT_NONESSENTIAL,non-essential,1,N_score,0,0.2038726118532799,0.8249230023144057,0.0,1.0,331,0,28.39,2,2,False
DDA3937_RS07115,,CONFIDENT_NONESSENTIAL,non-essential,1,N_score,0,0.1638531395442937,0.887286693370182,0.0,1.0,520,1,26.28,2,2,True
DDA3937_RS07120,,ROGUE_SUSPECT,unknown,0,E_geometry|N_score|P_rogue,0,0.212678977088446,0.8144701897843453,0.0,0.0,282,1,24.76,2,2,True
DDA3937_RS07125,,ROGUE_SUSPECT,unknown,0,E_geometry|N_score|P_rogue,0,0.190108605630411,0.8440952389617103,0.0,0.0,374,1,23.72,2,2,False
DDA3937_RS07130,,ROGUE_SUSPECT,unknown,0,N_score|P_rogue,0,0.168507629800533,0.8500180279547432,0.0,0.0,438,1,22.49,2,2,False
DDA3937_RS07135,,UNRESOLVED,unknown,0,E_geometry,0,0.4615997486559015,0.5384944265423192,0.1818181818181818,0.0,76,1,21.67,2,2,False
DDA3937_RS07140,,CONDITIONAL_SUSPECT,unknown,0,N_redundancy|N_long_lagging|P_conditional,0,0.2949648949747309,0.7595147069428143,0.1481481481481481,8.0,502,0,20.65,2,2,True
DDA3937_RS07150,,CONFIDENT_NONESSENTIAL,non-essential,2,N_score|N_pangenome_strong,0,0.1957276711997638,0.886278113489516,0.0,2.0,437,1,17.95,0,2,True
DDA3937_RS07155,,CONDITIONAL_SUSPECT,unknown,0,N_score|N_redundancy|N_long_lagging|P_conditional,0,0.1083498386788318,0.9197683623869435,0.0857142857142857,8.0,1045,0,15.39,2,2,True
DDA3937_RS07160,,CONDITIONAL_SUSPECT,unknown,0,N_redundancy|N_long_lagging|P_conditional,0,0.4274273086733113,0.5745207383792229,0.2571428571428571,10.0,421,0,13.17,2,2,True
DDA3937_RS07165,,CONFIDENT_NONESSENTIAL,non-essential,2,E_geometry|N_score|N_pangenome_some,0,0.2196949084947355,0.7980430111616954,0.0,1.0,246,1,12.04,1,2,True
DDA3937_RS07170,,CONFIDENT_NONESSENTIAL,non-essential,2,E_geometry|N_score|N_pangenome_some,0,0.2594065591768596,0.7494863867857018,0.1,1.0,376,1,11.11,1,2,True
DDA3937_RS07175,,UNRESOLVED,unknown,0,E_cons_core|F_core_redundant,1,0.891044862207932,0.10530700081316871,0.6216216216216216,55.0,300,0,9.93,2,2,True
DDA3937_RS07180,,CONFIDENT_NONESSENTIAL,non-essential,1,E_geometry|N_pangenome_strong,0,0.3110584232497144,0.709629367319171,0.0588235294117647,1.0,131,1,9.13,0,2,True
DDA3937_RS07185,,UNRESOLVED,unknown,0,E_geometry,0,0.3171600264754544,0.6959763382494958,0.1142857142857142,1.0,255,1,8.48,2,2,True
DDA3937_RS07190,,CONFIDENT_NONESSENTIAL,non-essential,2,N_score|N_pangenome_strong,0,0.1350520417470573,0.8805550722628824,0.0,0.0,578,1,6.93,0,2,False
DDA3937_RS07195,,CONFIDENT_NONESSENTIAL,non-essential,1,N_score,0,0.2568953258448218,0.7555407516883043,0.04,1.0,232,0,5.65,2,2,True
DDA3937_RS07200,,CONDITIONAL_SUSPECT,unknown,0,N_score|N_mobile|N_long_lagging|P_conditional,0,0.1650316763709785,0.8662032733750971,0.0,1.0,476,0,4.59,2,2,False
DDA3937_RS07205,,CONFIDENT_NONESSENTIAL,non-essential,2,N_score|N_mobile,0,0.228235457884765,0.8067402109045783,0.0,1.0,240,0,3.5,2,2,True
DDA3937_RS07210,,CONFIDENT_NONESSENTIAL,non-essential,2,N_score|N_mobile,0,0.1957643231885141,0.8584010899782223,0.0,1.0,383,0,2.44,2,2,True
DDA3937_RS07215,,CONFIDENT_NONESSENTIAL,non-essential,2,E_geometry|N_score|N_mobile,0,0.2794064331338905,0.7385437780304774,0.0769230769230769,2.0,266,1,1.11,2,2,True
DDA3937_RS07225,,UNRESOLVED,unknown,0,N_mobile,0,0.3274718391154226,0.6960300691709767,0.1111111111111111,1.0,232,0,1.52,2,2,True
DDA3937_RS07230,,UNRESOLVED,unknown,0,N_mobile,0,0.3897102831890623,0.647398091786244,0.1304347826086956,1.0,139,0,2.07,2,2,True
DDA3937_RS07235,,UNRESOLVED,unknown,0,E_cons_core|N_mobile|F_core_redundant,0,0.7872796631122858,0.20074970276255433,0.5428571428571428,5.0,219,0,2.73,2,2,False
DDA3937_RS07240,,CONFIDENT_NONESSENTIAL,non-essential,3,N_score|N_pangenome_strong|N_mobile,0,0.1934289987120553,0.8440734228851616,0.0,0.0,362,0,3.58,0,2,False
DDA3937_RS07245,,CONFIDENT_NONESSENTIAL,non-essential,4,N_score|N_pangenome_strong|N_mobile|N_long_lagging,0,0.2881062099827479,0.7368776688511232,0.1538461538461538,0.0,449,0,4.85,0,2,True
DDA3937_RS07250,,CONFIDENT_NONESSENTIAL,non-essential,3,N_score|N_pangenome_strong|N_long_lagging,0,0.2349470351364657,0.7937072590688049,0.1428571428571428,0.0,585,0,6.41,0,2,True
DDA3937_RS07265,,ROGUE_SUSPECT,unknown,0,N_score|N_long_lagging|P_rogue|P_conditional,0,0.1132706549867497,0.9151586938159088,0.0,0.0,734,0,10.2,2,2,True
DDA3937_RS07270,,UNRESOLVED,unknown,0,E_cons_core,1,0.9113689339889394,0.07060139792024524,0.9142857142857144,1.0,566,1,12.78,2,2,False
DDA3937_RS07275,,ROGUE_SUSPECT,unknown,0,E_geometry|N_score|P_rogue,0,0.2278490445234479,0.833229268273701,0.0,0.0,266,1,14.24,2,2,False
DDA3937_RS07280,,CONFIDENT_NONESSENTIAL,non-essential,2,N_score|N_redundancy,0,0.2258653533257518,0.8329517067061836,0.0606060606060606,15.0,525,1,15.51,2,2,True
DDA3937_RS07285,,UNRESOLVED,unknown,0,E_geometry|N_redundancy,0,0.3754004407756662,0.6763054860069467,0.15625,10.0,311,1,16.84,2,2,True
DDA3937_RS07290,,CONFIDENT_NONESSENTIAL,non-essential,2,E_geometry|N_score|N_pangenome_some,0,0.2097343534236037,0.8275906668734101,0.0,0.0,300,1,15.99,1,2,False
DDA3937_RS07295,,CONFIDENT_NONESSENTIAL,non-essential,2,E_geometry|N_score|N_pangenome_some,0,0.2188202365397716,0.8214302345061394,0.0,0.0,271,1,15.12,1,2,False
DDA3937_RS07300,,ROGUE_SUSPECT,unknown,0,E_geometry|N_score|P_rogue,0,0.2364786883990283,0.818139789982636,0.0,0.0,228,1,14.3,2,2,False
DDA3937_RS07305,,UNRESOLVED,unknown,0,E_cons_core|E_geometry|F_core_redundant,0,0.850330957606756,0.1491371284263766,0.6,8.0,157,1,13.51,2,2,False
DDA3937_RS07310,,CONFIDENT_NONESSENTIAL,non-essential,2,E_geometry|N_score|N_redundancy,0,0.1868627368147825,0.8386992693145723,0.0,4.0,393,1,12.67,2,2,True
DDA3937_RS07315,,CONFIDENT_NONESSENTIAL,non-essential,2,N_score|N_redundancy,0,0.2031697036129973,0.829596689884056,0.0588235294117647,6.0,509,1,11.31,2,2,True
DDA3937_RS07320,,ROGUE_SUSPECT,unknown,0,E_geometry|N_score|P_rogue,0,0.2198085627823018,0.8467682884133907,0.0,0.0,300,1,10.02,2,2,False
DDA3937_RS07325,,ROGUE_SUSPECT,unknown,0,E_geometry|N_score|P_rogue,0,0.2573499200257124,0.8013546307575251,0.0,0.0,162,1,9.03,2,2,False
DDA3937_RS07330,,UNRESOLVED,unknown,0,,0,0.2958346984451068,0.8096892494622251,0.032258064516129,1.0,197,0,8.35,2,2,True
DDA3937_RS07335,,ROGUE_SUSPECT,unknown,0,E_geometry|N_score|P_rogue,0,0.2774026957667195,0.7917289100292602,0.0,0.0,111,1,7.5,2,2,False
DDA3937_RS07340,,ROGUE_SUSPECT,unknown,0,E_geometry|N_score|P_rogue,0,0.281246802931987,0.8000505771811355,0.0,0.0,113,1,7.16,2,2,False
DDA3937_RS07345,,UNRESOLVED,unknown,0,E_geometry|N_redundancy,0,0.3354459550413526,0.7355380126749723,0.1351351351351351,15.0,400,1,6.12,2,2,True
DDA3937_RS07375,,ROGUE_SUSPECT,unknown,0,N_score|N_mobile|N_long_lagging|P_rogue|P_conditional,0,0.0707750104224408,0.9515092223059586,0.0,0.0,1038,0,2.24,2,2,False
DDA3937_RS07380,,UNRESOLVED,unknown,0,N_redundancy|N_mobile,0,0.5893391686517672,0.41214171652458315,0.3666666666666666,14.0,360,0,4.51,2,2,False
DDA3937_RS07385,,CONFIDENT_NONESSENTIAL,non-essential,1,N_score,0,0.2904011122781382,0.7570533830239617,0.0666666666666666,1.0,239,0,5.5,2,2,True
DDA3937_RS07390,,UNRESOLVED,unknown,0,E_geometry,0,0.3136995990003322,0.7288836365614861,0.12,0.0,298,1,6.46,2,2,True
DDA3937_RS07395,,CONDITIONAL_SUSPECT,unknown,0,N_score|N_long_lagging|P_conditional,0,0.2345192620820025,0.8170926857770375,0.0666666666666666,3.0,430,0,7.63,2,2,True
DDA3937_RS07400,,ROGUE_SUSPECT,unknown,0,N_score|P_rogue,0,0.1117979752687161,0.9126689424386705,0.0,0.0,726,1,10.28,2,2,False
DDA3937_RS07405,,CONDITIONAL_SUSPECT,unknown,0,N_score|N_long_lagging|P_conditional,0,0.1187910407478836,0.9137715998746466,0.0,1.0,717,0,12.54,2,2,True
DDA3937_RS07410,,UNRESOLVED,unknown,0,,0,0.4367655712684348,0.599116431085813,0.1818181818181818,3.0,181,0,13.92,2,2,True
DDA3937_RS07415,,ROGUE_SUSPECT,unknown,0,E_geometry|N_score|P_rogue,0,0.2907600079709583,0.7887118373328702,0.0,0.0,86,1,14.83,2,2,False
DDA3937_RS07420,,ROGUE_SUSPECT,unknown,0,E_geometry|N_score|P_rogue,0,0.2565921357672783,0.7984388711519455,0.0,0.0,163,1,15.21,2,2,False
DDA3937_RS07425,,UNRESOLVED,unknown,0,,0,0.3404258484974369,0.6985392171821833,0.0909090909090909,1.0,165,0,15.78,2,2,False
DDA3937_RS07430,,UNRESOLVED,unknown,0,E_cons_core,0,0.7729904046162069,0.21933599122323785,0.5,0.0,133,0,16.22,2,2,False
DDA3937_RS07435,,ROGUE_SUSPECT,unknown,0,N_score|P_rogue,0,0.2192932784069281,0.8104231221720107,0.0,0.0,264,0,16.81,2,2,False
DDA3937_RS07440,,ROGUE_SUSPECT,unknown,0,N_score|P_rogue,0,0.2401392531050188,0.784956644720097,0.0,0.0,190,0,17.49,2,2,False
DDA3937_RS07445,,ROGUE_SUSPECT,unknown,0,N_score|N_long_lagging|P_rogue|P_conditional,0,0.1440871031028014,0.8884475383085225,0.0,0.0,576,0,18.64,2,2,False
DDA3937_RS07450,,ROGUE_SUSPECT,unknown,0,N_score|N_long_lagging|P_rogue|P_conditional,0,0.147717360733841,0.8847988610805796,0.0,0.0,559,0,20.34,2,2,False
DDA3937_RS07455,,ROGUE_SUSPECT,unknown,0,N_score|P_rogue,0,0.2368963955454396,0.8010073052572318,0.0,0.0,217,0,21.51,2,2,False
DDA3937_RS07460,,ROGUE_SUSPECT,unknown,0,N_score|N_long_lagging|P_rogue|P_conditional,0,0.1658394883594848,0.868686831127626,0.0,0.0,480,0,22.56,2,2,False
DDA3937_RS07465,,UNRESOLVED,unknown,0,E_cons_core,1,0.9073361773023856,0.07251505521259484,0.8064516129032258,1.0,316,0,23.77,2,2,False
DDA3937_RS07470,,ROGUE_SUSPECT,unknown,0,N_score|N_long_lagging|P_rogue|P_conditional,0,0.1222580315037208,0.9026424366003741,0.0,0.0,680,0,25.28,2,2,False
DDA3937_RS07475,,UNRESOLVED,unknown,0,,0,0.4214068389585527,0.5959337554647309,0.1818181818181818,3.0,209,0,26.61,2,2,True
DDA3937_RS07480,,UNRESOLVED,unknown,0,E_geometry,1,0.653756556715762,0.31458919409322106,0.3636363636363636,1.0,92,1,27.46,2,2,False
DDA3937_RS07485,,UNRESOLVED,unknown,0,E_cons_core|E_geometry|F_core_redundant,1,0.88835427177516,0.10848795790244892,0.6216216216216216,55.0,318,1,28.52,2,2,True
DDA3937_RS07490,,CONFIDENT_NONESSENTIAL,non-essential,1,N_score,0,0.2311472287227886,0.8151365580801306,0.0666666666666666,3.0,439,1,30.1,2,2,True
DDA3937_RS07495,,CONFIDENT_NONESSENTIAL,non-essential,2,E_geometry|N_score|N_pangenome_strong,0,0.2317405090780419,0.8265246172624088,0.0,0.0,257,1,31.4,0,2,False
DDA3937_RS07500,,UNRESOLVED,unknown,0,E_geometry|N_redundancy,0,0.3966830683487663,0.7084339073454506,0.1724137931034483,6.0,330,1,32.38,2,2,True
DDA3937_RS07505,,UNRESOLVED,unknown,0,E_cons_core|F_core_redundant,0,0.8399874850990717,0.14594116398060003,0.6333333333333333,8.0,288,0,33.34,2,2,False
DDA3937_RS07510,,CONFIDENT_NONESSENTIAL,non-essential,2,N_score|N_redundancy,0,0.2847093389137222,0.7526324412526699,0.0909090909090909,8.0,368,0,34.54,2,2,True
DDA3937_RS07515,,UNRESOLVED,unknown,0,N_redundancy,0,0.5123806058214482,0.5073501043025752,0.2857142857142857,4.0,289,0,35.56,2,2,False
DDA3937_RS07520,,UNRESOLVED,unknown,0,N_redundancy,0,0.7034377680767595,0.28869807122780555,0.4642857142857143,5.0,286,0,36.38,2,2,False
DDA3937_RS07525,,ROGUE_SUSPECT,unknown,0,N_score|P_rogue,0,0.1933157977163167,0.8597301201836824,0.0,0.0,402,0,37.43,2,2,False
DDA3937_RS07530,,UNRESOLVED,unknown,0,E_geometry,0,0.3176428227351622,0.6917771300901276,0.1428571428571428,1.0,341,1,38.79,2,2,False
DDA3937_RS07535,,UNRESOLVED,unknown,0,E_geometry,0,0.2986287922850109,0.7175920980413907,0.1176470588235294,2.0,338,1,39.99,2,2,True
DDA3937_RS07540,,CONFIDENT_NONESSENTIAL,non-essential,1,E_geometry|N_score,0,0.2716349809312619,0.7267847896934047,0.0666666666666666,1.0,256,1,40.88,2,2,True
DDA3937_RS07545,,CONDITIONAL_SUSPECT,unknown,0,N_score|N_long_lagging|P_conditional,0,0.1831203200966044,0.866690582812715,0.0,1.0,447,0,41.98,2,2,False
DDA3937_RS07550,,CONFIDENT_NONESSENTIAL,non-essential,2,N_score|N_pangenome_strong,0,0.2426042813759368,0.7955040385680368,0.0,0.0,210,0,43.68,0,2,False
DDA3937_RS07555,,CONFIDENT_NONESSENTIAL,non-essential,2,N_score|N_redundancy,0,0.1831968899585197,0.8256809279009416,0.0303030303030303,6.0,494,1,44.93,2,2,True
DDA3937_RS07560,,UNRESOLVED,unknown,0,N_redundancy,0,0.2995237395946259,0.7138511164692931,0.1666666666666666,4.0,479,1,46.65,2,2,True
DDA3937_RS07565,,UNRESOLVED,unknown,0,N_redundancy,0,0.6238852943546467,0.3734802103774825,0.4594594594594595,4.0,473,1,46.85,2,2,False
DDA3937_RS07570,,UNRESOLVED,unknown,0,E_geometry|N_redundancy,0,0.4854751758811474,0.605910638102472,0.2058823529411764,8.0,215,1,45.41,2,2,True
DDA3937_RS07575,,ROGUE_SUSPECT,unknown,0,P_rogue,0,0.307476729824946,0.8136399993274115,0.0,0.0,107,0,44.84,2,2,False
DDA3937_RS07580,,CONFIDENT_NONESSENTIAL,non-essential,2,E_geometry|N_score|N_pangenome_some,0,0.2698457972503758,0.8229131892675791,0.0,0.0,181,1,44.0,1,2,False
DDA3937_RS07585,,CONFIDENT_NONESSENTIAL,non-essential,2,N_score|N_pangenome_some,1,0.2823734216530322,0.7981767049246135,0.0,0.0,134,0,43.23,1,2,False
DDA3937_RS07590,,CONFIDENT_NONESSENTIAL,non-essential,2,N_score|N_pangenome_some,0,0.2672553047958274,0.8200618634047933,0.0,0.0,189,0,42.69,1,2,False
DDA3937_RS07595,,UNRESOLVED,unknown,0,E_geometry|N_redundancy,0,0.56285401793855,0.42060060924501996,0.3225806451612903,4.0,240,1,41.57,2,2,False
DDA3937_RS07600,,UNRESOLVED,unknown,0,E_geometry,0,0.5984963105678709,0.3724535652480583,0.3333333333333333,0.0,150,1,40.98,2,2,False
DDA3937_RS07605,,UNRESOLVED,unknown,0,E_geometry,0,0.5786465518422172,0.38633308100094677,0.3333333333333333,0.0,192,1,40.47,2,2,False
DDA3937_RS07610,,CONFIDENT_NONESSENTIAL,non-essential,1,E_geometry|N_score,0,0.2752852737800781,0.7311751376807313,0.1111111111111111,0.0,364,1,39.64,2,2,False
DDA3937_RS07615,,ROGUE_SUSPECT,unknown,0,E_geometry|N_score|P_rogue,0,0.214388295919111,0.8156327089741922,0.0,0.0,285,1,38.69,2,2,False
DDA3937_RS07620,,UNRESOLVED,unknown,0,E_geometry,0,0.5475769362295536,0.4281261646207414,0.3333333333333333,0.0,271,1,37.87,2,2,False
DDA3937_RS07625,,ROGUE_SUSPECT,unknown,0,E_geometry|N_score|P_rogue,0,0.2216905906415927,0.786660321962956,0.0,0.0,234,1,37.07,2,2,False
DDA3937_RS07630,,ROGUE_SUSPECT,unknown,0,E_geometry|N_score|P_rogue,0,0.2400131052274889,0.7790458229686873,0.0769230769230769,0.0,390,1,36.14,2,2,True
DDA3937_RS07635,,UNRESOLVED,unknown,0,E_geometry,0,0.4325583756021613,0.5551901841848147,0.2,0.0,187,1,35.27,2,2,False
DDA3937_RS07640,,ROGUE_SUSPECT,unknown,0,E_geometry|N_score|P_rogue,0,0.2831571438813372,0.7252794429867641,0.0769230769230769,0.0,250,1,34.61,2,2,False
DDA3937_RS07645,,UNRESOLVED,unknown,0,N_redundancy,0,0.2950538944681927,0.7746427181041051,0.0625,8.0,295,0,33.6,2,2,True
DDA3937_RS07650,,UNRESOLVED,unknown,0,E_cons_core|E_geometry|F_core_redundant,1,0.8901996764245502,0.10568934128396118,0.6216216216216216,55.0,307,1,32.59,2,2,True
DDA3937_RS07655,,UNRESOLVED,unknown,0,E_cons_core|E_geometry|F_core_redundant,0,0.7570953166168753,0.22537382972301126,0.5142857142857142,12.0,286,1,31.51,2,2,False
DDA3937_RS07660,,ROGUE_SUSPECT,unknown,0,E_geometry|N_score|P_rogue,0,0.2114701839370885,0.8341731205581433,0.0,0.0,311,1,30.48,2,2,False
DDA3937_RS07665,,CONFIDENT_NONESSENTIAL,non-essential,1,E_geometry|N_score,0,0.2627360498322573,0.7608077096514867,0.0625,1.0,289,1,29.43,2,2,False
DDA3937_RS07670,,CONFIDENT_NONESSENTIAL,non-essential,1,E_geometry|N_score,0,0.2556720311695815,0.75626790618446,0.0625,1.0,298,1,28.55,2,2,False
DDA3937_RS07675,,CONFIDENT_NONESSENTIAL,non-essential,2,N_score|N_pangenome_some,0,0.2820402286787711,0.773405124805122,0.0,0.0,98,0,26.01,1,2,False
DDA3937_RS07680,,CONFIDENT_NONESSENTIAL,non-essential,2,N_score|N_pangenome_some,0,0.2047536586990692,0.842184578032811,0.0,0.0,342,0,25.32,1,2,False
DDA3937_RS07685,,CONFIDENT_NONESSENTIAL,non-essential,2,N_score|N_pangenome_some,0,0.2369925576101661,0.7979125772206505,0.0,0.0,214,0,24.51,1,2,False
DDA3937_RS07690,,CONFIDENT_NONESSENTIAL,non-essential,2,N_score|N_pangenome_some,0,0.2151763123131627,0.8241070642467185,0.0,0.0,293,0,23.74,1,2,False
DDA3937_RS07695,,CONFIDENT_NONESSENTIAL,non-essential,3,N_score|N_pangenome_some|N_long_lagging,0,0.145730004988967,0.8941757791041681,0.0,0.0,583,0,22.43,1,2,False
DDA3937_RS07700,,CONFIDENT_NONESSENTIAL,non-essential,2,N_score|N_pangenome_some,0,0.2387788730614774,0.8086137755039592,0.0,0.0,221,0,21.23,1,2,False
DDA3937_RS07705,,CONFIDENT_NONESSENTIAL,non-essential,3,N_score|N_pangenome_some|N_long_lagging,0,0.1136196934194046,0.9223676515426588,0.0,0.0,754,0,19.76,1,2,False
DDA3937_RS07710,,UNRESOLVED,unknown,0,N_redundancy,0,0.6170531255510483,0.36325854070206826,0.4594594594594595,4.0,460,1,17.44,2,2,False
DDA3937_RS07715,,CONFIDENT_NONESSENTIAL,non-essential,2,N_score|N_redundancy,0,0.1481210128052045,0.9003285424760675,0.0294117647058823,8.0,705,1,15.52,2,2,True
DDA3937_RS07720,,CONFIDENT_NONESSENTIAL,non-essential,1,N_score,0,0.1729999111545458,0.854249354613974,0.0714285714285714,1.0,621,1,13.43,2,2,True
DDA3937_RS07725,,UNRESOLVED,unknown,0,E_cons_core|E_geometry,0,0.7566348453119258,0.21128353849780449,0.5945945945945946,2.0,412,1,11.89,2,2,False
DDA3937_RS07730,,CONFIDENT_NONESSENTIAL,non-essential,2,N_score|N_redundancy,0,0.2035916110488164,0.8112833451094057,0.0588235294117647,6.0,483,1,10.55,2,2,True
DDA3937_RS07735,,CONFIDENT_NONESSENTIAL,non-essential,1,N_score,0,0.1721442906608916,0.8530459821505512,0.0714285714285714,1.0,619,1,8.81,2,2,True
DDA3937_RS07740,,UNRESOLVED,unknown,0,E_geometry,0,0.5274240838279107,0.4380324485633445,0.3181818181818182,1.0,259,1,7.5,2,2,True
DDA3937_RS07745,,ROGUE_SUSPECT,unknown,0,N_score|P_rogue,0,0.1241193786253088,0.8992547219235529,0.0,0.0,648,1,6.14,2,2,False
DDA3937_RS07750,,CONFIDENT_NONESSENTIAL,non-essential,2,E_geometry|N_score|N_mobile,0,0.2714749930094857,0.7469067607027471,0.0833333333333333,2.0,306,1,4.36,2,2,False
DDA3937_RS07755,,UNRESOLVED,unknown,0,E_geometry|N_redundancy|N_mobile,1,0.3501441922173364,0.6299271806309626,0.1764705882352941,7.0,341,1,3.39,2,2,True
DDA3937_RS07760,,UNRESOLVED,unknown,0,E_geometry|N_redundancy|N_mobile,1,0.3467850855802846,0.6348206875525975,0.1764705882352941,7.0,350,1,2.36,2,2,True
DDA3937_RS07765,,UNRESOLVED,unknown,0,E_cons_core|E_geometry|N_mobile|F_core_redundant,0,0.7549799728962698,0.2215683156902446,0.5142857142857142,12.0,270,1,1.42,2,2,False
DDA3937_RS07770,,UNRESOLVED,unknown,0,E_geometry|N_mobile,0,0.4905783521350975,0.4745442290898753,0.2727272727272727,0.0,212,1,0.6,2,2,False
DDA3937_RS07775,,UNRESOLVED,unknown,0,E_geometry|N_mobile,0,0.4221349309536997,0.6160648320176346,0.1818181818181818,1.0,189,1,0.72,2,2,True
DDA3937_RS07780,,UNRESOLVED,unknown,0,E_geometry|N_mobile,0,0.455745103890218,0.5812702053432343,0.2,3.0,171,1,1.33,2,2,True
DDA3937_RS07785,,CONFIDENT_NONESSENTIAL,non-essential,2,E_geometry|N_pangenome_strong|N_mobile,0,0.3062296660517897,0.7187933018697951,0.0555555555555555,0.0,127,1,1.93,0,2,False
DDA3937_RS07790,,CONFIDENT_NONESSENTIAL,non-essential,2,E_geometry|N_score|N_mobile,0,0.2843238741193497,0.7318504349799481,0.1212121212121212,2.0,366,1,1.49,2,2,False
DDA3937_RS07795,,UNRESOLVED,unknown,0,E_geometry|N_mobile,0,0.4505024207548218,0.5684681138827549,0.2,3.0,169,1,0.67,2,2,True
DDA3937_RS07800,,ROGUE_SUSPECT,unknown,0,N_score|N_mobile|P_rogue,0,0.1948047925515026,0.8418333683881593,0.0,0.0,352,0,0.96,2,2,True
DDA3937_RS07805,,UNRESOLVED,unknown,0,E_cons_core|N_mobile|F_core_redundant,1,0.893985970716881,0.11996081818572839,0.6216216216216216,55.0,309,0,2.13,2,2,True
DDA3937_RS07810,,CONFIDENT_NONESSENTIAL,non-essential,2,E_geometry|N_pangenome_strong|N_mobile,0,0.3119789958000913,0.7346757691990365,0.1428571428571428,0.0,364,1,3.3,0,2,True
DDA3937_RS07820,,CONFIDENT_NONESSENTIAL,non-essential,1,E_geometry|N_score,1,0.2710165143022323,0.7402696894653462,0.081081081081081,2.0,295,1,5.84,2,2,True
DDA3937_RS07825,,ROGUE_SUSPECT,unknown,0,E_geometry|N_score|P_rogue,0,0.1896571029623388,0.8326795193549189,0.0,0.0,348,1,6.91,2,2,False
DDA3937_RS07835,,UNRESOLVED,unknown,0,E_geometry,1,0.4496083132272528,0.5415907793512595,0.2608695652173913,0.0,297,1,8.2,2,2,True
DDA3937_RS07850,,CONFIDENT_NONESSENTIAL,non-essential,2,N_score|N_mobile,0,0.0719920807942834,0.9481801804944279,0.0,1.0,1016,1,3.83,2,2,False
DDA3937_RS07855,,UNRESOLVED,unknown,0,E_geometry|N_mobile,0,0.3311329980097574,0.6918102599021516,0.1428571428571428,2.0,303,1,1.84,2,2,False
DDA3937_RS07860,,UNRESOLVED,unknown,0,E_geometry|N_mobile,0,0.3176188000306497,0.7273948668131671,0.0909090909090909,1.0,214,1,1.07,2,2,False
DDA3937_RS07870,,UNRESOLVED,unknown,0,E_geometry|N_redundancy|N_mobile,0,0.5809595393234287,0.39466334707354367,0.3666666666666666,14.0,349,1,1.46,2,2,False
DDA3937_RS07875,,ROGUE_SUSPECT,unknown,0,N_score|N_mobile|P_rogue,0,0.1095139530955583,0.9039870169074866,0.0,0.0,710,1,3.17,2,2,False
DDA3937_RS07880,,ROGUE_SUSPECT,unknown,0,N_score|N_mobile|P_rogue,0,0.1724474024159129,0.8579729315520966,0.0,0.0,427,1,4.92,2,2,False
DDA3937_RS07885,,ROGUE_SUSPECT,unknown,0,N_score|P_rogue,0,0.2218744933842659,0.8250006279657688,0.0,0.0,269,0,6.11,2,2,False
DDA3937_RS23415,,CONFIDENT_NONESSENTIAL,non-essential,2,E_geometry|N_score|N_pangenome_some,1,0.2798734348774336,0.7357233241222922,0.0,0.0,46,1,6.68,1,2,False
DDA3937_RS07890,,UNRESOLVED,unknown,0,,0,0.4656113899631694,0.4975930438004575,0.3333333333333333,2.0,444,1,7.69,2,2,False
DDA3937_RS07895,,UNRESOLVED,unknown,0,E_geometry|N_pangenome_some,0,0.4947387249631528,0.4486974321909173,0.3076923076923077,0.0,283,1,8.79,1,2,False
DDA3937_RS07900,,CONFIDENT_NONESSENTIAL,non-essential,1,E_geometry|N_score,0,0.249503613055373,0.7484925106445321,0.0689655172413793,1.0,309,1,9.67,2,2,True
DDA3937_RS07905,,CONFIDENT_NONESSENTIAL,non-essential,2,N_score|N_pangenome_strong,0,0.2432107632541085,0.7811083326904719,0.0,0.0,174,0,10.69,0,2,False
DDA3937_RS07910,,ROGUE_SUSPECT,unknown,0,N_score|N_long_lagging|P_rogue|P_conditional,0,0.1690377414449064,0.873054437152163,0.0,0.0,471,0,11.78,2,2,False
DDA3937_RS07915,,CONDITIONAL_SUSPECT,unknown,0,N_score|N_long_lagging|P_conditional,0,0.1501383117069072,0.8704568159159071,0.0,1.0,528,0,13.99,2,2,False
DDA3937_RS07920,,UNRESOLVED,unknown,0,E_cons_core,1,0.9556980639798118,0.03090676674690646,0.9142857142857144,2.0,134,0,15.0,2,2,True
DDA3937_RS07925,,UNRESOLVED,unknown,0,E_cons_core,1,0.947996889601536,0.03696673261085418,0.9142857142857144,2.0,233,0,15.55,2,2,True
DDA3937_RS07930,,UNRESOLVED,unknown,0,E_cons_core,0,0.7075040049479888,0.24238684121832987,0.5,0.0,286,0,16.35,2,2,True
DDA3937_RS07935,,CONFIDENT_NONESSENTIAL,non-essential,1,E_geometry|N_score,0,0.2666305112563199,0.7631121573332612,0.0833333333333333,2.0,338,1,17.82,2,2,True
DDA3937_RS07940,,CONFIDENT_NONESSENTIAL,non-essential,2,N_score|N_redundancy,0,0.1262053914962015,0.8963164373590481,0.0294117647058823,8.0,769,1,19.57,2,2,True
DDA3937_RS07945,,ROGUE_SUSPECT,unknown,0,N_score|P_rogue,0,0.0798315394045333,0.9321116301432107,0.0,0.0,923,1,22.12,2,2,False
DDA3937_RS07950,,ROGUE_SUSPECT,unknown,0,E_geometry|N_score|P_rogue,0,0.2225400550430937,0.800042308380234,0.0,0.0,239,1,24.01,2,2,False
DDA3937_RS07955,,UNRESOLVED,unknown,0,E_cons_core|F_core_redundant,1,0.8890011346460884,0.10592714779328281,0.6216216216216216,55.0,314,0,24.82,2,2,True
DDA3937_RS07960,,ROGUE_SUSPECT,unknown,0,N_score|P_rogue,0,0.2734007846042195,0.7604889113148077,0.0588235294117647,0.0,256,0,25.85,2,2,False
DDA3937_RS07965,,ROGUE_SUSPECT,unknown,0,E_geometry|N_score|P_rogue,0,0.1915512167693978,0.8262940231381073,0.0,0.0,345,1,27.24,2,2,False
DDA3937_RS07970,,UNRESOLVED,unknown,0,E_geometry,0,0.3450103353546503,0.6843723871993742,0.1363636363636363,2.0,269,1,28.2,2,2,True
DDA3937_RS07975,,ROGUE_SUSPECT,unknown,0,E_geometry|N_score|P_rogue,0,0.2100833977352815,0.7951129426662565,0.0,0.0,264,1,29.0,2,2,False
DDA3937_RS07980,,CONFIDENT_NONESSENTIAL,non-essential,1,E_geometry|N_score,0,0.2715508648311384,0.7492688556006435,0.0454545454545454,2.0,220,1,29.73,2,2,True
DDA3937_RS07985,,ROGUE_SUSPECT,unknown,0,E_geometry|N_score|P_rogue,0,0.2781364948775473,0.8020319179261507,0.0,0.0,131,1,30.59,2,2,False
DDA3937_RS07995,,ROGUE_SUSPECT,unknown,0,N_score|N_long_lagging|P_rogue|P_conditional,0,0.1398146574593241,0.8904181505104719,0.0,0.0,598,0,31.96,2,2,False
DDA3937_RS08000,,UNRESOLVED,unknown,0,N_redundancy,0,0.703873022681813,0.2737511368197584,0.4642857142857143,5.0,268,0,33.29,2,2,False
DDA3937_RS08005,,CONDITIONAL_SUSPECT,unknown,0,N_score|N_long_lagging|P_conditional,0,0.1538338722654883,0.8677053595872384,0.0,1.0,523,0,34.47,2,2,False
DDA3937_RS08010,,CONFIDENT_NONESSENTIAL,non-essential,1,E_geometry|N_score,0,0.2533730495499346,0.7555438414156351,0.0833333333333333,2.0,366,1,36.08,2,2,True
DDA3937_RS08015,,UNRESOLVED,unknown,0,E_cons_core|F_core_redundant,1,0.8900890996459885,0.10237441383845956,0.6216216216216216,55.0,309,0,37.15,2,2,True
DDA3937_RS08020,,ROGUE_SUSPECT,unknown,0,N_score|P_rogue,0,0.2315658630041695,0.8184167989351896,0.0,0.0,256,0,38.4,2,2,False
DDA3937_RS08025,,UNRESOLVED,unknown,0,E_cons_core|F_core_redundant,1,0.8954208017212695,0.10803803999430203,0.6216216216216216,55.0,300,0,39.42,2,2,True
DDA3937_RS08030,,CONFIDENT_NONESSENTIAL,non-essential,2,N_score|N_redundancy,0,0.2258932149630975,0.8154701953762178,0.0606060606060606,15.0,513,1,40.8,2,2,True
DDA3937_RS08035,,CONFIDENT_NONESSENTIAL,non-essential,1,E_geometry|N_score,0,0.2119533723578949,0.8140404656565916,0.0,1.0,295,1,42.24,2,2,True
DDA3937_RS08040,,CONFIDENT_NONESSENTIAL,non-essential,1,E_geometry|N_score,0,0.2082500442832216,0.8203087389113441,0.0,2.0,318,1,43.15,2,2,False
DDA3937_RS08045,,CONFIDENT_NONESSENTIAL,non-essential,1,E_geometry|N_score,0,0.2018357316830133,0.8117680998993213,0.0,2.0,323,1,44.11,2,2,False
DDA3937_RS08050,,UNRESOLVED,unknown,0,E_geometry|N_redundancy,0,0.3670121244366159,0.6622840216224635,0.15625,10.0,325,1,45.2,2,2,True
DDA3937_RS08055,,CONFIDENT_NONESSENTIAL,non-essential,2,E_geometry|N_score|N_redundancy,0,0.2810988607188726,0.7398747429896587,0.0689655172413793,9.0,307,1,46.14,2,2,True
DDA3937_RS08060,,UNRESOLVED,unknown,0,N_redundancy,0,0.3257201043786094,0.6907003925465746,0.2162162162162162,13.0,598,1,47.5,2,2,True
DDA3937_RS08070,,CONFIDENT_NONESSENTIAL,non-essential,2,E_geometry|N_score|N_pangenome_strong,0,0.1948610895541591,0.8267056248807125,0.0,0.0,349,1,49.96,0,2,False
DDA3937_RS08075,,UNRESOLVED,unknown,0,,0,0.3129388243662939,0.7174066815739112,0.1176470588235294,2.0,323,0,51.0,2,2,True
DDA3937_RS08080,,CONFIDENT_NONESSENTIAL,non-essential,1,E_geometry|N_score,0,0.2843047904428327,0.7434714638214296,0.05,1.0,207,1,51.59,2,2,False
DDA3937_RS08085,,CONFIDENT_NONESSENTIAL,non-essential,2,N_score|N_pangenome_some,0,0.2059027213584226,0.8766388042392221,0.0,0.0,404,0,50.57,1,2,False
DDA3937_RS08090,,ROGUE_SUSPECT,unknown,0,E_geometry|N_score|P_rogue,0,0.2487533402017081,0.8124425617807173,0.0434782608695652,0.0,326,1,48.77,2,2,True
DDA3937_RS08095,,ROGUE_SUSPECT,unknown,0,N_score|P_rogue,0,0.1487807269885696,0.880296156439153,0.0,0.0,552,1,47.03,2,2,False
DDA3937_RS08100,,CONFIDENT_NONESSENTIAL,non-essential,1,E_geometry|N_score,0,0.2050309170179122,0.7912728272564764,0.0,1.0,286,1,45.77,2,2,False
DDA3937_RS08105,,UNRESOLVED,unknown,0,E_cons_core|E_geometry,1,0.8923217155193834,0.08337497847021094,0.6923076923076923,0.0,100,1,45.19,2,2,False
DDA3937_RS08110,,ROGUE_SUSPECT,unknown,0,E_geometry|N_score|P_rogue,0,0.2114882127026679,0.8033338530650908,0.0,0.0,278,1,44.63,2,2,False
DDA3937_RS08115,,ROGUE_SUSPECT,unknown,0,E_geometry|N_score|P_rogue,0,0.2769979990098233,0.7278384125700236,0.0769230769230769,0.0,267,1,43.81,2,2,False
DDA3937_RS08120,,CONFIDENT_NONESSENTIAL,non-essential,1,E_geometry|N_score,0,0.2778692858706683,0.7544372261182244,0.0857142857142857,1.0,320,1,42.68,2,2,True
DDA3937_RS08125,,UNRESOLVED,unknown,0,E_cons_core|E_geometry,1,0.7672836898758726,0.18134082436716079,0.5384615384615384,0.0,207,1,41.87,2,2,False
DDA3937_RS08130,,ROGUE_SUSPECT,unknown,0,E_geometry|N_score|P_rogue,0,0.2017694249157075,0.8069217005289365,0.0,0.0,303,1,41.1,2,2,False
DDA3937_RS08135,,ROGUE_SUSPECT,unknown,0,N_score|P_rogue,0,0.2125316289151141,0.8280743945843354,0.0,0.0,311,0,40.2,2,2,False
DDA3937_RS08140,,UNRESOLVED,unknown,0,,0,0.4539433183027045,0.5865607632796466,0.2272727272727272,3.0,276,0,39.13,2,2,False
DDA3937_RS08145,,UNRESOLVED,unknown,0,,0,0.4485983558569902,0.5881342474026959,0.2272727272727272,3.0,285,0,38.29,2,2,False
DDA3937_RS08150,,UNRESOLVED,unknown,0,E_cons_core|F_core_redundant,0,0.7613297626351138,0.23829588581767283,0.5142857142857142,12.0,299,0,37.42,2,2,False
DDA3937_RS08155,,UNRESOLVED,unknown,0,,0,0.3724440561678088,0.6911432191910452,0.16,2.0,303,0,36.52,2,2,False
DDA3937_RS08160,,UNRESOLVED,unknown,0,E_cons_core|F_core_redundant,1,0.9050624766334224,0.1373833002029172,0.6216216216216216,55.0,307,0,35.33,2,2,True
DDA3937_RS08165,,CONFIDENT_NONESSENTIAL,non-essential,2,N_score|N_redundancy,0,0.2853183706925958,0.8124429957753916,0.0967741935483871,9.0,444,1,33.9,2,2,True
DDA3937_RS08170,,CONFIDENT_ESSENTIAL,essential,3,E_score|E_cons_core|E_geometry|F_core_redundant,1,0.9710896412458596,0.024643008912772324,1.0,18.0,250,1,32.81,2,2,True
DDA3937_RS08175,,UNRESOLVED,unknown,0,E_geometry,0,0.6643271083097394,0.35890557780855376,0.4285714285714285,1.0,283,1,32.0,2,2,False
DDA3937_RS08180,,UNRESOLVED,unknown,0,E_geometry,0,0.612929868161765,0.4126804501899847,0.4,1.0,334,1,31.08,2,2,False
DDA3937_RS08185,,ROGUE_SUSPECT,unknown,0,N_score|P_rogue,0,0.2414354080706397,0.8193165758056187,0.05,0.0,364,0,29.98,2,2,True
DDA3937_RS08190,,CONFIDENT_NONESSENTIAL,non-essential,2,N_score|N_redundancy,0,0.2847535351931732,0.7728719314320285,0.0909090909090909,8.0,383,0,28.72,2,2,True
DDA3937_RS08195,,UNRESOLVED,unknown,0,E_geometry|N_redundancy,0,0.3642698131072256,0.6711777433674245,0.1515151515151515,8.0,302,1,27.34,2,2,True
DDA3937_RS08200,,ROGUE_SUSPECT,unknown,0,E_geometry|N_score|P_rogue,0,0.26221737334787,0.7879398278355669,0.0,0.0,143,1,26.58,2,2,False
DDA3937_RS08205,,UNRESOLVED,unknown,0,N_redundancy,0,0.3297572404411078,0.7518930041330841,0.1081081081081081,5.0,306,0,25.86,2,2,True
DDA3937_RS08210,,UNRESOLVED,unknown,0,E_geometry|N_redundancy,1,0.3583189246774247,0.7099017193640149,0.1176470588235294,12.0,279,1,24.69,2,2,True
DDA3937_RS08215,,CONFIDENT_NONESSENTIAL,non-essential,1,E_geometry|N_score,0,0.264302454697465,0.7651665956230375,0.0416666666666666,1.0,230,1,23.92,2,2,True
DDA3937_RS08220,,ROGUE_SUSPECT,unknown,0,E_geometry|N_score|P_rogue,0,0.1969536507633911,0.8249334995015031,0.0,0.0,327,1,23.09,2,2,True
DDA3937_RS08225,,CONFIDENT_NONESSENTIAL,non-essential,1,E_geometry|N_score,0,0.253559053527655,0.7794918411855134,0.0357142857142857,2.0,256,1,22.2,2,2,True
DDA3937_RS08230,,UNRESOLVED,unknown,0,N_redundancy,0,0.3927008971443422,0.6646421049117812,0.2162162162162162,4.0,401,0,20.93,2,2,True
DDA3937_RS08235,,UNRESOLVED,unknown,0,E_cons_core|E_geometry|F_core_redundant,1,0.8904252967887614,0.11145456188109176,0.6216216216216216,55.0,308,1,19.52,2,2,True
DDA3937_RS08240,,ROGUE_SUSPECT,unknown,0,E_geometry|N_score|P_rogue,0,0.2552594452692961,0.7800638921201158,0.0,0.0,144,1,18.73,2,2,False
DDA3937_RS08245,,CONFIDENT_ESSENTIAL,essential,3,E_score|E_cons_core|E_geometry|F_core_redundant,1,0.9695072284658774,0.0231353265120118,1.0,18.0,251,1,18.02,2,2,True
DDA3937_RS08250,,UNRESOLVED,unknown,0,E_geometry|N_redundancy,0,0.4779430398262063,0.5747427105783292,0.2,18.0,232,1,17.27,2,2,False
DDA3937_RS08255,,UNRESOLVED,unknown,0,E_geometry|N_redundancy,0,0.4676080085447007,0.5872825024043516,0.2,18.0,257,1,16.53,2,2,False
DDA3937_RS08260,,UNRESOLVED,unknown,0,E_cons_core|E_geometry|F_core_redundant,1,0.9622083868121358,0.03275731541167332,0.945945945945946,16.0,245,1,15.79,2,2,True
DDA3937_RS08265,,UNRESOLVED,unknown,0,N_redundancy,0,0.6692485477842476,0.39271136590903777,0.3939393939393939,9.0,257,0,14.73,2,2,False
DDA3937_RS08270,,CONFIDENT_NONESSENTIAL,non-essential,2,N_score|N_pangenome_some,0,0.1906804271577047,0.8678301788344822,0.0,0.0,406,0,13.72,1,2,True
DDA3937_RS23100,,CONFIDENT_NONESSENTIAL,non-essential,2,N_score|N_pangenome_some,1,0.2879751477291017,0.7949941501985632,0.0,0.0,101,0,12.28,1,2,False
DDA3937_RS08290,,CONFIDENT_NONESSENTIAL,non-essential,1,N_pangenome_strong,0,0.3371641895128419,0.7547684415613372,0.0588235294117647,1.0,131,0,8.69,0,2,True
DDA3937_RS08295,,UNRESOLVED,unknown,0,N_redundancy,0,0.6386247390085498,0.3939514448717,0.3939393939393939,9.0,306,0,7.83,2,2,False
DDA3937_RS08300,,CONFIDENT_NONESSENTIAL,non-essential,1,E_geometry|N_pangenome_strong,0,0.3786497458321221,0.6681015134080422,0.1428571428571428,0.0,192,1,7.0,0,2,True
DDA3937_RS08305,,UNRESOLVED,unknown,0,E_geometry|N_redundancy,1,0.7068073387356343,0.2970672899813445,0.4324324324324324,7.0,189,1,6.04,2,2,False
DDA3937_RS08310,,CONFIDENT_NONESSENTIAL,non-essential,1,E_geometry|N_pangenome_strong,0,0.3005955226650055,0.7420453419011743,0.0555555555555555,0.0,159,1,5.46,0,2,True
DDA3937_RS08315,,CONFIDENT_NONESSENTIAL,non-essential,2,E_geometry|N_score|N_mobile,0,0.2243459377271342,0.8148978099916544,0.0333333333333333,1.0,336,1,4.51,2,2,True
DDA3937_RS08320,,UNRESOLVED,unknown,0,N_mobile,0,0.3580286380348823,0.7113959820357206,0.1304347826086956,1.0,242,0,3.43,2,2,True
DDA3937_RS08325,,UNRESOLVED,unknown,0,E_geometry|N_mobile,0,0.2945314423868296,0.760471479753487,0.0769230769230769,2.0,256,1,2.56,2,2,True
DDA3937_RS08330,,CONFIDENT_NONESSENTIAL,non-essential,2,N_pangenome_strong|N_mobile,0,0.3831118464559264,0.6860670583190381,0.125,0.0,157,0,1.78,0,2,False
DDA3937_RS08360,,CONFIDENT_NONESSENTIAL,non-essential,3,N_score|N_pangenome_some|N_mobile,1,0.2756341251766129,0.7733684578271062,0.0,0.0,95,0,2.23,1,2,False
DDA3937_RS08365,,CONFIDENT_NONESSENTIAL,non-essential,3,E_geometry|N_score|N_pangenome_strong|N_mobile,0,0.236140597084037,0.8740142537636548,0.0,0.0,298,1,1.1,0,2,False
DDA3937_RS08385,,CONFIDENT_NONESSENTIAL,non-essential,3,N_score|N_pangenome_strong|N_mobile,0,0.1614404143272182,0.8926389485182318,0.0,0.0,512,1,0.0,0,2,False
DDA3937_RS08395,,CONFIDENT_NONESSENTIAL,non-essential,3,N_score|N_pangenome_strong|N_mobile,0,0.2265135876907342,0.8970505794408706,0.0,0.0,368,0,0.95,0,2,False
DDA3937_RS08400,,UNRESOLVED,unknown,0,E_cons_core|N_mobile,1,0.8142179446559759,0.21468858617423792,0.5384615384615384,2.0,134,0,0.35,2,2,False
DDA3937_RS08410,,UNRESOLVED,unknown,0,E_cons_core|N_pangenome_some|N_mobile,0,0.874778151342033,0.11896487604931716,0.64,0.0,82,0,0.0,1,2,False
DDA3937_RS08410,,UNRESOLVED,unknown,0,E_cons_core|N_pangenome_some|N_mobile,0,0.8264327738354167,0.16266371890022713,0.64,0.0,296,0,0.0,1,2,False
DDA3937_RS08430,,ROGUE_SUSPECT,unknown,0,N_score|N_mobile|P_rogue,0,0.2192791897677519,0.820049671400561,0.0,0.0,264,0,1.3,2,2,False
DDA3937_RS08440,,ROGUE_SUSPECT,unknown,0,E_geometry|N_score|N_mobile|P_rogue,0,0.2753226922691767,0.7985779759189625,0.0,0.0,116,1,2.48,2,2,False
DDA3937_RS08445,,ROGUE_SUSPECT,unknown,0,N_score|N_mobile|P_rogue,0,0.1166527122760992,0.9257128357027326,0.0,0.0,733,1,3.85,2,2,False
DDA3937_RS22135,,ROGUE_SUSPECT,unknown,0,E_geometry|P_rogue,1,0.3562358329339596,0.6725288235976955,0.0769230769230769,0.0,56,1,5.2,2,2,False
DDA3937_RS08455,,ROGUE_SUSPECT,unknown,0,N_score|P_rogue,0,0.2755695483107897,0.7637934877496109,0.037037037037037,0.0,185,0,5.63,2,2,True
DDA3937_RS08460,,ROGUE_SUSPECT,unknown,0,N_score|P_rogue,0,0.2093657819395561,0.8641082364662176,0.0,0.0,351,0,6.72,2,2,False
DDA3937_RS08465,,UNRESOLVED,unknown,0,,0,0.4022089654997162,0.6559778223639577,0.1333333333333333,1.0,132,0,7.56,2,2,True
DDA3937_RS08470,,UNRESOLVED,unknown,0,,0,0.6561003085724572,0.34257806285185827,0.4193548387096774,1.0,253,0,8.2,2,2,False
DDA3937_RS08475,,ROGUE_SUSPECT,unknown,0,N_score|P_rogue,0,0.2172905836898258,0.8100899474943267,0.0571428571428571,0.0,412,0,9.2,2,2,True
DDA3937_RS08480,,ROGUE_SUSPECT,unknown,0,N_score|N_long_lagging|P_rogue|P_conditional,0,0.1457368981801834,0.8900478978122881,0.0,0.0,566,0,10.88,2,2,False
DDA3937_RS08485,,ROGUE_SUSPECT,unknown,0,N_score|P_rogue,0,0.204316884181101,0.8136050960513084,0.0,0.0,296,0,12.46,2,2,False
DDA3937_RS08490,,UNRESOLVED,unknown,0,,0,0.3297414223409891,0.6998374481024091,0.1111111111111111,1.0,233,0,13.48,2,2,True
DDA3937_RS08495,,UNRESOLVED,unknown,0,,0,0.3953885589475283,0.6541619605244333,0.1304347826086956,1.0,137,0,14.04,2,2,True
DDA3937_RS08500,,CONFIDENT_NONESSENTIAL,non-essential,3,N_score|N_pangenome_some|N_long_lagging,0,0.1262165778514805,0.9035534054346156,0.0,0.0,659,0,15.38,1,2,False
DDA3937_RS08505,,UNRESOLVED,unknown,0,N_redundancy,0,0.6349212579183812,0.35423422676038924,0.4594594594594595,4.0,428,0,17.78,2,2,False
DDA3937_RS08510,,CONFIDENT_NONESSENTIAL,non-essential,1,E_geometry|N_score,0,0.2892112538039177,0.7366048536756599,0.1176470588235294,0.0,346,1,19.03,2,2,True
DDA3937_RS08515,,UNRESOLVED,unknown,0,E_geometry,0,0.3614866475248229,0.6169176208182819,0.2162162162162162,1.0,385,1,18.24,2,2,True
DDA3937_RS08520,,UNRESOLVED,unknown,0,E_cons_core|E_geometry,0,0.7314566798365129,0.22922248835488976,0.5161290322580645,0.0,261,1,17.29,2,2,False
DDA3937_RS08525,,UNRESOLVED,unknown,0,E_geometry,0,0.4464375989063144,0.545345538577938,0.2285714285714285,1.0,227,1,16.57,2,2,True
DDA3937_RS08530,,ROGUE_SUSPECT,unknown,0,N_score|P_rogue,0,0.1341913399429691,0.8911533503529318,0.027027027027027,0.0,671,1,14.49,2,2,False
DDA3937_RS08535,,CONFIDENT_NONESSENTIAL,non-essential,2,E_geometry|N_score|N_pangenome_strong,0,0.244091485434223,0.7621549177462449,0.0,0.0,144,1,13.16,0,2,False
DDA3937_RS08540,,ROGUE_SUSPECT,unknown,0,N_score|P_rogue,0,0.2021161427039174,0.8184728521438429,0.0,0.0,307,0,12.48,2,2,False
DDA3937_RS08545,,CONFIDENT_NONESSENTIAL,non-essential,1,N_score,0,0.2045859814845033,0.8239029763589056,0.0625,1.0,472,1,10.7,2,2,True
DDA3937_RS08550,,CONFIDENT_NONESSENTIAL,non-essential,1,E_geometry|N_score,1,0.2710939595779803,0.7469594857039722,0.0967741935483871,1.0,336,1,9.49,2,2,True
DDA3937_RS08555,,CONFIDENT_NONESSENTIAL,non-essential,1,E_cons_core|E_geometry|N_pangenome_strong,0,0.915649250114852,0.055688188315623166,0.75,0.0,49,1,8.86,0,2,False
DDA3937_RS08565,,ROGUE_SUSPECT,unknown,0,E_geometry|N_score|P_rogue,0,0.2642535300322848,0.7574733549985493,0.088235294117647,0.0,330,1,7.85,2,2,False
DDA3937_RS08570,,UNRESOLVED,unknown,0,E_geometry,0,0.2982299640431046,0.718411541775119,0.064516129032258,1.0,171,1,7.07,2,2,False
DDA3937_RS08575,,ROGUE_SUSPECT,unknown,0,E_geometry|P_rogue,0,0.3208202012504993,0.6808398800585258,0.0909090909090909,0.0,161,1,6.57,2,2,True
DDA3937_RS08580,,UNRESOLVED,unknown,0,E_cons_core|E_geometry,1,0.868371115284418,0.09000907949333882,0.6551724137931034,0.0,82,1,6.21,2,2,False
DDA3937_RS08585,,UNRESOLVED,unknown,0,E_geometry,0,0.51817022442173,0.4482720257672734,0.2727272727272727,0.0,150,1,5.86,2,2,False
DDA3937_RS08590,,UNRESOLVED,unknown,0,E_geometry|N_mobile,0,0.3082346545123274,0.7233432356574396,0.1333333333333333,1.0,339,1,4.88,2,2,True
DDA3937_RS08595,,CONFIDENT_NONESSENTIAL,non-essential,2,N_score|N_mobile,0,0.2185141112340161,0.7868610879443213,0.1034482758620689,1.0,501,1,3.49,2,2,True
DDA3937_RS08600,,UNRESOLVED,unknown,0,E_geometry|N_redundancy|N_mobile,0,0.4531592800537718,0.5259258166413889,0.2571428571428571,13.0,345,1,2.23,2,2,True
DDA3937_RS08605,,UNRESOLVED,unknown,0,E_geometry|N_mobile,0,0.3708190362116731,0.6615516728110061,0.15625,1.0,237,1,1.18,2,2,False
DDA3937_RS08610,,UNRESOLVED,unknown,0,E_cons_core|E_geometry|N_mobile|F_core_redundant,1,0.7454505655251175,0.2626630192294359,0.5294117647058824,6.0,330,1,0.0,2,2,False
DDA3937_RS08615,,CONFIDENT_NONESSENTIAL,non-essential,2,N_score|N_mobile,0,0.1818178430706591,0.8516680549644637,0.0,1.0,402,0,1.33,2,2,True
DDA3937_RS08620,,UNRESOLVED,unknown,0,N_mobile,0,0.317455398388472,0.7166472176942202,0.1111111111111111,0.0,257,0,2.32,2,2,True
DDA3937_RS08625,,CONFIDENT_NONESSENTIAL,non-essential,2,N_score|N_mobile,0,0.188584254602691,0.8397869455042115,0.0,1.0,369,0,3.35,2,2,True
DDA3937_RS08630,,CONFIDENT_NONESSENTIAL,non-essential,2,N_score|N_mobile,0,0.1866707933023922,0.8452220096107215,0.0,1.0,382,0,4.54,2,2,True
DDA3937_RS08635,,ROGUE_SUSPECT,unknown,0,N_score|N_long_lagging|P_rogue|P_conditional,0,0.1364806218642568,0.8857000842646795,0.0,0.0,584,0,5.97,2,2,False
DDA3937_RS08640,,CONFIDENT_NONESSENTIAL,non-essential,2,N_score|N_redundancy,0,0.2019066938209044,0.8229321341031973,0.0,4.0,335,0,7.34,2,2,True
DDA3937_RS08645,,UNRESOLVED,unknown,0,,0,0.608506368184401,0.35750597913510085,0.4594594594594595,3.0,455,1,8.97,2,2,False
DDA3937_RS08650,,UNRESOLVED,unknown,0,N_redundancy,0,0.3142565777388457,0.7255088015234754,0.1081081081081081,5.0,298,0,10.17,2,2,True
DDA3937_RS08655,,UNRESOLVED,unknown,0,E_geometry|N_redundancy,0,0.4240410238158827,0.6033831862684946,0.2,6.0,258,1,11.43,2,2,True
DDA3937_RS08660,,CONFIDENT_NONESSENTIAL,non-essential,2,N_score|N_pangenome_strong,0,0.1508210848421626,0.8775202275162924,0.0,0.0,521,1,12.65,0,2,False
DDA3937_RS08675,,UNRESOLVED,unknown,0,E_geometry|N_redundancy,0,0.3589458368335289,0.6431831462873242,0.15625,10.0,305,1,15.66,2,2,True
DDA3937_RS08680,,CONFIDENT_NONESSENTIAL,non-essential,2,E_geometry|N_score|N_pangenome_strong,0,0.2061755534753802,0.8193877735587136,0.0,0.0,293,1,16.57,0,2,False
DDA3937_RS08685,,CONFIDENT_NONESSENTIAL,non-essential,1,E_geometry|N_score,1,0.2426815888617845,0.7845885449281235,0.0285714285714285,3.0,267,1,17.49,2,2,True
DDA3937_RS08690,,UNRESOLVED,unknown,0,E_geometry|N_redundancy,0,0.3693466284270238,0.631660398444453,0.1515151515151515,8.0,255,1,18.5,2,2,True
DDA3937_RS08695,,CONFIDENT_NONESSENTIAL,non-essential,2,E_geometry|N_score|N_pangenome_strong,0,0.1933037500130976,0.8159601387733555,0.0,0.0,321,1,19.42,0,2,True
DDA3937_RS08700,,UNRESOLVED,unknown,0,E_geometry|N_redundancy,0,0.3572286292881479,0.6514654168518287,0.1515151515151515,8.0,292,1,20.47,2,2,True
DDA3937_RS08705,,CONFIDENT_NONESSENTIAL,non-essential,1,N_score,0,0.1815420225038148,0.8496053187299367,0.0,1.0,410,0,21.52,2,2,False
DDA3937_RS08710,,CONFIDENT_NONESSENTIAL,non-essential,2,N_score|N_redundancy,0,0.215882016488086,0.8222474587806642,0.0606060606060606,15.0,532,1,23.05,2,2,True
DDA3937_RS08715,,ROGUE_SUSPECT,unknown,0,E_geometry|N_score|P_rogue,0,0.1984277721273094,0.8166563405671617,0.0,0.0,312,1,24.48,2,2,False
DDA3937_RS08725,,ROGUE_SUSPECT,unknown,0,E_geometry|N_score|P_rogue,0,0.2580189738039915,0.8143997754323596,0.0,0.0,180,1,25.98,2,2,False
DDA3937_RS08730,,CONFIDENT_NONESSENTIAL,non-essential,2,N_score|N_pangenome_strong,0,0.2378414040592598,0.8138987832802532,0.0,0.0,228,0,25.89,0,2,False
DDA3937_RS08735,,ROGUE_SUSPECT,unknown,0,E_geometry|N_score|P_rogue,0,0.2006970040311388,0.8256260692126415,0.0,0.0,318,1,24.81,2,2,False
DDA3937_RS08740,,ROGUE_SUSPECT,unknown,0,N_score|P_rogue,0,0.2584835786585084,0.7690695478034912,0.0357142857142857,0.0,229,0,23.97,2,2,True
DDA3937_RS08745,,UNRESOLVED,unknown,0,N_redundancy,0,0.4212055027621229,0.5818285717892288,0.2,6.0,259,0,23.07,2,2,True
DDA3937_RS08750,,ROGUE_SUSPECT,unknown,0,N_score|P_rogue,0,0.1645730364974598,0.8531812018148225,0.0,0.0,447,1,21.59,2,2,False
DDA3937_RS08755,,ROGUE_SUSPECT,unknown,0,N_score|P_rogue,0,0.104660800422074,0.9188236363968422,0.0,0.0,769,1,19.55,2,2,False
DDA3937_RS08765,,CONFIDENT_NONESSENTIAL,non-essential,1,N_score,0,0.1779830482243956,0.84797346246725,0.1111111111111111,1.0,702,1,16.85,2,2,True
DDA3937_RS08770,,CONFIDENT_NONESSENTIAL,non-essential,2,E_geometry|N_score|N_pangenome_strong,0,0.1826620733780518,0.8489434336288607,0.0,0.0,389,1,15.05,0,2,False
DDA3937_RS08775,,ROGUE_SUSPECT,unknown,0,E_geometry|N_score|P_rogue,0,0.1927297293642352,0.819076159437872,0.0,0.0,323,1,13.79,2,2,False
DDA3937_RS08780,,ROGUE_SUSPECT,unknown,0,N_score|P_rogue,0,0.1284547745733976,0.8940328042870823,0.0,0.0,622,1,12.34,2,2,False
DDA3937_RS08785,,ROGUE_SUSPECT,unknown,0,N_score|P_rogue,0,0.1689902931287935,0.8532989800607533,0.0,0.0,429,1,10.5,2,2,False
DDA3937_RS08795,,ROGUE_SUSPECT,unknown,0,N_score|N_long_lagging|P_rogue|P_conditional,0,0.143646977770355,0.8882265468153985,0.0,0.0,566,0,7.36,2,2,False
DDA3937_RS08800,,UNRESOLVED,unknown,0,E_cons_core|F_core_redundant,1,0.9610424898733264,0.030103622493122036,0.945945945945946,16.0,241,0,5.91,2,2,True
DDA3937_RS08805,,UNRESOLVED,unknown,0,N_redundancy,0,0.4898559240042812,0.5843979849135962,0.2,18.0,220,0,5.23,2,2,False
DDA3937_RS08810,,UNRESOLVED,unknown,0,N_redundancy|N_mobile,1,0.3644662650270225,0.6938087925656602,0.1176470588235294,12.0,249,0,4.42,2,2,True
DDA3937_RS08815,,UNRESOLVED,unknown,0,N_mobile,0,0.3862346414115726,0.6581006992238185,0.1379310344827586,1.0,168,0,3.3,2,2,True
DDA3937_RS08820,,UNRESOLVED,unknown,0,N_redundancy|N_mobile,0,0.3110719094000452,0.7214201248734505,0.1081081081081081,5.0,295,0,2.14,2,2,True
DDA3937_RS08825,,UNRESOLVED,unknown,0,E_cons_core|E_geometry|N_mobile,0,0.7529975682478787,0.23554463880232218,0.5,0.0,172,1,1.07,2,2,False
DDA3937_RS08830,,UNRESOLVED,unknown,0,N_pangenome_some|N_mobile,0,0.3896706215757212,0.643342687595425,0.25,1.0,439,1,0.0,1,2,False
DDA3937_RS08835,,UNRESOLVED,unknown,0,E_cons_core|N_mobile|F_core_redundant,0,0.8409414982518011,0.13947696040735852,0.6,8.0,165,0,0.94,2,2,False
DDA3937_RS08840,,ROGUE_SUSPECT,unknown,0,E_geometry|N_score|N_mobile|P_rogue,0,0.2062169097418728,0.7999887726357932,0.05,0.0,394,1,1.87,2,2,False
DDA3937_RS08845,,UNRESOLVED,unknown,0,E_cons_core|N_mobile|F_core_redundant,1,0.8895150339105955,0.10992024646941632,0.6216216216216216,55.0,305,0,2.92,2,2,True
DDA3937_RS08850,,CONFIDENT_NONESSENTIAL,non-essential,2,E_geometry|N_score|N_mobile,0,0.2522620812266454,0.7924435539122145,0.0357142857142857,2.0,261,1,3.89,2,2,True
DDA3937_RS08855,,ROGUE_SUSPECT,unknown,0,E_geometry|N_score|N_mobile|P_rogue,0,0.2857901876573151,0.7873385571428347,0.0,0.0,83,1,4.44,2,2,False
DDA3937_RS08860,,ROGUE_SUSPECT,unknown,0,N_score|P_rogue,0,0.1573096505676893,0.8554849870928825,0.0,0.0,462,1,5.31,2,2,False
DDA3937_RS08865,,ROGUE_SUSPECT,unknown,0,E_geometry|N_score|P_rogue,0,0.2023784808634168,0.8186585182176224,0.0,0.0,295,1,6.44,2,2,False
DDA3937_RS08870,,CONFIDENT_NONESSENTIAL,non-essential,1,E_geometry|N_score,0,0.2129342994133589,0.7857182782556574,0.037037037037037,1.0,337,1,7.38,2,2,True
DDA3937_RS08880,,UNRESOLVED,unknown,0,E_geometry,0,0.5111151935716506,0.5143340377729052,0.25,2.0,163,1,9.88,2,2,False
DDA3937_RS08885,,ROGUE_SUSPECT,unknown,0,E_geometry|N_score|P_rogue,0,0.2858334371443524,0.8211708602576174,0.0,0.0,126,1,10.69,2,2,False
DDA3937_RS23130,,CONFIDENT_NONESSENTIAL,non-essential,2,E_geometry|N_score|N_pangenome_some,1,0.2851024580249355,0.8277213160807441,0.0,0.0,136,1,11.17,1,2,False
DDA3937_RS08895,,ROGUE_SUSPECT,unknown,0,E_geometry|N_score|P_rogue,0,0.2308605873608307,0.79529300162306,0.0,0.0,206,1,12.48,2,2,False
DDA3937_RS22775,,ROGUE_SUSPECT,unknown,0,E_geometry|N_score|P_rogue,0,0.1791754663084801,0.847088933045433,0.0,0.0,394,1,13.39,2,2,False
DDA3937_RS08905,,UNRESOLVED,unknown,0,N_redundancy,0,0.363365036967687,0.6669894779493282,0.2285714285714285,6.0,483,1,14.69,2,2,True
DDA3937_RS08910,,UNRESOLVED,unknown,0,N_redundancy,0,0.425650394406941,0.58954710306921,0.2571428571428571,10.0,423,1,16.04,2,2,True
DDA3937_RS08920,,CONDITIONAL_SUSPECT,unknown,0,N_long_lagging|P_conditional,0,0.3890718907585537,0.6246941224174531,0.25,0.0,434,0,15.56,2,2,True
DDA3937_RS08925,,ROGUE_SUSPECT,unknown,0,E_geometry|N_score|P_rogue,0,0.2608033871925687,0.765646951459098,0.0,0.0,113,1,14.45,2,2,False
DDA3937_RS08930,,ROGUE_SUSPECT,unknown,0,N_score|P_rogue,0,0.2489178361366316,0.7970294852706249,0.0,0.0,178,0,13.93,2,2,False
DDA3937_RS08935,,ROGUE_SUSPECT,unknown,0,N_score|P_rogue,0,0.1520990537291259,0.8798048631253889,0.0,0.0,520,1,12.34,2,2,False
DDA3937_RS08940,,UNRESOLVED,unknown,0,E_geometry|N_redundancy,0,0.3598305476452839,0.6602305233950727,0.15625,10.0,314,1,10.96,2,2,True
DDA3937_RS08945,,CONFIDENT_NONESSENTIAL,non-essential,2,E_geometry|N_score|N_redundancy,0,0.2791514118489324,0.7330115583142673,0.0689655172413793,9.0,282,1,10.06,2,2,True
DDA3937_RS08950,,UNRESOLVED,unknown,0,E_geometry|N_redundancy,1,0.3520041822303559,0.656774440533953,0.1724137931034483,5.0,335,1,9.14,2,2,False
DDA3937_RS08955,,UNRESOLVED,unknown,0,E_geometry|N_redundancy,0,0.3150103458920638,0.685838602304487,0.1379310344827586,5.0,331,1,8.15,2,2,True
DDA3937_RS08965,,UNRESOLVED,unknown,0,,0,0.3721566072280247,0.701058717342405,0.1,0.0,122,0,7.09,2,2,False
DDA3937_RS08975,,CONFIDENT_NONESSENTIAL,non-essential,1,N_pangenome_strong,0,0.4276946464434595,0.6664966043456527,0.1428571428571428,0.0,117,0,6.05,0,2,False
DDA3937_RS08980,,CONFIDENT_NONESSENTIAL,non-essential,2,N_score|N_pangenome_strong,0,0.1999417849749148,0.8457514048364411,0.0,0.0,343,0,5.09,0,2,False
DDA3937_RS08990,,UNRESOLVED,unknown,0,E_geometry|N_mobile,1,0.7102113446681249,0.3176547927244793,0.4242424242424242,2.0,144,1,3.58,2,2,False
DDA3937_RS08995,,UNRESOLVED,unknown,0,E_cons_core|N_mobile|F_core_redundant,0,0.8615814731690006,0.16264248089859537,0.6333333333333333,8.0,225,0,2.62,2,2,False
DDA3937_RS09000,,CONFIDENT_ESSENTIAL,essential,2,E_score|E_cons_core|N_mobile|F_core_redundant,1,0.9722674923736914,0.028444532602118676,1.0,18.0,249,0,1.83,2,2,True
DDA3937_RS09005,,UNRESOLVED,unknown,0,E_cons_core|E_geometry|N_mobile|F_core_redundant,1,0.895437260936814,0.1258659195469087,0.6216216216216216,55.0,301,1,0.87,2,2,True
DDA3937_RS09025,,CONFIDENT_NONESSENTIAL,non-essential,3,N_score|N_pangenome_some|N_mobile,0,0.2806573949567923,0.7807573768510241,0.0,0.0,91,0,2.15,1,2,False
DDA3937_RS09095,,CONFIDENT_NONESSENTIAL,non-essential,3,N_score|N_pangenome_some|N_mobile,0,0.2912475327265098,0.7809663403549925,0.0,0.0,71,0,1.77,1,2,False
DDA3937_RS09105,,CONFIDENT_NONESSENTIAL,non-essential,3,N_score|N_redundancy|N_mobile,0,0.2237484771767438,0.8316624171689019,0.0357142857142857,9.0,417,0,0.0,2,2,True
DDA3937_RS09115,,ROGUE_SUSPECT,unknown,0,N_score|N_mobile|N_long_lagging|P_rogue|P_conditional,0,0.1395980344542342,0.8965870997304355,0.0,0.0,591,0,1.84,2,2,False
DDA3937_RS09120,,UNRESOLVED,unknown,0,N_mobile,0,0.7058040282211882,0.3120347636175502,0.4,0.0,77,0,2.86,2,2,False
DDA3937_RS09125,,ROGUE_SUSPECT,unknown,0,E_geometry|N_score|N_mobile|P_rogue,0,0.1922100025841803,0.8339057445390771,0.0,0.0,337,1,3.64,2,2,False
DDA3937_RS09130,,CONFIDENT_NONESSENTIAL,non-essential,1,N_score,0,0.1440466903686668,0.8878194818947699,0.0,2.0,567,1,5.14,2,2,False
DDA3937_RS09135,,UNRESOLVED,unknown,0,E_geometry,0,0.3173777972297074,0.7359730236081403,0.1,1.0,245,1,6.38,2,2,False
DDA3937_RS09140,,CONFIDENT_NONESSENTIAL,non-essential,1,E_geometry|N_score,0,0.1776098179507624,0.8465721522061376,0.0,2.0,406,1,7.54,2,2,True
DDA3937_RS09145,,CONFIDENT_ESSENTIAL,essential,2,E_score|E_cons_core,1,0.97272186710874,0.023359491972193315,1.0,0.0,96,0,8.51,2,2,False
DDA3937_RS09150,,ROGUE_SUSPECT,unknown,0,N_score|N_long_lagging|P_rogue|P_conditional,0,0.1368005641267281,0.8904315646965469,0.0,0.0,592,0,9.69,2,2,False
DDA3937_RS09155,,UNRESOLVED,unknown,0,,0,0.4971678115962105,0.5599886522223688,0.2,0.0,80,0,10.7,2,2,False
DDA3937_RS09160,,ROGUE_SUSPECT,unknown,0,E_geometry|N_score|P_rogue,0,0.2566078956007487,0.7687884542145188,0.0416666666666666,0.0,233,1,11.43,2,2,False
DDA3937_RS09165,,UNRESOLVED,unknown,0,E_geometry|N_redundancy,0,0.3304559465192748,0.7024250830619967,0.1351351351351351,15.0,375,1,12.5,2,2,True
DDA3937_RS09170,,UNRESOLVED,unknown,0,E_cons_core|E_geometry,0,0.7737909285953304,0.2180576968557109,0.5,0.0,115,1,13.6,2,2,False
DDA3937_RS09175,,CONDITIONAL_SUSPECT,unknown,0,N_redundancy|N_long_lagging|P_conditional,0,0.3517688022427857,0.6806082910186304,0.2162162162162162,13.0,531,0,14.64,2,2,True
DDA3937_RS09180,,CONFIDENT_NONESSENTIAL,non-essential,1,N_score,0,0.2930807128779345,0.7426174279586866,0.1153846153846153,0.0,342,0,15.95,2,2,True
DDA3937_RS09185,,UNRESOLVED,unknown,0,N_redundancy,0,0.3529172666004327,0.6964259977295817,0.15625,10.0,366,0,17.0,2,2,True
DDA3937_RS09190,,CONDITIONAL_SUSPECT,unknown,0,N_score|N_redundancy|N_long_lagging|P_conditional,0,0.2022157273490177,0.8503641992340509,0.0606060606060606,15.0,605,0,18.47,2,2,True
DDA3937_RS09195,,UNRESOLVED,unknown,0,,0,0.5495394901192405,0.49793977955865154,0.2857142857142857,1.0,192,0,19.91,2,2,True
DDA3937_RS09200,,CONFIDENT_NONESSENTIAL,non-essential,2,N_score|N_pangenome_strong,0,0.235077083677542,0.820574050205206,0.0,0.0,238,0,21.04,0,2,False
DDA3937_RS09205,,UNRESOLVED,unknown,0,,0,0.4328362474105628,0.612631204951973,0.2333333333333333,2.0,326,0,21.93,2,2,True
DDA3937_RS09210,,UNRESOLVED,unknown,0,E_cons_core,1,0.9249950251393996,0.0679812678326736,0.8,1.0,191,0,22.78,2,2,False
DDA3937_RS22190,,UNRESOLVED,unknown,0,E_geometry,0,0.7468153247207973,0.24596065763054653,0.4545454545454545,0.0,85,1,23.44,2,2,False
DDA3937_RS09215,,CONFIDENT_NONESSENTIAL,non-essential,2,N_score|N_pangenome_strong,0,0.2384876674379149,0.8386585208437686,0.0,0.0,256,0,23.98,0,2,False
DDA3937_RS09220,,CONFIDENT_NONESSENTIAL,non-essential,1,N_score,0,0.285778036608223,0.8116295105552264,0.1153846153846153,3.0,446,1,25.19,2,2,True
DDA3937_RS09225,,UNRESOLVED,unknown,0,,0,0.3588468387560803,0.6720702075129243,0.2,0.0,394,0,26.59,2,2,False
DDA3937_RS09230,,ROGUE_SUSPECT,unknown,0,E_geometry|N_score|P_rogue,0,0.1820009841739979,0.8379330154374984,0.0,0.0,380,1,26.98,2,2,False
DDA3937_RS09235,,UNRESOLVED,unknown,0,E_geometry,0,0.3255142266361849,0.6973892595328629,0.1428571428571428,0.0,313,1,25.94,2,2,True
DDA3937_RS09240,,ROGUE_SUSPECT,unknown,0,N_score|P_rogue,0,0.1399857635358487,0.8794274620149407,0.0,0.0,562,1,24.61,2,2,False
DDA3937_RS09245,,CONFIDENT_NONESSENTIAL,non-essential,2,E_geometry|N_score|N_pangenome_strong,0,0.2308890309341829,0.8176110561632375,0.0,0.0,237,1,23.29,0,2,False
DDA3937_RS09250,,ROGUE_SUSPECT,unknown,0,N_score|P_rogue,0,0.2134236721460931,0.820423614310553,0.0,0.0,286,0,22.45,2,2,False
DDA3937_RS09255,,ROGUE_SUSPECT,unknown,0,N_score|P_rogue,0,0.2623729016675055,0.7654967887639564,0.0909090909090909,0.0,361,0,21.33,2,2,False
DDA3937_RS09260,,UNRESOLVED,unknown,0,E_cons_core|E_geometry|F_core_redundant,1,0.8895773659172278,0.10360474465898208,0.6216216216216216,55.0,293,1,20.25,2,2,True
DDA3937_RS09265,,CONFIDENT_NONESSENTIAL,non-essential,2,N_score|N_redundancy,0,0.1868473081510365,0.8423594890335806,0.03125,7.0,496,1,18.9,2,2,True
DDA3937_RS09270,,UNRESOLVED,unknown,0,N_redundancy,0,0.3268459324330231,0.7083277272633286,0.1351351351351351,15.0,396,0,17.48,2,2,True
DDA3937_RS09275,,ROGUE_SUSPECT,unknown,0,E_geometry|N_score|P_rogue,0,0.2094345029971961,0.8619439791117414,0.0,0.0,342,1,15.56,2,2,False
DDA3937_RS09280,,ROGUE_SUSPECT,unknown,0,N_score|P_rogue,0,0.1405466640310931,0.8948407440887566,0.0,0.0,583,1,13.96,2,2,False
DDA3937_RS09285,,ROGUE_SUSPECT,unknown,0,E_geometry|N_score|P_rogue,0,0.2851109088752839,0.7824832648282856,0.0,0.0,82,1,12.97,2,2,False
DDA3937_RS09290,,ROGUE_SUSPECT,unknown,0,E_geometry|N_score|P_rogue,0,0.2203419449491885,0.813358300257682,0.0,0.0,249,1,12.49,2,2,False
DDA3937_RS09295,,ROGUE_SUSPECT,unknown,0,E_geometry|N_score|P_rogue,0,0.1913624877483786,0.8450834408867846,0.0,0.0,358,1,11.59,2,2,False
DDA3937_RS09300,,ROGUE_SUSPECT,unknown,0,N_score|P_rogue,0,0.2039279391339468,0.8247886183674774,0.0,0.0,307,0,10.4,2,2,False
DDA3937_RS09305,,ROGUE_SUSPECT,unknown,0,N_score|N_long_lagging|P_rogue|P_conditional,0,0.1554672203805234,0.8737087659876627,0.0,0.0,504,0,9.11,2,2,False
DDA3937_RS09310,,CONFIDENT_NONESSENTIAL,non-essential,2,E_geometry|N_score|N_redundancy,0,0.2678775876205826,0.7432536139871844,0.0909090909090909,8.0,363,1,7.48,2,2,True
DDA3937_RS09315,,UNRESOLVED,unknown,0,E_cons_core,0,0.8954397903795932,0.11649888448043999,0.6666666666666666,0.0,71,0,6.78,2,2,False
DDA3937_RS09320,,ROGUE_SUSPECT,unknown,0,N_score|P_rogue,0,0.2074804875657704,0.8133894373859776,0.0,0.0,282,0,5.92,2,2,False
DDA3937_RS09325,,UNRESOLVED,unknown,0,N_redundancy|N_mobile,0,0.5668644455013231,0.4421543710328465,0.3714285714285714,6.0,374,0,4.92,2,2,False
DDA3937_RS09330,,UNRESOLVED,unknown,0,E_cons_core|N_mobile|F_core_redundant,1,0.8872153884216281,0.0975205453302033,0.6216216216216216,55.0,288,0,3.82,2,2,True
DDA3937_RS09335,,ROGUE_SUSPECT,unknown,0,N_score|N_mobile|P_rogue,0,0.1444640449700564,0.8830150477141279,0.0,0.0,542,1,1.92,2,2,False
DDA3937_RS09350,,ROGUE_SUSPECT,unknown,0,N_score|N_mobile|P_rogue,0,0.14169812387533,0.8871580403613495,0.0,0.0,558,1,1.74,2,2,False
DDA3937_RS09355,,ROGUE_SUSPECT,unknown,0,N_score|N_mobile|P_rogue,0,0.1419826004320761,0.8848616089198474,0.0,0.0,554,1,3.91,2,2,False
DDA3937_RS09360,,ROGUE_SUSPECT,unknown,0,N_score|P_rogue,0,0.1431473380017346,0.8861728293120062,0.0,0.0,554,1,6.35,2,2,False
DDA3937_RS09365,,ROGUE_SUSPECT,unknown,0,N_score|P_rogue,0,0.1456842202684581,0.8939941979505197,0.0,0.0,562,1,8.39,2,2,False
DDA3937_RS09370,,UNRESOLVED,unknown,0,E_cons_core|E_geometry,0,0.8627385653718266,0.12105640852939915,0.6785714285714286,0.0,223,1,9.75,2,2,False
DDA3937_RS09375,,ROGUE_SUSPECT,unknown,0,E_geometry|N_score|P_rogue,0,0.1743968689999737,0.8410508917571147,0.0,0.0,395,1,10.79,2,2,False
DDA3937_RS09380,,ROGUE_SUSPECT,unknown,0,N_score|P_rogue,0,0.2223975091091968,0.814249536293265,0.0,0.0,252,0,11.76,2,2,False
DDA3937_RS09385,,CONDITIONAL_SUSPECT,unknown,0,N_score|N_long_lagging|P_conditional,0,0.2492555311557807,0.7965552951531081,0.1081081081081081,1.0,468,0,13.02,2,2,True
DDA3937_RS09390,,ROGUE_SUSPECT,unknown,0,E_geometry|N_score|P_rogue,0,0.1822680091917415,0.8400615313053125,0.0,0.0,375,1,14.55,2,2,False
DDA3937_RS09395,,UNRESOLVED,unknown,0,E_cons_core|F_core_redundant,0,0.8551881559263232,0.1325719137471767,0.6333333333333333,8.0,206,0,15.47,2,2,False
DDA3937_RS09400,,UNRESOLVED,unknown,0,E_geometry,0,0.3383922333105539,0.6992750259471746,0.1363636363636363,2.0,282,1,16.53,2,2,True
DDA3937_RS09405,,UNRESOLVED,unknown,0,E_geometry,0,0.3934763471611267,0.6251377736602683,0.217391304347826,1.0,339,1,17.61,2,2,True
DDA3937_RS09410,,CONFIDENT_NONESSENTIAL,non-essential,1,E_geometry|N_score,0,0.2706575117138701,0.7595514203751483,0.0454545454545454,2.0,221,1,18.44,2,2,True
DDA3937_RS09415,,UNRESOLVED,unknown,0,N_redundancy,0,0.6757378213203382,0.430621372290827,0.3939393939393939,9.0,273,0,19.25,2,2,False
DDA3937_RS09420,,UNRESOLVED,unknown,0,E_geometry,0,0.5417052585659622,0.4584168200862634,0.3666666666666666,1.0,382,1,20.82,2,2,False
DDA3937_RS09425,,ROGUE_SUSPECT,unknown,0,N_score|P_rogue,0,0.2256913749964857,0.8199810423598456,0.0,0.0,257,0,21.84,2,2,False
DDA3937_RS09430,,CONFIDENT_NONESSENTIAL,non-essential,3,N_score|N_pangenome_some|N_long_lagging,0,0.1488891661193591,0.8918043605821431,0.0,0.0,563,0,23.55,1,2,True
DDA3937_RS09435,,ROGUE_SUSPECT,unknown,0,E_geometry|N_score|P_rogue,0,0.2598154467485436,0.7717369267419758,0.0,0.0,125,1,24.93,2,2,False
DDA3937_RS09440,,UNRESOLVED,unknown,0,,0,0.4994242476321748,0.5637705010433413,0.2,0.0,86,0,25.44,2,2,False
DDA3937_RS09445,,ROGUE_SUSPECT,unknown,0,E_geometry|N_score|P_rogue,0,0.2186560855520476,0.7978408470892298,0.0,0.0,241,1,26.26,2,2,False
DDA3937_RS09450,,ROGUE_SUSPECT,unknown,0,E_geometry|N_score|P_rogue,0,0.2053477139083651,0.8220001044343533,0.0,0.0,301,1,27.09,2,2,False
DDA3937_RS09455,,ROGUE_SUSPECT,unknown,0,E_geometry|N_score|P_rogue,0,0.2533015505886958,0.7905650364618508,0.0,0.0,160,1,27.92,2,2,False
DDA3937_RS09460,,CONFIDENT_NONESSENTIAL,non-essential,1,E_geometry|N_score,0,0.2479863873174987,0.8039099686967787,0.0666666666666666,1.0,370,1,29.1,2,2,True
DDA3937_RS09465,,UNRESOLVED,unknown,0,E_geometry|N_redundancy,0,0.458843471732077,0.5661643712777417,0.2571428571428571,13.0,378,1,30.34,2,2,True
DDA3937_RS09470,,UNRESOLVED,unknown,0,E_geometry|N_redundancy,0,0.3560038405640823,0.6778419151114188,0.1612903225806451,4.0,320,1,31.4,2,2,True
DDA3937_RS09475,,UNRESOLVED,unknown,0,E_geometry|N_redundancy,0,0.3657768263746352,0.6510718771789878,0.1612903225806451,4.0,282,1,32.3,2,2,True
DDA3937_RS09480,,ROGUE_SUSPECT,unknown,0,E_geometry|N_score|P_rogue,0,0.2502152837461144,0.7693747880502171,0.0,0.0,146,1,33.06,2,2,False
DDA3937_RS09485,,CONFIDENT_NONESSENTIAL,non-essential,1,E_geometry|N_score,0,0.1846885946923103,0.8342153473528546,0.0,1.0,377,1,33.95,2,2,False
DDA3937_RS09490,,UNRESOLVED,unknown,0,N_redundancy,0,0.3300443889287297,0.7073549019812928,0.1351351351351351,15.0,398,0,35.13,2,2,True
DDA3937_RS09495,,UNRESOLVED,unknown,0,N_redundancy,1,0.371187941902753,0.6911513379257732,0.1176470588235294,12.0,250,0,36.27,2,2,True
DDA3937_RS09500,,UNRESOLVED,unknown,0,N_redundancy,0,0.4835048795884922,0.5577563730705051,0.2,18.0,224,0,37.26,2,2,False
DDA3937_RS09505,,UNRESOLVED,unknown,0,N_redundancy,0,0.4770645787958525,0.5641122996191495,0.2,18.0,239,0,37.95,2,2,False
DDA3937_RS09510,,UNRESOLVED,unknown,0,N_redundancy,1,0.3771961468823708,0.6941156369960476,0.1176470588235294,12.0,244,0,38.69,2,2,True
DDA3937_RS09515,,ROGUE_SUSPECT,unknown,0,N_score|P_rogue,0,0.2320506753222781,0.8125388248831489,0.0,0.0,243,0,39.44,2,2,False
DDA3937_RS09520,,CONFIDENT_NONESSENTIAL,non-essential,1,E_geometry|N_pangenome_strong,0,0.4117139668814625,0.614443592974508,0.1428571428571428,0.0,109,1,40.32,0,2,True
DDA3937_RS09525,,ROGUE_SUSPECT,unknown,0,E_geometry|N_score|P_rogue,0,0.2428282248521666,0.7791054345441266,0.0434782608695652,0.0,291,1,40.92,2,2,False
DDA3937_RS09530,,ROGUE_SUSPECT,unknown,0,N_score|N_long_lagging|P_rogue|P_conditional,0,0.1654585191929107,0.8718154822728991,0.0,0.0,489,0,42.14,2,2,False
DDA3937_RS09535,,UNRESOLVED,unknown,0,,0,0.293658818606765,0.7463802575707935,0.1071428571428571,0.0,336,0,43.8,2,2,True
DDA3937_RS09540,,ROGUE_SUSPECT,unknown,0,N_score|N_long_lagging|P_rogue|P_conditional,0,0.1530068195383896,0.8860771165231156,0.0,0.0,551,0,45.19,2,2,False
DDA3937_RS09545,,ROGUE_SUSPECT,unknown,0,N_score|P_rogue,0,0.1480586539358865,0.8830418764774912,0.0,0.0,554,1,47.1,2,2,False
DDA3937_RS09550,,UNRESOLVED,unknown,0,E_cons_core,1,0.9498493258832568,0.04516938402234386,0.8387096774193549,3.0,74,0,48.17,2,2,False
DDA3937_RS09555,,ROGUE_SUSPECT,unknown,0,E_geometry|P_rogue,0,0.3213515421866672,0.7581257507080532,0.037037037037037,0.0,107,1,48.77,2,2,True
DDA3937_RS09560,,CONFIDENT_NONESSENTIAL,non-essential,1,N_score,0,0.2350788919445541,0.806848707109405,0.2,0.0,759,1,50.09,2,2,True
DDA3937_RS09565,,CONFIDENT_ESSENTIAL,essential,2,E_score|E_cons_core,1,0.9677229055793102,0.029035137904739973,0.9428571428571428,0.0,73,0,51.58,2,2,True
DDA3937_RS09570,,ROGUE_SUSPECT,unknown,0,N_score|P_rogue,0,0.2575184277561513,0.7827578436325066,0.0303030303030303,0.0,243,0,52.14,2,2,False
DDA3937_RS09575,,CONDITIONAL_SUSPECT,unknown,0,N_score|N_long_lagging|P_conditional,0,0.2661905462812121,0.7690418845342175,0.1666666666666666,0.0,574,0,53.38,2,2,False
DDA3937_RS09580,,CONDITIONAL_SUSPECT,unknown,0,N_score|N_long_lagging|P_conditional,0,0.2437847516097555,0.7984704455483664,0.1428571428571428,0.0,589,0,55.14,2,2,False
DDA3937_RS09585,,UNRESOLVED,unknown,0,E_cons_core,0,0.9124720728645244,0.07698850084201928,0.8108108108108109,0.0,319,0,56.73,2,2,False
DDA3937_RS09590,,UNRESOLVED,unknown,0,E_cons_core|E_geometry|F_core_redundant,0,0.8157860895058955,0.19138558213791443,0.5428571428571428,7.0,165,1,57.96,2,2,False
DDA3937_RS09595,,ROGUE_SUSPECT,unknown,0,N_score|P_rogue,1,0.1009534688446263,0.9243018909655799,0.0,0.0,817,1,60.63,2,2,False
DDA3937_RS09600,,UNRESOLVED,unknown,0,E_cons_core|E_geometry,1,0.9511233506438368,0.04088186962082124,0.90625,0.0,205,1,62.38,2,2,True
DDA3937_RS09605,,ROGUE_SUSPECT,unknown,0,N_score|P_rogue,0,0.1735802228630276,0.8576220553610714,0.0,0.0,448,1,63.37,2,2,False
DDA3937_RS09610,,UNRESOLVED,unknown,0,E_cons_core,1,0.947000551509311,0.04533987431330201,0.9714285714285714,0.0,432,1,64.8,2,2,True
DDA3937_RS09615,,ROGUE_SUSPECT,unknown,0,E_geometry|N_score|P_rogue,0,0.2436894400194943,0.7957583615489442,0.0,0.0,205,1,66.05,2,2,False
DDA3937_RS09620,,UNRESOLVED,unknown,0,E_cons_core|F_core_redundant,0,0.8654645474295453,0.13414765495694117,0.6333333333333333,8.0,202,0,66.83,2,2,False
DDA3937_RS09625,,ROGUE_SUSPECT,unknown,0,N_score|P_rogue,0,0.2896777959127312,0.757676511438491,0.05,0.0,215,0,67.64,2,2,True
DDA3937_RS09630,,ROGUE_SUSPECT,unknown,0,N_score|P_rogue,0,0.2265163986456642,0.8300399765860996,0.0,0.0,292,0,68.69,2,2,False
DDA3937_RS09635,,UNRESOLVED,unknown,0,E_cons_core|E_geometry|F_core_redundant,1,0.8931503719170001,0.10339330428587105,0.6216216216216216,55.0,303,1,69.68,2,2,True
DDA3937_RS09640,,CONFIDENT_NONESSENTIAL,non-essential,1,E_geometry|N_score,0,0.1961100478317929,0.8410399153154291,0.0,2.0,383,1,70.84,2,2,True
DDA3937_RS09645,,UNRESOLVED,unknown,0,E_cons_core|F_core_redundant,1,0.899274470583771,0.11591802120615396,0.6216216216216216,55.0,310,0,71.9,2,2,True
DDA3937_RS09650,,ROGUE_SUSPECT,unknown,0,N_score|P_rogue,0,0.2469409056740974,0.8268850476889785,0.0,0.0,247,0,73.33,2,2,False
DDA3937_RS09655,,ROGUE_SUSPECT,unknown,0,N_score|N_long_lagging|P_rogue|P_conditional,0,0.1218255864559659,0.9280607031401887,0.0,0.0,761,0,75.15,2,2,False
DDA3937_RS09660,,ROGUE_SUSPECT,unknown,0,N_score|P_rogue,0,0.2379684074225541,0.8407572890056452,0.0,0.0,286,0,76.78,2,2,False
DDA3937_RS09665,,ROGUE_SUSPECT,unknown,0,N_score|N_long_lagging|P_rogue|P_conditional,0,0.1525433401081438,0.8958271636555836,0.0,0.0,588,0,78.58,2,2,False
DDA3937_RS09670,,UNRESOLVED,unknown,0,E_cons_core|E_geometry,0,0.8841268641815129,0.10743135741574376,0.75,2.0,362,1,80.27,2,2,False
DDA3937_RS09675,,UNRESOLVED,unknown,0,E_cons_core,1,0.7152994018613107,0.2874389286786936,0.5357142857142857,0.0,430,1,81.55,2,2,False
DDA3937_RS09680,,UNRESOLVED,unknown,0,E_cons_core|E_geometry,1,0.9561190538148466,0.03392139258287604,0.9411764705882352,0.0,229,1,82.77,2,2,True
DDA3937_RS09685,,UNRESOLVED,unknown,0,E_cons_core,1,0.9440626022090838,0.05302174420170417,1.0,0.0,570,1,84.03,2,2,False
DDA3937_RS09690,,CONFIDENT_ESSENTIAL,essential,3,E_score|E_cons_core|E_geometry,1,0.9718703475642873,0.025041703515395346,0.9714285714285714,3.0,95,1,85.12,2,2,True
DDA3937_RS09695,,ROGUE_SUSPECT,unknown,0,N_score|P_rogue,0,0.1721051524249105,0.888985868303876,0.0434782608695652,0.0,632,1,86.58,2,2,True
DDA3937_RS09705,,ROGUE_SUSPECT,unknown,0,N_score|P_rogue,0,0.2589609043469351,0.8062145922161371,0.0,0.0,205,0,88.85,2,2,False
DDA3937_RS09710,,UNRESOLVED,unknown,0,,0,0.698780680709191,0.3211672936625368,0.4444444444444444,0.0,259,0,89.54,2,2,False
DDA3937_RS09715,,UNRESOLVED,unknown,0,,0,0.643893563941413,0.368499204091377,0.3888888888888889,0.0,246,0,90.28,2,2,False
DDA3937_RS09720,,UNRESOLVED,unknown,0,,0,0.5974186822803683,0.4286569499186406,0.3243243243243243,0.0,197,0,90.95,2,2,False
DDA3937_RS09725,,ROGUE_SUSPECT,unknown,0,N_score|P_rogue,0,0.2096414920927767,0.8406976785963918,0.0,0.0,356,0,91.78,2,2,False
DDA3937_RS09730,,UNRESOLVED,unknown,0,,0,0.5276967517891203,0.49628764739427994,0.3243243243243243,0.0,357,0,92.86,2,2,True
DDA3937_RS09735,,UNRESOLVED,unknown,0,,0,0.5654072479332243,0.4507683175451946,0.3888888888888889,0.0,437,0,94.05,2,2,True
DDA3937_RS09740,,UNRESOLVED,unknown,0,,0,0.3694051388492711,0.686124774589796,0.1538461538461538,0.0,300,0,95.16,2,2,False
DDA3937_RS09745,,ROGUE_SUSPECT,unknown,0,E_geometry|N_score|P_rogue,0,0.2471436957698456,0.7729137978477685,0.032258064516129,0.0,274,1,96.44,2,2,False
DDA3937_RS09750,,ROGUE_SUSPECT,unknown,0,N_score|N_long_lagging|P_rogue|P_conditional,0,0.1418726636463359,0.9075775011052964,0.0,0.0,655,0,97.98,2,2,False
DDA3937_RS09755,,CONFIDENT_NONESSENTIAL,non-essential,1,N_score,0,0.2550703900552368,0.8205215393151081,0.0,1.0,242,0,99.65,2,2,False
DDA3937_RS09760,,CONDITIONAL_SUSPECT,unknown,0,N_score|N_long_lagging|P_conditional,0,0.1699983214533847,0.892157517647223,0.0,1.0,549,0,100.81,2,2,False
DDA3937_RS09765,,CONFIDENT_NONESSENTIAL,non-essential,1,N_score,0,0.1842794736377855,0.8637985298499441,0.0,1.0,456,1,102.75,2,2,False
DDA3937_RS09770,,CONFIDENT_NONESSENTIAL,non-essential,1,E_geometry|N_score,1,0.2921682696481087,0.7355996919098498,0.081081081081081,2.0,295,1,103.94,2,2,True
DDA3937_RS09780,,ROGUE_SUSPECT,unknown,0,E_geometry|N_score|P_rogue,1,0.2794219702043021,0.7408195893077296,0.0,0.0,97,1,105.7,2,2,False
DDA3937_RS09790,,ROGUE_SUSPECT,unknown,0,N_score|P_rogue,1,0.1633804700921438,0.8650948801075787,0.0,0.0,510,1,107.59,2,2,False
DDA3937_RS09795,,UNRESOLVED,unknown,0,E_cons_core|E_geometry,0,0.7650168209488941,0.21762605961370782,0.5,0.0,181,1,108.62,2,2,False
DDA3937_RS09800,,CONFIDENT_NONESSENTIAL,non-essential,1,E_geometry|N_score,0,0.2193997939786984,0.8106410931391924,0.0,1.0,303,1,109.33,2,2,False
DDA3937_RS09805,,ROGUE_SUSPECT,unknown,0,E_geometry|N_score|P_rogue,0,0.2449558014719986,0.8176359410378075,0.0,0.0,251,1,110.38,2,2,False
DDA3937_RS09815,,CONFIDENT_NONESSENTIAL,non-essential,2,N_score|N_redundancy,0,0.2199746743832588,0.8361735938251085,0.03125,7.0,456,1,111.95,2,2,True
DDA3937_RS09820,,CONDITIONAL_SUSPECT,unknown,0,N_long_lagging|P_conditional,0,0.3009056843814068,0.7699944294031152,0.1428571428571428,0.0,477,0,113.49,2,2,True
DDA3937_RS09825,,UNRESOLVED,unknown,0,E_cons_core|E_geometry,0,0.8033339802587354,0.2322885836959672,0.5,0.0,113,1,114.87,2,2,False
DDA3937_RS09840,,UNRESOLVED,unknown,0,E_cons_core,1,0.9371253591602856,0.056100355260961236,0.9714285714285714,2.0,583,1,118.98,2,2,True
DDA3937_RS09845,,UNRESOLVED,unknown,0,E_cons_core|E_geometry,1,0.9600008787869702,0.029085557496733843,1.0,0.0,338,1,120.36,2,2,True
DDA3937_RS09850,,UNRESOLVED,unknown,0,E_cons_core|E_geometry,1,0.9625090151186296,0.034558074208436276,0.8928571428571429,0.0,61,1,120.99,2,2,True
DDA3937_RS09855,,UNRESOLVED,unknown,0,E_cons_core|E_geometry,1,0.9612980798852316,0.029650615476894862,0.9705882352941176,0.0,251,1,121.46,2,2,True
DDA3937_RS09860,,ROGUE_SUSPECT,unknown,0,N_score|P_rogue,0,0.190566912606601,0.8618895557007467,0.0,0.0,440,1,120.49,2,2,False
DDA3937_RS09865,,ROGUE_SUSPECT,unknown,0,E_geometry|N_score|P_rogue,0,0.2256366898747422,0.8196727304463993,0.0,0.0,299,1,119.12,2,2,False
DDA3937_RS09870,,ROGUE_SUSPECT,unknown,0,N_score|P_rogue,0,0.2382259185816813,0.8042216467127867,0.0,0.0,260,0,118.24,2,2,True
DDA3937_RS09875,,ROGUE_SUSPECT,unknown,0,E_geometry|N_score|P_rogue,0,0.231746855819906,0.80590680936843,0.0,0.0,268,1,117.3,2,2,False
DDA3937_RS09880,,UNRESOLVED,unknown,0,E_cons_core,1,0.9536904160904232,0.03712059668825717,1.0,0.0,441,1,116.24,2,2,False
DDA3937_RS09885,,CONFIDENT_ESSENTIAL,essential,3,E_score|E_cons_core|E_geometry,1,0.9661075650870904,0.02558923359988733,1.0,0.0,245,1,115.23,2,2,False
DDA3937_RS09890,,UNRESOLVED,unknown,0,E_cons_core,1,0.7800016843513482,0.21853954066000533,1.0,0.0,1479,1,112.65,2,2,False
DDA3937_RS09900,,UNRESOLVED,unknown,0,,0,0.5066122777327636,0.5115957961531769,0.3333333333333333,2.0,437,1,107.93,2,2,False
DDA3937_RS09910,,CONFIDENT_NONESSENTIAL,non-essential,1,N_score,0,0.2089384535961395,0.8223701256451394,0.08,1.0,551,1,105.01,2,2,False
DDA3937_RS09915,,UNRESOLVED,unknown,0,N_redundancy,0,0.5436449955822839,0.498348564719748,0.238095238095238,4.0,135,0,103.95,2,2,False
DDA3937_RS09920,,CONFIDENT_NONESSENTIAL,non-essential,1,E_geometry|N_score,0,0.2808719245173907,0.7520773779490851,0.09375,3.0,371,1,103.09,2,2,True
DDA3937_RS09925,,ROGUE_SUSPECT,unknown,0,N_score|P_rogue,0,0.274477363984812,0.7907524468599029,0.0,0.0,163,0,102.16,2,2,False
DDA3937_RS09930,,ROGUE_SUSPECT,unknown,0,N_score|P_rogue,0,0.2573170792059642,0.8053547165709656,0.0,0.0,213,0,101.38,2,2,False
DDA3937_RS09935,,CONFIDENT_NONESSENTIAL,non-essential,1,N_score,0,0.2640079547327687,0.7917151505964086,0.0,3.0,202,0,100.09,2,2,True
DDA3937_RS09940,,UNRESOLVED,unknown,0,E_geometry|N_redundancy,0,0.438251280236205,0.5702812865131788,0.2,6.0,252,1,99.23,2,2,True
DDA3937_RS09950,,ROGUE_SUSPECT,unknown,0,E_geometry|N_score|P_rogue,0,0.2641057741818098,0.7515131191663237,0.0666666666666666,0.0,309,1,97.23,2,2,True
DDA3937_RS09955,,UNRESOLVED,unknown,0,N_pangenome_some,0,0.3011267235269075,0.8161300916736287,0.0,0.0,140,0,96.54,1,2,False
DDA3937_RS09970,,ROGUE_SUSPECT,unknown,0,E_geometry|N_score|P_rogue,0,0.2350295066410637,0.803767214525204,0.0,0.0,246,1,94.34,2,2,False
DDA3937_RS09975,,ROGUE_SUSPECT,unknown,0,E_geometry|N_score|P_rogue,0,0.2470960765214481,0.7794008157867094,0.0,0.0,193,1,93.63,2,2,False
DDA3937_RS09980,,ROGUE_SUSPECT,unknown,0,N_score|P_rogue,0,0.2674252175992272,0.8049381704033357,0.0,0.0,188,0,93.03,2,2,False
DDA3937_RS09985,,ROGUE_SUSPECT,unknown,0,N_score|P_rogue,0,0.2531724214147157,0.8050100279991813,0.0,0.0,216,0,92.29,2,2,False
DDA3937_RS09990,,UNRESOLVED,unknown,0,N_redundancy,0,0.3439794577574611,0.7076924010624038,0.1351351351351351,15.0,402,0,91.1,2,2,True
DDA3937_RS09995,,UNRESOLVED,unknown,0,E_geometry,0,0.6388036104475688,0.37368799311450546,0.3611111111111111,3.0,195,1,89.89,2,2,False
DDA3937_RS10000,,UNRESOLVED,unknown,0,E_geometry,0,0.4483192542152339,0.5615798076163259,0.2105263157894736,0.0,215,1,89.25,2,2,False
DDA3937_RS10005,,UNRESOLVED,unknown,0,E_geometry|N_redundancy,0,0.3839058007623118,0.6337671115741194,0.1724137931034483,6.0,308,1,88.43,2,2,True
DDA3937_RS10010,,UNRESOLVED,unknown,0,E_cons_core,1,0.9197566716806456,0.06583426442777177,0.90625,0.0,512,1,86.98,2,2,False
DDA3937_RS10015,,UNRESOLVED,unknown,0,E_cons_core,1,0.943311229119136,0.05165679442498366,1.0,0.0,577,0,85.22,2,2,False
DDA3937_RS10020,,UNRESOLVED,unknown,0,E_geometry,0,0.453710607956901,0.5820282810713863,0.2,0.0,191,1,83.37,2,2,False
DDA3937_RS10025,,ROGUE_SUSPECT,unknown,0,E_geometry|N_score|P_rogue,0,0.2304169078835376,0.8084441181178033,0.0,0.0,255,1,82.5,2,2,False
DDA3937_RS10030,,ROGUE_SUSPECT,unknown,0,E_geometry|P_rogue,0,0.2954133154246232,0.7850652894130726,0.0,0.0,99,1,81.67,2,2,False
DDA3937_RS10035,,ROGUE_SUSPECT,unknown,0,N_score|P_rogue,0,0.2140179304953176,0.8294517898197661,0.0,0.0,324,0,80.95,2,2,False
DDA3937_RS10040,,ROGUE_SUSPECT,unknown,0,N_score|P_rogue,0,0.2862239159934776,0.7784004301537071,0.05,0.0,248,0,80.09,2,2,False
DDA3937_RS10045,,ROGUE_SUSPECT,unknown,0,N_score|P_rogue,0,0.2879512197095759,0.7968000033655094,0.0,0.0,132,0,79.4,2,2,False
DDA3937_RS10050,,ROGUE_SUSPECT,unknown,0,N_score|P_rogue,0,0.2616546426160372,0.7850016884496804,0.0384615384615384,0.0,271,0,78.63,2,2,False
DDA3937_RS10055,,UNRESOLVED,unknown,0,E_cons_core,1,0.9372594460796796,0.04919401823888447,1.0,0.0,597,1,77.0,2,2,False
DDA3937_RS10060,,UNRESOLVED,unknown,0,E_geometry,0,0.5801814223120974,0.43502566472292586,0.3,0.0,148,1,75.88,2,2,False
DDA3937_RS10065,,UNRESOLVED,unknown,0,E_geometry,0,0.6445589609691913,0.3560757837252817,0.4,0.0,248,1,75.26,2,2,False
DDA3937_RS10070,,UNRESOLVED,unknown,0,E_cons_core|E_geometry,1,0.8901098238047519,0.0923630655307831,0.7058823529411765,0.0,174,1,74.59,2,2,False
DDA3937_RS10075,,ROGUE_SUSPECT,unknown,0,E_geometry|N_score|P_rogue,0,0.2058622701126394,0.8387790414274781,0.0,0.0,344,1,73.52,2,2,False
DDA3937_RS10080,,UNRESOLVED,unknown,0,E_cons_core|E_geometry,1,0.7648933440623888,0.22396409945932164,0.5142857142857142,0.0,206,1,72.49,2,2,False
DDA3937_RS10085,,UNRESOLVED,unknown,0,E_cons_core|E_geometry,1,0.7699238760643141,0.21332976839192327,0.5714285714285714,0.0,335,1,71.67,2,2,False
DDA3937_RS10090,,UNRESOLVED,unknown,0,,0,0.4628435416696742,0.5736190541601572,0.2272727272727272,3.0,262,0,70.6,2,2,False
DDA3937_RS10095,,UNRESOLVED,unknown,0,E_cons_core|F_core_redundant,0,0.7851645502699871,0.23436396039056218,0.5142857142857142,12.0,253,0,69.83,2,2,False
DDA3937_RS10100,,UNRESOLVED,unknown,0,E_geometry,0,0.3547649224114409,0.7036951699576225,0.16,2.0,346,1,68.85,2,2,False
DDA3937_RS10105,,UNRESOLVED,unknown,0,,1,0.5776717291699978,0.43063678761662877,0.4230769230769231,0.0,471,1,67.61,2,2,False
DDA3937_RS10110,,UNRESOLVED,unknown,0,E_cons_core|E_geometry,1,0.8945257189052034,0.0962450981165076,0.7647058823529411,2.0,329,1,66.26,2,2,False
DDA3937_RS10115,,ROGUE_SUSPECT,unknown,0,E_geometry|N_score|P_rogue,0,0.2755681617897205,0.788459257817663,0.0,0.0,131,1,65.14,2,2,False
DDA3937_RS10120,,ROGUE_SUSPECT,unknown,0,E_geometry|N_score|P_rogue,0,0.2672642457791069,0.7777017534847431,0.0,0.0,135,1,64.54,2,2,False
DDA3937_RS10125,,CONDITIONAL_SUSPECT,unknown,0,N_score|N_long_lagging|P_conditional,0,0.2785664078710139,0.7739334810647642,0.1351351351351351,1.0,481,0,63.47,2,2,True
DDA3937_RS10130,,UNRESOLVED,unknown,0,,0,0.4076890249539824,0.6560656241404005,0.1851851851851851,2.0,290,0,62.14,2,2,True
DDA3937_RS10135,,UNRESOLVED,unknown,0,,0,0.4450879129951843,0.5911672896021112,0.3103448275862069,0.0,492,1,60.6,2,2,False
DDA3937_RS10140,,UNRESOLVED,unknown,0,E_cons_core|E_geometry,0,0.9387572795602088,0.044173325593649976,0.8709677419354839,0.0,214,1,59.39,2,2,False
DDA3937_RS10145,,UNRESOLVED,unknown,0,E_cons_core,0,0.8144772549537674,0.1719320115887265,0.6486486486486487,1.0,393,0,58.26,2,2,False
DDA3937_RS10150,,ROGUE_SUSPECT,unknown,0,N_score|P_rogue,0,0.1244928868968103,0.9084638420670713,0.0,0.0,684,1,56.36,2,2,False
DDA3937_RS10155,,ROGUE_SUSPECT,unknown,0,N_score|P_rogue,0,0.2931704662477206,0.7674858562226695,0.0,0.0,77,0,54.69,2,2,False
DDA3937_RS10160,,ROGUE_SUSPECT,unknown,0,E_geometry|P_rogue,0,0.3133890111805523,0.7281961331571412,0.05,0.0,127,1,54.22,2,2,True
DDA3937_RS10165,,ROGUE_SUSPECT,unknown,0,E_geometry|N_score|P_rogue,0,0.2112511080380939,0.8175207816077552,0.0,0.0,293,1,53.59,2,2,False
DDA3937_RS10170,,ROGUE_SUSPECT,unknown,0,E_geometry|N_score|P_rogue,0,0.2629156879039108,0.8069176175825093,0.0,0.0,170,1,52.61,2,2,False
DDA3937_RS10175,,ROGUE_SUSPECT,unknown,0,E_geometry|N_score|P_rogue,0,0.2360312833277866,0.8252827208780541,0.0,0.0,247,1,51.43,2,2,False
DDA3937_RS10180,,ROGUE_SUSPECT,unknown,0,N_score|P_rogue,0,0.1922644991028673,0.8458081324814658,0.0,0.0,381,0,50.11,2,2,True
DDA3937_RS10185,,ROGUE_SUSPECT,unknown,0,N_score|P_rogue,0,0.1969542377903515,0.8437186077883301,0.0,0.0,366,0,49.0,2,2,False
DDA3937_RS10190,,ROGUE_SUSPECT,unknown,0,N_score|P_rogue,0,0.196663449685488,0.8478663504239535,0.0,0.0,372,0,47.9,2,2,False
DDA3937_RS10195,,ROGUE_SUSPECT,unknown,0,N_score|P_rogue,0,0.1991820379988548,0.8544794744978779,0.0,0.0,375,0,46.79,2,2,False
DDA3937_RS10200,,ROGUE_SUSPECT,unknown,0,N_score|P_rogue,0,0.2764714766142889,0.7768075790059998,0.0,0.0,113,0,45.15,2,2,False
DDA3937_RS10205,,ROGUE_SUSPECT,unknown,0,E_geometry|N_score|P_rogue,0,0.276839815874782,0.8073321517446657,0.0,0.0,139,1,44.39,2,2,False
DDA3937_RS10210,,UNRESOLVED,unknown,0,E_geometry,0,0.458186395608028,0.5937150626592429,0.1666666666666666,0.0,83,1,43.72,2,2,False
DDA3937_RS10220,,CONFIDENT_NONESSENTIAL,non-essential,3,N_score|N_pangenome_strong|N_long_lagging,0,0.1570639000253761,0.8690553297678676,0.0,0.0,505,0,40.99,0,2,False
DDA3937_RS10240,,ROGUE_SUSPECT,unknown,0,N_score|N_long_lagging|P_rogue|P_conditional,0,0.1836030667733689,0.8652271573837781,0.0,0.0,425,0,37.49,2,2,False
DDA3937_RS10245,,ROGUE_SUSPECT,unknown,0,N_score|N_long_lagging|P_rogue|P_conditional,0,0.1366814593524154,0.9110973674492806,0.0,0.0,645,0,35.85,2,2,False
DDA3937_RS10250,,UNRESOLVED,unknown,0,E_geometry,0,0.3009288333831684,0.7246231855437825,0.0909090909090909,1.0,250,1,34.06,2,2,True
DDA3937_RS10255,,CONFIDENT_NONESSENTIAL,non-essential,2,E_geometry|N_score|N_redundancy,0,0.275398029234055,0.7443084218543804,0.0625,8.0,284,1,33.15,2,2,True
DDA3937_RS10260,,ROGUE_SUSPECT,unknown,0,N_score|P_rogue,0,0.2423946773640803,0.7997800809287215,0.0344827586206896,0.0,291,0,32.23,2,2,True
DDA3937_RS10265,,UNRESOLVED,unknown,0,E_cons_core,1,0.9175278259529442,0.07719177950488336,0.8285714285714286,1.0,332,0,31.02,2,2,False
DDA3937_RS10270,,ROGUE_SUSPECT,unknown,0,E_geometry|N_score|P_rogue,0,0.2858732119050535,0.7482665761372475,0.0333333333333333,0.0,139,1,29.96,2,2,False
DDA3937_RS10280,,UNRESOLVED,unknown,0,,0,0.6275892203836846,0.3760560394330323,0.375,1.0,214,0,29.0,2,2,False
DDA3937_RS10285,,CONFIDENT_NONESSENTIAL,non-essential,1,N_score,0,0.2892441004238812,0.7569056154676898,0.1034482758620689,1.0,340,0,28.11,2,2,True
DDA3937_RS10290,,ROGUE_SUSPECT,unknown,0,N_score|N_long_lagging|P_rogue|P_conditional,0,0.1363549684402029,0.9000231326457652,0.0,0.0,617,0,26.55,2,2,False
DDA3937_RS10295,,UNRESOLVED,unknown,0,E_geometry,0,0.418422222042039,0.57996228999452,0.1891891891891892,0.0,184,1,25.08,2,2,True
DDA3937_RS10300,,UNRESOLVED,unknown,0,E_cons_core,1,0.775091308526571,0.20386927696822693,0.7027027027027027,1.0,642,1,23.76,2,2,False
DDA3937_RS10305,,ROGUE_SUSPECT,unknown,0,E_geometry|N_score|P_rogue,0,0.2549110925140317,0.772302862124424,0.0,0.0,131,1,22.59,2,2,False
DDA3937_RS10310,,UNRESOLVED,unknown,0,,0,0.3409411531911747,0.6995862098333758,0.1351351351351351,0.0,269,0,21.95,2,2,True
DDA3937_RS10315,,ROGUE_SUSPECT,unknown,0,E_geometry|N_score|P_rogue,0,0.2828292110505446,0.7522805448751768,0.0571428571428571,0.0,207,1,20.89,2,2,False
DDA3937_RS10325,,UNRESOLVED,unknown,0,,0,0.3946962253527667,0.6592657040174247,0.1875,0.0,284,0,19.73,2,2,True
DDA3937_RS10330,,ROGUE_SUSPECT,unknown,0,N_score|P_rogue,0,0.2798940478819949,0.7496417837951784,0.0344827586206896,0.0,156,0,19.0,2,2,False
DDA3937_RS10335,,ROGUE_SUSPECT,unknown,0,E_geometry|N_score|P_rogue,0,0.2629875078998303,0.765387443344668,0.074074074074074,0.0,302,1,18.14,2,2,False
DDA3937_RS10345,,UNRESOLVED,unknown,0,E_cons_core|E_geometry,1,0.8810242331538737,0.12214047612198406,0.7297297297297297,1.0,304,1,15.95,2,2,False
DDA3937_RS10350,,UNRESOLVED,unknown,0,E_cons_core,1,0.8101377914232233,0.20666609919169648,0.5384615384615384,2.0,136,0,14.92,2,2,False
DDA3937_RS10355,,ROGUE_SUSPECT,unknown,0,E_geometry|N_score|P_rogue,0,0.2439445384112773,0.8172694752616211,0.0,0.0,200,1,14.03,2,2,False
DDA3937_RS10360,,ROGUE_SUSPECT,unknown,0,N_score|N_long_lagging|P_rogue|P_conditional,0,0.0889556855480773,0.9416730558373975,0.0,0.0,901,0,11.81,2,2,False
DDA3937_RS10370,,UNRESOLVED,unknown,0,E_geometry,1,0.5007216946766249,0.5261810339936172,0.2647058823529412,1.0,215,1,9.59,2,2,False
DDA3937_RS10375,,CONFIDENT_NONESSENTIAL,non-essential,2,N_score|N_redundancy,0,0.2101804319958088,0.8353997776920002,0.0606060606060606,15.0,548,1,7.57,2,2,True
DDA3937_RS10380,,ROGUE_SUSPECT,unknown,0,E_geometry|N_score|P_rogue,0,0.2043059133220147,0.835744386215891,0.0,0.0,307,1,6.2,2,2,False
DDA3937_RS10385,,CONFIDENT_NONESSENTIAL,non-essential,2,E_geometry|N_score|N_redundancy,0,0.2738311101573327,0.7521586838745566,0.0689655172413793,9.0,303,1,5.27,2,2,True
DDA3937_RS10390,,UNRESOLVED,unknown,0,E_geometry|N_redundancy|N_mobile,1,0.353903640756683,0.6639614180376762,0.1724137931034483,5.0,330,1,4.31,2,2,False
DDA3937_RS10395,,UNRESOLVED,unknown,0,E_geometry|N_redundancy|N_mobile,0,0.3178038227521821,0.704930058391993,0.1379310344827586,5.0,335,1,3.31,2,2,True
DDA3937_RS10400,,ROGUE_SUSPECT,unknown,0,N_score|N_mobile|P_rogue,0,0.275835249242594,0.7922243882240753,0.0,0.0,108,0,2.54,2,2,False
DDA3937_RS10405,,CONDITIONAL_SUSPECT,unknown,0,N_score|N_mobile|N_long_lagging|P_conditional,0,0.1629429164207297,0.8773440025669939,0.0,1.0,487,0,1.6,2,2,True
DDA3937_RS23170,,ROGUE_SUSPECT,unknown,0,E_geometry|N_score|N_mobile|P_rogue,0,0.2646220548346817,0.7313749312511831,0.0,0.0,59,1,0.52,2,2,False
DDA3937_RS10415,,ROGUE_SUSPECT,unknown,0,N_score|N_mobile|N_long_lagging|P_rogue|P_conditional,0,0.1461372504799901,0.8978869686673236,0.0,0.0,568,0,1.21,2,2,False
DDA3937_RS10420,,UNRESOLVED,unknown,0,N_mobile,0,0.4414859227768311,0.5756358089326096,0.1739130434782608,0.0,99,0,2.34,2,2,False
DDA3937_RS10425,,ROGUE_SUSPECT,unknown,0,E_geometry|N_score|N_mobile|P_rogue,1,0.2094615425987525,0.803763203006905,0.0,0.0,253,1,3.07,2,2,False
DDA3937_RS10430,,UNRESOLVED,unknown,0,N_mobile,0,0.3834607157517982,0.6412691700865499,0.1333333333333333,1.0,141,0,3.74,2,2,True
DDA3937_RS10435,,UNRESOLVED,unknown,0,E_cons_core|N_mobile,0,0.9510103007265002,0.05100522833757486,0.8928571428571429,0.0,187,0,4.29,2,2,True
DDA3937_RS10440,,ROGUE_SUSPECT,unknown,0,N_score|P_rogue,0,0.2228878074259055,0.820230633486692,0.0,0.0,251,0,5.13,2,2,False
DDA3937_RS22220,,CONFIDENT_NONESSENTIAL,non-essential,2,N_score|N_pangenome_strong,1,0.2598562227638777,0.7741228948643903,0.0,0.0,121,0,5.81,0,2,True
DDA3937_RS10450,,ROGUE_SUSPECT,unknown,0,E_geometry|N_score|P_rogue,0,0.2341773511191879,0.8129694724118909,0.0,0.0,211,1,6.59,2,2,True
DDA3937_RS10455,,ROGUE_SUSPECT,unknown,0,N_score|P_rogue,0,0.2424412379317778,0.8455658272325239,0.0,0.0,244,0,7.35,2,2,False
DDA3937_RS10460,,UNRESOLVED,unknown,0,,0,0.5072307337672426,0.4967625930765227,0.2972972972972973,0.0,270,0,8.6,2,2,True
DDA3937_RS10465,,UNRESOLVED,unknown,0,,0,0.3975849695645076,0.6288197594485999,0.2432432432432432,0.0,397,0,9.6,2,2,True
DDA3937_RS10470,,ROGUE_SUSPECT,unknown,0,N_score|N_long_lagging|P_rogue|P_conditional,0,0.1637041347165024,0.8644024425292702,0.0,0.0,462,0,10.9,2,2,False
DDA3937_RS10485,,CONDITIONAL_SUSPECT,unknown,0,N_score|N_long_lagging|P_conditional,0,0.2462181018456283,0.7770530642678064,0.1351351351351351,1.0,521,0,13.98,2,2,False
DDA3937_RS10490,,ROGUE_SUSPECT,unknown,0,E_geometry|N_score|P_rogue,0,0.1998415909980438,0.8113247253387532,0.0,0.0,291,1,15.57,2,2,False
DDA3937_RS10495,,UNRESOLVED,unknown,0,E_cons_core|E_geometry,1,0.8718824246743828,0.11270926856172683,0.6875,1.0,207,1,16.41,2,2,False
DDA3937_RS10500,,ROGUE_SUSPECT,unknown,0,E_geometry|N_score|P_rogue,0,0.2558974845201784,0.7544588451544197,0.0714285714285714,0.0,297,1,17.36,2,2,False
DDA3937_RS10505,,UNRESOLVED,unknown,0,,0,0.4681994219952857,0.5401474954447115,0.2333333333333333,0.0,197,0,18.17,2,2,False
DDA3937_RS10510,,UNRESOLVED,unknown,0,,0,0.3498060416873257,0.6785176067604605,0.1428571428571428,0.0,254,0,18.86,2,2,True
DDA3937_RS10515,,ROGUE_SUSPECT,unknown,0,E_geometry|N_score|P_rogue,0,0.1906029371480326,0.8372619149155924,0.0,0.0,349,1,20.05,2,2,False
DDA3937_RS10520,,ROGUE_SUSPECT,unknown,0,E_geometry|N_score|P_rogue,0,0.247800235111757,0.7906716918852791,0.0,0.0,164,1,21.31,2,2,False
DDA3937_RS10525,,ROGUE_SUSPECT,unknown,0,N_score|P_rogue,0,0.247827168310484,0.8132751673304962,0.0,0.0,198,0,22.09,2,2,False
DDA3937_RS10530,,ROGUE_SUSPECT,unknown,0,N_score|P_rogue,0,0.2915927492033321,0.7934004520644896,0.0,0.0,90,0,22.96,2,2,False
DDA3937_RS10535,,UNRESOLVED,unknown,0,E_cons_core,1,0.7052057345520536,0.29011213126681284,0.7027027027027027,1.0,868,1,24.84,2,2,False
DDA3937_RS10540,,UNRESOLVED,unknown,0,E_cons_core|E_geometry|F_core_redundant,1,0.885688467973701,0.1131410273499031,0.6216216216216216,55.0,325,1,26.96,2,2,True
DDA3937_RS10545,,ROGUE_SUSPECT,unknown,0,N_score|P_rogue,0,0.2660579216598109,0.7848049337030988,0.0303030303030303,0.0,212,0,27.86,2,2,False
DDA3937_RS10550,,UNRESOLVED,unknown,0,E_cons_core,1,0.7379321763677094,0.24849117170602283,0.5,0.0,231,0,28.53,2,2,False
DDA3937_RS10555,,UNRESOLVED,unknown,0,,0,0.5971187750836101,0.3920753247009452,0.3529411764705882,0.0,210,0,29.19,2,2,False
DDA3937_RS10560,,UNRESOLVED,unknown,0,,0,0.5418831963276778,0.4636973578410015,0.3529411764705882,0.0,351,0,30.04,2,2,False
DDA3937_RS10565,,CONDITIONAL_SUSPECT,unknown,0,N_score|N_long_lagging|P_conditional,0,0.1701528745184017,0.8579894535304913,0.1111111111111111,0.0,740,0,31.68,2,2,False
DDA3937_RS10570,,UNRESOLVED,unknown,0,,0,0.6290805364053881,0.364141831621075,0.375,0.0,197,0,33.08,2,2,False
DDA3937_RS10575,,UNRESOLVED,unknown,0,,0,0.6154751607405377,0.4064919252284743,0.3529411764705882,0.0,194,0,33.66,2,2,False
DDA3937_RS10580,,CONFIDENT_NONESSENTIAL,non-essential,1,N_pangenome_strong,0,0.3065270799999898,0.7964373090222538,0.0,0.0,72,0,34.34,0,2,False
DDA3937_RS10585,,CONDITIONAL_SUSPECT,unknown,0,N_long_lagging|P_conditional,0,0.3187754341898954,0.7196726936146183,0.2,0.0,504,0,35.72,2,2,False
DDA3937_RS10590,,CONDITIONAL_SUSPECT,unknown,0,N_score|N_long_lagging|P_conditional,0,0.1659024376058761,0.8617266985956255,0.0294117647058823,3.0,562,0,37.38,2,2,True
DDA3937_RS10595,,ROGUE_SUSPECT,unknown,0,E_geometry|N_score|P_rogue,0,0.1991702227794242,0.8299038755229047,0.0,0.0,328,1,39.09,2,2,True
DDA3937_RS10600,,UNRESOLVED,unknown,0,N_redundancy,0,0.3607869933496713,0.6699677252533548,0.2162162162162162,13.0,508,1,40.44,2,2,True
DDA3937_RS10605,,UNRESOLVED,unknown,0,E_geometry|N_redundancy,0,0.4663136507927861,0.5503542645013217,0.2608695652173913,7.0,329,1,41.71,2,2,True
DDA3937_RS10610,,UNRESOLVED,unknown,0,E_geometry|N_redundancy,0,0.3500258244394947,0.6613585749913358,0.1515151515151515,8.0,317,1,42.75,2,2,True
DDA3937_RS10615,,UNRESOLVED,unknown,0,E_geometry|N_redundancy,0,0.3588905282024736,0.6663744384642113,0.1724137931034483,6.0,350,1,43.95,2,2,True
DDA3937_RS10620,,ROGUE_SUSPECT,unknown,0,E_geometry|N_score|P_rogue,0,0.2033101926258749,0.8394133320992891,0.0,0.0,334,1,45.13,2,2,False
DDA3937_RS10625,,ROGUE_SUSPECT,unknown,0,E_geometry|N_score|P_rogue,0,0.2688024167936083,0.806578100154317,0.0,0.0,153,1,46.04,2,2,False
DDA3937_RS10630,,ROGUE_SUSPECT,unknown,0,N_score|P_rogue,0,0.205222407969033,0.8403805122671764,0.0,0.0,339,0,46.9,2,2,False
DDA3937_RS10635,,UNRESOLVED,unknown,0,N_redundancy,0,0.3238391523095473,0.74652673017133,0.1081081081081081,5.0,314,0,48.14,2,2,True
DDA3937_RS10640,,UNRESOLVED,unknown,0,E_cons_core|E_geometry|F_core_redundant,0,0.8184542953231423,0.19591336043782895,0.5428571428571428,7.0,155,1,48.96,2,2,False
DDA3937_RS10645,,ROGUE_SUSPECT,unknown,0,N_score|N_long_lagging|P_rogue|P_conditional,0,0.1621132076708405,0.8836896923619582,0.0,0.0,519,0,50.17,2,2,False
DDA3937_RS10650,,ROGUE_SUSPECT,unknown,0,N_score|P_rogue,0,0.1918441003546952,0.8552985295140132,0.0,0.0,395,0,51.6,2,2,False
DDA3937_RS10655,,UNRESOLVED,unknown,0,,0,0.4421580011340943,0.5760378672007058,0.303030303030303,1.0,466,1,53.07,2,2,False
DDA3937_RS10660,,UNRESOLVED,unknown,0,,0,0.5547306615203338,0.4873541813230612,0.3333333333333333,0.0,309,0,54.23,2,2,False
DDA3937_RS10665,,UNRESOLVED,unknown,0,N_redundancy,0,0.3311339070417491,0.7232351407229552,0.1351351351351351,15.0,417,0,55.5,2,2,True
DDA3937_RS10670,,UNRESOLVED,unknown,0,E_cons_core|E_geometry|F_core_redundant,1,0.8927501807161106,0.10900688366238191,0.6216216216216216,55.0,305,1,56.72,2,2,True
DDA3937_RS10675,,UNRESOLVED,unknown,0,E_geometry,0,0.3643688089089131,0.6778059217717076,0.2,2.0,406,1,57.91,2,2,False
DDA3937_RS10680,,UNRESOLVED,unknown,0,E_geometry,0,0.472305664200556,0.5749460836180236,0.2285714285714285,1.0,224,1,59.04,2,2,True
DDA3937_RS10685,,CONFIDENT_NONESSENTIAL,non-essential,1,N_pangenome_strong,0,0.294525669396679,0.7868179495310671,0.0,0.0,96,0,59.76,0,2,False
DDA3937_RS10690,,UNRESOLVED,unknown,0,E_cons_core,0,0.7924129828741213,0.23682786380500923,0.5,0.0,119,0,60.16,2,2,False
DDA3937_RS10695,,CONFIDENT_ESSENTIAL,essential,2,E_score|E_cons_core|F_core_redundant,1,0.9712113979567424,0.023207194525971853,1.0,18.0,250,0,60.99,2,2,True
DDA3937_RS10700,,CONFIDENT_NONESSENTIAL,non-essential,2,E_geometry|N_score|N_pangenome_strong,0,0.2269481464677908,0.8146817693056871,0.0,0.0,257,1,62.11,0,2,True
DDA3937_RS10705,,ROGUE_SUSPECT,unknown,0,N_score|P_rogue,0,0.1943414396042752,0.864557893984283,0.0,0.0,409,0,63.14,2,2,False
DDA3937_RS10710,,ROGUE_SUSPECT,unknown,0,N_score|P_rogue,0,0.22808993137833,0.8267191557622612,0.0,0.0,278,0,64.19,2,2,False
DDA3937_RS10715,,CONFIDENT_NONESSENTIAL,non-essential,2,E_geometry|N_score|N_pangenome_strong,0,0.275829066552126,0.808126685918661,0.0,0.0,151,1,65.09,0,2,False
DDA3937_RS10725,,ROGUE_SUSPECT,unknown,0,N_score|P_rogue,0,0.2400552174096255,0.8807790438379045,0.0,0.0,335,0,67.18,2,2,False
DDA3937_RS10735,,CONFIDENT_NONESSENTIAL,non-essential,2,E_geometry|N_score|N_pangenome_some,0,0.2162433127420886,0.8427640608311137,0.0,0.0,321,1,69.06,1,2,False
DDA3937_RS10740,,CONFIDENT_NONESSENTIAL,non-essential,2,N_score|N_pangenome_strong,0,0.2805341123362684,0.8252622746055176,0.0,0.0,173,0,69.95,0,2,False
DDA3937_RS10745,,ROGUE_SUSPECT,unknown,0,E_geometry|N_score|P_rogue,0,0.2518934150557891,0.8318787510985505,0.0,0.0,231,1,70.97,2,2,False
DDA3937_RS10750,,CONFIDENT_NONESSENTIAL,non-essential,2,E_geometry|N_score|N_pangenome_some,0,0.2403499525806778,0.8102153537917367,0.0,0.0,228,1,72.04,1,2,True
DDA3937_RS10755,,CONFIDENT_NONESSENTIAL,non-essential,2,E_geometry|N_score|N_pangenome_strong,0,0.2860555066521019,0.7545067254737002,0.05,0.0,210,1,72.83,0,2,True
DDA3937_RS10760,,CONFIDENT_NONESSENTIAL,non-essential,2,E_geometry|N_score|N_pangenome_strong,0,0.2395083985355064,0.7899496987437128,0.0,0.0,207,1,73.45,0,2,True
DDA3937_RS10765,,CONFIDENT_NONESSENTIAL,non-essential,1,N_score,0,0.1827410524904143,0.8566101995475452,0.0476190476190476,1.0,557,1,74.59,2,2,True
DDA3937_RS10775,,UNRESOLVED,unknown,0,N_redundancy,1,0.7190539864339193,0.3052552676002585,0.4324324324324324,7.0,209,0,76.87,2,2,False
DDA3937_RS10780,,CONFIDENT_NONESSENTIAL,non-essential,2,E_geometry|N_score|N_pangenome_strong,0,0.2462823030653157,0.7825265658194277,0.0,0.0,187,1,77.91,0,2,False
DDA3937_RS10790,,ROGUE_SUSPECT,unknown,0,N_score|P_rogue,0,0.1404152231813017,0.8997747294206463,0.0,0.0,623,1,80.79,2,2,False
DDA3937_RS10795,,ROGUE_SUSPECT,unknown,0,N_score|N_long_lagging|P_rogue|P_conditional,0,0.1799839731225468,0.878381266644667,0.0,0.0,478,0,82.76,2,2,False
DDA3937_RS10800,,ROGUE_SUSPECT,unknown,0,N_score|N_long_lagging|P_rogue|P_conditional,0,0.1815253006464711,0.8812515525705956,0.0,0.0,480,0,84.63,2,2,False
DDA3937_RS10805,,ROGUE_SUSPECT,unknown,0,N_score|N_long_lagging|P_rogue|P_conditional,0,0.1783809384833321,0.8772587361422216,0.0,0.0,482,0,86.23,2,2,False
DDA3937_RS10810,,CONDITIONAL_SUSPECT,unknown,0,N_redundancy|N_long_lagging|P_conditional,0,0.3938181428659977,0.6617267666959978,0.2285714285714285,6.0,468,0,87.86,2,2,True
DDA3937_RS10815,,ROGUE_SUSPECT,unknown,0,N_score|N_long_lagging|P_rogue|P_conditional,0,0.2532571597979148,0.7952981665532507,0.09375,0.0,449,0,89.25,2,2,True
DDA3937_RS10820,,ROGUE_SUSPECT,unknown,0,N_score|N_long_lagging|P_rogue|P_conditional,0,0.1962190838034198,0.8439222515625115,0.0714285714285714,0.0,576,0,87.97,2,2,False
DDA3937_RS10825,,UNRESOLVED,unknown,0,,0,0.5819249807547533,0.43944667639690127,0.2857142857142857,0.0,121,0,86.91,2,2,False
DDA3937_RS10835,,ROGUE_SUSPECT,unknown,0,P_rogue,0,0.306030917520889,0.7334908495613434,0.0952380952380952,0.0,286,0,84.35,2,2,True
DDA3937_RS10840,,ROGUE_SUSPECT,unknown,0,N_score|P_rogue,0,0.1761846346676264,0.852357010505935,0.0,0.0,439,1,82.85,2,2,False
DDA3937_RS10845,,ROGUE_SUSPECT,unknown,0,N_score|P_rogue,0,0.0778567350297934,0.9454654668530197,0.0,0.0,997,1,80.69,2,2,False
DDA3937_RS10850,,ROGUE_SUSPECT,unknown,0,N_score|P_rogue,0,0.0994709665167941,0.9269776223287669,0.0,0.0,835,1,77.95,2,2,False
DDA3937_RS10855,,ROGUE_SUSPECT,unknown,0,E_geometry|N_score|P_rogue,0,0.252563441420739,0.7629160028676832,0.0,0.0,152,1,75.88,2,2,False
DDA3937_RS10860,,CONFIDENT_NONESSENTIAL,non-essential,1,N_score,0,0.1352452158311277,0.8845784032647386,0.0,1.0,613,1,74.74,2,2,True
DDA3937_RS10865,,ROGUE_SUSPECT,unknown,0,N_score|P_rogue,0,0.1583067175083201,0.8753241766016127,0.0,0.0,519,1,72.93,2,2,False
DDA3937_RS10870,,ROGUE_SUSPECT,unknown,0,N_score|P_rogue,0,0.2291796332542047,0.8074611367149082,0.0,0.0,255,0,71.69,2,2,False
DDA3937_RS10875,,CONFIDENT_NONESSENTIAL,non-essential,1,N_score,1,0.256570879500433,0.7725078542473889,0.0285714285714285,3.0,253,0,70.86,2,2,True
DDA3937_RS10880,,ROGUE_SUSPECT,unknown,0,N_score|P_rogue,0,0.197000789207196,0.8463716978418437,0.0,0.0,378,0,69.76,2,2,False
DDA3937_RS10885,,ROGUE_SUSPECT,unknown,0,N_score|P_rogue,0,0.2232507780584106,0.8170462432367522,0.0,0.0,278,0,68.74,2,2,False
DDA3937_RS10890,,ROGUE_SUSPECT,unknown,0,N_score|P_rogue,0,0.217522410111814,0.8127401004110001,0.0,0.0,285,0,67.89,2,2,False
DDA3937_RS10895,,UNRESOLVED,unknown,0,N_redundancy,0,0.4787954824309162,0.5560553380876797,0.2571428571428571,13.0,361,0,66.93,2,2,True
DDA3937_RS10900,,UNRESOLVED,unknown,0,,0,0.3773326241537835,0.6536258481276348,0.2,2.0,375,0,65.47,2,2,False
DDA3937_RS10905,,UNRESOLVED,unknown,0,E_cons_core|E_geometry|F_core_redundant,1,0.8895722798302285,0.09765376939141812,0.6216216216216216,55.0,298,1,64.41,2,2,True
DDA3937_RS10910,,ROGUE_SUSPECT,unknown,0,N_score|P_rogue,0,0.2638709265792547,0.7987893516162877,0.0,0.0,169,0,63.54,2,2,False
DDA3937_RS10915,,CONFIDENT_NONESSENTIAL,non-essential,3,N_score|N_pangenome_some|N_long_lagging,0,0.1854533081897651,0.8620115599717867,0.0,0.0,426,0,62.41,1,2,False
DDA3937_RS10920,,ROGUE_SUSPECT,unknown,0,N_score|P_rogue,0,0.1315044899429936,0.9081883104796087,0.0,0.0,659,1,60.69,2,2,False
DDA3937_RS10925,,ROGUE_SUSPECT,unknown,0,E_geometry|N_score|P_rogue,0,0.2450795174978914,0.7922872184527349,0.0,0.0,190,1,59.18,2,2,False
DDA3937_RS10930,,UNRESOLVED,unknown,0,,0,0.3717022333274516,0.6611183995667702,0.125,0.0,175,0,58.18,2,2,True
DDA3937_RS10940,,ROGUE_SUSPECT,unknown,0,N_score|N_long_lagging|P_rogue|P_conditional,0,0.1362268202573883,0.907912960818853,0.0,0.0,648,0,56.62,2,2,False
DDA3937_RS10945,,UNRESOLVED,unknown,0,,0,0.4364275649097621,0.6332092679654611,0.1724137931034483,1.0,180,0,55.2,2,2,True
DDA3937_RS10950,,UNRESOLVED,unknown,0,,1,0.6508997983468675,0.3735327235698837,0.4,1.0,251,0,54.39,2,2,False
DDA3937_RS10955,,UNRESOLVED,unknown,0,,0,0.3783440506165752,0.6825438699396505,0.1785714285714285,0.0,322,0,53.4,2,2,True
DDA3937_RS10960,,ROGUE_SUSPECT,unknown,0,N_score|P_rogue,0,0.1691867259965517,0.8663402405384464,0.0,0.0,463,1,52.14,2,2,False
DDA3937_RS10965,,ROGUE_SUSPECT,unknown,0,N_score|P_rogue,0,0.155603523596483,0.8727970441787792,0.0,0.0,511,1,50.66,2,2,False
DDA3937_RS10970,,ROGUE_SUSPECT,unknown,0,N_score|P_rogue,0,0.2170816825411371,0.843926744220039,0.0,0.0,317,0,48.91,2,2,False
DDA3937_RS10975,,UNRESOLVED,unknown,0,E_cons_core|E_geometry,1,0.9499548641751776,0.03877530077094554,0.9411764705882352,0.0,285,1,47.93,2,2,False
DDA3937_RS10980,,ROGUE_SUSPECT,unknown,0,E_geometry|N_score|P_rogue,0,0.2228398724076579,0.8245785235214463,0.0,0.0,270,1,47.05,2,2,False
DDA3937_RS10985,,UNRESOLVED,unknown,0,E_cons_core|E_geometry,0,0.8811986001130054,0.0905164049204247,0.7428571428571429,0.0,284,1,45.99,2,2,False
DDA3937_RS10990,,UNRESOLVED,unknown,0,E_cons_core|E_geometry,1,0.9545054604918464,0.03157290758233022,1.0,0.0,362,1,45.03,2,2,False
DDA3937_RS10995,,UNRESOLVED,unknown,0,E_cons_core,1,0.943525959079563,0.041165473701815926,0.9696969696969696,0.0,419,1,43.81,2,2,False
DDA3937_RS11000,,UNRESOLVED,unknown,0,E_cons_core,1,0.94302153413649,0.047857687380456426,0.875,0.0,207,0,42.66,2,2,False
DDA3937_RS11005,,UNRESOLVED,unknown,0,E_cons_core,1,0.9607224309460892,0.028733950507022776,1.0,0.0,291,0,41.91,2,2,False
DDA3937_RS11010,,UNRESOLVED,unknown,0,E_cons_core,1,0.9603451023841522,0.03219411224883088,1.0,0.0,316,0,40.87,2,2,False
DDA3937_RS11015,,UNRESOLVED,unknown,0,E_geometry,0,0.4031432792725062,0.6907303810212462,0.1666666666666666,3.0,262,1,39.67,2,2,True
DDA3937_RS11020,,UNRESOLVED,unknown,0,E_cons_core|F_core_redundant,1,0.9016851003184632,0.12922389953472616,0.6216216216216216,55.0,301,0,38.64,2,2,True
DDA3937_RS11025,,UNRESOLVED,unknown,0,E_cons_core|E_geometry,0,0.7915458370221745,0.22567668209606906,0.5,0.0,90,1,37.83,2,2,False
DDA3937_RS11030,,UNRESOLVED,unknown,0,E_cons_core,1,0.9627726955326404,0.02943841793719839,0.9714285714285714,0.0,196,0,37.16,2,2,False
DDA3937_RS11035,,UNRESOLVED,unknown,0,,0,0.3779940484699909,0.6918887429654466,0.1944444444444444,0.0,364,0,36.19,2,2,True
DDA3937_RS11040,,CONFIDENT_NONESSENTIAL,non-essential,2,E_geometry|N_score|N_pangenome_strong,0,0.1912841537822572,0.8768837702661295,0.0,0.0,414,1,34.1,0,2,False
DDA3937_RS11045,,UNRESOLVED,unknown,0,,0,0.6158159795373312,0.37011152030242533,0.4594594594594595,3.0,458,1,32.42,2,2,False
DDA3937_RS11050,,CONFIDENT_NONESSENTIAL,non-essential,2,N_score|N_pangenome_some,0,0.2476961185026542,0.7979084422760552,0.0,0.0,184,0,31.2,1,2,False
DDA3937_RS11055,,UNRESOLVED,unknown,0,E_cons_core,0,0.8888513411945166,0.10005282376047607,0.696969696969697,3.0,172,0,30.64,2,2,False
DDA3937_RS11060,,UNRESOLVED,unknown,0,N_pangenome_some,0,0.4944766554926851,0.5266339344212722,0.2777777777777778,0.0,270,0,29.98,1,2,False
DDA3937_RS11065,,UNRESOLVED,unknown,0,E_geometry,0,0.4063681386437491,0.6352215252116313,0.1666666666666666,1.0,193,1,29.23,2,2,True
DDA3937_RS11070,,CONFIDENT_NONESSENTIAL,non-essential,2,N_score|N_pangenome_strong,0,0.1753007652035317,0.8821659313149366,0.0,0.0,461,1,28.04,0,2,False
DDA3937_RS11075,,UNRESOLVED,unknown,0,,1,0.4472908089064843,0.5171319057765751,0.4117647058823529,0.0,682,1,26.07,2,2,False
DDA3937_RS11080,,UNRESOLVED,unknown,0,E_cons_core,0,0.3291859363064466,0.6703689615815118,0.5,0.0,1225,1,23.22,2,2,False
DDA3937_RS11085,,CONFIDENT_NONESSENTIAL,non-essential,1,N_score,1,0.2012189272527328,0.8135552644651338,0.3333333333333333,0.0,1177,1,19.62,2,2,False
DDA3937_RS11090,,ROGUE_SUSPECT,unknown,0,E_geometry|N_score|P_rogue,0,0.2421098402937517,0.7750729777731001,0.0,0.0,156,1,17.33,2,2,False
DDA3937_RS11095,,ROGUE_SUSPECT,unknown,0,N_score|P_rogue,0,0.026798182812458,0.9840063691564611,0.0,0.0,1626,1,14.62,2,2,False
DDA3937_RS11105,,CONFIDENT_NONESSENTIAL,non-essential,3,N_score|N_pangenome_some|N_long_lagging,0,0.1393942721143035,0.8860426893305687,0.0,0.0,570,0,9.93,1,2,False
DDA3937_RS11110,,ROGUE_SUSPECT,unknown,0,N_score|P_rogue,0,0.266754872984541,0.7767174204537879,0.0,0.0,111,0,8.9,2,2,False
DDA3937_RS11115,,UNRESOLVED,unknown,0,N_pangenome_some,0,0.3426103810412401,0.6521844628246519,0.1379310344827586,0.0,225,0,8.22,1,2,True
DDA3937_RS11120,,CONFIDENT_NONESSENTIAL,non-essential,2,N_score|N_pangenome_some,0,0.1304599809951497,0.8755535663778432,0.0,0.0,572,1,6.99,1,2,False
DDA3937_RS11125,,ROGUE_SUSPECT,unknown,0,N_score|P_rogue,0,0.2852127292600043,0.7632273829214558,0.0,0.0,60,0,5.86,2,2,False
DDA3937_RS22230,,CONFIDENT_NONESSENTIAL,non-essential,2,N_score|N_pangenome_some,1,0.2332501674291428,0.8005731840632143,0.0,0.0,204,0,5.06,1,2,False
DDA3937_RS11135,,ROGUE_SUSPECT,unknown,0,N_score|N_mobile|P_rogue,0,0.185476874907443,0.8473258073379014,0.0,0.0,374,0,3.55,2,2,False
DDA3937_RS22235,,CONFIDENT_NONESSENTIAL,non-essential,3,E_geometry|N_score|N_pangenome_some|N_mobile,0,0.270877690613543,0.7971200761510048,0.0,0.0,115,1,2.5,1,2,False
DDA3937_RS11145,,UNRESOLVED,unknown,0,E_geometry|N_mobile,0,0.4620389855873313,0.522846136632598,0.2,0.0,88,1,0.38,2,2,False
DDA3937_RS11160,,CONFIDENT_NONESSENTIAL,non-essential,2,E_geometry|N_pangenome_strong|N_mobile,1,0.7300536075766336,0.39122013342672435,0.4,0.0,82,1,1.1,0,2,False
DDA3937_RS11170,,UNRESOLVED,unknown,0,E_geometry,0,0.4854843905758523,0.5101060638118274,0.3333333333333333,2.0,417,1,14.86,2,2,False
DDA3937_RS11175,,ROGUE_SUSPECT,unknown,0,N_score|N_long_lagging|P_rogue|P_conditional,0,0.1617552287352412,0.8887576517870402,0.0,0.0,512,0,16.59,2,2,False
DDA3937_RS11180,,UNRESOLVED,unknown,0,E_cons_core|E_geometry|F_core_redundant,0,0.8083384559094865,0.1860546914908001,0.5757575757575758,7.0,240,1,17.8,2,2,False
DDA3937_RS11185,,UNRESOLVED,unknown,0,,0,0.500204826747951,0.5189252847087288,0.25,0.0,177,0,19.45,2,2,False
DDA3937_RS11190,,ROGUE_SUSPECT,unknown,0,E_geometry|N_score|P_rogue,0,0.2543524934080385,0.7897562728551821,0.0,0.0,149,1,20.19,2,2,False
DDA3937_RS11195,,UNRESOLVED,unknown,0,E_geometry,1,0.3021966434534012,0.7236234992270763,0.081081081081081,2.0,219,1,20.85,2,2,True
DDA3937_RS11200,,ROGUE_SUSPECT,unknown,0,E_geometry|N_score|P_rogue,0,0.2897976973365075,0.7983275968534856,0.0,0.0,91,1,21.69,2,2,False
DDA3937_RS11205,,UNRESOLVED,unknown,0,,0,0.4679558429790446,0.5679000449070895,0.24,0.0,238,0,22.32,2,2,False
DDA3937_RS11210,,UNRESOLVED,unknown,0,E_cons_core,0,0.8730041190602484,0.11853426398087562,0.7027027027027027,2.0,271,0,23.1,2,2,False
DDA3937_RS11215,,CONFIDENT_ESSENTIAL,essential,2,E_score|E_cons_core,1,0.9669855326135862,0.027426439091644245,0.9583333333333334,0.0,94,0,23.65,2,2,True
DDA3937_RS11220,,UNRESOLVED,unknown,0,E_geometry,0,0.3296355701617235,0.6872776054912043,0.1739130434782608,0.0,374,1,24.42,2,2,False
DDA3937_RS11230,,ROGUE_SUSPECT,unknown,0,E_geometry|N_score|P_rogue,0,0.224231870478558,0.7859073134055503,0.0,0.0,212,1,27.4,2,2,False
DDA3937_RS11235,,UNRESOLVED,unknown,0,E_cons_core|E_geometry,1,0.9558911610904336,0.026692215971982312,0.9714285714285714,0.0,234,1,28.14,2,2,True
DDA3937_RS11240,,CONFIDENT_NONESSENTIAL,non-essential,1,N_score,0,0.1919472054798324,0.8282089557815271,0.1111111111111111,1.0,640,1,29.52,2,2,True
DDA3937_RS11245,,UNRESOLVED,unknown,0,E_cons_core,0,0.8258691741169181,0.152317759837519,0.5714285714285714,1.0,116,0,30.86,2,2,False
DDA3937_RS11250,,ROGUE_SUSPECT,unknown,0,E_geometry|N_score|P_rogue,0,0.2731171393444667,0.7373024362607944,0.0,0.0,64,1,31.18,2,2,False
DDA3937_RS11255,,CONDITIONAL_SUSPECT,unknown,0,N_score|N_long_lagging|P_conditional,0,0.2742103278344852,0.7598697609536441,0.1351351351351351,1.0,457,0,32.1,2,2,False
DDA3937_RS11260,,ROGUE_SUSPECT,unknown,0,N_score|P_rogue,0,0.2885498264980756,0.7305270219717191,0.064516129032258,0.0,208,0,33.12,2,2,False
DDA3937_RS11265,,CONDITIONAL_SUSPECT,unknown,0,N_score|N_long_lagging|P_conditional,0,0.1718266650529675,0.8616508138034917,0.0,1.0,454,0,34.34,2,2,False
DDA3937_RS11270,,ROGUE_SUSPECT,unknown,0,N_score|P_rogue,0,0.153954727783917,0.8829378204690493,0.0,0.0,527,1,35.92,2,2,False
DDA3937_RS11275,,CONFIDENT_NONESSENTIAL,non-essential,1,N_score,0,0.2157328046954699,0.8155742918555666,0.0909090909090909,1.0,518,1,36.39,2,2,False
DDA3937_RS11280,,CONFIDENT_NONESSENTIAL,non-essential,2,N_score|N_pangenome_some,0,0.208600189388742,0.8357621744433971,0.0,0.0,319,0,34.56,1,2,False
DDA3937_RS11285,,ROGUE_SUSPECT,unknown,0,N_score|P_rogue,0,0.2218141182039308,0.8183350954735317,0.0,0.0,266,0,33.61,2,2,False
DDA3937_RS11290,,ROGUE_SUSPECT,unknown,0,N_score|P_rogue,0,0.2177415140206149,0.8217897269973092,0.0,0.0,279,0,32.78,2,2,False
DDA3937_RS11295,,ROGUE_SUSPECT,unknown,0,N_score|P_rogue,0,0.2772654708657306,0.819473658583313,0.0,0.0,153,0,32.02,2,2,False
DDA3937_RS11300,,ROGUE_SUSPECT,unknown,0,N_score|P_rogue,0,0.2495546200932274,0.8061728824253812,0.0,0.0,191,0,31.12,2,2,False
DDA3937_RS11305,,ROGUE_SUSPECT,unknown,0,E_geometry|N_score|P_rogue,0,0.2120965184210484,0.8159439115361681,0.0,0.0,276,1,30.38,2,2,False
DDA3937_RS11310,,UNRESOLVED,unknown,0,E_cons_core|E_geometry,1,0.9495105009152836,0.048397989806171986,0.8387096774193549,3.0,70,1,29.78,2,2,False
DDA3937_RS22250,,ROGUE_SUSPECT,unknown,0,E_geometry|P_rogue,0,0.3171448832301008,0.7921560736299974,0.0,0.0,39,1,29.58,2,2,False
DDA3937_RS11315,,ROGUE_SUSPECT,unknown,0,N_score|P_rogue,0,0.218850323102515,0.8310068340091752,0.0,0.0,286,0,28.04,2,2,False
DDA3937_RS11320,,UNRESOLVED,unknown,0,E_cons_core|E_geometry,0,0.7589516798149394,0.2506610210234765,0.5,0.0,183,1,27.29,2,2,False
DDA3937_RS11325,,ROGUE_SUSPECT,unknown,0,E_geometry|N_score|P_rogue,0,0.2702113791434998,0.7802260978222091,0.0,0.0,111,1,26.59,2,2,False
DDA3937_RS11330,,ROGUE_SUSPECT,unknown,0,N_score|P_rogue,0,0.2210614432413132,0.8303429758685845,0.0,0.0,279,0,25.69,2,2,False
DDA3937_RS11335,,CONFIDENT_ESSENTIAL,essential,2,E_score|E_cons_core|F_core_redundant,1,0.9701952185151964,0.024253383205219678,1.0,18.0,254,0,24.71,2,2,True
DDA3937_RS11340,,ROGUE_SUSPECT,unknown,0,N_score|N_long_lagging|P_rogue|P_conditional,0,0.1561314575810548,0.8949256102514062,0.0,0.0,544,0,23.25,2,2,False
DDA3937_RS11345,,UNRESOLVED,unknown,0,N_redundancy,0,0.2965916538130729,0.7759174865416554,0.0769230769230769,5.0,297,0,21.94,2,2,True
DDA3937_RS11350,,UNRESOLVED,unknown,0,N_redundancy,0,0.3287995437931262,0.7358110328899541,0.1153846153846153,5.0,301,0,21.05,2,2,True
DDA3937_RS11355,,UNRESOLVED,unknown,0,N_redundancy,0,0.4741402123360741,0.5963448097820984,0.2571428571428571,13.0,376,0,20.03,2,2,True
DDA3937_RS11360,,CONDITIONAL_SUSPECT,unknown,0,N_score|N_redundancy|N_long_lagging|P_conditional,0,0.1877653300859966,0.8664127956148499,0.0,4.0,431,0,18.8,2,2,True
DDA3937_RS11365,,ROGUE_SUSPECT,unknown,0,N_score|P_rogue,0,0.2487749591571438,0.8458465123078402,0.0,0.0,237,0,17.55,2,2,False
DDA3937_RS11370,,ROGUE_SUSPECT,unknown,0,N_score|P_rogue,0,0.2024643857485121,0.8349218148024474,0.0,0.0,323,0,16.44,2,2,False
DDA3937_RS11375,,ROGUE_SUSPECT,unknown,0,N_score|P_rogue,0,0.2380894899403615,0.7942053671869734,0.0,0.0,193,0,15.59,2,2,False
DDA3937_RS11380,,CONDITIONAL_SUSPECT,unknown,0,N_score|N_long_lagging|P_conditional,0,0.2202490466012039,0.8250943701085126,0.0666666666666666,3.0,464,0,14.47,2,2,True
DDA3937_RS11385,,ROGUE_SUSPECT,unknown,0,E_geometry|N_score|P_rogue,0,0.2699638335807786,0.7849844880285337,0.0,0.0,110,1,13.53,2,2,False
DDA3937_RS11390,,UNRESOLVED,unknown,0,E_cons_core,1,0.8665710379898627,0.12239351546887821,0.7,0.0,275,0,12.72,2,2,False
DDA3937_RS11395,,ROGUE_SUSPECT,unknown,0,N_score|P_rogue,0,0.2854136851266117,0.7560616737969169,0.0909090909090909,0.0,298,0,11.77,2,2,True
DDA3937_RS11400,,UNRESOLVED,unknown,0,,0,0.6151194590437988,0.41375740890520035,0.3333333333333333,0.0,137,0,11.04,2,2,False
DDA3937_RS11405,,CONFIDENT_ESSENTIAL,essential,3,E_score|E_cons_core|E_geometry,1,0.9682335119500574,0.024846972917708737,0.9714285714285714,3.0,100,1,10.67,2,2,True
DDA3937_RS11410,,UNRESOLVED,unknown,0,E_cons_core,1,0.8962233424306966,0.08319235470509416,0.9705882352941176,0.0,796,1,9.32,2,2,False
DDA3937_RS11415,,UNRESOLVED,unknown,0,E_cons_core|E_geometry,1,0.9564544922963518,0.03180480453670063,1.0,0.0,328,1,7.62,2,2,True
DDA3937_RS11420,,CONFIDENT_ESSENTIAL,essential,3,E_score|E_cons_core|E_geometry,1,0.9702132353366985,0.02348732957998984,1.0,0.0,119,1,6.53,2,2,True
DDA3937_RS11425,,CONFIDENT_ESSENTIAL,essential,3,E_score|E_cons_core|E_geometry,1,0.9729373594561044,0.021690302087251895,1.0,0.0,66,1,6.21,2,2,True
DDA3937_RS22255,,CONFIDENT_ESSENTIAL,essential,3,E_score|E_cons_core|E_geometry,1,0.9674465038551368,0.027120909321550795,1.0,0.0,181,1,5.74,2,2,True
DDA3937_RS11435,,UNRESOLVED,unknown,0,E_cons_core|N_mobile,1,0.9213635542559876,0.06948654816756127,0.9714285714285714,0.0,643,1,4.5,2,2,False
DDA3937_RS11440,,UNRESOLVED,unknown,0,E_cons_core|E_geometry|N_mobile,0,0.7781847923444015,0.21938279608298647,0.5,0.0,97,1,3.06,2,2,False
DDA3937_RS11445,,UNRESOLVED,unknown,0,E_geometry|N_mobile,0,0.512689925000721,0.5380425872014869,0.2857142857142857,2.0,264,1,2.35,2,2,False
DDA3937_RS11450,,ROGUE_SUSPECT,unknown,0,E_geometry|N_score|N_mobile|P_rogue,0,0.1870997222475802,0.864849371420005,0.0,0.0,389,1,1.16,2,2,False
DDA3937_RS11460,,UNRESOLVED,unknown,0,E_geometry|N_mobile,0,0.3088358990400698,0.7164761115162911,0.125,0.0,295,1,0.86,2,2,True
DDA3937_RS11465,,ROGUE_SUSPECT,unknown,0,N_score|N_mobile|P_rogue,0,0.1120446268522005,0.9182252345678985,0.0,0.0,724,1,2.85,2,2,False
DDA3937_RS11470,,UNRESOLVED,unknown,0,E_geometry,1,0.6319266673707866,0.37630928749102527,0.4594594594594595,2.0,418,1,5.37,2,2,False
DDA3937_RS11475,,ROGUE_SUSPECT,unknown,0,N_score|P_rogue,0,0.269484724467912,0.7831437474044813,0.04,0.0,219,0,6.43,2,2,False
DDA3937_RS11480,,ROGUE_SUSPECT,unknown,0,N_score|P_rogue,0,0.2839455977484302,0.7456210602740977,0.04,0.0,153,0,6.98,2,2,False
DDA3937_RS11485,,UNRESOLVED,unknown,0,E_cons_core,1,0.9543668845138844,0.034675156083103446,1.0,0.0,371,0,7.96,2,2,False
DDA3937_RS11490,,UNRESOLVED,unknown,0,,0,0.4041293526326214,0.630307056412106,0.1764705882352941,0.0,211,0,9.21,2,2,False
DDA3937_RS11495,,UNRESOLVED,unknown,0,E_cons_core,1,0.9497781669068334,0.04109582903848309,1.0,2.0,456,0,10.44,2,2,False
DDA3937_RS11500,,UNRESOLVED,unknown,0,E_cons_core|F_core_redundant,1,0.9072284613376193,0.08143254153982245,0.7428571428571429,12.0,223,0,11.76,2,2,True
DDA3937_RS11505,,UNRESOLVED,unknown,0,N_redundancy,0,0.4653964780079491,0.5746566736597651,0.3142857142857143,7.0,484,0,12.85,2,2,False
DDA3937_RS11510,,UNRESOLVED,unknown,0,,0,0.4519839794891206,0.570662946688629,0.28,1.0,374,0,14.31,2,2,True
DDA3937_RS11515,,CONFIDENT_NONESSENTIAL,non-essential,1,N_score,0,0.1730272952077345,0.8540448718379011,0.0,1.0,423,1,15.61,2,2,False
DDA3937_RS11520,,ROGUE_SUSPECT,unknown,0,E_geometry|N_score|P_rogue,0,0.2761281444261667,0.7610711334667124,0.0,0.0,75,1,16.67,2,2,False
DDA3937_RS11525,,UNRESOLVED,unknown,0,E_cons_core,0,0.5994925499062616,0.39138405591169917,0.5714285714285714,0.0,774,1,17.98,2,2,False
DDA3937_RS11530,,UNRESOLVED,unknown,0,E_cons_core|E_geometry,1,0.9290465099607826,0.04686949342963785,0.8,0.0,76,1,19.27,2,2,False
DDA3937_RS11535,,ROGUE_SUSPECT,unknown,0,E_geometry|N_score|P_rogue,1,0.2625313331567857,0.7377371024242869,0.0,0.0,80,1,19.62,2,2,False
DDA3937_RS11560,,ROGUE_SUSPECT,unknown,0,N_score|P_rogue,0,0.1787047595094469,0.8482641180190548,0.0588235294117647,0.0,559,1,33.02,2,2,True
DDA3937_RS11565,,ROGUE_SUSPECT,unknown,0,N_score|P_rogue,0,0.2686233940975667,0.7871256549266883,0.0,0.0,134,0,34.41,2,2,False
DDA3937_RS11570,,ROGUE_SUSPECT,unknown,0,E_geometry|N_score|P_rogue,0,0.1955163099214573,0.8347984417939905,0.0,0.0,343,1,35.29,2,2,False
DDA3937_RS11575,,ROGUE_SUSPECT,unknown,0,E_geometry|N_score|P_rogue,0,0.2482395670546194,0.7573630221409123,0.0,0.0,137,1,36.17,2,2,False
DDA3937_RS11580,,ROGUE_SUSPECT,unknown,0,E_geometry|N_score|P_rogue,1,0.2701023073350712,0.725749409820922,0.0,0.0,63,1,36.46,2,2,False
DDA3937_RS11585,,ROGUE_SUSPECT,unknown,0,N_score|P_rogue,0,0.1171322838209506,0.9034888188074988,0.0,0.0,690,1,37.63,2,2,False
DDA3937_RS11590,,ROGUE_SUSPECT,unknown,0,E_geometry|N_score|P_rogue,0,0.2491172611358741,0.7655321105127796,0.0,0.0,145,1,38.87,2,2,False
DDA3937_RS11595,,ROGUE_SUSPECT,unknown,0,E_geometry|N_score|P_rogue,0,0.2773851007288485,0.7523118231027117,0.0,0.0,76,1,39.19,2,2,False
DDA3937_RS11600,,ROGUE_SUSPECT,unknown,0,E_geometry|N_score|P_rogue,0,0.193184381053529,0.8338463820497259,0.0,0.0,350,1,40.04,2,2,False
DDA3937_RS11610,,CONFIDENT_NONESSENTIAL,non-essential,1,N_score,0,0.1985793201668666,0.8373840806921639,0.0333333333333333,1.0,438,1,42.95,2,2,True
DDA3937_RS11615,,ROGUE_SUSPECT,unknown,0,E_geometry|N_score|P_rogue,0,0.2310978234504618,0.7800684488090299,0.0,0.0,201,1,44.17,2,2,False
DDA3937_RS11620,,UNRESOLVED,unknown,0,E_geometry,1,0.4698933555997366,0.4742165387431386,0.25,0.0,198,1,44.86,2,2,False
DDA3937_RS11625,,ROGUE_SUSPECT,unknown,0,E_geometry|N_score|P_rogue,0,0.2162311492090151,0.8036220426407298,0.0,0.0,261,1,45.55,2,2,False
DDA3937_RS11630,,CONFIDENT_ESSENTIAL,essential,3,E_score|E_cons_core|E_geometry,0,0.9704659242917588,0.02165603393098727,1.0,0.0,122,1,46.21,2,2,False
DDA3937_RS11635,,ROGUE_SUSPECT,unknown,0,E_geometry|N_score|P_rogue,1,0.2863276181943391,0.7581876739355395,0.0,0.0,69,1,46.58,2,2,False
DDA3937_RS11640,,ROGUE_SUSPECT,unknown,0,E_geometry|N_score|P_rogue,0,0.2002433470491863,0.8271051906370546,0.0,0.0,328,1,47.34,2,2,False
DDA3937_RS11645,,UNRESOLVED,unknown,0,E_cons_core|E_geometry|F_core_redundant,0,0.7925385344643217,0.20128958726365975,0.5428571428571428,5.0,214,1,48.59,2,2,False
DDA3937_RS11650,,ROGUE_SUSPECT,unknown,0,N_score|P_rogue,0,0.1625358205524074,0.8700790899605471,0.0,0.0,489,1,49.67,2,2,False
DDA3937_RS11655,,UNRESOLVED,unknown,0,E_cons_core|E_geometry,0,0.8875801015127013,0.10119361773672969,0.696969696969697,3.0,185,1,50.6,2,2,False
DDA3937_RS11660,,ROGUE_SUSPECT,unknown,0,N_score|P_rogue,0,0.1870475064269326,0.8428822624477856,0.0,0.0,390,0,49.42,2,2,False
DDA3937_RS11665,,ROGUE_SUSPECT,unknown,0,N_score|N_long_lagging|P_rogue|P_conditional,0,0.1202922447176192,0.9079516650584268,0.0,0.0,701,0,47.78,2,2,False
DDA3937_RS11670,,UNRESOLVED,unknown,0,,0,0.4362307591588917,0.5627462340510657,0.25,0.0,324,0,46.23,2,2,False
DDA3937_RS11675,,CONDITIONAL_SUSPECT,unknown,0,N_score|N_long_lagging|P_conditional,0,0.2079387335126362,0.8083957375728251,0.0606060606060606,1.0,460,0,45.05,2,2,True
DDA3937_RS11680,,ROGUE_SUSPECT,unknown,0,N_score|P_rogue,0,0.2530829393536695,0.7776360812121837,0.0,0.0,160,0,44.14,2,2,False
DDA3937_RS11685,,ROGUE_SUSPECT,unknown,0,N_score|P_rogue,0,0.2426466990703784,0.7718353986273532,0.0,0.0,175,0,43.64,2,2,False
DDA3937_RS11690,,ROGUE_SUSPECT,unknown,0,N_score|P_rogue,0,0.1839874444504926,0.834582169829826,0.0,0.0,383,0,42.8,2,2,False
DDA3937_RS11695,,UNRESOLVED,unknown,0,,0,0.4044314424101166,0.6418741995520901,0.1666666666666666,1.0,218,0,41.91,2,2,True
DDA3937_RS11700,,UNRESOLVED,unknown,0,,0,0.6349160293412013,0.36119636038664815,0.3333333333333333,1.0,87,0,41.44,2,2,False
DDA3937_RS11705,,CONFIDENT_NONESSENTIAL,non-essential,1,N_score,0,0.2251786072256954,0.816576964228922,0.0,1.0,268,0,40.9,2,2,True
DDA3937_RS11710,,CONFIDENT_NONESSENTIAL,non-essential,1,N_score,0,0.2249456999258442,0.8193618196972873,0.0333333333333333,1.0,360,0,39.92,2,2,True
DDA3937_RS11730,,CONFIDENT_NONESSENTIAL,non-essential,1,N_pangenome_strong,0,0.3495429214904547,0.6588359805953947,0.1111111111111111,0.0,165,0,36.91,0,2,False
DDA3937_RS11735,,ROGUE_SUSPECT,unknown,0,N_score|P_rogue,0,0.1864845681420956,0.8602567868707149,0.0,0.0,410,0,35.88,2,2,False
DDA3937_RS11740,,CONDITIONAL_SUSPECT,unknown,0,N_redundancy|N_long_lagging|P_conditional,0,0.3540327828079464,0.7055051511232071,0.25,15.0,658,0,33.59,2,2,True
DDA3937_RS11745,,CONDITIONAL_SUSPECT,unknown,0,N_redundancy|N_long_lagging|P_conditional,0,0.3547751692631314,0.7015714502955964,0.25,15.0,652,0,31.11,2,2,True
DDA3937_RS11750,,UNRESOLVED,unknown,0,E_cons_core|N_pangenome_some,0,0.7239404388054695,0.2579567427541179,0.5,0.0,270,0,29.3,1,2,False
DDA3937_RS11755,,CONFIDENT_NONESSENTIAL,non-essential,1,N_score,0,0.2115854746650139,0.7856499126326822,0.0833333333333333,1.0,470,1,28.17,2,2,False
DDA3937_RS11760,,UNRESOLVED,unknown,0,N_redundancy,0,0.4732207345757628,0.5462987617439571,0.2,18.0,224,0,26.77,2,2,False
DDA3937_RS11765,,UNRESOLVED,unknown,0,N_redundancy,0,0.4682352479482098,0.5378594786378222,0.2,18.0,225,0,26.08,2,2,False
DDA3937_RS11770,,UNRESOLVED,unknown,0,E_cons_core|F_core_redundant,1,0.958840108136324,0.028860385829217662,0.945945945945946,16.0,261,0,25.31,2,2,True
DDA3937_RS11775,,UNRESOLVED,unknown,0,N_redundancy,0,0.3845002082191535,0.6249349042432812,0.1891891891891892,4.0,306,0,24.45,2,2,True
DDA3937_RS11780,,CONFIDENT_NONESSENTIAL,non-essential,2,E_geometry|N_score|N_pangenome_strong,0,0.2142465638394368,0.8165680946409815,0.0,0.0,270,1,23.48,0,2,False
DDA3937_RS11785,,ROGUE_SUSPECT,unknown,0,E_geometry|N_score|P_rogue,0,0.1731551741778053,0.834129587980482,0.0,0.0,393,1,22.46,2,2,False
DDA3937_RS11790,,UNRESOLVED,unknown,0,E_geometry,0,0.4629244377023415,0.5230926104732696,0.2592592592592592,1.0,264,1,21.4,2,2,False
DDA3937_RS11795,,UNRESOLVED,unknown,0,N_redundancy,0,0.4243947030259499,0.5970132909161595,0.2,6.0,260,0,20.5,2,2,True
DDA3937_RS11810,,UNRESOLVED,unknown,0,E_geometry|N_redundancy,0,0.358335971723013,0.6362034856961478,0.1612903225806451,4.0,273,1,17.63,2,2,True
DDA3937_RS11815,,ROGUE_SUSPECT,unknown,0,N_score|P_rogue,0,0.2066289410884499,0.8167491516922954,0.0526315789473684,0.0,424,1,16.55,2,2,False
DDA3937_RS11820,,CONFIDENT_NONESSENTIAL,non-essential,1,E_geometry|N_score,0,0.2450781818928314,0.7834604592616989,0.0666666666666666,1.0,344,1,15.36,2,2,True
DDA3937_RS11830,,UNRESOLVED,unknown,0,N_redundancy,0,0.6261814268905257,0.34771293719546137,0.4594594594594595,4.0,422,1,12.42,2,2,False
DDA3937_RS11835,,CONDITIONAL_SUSPECT,unknown,0,N_score|N_redundancy|N_long_lagging|P_conditional,0,0.1838435811034219,0.8426481246229696,0.0303030303030303,6.0,496,0,10.92,2,2,True
DDA3937_RS11840,,UNRESOLVED,unknown,0,N_redundancy,0,0.4649212716982276,0.5683935611912628,0.2571428571428571,13.0,365,0,9.23,2,2,True
DDA3937_RS11845,,ROGUE_SUSPECT,unknown,0,N_score|P_rogue,0,0.2895370327133144,0.7830433011354627,0.0,0.0,77,0,8.38,2,2,False
DDA3937_RS11850,,ROGUE_SUSPECT,unknown,0,N_score|P_rogue,0,0.2249378926878818,0.8744131946423261,0.0,0.0,328,0,7.28,2,2,False
DDA3937_RS11855,,UNRESOLVED,unknown,0,,0,0.393609087670301,0.688005556914042,0.2,1.0,344,0,6.25,2,2,False
DDA3937_RS11860,,UNRESOLVED,unknown,0,E_geometry,0,0.4363219017086231,0.5562910096356286,0.25,1.0,297,1,5.12,2,2,True
DDA3937_RS11865,,UNRESOLVED,unknown,0,E_cons_core|E_geometry|N_mobile|F_core_redundant,0,0.850342805328783,0.13386439713905052,0.6333333333333333,8.0,208,1,4.23,2,2,False
DDA3937_RS11875,,UNRESOLVED,unknown,0,E_cons_core|E_geometry|N_mobile,0,0.8670218808444472,0.16974752821702152,0.7027027027027027,2.0,353,1,2.15,2,2,False
DDA3937_RS11880,,CONFIDENT_NONESSENTIAL,non-essential,3,E_geometry|N_score|N_pangenome_some|N_mobile,0,0.2693677772608688,0.8022966624808635,0.0,0.0,126,1,0.99,1,2,True
DDA3937_RS11885,,CONFIDENT_NONESSENTIAL,non-essential,3,E_geometry|N_score|N_pangenome_some|N_mobile,0,0.2799756198109993,0.7739503867242638,0.0,0.0,74,1,0.69,1,2,False
DDA3937_RS11900,,CONFIDENT_NONESSENTIAL,non-essential,3,E_geometry|N_score|N_redundancy|N_mobile,0,0.2631170314587784,0.7594548654661419,0.0909090909090909,8.0,383,1,0.9,2,2,True
DDA3937_RS11905,,ROGUE_SUSPECT,unknown,0,N_score|N_mobile|P_rogue,0,0.2516326726820166,0.7872169872586106,0.0,0.0,152,0,2.09,2,2,False
DDA3937_RS11910,,UNRESOLVED,unknown,0,E_geometry|N_mobile,0,0.3497689100602505,0.660861568524412,0.1428571428571428,0.0,226,1,2.73,2,2,True
DDA3937_RS11915,,UNRESOLVED,unknown,0,E_geometry|N_mobile,0,0.3358341441739351,0.648618225923961,0.1428571428571428,0.0,240,1,3.42,2,2,True
DDA3937_RS11920,,ROGUE_SUSPECT,unknown,0,N_score|N_mobile|P_rogue,0,0.1462424923043862,0.8743172124638959,0.0,0.0,521,1,4.56,2,2,False
DDA3937_RS11925,,ROGUE_SUSPECT,unknown,0,N_score|P_rogue,0,0.0479287852471817,0.9669698834456545,0.0,0.0,1257,1,7.23,2,2,False
DDA3937_RS11930,,UNRESOLVED,unknown,0,E_cons_core|E_geometry|F_core_redundant,1,0.8828971051203645,0.09684597244873175,0.6216216216216216,55.0,297,1,9.89,2,2,True
DDA3937_RS11935,,ROGUE_SUSPECT,unknown,0,N_score|P_rogue,0,0.1979713182649634,0.8401010361189739,0.0,0.0,340,0,10.95,2,2,False
DDA3937_RS11940,,CONFIDENT_NONESSENTIAL,non-essential,2,N_score|N_redundancy,0,0.2483309604544807,0.7816998265708607,0.0967741935483871,9.0,464,1,12.24,2,2,True
DDA3937_RS11945,,ROGUE_SUSPECT,unknown,0,N_score|N_long_lagging|P_rogue|P_conditional,0,0.1369215731299546,0.8967583093232192,0.0,0.0,604,0,14.26,2,2,False
DDA3937_RS11950,,UNRESOLVED,unknown,0,E_cons_core|F_core_redundant,0,0.7887451680110539,0.2032619222284984,0.5428571428571428,5.0,216,0,15.49,2,2,False
DDA3937_RS11955,,ROGUE_SUSPECT,unknown,0,N_score|N_long_lagging|P_rogue|P_conditional,0,0.1792942250872921,0.863306075385137,0.0,0.0,423,0,14.96,2,2,False
DDA3937_RS11960,,ROGUE_SUSPECT,unknown,0,N_score|P_rogue,0,0.1983300892373355,0.8481703927237157,0.0,0.0,352,0,13.58,2,2,False
DDA3937_RS11965,,CONFIDENT_NONESSENTIAL,non-essential,1,N_score,0,0.2206344135444371,0.8201128369040439,0.1578947368421052,0.0,674,1,11.89,2,2,False
DDA3937_RS11970,,UNRESOLVED,unknown,0,E_geometry,0,0.4060821755843611,0.6026848644810195,0.2,0.0,244,1,10.49,2,2,False
DDA3937_RS11975,,ROGUE_SUSPECT,unknown,0,E_geometry|N_score|P_rogue,0,0.2849304614777502,0.7529731004408818,0.0454545454545454,0.0,169,1,9.79,2,2,False
DDA3937_RS11980,,ROGUE_SUSPECT,unknown,0,N_score|P_rogue,0,0.1765400016918055,0.8541644174267559,0.0,0.0,413,0,8.61,2,2,False
DDA3937_RS11985,,ROGUE_SUSPECT,unknown,0,N_score|N_long_lagging|P_rogue|P_conditional,0,0.0882028324012502,0.9330646297812047,0.0,0.0,877,0,6.66,2,2,False
DDA3937_RS11990,,ROGUE_SUSPECT,unknown,0,N_score|N_mobile|N_long_lagging|P_rogue|P_conditional,0,0.159353267426959,0.8701954033573492,0.0,0.0,483,0,4.51,2,2,False
DDA3937_RS11995,,UNRESOLVED,unknown,0,E_cons_core|N_mobile,0,0.7931425210936454,0.21154299334822624,0.5,0.0,64,0,3.32,2,2,False
DDA3937_RS12000,,ROGUE_SUSPECT,unknown,0,N_score|N_mobile|P_rogue,0,0.122744889723249,0.9096813433689808,0.0,0.0,666,1,2.02,2,2,False
DDA3937_RS12005,,ROGUE_SUSPECT,unknown,0,E_geometry|N_score|N_mobile|P_rogue,1,0.2067576181754266,0.8207462919330268,0.0,0.0,281,1,0.0,2,2,False
DDA3937_RS23215,,ROGUE_SUSPECT,unknown,0,N_score|N_mobile|P_rogue,0,0.2552856417891903,0.7983716806956255,0.0,0.0,157,0,0.78,2,2,False
DDA3937_RS12010,,ROGUE_SUSPECT,unknown,0,N_score|N_mobile|P_rogue,0,0.2428117581600632,0.7985545468211527,0.0,0.0,183,0,1.29,2,2,False
DDA3937_RS12015,,ROGUE_SUSPECT,unknown,0,N_score|N_mobile|P_rogue,0,0.2815651089000192,0.7668855352526684,0.0,0.0,72,0,1.79,2,2,False
DDA3937_RS12020,,CONFIDENT_ESSENTIAL,essential,2,E_score|E_cons_core|N_mobile,1,0.9706881040351736,0.018528484518289735,1.0,0.0,75,0,2.01,2,2,False
DDA3937_RS12025,,ROGUE_SUSPECT,unknown,0,N_score|N_mobile|N_long_lagging|P_rogue|P_conditional,0,0.1148917208770051,0.9126204992181106,0.0,0.0,709,0,2.45,2,2,False
DDA3937_RS12030,,ROGUE_SUSPECT,unknown,0,N_mobile|P_rogue,0,0.3005788901911906,0.8011195369750016,0.0,0.0,74,0,1.21,2,2,False
DDA3937_RS12035,,UNRESOLVED,unknown,0,N_mobile,0,0.5410135534150676,0.4656037588374787,0.25,0.0,68,0,0.41,2,2,False
DDA3937_RS12040,,UNRESOLVED,unknown,0,N_mobile,0,0.4539914086147149,0.5802667025686065,0.2,0.0,154,0,0.0,2,2,False
DDA3937_RS12050,,ROGUE_SUSPECT,unknown,0,N_score|N_mobile|P_rogue,0,0.2293232375467448,0.8011184404217708,0.0,0.0,214,0,0.0,2,2,True
DDA3937_RS12055,,UNRESOLVED,unknown,0,N_mobile,0,0.5857126639016048,0.4111942971041803,0.3076923076923077,1.0,117,0,0.49,2,2,False
DDA3937_RS12060,,ROGUE_SUSPECT,unknown,0,N_score|N_mobile|P_rogue,0,0.2024752223650828,0.8240059160519743,0.0,0.0,303,0,0.75,2,2,True
DDA3937_RS12065,,ROGUE_SUSPECT,unknown,0,N_score|N_mobile|P_rogue,0,0.2327613679774448,0.798846351179709,0.0,0.0,204,0,0.0,2,2,True
DDA3937_RS12070,,ROGUE_SUSPECT,unknown,0,N_score|N_mobile|P_rogue,0,0.1816958513175021,0.8585674080296042,0.0,0.0,402,0,0.0,2,2,False
DDA3937_RS12075,,ROGUE_SUSPECT,unknown,0,N_score|N_mobile|N_long_lagging|P_rogue|P_conditional,0,0.1726709739727547,0.874485839192941,0.0,0.0,452,0,1.47,2,2,False
DDA3937_RS12080,,CONDITIONAL_SUSPECT,unknown,0,N_redundancy|N_mobile|N_long_lagging|P_conditional,0,0.3047503387611047,0.7428036829912761,0.1481481481481481,8.0,449,0,2.67,2,2,True
DDA3937_RS12085,,UNRESOLVED,unknown,0,E_geometry|N_mobile,0,0.5659118874086767,0.46520127062716704,0.3103448275862069,1.0,189,1,1.28,2,2,True
DDA3937_RS12095,,UNRESOLVED,unknown,0,N_mobile,0,0.4558860235189563,0.5704594217297765,0.217391304347826,0.0,190,0,0.0,2,2,False
DDA3937_RS12100,,ROGUE_SUSPECT,unknown,0,N_score|N_mobile|P_rogue,0,0.239604566286311,0.832368023119102,0.0,0.0,231,0,0.0,2,2,False
DDA3937_RS12105,,CONFIDENT_NONESSENTIAL,non-essential,2,N_score|N_mobile,0,0.2371197625565653,0.7956501503421369,0.0,2.0,204,0,0.65,2,2,False
DDA3937_RS12110,,ROGUE_SUSPECT,unknown,0,N_score|N_mobile|P_rogue,0,0.1811977012643777,0.8495409281105406,0.0,0.0,390,0,0.0,2,2,True
DDA3937_RS12115,,ROGUE_SUSPECT,unknown,0,N_mobile|P_rogue,0,0.3186587684487625,0.7129620883116542,0.0833333333333333,0.0,173,0,0.0,2,2,True
DDA3937_RS12120,,UNRESOLVED,unknown,0,N_mobile,1,0.5258444056505767,0.4732127756453256,0.25,0.0,97,0,0.0,2,2,False
DDA3937_RS22280,,ROGUE_SUSPECT,unknown,0,N_score|N_mobile|P_rogue,0,0.2883478954832497,0.7484270951394828,0.0,0.0,40,0,0.0,2,2,False
DDA3937_RS12125,,ROGUE_SUSPECT,unknown,0,N_score|N_mobile|P_rogue,0,0.1893895006742244,0.8456423846328421,0.0,0.0,364,0,0.6,2,2,False
DDA3937_RS12130,,ROGUE_SUSPECT,unknown,0,N_score|N_mobile|P_rogue,0,0.2521959690151894,0.79995387169681,0.0,0.0,165,0,0.0,2,2,True
DDA3937_RS12135,,ROGUE_SUSPECT,unknown,0,N_score|N_mobile|P_rogue,0,0.1837516200220003,0.855680106056405,0.0,0.0,393,0,0.83,2,2,True
DDA3937_RS12140,,ROGUE_SUSPECT,unknown,0,N_score|N_mobile|P_rogue,1,0.2809887495959491,0.7577435844024326,0.0,0.0,64,0,1.61,2,2,False
DDA3937_RS12145,,CONDITIONAL_SUSPECT,unknown,0,N_score|N_mobile|N_long_lagging|P_conditional,0,0.2166985572879455,0.8160059451469164,0.064516129032258,1.0,439,0,2.77,2,2,True
DDA3937_RS12150,,ROGUE_SUSPECT,unknown,0,N_score|N_mobile|N_long_lagging|P_rogue|P_conditional,0,0.1381678564276811,0.9013479006947949,0.0,0.0,605,0,4.64,2,2,False
DDA3937_RS12155,,CONFIDENT_NONESSENTIAL,non-essential,3,N_score|N_pangenome_some|N_long_lagging,0,0.1456358088036768,0.8909945898466698,0.0,0.0,562,0,6.64,1,2,False
DDA3937_RS12165,,CONDITIONAL_SUSPECT,unknown,0,N_score|N_long_lagging|P_conditional,0,0.162905704610062,0.8820638747383599,0.0,3.0,515,0,9.29,2,2,True
DDA3937_RS12170,,ROGUE_SUSPECT,unknown,0,E_geometry|N_score|P_rogue,0,0.2691680986519354,0.7635430080420275,0.0,0.0,90,1,10.26,2,2,False
DDA3937_RS12175,,ROGUE_SUSPECT,unknown,0,E_geometry|N_score|P_rogue,0,0.2193493768723521,0.7959730437465644,0.0,0.0,229,1,11.12,2,2,False
DDA3937_RS12180,,CONFIDENT_NONESSENTIAL,non-essential,3,N_score|N_pangenome_strong|N_long_lagging,0,0.1736717145182141,0.855376226375278,0.0,0.0,425,0,12.23,0,2,False
DDA3937_RS12185,,ROGUE_SUSPECT,unknown,0,N_score|P_rogue,0,0.1463192924789737,0.8786409570986838,0.0,0.0,534,1,13.72,2,2,False
DDA3937_RS12190,,ROGUE_SUSPECT,unknown,0,E_geometry|N_score|P_rogue,0,0.220936240997961,0.7963709604873818,0.0,0.0,228,1,14.96,2,2,False
DDA3937_RS12195,,ROGUE_SUSPECT,unknown,0,E_geometry|N_score|P_rogue,0,0.2028331356048663,0.8076078758668251,0.0,0.0,283,1,15.71,2,2,False
DDA3937_RS12200,,ROGUE_SUSPECT,unknown,0,E_geometry|N_score|P_rogue,0,0.1982892409940964,0.8039732630732581,0.0,0.0,290,1,16.56,2,2,False
DDA3937_RS12205,,ROGUE_SUSPECT,unknown,0,E_geometry|N_score|P_rogue,0,0.1898513177952872,0.8326924983154774,0.0,0.0,347,1,17.51,2,2,False
DDA3937_RS12210,,ROGUE_SUSPECT,unknown,0,E_geometry|N_score|P_rogue,0,0.2547572607980252,0.7560100953481992,0.0416666666666666,0.0,226,1,18.51,2,2,False
DDA3937_RS12215,,ROGUE_SUSPECT,unknown,0,N_score|P_rogue,0,0.1908614814834017,0.8428938521288323,0.0,0.0,367,0,19.96,2,2,False
DDA3937_RS12220,,ROGUE_SUSPECT,unknown,0,N_score|N_long_lagging|P_rogue|P_conditional,0,0.1757280377164966,0.8539049530034748,0.0555555555555555,0.0,570,0,21.64,2,2,True
DDA3937_RS12225,,ROGUE_SUSPECT,unknown,0,E_geometry|N_score|P_rogue,0,0.2457393277370635,0.766758769003609,0.0,0.0,147,1,22.77,2,2,False
DDA3937_RS12230,,UNRESOLVED,unknown,0,E_cons_core|F_core_redundant,1,0.9043903012931852,0.08402010493087635,0.7428571428571429,12.0,251,0,23.61,2,2,True
DDA3937_RS12235,,UNRESOLVED,unknown,0,N_redundancy,0,0.4840807247937231,0.5583822385872447,0.3142857142857143,7.0,452,0,24.66,2,2,False
DDA3937_RS12245,,ROGUE_SUSPECT,unknown,0,N_score|P_rogue,0,0.2180190892687174,0.8172406333382067,0.0,0.0,273,0,26.75,2,2,False
DDA3937_RS12250,,ROGUE_SUSPECT,unknown,0,N_score|N_long_lagging|P_rogue|P_conditional,0,0.1665288503852786,0.8930847578174358,0.0,0.0,517,0,28.25,2,2,False
DDA3937_RS12255,,CONFIDENT_NONESSENTIAL,non-essential,1,N_score,0,0.2410307849386229,0.8244602405330824,0.0,1.0,240,0,29.47,2,2,True
DDA3937_RS12260,,CONDITIONAL_SUSPECT,unknown,0,N_score|N_long_lagging|P_conditional,0,0.1751608738053131,0.8782514459102357,0.0,1.0,474,0,30.55,2,2,False
DDA3937_RS12265,,CONFIDENT_NONESSENTIAL,non-essential,1,N_score,0,0.2745419261909134,0.7834623583675483,0.04,1.0,232,0,31.61,2,2,True
DDA3937_RS12270,,ROGUE_SUSPECT,unknown,0,N_score|P_rogue,0,0.0466093751733858,0.9690425859126507,0.0,0.0,1296,1,34.0,2,2,False
DDA3937_RS12275,,UNRESOLVED,unknown,0,,0,0.309324493801155,0.7258107530697206,0.0714285714285714,2.0,202,0,36.41,2,2,True
DDA3937_RS12280,,ROGUE_SUSPECT,unknown,0,E_geometry|N_score|P_rogue,0,0.2817255286501561,0.7694841365772223,0.0,0.0,86,1,35.87,2,2,False
DDA3937_RS12285,,ROGUE_SUSPECT,unknown,0,N_score|P_rogue,0,0.088770118602269,0.9279225478014017,0.0,0.0,868,1,34.41,2,2,False
DDA3937_RS12290,,CONDITIONAL_SUSPECT,unknown,0,N_score|N_long_lagging|P_conditional,0,0.1633227675980835,0.8773137835236426,0.0,3.0,518,0,32.03,2,2,True
DDA3937_RS12295,,UNRESOLVED,unknown,0,,0,0.3854648326284162,0.6666833666544912,0.1891891891891892,2.0,331,0,30.55,2,2,True
DDA3937_RS12300,,ROGUE_SUSPECT,unknown,0,E_geometry|N_score|P_rogue,1,0.2555083423311429,0.7279079168885052,0.0,0.0,93,1,29.87,2,2,False
DDA3937_RS12305,,CONFIDENT_NONESSENTIAL,non-essential,3,N_score|N_pangenome_some|N_long_lagging,0,0.1303406925618551,0.9065337332926953,0.0,0.0,655,0,28.43,1,2,False
DDA3937_RS12310,,ROGUE_SUSPECT,unknown,0,E_geometry|N_score|P_rogue,0,0.2522000715046378,0.7940903787873267,0.0,0.0,166,1,27.07,2,2,False
DDA3937_RS12330,,ROGUE_SUSPECT,unknown,0,N_score|P_rogue,0,0.2122959940299769,0.8397996073065127,0.0,0.0,314,0,23.36,2,2,False
DDA3937_RS12335,,UNRESOLVED,unknown,0,E_geometry,0,0.4489942699022951,0.560173638924028,0.2647058823529412,1.0,330,1,22.0,2,2,False
DDA3937_RS12340,,CONFIDENT_NONESSENTIAL,non-essential,2,N_score|N_redundancy,0,0.2134481731541136,0.8300964589747802,0.0606060606060606,15.0,544,1,20.51,2,2,True
DDA3937_RS12345,,UNRESOLVED,unknown,0,E_cons_core|N_pangenome_some,0,0.7266157912250618,0.24014099962267507,0.5,0.0,244,0,18.95,1,2,False
DDA3937_RS12350,,UNRESOLVED,unknown,0,,0,0.4276154061391253,0.6052885607406004,0.1785714285714285,0.0,168,0,18.27,2,2,True
DDA3937_RS12355,,CONFIDENT_NONESSENTIAL,non-essential,2,N_score|N_redundancy,0,0.2073055379962402,0.8105084444943417,0.0588235294117647,6.0,471,1,17.16,2,2,True
DDA3937_RS12360,,ROGUE_SUSPECT,unknown,0,N_score|P_rogue,0,0.2053575079873739,0.8245535211218069,0.0,0.0,306,0,15.85,2,2,False
DDA3937_RS12365,,ROGUE_SUSPECT,unknown,0,N_score|P_rogue,0,0.1439939626544608,0.8690722934270169,0.0952380952380952,0.0,779,1,14.21,2,2,True
DDA3937_RS12370,,UNRESOLVED,unknown,0,,0,0.6264739120714519,0.37188145542775475,0.3611111111111111,3.0,183,0,12.65,2,2,False
DDA3937_RS12375,,ROGUE_SUSPECT,unknown,0,E_geometry|N_score|P_rogue,0,0.2566996269356131,0.7813597327755445,0.0,0.0,135,1,11.73,2,2,False
DDA3937_RS12380,,CONFIDENT_NONESSENTIAL,non-essential,1,E_geometry|N_score,0,0.2604466193856614,0.7713221331785957,0.09375,3.0,384,1,10.8,2,2,True
DDA3937_RS12385,,UNRESOLVED,unknown,0,E_cons_core|F_core_redundant,1,0.8924208640178021,0.11125932818575394,0.6216216216216216,55.0,298,0,9.62,2,2,True
DDA3937_RS12390,,ROGUE_SUSPECT,unknown,0,N_score|P_rogue,0,0.1475290402923155,0.8750277918832997,0.0,0.0,522,1,8.13,2,2,False
DDA3937_RS12395,,CONFIDENT_NONESSENTIAL,non-essential,1,N_score,0,0.2586248775236439,0.7630664600813123,0.15,2.0,520,1,6.45,2,2,True
DDA3937_RS12400,,CONFIDENT_NONESSENTIAL,non-essential,3,N_score|N_redundancy|N_mobile,0,0.2874155916403362,0.7399030197309954,0.1481481481481481,8.0,473,1,4.58,2,2,True
DDA3937_RS12405,,ROGUE_SUSPECT,unknown,0,E_geometry|N_score|N_mobile|P_rogue,0,0.1783027418201931,0.8189763334599185,0.0,0.0,352,1,3.08,2,2,False
DDA3937_RS12410,,ROGUE_SUSPECT,unknown,0,N_score|N_mobile|P_rogue,0,0.1556170360362923,0.8609748423988146,0.0,0.0,472,1,1.85,2,2,False
DDA3937_RS12415,,ROGUE_SUSPECT,unknown,0,E_geometry|N_score|N_mobile|P_rogue,0,0.2541097853691187,0.7675614428727384,0.0,0.0,120,1,0.81,2,2,False
DDA3937_RS12420,,UNRESOLVED,unknown,0,E_geometry|N_mobile,0,0.4340890452351796,0.562083390488543,0.1666666666666666,0.0,77,1,0.51,2,2,False
DDA3937_RS12425,,UNRESOLVED,unknown,0,E_geometry|N_mobile,0,0.422824943918381,0.5768891935874356,0.2105263157894736,0.0,222,1,0.0,2,2,False
DDA3937_RS12430,,ROGUE_SUSPECT,unknown,0,N_score|N_mobile|P_rogue,0,0.1933729964656521,0.8286869705114754,0.0,0.0,332,0,0.0,2,2,False
DDA3937_RS12435,,UNRESOLVED,unknown,0,E_geometry|N_mobile,0,0.3848948902476015,0.6297767774356541,0.2333333333333333,2.0,397,1,1.25,2,2,True
DDA3937_RS12440,,CONDITIONAL_SUSPECT,unknown,0,N_score|N_redundancy|N_mobile|N_long_lagging|P_conditional,0,0.2030984822273021,0.8335360331733789,0.0606060606060606,15.0,571,0,2.97,2,2,True
DDA3937_RS12445,,UNRESOLVED,unknown,0,N_redundancy|N_mobile,0,0.3640303054962258,0.6748769021293167,0.15625,10.0,322,0,4.31,2,2,True
DDA3937_RS12450,,CONFIDENT_NONESSENTIAL,non-essential,2,N_score|N_redundancy,0,0.2797065681152649,0.7458460954792769,0.0689655172413793,9.0,297,0,5.22,2,2,True
DDA3937_RS12455,,UNRESOLVED,unknown,0,N_redundancy,1,0.3630478863428337,0.668425575012549,0.1724137931034483,5.0,331,0,6.18,2,2,False
DDA3937_RS12460,,UNRESOLVED,unknown,0,N_redundancy,0,0.3506589424301182,0.6819724696033651,0.1379310344827586,5.0,272,0,7.08,2,2,True
DDA3937_RS12465,,UNRESOLVED,unknown,0,E_cons_core,1,0.928422336444382,0.058039467462941925,0.8518518518518519,0.0,264,0,8.04,2,2,True
DDA3937_RS12470,,UNRESOLVED,unknown,0,E_cons_core|E_geometry|F_core_redundant,1,0.8844062062377172,0.10021324866023244,0.6216216216216216,55.0,300,1,9.0,2,2,True
DDA3937_RS12475,,CONDITIONAL_SUSPECT,unknown,0,N_score|N_long_lagging|P_conditional,0,0.1062950779595984,0.918966308812567,0.0,1.0,770,0,10.81,2,2,True
DDA3937_RS12480,,ROGUE_SUSPECT,unknown,0,P_rogue,1,0.2998257936589479,0.78893063707298,0.0,0.0,69,0,12.24,2,2,False
DDA3937_RS12485,,ROGUE_SUSPECT,unknown,0,N_score|P_rogue,0,0.2691154413008319,0.8155148529774482,0.0,0.0,158,0,12.56,2,2,False
DDA3937_RS12490,,ROGUE_SUSPECT,unknown,0,N_score|N_long_lagging|P_rogue|P_conditional,0,0.1276950405571935,0.9003833275229506,0.0,0.0,644,0,13.91,2,2,False
DDA3937_RS12495,,CONFIDENT_NONESSENTIAL,non-essential,2,N_score|N_redundancy,0,0.2758484045220679,0.7652813581502212,0.0625,8.0,306,0,15.44,2,2,True
DDA3937_RS12500,,CONDITIONAL_SUSPECT,unknown,0,N_score|N_long_lagging|P_conditional,0,0.1441600851891048,0.8902560009468393,0.0416666666666666,1.0,689,0,17.26,2,2,True
DDA3937_RS12505,,UNRESOLVED,unknown,0,E_cons_core|E_geometry,0,0.8283508072176459,0.14666351043654757,0.6666666666666666,0.0,339,1,18.9,2,2,False
DDA3937_RS12510,,UNRESOLVED,unknown,0,E_geometry,0,0.3132320256809233,0.7062991036238833,0.1,1.0,232,1,20.14,2,2,True
DDA3937_RS12515,,ROGUE_SUSPECT,unknown,0,N_score|P_rogue,0,0.2790197727354661,0.750312554904924,0.0,0.0,72,0,20.93,2,2,False
DDA3937_RS12520,,UNRESOLVED,unknown,0,E_geometry,0,0.4855162064819264,0.5154836854067265,0.217391304347826,0.0,109,1,21.3,2,2,False
DDA3937_RS12525,,UNRESOLVED,unknown,0,E_cons_core|E_geometry,0,0.8388030999621704,0.13073197732211905,0.6538461538461539,0.0,253,1,21.85,2,2,False
DDA3937_RS12530,,UNRESOLVED,unknown,0,E_cons_core|E_geometry,1,0.8754468236541854,0.10652054208189476,0.7647058823529411,0.0,390,1,22.96,2,2,False
DDA3937_RS12535,,UNRESOLVED,unknown,0,E_cons_core|E_geometry,0,0.9310995829006838,0.055199898401859133,0.8,0.0,102,1,23.71,2,2,False
DDA3937_RS12540,,CONFIDENT_NONESSENTIAL,non-essential,2,E_geometry|N_score|N_pangenome_some,0,0.2153188236089754,0.8049992402461451,0.0,0.0,257,1,24.51,1,2,False
DDA3937_RS12545,,UNRESOLVED,unknown,0,E_cons_core,1,0.9416376946533532,0.04992130871842804,0.8636363636363636,1.0,198,0,25.45,2,2,False
DDA3937_RS12550,,CONFIDENT_NONESSENTIAL,non-essential,2,N_score|N_redundancy,0,0.217658824768905,0.8350105171695067,0.0606060606060606,15.0,545,1,26.61,2,2,True
DDA3937_RS12555,,UNRESOLVED,unknown,0,,0,0.3068056559067523,0.7129627784753478,0.3428571428571428,0.0,893,1,28.96,2,2,True
DDA3937_RS12560,,UNRESOLVED,unknown,0,E_cons_core|F_core_redundant,0,0.8613676970449677,0.13838085558151772,0.6333333333333333,8.0,205,0,31.12,2,2,False
DDA3937_RS12565,,UNRESOLVED,unknown,0,E_geometry,0,0.3047761241676472,0.7175654537867778,0.1111111111111111,0.0,287,1,31.93,2,2,False
DDA3937_RS12570,,UNRESOLVED,unknown,0,E_cons_core,1,0.9441615873380064,0.04254290640127367,0.9714285714285714,0.0,426,1,33.23,2,2,False
DDA3937_RS12575,,UNRESOLVED,unknown,0,E_cons_core|E_geometry,0,0.939968065118254,0.04503538682945992,0.8787878787878788,0.0,221,1,34.34,2,2,False
DDA3937_RS12580,,UNRESOLVED,unknown,0,E_cons_core|E_geometry,0,0.7743003093221198,0.1973932745796636,0.5,0.0,102,1,34.99,2,2,False
DDA3937_RS12585,,ROGUE_SUSPECT,unknown,0,E_geometry|N_score|P_rogue,0,0.2314514740018962,0.7802818437772804,0.064516129032258,0.0,371,1,35.8,2,2,False
DDA3937_RS12590,,ROGUE_SUSPECT,unknown,0,P_rogue,0,0.3003294883728559,0.7384753657155618,0.0476190476190476,0.0,156,0,36.94,2,2,False
DDA3937_RS12595,,UNRESOLVED,unknown,0,E_cons_core|E_geometry|F_core_redundant,0,0.8583912356896242,0.1543549408795167,0.6,8.0,146,1,37.83,2,2,False
DDA3937_RS22290,,UNRESOLVED,unknown,0,E_geometry,1,0.4949925047911217,0.5456530098960938,0.2,0.0,80,1,38.34,2,2,False
DDA3937_RS12600,,ROGUE_SUSPECT,unknown,0,P_rogue,0,0.3628182915792681,0.6906117085200699,0.0967741935483871,0.0,136,0,38.93,2,2,False
DDA3937_RS12605,,UNRESOLVED,unknown,0,E_cons_core,1,0.9273927060393732,0.062375975801827396,0.8235294117647058,0.0,226,0,39.61,2,2,False
DDA3937_RS12610,,UNRESOLVED,unknown,0,E_cons_core|E_geometry,0,0.9103868695459304,0.08011330231186475,0.7333333333333333,0.0,117,1,40.24,2,2,False
DDA3937_RS12615,,UNRESOLVED,unknown,0,E_cons_core,0,0.7255471617086423,0.31586235526331663,0.5,0.0,329,0,41.24,2,2,False
DDA3937_RS23230,,ROGUE_SUSPECT,unknown,0,E_geometry|P_rogue,1,0.3136142209139747,0.7674828519805214,0.0,0.0,30,1,41.92,2,2,False
DDA3937_RS12620,,UNRESOLVED,unknown,0,N_redundancy,0,0.612104059669144,0.41774649362604294,0.3666666666666666,14.0,342,0,42.86,2,2,False
DDA3937_RS12625,,CONFIDENT_NONESSENTIAL,non-essential,1,N_score,0,0.2022332645645291,0.8611628241924423,0.0,1.0,387,0,44.37,2,2,True
DDA3937_RS12630,,UNRESOLVED,unknown,0,E_cons_core|E_geometry,1,0.935468706669557,0.05231521474549033,0.8529411764705882,0.0,217,1,45.38,2,2,False
DDA3937_RS12645,,ROGUE_SUSPECT,unknown,0,P_rogue,0,0.2981894849041442,0.8197830925704074,0.0,0.0,128,0,48.43,2,2,False
DDA3937_RS12650,,ROGUE_SUSPECT,unknown,0,N_score|P_rogue,0,0.2399442742730324,0.8481220941162423,0.0,0.0,280,0,49.17,2,2,False
DDA3937_RS12655,,ROGUE_SUSPECT,unknown,0,E_geometry|N_score|P_rogue,0,0.2288097989088823,0.8575800217336068,0.0,0.0,311,1,50.21,2,2,False
DDA3937_RS12660,,ROGUE_SUSPECT,unknown,0,E_geometry|N_score|P_rogue,0,0.2541275865894331,0.7740535592051577,0.0,0.0,154,1,50.92,2,2,False
DDA3937_RS12665,,ROGUE_SUSPECT,unknown,0,E_geometry|N_score|P_rogue,0,0.1855568607558912,0.843281939976301,0.0,0.0,392,1,51.74,2,2,False
DDA3937_RS12670,,ROGUE_SUSPECT,unknown,0,E_geometry|N_score|P_rogue,0,0.2160010147814798,0.833869802409866,0.0,0.0,307,1,52.77,2,2,False
DDA3937_RS12675,,CONFIDENT_ESSENTIAL,essential,3,E_score|E_cons_core|E_geometry,0,0.9676307838373696,0.023580615323397565,1.0,0.0,182,1,53.5,2,2,False
DDA3937_RS12680,,ROGUE_SUSPECT,unknown,0,E_geometry|N_score|P_rogue,0,0.2756245954687624,0.7829791598607236,0.0,0.0,123,1,53.96,2,2,False
DDA3937_RS12685,,UNRESOLVED,unknown,0,E_geometry,0,0.4943766166209678,0.6025017321445649,0.2,1.0,139,1,54.39,2,2,True
DDA3937_RS12690,,ROGUE_SUSPECT,unknown,0,E_geometry|N_score|P_rogue,0,0.1939508760808073,0.8641478750093368,0.0,0.0,404,1,55.22,2,2,False
DDA3937_RS12695,,ROGUE_SUSPECT,unknown,0,N_score|P_rogue,0,0.1701016572373729,0.8803381843097627,0.0,0.0,493,1,56.55,2,2,False
DDA3937_RS12700,,CONFIDENT_NONESSENTIAL,non-essential,1,N_score,0,0.1557643343879755,0.9061393775415973,0.04,1.0,697,1,58.34,2,2,False
DDA3937_RS12705,,ROGUE_SUSPECT,unknown,0,E_geometry|N_score|P_rogue,0,0.2809913273129453,0.8231118512033125,0.0,0.0,163,1,59.64,2,2,False
DDA3937_RS12715,,ROGUE_SUSPECT,unknown,0,E_geometry|N_score|P_rogue,0,0.1863309256487539,0.8429710433393429,0.0,0.0,395,1,61.68,2,2,False
DDA3937_RS12720,,ROGUE_SUSPECT,unknown,0,N_score|P_rogue,0,0.1621111486840742,0.891442176695944,0.0,0.0,539,1,63.13,2,2,False
DDA3937_RS12725,,CONFIDENT_NONESSENTIAL,non-essential,1,N_score,0,0.1831503683417255,0.8710450875747563,0.0,3.0,466,1,64.77,2,2,True
DDA3937_RS12730,,ROGUE_SUSPECT,unknown,0,N_score|P_rogue,0,0.1370939418967247,0.8994433991205,0.0,0.0,632,1,66.45,2,2,False
DDA3937_RS12735,,ROGUE_SUSPECT,unknown,0,E_geometry|N_score|P_rogue,0,0.2289399345807872,0.831832168077801,0.0,0.0,284,1,68.12,2,2,False
DDA3937_RS12740,,CONDITIONAL_SUSPECT,unknown,0,N_score|N_long_lagging|P_conditional,0,0.2897956509477505,0.7771233217679467,0.1351351351351351,1.0,471,0,69.95,2,2,True
DDA3937_RS12745,,ROGUE_SUSPECT,unknown,0,P_rogue,1,0.3065467822961423,0.780028590643675,0.0,0.0,79,0,71.08,2,2,False
DDA3937_RS12750,,CONFIDENT_NONESSENTIAL,non-essential,1,E_geometry|N_score,0,0.2111336583578697,0.8325916971773095,0.0,1.0,333,1,71.92,2,2,False
DDA3937_RS12755,,UNRESOLVED,unknown,0,E_cons_core|E_geometry,0,0.7930153902109482,0.18833789124179204,0.5238095238095238,1.0,139,1,72.88,2,2,False
DDA3937_RS12760,,UNRESOLVED,unknown,0,E_cons_core|E_geometry,0,0.9410794140223884,0.042628249574056996,0.9428571428571428,3.0,413,1,73.79,2,2,True
DDA3937_RS12765,,UNRESOLVED,unknown,0,E_cons_core,0,0.8342014192732888,0.13936609099749253,0.7,0.0,431,1,75.05,2,2,False
DDA3937_RS12770,,UNRESOLVED,unknown,0,E_cons_core|E_geometry,0,0.845794746976961,0.140810825064648,0.6428571428571429,0.0,249,1,76.04,2,2,False
DDA3937_RS12775,,UNRESOLVED,unknown,0,E_cons_core,0,0.7822595394250978,0.2090403610608647,0.6428571428571429,0.0,500,1,77.25,2,2,False
DDA3937_RS12780,,CONFIDENT_ESSENTIAL,essential,3,E_score|E_cons_core|E_geometry,1,0.9726156401220272,0.02145168098476474,1.0,2.0,124,1,78.2,2,2,True
DDA3937_RS12785,,ROGUE_SUSPECT,unknown,0,N_score|P_rogue,0,0.2858319044963683,0.7914849952381219,0.0,0.0,134,0,79.14,2,2,False
DDA3937_RS12790,,UNRESOLVED,unknown,0,E_geometry,0,0.6969934108345384,0.2787987078568419,0.4117647058823529,2.0,141,1,79.62,2,2,False
DDA3937_RS12795,,ROGUE_SUSPECT,unknown,0,N_score|P_rogue,0,0.0760667660870242,0.9470828496791214,0.0,0.0,1020,1,81.36,2,2,False
DDA3937_RS12800,,ROGUE_SUSPECT,unknown,0,N_score|P_rogue,0,0.2707648171387302,0.7791520461965565,0.081081081081081,0.0,367,0,83.8,2,2,True
DDA3937_RS12805,,ROGUE_SUSPECT,unknown,0,N_score|P_rogue,0,0.1552108835965872,0.8807531413291588,0.0909090909090909,0.0,793,1,86.04,2,2,True
DDA3937_RS12810,,UNRESOLVED,unknown,0,,0,0.4073658312855081,0.6503145109914612,0.1785714285714285,0.0,274,0,87.96,2,2,False
DDA3937_RS12815,,CONFIDENT_NONESSENTIAL,non-essential,2,N_score|N_pangenome_strong,0,0.2090070331957406,0.8346532356682873,0.0,0.0,351,0,89.08,0,2,False
DDA3937_RS22300,,UNRESOLVED,unknown,0,E_geometry,1,0.6560970039694425,0.3466767297949504,0.3333333333333333,0.0,56,1,89.81,2,2,False
DDA3937_RS12820,,UNRESOLVED,unknown,0,E_geometry,0,0.5637048825689396,0.42257909068524085,0.3043478260869565,0.0,188,1,90.48,2,2,False
DDA3937_RS12825,,CONFIDENT_NONESSENTIAL,non-essential,1,N_score,0,0.1897007388894721,0.852395863677287,0.0476190476190476,1.0,549,1,91.58,2,2,True
DDA3937_RS12830,,ROGUE_SUSPECT,unknown,0,N_score|P_rogue,0,0.187411413547794,0.8525263292905949,0.0,0.0,423,1,93.02,2,2,False
DDA3937_RS12835,,UNRESOLVED,unknown,0,N_redundancy,0,0.3293682846172514,0.725281305245699,0.2162162162162162,13.0,645,1,95.01,2,2,True
DDA3937_RS12840,,ROGUE_SUSPECT,unknown,0,N_score|P_rogue,0,0.1247684902190619,0.9078746102455063,0.0,0.0,708,1,97.04,2,2,False
DDA3937_RS12845,,ROGUE_SUSPECT,unknown,0,N_score|P_rogue,0,0.2042084804610056,0.8350228376170871,0.0,0.0,368,0,98.86,2,2,False
DDA3937_RS12850,,ROGUE_SUSPECT,unknown,0,E_geometry|N_score|P_rogue,0,0.2577307216904628,0.7849323805186453,0.0,0.0,185,1,99.78,2,2,False
DDA3937_RS12855,,UNRESOLVED,unknown,0,E_cons_core|E_geometry,0,0.8221960708075305,0.18844226407738215,0.6216216216216216,0.0,336,1,101.05,2,2,False
DDA3937_RS12860,,ROGUE_SUSPECT,unknown,0,P_rogue,0,0.3069096711155854,0.7440799728514007,0.0476190476190476,0.0,185,0,102.36,2,2,False
DDA3937_RS12865,,UNRESOLVED,unknown,0,,0,0.2974258670298254,0.7542878194494735,0.0833333333333333,2.0,320,0,103.14,2,2,True
DDA3937_RS12870,,ROGUE_SUSPECT,unknown,0,N_score|P_rogue,0,0.2003904826813982,0.8372688676292929,0.0,0.0,383,0,104.23,2,2,False
DDA3937_RS12875,,UNRESOLVED,unknown,0,N_redundancy,0,0.5400942697641329,0.48779405063818754,0.2857142857142857,4.0,264,0,105.21,2,2,False
DDA3937_RS12880,,UNRESOLVED,unknown,0,N_redundancy,0,0.7211731078846174,0.2660686144468046,0.4642857142857143,5.0,264,0,106.0,2,2,False
DDA3937_RS12885,,ROGUE_SUSPECT,unknown,0,N_score|P_rogue,0,0.0997566798648709,0.93224290502517,0.0,0.0,872,1,107.8,2,2,False
DDA3937_RS12890,,ROGUE_SUSPECT,unknown,0,N_score|P_rogue,0,0.2378725092719059,0.8266312212689506,0.0434782608695652,0.0,402,0,107.03,2,2,False
DDA3937_RS12895,,UNRESOLVED,unknown,0,E_cons_core,1,0.955061221004344,0.04248555607547361,1.0,1.0,467,0,105.54,2,2,False
DDA3937_RS12900,,CONFIDENT_NONESSENTIAL,non-essential,1,N_score,0,0.2327979985747272,0.8681364636264333,0.0,2.0,368,0,104.0,2,2,False
DDA3937_RS12905,,CONFIDENT_NONESSENTIAL,non-essential,1,N_score,0,0.229926832739394,0.8654313993287486,0.0,2.0,369,0,102.36,2,2,False
DDA3937_RS12910,,CONFIDENT_NONESSENTIAL,non-essential,1,N_score,0,0.2328326245514919,0.8650014865124095,0.0,2.0,361,0,100.27,2,2,False
DDA3937_RS12915,,UNRESOLVED,unknown,0,,0,0.3778634363809838,0.7040313628255871,0.1851851851851851,1.0,397,0,98.94,2,2,False
DDA3937_RS12920,,UNRESOLVED,unknown,0,E_geometry,0,0.414106689269396,0.6360746602061321,0.1621621621621621,1.0,213,1,97.94,2,2,True
DDA3937_RS12925,,UNRESOLVED,unknown,0,E_geometry,0,0.4749731323191929,0.5984527673092993,0.2,0.0,183,1,97.28,2,2,False
DDA3937_RS12930,,ROGUE_SUSPECT,unknown,0,N_score|P_rogue,0,0.1582469144453052,0.8886889861130415,0.0,0.0,563,1,95.96,2,2,False
DDA3937_RS12935,,ROGUE_SUSPECT,unknown,0,N_score|P_rogue,0,0.1747069208813731,0.8700369576987157,0.0,0.0,484,1,94.05,2,2,False
DDA3937_RS12940,,ROGUE_SUSPECT,unknown,0,E_geometry|N_score|P_rogue,0,0.2557757696765932,0.8341135292063354,0.0,0.0,245,1,92.79,2,2,False
DDA3937_RS12945,,CONFIDENT_NONESSENTIAL,non-essential,2,E_geometry|N_score|N_pangenome_strong,0,0.2132957076494009,0.8370194192068657,0.0,0.0,339,1,91.59,0,2,False
DDA3937_RS12950,,UNRESOLVED,unknown,0,E_geometry,0,0.5712546072798212,0.4508083199120275,0.2857142857142857,1.0,155,1,90.8,2,2,True
DDA3937_RS12955,,UNRESOLVED,unknown,0,E_cons_core|E_geometry|F_core_redundant,0,0.77307328175947,0.20535890125616393,0.5142857142857142,12.0,257,1,90.0,2,2,False
DDA3937_RS12960,,ROGUE_SUSPECT,unknown,0,E_geometry|P_rogue,0,0.3169737057423979,0.7348399741868811,0.0625,0.0,184,1,89.34,2,2,True
DDA3937_RS12965,,UNRESOLVED,unknown,0,E_geometry|N_redundancy,1,0.3803651549922833,0.6317203157057798,0.1764705882352941,7.0,334,1,88.49,2,2,True
DDA3937_RS12970,,ROGUE_SUSPECT,unknown,0,N_score|P_rogue,0,0.2922461540583984,0.7512881921515983,0.0,0.0,85,0,87.55,2,2,False
DDA3937_RS12975,,UNRESOLVED,unknown,0,E_geometry,0,0.3491064863774584,0.693495236715346,0.1333333333333333,0.0,278,1,87.02,2,2,False
DDA3937_RS12980,,UNRESOLVED,unknown,0,E_geometry,0,0.40507493901387,0.6159385472662978,0.2,2.0,312,1,86.05,2,2,False
DDA3937_RS12985,,UNRESOLVED,unknown,0,E_cons_core|E_geometry,1,0.9434755664320744,0.04513726073453409,0.945945945945946,2.0,416,1,84.89,2,2,False
DDA3937_RS12990,,UNRESOLVED,unknown,0,E_cons_core|E_geometry|F_core_redundant,1,0.963255143744841,0.027661728815271163,0.945945945945946,16.0,236,1,83.92,2,2,True
DDA3937_RS12995,,UNRESOLVED,unknown,0,E_cons_core|E_geometry,1,0.9434807320781228,0.04199306588163414,0.945945945945946,2.0,401,1,82.97,2,2,False
DDA3937_RS13000,,ROGUE_SUSPECT,unknown,0,N_score|N_long_lagging|P_rogue|P_conditional,0,0.0649605666516137,0.9608182353833246,0.0,0.0,1151,0,80.52,2,2,False
DDA3937_RS13005,,ROGUE_SUSPECT,unknown,0,N_score|N_long_lagging|P_rogue|P_conditional,0,0.1799280337324964,0.8887497990191375,0.0,0.0,502,0,77.74,2,2,False
DDA3937_RS13010,,ROGUE_SUSPECT,unknown,0,N_score|N_long_lagging|P_rogue|P_conditional,0,0.1789861640609256,0.856730449261725,0.0,0.0,450,0,76.19,2,2,False
DDA3937_RS13015,,ROGUE_SUSPECT,unknown,0,E_geometry|N_score|P_rogue,0,0.2288858027465255,0.8186363471513702,0.0,0.0,272,1,75.02,2,2,False
DDA3937_RS13020,,ROGUE_SUSPECT,unknown,0,N_score|P_rogue,0,0.1083469473042058,0.9223800977688673,0.0,0.0,792,1,73.25,2,2,False
DDA3937_RS13025,,CONFIDENT_NONESSENTIAL,non-essential,2,N_score|N_redundancy,0,0.2792265695279016,0.7766136545397336,0.0967741935483871,9.0,433,1,71.39,2,2,True
DDA3937_RS13030,,CONFIDENT_NONESSENTIAL,non-essential,1,N_score,0,0.2094728039196461,0.8426789232102235,0.0,1.0,358,0,69.9,2,2,False
DDA3937_RS13035,,ROGUE_SUSPECT,unknown,0,E_geometry|N_score|P_rogue,0,0.2524889490079191,0.7847965825588015,0.0,0.0,180,1,69.02,2,2,False
DDA3937_RS13040,,ROGUE_SUSPECT,unknown,0,N_score|P_rogue,0,0.2282769820194962,0.8146457937538775,0.064516129032258,0.0,436,1,67.73,2,2,False
DDA3937_RS13045,,CONFIDENT_NONESSENTIAL,non-essential,1,E_geometry|N_score,0,0.2641713382170152,0.8019627968507532,0.0,1.0,181,1,66.44,2,2,False
DDA3937_RS13050,,CONFIDENT_NONESSENTIAL,non-essential,1,E_geometry|N_score,0,0.2873785058810921,0.7325506575447803,0.1071428571428571,0.0,342,1,65.62,2,2,True
DDA3937_RS13055,,UNRESOLVED,unknown,0,E_cons_core|E_geometry,0,0.7167856979278926,0.24583717129043134,0.5,0.0,288,1,64.56,2,2,False
DDA3937_RS13060,,UNRESOLVED,unknown,0,E_geometry,0,0.5215254933099495,0.4772005272173652,0.2727272727272727,0.0,197,1,63.85,2,2,False
DDA3937_RS13065,,ROGUE_SUSPECT,unknown,0,E_geometry|N_score|P_rogue,0,0.2673339398006767,0.7664085408164838,0.0,0.0,128,1,63.34,2,2,False
DDA3937_RS13070,,ROGUE_SUSPECT,unknown,0,E_geometry|P_rogue,0,0.351881477929401,0.6873749987776424,0.081081081081081,0.0,117,1,62.97,2,2,True
DDA3937_RS13075,,UNRESOLVED,unknown,0,E_geometry,0,0.3202679540931244,0.7022204773142708,0.1428571428571428,1.0,354,1,62.03,2,2,False
DDA3937_RS13080,,CONFIDENT_NONESSENTIAL,non-essential,1,N_score,0,0.1708538597083541,0.8666883453065604,0.0,1.0,478,1,60.5,2,2,False
DDA3937_RS13085,,CONFIDENT_NONESSENTIAL,non-essential,1,E_geometry|N_score,0,0.252851531248049,0.7907321774322555,0.027027027027027,2.0,265,1,59.06,2,2,True
DDA3937_RS13090,,UNRESOLVED,unknown,0,E_cons_core|E_geometry,1,0.9567353885988368,0.028427417542841112,1.0,0.0,337,1,58.14,2,2,True
DDA3937_RS13095,,CONFIDENT_ESSENTIAL,essential,3,E_score|E_cons_core|E_geometry,1,0.9654137538560716,0.02434427837613512,1.0,0.0,218,1,57.31,2,2,True
DDA3937_RS23250,,ROGUE_SUSPECT,unknown,0,E_geometry|N_score|P_rogue,0,0.2767071997933846,0.7695578818136084,0.088235294117647,0.0,344,1,56.48,2,2,True
DDA3937_RS23255,,UNRESOLVED,unknown,0,E_geometry|N_redundancy,0,0.4111501125473786,0.6126405457898608,0.1891891891891892,4.0,268,1,55.56,2,2,True
DDA3937_RS13110,,UNRESOLVED,unknown,0,E_cons_core|E_geometry,0,0.8290109229773747,0.16251181571267936,0.6764705882352942,1.0,413,1,54.41,2,2,False
DDA3937_RS13115,,CONFIDENT_ESSENTIAL,essential,3,E_score|E_cons_core|E_geometry,1,0.9750602278357768,0.023310090447073533,1.0,0.0,79,1,53.59,2,2,True
DDA3937_RS13120,,CONFIDENT_ESSENTIAL,essential,3,E_score|E_cons_core|E_geometry|F_core_redundant,1,0.9713314805998708,0.02324110734658528,1.0,18.0,245,1,52.95,2,2,True
DDA3937_RS13125,,UNRESOLVED,unknown,0,E_cons_core|E_geometry,1,0.9596549607964696,0.029024643230229945,1.0,0.0,310,1,52.1,2,2,True
DDA3937_RS13130,,UNRESOLVED,unknown,0,E_cons_core|E_geometry,1,0.8903212278703071,0.09955655037965079,0.7567567567567568,0.0,317,1,51.14,2,2,False
DDA3937_RS13135,,UNRESOLVED,unknown,0,E_cons_core|E_geometry,0,0.8759987116350703,0.11859236380653941,0.7352941176470589,0.0,349,1,50.13,2,2,False
DDA3937_RS13140,,CONFIDENT_ESSENTIAL,essential,3,E_score|E_cons_core|E_geometry,1,0.9743690284349974,0.019826776947530215,1.0,0.0,57,1,49.5,2,2,True
DDA3937_RS13145,,UNRESOLVED,unknown,0,E_cons_core|E_geometry,0,0.9006618518922387,0.09855767103748495,0.72,0.0,174,1,49.14,2,2,False
DDA3937_RS13150,,UNRESOLVED,unknown,0,,0,0.3666184590827033,0.6968420116906475,0.1142857142857142,1.0,195,0,48.42,2,2,True
DDA3937_RS13155,,UNRESOLVED,unknown,0,E_geometry,0,0.4827523112709357,0.5462887510527488,0.2777777777777778,1.0,319,1,47.59,2,2,True
DDA3937_RS13160,,UNRESOLVED,unknown,0,,0,0.3647915488808939,0.6959137162114634,0.4444444444444444,0.0,1066,0,44.93,2,2,False
DDA3937_RS13165,,ROGUE_SUSPECT,unknown,0,E_geometry|P_rogue,0,0.370939449305115,0.6810996746075796,0.0909090909090909,0.0,96,1,43.11,2,2,False
DDA3937_RS13170,,UNRESOLVED,unknown,0,E_cons_core,0,0.8020082952156187,0.20752516915270008,0.6071428571428571,0.0,348,0,42.27,2,2,False
DDA3937_RS13175,,ROGUE_SUSPECT,unknown,0,P_rogue,0,0.299880870217478,0.7835159570407572,0.0,0.0,81,0,41.52,2,2,False
DDA3937_RS13180,,ROGUE_SUSPECT,unknown,0,P_rogue,0,0.3035197169316552,0.7933187317182739,0.0,0.0,85,0,40.97,2,2,False
DDA3937_RS13185,,UNRESOLVED,unknown,0,,0,0.2952166606775853,0.7847872328117949,0.0333333333333333,1.0,185,0,40.19,2,2,True
DDA3937_RS13190,,UNRESOLVED,unknown,0,,0,0.4354965922862819,0.6655260523675522,0.1666666666666666,1.0,193,0,39.59,2,2,True
DDA3937_RS13195,,ROGUE_SUSPECT,unknown,0,E_geometry|N_score|P_rogue,0,0.2053842826388572,0.8530411961305666,0.0,0.0,353,1,38.73,2,2,False
DDA3937_RS13200,,CONFIDENT_NONESSENTIAL,non-essential,1,N_score,0,0.2814556457663401,0.7696859989492657,0.09375,3.0,366,0,37.44,2,2,True
DDA3937_RS13205,,UNRESOLVED,unknown,0,E_cons_core,1,0.9007960645221186,0.09938275079507587,0.7647058823529411,2.0,307,0,36.21,2,2,False
DDA3937_RS13210,,UNRESOLVED,unknown,0,N_redundancy,0,0.3410243469063589,0.7356160923417311,0.1351351351351351,15.0,409,0,35.1,2,2,True
DDA3937_RS13215,,ROGUE_SUSPECT,unknown,0,N_score|P_rogue,0,0.0969213672797025,0.9338743468202078,0.0,0.0,851,1,33.11,2,2,False
DDA3937_RS13220,,ROGUE_SUSPECT,unknown,0,N_score|P_rogue,0,0.1656144873769225,0.8842650603590847,0.0,0.0,501,1,31.09,2,2,True
DDA3937_RS22310,,ROGUE_SUSPECT,unknown,0,N_score|P_rogue,0,0.2606426017683729,0.782203817296242,0.0,0.0,148,0,29.64,2,2,False
DDA3937_RS13225,,ROGUE_SUSPECT,unknown,0,N_score|N_long_lagging|P_rogue|P_conditional,0,0.2243201092403591,0.8174776167070106,0.0869565217391304,0.0,495,0,28.51,2,2,False
DDA3937_RS13230,,UNRESOLVED,unknown,0,N_redundancy,0,0.3965908423069975,0.6726417788412375,0.25,15.0,555,1,26.86,2,2,True
DDA3937_RS13235,,ROGUE_SUSPECT,unknown,0,E_geometry|N_score|P_rogue,1,0.2872458399380906,0.7867047344007534,0.0,0.0,92,1,24.78,2,2,False
DDA3937_RS13240,,ROGUE_SUSPECT,unknown,0,P_rogue,0,0.3158536843980567,0.8000984775229433,0.0,0.0,62,0,23.94,2,2,False
DDA3937_RS13245,,CONFIDENT_ESSENTIAL,essential,3,E_score|E_cons_core|E_geometry,0,0.9689494554056334,0.023950534835038555,1.0,0.0,155,1,23.47,2,2,False
DDA3937_RS13250,,ROGUE_SUSPECT,unknown,0,N_score|N_long_lagging|P_rogue|P_conditional,0,0.1472486431089407,0.8948655397157242,0.0,0.0,577,0,22.16,2,2,False
DDA3937_RS13255,,UNRESOLVED,unknown,0,E_cons_core,1,0.9524282999383192,0.04207444121876961,0.9,0.0,173,0,20.94,2,2,False
DDA3937_RS13260,,CONFIDENT_NONESSENTIAL,non-essential,2,N_score|N_pangenome_strong,0,0.1445913187812231,0.8839310829580791,0.0,0.0,556,1,19.65,0,2,True
DDA3937_RS13265,,CONFIDENT_NONESSENTIAL,non-essential,2,N_score|N_redundancy,0,0.2929884568948682,0.7332678340934041,0.1666666666666666,4.0,491,1,18.06,2,2,True
DDA3937_RS13270,,UNRESOLVED,unknown,0,E_geometry|N_redundancy,1,0.6963720067040203,0.2873685084666783,0.4324324324324324,7.0,205,1,17.02,2,2,False
DDA3937_RS13275,,ROGUE_SUSPECT,unknown,0,N_score|P_rogue,0,0.2445114607262531,0.8161124129020042,0.0,0.0,213,0,16.11,2,2,False
DDA3937_RS13285,,ROGUE_SUSPECT,unknown,0,N_score|N_long_lagging|P_rogue|P_conditional,0,0.1598588319483092,0.8944323791884505,0.0,0.0,535,0,14.27,2,2,False
DDA3937_RS13290,,ROGUE_SUSPECT,unknown,0,E_geometry|N_score|P_rogue,0,0.2216472637387623,0.8239943252924015,0.0,0.0,263,1,13.01,2,2,False
DDA3937_RS13295,,ROGUE_SUSPECT,unknown,0,E_geometry|N_score|P_rogue,0,0.2587408980156032,0.8131447952251615,0.0,0.0,171,1,11.82,2,2,False
DDA3937_RS13300,,ROGUE_SUSPECT,unknown,0,E_geometry|N_score|P_rogue,0,0.2277070652560355,0.8178494634580339,0.0,0.0,241,1,11.15,2,2,False
DDA3937_RS13305,,ROGUE_SUSPECT,unknown,0,N_score|P_rogue,0,0.1773960558010719,0.8936553512003906,0.0,0.0,476,1,9.7,2,2,False
DDA3937_RS13310,,ROGUE_SUSPECT,unknown,0,E_geometry|N_score|P_rogue,0,0.1946636635301411,0.8522743228836334,0.0,0.0,362,1,8.34,2,2,False
DDA3937_RS13315,,UNRESOLVED,unknown,0,E_geometry|N_redundancy,0,0.3523871579845248,0.6993604198994423,0.1724137931034483,6.0,378,1,7.04,2,2,True
DDA3937_RS13320,,ROGUE_SUSPECT,unknown,0,E_geometry|N_score|P_rogue,0,0.1881035497305913,0.863484946182176,0.0,0.0,394,1,5.88,2,2,False
DDA3937_RS13325,,UNRESOLVED,unknown,0,E_geometry|N_mobile,0,0.5794182094867623,0.4693784354311762,0.3823529411764705,2.0,375,1,4.64,2,2,False
DDA3937_RS13335,,UNRESOLVED,unknown,0,E_cons_core|E_geometry|N_pangenome_some|N_mobile,1,0.7742477452813311,0.2538483858352616,0.5,1.0,153,1,0.0,1,2,False
DDA3937_RS13340,,ROGUE_SUSPECT,unknown,0,E_geometry|N_score|N_mobile|P_rogue,0,0.2478030633415775,0.8024297806868986,0.04,0.0,281,1,0.86,2,2,False
DDA3937_RS13345,,ROGUE_SUSPECT,unknown,0,N_score|N_mobile|N_long_lagging|P_rogue|P_conditional,0,0.1748855140501594,0.8843966251642992,0.0,0.0,469,0,2.68,2,2,False
DDA3937_RS13350,,ROGUE_SUSPECT,unknown,0,N_score|N_mobile|P_rogue,0,0.2770214122636522,0.8118448415984747,0.0,0.0,137,0,3.69,2,2,False
DDA3937_RS13355,,ROGUE_SUSPECT,unknown,0,N_score|N_mobile|P_rogue,0,0.2853835165968382,0.8115308437647676,0.0,0.0,121,0,4.07,2,2,False
DDA3937_RS13360,,UNRESOLVED,unknown,0,E_geometry|N_mobile,0,0.7226915634654574,0.2832687761892646,0.4333333333333333,0.0,105,1,4.59,2,2,False
DDA3937_RS13365,,ROGUE_SUSPECT,unknown,0,N_score|N_long_lagging|P_rogue|P_conditional,0,0.1471938488525268,0.8973324626826039,0.0,0.0,574,0,5.95,2,2,False
DDA3937_RS13370,,ROGUE_SUSPECT,unknown,0,N_score|P_rogue,0,0.2069926932574989,0.8463440368113139,0.0,0.0,331,0,7.3,2,2,False
DDA3937_RS13375,,UNRESOLVED,unknown,0,,0,0.3448731019974135,0.6836570345778721,0.1363636363636363,0.0,252,0,8.15,2,2,False
DDA3937_RS13380,,CONDITIONAL_SUSPECT,unknown,0,N_score|N_long_lagging|P_conditional,0,0.2176709688591533,0.8334308138665552,0.0606060606060606,1.0,457,0,9.21,2,2,True
DDA3937_RS13385,,UNRESOLVED,unknown,0,,0,0.4654468864985534,0.6422978849447925,0.1818181818181818,0.0,147,0,10.12,2,2,True
DDA3937_RS13390,,ROGUE_SUSPECT,unknown,0,N_score|N_long_lagging|P_rogue|P_conditional,0,0.1788659341300895,0.8722564428471633,0.0,0.0,442,0,11.01,2,2,False
DDA3937_RS13395,,ROGUE_SUSPECT,unknown,0,P_rogue,0,0.2964932648429759,0.7726149196268824,0.0384615384615384,0.0,163,0,12.05,2,2,False
DDA3937_RS13400,,ROGUE_SUSPECT,unknown,0,N_score|P_rogue,0,0.21098132595618,0.856074419537902,0.0,0.0,339,0,12.81,2,2,False
DDA3937_RS13405,,UNRESOLVED,unknown,0,,0,0.6272195536778858,0.43047681292120077,0.3333333333333333,0.0,139,0,13.52,2,2,False
DDA3937_RS13410,,ROGUE_SUSPECT,unknown,0,N_score|P_rogue,0,0.2682057598506148,0.7943043867725933,0.0,0.0,139,0,13.93,2,2,False
DDA3937_RS13415,,UNRESOLVED,unknown,0,,0,0.3927317636675964,0.6784342325009733,0.1666666666666666,1.0,259,0,14.53,2,2,True
DDA3937_RS13420,,UNRESOLVED,unknown,0,,0,0.6502614185296035,0.40699044224964115,0.3333333333333333,1.0,90,0,15.09,2,2,False
DDA3937_RS13425,,CONFIDENT_NONESSENTIAL,non-essential,1,N_score,0,0.2345689029851938,0.8322446986308462,0.0,1.0,261,0,15.62,2,2,True
DDA3937_RS13430,,ROGUE_SUSPECT,unknown,0,E_geometry|N_score|P_rogue,0,0.2107423102344932,0.8390998413763243,0.0,0.0,310,1,16.65,2,2,False
DDA3937_RS13435,,ROGUE_SUSPECT,unknown,0,N_score|P_rogue,0,0.1347788199466926,0.9106400373059218,0.0,0.0,641,1,18.11,2,2,False
DDA3937_RS13440,,ROGUE_SUSPECT,unknown,0,E_geometry|N_score|P_rogue,0,0.2086732819791268,0.8395210758476167,0.0,0.0,317,1,19.68,2,2,False
DDA3937_RS13445,,ROGUE_SUSPECT,unknown,0,E_geometry|N_score|P_rogue,0,0.2144090221241955,0.8221408885902732,0.0333333333333333,0.0,370,1,20.7,2,2,False
DDA3937_RS13450,,ROGUE_SUSPECT,unknown,0,E_geometry|N_score|P_rogue,0,0.2582255920156447,0.7897509443110596,0.0333333333333333,0.0,239,1,21.63,2,2,False
DDA3937_RS13455,,ROGUE_SUSPECT,unknown,0,E_geometry|N_score|P_rogue,0,0.2799124456529036,0.7666476517500667,0.0666666666666666,0.0,261,1,22.52,2,2,False
DDA3937_RS13460,,ROGUE_SUSPECT,unknown,0,E_geometry|N_score|P_rogue,0,0.2802799526301291,0.7581104056842961,0.0666666666666666,0.0,252,1,23.31,2,2,False
DDA3937_RS13465,,ROGUE_SUSPECT,unknown,0,E_geometry|N_score|P_rogue,0,0.1882339985895386,0.8610095918869811,0.0,0.0,400,1,24.31,2,2,False
DDA3937_RS13470,,ROGUE_SUSPECT,unknown,0,E_geometry|N_score|P_rogue,0,0.2389531122721191,0.8170469118833789,0.0,0.0,224,1,25.31,2,2,False
DDA3937_RS13475,,ROGUE_SUSPECT,unknown,0,E_geometry|N_score|P_rogue,0,0.2655572419206627,0.7868110311922046,0.0,0.0,135,1,25.86,2,2,False
DDA3937_RS13480,,ROGUE_SUSPECT,unknown,0,E_geometry|P_rogue,0,0.3246527370037607,0.7238729676371147,0.0666666666666666,0.0,140,1,26.31,2,2,False
DDA3937_RS13485,,ROGUE_SUSPECT,unknown,0,N_score|P_rogue,0,0.2436192741298419,0.8174929076490043,0.0,0.0,223,0,27.02,2,2,False
DDA3937_RS13490,,CONFIDENT_ESSENTIAL,essential,2,E_score|E_cons_core,0,0.973622949889616,0.023846158018362693,1.0,0.0,100,0,27.19,2,2,False
DDA3937_RS13495,,ROGUE_SUSPECT,unknown,0,N_score|P_rogue,0,0.2771737493617138,0.8091345777281618,0.0,0.0,146,0,26.81,2,2,False
DDA3937_RS13500,,ROGUE_SUSPECT,unknown,0,E_geometry|N_score|P_rogue,0,0.2628888623196322,0.7872359992027276,0.0,0.0,141,1,26.31,2,2,False
DDA3937_RS13505,,ROGUE_SUSPECT,unknown,0,N_score|P_rogue,0,0.1218836885025246,0.9136800167212993,0.0,0.0,696,1,25.06,2,2,False
DDA3937_RS13510,,CONFIDENT_NONESSENTIAL,non-essential,1,E_geometry|N_score,0,0.220021695452022,0.8364817535300236,0.0333333333333333,1.0,384,1,23.45,2,2,True
DDA3937_RS13515,,ROGUE_SUSPECT,unknown,0,E_geometry|P_rogue,0,0.3274795133759669,0.7423907716945155,0.0909090909090909,0.0,215,1,22.32,2,2,True
DDA3937_RS13520,,UNRESOLVED,unknown,0,E_geometry,0,0.7257871070188764,0.32202553508563553,0.4285714285714285,0.0,130,1,21.8,2,2,False
DDA3937_RS13525,,ROGUE_SUSPECT,unknown,0,E_geometry|N_score|P_rogue,0,0.2230213906468375,0.8263790199233784,0.03125,0.0,351,1,21.04,2,2,True
DDA3937_RS13530,,ROGUE_SUSPECT,unknown,0,E_geometry|N_score|P_rogue,0,0.2452725097648933,0.8188893411000064,0.0303030303030303,0.0,291,1,20.08,2,2,True
DDA3937_RS13535,,UNRESOLVED,unknown,0,N_redundancy,0,0.3942846172496725,0.6866389475991984,0.25,15.0,567,1,18.06,2,2,True
DDA3937_RS13540,,ROGUE_SUSPECT,unknown,0,E_geometry|P_rogue,0,0.3488217077697192,0.7241594633998681,0.09375,0.0,166,1,16.85,2,2,True
DDA3937_RS13545,,ROGUE_SUSPECT,unknown,0,N_score|P_rogue,0,0.1661031745914818,0.8821644336935867,0.0689655172413793,0.0,672,1,15.56,2,2,False
DDA3937_RS13550,,ROGUE_SUSPECT,unknown,0,E_geometry|N_score|P_rogue,0,0.194028752372343,0.8587406887978856,0.0,0.0,377,1,13.96,2,2,False
DDA3937_RS13555,,ROGUE_SUSPECT,unknown,0,E_geometry|N_score|P_rogue,0,0.2431187249373922,0.8157625611483683,0.0333333333333333,0.0,296,1,12.96,2,2,False
DDA3937_RS13560,,ROGUE_SUSPECT,unknown,0,E_geometry|N_score|P_rogue,0,0.249440131139218,0.8149459443475761,0.0,0.0,193,1,12.09,2,2,False
DDA3937_RS13565,,ROGUE_SUSPECT,unknown,0,E_geometry|N_score|P_rogue,0,0.2901790908874022,0.8177271472949424,0.0,0.0,117,1,11.63,2,2,True
DDA3937_RS13575,,CONDITIONAL_SUSPECT,unknown,0,N_redundancy|N_long_lagging|P_conditional,0,0.3903528778253673,0.6858379953124534,0.25,15.0,575,0,8.48,2,2,True
DDA3937_RS13580,,ROGUE_SUSPECT,unknown,0,E_geometry|N_score|P_rogue,0,0.2834959848627708,0.764077999144207,0.0,0.0,67,1,7.45,2,2,False
DDA3937_RS13585,,CONFIDENT_NONESSENTIAL,non-essential,1,E_geometry|N_score,0,0.2525393592875941,0.7703926274958638,0.0,1.0,140,1,7.09,2,2,False
DDA3937_RS13595,,CONDITIONAL_SUSPECT,unknown,0,N_score|N_long_lagging|P_conditional,0,0.1920441987879194,0.8639560818224442,0.0277777777777777,2.0,479,0,5.22,2,2,True
DDA3937_RS13600,,ROGUE_SUSPECT,unknown,0,N_score|N_mobile|P_rogue,0,0.2720747086122169,0.7935047302527649,0.0,0.0,126,0,4.07,2,2,False
DDA3937_RS13605,,ROGUE_SUSPECT,unknown,0,N_score|N_mobile|N_long_lagging|P_rogue|P_conditional,0,0.1877186318522975,0.8788768032969589,0.0,0.0,427,0,2.83,2,2,False
DDA3937_RS13610,,ROGUE_SUSPECT,unknown,0,N_score|N_mobile|P_rogue,0,0.1826098331384043,0.8753874436124798,0.0,0.0,426,1,1.49,2,2,False
DDA3937_RS13615,,ROGUE_SUSPECT,unknown,0,N_score|N_mobile|P_rogue,0,0.2810625359299994,0.7910705293821021,0.0,0.0,104,0,0.0,2,2,False
DDA3937_RS13620,,ROGUE_SUSPECT,unknown,0,N_score|N_mobile|P_rogue,0,0.2544484383084971,0.7971055061483346,0.0,0.0,163,0,0.39,2,2,True
DDA3937_RS13625,,UNRESOLVED,unknown,0,E_cons_core|N_mobile,0,0.7636513539663387,0.22328388120364412,0.5,0.0,147,0,0.85,2,2,False
DDA3937_RS13630,,ROGUE_SUSPECT,unknown,0,E_geometry|N_mobile|P_rogue,0,0.2999090341689147,0.7939826955612418,0.0,0.0,66,1,1.78,2,2,False
DDA3937_RS13645,,CONFIDENT_NONESSENTIAL,non-essential,2,N_score|N_mobile,0,0.1946003954037024,0.8684815102874043,0.0277777777777777,2.0,472,1,3.62,2,2,True
DDA3937_RS13650,,CONFIDENT_NONESSENTIAL,non-essential,2,E_cons_core|E_geometry|N_pangenome_strong|N_mobile,0,0.7853094552856557,0.25615718040240915,0.52,0.0,181,1,4.82,0,2,False
DDA3937_RS13660,,CONFIDENT_NONESSENTIAL,non-essential,2,N_score|N_pangenome_strong,0,0.2605816635707043,0.7975354338285561,0.1052631578947368,0.0,427,1,6.83,0,2,True
DDA3937_RS13670,,CONFIDENT_NONESSENTIAL,non-essential,3,N_score|N_pangenome_strong|N_long_lagging,0,0.1702899669632682,0.8833706781790754,0.0,0.0,485,0,11.26,0,2,False
DDA3937_RS13675,,CONFIDENT_NONESSENTIAL,non-essential,2,N_score|N_pangenome_strong,0,0.2312590992297948,0.8253677073077148,0.0,0.0,252,0,12.36,0,2,False
DDA3937_RS13680,,CONFIDENT_NONESSENTIAL,non-essential,3,N_score|N_pangenome_strong|N_long_lagging,0,0.0656790678134586,0.9640401655677793,0.0,0.0,1129,0,11.27,0,2,False
DDA3937_RS13685,,CONFIDENT_NONESSENTIAL,non-essential,2,N_score|N_pangenome_strong,0,0.1923560585398465,0.8662600709036624,0.0,0.0,398,0,8.99,0,2,False
DDA3937_RS13695,,UNRESOLVED,unknown,0,E_cons_core|E_geometry,1,0.9617885368740864,0.028887357329849504,0.96875,0.0,183,1,7.43,2,2,True
DDA3937_RS13700,,ROGUE_SUSPECT,unknown,0,N_score|P_rogue,0,0.1358243796746042,0.9008701934957958,0.0,0.0,611,1,6.18,2,2,False
DDA3937_RS13705,,UNRESOLVED,unknown,0,E_cons_core|E_geometry|N_mobile|F_core_redundant,0,0.7939832047318107,0.22258232511471113,0.5428571428571428,5.0,219,1,4.95,2,2,False
DDA3937_RS13710,,ROGUE_SUSPECT,unknown,0,N_mobile|P_rogue,0,0.2962823461427716,0.788355044455627,0.0,0.0,75,0,3.85,2,2,False
DDA3937_RS13720,,CONDITIONAL_SUSPECT,unknown,0,N_score|N_redundancy|N_mobile|N_long_lagging|P_conditional,0,0.2060973439758798,0.8530898425826619,0.03125,7.0,468,0,2.31,2,2,True
DDA3937_RS13735,,CONDITIONAL_SUSPECT,unknown,0,N_score|N_redundancy|N_mobile|N_long_lagging|P_conditional,0,0.2251454090276634,0.8390060851716707,0.0357142857142857,9.0,428,0,0.0,2,2,True
DDA3937_RS13740,,CONFIDENT_NONESSENTIAL,non-essential,2,E_geometry|N_score|N_mobile,0,0.2643474055426656,0.7609515624956287,0.0,1.0,104,1,0.95,2,2,True
DDA3937_RS13750,,ROGUE_SUSPECT,unknown,0,N_score|N_mobile|P_rogue,0,0.229888574766984,0.8666052021673352,0.0,0.0,309,0,2.59,2,2,False
DDA3937_RS13760,,CONFIDENT_NONESSENTIAL,non-essential,2,E_geometry|N_score|N_mobile,0,0.2478745326454157,0.7586217353897043,0.0,1.0,136,1,3.16,2,2,False
DDA3937_RS13765,,CONFIDENT_NONESSENTIAL,non-essential,2,N_score|N_mobile,0,0.1294239516001117,0.888249733565334,0.0,2.0,618,1,2.02,2,2,False
DDA3937_RS13770,,UNRESOLVED,unknown,0,E_geometry|N_mobile,1,0.3315696085540131,0.6744825842035563,0.1,2.0,173,1,0.72,2,2,True
DDA3937_RS13775,,UNRESOLVED,unknown,0,N_mobile,0,0.3780922316052998,0.7022457734407206,0.0833333333333333,2.0,82,0,0.34,2,2,True
DDA3937_RS13785,,UNRESOLVED,unknown,0,N_pangenome_some|N_mobile,0,0.313225707947912,0.8185008368937127,0.0,1.0,85,0,1.32,1,2,True
DDA3937_RS13790,,UNRESOLVED,unknown,0,N_pangenome_some|N_mobile,0,0.2992102457691963,0.7954698410774224,0.0,1.0,83,0,1.66,1,2,True
DDA3937_RS13795,,ROGUE_SUSPECT,unknown,0,E_geometry|N_score|N_mobile|P_rogue,0,0.2672876349744918,0.7639933847782605,0.0,0.0,96,1,2.22,2,2,False
DDA3937_RS13800,,ROGUE_SUSPECT,unknown,0,N_score|N_mobile|P_rogue,0,0.2906248297193257,0.7953872556382062,0.0,0.0,93,0,2.64,2,2,False
DDA3937_RS13805,,ROGUE_SUSPECT,unknown,0,N_mobile|P_rogue,0,0.2943401257108197,0.795087250214943,0.0,0.0,86,0,3.02,2,2,False
DDA3937_RS13810,,UNRESOLVED,unknown,0,N_mobile,0,0.6336297379871103,0.45216398020019033,0.3,2.0,65,0,3.92,2,2,False
DDA3937_RS13815,,ROGUE_SUSPECT,unknown,0,N_score|N_mobile|P_rogue,0,0.2519738608614016,0.8174559985090032,0.0,0.0,195,0,4.33,2,2,False
DDA3937_RS13820,,ROGUE_SUSPECT,unknown,0,N_mobile|P_rogue,0,0.2982812132752925,0.7864347901949461,0.0,0.0,70,0,4.71,2,2,False
DDA3937_RS13830,,ROGUE_SUSPECT,unknown,0,N_score|P_rogue,1,0.2776502302461701,0.7558591201951085,0.0,0.0,78,0,7.73,2,2,False
DDA3937_RS13835,,ROGUE_SUSPECT,unknown,0,N_score|P_rogue,0,0.2352723511992619,0.8043851718728452,0.0,0.0,216,0,8.24,2,2,False
DDA3937_RS13840,,ROGUE_SUSPECT,unknown,0,N_score|P_rogue,0,0.2747507371255268,0.7656062750548722,0.0,0.0,94,0,8.71,2,2,False
DDA3937_RS13845,,CONDITIONAL_SUSPECT,unknown,0,N_score|N_long_lagging|P_conditional,0,0.0895932477381195,0.9426697111046536,0.0,1.0,916,0,10.24,2,2,True
DDA3937_RS13850,,ROGUE_SUSPECT,unknown,0,N_score|P_rogue,0,0.23904706727725,0.8285787018372066,0.0,0.0,239,0,10.09,2,2,False
DDA3937_RS22340,,ROGUE_SUSPECT,unknown,0,P_rogue,0,0.3010420853400826,0.7930041234563602,0.0,0.0,75,0,9.61,2,2,False
DDA3937_RS13855,,ROGUE_SUSPECT,unknown,0,N_score|P_rogue,0,0.2107186165362123,0.8586580875925975,0.0,0.0,343,0,8.97,2,2,False
DDA3937_RS13860,,ROGUE_SUSPECT,unknown,0,N_score|P_rogue,0,0.2387282626966993,0.8203386033586855,0.0,0.0,228,0,7.89,2,2,False
DDA3937_RS13865,,ROGUE_SUSPECT,unknown,0,N_score|P_rogue,0,0.2105514819619179,0.82697035507845,0.0,0.0,298,0,7.11,2,2,False
DDA3937_RS13870,,ROGUE_SUSPECT,unknown,0,N_score|P_rogue,0,0.1816195749586159,0.8525223668028312,0.0,0.0,403,0,6.06,2,2,False
DDA3937_RS13875,,CONFIDENT_NONESSENTIAL,non-essential,2,N_score|N_mobile,0,0.2106148684401171,0.8530501595409026,0.0,1.0,339,0,4.96,2,2,True
DDA3937_RS13880,,ROGUE_SUSPECT,unknown,0,N_score|N_mobile|P_rogue,0,0.2850645934022206,0.7923176581012205,0.0,0.0,101,0,4.26,2,2,False
DDA3937_RS13885,,ROGUE_SUSPECT,unknown,0,N_score|N_mobile|N_long_lagging|P_rogue|P_conditional,0,0.1505389296706795,0.9087485934545697,0.0,0.0,588,0,2.53,2,2,False
DDA3937_RS13890,,CONFIDENT_NONESSENTIAL,non-essential,2,N_score|N_mobile,0,0.2421837574313226,0.8396590708935563,0.0,1.0,249,0,1.26,2,2,False
DDA3937_RS13895,,CONFIDENT_NONESSENTIAL,non-essential,2,E_cons_core|N_pangenome_strong|N_mobile,0,0.9559992785802384,0.045351412258299174,1.0,0.0,413,0,0.0,0,2,False
DDA3937_RS13935,,CONFIDENT_NONESSENTIAL,non-essential,3,N_score|N_pangenome_some|N_mobile,0,0.260914731158912,0.7840883534206503,0.0,0.0,137,0,1.21,1,2,False
DDA3937_RS13940,,CONFIDENT_NONESSENTIAL,non-essential,3,N_score|N_pangenome_some|N_mobile,0,0.2650729534947326,0.7867718943712887,0.0,0.0,132,0,1.68,1,2,False
DDA3937_RS13945,,CONFIDENT_NONESSENTIAL,non-essential,4,N_score|N_pangenome_some|N_mobile|N_long_lagging,0,0.1747251718812228,0.8653437475903372,0.0,0.0,439,0,2.55,1,2,False
DDA3937_RS22360,,CONFIDENT_NONESSENTIAL,non-essential,3,N_score|N_pangenome_some|N_mobile,0,0.2293573376409758,0.8533788531007376,0.0,0.0,291,0,3.65,1,2,False
DDA3937_RS23265,,CONFIDENT_NONESSENTIAL,non-essential,3,N_score|N_pangenome_some|N_mobile,0,0.2558300936733306,0.8362227633574627,0.0,0.0,212,0,4.4,1,2,False
DDA3937_RS13950,,CONFIDENT_NONESSENTIAL,non-essential,3,N_score|N_pangenome_some|N_long_lagging,0,0.0556695485286567,0.9666105762908754,0.0,0.0,1209,0,6.57,1,2,False
DDA3937_RS13955,,CONFIDENT_NONESSENTIAL,non-essential,3,N_score|N_pangenome_some|N_long_lagging,0,0.000315893695917,0.9999249537146978,0.0,0.0,4345,0,6.92,1,2,False
DDA3937_RS13965,,CONFIDENT_NONESSENTIAL,non-essential,2,E_geometry|N_score|N_mobile,0,0.2737423727980807,0.7786319061503312,0.0,1.0,105,1,0.57,2,2,False
DDA3937_RS13970,,ROGUE_SUSPECT,unknown,0,E_geometry|N_score|N_mobile|P_rogue,0,0.2802884246867712,0.7716502219975293,0.0,0.0,79,1,0.85,2,2,False
DDA3937_RS13975,,CONFIDENT_NONESSENTIAL,non-essential,3,E_geometry|N_score|N_pangenome_some|N_mobile,0,0.2094708331729179,0.8447410845605774,0.0,0.0,315,1,1.75,1,2,False
DDA3937_RS14000,,CONFIDENT_NONESSENTIAL,non-essential,3,N_score|N_pangenome_strong|N_mobile,0,0.1762027038652993,0.8866971040872185,0.0,0.0,465,1,2.94,0,2,False
DDA3937_RS14025,,ROGUE_SUSPECT,unknown,0,N_score|N_mobile|P_rogue,0,0.1847510871439619,0.8671980647166099,0.0,0.0,416,0,1.61,2,2,False
DDA3937_RS14030,,CONDITIONAL_SUSPECT,unknown,0,N_score|N_mobile|N_long_lagging|P_conditional,0,0.1599658927714394,0.8778593737190757,0.0303030303030303,1.0,588,0,3.42,2,2,True
DDA3937_RS14035,,UNRESOLVED,unknown,0,N_redundancy,0,0.3838346167127897,0.6320548794757908,0.25,15.0,534,1,5.3,2,2,True
DDA3937_RS14040,,CONFIDENT_NONESSENTIAL,non-essential,1,E_cons_core|N_pangenome_strong,0,0.7382531381889916,0.24698782234724842,0.5416666666666666,0.0,339,0,6.99,0,2,True
DDA3937_RS14045,,UNRESOLVED,unknown,0,E_cons_core|E_geometry|F_core_redundant,1,0.8864176437630475,0.10076345571855384,0.6216216216216216,55.0,299,1,7.94,2,2,True
DDA3937_RS14050,,UNRESOLVED,unknown,0,N_redundancy,0,0.3886671233024149,0.650172573900492,0.2162162162162162,4.0,392,0,9.33,2,2,True
DDA3937_RS14055,,UNRESOLVED,unknown,0,N_redundancy,1,0.3642050185014364,0.6958233850701663,0.1176470588235294,12.0,259,0,10.43,2,2,True
DDA3937_RS14060,,CONFIDENT_NONESSENTIAL,non-essential,2,E_geometry|N_score|N_pangenome_strong,0,0.1900833682869198,0.8564643797589248,0.0,0.0,384,1,11.5,0,2,False
DDA3937_RS14075,,ROGUE_SUSPECT,unknown,0,P_rogue,0,0.3173521603623991,0.7375051040918366,0.0714285714285714,0.0,182,0,15.14,2,2,False
DDA3937_RS14080,,UNRESOLVED,unknown,0,E_geometry,0,0.5246599644926224,0.44216307980166797,0.3225806451612903,0.0,277,1,15.88,2,2,True
DDA3937_RS14085,,ROGUE_SUSPECT,unknown,0,N_score|P_rogue,0,0.107185364455023,0.9082338948387725,0.0555555555555555,0.0,885,1,17.65,2,2,True
DDA3937_RS14090,,ROGUE_SUSPECT,unknown,0,N_score|P_rogue,0,0.0398007457887821,0.9739170010825071,0.0,0.0,1392,1,21.06,2,2,False
DDA3937_RS14095,,UNRESOLVED,unknown,0,E_geometry|N_redundancy,0,0.6995401566997199,0.273227946122353,0.4642857142857143,5.0,265,1,23.56,2,2,False
DDA3937_RS14100,,UNRESOLVED,unknown,0,E_geometry|N_redundancy,0,0.4834690797548074,0.5151619085674408,0.2857142857142857,4.0,326,1,24.45,2,2,False
DDA3937_RS14105,,ROGUE_SUSPECT,unknown,0,N_score|P_rogue,0,0.2035255188342758,0.8211278464236338,0.0434782608695652,0.0,426,1,25.59,2,2,False
DDA3937_RS14110,,ROGUE_SUSPECT,unknown,0,N_score|P_rogue,0,0.1717071554951975,0.8492013592057436,0.0,0.0,429,1,26.7,2,2,False
DDA3937_RS14115,,UNRESOLVED,unknown,0,N_redundancy,0,0.3623556887480511,0.6310228887029689,0.2285714285714285,6.0,466,1,24.83,2,2,True
DDA3937_RS14120,,CONFIDENT_NONESSENTIAL,non-essential,2,N_score|N_redundancy,0,0.1048071527872443,0.9203432444118254,0.0857142857142857,8.0,1056,1,22.55,2,2,True
DDA3937_RS14125,,UNRESOLVED,unknown,0,E_geometry|N_redundancy,0,0.4421000274155442,0.559163712564356,0.2571428571428571,10.0,382,1,20.39,2,2,True
DDA3937_RS14130,,UNRESOLVED,unknown,0,N_redundancy,1,0.7074816243501435,0.2945590491619186,0.4324324324324324,7.0,203,0,19.39,2,2,False
DDA3937_RS14135,,UNRESOLVED,unknown,0,N_redundancy,0,0.3263815315528005,0.7050832587656928,0.1351351351351351,15.0,401,0,18.49,2,2,True
DDA3937_RS14140,,ROGUE_SUSPECT,unknown,0,E_geometry|N_score|P_rogue,0,0.2074379967391606,0.8435709861982795,0.0,0.0,327,1,17.27,2,2,False
DDA3937_RS14145,,ROGUE_SUSPECT,unknown,0,E_geometry|N_score|P_rogue,0,0.2751687037720388,0.7512730002475516,0.0909090909090909,0.0,318,1,15.65,2,2,False
DDA3937_RS14150,,CONDITIONAL_SUSPECT,unknown,0,N_score|N_redundancy|N_long_lagging|P_conditional,0,0.2664221620885031,0.7727160714840323,0.0967741935483871,9.0,435,0,14.15,2,2,True
DDA3937_RS14155,,CONFIDENT_NONESSENTIAL,non-essential,2,N_score|N_pangenome_strong,0,0.1846195857161593,0.865956052780713,0.0,2.0,426,1,12.67,0,2,True
DDA3937_RS14165,,UNRESOLVED,unknown,0,E_geometry,0,0.3183225300466819,0.7190808390440835,0.0909090909090909,1.0,212,1,10.99,2,2,False
DDA3937_RS14170,,UNRESOLVED,unknown,0,E_geometry,0,0.3323950956557943,0.6849102107496154,0.1428571428571428,2.0,301,1,10.24,2,2,False
DDA3937_RS14175,,CONFIDENT_NONESSENTIAL,non-essential,1,N_score,0,0.0738569921820937,0.9501374792889338,0.0,1.0,1017,1,8.24,2,2,False
DDA3937_RS14180,,CONFIDENT_NONESSENTIAL,non-essential,2,N_score|N_redundancy,0,0.190560745978642,0.8398145158289316,0.0303030303030303,6.0,474,1,5.22,2,2,True
DDA3937_RS14185,,UNRESOLVED,unknown,0,E_geometry|N_mobile,0,0.3301324308844828,0.6604689033310838,0.1304347826086956,1.0,242,1,4.13,2,2,True
DDA3937_RS14190,,ROGUE_SUSPECT,unknown,0,E_geometry|N_score|N_mobile|P_rogue,0,0.2501020407225773,0.7886347319453304,0.0,0.0,159,1,3.4,2,2,False
DDA3937_RS14195,,CONFIDENT_NONESSENTIAL,non-essential,2,N_score|N_mobile,0,0.2133090543937839,0.7908135273418235,0.2,0.0,771,1,1.92,2,2,False
DDA3937_RS14205,,UNRESOLVED,unknown,0,E_geometry|N_mobile,0,0.3420864765508867,0.6515038130209266,0.1818181818181818,0.0,343,1,1.34,2,2,False
DDA3937_RS14210,,UNRESOLVED,unknown,0,E_geometry|N_mobile,0,0.4309963570013307,0.5628015968645512,0.2727272727272727,0.0,372,1,2.41,2,2,False
DDA3937_RS14215,,UNRESOLVED,unknown,0,E_geometry|N_mobile,1,0.644701003945787,0.3159080727802981,0.3636363636363636,1.0,96,1,3.1,2,2,False
DDA3937_RS14220,,CONFIDENT_NONESSENTIAL,non-essential,2,E_geometry|N_score|N_mobile,0,0.2820038047952163,0.7458557200590349,0.1290322580645161,0.0,395,1,3.83,2,2,True
DDA3937_RS14225,,UNRESOLVED,unknown,0,E_geometry|N_mobile,0,0.6363146184197785,0.3270347604021118,0.3636363636363636,0.0,114,1,4.66,2,2,False
DDA3937_RS14230,,ROGUE_SUSPECT,unknown,0,E_geometry|N_score|P_rogue,0,0.2363408086728052,0.771394321003956,0.0,0.0,170,1,5.08,2,2,False
DDA3937_RS14235,,UNRESOLVED,unknown,0,E_geometry,0,0.3179514235368232,0.6697856743971936,0.0909090909090909,1.0,167,1,5.63,2,2,False
DDA3937_RS14240,,CONFIDENT_NONESSENTIAL,non-essential,1,N_score,0,0.2034117774386089,0.8226877605244587,0.1,0.0,569,1,6.74,2,2,True
DDA3937_RS14245,,UNRESOLVED,unknown,0,E_geometry,0,0.3465904008987153,0.6668347736263095,0.2,0.0,400,1,8.16,2,2,False
DDA3937_RS14250,,UNRESOLVED,unknown,0,E_geometry,0,0.3160137163837609,0.6959848433277173,0.1428571428571428,2.0,339,1,9.26,2,2,False
DDA3937_RS14255,,ROGUE_SUSPECT,unknown,0,E_geometry|N_score|P_rogue,0,0.1830935080262202,0.8384317806726591,0.0,0.0,376,1,10.34,2,2,False
DDA3937_RS14260,,CONFIDENT_NONESSENTIAL,non-essential,1,N_score,0,0.1566744001694195,0.8866080722772854,0.0,1.0,531,1,12.29,2,2,True
DDA3937_RS14265,,ROGUE_SUSPECT,unknown,0,N_score|P_rogue,0,0.2145797621450345,0.8268624563148838,0.0,0.0,294,0,13.74,2,2,False
DDA3937_RS14270,,ROGUE_SUSPECT,unknown,0,N_score|P_rogue,0,0.1187817919228157,0.9228280961037759,0.0,0.0,728,1,15.65,2,2,False
DDA3937_RS14275,,UNRESOLVED,unknown,0,E_cons_core,1,0.7822581425501713,0.2036565666049125,0.6470588235294118,1.0,486,1,17.88,2,2,False
DDA3937_RS14280,,UNRESOLVED,unknown,0,E_cons_core,1,0.7754774611700606,0.21266285359109208,0.6470588235294118,1.0,512,1,19.39,2,2,False
DDA3937_RS14285,,UNRESOLVED,unknown,0,E_cons_core,1,0.8014290187631324,0.18283902129155152,0.7241379310344828,0.0,617,1,21.18,2,2,False
DDA3937_RS14290,,UNRESOLVED,unknown,0,E_cons_core|E_geometry,1,0.9391856002929012,0.04750190497601734,0.8275862068965517,0.0,101,1,22.25,2,2,False
DDA3937_RS14295,,UNRESOLVED,unknown,0,E_cons_core|E_geometry,1,0.923700926511262,0.0654567187214293,0.8,0.0,184,1,22.67,2,2,False
DDA3937_RS14300,,UNRESOLVED,unknown,0,E_cons_core|E_geometry,1,0.9131194910971092,0.07652341117859571,0.7666666666666667,0.0,181,1,23.23,2,2,False
DDA3937_RS14305,,UNRESOLVED,unknown,0,E_cons_core|E_geometry,1,0.906205981464132,0.07633462563540266,0.8064516129032258,1.0,325,1,24.0,2,2,False
DDA3937_RS14310,,UNRESOLVED,unknown,0,,1,0.4322494936791787,0.5954229355784749,0.4615384615384615,0.0,909,1,25.85,2,2,False
DDA3937_RS14315,,UNRESOLVED,unknown,0,E_cons_core,1,0.8830243048833095,0.0985413926132168,0.8,0.0,450,1,28.0,2,2,False
DDA3937_RS14320,,UNRESOLVED,unknown,0,E_cons_core|E_geometry,1,0.9198055075667264,0.06776514646368623,0.7857142857142857,0.0,177,1,28.94,2,2,False
DDA3937_RS14325,,UNRESOLVED,unknown,0,,1,0.3745393956781316,0.6749856794986548,0.2857142857142857,0.0,600,1,30.11,2,2,False
DDA3937_RS14330,,UNRESOLVED,unknown,0,E_cons_core|E_geometry,1,0.891589544424622,0.09808091059783797,0.7272727272727273,0.0,225,1,31.46,2,2,False
DDA3937_RS14335,,UNRESOLVED,unknown,0,E_cons_core|E_geometry,1,0.8904204119591567,0.10701041891411316,0.6896551724137931,0.0,148,1,32.04,2,2,False
DDA3937_RS14340,,UNRESOLVED,unknown,0,E_cons_core|E_geometry|F_core_redundant,1,0.8933103337034513,0.11654356606326471,0.6216216216216216,55.0,317,1,33.37,2,2,True
DDA3937_RS14345,,UNRESOLVED,unknown,0,N_redundancy,0,0.4028002526137261,0.6747563709321103,0.2162162162162162,4.0,405,0,35.79,2,2,True
DDA3937_RS14350,,UNRESOLVED,unknown,0,,0,0.4231038858671606,0.6542682362258213,0.1666666666666666,0.0,200,0,36.85,2,2,False
DDA3937_RS14355,,CONFIDENT_NONESSENTIAL,non-essential,2,N_score|N_pangenome_some,0,0.178307749762944,0.8601702175307666,0.0666666666666666,0.0,612,1,38.13,1,2,True
DDA3937_RS14360,,UNRESOLVED,unknown,0,E_geometry|N_redundancy,0,0.4979169699159924,0.5153712675766302,0.2432432432432432,7.0,219,1,39.53,2,2,False
DDA3937_RS14365,,ROGUE_SUSPECT,unknown,0,E_geometry|N_score|P_rogue,0,0.2636165051016457,0.8000842310090727,0.0,0.0,165,1,40.24,2,2,False
DDA3937_RS14370,,ROGUE_SUSPECT,unknown,0,E_geometry|N_score|P_rogue,0,0.2569798625303792,0.776203925663064,0.0,0.0,152,1,40.85,2,2,False
DDA3937_RS23280,,CONFIDENT_NONESSENTIAL,non-essential,2,E_geometry|N_score|N_pangenome_some,1,0.2833106630561269,0.7607119245682269,0.0,0.0,85,1,41.3,1,2,False
DDA3937_RS14380,,UNRESOLVED,unknown,0,,0,0.3914734760119532,0.6702996154467028,0.217391304347826,0.0,401,0,42.15,2,2,True
DDA3937_RS14385,,CONDITIONAL_SUSPECT,unknown,0,N_score|N_long_lagging|P_conditional,0,0.2284958124017815,0.8204958469263264,0.1666666666666666,0.0,714,0,43.91,2,2,False
DDA3937_RS14390,,UNRESOLVED,unknown,0,E_geometry,0,0.3533760896061446,0.6844789198126978,0.1176470588235294,0.0,205,1,45.39,2,2,False
DDA3937_RS14395,,ROGUE_SUSPECT,unknown,0,E_geometry|N_score|P_rogue,0,0.2489628884629399,0.7881060747809686,0.0,0.0,184,1,46.07,2,2,False
DDA3937_RS14400,,UNRESOLVED,unknown,0,E_cons_core|F_core_redundant,0,0.8632676179910798,0.13560222198651375,0.6333333333333333,8.0,210,0,46.91,2,2,False
DDA3937_RS14405,,ROGUE_SUSPECT,unknown,0,N_score|P_rogue,0,0.2578586449241392,0.7901150596160308,0.0476190476190476,0.0,303,0,47.95,2,2,False
DDA3937_RS14410,,UNRESOLVED,unknown,0,E_cons_core|E_geometry|F_core_redundant,1,0.9624830127032532,0.031809596250307846,0.945945945945946,16.0,258,1,48.83,2,2,True
DDA3937_RS14415,,UNRESOLVED,unknown,0,E_geometry|N_redundancy,0,0.4802228486794816,0.5606490573639279,0.2,18.0,239,1,49.6,2,2,False
DDA3937_RS14420,,UNRESOLVED,unknown,0,E_geometry|N_redundancy,0,0.4882580791616652,0.5645342536679282,0.2,18.0,230,1,50.3,2,2,False
DDA3937_RS14425,,UNRESOLVED,unknown,0,E_geometry|N_redundancy,1,0.371664517018014,0.6930652431169368,0.1176470588235294,12.0,260,1,51.1,2,2,True
DDA3937_RS14430,,UNRESOLVED,unknown,0,E_cons_core|E_geometry,1,0.9375777338028456,0.04914740297121583,0.8484848484848485,0.0,190,1,52.17,2,2,False
DDA3937_RS14435,,UNRESOLVED,unknown,0,,0,0.6248685961008159,0.3998072391991832,0.4722222222222222,0.0,506,1,53.35,2,2,False
DDA3937_RS14440,,UNRESOLVED,unknown,0,E_geometry,0,0.3872125076951586,0.6846841572136321,0.1212121212121212,0.0,164,1,54.39,2,2,True
DDA3937_RS14445,,UNRESOLVED,unknown,0,E_geometry,0,0.3704134865620354,0.6490578443659532,0.1666666666666666,0.0,282,1,53.81,2,2,False
DDA3937_RS14450,,UNRESOLVED,unknown,0,E_cons_core,1,0.9456842731603724,0.040529173296786986,0.9714285714285714,0.0,423,1,52.76,2,2,False
DDA3937_RS14455,,UNRESOLVED,unknown,0,E_cons_core|E_geometry,1,0.9610029825839173,0.029429787091845433,1.0,0.0,304,1,51.59,2,2,True
DDA3937_RS14460,,UNRESOLVED,unknown,0,E_geometry,0,0.4545273682900265,0.5925376674602751,0.2068965517241379,2.0,222,1,50.58,2,2,True
DDA3937_RS14465,,UNRESOLVED,unknown,0,E_geometry,0,0.3409869183291401,0.6752583076145919,0.1388888888888889,0.0,277,1,49.76,2,2,True
DDA3937_RS14470,,UNRESOLVED,unknown,0,E_cons_core|E_geometry,1,0.957545849479305,0.028564317535479077,1.0,1.0,337,1,48.84,2,2,True
DDA3937_RS14475,,UNRESOLVED,unknown,0,E_cons_core|E_geometry,0,0.9087313491118864,0.07126890968676046,0.8333333333333334,0.0,378,1,47.69,2,2,False
DDA3937_RS14480,,UNRESOLVED,unknown,0,N_redundancy,0,0.4706957067221503,0.5298412394865172,0.3142857142857143,7.0,464,1,46.2,2,2,False
DDA3937_RS14485,,UNRESOLVED,unknown,0,E_cons_core|E_geometry|F_core_redundant,1,0.90777235294631,0.07470206945259193,0.7428571428571429,12.0,225,1,45.18,2,2,True
DDA3937_RS14490,,CONFIDENT_NONESSENTIAL,non-essential,1,N_score,0,0.2456558872250209,0.7942987847797881,0.0434782608695652,1.0,326,0,44.15,2,2,True
DDA3937_RS14495,,ROGUE_SUSPECT,unknown,0,N_score|P_rogue,0,0.2637477389231683,0.7718728831436018,0.0,0.0,143,0,43.43,2,2,False
DDA3937_RS14500,,ROGUE_SUSPECT,unknown,0,N_score|N_long_lagging|P_rogue|P_conditional,0,0.1658991564013492,0.8772230859640024,0.0,0.0,506,0,42.44,2,2,False
DDA3937_RS14505,,ROGUE_SUSPECT,unknown,0,N_score|P_rogue,0,0.1902854760607952,0.8551420351002251,0.0,0.0,406,0,40.8,2,2,False
DDA3937_RS14510,,UNRESOLVED,unknown,0,E_cons_core|E_geometry,1,0.8520045674348458,0.13011901473051918,0.72,0.0,406,1,39.48,2,2,False
DDA3937_RS14515,,ROGUE_SUSPECT,unknown,0,N_score|N_long_lagging|P_rogue|P_conditional,0,0.1276896069997124,0.904476041960668,0.0,0.0,673,0,37.71,2,2,False
DDA3937_RS14520,,UNRESOLVED,unknown,0,N_redundancy,0,0.3866891196713918,0.6667602708458031,0.1515151515151515,8.0,278,0,36.21,2,2,True
DDA3937_RS14525,,CONFIDENT_NONESSENTIAL,non-essential,1,N_score,0,0.2361964359254156,0.8139914174548692,0.0,1.0,249,0,35.34,2,2,True
DDA3937_RS14530,,CONFIDENT_NONESSENTIAL,non-essential,1,N_pangenome_strong,0,0.6230188661841419,0.4091955735314663,0.3181818181818182,0.0,105,0,34.81,0,2,False
DDA3937_RS14535,,UNRESOLVED,unknown,0,E_geometry,0,0.5756415800200944,0.4367508029459881,0.2962962962962963,1.0,142,1,34.25,2,2,False
DDA3937_RS14540,,UNRESOLVED,unknown,0,E_cons_core|E_geometry|F_core_redundant,0,0.8613167021099599,0.14041733505749987,0.6333333333333333,8.0,210,1,33.65,2,2,False
DDA3937_RS14545,,UNRESOLVED,unknown,0,E_geometry,0,0.4071704078356656,0.6430492540763146,0.1666666666666666,3.0,226,1,32.97,2,2,True
DDA3937_RS14550,,UNRESOLVED,unknown,0,N_redundancy,0,0.3082839222344188,0.7307469986924947,0.1666666666666666,4.0,473,1,31.89,2,2,True
DDA3937_RS14555,,UNRESOLVED,unknown,0,E_cons_core|F_core_redundant,1,0.8957119788256664,0.10857994636329553,0.6216216216216216,55.0,299,0,30.53,2,2,True
DDA3937_RS14560,,UNRESOLVED,unknown,0,E_geometry,1,0.4771702662268814,0.5223370629931262,0.2,0.0,93,1,29.78,2,2,False
DDA3937_RS14565,,UNRESOLVED,unknown,0,E_geometry,0,0.5005188776949688,0.5198939992969546,0.25,0.0,188,1,29.33,2,2,False
DDA3937_RS14570,,UNRESOLVED,unknown,0,E_geometry,0,0.3183556961481812,0.7156448302023749,0.1111111111111111,0.0,267,1,28.64,2,2,True
DDA3937_RS14575,,ROGUE_SUSPECT,unknown,0,E_geometry|N_score|P_rogue,0,0.2105212586696653,0.8045509852901037,0.0,0.0,277,1,27.83,2,2,False
DDA3937_RS14580,,UNRESOLVED,unknown,0,E_cons_core|E_geometry,1,0.8427725908182508,0.13197378491740572,0.6944444444444444,0.0,362,1,26.82,2,2,False
DDA3937_RS14585,,ROGUE_SUSPECT,unknown,0,E_geometry|N_score|P_rogue,0,0.2370124651512541,0.7970688802062023,0.0384615384615384,0.0,311,1,25.74,2,2,False
DDA3937_RS14590,,UNRESOLVED,unknown,0,,0,0.5787238710035978,0.44222794181462827,0.3103448275862069,1.0,181,0,24.71,2,2,True
DDA3937_RS14595,,UNRESOLVED,unknown,0,E_geometry,0,0.5399757041918377,0.45816054279196594,0.28125,0.0,162,1,24.09,2,2,True
DDA3937_RS14600,,CONFIDENT_NONESSENTIAL,non-essential,1,N_score,0,0.1906592986822785,0.8341399750852811,0.1379310344827586,1.0,731,1,21.87,2,2,True
DDA3937_RS14605,,CONFIDENT_NONESSENTIAL,non-essential,2,N_score|N_pangenome_some,0,0.2371492303168046,0.7712657419562093,0.1,0.0,443,1,20.11,1,2,True
DDA3937_RS14610,,ROGUE_SUSPECT,unknown,0,E_geometry|N_score|P_rogue,0,0.2733489007651354,0.7665349513990998,0.0,0.0,99,1,18.99,2,2,False
DDA3937_RS14615,,ROGUE_SUSPECT,unknown,0,N_score|N_long_lagging|P_rogue|P_conditional,0,0.1847853310502092,0.8641954262635541,0.0,0.0,422,0,17.83,2,2,False
DDA3937_RS14620,,CONFIDENT_NONESSENTIAL,non-essential,1,N_score,0,0.2748140156119356,0.7759176370275049,0.1578947368421052,0.0,524,1,16.32,2,2,True
DDA3937_RS14625,,ROGUE_SUSPECT,unknown,0,E_geometry|N_score|P_rogue,0,0.2524019261449511,0.7891234894558307,0.0344827586206896,0.0,254,1,14.74,2,2,True
DDA3937_RS14635,,ROGUE_SUSPECT,unknown,0,E_geometry|N_score|P_rogue,0,0.2237441136420998,0.8243355773633296,0.0,0.0,264,1,13.1,2,2,False
DDA3937_RS14640,,ROGUE_SUSPECT,unknown,0,N_score|P_rogue,0,0.2260369900312403,0.827982175184339,0.0,0.0,270,0,11.26,2,2,False
DDA3937_RS14650,,ROGUE_SUSPECT,unknown,0,N_score|P_rogue,0,0.1327915249010685,0.8976322967193675,0.0,0.0,619,1,7.75,2,2,False
DDA3937_RS14655,,CONFIDENT_NONESSENTIAL,non-essential,1,N_score,0,0.2666997260289417,0.7720424343739302,0.0833333333333333,2.0,352,0,5.88,2,2,False
DDA3937_RS14660,,CONFIDENT_NONESSENTIAL,non-essential,2,N_score|N_mobile,0,0.194475244021368,0.8173074745392048,0.0384615384615384,1.0,427,1,4.68,2,2,True
DDA3937_RS14665,,UNRESOLVED,unknown,0,N_redundancy|N_mobile,1,0.3598566371416075,0.6593906229294071,0.1764705882352941,7.0,359,0,3.24,2,2,True
DDA3937_RS14670,,UNRESOLVED,unknown,0,N_redundancy|N_mobile,1,0.3612733084311206,0.6458167443010321,0.1764705882352941,7.0,345,0,2.15,2,2,True
DDA3937_RS14675,,UNRESOLVED,unknown,0,E_cons_core|N_mobile|F_core_redundant,0,0.7599719207171479,0.21785205067094157,0.5142857142857142,12.0,266,0,1.19,2,2,False
DDA3937_RS14680,,UNRESOLVED,unknown,0,E_cons_core|E_geometry|N_mobile|F_core_redundant,1,0.7502459510076197,0.2662136245079186,0.5294117647058824,6.0,330,1,0.0,2,2,False
DDA3937_RS14685,,ROGUE_SUSPECT,unknown,0,N_score|P_rogue,0,0.0035472316072112,0.9983953558930212,0.0,0.0,2846,1,5.13,2,2,False
DDA3937_RS14690,,ROGUE_SUSPECT,unknown,0,E_geometry|P_rogue,0,0.3282805260363258,0.6834485966877584,0.0588235294117647,0.0,73,1,9.62,2,2,True
DDA3937_RS14695,,ROGUE_SUSPECT,unknown,0,N_score|P_rogue,0,0.1669849165212274,0.8500013675261293,0.0,0.0,436,1,8.88,2,2,False
DDA3937_RS14700,,CONDITIONAL_SUSPECT,unknown,0,N_score|N_redundancy|N_long_lagging|P_conditional,0,0.1456788621180436,0.9085381853972172,0.0294117647058823,8.0,736,0,6.81,2,2,True
DDA3937_RS14705,,CONFIDENT_NONESSENTIAL,non-essential,1,N_score,0,0.2820167897111605,0.74139085089481,0.125,1.0,396,0,5.03,2,2,False
DDA3937_RS14710,,CONDITIONAL_SUSPECT,unknown,0,N_score|N_mobile|N_long_lagging|P_conditional,0,0.2471178881097588,0.780287136620583,0.1351351351351351,3.0,543,0,3.62,2,2,True
DDA3937_RS14715,,ROGUE_SUSPECT,unknown,0,N_score|N_mobile|P_rogue,0,0.2102816721871308,0.8208553946134124,0.0,0.0,292,0,2.37,2,2,False
DDA3937_RS14720,,CONFIDENT_ESSENTIAL,essential,2,E_score|E_cons_core|N_mobile|F_core_redundant,1,0.9688268534091816,0.021868829274204474,1.0,18.0,253,0,1.55,2,2,True
DDA3937_RS14725,,UNRESOLVED,unknown,0,N_mobile,0,0.6906316478001291,0.29313083551764785,0.4117647058823529,2.0,139,0,0.93,2,2,False
DDA3937_RS14735,,CONFIDENT_NONESSENTIAL,non-essential,2,E_geometry|N_score|N_mobile,0,0.2704518242743005,0.7559948906097514,0.09375,3.0,353,1,1.58,2,2,True
DDA3937_RS14740,,UNRESOLVED,unknown,0,E_geometry|N_mobile,0,0.5601898928223221,0.42186906588717343,0.3181818181818182,0.0,191,1,2.64,2,2,False
DDA3937_RS14745,,CONFIDENT_NONESSENTIAL,non-essential,2,E_geometry|N_pangenome_strong|N_mobile,0,0.3243926827848651,0.6870141235593901,0.0909090909090909,0.0,165,1,3.44,0,2,True
DDA3937_RS14750,,UNRESOLVED,unknown,0,E_geometry|N_mobile,0,0.2948977721882534,0.712436549938412,0.1071428571428571,0.0,284,1,4.66,2,2,False
DDA3937_RS14755,,UNRESOLVED,unknown,0,E_geometry,0,0.3757342462983193,0.6203737438369699,0.1428571428571428,0.0,163,1,5.51,2,2,False
DDA3937_RS14760,,ROGUE_SUSPECT,unknown,0,E_geometry|N_score|P_rogue,0,0.2406988292395963,0.7863466627808342,0.0833333333333333,0.0,401,1,6.35,2,2,False
DDA3937_RS14765,,ROGUE_SUSPECT,unknown,0,E_geometry|N_score|P_rogue,0,0.2268152713919443,0.8077981787693855,0.0434782608695652,0.0,350,1,7.47,2,2,False
DDA3937_RS14770,,ROGUE_SUSPECT,unknown,0,E_geometry|N_score|P_rogue,0,0.2218455273202667,0.8086792074500847,0.0,0.0,247,1,8.37,2,2,False
DDA3937_RS14775,,UNRESOLVED,unknown,0,E_geometry,0,0.5582919097369662,0.44156098802264404,0.2857142857142857,0.0,126,1,8.92,2,2,False
DDA3937_RS14780,,ROGUE_SUSPECT,unknown,0,E_geometry|N_score|P_rogue,0,0.2404150999745772,0.7845946700026513,0.0,0.0,180,1,9.38,2,2,False
DDA3937_RS14785,,UNRESOLVED,unknown,0,E_geometry,0,0.4540067560261953,0.5607384337094479,0.2,1.0,154,1,9.89,2,2,True
DDA3937_RS14790,,CONFIDENT_NONESSENTIAL,non-essential,1,E_geometry|N_score,0,0.1783009512572532,0.847069506226886,0.0,1.0,409,1,10.76,2,2,True
DDA3937_RS14795,,ROGUE_SUSPECT,unknown,0,N_score|P_rogue,0,0.1802127063818382,0.8509493610336653,0.0357142857142857,0.0,499,1,12.13,2,2,False
DDA3937_RS14800,,CONFIDENT_NONESSENTIAL,non-essential,1,N_score,0,0.1408169425905692,0.8992771138641832,0.04,1.0,711,1,10.67,2,2,False
DDA3937_RS14805,,ROGUE_SUSPECT,unknown,0,E_geometry|N_score|P_rogue,0,0.2217092512076983,0.8288092530493455,0.0,0.0,273,1,9.2,2,2,False
DDA3937_RS14815,,ROGUE_SUSPECT,unknown,0,N_score|P_rogue,0,0.2394850618996608,0.8130971146111369,0.0,0.0,221,0,7.0,2,2,False
DDA3937_RS14820,,ROGUE_SUSPECT,unknown,0,E_geometry|N_score|P_rogue,0,0.2603736297486749,0.7810096042446648,0.0,0.0,134,1,6.43,2,2,False
DDA3937_RS14825,,UNRESOLVED,unknown,0,E_geometry|N_redundancy,0,0.379063265170775,0.6582892939858395,0.2162162162162162,4.0,408,1,5.46,2,2,True
DDA3937_RS14830,,UNRESOLVED,unknown,0,N_redundancy|N_mobile,0,0.4050291111392148,0.6410108191688956,0.1891891891891892,4.0,287,0,4.0,2,2,True
DDA3937_RS14835,,ROGUE_SUSPECT,unknown,0,N_score|N_mobile|P_rogue,0,0.101434692911234,0.9315699477840264,0.0,0.0,815,1,2.25,2,2,False
DDA3937_RS14860,,CONFIDENT_NONESSENTIAL,non-essential,2,N_pangenome_strong|N_mobile,0,0.2982913572517025,0.814266608500266,0.0,0.0,105,0,1.64,0,2,False
DDA3937_RS14865,,UNRESOLVED,unknown,0,N_mobile,0,0.4625877413983362,0.5830745598917465,0.28,1.0,374,0,2.85,2,2,True
DDA3937_RS14870,,ROGUE_SUSPECT,unknown,0,N_mobile|P_rogue,0,0.3061443783785837,0.7895057526285945,0.0,0.0,63,0,3.75,2,2,False
DDA3937_RS14875,,CONFIDENT_NONESSENTIAL,non-essential,3,E_geometry|N_score|N_pangenome_strong|N_mobile,0,0.1880626682989924,0.8449984055872949,0.0,0.0,372,1,4.71,0,2,False
DDA3937_RS14880,,UNRESOLVED,unknown,0,E_geometry,0,0.313887635461664,0.7000005566858257,0.125,0.0,287,1,5.73,2,2,True
DDA3937_RS14885,,UNRESOLVED,unknown,0,E_geometry,0,0.2988394631698777,0.7213648808854092,0.0714285714285714,2.0,204,1,6.6,2,2,True
DDA3937_RS14890,,UNRESOLVED,unknown,0,E_cons_core|F_core_redundant,1,0.8917825983348412,0.10803260976261371,0.6216216216216216,55.0,303,0,7.5,2,2,True
DDA3937_RS14895,,UNRESOLVED,unknown,0,E_geometry|N_redundancy,0,0.5966461604306861,0.4279341189705858,0.3666666666666666,14.0,358,1,8.58,2,2,False
DDA3937_RS14900,,CONDITIONAL_SUSPECT,unknown,0,N_score|N_long_lagging|P_conditional,0,0.1864765613435229,0.8660749918368854,0.0,1.0,424,0,10.02,2,2,False
DDA3937_RS14905,,ROGUE_SUSPECT,unknown,0,E_geometry|N_score|P_rogue,0,0.280187547510386,0.7871772227501833,0.0,0.0,105,1,10.98,2,2,False
DDA3937_RS14910,,ROGUE_SUSPECT,unknown,0,N_score|P_rogue,0,0.1209125544440901,0.9082793833031079,0.0,0.0,686,1,12.27,2,2,False
DDA3937_RS14915,,ROGUE_SUSPECT,unknown,0,E_geometry|N_score|P_rogue,0,0.1850510495078664,0.8555422618565799,0.0,0.0,400,1,14.04,2,2,False
DDA3937_RS14920,,UNRESOLVED,unknown,0,E_geometry|N_redundancy,0,0.3284497879955562,0.7295404546065295,0.1153846153846153,5.0,299,1,15.09,2,2,True
DDA3937_RS14925,,ROGUE_SUSPECT,unknown,0,N_score|P_rogue,0,0.1749708157737395,0.8612546981489277,0.0,0.0,436,1,16.2,2,2,False
DDA3937_RS14930,,CONFIDENT_NONESSENTIAL,non-essential,2,E_geometry|N_score|N_redundancy,0,0.185273602265139,0.8485598343505496,0.0,4.0,416,1,17.56,2,2,True
DDA3937_RS14935,,UNRESOLVED,unknown,0,N_redundancy,0,0.4779284036796909,0.5787264028797036,0.2571428571428571,13.0,370,0,19.09,2,2,True
DDA3937_RS14940,,CONFIDENT_NONESSENTIAL,non-essential,2,N_score|N_pangenome_strong,0,0.1931002760358251,0.8396635514735111,0.0,0.0,368,0,20.68,0,2,False
DDA3937_RS14945,,ROGUE_SUSPECT,unknown,0,E_geometry|N_score|P_rogue,0,0.2922957738091246,0.808050805715522,0.0,0.0,112,1,21.48,2,2,False
DDA3937_RS14955,,ROGUE_SUSPECT,unknown,0,N_score|P_rogue,0,0.2094512240181839,0.8501049068637995,0.0,0.0,345,0,22.81,2,2,False
DDA3937_RS14960,,CONFIDENT_NONESSENTIAL,non-essential,2,E_geometry|N_score|N_redundancy,0,0.2767655808912109,0.7417680991472845,0.0909090909090909,8.0,363,1,23.98,2,2,True
DDA3937_RS14965,,UNRESOLVED,unknown,0,N_redundancy,0,0.2956287962172855,0.7697384246074235,0.1111111111111111,6.0,405,0,25.4,2,2,True
DDA3937_RS14970,,UNRESOLVED,unknown,0,N_redundancy,0,0.6000852887072378,0.4394105223912857,0.3714285714285714,6.0,341,0,26.53,2,2,False
DDA3937_RS14975,,ROGUE_SUSPECT,unknown,0,N_score|N_long_lagging|P_rogue|P_conditional,0,0.181030933694149,0.8851502512554277,0.0,0.0,474,0,28.16,2,2,False
DDA3937_RS14980,,CONDITIONAL_SUSPECT,unknown,0,N_score|N_long_lagging|P_conditional,0,0.2007718879613154,0.8380496747960064,0.0476190476190476,2.0,491,0,29.61,2,2,True
DDA3937_RS14985,,UNRESOLVED,unknown,0,E_cons_core|F_core_redundant,0,0.8259523615387927,0.19557810444504423,0.5757575757575758,7.0,235,0,30.84,2,2,False
DDA3937_RS14990,,ROGUE_SUSPECT,unknown,0,N_score|P_rogue,0,0.1423950943374477,0.8799146604590945,0.0,0.0,569,1,32.18,2,2,False
DDA3937_RS14995,,ROGUE_SUSPECT,unknown,0,N_score|P_rogue,0,0.1514228852918905,0.8659556837127821,0.0,0.0,519,1,33.82,2,2,True
DDA3937_RS15000,,UNRESOLVED,unknown,0,E_geometry|N_redundancy,0,0.7110507322548748,0.2824845132402569,0.4642857142857143,5.0,262,1,35.1,2,2,False
DDA3937_RS15005,,UNRESOLVED,unknown,0,E_geometry|N_redundancy,0,0.5088448706569094,0.49793667944363046,0.2857142857142857,4.0,284,1,35.92,2,2,False
DDA3937_RS15010,,CONFIDENT_NONESSENTIAL,non-essential,1,E_geometry|N_score,0,0.2077067777493592,0.8247060309300895,0.0,1.0,321,1,36.84,2,2,False
DDA3937_RS15015,,ROGUE_SUSPECT,unknown,0,E_geometry|P_rogue,0,0.308002118224145,0.7331608550778088,0.0909090909090909,0.0,255,1,38.46,2,2,False
DDA3937_RS15020,,UNRESOLVED,unknown,0,N_redundancy,0,0.5722262841157383,0.43699766093544623,0.3225806451612903,4.0,248,0,39.55,2,2,False
DDA3937_RS15025,,CONFIDENT_NONESSENTIAL,non-essential,2,N_score|N_pangenome_some,0,0.1562106350552803,0.86107392872082,0.0,0.0,501,1,40.72,1,2,False
DDA3937_RS15030,,UNRESOLVED,unknown,0,E_cons_core|E_geometry|F_core_redundant,1,0.9605830527493756,0.0293498040410516,0.945945945945946,16.0,261,1,41.88,2,2,True
DDA3937_RS15035,,UNRESOLVED,unknown,0,E_geometry|N_redundancy,0,0.4743916604209269,0.5504493807877888,0.2,18.0,239,1,42.62,2,2,False
DDA3937_RS15040,,UNRESOLVED,unknown,0,E_geometry|N_redundancy,0,0.4704697243462422,0.5445527196590478,0.2,18.0,241,1,43.34,2,2,False
DDA3937_RS15045,,ROGUE_SUSPECT,unknown,0,E_geometry|N_score|P_rogue,0,0.2209698073114765,0.8226662145230341,0.0,0.0,286,1,44.14,2,2,False
DDA3937_RS15050,,UNRESOLVED,unknown,0,E_geometry,0,0.3733247630837402,0.6348069760540178,0.1363636363636363,0.0,183,1,45.06,2,2,True
DDA3937_RS15055,,CONFIDENT_NONESSENTIAL,non-essential,1,N_score,0,0.2164809782880129,0.806678903900124,0.064516129032258,1.0,455,1,46.01,2,2,True
DDA3937_RS15060,,ROGUE_SUSPECT,unknown,0,N_score|P_rogue,0,0.1854722973626705,0.842095711469103,0.0,0.0,405,0,47.63,2,2,False
DDA3937_RS15065,,ROGUE_SUSPECT,unknown,0,N_score|P_rogue,0,0.2732577722571847,0.7622466702856181,0.0555555555555555,0.0,267,0,48.64,2,2,False
DDA3937_RS15070,,CONFIDENT_NONESSENTIAL,non-essential,2,N_score|N_pangenome_some,0,0.1330243643106343,0.9005042834549251,0.0,0.0,648,1,50.02,1,2,True
DDA3937_RS15075,,UNRESOLVED,unknown,0,E_cons_core,1,0.9582696445523416,0.033558649384181856,0.9714285714285714,0.0,290,0,51.77,2,2,False
DDA3937_RS15080,,UNRESOLVED,unknown,0,,1,0.5450720951498739,0.4942644272832182,0.2307692307692307,0.0,71,0,52.32,2,2,False
DDA3937_RS15085,,UNRESOLVED,unknown,0,E_cons_core,1,0.9307055755027984,0.060011742948809794,0.918918918918919,0.0,462,1,53.21,2,2,False
DDA3937_RS15090,,UNRESOLVED,unknown,0,E_geometry,0,0.412892648458492,0.6495980173930748,0.1333333333333333,2.0,141,1,54.53,2,2,True
DDA3937_RS15095,,UNRESOLVED,unknown,0,,1,0.564050706804354,0.5085987194176315,0.2702702702702703,1.0,165,0,55.33,2,2,False
DDA3937_RS15100,,UNRESOLVED,unknown,0,E_cons_core,1,0.9475787469444148,0.040958356269103414,0.9032258064516128,0.0,241,0,55.95,2,2,True
DDA3937_RS15105,,UNRESOLVED,unknown,0,E_cons_core,1,0.9108329153033702,0.07441252547219786,0.75,0.0,170,0,56.79,2,2,False
DDA3937_RS15110,,UNRESOLVED,unknown,0,E_cons_core,0,0.8268848389195017,0.1592697516039778,0.6486486486486487,1.0,357,0,57.58,2,2,False
DDA3937_RS15115,,ROGUE_SUSPECT,unknown,0,N_score|N_long_lagging|P_rogue|P_conditional,0,0.2536750708359099,0.827381350359033,0.0714285714285714,0.0,428,0,59.22,2,2,False
DDA3937_RS15120,,CONDITIONAL_SUSPECT,unknown,0,N_score|N_long_lagging|P_conditional,0,0.1834722449008625,0.8647733028053233,0.0,1.0,457,0,60.61,2,2,False
DDA3937_RS15125,,ROGUE_SUSPECT,unknown,0,E_geometry|N_score|P_rogue,1,0.2666585229820318,0.7765883236622444,0.0,0.0,147,1,61.58,2,2,False
DDA3937_RS15135,,UNRESOLVED,unknown,0,E_geometry,0,0.4774903374410562,0.5515138861701595,0.25,1.0,272,1,61.1,2,2,False
DDA3937_RS15140,,ROGUE_SUSPECT,unknown,0,N_score|P_rogue,0,0.199600637659763,0.8345068171812956,0.0714285714285714,0.0,549,1,59.85,2,2,False
DDA3937_RS15145,,CONFIDENT_NONESSENTIAL,non-essential,1,N_score,0,0.260006982220122,0.7686452261054373,0.2142857142857142,0.0,719,1,57.95,2,2,False
DDA3937_RS15150,,ROGUE_SUSPECT,unknown,0,N_score|N_long_lagging|P_rogue|P_conditional,0,0.135504180814191,0.9180969048651968,0.0,0.0,690,0,55.62,2,2,False
DDA3937_RS15155,,ROGUE_SUSPECT,unknown,0,N_score|N_long_lagging|P_rogue|P_conditional,0,0.1922746172937022,0.8582414985492913,0.0357142857142857,0.0,510,0,53.81,2,2,False
DDA3937_RS15160,,UNRESOLVED,unknown,0,,0,0.5954785051617022,0.4279535931047586,0.2857142857142857,0.0,89,0,52.32,2,2,False
DDA3937_RS15165,,UNRESOLVED,unknown,0,E_geometry,0,0.4677880761700672,0.5950666966686927,0.1875,0.0,143,1,51.92,2,2,True
DDA3937_RS15170,,ROGUE_SUSPECT,unknown,0,N_score|P_rogue,0,0.2828570005153111,0.779416782516209,0.0,0.0,121,0,51.32,2,2,False
DDA3937_RS15175,,UNRESOLVED,unknown,0,E_geometry,0,0.6537776970942791,0.35843004305624565,0.375,1.0,175,1,50.85,2,2,False
DDA3937_RS15185,,UNRESOLVED,unknown,0,,0,0.4047207968730808,0.6573462749603248,0.15625,1.0,220,0,49.77,2,2,False
DDA3937_RS15190,,CONFIDENT_ESSENTIAL,essential,2,E_score|E_cons_core,1,0.9666210026657368,0.029235894542170113,0.9473684210526316,0.0,110,0,49.11,2,2,False
DDA3937_RS15195,,UNRESOLVED,unknown,0,E_geometry,0,0.5582082776939312,0.44727556248915784,0.2631578947368421,0.0,93,1,48.79,2,2,False
DDA3937_RS15200,,UNRESOLVED,unknown,0,,0,0.4996957753450713,0.555877428304512,0.2,0.0,103,0,48.3,2,2,False
DDA3937_RS15205,,ROGUE_SUSPECT,unknown,0,E_geometry|P_rogue,0,0.3184528854853524,0.7223730996596713,0.0555555555555555,0.0,138,1,47.83,2,2,True
DDA3937_RS15210,,ROGUE_SUSPECT,unknown,0,N_score|P_rogue,0,0.252782457126809,0.8130613471313058,0.0,0.0,216,0,47.02,2,2,False
DDA3937_RS15215,,UNRESOLVED,unknown,0,,0,0.6051564765448887,0.4430055315973367,0.3125,0.0,153,0,46.34,2,2,False
DDA3937_RS15220,,ROGUE_SUSPECT,unknown,0,N_score|P_rogue,0,0.1270761935135424,0.9097871347153943,0.0,0.0,686,1,45.0,2,2,False
DDA3937_RS15225,,UNRESOLVED,unknown,0,,0,0.4754594026307268,0.570867349836224,0.2,0.0,149,0,43.6,2,2,False
DDA3937_RS15230,,ROGUE_SUSPECT,unknown,0,N_score|N_long_lagging|P_rogue|P_conditional,0,0.1232806974090934,0.921007055966733,0.0,0.0,732,0,42.26,2,2,False
DDA3937_RS15235,,ROGUE_SUSPECT,unknown,0,E_geometry|N_score|P_rogue,0,0.2458150027306553,0.804866127092294,0.0,0.0,210,1,40.85,2,2,False
DDA3937_RS15240,,ROGUE_SUSPECT,unknown,0,N_score|P_rogue,0,0.2772996537203327,0.8136427618950605,0.0,0.0,165,0,40.07,2,2,False
DDA3937_RS15245,,UNRESOLVED,unknown,0,,0,0.6061208342835872,0.44762090965378715,0.3888888888888889,0.0,354,0,38.92,2,2,False
DDA3937_RS15250,,CONFIDENT_NONESSENTIAL,non-essential,2,E_geometry|N_score|N_redundancy,0,0.2752192573284249,0.7647255472320219,0.0625,8.0,321,1,36.41,2,2,True
DDA3937_RS15255,,ROGUE_SUSPECT,unknown,0,N_score|P_rogue,0,0.2001279206871874,0.863059898110244,0.0,0.0,394,0,35.09,2,2,False
DDA3937_RS15260,,UNRESOLVED,unknown,0,N_redundancy,0,0.4534155163140936,0.6011297277163102,0.2571428571428571,10.0,415,0,33.66,2,2,True
DDA3937_RS15265,,CONDITIONAL_SUSPECT,unknown,0,N_score|N_redundancy|N_long_lagging|P_conditional,0,0.1139599827935131,0.9244402604192291,0.0857142857142857,8.0,1047,0,31.47,2,2,True
DDA3937_RS15270,,CONDITIONAL_SUSPECT,unknown,0,N_score|N_redundancy|N_long_lagging|P_conditional,0,0.1145711929040383,0.9193494202381278,0.0857142857142857,8.0,1030,0,28.36,2,2,True
DDA3937_RS15275,,CONDITIONAL_SUSPECT,unknown,0,N_score|N_redundancy|N_long_lagging|P_conditional,0,0.2248562584625534,0.8213727139878035,0.0588235294117647,6.0,468,0,26.02,2,2,True
DDA3937_RS15280,,ROGUE_SUSPECT,unknown,0,N_score|N_long_lagging|P_rogue|P_conditional,0,0.1747618045708997,0.8634171791522166,0.0,0.0,453,0,24.63,2,2,False
DDA3937_RS15285,,UNRESOLVED,unknown,0,E_cons_core|F_core_redundant,1,0.90725682352241,0.08156063289570101,0.7428571428571429,12.0,244,0,23.57,2,2,True
DDA3937_RS15290,,ROGUE_SUSPECT,unknown,0,N_score|P_rogue,0,0.2116800449666774,0.8358028095786113,0.0,0.0,321,0,22.54,2,2,False
DDA3937_RS15295,,ROGUE_SUSPECT,unknown,0,N_score|N_long_lagging|P_rogue|P_conditional,0,0.1756069089720689,0.869650699086335,0.0,0.0,459,0,21.2,2,2,False
DDA3937_RS15300,,ROGUE_SUSPECT,unknown,0,E_geometry|N_score|P_rogue,0,0.2712117602298573,0.7938547257340637,0.0,0.0,136,1,20.12,2,2,False
DDA3937_RS15305,,CONFIDENT_NONESSENTIAL,non-essential,2,N_score|N_pangenome_strong,0,0.2914155883928625,0.754990160628996,0.074074074074074,0.0,260,0,19.22,0,2,True
DDA3937_RS15310,,CONFIDENT_NONESSENTIAL,non-essential,1,N_score,0,0.19318702815796,0.8678923749794141,0.0,1.0,416,0,17.99,2,2,True
DDA3937_RS15315,,ROGUE_SUSPECT,unknown,0,N_score|P_rogue,0,0.2021600023290192,0.8478263678148582,0.0,0.0,357,0,16.81,2,2,False
DDA3937_RS15320,,UNRESOLVED,unknown,0,N_redundancy,0,0.3594763506638715,0.6973526677210337,0.1724137931034483,6.0,384,0,15.7,2,2,True
DDA3937_RS15325,,UNRESOLVED,unknown,0,N_redundancy,0,0.6317810578245308,0.44610341721845503,0.3666666666666666,14.0,327,0,14.53,2,2,False
DDA3937_RS15330,,UNRESOLVED,unknown,0,E_geometry|N_pangenome_some,0,0.4744689817912644,0.6026903987159749,0.25,0.0,285,1,13.48,1,2,False
DDA3937_RS15335,,UNRESOLVED,unknown,0,E_geometry,0,0.6672599335206668,0.286110584045932,0.4516129032258064,0.0,268,1,12.22,2,2,False
DDA3937_RS15340,,CONFIDENT_NONESSENTIAL,non-essential,2,E_geometry|N_score|N_pangenome_strong,0,0.2064532912874332,0.7907723233829402,0.0,0.0,265,1,11.43,0,2,False
DDA3937_RS15345,,ROGUE_SUSPECT,unknown,0,N_score|P_rogue,0,0.2538694889324379,0.8561895187526891,0.0,0.0,253,0,9.84,2,2,False
DDA3937_RS15350,,ROGUE_SUSPECT,unknown,0,N_score|P_rogue,0,0.2600110252763966,0.8519380690616951,0.0,0.0,234,0,9.1,2,2,False
DDA3937_RS15355,,CONFIDENT_ESSENTIAL,essential,2,E_score|E_cons_core|F_core_redundant,1,0.9664765160579905,0.03898031740368127,0.945945945945946,16.0,242,0,8.41,2,2,True
DDA3937_RS15360,,ROGUE_SUSPECT,unknown,0,N_score|P_rogue,0,0.2648794583363226,0.851481986772604,0.0,0.0,223,0,7.71,2,2,False
DDA3937_RS15365,,CONFIDENT_NONESSENTIAL,non-essential,1,E_geometry|N_score,0,0.2616336748957497,0.7724519788522778,0.0,1.0,131,1,7.16,2,2,False
DDA3937_RS15375,,CONFIDENT_NONESSENTIAL,non-essential,2,E_geometry|N_score|N_pangenome_strong,0,0.2174139815583425,0.8090491220028769,0.0,0.0,258,1,5.43,0,2,False
DDA3937_RS15385,,CONFIDENT_NONESSENTIAL,non-essential,3,E_geometry|N_score|N_pangenome_some|N_mobile,0,0.2608626655146571,0.774378092366007,0.0,0.0,126,1,2.58,1,2,True
DDA3937_RS15405,,ROGUE_SUSPECT,unknown,0,E_geometry|N_mobile|P_rogue,0,0.2933557685140615,0.8123372939179412,0.0,0.0,106,1,0.82,2,2,False
DDA3937_RS15415,,UNRESOLVED,unknown,0,E_cons_core|N_mobile,1,0.9054918503953494,0.0768833879552494,0.8857142857142857,0.0,526,1,1.07,2,2,False
DDA3937_RS15420,,UNRESOLVED,unknown,0,E_cons_core|N_mobile,0,0.8657876698233065,0.11398018633492717,0.7837837837837838,0.0,488,1,2.68,2,2,False
DDA3937_RS15425,,ROGUE_SUSPECT,unknown,0,N_score|N_mobile|N_long_lagging|P_rogue|P_conditional,0,0.2126781933703512,0.8337470113627014,0.0588235294117647,0.0,463,0,4.28,2,2,False
DDA3937_RS15430,,ROGUE_SUSPECT,unknown,0,N_score|P_rogue,0,0.2049386165391155,0.851345582941449,0.0,0.0,350,0,5.58,2,2,False
DDA3937_RS15435,,UNRESOLVED,unknown,0,E_cons_core,0,0.9153225338809716,0.07441662420213131,0.75,0.0,123,0,6.28,2,2,False
DDA3937_RS15440,,CONFIDENT_NONESSENTIAL,non-essential,2,E_geometry|N_score|N_pangenome_strong,0,0.2759966284873116,0.7688774419985311,0.0,0.0,93,1,6.6,0,2,False
DDA3937_RS15445,,UNRESOLVED,unknown,0,E_cons_core,1,0.9458934981124134,0.04464922873794363,1.0,0.0,496,1,7.57,2,2,False
DDA3937_RS15450,,UNRESOLVED,unknown,0,E_cons_core|E_geometry,0,0.8110251957351844,0.1715940335737395,0.6551724137931034,0.0,394,1,9.04,2,2,False
DDA3937_RS15455,,UNRESOLVED,unknown,0,E_geometry,0,0.6955634119837346,0.3094815367254668,0.44,0.0,207,1,9.67,2,2,False
DDA3937_RS15460,,UNRESOLVED,unknown,0,E_cons_core,1,0.9383522282737314,0.04921691981545571,0.945945945945946,0.0,425,1,8.71,2,2,False
DDA3937_RS15465,,UNRESOLVED,unknown,0,E_cons_core|E_geometry,1,0.9547862032018472,0.034502445505624785,1.0,0.0,374,1,7.36,2,2,False
DDA3937_RS15470,,UNRESOLVED,unknown,0,E_geometry,0,0.3921078124372966,0.6264806615303492,0.2142857142857142,0.0,334,1,6.26,2,2,True
DDA3937_RS15475,,UNRESOLVED,unknown,0,E_geometry,0,0.401566640372572,0.6224127912584683,0.1904761904761904,0.0,252,1,5.4,2,2,False
DDA3937_RS15480,,UNRESOLVED,unknown,0,E_geometry|N_mobile,0,0.333457454850808,0.7172722540931838,0.1714285714285714,0.0,393,1,4.23,2,2,True
DDA3937_RS15485,,UNRESOLVED,unknown,0,E_cons_core|E_geometry|N_mobile,0,0.9310775580274436,0.05885879824739962,0.8108108108108109,0.0,144,1,3.25,2,2,False
DDA3937_RS15495,,ROGUE_SUSPECT,unknown,0,N_score|N_mobile|P_rogue,0,0.2380753900228824,0.7896040437771875,0.0333333333333333,0.0,285,0,2.12,2,2,False
DDA3937_RS15500,,ROGUE_SUSPECT,unknown,0,E_geometry|N_score|N_mobile|P_rogue,0,0.2183853513994268,0.8188768403771305,0.0,0.0,266,1,1.18,2,2,False
DDA3937_RS15505,,UNRESOLVED,unknown,0,E_cons_core|E_geometry|N_mobile|F_core_redundant,1,0.7524042626229627,0.2676330469497682,0.5294117647058824,6.0,330,1,0.0,2,2,False
DDA3937_RS15510,,ROGUE_SUSPECT,unknown,0,N_score|N_mobile|P_rogue,0,0.171127201477841,0.8555890673591474,0.0,0.0,432,1,1.48,2,2,False
DDA3937_RS15515,,UNRESOLVED,unknown,0,E_cons_core|E_geometry|N_mobile,1,0.8572895628968398,0.13747666101741587,0.6,0.0,67,1,2.32,2,2,False
DDA3937_RS15520,,UNRESOLVED,unknown,0,E_cons_core|E_geometry|N_mobile,1,0.9622031325905642,0.030727384290400173,0.9375,0.0,112,1,2.6,2,2,True
DDA3937_RS15525,,UNRESOLVED,unknown,0,E_cons_core|N_mobile,1,0.8739617533998105,0.10103692008131085,0.8518518518518519,0.0,617,1,3.7,2,2,False
DDA3937_RS15530,,CONFIDENT_ESSENTIAL,essential,3,E_score|E_cons_core|E_geometry|N_mobile,0,0.9679211696670396,0.02474390051734007,1.0,0.0,173,1,4.96,2,2,True
DDA3937_RS15535,,CONFIDENT_ESSENTIAL,essential,3,E_score|E_cons_core|E_geometry,1,0.9728720115305356,0.02326694324510768,1.0,2.0,108,1,5.48,2,2,True
DDA3937_RS15540,,CONFIDENT_ESSENTIAL,essential,3,E_score|E_cons_core|E_geometry,1,0.9705453416173946,0.023250763694967307,1.0,0.0,128,1,5.86,2,2,True
DDA3937_RS15545,,UNRESOLVED,unknown,0,E_cons_core|E_geometry,0,0.94134356066363,0.046890155529119674,0.9428571428571428,3.0,405,1,6.68,2,2,True
DDA3937_RS15550,,UNRESOLVED,unknown,0,E_geometry,1,0.7378647249921378,0.2561155282561545,0.4705882352941176,1.0,165,1,7.59,2,2,False
DDA3937_RS15555,,CONFIDENT_NONESSENTIAL,non-essential,1,E_geometry|N_score,0,0.2259373223595018,0.810372319480054,0.0,1.0,249,1,8.34,2,2,False
DDA3937_RS15560,,UNRESOLVED,unknown,0,E_cons_core,1,0.8918029985475943,0.09923219227051411,0.7428571428571429,0.0,268,0,9.24,2,2,False
DDA3937_RS15565,,ROGUE_SUSPECT,unknown,0,N_score|P_rogue,0,0.201412918583911,0.8604990260602129,0.0,0.0,375,0,10.37,2,2,False
DDA3937_RS15570,,UNRESOLVED,unknown,0,N_redundancy,1,0.3696970879124487,0.6721132145520775,0.1764705882352941,7.0,361,0,11.48,2,2,True
DDA3937_RS15575,,UNRESOLVED,unknown,0,E_cons_core|F_core_redundant,0,0.7734881710170102,0.23457659140818193,0.5142857142857142,12.0,264,0,12.41,2,2,False
DDA3937_RS15580,,CONFIDENT_NONESSENTIAL,non-essential,2,E_geometry|N_score|N_redundancy,0,0.2520707798797677,0.7987380794216942,0.0625,5.0,374,1,13.51,2,2,True
DDA3937_RS15585,,UNRESOLVED,unknown,0,E_geometry,0,0.5190018889284714,0.47920930828561303,0.3333333333333333,0.0,347,1,14.8,2,2,False
DDA3937_RS15590,,ROGUE_SUSPECT,unknown,0,E_geometry|N_score|P_rogue,0,0.240920427102643,0.815543928579778,0.0,0.0,221,1,15.64,2,2,False
DDA3937_RS15595,,CONFIDENT_NONESSENTIAL,non-essential,1,E_geometry|N_score,0,0.1881187024448138,0.8422171333256588,0.0,1.0,383,1,16.63,2,2,True
DDA3937_RS15600,,UNRESOLVED,unknown,0,E_cons_core|E_geometry,1,0.7665009083056431,0.22529528634772145,0.6,0.0,418,1,17.96,2,2,False
DDA3937_RS15605,,ROGUE_SUSPECT,unknown,0,N_score|P_rogue,0,0.195140665890217,0.863673242526317,0.0,0.0,400,0,19.51,2,2,False
DDA3937_RS15615,,ROGUE_SUSPECT,unknown,0,N_score|P_rogue,0,0.1955688609952138,0.8663408320264061,0.0,0.0,405,0,22.85,2,2,False
DDA3937_RS15620,,ROGUE_SUSPECT,unknown,0,N_score|P_rogue,0,0.2005079639487718,0.8656902867088772,0.0,0.0,393,0,24.57,2,2,False
DDA3937_RS15625,,ROGUE_SUSPECT,unknown,0,N_score|N_long_lagging|P_rogue|P_conditional,0,0.1594491630044257,0.8948129420209143,0.0,0.0,552,0,26.06,2,2,False
DDA3937_RS15630,,ROGUE_SUSPECT,unknown,0,N_score|P_rogue,0,0.2057502608824001,0.8558515419990109,0.0,0.0,367,0,27.52,2,2,False
DDA3937_RS15635,,UNRESOLVED,unknown,0,E_cons_core|E_geometry,0,0.8297777570393977,0.18359804624316356,0.5555555555555556,1.0,113,1,28.37,2,2,False
DDA3937_RS15640,,UNRESOLVED,unknown,0,,0,0.5417932860589726,0.49608213076736035,0.3714285714285714,2.0,446,1,29.29,2,2,True
DDA3937_RS15645,,ROGUE_SUSPECT,unknown,0,E_geometry|N_score|P_rogue,0,0.2281570878294752,0.8233834915892391,0.0,0.0,266,1,30.36,2,2,False
DDA3937_RS15650,,ROGUE_SUSPECT,unknown,0,N_score|P_rogue,0,0.1722411495176197,0.8760757232501969,0.0,0.0,478,1,31.47,2,2,False
DDA3937_RS15655,,UNRESOLVED,unknown,0,E_cons_core,0,0.4262002741013014,0.6195995579552401,0.5925925925925926,0.0,1295,1,34.84,2,2,True
DDA3937_RS15660,,ROGUE_SUSPECT,unknown,0,N_score|N_long_lagging|P_rogue|P_conditional,0,0.1741936960182221,0.8775432314263533,0.0,0.0,486,0,37.79,2,2,False
DDA3937_RS15665,,UNRESOLVED,unknown,0,E_cons_core|E_geometry,1,0.9539322731996226,0.03394101110908168,0.9142857142857144,0.0,168,1,38.77,2,2,True
DDA3937_RS15670,,UNRESOLVED,unknown,0,E_geometry,0,0.6032703304791819,0.4010831707528669,0.3478260869565217,1.0,215,1,39.41,2,2,False
DDA3937_RS15675,,ROGUE_SUSPECT,unknown,0,E_geometry|N_score|P_rogue,0,0.2105784778758354,0.8218497282172375,0.0,0.0,308,1,38.93,2,2,False
DDA3937_RS15680,,UNRESOLVED,unknown,0,E_geometry,0,0.6855508656166008,0.36473128951855743,0.375,0.0,114,1,38.17,2,2,False
DDA3937_RS15690,,ROGUE_SUSPECT,unknown,0,N_score|N_long_lagging|P_rogue|P_conditional,0,0.1220844731504812,0.9187175026033505,0.0,0.0,729,0,36.18,2,2,True
DDA3937_RS15695,,ROGUE_SUSPECT,unknown,0,N_score|P_rogue,0,0.2318902716520563,0.8343290744531283,0.0,0.0,282,0,34.67,2,2,False
DDA3937_RS15700,,ROGUE_SUSPECT,unknown,0,N_score|P_rogue,0,0.1711718981460346,0.8893823407565234,0.0,0.0,506,1,33.48,2,2,False
DDA3937_RS15705,,ROGUE_SUSPECT,unknown,0,E_geometry|N_score|P_rogue,0,0.2354668428451136,0.8332041521772847,0.0,0.0,264,1,31.55,2,2,False
DDA3937_RS15710,,UNRESOLVED,unknown,0,E_cons_core,0,0.9153041824319972,0.0929384433889723,0.7142857142857143,0.0,87,0,30.67,2,2,False
DDA3937_RS15715,,UNRESOLVED,unknown,0,E_cons_core|E_geometry,0,0.933061868541138,0.05406643587733397,0.8095238095238095,0.0,127,1,30.29,2,2,False
DDA3937_RS15720,,UNRESOLVED,unknown,0,E_cons_core|E_geometry,0,0.934191322329842,0.05345934497560866,0.8571428571428571,0.0,244,1,29.74,2,2,True
DDA3937_RS15725,,ROGUE_SUSPECT,unknown,0,E_geometry|N_score|P_rogue,0,0.2280482118819764,0.8064550565999229,0.0,0.0,245,1,28.93,2,2,False
DDA3937_RS15730,,UNRESOLVED,unknown,0,E_cons_core|E_geometry,1,0.9625572412875868,0.032982265418999596,1.0,0.0,302,1,28.1,2,2,True
DDA3937_RS15735,,UNRESOLVED,unknown,0,E_cons_core|E_geometry,1,0.8833129687026755,0.11021104163701184,0.7058823529411765,0.0,227,1,27.31,2,2,False
DDA3937_RS15740,,UNRESOLVED,unknown,0,E_cons_core|E_geometry,1,0.95510199685611,0.0376422060727184,0.9714285714285714,0.0,323,1,26.3,2,2,True
DDA3937_RS15745,,UNRESOLVED,unknown,0,,0,0.3469084769066086,0.7067048136269687,0.2571428571428571,0.0,600,1,24.91,2,2,True
DDA3937_RS15750,,UNRESOLVED,unknown,0,E_cons_core|E_geometry,0,0.8047077506856659,0.17413868075012504,0.5555555555555556,0.0,157,1,23.51,2,2,False
DDA3937_RS15755,,UNRESOLVED,unknown,0,E_geometry,0,0.3613966230053219,0.6868501247974538,0.1666666666666666,0.0,317,1,22.8,2,2,True
DDA3937_RS15760,,UNRESOLVED,unknown,0,E_geometry,1,0.392088093207081,0.6329271826231518,0.1666666666666666,0.0,222,1,21.99,2,2,False
DDA3937_RS15765,,UNRESOLVED,unknown,0,E_cons_core|E_geometry,0,0.8895618609970956,0.10852023232077045,0.696969696969697,3.0,192,1,21.32,2,2,False
DDA3937_RS15770,,UNRESOLVED,unknown,0,E_cons_core,0,0.904510576234803,0.08836852254672446,0.8648648648648649,2.0,534,0,19.89,2,2,False
DDA3937_RS15775,,ROGUE_SUSPECT,unknown,0,E_geometry|N_score|P_rogue,0,0.22251409409014,0.8031511882437181,0.0,0.0,248,1,18.67,2,2,False
DDA3937_RS15780,,UNRESOLVED,unknown,0,,0,0.6409327083773326,0.3911256113011025,0.4594594594594595,3.0,451,0,17.49,2,2,False
DDA3937_RS15785,,ROGUE_SUSPECT,unknown,0,E_geometry|N_score|P_rogue,0,0.2751392128753333,0.7937496888151397,0.0,0.0,128,1,16.36,2,2,False
DDA3937_RS15790,,UNRESOLVED,unknown,0,,0,0.5006893126757731,0.5690555171186874,0.25,0.0,229,0,15.38,2,2,False
DDA3937_RS15805,,UNRESOLVED,unknown,0,E_cons_core,1,0.948708483318427,0.04307565285135848,1.0,0.0,472,1,13.77,2,2,False
DDA3937_RS15830,,UNRESOLVED,unknown,0,,0,0.4117583930747323,0.6676453820727635,0.1333333333333333,2.0,145,0,11.8,2,2,True
DDA3937_RS15835,,UNRESOLVED,unknown,0,E_geometry|N_redundancy,0,0.4861246840782627,0.5547644504562138,0.2571428571428571,13.0,331,1,11.03,2,2,True
DDA3937_RS15840,,UNRESOLVED,unknown,0,E_geometry,0,0.296409826138315,0.752327245236397,0.0909090909090909,2.0,295,1,10.11,2,2,True
DDA3937_RS15845,,UNRESOLVED,unknown,0,E_geometry,0,0.303289520654617,0.7410711861371885,0.0909090909090909,2.0,271,1,9.25,2,2,True
DDA3937_RS15850,,ROGUE_SUSPECT,unknown,0,E_geometry|N_score|P_rogue,0,0.2045360090859925,0.8447679409269565,0.0,0.0,337,1,8.24,2,2,False
DDA3937_RS15855,,ROGUE_SUSPECT,unknown,0,E_geometry|N_score|P_rogue,0,0.1845787964424208,0.8454455437125645,0.0,0.0,386,1,6.86,2,2,False
DDA3937_RS15860,,UNRESOLVED,unknown,0,,0,0.3882774067704632,0.6510699356102103,0.2571428571428571,2.0,487,1,5.35,2,2,True
DDA3937_RS15865,,ROGUE_SUSPECT,unknown,0,N_score|N_mobile|P_rogue,0,0.1824809262698277,0.8658166263359793,0.032258064516129,0.0,506,1,3.69,2,2,False
DDA3937_RS15870,,UNRESOLVED,unknown,0,E_cons_core|N_mobile,1,0.7667598767901329,0.219465733123727,0.5333333333333333,0.0,234,0,2.03,2,2,False
DDA3937_RS15875,,CONFIDENT_NONESSENTIAL,non-essential,3,N_score|N_redundancy|N_mobile,0,0.2761485113965719,0.746337839783257,0.0625,5.0,273,0,1.21,2,2,True
DDA3937_RS15880,,UNRESOLVED,unknown,0,E_cons_core|E_geometry|N_mobile|F_core_redundant,1,0.7491900906196599,0.2646203131098537,0.5294117647058824,6.0,335,1,0.0,2,2,False
DDA3937_RS15885,,CONFIDENT_ESSENTIAL,essential,3,E_score|E_cons_core|E_geometry|N_mobile,1,0.9720557270481316,0.022853633218738987,1.0,2.0,115,1,0.79,2,2,True
DDA3937_RS15890,,CONFIDENT_NONESSENTIAL,non-essential,3,N_score|N_pangenome_strong|N_mobile,0,0.1617853724860372,0.8600756224055789,0.0,0.0,466,1,1.74,0,2,True
DDA3937_RS15895,,UNRESOLVED,unknown,0,E_cons_core|N_mobile,1,0.9437688819238824,0.04340947410499744,0.967741935483871,0.0,427,0,3.26,2,2,False
DDA3937_RS15900,,CONFIDENT_NONESSENTIAL,non-essential,3,N_score|N_pangenome_strong|N_mobile,0,0.1198012572507802,0.8970597355021075,0.0,0.0,666,1,4.95,0,2,False
DDA3937_RS15905,,CONFIDENT_NONESSENTIAL,non-essential,1,E_geometry|N_score,0,0.2763779531048764,0.7455154061435278,0.0833333333333333,2.0,304,1,6.43,2,2,False
DDA3937_RS15910,,UNRESOLVED,unknown,0,E_cons_core|E_geometry|F_core_redundant,0,0.7567784701464874,0.211383100149405,0.5142857142857142,12.0,266,1,7.29,2,2,False
DDA3937_RS15915,,ROGUE_SUSPECT,unknown,0,N_score|P_rogue,0,0.123372719142447,0.9076485867936632,0.0588235294117647,0.0,834,1,9.17,2,2,False
DDA3937_RS15920,,ROGUE_SUSPECT,unknown,0,N_score|P_rogue,0,0.1141168079500909,0.9055928421590075,0.0434782608695652,0.0,824,1,11.76,2,2,False
DDA3937_RS15925,,UNRESOLVED,unknown,0,,0,0.4058315883372516,0.6004973314237165,0.1666666666666666,0.0,178,0,13.45,2,2,False
DDA3937_RS15930,,ROGUE_SUSPECT,unknown,0,N_score|P_rogue,0,0.2389832304049127,0.8213401002687759,0.0,0.0,240,0,14.09,2,2,False
DDA3937_RS15935,,UNRESOLVED,unknown,0,,1,0.7020560882862094,0.33314303961599534,0.4117647058823529,0.0,152,0,14.85,2,2,False
DDA3937_RS15940,,ROGUE_SUSPECT,unknown,0,N_score|P_rogue,0,0.2107758076783611,0.8215059518693137,0.0,0.0,303,0,15.63,2,2,False
DDA3937_RS15945,,ROGUE_SUSPECT,unknown,0,N_score|N_long_lagging|P_rogue|P_conditional,0,0.2024505331193338,0.8470316333295044,0.0416666666666666,0.0,468,0,16.85,2,2,True
DDA3937_RS15950,,UNRESOLVED,unknown,0,E_cons_core,1,0.9599594821866492,0.030253788304186065,0.9428571428571428,0.0,163,0,17.79,2,2,True
DDA3937_RS15955,,UNRESOLVED,unknown,0,E_cons_core,0,0.7711895800190087,0.22524488462558773,0.5428571428571428,0.0,265,0,18.6,2,2,False
DDA3937_RS15960,,UNRESOLVED,unknown,0,E_cons_core,0,0.8443792934472727,0.1436563704762543,0.6571428571428571,0.0,285,0,19.44,2,2,False
DDA3937_RS15965,,UNRESOLVED,unknown,0,,0,0.5706966033301548,0.4737194566586532,0.2777777777777778,0.0,127,0,20.08,2,2,False
DDA3937_RS15970,,ROGUE_SUSPECT,unknown,0,E_geometry|N_score|P_rogue,0,0.2526558363492182,0.7927077012977228,0.03125,0.0,257,1,20.72,2,2,True
DDA3937_RS15975,,ROGUE_SUSPECT,unknown,0,E_geometry|N_score|P_rogue,0,0.2587555474516824,0.7833006567783455,0.0588235294117647,0.0,308,1,21.57,2,2,True
DDA3937_RS15980,,UNRESOLVED,unknown,0,,1,0.5243401741899403,0.5394632983242086,0.2647058823529412,0.0,214,0,22.48,2,2,False
DDA3937_RS15985,,ROGUE_SUSPECT,unknown,0,E_geometry|N_score|P_rogue,0,0.2539740480893302,0.7974212433714916,0.0,0.0,178,1,23.11,2,2,False
DDA3937_RS15990,,ROGUE_SUSPECT,unknown,0,N_score|P_rogue,0,0.2687596139914879,0.7927472212171747,0.0,0.0,151,0,23.75,2,2,False
DDA3937_RS22410,,ROGUE_SUSPECT,unknown,0,N_score|P_rogue,0,0.2793685804714862,0.7773530914359682,0.0,0.0,114,0,24.3,2,2,False
DDA3937_RS15995,,UNRESOLVED,unknown,0,E_geometry|N_redundancy,0,0.4809428592018229,0.5654712224824363,0.2571428571428571,13.0,355,1,25.14,2,2,True
DDA3937_RS16000,,CONFIDENT_NONESSENTIAL,non-essential,1,N_score,0,0.2286050382717366,0.8160732520484819,0.1034482758620689,1.0,536,1,26.48,2,2,True
DDA3937_RS16005,,ROGUE_SUSPECT,unknown,0,N_score|P_rogue,0,0.2880167962801573,0.7923310243016981,0.0,0.0,116,0,27.7,2,2,False
DDA3937_RS16010,,ROGUE_SUSPECT,unknown,0,N_score|P_rogue,0,0.2801580467871299,0.7928776191133632,0.0588235294117647,0.0,288,0,28.41,2,2,False
DDA3937_RS16015,,ROGUE_SUSPECT,unknown,0,N_score|P_rogue,0,0.2427204328668322,0.8404234879211472,0.0,0.0,265,0,28.13,2,2,False
DDA3937_RS16020,,UNRESOLVED,unknown,0,E_cons_core,0,0.7949728444793401,0.20308401627433864,0.5,0.0,78,0,27.4,2,2,False
DDA3937_RS16025,,ROGUE_SUSPECT,unknown,0,N_score|P_rogue,0,0.2706161554732487,0.7807493368164398,0.0,0.0,136,0,27.07,2,2,False
DDA3937_RS16030,,UNRESOLVED,unknown,0,E_cons_core,1,0.9289377450954412,0.06841641555529168,1.0,1.0,716,0,25.82,2,2,False
DDA3937_RS16035,,UNRESOLVED,unknown,0,E_cons_core,1,0.9566937871540367,0.04064086650762303,0.9655172413793104,1.0,321,0,24.21,2,2,False
DDA3937_RS16045,,UNRESOLVED,unknown,0,E_cons_core|E_geometry,1,0.92335599179701,0.0721578094197495,0.8125,0.0,245,1,23.1,2,2,False
DDA3937_RS16050,,UNRESOLVED,unknown,0,E_cons_core,0,0.9261559734215392,0.07260963298598623,0.7941176470588235,0.0,189,0,22.5,2,2,False
DDA3937_RS16055,,UNRESOLVED,unknown,0,E_geometry,0,0.513374370426866,0.5232998670502745,0.2758620689655172,0.0,241,1,21.82,2,2,False
DDA3937_RS16060,,UNRESOLVED,unknown,0,,0,0.4110891806533344,0.7025222774572003,0.1621621621621621,1.0,252,0,21.03,2,2,True
DDA3937_RS16065,,ROGUE_SUSPECT,unknown,0,N_score|N_long_lagging|P_rogue|P_conditional,0,0.2339398134361159,0.8436935982785178,0.0689655172413793,0.0,467,0,19.88,2,2,True
DDA3937_RS16070,,ROGUE_SUSPECT,unknown,0,E_geometry|N_score|P_rogue,0,0.2362682900768346,0.8386189956961532,0.0,0.0,264,1,18.72,2,2,False
DDA3937_RS16100,,ROGUE_SUSPECT,unknown,0,N_score|P_rogue,0,0.0987020548608916,0.9388442390791307,0.0,0.0,858,1,11.18,2,2,False
DDA3937_RS16105,,ROGUE_SUSPECT,unknown,0,E_geometry|N_score|P_rogue,0,0.2751083802901147,0.7517641270737487,0.0606060606060606,0.0,242,1,9.39,2,2,False
DDA3937_RS16110,,UNRESOLVED,unknown,0,E_geometry,0,0.479549659760808,0.5617241715351563,0.2777777777777778,1.0,326,1,8.52,2,2,True
DDA3937_RS16115,,UNRESOLVED,unknown,0,E_cons_core,1,0.9280958829434536,0.06670659696188017,0.8285714285714286,0.0,245,0,7.53,2,2,False
DDA3937_RS16120,,ROGUE_SUSPECT,unknown,0,N_score|P_rogue,0,0.2893017742121999,0.8002809247880459,0.0,0.0,112,0,6.68,2,2,False
DDA3937_RS16130,,UNRESOLVED,unknown,0,,0,0.4743607460278466,0.582369863401779,0.2916666666666667,0.0,386,0,5.58,2,2,False
DDA3937_RS16135,,ROGUE_SUSPECT,unknown,0,E_geometry|N_score|N_mobile|P_rogue,1,0.1927038784409868,0.8514571255758101,0.0,0.0,374,1,4.33,2,2,False
DDA3937_RS16140,,CONFIDENT_NONESSENTIAL,non-essential,2,E_geometry|N_score|N_mobile,1,0.2336174543367059,0.824100305985008,0.04,1.0,355,1,3.22,2,2,True
DDA3937_RS16145,,CONFIDENT_NONESSENTIAL,non-essential,3,N_score|N_pangenome_strong|N_mobile,0,0.2753245719819961,0.7915740475543007,0.0,0.0,126,0,1.86,0,2,False
DDA3937_RS16150,,ROGUE_SUSPECT,unknown,0,N_score|N_mobile|P_rogue,0,0.2188674051884053,0.8506431653127338,0.0,0.0,317,0,0.83,2,2,False
DDA3937_RS16155,,UNRESOLVED,unknown,0,E_cons_core|E_geometry|N_pangenome_some|N_mobile,1,0.7811661666364064,0.2588538180574598,0.5,1.0,153,1,0.0,1,2,False
DDA3937_RS16160,,CONFIDENT_ESSENTIAL,essential,3,E_score|E_cons_core|E_geometry|N_mobile,1,0.9715586808377128,0.023548905912949003,1.0,0.0,116,1,0.61,2,2,True
DDA3937_RS16165,,UNRESOLVED,unknown,0,E_cons_core|E_geometry|N_mobile,1,0.9532401481873568,0.039565922423993885,0.9393939393939394,0.0,252,1,1.23,2,2,False
DDA3937_RS16170,,UNRESOLVED,unknown,0,E_cons_core|E_geometry|N_mobile,1,0.9646818852211428,0.0317022662310004,0.9714285714285714,0.0,183,1,1.92,2,2,False
DDA3937_RS16175,,CONFIDENT_ESSENTIAL,essential,3,E_score|E_cons_core|E_geometry|N_mobile,1,0.97235719547628,0.020886738963143664,1.0,0.0,83,1,2.33,2,2,True
DDA3937_RS16180,,UNRESOLVED,unknown,0,E_cons_core|N_mobile,1,0.9435491565529436,0.047588602788016215,0.972972972972973,0.0,454,1,3.3,2,2,False
DDA3937_RS16185,,UNRESOLVED,unknown,0,N_mobile,0,0.3468772204280643,0.7263464842730449,0.125,0.0,265,0,4.55,2,2,False
DDA3937_RS16190,,ROGUE_SUSPECT,unknown,0,E_geometry|N_score|P_rogue,0,0.2560473707077287,0.8033791395509251,0.0,0.0,172,1,5.29,2,2,False
DDA3937_RS16195,,UNRESOLVED,unknown,0,,0,0.481302443445372,0.574876771886934,0.35,0.0,518,1,6.5,2,2,False
DDA3937_RS16200,,UNRESOLVED,unknown,0,E_geometry,0,0.4890049947818245,0.560525643124996,0.217391304347826,0.0,143,1,6.09,2,2,False
DDA3937_RS16205,,UNRESOLVED,unknown,0,E_geometry|N_redundancy,0,0.514267240459542,0.523886755783543,0.2432432432432432,7.0,189,1,5.6,2,2,False
DDA3937_RS16230,,UNRESOLVED,unknown,0,E_cons_core|E_geometry|N_mobile,1,0.9024343437699216,0.0999650545059195,0.6842105263157895,0.0,62,1,4.25,2,2,False
DDA3937_RS16235,,UNRESOLVED,unknown,0,E_cons_core|N_mobile,1,0.8927932117446338,0.10384764123325832,0.972972972972973,0.0,876,1,2.52,2,2,False
DDA3937_RS16240,,UNRESOLVED,unknown,0,E_geometry|N_mobile,0,0.518361124977814,0.5338020227095903,0.25,0.0,162,1,0.82,2,2,True
DDA3937_RS16245,,UNRESOLVED,unknown,0,E_geometry|N_mobile,0,0.34903493488665,0.7086802484445641,0.1714285714285714,0.0,359,1,0.0,2,2,True
DDA3937_RS16250,,UNRESOLVED,unknown,0,E_geometry|N_mobile,0,0.4598235844355625,0.5681210565472343,0.2068965517241379,0.0,163,1,0.89,2,2,True
DDA3937_RS16255,,UNRESOLVED,unknown,0,N_mobile,0,0.4774514159412609,0.582680550485744,0.2,3.0,155,0,1.62,2,2,True
DDA3937_RS16260,,ROGUE_SUSPECT,unknown,0,N_score|N_mobile|P_rogue,0,0.2596547793366675,0.803076373845623,0.0,0.0,171,0,3.59,2,2,False
DDA3937_RS16265,,CONFIDENT_NONESSENTIAL,non-essential,2,E_geometry|N_score|N_mobile,0,0.2826868183417846,0.7703110090539876,0.0333333333333333,1.0,178,1,4.2,2,2,True
DDA3937_RS16270,,UNRESOLVED,unknown,0,E_geometry|N_redundancy,0,0.4584455186361928,0.5620252946969568,0.2058823529411764,8.0,210,1,5.18,2,2,True
DDA3937_RS16275,,ROGUE_SUSPECT,unknown,0,E_geometry|N_score|P_rogue,0,0.2389093680559245,0.8119519506183559,0.0,0.0,218,1,5.93,2,2,False
DDA3937_RS16280,,CONFIDENT_ESSENTIAL,essential,2,E_score|E_cons_core|F_core_redundant,1,0.9701042356419548,0.02345741420879386,1.0,18.0,258,0,7.01,2,2,True
DDA3937_RS16285,,UNRESOLVED,unknown,0,E_cons_core|F_core_redundant,0,0.8525831473858865,0.15207426569672683,0.6,8.0,166,0,8.01,2,2,False
DDA3937_RS16290,,ROGUE_SUSPECT,unknown,0,N_score|N_long_lagging|P_rogue|P_conditional,0,0.1692962217084632,0.8808260416582364,0.0,0.0,492,0,9.53,2,2,False
DDA3937_RS16295,,UNRESOLVED,unknown,0,,0,0.4598736217267617,0.5851053747172172,0.2105263157894736,0.0,198,0,10.62,2,2,False
DDA3937_RS16305,,UNRESOLVED,unknown,0,N_redundancy,0,0.45938006319162,0.620797926363284,0.2307692307692307,6.0,319,0,13.33,2,2,True
DDA3937_RS16310,,CONDITIONAL_SUSPECT,unknown,0,N_redundancy|N_long_lagging|P_conditional,0,0.3770036743880481,0.6778750055456503,0.2162162162162162,13.0,501,0,14.63,2,2,True
DDA3937_RS16315,,UNRESOLVED,unknown,0,N_redundancy,0,0.4653384885277508,0.5536622676259698,0.2608695652173913,7.0,346,0,15.91,2,2,True
DDA3937_RS16320,,UNRESOLVED,unknown,0,N_redundancy,0,0.47954840492992,0.5620030494515811,0.2608695652173913,7.0,331,0,16.91,2,2,True
DDA3937_RS16325,,ROGUE_SUSPECT,unknown,0,N_score|N_long_lagging|P_rogue|P_conditional,0,0.1745940354839256,0.8734025870739097,0.0,0.0,470,0,18.73,2,2,False
DDA3937_RS16330,,CONFIDENT_NONESSENTIAL,non-essential,3,N_score|N_pangenome_some|N_long_lagging,0,0.1497754519446492,0.8860392576865208,0.0,0.0,563,0,20.37,1,2,False
DDA3937_RS16335,,ROGUE_SUSPECT,unknown,0,N_score|N_long_lagging|P_rogue|P_conditional,0,0.1744629534947322,0.8588205955721897,0.0,0.0,449,0,22.36,2,2,False
DDA3937_RS16340,,CONFIDENT_NONESSENTIAL,non-essential,1,N_score,0,0.274041860230999,0.7730159831587166,0.0833333333333333,1.0,348,0,23.82,2,2,True
DDA3937_RS22425,,ROGUE_SUSPECT,unknown,0,E_geometry|N_score|P_rogue,0,0.2491214691259268,0.8306212400632874,0.0,0.0,231,1,25.46,2,2,False
DDA3937_RS16350,,UNRESOLVED,unknown,0,E_geometry,0,0.428525451561176,0.59164948928601,0.2333333333333333,2.0,326,1,26.57,2,2,True
DDA3937_RS16355,,UNRESOLVED,unknown,0,E_geometry,1,0.4717251884672059,0.5546010288425024,0.1764705882352941,0.0,68,1,27.19,2,2,False
DDA3937_RS16360,,CONFIDENT_NONESSENTIAL,non-essential,1,N_score,0,0.1406661818499582,0.8918540202130392,0.0416666666666666,1.0,716,1,28.47,2,2,True
DDA3937_RS16365,,UNRESOLVED,unknown,0,E_geometry,0,0.3234950183262862,0.7156366334965886,0.1,1.0,242,1,30.23,2,2,False
DDA3937_RS16370,,CONFIDENT_NONESSENTIAL,non-essential,1,N_score,0,0.1530221676437722,0.8864142430881555,0.0,2.0,564,1,29.12,2,2,False
DDA3937_RS16375,,UNRESOLVED,unknown,0,E_geometry|N_redundancy,0,0.5660991492354875,0.44939828871789456,0.3225806451612903,4.0,258,1,27.61,2,2,False
DDA3937_RS16380,,UNRESOLVED,unknown,0,E_cons_core,1,0.8984506035215772,0.08780906173631256,0.8108108108108109,3.0,427,0,26.5,2,2,True
DDA3937_RS16385,,CONDITIONAL_SUSPECT,unknown,0,N_score|N_redundancy|N_long_lagging|P_conditional,0,0.2264169834862511,0.824823544247289,0.0606060606060606,15.0,533,0,25.01,2,2,True
DDA3937_RS16390,,ROGUE_SUSPECT,unknown,0,N_score|P_rogue,0,0.2090574996899492,0.8240838400443636,0.0,0.0,316,0,23.73,2,2,False
DDA3937_RS16395,,UNRESOLVED,unknown,0,N_redundancy,0,0.3012930084280952,0.7407710375209481,0.0689655172413793,9.0,276,0,22.84,2,2,True
DDA3937_RS16400,,ROGUE_SUSPECT,unknown,0,N_score|N_long_lagging|P_rogue|P_conditional,0,0.1508871209986934,0.8857023527008467,0.0,0.0,560,0,21.59,2,2,False
DDA3937_RS16405,,UNRESOLVED,unknown,0,E_cons_core,1,0.9014947622541164,0.0874562821262219,0.8108108108108109,3.0,410,0,20.13,2,2,True
DDA3937_RS16410,,ROGUE_SUSPECT,unknown,0,E_geometry|N_score|P_rogue,0,0.2877782386837142,0.7895837027937759,0.0,0.0,103,1,19.19,2,2,False
DDA3937_RS16415,,UNRESOLVED,unknown,0,E_geometry,0,0.3232985309141359,0.7586375429552078,0.0714285714285714,2.0,208,1,18.7,2,2,True
DDA3937_RS16420,,UNRESOLVED,unknown,0,E_geometry|N_redundancy,0,0.6637895729268737,0.3746321063999211,0.3939393939393939,9.0,258,1,17.97,2,2,False
DDA3937_RS16425,,CONFIDENT_NONESSENTIAL,non-essential,1,N_score,0,0.2925913989352207,0.7745066064954987,0.0967741935483871,1.0,347,0,16.89,2,2,True
DDA3937_RS16430,,ROGUE_SUSPECT,unknown,0,E_geometry|P_rogue,0,0.2969476807577177,0.780015830317209,0.0,0.0,74,1,16.15,2,2,False
DDA3937_RS16435,,ROGUE_SUSPECT,unknown,0,N_score|P_rogue,0,0.1721989094406581,0.8793944017084222,0.0,0.0,478,1,15.31,2,2,False
DDA3937_RS16440,,ROGUE_SUSPECT,unknown,0,E_geometry|N_score|P_rogue,0,0.2061401175682311,0.8677573201406691,0.0,0.0,373,1,14.03,2,2,False
DDA3937_RS16445,,ROGUE_SUSPECT,unknown,0,E_geometry|N_score|P_rogue,0,0.2041061031059808,0.8695230418689427,0.0,0.0,380,1,12.78,2,2,False
DDA3937_RS16455,,CONFIDENT_NONESSENTIAL,non-essential,2,E_geometry|N_score|N_pangenome_strong,0,0.2758660694972559,0.8017479744066323,0.0,0.0,135,1,10.61,0,2,False
DDA3937_RS16460,,CONFIDENT_NONESSENTIAL,non-essential,1,E_cons_core|E_geometry|N_pangenome_strong,1,0.8394272703497593,0.16989960146294775,0.5714285714285714,0.0,98,1,10.26,0,2,False
DDA3937_RS16465,,CONFIDENT_NONESSENTIAL,non-essential,2,E_geometry|N_score|N_pangenome_strong,0,0.2472414756275056,0.8140934047481857,0.0,0.0,206,1,9.7,0,2,False
DDA3937_RS16485,,CONFIDENT_NONESSENTIAL,non-essential,2,N_score|N_pangenome_some,0,0.0876738515990266,0.9299111809623085,0.0,0.0,879,1,5.02,1,2,False
DDA3937_RS16490,,ROGUE_SUSPECT,unknown,0,E_geometry|N_score|N_mobile|P_rogue,0,0.2862660126973588,0.7605558398860095,0.0,0.0,67,1,3.61,2,2,False
DDA3937_RS22430,,ROGUE_SUSPECT,unknown,0,E_geometry|N_score|N_mobile|P_rogue,1,0.2874446624761333,0.7608502341615954,0.0,0.0,65,1,3.42,2,2,False
DDA3937_RS22435,,UNRESOLVED,unknown,0,E_geometry|N_mobile,0,0.6326697440229219,0.4511445068393012,0.3,2.0,68,1,2.8,2,2,False
DDA3937_RS16505,,CONFIDENT_NONESSENTIAL,non-essential,3,E_geometry|N_score|N_pangenome_some|N_mobile,0,0.2454576667889171,0.843300332104365,0.0,0.0,244,1,2.12,1,2,False
DDA3937_RS16510,,CONFIDENT_NONESSENTIAL,non-essential,3,E_geometry|N_score|N_pangenome_some|N_mobile,1,0.2883954132277648,0.7834245356589142,0.0,0.0,86,1,1.44,1,2,False
DDA3937_RS16515,,CONFIDENT_NONESSENTIAL,non-essential,3,E_geometry|N_score|N_pangenome_some|N_mobile,0,0.2574280769091709,0.8253454264714034,0.0,0.0,195,1,0.96,1,2,False
DDA3937_RS16520,,CONFIDENT_NONESSENTIAL,non-essential,3,E_geometry|N_score|N_redundancy|N_mobile,0,0.2319694617396266,0.8306165762705566,0.0357142857142857,9.0,405,1,0.0,2,2,True
DDA3937_RS16530,,UNRESOLVED,unknown,0,E_geometry|N_mobile,0,0.318685312454576,0.7141273613518141,0.1714285714285714,0.0,418,1,1.63,2,2,True
DDA3937_RS16535,,UNRESOLVED,unknown,0,E_geometry|N_mobile,0,0.3680196547235222,0.6457778329557871,0.2058823529411764,0.0,368,1,2.82,2,2,True
DDA3937_RS16540,,ROGUE_SUSPECT,unknown,0,E_geometry|N_score|N_mobile|P_rogue,0,0.2766587399348342,0.7929717403713423,0.0,0.0,120,1,3.67,2,2,False
DDA3937_RS16545,,ROGUE_SUSPECT,unknown,0,N_score|N_mobile|P_rogue,0,0.1806872188475123,0.8628238538925567,0.0,0.0,423,1,4.65,2,2,False
DDA3937_RS16550,,UNRESOLVED,unknown,0,E_geometry,0,0.3755514737152148,0.6635002398433806,0.1333333333333333,0.0,179,1,5.55,2,2,True
DDA3937_RS16555,,ROGUE_SUSPECT,unknown,0,E_geometry|N_score|P_rogue,0,0.1792929513081979,0.855882329132189,0.0,0.0,417,1,6.55,2,2,False
DDA3937_RS16560,,ROGUE_SUSPECT,unknown,0,E_geometry|P_rogue,0,0.3022004305975689,0.7406647462247089,0.05,0.0,153,1,7.56,2,2,False
DDA3937_RS16565,,UNRESOLVED,unknown,0,N_pangenome_some,0,0.2952256834407809,0.7671473602319335,0.0,0.0,67,0,8.15,1,2,False
DDA3937_RS16570,,ROGUE_SUSPECT,unknown,0,N_score|N_long_lagging|P_rogue|P_conditional,0,0.1671707744935134,0.874079213871621,0.0,0.0,487,0,9.22,2,2,False
DDA3937_RS16575,,ROGUE_SUSPECT,unknown,0,E_geometry|N_score|P_rogue,0,0.1962435120796392,0.8394033607493825,0.0,0.0,353,1,10.58,2,2,False
DDA3937_RS16580,,ROGUE_SUSPECT,unknown,0,N_score|P_rogue,0,0.2448033062219769,0.8315692243530203,0.0,0.0,242,0,11.85,2,2,False
DDA3937_RS16585,,ROGUE_SUSPECT,unknown,0,E_geometry|N_score|P_rogue,0,0.2619414410484762,0.7857121595834403,0.0416666666666666,0.0,256,1,12.56,2,2,False
DDA3937_RS16590,,UNRESOLVED,unknown,0,E_cons_core|E_geometry,1,0.8361403252305019,0.15783978000435048,0.6071428571428571,1.0,194,1,13.3,2,2,False
DDA3937_RS16595,,ROGUE_SUSPECT,unknown,0,N_score|N_long_lagging|P_rogue|P_conditional,0,0.1031317838485414,0.9269355445207934,0.0,0.0,815,0,15.17,2,2,False
DDA3937_RS16600,,ROGUE_SUSPECT,unknown,0,E_geometry|N_score|P_rogue,0,0.1835330936170616,0.8485529442094142,0.0,0.0,401,1,17.06,2,2,False
DDA3937_RS16605,,ROGUE_SUSPECT,unknown,0,N_score|P_rogue,0,0.2366765193926852,0.7947171667188013,0.0476190476190476,0.0,344,0,18.45,2,2,False
DDA3937_RS16610,,ROGUE_SUSPECT,unknown,0,E_geometry|P_rogue,0,0.3205741141049125,0.7225477986449799,0.0769230769230769,0.0,181,1,19.31,2,2,False
DDA3937_RS16615,,UNRESOLVED,unknown,0,E_cons_core|E_geometry,0,0.7846364733461519,0.19521703371861635,0.5555555555555556,0.0,231,1,19.94,2,2,False
DDA3937_RS16620,,UNRESOLVED,unknown,0,E_geometry,0,0.3320650585066154,0.6955955921928143,0.1,1.0,205,1,20.59,2,2,True
DDA3937_RS16625,,UNRESOLVED,unknown,0,N_redundancy,0,0.3992617248664002,0.6441459814553472,0.2162162162162162,4.0,386,0,21.7,2,2,True
DDA3937_RS16630,,UNRESOLVED,unknown,0,,0,0.3719148526576029,0.6702164032229637,0.1470588235294117,2.0,256,0,22.65,2,2,True
DDA3937_RS16635,,CONFIDENT_NONESSENTIAL,non-essential,1,N_score,0,0.2795331657727149,0.7289232087579359,0.1363636363636363,0.0,422,1,23.7,2,2,True
DDA3937_RS16640,,UNRESOLVED,unknown,0,E_cons_core|E_geometry,0,0.8667644332981912,0.10951197069624566,0.75,2.0,415,1,24.95,2,2,False
DDA3937_RS16645,,UNRESOLVED,unknown,0,E_cons_core|E_geometry|F_core_redundant,1,0.9623487848878606,0.029983040334368074,0.945945945945946,16.0,244,1,26.0,2,2,True
DDA3937_RS16650,,UNRESOLVED,unknown,0,E_geometry|N_redundancy,0,0.4812989896864662,0.5403704903894129,0.2,18.0,218,1,26.67,2,2,False
DDA3937_RS16655,,UNRESOLVED,unknown,0,E_geometry|N_redundancy,0,0.4808521599256167,0.5443242030239783,0.2,18.0,222,1,27.34,2,2,False
DDA3937_RS16660,,UNRESOLVED,unknown,0,E_geometry|N_redundancy,1,0.3637154839082356,0.6874606257986745,0.1176470588235294,12.0,264,1,28.07,2,2,True
DDA3937_RS16665,,UNRESOLVED,unknown,0,E_geometry,0,0.3930367089647726,0.6217493234282596,0.1851851851851851,2.0,280,1,29.16,2,2,True
DDA3937_RS16670,,CONDITIONAL_SUSPECT,unknown,0,N_score|N_long_lagging|P_conditional,0,0.1758505734022598,0.853868832027086,0.0303030303030303,1.0,530,0,30.54,2,2,True
DDA3937_RS16675,,CONFIDENT_ESSENTIAL,essential,2,E_score|E_cons_core,1,0.974532555686332,0.019906991673664998,1.0,0.0,66,0,31.48,2,2,False
DDA3937_RS16680,,UNRESOLVED,unknown,0,E_cons_core,0,0.916537305858351,0.06472808456226842,0.8823529411764706,2.0,471,0,32.28,2,2,False
DDA3937_RS16685,,UNRESOLVED,unknown,0,,0,0.445397584144628,0.5980308206612955,0.1666666666666666,0.0,127,0,33.18,2,2,False
DDA3937_RS16690,,ROGUE_SUSPECT,unknown,0,E_geometry|N_score|P_rogue,0,0.20761130137148,0.8221237531809444,0.0,0.0,316,1,34.12,2,2,False
DDA3937_RS16695,,ROGUE_SUSPECT,unknown,0,E_geometry|N_score|P_rogue,0,0.2860105460122648,0.731606666183591,0.0714285714285714,0.0,246,1,35.02,2,2,False
DDA3937_RS16700,,UNRESOLVED,unknown,0,E_cons_core|E_geometry|F_core_redundant,0,0.8112274808898096,0.17434482013503558,0.5757575757575758,7.0,248,1,35.76,2,2,False
DDA3937_RS16705,,CONDITIONAL_SUSPECT,unknown,0,N_score|N_long_lagging|P_conditional,0,0.2026032216815156,0.8456207965488752,0.0454545454545454,1.0,495,0,37.02,2,2,True
DDA3937_RS16710,,ROGUE_SUSPECT,unknown,0,N_score|N_long_lagging|P_rogue|P_conditional,0,0.1444198986249917,0.8916967738834014,0.0,0.0,601,0,38.94,2,2,False
DDA3937_RS16715,,UNRESOLVED,unknown,0,E_cons_core|F_core_redundant,0,0.8231452898113809,0.1837318876065428,0.5757575757575758,7.0,239,0,40.22,2,2,False
DDA3937_RS16720,,ROGUE_SUSPECT,unknown,0,N_score|P_rogue,0,0.2283670963665781,0.8294333023615612,0.0416666666666666,0.0,401,0,41.97,2,2,False
DDA3937_RS16725,,ROGUE_SUSPECT,unknown,0,N_score|P_rogue,0,0.2218086143560624,0.8143533770947405,0.0454545454545454,0.0,407,0,43.17,2,2,False
DDA3937_RS16730,,ROGUE_SUSPECT,unknown,0,N_score|P_rogue,0,0.2843872576826915,0.7801278557158157,0.08,0.0,333,0,44.4,2,2,False
DDA3937_RS16740,,UNRESOLVED,unknown,0,N_redundancy,0,0.3412478566202733,0.7082968885386521,0.1351351351351351,15.0,402,0,45.82,2,2,True
DDA3937_RS16745,,CONFIDENT_NONESSENTIAL,non-essential,1,N_score,0,0.2365256334709533,0.8071771629638568,0.0,1.0,254,0,46.9,2,2,True
DDA3937_RS16750,,ROGUE_SUSPECT,unknown,0,N_score|P_rogue,0,0.2908505606520659,0.7836902231880515,0.0,0.0,114,0,47.45,2,2,False
DDA3937_RS16755,,UNRESOLVED,unknown,0,E_cons_core|F_core_redundant,0,0.8615319671482017,0.15933798143474043,0.6,8.0,171,0,48.05,2,2,False
DDA3937_RS16760,,CONFIDENT_NONESSENTIAL,non-essential,2,N_score|N_redundancy,0,0.2094796134982985,0.8515617076592112,0.0,4.0,392,0,49.07,2,2,True
DDA3937_RS16765,,CONDITIONAL_SUSPECT,unknown,0,N_score|N_redundancy|N_long_lagging|P_conditional,0,0.2235872332092749,0.8384101286661372,0.0588235294117647,6.0,511,0,50.44,2,2,True
DDA3937_RS16770,,UNRESOLVED,unknown,0,E_geometry,0,0.3351269267485761,0.694210998681909,0.1578947368421052,0.0,363,1,51.84,2,2,False
DDA3937_RS16775,,UNRESOLVED,unknown,0,,0,0.5456682163651789,0.514027530024034,0.25,0.0,142,0,53.11,2,2,False
DDA3937_RS16780,,ROGUE_SUSPECT,unknown,0,P_rogue,0,0.2994767696750383,0.7564220122458556,0.0625,0.0,239,0,53.77,2,2,False
DDA3937_RS16785,,ROGUE_SUSPECT,unknown,0,N_score|N_long_lagging|P_rogue|P_conditional,0,0.0988498013210178,0.938458926590391,0.0,0.0,889,0,55.49,2,2,False
DDA3937_RS16790,,UNRESOLVED,unknown,0,,1,0.5434331353501226,0.5403215582554926,0.3571428571428571,0.0,452,0,57.65,2,2,False
DDA3937_RS16795,,ROGUE_SUSPECT,unknown,0,N_score|P_rogue,0,0.291500470782682,0.7735937007586482,0.0,0.0,108,0,58.61,2,2,False
DDA3937_RS16800,,UNRESOLVED,unknown,0,N_redundancy,0,0.3395235604241552,0.7477958093278237,0.1481481481481481,8.0,433,1,59.41,2,2,True
DDA3937_RS16845,,UNRESOLVED,unknown,0,,0,0.4384907201367916,0.6569442249886897,0.217391304347826,1.0,344,0,67.43,2,2,True
DDA3937_RS16850,,UNRESOLVED,unknown,0,,0,0.3119352366818148,0.7817068124399728,0.0454545454545454,2.0,218,0,68.27,2,2,True
DDA3937_RS16855,,UNRESOLVED,unknown,0,,0,0.3862599225297227,0.7188553349252282,0.1363636363636363,2.0,272,0,69.06,2,2,True
DDA3937_RS16860,,ROGUE_SUSPECT,unknown,0,N_score|P_rogue,0,0.2837892344310281,0.780645245882584,0.0,0.0,136,0,69.79,2,2,False
DDA3937_RS16865,,ROGUE_SUSPECT,unknown,0,N_score|P_rogue,0,0.2544822266777476,0.8175450140691091,0.0,0.0,236,0,70.34,2,2,False
DDA3937_RS16870,,UNRESOLVED,unknown,0,E_cons_core,1,0.9371353971117374,0.06340308212511657,0.9629629629629628,0.0,573,0,71.67,2,2,False
DDA3937_RS16875,,UNRESOLVED,unknown,0,E_geometry,1,0.3639765983726737,0.7119667833548415,0.1538461538461538,0.0,331,1,73.11,2,2,True
DDA3937_RS16880,,UNRESOLVED,unknown,0,E_geometry,1,0.526491584355674,0.5301652837171086,0.3333333333333333,0.0,409,1,74.27,2,2,False
DDA3937_RS16885,,UNRESOLVED,unknown,0,E_geometry,0,0.4185022775788314,0.6292132173712379,0.1666666666666666,0.0,209,1,75.5,2,2,False
DDA3937_RS16890,,ROGUE_SUSPECT,unknown,0,E_geometry|N_score|P_rogue,0,0.2102917273070005,0.8353214873883936,0.0,0.0,350,1,76.46,2,2,False
DDA3937_RS16895,,CONFIDENT_ESSENTIAL,essential,3,E_score|E_cons_core|E_geometry,1,0.9702940867445634,0.02234993688078194,1.0,0.0,166,1,77.23,2,2,True
DDA3937_RS16900,,CONFIDENT_ESSENTIAL,essential,3,E_score|E_cons_core|E_geometry,1,0.9658181763890912,0.02499416850219316,1.0,0.0,243,1,77.85,2,2,True
DDA3937_RS16905,,CONFIDENT_ESSENTIAL,essential,3,E_score|E_cons_core|E_geometry,1,0.9679154612455072,0.02794337965236206,0.9523809523809524,0.0,113,1,78.38,2,2,True
DDA3937_RS16910,,ROGUE_SUSPECT,unknown,0,E_geometry|P_rogue,0,0.2942715249104232,0.7813979196139611,0.0,0.0,115,1,78.94,2,2,False
DDA3937_RS16915,,UNRESOLVED,unknown,0,E_geometry,0,0.3718927582493838,0.6851674724078256,0.12,0.0,208,1,79.55,2,2,True
DDA3937_RS16920,,UNRESOLVED,unknown,0,E_cons_core,1,0.9159954896975327,0.07755194656401729,0.8648648648648649,1.0,476,1,80.57,2,2,False
DDA3937_RS16925,,UNRESOLVED,unknown,0,E_geometry,0,0.6740624685001471,0.35638067423921566,0.4285714285714285,1.0,303,1,81.75,2,2,False
DDA3937_RS16930,,CONFIDENT_NONESSENTIAL,non-essential,1,N_score,0,0.2879819092142224,0.7482191583722486,0.1428571428571428,0.0,474,1,82.93,2,2,False
DDA3937_RS16935,,UNRESOLVED,unknown,0,E_geometry,0,0.6931381207600096,0.32518568104601175,0.4285714285714285,1.0,245,1,84.47,2,2,False
DDA3937_RS16940,,CONFIDENT_NONESSENTIAL,non-essential,1,N_score,0,0.230530992853475,0.8256909729023791,0.1034482758620689,0.0,572,1,85.71,2,2,True
DDA3937_RS16945,,ROGUE_SUSPECT,unknown,0,N_score|P_rogue,0,0.1487944895199279,0.8923764319545879,0.0,0.0,608,1,87.48,2,2,False
DDA3937_RS16950,,CONFIDENT_NONESSENTIAL,non-essential,3,N_score|N_pangenome_strong|N_long_lagging,0,0.1624535213883373,0.8889029406852162,0.0,0.0,570,0,89.54,0,2,False
DDA3937_RS16960,,CONFIDENT_NONESSENTIAL,non-essential,3,N_score|N_pangenome_strong|N_long_lagging,0,0.1931769805796488,0.8617204312378688,0.0,0.0,445,0,92.93,0,2,False
DDA3937_RS16965,,UNRESOLVED,unknown,0,,0,0.6553952467953484,0.3985262280943274,0.3333333333333333,0.0,123,0,93.91,2,2,False
DDA3937_RS16970,,UNRESOLVED,unknown,0,E_geometry,0,0.4178114147165003,0.6337637132002703,0.1666666666666666,0.0,224,1,94.47,2,2,False
DDA3937_RS16975,,ROGUE_SUSPECT,unknown,0,N_score|P_rogue,0,0.2735252634250532,0.80093388690441,0.05,0.0,325,0,95.5,2,2,True
DDA3937_RS16980,,ROGUE_SUSPECT,unknown,0,E_geometry|N_score|P_rogue,0,0.2098647022564215,0.8483067148208534,0.0,0.0,380,1,96.63,2,2,False
DDA3937_RS16985,,ROGUE_SUSPECT,unknown,0,N_score|P_rogue,0,0.1718981523768023,0.8804204820505986,0.0,0.0,525,1,96.16,2,2,False
DDA3937_RS16990,,CONFIDENT_NONESSENTIAL,non-essential,2,E_geometry|N_score|N_redundancy,0,0.2775851945593059,0.7814444632074388,0.0625,5.0,352,1,94.55,2,2,True
DDA3937_RS16995,,CONFIDENT_NONESSENTIAL,non-essential,2,N_score|N_redundancy,0,0.1601008088621879,0.8944715978784015,0.0294117647058823,8.0,710,1,92.95,2,2,True
DDA3937_RS17000,,UNRESOLVED,unknown,0,E_cons_core,1,0.9316316687985566,0.0670358696151779,0.8918918918918919,0.0,433,1,90.87,2,2,False
DDA3937_RS17005,,UNRESOLVED,unknown,0,E_cons_core,1,0.9480446339615658,0.04899385015022745,1.0,0.0,546,1,89.3,2,2,False
DDA3937_RS17010,,ROGUE_SUSPECT,unknown,0,E_geometry|N_score|P_rogue,0,0.2710579284639974,0.784783844752985,0.037037037037037,0.0,266,1,87.86,2,2,False
DDA3937_RS17015,,UNRESOLVED,unknown,0,,1,0.5270522864524271,0.5248348532264725,0.4571428571428571,1.0,746,1,86.12,2,2,False
DDA3937_RS17020,,CONFIDENT_NONESSENTIAL,non-essential,1,N_score,0,0.1838428278282006,0.8496938238718776,0.0,1.0,445,1,84.33,2,2,False
DDA3937_RS17025,,ROGUE_SUSPECT,unknown,0,N_score|N_long_lagging|P_rogue|P_conditional,0,0.0987318750656739,0.9436958646436004,0.0,0.0,922,0,82.22,2,2,False
DDA3937_RS17030,,ROGUE_SUSPECT,unknown,0,E_geometry|N_score|P_rogue,1,0.2442362777354287,0.7990799808739824,0.0555555555555555,0.0,381,1,80.16,2,2,False
DDA3937_RS17035,,UNRESOLVED,unknown,0,E_geometry,0,0.5435190830032073,0.4848877243492853,0.3125,0.0,297,1,78.87,2,2,True
DDA3937_RS17040,,UNRESOLVED,unknown,0,E_geometry,0,0.5681907833481527,0.4544663376449803,0.3181818181818182,1.0,257,1,77.97,2,2,True
DDA3937_RS17045,,ROGUE_SUSPECT,unknown,0,N_score|P_rogue,0,0.2215142853531095,0.8267615881315272,0.05,0.0,447,1,76.84,2,2,False
DDA3937_RS17050,,ROGUE_SUSPECT,unknown,0,N_score|P_rogue,0,0.1827668977419924,0.8610384026437177,0.0,0.0,454,1,75.48,2,2,False
DDA3937_RS17055,,CONFIDENT_NONESSENTIAL,non-essential,2,N_score|N_redundancy,0,0.2851919731454962,0.7886207631031288,0.0967741935483871,9.0,451,1,74.1,2,2,True
DDA3937_RS17065,,CONDITIONAL_SUSPECT,unknown,0,N_score|N_long_lagging|P_conditional,0,0.1994865419202298,0.8578733839640329,0.0416666666666666,1.0,530,0,71.73,2,2,True
DDA3937_RS17070,,CONDITIONAL_SUSPECT,unknown,0,N_score|N_long_lagging|P_conditional,0,0.1820333263980594,0.881112722204982,0.0,3.0,512,0,69.58,2,2,True
DDA3937_RS17075,,ROGUE_SUSPECT,unknown,0,P_rogue,1,0.3003419476277275,0.785593552030028,0.0,0.0,111,0,68.49,2,2,False
DDA3937_RS17080,,ROGUE_SUSPECT,unknown,0,P_rogue,0,0.3031604125430379,0.7957505638775672,0.0,0.0,117,0,68.0,2,2,False
DDA3937_RS17085,,ROGUE_SUSPECT,unknown,0,P_rogue,0,0.304607732074365,0.8034154501377097,0.0,0.0,123,0,67.52,2,2,False
DDA3937_RS17090,,UNRESOLVED,unknown,0,E_geometry,0,0.4339576650340617,0.6153685760911407,0.1304347826086956,0.0,74,1,66.88,2,2,False
DDA3937_RS17095,,UNRESOLVED,unknown,0,E_cons_core,1,0.9223382980316605,0.06703935192929966,0.9714285714285714,0.0,684,1,65.74,2,2,False
DDA3937_RS17100,,UNRESOLVED,unknown,0,E_cons_core,1,0.8444604490768726,0.14252223198238673,0.7222222222222222,0.0,476,1,63.99,2,2,False
DDA3937_RS17105,,ROGUE_SUSPECT,unknown,0,N_score|P_rogue,0,0.0865573362052277,0.9408410770175131,0.0,0.0,950,1,61.69,2,2,False
DDA3937_RS17110,,ROGUE_SUSPECT,unknown,0,N_score|P_rogue,0,0.183051159868358,0.8603187586278968,0.0,0.0,444,1,59.48,2,2,True
DDA3937_RS17115,,ROGUE_SUSPECT,unknown,0,P_rogue,0,0.3461535594742423,0.7260731625910257,0.0909090909090909,0.0,207,0,58.19,2,2,False
DDA3937_RS17120,,UNRESOLVED,unknown,0,E_cons_core,1,0.8819335160060976,0.11019503440889362,0.7647058823529411,0.0,416,0,57.03,2,2,False
DDA3937_RS17125,,UNRESOLVED,unknown,0,E_geometry,0,0.7170351507704952,0.29902184748045085,0.4722222222222222,0.0,274,1,55.95,2,2,False
DDA3937_RS17130,,UNRESOLVED,unknown,0,E_cons_core|E_geometry,1,0.956495515893844,0.03248587636627822,0.9032258064516128,0.0,121,1,55.18,2,2,True
DDA3937_RS17135,,UNRESOLVED,unknown,0,,0,0.7381672253696253,0.2806378700492329,0.46875,0.0,214,0,54.57,2,2,False
DDA3937_RS17140,,CONFIDENT_NONESSENTIAL,non-essential,2,N_score|N_pangenome_some,0,0.1610589481670472,0.8780909820216366,0.0,0.0,529,1,53.38,1,2,False
DDA3937_RS17145,,CONFIDENT_ESSENTIAL,essential,2,E_score|E_cons_core,1,0.9712110057641546,0.025943583241708618,1.0,0.0,177,0,52.01,2,2,True
DDA3937_RS17150,,UNRESOLVED,unknown,0,E_geometry,0,0.4747738780633822,0.5821710854519334,0.1818181818181818,0.0,114,1,51.49,2,2,False
DDA3937_RS17155,,ROGUE_SUSPECT,unknown,0,N_score|P_rogue,0,0.0532734118760106,0.9662532727299857,0.0,0.0,1252,1,49.44,2,2,False
DDA3937_RS17160,,ROGUE_SUSPECT,unknown,0,N_score|P_rogue,0,0.1493757013308921,0.8888206487900869,0.0,0.0,579,1,46.7,2,2,False
DDA3937_RS17165,,ROGUE_SUSPECT,unknown,0,P_rogue,0,0.3002588922518832,0.753292713265344,0.0555555555555555,0.0,213,0,45.13,2,2,False
DDA3937_RS17170,,ROGUE_SUSPECT,unknown,0,N_score|N_long_lagging|P_rogue|P_conditional,0,0.2362611307043935,0.8377270474434828,0.0571428571428571,0.0,439,0,43.85,2,2,True
DDA3937_RS17175,,ROGUE_SUSPECT,unknown,0,E_geometry|P_rogue,0,0.3148242808696224,0.7894658266321719,0.0,0.0,69,1,42.99,2,2,False
DDA3937_RS17180,,UNRESOLVED,unknown,0,E_geometry,0,0.495287201675345,0.5253212558124957,0.2592592592592592,1.0,247,1,42.06,2,2,False
DDA3937_RS17185,,CONDITIONAL_SUSPECT,unknown,0,N_score|N_long_lagging|P_conditional,0,0.1425683072890082,0.9083718030842649,0.0,1.0,650,0,40.34,2,2,True
DDA3937_RS17190,,ROGUE_SUSPECT,unknown,0,P_rogue,0,0.3170602153303254,0.7534324961602136,0.0714285714285714,0.0,222,0,38.9,2,2,False
DDA3937_RS17200,,CONFIDENT_NONESSENTIAL,non-essential,1,E_geometry|N_score,0,0.2895871396251268,0.7473341964762937,0.05,1.0,207,1,37.39,2,2,False
DDA3937_RS17205,,ROGUE_SUSPECT,unknown,0,N_score|P_rogue,0,0.2396288338551713,0.8058688241791414,0.0,0.0,236,0,36.5,2,2,False
DDA3937_RS17210,,ROGUE_SUSPECT,unknown,0,E_geometry|N_score|P_rogue,0,0.27188852193905,0.7711995314484085,0.0,0.0,125,1,35.98,2,2,False
DDA3937_RS17215,,UNRESOLVED,unknown,0,E_cons_core|E_geometry,1,0.8648455500709681,0.1294799793132316,0.6363636363636364,0.0,150,1,35.45,2,2,False
DDA3937_RS17220,,CONFIDENT_ESSENTIAL,essential,3,E_score|E_cons_core|E_geometry,1,0.9716355465097898,0.025488356768683076,0.9714285714285714,0.0,76,1,35.07,2,2,True
DDA3937_RS17225,,UNRESOLVED,unknown,0,E_cons_core|E_geometry,1,0.9358878251556442,0.05846751852515187,0.8,0.0,107,1,34.79,2,2,False
DDA3937_RS17230,,CONFIDENT_ESSENTIAL,essential,3,E_score|E_cons_core|E_geometry,1,0.9721479362731958,0.023754571062294345,1.0,0.0,131,1,34.43,2,2,True
DDA3937_RS17235,,ROGUE_SUSPECT,unknown,0,E_geometry|N_score|P_rogue,0,0.23195769573411,0.8112555572551324,0.0,0.0,250,1,33.63,2,2,False
DDA3937_RS17240,,ROGUE_SUSPECT,unknown,0,N_score|N_long_lagging|P_rogue|P_conditional,0,0.1402605097557791,0.9084551535209636,0.0,0.0,647,0,32.06,2,2,False
DDA3937_RS17245,,ROGUE_SUSPECT,unknown,0,N_score|P_rogue,0,0.2749389489408284,0.781760462272897,0.0,0.0,135,0,30.75,2,2,False
DDA3937_RS17250,,ROGUE_SUSPECT,unknown,0,N_score|P_rogue,0,0.2873576705709297,0.7634493953236436,0.0,0.0,92,0,30.4,2,2,False
DDA3937_RS17255,,UNRESOLVED,unknown,0,E_geometry,0,0.3334490197605678,0.6893501788116382,0.1176470588235294,0.0,245,1,29.79,2,2,True
DDA3937_RS17260,,ROGUE_SUSPECT,unknown,0,N_score|P_rogue,0,0.1016596806116486,0.9294120427471201,0.0,0.0,830,1,28.1,2,2,False
DDA3937_RS17265,,UNRESOLVED,unknown,0,E_geometry,1,0.7612894289743609,0.26518607624521634,0.4705882352941176,1.0,142,1,26.61,2,2,False
DDA3937_RS17270,,ROGUE_SUSPECT,unknown,0,N_score|N_long_lagging|P_rogue|P_conditional,0,0.1648823294143171,0.8880125926908697,0.0,0.0,529,0,25.24,2,2,False
DDA3937_RS17275,,ROGUE_SUSPECT,unknown,0,N_score|P_rogue,0,0.219853634299699,0.8313618924816331,0.0,0.0,304,0,23.54,2,2,False
DDA3937_RS17280,,ROGUE_SUSPECT,unknown,0,N_score|P_rogue,0,0.2168093726142246,0.8283672014476313,0.0416666666666666,0.0,417,0,22.46,2,2,False
DDA3937_RS17285,,ROGUE_SUSPECT,unknown,0,N_score|P_rogue,0,0.2605426356819078,0.8232936515184811,0.0,0.0,207,0,21.37,2,2,False
DDA3937_RS17290,,UNRESOLVED,unknown,0,E_geometry|N_pangenome_some,1,0.2989830248024746,0.768799834327235,0.0,0.0,64,1,20.98,1,2,False
DDA3937_RS17295,,ROGUE_SUSPECT,unknown,0,E_geometry|N_score|P_rogue,0,0.1964377224345903,0.8225308156477915,0.0,0.0,338,1,20.24,2,2,False
DDA3937_RS17300,,ROGUE_SUSPECT,unknown,0,N_score|P_rogue,0,0.2865476777462702,0.7686454618648036,0.0571428571428571,0.0,245,0,19.34,2,2,True
DDA3937_RS17305,,UNRESOLVED,unknown,0,,0,0.63039450791274,0.36120650494516143,0.4,0.0,274,0,18.53,2,2,False
DDA3937_RS17310,,UNRESOLVED,unknown,0,,0,0.4624572725524364,0.6000640470442976,0.2,0.0,185,0,17.8,2,2,False
DDA3937_RS17315,,UNRESOLVED,unknown,0,,0,0.5927317609459161,0.447305452857159,0.2857142857142857,0.0,97,0,17.38,2,2,False
DDA3937_RS17320,,ROGUE_SUSPECT,unknown,0,P_rogue,0,0.316213304097195,0.7112773825483226,0.081081081081081,0.0,198,0,16.89,2,2,True
DDA3937_RS17325,,ROGUE_SUSPECT,unknown,0,N_score|P_rogue,0,0.1927262585470538,0.8434044824678646,0.0,0.0,380,0,16.03,2,2,False
DDA3937_RS17330,,ROGUE_SUSPECT,unknown,0,P_rogue,1,0.3108621043910748,0.765017011376759,0.0,0.0,43,0,15.27,2,2,False
DDA3937_RS17335,,UNRESOLVED,unknown,0,E_geometry,0,0.4317814216760714,0.5806973444033745,0.1785714285714285,0.0,152,1,14.93,2,2,False
DDA3937_RS17340,,UNRESOLVED,unknown,0,E_geometry,0,0.3753129240925311,0.6271058986404813,0.2307692307692307,0.0,416,1,14.07,2,2,False
DDA3937_RS17345,,ROGUE_SUSPECT,unknown,0,N_score|P_rogue,0,0.1134588797184342,0.913048763737092,0.0,0.0,733,1,12.35,2,2,False
DDA3937_RS17350,,CONFIDENT_NONESSENTIAL,non-essential,1,N_score,0,0.1747498542403717,0.8646747122015377,0.0,3.0,466,1,10.25,2,2,True
DDA3937_RS17355,,ROGUE_SUSPECT,unknown,0,N_score|P_rogue,0,0.1623690348155097,0.8748568977087561,0.0,0.0,497,1,8.74,2,2,False
DDA3937_RS17360,,ROGUE_SUSPECT,unknown,0,N_score|P_rogue,0,0.1313238638571667,0.9004826827380754,0.0,0.0,639,1,7.03,2,2,False
DDA3937_RS17365,,ROGUE_SUSPECT,unknown,0,E_geometry|N_score|P_rogue,0,0.2283706358041205,0.848919322210588,0.0,0.0,293,1,5.43,2,2,False
DDA3937_RS17370,,CONFIDENT_NONESSENTIAL,non-essential,3,E_geometry|N_score|N_pangenome_strong|N_mobile,0,0.2132055254200237,0.8307868139149915,0.0,0.0,301,1,4.01,0,2,True
DDA3937_RS17375,,UNRESOLVED,unknown,0,N_redundancy|N_mobile,0,0.6070543760310014,0.4053478748339689,0.3666666666666666,14.0,337,0,2.53,2,2,False
DDA3937_RS17390,,ROGUE_SUSPECT,unknown,0,E_geometry|N_score|N_mobile|P_rogue,0,0.2515594260227708,0.7904309500579628,0.0,0.0,168,1,0.5,2,2,False
DDA3937_RS17395,,UNRESOLVED,unknown,0,E_cons_core|E_geometry|N_mobile|F_core_redundant,0,0.8062471798055107,0.18331277313312364,0.5757575757575758,7.0,256,1,1.14,2,2,False
DDA3937_RS17400,,UNRESOLVED,unknown,0,E_cons_core|E_geometry|N_mobile,0,0.7818446618383879,0.21537459814009324,0.5,0.0,106,1,1.87,2,2,False
DDA3937_RS17405,,CONFIDENT_NONESSENTIAL,non-essential,2,N_score|N_mobile,0,0.1698778848992491,0.8669727226629594,0.0,3.0,479,1,2.76,2,2,True
DDA3937_RS17410,,ROGUE_SUSPECT,unknown,0,N_score|N_mobile|P_rogue,0,0.1743149721508704,0.8656016365580943,0.0,0.0,447,1,4.22,2,2,False
DDA3937_RS17415,,UNRESOLVED,unknown,0,E_cons_core,0,0.7834788043094353,0.2131487914620483,0.5,0.0,109,0,5.29,2,2,False
DDA3937_RS17420,,UNRESOLVED,unknown,0,N_redundancy,0,0.6121117629647004,0.4133274923841672,0.3666666666666666,14.0,337,0,6.09,2,2,False
DDA3937_RS17425,,UNRESOLVED,unknown,0,E_cons_core,0,0.7603877195221403,0.21710008817431542,0.5945945945945946,2.0,421,1,7.24,2,2,False
DDA3937_RS17430,,UNRESOLVED,unknown,0,E_cons_core|F_core_redundant,1,0.8910089725224456,0.10622289194944906,0.6216216216216216,55.0,312,0,8.46,2,2,True
DDA3937_RS17435,,UNRESOLVED,unknown,0,E_geometry|N_redundancy,0,0.4764030916912394,0.5283923669753867,0.2571428571428571,13.0,331,1,9.44,2,2,True
DDA3937_RS17440,,UNRESOLVED,unknown,0,E_geometry|N_redundancy,0,0.3836140195208959,0.6515448695795675,0.1612903225806451,4.0,261,1,10.36,2,2,True
DDA3937_RS17445,,UNRESOLVED,unknown,0,E_geometry|N_redundancy,0,0.3757287845085396,0.6597664177710841,0.1612903225806451,4.0,281,1,11.19,2,2,True
DDA3937_RS17450,,UNRESOLVED,unknown,0,E_geometry,0,0.3003696177887315,0.7197324465699458,0.1,0.0,275,1,12.02,2,2,False
DDA3937_RS17455,,UNRESOLVED,unknown,0,E_geometry,0,0.3158098580455069,0.7288254910581446,0.1333333333333333,1.0,351,1,12.98,2,2,True
DDA3937_RS17460,,UNRESOLVED,unknown,0,N_redundancy,0,0.5811395452726345,0.446085522703237,0.3225806451612903,4.0,236,0,14.13,2,2,False
DDA3937_RS17465,,ROGUE_SUSPECT,unknown,0,E_geometry|N_score|P_rogue,0,0.2531101624211225,0.772357694694368,0.0,0.0,153,1,14.79,2,2,False
DDA3937_RS17470,,UNRESOLVED,unknown,0,E_geometry,0,0.5105793982401994,0.48674238871453995,0.25,0.0,151,1,15.25,2,2,False
DDA3937_RS17480,,ROGUE_SUSPECT,unknown,0,N_score|P_rogue,0,0.2080024600093532,0.835861387434126,0.0,0.0,335,0,18.5,2,2,False
DDA3937_RS17485,,ROGUE_SUSPECT,unknown,0,N_score|P_rogue,0,0.2920474476407664,0.7765722684887052,0.0,0.0,92,0,19.34,2,2,False
DDA3937_RS17495,,ROGUE_SUSPECT,unknown,0,N_score|P_rogue,0,0.1762819410568369,0.8766990613182203,0.0,0.0,469,1,20.59,2,2,True
DDA3937_RS17500,,UNRESOLVED,unknown,0,E_geometry|N_redundancy,0,0.5935397427564058,0.4121175450860162,0.3714285714285714,6.0,330,1,22.14,2,2,False
DDA3937_RS17505,,UNRESOLVED,unknown,0,E_cons_core,1,0.9514025236134558,0.04295465614320626,1.0,0.0,468,0,23.46,2,2,True
DDA3937_RS17510,,UNRESOLVED,unknown,0,E_cons_core,1,0.8896256402961976,0.0952456372481317,0.7714285714285715,0.0,359,0,24.73,2,2,False
DDA3937_RS17515,,UNRESOLVED,unknown,0,E_cons_core|E_geometry,0,0.7973708089762224,0.2099316567213268,0.5,1.0,83,1,24.98,2,2,False
DDA3937_RS17520,,UNRESOLVED,unknown,0,E_geometry|N_redundancy,1,0.3729761905137869,0.6945123301877233,0.1176470588235294,12.0,256,1,24.23,2,2,True
DDA3937_RS17530,,CONFIDENT_NONESSENTIAL,non-essential,2,N_score|N_redundancy,0,0.2092224975734309,0.8391012812605351,0.03125,7.0,458,1,22.16,2,2,True
DDA3937_RS17535,,UNRESOLVED,unknown,0,E_cons_core|F_core_redundant,0,0.8215878447409402,0.19238832381165893,0.5428571428571428,7.0,159,0,20.86,2,2,False
DDA3937_RS17540,,CONFIDENT_NONESSENTIAL,non-essential,1,N_score,0,0.2579939391785245,0.8124731000201697,0.0,1.0,205,0,20.07,2,2,True
DDA3937_RS17545,,UNRESOLVED,unknown,0,,0,0.3562953450331174,0.6933228918539711,0.1851851851851851,1.0,398,0,19.12,2,2,False
DDA3937_RS17550,,CONFIDENT_ESSENTIAL,essential,3,E_score|E_cons_core|E_geometry|N_pangenome_some,0,0.966210772807251,0.02205027501747931,1.0,0.0,185,1,16.88,1,2,False
DDA3937_RS17555,,UNRESOLVED,unknown,0,E_cons_core|E_geometry|N_pangenome_some,0,0.7066715289897442,0.28607592401273896,0.5,0.0,336,1,16.09,1,2,False
DDA3937_RS17560,,UNRESOLVED,unknown,0,E_cons_core|E_geometry|N_pangenome_some,0,0.9592124225025612,0.029314560673873117,1.0,0.0,313,1,15.1,1,2,False
DDA3937_RS17565,,UNRESOLVED,unknown,0,E_cons_core|N_pangenome_some,0,0.9498579455349448,0.038223136298121616,1.0,0.0,446,1,13.96,1,2,False
DDA3937_RS17570,,CONFIDENT_NONESSENTIAL,non-essential,2,N_score|N_pangenome_some,0,0.0655361933740032,0.9545706450124792,0.0,0.0,1092,1,11.64,1,2,False
DDA3937_RS17575,,ROGUE_SUSPECT,unknown,0,E_geometry|N_score|P_rogue,0,0.2020040107488183,0.8332959460071743,0.0,0.0,334,1,9.51,2,2,False
DDA3937_RS17580,,UNRESOLVED,unknown,0,N_redundancy,0,0.3890480950940688,0.6627401936732744,0.25,15.0,564,1,6.37,2,2,True
DDA3937_RS17585,,CONDITIONAL_SUSPECT,unknown,0,N_score|N_mobile|N_long_lagging|P_conditional,0,0.1726609939570139,0.9045996779858139,0.0,1.0,537,0,3.74,2,2,True
DDA3937_RS17595,,CONFIDENT_NONESSENTIAL,non-essential,3,E_geometry|N_score|N_pangenome_strong|N_mobile,0,0.2605890476123906,0.7804372798539075,0.0,0.0,140,1,1.11,0,2,False
DDA3937_RS17600,,UNRESOLVED,unknown,0,E_cons_core|N_mobile|F_core_redundant,1,0.7639301364640485,0.2776721190601253,0.5294117647058824,6.0,330,0,0.0,2,2,False
DDA3937_RS17605,,ROGUE_SUSPECT,unknown,0,N_score|N_mobile|P_rogue,0,0.0928280856985835,0.9348728402341956,0.027027027027027,0.0,944,1,2.28,2,2,False
DDA3937_RS17610,,UNRESOLVED,unknown,0,E_cons_core|N_mobile,1,0.9631929603996596,0.026937669205470124,0.9714285714285714,0.0,182,0,4.22,2,2,True
DDA3937_RS17615,,CONFIDENT_NONESSENTIAL,non-essential,2,E_geometry|N_score|N_mobile,0,0.2729566111084222,0.7650411694021408,0.032258064516129,1.0,193,1,3.84,2,2,True
DDA3937_RS21705,,ROGUE_SUSPECT,unknown,0,N_score|N_mobile|P_rogue,0,0.2802390885967661,0.8253937800125141,0.0,0.0,163,0,2.84,2,2,False
DDA3937_RS17625,,ROGUE_SUSPECT,unknown,0,N_score|N_mobile|P_rogue,0,0.2612033459423272,0.8226794193192913,0.0,0.0,196,0,2.02,2,2,False
DDA3937_RS17630,,ROGUE_SUSPECT,unknown,0,N_score|N_mobile|P_rogue,0,0.2334379233017381,0.8328845863331972,0.0,0.0,266,0,1.32,2,2,False
DDA3937_RS17635,,ROGUE_SUSPECT,unknown,0,N_score|N_mobile|N_long_lagging|P_rogue|P_conditional,0,0.1637945347200093,0.8868709885949209,0.0,0.0,518,0,0.0,2,2,False
DDA3937_RS17640,,ROGUE_SUSPECT,unknown,0,N_score|N_mobile|P_rogue,0,0.2702169472798838,0.8061090162438587,0.0,0.0,157,0,0.0,2,2,False
DDA3937_RS17645,,ROGUE_SUSPECT,unknown,0,N_score|N_mobile|P_rogue,0,0.2663935748989781,0.7962593963541469,0.0,0.0,153,0,0.0,2,2,False
DDA3937_RS17650,,ROGUE_SUSPECT,unknown,0,N_score|N_mobile|P_rogue,0,0.2909736242720007,0.7536237624396734,0.0,0.0,61,0,0.34,2,2,False
DDA3937_RS17655,,ROGUE_SUSPECT,unknown,0,N_score|N_mobile|P_rogue,0,0.2392647611589476,0.8028486005847374,0.0,0.0,216,0,0.77,2,2,False
DDA3937_RS17660,,ROGUE_SUSPECT,unknown,0,N_score|N_mobile|N_long_lagging|P_rogue|P_conditional,0,0.1417268930072367,0.8935069342726417,0.0,0.0,597,0,2.0,2,2,False
DDA3937_RS17665,,UNRESOLVED,unknown,0,E_cons_core|N_mobile,0,0.8457783158142943,0.12679439400272796,0.6,0.0,100,0,3.41,2,2,False
DDA3937_RS17670,,UNRESOLVED,unknown,0,N_mobile,0,0.5979065037346124,0.4372449351511867,0.3076923076923077,1.0,140,0,3.78,2,2,False
DDA3937_RS17675,,ROGUE_SUSPECT,unknown,0,N_score|N_long_lagging|P_rogue|P_conditional,0,0.042115186405332,0.9742059183927141,0.0,0.0,1384,0,6.06,2,2,False
DDA3937_RS17680,,ROGUE_SUSPECT,unknown,0,N_score|P_rogue,0,0.2186580945801808,0.8121220098619448,0.0,0.0,276,0,8.66,2,2,False
DDA3937_RS17685,,ROGUE_SUSPECT,unknown,0,N_score|N_long_lagging|P_rogue|P_conditional,0,0.0993405098775037,0.9264011755501104,0.0,0.0,831,0,10.33,2,2,False
DDA3937_RS17690,,ROGUE_SUSPECT,unknown,0,N_score|N_long_lagging|P_rogue|P_conditional,0,0.04890492430835,0.9683282219836927,0.0,0.0,1289,0,13.5,2,2,False
DDA3937_RS17700,,CONFIDENT_NONESSENTIAL,non-essential,2,N_score|N_pangenome_some,0,0.2117486848517411,0.8648468108528203,0.0,1.0,376,0,18.71,1,2,False
DDA3937_RS17710,,CONFIDENT_NONESSENTIAL,non-essential,1,E_geometry|N_score,0,0.194059010421505,0.8281266838783297,0.0,1.0,359,1,20.51,2,2,False
DDA3937_RS17715,,ROGUE_SUSPECT,unknown,0,E_geometry|N_score|P_rogue,0,0.2014551028134174,0.8396990668971445,0.0,0.0,351,1,21.57,2,2,False
DDA3937_RS17720,,CONFIDENT_NONESSENTIAL,non-essential,2,E_geometry|N_score|N_redundancy,0,0.2789273075566148,0.7643267735025979,0.0769230769230769,5.0,334,1,21.27,2,2,True
DDA3937_RS17725,,UNRESOLVED,unknown,0,E_geometry|N_redundancy,0,0.4714604057435679,0.5572413109270019,0.2571428571428571,13.0,367,1,20.19,2,2,True
DDA3937_RS17730,,ROGUE_SUSPECT,unknown,0,E_geometry|N_score|P_rogue,0,0.1893066979654339,0.8298063885643306,0.0,0.0,366,1,19.05,2,2,False
DDA3937_RS17735,,ROGUE_SUSPECT,unknown,0,N_score|P_rogue,0,0.0986366918772596,0.9250499397238298,0.0,0.0,827,1,17.22,2,2,False
DDA3937_RS17740,,ROGUE_SUSPECT,unknown,0,N_score|N_long_lagging|P_rogue|P_conditional,0,0.1861037422994723,0.8695002686721472,0.0,0.0,437,0,14.83,2,2,False
DDA3937_RS17745,,ROGUE_SUSPECT,unknown,0,N_score|P_rogue,1,0.2466829620963479,0.7806782563286957,0.0,0.0,183,0,13.84,2,2,False
DDA3937_RS17750,,ROGUE_SUSPECT,unknown,0,N_score|P_rogue,0,0.2091158848691156,0.8101201725091043,0.0,0.0,298,0,13.13,2,2,False
DDA3937_RS17755,,CONFIDENT_NONESSENTIAL,non-essential,2,E_geometry|N_score|N_pangenome_strong,0,0.2189857366548954,0.7965986221291576,0.0,0.0,252,1,12.29,0,2,False
DDA3937_RS17760,,CONFIDENT_NONESSENTIAL,non-essential,2,E_geometry|N_score|N_pangenome_strong,0,0.20950235908347,0.8269656238189593,0.0,0.0,310,1,11.44,0,2,False
DDA3937_RS17765,,UNRESOLVED,unknown,0,E_cons_core|F_core_redundant,0,0.7776699395189011,0.2134109449773635,0.5142857142857142,12.0,239,0,10.22,2,2,False
DDA3937_RS17770,,UNRESOLVED,unknown,0,,0,0.4452409981415905,0.5803206715839303,0.2272727272727272,3.0,285,0,9.44,2,2,False
DDA3937_RS17775,,UNRESOLVED,unknown,0,,0,0.3768428404589288,0.6864221547288133,0.16,2.0,293,0,8.53,2,2,False
DDA3937_RS17780,,CONFIDENT_NONESSENTIAL,non-essential,2,E_geometry|N_score|N_pangenome_strong,0,0.2459885046526068,0.8417223710019555,0.0,0.0,248,1,6.91,0,2,True
DDA3937_RS17785,,CONFIDENT_NONESSENTIAL,non-essential,2,E_geometry|N_score|N_pangenome_strong,0,0.1998482702729108,0.8849357672361672,0.0,0.0,418,1,5.92,0,2,False
DDA3937_RS17805,,CONFIDENT_NONESSENTIAL,non-essential,3,E_geometry|N_score|N_pangenome_some|N_mobile,0,0.2318277031659445,0.8641110962592977,0.0,0.0,308,1,1.21,1,2,False
DDA3937_RS17825,,ROGUE_SUSPECT,unknown,0,N_mobile|P_rogue,0,0.2964174562001749,0.7826977949587706,0.04,0.0,189,0,1.85,2,2,False
DDA3937_RS17830,,UNRESOLVED,unknown,0,E_geometry|N_redundancy|N_mobile,0,0.4255662271606544,0.6112123089280166,0.2,6.0,275,1,2.65,2,2,True
DDA3937_RS17835,,UNRESOLVED,unknown,0,E_cons_core|E_geometry|N_mobile,0,0.9314974710741244,0.05335092868638602,0.8823529411764706,1.0,327,1,3.58,2,2,False
DDA3937_RS17840,,ROGUE_SUSPECT,unknown,0,N_score|N_mobile|P_rogue,0,0.2238908075301596,0.7982558224202538,0.0714285714285714,0.0,429,1,4.71,2,2,False
DDA3937_RS17845,,CONFIDENT_NONESSENTIAL,non-essential,2,N_score|N_redundancy,0,0.2855412267746949,0.766176293775177,0.0909090909090909,8.0,379,0,6.14,2,2,True
DDA3937_RS17850,,CONFIDENT_NONESSENTIAL,non-essential,1,N_score,0,0.2218410184612352,0.8279856219406092,0.0,1.0,295,0,7.22,2,2,True
DDA3937_RS17855,,CONDITIONAL_SUSPECT,unknown,0,N_score|N_long_lagging|P_conditional,0,0.1832236030284125,0.8778378578976531,0.0,3.0,474,0,8.41,2,2,True
DDA3937_RS17860,,CONFIDENT_NONESSENTIAL,non-essential,1,N_score,0,0.1944281415669587,0.851185334484388,0.0,1.0,392,0,9.72,2,2,True
DDA3937_RS17865,,ROGUE_SUSPECT,unknown,0,N_score|P_rogue,0,0.2646332079679434,0.791880545342336,0.0,0.0,158,0,10.68,2,2,False
DDA3937_RS17870,,UNRESOLVED,unknown,0,E_cons_core,0,0.8183081198851343,0.15814466294324864,0.6,0.0,228,0,11.27,2,2,False
DDA3937_RS17875,,UNRESOLVED,unknown,0,N_redundancy,0,0.4185957467198949,0.6997101960480518,0.25,15.0,553,1,12.46,2,2,True
DDA3937_RS17880,,ROGUE_SUSPECT,unknown,0,E_geometry|N_score|P_rogue,0,0.2740310579838526,0.7799525647111194,0.0,0.0,121,1,13.76,2,2,False
DDA3937_RS17885,,UNRESOLVED,unknown,0,E_cons_core,1,0.763895183363368,0.2355130857780994,0.76,0.0,866,1,15.34,2,2,False
DDA3937_RS17890,,CONFIDENT_NONESSENTIAL,non-essential,2,E_geometry|N_score|N_pangenome_strong,0,0.2125927718010913,0.8088763169039819,0.0,0.0,284,1,17.42,0,2,False
DDA3937_RS17895,,CONFIDENT_NONESSENTIAL,non-essential,2,N_score|N_redundancy,0,0.1343905936180243,0.9078518857747029,0.0294117647058823,8.0,781,1,19.09,2,2,True
DDA3937_RS17900,,CONFIDENT_NONESSENTIAL,non-essential,2,N_score|N_pangenome_strong,0,0.213676450467417,0.8388168711906875,0.0,0.0,329,0,20.94,0,2,False
DDA3937_RS17905,,CONDITIONAL_SUSPECT,unknown,0,N_score|N_long_lagging|P_conditional,0,0.2404565580449029,0.794721933057412,0.0833333333333333,1.0,444,0,22.18,2,2,False
DDA3937_RS17910,,ROGUE_SUSPECT,unknown,0,E_geometry|N_score|P_rogue,0,0.1906927967427678,0.8496969315909437,0.0,0.0,393,1,23.5,2,2,False
DDA3937_RS17915,,UNRESOLVED,unknown,0,E_cons_core,1,0.91264754906525,0.08067827628892091,0.8648648648648649,1.0,475,1,24.99,2,2,False
DDA3937_RS17920,,UNRESOLVED,unknown,0,E_cons_core,1,0.91830152014592,0.07413350517129724,0.9393939393939394,1.0,629,1,26.86,2,2,False
DDA3937_RS17925,,UNRESOLVED,unknown,0,E_cons_core,1,0.607715281690653,0.44532953772065315,0.5925925925925926,0.0,888,1,29.14,2,2,False
DDA3937_RS17930,,UNRESOLVED,unknown,0,E_cons_core|E_geometry|F_core_redundant,0,0.8169207178775192,0.18970486223947391,0.5757575757575758,7.0,255,1,30.99,2,2,False
DDA3937_RS17935,,CONDITIONAL_SUSPECT,unknown,0,N_score|N_redundancy|N_long_lagging|P_conditional,0,0.2242204686389023,0.8464083961036905,0.03125,7.0,449,0,32.7,2,2,True
DDA3937_RS17940,,UNRESOLVED,unknown,0,E_geometry,0,0.3610408134990342,0.6797320547442822,0.1515151515151515,0.0,285,1,33.87,2,2,True
DDA3937_RS17945,,UNRESOLVED,unknown,0,E_geometry,0,0.631047357847627,0.3820649959516524,0.36,0.0,187,1,34.59,2,2,False
DDA3937_RS17950,,ROGUE_SUSPECT,unknown,0,N_score|P_rogue,0,0.2392077142055279,0.8436922614989544,0.0,0.0,288,0,35.74,2,2,False
DDA3937_RS17955,,UNRESOLVED,unknown,0,,0,0.5776129638236895,0.46287824486763884,0.3428571428571428,0.0,297,0,36.77,2,2,False
DDA3937_RS17960,,ROGUE_SUSPECT,unknown,0,N_score|P_rogue,0,0.2747290907585732,0.7873526062463719,0.0,0.0,148,0,37.7,2,2,True
DDA3937_RS17965,,ROGUE_SUSPECT,unknown,0,N_score|N_long_lagging|P_rogue|P_conditional,0,0.178304599175313,0.8775927787676122,0.0,0.0,484,0,38.65,2,2,False
DDA3937_RS17970,,CONFIDENT_NONESSENTIAL,non-essential,1,N_score,0,0.2028313664904298,0.8603578736117753,0.0,1.0,402,0,39.99,2,2,True
DDA3937_RS17975,,ROGUE_SUSPECT,unknown,0,E_geometry|N_score|P_rogue,0,0.2113800137832371,0.845280753805381,0.0,0.0,347,1,41.24,2,2,False
DDA3937_RS17980,,CONFIDENT_ESSENTIAL,essential,2,E_score|E_cons_core,1,0.968833822933966,0.026304193219720034,1.0,0.0,209,0,42.24,2,2,True
DDA3937_RS17985,,ROGUE_SUSPECT,unknown,0,P_rogue,0,0.315116240264373,0.7723814939992498,0.0714285714285714,0.0,250,0,42.92,2,2,False
DDA3937_RS17990,,UNRESOLVED,unknown,0,E_cons_core,0,0.8262030895902722,0.20057251538332882,0.5185185185185185,0.0,62,0,43.43,2,2,False
DDA3937_RS17995,,UNRESOLVED,unknown,0,E_geometry,0,0.4708446130553554,0.5713307855779125,0.1904761904761904,0.0,134,1,43.81,2,2,False
DDA3937_RS18000,,UNRESOLVED,unknown,0,E_cons_core,1,0.9071498116233718,0.09427113965003078,1.0,0.0,896,1,45.43,2,2,False
DDA3937_RS18005,,UNRESOLVED,unknown,0,E_cons_core|E_geometry,0,0.7728835014921197,0.23027264513988202,0.5,0.0,168,1,47.12,2,2,False
DDA3937_RS18010,,UNRESOLVED,unknown,0,E_cons_core,0,0.9177447470402578,0.0872511443317842,0.75,0.0,174,0,47.66,2,2,False
DDA3937_RS18015,,UNRESOLVED,unknown,0,E_cons_core|E_geometry,1,0.9642841573835068,0.033647305768078076,1.0,0.0,306,1,48.4,2,2,True
DDA3937_RS18020,,UNRESOLVED,unknown,0,E_cons_core|E_geometry,1,0.9510740591069696,0.041480406458467636,0.9666666666666668,0.0,384,1,49.52,2,2,False
DDA3937_RS18025,,UNRESOLVED,unknown,0,E_cons_core,1,0.9559051723632416,0.03887466665551461,1.0,0.0,419,1,50.8,2,2,False
DDA3937_RS18030,,UNRESOLVED,unknown,0,E_cons_core|E_geometry,1,0.9645239784640668,0.03027651593085971,1.0,0.0,285,1,51.85,2,2,True
DDA3937_RS18035,,UNRESOLVED,unknown,0,E_cons_core,1,0.9430540355767668,0.04769662963725883,0.9714285714285714,0.0,487,1,53.18,2,2,False
DDA3937_RS18040,,UNRESOLVED,unknown,0,E_cons_core|E_geometry,1,0.9573375188469048,0.030941426629258376,1.0,0.0,364,1,54.5,2,2,False
DDA3937_RS18045,,UNRESOLVED,unknown,0,E_cons_core|E_geometry,1,0.9569177123886414,0.03548212200475541,1.0,1.0,401,1,55.65,2,2,True
DDA3937_RS18050,,UNRESOLVED,unknown,0,E_cons_core,1,0.946788235311017,0.04272963765876358,0.9705882352941176,0.0,438,1,56.9,2,2,False
DDA3937_RS18055,,UNRESOLVED,unknown,0,E_cons_core|E_geometry,1,0.9595403039876635,0.033673680517116264,1.0,0.0,361,1,58.11,2,2,False
DDA3937_RS18060,,UNRESOLVED,unknown,0,E_cons_core,1,0.9522936107468962,0.03863815599992156,1.0,0.0,454,1,59.32,2,2,False
DDA3937_RS18065,,UNRESOLVED,unknown,0,E_cons_core,1,0.9485884122511212,0.0407215066379556,1.0,0.0,495,1,60.74,2,2,False
DDA3937_RS18070,,UNRESOLVED,unknown,0,E_cons_core,1,0.9173280699168616,0.07468636467571343,0.9142857142857144,1.0,588,1,62.35,2,2,False
DDA3937_RS18075,,CONFIDENT_ESSENTIAL,essential,3,E_score|E_cons_core|E_geometry,1,0.9733357253894286,0.020882921291205257,1.0,0.0,108,1,63.42,2,2,True
DDA3937_RS18080,,UNRESOLVED,unknown,0,E_cons_core|E_geometry,0,0.9216408534469518,0.06797871058188218,0.8285714285714286,0.0,314,1,64.05,2,2,False
DDA3937_RS18085,,UNRESOLVED,unknown,0,E_geometry,0,0.6257982617483169,0.4313824232705827,0.3235294117647059,0.0,153,1,64.75,2,2,False
DDA3937_RS18090,,ROGUE_SUSPECT,unknown,0,N_score|P_rogue,0,0.2863206985252535,0.7984903985483373,0.0,0.0,154,0,66.08,2,2,False
DDA3937_RS18095,,UNRESOLVED,unknown,0,E_geometry|N_redundancy,0,0.6297866133919086,0.412223884659326,0.3666666666666666,14.0,335,1,67.16,2,2,False
DDA3937_RS18100,,UNRESOLVED,unknown,0,E_geometry,0,0.3807666513996738,0.6797772605463703,0.1111111111111111,0.0,164,1,68.16,2,2,True
DDA3937_RS18105,,UNRESOLVED,unknown,0,,0,0.4009516335715838,0.6640129260160569,0.2777777777777778,2.0,574,1,69.26,2,2,True
DDA3937_RS18110,,CONFIDENT_NONESSENTIAL,non-essential,1,N_score,0,0.2541357215067188,0.8089845042664728,0.1351351351351351,3.0,602,1,71.42,2,2,True
DDA3937_RS18115,,CONDITIONAL_SUSPECT,unknown,0,N_score|N_long_lagging|P_conditional,0,0.2209421779182382,0.8538025494847173,0.0588235294117647,1.0,525,0,73.53,2,2,True
DDA3937_RS18120,,UNRESOLVED,unknown,0,,1,0.6855922707458211,0.33757022872892467,0.4594594594594595,2.0,364,0,74.86,2,2,False
DDA3937_RS18125,,ROGUE_SUSPECT,unknown,0,N_score|N_long_lagging|P_rogue|P_conditional,0,0.2477504092252652,0.8126583049510038,0.081081081081081,0.0,467,0,76.11,2,2,True
DDA3937_RS18130,,UNRESOLVED,unknown,0,,0,0.4660117601006356,0.6202336794343136,0.1891891891891892,0.0,201,0,77.12,2,2,True
DDA3937_RS18135,,ROGUE_SUSPECT,unknown,0,E_geometry|N_score|P_rogue,0,0.2712792877066608,0.7854911959628406,0.05,0.0,300,1,78.04,2,2,False
DDA3937_RS22460,,ROGUE_SUSPECT,unknown,0,P_rogue,1,0.3272080128192603,0.7512858999419222,0.0,0.0,37,0,78.79,2,2,False
DDA3937_RS18140,,ROGUE_SUSPECT,unknown,0,N_score|N_long_lagging|P_rogue|P_conditional,0,0.1905638560912025,0.8728415767630142,0.0,0.0,467,0,79.64,2,2,False
DDA3937_RS18145,,ROGUE_SUSPECT,unknown,0,E_geometry|P_rogue,0,0.3095091176054757,0.7422097013474739,0.0,0.0,53,1,80.56,2,2,False
DDA3937_RS18150,,ROGUE_SUSPECT,unknown,0,N_score|N_long_lagging|P_rogue|P_conditional,0,0.1650806829156439,0.8850045210785444,0.0,0.0,556,0,81.58,2,2,False
DDA3937_RS18155,,ROGUE_SUSPECT,unknown,0,N_score|P_rogue,0,0.2278922035672218,0.8365118072672364,0.0,0.0,328,0,83.15,2,2,False
DDA3937_RS18160,,ROGUE_SUSPECT,unknown,0,N_score|N_long_lagging|P_rogue|P_conditional,0,0.1683397272186072,0.8784961278390899,0.0,0.0,537,0,84.42,2,2,False
DDA3937_RS18165,,ROGUE_SUSPECT,unknown,0,N_score|P_rogue,1,0.2516704515366939,0.7975901647374496,0.0,0.0,231,0,85.56,2,2,False
DDA3937_RS18170,,CONDITIONAL_SUSPECT,unknown,0,N_long_lagging|P_conditional,0,0.4162329954331664,0.6497109285697303,0.2777777777777778,2.0,555,0,87.1,2,2,True
DDA3937_RS18175,,ROGUE_SUSPECT,unknown,0,P_rogue,0,0.3058954245922806,0.7692510321595198,0.0,0.0,98,0,88.09,2,2,False
DDA3937_RS18180,,ROGUE_SUSPECT,unknown,0,E_geometry|N_score|P_rogue,0,0.2439567760965781,0.8101489660254756,0.0,0.0,256,1,88.66,2,2,False
DDA3937_RS18185,,ROGUE_SUSPECT,unknown,0,N_score|P_rogue,0,0.2647279240601101,0.8564591009247313,0.0,0.0,284,0,89.66,2,2,False
DDA3937_RS18190,,ROGUE_SUSPECT,unknown,0,P_rogue,0,0.3218352890356788,0.8631217697793034,0.0,0.0,189,0,90.38,2,2,False
DDA3937_RS18195,,UNRESOLVED,unknown,0,N_pangenome_some,0,0.3180047656666256,0.8565915532150115,0.0,0.0,186,0,90.94,1,2,False
DDA3937_RS18205,,UNRESOLVED,unknown,0,E_cons_core|E_geometry|F_core_redundant,0,0.7997613476106129,0.21910548074024547,0.5142857142857142,12.0,232,1,92.15,2,2,False
DDA3937_RS18210,,UNRESOLVED,unknown,0,E_geometry|N_pangenome_some,0,0.7404800154478415,0.2736694944253593,0.4814814814814814,1.0,260,1,92.88,1,2,False
DDA3937_RS18215,,CONFIDENT_NONESSENTIAL,non-essential,1,E_geometry|N_score,0,0.2505895178831442,0.8087011876697303,0.037037037037037,1.0,348,1,93.78,2,2,True
DDA3937_RS18220,,UNRESOLVED,unknown,0,E_geometry,0,0.4139077620206324,0.6455034987787571,0.1851851851851851,1.0,300,1,94.75,2,2,True
DDA3937_RS18225,,CONFIDENT_NONESSENTIAL,non-essential,1,E_geometry|N_score,0,0.2747251190958897,0.796913552897515,0.0714285714285714,1.0,379,1,95.9,2,2,True
DDA3937_RS18230,,ROGUE_SUSPECT,unknown,0,N_score|N_long_lagging|P_rogue|P_conditional,0,0.1217066109945246,0.9259879069077446,0.0,0.0,791,0,98.23,2,2,False
DDA3937_RS18235,,ROGUE_SUSPECT,unknown,0,N_score|N_long_lagging|P_rogue|P_conditional,0,0.0936302657873111,0.9461990257056621,0.0,0.0,968,0,101.14,2,2,False
DDA3937_RS18240,,UNRESOLVED,unknown,0,,0,0.3036860593325547,0.7648798419101646,0.04,1.0,218,0,102.99,2,2,True
DDA3937_RS18245,,ROGUE_SUSPECT,unknown,0,E_geometry|N_score|P_rogue,0,0.2716656976437595,0.7977182564615062,0.05,0.0,327,1,103.87,2,2,False
DDA3937_RS18250,,UNRESOLVED,unknown,0,E_cons_core,1,0.927443720248736,0.0816515415217733,1.0,0.0,804,0,105.71,2,2,False
DDA3937_RS18255,,UNRESOLVED,unknown,0,E_cons_core,1,0.939417136687846,0.060808268989418046,0.9090909090909092,0.0,431,0,107.68,2,2,False
DDA3937_RS18260,,UNRESOLVED,unknown,0,E_cons_core,0,0.9407662025197764,0.05390620232440981,0.8823529411764706,1.0,334,0,108.82,2,2,False
DDA3937_RS18265,,UNRESOLVED,unknown,0,,0,0.5647352404580336,0.51314956221118,0.2972972972972973,0.0,273,0,109.73,2,2,False
DDA3937_RS18270,,ROGUE_SUSPECT,unknown,0,P_rogue,0,0.3112268477426567,0.792765210743676,0.0,0.0,126,0,110.34,2,2,False
DDA3937_RS18275,,UNRESOLVED,unknown,0,,0,0.5753268042014399,0.46404898369892694,0.32,0.0,281,0,110.96,2,2,True
DDA3937_RS18280,,UNRESOLVED,unknown,0,E_geometry|N_pangenome_some,0,0.3167716408133543,0.8218643135808726,0.08,0.0,357,1,112.08,1,2,True
DDA3937_RS18285,,CONFIDENT_ESSENTIAL,essential,3,E_score|E_cons_core|E_geometry,1,0.9728160014071752,0.022888111560476775,1.0,0.0,160,1,113.28,2,2,True
DDA3937_RS18290,,UNRESOLVED,unknown,0,E_geometry,0,0.6450922756214567,0.4092535350003822,0.3333333333333333,0.0,157,1,113.87,2,2,False
DDA3937_RS18295,,UNRESOLVED,unknown,0,E_geometry,0,0.4150364502656534,0.6546939695157349,0.1666666666666666,0.0,261,1,114.48,2,2,False
DDA3937_RS18300,,UNRESOLVED,unknown,0,N_redundancy,0,0.5109305454333473,0.5655511399972746,0.2058823529411764,8.0,205,0,115.18,2,2,True
DDA3937_RS18305,,UNRESOLVED,unknown,0,E_cons_core,0,0.6103812358245846,0.44101663696136395,0.6486486486486487,0.0,1075,1,113.16,2,2,False
DDA3937_RS18310,,UNRESOLVED,unknown,0,E_cons_core|E_geometry,0,0.8508277049910014,0.15559955926403446,0.6756756756756757,0.0,382,1,110.89,2,2,False
DDA3937_RS18315,,UNRESOLVED,unknown,0,E_cons_core|E_geometry,1,0.941992939032678,0.05612627217399755,0.8648648648648649,0.0,274,1,109.45,2,2,False
DDA3937_RS18320,,CONFIDENT_NONESSENTIAL,non-essential,1,E_geometry|N_score,0,0.2373497411506796,0.8205552473812417,0.0,2.0,306,1,108.34,2,2,False
DDA3937_RS18325,,UNRESOLVED,unknown,0,E_cons_core|E_geometry,1,0.9540978853138832,0.04035441219180486,0.9411764705882352,0.0,317,1,107.33,2,2,True
DDA3937_RS18330,,UNRESOLVED,unknown,0,E_geometry,0,0.7133421682354106,0.2991256548468645,0.4117647058823529,1.0,158,1,106.64,2,2,False
DDA3937_RS18335,,UNRESOLVED,unknown,0,E_cons_core|E_geometry,1,0.9603557595961856,0.038170419298368785,0.9117647058823528,0.0,169,1,106.14,2,2,True
DDA3937_RS18340,,UNRESOLVED,unknown,0,E_cons_core,1,0.9053884780328328,0.09692415290508756,1.0,0.0,942,1,104.48,2,2,False
DDA3937_RS18345,,UNRESOLVED,unknown,0,E_cons_core|E_geometry,1,0.9645015844411998,0.030407731812245965,1.0,0.0,314,1,102.56,2,2,True
DDA3937_RS18350,,CONFIDENT_ESSENTIAL,essential,2,E_score|E_cons_core,1,0.9780812363799,0.024260467097024313,1.0,0.0,88,0,101.56,2,2,True
DDA3937_RS18355,,UNRESOLVED,unknown,0,E_cons_core|E_geometry|F_core_redundant,1,0.9067147820731584,0.10940943104907119,0.6216216216216216,55.0,297,1,100.91,2,2,True
DDA3937_RS18360,,UNRESOLVED,unknown,0,E_cons_core|E_geometry,1,0.7577621147673923,0.26011906769860776,0.55,0.0,392,1,99.84,2,2,False
DDA3937_RS18365,,UNRESOLVED,unknown,0,E_cons_core|E_geometry,1,0.855264924287938,0.14810374933390602,0.6857142857142857,0.0,378,1,98.46,2,2,False
DDA3937_RS18370,,UNRESOLVED,unknown,0,E_cons_core,1,0.916148679212333,0.08668562240718938,0.9142857142857144,0.0,637,1,96.83,2,2,False
DDA3937_RS18375,,ROGUE_SUSPECT,unknown,0,N_score|P_rogue,0,0.2772099769573435,0.8013687734388957,0.0,0.0,191,0,95.2,2,2,False
DDA3937_RS18380,,UNRESOLVED,unknown,0,N_redundancy,0,0.3397745301437889,0.7301350140841237,0.1481481481481481,8.0,440,1,94.16,2,2,True
DDA3937_RS18385,,UNRESOLVED,unknown,0,E_geometry,0,0.3301929322933381,0.736267741236657,0.064516129032258,1.0,196,1,93.08,2,2,False
DDA3937_RS18395,,UNRESOLVED,unknown,0,E_geometry,0,0.4524620981112373,0.6218530958151804,0.2222222222222222,1.0,318,1,90.71,2,2,False
DDA3937_RS18400,,ROGUE_SUSPECT,unknown,0,N_score|P_rogue,0,0.2576056519589164,0.8286727832250416,0.0,0.0,260,0,89.54,2,2,False
DDA3937_RS18405,,UNRESOLVED,unknown,0,E_cons_core,0,0.8563341775407286,0.1459549351661054,0.7096774193548387,0.0,430,1,88.36,2,2,False
DDA3937_RS18410,,UNRESOLVED,unknown,0,E_geometry,0,0.4749057486291821,0.5709010954650282,0.25,0.0,310,1,87.25,2,2,False
DDA3937_RS18415,,CONFIDENT_NONESSENTIAL,non-essential,1,N_score,0,0.1135450002708449,0.927768123340901,0.0,1.0,819,1,85.55,2,2,False
DDA3937_RS18420,,CONFIDENT_NONESSENTIAL,non-essential,1,E_geometry|N_score,0,0.2528756772448982,0.8032377960314468,0.0,1.0,234,1,83.54,2,2,False
DDA3937_RS18425,,UNRESOLVED,unknown,0,E_cons_core|F_core_redundant,1,0.920150586803349,0.08799335375839921,0.7428571428571429,12.0,239,0,82.27,2,2,True
DDA3937_RS18430,,ROGUE_SUSPECT,unknown,0,E_geometry|P_rogue,0,0.3156501420187635,0.7627520964557831,0.0357142857142857,0.0,159,1,81.57,2,2,False
DDA3937_RS18435,,ROGUE_SUSPECT,unknown,0,N_score|P_rogue,0,0.2509027732712231,0.8434528490548941,0.0,0.0,289,0,80.7,2,2,True
DDA3937_RS18440,,UNRESOLVED,unknown,0,E_cons_core|E_geometry,1,0.7685425165322817,0.244361704995626,0.5,1.0,217,1,79.94,2,2,False
DDA3937_RS18445,,UNRESOLVED,unknown,0,,0,0.4074244656074541,0.6871851676525109,0.125,0.0,179,0,79.3,2,2,False
DDA3937_RS18450,,UNRESOLVED,unknown,0,E_cons_core|E_geometry,0,0.8020495410458672,0.2249022771656637,0.5,0.0,114,1,78.85,2,2,False
DDA3937_RS18455,,ROGUE_SUSPECT,unknown,0,N_score|P_rogue,0,0.1457198911126551,0.9051196732597535,0.0,0.0,644,1,77.49,2,2,False
DDA3937_RS18460,,CONDITIONAL_SUSPECT,unknown,0,N_redundancy|N_long_lagging|P_conditional,0,0.3867687516230346,0.711965325846542,0.2162162162162162,13.0,555,0,75.22,2,2,True
DDA3937_RS18465,,UNRESOLVED,unknown,0,N_redundancy,0,0.4173629146508794,0.6761526184414478,0.25,15.0,569,1,73.35,2,2,True
DDA3937_RS18470,,UNRESOLVED,unknown,0,E_cons_core|E_geometry|F_core_redundant,1,0.9016463535786308,0.10658888533963606,0.6216216216216216,55.0,299,1,71.59,2,2,True
DDA3937_RS18475,,UNRESOLVED,unknown,0,N_redundancy,0,0.6259509094092899,0.4377605621216037,0.3714285714285714,6.0,334,0,70.53,2,2,False
DDA3937_RS18480,,UNRESOLVED,unknown,0,E_geometry,0,0.3294084005542306,0.7414562230135849,0.15,0.0,411,1,69.3,2,2,False
DDA3937_RS18485,,UNRESOLVED,unknown,0,E_cons_core|E_geometry,1,0.9364816591494718,0.05630384031948818,0.8387096774193549,0.0,221,1,68.05,2,2,False
DDA3937_RS18490,,ROGUE_SUSPECT,unknown,0,P_rogue,0,0.2943324106110723,0.7683710058437173,0.0714285714285714,0.0,298,0,67.08,2,2,True
DDA3937_RS18495,,ROGUE_SUSPECT,unknown,0,E_geometry|N_score|P_rogue,0,0.2472069829160074,0.8136795368991264,0.0,0.0,243,1,66.23,2,2,False
DDA3937_RS18500,,UNRESOLVED,unknown,0,E_geometry,0,0.5362627147246362,0.5266839029034761,0.2857142857142857,2.0,279,1,65.27,2,2,False
DDA3937_RS18505,,ROGUE_SUSPECT,unknown,0,E_geometry|N_score|P_rogue,0,0.2552780034111191,0.7975185647700442,0.0333333333333333,0.0,295,1,64.29,2,2,False
DDA3937_RS18510,,UNRESOLVED,unknown,0,E_cons_core|E_geometry,1,0.9274098856313844,0.07172312027799856,0.8529411764705882,0.0,359,1,63.21,2,2,False
DDA3937_RS18515,,UNRESOLVED,unknown,0,E_cons_core|E_geometry,1,0.9342116680730892,0.06062455522470035,0.8918918918918919,0.0,388,1,61.89,2,2,False
DDA3937_RS18520,,UNRESOLVED,unknown,0,E_cons_core|E_geometry,1,0.921825986186979,0.0750639896387687,0.8285714285714286,1.0,339,1,60.73,2,2,False
DDA3937_RS18525,,UNRESOLVED,unknown,0,E_cons_core,1,0.9150714527031364,0.07670761272470257,0.9393939393939394,0.0,665,1,58.9,2,2,False
DDA3937_RS18530,,ROGUE_SUSPECT,unknown,0,E_geometry|N_score|P_rogue,0,0.2049192134369151,0.8625031248911788,0.0,0.0,398,1,56.94,2,2,False
DDA3937_RS18535,,ROGUE_SUSPECT,unknown,0,N_score|P_rogue,0,0.1381150059269821,0.9062814898208706,0.0,0.0,659,1,55.12,2,2,False
DDA3937_RS23445,,ROGUE_SUSPECT,unknown,0,E_geometry|P_rogue,0,0.321467588795653,0.7753364006792952,0.0,0.0,53,1,54.06,2,2,False
DDA3937_RS23350,,UNRESOLVED,unknown,0,N_pangenome_some,0,0.302346081026635,0.7934655268673144,0.0,0.0,114,0,53.63,1,2,False
DDA3937_RS18540,,UNRESOLVED,unknown,0,E_cons_core,1,0.9592100760164896,0.036289218090375906,1.0,0.0,385,0,52.77,2,2,False
DDA3937_RS18545,,ROGUE_SUSPECT,unknown,0,N_score|P_rogue,0,0.2700702462260207,0.7912067808245262,0.0,0.0,171,0,51.81,2,2,False
DDA3937_RS18550,,ROGUE_SUSPECT,unknown,0,N_score|P_rogue,0,0.2505345878669646,0.8114220695809814,0.0,0.0,233,0,51.11,2,2,False
DDA3937_RS18555,,UNRESOLVED,unknown,0,,0,0.577431196853032,0.48193075134468266,0.3142857142857143,0.0,245,0,50.26,2,2,False
DDA3937_RS18560,,UNRESOLVED,unknown,0,,0,0.3759567597085603,0.6956366800306999,0.1612903225806451,0.0,318,0,49.41,2,2,True
DDA3937_RS18565,,ROGUE_SUSPECT,unknown,0,P_rogue,0,0.297651046928949,0.7822454974702949,0.0303030303030303,0.0,188,0,48.55,2,2,False
DDA3937_RS18570,,CONFIDENT_ESSENTIAL,essential,2,E_score|E_cons_core,1,0.9676003655337592,0.024983902299911494,0.9714285714285714,0.0,144,0,48.05,2,2,True
DDA3937_RS18575,,UNRESOLVED,unknown,0,E_cons_core|E_geometry,0,0.9064851833707932,0.0951409698098253,0.7857142857142857,0.0,335,1,47.25,2,2,False
DDA3937_RS18580,,ROGUE_SUSPECT,unknown,0,N_score|N_long_lagging|P_rogue|P_conditional,0,0.2126042365015447,0.8543617907198924,0.0344827586206896,0.0,461,0,45.89,2,2,False
DDA3937_RS18585,,UNRESOLVED,unknown,0,E_cons_core,0,0.9283894012769058,0.0667647388763851,0.8918918918918919,0.0,433,1,44.42,2,2,False
DDA3937_RS18590,,ROGUE_SUSPECT,unknown,0,E_geometry|P_rogue,0,0.3001238344461927,0.7571889546225362,0.0,0.0,67,1,43.58,2,2,False
DDA3937_RS18595,,UNRESOLVED,unknown,0,E_geometry,1,0.4716758854041841,0.5899038695570816,0.2571428571428571,1.0,332,1,42.92,2,2,False
DDA3937_RS18600,,UNRESOLVED,unknown,0,,0,0.3591401726876475,0.6954233142908315,0.1935483870967742,0.0,420,1,41.79,2,2,True
DDA3937_RS18605,,UNRESOLVED,unknown,0,,0,0.3203744264993682,0.7526186983246849,0.1515151515151515,0.0,427,1,40.44,2,2,False
DDA3937_RS18610,,CONFIDENT_ESSENTIAL,essential,3,E_score|E_cons_core|E_geometry,0,0.9659632141357954,0.03584451552818888,0.925925925925926,0.0,100,1,39.56,2,2,True
DDA3937_RS18615,,UNRESOLVED,unknown,0,E_geometry,0,0.6312896436765412,0.40317630469662724,0.4,0.0,314,1,38.8,2,2,False
DDA3937_RS18620,,ROGUE_SUSPECT,unknown,0,N_score|P_rogue,0,0.1697400619384201,0.8740037820530959,0.0571428571428571,0.0,647,1,37.36,2,2,False
DDA3937_RS18625,,UNRESOLVED,unknown,0,,0,0.3564411215792099,0.7004836620528545,0.2413793103448276,1.0,559,1,35.53,2,2,False
DDA3937_RS18630,,CONFIDENT_ESSENTIAL,essential,3,E_score|E_cons_core|E_geometry,1,0.9696983964379876,0.022694311685400516,1.0,0.0,161,1,34.45,2,2,True
DDA3937_RS18635,,ROGUE_SUSPECT,unknown,0,N_score|P_rogue,0,0.1627139199020625,0.8748121218842636,0.0,0.0,514,1,33.44,2,2,False
DDA3937_RS18645,,ROGUE_SUSPECT,unknown,0,N_score|P_rogue,0,0.2081221993418767,0.8595725360859371,0.0,0.0,380,0,30.95,2,2,False
DDA3937_RS18655,,CONDITIONAL_SUSPECT,unknown,0,N_long_lagging|P_conditional,0,0.4002463000139433,0.7206831189827062,0.2272727272727272,0.0,466,0,28.7,2,2,True
DDA3937_RS18660,,UNRESOLVED,unknown,0,E_cons_core,1,0.9530593626616258,0.0574268899575343,0.972972972972973,2.0,458,0,27.29,2,2,False
DDA3937_RS18665,,UNRESOLVED,unknown,0,,0,0.3357967596195351,0.7804493052003061,0.1304347826086956,0.0,373,0,26.01,2,2,True
DDA3937_RS18670,,UNRESOLVED,unknown,0,,0,0.6101195321099876,0.5723608664585309,0.3181818181818182,0.0,258,0,25.0,2,2,False
DDA3937_RS18675,,UNRESOLVED,unknown,0,,0,0.7282667354513537,0.38194057351403654,0.4444444444444444,0.0,244,0,24.25,2,2,False
DDA3937_RS18680,,UNRESOLVED,unknown,0,E_cons_core|F_core_redundant,1,0.9426547431949046,0.07800761195085218,0.8611111111111112,4.0,313,0,23.4,2,2,True
DDA3937_RS18685,,ROGUE_SUSPECT,unknown,0,N_score|P_rogue,0,0.2193413728479866,0.88907253218631,0.0,0.0,400,0,22.33,2,2,False
DDA3937_RS18690,,UNRESOLVED,unknown,0,,0,0.5222415994525273,0.6371404670387434,0.2857142857142857,3.0,376,0,21.12,2,2,False
DDA3937_RS18695,,CONFIDENT_NONESSENTIAL,non-essential,1,E_geometry|N_score,0,0.275263375149637,0.7748038539879835,0.0689655172413793,1.0,309,1,20.03,2,2,True
DDA3937_RS18710,,ROGUE_SUSPECT,unknown,0,N_score|P_rogue,0,0.2474759305876916,0.8134492714394274,0.0,0.0,225,0,18.33,2,2,False
DDA3937_RS18715,,CONFIDENT_NONESSENTIAL,non-essential,1,E_geometry|N_score,0,0.2065547878376099,0.8300999995105746,0.0,1.0,334,1,17.51,2,2,False
DDA3937_RS18720,,ROGUE_SUSPECT,unknown,0,N_score|N_long_lagging|P_rogue|P_conditional,0,0.1786482693382921,0.868638363377252,0.0,0.0,459,0,15.88,2,2,False
DDA3937_RS18725,,ROGUE_SUSPECT,unknown,0,N_score|P_rogue,0,0.2164013789563305,0.8159402708608354,0.0,0.0,293,0,14.7,2,2,False
DDA3937_RS18730,,ROGUE_SUSPECT,unknown,0,N_score|P_rogue,0,0.2135740516412387,0.8293874932776512,0.0,0.0,316,0,13.74,2,2,False
DDA3937_RS18735,,CONFIDENT_NONESSENTIAL,non-essential,1,N_score,0,0.2574814443265267,0.7865167090801775,0.0,1.0,177,0,12.97,2,2,False
DDA3937_RS18740,,ROGUE_SUSPECT,unknown,0,N_score|P_rogue,0,0.2148569519604,0.82991058519656,0.0,0.0,313,0,12.23,2,2,False
DDA3937_RS18745,,UNRESOLVED,unknown,0,E_cons_core|F_core_redundant,1,0.9614034101654608,0.031858342338307276,0.945945945945946,16.0,273,0,11.33,2,2,True
DDA3937_RS18750,,CONFIDENT_NONESSENTIAL,non-essential,1,E_geometry|N_score,0,0.2297314207600032,0.8061607877893608,0.0333333333333333,1.0,337,1,10.31,2,2,True
DDA3937_RS18755,,UNRESOLVED,unknown,0,E_geometry,0,0.5763293914652541,0.4348754559395076,0.2962962962962963,1.0,142,1,9.53,2,2,False
DDA3937_RS18760,,UNRESOLVED,unknown,0,E_cons_core|E_geometry|F_core_redundant,0,0.8535410787143403,0.1461728340629443,0.6,8.0,157,1,8.96,2,2,False
DDA3937_RS18765,,ROGUE_SUSPECT,unknown,0,N_score|P_rogue,0,0.1622861809311961,0.8782419657081796,0.0,0.0,508,1,7.81,2,2,False
DDA3937_RS18770,,ROGUE_SUSPECT,unknown,0,N_score|P_rogue,0,0.1590355857971635,0.8583902757016525,0.0,0.0,484,1,5.84,2,2,False
DDA3937_RS18775,,CONFIDENT_NONESSENTIAL,non-essential,2,N_score|N_mobile,0,0.264205331122141,0.7610843824885872,0.1153846153846153,3.0,444,1,4.45,2,2,True
DDA3937_RS18780,,UNRESOLVED,unknown,0,E_cons_core|N_mobile|F_core_redundant,1,0.8970639617342824,0.11090976326371368,0.6216216216216216,55.0,299,0,3.18,2,2,True
DDA3937_RS18785,,ROGUE_SUSPECT,unknown,0,N_score|N_mobile|P_rogue,0,0.1549715855548375,0.8951088104449114,0.0,0.0,557,1,1.71,2,2,False
DDA3937_RS18790,,UNRESOLVED,unknown,0,E_cons_core|N_mobile|F_core_redundant,1,0.7625771347748235,0.2803986412986764,0.5294117647058824,6.0,340,0,0.0,2,2,False
DDA3937_RS18795,,ROGUE_SUSPECT,unknown,0,E_geometry|N_score|N_mobile|P_rogue,0,0.2408396498299252,0.7699617644115134,0.0,0.0,174,1,1.58,2,2,False
DDA3937_RS18800,,ROGUE_SUSPECT,unknown,0,N_score|N_mobile|P_rogue,0,0.1629446864444397,0.8548566099136544,0.0,0.0,466,1,2.54,2,2,False
DDA3937_RS18805,,ROGUE_SUSPECT,unknown,0,N_score|N_mobile|P_rogue,0,0.1532615404799784,0.8733546071926157,0.0,0.0,524,1,4.29,2,2,False
DDA3937_RS18810,,ROGUE_SUSPECT,unknown,0,N_score|P_rogue,0,0.1569244638386883,0.87085689537416,0.0,0.0,510,1,5.84,2,2,False
DDA3937_RS18815,,UNRESOLVED,unknown,0,E_cons_core,1,0.8965929608668013,0.09315223675351596,0.7142857142857143,1.0,177,0,7.31,2,2,False
DDA3937_RS18820,,CONFIDENT_NONESSENTIAL,non-essential,3,N_score|N_pangenome_strong|N_long_lagging,0,0.1807089457597027,0.8715755100580864,0.0,0.0,455,0,8.54,0,2,False
DDA3937_RS18830,,ROGUE_SUSPECT,unknown,0,E_geometry|N_score|P_rogue,0,0.2135675873306078,0.7998529452832319,0.0,0.0,271,1,10.24,2,2,False
DDA3937_RS18835,,ROGUE_SUSPECT,unknown,0,E_geometry|N_score|P_rogue,0,0.2505525858120339,0.7592865035454776,0.0,0.0,148,1,10.86,2,2,False
DDA3937_RS18840,,CONFIDENT_ESSENTIAL,essential,3,E_score|E_cons_core|E_geometry,0,0.9721585322509292,0.01976563151550952,1.0,0.0,90,1,11.2,2,2,False
DDA3937_RS18845,,ROGUE_SUSPECT,unknown,0,E_geometry|N_score|P_rogue,0,0.1835834473788589,0.8313863829513851,0.0,0.0,383,1,11.91,2,2,True
DDA3937_RS18850,,UNRESOLVED,unknown,0,E_cons_core|E_geometry,0,0.9408768187382742,0.04482611357815974,0.9428571428571428,3.0,415,1,13.12,2,2,True
DDA3937_RS18855,,ROGUE_SUSPECT,unknown,0,E_geometry|N_score|P_rogue,0,0.2204353838559413,0.8152102023139132,0.0,0.0,276,1,14.2,2,2,False
DDA3937_RS22485,,UNRESOLVED,unknown,0,N_pangenome_some,0,0.3194383834702721,0.8487238552236264,0.0,0.0,135,0,16.08,1,2,False
DDA3937_RS22490,,UNRESOLVED,unknown,0,E_geometry|N_pangenome_some,0,0.2944974701726922,0.8395851215609215,0.0,0.0,160,1,16.6,1,2,False
DDA3937_RS23355,,UNRESOLVED,unknown,0,E_geometry|N_pangenome_some,0,0.2969775840683441,0.8126058670702815,0.0,0.0,121,1,17.34,1,2,False
DDA3937_RS18870,,ROGUE_SUSPECT,unknown,0,E_geometry|N_score|P_rogue,0,0.2599241106231334,0.7813536325582157,0.0,0.0,156,1,17.75,2,2,False
DDA3937_RS18875,,ROGUE_SUSPECT,unknown,0,N_score|P_rogue,0,0.1699529439551657,0.8592044024161702,0.0,0.0,462,1,18.66,2,2,False
DDA3937_RS18880,,ROGUE_SUSPECT,unknown,0,N_score|P_rogue,0,0.1701378539608267,0.8564057879772583,0.0,0.0,458,1,20.05,2,2,False
DDA3937_RS18885,,ROGUE_SUSPECT,unknown,0,N_score|N_long_lagging|P_rogue|P_conditional,0,0.1687481669397639,0.8923090747756652,0.0,0.0,531,0,21.98,2,2,False
DDA3937_RS18890,,CONFIDENT_NONESSENTIAL,non-essential,2,N_score|N_pangenome_some,0,0.2833428239545873,0.7614017493808254,0.0,0.0,100,0,23.27,1,2,False
DDA3937_RS18900,,CONFIDENT_NONESSENTIAL,non-essential,2,E_geometry|N_score|N_pangenome_some,1,0.2913167924689386,0.7999906580732338,0.0,0.0,120,1,23.86,1,2,False
DDA3937_RS18905,,ROGUE_SUSPECT,unknown,0,E_geometry|N_score|P_rogue,0,0.2323355093787586,0.7854038095169865,0.0,0.0,221,1,24.51,2,2,False
DDA3937_RS18910,,CONFIDENT_ESSENTIAL,essential,3,E_score|E_cons_core|E_geometry,0,0.9737769062333655,0.01966907324624046,1.0,0.0,73,1,24.96,2,2,False
DDA3937_RS18915,,CONFIDENT_NONESSENTIAL,non-essential,1,N_score,0,0.1631463795548403,0.8788701455218529,0.0,1.0,523,1,25.95,2,2,True
DDA3937_RS18920,,CONFIDENT_NONESSENTIAL,non-essential,1,N_score,0,0.1730604377252332,0.8707373858213852,0.0,1.0,483,1,27.57,2,2,True
DDA3937_RS18925,,UNRESOLVED,unknown,0,E_geometry,0,0.3325166466379519,0.7141850150450707,0.125,0.0,294,1,28.8,2,2,False
DDA3937_RS18930,,CONDITIONAL_SUSPECT,unknown,0,N_score|N_long_lagging|P_conditional,0,0.1967523665334786,0.857446839575227,0.2857142857142857,1.0,1170,0,31.48,2,2,False
DDA3937_RS18940,,UNRESOLVED,unknown,0,E_cons_core|E_geometry,1,0.9564735853401516,0.03596819513131226,0.92,0.0,181,1,33.95,2,2,False
DDA3937_RS18945,,UNRESOLVED,unknown,0,E_cons_core,1,0.910107558329202,0.0839217637768864,0.8064516129032258,0.0,350,0,34.88,2,2,False
DDA3937_RS18950,,UNRESOLVED,unknown,0,E_cons_core,1,0.9409125985099156,0.052997059876168394,0.8888888888888888,0.0,305,0,35.94,2,2,False
DDA3937_RS18955,,CONDITIONAL_SUSPECT,unknown,0,N_score|N_long_lagging|P_conditional,0,0.0709178581643061,0.9580742077711815,0.0,1.0,1108,0,38.09,2,2,False
DDA3937_RS18960,,UNRESOLVED,unknown,0,E_cons_core|E_geometry,0,0.7188612169961875,0.28001891505627674,0.5,0.0,326,1,40.34,2,2,False
DDA3937_RS18965,,UNRESOLVED,unknown,0,E_cons_core,0,0.9000010196286005,0.09839240952578701,0.8648648648648649,2.0,599,0,42.2,2,2,False
DDA3937_RS18970,,UNRESOLVED,unknown,0,E_cons_core,0,0.9535049637374444,0.04292545224102407,0.9142857142857144,1.0,245,0,43.46,2,2,False
DDA3937_RS18975,,ROGUE_SUSPECT,unknown,0,N_score|P_rogue,0,0.2855157079141303,0.7848777989717539,0.0,0.0,132,0,44.04,2,2,False
DDA3937_RS18980,,ROGUE_SUSPECT,unknown,0,N_score|P_rogue,0,0.284350758073056,0.7705131219518113,0.0,0.0,119,0,44.43,2,2,False
DDA3937_RS18985,,CONFIDENT_NONESSENTIAL,non-essential,2,N_score|N_pangenome_strong,0,0.2691727875605,0.7993358790347682,0.0,0.0,180,0,45.03,0,2,False
DDA3937_RS18990,,ROGUE_SUSPECT,unknown,0,E_geometry|P_rogue,0,0.295731056086519,0.7950550009562776,0.0,0.0,118,1,45.62,2,2,True
DDA3937_RS18995,,UNRESOLVED,unknown,0,E_cons_core|E_geometry,1,0.9305042390718608,0.06802434509742182,0.8,1.0,189,1,46.24,2,2,False
DDA3937_RS19000,,UNRESOLVED,unknown,0,,0,0.3686425266456797,0.6995202816490583,0.1666666666666666,0.0,348,0,47.08,2,2,False
DDA3937_RS19005,,ROGUE_SUSPECT,unknown,0,E_geometry|N_score|P_rogue,0,0.2799477274034358,0.7638784220818339,0.0,0.0,115,1,47.81,2,2,False
DDA3937_RS19015,,UNRESOLVED,unknown,0,E_cons_core,0,0.6439020922257397,0.38229648429110485,0.5,0.0,550,1,50.35,2,2,False
DDA3937_RS19020,,UNRESOLVED,unknown,0,E_cons_core,0,0.7579848091122869,0.25001072416613945,0.5833333333333334,0.0,455,0,52.44,2,2,False
DDA3937_RS19030,,ROGUE_SUSPECT,unknown,0,N_score|P_rogue,0,0.2122277635894774,0.8368368218667344,0.0769230769230769,0.0,549,1,55.28,2,2,True
DDA3937_RS19035,,CONDITIONAL_SUSPECT,unknown,0,N_score|N_long_lagging|P_conditional,0,0.2269780826446069,0.8386543181073899,0.0588235294117647,1.0,485,0,57.16,2,2,True
DDA3937_RS19040,,ROGUE_SUSPECT,unknown,0,N_score|P_rogue,0,0.0718461695213372,0.956818577994548,0.05,0.0,1228,1,59.79,2,2,True
DDA3937_RS19045,,UNRESOLVED,unknown,0,,0,0.5368070533833615,0.5146993818056047,0.2857142857142857,2.0,277,0,62.22,2,2,False
DDA3937_RS19050,,ROGUE_SUSPECT,unknown,0,N_score|P_rogue,0,0.1538582080531672,0.8910626389573322,0.0,0.0,586,1,63.52,2,2,False
DDA3937_RS19055,,ROGUE_SUSPECT,unknown,0,N_score|P_rogue,0,0.1890872635669338,0.8582318084157445,0.0,0.0,436,1,65.13,2,2,False
DDA3937_RS19060,,ROGUE_SUSPECT,unknown,0,N_score|P_rogue,0,0.1699658814222712,0.8861267410845134,0.0,0.0,533,1,66.6,2,2,False
DDA3937_RS19065,,UNRESOLVED,unknown,0,E_geometry,0,0.3361848790337565,0.753989943094935,0.1111111111111111,0.0,310,1,68.17,2,2,False
DDA3937_RS19090,,UNRESOLVED,unknown,0,,0,0.4988530794546902,0.6203680145591051,0.2,0.0,182,0,74.84,2,2,False
DDA3937_RS19095,,ROGUE_SUSPECT,unknown,0,E_geometry|P_rogue,0,0.3133143993188121,0.7839977620415997,0.0,0.0,90,1,75.27,2,2,False
DDA3937_RS19100,,UNRESOLVED,unknown,0,E_geometry,1,0.725770810274964,0.3319311527612819,0.4594594594594595,1.0,276,1,75.81,2,2,False
DDA3937_RS19105,,UNRESOLVED,unknown,0,E_cons_core|E_geometry,1,0.89249009021202,0.11156323121842464,0.6875,1.0,190,1,76.53,2,2,False
DDA3937_RS22495,,ROGUE_SUSPECT,unknown,0,E_geometry|N_score|P_rogue,0,0.2774763420042422,0.8102442206435995,0.0,0.0,187,1,77.09,2,2,False
DDA3937_RS19115,,ROGUE_SUSPECT,unknown,0,E_geometry|P_rogue,0,0.2951939623981503,0.8118011027584631,0.0,0.0,156,1,77.62,2,2,False
DDA3937_RS19120,,ROGUE_SUSPECT,unknown,0,E_geometry|N_score|P_rogue,0,0.2155167924888712,0.8565923491989634,0.0,0.0,378,1,78.39,2,2,False
DDA3937_RS19125,,UNRESOLVED,unknown,0,E_cons_core,1,0.9516483613997836,0.05486949276875268,0.8571428571428571,0.0,170,0,79.33,2,2,True
DDA3937_RS19130,,CONFIDENT_ESSENTIAL,essential,2,E_score|E_cons_core,1,0.9660447417871002,0.03361709372703015,1.0,0.0,314,0,80.09,2,2,True
DDA3937_RS19135,,ROGUE_SUSPECT,unknown,0,N_score|N_long_lagging|P_rogue|P_conditional,0,0.2311328144367542,0.8560190096857848,0.0303030303030303,0.0,432,0,81.27,2,2,True
DDA3937_RS19140,,UNRESOLVED,unknown,0,,0,0.5513583757563582,0.569395947221699,0.3478260869565217,0.0,459,0,82.65,2,2,False
DDA3937_RS19145,,ROGUE_SUSPECT,unknown,0,P_rogue,0,0.4152444271287643,0.7372866668098643,0.0967741935483871,0.0,142,0,83.66,2,2,False
DDA3937_RS19150,,UNRESOLVED,unknown,0,E_geometry,0,0.6616271412259653,0.42525922359076435,0.3333333333333333,0.0,129,1,84.36,2,2,False
DDA3937_RS19155,,CONFIDENT_ESSENTIAL,essential,3,E_score|E_cons_core|E_geometry,1,0.9710785927947369,0.027395956339796666,0.9714285714285714,0.0,131,1,84.88,2,2,True
DDA3937_RS19160,,UNRESOLVED,unknown,0,E_cons_core|E_geometry,1,0.9650032250087318,0.035104020481418904,1.0,0.0,330,1,85.61,2,2,False
DDA3937_RS19165,,CONFIDENT_ESSENTIAL,essential,3,E_score|E_cons_core|E_geometry,1,0.9717175377282068,0.028581365751447603,1.0,0.0,207,1,86.44,2,2,True
DDA3937_RS19170,,CONFIDENT_ESSENTIAL,essential,3,E_score|E_cons_core|E_geometry,1,0.9747088824710494,0.02398455126555072,1.0,0.0,130,1,86.97,2,2,True
DDA3937_RS19175,,CONFIDENT_ESSENTIAL,essential,3,E_score|E_cons_core|E_geometry,1,0.975632394512549,0.024414887048816978,1.0,0.0,119,1,87.36,2,2,True
DDA3937_RS22505,,CONFIDENT_ESSENTIAL,essential,3,E_score|E_cons_core|E_geometry,1,0.9787591165524762,0.021233784679046578,1.0,0.0,39,1,87.75,2,2,True
DDA3937_RS19185,,UNRESOLVED,unknown,0,E_cons_core,1,0.9542520975263294,0.05237455347127247,0.972972972972973,0.0,444,1,88.51,2,2,False
DDA3937_RS19190,,CONFIDENT_ESSENTIAL,essential,3,E_score|E_cons_core|E_geometry,1,0.9698150934969264,0.02664345330577822,0.9714285714285714,0.0,145,1,89.4,2,2,True
DDA3937_RS19195,,CONFIDENT_ESSENTIAL,essential,3,E_score|E_cons_core|E_geometry,1,0.9778596405663276,0.02165545999520414,1.0,0.0,60,1,89.71,2,2,True
DDA3937_RS19200,,CONFIDENT_ESSENTIAL,essential,3,E_score|E_cons_core|E_geometry,1,0.9730380387131669,0.025308313015672906,1.0,0.0,167,1,90.05,2,2,True
DDA3937_RS19205,,CONFIDENT_ESSENTIAL,essential,3,E_score|E_cons_core|E_geometry,1,0.9751645955208706,0.023142450360697224,1.0,0.0,118,1,90.5,2,2,True
DDA3937_RS19210,,CONFIDENT_ESSENTIAL,essential,3,E_score|E_cons_core|E_geometry,1,0.972913783741252,0.026493985620943957,1.0,0.0,178,1,90.95,2,2,True
DDA3937_RS19215,,CONFIDENT_ESSENTIAL,essential,3,E_score|E_cons_core|E_geometry,1,0.9753236689514292,0.025048047225551196,1.0,0.0,131,1,91.42,2,2,True
DDA3937_RS19220,,CONFIDENT_ESSENTIAL,essential,3,E_score|E_cons_core|E_geometry,1,0.9757603035124812,0.02228055741787505,1.0,0.0,102,1,91.81,2,2,True
DDA3937_RS19225,,CONFIDENT_ESSENTIAL,essential,3,E_score|E_cons_core|E_geometry,1,0.9728361629744374,0.026517962684025752,1.0,0.0,180,1,92.24,2,2,True
DDA3937_RS19230,,CONFIDENT_ESSENTIAL,essential,3,E_score|E_cons_core|E_geometry,1,0.9768636084121394,0.024858902967770657,1.0,0.0,105,1,92.69,2,2,True
DDA3937_RS19235,,CONFIDENT_ESSENTIAL,essential,3,E_score|E_cons_core|E_geometry,1,0.9755852411756134,0.02456459343156141,1.0,0.0,124,1,93.04,2,2,True
DDA3937_RS19240,,CONFIDENT_ESSENTIAL,essential,3,E_score|E_cons_core|E_geometry,1,0.9774955428922713,0.02363140149051837,1.0,0.0,85,1,93.52,2,2,True
DDA3937_RS19245,,CONFIDENT_ESSENTIAL,essential,3,E_score|E_cons_core|E_geometry,1,0.9774761025908384,0.0211012378687791,1.0,0.0,64,1,93.74,2,2,True
DDA3937_RS19250,,CONFIDENT_ESSENTIAL,essential,3,E_score|E_cons_core|E_geometry,1,0.9746965582971092,0.024363002183946898,1.0,0.0,137,1,94.04,2,2,True
DDA3937_RS19255,,CONFIDENT_ESSENTIAL,essential,3,E_score|E_cons_core|E_geometry,1,0.970147229352252,0.0287743135590529,1.0,0.0,234,1,94.61,2,2,True
DDA3937_RS19260,,CONFIDENT_ESSENTIAL,essential,3,E_score|E_cons_core|E_geometry,1,0.9760293022556136,0.023682379486117726,1.0,0.0,111,1,95.14,2,2,True
DDA3937_RS19265,,CONFIDENT_ESSENTIAL,essential,3,E_score|E_cons_core|E_geometry,1,0.9763948206111386,0.02221159181000377,1.0,0.0,93,1,95.46,2,2,True
DDA3937_RS19270,,CONFIDENT_ESSENTIAL,essential,3,E_score|E_cons_core|E_geometry,1,0.9675209240333916,0.029684627134918453,1.0,0.0,274,1,96.03,2,2,True
DDA3937_RS19275,,CONFIDENT_ESSENTIAL,essential,3,E_score|E_cons_core|E_geometry,1,0.9768650140271536,0.02407262698778377,1.0,0.0,101,1,96.61,2,2,True
DDA3937_RS19280,,CONFIDENT_ESSENTIAL,essential,3,E_score|E_cons_core|E_geometry,1,0.9719222235394862,0.02742046489257973,1.0,0.0,202,1,97.06,2,2,True
DDA3937_RS19285,,CONFIDENT_ESSENTIAL,essential,3,E_score|E_cons_core|E_geometry,1,0.971529723344306,0.027737882286660773,1.0,0.0,210,1,97.69,2,2,True
DDA3937_RS19290,,CONFIDENT_ESSENTIAL,essential,3,E_score|E_cons_core|E_geometry,1,0.9755962908285593,0.02180289352631481,1.0,0.0,104,1,98.19,2,2,True
DDA3937_RS19295,,ROGUE_SUSPECT,unknown,0,E_geometry|P_rogue,0,0.3346290479345557,0.7901110525357568,0.032258064516129,0.0,158,1,98.88,2,2,False
DDA3937_RS19300,,UNRESOLVED,unknown,0,E_geometry,0,0.6401274037395428,0.47767191493761446,0.2777777777777778,0.0,65,1,99.29,2,2,False
DDA3937_RS19305,,UNRESOLVED,unknown,0,E_cons_core|E_geometry,1,0.930757705447549,0.07011210150032704,0.8648648648648649,1.0,395,1,100.11,2,2,False
DDA3937_RS19310,,UNRESOLVED,unknown,0,E_cons_core,1,0.9373247492425156,0.06913778668416563,1.0,0.0,705,1,101.83,2,2,False
DDA3937_RS19315,,CONFIDENT_ESSENTIAL,essential,3,E_score|E_cons_core|E_geometry,1,0.9707789288325008,0.029175383662823563,0.9714285714285714,0.0,157,1,103.21,2,2,True
DDA3937_RS19320,,CONFIDENT_ESSENTIAL,essential,3,E_score|E_cons_core|E_geometry,1,0.975360655538083,0.02350265716200642,1.0,0.0,125,1,103.73,2,2,True
DDA3937_RS19325,,CONFIDENT_ESSENTIAL,essential,3,E_score|E_cons_core|E_geometry,1,0.9753163313397222,0.02006397962608336,1.0,0.0,96,1,104.19,2,2,False
DDA3937_RS19330,,CONFIDENT_ESSENTIAL,essential,3,E_score|E_cons_core|E_geometry,1,0.967604495436595,0.028161135589821775,0.9444444444444444,0.0,120,1,104.53,2,2,False
DDA3937_RS19335,,CONFIDENT_ESSENTIAL,essential,3,E_score|E_cons_core|E_geometry,1,0.965551945867494,0.02609335378652489,0.9444444444444444,0.0,130,1,104.92,2,2,False
DDA3937_RS19340,,UNRESOLVED,unknown,0,E_geometry,0,0.3138318820142051,0.7807964051071322,0.05,1.0,241,1,105.48,2,2,False
DDA3937_RS19345,,CONDITIONAL_SUSPECT,unknown,0,N_score|N_long_lagging|P_conditional,0,0.1860528920648367,0.897443904595261,0.0,1.0,548,0,106.84,2,2,True
DDA3937_RS19350,,UNRESOLVED,unknown,0,E_cons_core|F_core_redundant,1,0.9254001258758678,0.08608567682667649,0.7428571428571429,12.0,223,0,108.0,2,2,True
DDA3937_RS19355,,ROGUE_SUSPECT,unknown,0,N_score|P_rogue,0,0.2276920690717398,0.8573766700421587,0.0,0.0,376,0,108.89,2,2,False
DDA3937_RS19360,,CONFIDENT_NONESSENTIAL,non-essential,1,E_geometry|N_score,0,0.2927437126916133,0.7829582757026148,0.05,1.0,284,1,110.03,2,2,False
DDA3937_RS19365,,UNRESOLVED,unknown,0,E_cons_core,1,0.8245387339165039,0.21430760099289248,0.5,0.0,73,0,110.78,2,2,False
DDA3937_RS19370,,UNRESOLVED,unknown,0,E_geometry,0,0.3311633002859662,0.7357960601967406,0.12,0.0,348,1,111.48,2,2,True
DDA3937_RS19375,,CONFIDENT_NONESSENTIAL,non-essential,1,E_geometry|N_score,0,0.2256792268445715,0.8270409092411449,0.0,1.0,339,1,112.66,2,2,True
DDA3937_RS19380,,CONDITIONAL_SUSPECT,unknown,0,N_score|N_redundancy|N_long_lagging|P_conditional,0,0.2396423010728585,0.8407972827477757,0.03125,7.0,456,0,114.27,2,2,True
DDA3937_RS19390,,CONFIDENT_NONESSENTIAL,non-essential,2,N_score|N_pangenome_strong,0,0.2138448325880141,0.8613245973350095,0.0,0.0,417,0,116.55,0,2,False
DDA3937_RS19395,,UNRESOLVED,unknown,0,E_geometry,0,0.709688541847942,0.32556979775142797,0.4117647058823529,1.0,197,1,117.54,2,2,False
DDA3937_RS19400,,UNRESOLVED,unknown,0,E_geometry,0,0.5285973105737565,0.5045066115351812,0.2,0.0,65,1,118.08,2,2,False
DDA3937_RS19405,,CONFIDENT_NONESSENTIAL,non-essential,1,N_score,0,0.1786695299515265,0.8756615998969406,0.0285714285714285,1.0,602,1,119.15,2,2,True
DDA3937_RS19410,,ROGUE_SUSPECT,unknown,0,E_geometry|P_rogue,0,0.3152395824928387,0.7675753235047688,0.0344827586206896,0.0,184,1,118.22,2,2,False
DDA3937_RS19415,,CONDITIONAL_SUSPECT,unknown,0,N_score|N_long_lagging|P_conditional,0,0.158665528223838,0.9036919103442458,0.0,1.0,640,0,116.86,2,2,True
DDA3937_RS19420,,UNRESOLVED,unknown,0,E_geometry,0,0.3895193451363952,0.6785565109428225,0.12,0.0,202,1,115.53,2,2,True
DDA3937_RS19425,,CONFIDENT_NONESSENTIAL,non-essential,2,N_score|N_pangenome_strong,0,0.2334564666057316,0.8335593252530564,0.0,0.0,333,0,114.61,0,2,False
DDA3937_RS19430,,UNRESOLVED,unknown,0,E_cons_core,0,0.954146526633811,0.04816458154879501,0.8333333333333334,0.0,79,0,113.99,2,2,False
DDA3937_RS19435,,ROGUE_SUSPECT,unknown,0,N_score|P_rogue,0,0.2515473681725331,0.8300398742690703,0.0,0.0,290,0,113.31,2,2,False
DDA3937_RS19440,,ROGUE_SUSPECT,unknown,0,E_geometry|P_rogue,0,0.3311795089288431,0.7354275770851323,0.04,0.0,136,1,112.63,2,2,False
DDA3937_RS19445,,UNRESOLVED,unknown,0,,1,0.7085106177904599,0.3730013724134165,0.4,1.0,211,0,111.72,2,2,False
DDA3937_RS19450,,UNRESOLVED,unknown,0,E_geometry|N_redundancy,0,0.6826128117132477,0.34982185705289914,0.4594594594594595,4.0,408,1,110.71,2,2,False
DDA3937_RS19455,,UNRESOLVED,unknown,0,E_geometry,1,0.5312655219438678,0.5237396334113409,0.2432432432432432,1.0,192,1,109.69,2,2,False
DDA3937_RS19460,,ROGUE_SUSPECT,unknown,0,E_geometry|N_score|P_rogue,0,0.217797090695342,0.8480362533812348,0.0,0.0,377,1,108.59,2,2,False
DDA3937_RS22515,,ROGUE_SUSPECT,unknown,0,E_geometry|P_rogue,0,0.3382310290007359,0.8195945007477745,0.0,0.0,106,1,107.4,2,2,False
DDA3937_RS23500,,ROGUE_SUSPECT,unknown,0,E_geometry|P_rogue,1,0.3265353166557019,0.7509644980394385,0.0,0.0,50,1,106.94,2,2,False
DDA3937_RS19465,,ROGUE_SUSPECT,unknown,0,N_score|P_rogue,0,0.1554319753843801,0.9147353250558796,0.0,0.0,655,1,105.77,2,2,False
DDA3937_RS19470,,ROGUE_SUSPECT,unknown,0,E_geometry|N_score|P_rogue,0,0.2702757622676095,0.8044059771586675,0.0,0.0,209,1,104.02,2,2,False
DDA3937_RS19475,,CONFIDENT_NONESSENTIAL,non-essential,1,E_geometry|N_score,0,0.2182309125927058,0.8448129211390288,0.0,2.0,381,1,102.92,2,2,True
DDA3937_RS19480,,ROGUE_SUSPECT,unknown,0,N_score|P_rogue,0,0.1993029322641357,0.8572791949619242,0.0,0.0,430,1,101.71,2,2,False
DDA3937_RS19485,,ROGUE_SUSPECT,unknown,0,E_geometry|N_score|P_rogue,0,0.2297790533729288,0.8462817544722505,0.0,0.0,344,1,100.55,2,2,False
DDA3937_RS19490,,ROGUE_SUSPECT,unknown,0,N_score|P_rogue,0,0.1889468320413852,0.8591727190343964,0.0,0.0,457,1,99.35,2,2,False
DDA3937_RS19495,,ROGUE_SUSPECT,unknown,0,N_score|P_rogue,0,0.2223897136391837,0.8532161832308377,0.0,0.0,376,0,97.64,2,2,False
DDA3937_RS19500,,ROGUE_SUSPECT,unknown,0,N_score|P_rogue,0,0.2254982338509295,0.8576723929153949,0.0,0.0,375,0,96.0,2,2,False
DDA3937_RS19505,,ROGUE_SUSPECT,unknown,0,N_score|N_long_lagging|P_rogue|P_conditional,0,0.2077641095414288,0.8620371264102211,0.0,0.0,421,0,94.64,2,2,False
DDA3937_RS19510,,UNRESOLVED,unknown,0,E_geometry,1,0.5747724389006561,0.5276060548492189,0.2702702702702703,1.0,191,1,93.44,2,2,False
DDA3937_RS19515,,UNRESOLVED,unknown,0,E_geometry|N_redundancy,0,0.318004153867065,0.7459356966774329,0.1111111111111111,6.0,385,1,92.33,2,2,True
DDA3937_RS19520,,UNRESOLVED,unknown,0,E_cons_core|E_geometry,1,0.9317438233018202,0.0669185137113859,0.8518518518518519,0.0,335,1,90.95,2,2,False
DDA3937_RS19525,,UNRESOLVED,unknown,0,E_geometry|N_redundancy,0,0.5228166564617778,0.5246212295431247,0.2432432432432432,7.0,233,1,90.09,2,2,False
DDA3937_RS19530,,UNRESOLVED,unknown,0,E_cons_core|E_geometry,1,0.956651425553847,0.03958456084752875,0.918918918918919,0.0,226,1,89.42,2,2,False
DDA3937_RS19535,,UNRESOLVED,unknown,0,E_geometry,1,0.4412148032918875,0.6666881301728577,0.1875,0.0,276,1,88.53,2,2,False
DDA3937_RS19540,,ROGUE_SUSPECT,unknown,0,E_geometry|N_score|P_rogue,0,0.2182605287481016,0.8378876709361893,0.0,0.0,351,1,87.51,2,2,False
DDA3937_RS19545,,UNRESOLVED,unknown,0,E_cons_core|E_geometry,1,0.8645971534359641,0.13886833642676424,0.696969696969697,0.0,362,1,86.31,2,2,False
DDA3937_RS19550,,UNRESOLVED,unknown,0,E_cons_core|E_geometry,1,0.9170495065950722,0.0922050262243877,0.7352941176470589,1.0,174,1,85.45,2,2,False
DDA3937_RS19555,,ROGUE_SUSPECT,unknown,0,N_score|P_rogue,0,0.1960385695364011,0.8612651973379316,0.0,0.0,435,1,84.11,2,2,False
DDA3937_RS19560,,ROGUE_SUSPECT,unknown,0,E_geometry|N_score|P_rogue,0,0.2837461201322987,0.7547768494535314,0.0,0.0,119,1,83.26,2,2,False
DDA3937_RS19565,,ROGUE_SUSPECT,unknown,0,E_geometry|N_score|P_rogue,0,0.2642949294625052,0.7824300522410466,0.0,0.0,185,1,82.8,2,2,False
DDA3937_RS19570,,ROGUE_SUSPECT,unknown,0,E_geometry|N_score|P_rogue,0,0.2672513837708987,0.789756545681386,0.0,0.0,187,1,82.25,2,2,False
DDA3937_RS19575,,ROGUE_SUSPECT,unknown,0,E_geometry|N_score|P_rogue,0,0.2338769019114414,0.8259620677201192,0.0,0.0,298,1,81.53,2,2,False
DDA3937_RS19580,,UNRESOLVED,unknown,0,E_cons_core,0,0.5889158276317407,0.4822887036139657,0.5428571428571428,0.0,853,0,79.49,2,2,False
DDA3937_RS19585,,CONFIDENT_NONESSENTIAL,non-essential,1,E_geometry|N_score,0,0.2809344531903268,0.7958684104234881,0.0,3.0,184,1,77.79,2,2,True
DDA3937_RS19590,,UNRESOLVED,unknown,0,E_cons_core,0,0.603740129240393,0.4770840064271811,0.5,0.0,710,0,76.03,2,2,False
DDA3937_RS19595,,UNRESOLVED,unknown,0,N_redundancy,0,0.5378628869295601,0.5592262064779603,0.2432432432432432,7.0,235,0,74.41,2,2,False
DDA3937_RS19600,,ROGUE_SUSPECT,unknown,0,P_rogue,0,0.3605102022768611,0.7217528184959933,0.0689655172413793,0.0,138,0,73.86,2,2,False
DDA3937_RS19605,,UNRESOLVED,unknown,0,,0,0.3972463177556122,0.6689389246977844,0.1666666666666666,0.0,291,0,72.97,2,2,True
DDA3937_RS19610,,CONDITIONAL_SUSPECT,unknown,0,N_long_lagging|P_conditional,0,0.3227703209316803,0.7625377785332115,0.1818181818181818,0.0,540,0,70.97,2,2,False
DDA3937_RS19615,,UNRESOLVED,unknown,0,N_redundancy,0,0.4993940510358256,0.5528619638098671,0.3142857142857143,7.0,468,1,69.34,2,2,False
DDA3937_RS19620,,UNRESOLVED,unknown,0,E_cons_core|E_geometry|F_core_redundant,1,0.9155968254329292,0.0831054504950964,0.7428571428571429,12.0,240,1,68.28,2,2,True
DDA3937_RS19625,,UNRESOLVED,unknown,0,,1,0.6528837589092161,0.4145824248582544,0.3428571428571428,1.0,167,0,67.4,2,2,False
DDA3937_RS19630,,CONDITIONAL_SUSPECT,unknown,0,N_score|N_long_lagging|P_conditional,0,0.258990447390828,0.8223688383766344,0.125,0.0,573,0,66.08,2,2,False
DDA3937_RS19635,,ROGUE_SUSPECT,unknown,0,N_score|N_long_lagging|P_rogue|P_conditional,0,0.1490531564606225,0.901434580188063,0.0571428571428571,0.0,782,0,63.89,2,2,False
DDA3937_RS19645,,UNRESOLVED,unknown,0,E_geometry|N_redundancy,0,0.6699113943376821,0.34476920133809447,0.3939393939393939,9.0,258,1,61.29,2,2,False
DDA3937_RS19650,,ROGUE_SUSPECT,unknown,0,N_score|P_rogue,0,0.266056746338284,0.765140737675224,0.0285714285714285,0.0,235,0,60.48,2,2,False
DDA3937_RS19655,,UNRESOLVED,unknown,0,E_cons_core,1,0.8734710363941464,0.13799443295138272,0.6470588235294118,0.0,192,0,59.78,2,2,False
DDA3937_RS19660,,ROGUE_SUSPECT,unknown,0,N_score|P_rogue,0,0.1257049407804137,0.9163352606539062,0.0,0.0,729,1,58.23,2,2,True
DDA3937_RS19665,,CONFIDENT_NONESSENTIAL,non-essential,1,N_score,0,0.1128847005795238,0.9262066818407124,0.0,1.0,806,1,55.91,2,2,True
DDA3937_RS19670,,UNRESOLVED,unknown,0,E_geometry|N_redundancy,0,0.4662499166358422,0.6203421291854697,0.2,6.0,253,1,54.28,2,2,True
DDA3937_RS19675,,ROGUE_SUSPECT,unknown,0,E_geometry|N_score|P_rogue,0,0.2307767644360646,0.8137988640344477,0.0,0.0,275,1,53.33,2,2,False
DDA3937_RS19680,,CONFIDENT_NONESSENTIAL,non-essential,2,N_score|N_pangenome_strong,0,0.2114578987009786,0.8703289891531156,0.0,0.0,404,0,52.04,0,2,False
DDA3937_RS19685,,CONFIDENT_NONESSENTIAL,non-essential,2,N_score|N_pangenome_strong,0,0.2335638505386243,0.8354152770228522,0.0,1.0,309,0,50.91,0,2,False
DDA3937_RS19690,,UNRESOLVED,unknown,0,,0,0.3027854764749718,0.8254540065473085,0.0,1.0,160,0,50.1,2,2,False
DDA3937_RS19695,,CONDITIONAL_SUSPECT,unknown,0,N_redundancy|N_long_lagging|P_conditional,0,0.2968510594353376,0.7874693621602169,0.0967741935483871,9.0,432,0,49.21,2,2,True
DDA3937_RS19715,,UNRESOLVED,unknown,0,E_geometry,0,0.7835954731496878,0.22438440158391018,0.4838709677419355,1.0,107,1,46.08,2,2,False
DDA3937_RS19720,,UNRESOLVED,unknown,0,,1,0.5956884242563963,0.4540003183458288,0.4285714285714285,0.0,500,0,44.77,2,2,False
DDA3937_RS19725,,CONFIDENT_NONESSENTIAL,non-essential,1,N_score,0,0.1119806178560292,0.9310132248154993,0.0,1.0,816,1,42.38,2,2,True
DDA3937_RS19730,,ROGUE_SUSPECT,unknown,0,N_score|P_rogue,0,0.2251863506810031,0.8251987941729924,0.0689655172413793,0.0,478,1,40.42,2,2,False
DDA3937_RS19735,,ROGUE_SUSPECT,unknown,0,N_score|P_rogue,0,0.188299063964077,0.8599351384501174,0.0,0.0,429,1,38.98,2,2,False
DDA3937_RS19740,,ROGUE_SUSPECT,unknown,0,N_score|P_rogue,0,0.1332764901595866,0.9003501678923357,0.0,0.0,657,1,37.34,2,2,True
DDA3937_RS19745,,ROGUE_SUSPECT,unknown,0,N_score|P_rogue,0,0.1415547218757751,0.9005515775770636,0.037037037037037,0.0,728,1,35.26,2,2,True
DDA3937_RS19750,,CONDITIONAL_SUSPECT,unknown,0,N_score|N_long_lagging|P_conditional,0,0.1634712429223596,0.8898011163087194,0.0,2.0,562,0,32.95,2,2,False
DDA3937_RS19755,,UNRESOLVED,unknown,0,E_cons_core|E_geometry,1,0.9554075561492068,0.053201470904925365,0.8387096774193549,3.0,71,1,31.77,2,2,False
DDA3937_RS19760,,UNRESOLVED,unknown,0,E_geometry,0,0.4129068224210424,0.6343088498434226,0.1428571428571428,0.0,146,1,31.07,2,2,False
DDA3937_RS19765,,UNRESOLVED,unknown,0,E_cons_core|E_geometry,1,0.9587675117293902,0.033460739828342696,1.0,1.0,365,1,30.09,2,2,True
DDA3937_RS19770,,UNRESOLVED,unknown,0,,1,0.5412294572040898,0.5212974491562591,0.2647058823529412,1.0,198,0,29.05,2,2,False
DDA3937_RS19775,,ROGUE_SUSPECT,unknown,0,N_score|P_rogue,0,0.2148286242370583,0.8342911351347142,0.0434782608695652,0.0,439,1,28.02,2,2,False
DDA3937_RS19780,,UNRESOLVED,unknown,0,,0,0.6697927108419484,0.3640940479035758,0.3809523809523809,0.0,173,0,26.85,2,2,False
DDA3937_RS19785,,UNRESOLVED,unknown,0,E_geometry|N_redundancy,0,0.6179655454325104,0.4047134278535378,0.3666666666666666,14.0,333,1,26.09,2,2,False
DDA3937_RS19790,,ROGUE_SUSPECT,unknown,0,N_score|P_rogue,0,0.2460698332807496,0.8419379934086019,0.0,0.0,272,0,24.52,2,2,False
DDA3937_RS19795,,ROGUE_SUSPECT,unknown,0,E_geometry|N_score|P_rogue,0,0.243216883428654,0.8133550176087442,0.0,0.0,233,1,23.64,2,2,False
DDA3937_RS23365,,UNRESOLVED,unknown,0,N_pangenome_some,0,0.3273570759462606,0.7999528105926283,0.0,0.0,65,0,22.39,1,2,False
DDA3937_RS19800,,ROGUE_SUSPECT,unknown,0,E_geometry|N_score|P_rogue,0,0.2221490041812731,0.8247505291354236,0.0416666666666666,0.0,402,1,21.57,2,2,False
DDA3937_RS19805,,ROGUE_SUSPECT,unknown,0,E_geometry|N_score|P_rogue,0,0.1812742488217828,0.8461896295865139,0.0,0.0,417,1,20.34,2,2,False
DDA3937_RS19810,,ROGUE_SUSPECT,unknown,0,N_score|P_rogue,0,0.1508561414424002,0.8767028459813375,0.0,0.0,548,1,18.91,2,2,False
DDA3937_RS19815,,CONDITIONAL_SUSPECT,unknown,0,N_score|N_redundancy|N_long_lagging|P_conditional,0,0.2812113317921542,0.7921829778144639,0.0967741935483871,9.0,450,0,17.11,2,2,True
DDA3937_RS19820,,CONFIDENT_NONESSENTIAL,non-essential,1,N_score,1,0.2369184436400464,0.8268808615224212,0.0285714285714285,3.0,361,0,15.74,2,2,True
DDA3937_RS19825,,CONFIDENT_NONESSENTIAL,non-essential,1,E_geometry|N_score,0,0.2366365223636496,0.8223937586827883,0.0,2.0,266,1,14.81,2,2,False
DDA3937_RS19830,,UNRESOLVED,unknown,0,E_geometry|N_redundancy,0,0.6328617834722112,0.38828016192409276,0.3939393939393939,9.0,331,1,13.86,2,2,False
DDA3937_RS19835,,UNRESOLVED,unknown,0,N_redundancy,0,0.4808782830305089,0.5712227455448611,0.2058823529411764,8.0,207,0,12.94,2,2,True
DDA3937_RS19840,,ROGUE_SUSPECT,unknown,0,E_geometry|N_score|P_rogue,0,0.2463778826880715,0.8681519137976446,0.0,0.0,297,1,12.03,2,2,False
DDA3937_RS19845,,UNRESOLVED,unknown,0,E_geometry|N_redundancy,0,0.4695870607832679,0.5605916680523896,0.2058823529411764,8.0,208,1,10.91,2,2,True
DDA3937_RS19850,,ROGUE_SUSPECT,unknown,0,N_score|P_rogue,0,0.178053807280597,0.8655623338191435,0.0625,0.0,615,1,9.61,2,2,False
DDA3937_RS19855,,CONFIDENT_NONESSENTIAL,non-essential,2,E_geometry|N_score|N_pangenome_some,0,0.2225884912449346,0.82976586138428,0.0,0.0,290,1,8.09,1,2,False
DDA3937_RS19860,,UNRESOLVED,unknown,0,,0,0.7052549719836545,0.31911918357346497,0.4117647058823529,2.0,157,0,7.2,2,2,False
DDA3937_RS19865,,ROGUE_SUSPECT,unknown,0,N_score|P_rogue,0,0.2213902643395151,0.8357353543406691,0.0,0.0,307,0,6.4,2,2,True
DDA3937_RS19870,,ROGUE_SUSPECT,unknown,0,E_geometry|N_score|P_rogue,0,0.2441033081383291,0.7919059335489295,0.0588235294117647,0.0,353,1,5.45,2,2,False
DDA3937_RS19875,,UNRESOLVED,unknown,0,E_geometry|N_mobile,0,0.4743725548950737,0.5700406795515517,0.2647058823529412,1.0,317,1,4.26,2,2,False
DDA3937_RS19880,,UNRESOLVED,unknown,0,E_cons_core|N_mobile,1,0.7740209977014579,0.22734252180422282,0.7142857142857143,1.0,721,1,2.34,2,2,False
DDA3937_RS19885,,UNRESOLVED,unknown,0,E_geometry|N_redundancy|N_mobile,0,0.4984891223577544,0.5438196134829263,0.2432432432432432,7.0,239,1,0.81,2,2,False
DDA3937_RS19890,,UNRESOLVED,unknown,0,E_geometry|N_mobile,1,0.5683159107655615,0.439195675701625,0.3513513513513513,1.0,303,1,0.0,2,2,False
DDA3937_RS19895,,UNRESOLVED,unknown,0,E_geometry|N_mobile,0,0.3305450581629577,0.719826898099647,0.1034482758620689,0.0,234,1,0.8,2,2,True
DDA3937_RS19900,,UNRESOLVED,unknown,0,E_cons_core|E_geometry|N_mobile,1,0.9076081182855882,0.08192183258251134,0.7837837837837838,0.0,275,1,1.56,2,2,False
DDA3937_RS19905,,ROGUE_SUSPECT,unknown,0,E_geometry|N_mobile|P_rogue,1,0.3010544386656808,0.7639565955057127,0.0,0.0,55,1,2.14,2,2,False
DDA3937_RS19910,,UNRESOLVED,unknown,0,N_mobile,0,0.4595091692735763,0.6283409264550145,0.16,0.0,107,0,2.46,2,2,False
DDA3937_RS19915,,ROGUE_SUSPECT,unknown,0,N_score|N_mobile|P_rogue,0,0.1012606529156468,0.937513750384636,0.0,0.0,853,1,3.96,2,2,False
DDA3937_RS19920,,UNRESOLVED,unknown,0,E_cons_core,1,0.9560045403238072,0.03525185778815485,0.9714285714285714,0.0,314,0,6.04,2,2,False
DDA3937_RS19925,,CONFIDENT_ESSENTIAL,essential,2,E_score|E_cons_core,1,0.9654780243927884,0.02759672386512438,1.0,0.0,247,0,6.87,2,2,False
DDA3937_RS19930,,UNRESOLVED,unknown,0,,0,0.3002799180368501,0.7607847203490269,0.1176470588235294,0.0,376,0,7.91,2,2,False
DDA3937_RS19935,,UNRESOLVED,unknown,0,,0,0.2939614822942457,0.7652252208719518,0.12,0.0,399,0,9.07,2,2,True
DDA3937_RS19940,,ROGUE_SUSPECT,unknown,0,E_geometry|N_score|P_rogue,0,0.1938161510440371,0.8503351547719956,0.0,0.0,387,1,10.87,2,2,False
DDA3937_RS19945,,UNRESOLVED,unknown,0,E_cons_core|E_geometry|F_core_redundant,1,0.962743814674005,0.03148811025015765,0.945945945945946,16.0,254,1,11.91,2,2,True
DDA3937_RS19950,,UNRESOLVED,unknown,0,E_geometry|N_redundancy,0,0.4978814570429337,0.5756632299226432,0.2,18.0,224,1,12.64,2,2,False
DDA3937_RS19955,,UNRESOLVED,unknown,0,E_geometry|N_redundancy,1,0.3763079593028882,0.7013523533895188,0.1176470588235294,12.0,260,1,13.44,2,2,True
DDA3937_RS19960,,ROGUE_SUSPECT,unknown,0,E_geometry|N_score|P_rogue,0,0.2590167608485455,0.7951364455280802,0.0,0.0,175,1,14.1,2,2,False
DDA3937_RS19965,,UNRESOLVED,unknown,0,E_cons_core,1,0.9530465284980656,0.04097328054250014,1.0,2.0,455,1,15.06,2,2,False
DDA3937_RS19970,,UNRESOLVED,unknown,0,,0,0.2937185072857231,0.7790648968929055,0.0833333333333333,1.0,327,0,16.67,2,2,True
DDA3937_RS19975,,CONFIDENT_NONESSENTIAL,non-essential,2,N_score|N_pangenome_strong,0,0.2313901802165924,0.8346100334683352,0.0,0.0,290,0,17.73,0,2,True
DDA3937_RS19980,,UNRESOLVED,unknown,0,N_redundancy,0,0.3474758258699518,0.7287521878894988,0.1351351351351351,15.0,408,0,18.79,2,2,True
DDA3937_RS19985,,UNRESOLVED,unknown,0,E_cons_core,0,0.9193013431081526,0.07234459123932148,0.8823529411764706,2.0,485,0,20.18,2,2,False
DDA3937_RS19990,,ROGUE_SUSPECT,unknown,0,E_geometry|N_score|P_rogue,0,0.2895770317786155,0.7879412210605518,0.0,0.0,112,1,21.18,2,2,False
DDA3937_RS20015,,ROGUE_SUSPECT,unknown,0,N_score|P_rogue,0,0.1783149172651358,0.8712431984986814,0.0,0.0,465,1,22.78,2,2,False
DDA3937_RS20020,,UNRESOLVED,unknown,0,E_geometry,0,0.3638431649897686,0.663394481534891,0.1428571428571428,0.0,246,1,24.17,2,2,False
DDA3937_RS20025,,UNRESOLVED,unknown,0,E_cons_core,0,0.9526208706000904,0.03999532118759676,1.0,0.0,447,1,25.2,2,2,False
DDA3937_RS20030,,ROGUE_SUSPECT,unknown,0,E_geometry|N_score|P_rogue,0,0.2002510134101133,0.8376364800119843,0.0,0.0,362,1,26.41,2,2,False
DDA3937_RS20035,,UNRESOLVED,unknown,0,E_geometry,0,0.5070289704457637,0.5181127055008796,0.3333333333333333,0.0,417,1,27.57,2,2,False
DDA3937_RS20040,,UNRESOLVED,unknown,0,E_geometry,0,0.5887384630281516,0.4416808993128015,0.3823529411764705,2.0,377,1,28.77,2,2,False
DDA3937_RS20045,,ROGUE_SUSPECT,unknown,0,E_geometry|N_score|P_rogue,0,0.2354934360494973,0.8013487674754205,0.0,0.0,239,1,29.74,2,2,False
DDA3937_RS20050,,UNRESOLVED,unknown,0,,1,0.6447410255087163,0.3667868692408447,0.4571428571428571,1.0,422,1,30.77,2,2,False
DDA3937_RS20055,,UNRESOLVED,unknown,0,E_geometry,0,0.4487610596724973,0.6041790927224949,0.2592592592592592,0.0,377,1,31.97,2,2,True
DDA3937_RS20060,,ROGUE_SUSPECT,unknown,0,E_geometry|N_score|P_rogue,0,0.206667016961025,0.8335494039887777,0.0,0.0,345,1,33.14,2,2,False
DDA3937_RS20065,,UNRESOLVED,unknown,0,E_geometry,0,0.4754333262563913,0.5847152626020801,0.2727272727272727,0.0,358,1,34.26,2,2,True
DDA3937_RS20070,,UNRESOLVED,unknown,0,E_cons_core,1,0.9503417497730452,0.04704274745150518,0.96875,0.0,420,1,35.66,2,2,False
DDA3937_RS20075,,UNRESOLVED,unknown,0,E_cons_core|E_geometry,1,0.9579033844124252,0.04136565153005675,0.8857142857142857,0.0,109,1,36.87,2,2,False
DDA3937_RS20080,,ROGUE_SUSPECT,unknown,0,N_score|N_long_lagging|P_rogue|P_conditional,0,0.1973752925473223,0.8690480880172842,0.0,0.0,429,0,37.8,2,2,False
DDA3937_RS20085,,ROGUE_SUSPECT,unknown,0,N_score|N_long_lagging|P_rogue|P_conditional,0,0.1761866207581301,0.878475946828774,0.0,0.0,499,0,39.2,2,2,False
DDA3937_RS20100,,ROGUE_SUSPECT,unknown,0,N_score|N_long_lagging|P_rogue|P_conditional,0,0.1588116121168907,0.9058277224549912,0.0,0.0,603,0,45.45,2,2,False
DDA3937_RS20105,,UNRESOLVED,unknown,0,E_cons_core,1,0.7996381061223015,0.2161034316998667,0.7142857142857143,1.0,675,1,47.42,2,2,False
DDA3937_RS20110,,UNRESOLVED,unknown,0,,0,0.7336809396521582,0.3403843321133798,0.4,0.0,100,0,48.75,2,2,False
DDA3937_RS20115,,ROGUE_SUSPECT,unknown,0,N_score|P_rogue,0,0.0487008478290521,0.9711684759116815,0.0,0.0,1330,1,50.93,2,2,False
DDA3937_RS20120,,CONDITIONAL_SUSPECT,unknown,0,N_score|N_long_lagging|P_conditional,0,0.1832751309895792,0.8742027510011927,0.0,3.0,500,0,53.96,2,2,True
DDA3937_RS20125,,CONFIDENT_NONESSENTIAL,non-essential,2,E_geometry|N_score|N_pangenome_some,0,0.2900062739526396,0.7874454001660226,0.0,0.0,129,1,55.0,1,2,False
DDA3937_RS20130,,ROGUE_SUSPECT,unknown,0,N_score|P_rogue,0,0.1775470450932006,0.8759777191974992,0.0,0.0,493,1,56.04,2,2,False
DDA3937_RS20135,,UNRESOLVED,unknown,0,E_cons_core|F_core_redundant,1,0.9048102465996382,0.10922693788407767,0.6216216216216216,55.0,296,0,57.4,2,2,True
DDA3937_RS20140,,ROGUE_SUSPECT,unknown,0,N_score|P_rogue,0,0.2516869448788635,0.8234639269711566,0.0,0.0,255,0,58.22,2,2,False
DDA3937_RS20145,,ROGUE_SUSPECT,unknown,0,E_geometry|N_score|P_rogue,0,0.2512417395332492,0.8218470276870226,0.0,0.0,247,1,58.98,2,2,True
DDA3937_RS20150,,ROGUE_SUSPECT,unknown,0,N_score|P_rogue,0,0.2217255135777469,0.8280747574281466,0.074074074074074,0.0,515,1,60.28,2,2,False
DDA3937_RS20155,,UNRESOLVED,unknown,0,,0,0.347952929472213,0.709158218424229,0.25,0.0,617,1,61.98,2,2,False
DDA3937_RS20160,,UNRESOLVED,unknown,0,E_geometry|N_redundancy,0,0.4235341314040129,0.650638631250619,0.1891891891891892,4.0,309,1,63.44,2,2,True
DDA3937_RS20165,,ROGUE_SUSPECT,unknown,0,E_geometry|P_rogue,0,0.314440307936941,0.7841889235562781,0.0,0.0,86,1,64.06,2,2,False
DDA3937_RS20170,,UNRESOLVED,unknown,0,,0,0.4129061500999795,0.6501775539621879,0.2777777777777778,2.0,549,1,65.03,2,2,True
DDA3937_RS22530,,ROGUE_SUSPECT,unknown,0,E_geometry|P_rogue,0,0.3341564083814266,0.76569297275707,0.0,0.0,33,1,66.04,2,2,False
DDA3937_RS20175,,UNRESOLVED,unknown,0,E_geometry|N_redundancy,0,0.359060792716223,0.7357811053708403,0.1481481481481481,8.0,405,1,66.84,2,2,True
DDA3937_RS20180,,ROGUE_SUSPECT,unknown,0,N_score|N_long_lagging|P_rogue|P_conditional,0,0.1846315775846469,0.8873587374921873,0.0,0.0,509,0,68.55,2,2,False
DDA3937_RS20185,,UNRESOLVED,unknown,0,E_cons_core|E_geometry,1,0.8083989604344366,0.23746342080508698,0.5,0.0,113,1,69.55,2,2,False
DDA3937_RS20190,,UNRESOLVED,unknown,0,E_cons_core|F_core_redundant,1,0.9154666512258288,0.12128070243935844,0.6216216216216216,55.0,275,0,70.25,2,2,True
DDA3937_RS20230,,UNRESOLVED,unknown,0,E_geometry,1,0.7029307408034458,0.35725064524222705,0.4,0.0,180,1,77.03,2,2,False
DDA3937_RS20235,,UNRESOLVED,unknown,0,,0,0.3531861708813327,0.7312260544352283,0.1923076923076923,0.0,484,1,78.04,2,2,False
DDA3937_RS20240,,ROGUE_SUSPECT,unknown,0,E_geometry|N_score|P_rogue,0,0.261052150092063,0.7940534292886184,0.0,0.0,205,1,79.12,2,2,False
DDA3937_RS20245,,UNRESOLVED,unknown,0,,0,0.3007796395105838,0.775294039447208,0.1212121212121212,2.0,444,1,80.09,2,2,False
DDA3937_RS20250,,CONDITIONAL_SUSPECT,unknown,0,N_score|N_long_lagging|P_conditional,0,0.2236536317442814,0.8460095920928874,0.1379310344827586,1.0,730,0,82.03,2,2,True
DDA3937_RS20255,,UNRESOLVED,unknown,0,,0,0.532637334804609,0.5161627010532972,0.3235294117647059,0.0,388,0,83.72,2,2,True
DDA3937_RS20260,,UNRESOLVED,unknown,0,E_cons_core|E_geometry,0,0.8254514031069997,0.17800189484261478,0.55,0.0,143,1,84.57,2,2,False
DDA3937_RS20265,,UNRESOLVED,unknown,0,E_geometry,0,0.5688801233938013,0.45224960736103403,0.2727272727272727,0.0,143,1,85.02,2,2,True
DDA3937_RS20270,,UNRESOLVED,unknown,0,E_geometry,0,0.6323514172138308,0.40442560995576043,0.3142857142857143,0.0,116,1,85.4,2,2,False
DDA3937_RS20275,,UNRESOLVED,unknown,0,E_cons_core,0,0.6591525692776623,0.39371503479169456,0.5,0.0,564,0,86.55,2,2,False
DDA3937_RS20280,,UNRESOLVED,unknown,0,E_geometry,1,0.6092567782342599,0.4420406986927107,0.3333333333333333,0.0,234,1,87.84,2,2,False
DDA3937_RS20290,,UNRESOLVED,unknown,0,,0,0.4403547640775372,0.658458911874739,0.1428571428571428,0.0,163,0,90.19,2,2,True
DDA3937_RS20295,,UNRESOLVED,unknown,0,E_cons_core|E_geometry,1,0.9055438060676844,0.0922634897269434,0.7777777777777778,0.0,341,1,90.97,2,2,False
DDA3937_RS20300,,CONFIDENT_NONESSENTIAL,non-essential,1,E_geometry|N_score,0,0.2716826595099359,0.784765533313093,0.027027027027027,2.0,265,1,91.88,2,2,True
DDA3937_RS20305,,UNRESOLVED,unknown,0,E_cons_core|E_geometry,0,0.7968505148667887,0.22753358500429208,0.5428571428571428,0.0,257,1,92.78,2,2,False
DDA3937_RS20310,,UNRESOLVED,unknown,0,E_cons_core|E_geometry,1,0.8588966292159738,0.14384180726043955,0.6206896551724138,0.0,192,1,93.46,2,2,False
DDA3937_RS20315,,UNRESOLVED,unknown,0,E_cons_core|E_geometry,0,0.9642369189532286,0.03632240593671607,0.896551724137931,1.0,85,1,93.88,2,2,False
DDA3937_RS20320,,UNRESOLVED,unknown,0,E_cons_core,1,0.950465344271523,0.04999750670859765,1.0,0.0,546,1,94.92,2,2,False
DDA3937_RS20325,,UNRESOLVED,unknown,0,E_cons_core|E_geometry,1,0.9245173520131438,0.06852262666670998,0.782608695652174,0.0,203,1,96.04,2,2,False
DDA3937_RS20330,,CONFIDENT_ESSENTIAL,essential,3,E_score|E_cons_core|E_geometry,1,0.9695874885673358,0.029638850769240152,1.0,0.0,252,1,96.73,2,2,True
DDA3937_RS20335,,ROGUE_SUSPECT,unknown,0,N_score|P_rogue,0,0.1806076693224898,0.8778391515932426,0.0,0.0,511,1,98.01,2,2,False
DDA3937_RS20340,,UNRESOLVED,unknown,0,E_cons_core,0,0.7048472420742471,0.3183793720368669,0.5135135135135135,0.0,458,1,99.65,2,2,False
DDA3937_RS20345,,UNRESOLVED,unknown,0,E_cons_core|E_geometry,0,0.8004678926956159,0.2016354246953487,0.5555555555555556,0.0,258,1,100.84,2,2,False
DDA3937_RS20350,,UNRESOLVED,unknown,0,E_geometry,0,0.5301861139794591,0.5301426005506726,0.2972972972972973,0.0,335,1,101.76,2,2,False
DDA3937_RS20355,,UNRESOLVED,unknown,0,E_cons_core,1,0.9190833018022668,0.08681201092525744,0.8108108108108109,3.0,384,0,103.05,2,2,True
DDA3937_RS20360,,ROGUE_SUSPECT,unknown,0,N_score|N_long_lagging|P_rogue|P_conditional,0,0.1094893164253177,0.9369392106293791,0.0,0.0,880,0,105.23,2,2,False
DDA3937_RS20365,,ROGUE_SUSPECT,unknown,0,E_geometry|N_score|P_rogue,0,0.2498698013860603,0.8097824287804523,0.0,0.0,261,1,107.06,2,2,False
DDA3937_RS20370,,CONFIDENT_NONESSENTIAL,non-essential,1,E_geometry|N_score,0,0.2514120503720761,0.8007577059509374,0.0,1.0,254,1,108.12,2,2,False
DDA3937_RS20375,,CONFIDENT_NONESSENTIAL,non-essential,1,N_score,0,0.2848862786482878,0.7928198285121296,0.0333333333333333,1.0,276,0,109.21,2,2,True
DDA3937_RS20380,,ROGUE_SUSPECT,unknown,0,N_score|P_rogue,0,0.1279834614086036,0.9181332517653775,0.0,0.0,756,1,110.92,2,2,False
DDA3937_RS20385,,UNRESOLVED,unknown,0,E_cons_core|F_core_redundant,1,0.9089428299647828,0.11228970066822495,0.6216216216216216,55.0,313,0,112.62,2,2,True
DDA3937_RS22535,,ROGUE_SUSPECT,unknown,0,E_geometry|N_score|P_rogue,0,0.2436766325521964,0.8280142923322196,0.0,0.0,300,1,113.45,2,2,False
DDA3937_RS20395,,ROGUE_SUSPECT,unknown,0,E_geometry|N_score|P_rogue,0,0.2773215134847787,0.8014948480040517,0.0,0.0,201,1,114.31,2,2,False
DDA3937_RS20400,,UNRESOLVED,unknown,0,E_cons_core|E_geometry,1,0.7602672541370467,0.2649542816880725,0.5,0.0,274,1,115.09,2,2,False
DDA3937_RS20405,,UNRESOLVED,unknown,0,E_cons_core|E_geometry,1,0.7474264134428896,0.2647673810373775,0.5151515151515151,0.0,340,1,114.05,2,2,False
DDA3937_RS20410,,UNRESOLVED,unknown,0,E_geometry,0,0.6480375480350632,0.40606265021632126,0.3333333333333333,0.0,157,1,113.31,2,2,False
DDA3937_RS20415,,UNRESOLVED,unknown,0,E_geometry,0,0.7932746421255571,0.24517098475445614,0.4838709677419355,1.0,144,1,112.76,2,2,False
DDA3937_RS20420,,ROGUE_SUSPECT,unknown,0,N_score|N_long_lagging|P_rogue|P_conditional,0,0.2417025865104314,0.8309256360631009,0.0416666666666666,0.0,425,0,111.68,2,2,False
DDA3937_RS20425,,ROGUE_SUSPECT,unknown,0,N_score|P_rogue,0,0.243877060525415,0.8253619377090248,0.0,0.0,302,0,110.55,2,2,False
DDA3937_RS20430,,UNRESOLVED,unknown,0,E_geometry|N_redundancy,0,0.6268055980989626,0.4233934088488681,0.3714285714285714,6.0,342,1,109.55,2,2,False
DDA3937_RS20435,,UNRESOLVED,unknown,0,E_geometry,0,0.4141682937717933,0.6476465820557281,0.2162162162162162,1.0,399,1,108.43,2,2,True
DDA3937_RS20440,,UNRESOLVED,unknown,0,E_cons_core|F_core_redundant,1,0.9438334822613612,0.06258791761830841,0.8611111111111112,4.0,311,0,107.07,2,2,True
DDA3937_RS20445,,UNRESOLVED,unknown,0,E_cons_core,1,0.9112780975560376,0.0917851669455151,0.78125,2.0,351,0,106.05,2,2,False
DDA3937_RS20450,,UNRESOLVED,unknown,0,E_cons_core,1,0.9135035944666392,0.08490185602045328,0.78125,2.0,324,0,105.04,2,2,False
DDA3937_RS20455,,UNRESOLVED,unknown,0,E_cons_core,1,0.9105981765918466,0.09584028876167469,0.78125,2.0,362,0,104.0,2,2,False
DDA3937_RS20460,,UNRESOLVED,unknown,0,E_cons_core,1,0.8939671189241466,0.11335337043551026,0.75,0.0,373,0,102.9,2,2,False
DDA3937_RS20465,,ROGUE_SUSPECT,unknown,0,E_geometry|N_score|P_rogue,0,0.2196320437647345,0.8664458463516361,0.0,0.0,401,1,101.66,2,2,False
DDA3937_RS20470,,ROGUE_SUSPECT,unknown,0,E_geometry|N_score|P_rogue,0,0.2180005610389885,0.8429844557698126,0.0,0.0,369,1,100.51,2,2,False
DDA3937_RS20475,,UNRESOLVED,unknown,0,E_geometry,0,0.5111600629759991,0.5618241304682661,0.2857142857142857,3.0,375,1,99.39,2,2,False
DDA3937_RS20480,,UNRESOLVED,unknown,0,E_cons_core,1,0.9539471688432468,0.044664530752648327,0.9705882352941176,0.0,426,0,97.64,2,2,False
DDA3937_RS20485,,UNRESOLVED,unknown,0,,1,0.7132456874798077,0.3388820754099994,0.4375,0.0,264,0,96.61,2,2,False
DDA3937_RS20490,,CONFIDENT_ESSENTIAL,essential,2,E_score|E_cons_core,1,0.9708341191850474,0.028890372049289775,0.9705882352941176,0.0,160,0,95.99,2,2,True
DDA3937_RS20495,,CONFIDENT_ESSENTIAL,essential,3,E_score|E_cons_core|E_geometry|N_pangenome_strong,0,0.9659959473567796,0.034861470606898995,1.0,0.0,327,1,95.21,0,2,False
DDA3937_RS20500,,ROGUE_SUSPECT,unknown,0,E_geometry|N_score|P_rogue,0,0.2494842652651491,0.8215262277743843,0.0,0.0,270,1,94.27,2,2,False
DDA3937_RS20505,,UNRESOLVED,unknown,0,E_cons_core|E_geometry,1,0.9575888202601118,0.053937222261003254,0.8333333333333334,0.0,56,1,93.7,2,2,False
DDA3937_RS20510,,CONFIDENT_ESSENTIAL,essential,3,E_score|E_cons_core|E_geometry,1,0.977664691094127,0.02270186000097183,1.0,0.0,79,1,93.49,2,2,True
DDA3937_RS20515,,ROGUE_SUSPECT,unknown,0,E_geometry|N_score|P_rogue,0,0.2623202425141968,0.8039003903370401,0.0,0.0,222,1,92.8,2,2,False
DDA3937_RS20520,,UNRESOLVED,unknown,0,E_cons_core,1,0.9538238089062908,0.044814444916716135,0.9722222222222222,0.0,429,0,91.64,2,2,True
DDA3937_RS20525,,UNRESOLVED,unknown,0,E_cons_core,1,0.9438421442699932,0.0551477587065136,0.8235294117647058,0.0,153,0,90.79,2,2,False
DDA3937_RS20530,,UNRESOLVED,unknown,0,,0,0.4911868655995139,0.6104927625727642,0.2,0.0,199,0,90.16,2,2,True
DDA3937_RS20535,,UNRESOLVED,unknown,0,E_cons_core|E_geometry,0,0.8212298031832773,0.18583053537831248,0.5675675675675675,0.0,214,1,89.47,2,2,False
DDA3937_RS20540,,UNRESOLVED,unknown,0,E_geometry,0,0.3477406402600169,0.7143124009016137,0.1,0.0,239,1,88.68,2,2,False
DDA3937_RS20545,,ROGUE_SUSPECT,unknown,0,N_score|P_rogue,0,0.2904025341881102,0.768535407994602,0.0,0.0,134,0,87.94,2,2,False
DDA3937_RS20550,,ROGUE_SUSPECT,unknown,0,P_rogue,0,0.3054643384475785,0.7730475939378799,0.0,0.0,111,0,87.57,2,2,False
DDA3937_RS20555,,CONFIDENT_NONESSENTIAL,non-essential,1,N_score,0,0.228661322873786,0.8312740787838029,0.0,1.0,336,0,86.65,2,2,False
DDA3937_RS20560,,UNRESOLVED,unknown,0,N_redundancy,0,0.3444730997341672,0.7196434453089682,0.1111111111111111,6.0,322,0,85.66,2,2,True
DDA3937_RS20565,,CONDITIONAL_SUSPECT,unknown,0,N_redundancy|N_long_lagging|P_conditional,0,0.3514484796202985,0.7204714102656585,0.2162162162162162,13.0,633,0,84.21,2,2,True
DDA3937_RS20570,,CONDITIONAL_SUSPECT,unknown,0,N_score|N_redundancy|N_long_lagging|P_conditional,0,0.2566032585819893,0.8276562300383473,0.0606060606060606,15.0,519,0,82.29,2,2,True
DDA3937_RS20575,,UNRESOLVED,unknown,0,N_redundancy,0,0.4171639472364433,0.6749720074708078,0.15625,10.0,307,0,81.04,2,2,True
DDA3937_RS20580,,UNRESOLVED,unknown,0,N_redundancy,0,0.3194264764117767,0.7529905559959863,0.0689655172413793,9.0,301,0,80.12,2,2,True
DDA3937_RS20585,,ROGUE_SUSPECT,unknown,0,N_score|P_rogue,0,0.2661881714239915,0.779285422199671,0.0625,0.0,353,0,79.12,2,2,False
DDA3937_RS20590,,UNRESOLVED,unknown,0,,0,0.3813898147525732,0.6858440693434218,0.1428571428571428,0.0,274,0,78.15,2,2,False
DDA3937_RS20595,,ROGUE_SUSPECT,unknown,0,N_score|P_rogue,0,0.2291583765400509,0.8284452517701328,0.0,0.0,320,0,76.88,2,2,False
DDA3937_RS20600,,ROGUE_SUSPECT,unknown,0,N_score|N_long_lagging|P_rogue|P_conditional,0,0.2101379304193443,0.8805059370920606,0.0,0.0,440,0,75.42,2,2,False
DDA3937_RS20605,,ROGUE_SUSPECT,unknown,0,N_score|P_rogue,0,0.1709776445020326,0.8653655594847932,0.0,0.0,504,1,73.85,2,2,False
DDA3937_RS20610,,CONFIDENT_NONESSENTIAL,non-essential,1,E_geometry|N_score,0,0.247642478847633,0.8034302901876401,0.0,1.0,247,1,72.73,2,2,False
DDA3937_RS20615,,CONFIDENT_NONESSENTIAL,non-essential,1,E_geometry|N_score,0,0.2366931465077983,0.8089815673770608,0.0,1.0,276,1,71.94,2,2,False
DDA3937_RS20620,,UNRESOLVED,unknown,0,E_geometry|N_redundancy,0,0.3067768719702206,0.7421736748883158,0.0689655172413793,9.0,301,1,71.08,2,2,True
DDA3937_RS20625,,ROGUE_SUSPECT,unknown,0,E_geometry|N_score|P_rogue,0,0.2162416646921376,0.8278094784760077,0.0,0.0,337,1,70.12,2,2,False
DDA3937_RS20630,,CONFIDENT_NONESSENTIAL,non-essential,2,N_score|N_redundancy,0,0.2439562980448962,0.8286967839257461,0.0606060606060606,15.0,532,1,68.82,2,2,True
DDA3937_RS20635,,ROGUE_SUSPECT,unknown,0,N_score|P_rogue,0,0.2529601123821287,0.8083832187327529,0.0454545454545454,0.0,361,0,67.28,2,2,False
DDA3937_RS20640,,UNRESOLVED,unknown,0,E_cons_core|F_core_redundant,1,0.9041544055461324,0.10804932861837824,0.6216216216216216,55.0,303,0,66.16,2,2,True
DDA3937_RS20645,,UNRESOLVED,unknown,0,,0,0.4159505966496938,0.6699705998804768,0.1764705882352941,0.0,288,0,65.14,2,2,True
DDA3937_RS20650,,UNRESOLVED,unknown,0,,0,0.3232621682557265,0.8020764838311719,0.0,1.0,106,0,64.39,2,2,False
DDA3937_RS20655,,UNRESOLVED,unknown,0,E_geometry|N_pangenome_some,0,0.3144051839703911,0.7825987536129614,0.0,0.0,86,1,64.08,1,2,False
DDA3937_RS20660,,UNRESOLVED,unknown,0,,0,0.320310321042986,0.7987853720266431,0.0,1.0,107,0,63.69,2,2,False
DDA3937_RS20710,,UNRESOLVED,unknown,0,N_pangenome_some,0,0.3345254100751486,0.7996496226536693,0.0,0.0,73,0,55.7,1,2,True
DDA3937_RS20715,,ROGUE_SUSPECT,unknown,0,E_geometry|P_rogue,0,0.3059946879483273,0.7689177142768788,0.0,0.0,82,1,55.33,2,2,False
DDA3937_RS20720,,CONFIDENT_NONESSENTIAL,non-essential,2,N_score|N_pangenome_strong,0,0.0996782136089031,0.9398275771828714,0.0,0.0,896,1,53.45,0,2,True
DDA3937_RS20725,,ROGUE_SUSPECT,unknown,0,N_score|P_rogue,0,0.2873022409348742,0.8450724043518151,0.0,0.0,213,0,51.22,2,2,True
DDA3937_RS20730,,CONFIDENT_NONESSENTIAL,non-essential,1,E_geometry|N_score,0,0.2717957864705313,0.8519552672746786,0.0,1.0,251,1,50.56,2,2,True
DDA3937_RS20735,,ROGUE_SUSPECT,unknown,0,P_rogue,0,0.3046830354606178,0.7834086380122728,0.0,0.0,104,0,49.28,2,2,False
DDA3937_RS20740,,UNRESOLVED,unknown,0,E_cons_core,0,0.7803540183611337,0.23802545173284304,0.5945945945945946,2.0,441,0,48.47,2,2,False
DDA3937_RS20745,,ROGUE_SUSPECT,unknown,0,N_score|P_rogue,0,0.2274493803334447,0.8248454409388933,0.0,0.0,304,0,47.36,2,2,False
DDA3937_RS20750,,CONDITIONAL_SUSPECT,unknown,0,N_score|N_long_lagging|P_conditional,0,0.281911253554828,0.788869037509956,0.1351351351351351,3.0,528,0,46.1,2,2,True
DDA3937_RS20755,,ROGUE_SUSPECT,unknown,0,P_rogue,0,0.307360025632007,0.7887879855562395,0.0,0.0,103,0,45.15,2,2,False
DDA3937_RS20760,,ROGUE_SUSPECT,unknown,0,N_score|N_long_lagging|P_rogue|P_conditional,0,0.1754344526178461,0.8835549805210586,0.0,0.0,515,0,44.23,2,2,False
DDA3937_RS20765,,ROGUE_SUSPECT,unknown,0,N_score|N_long_lagging|P_rogue|P_conditional,0,0.1842440409509147,0.8924744146296368,0.0,0.0,508,0,42.71,2,2,False
DDA3937_RS20770,,ROGUE_SUSPECT,unknown,0,N_score|P_rogue,0,0.2900831178048851,0.7987215122595367,0.0,0.0,144,0,41.64,2,2,False
DDA3937_RS20775,,ROGUE_SUSPECT,unknown,0,N_score|P_rogue,0,0.2558488008234279,0.8007733487123856,0.0625,0.0,378,0,40.86,2,2,True
DDA3937_RS20780,,ROGUE_SUSPECT,unknown,0,N_score|P_rogue,0,0.2692274601796338,0.7882946530907932,0.0,0.0,171,0,40.03,2,2,False
DDA3937_RS20785,,ROGUE_SUSPECT,unknown,0,N_score|P_rogue,0,0.2317801843999805,0.8381406798735836,0.0,0.0,308,0,39.08,2,2,False
DDA3937_RS20790,,ROGUE_SUSPECT,unknown,0,N_score|P_rogue,0,0.2098067465191196,0.8540829974800572,0.0,0.0,379,0,37.95,2,2,False
DDA3937_RS20795,,ROGUE_SUSPECT,unknown,0,N_score|P_rogue,0,0.2344961240210046,0.8267667460595378,0.0,0.0,286,0,36.97,2,2,False
DDA3937_RS20800,,ROGUE_SUSPECT,unknown,0,N_score|P_rogue,0,0.2290399883296516,0.8386100075111158,0.0,0.0,313,0,36.04,2,2,False
DDA3937_RS20805,,ROGUE_SUSPECT,unknown,0,N_score|P_rogue,0,0.2606370619426167,0.8130064253825409,0.0,0.0,214,0,34.97,2,2,False
DDA3937_RS20810,,ROGUE_SUSPECT,unknown,0,E_geometry|N_score|P_rogue,0,0.2380094283123492,0.8132974020485999,0.0,0.0,253,1,34.28,2,2,False
DDA3937_RS20815,,ROGUE_SUSPECT,unknown,0,N_score|P_rogue,0,0.1917697919466248,0.8717154629030577,0.0,0.0,440,1,33.27,2,2,False
DDA3937_RS20820,,UNRESOLVED,unknown,0,,0,0.5522872333472677,0.5192357577400627,0.3714285714285714,2.0,467,1,31.92,2,2,True
DDA3937_RS20825,,ROGUE_SUSPECT,unknown,0,N_score|P_rogue,0,0.1212821983761278,0.9434978927919847,0.0,0.0,812,1,29.8,2,2,False
DDA3937_RS20830,,CONFIDENT_ESSENTIAL,essential,3,E_score|E_cons_core|E_geometry|F_core_redundant,1,0.9653954206136824,0.031424221920804726,0.945945945945946,16.0,236,1,28.22,2,2,True
DDA3937_RS20835,,ROGUE_SUSPECT,unknown,0,N_score|P_rogue,0,0.2853238371019963,0.8331840277436854,0.0,0.0,188,0,26.94,2,2,False
DDA3937_RS20840,,ROGUE_SUSPECT,unknown,0,E_geometry|N_score|P_rogue,0,0.2054884762970926,0.8453263468601231,0.0,0.0,363,1,26.06,2,2,False
DDA3937_RS20845,,CONFIDENT_NONESSENTIAL,non-essential,2,N_score|N_pangenome_some,0,0.179624657624616,0.862748219327659,0.0,0.0,452,1,24.85,1,2,False
DDA3937_RS20850,,ROGUE_SUSPECT,unknown,0,E_geometry|N_score|P_rogue,0,0.2526026630787762,0.8019623526300855,0.0,0.0,204,1,23.84,2,2,False
DDA3937_RS20855,,ROGUE_SUSPECT,unknown,0,E_geometry|P_rogue,0,0.3100386985250635,0.7969066606354652,0.0,0.0,89,1,23.41,2,2,False
DDA3937_RS20860,,ROGUE_SUSPECT,unknown,0,E_geometry|N_score|P_rogue,0,0.226300352265123,0.8429891290065089,0.0,0.0,311,1,22.8,2,2,False
DDA3937_RS20865,,ROGUE_SUSPECT,unknown,0,N_score|P_rogue,0,0.0380641149912567,0.9805099545532764,0.0,0.0,1489,1,19.76,2,2,False
DDA3937_RS20870,,UNRESOLVED,unknown,0,E_geometry|N_redundancy,0,0.507977836157568,0.5365774435950151,0.2432432432432432,7.0,231,1,16.84,2,2,False
DDA3937_RS20875,,ROGUE_SUSPECT,unknown,0,E_geometry|N_score|P_rogue,0,0.2173016234050045,0.8353619115583208,0.0,0.0,317,1,16.0,2,2,False
DDA3937_RS20880,,UNRESOLVED,unknown,0,E_geometry|N_redundancy,0,0.3365089806929914,0.7409846991899183,0.1081081081081081,5.0,298,1,14.74,2,2,True
DDA3937_RS20885,,UNRESOLVED,unknown,0,E_cons_core|F_core_redundant,0,0.860260362766077,0.15562186048270057,0.6,8.0,167,0,13.68,2,2,False
DDA3937_RS20890,,UNRESOLVED,unknown,0,,0,0.6390625185310527,0.3988127187442029,0.4594594594594595,0.0,450,1,12.66,2,2,False
DDA3937_RS23455,,ROGUE_SUSPECT,unknown,0,P_rogue,0,0.3239783025876904,0.7855882392667418,0.0,0.0,53,0,11.75,2,2,False
DDA3937_RS20900,,UNRESOLVED,unknown,0,E_geometry,0,0.3016883577850384,0.7513607044453099,0.1,0.0,315,1,11.19,2,2,True
DDA3937_RS20905,,UNRESOLVED,unknown,0,E_cons_core,1,0.8635679520821292,0.14736441829857266,0.6,0.0,93,0,10.48,2,2,False
DDA3937_RS20910,,UNRESOLVED,unknown,0,,0,0.4378664862357643,0.6380303690148357,0.1666666666666666,3.0,192,0,9.81,2,2,True
DDA3937_RS20915,,ROGUE_SUSPECT,unknown,0,E_geometry|N_score|P_rogue,0,0.193189898161427,0.8578310368740902,0.0,0.0,402,1,8.77,2,2,False
DDA3937_RS20920,,UNRESOLVED,unknown,0,E_geometry|N_redundancy,0,0.448977166021296,0.5784737082727699,0.2608695652173913,7.0,395,1,7.38,2,2,True
DDA3937_RS20925,,UNRESOLVED,unknown,0,N_redundancy,0,0.3744353542618366,0.6822597486875518,0.2162162162162162,13.0,514,1,6.04,2,2,True
DDA3937_RS20930,,UNRESOLVED,unknown,0,E_geometry|N_redundancy|N_mobile,0,0.4607183608770547,0.6333736700027774,0.2307692307692307,6.0,332,1,4.7,2,2,True
DDA3937_RS20935,,ROGUE_SUSPECT,unknown,0,N_score|N_mobile|N_long_lagging|P_rogue|P_conditional,0,0.1862929088791282,0.8683065878224593,0.0,0.0,440,0,3.18,2,2,False
DDA3937_RS20940,,CONDITIONAL_SUSPECT,unknown,0,N_score|N_mobile|N_long_lagging|P_conditional,0,0.1927977383726777,0.8466902208013489,0.0294117647058823,3.0,487,0,1.65,2,2,True
DDA3937_RS20945,,UNRESOLVED,unknown,0,E_cons_core|N_mobile|F_core_redundant,1,0.7715767279476153,0.2821997754307268,0.5294117647058824,6.0,330,0,0.0,2,2,False
DDA3937_RS20950,,UNRESOLVED,unknown,0,N_redundancy|N_mobile,0,0.3004933367281642,0.7500322363171974,0.1666666666666666,4.0,513,1,1.63,2,2,True
DDA3937_RS20955,,ROGUE_SUSPECT,unknown,0,N_score|N_mobile|P_rogue,0,0.2804629288049509,0.7728677842761792,0.0606060606060606,0.0,275,0,3.17,2,2,True
DDA3937_RS20960,,UNRESOLVED,unknown,0,E_cons_core|N_mobile,1,0.9429756028268836,0.05645296559953536,0.8571428571428571,0.0,209,0,4.13,2,2,False
DDA3937_RS20965,,CONDITIONAL_SUSPECT,unknown,0,N_redundancy|N_long_lagging|P_conditional,0,0.3946089294844612,0.7251002119340137,0.25,15.0,629,0,5.77,2,2,True
DDA3937_RS20970,,ROGUE_SUSPECT,unknown,0,E_geometry|N_score|P_rogue,0,0.2606477396588666,0.7997553716618889,0.0,0.0,177,1,7.1,2,2,False
DDA3937_RS20975,,ROGUE_SUSPECT,unknown,0,E_geometry|N_score|P_rogue,0,0.1951406081587826,0.848257761387679,0.0,0.0,383,1,8.1,2,2,False
DDA3937_RS20980,,ROGUE_SUSPECT,unknown,0,N_score|P_rogue,0,0.1386415664615352,0.9034572236364987,0.0,0.0,636,1,9.7,2,2,False
DDA3937_RS20985,,ROGUE_SUSPECT,unknown,0,E_geometry|N_score|P_rogue,0,0.2421304832767592,0.8164566320522064,0.0,0.0,237,1,11.51,2,2,False
DDA3937_RS20990,,CONFIDENT_NONESSENTIAL,non-essential,1,N_score,0,0.2135570647129208,0.8455321614135988,0.0,1.0,352,0,13.15,2,2,False
DDA3937_RS20995,,UNRESOLVED,unknown,0,N_redundancy,0,0.52785340886998,0.49617993093652474,0.2857142857142857,4.0,271,0,14.1,2,2,False
DDA3937_RS21000,,UNRESOLVED,unknown,0,N_redundancy,0,0.7248085067054298,0.28873562352643406,0.4642857142857143,5.0,260,0,14.92,2,2,False
DDA3937_RS21005,,UNRESOLVED,unknown,0,,0,0.3346316280724217,0.7231990982384763,0.1,0.0,240,0,15.69,2,2,False
DDA3937_RS21010,,ROGUE_SUSPECT,unknown,0,N_score|P_rogue,0,0.2527726900252987,0.805667518561304,0.0,0.0,212,0,16.37,2,2,False
DDA3937_RS21015,,ROGUE_SUSPECT,unknown,0,N_score|N_long_lagging|P_rogue|P_conditional,0,0.0600002988742113,0.9642646433333353,0.0,0.0,1198,0,18.58,2,2,False
DDA3937_RS21020,,UNRESOLVED,unknown,0,E_geometry|N_redundancy,0,0.3544242151863049,0.7220441331728535,0.1153846153846153,5.0,273,1,20.96,2,2,True
DDA3937_RS21025,,UNRESOLVED,unknown,0,E_geometry|N_redundancy,0,0.3036066325849617,0.7789557074140965,0.0769230769230769,5.0,316,1,21.84,2,2,True
DDA3937_RS21040,,UNRESOLVED,unknown,0,E_geometry,0,0.3961718848344082,0.6772250403949953,0.2,2.0,374,1,25.92,2,2,False
DDA3937_RS21050,,UNRESOLVED,unknown,0,N_redundancy,0,0.5063909180952949,0.6000127991838516,0.2571428571428571,13.0,370,0,28.82,2,2,True
DDA3937_RS21055,,UNRESOLVED,unknown,0,E_cons_core,1,0.9309392665803092,0.06136099242454804,1.0,0.0,690,1,30.51,2,2,False
DDA3937_RS21060,,UNRESOLVED,unknown,0,E_cons_core|E_geometry,1,0.963197687792086,0.03105299766132949,1.0,0.0,305,1,32.01,2,2,False
DDA3937_RS21065,,UNRESOLVED,unknown,0,E_geometry,0,0.3339359629286833,0.7027784309860121,0.1142857142857142,1.0,269,1,33.01,2,2,True
DDA3937_RS21070,,UNRESOLVED,unknown,0,,0,0.382671441559368,0.6898359967682629,0.1176470588235294,0.0,187,0,34.0,2,2,True
DDA3937_RS21075,,ROGUE_SUSPECT,unknown,0,N_score|P_rogue,0,0.2809064972787684,0.7928534272815561,0.0,0.0,152,0,34.51,2,2,False
DDA3937_RS21080,,UNRESOLVED,unknown,0,,0,0.4115284633961537,0.6622982541856435,0.1891891891891892,2.0,321,0,35.77,2,2,True
DDA3937_RS21085,,ROGUE_SUSPECT,unknown,0,E_geometry|N_score|P_rogue,0,0.201205536227634,0.8609562588817217,0.0,0.0,403,1,36.96,2,2,False
DDA3937_RS21090,,ROGUE_SUSPECT,unknown,0,N_score|N_long_lagging|P_rogue|P_conditional,0,0.1982865042948104,0.8615159433836062,0.0,0.0,419,0,38.58,2,2,False
DDA3937_RS21095,,UNRESOLVED,unknown,0,E_geometry|N_pangenome_some,0,0.3010932700234019,0.7688554006749111,0.0,0.0,84,1,39.48,1,2,False
DDA3937_RS21100,,CONDITIONAL_SUSPECT,unknown,0,N_score|N_long_lagging|P_conditional,0,0.1679319093818838,0.8874067802251165,0.0,1.0,548,0,40.76,2,2,False
DDA3937_RS21105,,ROGUE_SUSPECT,unknown,0,N_score|P_rogue,0,0.2208490224554598,0.8223444005607773,0.0,0.0,314,0,42.08,2,2,False
DDA3937_RS21110,,ROGUE_SUSPECT,unknown,0,N_score|P_rogue,0,0.2279487855237687,0.812775161420893,0.0,0.0,287,0,42.98,2,2,False
DDA3937_RS21115,,CONDITIONAL_SUSPECT,unknown,0,N_redundancy|N_long_lagging|P_conditional,0,0.3684897165488498,0.6927750223022683,0.2162162162162162,13.0,561,0,44.25,2,2,True
DDA3937_RS21120,,ROGUE_SUSPECT,unknown,0,N_score|P_rogue,0,0.2099100875397332,0.8270735925426762,0.0,0.0,347,0,46.09,2,2,False
DDA3937_RS21125,,ROGUE_SUSPECT,unknown,0,N_score|P_rogue,0,0.2072984583203283,0.8415215875737206,0.0,0.0,373,0,47.16,2,2,False
DDA3937_RS21130,,ROGUE_SUSPECT,unknown,0,E_geometry|N_score|P_rogue,0,0.2491485647561767,0.7983311119823062,0.0384615384615384,0.0,323,1,48.28,2,2,True
DDA3937_RS21135,,ROGUE_SUSPECT,unknown,0,E_geometry|P_rogue,0,0.2973266161346233,0.7963039865252093,0.0,0.0,126,1,49.09,2,2,False
DDA3937_RS21140,,UNRESOLVED,unknown,0,E_cons_core|F_core_redundant,0,0.8648294795248049,0.13860072411204447,0.6,8.0,147,0,49.53,2,2,False
DDA3937_RS21145,,UNRESOLVED,unknown,0,E_geometry,0,0.46518306627146,0.6060456319259788,0.1818181818181818,0.0,161,1,50.01,2,2,False
DDA3937_RS21150,,UNRESOLVED,unknown,0,E_cons_core|E_geometry|F_core_redundant,1,0.9084540139878824,0.12385086839721753,0.6216216216216216,55.0,299,1,51.22,2,2,True
DDA3937_RS21155,,CONDITIONAL_SUSPECT,unknown,0,N_score|N_long_lagging|P_conditional,0,0.2184793941570695,0.8872753621336738,0.0,2.0,436,0,52.97,2,2,True
DDA3937_RS21160,,ROGUE_SUSPECT,unknown,0,N_score|N_long_lagging|P_rogue|P_conditional,0,0.1649587873145678,0.8999850944179151,0.0,0.0,582,0,54.55,2,2,False
DDA3937_RS21165,,CONDITIONAL_SUSPECT,unknown,0,N_score|N_long_lagging|P_conditional,0,0.2331171898527266,0.8448280977079646,0.0357142857142857,1.0,426,0,56.1,2,2,True
DDA3937_RS21170,,UNRESOLVED,unknown,0,E_cons_core,0,0.7901749056691175,0.22250252034546414,0.5,0.0,145,0,56.96,2,2,False
DDA3937_RS21175,,CONFIDENT_NONESSENTIAL,non-essential,1,N_score,0,0.236047834012069,0.8414463824158962,0.0357142857142857,1.0,416,0,57.9,2,2,True
DDA3937_RS21180,,CONFIDENT_NONESSENTIAL,non-essential,2,N_score|N_pangenome_strong,0,0.1947096082692839,0.8545355944903481,0.0,0.0,421,1,59.26,0,2,False
DDA3937_RS21185,,CONFIDENT_NONESSENTIAL,non-essential,2,E_geometry|N_score|N_pangenome_strong,0,0.2530602700352027,0.8156240090601116,0.0,0.0,240,1,60.3,0,2,False
DDA3937_RS21200,,UNRESOLVED,unknown,0,E_cons_core,0,0.8909038170673843,0.11004408484553459,0.75,2.0,374,0,64.51,2,2,False
DDA3937_RS21205,,UNRESOLVED,unknown,0,E_cons_core|E_geometry|F_core_redundant,0,0.8298697452063788,0.18433789380277502,0.5428571428571428,7.0,157,1,65.31,2,2,False
DDA3937_RS21210,,CONFIDENT_NONESSENTIAL,non-essential,1,N_score,0,0.2706845187689839,0.8109167686014609,0.0,1.0,216,0,66.06,2,2,True
DDA3937_RS21215,,ROGUE_SUSPECT,unknown,0,E_geometry|N_score|P_rogue,0,0.2151174651536751,0.8715628684180369,0.0,0.0,404,1,67.04,2,2,False
DDA3937_RS21220,,ROGUE_SUSPECT,unknown,0,E_geometry|N_score|P_rogue,0,0.23445211469292,0.8696416771744858,0.0,0.0,359,1,68.18,2,2,False
DDA3937_RS21225,,ROGUE_SUSPECT,unknown,0,N_score|P_rogue,0,0.2126994154237842,0.9023591514603575,0.0,0.0,468,1,69.41,2,2,False
DDA3937_RS21230,,UNRESOLVED,unknown,0,E_geometry|N_redundancy,0,0.6048057250522523,0.4589974389261762,0.3225806451612903,4.0,245,1,71.38,2,2,False
DDA3937_RS21235,,UNRESOLVED,unknown,0,E_cons_core,1,0.957797177212071,0.04022790948572892,1.0,2.0,451,0,72.63,2,2,False
DDA3937_RS21245,,UNRESOLVED,unknown,0,E_cons_core,1,0.922342687083616,0.07534375515771881,0.8648648648648649,1.0,451,1,75.53,2,2,False
DDA3937_RS21250,,ROGUE_SUSPECT,unknown,0,N_score|P_rogue,0,0.2925215911625969,0.779867193125859,0.0625,0.0,305,0,77.02,2,2,False
DDA3937_RS21255,,ROGUE_SUSPECT,unknown,0,E_geometry|N_score|P_rogue,0,0.2729740687212272,0.7921308665642531,0.037037037037037,0.0,281,1,77.95,2,2,False
DDA3937_RS21260,,ROGUE_SUSPECT,unknown,0,P_rogue,0,0.3132144708297074,0.7728997840939418,0.0,0.0,95,0,78.7,2,2,False
DDA3937_RS21265,,ROGUE_SUSPECT,unknown,0,N_score|N_long_lagging|P_rogue|P_conditional,0,0.1441110394624072,0.9110959639182289,0.0,0.0,681,0,80.0,2,2,False
DDA3937_RS21270,,UNRESOLVED,unknown,0,,0,0.3607908476754245,0.6926558740672862,0.1176470588235294,0.0,251,0,81.39,2,2,False
DDA3937_RS21275,,ROGUE_SUSPECT,unknown,0,N_score|P_rogue,0,0.2130396552611457,0.8527220195310298,0.0,0.0,395,0,82.55,2,2,False
DDA3937_RS21280,,UNRESOLVED,unknown,0,E_cons_core,1,0.9245901142720374,0.07828422443499472,1.0,0.0,804,1,84.43,2,2,False
DDA3937_RS21285,,ROGUE_SUSPECT,unknown,0,E_geometry|N_score|P_rogue,0,0.2837556656408171,0.7765804749770203,0.08,0.0,362,1,86.19,2,2,False
DDA3937_RS21290,,UNRESOLVED,unknown,0,E_cons_core|E_geometry,1,0.9615913997208878,0.03357293906458366,1.0,0.0,367,1,87.46,2,2,True
DDA3937_RS21295,,CONFIDENT_NONESSENTIAL,non-essential,1,E_cons_core|N_pangenome_strong,1,0.9564249611890452,0.04241150724401424,1.0,0.0,463,1,88.71,0,2,False
DDA3937_RS22555,,CONFIDENT_ESSENTIAL,essential,2,E_score|E_cons_core,1,0.979335397879028,0.021522849625515622,1.0,0.0,47,0,90.14,2,2,True
DDA3937_RS21300,,CONFIDENT_ESSENTIAL,essential,2,E_score|E_cons_core,1,0.9762812910036645,0.023784735247385547,1.0,0.0,120,0,90.41,2,2,True
DDA3937_RS22560,,UNRESOLVED,unknown,0,,0,0.6034525724978682,0.5112222158562602,0.25,0.0,86,0,90.68,2,2,True
DDA3937_RS21305,,UNRESOLVED,unknown,0,E_cons_core,1,0.9518971239186602,0.05014318669375703,1.0,0.0,544,0,91.63,2,2,False
DDA3937_RS21310,,UNRESOLVED,unknown,0,E_cons_core,0,0.8090313698582826,0.21685505746556002,0.6285714285714286,0.0,455,0,93.25,2,2,False
DDA3937_RS21315,,CONFIDENT_NONESSENTIAL,non-essential,2,N_score|N_pangenome_strong,0,0.2171171733688719,0.8792568740247181,0.0,2.0,440,1,94.66,0,2,True
DDA3937_RS21320,,CONFIDENT_ESSENTIAL,essential,3,E_score|E_cons_core|E_geometry|N_pangenome_some,1,0.9782177214251916,0.024660698793754005,1.0,0.0,89,1,95.45,1,2,False
DDA3937_RS21325,,UNRESOLVED,unknown,0,E_geometry,0,0.3154201079300565,0.7425936094044938,0.0967741935483871,1.0,326,1,96.32,2,2,True
DDA3937_RS21330,,ROGUE_SUSPECT,unknown,0,E_geometry|N_score|P_rogue,0,0.2597370371324248,0.824662822012757,0.0,0.0,258,1,97.24,2,2,False
DDA3937_RS21335,,ROGUE_SUSPECT,unknown,0,N_score|P_rogue,0,0.2414873528028686,0.8660089247187648,0.0,0.0,362,0,98.48,2,2,False
DDA3937_RS21340,,UNRESOLVED,unknown,0,E_geometry|N_redundancy,0,0.5761499647363738,0.5207860941147686,0.238095238095238,4.0,127,1,99.34,2,2,False
DDA3937_RS21345,,CONFIDENT_NONESSENTIAL,non-essential,2,N_score|N_pangenome_some,0,0.2821181835260741,0.803752651419459,0.0,1.0,204,0,99.98,1,2,True
DDA3937_RS21350,,UNRESOLVED,unknown,0,E_geometry,0,0.4598246415421978,0.628741785179185,0.1612903225806451,0.0,160,1,100.64,2,2,True
DDA3937_RS21355,,UNRESOLVED,unknown,0,,0,0.3508145574135288,0.748829083117042,0.1111111111111111,0.0,313,0,101.44,2,2,True
DDA3937_RS21360,,UNRESOLVED,unknown,0,E_geometry,1,0.6023965055847523,0.44599923323417584,0.2857142857142857,0.0,133,1,102.15,2,2,False
DDA3937_RS21365,,UNRESOLVED,unknown,0,E_cons_core|E_geometry,1,0.8868432125597727,0.11430186344855696,0.6428571428571429,0.0,114,1,102.52,2,2,False
DDA3937_RS21370,,UNRESOLVED,unknown,0,,0,0.3992528117919508,0.6684627444595369,0.2608695652173913,0.0,553,1,103.52,2,2,False
DDA3937_RS21375,,UNRESOLVED,unknown,0,E_cons_core|E_geometry,0,0.832080261775765,0.1675936894435003,0.6153846153846154,0.0,300,1,104.79,2,2,False
DDA3937_RS21380,,CONFIDENT_NONESSENTIAL,non-essential,1,N_score,0,0.2706340754375694,0.8084044859200834,0.1666666666666666,0.0,664,1,106.24,2,2,False
DDA3937_RS21385,,UNRESOLVED,unknown,0,E_geometry,0,0.732839206342046,0.3183224955846548,0.4814814814814814,0.0,328,1,107.72,2,2,False
DDA3937_RS21390,,UNRESOLVED,unknown,0,E_geometry,0,0.6131045657277998,0.4359898343476081,0.3823529411764705,2.0,381,1,108.78,2,2,False
DDA3937_RS21395,,CONFIDENT_NONESSENTIAL,non-essential,2,E_geometry|N_score|N_pangenome_strong,0,0.2868626416838291,0.8300654334366725,0.0,0.0,220,1,110.62,0,2,True
DDA3937_RS21400,,CONFIDENT_NONESSENTIAL,non-essential,1,E_geometry|N_pangenome_strong,0,0.3300557766873457,0.8103912584013009,0.0,0.0,118,1,111.13,0,2,True
DDA3937_RS21405,,CONFIDENT_NONESSENTIAL,non-essential,2,E_geometry|N_score|N_pangenome_strong,0,0.2845394872479805,0.829365888393211,0.0,0.0,224,1,111.66,0,2,True
DDA3937_RS21410,,ROGUE_SUSPECT,unknown,0,N_score|N_long_lagging|P_rogue|P_conditional,0,0.1536507357612037,0.908693177362844,0.0,0.0,665,0,113.6,2,2,False
DDA3937_RS21415,,UNRESOLVED,unknown,0,,0,0.4990207567391905,0.6159390485262987,0.1818181818181818,3.0,178,0,114.86,2,2,True
DDA3937_RS21420,,ROGUE_SUSPECT,unknown,0,N_score|P_rogue,0,0.2733940218593147,0.8233958799123355,0.0,0.0,247,0,115.8,2,2,False
DDA3937_RS21425,,CONFIDENT_NONESSENTIAL,non-essential,1,N_score,0,0.2060785280930619,0.864074311432944,0.0,1.0,446,1,116.94,2,2,True
DDA3937_RS21430,,UNRESOLVED,unknown,0,N_redundancy,0,0.5558639058212994,0.5403305927508023,0.2432432432432432,7.0,223,0,118.22,2,2,False
DDA3937_RS21435,,UNRESOLVED,unknown,0,E_geometry|N_redundancy,0,0.5119269480688335,0.5612062165689804,0.2,18.0,253,1,118.93,2,2,False
DDA3937_RS21440,,UNRESOLVED,unknown,0,E_geometry|N_redundancy,0,0.5110623103425325,0.5522282921564973,0.2,18.0,248,1,119.69,2,2,False
DDA3937_RS21445,,UNRESOLVED,unknown,0,E_geometry|N_redundancy,1,0.4021503873702501,0.6999035008997122,0.1176470588235294,12.0,279,1,120.57,2,2,True
DDA3937_RS21450,,UNRESOLVED,unknown,0,E_geometry,1,0.5949150989525234,0.4941563450223407,0.3055555555555556,0.0,244,1,121.61,2,2,False
DDA3937_RS21455,,UNRESOLVED,unknown,0,E_geometry,0,0.5308790428960907,0.5695495939916562,0.25,1.0,259,1,122.38,2,2,False
DDA3937_RS21460,,ROGUE_SUSPECT,unknown,0,E_geometry|N_score|P_rogue,0,0.287680206465449,0.7884729005422283,0.0454545454545454,0.0,296,1,123.33,2,2,True
DDA3937_RS21465,,UNRESOLVED,unknown,0,E_geometry,0,0.3350860592656884,0.7535705604812989,0.1,0.0,320,1,124.25,2,2,True
DDA3937_RS21470,,ROGUE_SUSPECT,unknown,0,E_geometry|N_score|P_rogue,0,0.2899906036052018,0.8053617298375122,0.0588235294117647,0.0,347,1,124.13,2,2,True
DDA3937_RS21475,,UNRESOLVED,unknown,0,N_pangenome_some,0,0.3344294052186858,0.8223047970168139,0.0,0.0,139,0,123.1,1,2,False
DDA3937_RS21480,,ROGUE_SUSPECT,unknown,0,N_score|N_long_lagging|P_rogue|P_conditional,0,0.2262937491299359,0.8845889829228035,0.0,0.0,439,0,122.24,2,2,False
DDA3937_RS21485,,ROGUE_SUSPECT,unknown,0,N_score|N_long_lagging|P_rogue|P_conditional,0,0.2149078787787536,0.8933083429041506,0.0,0.0,480,0,120.87,2,2,False
DDA3937_RS21490,,ROGUE_SUSPECT,unknown,0,N_score|N_long_lagging|P_rogue|P_conditional,0,0.1406163813278084,0.9337281344935657,0.0,0.0,772,0,118.48,2,2,False
DDA3937_RS21510,,CONFIDENT_NONESSENTIAL,non-essential,2,E_geometry|N_score|N_pangenome_strong,0,0.2451518121440934,0.8504371029708402,0.0,0.0,331,1,111.72,0,2,True
DDA3937_RS21535,,UNRESOLVED,unknown,0,E_cons_core|E_geometry,1,0.9546463002642944,0.062410834073485626,0.8636363636363636,1.0,209,1,106.86,2,2,False
DDA3937_RS21540,,UNRESOLVED,unknown,0,E_cons_core,1,0.9227728734753206,0.0789302643319693,0.918918918918919,0.0,612,1,105.03,2,2,False
DDA3937_RS21545,,UNRESOLVED,unknown,0,E_cons_core,1,0.956948448056652,0.040331134858890734,1.0,0.0,457,1,103.18,2,2,False
DDA3937_RS21550,,ROGUE_SUSPECT,unknown,0,N_score|N_long_lagging|P_rogue|P_conditional,0,0.1437444616998502,0.9273561163850099,0.0,0.0,735,0,101.0,2,2,False
DDA3937_RS21555,,CONFIDENT_ESSENTIAL,essential,3,E_score|E_cons_core|E_geometry,1,0.9670142962245488,0.03276243342294021,0.935483870967742,0.0,138,1,99.56,2,2,True
DDA3937_RS21560,,UNRESOLVED,unknown,0,E_cons_core,1,0.9571253524225156,0.042029280886341135,1.0,0.0,461,1,98.63,2,2,False
DDA3937_RS21565,,CONFIDENT_ESSENTIAL,essential,3,E_score|E_cons_core|E_geometry,1,0.9685482016360512,0.0325160153773657,1.0,0.0,288,1,97.46,2,2,True
DDA3937_RS21570,,UNRESOLVED,unknown,0,E_cons_core,1,0.9530565661070196,0.04610485602507003,1.0,0.0,514,1,96.2,2,2,False
DDA3937_RS21575,,CONFIDENT_ESSENTIAL,essential,3,E_score|E_cons_core|E_geometry,1,0.9732720295077756,0.025721444183175943,1.0,0.0,178,1,95.15,2,2,True
DDA3937_RS21580,,CONFIDENT_ESSENTIAL,essential,3,E_score|E_cons_core|E_geometry,1,0.974598426675642,0.025619954998824003,1.0,0.0,157,1,94.64,2,2,True
DDA3937_RS21585,,CONFIDENT_ESSENTIAL,essential,3,E_score|E_cons_core|E_geometry,1,0.9771346087852956,0.02124029672280903,1.0,0.0,80,1,94.22,2,2,True
DDA3937_RS21590,,CONFIDENT_ESSENTIAL,essential,3,E_score|E_cons_core|E_geometry,1,0.9696383435543396,0.031162198663763588,1.0,0.0,264,1,93.65,2,2,True
DDA3937_RS21595,,CONFIDENT_ESSENTIAL,essential,3,E_score|E_cons_core|E_geometry,0,0.9667096367374208,0.03198493201188863,0.9333333333333332,0.0,128,1,93.04,2,2,False
DDA3937_RS21600,,ROGUE_SUSPECT,unknown,0,P_rogue,0,0.3608801886586874,0.7413097910472729,0.088235294117647,0.0,224,0,91.89,2,2,False
DDA3937_RS21605,,UNRESOLVED,unknown,0,E_cons_core,0,0.7402328754860732,0.3215931623181193,0.6,0.0,630,0,90.59,2,2,False
