locus_tag,product,tier,predicted_call,confidence,evidence,measured_essential,ess_score,noness_score,conservation,n_paralogs,gene_len_aa,leading,mobile_dist_kb,n_sisters,max_sisters,cross_validated
AMB_RS00005,,UNRESOLVED,unknown,0,E_cons_core,1,0.7709296161124057,0.16381680960134695,0.6571428571428571,0.0,442,1,36.91,3,3,False
AMB_RS00010,,UNRESOLVED,unknown,0,E_cons_core,0,0.697166080617906,0.25939315875617164,0.6571428571428571,0.0,638,1,38.54,3,3,False
AMB_RS00015,,ROGUE_SUSPECT,unknown,0,E_geometry|N_score|P_rogue,0,0.3027368666122113,0.7321734068182003,0.0909090909090909,0.0,211,1,39.86,3,3,False
AMB_RS00020,,UNRESOLVED,unknown,0,E_cons_core|E_geometry|F_core_redundant,1,0.8704769125253214,0.11372236254949644,0.7027027027027027,4.0,266,1,40.55,3,3,False
AMB_RS00025,,UNRESOLVED,unknown,0,E_cons_core|E_geometry,1,0.7989059121783683,0.14363526322362033,0.6333333333333333,0.0,315,1,41.43,3,3,False
AMB_RS00035,,CONFIDENT_NONESSENTIAL,non-essential,2,E_geometry|N_score|N_pangenome_some,0,0.303363882247982,0.689829831613437,0.0714285714285714,1.0,164,1,42.6,2,3,False
AMB_RS00045,,CONFIDENT_NONESSENTIAL,non-essential,2,E_geometry|N_score|N_pangenome_some,0,0.2171000245761388,0.8061058529621877,0.0384615384615384,0.0,311,1,43.77,2,3,False
AMB_RS00050,,ROGUE_SUSPECT,unknown,0,E_geometry|N_score|P_rogue,0,0.2488722113993746,0.7671660710329609,0.037037037037037,0.0,220,1,44.57,3,3,False
AMB_RS00055,,UNRESOLVED,unknown,0,E_cons_core|E_geometry|N_pangenome_some,1,0.9569450401508144,0.027879060009968554,0.8928571428571429,0.0,66,1,45.01,2,3,True
AMB_RS00060,,CONFIDENT_NONESSENTIAL,non-essential,2,E_geometry|N_score|N_pangenome_some,0,0.4855019712705868,0.487761981014363,0.238095238095238,0.0,152,1,45.33,2,3,False
AMB_RS00065,,CONFIDENT_NONESSENTIAL,non-essential,1,E_geometry|N_score,0,0.3732004445187635,0.6260548572583222,0.1379310344827586,0.0,158,1,45.8,3,3,True
AMB_RS00070,,UNRESOLVED,unknown,0,E_cons_core,1,0.921940066787354,0.051997052437784616,0.9090909090909092,0.0,408,0,46.75,3,3,True
AMB_RS00075,,UNRESOLVED,unknown,0,E_cons_core|E_geometry,1,0.8015869320718051,0.19467201235728787,0.5277777777777778,1.0,113,1,47.88,3,3,False
AMB_RS00080,,CONFIDENT_NONESSENTIAL,non-essential,1,N_score,0,0.1536562774587176,0.8785801030973005,0.0,1.0,450,1,49.11,3,3,True
AMB_RS00085,,CONFIDENT_NONESSENTIAL,non-essential,2,E_geometry|N_score|N_redundancy,1,0.3287506556560723,0.6643722014048766,0.1891891891891892,4.0,400,1,50.7,3,3,True
AMB_RS00090,,UNRESOLVED,unknown,0,E_cons_core,1,0.5271374344737125,0.44856482138455206,0.5666666666666667,0.0,805,1,52.51,3,3,False
AMB_RS00095,,UNRESOLVED,unknown,0,E_cons_core|E_geometry,1,0.9368682234564196,0.040047571333418464,0.8709677419354839,0.0,217,1,54.12,3,3,True
AMB_RS00100,,CONFIDENT_NONESSENTIAL,non-essential,1,E_geometry|N_score,0,0.3058746154853832,0.7290395994234606,0.1081081081081081,1.0,264,1,55.18,3,3,True
AMB_RS00105,,UNRESOLVED,unknown,0,E_cons_core|F_core_redundant,1,0.912613976076496,0.06470392262420006,0.7428571428571429,12.0,214,0,56.07,3,3,True
AMB_RS00110,,UNRESOLVED,unknown,0,E_cons_core|E_geometry|N_pangenome_some,1,0.9509972406368492,0.02850460294190016,1.0,0.0,371,1,57.11,1,3,False
AMB_RS00120,,ROGUE_SUSPECT,unknown,0,N_score|P_rogue,0,0.278945606105316,0.7716673396381075,0.0571428571428571,0.0,217,0,59.17,3,3,True
AMB_RS00125,,UNRESOLVED,unknown,0,E_geometry,1,0.5158045291620399,0.4168898213016807,0.28125,1.0,200,1,59.83,3,3,False
AMB_RS00135,,CONFIDENT_NONESSENTIAL,non-essential,3,N_score|N_pangenome_some|N_long_lagging,1,0.1615736099553266,0.8883207708992275,0.0,0.0,437,0,62.39,1,3,False
AMB_RS00140,,CONFIDENT_NONESSENTIAL,non-essential,2,E_geometry|N_score|N_pangenome_some,1,0.244822367316302,0.7994404857785644,0.0,0.0,177,1,63.62,1,3,False
AMB_RS00145,,UNRESOLVED,unknown,0,E_cons_core,1,0.8818377570239622,0.10502760497278442,1.0,0.0,863,1,65.25,3,3,False
AMB_RS00155,,UNRESOLVED,unknown,0,E_cons_core|E_geometry|N_pangenome_some,1,0.954456299392512,0.025342176595906842,1.0,0.0,341,1,67.62,2,3,False
AMB_RS00165,,CONFIDENT_NONESSENTIAL,non-essential,2,N_score|N_pangenome_some,0,0.021894622175312,0.9903853327035641,0.0476190476190476,0.0,1604,1,71.7,2,3,True
AMB_RS00170,,UNRESOLVED,unknown,0,E_cons_core|E_geometry|N_pangenome_some,1,0.8789531108861437,0.09111345885348818,0.6923076923076923,0.0,193,1,74.43,2,3,False
AMB_RS00180,,CONFIDENT_NONESSENTIAL,non-essential,2,N_score|N_pangenome_some,0,0.121720475317689,0.9252903245331172,0.0,0.0,613,1,76.31,2,3,False
AMB_RS00185,,CONFIDENT_NONESSENTIAL,non-essential,2,N_score|N_pangenome_some,1,0.4176115700787742,0.5703586067873727,0.3333333333333333,0.0,527,1,78.05,2,3,False
AMB_RS00190,,CONFIDENT_NONESSENTIAL,non-essential,3,N_score|N_pangenome_some|N_long_lagging,1,0.2419700503422915,0.8010248422069451,0.12,0.0,465,0,79.52,2,3,True
AMB_RS00195,,CONFIDENT_NONESSENTIAL,non-essential,1,N_score,1,0.251621966257896,0.7614764491042904,0.0625,2.0,319,0,80.7,3,3,True
AMB_RS00200,,CONFIDENT_NONESSENTIAL,non-essential,2,N_score|N_pangenome_strong,1,0.3777395249615613,0.6054954912177288,0.2083333333333333,0.0,334,0,81.68,0,3,True
AMB_RS00205,,CONFIDENT_NONESSENTIAL,non-essential,3,N_score|N_pangenome_strong|N_long_lagging,1,0.0996419398127412,0.9317536140265257,0.0,0.0,720,0,83.28,0,3,False
AMB_RS00215,,CONFIDENT_NONESSENTIAL,non-essential,3,N_score|N_pangenome_some|N_redundancy,1,0.1575787690039402,0.868606744648586,0.0434782608695652,4.0,586,1,85.94,2,3,True
AMB_RS00220,,CONFIDENT_NONESSENTIAL,non-essential,2,E_geometry|N_score|N_pangenome_some,1,0.195711248701699,0.8340274028031757,0.0,0.0,332,1,87.31,1,3,False
AMB_RS00245,,CONFIDENT_NONESSENTIAL,non-essential,2,E_geometry|N_score|N_pangenome_strong,0,0.4103877248036309,0.6157670153459818,0.1538461538461538,0.0,168,1,92.01,0,3,True
AMB_RS00250,,UNRESOLVED,unknown,0,E_cons_core|E_geometry,0,0.8494450269154034,0.13163175773936217,0.6176470588235294,1.0,184,1,92.64,3,3,False
AMB_RS00260,,CONFIDENT_NONESSENTIAL,non-essential,2,E_geometry|N_score|N_pangenome_some,1,0.1854077581884144,0.8717383869962497,0.0,1.0,394,1,94.45,2,3,True
AMB_RS00265,,UNRESOLVED,unknown,0,E_geometry|N_redundancy,1,0.6242190539350367,0.37418762209562606,0.4117647058823529,6.0,367,1,95.58,3,3,False
AMB_RS00270,,CONFIDENT_NONESSENTIAL,non-essential,2,E_geometry|N_score|N_pangenome_strong,1,0.3033587287791546,0.7459449389985836,0.0714285714285714,0.0,223,1,96.46,0,3,True
AMB_RS00275,,UNRESOLVED,unknown,0,E_geometry|N_redundancy,1,0.631730437763595,0.4354775124528522,0.4117647058823529,6.0,372,1,97.35,3,3,False
AMB_RS00280,,CONFIDENT_NONESSENTIAL,non-essential,2,E_geometry|N_score|N_pangenome_some,1,0.4843446418336585,0.5756505167524631,0.2,0.0,141,1,98.11,1,3,False
AMB_RS00295,,UNRESOLVED,unknown,0,E_cons_core|E_geometry|F_core_redundant,1,0.9257012323998564,0.0655859979514796,0.8333333333333334,11.0,373,1,100.86,3,3,True
AMB_RS00300,,UNRESOLVED,unknown,0,E_cons_core|E_geometry|F_core_redundant,1,0.8911242232868334,0.09715880795887752,0.7297297297297297,5.0,297,1,101.87,3,3,False
AMB_RS00305,,UNRESOLVED,unknown,0,E_cons_core|N_pangenome_some,1,0.5950678479732192,0.48254827996465743,0.5,0.0,599,1,103.21,1,3,False
AMB_RS00310,,UNRESOLVED,unknown,0,E_cons_core|E_geometry|F_core_redundant,1,0.9310044718816914,0.06414893093060227,0.8333333333333334,11.0,342,1,104.63,3,3,True
AMB_RS00335,,UNRESOLVED,unknown,0,E_geometry|N_pangenome_some,1,0.6528045039822267,0.3614742871163786,0.4117647058823529,0.0,276,1,109.83,1,3,False
AMB_RS00340,,UNRESOLVED,unknown,0,E_geometry|N_pangenome_some,1,0.5738563820097531,0.4401941759419486,0.3529411764705882,0.0,306,1,110.7,2,3,False
AMB_RS00365,,CONFIDENT_NONESSENTIAL,non-essential,1,E_geometry|N_score,1,0.3000878161734822,0.853799156398225,0.0869565217391304,3.0,351,1,115.92,3,3,True
AMB_RS00370,,CONFIDENT_NONESSENTIAL,non-essential,2,N_score|N_pangenome_some,1,0.1224109749399576,0.9325762910407589,0.0,0.0,655,1,117.41,1,3,False
AMB_RS00390,,UNRESOLVED,unknown,0,E_cons_core|E_geometry|F_core_redundant,1,0.932551200344026,0.05511447308668528,0.8333333333333334,11.0,337,1,121.73,3,3,True
AMB_RS00395,,UNRESOLVED,unknown,0,E_geometry|N_redundancy,1,0.6270744226636766,0.3536853194221915,0.4117647058823529,6.0,381,1,122.82,3,3,False
AMB_RS00400,,CONFIDENT_NONESSENTIAL,non-essential,2,E_geometry|N_score|N_pangenome_strong,1,0.3496031592848843,0.6999498937533961,0.1785714285714285,1.0,391,1,123.97,0,3,True
AMB_RS00405,,CONFIDENT_NONESSENTIAL,non-essential,2,E_geometry|N_score|N_pangenome_some,1,0.2046015888264272,0.8324571034498242,0.0,1.0,351,1,125.09,2,3,False
AMB_RS00415,,UNRESOLVED,unknown,0,E_cons_core|E_geometry|N_pangenome_some,1,0.8690540649109442,0.1143429753955023,0.6666666666666666,0.0,238,1,127.13,1,3,False
AMB_RS00420,,CONFIDENT_NONESSENTIAL,non-essential,2,E_geometry|N_score|N_pangenome_some,1,0.2050526731371696,0.8381680443580993,0.0,0.0,347,1,128.0,1,3,False
AMB_RS00430,,CONFIDENT_NONESSENTIAL,non-essential,2,E_geometry|N_score|N_pangenome_strong,1,0.2100187055941274,0.8646066896174529,0.0,0.0,350,1,129.94,0,3,False
AMB_RS00445,,CONFIDENT_NONESSENTIAL,non-essential,2,E_geometry|N_score|N_pangenome_some,1,0.2516013855355782,0.7990996246364211,0.0,1.0,235,1,134.86,1,3,False
AMB_RS00455,,CONFIDENT_NONESSENTIAL,non-essential,2,E_geometry|N_score|N_pangenome_strong,0,0.2416261684316145,0.8210404524710518,0.0,0.0,260,1,136.79,0,3,False
AMB_RS00460,,CONFIDENT_NONESSENTIAL,non-essential,2,E_geometry|N_score|N_pangenome_some,1,0.2557369415337159,0.7931185855742943,0.0,1.0,226,1,137.51,1,3,False
AMB_RS00480,,CONFIDENT_NONESSENTIAL,non-essential,2,E_geometry|N_score|N_pangenome_strong,0,0.25739707462118,0.7974223019180937,0.0,0.0,221,1,143.09,0,3,False
AMB_RS00500,,CONFIDENT_NONESSENTIAL,non-essential,2,N_score|N_pangenome_some,1,0.1307821811008502,0.9114458620062255,0.0,0.0,634,1,149.83,2,3,False
AMB_RS00505,,UNRESOLVED,unknown,0,E_cons_core,1,0.8341815476268664,0.1466094035428816,0.7272727272727273,0.0,527,1,151.6,3,3,False
AMB_RS00510,,UNRESOLVED,unknown,0,E_geometry|N_redundancy,1,0.5583161910471742,0.4926019379874837,0.3333333333333333,4.0,374,1,153.02,3,3,False
AMB_RS00515,,CONFIDENT_NONESSENTIAL,non-essential,2,N_score|N_pangenome_strong,1,0.3780568022135957,0.6957211066573479,0.1785714285714285,1.0,368,0,154.14,0,3,True
AMB_RS00530,,CONFIDENT_NONESSENTIAL,non-essential,4,N_score|N_pangenome_some|N_redundancy|N_long_lagging,1,0.1678042883130928,0.8790252772256848,0.0434782608695652,4.0,628,0,157.57,2,3,True
AMB_RS00545,,UNRESOLVED,unknown,0,E_cons_core|E_geometry|F_core_redundant,1,0.9371159774132932,0.049142718490032045,0.8333333333333334,11.0,334,1,161.04,3,3,True
AMB_RS00555,,UNRESOLVED,unknown,0,N_pangenome_some,1,0.6963250570333153,0.4177540530475471,0.4285714285714285,2.0,314,0,163.91,2,3,False
AMB_RS00560,,UNRESOLVED,unknown,0,N_redundancy,1,0.6592029928873734,0.4294527611320341,0.4117647058823529,6.0,384,0,164.96,3,3,False
AMB_RS00580,,UNRESOLVED,unknown,0,E_geometry|N_pangenome_some,1,0.6899278224255251,0.44708545978851205,0.4285714285714285,2.0,338,1,169.75,2,3,False
AMB_RS00595,,CONFIDENT_NONESSENTIAL,non-essential,2,N_score|N_pangenome_some,0,0.1838839922355179,0.8989431253668733,0.0,1.0,487,1,172.66,1,3,True
AMB_RS00600,,CONFIDENT_NONESSENTIAL,non-essential,3,N_score|N_pangenome_some|N_redundancy,1,0.1720542190288771,0.8952904441522849,0.0434782608695652,4.0,640,1,174.39,2,3,True
AMB_RS00610,,UNRESOLVED,unknown,0,E_cons_core|E_geometry|F_core_redundant,1,0.912474644815434,0.09038240594489876,0.7297297297297297,5.0,261,1,177.58,3,3,False
AMB_RS00620,,CONFIDENT_NONESSENTIAL,non-essential,2,E_geometry|N_score|N_pangenome_some,1,0.2279128264771035,0.8308084899120776,0.0,1.0,343,1,179.45,1,3,False
AMB_RS00625,,CONFIDENT_NONESSENTIAL,non-essential,1,E_cons_core|E_geometry|N_pangenome_strong,1,0.8102289525993113,0.2241871720488279,0.5,0.0,153,1,180.35,0,3,False
AMB_RS00630,,CONFIDENT_NONESSENTIAL,non-essential,2,E_geometry|N_score|N_pangenome_some,1,0.4410823501058128,0.6004206382794139,0.2,0.0,295,1,181.02,2,3,False
AMB_RS00635,,CONFIDENT_NONESSENTIAL,non-essential,3,E_geometry|N_score|N_pangenome_some|N_redundancy,1,0.3717649218379315,0.7278960623898553,0.1333333333333333,4.0,338,1,182.05,2,3,True
AMB_RS00640,,UNRESOLVED,unknown,0,E_geometry|N_redundancy,1,0.6658986010426237,0.35773118998491865,0.4117647058823529,6.0,367,1,183.13,3,3,False
AMB_RS00655,,UNRESOLVED,unknown,0,E_geometry,1,0.5546301255943913,0.4820481522650793,0.3243243243243243,2.0,372,1,186.98,3,3,True
AMB_RS00660,,CONFIDENT_NONESSENTIAL,non-essential,3,E_geometry|N_score|N_pangenome_some|N_redundancy,1,0.3590752015796086,0.7185325175241893,0.1333333333333333,4.0,363,1,188.08,2,3,True
AMB_RS00665,,CONFIDENT_NONESSENTIAL,non-essential,3,E_geometry|N_score|N_pangenome_some|N_redundancy,1,0.3676331428886982,0.7132008246028522,0.1333333333333333,4.0,347,1,189.14,2,3,True
AMB_RS00670,,UNRESOLVED,unknown,0,E_cons_core|E_geometry,1,0.9632215646954374,0.03089227070252921,0.9428571428571428,1.0,256,1,190.06,3,3,True
AMB_RS00675,,CONFIDENT_ESSENTIAL,essential,3,E_score|E_cons_core|E_geometry|F_core_redundant,1,0.9760600068691574,0.014219868732965893,1.0,12.0,239,1,190.81,3,3,True
AMB_RS00685,,CONFIDENT_NONESSENTIAL,non-essential,1,E_geometry|N_score,1,0.3966749945052529,0.648508963649805,0.1621621621621621,1.0,319,1,192.7,3,3,True
AMB_RS00690,,CONFIDENT_NONESSENTIAL,non-essential,2,N_score|N_pangenome_strong,1,0.1617940784414081,0.9106578515241339,0.0,0.0,571,1,194.12,0,3,False
AMB_RS00695,,CONFIDENT_NONESSENTIAL,non-essential,3,N_score|N_pangenome_some|N_redundancy,1,0.3835895245686584,0.6767233023001106,0.1333333333333333,4.0,315,0,195.48,2,3,True
AMB_RS00700,,UNRESOLVED,unknown,0,E_cons_core|F_core_redundant,1,0.942074127638424,0.06772187256666068,0.8333333333333334,11.0,354,0,196.46,3,3,True
AMB_RS00705,,CONFIDENT_NONESSENTIAL,non-essential,2,N_score|N_pangenome_some,1,0.2155022573628657,0.8768371327917696,0.0,1.0,415,0,197.61,2,3,True
AMB_RS00715,,CONFIDENT_NONESSENTIAL,non-essential,2,N_score|N_pangenome_strong,0,0.28400806040372,0.8384719561523585,0.0,0.0,236,0,199.08,0,3,False
AMB_RS00725,,UNRESOLVED,unknown,0,E_cons_core|N_pangenome_some,1,0.9205939337524222,0.06920381277257587,0.7878787878787878,2.0,326,0,202.26,2,3,False
AMB_RS00730,,UNRESOLVED,unknown,0,E_cons_core,1,0.734621644795811,0.3140746471045882,0.5142857142857142,1.0,424,0,203.39,3,3,False
AMB_RS00735,,UNRESOLVED,unknown,0,N_redundancy,1,0.5602215972857598,0.4946780028255197,0.3333333333333333,4.0,420,0,204.74,3,3,False
AMB_RS00740,,UNRESOLVED,unknown,0,E_cons_core|N_pangenome_some,1,0.903476028899168,0.09971936001038743,0.6774193548387096,0.0,183,0,205.62,2,3,False
AMB_RS00745,,CONDITIONAL_SUSPECT,unknown,0,N_score|N_long_lagging|P_conditional,0,0.2267903934879697,0.8202703774725261,0.0294117647058823,1.0,432,0,206.54,3,3,True
AMB_RS00750,,UNRESOLVED,unknown,0,E_cons_core|F_core_redundant,1,0.947089224467724,0.061474874720839,0.8333333333333334,11.0,318,0,207.75,3,3,True
AMB_RS00760,,UNRESOLVED,unknown,0,E_cons_core,1,0.7847513948942102,0.23999274715356972,0.5,0.0,252,0,209.51,3,3,False
AMB_RS00765,,UNRESOLVED,unknown,0,N_redundancy,1,0.579375558963956,0.4669690166371373,0.3333333333333333,4.0,384,0,208.56,3,3,False
AMB_RS00775,,CONFIDENT_NONESSENTIAL,non-essential,2,N_score|N_pangenome_some,0,0.208885257049414,0.8372318798738545,0.0,0.0,410,0,206.56,1,3,False
AMB_RS00780,,ROGUE_SUSPECT,unknown,0,E_geometry|N_score|P_rogue,1,0.2900492257087638,0.7793744931815142,0.0571428571428571,0.0,329,1,205.34,3,3,False
AMB_RS00790,,CONFIDENT_NONESSENTIAL,non-essential,3,N_score|N_pangenome_some|N_long_lagging,0,0.1924539967281879,0.8857948459097574,0.0,1.0,484,0,202.95,2,3,False
AMB_RS00795,,CONFIDENT_NONESSENTIAL,non-essential,2,N_score|N_pangenome_strong,0,0.2712513536344474,0.8056137592916399,0.0,0.0,250,0,201.85,0,3,False
AMB_RS00805,,UNRESOLVED,unknown,0,N_redundancy,0,0.5387988488850594,0.5627905108117234,0.2162162162162162,4.0,211,0,200.42,3,3,False
AMB_RS00820,,UNRESOLVED,unknown,0,E_cons_core|E_geometry|F_core_redundant,1,0.944173004776166,0.048976116236182136,0.8333333333333334,11.0,315,1,197.78,3,3,True
AMB_RS00825,,UNRESOLVED,unknown,0,E_cons_core|E_geometry|N_pangenome_some,1,0.9135873808372376,0.06780177154409804,0.75,0.0,256,1,196.88,2,3,False
AMB_RS00830,,CONFIDENT_NONESSENTIAL,non-essential,2,E_geometry|N_score|N_pangenome_some,0,0.273771145165849,0.7567760574726075,0.0588235294117647,0.0,349,1,195.98,2,3,False
AMB_RS00835,,CONFIDENT_NONESSENTIAL,non-essential,2,E_geometry|N_score|N_pangenome_some,0,0.3005403824623828,0.7468439552946133,0.0,0.0,161,1,195.22,1,3,False
AMB_RS00840,,CONFIDENT_NONESSENTIAL,non-essential,2,E_geometry|N_score|N_pangenome_some,0,0.3060925300680636,0.7731722051730398,0.0,0.0,159,1,194.56,1,3,False
AMB_RS00845,,CONFIDENT_NONESSENTIAL,non-essential,3,N_score|N_pangenome_some|N_long_lagging,0,0.2127043126296124,0.8341089545479039,0.0357142857142857,0.0,466,0,193.57,1,3,False
AMB_RS00850,,CONFIDENT_NONESSENTIAL,non-essential,1,E_cons_core|E_geometry|N_pangenome_strong,0,0.8236398263098375,0.15661101529783686,0.5833333333333334,0.0,282,1,192.4,0,3,True
AMB_RS00855,,CONFIDENT_NONESSENTIAL,non-essential,2,E_geometry|N_score|N_pangenome_strong,0,0.2443983841683647,0.8179189035747148,0.0,0.0,302,1,191.34,0,3,False
AMB_RS00860,,CONFIDENT_NONESSENTIAL,non-essential,2,N_score|N_pangenome_some,0,0.1654389439560606,0.87388734818963,0.0,0.0,531,1,190.06,1,3,False
AMB_RS00865,,CONFIDENT_NONESSENTIAL,non-essential,2,N_score|N_pangenome_some,0,0.0869917476156768,0.9462348867318862,0.0,0.0,892,1,187.93,2,3,False
AMB_RS00870,,CONFIDENT_NONESSENTIAL,non-essential,1,E_cons_core|E_geometry|N_pangenome_strong,1,0.8980605039654527,0.08944090512064962,0.6666666666666666,0.0,157,1,186.15,0,3,False
AMB_RS00875,,UNRESOLVED,unknown,0,E_geometry|N_redundancy,0,0.7362046004184399,0.27848960207294293,0.4411764705882353,5.0,263,1,185.51,3,3,False
AMB_RS00880,,CONFIDENT_NONESSENTIAL,non-essential,2,N_score|N_pangenome_strong,0,0.1676353141869712,0.8683301737639239,0.0,0.0,516,1,184.34,0,3,False
AMB_RS00885,,CONFIDENT_NONESSENTIAL,non-essential,2,N_score|N_pangenome_strong,0,0.160768342498364,0.8939216745786158,0.0,0.0,551,1,182.54,0,3,False
AMB_RS00890,,CONFIDENT_NONESSENTIAL,non-essential,2,N_score|N_pangenome_strong,0,0.1839329763400994,0.8808706990806533,0.0,0.0,474,1,180.99,0,3,False
AMB_RS00895,,CONFIDENT_NONESSENTIAL,non-essential,1,E_geometry|N_pangenome_strong,0,0.5406793262437052,0.49039135639898496,0.3333333333333333,0.0,394,1,179.64,0,3,False
AMB_RS00900,,UNRESOLVED,unknown,0,E_geometry,0,0.5712238143894248,0.48748991570918265,0.2432432432432432,2.0,159,1,178.83,3,3,False
AMB_RS00905,,UNRESOLVED,unknown,0,E_cons_core|E_geometry|F_core_redundant,1,0.8409405656377514,0.13188964976263207,0.5757575757575758,9.0,262,1,178.2,3,3,False
AMB_RS00915,,CONFIDENT_NONESSENTIAL,non-essential,2,N_score|N_pangenome_strong,0,0.1668750848797601,0.8563453600620272,0.0,0.0,503,1,174.9,0,3,True
AMB_RS00920,,CONFIDENT_NONESSENTIAL,non-essential,1,E_geometry|N_score,0,0.2513234148746898,0.7405582969203174,0.0294117647058823,1.0,314,1,173.64,3,3,True
AMB_RS00925,,CONFIDENT_NONESSENTIAL,non-essential,1,E_geometry|N_score,0,0.3104816157348997,0.7183020470953438,0.0857142857142857,1.0,309,1,172.71,3,3,True
AMB_RS00930,,ROGUE_SUSPECT,unknown,0,E_geometry|N_score|P_rogue,0,0.2089126025637199,0.8465267557443577,0.0,0.0,381,1,171.68,3,3,True
AMB_RS00960,,UNRESOLVED,unknown,0,E_cons_core|F_core_redundant,1,0.9269214494318596,0.0572276125194424,0.7428571428571429,12.0,224,0,164.66,3,3,True
AMB_RS00965,,CONFIDENT_NONESSENTIAL,non-essential,2,N_score|N_pangenome_some,0,0.4197118714167006,0.6744367614137413,0.0909090909090909,0.0,97,0,164.18,1,3,False
AMB_RS00975,,UNRESOLVED,unknown,0,E_geometry|N_pangenome_some,1,0.6470794201107969,0.3400902641123848,0.3333333333333333,0.0,155,1,162.73,1,3,False
AMB_RS00985,,CONFIDENT_NONESSENTIAL,non-essential,1,E_geometry|N_score,1,0.3792280508109535,0.6779504711734395,0.1621621621621621,1.0,329,1,161.25,3,3,True
AMB_RS00995,,CONFIDENT_NONESSENTIAL,non-essential,2,N_score|N_pangenome_some,1,0.2958015737275867,0.7735392989959138,0.0,0.0,149,0,159.82,1,3,False
AMB_RS01000,,UNRESOLVED,unknown,0,,1,0.6446917365090177,0.36764723254589904,0.3793103448275862,0.0,267,0,159.21,3,3,False
AMB_RS01005,,UNRESOLVED,unknown,0,,1,0.7037672425087941,0.3157977076995699,0.4571428571428571,1.0,320,0,158.26,3,3,False
AMB_RS01010,,CONFIDENT_NONESSENTIAL,non-essential,2,N_score|N_pangenome_some,1,0.2928612552371423,0.7716523882380698,0.0,0.0,152,0,157.49,1,3,False
AMB_RS01015,,UNRESOLVED,unknown,0,E_cons_core,1,0.9499904194173036,0.03531154071782808,0.8484848484848485,0.0,152,0,157.03,3,3,False
AMB_RS01020,,UNRESOLVED,unknown,0,E_cons_core,1,0.9524930044705586,0.03521106291652123,0.9722222222222222,0.0,402,0,156.2,3,3,True
AMB_RS01025,,UNRESOLVED,unknown,0,E_cons_core,1,0.9442770328100636,0.04847281665432038,1.0,0.0,553,0,154.61,3,3,False
AMB_RS01030,,CONFIDENT_ESSENTIAL,essential,2,E_score|E_cons_core,1,0.977596806936904,0.018181999194446817,1.0,0.0,96,0,153.61,3,3,True
AMB_RS01035,,CONFIDENT_NONESSENTIAL,non-essential,2,E_geometry|N_score|N_pangenome_some,0,0.2939402333846579,0.6990092775353673,0.05,0.0,230,1,152.89,1,3,False
AMB_RS01040,,CONFIDENT_NONESSENTIAL,non-essential,2,E_geometry|N_score|N_pangenome_some,1,0.3153369156529658,0.7106003892176749,0.0,0.0,81,1,152.25,1,3,False
AMB_RS01045,,UNRESOLVED,unknown,0,E_cons_core,1,0.9321280105633016,0.04997905578887342,0.7878787878787878,1.0,179,0,151.74,3,3,False
AMB_RS01050,,CONFIDENT_NONESSENTIAL,non-essential,3,N_score|N_pangenome_some|N_long_lagging,0,0.1635969451291145,0.8804915383063898,0.0,0.0,506,0,150.71,1,3,False
AMB_RS01055,,UNRESOLVED,unknown,0,E_cons_core,1,0.8700870645713936,0.12825473590869502,0.7647058823529411,2.0,497,0,149.21,3,3,False
AMB_RS01060,,CONFIDENT_NONESSENTIAL,non-essential,2,N_score|N_pangenome_some,0,0.2611201734256762,0.8028268515792503,0.0,0.0,221,0,148.13,1,3,False
AMB_RS01065,,UNRESOLVED,unknown,0,E_cons_core,1,0.9393166657295352,0.048551656301756306,0.875,1.0,316,0,147.33,3,3,False
AMB_RS01070,,CONFIDENT_NONESSENTIAL,non-essential,3,N_score|N_pangenome_strong|N_long_lagging,0,0.1234479708116962,0.9244726493626702,0.0,0.0,670,0,145.7,0,3,False
AMB_RS01075,,UNRESOLVED,unknown,0,E_cons_core,1,0.7712932414434416,0.21895533757214322,0.5945945945945946,0.0,425,0,143.8,3,3,False
AMB_RS01085,,UNRESOLVED,unknown,0,E_cons_core,1,0.9525603199663264,0.03713989302203031,0.945945945945946,0.0,333,0,140.94,3,3,False
AMB_RS01090,,CONDITIONAL_SUSPECT,unknown,0,N_score|N_long_lagging|P_conditional,1,0.2418374273276195,0.8075005985954339,0.081081081081081,2.0,453,0,139.77,3,3,True
AMB_RS01095,,UNRESOLVED,unknown,0,E_cons_core,1,0.9219410857241552,0.060650143909413354,0.8108108108108109,0.0,285,0,138.67,3,3,False
AMB_RS01100,,CONFIDENT_NONESSENTIAL,non-essential,2,N_score|N_pangenome_some,0,0.1366224872124152,0.9019322418528954,0.0,0.0,594,1,137.25,1,3,False
AMB_RS01105,,UNRESOLVED,unknown,0,E_geometry,1,0.6708965725271943,0.32100663004934965,0.3548387096774194,1.0,137,1,136.15,3,3,False
AMB_RS01115,,CONFIDENT_NONESSENTIAL,non-essential,2,N_score|N_pangenome_some,0,0.1776914439493367,0.8761173136658252,0.0,1.0,454,1,134.41,2,3,True
AMB_RS01120,,CONFIDENT_NONESSENTIAL,non-essential,4,N_score|N_pangenome_some|N_redundancy|N_long_lagging,0,0.2501457162906915,0.8443177249292952,0.2307692307692307,6.0,808,0,132.46,2,3,True
AMB_RS01125,,ROGUE_SUSPECT,unknown,0,N_score|N_long_lagging|P_rogue|P_conditional,1,0.1694051231034839,0.890195375830763,0.0625,0.0,614,0,129.99,3,3,False
AMB_RS01140,,UNRESOLVED,unknown,0,E_cons_core|F_core_redundant,1,0.789201182208594,0.19034954850488478,0.5405405405405406,9.0,310,0,127.36,3,3,True
AMB_RS01145,,CONFIDENT_NONESSENTIAL,non-essential,2,E_geometry|N_score|N_pangenome_some,0,0.257150391753668,0.7402362071696212,0.032258064516129,0.0,256,1,126.41,2,3,False
AMB_RS01160,,UNRESOLVED,unknown,0,N_pangenome_some,1,0.6659157233100085,0.3898843764333644,0.4285714285714285,2.0,328,0,124.69,2,3,False
AMB_RS01165,,CONFIDENT_NONESSENTIAL,non-essential,2,E_geometry|N_score|N_pangenome_strong,0,0.3929047309625252,0.618398097502684,0.1052631578947368,0.0,120,1,123.86,0,3,True
AMB_RS01180,,CONFIDENT_NONESSENTIAL,non-essential,2,N_score|N_pangenome_some,0,0.2675668047381417,0.782669709256181,0.0,0.0,174,0,120.51,1,3,False
AMB_RS01185,,CONFIDENT_NONESSENTIAL,non-essential,3,N_score|N_pangenome_some|N_long_lagging,0,0.1383794238498696,0.9247898511540886,0.0,0.0,592,0,119.36,1,3,True
AMB_RS01190,,UNRESOLVED,unknown,0,E_cons_core,0,0.889758120096963,0.09827904909443021,0.8333333333333334,0.0,505,1,117.52,3,3,False
AMB_RS01205,,UNRESOLVED,unknown,0,E_cons_core,1,0.954778755797856,0.027660169332196186,0.8888888888888888,0.0,143,0,115.38,3,3,True
AMB_RS01210,,UNRESOLVED,unknown,0,,1,0.743349064508885,0.26226629193900935,0.4848484848484848,3.0,259,0,114.76,3,3,False
AMB_RS01215,,CONFIDENT_NONESSENTIAL,non-essential,2,N_score|N_pangenome_some,0,0.1788727860697295,0.8704527434679575,0.3333333333333333,0.0,1155,1,112.49,1,3,False
AMB_RS01225,,CONFIDENT_NONESSENTIAL,non-essential,1,N_score,0,0.3815087388456089,0.6319356136123224,0.1621621621621621,0.0,257,0,108.87,3,3,True
AMB_RS01230,,UNRESOLVED,unknown,0,E_cons_core,1,0.9557343356558212,0.026337924828243403,0.9714285714285714,0.0,306,0,108.03,3,3,True
AMB_RS01235,,UNRESOLVED,unknown,0,E_cons_core,1,0.9527751489610262,0.039254649451386035,0.8857142857142857,0.0,171,0,107.32,3,3,True
AMB_RS01240,,UNRESOLVED,unknown,0,E_geometry,0,0.5430727634342027,0.3852659957959762,0.3142857142857143,0.0,253,1,106.58,3,3,False
AMB_RS01250,,CONFIDENT_NONESSENTIAL,non-essential,2,E_geometry|N_score|N_pangenome_some,0,0.2808365264815093,0.7388007988489083,0.0,0.0,114,1,103.93,1,3,False
AMB_RS01255,,CONFIDENT_NONESSENTIAL,non-essential,1,E_geometry|N_score,0,0.3823866541461754,0.6221911192937344,0.1388888888888889,1.0,203,1,103.36,3,3,False
AMB_RS01265,,UNRESOLVED,unknown,0,E_cons_core|E_geometry|F_core_redundant,1,0.7814630813298891,0.17189030475801115,0.5405405405405406,9.0,296,1,101.98,3,3,True
AMB_RS01270,,CONFIDENT_NONESSENTIAL,non-essential,2,E_geometry|N_score|N_pangenome_some,0,0.2924859187316128,0.739666085858128,0.125,0.0,364,1,100.88,2,3,True
AMB_RS01275,,CONFIDENT_NONESSENTIAL,non-essential,2,E_geometry|N_score|N_pangenome_strong,0,0.2623882530246027,0.804436708563027,0.0769230769230769,0.0,343,1,99.82,0,3,True
AMB_RS01280,,UNRESOLVED,unknown,0,E_geometry|N_pangenome_some,0,0.5498914937405178,0.44944082021294884,0.3043478260869565,0.0,230,1,98.96,2,3,False
AMB_RS01290,,CONFIDENT_NONESSENTIAL,non-essential,2,E_geometry|N_score|N_pangenome_some,0,0.2604577975114906,0.7627441251668037,0.0666666666666666,0.0,306,1,97.23,1,3,True
AMB_RS01295,,CONFIDENT_NONESSENTIAL,non-essential,3,E_geometry|N_score|N_pangenome_some|N_redundancy,1,0.3351325417009425,0.7143796365808183,0.1333333333333333,4.0,321,1,96.29,2,3,True
AMB_RS01300,,CONFIDENT_NONESSENTIAL,non-essential,1,E_geometry|N_score,0,0.2510488599658902,0.779898438462118,0.0625,1.0,330,1,95.31,3,3,True
AMB_RS01305,,CONFIDENT_NONESSENTIAL,non-essential,2,E_geometry|N_score|N_pangenome_some,0,0.2845250493420498,0.7935097816201233,0.0,0.0,118,1,94.63,1,3,False
AMB_RS01310,,UNRESOLVED,unknown,0,E_geometry|N_pangenome_some,0,0.5593009292220216,0.46930155038330157,0.3333333333333333,0.0,279,1,94.03,1,3,False
AMB_RS01315,,CONFIDENT_NONESSENTIAL,non-essential,2,E_geometry|N_score|N_pangenome_some,0,0.1785766218486477,0.8522081867465556,0.0,0.0,392,1,93.0,1,3,False
AMB_RS01320,,CONFIDENT_NONESSENTIAL,non-essential,2,N_score|N_pangenome_some,0,0.260932708173305,0.7697254043810755,0.1333333333333333,2.0,466,1,91.59,2,3,True
AMB_RS01330,,CONFIDENT_NONESSENTIAL,non-essential,2,N_score|N_pangenome_some,0,0.4320894276929143,0.579175514433219,0.3478260869565217,0.0,548,0,89.25,1,3,False
AMB_RS01345,,UNRESOLVED,unknown,0,N_redundancy,1,0.533392931704919,0.4669986143488833,0.3333333333333333,4.0,348,0,85.39,3,3,False
AMB_RS01350,,UNRESOLVED,unknown,0,E_cons_core,0,0.9513658196707564,0.04303983437886637,0.935483870967742,0.0,279,0,84.52,3,3,True
AMB_RS01355,,CONFIDENT_NONESSENTIAL,non-essential,2,E_geometry|N_score|N_pangenome_some,0,0.2472226019967769,0.7540331557944614,0.0555555555555555,2.0,311,1,83.46,2,3,True
AMB_RS01375,,CONFIDENT_NONESSENTIAL,non-essential,1,N_score,1,0.3200780293261072,0.7227708849464897,0.2352941176470588,0.0,529,1,79.78,3,3,True
AMB_RS01385,,CONFIDENT_NONESSENTIAL,non-essential,2,N_score|N_pangenome_some,1,0.414931719970675,0.5925356194584998,0.3333333333333333,0.0,538,0,77.71,1,3,False
AMB_RS01390,,UNRESOLVED,unknown,0,E_cons_core|F_core_redundant,1,0.915000721597198,0.07734547237312847,0.7428571428571429,12.0,232,0,76.57,3,3,True
AMB_RS01395,,CONFIDENT_NONESSENTIAL,non-essential,2,E_geometry|N_score|N_pangenome_some,1,0.2308863909903711,0.7739381488767343,0.0,1.0,217,1,75.42,1,3,False
AMB_RS01400,,CONFIDENT_NONESSENTIAL,non-essential,2,E_geometry|N_score|N_pangenome_some,0,0.2756950141628051,0.7175828865603312,0.0,0.0,91,1,74.96,1,3,False
AMB_RS01405,,CONFIDENT_NONESSENTIAL,non-essential,2,E_geometry|N_score|N_pangenome_some,1,0.4548270396409132,0.45017316221664055,0.25,0.0,245,1,74.46,1,3,False
AMB_RS01410,,UNRESOLVED,unknown,0,E_cons_core|E_geometry,1,0.951490265539961,0.02345410435056213,0.945945945945946,2.0,265,1,73.7,3,3,False
AMB_RS01415,,CONFIDENT_ESSENTIAL,essential,3,E_score|E_cons_core|E_geometry|N_pangenome_strong,0,0.9687861871039858,0.014048517225418172,1.0,0.0,144,1,73.06,0,3,False
AMB_RS01425,,CONFIDENT_NONESSENTIAL,non-essential,3,N_score|N_pangenome_some|N_long_lagging,0,0.1051989614216449,0.9282735926049496,0.0,0.0,680,0,71.4,1,3,True
AMB_RS01435,,CONFIDENT_NONESSENTIAL,non-essential,2,N_score|N_pangenome_some,0,0.2040924097915731,0.7996429465293176,0.0,0.0,280,0,69.63,1,3,False
AMB_RS01450,,CONFIDENT_NONESSENTIAL,non-essential,2,N_score|N_pangenome_some,0,0.1951325459517311,0.820410105744585,0.0,0.0,307,0,64.23,1,3,False
AMB_RS01455,,ROGUE_SUSPECT,unknown,0,N_score|N_long_lagging|P_rogue|P_conditional,0,0.0720939797224593,0.9509521930193757,0.0,0.0,869,0,62.47,3,3,False
AMB_RS01460,,CONFIDENT_NONESSENTIAL,non-essential,2,E_geometry|N_score|N_pangenome_some,0,0.2357347230676257,0.7514213559687716,0.0,0.0,176,1,60.72,1,3,False
AMB_RS01465,,CONFIDENT_NONESSENTIAL,non-essential,1,N_score,0,0.1083623431656871,0.9227548786161912,0.05,1.0,767,1,59.2,3,3,True
AMB_RS01470,,CONFIDENT_NONESSENTIAL,non-essential,2,N_score|N_pangenome_some,1,0.1427099015231687,0.8534031101434789,0.0,0.0,470,1,57.34,2,3,False
AMB_RS01475,,CONFIDENT_NONESSENTIAL,non-essential,1,N_score,0,0.2946045550016018,0.7231081601158305,0.1621621621621621,1.0,405,0,56.05,3,3,True
AMB_RS01480,,CONFIDENT_NONESSENTIAL,non-essential,2,N_score|N_pangenome_some,0,0.258947602217345,0.7395153304000908,0.0476190476190476,0.0,222,0,55.12,2,3,False
AMB_RS01485,,CONFIDENT_NONESSENTIAL,non-essential,1,N_score,1,0.2577931018402142,0.7344067820190778,0.1666666666666666,0.0,483,1,53.94,3,3,True
AMB_RS01490,,CONFIDENT_NONESSENTIAL,non-essential,1,N_score,1,0.3091513650868047,0.6922051981661814,0.1515151515151515,0.0,332,0,52.73,3,3,True
AMB_RS01495,,CONFIDENT_NONESSENTIAL,non-essential,2,E_geometry|N_score|N_pangenome_some,1,0.1867421517951304,0.8433250619418258,0.0,0.0,327,1,51.59,1,3,False
AMB_RS01500,,CONFIDENT_NONESSENTIAL,non-essential,1,E_geometry|N_score,1,0.4204001262308079,0.496494630824696,0.2105263157894736,0.0,206,1,50.79,3,3,False
AMB_RS01505,,CONFIDENT_NONESSENTIAL,non-essential,1,E_geometry|N_score,1,0.3736034266525581,0.5692473313518754,0.25,0.0,392,1,49.75,3,3,False
AMB_RS01510,,CONFIDENT_NONESSENTIAL,non-essential,2,E_geometry|N_score|N_pangenome_some,1,0.3994225758650311,0.5585385133417872,0.2,0.0,233,1,48.82,2,3,False
AMB_RS01515,,CONFIDENT_NONESSENTIAL,non-essential,2,N_score|N_pangenome_strong,1,0.2025216059277493,0.7897976856912713,0.1538461538461538,0.0,598,1,47.58,0,3,False
AMB_RS01520,,UNRESOLVED,unknown,0,E_cons_core|N_pangenome_some,0,0.6116201119610698,0.36635471665812086,0.5,0.0,486,1,45.74,2,3,False
AMB_RS01525,,CONFIDENT_NONESSENTIAL,non-essential,1,N_score,0,0.4852773614669221,0.5232831232101526,0.2413793103448276,0.0,169,0,44.74,3,3,False
AMB_RS01535,,CONFIDENT_NONESSENTIAL,non-essential,1,N_score,1,0.4459073080506044,0.5795634279223681,0.3333333333333333,0.0,450,0,42.36,3,3,False
AMB_RS01545,,UNRESOLVED,unknown,0,E_cons_core|N_pangenome_some,1,0.8252308987056003,0.13374295906766934,0.7619047619047619,0.0,521,0,39.4,2,3,False
AMB_RS01550,,CONFIDENT_NONESSENTIAL,non-essential,2,N_score|N_pangenome_some,0,0.1766469290467629,0.8194963966193449,0.0,0.0,333,0,38.05,1,3,False
AMB_RS01560,,CONFIDENT_NONESSENTIAL,non-essential,3,N_score|N_pangenome_some|N_long_lagging,0,0.1246144869805024,0.9120056521504115,0.0,0.0,554,0,35.81,1,3,False
AMB_RS01565,,UNRESOLVED,unknown,0,N_redundancy,0,0.5567133920712926,0.4715814392611716,0.4,5.0,419,0,34.28,3,3,False
AMB_RS01570,,CONFIDENT_NONESSENTIAL,non-essential,1,N_score,0,0.1625726557232257,0.8649302644051978,0.125,0.0,666,1,32.43,3,3,False
AMB_RS01575,,UNRESOLVED,unknown,0,,0,0.7164043453578679,0.25728273332207613,0.4375,1.0,116,0,31.06,3,3,False
AMB_RS01585,,CONFIDENT_NONESSENTIAL,non-essential,2,N_score|N_pangenome_some,0,0.2233778244486786,0.7666538953208741,0.0,0.0,183,0,29.31,1,3,False
AMB_RS01590,,CONFIDENT_NONESSENTIAL,non-essential,1,E_geometry|N_score,1,0.2242767501154376,0.8054048914961675,0.03125,1.0,271,1,28.61,3,3,True
AMB_RS01595,,CONFIDENT_NONESSENTIAL,non-essential,2,N_score|N_pangenome_strong,0,0.1980331764120343,0.803930368336392,0.0,0.0,259,0,27.82,0,3,False
AMB_RS01600,,CONFIDENT_NONESSENTIAL,non-essential,2,E_geometry|N_score|N_pangenome_some,0,0.2466841809382115,0.7646919415577353,0.0588235294117647,0.0,255,1,26.96,2,3,True
AMB_RS01605,,UNRESOLVED,unknown,0,E_geometry,1,0.5540287569482547,0.3975982464317358,0.4054054054054054,3.0,390,1,25.84,3,3,False
AMB_RS01610,,UNRESOLVED,unknown,0,E_geometry,1,0.5555079326668841,0.41146190026507445,0.3783783783783784,0.0,306,1,24.8,3,3,False
AMB_RS01615,,CONFIDENT_NONESSENTIAL,non-essential,1,E_geometry|N_score,0,0.3202710632591939,0.6474237491360164,0.1666666666666666,0.0,303,1,23.9,3,3,True
AMB_RS01620,,CONFIDENT_NONESSENTIAL,non-essential,2,E_geometry|N_score|N_pangenome_some,1,0.2187795559644616,0.7959647059417371,0.0,0.0,198,1,23.09,1,3,False
AMB_RS01625,,UNRESOLVED,unknown,0,E_cons_core|E_geometry,1,0.9608595008123936,0.023359960180950445,0.9428571428571428,0.0,102,1,22.47,3,3,True
AMB_RS01630,,CONFIDENT_NONESSENTIAL,non-essential,1,N_score,0,0.2243278195905367,0.8345706136335684,0.03125,1.0,279,0,21.69,3,3,True
AMB_RS01635,,CONFIDENT_NONESSENTIAL,non-essential,1,N_score,0,0.188245390638402,0.8396274206811571,0.032258064516129,2.0,382,0,20.69,3,3,True
AMB_RS01640,,CONFIDENT_NONESSENTIAL,non-essential,2,N_score|N_pangenome_some,0,0.2589513604642814,0.8342621490375761,0.0,0.0,122,0,19.91,2,3,False
AMB_RS01645,,CONFIDENT_NONESSENTIAL,non-essential,1,N_score,0,0.354783740388326,0.7051742159533402,0.125,0.0,162,0,19.4,3,3,True
AMB_RS01650,,CONFIDENT_NONESSENTIAL,non-essential,3,N_score|N_pangenome_some|N_long_lagging,0,0.0659840994874734,0.9632763823859395,0.0,0.0,887,0,17.77,1,3,False
AMB_RS01655,,UNRESOLVED,unknown,0,E_cons_core|N_pangenome_some,0,0.8470717738345704,0.10573619693373632,0.6666666666666666,0.0,206,0,15.96,2,3,False
AMB_RS01660,,ROGUE_SUSPECT,unknown,0,N_score|N_long_lagging|P_rogue|P_conditional,0,0.1408074536427661,0.8531874348251806,0.0,0.0,439,0,14.93,3,3,False
AMB_RS01670,,CONFIDENT_NONESSENTIAL,non-essential,2,N_score|N_pangenome_some,0,0.2391544010318813,0.7996839054757566,0.08,0.0,321,0,13.2,2,3,False
AMB_RS01675,,UNRESOLVED,unknown,0,E_cons_core|F_core_redundant,1,0.944645887376006,0.03498607787135173,0.918918918918919,7.0,276,0,12.31,3,3,True
AMB_RS01685,,CONFIDENT_NONESSENTIAL,non-essential,2,N_score|N_pangenome_some,0,0.2584704077095108,0.7817523983920392,0.0,2.0,109,0,10.91,2,3,False
AMB_RS01705,,CONFIDENT_NONESSENTIAL,non-essential,2,N_score|N_pangenome_some,0,0.1945870373804284,0.8382741861655408,0.0,0.0,265,0,7.83,2,3,False
AMB_RS01710,,CONFIDENT_NONESSENTIAL,non-essential,2,E_geometry|N_score|N_redundancy,1,0.4616619908477652,0.4938876911171756,0.3333333333333333,4.0,400,1,6.81,3,3,False
AMB_RS01715,,UNRESOLVED,unknown,0,E_cons_core|E_geometry|N_pangenome_some,1,0.8857168409213685,0.06882508912810106,0.7878787878787878,2.0,310,1,5.75,2,3,False
AMB_RS01720,,UNRESOLVED,unknown,0,E_cons_core|N_mobile,1,0.9008982765961188,0.07635518699645148,0.9714285714285714,0.0,639,1,4.26,3,3,False
AMB_RS01725,,UNRESOLVED,unknown,0,E_cons_core|E_geometry|N_mobile,1,0.9645080729886072,0.025411343184404033,1.0,0.0,174,1,2.94,3,3,True
AMB_RS01740,,CONFIDENT_NONESSENTIAL,non-essential,3,N_score|N_pangenome_strong|N_mobile,0,0.2627832267583796,0.8006920046169894,0.0,0.0,82,0,1.28,0,3,False
AMB_RS01745,,CONFIDENT_NONESSENTIAL,non-essential,3,N_score|N_pangenome_strong|N_mobile,0,0.2373144480230234,0.7941440325902219,0.0,0.0,135,0,0.86,0,3,True
AMB_RS01750,,CONFIDENT_NONESSENTIAL,non-essential,4,N_score|N_pangenome_strong|N_mobile|N_long_lagging,0,0.1430199590168384,0.8966400741534918,0.0,0.0,444,0,0.0,0,3,True
AMB_RS01840,,CONFIDENT_NONESSENTIAL,non-essential,2,N_score|N_pangenome_strong,0,0.1226700312630533,0.8922958115546141,0.0,0.0,518,1,6.15,0,3,False
AMB_RS01870,,CONFIDENT_NONESSENTIAL,non-essential,2,E_cons_core|N_pangenome_strong|N_mobile,1,0.8931272103856928,0.08079804579750693,0.75,1.0,197,0,2.62,0,3,False
AMB_RS01880,,CONFIDENT_NONESSENTIAL,non-essential,3,N_score|N_pangenome_strong|N_mobile,1,0.2412249806208838,0.7814374446522282,0.0,0.0,122,0,1.82,0,3,False
AMB_RS01885,,CONFIDENT_NONESSENTIAL,non-essential,2,E_cons_core|E_geometry|N_pangenome_strong|N_mobile,0,0.9615669188130292,0.01814259068287766,1.0,0.0,184,1,1.27,0,3,False
AMB_RS01890,,CONFIDENT_NONESSENTIAL,non-essential,3,N_score|N_pangenome_strong|N_mobile,0,0.1000891133139107,0.9187035505016248,0.0,0.0,627,1,0.0,0,3,True
AMB_RS01900,,CONFIDENT_NONESSENTIAL,non-essential,3,N_score|N_pangenome_strong|N_mobile,0,0.1949407029769566,0.8225053282480457,0.1,1.0,477,1,0.0,0,3,True
AMB_RS01910,,CONFIDENT_NONESSENTIAL,non-essential,2,E_cons_core|E_geometry|N_pangenome_strong|N_mobile,0,0.8994540505914713,0.05358298023697957,0.75,0.0,130,1,2.16,0,3,False
AMB_RS01915,,CONFIDENT_NONESSENTIAL,non-essential,3,E_geometry|N_score|N_pangenome_strong|N_mobile,0,0.3377345414385115,0.6753192553224198,0.2,1.0,341,1,2.88,0,3,True
AMB_RS01930,,CONFIDENT_NONESSENTIAL,non-essential,3,N_score|N_pangenome_some|N_mobile,0,0.1992599534779624,0.849902844120959,0.0476190476190476,0.0,358,0,1.66,1,3,True
AMB_RS02010,,CONFIDENT_NONESSENTIAL,non-essential,3,E_geometry|N_score|N_pangenome_strong|N_mobile,0,0.4889702867629912,0.512419281153265,0.25,1.0,146,1,1.45,0,3,False
AMB_RS02055,,UNRESOLVED,unknown,0,E_geometry|N_pangenome_some|N_mobile,1,0.7221877707290749,0.20483652899292606,0.4615384615384615,2.0,116,1,0.0,1,3,False
AMB_RS02110,,CONFIDENT_NONESSENTIAL,non-essential,2,E_cons_core|N_pangenome_strong|N_mobile,0,0.9383952613707098,0.037474931667808395,1.0,0.0,436,1,0.0,0,3,True
AMB_RS02125,,CONFIDENT_NONESSENTIAL,non-essential,3,E_geometry|N_score|N_pangenome_some|N_mobile,0,0.2336718705004546,0.9238878340466584,0.0,0.0,217,1,1.38,2,3,True
AMB_RS02135,,CONFIDENT_NONESSENTIAL,non-essential,2,E_geometry|N_score|N_pangenome_some,0,0.2499278147632263,0.8153535371693204,0.1111111111111111,0.0,363,1,5.01,1,3,True
AMB_RS02180,,UNRESOLVED,unknown,0,E_cons_core|N_pangenome_some|N_mobile,0,0.5216437034107367,0.3912829995205924,0.6666666666666666,0.0,973,1,2.95,1,3,False
AMB_RS02185,,CONFIDENT_NONESSENTIAL,non-essential,1,E_geometry|N_score,0,0.2019800672738905,0.8129048526572207,0.04,3.0,343,1,5.08,3,3,True
AMB_RS02200,,CONFIDENT_NONESSENTIAL,non-essential,2,N_score|N_pangenome_strong,0,0.1881884523070553,0.8540892031187984,0.0,0.0,292,0,10.3,0,3,False
AMB_RS02205,,CONFIDENT_NONESSENTIAL,non-essential,2,N_score|N_pangenome_some,0,0.2904119627260406,0.7740481063784306,0.08,0.0,200,0,11.1,2,3,True
AMB_RS02215,,CONFIDENT_NONESSENTIAL,non-essential,2,N_score|N_pangenome_strong,0,0.1803297166448735,0.8099210300537303,0.0,0.0,295,0,12.7,0,3,False
AMB_RS02225,,CONFIDENT_NONESSENTIAL,non-essential,3,N_score|N_pangenome_some|N_long_lagging,1,0.0570953015401071,0.9680537564214909,0.0909090909090909,0.0,1158,0,15.12,2,3,True
AMB_RS02230,,CONFIDENT_NONESSENTIAL,non-essential,1,N_score,1,0.2746299697745328,0.7327852945628952,0.1142857142857142,0.0,299,0,17.39,3,3,True
AMB_RS02235,,CONFIDENT_NONESSENTIAL,non-essential,2,N_score|N_pangenome_some,0,0.2805054021748258,0.7069659689982816,0.1333333333333333,0.0,320,0,16.73,2,3,False
AMB_RS02240,,CONFIDENT_NONESSENTIAL,non-essential,2,E_geometry|N_score|N_pangenome_some,0,0.2481763816899296,0.770713211548892,0.0714285714285714,0.0,271,1,15.57,2,3,True
AMB_RS02245,,CONFIDENT_NONESSENTIAL,non-essential,2,E_geometry|N_score|N_pangenome_some,1,0.3088652308884896,0.7397851821749475,0.1,2.0,214,1,14.82,2,3,False
AMB_RS02260,,CONFIDENT_NONESSENTIAL,non-essential,1,E_geometry|N_score,0,0.3381523648739882,0.6827187819423622,0.1515151515151515,3.0,257,1,8.75,3,3,True
AMB_RS02270,,CONFIDENT_NONESSENTIAL,non-essential,2,N_score|N_pangenome_some,0,0.2553854746812447,0.8297244085687138,0.0,0.0,115,0,6.51,1,3,False
AMB_RS02305,,CONFIDENT_NONESSENTIAL,non-essential,3,N_score|N_pangenome_strong|N_mobile,0,0.0801817094185001,0.9261322685608737,0.0,0.0,734,1,0.0,0,3,False
AMB_RS02310,,CONFIDENT_NONESSENTIAL,non-essential,3,E_geometry|N_score|N_pangenome_strong|N_mobile,0,0.1936414771061367,0.8120506873997404,0.0,0.0,248,1,1.54,0,3,False
AMB_RS02355,,CONFIDENT_NONESSENTIAL,non-essential,2,E_geometry|N_score|N_pangenome_strong,0,0.2168340956127439,0.7744120392782881,0.0,0.0,178,1,5.6,0,3,False
AMB_RS23135,,CONFIDENT_NONESSENTIAL,non-essential,3,E_geometry|N_score|N_pangenome_strong|N_mobile,0,0.1749625392771524,0.8046911877929532,0.0,0.0,297,1,2.5,0,3,False
AMB_RS02475,,CONFIDENT_NONESSENTIAL,non-essential,2,N_score|N_pangenome_some,0,0.3295338650907437,0.726745433401715,0.0666666666666666,0.0,73,0,5.18,2,3,True
AMB_RS02510,,CONFIDENT_NONESSENTIAL,non-essential,3,N_score|N_redundancy|N_mobile,0,0.1945087116176573,0.8825187939322268,0.037037037037037,6.0,413,0,0.0,3,3,True
AMB_RS02520,,CONFIDENT_NONESSENTIAL,non-essential,3,N_score|N_pangenome_some|N_mobile,0,0.174767152244838,0.8819725293028255,0.0,0.0,337,0,1.47,1,3,False
AMB_RS02525,,ROGUE_SUSPECT,unknown,0,N_score|N_mobile|P_rogue,0,0.1769244048911745,0.8255679900400805,0.0,0.0,302,0,2.54,3,3,False
AMB_RS02530,,ROGUE_SUSPECT,unknown,0,N_score|N_mobile|P_rogue,0,0.1672841860816318,0.8525646756845284,0.0,0.0,344,0,3.65,3,3,False
AMB_RS02555,,UNRESOLVED,unknown,0,E_cons_core|F_core_redundant,1,0.8608163870587277,0.10433141268044606,0.7027027027027027,4.0,266,0,9.87,3,3,False
AMB_RS02560,,CONFIDENT_NONESSENTIAL,non-essential,2,N_score|N_pangenome_some,0,0.1699913586641768,0.8353985478169462,0.0,0.0,334,0,10.77,1,3,False
AMB_RS02565,,ROGUE_SUSPECT,unknown,0,N_score|N_long_lagging|P_rogue|P_conditional,0,0.0909072334721302,0.9393414880441298,0.0,0.0,704,0,12.46,3,3,False
AMB_RS02570,,CONDITIONAL_SUSPECT,unknown,0,N_score|N_redundancy|N_long_lagging|P_conditional,1,0.4045291408899759,0.6159551062459463,0.2941176470588235,5.0,458,0,14.2,3,3,True
AMB_RS02575,,UNRESOLVED,unknown,0,N_pangenome_some,0,0.6460970126584888,0.3563774942028336,0.3703703703703703,0.0,109,0,15.08,2,3,False
AMB_RS02585,,ROGUE_SUSPECT,unknown,0,N_score|P_rogue,0,0.1768369231371189,0.8741801934087217,0.0,0.0,340,0,16.45,3,3,False
AMB_RS02590,,ROGUE_SUSPECT,unknown,0,N_score|N_long_lagging|P_rogue|P_conditional,0,0.1209365655775737,0.9154999489287887,0.0,0.0,554,0,17.8,3,3,False
AMB_RS02600,,CONFIDENT_NONESSENTIAL,non-essential,2,N_score|N_pangenome_some,0,0.1969617843098683,0.8461177987143904,0.0,0.0,275,0,21.86,2,3,False
AMB_RS02610,,CONFIDENT_NONESSENTIAL,non-essential,2,N_score|N_pangenome_some,0,0.2602362086487287,0.744185119003144,0.0,0.0,87,0,24.37,1,3,False
AMB_RS02615,,ROGUE_SUSPECT,unknown,0,N_score|P_rogue,0,0.2019718950702604,0.8023936719697419,0.0,0.0,245,0,24.87,3,3,False
AMB_RS02625,,UNRESOLVED,unknown,0,,1,0.5365907065817104,0.43580163545136713,0.4074074074074074,0.0,411,0,26.89,3,3,False
AMB_RS02630,,ROGUE_SUSPECT,unknown,0,N_score|P_rogue,1,0.25060480213777,0.7870324787720187,0.0666666666666666,0.0,274,0,27.98,3,3,False
AMB_RS02635,,UNRESOLVED,unknown,0,E_cons_core|E_geometry,1,0.8911186127629951,0.08412272605160329,0.8,0.0,333,1,29.2,3,3,False
AMB_RS02640,,UNRESOLVED,unknown,0,E_cons_core|E_geometry,1,0.8884195091536164,0.07002346884353937,0.8378378378378378,0.0,416,1,30.4,3,3,False
AMB_RS02645,,CONFIDENT_NONESSENTIAL,non-essential,2,E_geometry|N_score|N_pangenome_some,1,0.4242828865091999,0.5259799174371529,0.24,0.0,254,1,31.5,2,3,False
AMB_RS02650,,CONFIDENT_NONESSENTIAL,non-essential,1,E_geometry|N_score,1,0.4705016925879735,0.43407672894134464,0.28125,2.0,261,1,32.31,3,3,True
AMB_RS02655,,CONFIDENT_NONESSENTIAL,non-essential,2,E_geometry|N_score|N_pangenome_some,0,0.4469239905398601,0.45433037427578654,0.2608695652173913,1.0,253,1,33.08,2,3,False
AMB_RS02660,,CONFIDENT_NONESSENTIAL,non-essential,1,E_geometry|N_score,0,0.324563852258682,0.7163204298066497,0.1071428571428571,1.0,201,1,33.78,3,3,True
AMB_RS02665,,CONFIDENT_NONESSENTIAL,non-essential,1,N_score,1,0.2431656401652079,0.7119845966954115,0.1481481481481481,1.0,457,1,34.76,3,3,False
AMB_RS02670,,ROGUE_SUSPECT,unknown,0,E_geometry|N_score|P_rogue,0,0.1602765792889014,0.8804189672832612,0.0,0.0,409,1,36.2,3,3,True
AMB_RS02675,,CONFIDENT_NONESSENTIAL,non-essential,2,E_geometry|N_score|N_pangenome_some,0,0.2355496178186327,0.770549632762052,0.0,0.0,161,1,37.02,1,3,False
AMB_RS02685,,CONFIDENT_NONESSENTIAL,non-essential,3,N_score|N_pangenome_some|N_long_lagging,0,0.0235610916872491,0.9895749616312125,0.032258064516129,0.0,1505,0,40.08,2,3,False
AMB_RS02690,,CONFIDENT_NONESSENTIAL,non-essential,3,N_score|N_pangenome_some|N_long_lagging,0,0.1635240598732625,0.8594500089195288,0.03125,1.0,472,0,43.06,2,3,True
AMB_RS02695,,UNRESOLVED,unknown,0,E_geometry|N_pangenome_some,1,0.6975177923688582,0.24621067250391157,0.4864864864864865,1.0,268,1,44.41,2,3,False
AMB_RS02700,,CONFIDENT_NONESSENTIAL,non-essential,1,N_score,0,0.491389149329175,0.5111802658549082,0.4857142857142857,1.0,704,0,46.03,3,3,False
AMB_RS02710,,CONFIDENT_NONESSENTIAL,non-essential,3,N_score|N_pangenome_some|N_long_lagging,1,0.149412828720237,0.895958045224118,0.0,0.0,466,0,48.27,1,3,False
AMB_RS02715,,CONFIDENT_NONESSENTIAL,non-essential,1,N_score,0,0.3733353437976058,0.5852516943308889,0.1764705882352941,0.0,235,0,49.43,3,3,True
AMB_RS02720,,UNRESOLVED,unknown,0,E_cons_core|N_pangenome_some,1,0.8780766361843426,0.09505250133295232,0.7878787878787878,2.0,405,0,50.39,2,3,False
AMB_RS02725,,CONFIDENT_NONESSENTIAL,non-essential,2,N_score|N_pangenome_strong,0,0.4187708058475742,0.5886527851299147,0.3333333333333333,0.0,506,0,51.76,0,3,False
AMB_RS02735,,CONFIDENT_NONESSENTIAL,non-essential,3,N_score|N_pangenome_some|N_long_lagging,1,0.0728177892513881,0.9477068363355042,0.0,0.0,852,0,54.31,2,3,True
AMB_RS02740,,UNRESOLVED,unknown,0,N_pangenome_some,1,0.7449281907099526,0.2264236033439699,0.4615384615384615,0.0,112,0,55.76,2,3,False
AMB_RS02745,,ROGUE_SUSPECT,unknown,0,N_score|N_long_lagging|P_rogue|P_conditional,1,0.0788373835881586,0.9483379415312099,0.0,0.0,820,0,57.16,3,3,False
AMB_RS02750,,CONFIDENT_NONESSENTIAL,non-essential,1,N_score,1,0.1888983914011233,0.8267406174807782,0.0357142857142857,1.0,408,0,59.0,3,3,False
AMB_RS02755,,CONFIDENT_NONESSENTIAL,non-essential,3,N_score|N_pangenome_some|N_long_lagging,1,0.1287675244649077,0.9034355790159988,0.0,0.0,554,0,60.77,1,3,False
AMB_RS02760,,CONFIDENT_NONESSENTIAL,non-essential,1,N_score,1,0.427767107568606,0.5969843121576758,0.2580645161290322,3.0,361,0,62.15,3,3,False
AMB_RS02765,,CONDITIONAL_SUSPECT,unknown,0,N_score|N_long_lagging|P_conditional,1,0.1778980379163088,0.8808758881037597,0.0357142857142857,1.0,471,0,63.49,3,3,False
AMB_RS02775,,CONFIDENT_NONESSENTIAL,non-essential,1,N_score,1,0.3294002873924531,0.6948865639408223,0.1,0.0,191,0,64.81,3,3,True
AMB_RS02790,,CONFIDENT_NONESSENTIAL,non-essential,1,N_score,0,0.1149534635650105,0.920362541811233,0.0303030303030303,2.0,709,1,67.47,3,3,True
AMB_RS02795,,UNRESOLVED,unknown,0,E_cons_core,1,0.814151132228096,0.12152951448387757,0.5882352941176471,2.0,204,0,68.88,3,3,False
AMB_RS02800,,CONFIDENT_NONESSENTIAL,non-essential,1,N_score,1,0.3895289734313683,0.524856541302769,0.2,0.0,261,0,69.57,3,3,True
AMB_RS02805,,CONFIDENT_NONESSENTIAL,non-essential,1,E_geometry|N_score,1,0.3312840046627096,0.6096306528594604,0.1785714285714285,0.0,340,1,70.53,3,3,True
AMB_RS02810,,CONFIDENT_ESSENTIAL,essential,3,E_score|E_cons_core|E_geometry|N_pangenome_some,1,0.9717381924108072,0.013978175216739334,1.0,0.0,99,1,71.22,1,3,False
AMB_RS02815,,UNRESOLVED,unknown,0,E_geometry|N_pangenome_some,0,0.6006411238716273,0.3948713583091171,0.3333333333333333,0.0,168,1,71.81,2,3,False
AMB_RS02820,,UNRESOLVED,unknown,0,E_geometry,1,0.6459991352605671,0.2757028536294264,0.4285714285714285,0.0,264,1,72.53,3,3,False
AMB_RS02825,,UNRESOLVED,unknown,0,E_cons_core|E_geometry|N_pangenome_some,0,0.8787132690986461,0.10643457671026238,0.6666666666666666,0.0,146,1,73.27,1,3,False
AMB_RS02830,,UNRESOLVED,unknown,0,E_cons_core|F_core_redundant,1,0.8868156354345993,0.0803506648773536,0.7027027027027027,4.0,208,0,73.88,3,3,False
AMB_RS02835,,CONDITIONAL_SUSPECT,unknown,0,N_score|N_long_lagging|P_conditional,1,0.4230072835834863,0.6018762016599888,0.2857142857142857,3.0,442,0,73.78,3,3,False
AMB_RS02840,,UNRESOLVED,unknown,0,E_cons_core|F_core_redundant,1,0.91312765873856,0.0675474314135624,0.7428571428571429,12.0,228,0,72.74,3,3,True
AMB_RS02845,,UNRESOLVED,unknown,0,E_cons_core|N_pangenome_some,1,0.8231094944411976,0.14668361356226023,0.5833333333333334,0.0,169,0,72.14,2,3,False
AMB_RS02850,,ROGUE_SUSPECT,unknown,0,E_geometry|N_score|P_rogue,1,0.251505928220898,0.8089294216647158,0.054054054054054,0.0,291,1,71.33,3,3,True
AMB_RS02855,,CONFIDENT_NONESSENTIAL,non-essential,2,N_score|N_pangenome_some,0,0.128075755896594,0.9107823560334137,0.0,0.0,569,1,69.89,2,3,False
AMB_RS02865,,CONFIDENT_NONESSENTIAL,non-essential,3,N_score|N_pangenome_some|N_redundancy,0,0.2027870435321597,0.8435568544012538,0.0,5.0,342,0,68.21,2,3,True
AMB_RS02870,,CONFIDENT_NONESSENTIAL,non-essential,1,N_score,0,0.129559782625074,0.8963135103538455,0.0,2.0,566,1,66.48,3,3,True
AMB_RS02875,,CONFIDENT_NONESSENTIAL,non-essential,2,N_score|N_redundancy,1,0.3415746960208998,0.7032718183786784,0.1891891891891892,4.0,401,0,64.98,3,3,True
AMB_RS02910,,UNRESOLVED,unknown,0,E_cons_core,1,0.8673241145298536,0.11609508224621243,0.6296296296296297,0.0,102,0,59.61,3,3,False
AMB_RS02915,,CONFIDENT_NONESSENTIAL,non-essential,2,E_geometry|N_score|N_pangenome_some,0,0.2592582824845412,0.7797365401510672,0.0,0.0,132,1,59.16,2,3,False
AMB_RS02920,,CONFIDENT_NONESSENTIAL,non-essential,2,N_score|N_pangenome_some,0,0.0775658522454631,0.9426807198889886,0.0,0.0,819,1,57.74,1,3,False
AMB_RS02925,,CONFIDENT_NONESSENTIAL,non-essential,2,E_geometry|N_score|N_pangenome_some,0,0.2076155022309574,0.8107377140928904,0.0357142857142857,1.0,348,1,55.99,2,3,True
AMB_RS02940,,CONFIDENT_NONESSENTIAL,non-essential,2,N_score|N_pangenome_some,0,0.1663495162544885,0.8747817417067946,0.0,0.0,403,0,51.95,2,3,False
AMB_RS02945,,UNRESOLVED,unknown,0,E_cons_core|N_pangenome_some,0,0.9393205319809722,0.04510216262439024,0.8333333333333334,1.0,130,0,51.15,2,3,False
AMB_RS02950,,ROGUE_SUSPECT,unknown,0,N_score|P_rogue,0,0.2046848238956221,0.847814387280264,0.0,0.0,282,0,50.53,3,3,True
AMB_RS02965,,UNRESOLVED,unknown,0,E_cons_core,1,0.936273409537228,0.04237373711863216,0.972972972972973,2.0,461,0,48.08,3,3,False
AMB_RS02970,,UNRESOLVED,unknown,0,E_cons_core,1,0.926268239965714,0.05573145096419109,0.972972972972973,2.0,543,0,46.58,3,3,False
AMB_RS02980,,UNRESOLVED,unknown,0,E_cons_core,1,0.6598884913785869,0.35575391485217894,0.5142857142857142,1.0,436,0,44.13,3,3,False
AMB_RS02985,,UNRESOLVED,unknown,0,E_cons_core|F_core_redundant,1,0.8789024653128159,0.09609892751202123,0.7297297297297297,5.0,292,0,43.03,3,3,False
AMB_RS03000,,CONFIDENT_NONESSENTIAL,non-essential,2,N_score|N_pangenome_some,0,0.1028403550508587,0.9209914930160975,0.0,0.0,653,1,40.53,2,3,True
AMB_RS03005,,CONFIDENT_NONESSENTIAL,non-essential,2,E_geometry|N_score|N_pangenome_some,0,0.201637628065188,0.8021625471224522,0.0,0.0,257,1,39.1,1,3,False
AMB_RS03020,,CONFIDENT_NONESSENTIAL,non-essential,2,N_score|N_pangenome_some,0,0.224369358492897,0.7909217610635522,0.04,0.0,284,0,36.52,2,3,False
AMB_RS03025,,CONFIDENT_NONESSENTIAL,non-essential,2,E_geometry|N_score|N_pangenome_some,0,0.240730446487051,0.8364116766805495,0.0,0.0,175,1,35.4,1,3,False
AMB_RS03030,,CONFIDENT_NONESSENTIAL,non-essential,2,N_score|N_pangenome_some,0,0.1474890865386008,0.8619919654497495,0.0,0.0,437,1,34.5,1,3,False
AMB_RS03035,,UNRESOLVED,unknown,0,E_cons_core|E_geometry,1,0.9469507629944808,0.03660486257296234,0.972972972972973,0.0,339,1,33.03,3,3,True
AMB_RS03045,,UNRESOLVED,unknown,0,E_cons_core|E_geometry|F_core_redundant,1,0.7505888768172387,0.16452847581775404,0.5405405405405406,9.0,298,1,31.18,3,3,True
AMB_RS03050,,UNRESOLVED,unknown,0,E_cons_core,1,0.955007851142249,0.029252833111160392,1.0,0.0,311,0,30.14,3,3,False
AMB_RS03060,,ROGUE_SUSPECT,unknown,0,N_score|P_rogue,0,0.2508606368765463,0.7675888869176317,0.0625,0.0,257,0,28.37,3,3,False
AMB_RS03065,,UNRESOLVED,unknown,0,E_cons_core,1,0.910185557261964,0.051928085021697656,0.8666666666666667,0.0,358,0,27.45,3,3,False
AMB_RS03070,,UNRESOLVED,unknown,0,E_cons_core,1,0.9452631118297128,0.034530404866056394,0.9393939393939394,0.0,270,0,26.39,3,3,False
AMB_RS03075,,UNRESOLVED,unknown,0,E_cons_core|F_core_redundant,1,0.9214012251982604,0.06540044893515506,0.8333333333333334,11.0,329,0,25.49,3,3,True
AMB_RS03080,,CONFIDENT_NONESSENTIAL,non-essential,2,N_score|N_pangenome_some,0,0.179425742946255,0.8241265713803986,0.0,0.0,314,0,24.46,2,3,False
AMB_RS03085,,CONFIDENT_NONESSENTIAL,non-essential,1,E_geometry|N_score,0,0.2534248311595978,0.7283214531837857,0.1142857142857142,0.0,346,1,23.38,3,3,True
AMB_RS03090,,CONFIDENT_NONESSENTIAL,non-essential,1,E_geometry|N_score,0,0.2918250288480385,0.6802047305080612,0.1714285714285714,0.0,376,1,22.17,3,3,True
AMB_RS03095,,UNRESOLVED,unknown,0,E_cons_core|E_geometry|N_pangenome_some,0,0.963214295769713,0.014515180850038436,1.0,0.0,168,1,21.25,2,3,False
AMB_RS03105,,UNRESOLVED,unknown,0,E_cons_core|N_pangenome_some,0,0.9651130926243452,0.02119768164295502,1.0,0.0,171,0,20.1,2,3,False
AMB_RS03110,,CONFIDENT_NONESSENTIAL,non-essential,2,N_score|N_pangenome_some,0,0.1714353100782293,0.8512016690746194,0.0,0.0,345,0,19.21,1,3,False
AMB_RS03115,,UNRESOLVED,unknown,0,E_cons_core|N_pangenome_some,1,0.884027161121937,0.08759236355967873,0.7586206896551724,0.0,265,0,18.16,2,3,False
AMB_RS03120,,UNRESOLVED,unknown,0,E_cons_core,1,0.9312473628153743,0.040752040668207146,0.875,0.0,231,0,17.42,3,3,False
AMB_RS03130,,CONFIDENT_NONESSENTIAL,non-essential,2,N_score|N_pangenome_some,0,0.177010978533832,0.8288005214111167,0.0,0.0,315,0,15.81,1,3,False
AMB_RS03135,,UNRESOLVED,unknown,0,E_cons_core|N_pangenome_some,0,0.572102261446947,0.4311455935676483,0.5909090909090909,0.0,742,1,13.97,1,3,False
AMB_RS03140,,UNRESOLVED,unknown,0,E_cons_core|E_geometry|N_pangenome_some,1,0.944938152335743,0.043180227021111094,1.0,0.0,407,1,12.14,2,3,False
AMB_RS03145,,CONFIDENT_NONESSENTIAL,non-essential,1,N_score,0,0.2881344737447165,0.7616579893275075,0.1034482758620689,0.0,251,0,10.8,3,3,True
AMB_RS03150,,CONFIDENT_NONESSENTIAL,non-essential,2,N_score|N_pangenome_strong,1,0.2438490636250335,0.7481138535868077,0.0,0.0,111,0,10.26,0,3,False
AMB_RS03160,,CONFIDENT_NONESSENTIAL,non-essential,2,N_score|N_pangenome_some,0,0.291338009735222,0.6511584490502569,0.0625,0.0,118,0,9.66,2,3,False
AMB_RS03165,,ROGUE_SUSPECT,unknown,0,E_geometry|N_score|P_rogue,0,0.3014293064969134,0.7285927991946873,0.0689655172413793,0.0,134,1,9.08,3,3,False
AMB_RS03170,,ROGUE_SUSPECT,unknown,0,E_geometry|N_score|P_rogue,0,0.2680588772444443,0.7631779584940298,0.0344827586206896,0.0,137,1,8.63,3,3,False
AMB_RS03175,,UNRESOLVED,unknown,0,E_geometry,0,0.6528633748131695,0.34121639658070324,0.3793103448275862,0.0,104,1,8.24,3,3,False
AMB_RS03180,,UNRESOLVED,unknown,0,E_geometry,0,0.6270225313515431,0.3987765514312648,0.3448275862068966,0.0,90,1,7.94,3,3,False
AMB_RS03185,,ROGUE_SUSPECT,unknown,0,E_geometry|N_score|P_rogue,0,0.223413064120679,0.8130484612713431,0.0344827586206896,0.0,255,1,7.42,3,3,True
AMB_RS03190,,ROGUE_SUSPECT,unknown,0,E_geometry|N_score|P_rogue,0,0.1903063296628938,0.852353701116245,0.0344827586206896,0.0,356,1,6.5,3,3,True
AMB_RS03195,,CONFIDENT_NONESSENTIAL,non-essential,3,E_cons_core|N_score|N_pangenome_some|N_mobile,0,0.4285138902449034,0.5289583062232951,0.5,0.0,797,1,4.79,2,3,False
AMB_RS03205,,CONFIDENT_NONESSENTIAL,non-essential,2,E_geometry|N_score|N_mobile,0,0.3237837421317939,0.6904952860144379,0.2,0.0,360,1,0.0,3,3,True
AMB_RS03210,,CONFIDENT_NONESSENTIAL,non-essential,2,E_geometry|N_score|N_mobile,0,0.1691639635874072,0.8280965444822856,0.0285714285714285,1.0,394,1,1.57,3,3,False
AMB_RS03215,,CONFIDENT_NONESSENTIAL,non-essential,3,N_score|N_pangenome_some|N_mobile,0,0.1662718560364237,0.8567408923210836,0.0,0.0,348,0,2.78,1,3,False
AMB_RS03220,,CONFIDENT_NONESSENTIAL,non-essential,3,E_cons_core|N_score|N_pangenome_some|N_mobile,0,0.4167266940125598,0.5622613385267994,0.5,0.0,827,0,4.57,2,3,False
AMB_RS03225,,CONFIDENT_NONESSENTIAL,non-essential,2,E_geometry|N_score|N_pangenome_some,1,0.3704164233862099,0.6425027326492787,0.1666666666666666,0.0,193,1,6.21,1,3,False
AMB_RS03230,,CONFIDENT_NONESSENTIAL,non-essential,2,N_score|N_pangenome_some,0,0.2371475613340109,0.8059071725151958,0.0,0.0,145,0,7.01,1,3,False
AMB_RS03235,,ROGUE_SUSPECT,unknown,0,N_score|N_long_lagging|P_rogue|P_conditional,0,0.1795583523101043,0.8454913571575614,0.064516129032258,0.0,451,0,7.91,3,3,True
AMB_RS03240,,UNRESOLVED,unknown,0,E_cons_core|E_geometry|F_core_redundant,1,0.90078681482992,0.07850065989308151,0.7428571428571429,12.0,239,1,9.03,3,3,True
AMB_RS03245,,UNRESOLVED,unknown,0,E_cons_core,1,0.908599817539086,0.06594754040711316,0.9333333333333332,0.0,514,0,10.36,3,3,False
AMB_RS03250,,UNRESOLVED,unknown,0,E_cons_core,1,0.9469758598611858,0.03402784426310039,0.9411764705882352,1.0,253,0,10.84,3,3,True
AMB_RS03255,,ROGUE_SUSPECT,unknown,0,E_geometry|N_score|P_rogue,0,0.1820510684318351,0.7963298790194533,0.0,0.0,280,1,9.98,3,3,False
AMB_RS03265,,UNRESOLVED,unknown,0,E_cons_core|E_geometry|F_core_redundant,1,0.790659790360559,0.15932450479675617,0.5757575757575758,9.0,259,1,8.77,3,3,False
AMB_RS03270,,CONFIDENT_ESSENTIAL,essential,3,E_score|E_cons_core|E_geometry,1,0.9690710095585562,0.01664386465625355,1.0,0.0,91,1,8.13,3,3,True
AMB_RS03275,,UNRESOLVED,unknown,0,E_cons_core,1,0.9355214479393764,0.040567977030305805,1.0,0.0,467,1,6.79,3,3,False
AMB_RS03280,,UNRESOLVED,unknown,0,E_cons_core|E_geometry,1,0.9384087426745,0.03526550709888442,0.9714285714285714,0.0,373,1,5.43,3,3,True
AMB_RS03285,,CONFIDENT_NONESSENTIAL,non-essential,3,E_geometry|N_score|N_pangenome_some|N_mobile,1,0.1464069189833839,0.8262722075362403,0.0,0.0,395,1,4.28,2,3,False
AMB_RS03290,,UNRESOLVED,unknown,0,E_cons_core|N_mobile,1,0.8754533157979626,0.08957581019036813,1.0,0.0,817,1,2.46,3,3,False
AMB_RS03345,,CONFIDENT_NONESSENTIAL,non-essential,3,N_score|N_pangenome_strong|N_mobile,0,0.0267137213161259,0.9871861158464356,0.0,0.0,1331,1,2.74,0,3,False
AMB_RS03350,,UNRESOLVED,unknown,0,E_cons_core|N_mobile|F_core_redundant,1,0.9004566613667562,0.09545117281761141,0.7428571428571429,12.0,251,0,3.59,3,3,True
AMB_RS03365,,CONFIDENT_NONESSENTIAL,non-essential,3,E_geometry|N_score|N_redundancy|N_mobile,0,0.2256924534263736,0.8421085964721171,0.037037037037037,6.0,311,1,0.0,3,3,True
AMB_RS03390,,CONFIDENT_NONESSENTIAL,non-essential,2,E_geometry|N_score|N_pangenome_strong,0,0.2655196229770752,0.8018611563274747,0.0,0.0,79,1,6.49,0,3,True
AMB_RS03395,,UNRESOLVED,unknown,0,E_cons_core|N_pangenome_some,1,0.7694666311743079,0.22452517423438514,0.5,0.0,96,0,6.76,1,3,False
AMB_RS03400,,CONFIDENT_NONESSENTIAL,non-essential,2,N_score|N_pangenome_some,0,0.3713227308414625,0.7158700404970422,0.1111111111111111,0.0,93,0,7.05,1,3,False
AMB_RS03405,,UNRESOLVED,unknown,0,E_cons_core|F_core_redundant,1,0.7542040291363277,0.23161728648418398,0.5405405405405406,9.0,298,0,8.05,3,3,True
AMB_RS03410,,UNRESOLVED,unknown,0,E_cons_core,1,0.879626095939199,0.08856094532321349,0.7777777777777778,0.0,317,0,9.05,3,3,False
AMB_RS03415,,CONFIDENT_NONESSENTIAL,non-essential,1,N_score,1,0.3922173261778859,0.6374013696023824,0.1891891891891892,0.0,208,0,9.94,3,3,True
AMB_RS03420,,UNRESOLVED,unknown,0,E_geometry,1,0.6789786748874429,0.2542028892983627,0.4411764705882353,0.0,167,1,10.77,3,3,False
AMB_RS03460,,CONFIDENT_NONESSENTIAL,non-essential,1,N_score,0,0.4088669749424437,0.5563714723058305,0.25,0.0,298,0,16.95,3,3,False
AMB_RS03470,,UNRESOLVED,unknown,0,E_cons_core|F_core_redundant,1,0.7919013256835314,0.14642792216805375,0.5757575757575758,9.0,261,0,19.93,3,3,False
AMB_RS03475,,ROGUE_SUSPECT,unknown,0,N_score|N_long_lagging|P_rogue|P_conditional,0,0.1656993768587333,0.8777947684556429,0.0714285714285714,0.0,536,0,21.13,3,3,False
AMB_RS03480,,CONFIDENT_NONESSENTIAL,non-essential,2,N_score|N_redundancy,0,0.2138870715382681,0.8269698579462063,0.0606060606060606,4.0,390,0,22.67,3,3,True
AMB_RS03485,,CONFIDENT_NONESSENTIAL,non-essential,1,N_score,0,0.2673720925049655,0.7046296386171853,0.1081081081081081,2.0,313,0,23.8,3,3,True
AMB_RS03495,,CONFIDENT_NONESSENTIAL,non-essential,2,E_geometry|N_score|N_pangenome_some,0,0.1611986715188345,0.8337729478531577,0.0,1.0,379,1,25.42,2,3,False
AMB_RS03500,,ROGUE_SUSPECT,unknown,0,E_geometry|N_score|P_rogue,0,0.1559316940197095,0.8248451065820037,0.0,0.0,384,1,26.59,3,3,False
AMB_RS03505,,UNRESOLVED,unknown,0,E_cons_core,1,0.5913694878423583,0.38459970404653265,0.6756756756756757,0.0,897,1,28.54,3,3,False
AMB_RS03510,,CONFIDENT_NONESSENTIAL,non-essential,2,N_score|N_pangenome_some,0,0.1273892757861457,0.9020133116094947,0.0,0.0,529,1,31.14,1,3,False
AMB_RS03565,,CONFIDENT_NONESSENTIAL,non-essential,2,N_score|N_redundancy,1,0.3349554805515801,0.6865394169568323,0.1891891891891892,4.0,387,0,42.39,3,3,True
AMB_RS03570,,UNRESOLVED,unknown,0,E_cons_core|E_geometry,1,0.7981059170974368,0.1879602366896369,0.5277777777777778,1.0,113,1,43.38,3,3,False
AMB_RS03575,,UNRESOLVED,unknown,0,E_cons_core,1,0.8313978472273779,0.14872210975245004,0.7428571428571429,0.0,471,1,44.33,3,3,False
AMB_RS03585,,UNRESOLVED,unknown,0,E_cons_core,1,0.9005876705325231,0.08628907470750703,0.967741935483871,0.0,680,0,46.4,3,3,False
AMB_RS03590,,UNRESOLVED,unknown,0,E_cons_core,1,0.9204416449618952,0.057755911577541896,1.0,0.0,624,0,48.44,3,3,False
AMB_RS03595,,UNRESOLVED,unknown,0,,0,0.5236722679485889,0.5072930776411214,0.2631578947368421,0.0,153,0,49.77,3,3,False
AMB_RS03600,,UNRESOLVED,unknown,0,E_cons_core|E_geometry,1,0.8397220438415574,0.11236808840022545,0.7297297297297297,0.0,402,1,50.93,3,3,False
AMB_RS03605,,UNRESOLVED,unknown,0,E_cons_core,1,0.5133814493349912,0.5209793258058789,0.6756756756756757,0.0,1086,1,53.22,3,3,False
AMB_RS03610,,UNRESOLVED,unknown,0,E_geometry,0,0.6180100121580904,0.3391329604278136,0.3529411764705882,1.0,158,1,55.1,3,3,False
AMB_RS03615,,CONFIDENT_NONESSENTIAL,non-essential,2,E_geometry|N_score|N_pangenome_some,0,0.3966166258747066,0.5588682247433352,0.1538461538461538,0.0,141,1,55.56,1,3,True
AMB_RS03620,,CONFIDENT_NONESSENTIAL,non-essential,1,E_geometry|N_pangenome_strong,0,0.5160380506546411,0.4166300531276856,0.3333333333333333,0.0,301,1,56.22,0,3,False
AMB_RS03635,,CONFIDENT_NONESSENTIAL,non-essential,2,N_score|N_pangenome_some,0,0.0922511138477951,0.9217351667103254,0.0,1.0,730,1,61.16,2,3,True
AMB_RS03640,,CONFIDENT_NONESSENTIAL,non-essential,2,N_score|N_redundancy,1,0.1851225731121349,0.8311174546703056,0.0,4.0,369,0,62.78,3,3,True
AMB_RS03645,,UNRESOLVED,unknown,0,E_cons_core|F_core_redundant,1,0.8072193428588975,0.14529290582996948,0.5757575757575758,9.0,261,0,63.86,3,3,False
AMB_RS03650,,CONFIDENT_NONESSENTIAL,non-essential,2,N_score|N_pangenome_some,0,0.1024020181704467,0.919475885325,0.0,0.0,676,1,65.46,2,3,False
AMB_RS03660,,CONFIDENT_NONESSENTIAL,non-essential,2,N_score|N_pangenome_some,1,0.1853697426904929,0.8333967812845592,0.0,1.0,349,0,67.47,2,3,False
AMB_RS03665,,CONFIDENT_NONESSENTIAL,non-essential,2,N_score|N_pangenome_some,1,0.1868153767166533,0.8044793077720128,0.0,0.0,325,0,68.48,2,3,False
AMB_RS03675,,CONFIDENT_NONESSENTIAL,non-essential,2,E_geometry|N_score|N_pangenome_some,0,0.1882114771637854,0.8518785771781093,0.0,0.0,343,1,70.05,2,3,True
AMB_RS03680,,UNRESOLVED,unknown,0,E_geometry|N_redundancy,1,0.588484772456794,0.35476018025806655,0.4117647058823529,6.0,399,1,71.16,3,3,False
AMB_RS03690,,CONFIDENT_NONESSENTIAL,non-essential,2,N_score|N_pangenome_strong,0,0.2164727350765959,0.8114611923630219,0.0,0.0,256,0,73.01,0,3,False
AMB_RS03695,,CONDITIONAL_SUSPECT,unknown,0,N_score|N_long_lagging|P_conditional,0,0.1136037310668611,0.9244049120699731,0.05,1.0,761,0,74.63,3,3,True
AMB_RS03705,,UNRESOLVED,unknown,0,E_cons_core|E_geometry,1,0.9493854400728589,0.029617886135636918,0.9142857142857144,0.0,214,1,76.5,3,3,True
AMB_RS03710,,CONFIDENT_NONESSENTIAL,non-essential,3,N_score|N_pangenome_strong|N_long_lagging,0,0.1457864824574224,0.8672651068445205,0.0,0.0,486,0,77.54,0,3,False
AMB_RS03725,,UNRESOLVED,unknown,0,E_cons_core,0,0.7400782890512593,0.21897943590652286,0.7428571428571429,0.0,762,1,81.29,3,3,False
AMB_RS03730,,ROGUE_SUSPECT,unknown,0,E_geometry|N_score|P_rogue,0,0.202077014091968,0.8128552683533988,0.0,0.0,300,1,82.95,3,3,False
AMB_RS03745,,CONFIDENT_NONESSENTIAL,non-essential,2,E_geometry|N_score|N_pangenome_some,0,0.2557021017931063,0.7758976563941453,0.0,0.0,164,1,87.93,1,3,False
AMB_RS03750,,CONFIDENT_NONESSENTIAL,non-essential,2,E_geometry|N_score|N_pangenome_some,1,0.3374949323508681,0.6815550951166384,0.1,2.0,208,1,88.6,2,3,False
AMB_RS03760,,UNRESOLVED,unknown,0,E_cons_core,1,0.9130564502703842,0.06452466222962858,0.9142857142857144,0.0,519,1,90.32,3,3,False
AMB_RS03785,,UNRESOLVED,unknown,0,E_cons_core|E_geometry|N_pangenome_some,0,0.94301094912976,0.04228399027111903,0.8333333333333334,1.0,135,1,93.75,2,3,False
AMB_RS03790,,CONFIDENT_NONESSENTIAL,non-essential,3,N_score|N_pangenome_some|N_long_lagging,0,0.1226197526806557,0.8985002574069092,0.0,0.0,604,0,94.86,2,3,False
AMB_RS03800,,CONFIDENT_NONESSENTIAL,non-essential,2,N_score|N_pangenome_some,0,0.4640639672896345,0.5455979897323875,0.25,1.0,284,0,97.36,2,3,False
AMB_RS03810,,CONFIDENT_NONESSENTIAL,non-essential,2,N_score|N_pangenome_some,0,0.1746991199102758,0.855120413438011,0.0,0.0,410,0,98.87,2,3,False
AMB_RS03820,,CONFIDENT_ESSENTIAL,essential,2,E_score|E_cons_core|F_core_redundant,1,0.9703644621508968,0.015900063832425534,1.0,12.0,254,0,100.45,3,3,True
AMB_RS03825,,CONFIDENT_NONESSENTIAL,non-essential,2,N_score|N_pangenome_some,0,0.2795333393366425,0.7697184537981754,0.0,0.0,125,0,101.02,1,3,False
AMB_RS03835,,CONFIDENT_NONESSENTIAL,non-essential,1,E_geometry|N_score,0,0.3057895339776502,0.6719889819437791,0.1176470588235294,0.0,300,1,102.2,3,3,True
AMB_RS03840,,CONFIDENT_ESSENTIAL,essential,3,E_score|E_cons_core|E_geometry,1,0.9668837722970808,0.018934889075018512,1.0,0.0,215,1,102.98,3,3,True
AMB_RS03845,,CONFIDENT_NONESSENTIAL,non-essential,1,N_score,0,0.1850457288184681,0.8446783116232915,0.0,3.0,405,0,103.93,3,3,True
AMB_RS03850,,CONFIDENT_NONESSENTIAL,non-essential,2,N_score|N_pangenome_some,0,0.3787263201110613,0.6005463246668222,0.1538461538461538,0.0,230,0,105.19,2,3,True
AMB_RS03855,,UNRESOLVED,unknown,0,N_pangenome_some,0,0.5345708593428353,0.4958901685007311,0.25,0.0,154,0,105.83,2,3,False
AMB_RS03860,,UNRESOLVED,unknown,0,N_redundancy,0,0.6320133099954113,0.3577516148213881,0.4,5.0,324,0,106.65,3,3,False
AMB_RS03875,,CONFIDENT_NONESSENTIAL,non-essential,2,E_geometry|N_score|N_pangenome_some,0,0.3094134108232074,0.7161845051106135,0.0526315789473684,0.0,169,1,108.73,2,3,False
AMB_RS03885,,CONFIDENT_NONESSENTIAL,non-essential,2,E_geometry|N_score|N_pangenome_some,0,0.257822026905297,0.7345951979386953,0.0,0.0,165,1,110.11,1,3,False
AMB_RS03890,,UNRESOLVED,unknown,0,E_cons_core|E_geometry|N_pangenome_some,0,0.7024346091008179,0.2849246247608936,0.5,0.0,353,1,110.89,1,3,False
AMB_RS03905,,UNRESOLVED,unknown,0,E_cons_core,0,0.9010630446459152,0.07966686987103343,0.7058823529411765,0.0,155,0,113.42,3,3,False
AMB_RS03910,,UNRESOLVED,unknown,0,E_cons_core,1,0.8766704687150217,0.10802786753115598,0.7272727272727273,0.0,327,0,114.14,3,3,False
AMB_RS03915,,UNRESOLVED,unknown,0,E_cons_core|N_pangenome_some,1,0.9496872585347684,0.033155751322273476,0.9428571428571428,0.0,319,0,115.33,2,3,True
AMB_RS03920,,CONFIDENT_NONESSENTIAL,non-essential,2,E_geometry|N_score|N_pangenome_some,0,0.2631733909277703,0.7971866507222676,0.0,0.0,182,1,116.19,1,3,False
AMB_RS03925,,ROGUE_SUSPECT,unknown,0,E_geometry|N_score|P_rogue,0,0.2348580837270679,0.7885601818108293,0.0588235294117647,0.0,372,1,117.37,3,3,False
AMB_RS03930,,CONFIDENT_NONESSENTIAL,non-essential,1,E_geometry|N_score,0,0.3974532542392505,0.6209455460927947,0.1142857142857142,0.0,126,1,118.13,3,3,True
AMB_RS03935,,CONFIDENT_NONESSENTIAL,non-essential,2,N_score|N_pangenome_some,0,0.1670498962440972,0.8568747522046604,0.0,0.0,450,1,119.0,1,3,False
AMB_RS03940,,CONFIDENT_NONESSENTIAL,non-essential,2,N_score|N_pangenome_some,0,0.1545994314489628,0.8757360897755598,0.0,0.0,500,1,120.42,1,3,False
AMB_RS03945,,CONFIDENT_NONESSENTIAL,non-essential,2,N_score|N_pangenome_some,0,0.1440548155987429,0.899996362993473,0.0,1.0,560,1,122.14,1,3,False
AMB_RS03950,,UNRESOLVED,unknown,0,E_cons_core|E_geometry,1,0.9568869650103006,0.027594757686185314,0.9696969696969696,0.0,305,1,123.48,3,3,False
AMB_RS03955,,CONFIDENT_NONESSENTIAL,non-essential,2,E_geometry|N_score|N_pangenome_some,0,0.2418382389441477,0.7603749117208377,0.0,0.0,222,1,124.27,2,3,False
AMB_RS03960,,CONFIDENT_NONESSENTIAL,non-essential,2,N_score|N_pangenome_some,0,0.2312781134985021,0.8083075557653361,0.0,0.0,267,0,125.13,1,3,False
AMB_RS03965,,CONFIDENT_NONESSENTIAL,non-essential,2,N_score|N_pangenome_some,0,0.289096277349452,0.741018889782587,0.0588235294117647,0.0,248,0,125.89,2,3,False
AMB_RS03970,,CONFIDENT_NONESSENTIAL,non-essential,3,N_score|N_pangenome_some|N_long_lagging,0,0.183976031487884,0.8755410266206152,0.0,0.0,421,0,126.89,1,3,False
AMB_RS03980,,CONFIDENT_NONESSENTIAL,non-essential,2,E_geometry|N_score|N_pangenome_some,0,0.2369006255426401,0.8044933105846025,0.0,1.0,263,1,129.34,2,3,False
AMB_RS03985,,UNRESOLVED,unknown,0,E_cons_core|N_pangenome_some,1,0.8877624303102369,0.08199957905154345,0.8235294117647058,0.0,489,1,130.53,1,3,False
AMB_RS03990,,CONFIDENT_NONESSENTIAL,non-essential,2,E_geometry|N_score|N_pangenome_some,0,0.2732253652562471,0.7407731740394564,0.0,0.0,154,1,131.5,1,3,False
AMB_RS03995,,CONFIDENT_NONESSENTIAL,non-essential,2,E_geometry|N_score|N_pangenome_some,0,0.1968933465622064,0.8190335361267644,0.0,0.0,361,1,132.27,2,3,False
AMB_RS04015,,CONFIDENT_NONESSENTIAL,non-essential,2,N_score|N_pangenome_some,1,0.1295656407997465,0.9123800943705982,0.0,0.0,618,1,128.82,2,3,True
AMB_RS04025,,UNRESOLVED,unknown,0,E_cons_core|E_geometry|F_core_redundant,1,0.8449671433868016,0.11332438191016604,0.6,4.0,202,1,126.94,3,3,False
AMB_RS04030,,CONFIDENT_NONESSENTIAL,non-essential,2,E_geometry|N_score|N_pangenome_some,0,0.2708653578675398,0.7031713527230323,0.0,0.0,142,1,126.42,2,3,False
AMB_RS04040,,CONFIDENT_NONESSENTIAL,non-essential,2,E_geometry|N_score|N_redundancy,0,0.486451309429052,0.5492822528026421,0.2162162162162162,4.0,222,1,125.4,3,3,False
AMB_RS04045,,CONFIDENT_NONESSENTIAL,non-essential,2,N_score|N_pangenome_some,0,0.1614367206378401,0.8892958981501813,0.0,1.0,499,1,124.22,1,3,True
AMB_RS04050,,CONFIDENT_NONESSENTIAL,non-essential,2,N_score|N_pangenome_strong,0,0.1311073454041876,0.9210016668059632,0.0,0.0,614,1,122.52,0,3,False
AMB_RS04055,,CONFIDENT_NONESSENTIAL,non-essential,2,E_geometry|N_score|N_pangenome_strong,0,0.1943743414970567,0.8700143933073086,0.0,1.0,391,1,120.94,0,3,True
AMB_RS04075,,CONFIDENT_NONESSENTIAL,non-essential,2,E_geometry|N_score|N_pangenome_some,1,0.2192407310986021,0.8493359117138769,0.0,1.0,312,1,115.24,1,3,False
AMB_RS04080,,UNRESOLVED,unknown,0,E_cons_core|E_geometry|F_core_redundant,1,0.8977727700363252,0.061655578733974474,0.7297297297297297,5.0,245,1,114.39,3,3,False
AMB_RS04085,,UNRESOLVED,unknown,0,E_cons_core|F_core_redundant,1,0.9342427580573412,0.05379085428600909,0.8333333333333334,11.0,316,0,113.5,3,3,True
AMB_RS04090,,CONFIDENT_NONESSENTIAL,non-essential,1,N_score,0,0.2315506474287513,0.7826093694258076,0.0689655172413793,2.0,413,0,112.35,3,3,True
AMB_RS04095,,UNRESOLVED,unknown,0,N_pangenome_some,0,0.5185191400287779,0.4602661339823672,0.2916666666666667,0.0,268,0,111.21,1,3,True
AMB_RS04100,,CONFIDENT_NONESSENTIAL,non-essential,2,N_score|N_pangenome_some,0,0.4346215114705305,0.5882710403625144,0.2142857142857142,0.0,269,0,110.27,1,3,True
AMB_RS04105,,UNRESOLVED,unknown,0,E_cons_core|N_pangenome_some,0,0.8522996850334977,0.15719887428657667,0.5882352941176471,0.0,130,0,109.67,1,3,False
AMB_RS04110,,CONFIDENT_NONESSENTIAL,non-essential,2,N_score|N_pangenome_strong,0,0.2234295598288466,0.8464004835026011,0.0,0.0,288,0,108.91,0,3,False
AMB_RS04115,,CONDITIONAL_SUSPECT,unknown,0,N_score|N_redundancy|N_long_lagging|P_conditional,0,0.2968512787314613,0.7671701284046424,0.1621621621621621,4.0,486,0,107.56,3,3,True
AMB_RS04120,,CONFIDENT_NONESSENTIAL,non-essential,1,N_score,0,0.3658526102369426,0.664027558148993,0.1388888888888889,2.0,255,0,106.44,3,3,True
AMB_RS04125,,CONFIDENT_NONESSENTIAL,non-essential,2,N_score|N_pangenome_strong,0,0.2215825741017053,0.7757086173880571,0.0,0.0,259,0,105.67,0,3,False
AMB_RS04130,,CONFIDENT_NONESSENTIAL,non-essential,3,N_score|N_pangenome_strong|N_long_lagging,0,0.1704373282705904,0.8823133693089323,0.0,0.0,443,0,104.6,0,3,False
AMB_RS04135,,CONFIDENT_ESSENTIAL,essential,2,E_score|E_cons_core|N_pangenome_strong,1,0.9697012016193362,0.01861283019850523,1.0,0.0,178,0,103.67,0,3,False
AMB_RS04140,,CONFIDENT_NONESSENTIAL,non-essential,1,N_score,0,0.233110020981917,0.7979577321282737,0.04,3.0,351,0,102.84,3,3,True
AMB_RS04145,,UNRESOLVED,unknown,0,E_cons_core|E_geometry|F_core_redundant,1,0.822426687510798,0.17702025679084926,0.5428571428571428,4.0,154,1,101.89,3,3,False
AMB_RS04150,,UNRESOLVED,unknown,0,E_geometry,1,0.5866398749121224,0.349523500905968,0.4054054054054054,3.0,389,1,101.06,3,3,False
AMB_RS04155,,CONFIDENT_NONESSENTIAL,non-essential,1,N_pangenome_strong,1,0.7366210369149505,0.19318317320281875,0.45,0.0,131,0,100.16,0,3,False
AMB_RS04160,,CONDITIONAL_SUSPECT,unknown,0,N_score|N_redundancy|N_long_lagging|P_conditional,0,0.2842344281265122,0.7571951593109896,0.1621621621621621,4.0,500,0,99.22,3,3,True
AMB_RS04165,,UNRESOLVED,unknown,0,E_cons_core|E_geometry|F_core_redundant,1,0.8149752302708895,0.14557458573047785,0.5428571428571428,4.0,156,1,98.1,3,3,False
AMB_RS04175,,ROGUE_SUSPECT,unknown,0,N_score|P_rogue,0,0.2039349531690152,0.8463924573079251,0.0,0.0,324,0,95.97,3,3,False
AMB_RS04180,,ROGUE_SUSPECT,unknown,0,N_score|N_long_lagging|P_rogue|P_conditional,0,0.1530767048657222,0.8903236842470181,0.0,0.0,492,0,94.75,3,3,False
AMB_RS04185,,CONFIDENT_NONESSENTIAL,non-essential,2,N_score|N_pangenome_some,0,0.0477136704722455,0.9707263124549779,0.0,0.0,1109,1,92.16,2,3,True
AMB_RS04190,,ROGUE_SUSPECT,unknown,0,N_score|P_rogue,1,0.0804234459890547,0.9332160759382171,0.0,0.0,820,1,89.02,3,3,True
AMB_RS04195,,ROGUE_SUSPECT,unknown,0,E_geometry|N_score|P_rogue,1,0.2049545120904192,0.8022895707787832,0.0,0.0,292,1,87.35,3,3,True
AMB_RS04210,,ROGUE_SUSPECT,unknown,0,N_score|P_rogue,0,0.3291630862442949,0.7736185894741071,0.0666666666666666,0.0,161,0,83.93,3,3,False
AMB_RS04215,,CONFIDENT_NONESSENTIAL,non-essential,2,N_score|N_pangenome_some,0,0.3458846446152601,0.7435341691103586,0.0833333333333333,1.0,164,0,83.45,1,3,False
AMB_RS04220,,UNRESOLVED,unknown,0,E_cons_core|F_core_redundant,1,0.7704935496435115,0.15667114189482362,0.5405405405405406,9.0,297,0,82.67,3,3,True
AMB_RS04225,,CONFIDENT_NONESSENTIAL,non-essential,2,E_geometry|N_score|N_redundancy,0,0.3344886184833072,0.6101968750763291,0.1351351351351351,6.0,297,1,81.68,3,3,True
AMB_RS04230,,UNRESOLVED,unknown,0,E_geometry,0,0.5193526174341934,0.456748944892704,0.2432432432432432,2.0,146,1,80.99,3,3,False
AMB_RS04245,,UNRESOLVED,unknown,0,E_geometry,0,0.7148346577343546,0.28184848780226956,0.4230769230769231,2.0,145,1,79.54,3,3,False
AMB_RS04250,,UNRESOLVED,unknown,0,E_cons_core|E_geometry,1,0.9558991824897533,0.023557561482450043,1.0,0.0,330,1,78.72,3,3,True
AMB_RS04260,,UNRESOLVED,unknown,0,E_cons_core|E_geometry,1,0.9593868312086608,0.026523024328756938,0.9428571428571428,0.0,173,1,75.11,3,3,True
AMB_RS04265,,CONFIDENT_NONESSENTIAL,non-essential,2,E_geometry|N_score|N_pangenome_some,1,0.2346439308592075,0.7693592656950938,0.0,0.0,196,1,74.55,1,3,False
AMB_RS04270,,CONFIDENT_NONESSENTIAL,non-essential,1,N_score,0,0.206245557357731,0.7946362302934078,0.08,2.0,466,1,73.48,3,3,True
AMB_RS04275,,CONFIDENT_NONESSENTIAL,non-essential,1,N_score,0,0.218171004685376,0.7889718110253725,0.08,2.0,433,1,72.02,3,3,True
AMB_RS04280,,CONFIDENT_NONESSENTIAL,non-essential,2,N_score|N_pangenome_some,0,0.3208193524118487,0.7748921675996783,0.0769230769230769,0.0,188,0,71.05,2,3,False
AMB_RS04290,,CONFIDENT_NONESSENTIAL,non-essential,2,E_geometry|N_score|N_pangenome_some,1,0.1749086329146528,0.8309451777240419,0.0,0.0,369,1,69.7,1,3,False
AMB_RS04295,,CONFIDENT_NONESSENTIAL,non-essential,1,E_geometry|N_score,1,0.4452810605270411,0.539396170623985,0.2941176470588235,2.0,391,1,68.43,3,3,True
AMB_RS04300,,CONFIDENT_ESSENTIAL,essential,3,E_score|E_cons_core|E_geometry|F_core_redundant,1,0.9700532416970604,0.019805354825011882,1.0,12.0,241,1,67.34,3,3,True
AMB_RS04310,,CONDITIONAL_SUSPECT,unknown,0,N_score|N_long_lagging|P_conditional,0,0.1286640800824377,0.9002419579907597,0.0303030303030303,2.0,638,0,64.62,3,3,True
AMB_RS04320,,CONFIDENT_NONESSENTIAL,non-essential,2,E_geometry|N_score|N_pangenome_some,0,0.2164727168737986,0.7868919781544109,0.0,1.0,241,1,60.62,1,3,False
AMB_RS04325,,UNRESOLVED,unknown,0,E_geometry|N_redundancy,0,0.7494394112257771,0.21343899012253315,0.4864864864864865,6.0,203,1,59.95,3,3,False
AMB_RS04335,,UNRESOLVED,unknown,0,,1,0.6803978648599711,0.27700795482635004,0.3939393939393939,3.0,137,0,58.58,3,3,False
AMB_RS04340,,UNRESOLVED,unknown,0,E_cons_core|E_geometry|F_core_redundant,1,0.8031216448714413,0.14076841932471612,0.5757575757575758,9.0,262,1,57.91,3,3,False
AMB_RS04350,,CONFIDENT_NONESSENTIAL,non-essential,3,N_score|N_pangenome_strong|N_long_lagging,0,0.101165992342173,0.9289237927847382,0.0,0.0,683,0,56.12,0,3,True
AMB_RS04355,,UNRESOLVED,unknown,0,E_cons_core|N_pangenome_some,1,0.8337005753307813,0.1773263832128649,0.5714285714285714,0.0,110,0,54.74,1,3,False
AMB_RS04365,,ROGUE_SUSPECT,unknown,0,N_score|P_rogue,0,0.172344556754752,0.8372281708261061,0.0,0.0,366,0,53.48,3,3,False
AMB_RS04370,,UNRESOLVED,unknown,0,E_cons_core|E_geometry,1,0.943917732041724,0.03877315165617786,0.8333333333333334,0.0,76,1,52.66,3,3,False
AMB_RS04375,,CONFIDENT_NONESSENTIAL,non-essential,2,N_score|N_pangenome_some,1,0.2494237741612907,0.7550738662136077,0.04,0.0,227,0,52.21,2,3,False
AMB_RS04380,,CONFIDENT_NONESSENTIAL,non-essential,2,N_score|N_redundancy,0,0.3260169508449045,0.6646291179905328,0.1351351351351351,6.0,302,0,51.42,3,3,True
AMB_RS04385,,CONDITIONAL_SUSPECT,unknown,0,N_score|N_long_lagging|P_conditional,1,0.2608435736719583,0.7532845752804103,0.2162162162162162,2.0,605,0,49.91,3,3,True
AMB_RS04395,,CONFIDENT_NONESSENTIAL,non-essential,1,E_geometry|N_pangenome_strong,0,0.5749807428671677,0.392940303248641,0.3,0.0,115,1,48.12,0,3,False
AMB_RS04400,,CONFIDENT_NONESSENTIAL,non-essential,2,E_geometry|N_score|N_pangenome_some,0,0.2348864482391781,0.788564548494042,0.0,0.0,178,1,47.56,1,3,False
AMB_RS04405,,CONDITIONAL_SUSPECT,unknown,0,N_score|N_long_lagging|P_conditional,1,0.2753710161541587,0.7630642389030916,0.25,1.0,641,0,46.28,3,3,True
AMB_RS04410,,CONDITIONAL_SUSPECT,unknown,0,N_score|N_long_lagging|P_conditional,1,0.2809784970457044,0.7692725716677878,0.25,1.0,630,0,44.37,3,3,True
AMB_RS04415,,CONFIDENT_NONESSENTIAL,non-essential,2,N_score|N_pangenome_some,0,0.2981390189372294,0.7056656639565995,0.1034482758620689,0.0,241,0,43.0,2,3,False
AMB_RS04425,,CONFIDENT_NONESSENTIAL,non-essential,2,E_geometry|N_score|N_pangenome_some,0,0.3603851960323752,0.6037900656931638,0.1333333333333333,0.0,158,1,41.49,2,3,True
AMB_RS04430,,CONFIDENT_NONESSENTIAL,non-essential,2,N_score|N_pangenome_some,0,0.2510362860173273,0.787731601067578,0.0,0.0,137,0,41.02,1,3,False
AMB_RS04445,,UNRESOLVED,unknown,0,,1,0.6215923808662207,0.38612753753112555,0.34375,3.0,147,0,38.42,3,3,False
AMB_RS04455,,CONDITIONAL_SUSPECT,unknown,0,N_score|N_long_lagging|P_conditional,1,0.2789113387993255,0.7680176079731011,0.2162162162162162,2.0,560,0,36.3,3,3,True
AMB_RS04465,,ROGUE_SUSPECT,unknown,0,N_score|P_rogue,0,0.0957816893825633,0.9225257360748523,0.0285714285714285,0.0,743,1,33.77,3,3,False
AMB_RS04475,,CONFIDENT_NONESSENTIAL,non-essential,2,N_score|N_pangenome_some,0,0.1230900203811588,0.8720704930209661,0.0,0.0,525,1,31.14,1,3,False
AMB_RS04480,,CONFIDENT_NONESSENTIAL,non-essential,2,E_geometry|N_score|N_pangenome_some,0,0.2533827746668981,0.7099766171454419,0.0833333333333333,0.0,277,1,29.94,1,3,False
AMB_RS04485,,UNRESOLVED,unknown,0,E_cons_core|F_core_redundant,1,0.9661620905745418,0.017433624648017496,1.0,12.0,251,0,29.08,3,3,True
AMB_RS04490,,UNRESOLVED,unknown,0,E_geometry,1,0.6161447051603008,0.3342786811368373,0.34375,3.0,131,1,28.3,3,3,False
AMB_RS04500,,CONFIDENT_NONESSENTIAL,non-essential,2,E_geometry|N_score|N_pangenome_some,0,0.2079965400143214,0.800451288878331,0.0,0.0,228,1,26.69,1,3,False
AMB_RS04505,,ROGUE_SUSPECT,unknown,0,E_geometry|N_score|P_rogue,0,0.2723085067775261,0.7220653149422037,0.0625,0.0,191,1,26.01,3,3,False
AMB_RS04510,,CONFIDENT_NONESSENTIAL,non-essential,2,N_score|N_redundancy,1,0.2191033820505639,0.7945513783276863,0.0277777777777777,5.0,301,0,25.26,3,3,True
AMB_RS04515,,UNRESOLVED,unknown,0,E_cons_core|N_pangenome_some,1,0.9149815105471688,0.05136898347925358,0.8064516129032258,0.0,196,0,24.52,2,3,False
AMB_RS04525,,CONFIDENT_NONESSENTIAL,non-essential,2,E_geometry|N_score|N_pangenome_some,1,0.2120027024706327,0.7523442390469426,0.05,0.0,307,1,23.11,2,3,False
AMB_RS04530,,CONFIDENT_NONESSENTIAL,non-essential,2,N_score|N_pangenome_strong,1,0.1695132496404647,0.8234391343653967,0.0,0.0,339,0,22.01,0,3,False
AMB_RS04535,,CONFIDENT_NONESSENTIAL,non-essential,2,E_geometry|N_score|N_pangenome_some,0,0.1858312593355256,0.8366003060739536,0.0,2.0,313,1,20.99,2,3,False
AMB_RS04540,,CONFIDENT_NONESSENTIAL,non-essential,2,N_score|N_pangenome_some,0,0.0926481068847642,0.9288892234658458,0.0,0.0,688,1,19.47,2,3,False
AMB_RS04545,,CONFIDENT_NONESSENTIAL,non-essential,2,E_geometry|N_score|N_pangenome_some,1,0.2403603182937371,0.733978307902739,0.0,0.0,119,1,18.26,1,3,False
AMB_RS04550,,CONDITIONAL_SUSPECT,unknown,0,N_score|N_long_lagging|P_conditional,0,0.1529708725897627,0.8877420034634175,0.0,1.0,428,0,17.44,3,3,False
AMB_RS04555,,CONFIDENT_NONESSENTIAL,non-essential,1,N_score,0,0.2981663283587758,0.7463403630775591,0.1052631578947368,0.0,234,0,16.45,3,3,False
AMB_RS04560,,CONFIDENT_NONESSENTIAL,non-essential,1,N_score,0,0.212050017396245,0.8363158384082342,0.04,3.0,338,0,15.51,3,3,True
AMB_RS04565,,CONFIDENT_NONESSENTIAL,non-essential,2,N_score|N_pangenome_some,0,0.09605995970187,0.9175812299122023,0.0,0.0,656,1,13.91,1,3,True
AMB_RS04570,,UNRESOLVED,unknown,0,E_geometry|N_redundancy,1,0.7243056255432817,0.2307489181980432,0.4705882352941176,8.0,201,1,12.63,3,3,False
AMB_RS04575,,UNRESOLVED,unknown,0,E_geometry|N_redundancy,1,0.7142053822857011,0.22017837785594208,0.4705882352941176,8.0,217,1,11.9,3,3,False
AMB_RS04580,,CONFIDENT_NONESSENTIAL,non-essential,1,E_geometry|N_score,0,0.35107223328861,0.6338668482826628,0.1333333333333333,0.0,155,1,10.84,3,3,True
AMB_RS04595,,CONFIDENT_NONESSENTIAL,non-essential,2,E_geometry|N_score|N_pangenome_some,0,0.1979200084052982,0.8210167780479166,0.0,0.0,246,1,8.74,2,3,False
AMB_RS04600,,CONFIDENT_NONESSENTIAL,non-essential,3,N_score|N_pangenome_some|N_long_lagging,1,0.31117067045587,0.702042307164368,0.2307692307692307,0.0,463,0,7.41,2,3,False
AMB_RS04635,,CONFIDENT_NONESSENTIAL,non-essential,3,E_geometry|N_score|N_redundancy|N_mobile,0,0.2114061345197978,0.8524563218181259,0.037037037037037,6.0,350,1,0.0,3,3,True
AMB_RS23905,,CONFIDENT_NONESSENTIAL,non-essential,3,N_score|N_pangenome_some|N_mobile,0,0.2958589727378013,0.845343643997897,0.1,0.0,253,0,0.78,1,3,False
AMB_RS23915,,CONFIDENT_NONESSENTIAL,non-essential,3,E_geometry|N_score|N_pangenome_strong|N_mobile,0,0.2570677720493736,0.8049668945356198,0.0,0.0,94,1,2.56,0,3,False
AMB_RS04720,,UNRESOLVED,unknown,0,E_geometry|N_redundancy|N_mobile,1,0.7218821380184679,0.38573143181380876,0.4166666666666667,8.0,127,1,3.74,3,3,False
AMB_RS04725,,CONFIDENT_NONESSENTIAL,non-essential,2,N_score|N_mobile,0,0.4458182148563078,0.6462572657178736,0.2,2.0,154,0,4.24,3,3,False
AMB_RS04760,,CONFIDENT_ESSENTIAL,essential,3,E_score|E_cons_core|E_geometry|N_mobile|F_core_redundant,1,0.9694230307623306,0.022448037923406654,0.9714285714285714,7.0,93,1,0.82,3,3,True
AMB_RS04775,,UNRESOLVED,unknown,0,E_geometry|N_mobile,1,0.5033791065455412,0.49072112810140633,0.3243243243243243,2.0,286,1,0.0,3,3,False
AMB_RS04780,,CONFIDENT_NONESSENTIAL,non-essential,2,E_cons_core|E_geometry|N_pangenome_strong|N_mobile,0,0.9416819572333948,0.03211639603111723,1.0,0.0,400,1,0.0,0,3,False
AMB_RS04785,,CONFIDENT_NONESSENTIAL,non-essential,3,E_geometry|N_score|N_pangenome_some|N_mobile,0,0.4854133559592024,0.5362558085834181,0.25,0.0,147,1,0.0,1,3,False
AMB_RS04835,,CONFIDENT_NONESSENTIAL,non-essential,2,N_score|N_pangenome_strong,0,0.17189700037952,0.8765558191868662,0.0555555555555555,1.0,474,1,5.9,0,3,False
AMB_RS04860,,UNRESOLVED,unknown,0,E_cons_core|E_geometry|N_mobile,0,0.7885851908522953,0.15493557830302296,0.65,0.0,343,1,0.0,3,3,False
AMB_RS04915,,CONFIDENT_NONESSENTIAL,non-essential,2,N_score|N_pangenome_strong,0,0.1572114387080753,0.8747009236934652,0.0,0.0,390,0,8.57,0,3,False
AMB_RS04955,,CONFIDENT_NONESSENTIAL,non-essential,2,E_geometry|N_score|N_redundancy,1,0.2144656585644671,0.8325414272082478,0.0277777777777777,5.0,319,1,16.6,3,3,True
AMB_RS05005,,CONFIDENT_NONESSENTIAL,non-essential,2,E_geometry|N_score|N_pangenome_some,0,0.2329972896322086,0.7808509481650857,0.0555555555555555,2.0,298,1,25.5,2,3,True
AMB_RS05010,,CONFIDENT_NONESSENTIAL,non-essential,2,E_geometry|N_score|N_redundancy,1,0.2118252451775256,0.8203707090842918,0.0277777777777777,5.0,329,1,26.54,3,3,True
AMB_RS05070,,CONFIDENT_ESSENTIAL,essential,3,E_score|E_cons_core|E_geometry|F_core_redundant,1,0.9713241431668526,0.02180965376589229,0.9714285714285714,7.0,93,1,32.95,3,3,True
AMB_RS05075,,UNRESOLVED,unknown,0,E_cons_core|E_geometry|N_pangenome_some,0,0.9124505298246708,0.08049913085021103,0.75,2.0,138,1,32.61,2,3,False
AMB_RS05120,,CONFIDENT_NONESSENTIAL,non-essential,3,N_score|N_pangenome_strong|N_long_lagging,0,0.1245172557333971,0.9162505807859538,0.0,0.0,543,0,21.64,0,3,False
AMB_RS05165,,CONFIDENT_NONESSENTIAL,non-essential,2,E_geometry|N_score|N_redundancy,1,0.2180950904286277,0.8084379397205018,0.0277777777777777,5.0,297,1,14.02,3,3,True
AMB_RS05175,,UNRESOLVED,unknown,0,E_cons_core,1,0.9172759479644006,0.07041010815625251,0.7714285714285715,3.0,142,0,12.91,3,3,False
AMB_RS05180,,UNRESOLVED,unknown,0,,0,0.5168757402371292,0.536314010774257,0.2580645161290322,2.0,142,0,12.38,3,3,False
AMB_RS05185,,CONFIDENT_NONESSENTIAL,non-essential,1,N_score,1,0.1746724313568685,0.8311794285141432,0.1891891891891892,3.0,758,1,10.93,3,3,True
AMB_RS05190,,CONFIDENT_NONESSENTIAL,non-essential,2,E_geometry|N_score|N_redundancy,1,0.2091900741833955,0.8188083651912982,0.0277777777777777,5.0,319,1,9.3,3,3,True
AMB_RS05195,,CONFIDENT_NONESSENTIAL,non-essential,2,E_geometry|N_score|N_pangenome_some,0,0.2448485608989349,0.7374994766875259,0.0,1.0,109,1,8.41,2,3,False
AMB_RS05245,,UNRESOLVED,unknown,0,E_cons_core|N_pangenome_some|N_mobile,0,0.5674437030650648,0.43817235194759824,0.5714285714285714,1.0,705,1,2.22,2,3,False
AMB_RS05355,,CONFIDENT_NONESSENTIAL,non-essential,4,E_geometry|N_score|N_pangenome_some|N_redundancy|N_mobile,0,0.1656282428381541,0.8609572639801454,0.0,5.0,389,1,1.07,2,3,True
AMB_RS05360,,CONFIDENT_NONESSENTIAL,non-essential,2,E_geometry|N_score|N_mobile,0,0.1902639945390922,0.8445880836884724,0.0,1.0,279,1,2.1,3,3,False
AMB_RS05400,,CONFIDENT_NONESSENTIAL,non-essential,2,N_score|N_pangenome_strong,0,0.1113229637824323,0.9136411843970027,0.0,0.0,580,1,9.09,0,3,False
AMB_RS05405,,CONFIDENT_NONESSENTIAL,non-essential,2,E_geometry|N_score|N_pangenome_strong,0,0.2583895038969306,0.741842364944456,0.0,0.0,74,1,10.08,0,3,False
AMB_RS05410,,CONFIDENT_NONESSENTIAL,non-essential,2,E_geometry|N_score|N_pangenome_strong,0,0.168131774505215,0.7779548333239517,0.0,0.0,312,1,10.66,0,3,False
AMB_RS05420,,UNRESOLVED,unknown,0,E_cons_core|E_geometry,0,0.9059461329824376,0.07309257324095947,0.7333333333333333,1.0,100,1,12.42,3,3,False
AMB_RS23195,,CONFIDENT_NONESSENTIAL,non-essential,3,N_score|N_pangenome_some|N_long_lagging,0,0.3076161731773879,0.7616194379949295,0.2,0.0,428,0,14.66,1,3,False
AMB_RS05435,,UNRESOLVED,unknown,0,N_pangenome_some,0,0.5156344166460199,0.5693130937511413,0.3076923076923077,1.0,257,0,15.69,2,3,False
AMB_RS05445,,CONFIDENT_NONESSENTIAL,non-essential,3,N_score|N_pangenome_some|N_long_lagging,0,0.1460586846926982,0.9088020535725093,0.0,1.0,466,0,18.49,2,3,False
AMB_RS05455,,UNRESOLVED,unknown,0,E_geometry|N_pangenome_some,0,0.518763011330617,0.5030103678569617,0.3478260869565217,1.0,326,1,20.66,1,3,False
AMB_RS05475,,UNRESOLVED,unknown,0,N_pangenome_some,0,0.5135793421692553,0.5275439110062045,0.3076923076923077,1.0,257,0,24.07,2,3,False
AMB_RS05480,,CONFIDENT_NONESSENTIAL,non-essential,2,E_geometry|N_score|N_pangenome_strong,0,0.1693116088582793,0.8972373501612525,0.0,1.0,390,1,25.58,0,3,True
AMB_RS05485,,CONFIDENT_NONESSENTIAL,non-essential,2,E_geometry|N_score|N_pangenome_strong,0,0.1822523827270637,0.8805462124454865,0.0,0.0,335,1,26.81,0,3,True
AMB_RS05490,,UNRESOLVED,unknown,0,E_geometry|N_pangenome_some,0,0.4983255406438509,0.4781987285944527,0.3478260869565217,1.0,360,1,28.09,1,3,False
AMB_RS05500,,CONFIDENT_NONESSENTIAL,non-essential,2,E_geometry|N_score|N_pangenome_some,0,0.1810560339092856,0.8685694725946357,0.0,0.0,336,1,32.1,2,3,False
AMB_RS05505,,CONFIDENT_NONESSENTIAL,non-essential,2,E_geometry|N_score|N_pangenome_some,0,0.2682925612401438,0.7885002144698385,0.12,0.0,356,1,33.23,2,3,True
AMB_RS05555,,CONFIDENT_NONESSENTIAL,non-essential,2,N_score|N_pangenome_some,0,0.1626058732508557,0.86972475176569,0.0571428571428571,1.0,540,1,49.06,2,3,True
AMB_RS05565,,CONFIDENT_NONESSENTIAL,non-essential,2,N_score|N_pangenome_strong,0,0.1080065304743412,0.8990309762591342,0.0,0.0,621,1,51.09,0,3,False
AMB_RS05595,,CONFIDENT_NONESSENTIAL,non-essential,1,E_geometry|N_score,0,0.285304794530958,0.6897363755330291,0.1153846153846153,0.0,298,1,56.3,3,3,True
AMB_RS05600,,CONFIDENT_NONESSENTIAL,non-essential,2,E_geometry|N_score|N_pangenome_some,0,0.2093686458065925,0.7550242092857723,0.0714285714285714,1.0,401,1,57.69,2,3,False
AMB_RS23225,,CONFIDENT_NONESSENTIAL,non-essential,3,N_score|N_pangenome_strong|N_long_lagging,0,0.1019921388493413,0.931511645054158,0.0,0.0,685,0,60.31,0,3,False
AMB_RS05615,,CONFIDENT_NONESSENTIAL,non-essential,1,N_score,0,0.1840344024219715,0.8324626710971551,0.0,1.0,346,0,61.86,3,3,False
AMB_RS05620,,CONFIDENT_NONESSENTIAL,non-essential,3,N_score|N_pangenome_some|N_long_lagging,0,0.1234068246040427,0.9126597648269374,0.0,0.0,582,0,63.33,2,3,True
AMB_RS05625,,CONFIDENT_NONESSENTIAL,non-essential,1,N_score,0,0.4727876984701962,0.5701510857618096,0.2571428571428571,1.0,261,0,64.73,3,3,False
AMB_RS05630,,CONFIDENT_NONESSENTIAL,non-essential,1,N_score,0,0.3979812608230155,0.6617685089446537,0.4285714285714285,0.0,784,0,66.49,3,3,True
AMB_RS05670,,UNRESOLVED,unknown,0,E_geometry|N_redundancy,1,0.7241671497963692,0.23413782854038162,0.4166666666666667,8.0,123,1,56.59,3,3,False
AMB_RS05680,,CONFIDENT_NONESSENTIAL,non-essential,2,E_geometry|N_score|N_pangenome_some,0,0.2690118317333069,0.7497067887108313,0.0,2.0,111,1,54.52,2,3,False
AMB_RS05685,,UNRESOLVED,unknown,0,E_cons_core|N_pangenome_some,1,0.7895653460162548,0.17285099922377956,0.6666666666666666,0.0,436,0,53.68,2,3,False
AMB_RS05700,,ROGUE_SUSPECT,unknown,0,E_geometry|N_score|P_rogue,0,0.3422345794880397,0.7467451756492276,0.074074074074074,0.0,111,1,50.91,3,3,True
AMB_RS05705,,CONFIDENT_NONESSENTIAL,non-essential,1,N_score,0,0.2534952222997436,0.779967714989031,0.2857142857142857,0.0,765,1,49.55,3,3,True
AMB_RS05710,,UNRESOLVED,unknown,0,N_redundancy,0,0.7477211924383763,0.20537355153589565,0.4864864864864865,6.0,193,0,47.56,3,3,False
AMB_RS05715,,CONFIDENT_NONESSENTIAL,non-essential,1,E_geometry|N_score,0,0.3643437885885154,0.6428192457097336,0.2285714285714285,0.0,376,1,46.59,3,3,True
AMB_RS05720,,UNRESOLVED,unknown,0,E_geometry,1,0.5771022510264993,0.40942706331420436,0.4324324324324324,0.0,405,1,45.34,3,3,False
AMB_RS05730,,CONFIDENT_NONESSENTIAL,non-essential,3,N_score|N_pangenome_some|N_long_lagging,0,0.1249059956097863,0.8848932948528272,0.0,0.0,536,0,41.25,2,3,False
AMB_RS05745,,CONFIDENT_NONESSENTIAL,non-essential,2,E_geometry|N_score|N_pangenome_strong,0,0.2147079096580628,0.8343717786095576,0.0,0.0,236,1,38.12,0,3,True
AMB_RS05750,,CONFIDENT_NONESSENTIAL,non-essential,3,N_score|N_pangenome_strong|N_long_lagging,0,0.1077766400892945,0.9440025254338633,0.0,0.0,652,0,36.77,0,3,False
AMB_RS05760,,CONFIDENT_NONESSENTIAL,non-essential,2,N_score|N_pangenome_strong,0,0.1662796472760438,0.8967201926993258,0.0,0.0,400,0,34.68,0,3,False
AMB_RS05785,,CONFIDENT_NONESSENTIAL,non-essential,2,N_score|N_pangenome_strong,0,0.1192118179091647,0.915229236382896,0.0,1.0,571,1,24.02,0,3,False
AMB_RS05790,,CONFIDENT_NONESSENTIAL,non-essential,2,E_geometry|N_score|N_pangenome_some,0,0.2049006924953023,0.8249571942527865,0.0,0.0,242,1,22.8,1,3,False
AMB_RS05800,,CONFIDENT_NONESSENTIAL,non-essential,2,N_score|N_pangenome_some,0,0.0916197251332483,0.9348163914013994,0.0,0.0,699,1,20.11,1,3,False
AMB_RS05825,,CONFIDENT_NONESSENTIAL,non-essential,2,E_geometry|N_score|N_pangenome_strong,0,0.2281595496009656,0.7763018466895257,0.0,0.0,160,1,16.87,0,3,True
AMB_RS05830,,CONFIDENT_NONESSENTIAL,non-essential,2,E_geometry|N_score|N_pangenome_strong,0,0.1896818213051239,0.8325271997924678,0.0,0.0,279,1,16.12,0,3,True
AMB_RS05835,,CONFIDENT_NONESSENTIAL,non-essential,2,E_geometry|N_score|N_pangenome_strong,0,0.1965065047794401,0.804837729664359,0.0,0.0,248,1,15.32,0,3,False
AMB_RS05850,,CONFIDENT_NONESSENTIAL,non-essential,2,E_geometry|N_score|N_pangenome_strong,0,0.1908613583992181,0.8151499582182534,0.0,0.0,266,1,13.92,0,3,False
AMB_RS05870,,CONFIDENT_NONESSENTIAL,non-essential,2,E_geometry|N_score|N_pangenome_strong,0,0.2304393615753147,0.7981571820458744,0.0,0.0,156,1,9.0,0,3,False
AMB_RS05885,,CONFIDENT_NONESSENTIAL,non-essential,2,E_geometry|N_score|N_pangenome_strong,0,0.1824184952892439,0.8321382197302803,0.0,0.0,289,1,5.65,0,3,False
AMB_RS05890,,CONFIDENT_NONESSENTIAL,non-essential,3,N_score|N_pangenome_some|N_mobile,0,0.1434300811760387,0.864770168793418,0.0,0.0,423,1,4.58,1,3,False
AMB_RS05920,,CONFIDENT_NONESSENTIAL,non-essential,2,E_cons_core|N_pangenome_strong|N_mobile,1,0.8913233072675882,0.07412573549610345,0.75,1.0,196,0,2.27,0,3,False
AMB_RS05930,,CONFIDENT_NONESSENTIAL,non-essential,2,E_geometry|N_pangenome_strong|N_mobile,0,0.6189937845653396,0.2759555812496736,0.4,0.0,182,1,1.25,0,3,True
AMB_RS05945,,CONFIDENT_NONESSENTIAL,non-essential,3,N_score|N_pangenome_strong|N_mobile,0,0.1922475558587693,0.8019756664183296,0.1,1.0,473,1,0.0,0,3,True
AMB_RS05960,,CONFIDENT_NONESSENTIAL,non-essential,3,E_geometry|N_score|N_pangenome_strong|N_mobile,0,0.3322977225413271,0.6503757329760608,0.2,1.0,341,1,2.38,0,3,True
AMB_RS05980,,CONFIDENT_NONESSENTIAL,non-essential,3,E_geometry|N_score|N_pangenome_strong|N_mobile,1,0.1689289696892744,0.8273283050970756,0.0,0.0,320,1,0.0,0,3,False
AMB_RS06050,,CONFIDENT_NONESSENTIAL,non-essential,3,N_score|N_pangenome_strong|N_mobile,0,0.0747674914803863,0.9385367061503642,0.0,0.0,776,1,0.0,0,3,False
AMB_RS06055,,CONFIDENT_NONESSENTIAL,non-essential,3,E_geometry|N_score|N_pangenome_strong|N_mobile,0,0.4836618761395154,0.48763594570609364,0.25,1.0,146,1,1.48,0,3,False
AMB_RS06065,,CONFIDENT_NONESSENTIAL,non-essential,3,N_score|N_pangenome_some|N_mobile,0,0.1886554921174621,0.8866774472827841,0.0,0.0,300,0,2.09,1,3,True
AMB_RS06070,,CONFIDENT_NONESSENTIAL,non-essential,3,N_score|N_pangenome_some|N_mobile,0,0.1842256994552105,0.8629064714066981,0.0,0.0,297,0,1.19,1,3,True
AMB_RS06075,,CONFIDENT_NONESSENTIAL,non-essential,4,N_score|N_pangenome_some|N_mobile|N_long_lagging,0,0.131223349932015,0.9164213417542417,0.0,0.0,498,0,0.0,1,3,False
AMB_RS06090,,CONFIDENT_NONESSENTIAL,non-essential,3,E_geometry|N_score|N_pangenome_some|N_mobile,0,0.2258368447792718,0.7743305217081389,0.0,0.0,150,1,0.89,1,3,False
AMB_RS06100,,CONFIDENT_NONESSENTIAL,non-essential,2,E_geometry|N_pangenome_strong|N_mobile,0,0.4928277319826903,0.5255828210083584,0.25,0.0,132,1,0.87,0,3,False
AMB_RS06110,,CONFIDENT_NONESSENTIAL,non-essential,2,N_score|N_mobile,0,0.2730126519020874,0.7420884304062371,0.1621621621621621,1.0,404,0,2.92,3,3,True
AMB_RS06115,,CONFIDENT_NONESSENTIAL,non-essential,3,N_score|N_pangenome_some|N_mobile,0,0.2140058338490181,0.8370026939719111,0.0,0.0,209,0,3.85,1,3,False
AMB_RS06135,,CONFIDENT_NONESSENTIAL,non-essential,1,N_score,0,0.2970922392887683,0.6973168696026566,0.1081081081081081,1.0,225,0,6.88,3,3,True
AMB_RS06140,,CONFIDENT_NONESSENTIAL,non-essential,2,E_geometry|N_score|N_pangenome_some,0,0.2337751486382075,0.7835372087371506,0.0714285714285714,0.0,299,1,7.8,2,3,False
AMB_RS06145,,CONFIDENT_NONESSENTIAL,non-essential,2,N_score|N_pangenome_strong,0,0.1632789155617094,0.8642508579767852,0.0,0.0,365,0,8.93,0,3,False
AMB_RS06150,,CONFIDENT_NONESSENTIAL,non-essential,3,N_score|N_pangenome_some|N_long_lagging,0,0.1440866780416936,0.8678218896288588,0.0,0.0,429,0,10.12,1,3,False
AMB_RS06160,,CONFIDENT_NONESSENTIAL,non-essential,2,E_geometry|N_score|N_pangenome_some,0,0.1481341620165323,0.8393869650640257,0.0,0.0,401,1,12.11,1,3,False
AMB_RS06165,,CONFIDENT_NONESSENTIAL,non-essential,3,N_score|N_pangenome_strong|N_long_lagging,0,0.0698621122567765,0.9569912243403244,0.0,0.0,845,0,13.98,0,3,False
AMB_RS06175,,CONFIDENT_NONESSENTIAL,non-essential,2,N_score|N_pangenome_some,0,0.180980780139158,0.8201377004088343,0.0,0.0,299,0,16.68,1,3,False
AMB_RS06185,,UNRESOLVED,unknown,0,,0,0.6808098832886934,0.28236985295153494,0.4230769230769231,2.0,157,0,19.15,3,3,False
AMB_RS06190,,CONFIDENT_NONESSENTIAL,non-essential,3,N_score|N_pangenome_some|N_long_lagging,1,0.2205962557014634,0.7884308966513678,0.125,0.0,463,0,20.24,2,3,False
AMB_RS06195,,CONFIDENT_NONESSENTIAL,non-essential,2,E_geometry|N_score|N_pangenome_strong,1,0.2033497313390444,0.7614348815763788,0.0,0.0,219,1,21.4,0,3,False
AMB_RS06200,,UNRESOLVED,unknown,0,N_redundancy,0,0.6806733383022111,0.2624670120540771,0.4285714285714285,9.0,223,0,22.03,3,3,False
AMB_RS06205,,CONFIDENT_NONESSENTIAL,non-essential,3,N_score|N_pangenome_some|N_long_lagging,0,0.1398991566509581,0.860746878980086,0.0,0.0,451,0,23.04,1,3,False
AMB_RS06210,,CONFIDENT_ESSENTIAL,essential,3,E_score|E_cons_core|E_geometry|N_pangenome_some,1,0.9686542986062476,0.014854863864532577,1.0,0.0,102,1,24.04,1,3,False
AMB_RS06220,,CONFIDENT_NONESSENTIAL,non-essential,2,N_score|N_pangenome_some,0,0.169199256972157,0.8299669010946688,0.0,0.0,346,0,26.46,1,3,False
AMB_RS23255,,CONFIDENT_NONESSENTIAL,non-essential,3,N_score|N_pangenome_some|N_long_lagging,0,0.0897460600090635,0.9320121748444267,0.0,0.0,714,0,28.05,2,3,False
AMB_RS06230,,CONFIDENT_NONESSENTIAL,non-essential,1,N_score,0,0.346343615880914,0.6126905725444093,0.1666666666666666,0.0,249,0,29.58,3,3,True
AMB_RS06235,,CONFIDENT_NONESSENTIAL,non-essential,2,E_geometry|N_score|N_pangenome_some,0,0.2587571046682012,0.739730975820881,0.04,1.0,187,1,30.3,2,3,False
AMB_RS06255,,CONFIDENT_NONESSENTIAL,non-essential,2,E_geometry|N_score|N_pangenome_some,0,0.1604001340922405,0.8388841363413606,0.0,0.0,382,1,34.09,1,3,False
AMB_RS06260,,UNRESOLVED,unknown,0,E_cons_core,1,0.7631756884213358,0.168711983607227,0.7,0.0,552,1,35.55,3,3,False
AMB_RS06265,,CONFIDENT_NONESSENTIAL,non-essential,2,E_geometry|N_score|N_redundancy,1,0.2150978281116299,0.7849126468384979,0.0277777777777777,5.0,315,1,36.87,3,3,True
AMB_RS06270,,UNRESOLVED,unknown,0,E_cons_core|N_pangenome_some,1,0.9399446341726416,0.03127526682688717,1.0,0.0,445,1,38.08,1,3,False
AMB_RS06275,,UNRESOLVED,unknown,0,E_cons_core,1,0.9140706027547446,0.051197674313058175,0.918918918918919,0.0,460,1,39.45,3,3,False
AMB_RS06305,,UNRESOLVED,unknown,0,E_geometry|N_pangenome_some|N_redundancy,0,0.5155574993515348,0.46913765679760366,0.2777777777777778,4.0,218,1,49.22,2,3,True
AMB_RS06315,,CONFIDENT_NONESSENTIAL,non-essential,2,N_score|N_pangenome_strong,0,0.1041718320763395,0.9073974567456887,0.0,0.0,644,1,51.66,0,3,False
AMB_RS06320,,CONFIDENT_NONESSENTIAL,non-essential,2,N_score|N_pangenome_some,0,0.1900187368786616,0.8064016214328801,0.0526315789473684,2.0,433,1,53.41,1,3,False
AMB_RS06325,,CONFIDENT_NONESSENTIAL,non-essential,1,N_score,0,0.4521394341095146,0.5327469593376867,0.2,0.0,141,0,54.27,3,3,False
AMB_RS06335,,CONDITIONAL_SUSPECT,unknown,0,N_score|N_redundancy|N_long_lagging|P_conditional,0,0.0905107684986854,0.9360117971010272,0.1142857142857142,5.0,1034,0,56.77,3,3,True
AMB_RS06360,,CONFIDENT_NONESSENTIAL,non-essential,2,N_score|N_pangenome_some,0,0.1953048091924251,0.7959561947874498,0.0,0.0,292,0,62.65,2,3,True
AMB_RS06365,,CONFIDENT_NONESSENTIAL,non-essential,2,N_score|N_pangenome_some,0,0.2453510456506094,0.7880718916330153,0.0,0.0,169,0,63.37,2,3,False
AMB_RS06375,,CONFIDENT_NONESSENTIAL,non-essential,2,N_score|N_pangenome_some,1,0.2135744394706077,0.7811490446106337,0.0,0.0,242,0,65.0,1,3,False
AMB_RS06380,,CONFIDENT_NONESSENTIAL,non-essential,2,E_geometry|N_score|N_pangenome_some,0,0.1959602732255636,0.8144912923035983,0.0,2.0,316,1,66.03,2,3,False
AMB_RS06385,,CONFIDENT_NONESSENTIAL,non-essential,2,E_geometry|N_score|N_pangenome_some,0,0.2149093376075072,0.739722268736191,0.0,0.0,224,1,66.85,1,3,False
AMB_RS06390,,CONFIDENT_NONESSENTIAL,non-essential,2,N_score|N_pangenome_some,1,0.3431584477466706,0.6712865078708262,0.0833333333333333,0.0,122,0,67.45,2,3,False
AMB_RS06395,,CONFIDENT_NONESSENTIAL,non-essential,2,N_score|N_pangenome_some,1,0.0740535034068557,0.92794732038026,0.0,0.0,832,1,69.02,1,3,False
AMB_RS06405,,CONFIDENT_NONESSENTIAL,non-essential,2,N_score|N_pangenome_some,0,0.1791126105859455,0.8113907058196286,0.0,0.0,349,0,70.02,1,3,True
AMB_RS06410,,UNRESOLVED,unknown,0,N_pangenome_some,0,0.671662329514011,0.2970266106193315,0.375,0.0,102,0,69.34,2,3,False
AMB_RS06420,,UNRESOLVED,unknown,0,E_cons_core,1,0.7832333210821724,0.16437563706445557,0.65625,1.0,444,0,66.39,3,3,False
AMB_RS06425,,CONFIDENT_NONESSENTIAL,non-essential,4,N_score|N_pangenome_some|N_redundancy|N_long_lagging,1,0.1508577554219032,0.8687489282119054,0.0434782608695652,4.0,586,0,64.82,2,3,True
AMB_RS06430,,UNRESOLVED,unknown,0,E_cons_core|N_pangenome_some,1,0.6806154893454139,0.25841915007307925,0.5,0.0,343,0,63.29,1,3,False
AMB_RS06460,,UNRESOLVED,unknown,0,E_cons_core,1,0.9330730581945778,0.04335407587516924,0.8518518518518519,0.0,193,0,42.34,3,3,True
AMB_RS06465,,UNRESOLVED,unknown,0,E_cons_core|F_core_redundant,1,0.7566231623423245,0.18303710989535793,0.5405405405405406,9.0,302,0,41.53,3,3,True
AMB_RS06470,,UNRESOLVED,unknown,0,E_cons_core|E_geometry|F_core_redundant,1,0.820505216523129,0.13270962148322377,0.6,4.0,206,1,40.67,3,3,False
AMB_RS06500,,UNRESOLVED,unknown,0,E_cons_core,1,0.8970629125992158,0.07085889684855064,0.945945945945946,0.0,608,0,19.99,3,3,False
AMB_RS06505,,UNRESOLVED,unknown,0,E_cons_core,1,0.938364177800678,0.036410562796156905,1.0,0.0,450,0,18.4,3,3,False
AMB_RS06510,,CONFIDENT_NONESSENTIAL,non-essential,2,E_geometry|N_score|N_redundancy,0,0.4152652022547055,0.4979329979166012,0.2162162162162162,4.0,227,1,17.29,3,3,False
AMB_RS06520,,UNRESOLVED,unknown,0,E_geometry|N_redundancy,1,0.7276737011679493,0.22367642909387447,0.4571428571428571,4.0,129,1,14.16,3,3,False
AMB_RS06525,,UNRESOLVED,unknown,0,N_pangenome_some,1,0.5176828933195511,0.409754615850871,0.375,0.0,349,0,13.31,2,3,False
AMB_RS06530,,CONFIDENT_NONESSENTIAL,non-essential,2,E_geometry|N_score|N_pangenome_some,1,0.3736770954916754,0.5326526296932153,0.25,0.0,345,1,12.24,2,3,False
AMB_RS06540,,UNRESOLVED,unknown,0,E_cons_core|E_geometry,1,0.9235460764077102,0.05750688547372364,0.8285714285714286,0.0,189,1,10.04,3,3,False
AMB_RS06545,,UNRESOLVED,unknown,0,E_cons_core|E_geometry,1,0.8846243459184534,0.07269978937980698,0.7714285714285715,0.0,266,1,9.36,3,3,False
AMB_RS06555,,CONFIDENT_NONESSENTIAL,non-essential,2,E_geometry|N_score|N_pangenome_some,1,0.4459541348094828,0.46506700277337243,0.3333333333333333,0.0,383,1,6.95,2,3,True
AMB_RS06560,,CONFIDENT_NONESSENTIAL,non-essential,2,E_geometry|N_score|N_pangenome_some,1,0.473936080777364,0.45912639872024225,0.3333333333333333,0.0,334,1,5.88,1,3,False
AMB_RS06565,,CONFIDENT_NONESSENTIAL,non-essential,1,E_geometry|N_score,0,0.4058090397777794,0.5040995416719043,0.1724137931034483,0.0,104,1,5.15,3,3,True
AMB_RS06575,,CONFIDENT_NONESSENTIAL,non-essential,3,N_score|N_pangenome_some|N_mobile,1,0.1695581171398553,0.8106826104649706,0.0,0.0,315,0,3.38,1,3,False
AMB_RS06585,,CONFIDENT_NONESSENTIAL,non-essential,3,N_score|N_pangenome_some|N_mobile,0,0.1510695064614261,0.8550782534507321,0.0,0.0,391,0,1.61,2,3,True
AMB_RS06610,,ROGUE_SUSPECT,unknown,0,N_score|N_mobile|P_rogue,0,0.2042292349878682,0.795197523524357,0.032258064516129,0.0,285,0,2.81,3,3,False
AMB_RS06615,,UNRESOLVED,unknown,0,N_mobile,1,0.6241910145086415,0.35621802528405483,0.4571428571428571,1.0,335,0,3.78,3,3,False
AMB_RS06620,,CONFIDENT_NONESSENTIAL,non-essential,3,N_score|N_pangenome_some|N_long_lagging,0,0.082909100574726,0.9227663057996214,0.0,1.0,728,0,5.43,2,3,True
AMB_RS06625,,UNRESOLVED,unknown,0,N_pangenome_some,1,0.5261628937469731,0.37382296755382133,0.2962962962962963,3.0,170,0,6.78,2,3,False
AMB_RS06635,,UNRESOLVED,unknown,0,E_cons_core|E_geometry|F_core_redundant,1,0.8680967757204349,0.07822462984064164,0.7027027027027027,4.0,215,1,9.1,3,3,False
AMB_RS06640,,CONFIDENT_NONESSENTIAL,non-essential,2,E_geometry|N_score|N_pangenome_strong,0,0.2862267169164745,0.7097626641601948,0.0714285714285714,0.0,162,1,9.67,0,3,False
AMB_RS06645,,CONFIDENT_NONESSENTIAL,non-essential,1,E_geometry|N_score,0,0.2096402324261156,0.780800834496794,0.0,1.0,208,1,10.23,3,3,True
AMB_RS06650,,CONFIDENT_NONESSENTIAL,non-essential,1,N_score,1,0.3362039212312215,0.6170165446669537,0.1428571428571428,1.0,207,0,10.86,3,3,True
AMB_RS06655,,CONFIDENT_NONESSENTIAL,non-essential,2,N_score|N_pangenome_strong,0,0.146906676894601,0.8516460401548284,0.0,0.0,412,0,11.78,0,3,False
AMB_RS06665,,CONFIDENT_NONESSENTIAL,non-essential,2,N_score|N_pangenome_some,0,0.2992545528375351,0.6830105417819516,0.12,0.0,240,0,13.45,2,3,True
AMB_RS06670,,CONFIDENT_NONESSENTIAL,non-essential,2,N_score|N_pangenome_some,0,0.3589912888831434,0.6070092985710129,0.125,0.0,118,0,13.98,2,3,True
AMB_RS06675,,CONFIDENT_NONESSENTIAL,non-essential,2,E_geometry|N_score|N_pangenome_strong,0,0.2525382598355209,0.7570226776400574,0.0,0.0,95,1,14.33,0,3,False
AMB_RS06680,,UNRESOLVED,unknown,0,E_cons_core,1,0.7930455852156744,0.17034391454877085,0.5945945945945946,0.0,231,0,14.96,3,3,False
AMB_RS06685,,UNRESOLVED,unknown,0,E_cons_core|E_geometry|F_core_redundant,1,0.7882262838076235,0.14100231870675767,0.5757575757575758,9.0,260,1,15.78,3,3,False
AMB_RS06700,,UNRESOLVED,unknown,0,E_geometry|N_redundancy,1,0.7237776673895601,0.218467346669965,0.4571428571428571,4.0,141,1,20.73,3,3,False
AMB_RS06705,,CONFIDENT_NONESSENTIAL,non-essential,2,E_geometry|N_score|N_pangenome_some,0,0.1964014117409123,0.8227420252842004,0.0,0.0,261,1,21.41,1,3,False
AMB_RS06710,,CONDITIONAL_SUSPECT,unknown,0,N_score|N_redundancy|N_long_lagging|P_conditional,0,0.2558934697357886,0.7516958362330056,0.1621621621621621,4.0,486,0,22.8,3,3,True
AMB_RS06715,,UNRESOLVED,unknown,0,E_geometry|N_redundancy,0,0.6485711381728207,0.267677524652651,0.4411764705882353,5.0,279,1,24.02,3,3,False
AMB_RS06730,,CONFIDENT_NONESSENTIAL,non-essential,3,N_score|N_pangenome_strong|N_long_lagging,0,0.2409889904122993,0.7676236011786495,0.1428571428571428,0.0,453,0,27.07,0,3,True
AMB_RS06735,,CONFIDENT_NONESSENTIAL,non-essential,3,N_score|N_pangenome_some|N_long_lagging,0,0.1998168057212412,0.8322176528126329,0.1428571428571428,0.0,580,0,28.63,1,3,True
AMB_RS06740,,UNRESOLVED,unknown,0,E_cons_core,1,0.9649407592958706,0.016712399889966163,1.0,0.0,164,0,29.85,3,3,True
AMB_RS06745,,UNRESOLVED,unknown,0,E_cons_core|N_pangenome_some,1,0.9366144512305452,0.04373372505643752,0.9,0.0,265,0,30.6,2,3,False
AMB_RS06755,,UNRESOLVED,unknown,0,E_geometry|N_pangenome_some,0,0.5759316226416585,0.3792858458727689,0.3333333333333333,0.0,168,1,33.03,2,3,False
AMB_RS06760,,UNRESOLVED,unknown,0,N_pangenome_some,1,0.5583981097190014,0.4284878506262725,0.4814814814814814,0.0,539,1,34.22,2,3,False
AMB_RS06765,,ROGUE_SUSPECT,unknown,0,E_geometry|N_score|P_rogue,0,0.2458307524408919,0.7399658865821616,0.0,0.0,123,1,35.34,3,3,False
AMB_RS06770,,UNRESOLVED,unknown,0,E_geometry|N_pangenome_some,0,0.5738761131540485,0.30381749137814806,0.3333333333333333,0.0,152,1,35.8,2,3,False
AMB_RS06790,,CONFIDENT_NONESSENTIAL,non-essential,2,N_score|N_pangenome_some,0,0.2547750499905364,0.7497683004187927,0.0,0.0,112,0,39.46,1,3,False
AMB_RS06800,,ROGUE_SUSPECT,unknown,0,E_geometry|N_score|P_rogue,0,0.2235372159445963,0.7576373031407548,0.0,0.0,185,1,40.45,3,3,False
AMB_RS06805,,UNRESOLVED,unknown,0,E_cons_core|E_geometry|N_pangenome_some,1,0.844108028246426,0.09752629189777202,0.6666666666666666,0.0,228,1,41.17,1,3,False
AMB_RS06810,,UNRESOLVED,unknown,0,E_cons_core|N_pangenome_some,1,0.698434982272851,0.24041508377193851,0.5714285714285714,0.0,439,1,42.19,1,3,False
AMB_RS06815,,UNRESOLVED,unknown,0,E_cons_core,1,0.938779764574494,0.03467139080861908,1.0,0.0,465,1,43.56,3,3,False
AMB_RS06820,,CONFIDENT_NONESSENTIAL,non-essential,3,N_score|N_pangenome_some|N_long_lagging,0,0.1377601592128634,0.8777702354439003,0.0,0.0,488,0,45.23,1,3,True
AMB_RS06825,,CONFIDENT_ESSENTIAL,essential,2,E_score|E_cons_core|N_pangenome_some,0,0.9690080100129358,0.016858849570900634,1.0,0.0,127,0,46.31,1,3,False
AMB_RS06830,,UNRESOLVED,unknown,0,E_geometry|N_redundancy,1,0.7333082800103912,0.22479306296363058,0.4705882352941176,8.0,210,1,46.97,3,3,False
AMB_RS06835,,CONFIDENT_NONESSENTIAL,non-essential,2,N_score|N_pangenome_strong,0,0.2327918560919051,0.7510826420906708,0.0,0.0,169,0,47.53,0,3,True
AMB_RS06850,,CONFIDENT_NONESSENTIAL,non-essential,2,E_geometry|N_score|N_pangenome_strong,0,0.3094951583219352,0.6751561117878897,0.0909090909090909,0.0,185,1,49.74,0,3,False
AMB_RS06855,,UNRESOLVED,unknown,0,E_cons_core|N_pangenome_some,1,0.7749225972304009,0.15260548099974175,0.5,0.0,90,0,50.4,1,3,False
AMB_RS06865,,CONFIDENT_NONESSENTIAL,non-essential,2,E_geometry|N_score|N_pangenome_some,0,0.1805675939092431,0.8271607124082218,0.0,0.0,333,1,51.38,2,3,True
AMB_RS06880,,CONFIDENT_NONESSENTIAL,non-essential,2,N_score|N_pangenome_some,1,0.2781297353117931,0.7401302584034111,0.0,0.0,74,0,55.49,2,3,False
AMB_RS06905,,CONFIDENT_NONESSENTIAL,non-essential,1,E_geometry|N_score,1,0.2339756190277314,0.7422889716394159,0.0625,2.0,331,1,63.84,3,3,True
AMB_RS06910,,CONFIDENT_NONESSENTIAL,non-essential,2,E_geometry|N_score|N_pangenome_some,0,0.1663786160021076,0.8311822906746851,0.0,0.0,388,1,64.91,1,3,False
AMB_RS06915,,CONFIDENT_NONESSENTIAL,non-essential,1,E_geometry|N_score,1,0.3651282209041401,0.6508939087414868,0.1764705882352941,1.0,287,1,65.93,3,3,False
AMB_RS06925,,CONFIDENT_NONESSENTIAL,non-essential,1,E_cons_core|E_geometry|N_pangenome_strong,1,0.8504311944634194,0.07789058393159627,0.6666666666666666,0.0,217,1,68.88,0,3,False
AMB_RS06930,,CONFIDENT_NONESSENTIAL,non-essential,2,N_score|N_pangenome_some,1,0.4009783363480294,0.6525274521473444,0.25,0.0,384,0,69.72,1,3,False
AMB_RS06935,,UNRESOLVED,unknown,0,E_cons_core|F_core_redundant,1,0.9085627837756264,0.0619337280660728,0.7428571428571429,12.0,241,0,70.9,3,3,True
AMB_RS06940,,UNRESOLVED,unknown,0,,0,0.6148565186126965,0.3852533043086208,0.3714285714285714,1.0,232,0,71.61,3,3,False
AMB_RS06945,,CONFIDENT_NONESSENTIAL,non-essential,1,N_score,0,0.472014307078948,0.5380104450091042,0.2571428571428571,1.0,260,0,72.48,3,3,False
AMB_RS06950,,UNRESOLVED,unknown,0,E_cons_core|N_pangenome_some,0,0.644893456133103,0.30181151891427904,0.5,0.0,432,0,73.53,2,3,False
AMB_RS06955,,CONFIDENT_NONESSENTIAL,non-essential,2,N_score|N_pangenome_some,0,0.4500173811732778,0.5354398283540277,0.3333333333333333,0.0,458,0,74.86,1,3,False
AMB_RS06960,,CONFIDENT_NONESSENTIAL,non-essential,1,N_score,0,0.4098330622996144,0.6148705704617097,0.24,0.0,342,0,76.12,3,3,False
AMB_RS06965,,ROGUE_SUSPECT,unknown,0,N_score|N_long_lagging|P_rogue|P_conditional,0,0.1615684730926253,0.8304178621183277,0.0303030303030303,0.0,482,0,77.48,3,3,True
AMB_RS06970,,CONFIDENT_NONESSENTIAL,non-essential,2,E_geometry|N_score|N_pangenome_some,0,0.4269919343034937,0.5085260287531036,0.2,0.0,197,1,78.6,2,3,True
AMB_RS06980,,UNRESOLVED,unknown,0,E_cons_core,1,0.9394742169970306,0.04513023732876918,0.8648648648648649,0.0,214,0,79.69,3,3,False
AMB_RS06985,,UNRESOLVED,unknown,0,E_cons_core,1,0.9263480228269608,0.05592930044231232,0.8823529411764706,0.0,355,0,80.68,3,3,False
AMB_RS06990,,UNRESOLVED,unknown,0,E_cons_core,1,0.8819602574301952,0.09078469135493025,0.90625,0.0,658,0,82.24,3,3,False
AMB_RS06995,,UNRESOLVED,unknown,0,N_pangenome_some,0,0.5248714709348878,0.4155745892238771,0.3333333333333333,1.0,319,0,83.74,1,3,False
AMB_RS07000,,CONFIDENT_NONESSENTIAL,non-essential,3,N_score|N_pangenome_some|N_long_lagging,0,0.1473674869069624,0.8947619530734262,0.0,0.0,503,0,85.17,2,3,False
AMB_RS07005,,CONFIDENT_NONESSENTIAL,non-essential,2,N_score|N_pangenome_some,0,0.2982802473828526,0.7905085325310709,0.0,0.0,80,0,86.37,2,3,False
AMB_RS07010,,UNRESOLVED,unknown,0,,0,0.563291509866597,0.41334981203833265,0.4722222222222222,1.0,564,0,86.85,3,3,False
AMB_RS07015,,UNRESOLVED,unknown,0,E_geometry,0,0.5782762812379834,0.348701782268749,0.3157894736842105,2.0,181,1,85.61,3,3,False
AMB_RS07020,,CONFIDENT_NONESSENTIAL,non-essential,2,E_geometry|N_score|N_pangenome_some,0,0.2342712405730732,0.7878951658469372,0.0714285714285714,1.0,377,1,84.24,2,3,False
AMB_RS07025,,ROGUE_SUSPECT,unknown,0,N_score|P_rogue,0,0.136402697690037,0.9079281452309015,0.0,0.0,546,1,82.67,3,3,False
AMB_RS07030,,CONFIDENT_NONESSENTIAL,non-essential,2,N_score|N_redundancy,1,0.3466777675117373,0.63908089566417,0.1891891891891892,4.0,385,0,81.23,3,3,True
AMB_RS07035,,CONDITIONAL_SUSPECT,unknown,0,N_score|N_long_lagging|P_conditional,0,0.1496814091442917,0.8627672185865426,0.0294117647058823,1.0,544,0,79.84,3,3,True
AMB_RS07040,,CONFIDENT_NONESSENTIAL,non-essential,2,N_score|N_pangenome_some,1,0.1743406824432288,0.844541252262069,0.0333333333333333,0.0,457,1,78.36,2,3,False
AMB_RS07045,,CONFIDENT_NONESSENTIAL,non-essential,1,E_geometry|N_score,1,0.3606481990082247,0.6383980054915848,0.15625,1.0,257,1,77.21,3,3,True
AMB_RS07060,,CONFIDENT_NONESSENTIAL,non-essential,3,N_score|N_pangenome_some|N_long_lagging,0,0.1395029535454039,0.9175515579671293,0.0,1.0,541,0,69.68,1,3,False
AMB_RS07080,,UNRESOLVED,unknown,0,E_geometry|N_pangenome_some,0,0.5678870934996678,0.41113650005322555,0.2857142857142857,0.0,114,1,64.87,1,3,False
AMB_RS07085,,CONFIDENT_NONESSENTIAL,non-essential,1,E_geometry|N_score,1,0.48569058202772,0.4174071016240554,0.28125,2.0,258,1,64.29,3,3,True
AMB_RS07090,,UNRESOLVED,unknown,0,E_geometry|N_pangenome_some,1,0.71252433815744,0.22391525594655587,0.4285714285714285,0.0,109,1,63.66,1,3,False
AMB_RS07095,,CONFIDENT_NONESSENTIAL,non-essential,2,N_score|N_pangenome_some,0,0.1583175426979854,0.8601865346036539,0.0,0.0,425,1,62.86,1,3,False
AMB_RS07110,,UNRESOLVED,unknown,0,E_geometry|N_pangenome_some,0,0.7127501164772713,0.24285495326211695,0.4444444444444444,0.0,148,1,60.92,1,3,False
AMB_RS07115,,UNRESOLVED,unknown,0,E_cons_core|E_geometry|N_pangenome_some,0,0.8006931913968625,0.14552094840504382,0.5555555555555556,1.0,161,1,60.35,1,3,False
AMB_RS07120,,CONFIDENT_NONESSENTIAL,non-essential,1,E_geometry|N_score,1,0.2421504658091583,0.7716589383746636,0.0869565217391304,3.0,381,1,59.53,3,3,True
AMB_RS07125,,CONFIDENT_NONESSENTIAL,non-essential,2,N_score|N_pangenome_some,0,0.1355923774092229,0.8816573422862043,0.0,0.0,508,1,58.09,1,3,False
AMB_RS07150,,CONFIDENT_NONESSENTIAL,non-essential,2,N_score|N_pangenome_some,0,0.2123901480427517,0.820585425911696,0.0,0.0,249,0,52.34,1,3,False
AMB_RS07155,,CONFIDENT_NONESSENTIAL,non-essential,1,E_geometry|N_score,1,0.3766561029106973,0.6040228271641662,0.2222222222222222,1.0,341,1,51.29,3,3,False
AMB_RS07160,,CONFIDENT_NONESSENTIAL,non-essential,2,N_score|N_pangenome_some,0,0.1164510826509402,0.8932693796815756,0.0,1.0,588,1,49.8,1,3,False
AMB_RS07185,,CONFIDENT_NONESSENTIAL,non-essential,2,N_score|N_pangenome_some,0,0.3924204796663538,0.5848450870526885,0.15,0.0,134,0,42.36,1,3,False
AMB_RS07195,,CONFIDENT_NONESSENTIAL,non-essential,2,N_score|N_redundancy,0,0.1981073104390683,0.7963467351683697,0.1081081081081081,11.0,591,1,39.82,3,3,True
AMB_RS07210,,CONFIDENT_NONESSENTIAL,non-essential,2,N_score|N_pangenome_some,0,0.1556378937153037,0.8450704700290472,0.0833333333333333,0.0,585,1,36.15,2,3,True
AMB_RS07215,,UNRESOLVED,unknown,0,,0,0.5734189808751712,0.34070214123031084,0.4722222222222222,1.0,477,1,34.26,3,3,False
AMB_RS07230,,UNRESOLVED,unknown,0,E_geometry|N_redundancy,1,0.7043857819926672,0.2518611704654579,0.4166666666666667,8.0,145,1,31.13,3,3,False
AMB_RS07255,,UNRESOLVED,unknown,0,E_cons_core|E_geometry|F_core_redundant,1,0.918185572559177,0.0483328535458296,0.8333333333333334,11.0,321,1,24.42,3,3,True
AMB_RS23280,,CONFIDENT_NONESSENTIAL,non-essential,2,E_geometry|N_score|N_pangenome_strong,0,0.1537357338625866,0.829908960964338,0.0,0.0,388,1,23.36,0,3,False
AMB_RS07265,,CONFIDENT_NONESSENTIAL,non-essential,2,N_score|N_pangenome_some,0,0.3617075008358158,0.5979489220225574,0.1875,0.0,256,0,22.42,1,3,False
AMB_RS07300,,CONFIDENT_NONESSENTIAL,non-essential,2,N_score|N_pangenome_some,0,0.1905820679698966,0.8143369420547933,0.0869565217391304,0.0,457,1,13.43,2,3,True
AMB_RS07310,,CONFIDENT_NONESSENTIAL,non-essential,2,N_score|N_pangenome_some,0,0.1465866914402046,0.8824422953836812,0.0,0.0,428,1,11.09,2,3,False
AMB_RS07315,,CONFIDENT_NONESSENTIAL,non-essential,2,E_geometry|N_score|N_pangenome_some,0,0.2996008486890784,0.7021929644631675,0.0909090909090909,0.0,176,1,10.13,2,3,True
AMB_RS07320,,CONFIDENT_NONESSENTIAL,non-essential,2,N_score|N_pangenome_some,0,0.188924492070588,0.8106474250002387,0.0,1.0,274,0,9.48,2,3,False
AMB_RS07325,,CONFIDENT_NONESSENTIAL,non-essential,2,N_score|N_pangenome_some,0,0.1406318859881562,0.8886515391536144,0.1304347826086956,0.0,737,1,7.86,2,3,True
AMB_RS07340,,CONFIDENT_NONESSENTIAL,non-essential,4,N_score|N_pangenome_strong|N_mobile|N_long_lagging,0,0.1383905245510133,0.8657768510949274,0.0,0.0,441,0,4.23,0,3,False
AMB_RS07350,,CONFIDENT_NONESSENTIAL,non-essential,3,E_geometry|N_score|N_pangenome_strong|N_mobile,0,0.1813925695561502,0.8175614969754923,0.0,0.0,281,1,2.04,0,3,False
AMB_RS07370,,CONFIDENT_NONESSENTIAL,non-essential,3,N_score|N_pangenome_some|N_mobile,0,0.2195442226564131,0.8231989634756827,0.0,1.0,193,0,0.0,2,3,True
AMB_RS07375,,CONFIDENT_NONESSENTIAL,non-essential,3,N_score|N_pangenome_some|N_mobile,0,0.224165668058419,0.8142007653297243,0.0,1.0,178,0,0.0,2,3,True
AMB_RS07420,,CONFIDENT_NONESSENTIAL,non-essential,2,E_geometry|N_score|N_pangenome_some,0,0.211565744775801,0.7849952797592853,0.0,0.0,201,1,15.57,1,3,False
AMB_RS07425,,CONFIDENT_NONESSENTIAL,non-essential,2,E_geometry|N_score|N_pangenome_some,0,0.1508804718275963,0.8303181912855411,0.0,0.0,391,1,16.58,1,3,False
AMB_RS07440,,UNRESOLVED,unknown,0,E_cons_core,0,0.7619888054947689,0.15200860674057032,0.5882352941176471,0.0,286,0,19.65,3,3,False
AMB_RS07445,,UNRESOLVED,unknown,0,E_cons_core|E_geometry,0,0.8256429509016541,0.13131077731180052,0.6176470588235294,1.0,185,1,19.54,3,3,False
AMB_RS07450,,UNRESOLVED,unknown,0,N_redundancy,0,0.7236831144583182,0.23635168457960376,0.4857142857142857,7.0,235,0,18.93,3,3,False
AMB_RS07455,,UNRESOLVED,unknown,0,N_redundancy,1,0.6193597158068436,0.3510177801924547,0.3928571428571428,7.0,262,0,18.18,3,3,False
AMB_RS07460,,CONFIDENT_NONESSENTIAL,non-essential,3,N_score|N_pangenome_some|N_long_lagging,0,0.1040889453546018,0.9144506008659509,0.0,0.0,619,0,16.87,1,3,True
AMB_RS07465,,CONFIDENT_NONESSENTIAL,non-essential,2,N_score|N_redundancy,1,0.1985982206727574,0.8329993594334199,0.0333333333333333,9.0,403,0,15.26,3,3,True
AMB_RS07470,,CONFIDENT_NONESSENTIAL,non-essential,2,N_score|N_pangenome_some,0,0.3201370622216754,0.6276581239022285,0.125,0.0,195,0,14.32,1,3,True
AMB_RS07475,,CONFIDENT_NONESSENTIAL,non-essential,1,N_pangenome_strong,0,0.5521644041619421,0.3854238096534761,0.3333333333333333,0.0,193,0,13.74,0,3,False
AMB_RS07480,,CONFIDENT_NONESSENTIAL,non-essential,2,N_score|N_pangenome_strong,0,0.178892268556936,0.7949887409566447,0.0,0.0,290,0,13.01,0,3,False
AMB_RS07485,,CONFIDENT_NONESSENTIAL,non-essential,3,N_score|N_pangenome_strong|N_long_lagging,0,0.1291999693935749,0.8879262336225318,0.0,0.0,494,0,11.84,0,3,False
AMB_RS07490,,CONFIDENT_NONESSENTIAL,non-essential,3,N_score|N_pangenome_some|N_long_lagging,0,0.0601750970024748,0.9513355000921019,0.0,2.0,914,0,9.73,2,3,False
AMB_RS07500,,UNRESOLVED,unknown,0,E_cons_core|F_core_redundant,1,0.7833332245878053,0.14601353146090865,0.5428571428571428,4.0,154,0,7.13,3,3,False
AMB_RS07505,,CONFIDENT_NONESSENTIAL,non-essential,2,E_geometry|N_score|N_pangenome_strong,0,0.1512998457040463,0.8447895207725007,0.0,0.0,387,1,6.12,0,3,False
AMB_RS07510,,CONFIDENT_NONESSENTIAL,non-essential,3,E_geometry|N_score|N_redundancy|N_mobile,1,0.1566078232586634,0.8448252001407816,0.0,4.0,402,1,4.92,3,3,True
AMB_RS07515,,CONFIDENT_NONESSENTIAL,non-essential,3,N_score|N_pangenome_strong|N_mobile,0,0.1095064822498208,0.8992764837891383,0.0,0.0,570,1,3.46,0,3,False
AMB_RS07545,,CONFIDENT_NONESSENTIAL,non-essential,3,N_score|N_pangenome_strong|N_mobile,0,0.241243394557617,0.7777645122231246,0.0,0.0,118,0,2.71,0,3,False
AMB_RS07565,,UNRESOLVED,unknown,0,E_cons_core|N_mobile,1,0.951272492431212,0.026115659497881184,0.9428571428571428,1.0,194,0,4.75,3,3,True
AMB_RS07600,,CONFIDENT_NONESSENTIAL,non-essential,2,E_geometry|N_score|N_pangenome_strong,0,0.2510328289083952,0.7213402859063387,0.0,0.0,82,1,10.38,0,3,False
AMB_RS07690,,CONFIDENT_NONESSENTIAL,non-essential,3,E_geometry|N_score|N_pangenome_some|N_mobile,0,0.3176426943100232,0.623963960524499,0.1111111111111111,1.0,163,1,1.6,2,3,True
AMB_RS07715,,UNRESOLVED,unknown,0,E_cons_core|E_geometry|N_pangenome_some|N_mobile,0,0.83547993224908,0.116792493987237,0.6451612903225806,0.0,185,1,3.3,2,3,False
AMB_RS07720,,CONFIDENT_NONESSENTIAL,non-essential,3,N_score|N_pangenome_strong|N_mobile,0,0.1187834938394825,0.8664561341529865,0.0,0.0,512,1,4.32,0,3,False
AMB_RS07725,,CONFIDENT_NONESSENTIAL,non-essential,1,E_geometry|N_score,1,0.2314467014783067,0.7169143582252894,0.0689655172413793,2.0,289,1,5.6,3,3,True
AMB_RS07730,,CONFIDENT_NONESSENTIAL,non-essential,1,E_geometry|N_score,0,0.1988113022049822,0.8002418655028547,0.0,1.0,239,1,6.39,3,3,True
AMB_RS07735,,UNRESOLVED,unknown,0,E_cons_core|E_geometry,1,0.7942537353483397,0.12127367852149173,0.5882352941176471,2.0,195,1,7.03,3,3,False
AMB_RS07740,,UNRESOLVED,unknown,0,E_cons_core|N_pangenome_some,1,0.9614196945151288,0.017214340907081165,1.0,0.0,186,0,7.59,2,3,False
AMB_RS07745,,UNRESOLVED,unknown,0,E_cons_core|N_pangenome_some,0,0.7312607585603139,0.1783001323865627,0.5,0.0,160,0,8.1,2,3,False
AMB_RS07760,,CONFIDENT_NONESSENTIAL,non-essential,2,N_score|N_pangenome_some,0,0.2479494323904099,0.779120526596089,0.0,0.0,111,0,10.96,2,3,False
AMB_RS07765,,CONFIDENT_NONESSENTIAL,non-essential,2,E_geometry|N_score|N_pangenome_some,0,0.1849645130006342,0.7543419295995158,0.0,0.0,255,1,11.62,1,3,False
AMB_RS07775,,UNRESOLVED,unknown,0,E_cons_core|E_geometry,1,0.841458300315113,0.12037457458892348,0.6756756756756757,1.0,255,1,14.68,3,3,False
AMB_RS07780,,UNRESOLVED,unknown,0,E_geometry|N_pangenome_some,1,0.6820674344614237,0.28208713621712495,0.4,0.0,81,1,15.25,2,3,False
AMB_RS07800,,CONFIDENT_NONESSENTIAL,non-essential,3,N_score|N_pangenome_strong|N_long_lagging,0,0.1348145393714404,0.8870116672011854,0.0,0.0,480,0,19.45,0,3,False
AMB_RS07810,,CONFIDENT_NONESSENTIAL,non-essential,2,E_geometry|N_score|N_pangenome_some,1,0.2651739391685676,0.7933512973457078,0.0,1.0,95,1,20.86,2,3,False
AMB_RS07815,,CONFIDENT_NONESSENTIAL,non-essential,2,N_score|N_pangenome_some,0,0.1220360971464357,0.9009050989093469,0.0,3.0,562,1,21.84,2,3,True
AMB_RS07820,,UNRESOLVED,unknown,0,N_pangenome_some,1,0.69293746210855,0.26322510817081957,0.4864864864864865,1.0,262,0,23.34,2,3,False
AMB_RS07830,,UNRESOLVED,unknown,0,N_redundancy,0,0.5906822336386743,0.3517539805051998,0.4,5.0,317,0,24.91,3,3,False
AMB_RS07840,,CONFIDENT_NONESSENTIAL,non-essential,2,N_score|N_redundancy,1,0.2074953104606972,0.8187292126808339,0.0333333333333333,9.0,385,0,27.67,3,3,True
AMB_RS07845,,UNRESOLVED,unknown,0,E_geometry,1,0.7065796842590222,0.22257525113529913,0.4848484848484848,3.0,237,1,28.77,3,3,False
AMB_RS07865,,ROGUE_SUSPECT,unknown,0,N_score|P_rogue,0,0.0676871543857095,0.9489280175979575,0.0,0.0,864,1,35.22,3,3,False
AMB_RS07870,,CONFIDENT_NONESSENTIAL,non-essential,2,N_score|N_pangenome_some,0,0.2581267695438633,0.7530591729722023,0.0,0.0,103,0,36.99,2,3,True
AMB_RS07875,,CONFIDENT_NONESSENTIAL,non-essential,2,N_score|N_pangenome_some,0,0.1612971474622568,0.8366889228656543,0.0,0.0,382,0,37.72,2,3,True
AMB_RS07885,,CONFIDENT_NONESSENTIAL,non-essential,2,N_score|N_pangenome_some,1,0.2208474812364629,0.797278123667834,0.0,0.0,206,0,39.03,1,3,True
AMB_RS07890,,UNRESOLVED,unknown,0,,0,0.6207092856007944,0.386480426113262,0.3333333333333333,0.0,100,0,39.63,3,3,False
AMB_RS07895,,CONFIDENT_NONESSENTIAL,non-essential,2,N_score|N_pangenome_some,0,0.2460236241360193,0.7976246627580259,0.0,0.0,149,0,40.03,2,3,True
AMB_RS07900,,ROGUE_SUSPECT,unknown,0,N_score|P_rogue,0,0.2427933595166948,0.7534499708272775,0.0,0.0,140,0,40.48,3,3,False
AMB_RS07905,,ROGUE_SUSPECT,unknown,0,N_score|N_long_lagging|P_rogue|P_conditional,0,0.1450080102635291,0.8671206246037115,0.0,0.0,453,0,41.42,3,3,False
AMB_RS07910,,ROGUE_SUSPECT,unknown,0,N_score|N_long_lagging|P_rogue|P_conditional,0,0.144397712376017,0.8752252347218153,0.0,0.0,461,0,42.79,3,3,False
AMB_RS07920,,CONFIDENT_NONESSENTIAL,non-essential,1,E_geometry|N_score,0,0.3556241146907677,0.5442124601398249,0.1428571428571428,0.0,173,1,45.3,3,3,True
AMB_RS07925,,CONDITIONAL_SUSPECT,unknown,0,N_score|N_long_lagging|P_conditional,0,0.138183330595998,0.9028113555516503,0.0,1.0,512,0,46.42,3,3,True
AMB_RS07930,,CONDITIONAL_SUSPECT,unknown,0,N_score|N_long_lagging|P_conditional,0,0.1457318959612739,0.9002277637955448,0.0,1.0,486,0,48.02,3,3,True
AMB_RS07935,,ROGUE_SUSPECT,unknown,0,N_score|P_rogue,0,0.2558904883881944,0.7781317741061591,0.0769230769230769,0.0,298,0,49.28,3,3,False
AMB_RS07940,,CONFIDENT_NONESSENTIAL,non-essential,2,E_geometry|N_score|N_pangenome_some,0,0.2033922577754675,0.8298219834636489,0.0,0.0,272,1,50.45,2,3,False
AMB_RS07945,,CONFIDENT_NONESSENTIAL,non-essential,2,E_geometry|N_score|N_pangenome_some,0,0.1916865298756213,0.8176558007442302,0.0,1.0,306,1,51.33,2,3,False
AMB_RS07950,,CONFIDENT_NONESSENTIAL,non-essential,2,E_geometry|N_score|N_pangenome_some,0,0.2427987981990921,0.7270957526731768,0.0,0.0,140,1,52.01,2,3,False
AMB_RS07960,,CONFIDENT_NONESSENTIAL,non-essential,2,N_score|N_pangenome_some,1,0.2618518418749799,0.7977810310556107,0.0,0.0,128,0,54.73,1,3,False
AMB_RS07965,,CONFIDENT_NONESSENTIAL,non-essential,2,N_score|N_pangenome_some,0,0.198176231091615,0.815484792906685,0.0,0.0,285,0,55.38,2,3,True
AMB_RS07970,,UNRESOLVED,unknown,0,E_cons_core|N_pangenome_some,0,0.7944622389715048,0.20968741867806998,0.5,0.0,72,0,55.94,2,3,False
AMB_RS07975,,CONFIDENT_NONESSENTIAL,non-essential,2,N_score|N_pangenome_some,0,0.2780121356694232,0.7940196155506065,0.0,0.0,94,0,56.19,1,3,True
AMB_RS07980,,UNRESOLVED,unknown,0,E_cons_core,0,0.9177460524706688,0.05764782887700312,0.7333333333333333,1.0,63,0,56.5,3,3,False
AMB_RS07985,,ROGUE_SUSPECT,unknown,0,N_score|N_long_lagging|P_rogue|P_conditional,0,0.1398484399584281,0.8918037847466058,0.0,0.0,499,0,56.05,3,3,False
AMB_RS07990,,UNRESOLVED,unknown,0,E_cons_core,1,0.9395339726839051,0.043668772565544606,1.0,0.0,486,0,54.42,3,3,True
AMB_RS07995,,UNRESOLVED,unknown,0,E_cons_core,1,0.8888725602295126,0.07743660592322675,0.8571428571428571,1.0,491,0,52.95,3,3,False
AMB_RS08000,,CONFIDENT_ESSENTIAL,essential,2,E_score|E_cons_core,1,0.9718512835047112,0.018261399145029,1.0,0.0,96,0,52.07,3,3,True
AMB_RS08010,,CONFIDENT_NONESSENTIAL,non-essential,2,E_geometry|N_score|N_pangenome_some,0,0.2620720696519549,0.7338188088666046,0.0,0.0,99,1,50.83,2,3,False
AMB_RS08015,,UNRESOLVED,unknown,0,E_cons_core|E_geometry,1,0.9621220103858736,0.018146783572848855,0.9714285714285714,0.0,156,1,50.42,3,3,True
AMB_RS08025,,UNRESOLVED,unknown,0,E_cons_core,1,0.8332687194362198,0.11900973215296143,0.7027027027027027,0.0,363,0,48.83,3,3,False
AMB_RS08030,,UNRESOLVED,unknown,0,E_cons_core,1,0.9157323436212668,0.05688307867804359,0.8275862068965517,1.0,273,0,47.71,3,3,True
AMB_RS08035,,UNRESOLVED,unknown,0,,1,0.6185345914668902,0.3435256498888301,0.34375,3.0,146,0,46.99,3,3,False
AMB_RS08040,,UNRESOLVED,unknown,0,E_cons_core,1,0.9484763916248354,0.04232765699523948,0.84375,1.0,70,0,46.55,3,3,False
AMB_RS08060,,UNRESOLVED,unknown,0,E_cons_core|E_geometry,1,0.8066548673539049,0.11243220414216296,0.5757575757575758,3.0,172,1,44.37,3,3,False
AMB_RS08065,,CONFIDENT_NONESSENTIAL,non-essential,2,N_score|N_pangenome_some,0,0.1138774794672201,0.8893715707467066,0.0,0.0,581,1,43.17,1,3,False
AMB_RS08070,,CONFIDENT_ESSENTIAL,essential,3,E_score|E_cons_core|E_geometry|F_core_redundant,1,0.9671050630023668,0.017169029815676792,1.0,12.0,246,1,41.94,3,3,True
AMB_RS08090,,UNRESOLVED,unknown,0,E_cons_core,1,0.8499867578231316,0.12583238948747777,0.6857142857142857,0.0,268,0,38.04,3,3,False
AMB_RS08095,,ROGUE_SUSPECT,unknown,0,N_score|P_rogue,0,0.2078770161093113,0.7995914191910215,0.0,0.0,237,0,37.28,3,3,False
AMB_RS08100,,UNRESOLVED,unknown,0,E_cons_core,1,0.7198157159957229,0.18917883120931306,0.5333333333333333,1.0,296,0,36.48,3,3,False
AMB_RS08105,,ROGUE_SUSPECT,unknown,0,E_geometry|N_score|P_rogue,0,0.2186428259931379,0.7265156639489031,0.0285714285714285,0.0,244,1,35.62,3,3,False
AMB_RS08110,,CONFIDENT_NONESSENTIAL,non-essential,1,E_geometry|N_score,1,0.3954349076577124,0.6021749908619786,0.1333333333333333,0.0,88,1,35.08,3,3,False
AMB_RS08115,,CONFIDENT_NONESSENTIAL,non-essential,1,E_geometry|N_score,0,0.3446097078490202,0.6140260232414866,0.1764705882352941,0.0,276,1,34.54,3,3,True
AMB_RS08120,,UNRESOLVED,unknown,0,N_pangenome_some,0,0.5603673789992462,0.3188584814568838,0.3333333333333333,0.0,178,0,33.58,2,3,False
AMB_RS08125,,ROGUE_SUSPECT,unknown,0,E_geometry|N_score|P_rogue,0,0.3230931006870974,0.6578581794092827,0.0909090909090909,0.0,138,1,33.05,3,3,False
AMB_RS08130,,CONFIDENT_NONESSENTIAL,non-essential,2,E_geometry|N_score|N_pangenome_some,0,0.3408952560263409,0.6780306564360108,0.1578947368421052,0.0,258,1,32.24,2,3,True
AMB_RS08135,,UNRESOLVED,unknown,0,E_cons_core,1,0.9527391192635112,0.024590909331773086,0.9666666666666668,0.0,245,0,31.23,3,3,True
AMB_RS08140,,UNRESOLVED,unknown,0,E_geometry,1,0.60775064345236,0.35709196352989336,0.4705882352941176,0.0,407,1,30.08,3,3,False
AMB_RS08145,,CONFIDENT_NONESSENTIAL,non-essential,1,E_geometry|N_score,1,0.2824248096877023,0.685976242052417,0.1428571428571428,1.0,345,1,28.93,3,3,True
AMB_RS08150,,CONFIDENT_NONESSENTIAL,non-essential,2,N_score|N_pangenome_some,0,0.1013039437198587,0.9100236756668433,0.0555555555555555,0.0,758,1,27.12,2,3,False
AMB_RS08155,,CONFIDENT_NONESSENTIAL,non-essential,2,N_score|N_pangenome_some,0,0.3421328480832813,0.5906675475015857,0.25,0.0,428,1,25.26,1,3,True
AMB_RS08160,,UNRESOLVED,unknown,0,E_cons_core|E_geometry,1,0.946929895739948,0.028663531040991872,1.0,0.0,371,1,23.95,3,3,False
AMB_RS08165,,UNRESOLVED,unknown,0,E_cons_core|E_geometry,1,0.9268923902882812,0.039420654079541595,0.945945945945946,0.0,413,1,22.77,3,3,False
AMB_RS08170,,UNRESOLVED,unknown,0,E_cons_core|E_geometry|N_pangenome_some,1,0.9324052722224362,0.03136318219485728,0.9705882352941176,0.0,416,1,21.51,2,3,False
AMB_RS08175,,UNRESOLVED,unknown,0,E_cons_core|E_geometry,1,0.94828365827904,0.028098315571014797,1.0,0.0,355,1,20.22,3,3,False
AMB_RS08180,,UNRESOLVED,unknown,0,E_cons_core|E_geometry,1,0.8103721332549938,0.09786643974253842,0.6571428571428571,0.0,284,1,19.27,3,3,False
AMB_RS08200,,CONFIDENT_NONESSENTIAL,non-essential,1,N_score,1,0.152838054976495,0.8427720933931155,0.0,1.0,399,0,15.44,3,3,True
AMB_RS08230,,CONFIDENT_NONESSENTIAL,non-essential,2,E_geometry|N_score|N_pangenome_some,0,0.2010986796087904,0.8704506250699374,0.0,1.0,267,1,6.81,2,3,False
AMB_RS08250,,CONFIDENT_NONESSENTIAL,non-essential,3,N_score|N_pangenome_strong|N_mobile,0,0.4330911412671461,0.6624461792149506,0.25,1.0,277,0,0.94,0,3,False
AMB_RS24300,,CONFIDENT_NONESSENTIAL,non-essential,3,N_score|N_redundancy|N_mobile,0,0.2038918491855215,0.9175618595150633,0.037037037037037,6.0,411,0,0.0,3,3,True
AMB_RS08275,,CONFIDENT_NONESSENTIAL,non-essential,4,N_score|N_pangenome_some|N_mobile|N_long_lagging,0,0.1141854967285141,0.9006098862672318,0.0,0.0,551,0,1.63,1,3,False
AMB_RS08280,,CONFIDENT_NONESSENTIAL,non-essential,3,N_score|N_pangenome_some|N_mobile,0,0.306151913113201,0.6746653305246924,0.1818181818181818,0.0,350,0,2.98,2,3,False
AMB_RS08285,,CONFIDENT_NONESSENTIAL,non-essential,3,N_score|N_pangenome_strong|N_mobile,1,0.2531211367014335,0.7666527533955647,0.0,0.0,88,0,3.63,0,3,False
AMB_RS08290,,CONFIDENT_NONESSENTIAL,non-essential,3,N_score|N_pangenome_strong|N_mobile,0,0.25881127214548,0.7955953859192242,0.0,0.0,87,0,3.9,0,3,False
AMB_RS08295,,CONFIDENT_NONESSENTIAL,non-essential,3,N_score|N_pangenome_some|N_mobile,0,0.2948543357818833,0.6956994693563939,0.1818181818181818,0.0,380,0,4.59,2,3,False
AMB_RS08300,,UNRESOLVED,unknown,0,N_pangenome_some,0,0.6731288191718436,0.2492917758057751,0.4,0.0,79,0,5.28,2,3,False
AMB_RS08310,,CONFIDENT_NONESSENTIAL,non-essential,1,N_score,0,0.2793010465601367,0.7450879971929818,0.1290322580645161,0.0,313,0,6.96,3,3,True
AMB_RS08315,,UNRESOLVED,unknown,0,N_pangenome_some,1,0.5285343147647612,0.4700198888050167,0.2727272727272727,0.0,115,0,7.6,2,3,False
AMB_RS08320,,CONFIDENT_NONESSENTIAL,non-essential,2,N_score|N_pangenome_some,0,0.1564194627727237,0.8326029084820049,0.0,0.0,368,0,8.31,1,3,False
AMB_RS08330,,CONFIDENT_NONESSENTIAL,non-essential,2,N_score|N_pangenome_some,0,0.2264350745328842,0.7862780232183361,0.0,0.0,161,0,9.34,2,3,False
AMB_RS08335,,CONFIDENT_NONESSENTIAL,non-essential,3,N_score|N_pangenome_some|N_long_lagging,0,0.170337273938382,0.8547616581337509,0.1,1.0,568,0,10.5,2,3,True
AMB_RS08340,,CONFIDENT_NONESSENTIAL,non-essential,2,N_score|N_pangenome_some,0,0.4550136472453855,0.5754533595531867,0.3333333333333333,0.0,402,0,11.96,2,3,False
AMB_RS08345,,CONFIDENT_NONESSENTIAL,non-essential,1,N_score,0,0.3337421180941187,0.6505842141934021,0.2,0.0,340,0,13.08,3,3,False
AMB_RS08350,,CONFIDENT_NONESSENTIAL,non-essential,2,N_score|N_pangenome_some,0,0.2651291030805826,0.7375111627948227,0.1428571428571428,0.0,377,0,14.16,2,3,False
AMB_RS08365,,CONFIDENT_NONESSENTIAL,non-essential,2,N_score|N_redundancy,1,0.1588131498328552,0.8390485559270794,0.0,4.0,404,0,16.52,3,3,True
AMB_RS08370,,CONFIDENT_NONESSENTIAL,non-essential,3,N_score|N_pangenome_some|N_long_lagging,0,0.2494411391674576,0.7882649108645023,0.1333333333333333,2.0,428,0,17.83,2,3,True
AMB_RS08375,,CONFIDENT_NONESSENTIAL,non-essential,2,N_score|N_pangenome_strong,0,0.1382991850382756,0.8722264763195123,0.0,0.0,457,1,19.64,0,3,False
AMB_RS08380,,CONDITIONAL_SUSPECT,unknown,0,N_score|N_redundancy|N_long_lagging|P_conditional,1,0.4020550840181826,0.5451656003332804,0.2941176470588235,5.0,446,0,21.03,3,3,True
AMB_RS08385,,ROGUE_SUSPECT,unknown,0,N_score|P_rogue,0,0.1048189801377096,0.8988443327455238,0.0,0.0,607,1,22.69,3,3,True
AMB_RS08390,,CONFIDENT_ESSENTIAL,essential,3,E_score|E_cons_core|E_geometry|N_pangenome_some,1,0.9690462681526784,0.016984843196560462,1.0,0.0,104,1,23.85,1,3,False
AMB_RS08400,,CONFIDENT_NONESSENTIAL,non-essential,2,N_score|N_pangenome_strong,0,0.1881864880717755,0.8344308389904127,0.0,0.0,292,0,24.99,0,3,False
AMB_RS08405,,CONFIDENT_NONESSENTIAL,non-essential,2,E_geometry|N_score|N_pangenome_some,0,0.1740562787776157,0.824242626220117,0.0,0.0,326,1,26.02,2,3,False
AMB_RS08415,,CONFIDENT_NONESSENTIAL,non-essential,2,E_geometry|N_score|N_pangenome_some,0,0.309137694226727,0.7020563294906904,0.0833333333333333,1.0,164,1,27.34,1,3,False
AMB_RS08425,,CONDITIONAL_SUSPECT,unknown,0,N_score|N_long_lagging|P_conditional,0,0.2225340088627247,0.769722987492556,0.0967741935483871,3.0,420,0,28.76,3,3,True
AMB_RS08430,,UNRESOLVED,unknown,0,E_cons_core,1,0.9047327958687448,0.05292554369761622,0.8918918918918919,2.0,456,1,30.17,3,3,False
AMB_RS08435,,CONFIDENT_NONESSENTIAL,non-essential,2,E_geometry|N_score|N_pangenome_some,0,0.1853512017138553,0.8077215395585131,0.0,0.0,292,1,31.28,1,3,False
AMB_RS08440,,UNRESOLVED,unknown,0,E_cons_core,1,0.9012635017361555,0.05370287816399666,0.8571428571428571,1.0,392,0,32.45,3,3,False
AMB_RS08450,,CONFIDENT_NONESSENTIAL,non-essential,2,E_geometry|N_score|N_redundancy,1,0.2081751969139007,0.8099740013780752,0.0333333333333333,9.0,385,1,35.73,3,3,True
AMB_RS08455,,CONFIDENT_NONESSENTIAL,non-essential,2,E_geometry|N_score|N_redundancy,0,0.3938967356259971,0.5890125885280958,0.2068965517241379,5.0,292,1,36.83,3,3,True
AMB_RS08460,,CONFIDENT_NONESSENTIAL,non-essential,2,E_geometry|N_score|N_redundancy,0,0.2534380867953516,0.7598507925399764,0.0689655172413793,6.0,316,1,37.75,3,3,True
AMB_RS08465,,UNRESOLVED,unknown,0,E_geometry|N_redundancy,1,0.6289984461565663,0.3248623437167695,0.3928571428571428,7.0,254,1,38.6,3,3,False
AMB_RS08470,,UNRESOLVED,unknown,0,E_geometry|N_redundancy,0,0.7266729280352924,0.20887504885017674,0.4857142857142857,7.0,235,1,39.34,3,3,False
AMB_RS08475,,CONFIDENT_NONESSENTIAL,non-essential,1,E_cons_core|E_geometry|N_pangenome_strong,0,0.9642993699308842,0.020048839201603726,1.0,0.0,191,1,40.44,0,3,False
AMB_RS08485,,CONFIDENT_NONESSENTIAL,non-essential,1,E_cons_core|E_geometry|N_pangenome_strong,0,0.6408589294750415,0.29648958747118925,0.5,0.0,406,1,41.61,0,3,False
AMB_RS08490,,CONFIDENT_NONESSENTIAL,non-essential,2,E_geometry|N_score|N_pangenome_some,0,0.23577776275601,0.7294961580842291,0.1153846153846153,1.0,411,1,42.84,2,3,True
AMB_RS08500,,CONFIDENT_NONESSENTIAL,non-essential,2,N_score|N_pangenome_some,0,0.1962959341469889,0.7898652756922334,0.0,0.0,270,0,45.51,1,3,True
AMB_RS08510,,CONFIDENT_NONESSENTIAL,non-essential,1,N_score,1,0.2628640261523025,0.759507619533386,0.1351351351351351,1.0,413,0,49.71,3,3,True
AMB_RS08515,,UNRESOLVED,unknown,0,,1,0.5295868810736621,0.4358166828879333,0.4054054054054054,3.0,460,0,49.49,3,3,False
AMB_RS08585,,CONFIDENT_NONESSENTIAL,non-essential,2,N_score|N_pangenome_some,1,0.2717898610538793,0.7852711063746192,0.0,0.0,85,0,36.4,1,3,False
AMB_RS08640,,CONFIDENT_NONESSENTIAL,non-essential,2,E_geometry|N_score|N_pangenome_strong,0,0.1902341675899175,0.8543807706232301,0.0,0.0,293,1,23.07,0,3,False
AMB_RS08650,,UNRESOLVED,unknown,0,N_pangenome_some,0,0.5871836446393246,0.35260051024169836,0.3333333333333333,0.0,129,0,18.98,1,3,False
AMB_RS08655,,CONFIDENT_NONESSENTIAL,non-essential,1,E_cons_core|N_pangenome_strong,1,0.9100513797477696,0.04441344038035763,0.75,0.0,79,0,18.66,0,3,False
AMB_RS08690,,CONFIDENT_NONESSENTIAL,non-essential,2,E_geometry|N_score|N_pangenome_some,0,0.1961616019140065,0.8188484451645348,0.0,1.0,258,1,11.61,2,3,True
AMB_RS24315,,CONFIDENT_NONESSENTIAL,non-essential,2,E_geometry|N_score|N_pangenome_some,0,0.2035172385427146,0.8780450025425532,0.0,1.0,264,1,5.67,2,3,True
AMB_RS23745,,CONFIDENT_NONESSENTIAL,non-essential,3,E_geometry|N_score|N_pangenome_some|N_mobile,0,0.242718103739535,0.80046830339557,0.0,0.0,120,1,1.17,1,3,False
AMB_RS24335,,CONFIDENT_NONESSENTIAL,non-essential,3,E_geometry|N_score|N_pangenome_some|N_mobile,1,0.2603102470045413,0.7383549549216537,0.0,0.0,59,1,1.76,2,3,False
AMB_RS23325,,CONFIDENT_NONESSENTIAL,non-essential,3,E_geometry|N_score|N_pangenome_strong|N_mobile,1,0.3828974020896751,0.6236300799680715,0.25,1.0,349,1,0.0,0,3,False
AMB_RS08915,,CONFIDENT_NONESSENTIAL,non-essential,3,E_geometry|N_score|N_pangenome_strong|N_mobile,1,0.2404818665456564,0.7520189416318809,0.0,0.0,110,1,4.79,0,3,False
AMB_RS08925,,CONFIDENT_NONESSENTIAL,non-essential,3,N_score|N_pangenome_strong|N_mobile,1,0.1139791994032418,0.8930677316156357,0.0,0.0,546,1,3.12,0,3,False
AMB_RS08930,,CONFIDENT_NONESSENTIAL,non-essential,3,N_score|N_pangenome_strong|N_mobile,1,0.1155379570615681,0.8883162515489818,0.0,0.0,535,1,1.5,0,3,False
AMB_RS23335,,CONFIDENT_NONESSENTIAL,non-essential,3,N_score|N_pangenome_strong|N_mobile,1,0.1277161137441929,0.856812696823519,0.0,0.0,468,1,0.0,0,3,False
AMB_RS08940,,CONFIDENT_NONESSENTIAL,non-essential,3,E_geometry|N_score|N_pangenome_strong|N_mobile,1,0.3428890745645677,0.5633644920492058,0.25,1.0,404,1,0.0,0,3,False
AMB_RS08945,,CONFIDENT_NONESSENTIAL,non-essential,3,E_geometry|N_score|N_pangenome_strong|N_mobile,1,0.2215758801241277,0.7096254613353097,0.0,0.0,136,1,0.66,0,3,False
AMB_RS08950,,CONFIDENT_NONESSENTIAL,non-essential,3,E_geometry|N_score|N_pangenome_strong|N_mobile,1,0.176945498301625,0.8335777744903814,0.0,0.0,298,1,0.0,0,3,False
AMB_RS08960,,CONFIDENT_NONESSENTIAL,non-essential,2,E_geometry|N_pangenome_strong|N_mobile,1,0.5671568836407752,0.3343237393298816,0.3333333333333333,0.0,139,1,0.52,0,3,False
AMB_RS23345,,CONFIDENT_NONESSENTIAL,non-essential,3,E_geometry|N_score|N_pangenome_some|N_mobile,1,0.1904602232889614,0.8213717616279744,0.0,0.0,256,1,0.84,1,3,False
AMB_RS23350,,CONFIDENT_NONESSENTIAL,non-essential,3,E_geometry|N_score|N_pangenome_some|N_mobile,1,0.2038229604451709,0.7866550651796054,0.0,0.0,209,1,3.31,1,3,False
AMB_RS09050,,CONFIDENT_NONESSENTIAL,non-essential,3,N_score|N_pangenome_some|N_mobile,0,0.1335101069504069,0.8658993026734152,0.0,0.0,453,1,1.23,1,3,False
AMB_RS09070,,CONFIDENT_NONESSENTIAL,non-essential,1,N_score,0,0.3831546383236304,0.5844097033004783,0.1714285714285714,1.0,173,0,7.93,3,3,False
AMB_RS09075,,CONFIDENT_NONESSENTIAL,non-essential,1,N_score,1,0.4609192277091073,0.4959135032385854,0.3243243243243243,0.0,348,0,8.72,3,3,False
AMB_RS09080,,CONFIDENT_NONESSENTIAL,non-essential,1,N_score,1,0.195659792294414,0.8037415223474506,0.0869565217391304,3.0,460,1,10.4,3,3,True
AMB_RS09095,,CONFIDENT_NONESSENTIAL,non-essential,2,N_score|N_pangenome_strong,0,0.2286089046186513,0.7786839141312228,0.0,0.0,156,0,13.1,0,3,False
AMB_RS09100,,CONFIDENT_NONESSENTIAL,non-essential,3,N_score|N_pangenome_strong|N_long_lagging,0,0.137150701995536,0.872248661902875,0.0,0.0,457,0,14.02,0,3,False
AMB_RS09115,,CONFIDENT_NONESSENTIAL,non-essential,2,N_score|N_pangenome_some,0,0.2422073136569813,0.7229277904134532,0.0,0.0,109,0,17.15,2,3,False
AMB_RS09120,,UNRESOLVED,unknown,0,N_redundancy,0,0.7156215334426328,0.2062804430632224,0.4857142857142857,7.0,238,0,17.66,3,3,False
AMB_RS09125,,UNRESOLVED,unknown,0,N_redundancy,1,0.6119447538842344,0.33977885276973735,0.3928571428571428,7.0,271,0,18.43,3,3,False
AMB_RS09130,,CONFIDENT_NONESSENTIAL,non-essential,2,N_score|N_redundancy,0,0.2084247865119062,0.788365579386303,0.0689655172413793,6.0,416,0,19.59,3,3,True
AMB_RS09135,,CONFIDENT_NONESSENTIAL,non-essential,2,N_score|N_redundancy,0,0.3835218821971163,0.6204266762435305,0.2068965517241379,5.0,305,0,20.68,3,3,True
AMB_RS09140,,CONFIDENT_NONESSENTIAL,non-essential,3,N_score|N_pangenome_some|N_redundancy,0,0.2935287541172606,0.7142876298617808,0.2307692307692307,6.0,560,1,22.22,2,3,True
AMB_RS09145,,CONFIDENT_NONESSENTIAL,non-essential,1,N_score,1,0.1838867467107034,0.791645891089688,0.1891891891891892,3.0,725,1,24.23,3,3,True
AMB_RS09150,,UNRESOLVED,unknown,0,E_geometry,0,0.5087235830668305,0.41285897729997206,0.2580645161290322,2.0,131,1,25.51,3,3,False
AMB_RS09160,,UNRESOLVED,unknown,0,E_cons_core|E_geometry,1,0.90723197591948,0.057917780350461245,0.7272727272727273,0.0,67,1,27.08,3,3,False
AMB_RS09170,,UNRESOLVED,unknown,0,E_geometry,1,0.4927762140006397,0.4486765486597691,0.3055555555555556,1.0,266,1,28.27,3,3,False
AMB_RS09175,,CONDITIONAL_SUSPECT,unknown,0,N_score|N_long_lagging|P_conditional,1,0.215876261856156,0.7972848786682155,0.1351351351351351,0.0,507,0,29.54,3,3,False
AMB_RS09180,,CONDITIONAL_SUSPECT,unknown,0,N_score|N_long_lagging|P_conditional,1,0.2299159214633981,0.778528179656297,0.2058823529411764,0.0,624,0,31.25,3,3,False
AMB_RS09195,,CONFIDENT_NONESSENTIAL,non-essential,2,E_geometry|N_score|N_pangenome_some,0,0.1675338613265523,0.8645205021007548,0.0,1.0,380,1,33.79,1,3,True
AMB_RS09205,,UNRESOLVED,unknown,0,E_cons_core|E_geometry|N_pangenome_some,1,0.9161152681980088,0.042562475790524607,0.8378378378378378,0.0,252,1,35.4,2,3,False
AMB_RS09210,,UNRESOLVED,unknown,0,E_cons_core|E_geometry|N_pangenome_some,1,0.8682373495784135,0.06567863447377081,0.6666666666666666,0.0,113,1,36.16,1,3,False
AMB_RS09215,,UNRESOLVED,unknown,0,E_cons_core,1,0.9288220099521588,0.04491993074530028,1.0,0.0,542,1,37.24,3,3,False
AMB_RS09220,,UNRESOLVED,unknown,0,E_cons_core|E_geometry,1,0.9370900986137232,0.03586053240655503,0.9142857142857144,0.0,284,1,38.5,3,3,False
AMB_RS09225,,UNRESOLVED,unknown,0,E_cons_core,1,0.9104025478149552,0.05783603652879743,0.8918918918918919,0.0,426,1,39.6,3,3,False
AMB_RS09235,,CONFIDENT_NONESSENTIAL,non-essential,2,E_geometry|N_score|N_pangenome_strong,0,0.2033070282596628,0.83134863461468,0.0,0.0,264,1,41.46,0,3,False
AMB_RS09255,,CONFIDENT_NONESSENTIAL,non-essential,1,E_geometry|N_score,1,0.4004930271646766,0.5659287775739148,0.16,2.0,153,1,44.69,3,3,True
AMB_RS09260,,CONFIDENT_NONESSENTIAL,non-essential,2,E_geometry|N_score|N_pangenome_some,0,0.2488730388777496,0.763172284826938,0.1,0.0,353,1,45.45,1,3,False
AMB_RS09265,,UNRESOLVED,unknown,0,E_geometry,0,0.707308563264241,0.25975691385877464,0.4375,1.0,143,1,46.2,3,3,False
AMB_RS09270,,CONFIDENT_NONESSENTIAL,non-essential,2,E_geometry|N_score|N_pangenome_strong,0,0.2497414310176678,0.7422393908480929,0.0,0.0,124,1,46.61,0,3,False
AMB_RS09275,,CONFIDENT_NONESSENTIAL,non-essential,2,N_score|N_pangenome_strong,0,0.1162326208393291,0.8801833361259763,0.0,0.0,569,1,47.66,0,3,False
AMB_RS09280,,UNRESOLVED,unknown,0,E_geometry,0,0.5841783631591353,0.3656477198394264,0.2972972972972973,2.0,100,1,48.71,3,3,False
AMB_RS09285,,UNRESOLVED,unknown,0,E_cons_core|E_geometry,1,0.8037648679836024,0.11332198338113021,0.5757575757575758,3.0,184,1,49.3,3,3,False
AMB_RS09290,,CONFIDENT_NONESSENTIAL,non-essential,1,E_geometry|N_score,0,0.1635733389062912,0.8239624511828029,0.0,3.0,403,1,50.24,3,3,True
AMB_RS09300,,CONFIDENT_NONESSENTIAL,non-essential,2,E_geometry|N_score|N_pangenome_strong,0,0.2337326237735348,0.7485492437414909,0.0,0.0,167,1,51.89,0,3,False
AMB_RS09310,,CONFIDENT_NONESSENTIAL,non-essential,3,N_score|N_pangenome_some|N_redundancy,0,0.1804546722321344,0.8620533023648048,0.0,5.0,393,0,52.49,2,3,True
AMB_RS09325,,CONFIDENT_NONESSENTIAL,non-essential,3,N_score|N_pangenome_strong|N_long_lagging,0,0.1482108460061423,0.8836747772587393,0.0,0.0,455,0,45.16,0,3,False
AMB_RS09330,,UNRESOLVED,unknown,0,E_cons_core|E_geometry|F_core_redundant,1,0.9046953710520094,0.059865473877259476,0.7428571428571429,12.0,230,1,44.0,3,3,True
AMB_RS09335,,CONFIDENT_NONESSENTIAL,non-essential,2,N_score|N_pangenome_strong,0,0.1248833045716906,0.8719984364753232,0.0,0.0,526,1,42.87,0,3,False
AMB_RS09340,,CONFIDENT_NONESSENTIAL,non-essential,2,N_score|N_pangenome_some,1,0.1404253467971028,0.8489540615451775,0.0,0.0,456,1,41.03,1,3,False
AMB_RS09345,,UNRESOLVED,unknown,0,E_geometry|N_redundancy,1,0.7262465173186302,0.2131342406986156,0.4571428571428571,4.0,150,1,40.08,3,3,False
AMB_RS09350,,CONFIDENT_NONESSENTIAL,non-essential,3,N_score|N_pangenome_some|N_long_lagging,0,0.1107317251007066,0.8953686094765063,0.0,0.0,595,0,38.91,2,3,True
AMB_RS09365,,UNRESOLVED,unknown,0,E_cons_core|N_pangenome_some,0,0.8271434203058152,0.12043645350185986,0.6666666666666666,0.0,290,0,36.26,2,3,False
AMB_RS09375,,ROGUE_SUSPECT,unknown,0,N_score|P_rogue,0,0.2410106491556964,0.7494787512117622,0.0769230769230769,0.0,306,0,34.31,3,3,True
AMB_RS09380,,CONFIDENT_NONESSENTIAL,non-essential,1,N_score,1,0.4513453079891996,0.4664357085785801,0.2580645161290322,3.0,257,0,33.47,3,3,False
AMB_RS09390,,UNRESOLVED,unknown,0,N_redundancy,0,0.6702019533566335,0.2436488362191064,0.4285714285714285,9.0,243,0,31.59,3,3,False
AMB_RS09395,,UNRESOLVED,unknown,0,,0,0.5381848722723253,0.37002664696782295,0.3548387096774194,0.0,274,0,30.81,3,3,False
AMB_RS09400,,CONFIDENT_NONESSENTIAL,non-essential,1,N_score,1,0.4334023347342798,0.5016807458391095,0.2580645161290322,3.0,293,0,29.96,3,3,False
AMB_RS09405,,CONFIDENT_NONESSENTIAL,non-essential,3,N_score|N_pangenome_strong|N_long_lagging,0,0.1399710162052165,0.8874455649661719,0.0,0.0,470,0,28.81,0,3,False
AMB_RS09415,,CONFIDENT_NONESSENTIAL,non-essential,2,N_score|N_pangenome_strong,0,0.1653951105025856,0.867283263121068,0.0,0.0,375,0,27.12,0,3,False
AMB_RS09420,,CONFIDENT_NONESSENTIAL,non-essential,2,E_geometry|N_score|N_pangenome_some,0,0.1691335352048397,0.8295212838278052,0.0,0.0,342,1,25.88,1,3,False
AMB_RS09425,,CONFIDENT_NONESSENTIAL,non-essential,1,E_geometry|N_score,1,0.4461400606661502,0.46504799014591314,0.2580645161290322,3.0,256,1,24.98,3,3,False
AMB_RS09430,,CONFIDENT_NONESSENTIAL,non-essential,2,E_geometry|N_score|N_pangenome_some,0,0.1875908751966101,0.7670739948132431,0.0,0.0,263,1,24.21,1,3,False
AMB_RS09435,,CONFIDENT_NONESSENTIAL,non-essential,2,E_geometry|N_score|N_pangenome_some,0,0.2970607177946097,0.6532995906900385,0.1111111111111111,0.0,222,1,23.49,2,3,True
AMB_RS09450,,CONFIDENT_NONESSENTIAL,non-essential,2,N_score|N_pangenome_some,1,0.2365612324384958,0.7369665116037901,0.0,0.0,129,0,20.16,1,3,False
AMB_RS09460,,UNRESOLVED,unknown,0,N_redundancy,1,0.7172934394590726,0.2148325254067618,0.4705882352941176,8.0,214,0,19.19,3,3,False
AMB_RS09475,,CONDITIONAL_SUSPECT,unknown,0,N_score|N_long_lagging|P_conditional,0,0.3108380475495935,0.6279236735978877,0.2352941176470588,3.0,477,0,11.13,3,3,True
AMB_RS09480,,CONDITIONAL_SUSPECT,unknown,0,N_score|N_redundancy|N_long_lagging|P_conditional,0,0.0803479013094859,0.9453753421392305,0.1142857142857142,5.0,1053,0,8.85,3,3,True
AMB_RS09485,,CONFIDENT_NONESSENTIAL,non-essential,2,N_score|N_redundancy,0,0.3732284477295235,0.5766814761032791,0.2571428571428571,5.0,409,0,6.6,3,3,True
AMB_RS09490,,UNRESOLVED,unknown,0,N_redundancy,0,0.7299494385894081,0.25314385689068686,0.4864864864864865,6.0,208,0,5.49,3,3,False
AMB_RS09530,,CONFIDENT_NONESSENTIAL,non-essential,2,E_geometry|N_pangenome_strong|N_mobile,0,0.5213574134089308,0.4761931944351294,0.2857142857142857,0.0,148,1,0.0,0,3,False
AMB_RS09540,,CONFIDENT_NONESSENTIAL,non-essential,3,E_geometry|N_score|N_pangenome_strong|N_mobile,0,0.225676165118262,0.7809772725934646,0.0,0.0,150,1,0.0,0,3,False
AMB_RS09550,,CONFIDENT_NONESSENTIAL,non-essential,3,E_geometry|N_score|N_pangenome_strong|N_mobile,0,0.1984506232124602,0.8106966529737797,0.0,0.0,230,1,0.86,0,3,False
AMB_RS09570,,CONFIDENT_NONESSENTIAL,non-essential,2,E_geometry|N_pangenome_strong|N_mobile,0,0.592733422194408,0.3273857920213457,0.3529411764705882,0.0,137,1,0.96,0,3,False
AMB_RS09640,,ROGUE_SUSPECT,unknown,0,N_score|P_rogue,0,0.1131337839325744,0.8917621995966232,0.0,0.0,557,1,12.8,3,3,False
AMB_RS09645,,ROGUE_SUSPECT,unknown,0,N_score|P_rogue,0,0.0910615426377729,0.9166104625754274,0.0,0.0,677,1,14.5,3,3,False
AMB_RS09650,,ROGUE_SUSPECT,unknown,0,E_geometry|N_score|P_rogue,1,0.2626840036647652,0.6847952165311619,0.0666666666666666,0.0,194,1,13.18,3,3,True
AMB_RS09655,,ROGUE_SUSPECT,unknown,0,N_score|P_rogue,0,0.0592438747434394,0.9458838927931236,0.0,0.0,896,1,11.53,3,3,False
AMB_RS09660,,UNRESOLVED,unknown,0,E_cons_core|E_geometry|F_core_redundant,1,0.8988717525425175,0.06276342884514645,0.7428571428571429,12.0,229,1,9.85,3,3,True
AMB_RS09665,,CONDITIONAL_SUSPECT,unknown,0,N_score|N_redundancy|N_long_lagging|P_conditional,1,0.3978294919726161,0.5556730222709748,0.2941176470588235,5.0,444,0,8.66,3,3,True
AMB_RS09685,,CONFIDENT_NONESSENTIAL,non-essential,3,N_score|N_pangenome_some|N_mobile,0,0.1926477359190908,0.8140205472628268,0.0,0.0,250,0,2.97,1,3,False
AMB_RS09690,,CONFIDENT_NONESSENTIAL,non-essential,3,N_score|N_pangenome_some|N_mobile,0,0.2845993934228328,0.7110993909415388,0.0714285714285714,1.0,167,0,2.33,2,3,False
AMB_RS24365,,CONFIDENT_NONESSENTIAL,non-essential,3,E_geometry|N_score|N_pangenome_strong|N_mobile,0,0.2388690438773475,0.7679325031424787,0.0,0.0,115,1,0.54,0,3,True
AMB_RS09755,,CONFIDENT_NONESSENTIAL,non-essential,3,E_geometry|N_score|N_pangenome_some|N_mobile,1,0.2270564505971495,0.7362202292324597,0.0,0.0,135,1,4.8,2,3,False
AMB_RS09795,,CONFIDENT_NONESSENTIAL,non-essential,3,E_geometry|N_score|N_pangenome_strong|N_mobile,0,0.1581259746738356,0.8552730284748428,0.0,0.0,364,1,0.0,0,3,False
AMB_RS09800,,CONFIDENT_NONESSENTIAL,non-essential,4,N_score|N_pangenome_some|N_mobile|N_long_lagging,0,0.1257256743438615,0.8647504719739295,0.0,0.0,482,0,1.34,1,3,False
AMB_RS09805,,CONFIDENT_NONESSENTIAL,non-essential,3,N_score|N_pangenome_some|N_mobile,0,0.1610811982939823,0.8204817432332782,0.0,0.0,342,0,2.57,1,3,False
AMB_RS09810,,ROGUE_SUSPECT,unknown,0,N_score|N_mobile|P_rogue,0,0.2204113015019685,0.7450976056311395,0.0294117647058823,0.0,219,0,3.44,3,3,False
AMB_RS09815,,CONFIDENT_NONESSENTIAL,non-essential,3,N_score|N_pangenome_strong|N_mobile,0,0.1773803097443366,0.8445784674555591,0.0,0.0,307,0,4.24,0,3,False
AMB_RS09840,,CONFIDENT_NONESSENTIAL,non-essential,2,E_geometry|N_score|N_pangenome_some,0,0.163012782101906,0.8637961236009898,0.0,0.0,371,1,19.03,1,3,True
AMB_RS09855,,ROGUE_SUSPECT,unknown,0,N_score|P_rogue,0,0.2298246241000481,0.7575290920440256,0.027027027027027,0.0,212,0,21.19,3,3,False
AMB_RS09865,,CONFIDENT_NONESSENTIAL,non-essential,1,E_geometry|N_score,0,0.1919626893685889,0.7733214524080684,0.0,1.0,260,1,22.54,3,3,False
AMB_RS09880,,CONFIDENT_NONESSENTIAL,non-essential,3,N_score|N_pangenome_some|N_redundancy,0,0.2897905696380015,0.70002788069801,0.2307692307692307,6.0,567,1,27.14,2,3,True
AMB_RS09900,,CONFIDENT_NONESSENTIAL,non-essential,2,N_score|N_pangenome_some,0,0.1336121682476053,0.8749691660454857,0.0,1.0,493,1,31.23,2,3,True
AMB_RS09915,,CONFIDENT_NONESSENTIAL,non-essential,2,N_score|N_pangenome_some,0,0.0813480012309816,0.9306290222498206,0.0,1.0,768,1,35.35,1,3,True
AMB_RS09920,,CONFIDENT_NONESSENTIAL,non-essential,1,E_geometry|N_score,0,0.1984162315449547,0.8163605964488516,0.032258064516129,2.0,353,1,37.03,3,3,True
AMB_RS09935,,CONDITIONAL_SUSPECT,unknown,0,N_score|N_long_lagging|P_conditional,0,0.1551667321827425,0.8647665491292303,0.0,1.0,426,0,41.56,3,3,True
AMB_RS09945,,CONFIDENT_ESSENTIAL,essential,3,E_score|E_cons_core|E_geometry|N_pangenome_some,1,0.9721555687607868,0.013248442172540037,1.0,0.0,59,1,42.84,2,3,False
AMB_RS09955,,CONFIDENT_NONESSENTIAL,non-essential,3,N_score|N_pangenome_some|N_long_lagging,0,0.1303577487846555,0.8754038840733283,0.0,0.0,512,0,46.29,2,3,True
AMB_RS09965,,CONFIDENT_NONESSENTIAL,non-essential,1,E_geometry|N_score,1,0.252694147614911,0.702104506861287,0.0689655172413793,2.0,275,1,49.12,3,3,True
AMB_RS09975,,CONFIDENT_NONESSENTIAL,non-essential,1,N_score,1,0.3896195722112733,0.5602200261247244,0.2258064516129032,1.0,314,0,50.83,3,3,True
AMB_RS09980,,CONDITIONAL_SUSPECT,unknown,0,N_score|N_long_lagging|P_conditional,1,0.1436039031711447,0.8782110495411194,0.03125,1.0,550,0,52.12,3,3,True
AMB_RS09990,,CONFIDENT_NONESSENTIAL,non-essential,2,N_score|N_pangenome_some,0,0.08540247626286,0.9172849250734231,0.0,0.0,743,1,54.6,1,3,False
AMB_RS09995,,UNRESOLVED,unknown,0,E_cons_core,1,0.9285006739914768,0.042773097603249814,0.9428571428571428,0.0,433,0,56.37,3,3,False
AMB_RS10010,,CONFIDENT_NONESSENTIAL,non-essential,2,E_geometry|N_score|N_pangenome_some,0,0.2162895864466767,0.7682176439816545,0.0,0.0,222,1,59.76,1,3,False
AMB_RS10015,,CONFIDENT_NONESSENTIAL,non-essential,2,N_score|N_pangenome_some,0,0.3315706133496289,0.6299275003019772,0.1666666666666666,0.0,307,0,60.59,1,3,True
AMB_RS10035,,CONFIDENT_NONESSENTIAL,non-essential,3,N_score|N_pangenome_strong|N_long_lagging,0,0.125152567548775,0.9097737861455713,0.2857142857142857,0.0,1199,0,60.9,0,3,False
AMB_RS10100,,CONFIDENT_NONESSENTIAL,non-essential,2,E_geometry|N_score|N_pangenome_strong,0,0.2233471232764272,0.7530564638170542,0.0,0.0,178,1,36.22,0,3,True
AMB_RS10115,,UNRESOLVED,unknown,0,E_geometry,0,0.5382584347163002,0.39390763027666525,0.2916666666666667,0.0,140,1,31.92,3,3,False
AMB_RS10125,,CONFIDENT_NONESSENTIAL,non-essential,1,E_geometry|N_score,0,0.1717597972503315,0.8327766061229678,0.0,1.0,348,1,30.7,3,3,False
AMB_RS10130,,CONFIDENT_NONESSENTIAL,non-essential,1,E_geometry|N_score,1,0.2357769142281989,0.7184804740419635,0.0588235294117647,3.0,286,1,29.75,3,3,True
AMB_RS10135,,CONFIDENT_NONESSENTIAL,non-essential,1,E_geometry|N_score,1,0.2421706521222295,0.746283668257843,0.0588235294117647,3.0,280,1,28.9,3,3,True
AMB_RS10150,,CONFIDENT_NONESSENTIAL,non-essential,2,N_score|N_pangenome_some,0,0.2378226127639033,0.7917820482146066,0.0,0.0,152,0,27.16,1,3,False
AMB_RS10155,,CONFIDENT_ESSENTIAL,essential,2,E_score|E_cons_core|N_pangenome_some,1,0.9679842202069092,0.01737979717399272,1.0,0.0,123,0,26.74,1,3,False
AMB_RS10165,,CONFIDENT_NONESSENTIAL,non-essential,2,E_geometry|N_score|N_pangenome_some,1,0.3460918596370572,0.5965440978547008,0.2,0.0,309,1,23.35,1,3,False
AMB_RS10185,,CONFIDENT_NONESSENTIAL,non-essential,1,E_geometry|N_score,0,0.2230438695099327,0.7139589329544127,0.0625,1.0,295,1,17.83,3,3,True
AMB_RS10190,,UNRESOLVED,unknown,0,E_cons_core|E_geometry|F_core_redundant,1,0.7821467062164253,0.1334186273161168,0.5428571428571428,4.0,156,1,17.05,3,3,False
AMB_RS10195,,UNRESOLVED,unknown,0,E_geometry|N_pangenome_some,1,0.536425878542581,0.39087774946761256,0.2962962962962963,3.0,163,1,16.54,2,3,False
AMB_RS10200,,CONFIDENT_NONESSENTIAL,non-essential,2,N_score|N_pangenome_some,0,0.0794085351128109,0.932224393222893,0.0,2.0,770,1,15.14,2,3,False
AMB_RS10205,,CONFIDENT_NONESSENTIAL,non-essential,2,E_geometry|N_score|N_pangenome_some,0,0.2096776532473474,0.742900256405832,0.0588235294117647,1.0,325,1,13.51,2,3,False
AMB_RS10210,,CONFIDENT_NONESSENTIAL,non-essential,2,E_geometry|N_score|N_pangenome_some,0,0.1587405026990245,0.7982705109100052,0.0,0.0,347,1,12.49,1,3,True
AMB_RS10215,,CONFIDENT_ESSENTIAL,essential,2,E_score|E_cons_core|F_core_redundant,1,0.9689682853535334,0.01781983958050744,0.9714285714285714,7.0,92,0,11.64,3,3,True
AMB_RS10225,,CONDITIONAL_SUSPECT,unknown,0,N_score|N_redundancy|N_long_lagging|P_conditional,0,0.1857940915564213,0.8375976334942267,0.1081081081081081,11.0,613,0,8.55,3,3,True
AMB_RS10230,,UNRESOLVED,unknown,0,N_redundancy,0,0.7139765198700657,0.21630465342771202,0.4857142857142857,7.0,235,0,7.22,3,3,False
AMB_RS10235,,UNRESOLVED,unknown,0,N_redundancy,1,0.6143299495799766,0.3088203800013757,0.3928571428571428,7.0,246,0,6.5,3,3,False
AMB_RS10240,,CONFIDENT_NONESSENTIAL,non-essential,2,N_score|N_redundancy,0,0.2354878977512426,0.7675971498605191,0.0689655172413793,6.0,330,0,5.64,3,3,True
AMB_RS10250,,CONFIDENT_NONESSENTIAL,non-essential,4,N_score|N_pangenome_some|N_mobile|N_long_lagging,0,0.1450557501206524,0.8690421401048674,0.0,0.0,418,0,3.62,1,3,False
AMB_RS10255,,UNRESOLVED,unknown,0,E_cons_core|E_geometry|N_mobile,1,0.8125731067088361,0.1210371761835961,0.6756756756756757,1.0,326,1,2.27,3,3,False
AMB_RS10260,,UNRESOLVED,unknown,0,N_mobile,1,0.6008102848552771,0.3794343001116031,0.34375,3.0,144,0,1.52,3,3,False
AMB_RS10295,,CONFIDENT_NONESSENTIAL,non-essential,3,E_geometry|N_score|N_pangenome_strong|N_mobile,0,0.2243751952653183,0.8600264117372608,0.0,0.0,191,1,3.15,0,3,False
AMB_RS10320,,CONFIDENT_NONESSENTIAL,non-essential,3,N_score|N_pangenome_strong|N_mobile,0,0.0368101421607457,0.9887118192708535,0.0,0.0,1199,1,3.03,0,3,False
AMB_RS10335,,CONFIDENT_NONESSENTIAL,non-essential,3,N_score|N_pangenome_strong|N_mobile,0,0.067679637056785,0.9665001492452272,0.0,0.0,861,1,2.03,0,3,False
AMB_RS10360,,CONFIDENT_NONESSENTIAL,non-essential,2,E_geometry|N_score|N_pangenome_strong,0,0.2240386674170111,0.8249041302564014,0.0,0.0,178,1,7.09,0,3,True
AMB_RS23410,,CONFIDENT_NONESSENTIAL,non-essential,2,N_score|N_pangenome_some,0,0.2294882633484661,0.8489101080826954,0.0,0.0,180,0,9.04,1,3,False
AMB_RS10415,,CONFIDENT_NONESSENTIAL,non-essential,3,E_geometry|N_score|N_redundancy|N_mobile,0,0.3628204735593616,0.6877417086728391,0.1363636363636363,5.0,184,1,0.0,3,3,False
AMB_RS10435,,CONDITIONAL_SUSPECT,unknown,0,N_score|N_mobile|N_long_lagging|P_conditional,0,0.1683131056919592,0.8871956471577447,0.0285714285714285,1.0,426,0,1.85,3,3,False
AMB_RS10440,,CONFIDENT_NONESSENTIAL,non-essential,3,N_score|N_pangenome_strong|N_mobile,0,0.2366806538438398,0.7979515568544635,0.0,0.0,133,0,1.0,0,3,True
AMB_RS10445,,UNRESOLVED,unknown,0,E_geometry|N_mobile,0,0.6000383136323069,0.43540387588419205,0.4,0.0,257,1,0.0,3,3,False
AMB_RS10455,,CONFIDENT_NONESSENTIAL,non-essential,3,E_geometry|N_score|N_pangenome_strong|N_mobile,0,0.1705603870517335,0.8765202963031856,0.0,0.0,340,1,1.99,0,3,False
AMB_RS10460,,CONFIDENT_NONESSENTIAL,non-essential,3,E_geometry|N_score|N_pangenome_some|N_mobile,0,0.2109345063829697,0.8416050800166363,0.0,0.0,214,1,3.19,1,3,False
AMB_RS10470,,CONFIDENT_NONESSENTIAL,non-essential,3,N_score|N_pangenome_some|N_mobile,0,0.1875935130358756,0.8801083755294226,0.0,0.0,298,0,4.27,1,3,False
AMB_RS24455,,CONFIDENT_NONESSENTIAL,non-essential,2,N_score|N_pangenome_strong,0,0.198004474631422,0.8697328728991707,0.0,0.0,265,0,5.13,0,3,False
AMB_RS10475,,CONFIDENT_NONESSENTIAL,non-essential,1,N_score,0,0.4416755611136351,0.6289426383639471,0.2,2.0,154,0,5.82,3,3,False
AMB_RS10490,,CONFIDENT_ESSENTIAL,essential,3,E_score|E_cons_core|E_geometry|F_core_redundant,1,0.9699556143493062,0.02358125651079714,0.9714285714285714,7.0,93,1,9.18,3,3,True
AMB_RS10505,,ROGUE_SUSPECT,unknown,0,N_score|P_rogue,0,0.2102408298621835,0.7988478807364325,0.0,0.0,205,0,10.62,3,3,False
AMB_RS10510,,CONFIDENT_NONESSENTIAL,non-essential,2,N_score|N_pangenome_some,1,0.2160665766003561,0.7671730571578845,0.0,0.0,179,0,11.19,1,3,False
AMB_RS10515,,CONFIDENT_NONESSENTIAL,non-essential,2,E_geometry|N_score|N_pangenome_some,1,0.1621081393747294,0.7748022045114062,0.0,0.0,327,1,12.07,2,3,False
AMB_RS10520,,CONFIDENT_NONESSENTIAL,non-essential,2,E_geometry|N_score|N_pangenome_strong,0,0.1822625924741501,0.7681955367927682,0.0,0.0,267,1,12.95,0,3,False
AMB_RS10525,,CONFIDENT_NONESSENTIAL,non-essential,2,N_score|N_pangenome_strong,0,0.2170930941279042,0.7512234111583583,0.0,0.0,173,0,13.6,0,3,False
AMB_RS10530,,CONFIDENT_NONESSENTIAL,non-essential,2,N_score|N_pangenome_some,0,0.435711468895209,0.5074033214406438,0.2105263157894736,1.0,154,0,14.09,2,3,False
AMB_RS10540,,CONFIDENT_NONESSENTIAL,non-essential,2,N_score|N_pangenome_some,0,0.3632871730309452,0.5371806054788376,0.1923076923076923,0.0,240,0,16.19,2,3,True
AMB_RS10545,,UNRESOLVED,unknown,0,E_cons_core,1,0.5917614981167006,0.35780914056408875,0.5,0.0,488,0,17.28,3,3,False
AMB_RS10550,,CONFIDENT_NONESSENTIAL,non-essential,1,N_score,1,0.2831487021711222,0.6964970003519549,0.1034482758620689,0.0,242,0,18.42,3,3,True
AMB_RS10555,,ROGUE_SUSPECT,unknown,0,N_score|N_long_lagging|P_rogue|P_conditional,0,0.1512365791040356,0.8422127225367166,0.0285714285714285,0.0,461,0,19.49,3,3,False
AMB_RS10565,,UNRESOLVED,unknown,0,E_cons_core|F_core_redundant,1,0.9466798818652395,0.03260450871463332,0.918918918918919,7.0,258,0,21.38,3,3,True
AMB_RS10570,,CONFIDENT_NONESSENTIAL,non-essential,2,N_score|N_pangenome_some,1,0.3893250594767619,0.5956320942756863,0.2121212121212121,0.0,259,0,22.16,2,3,True
AMB_RS10575,,UNRESOLVED,unknown,0,E_cons_core,1,0.8160184566507716,0.12397006591614601,0.6944444444444444,0.0,372,0,23.1,3,3,False
AMB_RS10585,,UNRESOLVED,unknown,0,E_cons_core,1,0.9320174183864646,0.04367085737375264,1.0,0.0,507,0,22.58,3,3,True
AMB_RS10590,,UNRESOLVED,unknown,0,E_cons_core,1,0.8199600477139367,0.12073586397377203,0.6176470588235294,0.0,188,0,21.41,3,3,False
AMB_RS10605,,UNRESOLVED,unknown,0,E_cons_core,1,0.9648853463203224,0.017397819259012813,0.9714285714285714,0.0,93,0,20.01,3,3,True
AMB_RS10610,,CONFIDENT_ESSENTIAL,essential,2,E_score|E_cons_core,1,0.966394037688468,0.019615702762342663,1.0,0.0,145,0,19.66,3,3,True
AMB_RS10620,,UNRESOLVED,unknown,0,E_cons_core|E_geometry,1,0.9441346394396972,0.02548960752757374,0.9714285714285714,0.0,314,1,16.34,3,3,True
AMB_RS10625,,UNRESOLVED,unknown,0,E_cons_core|E_geometry|F_core_redundant,1,0.9644123045373024,0.015242051756864458,1.0,12.0,246,1,15.49,3,3,True
AMB_RS10630,,CONFIDENT_ESSENTIAL,essential,3,E_score|E_cons_core|E_geometry,1,0.9708098024934492,0.019291314817281132,1.0,0.0,78,1,14.86,3,3,True
AMB_RS10635,,UNRESOLVED,unknown,0,E_cons_core,1,0.7918933945122177,0.1452355263986694,0.6857142857142857,0.0,418,1,14.03,3,3,False
AMB_RS10640,,CONFIDENT_NONESSENTIAL,non-essential,1,E_geometry|N_score,0,0.2575529226963278,0.6864235450431219,0.1212121212121212,0.0,325,1,12.85,3,3,True
AMB_RS10645,,CONFIDENT_NONESSENTIAL,non-essential,3,N_score|N_pangenome_some|N_long_lagging,0,0.1448093581305929,0.8759255388850569,0.0,0.0,430,0,11.66,2,3,False
AMB_RS10650,,CONFIDENT_NONESSENTIAL,non-essential,2,N_score|N_pangenome_some,1,0.1247369808747689,0.8706360556564146,0.0,0.0,495,1,10.1,2,3,False
AMB_RS10655,,CONFIDENT_NONESSENTIAL,non-essential,2,E_geometry|N_score|N_pangenome_some,0,0.1662228176771775,0.8012428757879185,0.0,0.0,322,1,8.88,2,3,True
AMB_RS10665,,UNRESOLVED,unknown,0,E_geometry|N_pangenome_some,1,0.6487520560214962,0.27607412536492937,0.4444444444444444,0.0,230,1,7.35,2,3,False
AMB_RS10675,,UNRESOLVED,unknown,0,E_geometry|N_mobile,1,0.5670317273535581,0.3676999023848656,0.3,1.0,86,1,4.5,3,3,False
AMB_RS10680,,UNRESOLVED,unknown,0,E_cons_core|E_geometry|N_mobile,1,0.8288044553402163,0.12657557409923226,0.6,0.0,110,1,4.13,3,3,False
AMB_RS10720,,CONFIDENT_NONESSENTIAL,non-essential,3,N_score|N_pangenome_some|N_mobile,0,0.2385024660616117,0.8227641124408418,0.0,1.0,148,0,1.55,1,3,False
AMB_RS10735,,CONFIDENT_NONESSENTIAL,non-essential,3,N_score|N_pangenome_strong|N_mobile,0,0.1546469636612582,0.9036632432714463,0.0,0.0,406,0,0.0,0,3,False
AMB_RS10745,,UNRESOLVED,unknown,0,E_cons_core|N_mobile,1,0.9610593137386716,0.024407642092132278,1.0,0.0,206,0,1.54,3,3,True
AMB_RS10750,,ROGUE_SUSPECT,unknown,0,N_score|N_mobile|P_rogue,0,0.1884396372419484,0.8043709744641504,0.0,0.0,256,0,2.4,3,3,False
AMB_RS10755,,CONDITIONAL_SUSPECT,unknown,0,N_score|N_mobile|N_long_lagging|P_conditional,1,0.150654639964868,0.8641415213527999,0.0606060606060606,2.0,547,0,3.73,3,3,True
AMB_RS10765,,CONFIDENT_NONESSENTIAL,non-essential,2,E_geometry|N_score|N_pangenome_some,0,0.2901367263718799,0.6572566087550297,0.0714285714285714,0.0,132,1,5.46,1,3,False
AMB_RS10775,,CONFIDENT_NONESSENTIAL,non-essential,2,N_score|N_redundancy,1,0.155227785613511,0.8349697075199647,0.0,4.0,403,0,6.89,3,3,True
AMB_RS10795,,CONFIDENT_NONESSENTIAL,non-essential,2,N_score|N_pangenome_some,0,0.1159168831609446,0.8869516150639901,0.0,1.0,549,1,11.7,2,3,True
AMB_RS10820,,CONFIDENT_NONESSENTIAL,non-essential,2,N_score|N_pangenome_strong,0,0.1592550458276792,0.8814932792731186,0.0,0.0,392,0,17.03,0,3,False
AMB_RS10835,,UNRESOLVED,unknown,0,N_redundancy,0,0.5662318843787041,0.3758350727278281,0.4,5.0,359,0,20.1,3,3,False
AMB_RS10840,,CONFIDENT_NONESSENTIAL,non-essential,2,N_score|N_pangenome_some,0,0.1136286761604321,0.8833422823182885,0.0,0.0,557,1,21.86,1,3,False
AMB_RS10845,,CONFIDENT_NONESSENTIAL,non-essential,2,E_geometry|N_score|N_pangenome_some,0,0.1865468457752733,0.8080575219787393,0.0,0.0,280,1,23.11,1,3,False
AMB_RS10855,,UNRESOLVED,unknown,0,E_cons_core|E_geometry,0,0.7953619280217192,0.17278678927585095,0.5428571428571428,2.0,133,1,24.25,3,3,False
AMB_RS10875,,CONDITIONAL_SUSPECT,unknown,0,N_score|N_long_lagging|P_conditional,0,0.1633902102453428,0.8390154150453715,0.0285714285714285,1.0,437,0,27.5,3,3,True
AMB_RS10885,,CONFIDENT_NONESSENTIAL,non-essential,2,N_score|N_pangenome_some,0,0.1016406310144133,0.9262432576714917,0.0,0.0,649,1,30.03,1,3,False
AMB_RS10890,,CONFIDENT_NONESSENTIAL,non-essential,2,N_score|N_pangenome_some,0,0.1443626136666915,0.8642251609353847,0.0,0.0,440,1,30.2,2,3,False
AMB_RS10895,,CONFIDENT_NONESSENTIAL,non-essential,2,N_score|N_pangenome_some,0,0.1292188874624592,0.8982730688701639,0.0,0.0,513,1,28.77,2,3,False
AMB_RS10910,,UNRESOLVED,unknown,0,E_cons_core|E_geometry|F_core_redundant,1,0.9180158530505322,0.056720021193242876,0.8333333333333334,11.0,327,1,20.22,3,3,True
AMB_RS10925,,UNRESOLVED,unknown,0,E_cons_core,1,0.9510660608142516,0.029705826048606145,1.0,1.0,340,0,17.1,3,3,True
AMB_RS10930,,CONFIDENT_NONESSENTIAL,non-essential,2,E_geometry|N_score|N_pangenome_some,0,0.2576003119535919,0.6705365756822653,0.0909090909090909,0.0,256,1,16.07,2,3,False
AMB_RS10945,,CONFIDENT_NONESSENTIAL,non-essential,2,E_geometry|N_score|N_pangenome_strong,0,0.1507327655330067,0.8576577915610583,0.0,0.0,399,1,12.16,0,3,True
AMB_RS10950,,CONFIDENT_NONESSENTIAL,non-essential,2,N_score|N_pangenome_some,0,0.2213003945847186,0.7846179538079218,0.0454545454545454,0.0,273,0,11.15,2,3,False
AMB_RS10955,,CONFIDENT_NONESSENTIAL,non-essential,2,N_score|N_pangenome_some,0,0.2509650378037463,0.7399659168951297,0.0434782608695652,0.0,184,0,10.47,2,3,False
AMB_RS10960,,CONFIDENT_NONESSENTIAL,non-essential,3,N_score|N_pangenome_some|N_long_lagging,0,0.2847928754724232,0.7330140159758641,0.2352941176470588,0.0,533,0,9.39,2,3,True
AMB_RS10965,,CONFIDENT_NONESSENTIAL,non-essential,2,N_score|N_pangenome_some,0,0.4490736264520135,0.5463963197979216,0.2857142857142857,0.0,294,0,8.15,2,3,False
AMB_RS10970,,UNRESOLVED,unknown,0,E_geometry,1,0.6022675682956247,0.2788925028114951,0.3548387096774194,1.0,123,1,7.34,3,3,False
AMB_RS10975,,UNRESOLVED,unknown,0,E_cons_core|E_geometry|N_pangenome_some,1,0.9221736329620353,0.03325098788543116,0.8,0.0,91,1,6.96,1,3,False
AMB_RS10980,,CONFIDENT_NONESSENTIAL,non-essential,2,N_score|N_pangenome_some,0,0.1392144760086695,0.8335821556424868,0.0,1.0,428,1,6.18,1,3,True
AMB_RS11000,,CONFIDENT_NONESSENTIAL,non-essential,3,E_geometry|N_score|N_pangenome_some|N_mobile,0,0.2081066651603068,0.7557728318176685,0.0526315789473684,0.0,302,1,3.59,2,3,False
AMB_RS11005,,CONFIDENT_NONESSENTIAL,non-essential,3,E_geometry|N_score|N_pangenome_some|N_mobile,1,0.3447411987545421,0.563807439153038,0.1612903225806451,0.0,198,1,2.84,2,3,True
AMB_RS11020,,CONFIDENT_ESSENTIAL,essential,2,E_score|E_cons_core|N_mobile|F_core_redundant,1,0.9694827621616268,0.02313461737322532,0.9714285714285714,7.0,93,0,1.96,3,3,True
AMB_RS11080,,CONFIDENT_NONESSENTIAL,non-essential,3,E_geometry|N_score|N_pangenome_strong|N_mobile,0,0.4292272924563973,0.6491142162949203,0.25,1.0,277,1,1.55,0,3,False
AMB_RS11100,,CONFIDENT_NONESSENTIAL,non-essential,3,N_score|N_pangenome_some|N_mobile,0,0.2621955782300789,0.8852125593809989,0.0,0.0,123,0,4.15,1,3,True
AMB_RS11135,,CONFIDENT_NONESSENTIAL,non-essential,3,N_score|N_pangenome_some|N_mobile,1,0.2984205571645474,0.7118942671600894,0.1034482758620689,0.0,203,0,4.26,2,3,True
AMB_RS11140,,UNRESOLVED,unknown,0,E_cons_core,1,0.7759725046044559,0.14888020623057707,0.6486486486486487,0.0,370,0,5.23,3,3,False
AMB_RS11145,,UNRESOLVED,unknown,0,E_cons_core,1,0.9011075581380588,0.04676358548285125,0.7777777777777778,0.0,174,0,6.04,3,3,False
AMB_RS11155,,UNRESOLVED,unknown,0,N_redundancy,1,0.7115180014405162,0.23860241434284604,0.4705882352941176,8.0,223,0,7.73,3,3,False
AMB_RS11170,,CONFIDENT_NONESSENTIAL,non-essential,2,N_score|N_pangenome_some,1,0.3277218497487943,0.6527787965772004,0.125,0.0,183,0,11.37,1,3,False
AMB_RS11175,,CONFIDENT_NONESSENTIAL,non-essential,3,N_score|N_pangenome_strong|N_long_lagging,0,0.1180160079481865,0.8892899355079248,0.0,0.0,536,0,12.56,0,3,False
AMB_RS11180,,UNRESOLVED,unknown,0,N_pangenome_some,0,0.5083342569748911,0.4425144693730422,0.2727272727272727,0.0,145,0,13.72,1,3,True
AMB_RS11185,,CONFIDENT_NONESSENTIAL,non-essential,2,N_score|N_pangenome_strong,0,0.088228558460364,0.9201342391997616,0.0,0.0,694,1,15.13,0,3,False
AMB_RS11190,,UNRESOLVED,unknown,0,E_geometry,0,0.6652919998790242,0.24360216448173622,0.4571428571428571,1.0,233,1,16.52,3,3,False
AMB_RS11195,,UNRESOLVED,unknown,0,E_geometry,0,0.6535548770811072,0.27821700844556185,0.4571428571428571,1.0,267,1,17.3,3,3,False
AMB_RS11200,,UNRESOLVED,unknown,0,E_cons_core,1,0.876974880433571,0.07949311348653929,0.918918918918919,1.0,642,1,18.68,3,3,False
AMB_RS11215,,CONFIDENT_NONESSENTIAL,non-essential,1,N_score,0,0.4667039882914294,0.44544914383781903,0.2424242424242424,1.0,164,0,22.69,3,3,False
AMB_RS11220,,CONFIDENT_NONESSENTIAL,non-essential,2,N_score|N_pangenome_some,0,0.1190220470384522,0.8648751071349305,0.0,0.0,526,1,23.91,1,3,False
AMB_RS11230,,CONFIDENT_NONESSENTIAL,non-essential,2,E_geometry|N_score|N_pangenome_some,0,0.2884285901910648,0.6763888452468818,0.16,0.0,355,1,25.92,2,3,True
AMB_RS11240,,CONFIDENT_NONESSENTIAL,non-essential,2,N_score|N_pangenome_strong,0,0.1174380768575681,0.9034713711512351,0.0,0.0,561,1,28.2,0,3,False
AMB_RS11245,,CONFIDENT_NONESSENTIAL,non-essential,2,E_geometry|N_score|N_pangenome_some,0,0.415668570170269,0.5145616748132835,0.25,1.0,289,1,29.56,2,3,False
AMB_RS11280,,CONFIDENT_NONESSENTIAL,non-essential,2,N_score|N_pangenome_some,0,0.14436543371426,0.8589603131444927,0.0,1.0,450,1,35.6,2,3,True
AMB_RS11285,,ROGUE_SUSPECT,unknown,0,N_score|N_long_lagging|P_rogue|P_conditional,0,0.1259349659617539,0.8934135042240817,0.0476190476190476,0.0,636,0,37.34,3,3,False
AMB_RS11335,,UNRESOLVED,unknown,0,E_cons_core|E_geometry|F_core_redundant,1,0.8002269411189894,0.14006811056346177,0.5757575757575758,9.0,260,1,52.51,3,3,False
AMB_RS11355,,CONFIDENT_NONESSENTIAL,non-essential,1,E_geometry|N_score,0,0.4655999971618581,0.478940701879404,0.25,1.0,219,1,54.71,3,3,False
AMB_RS11360,,CONFIDENT_NONESSENTIAL,non-essential,1,N_score,0,0.3441258108545323,0.6462306814225932,0.2352941176470588,3.0,458,1,55.88,3,3,True
AMB_RS11370,,UNRESOLVED,unknown,0,E_cons_core,1,0.8698375954686176,0.09397324464931595,1.0,0.0,888,1,58.87,3,3,False
AMB_RS11385,,UNRESOLVED,unknown,0,E_cons_core|N_pangenome_some,0,0.7311327352249247,0.18692441388761402,0.5,0.0,212,0,62.96,1,3,False
AMB_RS11390,,CONFIDENT_NONESSENTIAL,non-essential,2,N_score|N_pangenome_some,0,0.2378363729245026,0.8005159648658958,0.0,0.0,188,0,63.56,1,3,False
AMB_RS11400,,UNRESOLVED,unknown,0,E_cons_core,1,0.5193595783888663,0.4980257920480704,0.5142857142857142,0.0,722,0,65.61,3,3,False
AMB_RS11405,,UNRESOLVED,unknown,0,E_cons_core,1,0.9285686552718608,0.037819157086911866,0.8571428571428571,0.0,244,0,67.21,3,3,True
AMB_RS11415,,UNRESOLVED,unknown,0,E_cons_core,1,0.940467023269126,0.029475950941952312,0.85,0.0,132,0,68.29,3,3,False
AMB_RS11420,,UNRESOLVED,unknown,0,E_cons_core,1,0.9521206322948828,0.031871571214807055,0.9428571428571428,0.0,248,0,68.95,3,3,True
AMB_RS11425,,UNRESOLVED,unknown,0,E_cons_core,0,0.897898248362175,0.05505011710071521,0.7647058823529411,0.0,229,0,69.67,3,3,False
AMB_RS11430,,UNRESOLVED,unknown,0,E_cons_core,1,0.9583678432493292,0.026977540676712725,1.0,0.0,304,0,70.47,3,3,True
AMB_RS11445,,CONDITIONAL_SUSPECT,unknown,0,N_score|N_redundancy|N_long_lagging|P_conditional,0,0.2263887366107772,0.8001646709471262,0.1081081081081081,11.0,552,0,72.87,3,3,True
AMB_RS11450,,CONFIDENT_NONESSENTIAL,non-essential,1,N_score,1,0.3633222239300062,0.5994966133961956,0.1470588235294117,0.0,209,0,74.03,3,3,True
AMB_RS11455,,CONFIDENT_NONESSENTIAL,non-essential,2,N_score|N_pangenome_some,0,0.3891277035447933,0.5648176264831425,0.12,0.0,95,0,74.48,1,3,False
AMB_RS11460,,CONFIDENT_NONESSENTIAL,non-essential,1,E_geometry|N_score,0,0.242137431356601,0.7022631340466666,0.0967741935483871,3.0,391,1,75.17,3,3,True
AMB_RS11465,,UNRESOLVED,unknown,0,E_cons_core|F_core_redundant,1,0.7677399762403523,0.16216064910185626,0.5405405405405406,9.0,296,0,76.31,3,3,True
AMB_RS11470,,CONFIDENT_NONESSENTIAL,non-essential,3,N_score|N_pangenome_some|N_long_lagging,0,0.3588970644650978,0.6710392199450501,0.25,0.0,468,0,77.94,2,3,False
AMB_RS11505,,CONFIDENT_NONESSENTIAL,non-essential,2,N_score|N_pangenome_strong,0,0.1994916383221203,0.8073890171942901,0.0,0.0,301,0,82.58,0,3,False
AMB_RS11520,,ROGUE_SUSPECT,unknown,0,N_score|N_long_lagging|P_rogue|P_conditional,0,0.1810733941265954,0.8375237408558415,0.0384615384615384,0.0,453,0,87.22,3,3,True
AMB_RS11530,,CONFIDENT_NONESSENTIAL,non-essential,2,E_geometry|N_score|N_pangenome_some,0,0.1709108757234332,0.8157613525661125,0.0,0.0,387,1,88.84,2,3,True
AMB_RS11535,,CONFIDENT_NONESSENTIAL,non-essential,2,E_geometry|N_score|N_pangenome_some,0,0.3120994612855384,0.6319555515913174,0.125,1.0,285,1,89.84,1,3,False
AMB_RS11540,,CONFIDENT_NONESSENTIAL,non-essential,2,N_score|N_pangenome_some,0,0.1579472141532096,0.8480589851348694,0.0,0.0,443,1,90.97,1,3,False
AMB_RS11550,,CONFIDENT_NONESSENTIAL,non-essential,2,N_score|N_redundancy,1,0.419781012801636,0.5497991785359969,0.2941176470588235,5.0,480,1,93.52,3,3,True
AMB_RS11555,,CONFIDENT_NONESSENTIAL,non-essential,2,N_score|N_pangenome_some,0,0.215883014472413,0.7900535438421061,0.0,0.0,264,0,94.73,1,3,False
AMB_RS11565,,CONFIDENT_NONESSENTIAL,non-essential,1,E_geometry|N_score,0,0.2947835140119773,0.6733506966663023,0.1081081081081081,2.0,308,1,96.77,3,3,True
AMB_RS11575,,CONFIDENT_NONESSENTIAL,non-essential,2,N_score|N_pangenome_strong,0,0.2068742679866531,0.8161898430021863,0.0,0.0,301,0,98.99,0,3,False
AMB_RS11580,,CONFIDENT_NONESSENTIAL,non-essential,1,E_geometry|N_score,0,0.3703291086007935,0.6490642070960182,0.1515151515151515,3.0,267,1,99.83,3,3,True
AMB_RS11600,,UNRESOLVED,unknown,0,E_cons_core|E_geometry|N_pangenome_some,1,0.8464218725763565,0.14772795931850868,0.5454545454545454,0.0,42,1,107.57,2,3,False
AMB_RS11605,,CONFIDENT_NONESSENTIAL,non-essential,2,N_score|N_pangenome_some,0,0.2190502495775235,0.7779984477125342,0.0,0.0,264,0,108.18,2,3,False
AMB_RS11610,,CONFIDENT_ESSENTIAL,essential,2,E_score|E_cons_core|N_pangenome_some,1,0.9751165499635526,0.01676734442955212,1.0,0.0,88,0,108.76,2,3,False
AMB_RS11615,,CONFIDENT_ESSENTIAL,essential,3,E_score|E_cons_core|E_geometry,1,0.9680477343934047,0.020405686154034677,0.96875,0.0,137,1,109.16,3,3,True
AMB_RS11625,,CONFIDENT_ESSENTIAL,essential,3,E_score|E_cons_core|E_geometry,1,0.969976758330374,0.01665220936064157,1.0,0.0,167,1,110.28,3,3,True
AMB_RS11630,,UNRESOLVED,unknown,0,E_geometry|N_pangenome_some,1,0.744221394561227,0.25711229758292425,0.4166666666666667,0.0,69,1,110.64,2,3,False
AMB_RS11635,,UNRESOLVED,unknown,0,,0,0.5210268221437898,0.4679152542716159,0.3333333333333333,1.0,362,0,111.38,3,3,False
AMB_RS11640,,UNRESOLVED,unknown,0,E_cons_core|E_geometry,0,0.9466014737326756,0.028343668568322947,0.8823529411764706,0.0,192,1,112.21,3,3,False
AMB_RS11645,,ROGUE_SUSPECT,unknown,0,N_score|N_long_lagging|P_rogue|P_conditional,0,0.1200158166561283,0.9137706851987,0.0,0.0,639,0,114.09,3,3,False
AMB_RS11655,,CONFIDENT_NONESSENTIAL,non-essential,1,E_geometry|N_score,1,0.3730456272840828,0.6289818613076434,0.1935483870967742,1.0,348,1,116.33,3,3,True
AMB_RS11660,,UNRESOLVED,unknown,0,E_geometry,1,0.6423192274700622,0.30264581921019984,0.3461538461538461,0.0,133,1,117.12,3,3,False
AMB_RS11665,,CONFIDENT_NONESSENTIAL,non-essential,1,E_geometry|N_score,1,0.3036299645168551,0.6184717130666246,0.12,0.0,304,1,117.81,3,3,False
AMB_RS11670,,UNRESOLVED,unknown,0,E_cons_core,1,0.9239118507997268,0.04155523047632328,0.7714285714285715,3.0,161,0,118.57,3,3,False
AMB_RS11675,,UNRESOLVED,unknown,0,N_redundancy,0,0.7458593689220411,0.19860454918977322,0.4857142857142857,7.0,263,0,119.2,3,3,False
AMB_RS11680,,CONFIDENT_NONESSENTIAL,non-essential,2,N_score|N_pangenome_some,1,0.3873324155569409,0.5728863837587145,0.1739130434782608,0.0,261,0,119.98,2,3,False
AMB_RS11695,,CONFIDENT_NONESSENTIAL,non-essential,2,E_geometry|N_score|N_pangenome_some,0,0.376401193326255,0.6455378221983165,0.1428571428571428,1.0,242,1,124.13,2,3,True
AMB_RS11705,,CONFIDENT_NONESSENTIAL,non-essential,2,N_score|N_pangenome_some,1,0.4830788133170465,0.5436740265929121,0.28,0.0,333,0,127.23,2,3,False
AMB_RS11710,,UNRESOLVED,unknown,0,E_cons_core|N_pangenome_some,1,0.8052185679584836,0.15594581461924864,0.6666666666666666,0.0,453,0,128.42,2,3,False
AMB_RS11715,,UNRESOLVED,unknown,0,E_cons_core,1,0.9460024613420966,0.03409352481527083,0.9696969696969696,1.0,428,0,129.76,3,3,False
AMB_RS11730,,UNRESOLVED,unknown,0,E_cons_core,1,0.923042065328914,0.06123151662128351,0.8918918918918919,2.0,463,0,132.2,3,3,False
AMB_RS11735,,UNRESOLVED,unknown,0,E_cons_core,1,0.9519379031728274,0.033872522705387625,0.9428571428571428,0.0,313,0,133.59,3,3,True
AMB_RS11740,,UNRESOLVED,unknown,0,E_cons_core,0,0.9340924654117568,0.05930297855824803,0.7857142857142857,0.0,143,0,134.29,3,3,False
AMB_RS11745,,UNRESOLVED,unknown,0,E_geometry|N_redundancy,0,0.7241012548837981,0.25657664110594075,0.4285714285714285,9.0,234,1,135.07,3,3,False
AMB_RS11750,,CONFIDENT_NONESSENTIAL,non-essential,2,E_geometry|N_score|N_redundancy,0,0.2918173023771099,0.739100031814061,0.0689655172413793,6.0,317,1,135.91,3,3,True
AMB_RS11755,,CONFIDENT_NONESSENTIAL,non-essential,2,E_geometry|N_score|N_redundancy,0,0.4432906211982066,0.5776444853910304,0.2068965517241379,5.0,295,1,136.84,3,3,True
AMB_RS11760,,CONFIDENT_NONESSENTIAL,non-essential,2,E_geometry|N_score|N_redundancy,1,0.2371192071711105,0.8032836976939339,0.0333333333333333,9.0,405,1,137.95,3,3,True
AMB_RS11765,,UNRESOLVED,unknown,0,E_geometry|N_redundancy,0,0.7665697855344942,0.2079723911678032,0.4857142857142857,7.0,237,1,138.94,3,3,False
AMB_RS11770,,UNRESOLVED,unknown,0,E_geometry|N_redundancy,1,0.6728955467754072,0.2984130463666593,0.3928571428571428,7.0,257,1,139.67,3,3,False
AMB_RS11780,,CONFIDENT_NONESSENTIAL,non-essential,3,N_score|N_pangenome_some|N_long_lagging,0,0.1917348674806105,0.8434704402467689,0.03125,1.0,473,0,145.92,2,3,True
AMB_RS11790,,ROGUE_SUSPECT,unknown,0,N_score|P_rogue,0,0.1892113654023746,0.8400997562593111,0.0,0.0,404,0,149.33,3,3,False
AMB_RS11795,,CONFIDENT_NONESSENTIAL,non-essential,2,N_score|N_pangenome_some,0,0.4150713921480071,0.6343714971541226,0.1666666666666666,0.0,242,0,150.32,1,3,False
AMB_RS11800,,CONFIDENT_ESSENTIAL,essential,2,E_score|E_cons_core|N_pangenome_some,0,0.9673614844585744,0.02746886044852334,1.0,0.0,275,0,151.2,2,3,False
AMB_RS11805,,UNRESOLVED,unknown,0,E_cons_core|E_geometry|N_pangenome_some,0,0.924273135049288,0.05520049259021151,0.75,2.0,152,1,152.07,2,3,False
AMB_RS11810,,UNRESOLVED,unknown,0,E_cons_core|N_pangenome_some,1,0.8592521407835327,0.12389441880137067,0.6,0.0,150,0,152.86,2,3,False
AMB_RS11815,,UNRESOLVED,unknown,0,E_cons_core,1,0.8170850686730886,0.1657437036452773,0.6571428571428571,0.0,428,0,153.77,3,3,False
AMB_RS11820,,UNRESOLVED,unknown,0,,0,0.5126805260388922,0.5619968295061778,0.2,2.0,154,0,154.71,3,3,False
AMB_RS11825,,UNRESOLVED,unknown,0,E_cons_core,1,0.9534968879127677,0.024097731667260716,0.9714285714285714,0.0,359,0,155.51,3,3,True
AMB_RS11835,,UNRESOLVED,unknown,0,,1,0.6415831113361922,0.36345626642123785,0.4333333333333333,0.0,383,0,157.21,3,3,False
AMB_RS11840,,UNRESOLVED,unknown,0,E_cons_core,1,0.9662612540479844,0.018857447803478773,0.945945945945946,0.0,151,0,158.14,3,3,True
AMB_RS11845,,CONFIDENT_ESSENTIAL,essential,2,E_score|E_cons_core,1,0.9685625790812512,0.015639669902273293,0.967741935483871,0.0,157,0,158.6,3,3,True
AMB_RS11860,,ROGUE_SUSPECT,unknown,0,N_score|N_long_lagging|P_rogue|P_conditional,0,0.1194620011523752,0.9243112731561095,0.0,0.0,694,0,161.63,3,3,False
AMB_RS11865,,UNRESOLVED,unknown,0,E_cons_core|E_geometry|N_pangenome_some,1,0.8913959645848604,0.08088526785429916,0.6666666666666666,0.0,152,1,163.07,2,3,False
AMB_RS11870,,CONFIDENT_NONESSENTIAL,non-essential,2,N_score|N_pangenome_some,0,0.2752794242980556,0.7729697273442842,0.0,0.0,188,0,163.72,2,3,False
AMB_RS11875,,UNRESOLVED,unknown,0,N_pangenome_some,1,0.6377303521657407,0.3865262177150917,0.3333333333333333,0.0,182,0,164.27,2,3,False
AMB_RS11880,,CONFIDENT_ESSENTIAL,essential,2,E_score|E_cons_core,1,0.978580812420348,0.013371179679665304,1.0,0.0,61,0,164.72,3,3,True
AMB_RS11885,,UNRESOLVED,unknown,0,E_cons_core,1,0.8497405514934526,0.14482987534666847,0.6666666666666666,0.0,352,0,165.38,3,3,False
AMB_RS11890,,UNRESOLVED,unknown,0,E_cons_core,1,0.9188185444780824,0.06319122733351681,0.8108108108108109,0.0,325,0,166.41,3,3,False
AMB_RS11895,,CONFIDENT_ESSENTIAL,essential,2,E_score|E_cons_core|F_core_redundant,1,0.9768266453318514,0.01703841949005756,0.9714285714285714,7.0,107,0,167.19,3,3,True
AMB_RS11900,,CONFIDENT_NONESSENTIAL,non-essential,2,N_score|N_pangenome_some,1,0.3977773515890959,0.6365836203853799,0.12,0.0,185,0,167.62,2,3,False
AMB_RS11910,,CONFIDENT_NONESSENTIAL,non-essential,3,N_score|N_pangenome_some|N_long_lagging,0,0.1011500059445928,0.9288556357678146,0.0,2.0,799,0,169.38,2,3,True
AMB_RS11915,,UNRESOLVED,unknown,0,E_cons_core|E_geometry,1,0.8619109775799038,0.12128428486821888,0.6756756756756757,1.0,330,1,171.35,3,3,False
AMB_RS11920,,CONFIDENT_NONESSENTIAL,non-essential,2,N_score|N_pangenome_some,0,0.2266201207751954,0.8370786149400817,0.0,0.0,330,0,172.59,1,3,False
AMB_RS11925,,CONFIDENT_NONESSENTIAL,non-essential,2,N_score|N_pangenome_some,0,0.4594041183291135,0.5610904830964484,0.1363636363636363,0.0,102,0,173.45,2,3,False
AMB_RS11930,,UNRESOLVED,unknown,0,E_cons_core|E_geometry|N_pangenome_some,1,0.9582005896096994,0.02181041021193341,1.0,0.0,385,1,174.18,2,3,False
AMB_RS11935,,CONFIDENT_NONESSENTIAL,non-essential,2,N_score|N_pangenome_some,1,0.2409682046307825,0.757407278760571,0.0,0.0,267,0,175.4,1,3,False
AMB_RS11940,,ROGUE_SUSPECT,unknown,0,N_score|P_rogue,0,0.2458693222213019,0.7995384083865497,0.0285714285714285,0.0,336,0,176.37,3,3,False
AMB_RS11945,,ROGUE_SUSPECT,unknown,0,N_score|P_rogue,1,0.2643311774594856,0.7682108081419523,0.0689655172413793,0.0,374,0,177.44,3,3,False
AMB_RS11950,,CONDITIONAL_SUSPECT,unknown,0,N_score|N_redundancy|N_long_lagging|P_conditional,1,0.4654742355887993,0.5566079851160769,0.2941176470588235,5.0,485,0,178.73,3,3,True
AMB_RS11955,,CONFIDENT_NONESSENTIAL,non-essential,3,N_score|N_pangenome_some|N_long_lagging,1,0.2489462170232705,0.8042047588361707,0.2142857142857142,0.0,745,0,180.57,2,3,True
AMB_RS11960,,CONDITIONAL_SUSPECT,unknown,0,N_score|N_redundancy|N_long_lagging|P_conditional,1,0.4781629368888563,0.54391346768689,0.2941176470588235,5.0,464,0,182.38,3,3,True
AMB_RS11965,,CONDITIONAL_SUSPECT,unknown,0,N_score|N_long_lagging|P_conditional,1,0.413545870697331,0.6335502608531942,0.25,0.0,459,0,183.76,3,3,False
AMB_RS11970,,CONFIDENT_NONESSENTIAL,non-essential,2,N_score|N_pangenome_some,1,0.2710070168522111,0.78311002053032,0.0,0.0,220,0,184.77,1,3,False
AMB_RS11975,,UNRESOLVED,unknown,0,E_cons_core,1,0.9616987489359696,0.04020539589197892,0.8571428571428571,0.0,85,0,185.34,3,3,True
AMB_RS11980,,ROGUE_SUSPECT,unknown,0,N_score|N_long_lagging|P_rogue|P_conditional,1,0.2359950993620664,0.7841290475817789,0.0625,0.0,436,0,186.12,3,3,False
AMB_RS11985,,ROGUE_SUSPECT,unknown,0,N_score|P_rogue,0,0.2531421132992517,0.7635927325574449,0.0,0.0,253,0,187.15,3,3,False
AMB_RS11990,,UNRESOLVED,unknown,0,E_cons_core|E_geometry,1,0.909662036228258,0.0802428279132404,0.8055555555555556,1.0,405,1,188.14,3,3,True
AMB_RS11995,,CONFIDENT_NONESSENTIAL,non-essential,3,N_score|N_pangenome_strong|N_long_lagging,0,0.1531150387896209,0.9020824262013871,0.0,0.0,583,0,189.79,0,3,False
AMB_RS12000,,CONFIDENT_NONESSENTIAL,non-essential,3,N_score|N_pangenome_some|N_long_lagging,0,0.1200886604441168,0.9303400767548734,0.0,0.0,725,0,191.75,1,3,True
AMB_RS12005,,CONDITIONAL_SUSPECT,unknown,0,N_score|N_long_lagging|P_conditional,0,0.2155248288761775,0.8603282256288242,0.0294117647058823,2.0,469,0,193.54,3,3,True
AMB_RS12010,,CONFIDENT_ESSENTIAL,essential,3,E_score|E_cons_core|E_geometry,1,0.9675234617301574,0.01885802317413971,0.9428571428571428,1.0,168,1,194.57,3,3,True
AMB_RS12020,,UNRESOLVED,unknown,0,E_cons_core,1,0.9004575820218463,0.100580559333831,1.0,0.0,896,0,196.82,3,3,False
AMB_RS12025,,CONFIDENT_ESSENTIAL,essential,2,E_score|E_cons_core,1,0.9756351385802052,0.0188380773809218,1.0,0.0,169,0,198.41,3,3,True
AMB_RS12030,,UNRESOLVED,unknown,0,,0,0.6598155775644998,0.37532128141669674,0.3243243243243243,1.0,159,0,198.91,3,3,False
AMB_RS12035,,UNRESOLVED,unknown,0,,0,0.6455512060216524,0.36311823181489933,0.3243243243243243,1.0,182,0,199.43,3,3,False
AMB_RS12065,,CONFIDENT_NONESSENTIAL,non-essential,2,N_score|N_redundancy,0,0.3999858933781443,0.621167756009829,0.1351351351351351,6.0,292,0,202.94,3,3,True
AMB_RS12070,,CONFIDENT_ESSENTIAL,essential,3,E_score|E_cons_core|E_geometry|F_core_redundant,1,0.9758744746400804,0.01482234556829342,1.0,12.0,251,1,203.84,3,3,True
AMB_RS12080,,CONFIDENT_NONESSENTIAL,non-essential,2,E_geometry|N_score|N_pangenome_some,0,0.2874386787766175,0.7430391694713628,0.0384615384615384,0.0,274,1,205.27,2,3,False
AMB_RS12085,,CONFIDENT_NONESSENTIAL,non-essential,2,E_geometry|N_score|N_pangenome_strong,0,0.2739011647614379,0.7618306256701598,0.0,0.0,224,1,206.01,0,3,False
AMB_RS12245,,CONFIDENT_NONESSENTIAL,non-essential,2,E_geometry|N_score|N_pangenome_strong,1,0.2896124477405696,0.7355533401996396,0.0,0.0,200,1,224.72,0,3,False
AMB_RS12260,,CONFIDENT_NONESSENTIAL,non-essential,1,E_cons_core|E_geometry|N_pangenome_strong,1,0.9630713412512346,0.02097960724113485,1.0,0.0,377,1,226.3,0,3,False
AMB_RS12285,,UNRESOLVED,unknown,0,E_cons_core|E_geometry|N_pangenome_some,1,0.8146958389141267,0.18307333496058936,0.6,0.0,384,1,229.36,2,3,False
AMB_RS12290,,CONFIDENT_NONESSENTIAL,non-essential,2,E_geometry|N_score|N_pangenome_some,0,0.3448971979408271,0.6998246831794078,0.0769230769230769,0.0,258,1,230.31,2,3,False
AMB_RS12295,,ROGUE_SUSPECT,unknown,0,E_geometry|N_score|P_rogue,0,0.2952259481850488,0.7520978478015041,0.027027027027027,0.0,260,1,231.09,3,3,True
AMB_RS12300,,UNRESOLVED,unknown,0,E_cons_core,1,0.7880523078814605,0.21605806312134712,0.6216216216216216,0.0,517,1,232.25,3,3,False
AMB_RS12305,,UNRESOLVED,unknown,0,E_cons_core|E_geometry,1,0.964701447399934,0.0208607809174489,1.0,0.0,364,1,233.6,3,3,True
AMB_RS12310,,CONFIDENT_ESSENTIAL,essential,3,E_score|E_cons_core|E_geometry,1,0.9735802743598996,0.01357237914427049,1.0,0.0,213,1,234.47,3,3,True
AMB_RS12315,,CONFIDENT_NONESSENTIAL,non-essential,1,E_geometry|N_score,0,0.432730974520135,0.6137888559761974,0.2142857142857142,0.0,388,1,235.37,3,3,False
AMB_RS12320,,CONFIDENT_NONESSENTIAL,non-essential,2,E_geometry|N_score|N_pangenome_some,0,0.3281994976474422,0.6986873824631499,0.0909090909090909,0.0,325,1,236.46,1,3,True
AMB_RS12325,,ROGUE_SUSPECT,unknown,0,E_geometry|N_score|P_rogue,0,0.2721309763015289,0.7655269182346419,0.0344827586206896,0.0,334,1,237.49,3,3,True
AMB_RS12330,,CONFIDENT_NONESSENTIAL,non-essential,2,E_geometry|N_score|N_pangenome_some,0,0.2742785872019167,0.7985772835602372,0.0,0.0,267,1,238.48,2,3,True
AMB_RS12335,,CONFIDENT_NONESSENTIAL,non-essential,2,E_geometry|N_score|N_redundancy,1,0.2791632363162157,0.7972805950564109,0.0333333333333333,9.0,405,1,239.57,3,3,True
AMB_RS12345,,CONFIDENT_NONESSENTIAL,non-essential,1,E_geometry|N_score,0,0.3248099042649841,0.72108574678161,0.0625,1.0,288,1,240.87,3,3,True
AMB_RS12355,,UNRESOLVED,unknown,0,E_geometry|N_redundancy,1,0.7209861433281521,0.2575412575300626,0.3928571428571428,7.0,244,1,242.62,3,3,False
AMB_RS12360,,CONFIDENT_NONESSENTIAL,non-essential,2,E_geometry|N_score|N_pangenome_some,0,0.2449650977905861,0.7898234420840926,0.0,0.0,331,1,243.47,1,3,False
AMB_RS12365,,CONFIDENT_NONESSENTIAL,non-essential,2,E_geometry|N_score|N_pangenome_some,0,0.2647824340525728,0.7902977483846889,0.0,0.0,289,1,244.4,1,3,False
AMB_RS12380,,CONFIDENT_NONESSENTIAL,non-essential,1,N_score,0,0.3772259687886624,0.6664689900508332,0.0769230769230769,1.0,216,0,247.91,3,3,True
AMB_RS12385,,UNRESOLVED,unknown,0,E_cons_core|E_geometry|N_pangenome_some,1,0.8641068472205303,0.12024212979268281,0.6756756756756757,2.0,401,1,248.91,2,3,False
AMB_RS12390,,CONFIDENT_NONESSENTIAL,non-essential,2,N_score|N_pangenome_some,0,0.05794964731181,0.9680002819548162,0.0,0.0,1160,1,251.29,2,3,False
AMB_RS12400,,ROGUE_SUSPECT,unknown,0,N_score|N_long_lagging|P_rogue|P_conditional,1,0.194399020254095,0.8535525348362427,0.0909090909090909,0.0,694,0,254.41,3,3,True
AMB_RS12405,,UNRESOLVED,unknown,0,E_geometry|N_pangenome_some,0,0.649200540406914,0.33614470593911633,0.3181818181818182,0.0,194,1,253.61,1,3,True
AMB_RS12410,,ROGUE_SUSPECT,unknown,0,N_score|N_long_lagging|P_rogue|P_conditional,0,0.100055782986538,0.9507130315957937,0.027027027027027,0.0,948,0,251.51,3,3,False
AMB_RS12420,,CONFIDENT_NONESSENTIAL,non-essential,2,E_geometry|N_score|N_pangenome_some,0,0.3473613201484484,0.6806976595906172,0.04,0.0,183,1,248.67,2,3,False
AMB_RS12425,,CONFIDENT_NONESSENTIAL,non-essential,1,N_score,0,0.4798719140335304,0.5271627465679894,0.2,0.0,268,0,247.96,3,3,False
AMB_RS12430,,CONFIDENT_NONESSENTIAL,non-essential,1,N_pangenome_strong,0,0.8010029177664949,0.21217760196941862,0.4444444444444444,0.0,107,0,247.36,0,3,False
AMB_RS12435,,CONFIDENT_NONESSENTIAL,non-essential,2,N_score|N_pangenome_some,0,0.2523346214243389,0.8272166302609452,0.0,0.0,335,0,246.6,2,3,True
AMB_RS12445,,CONFIDENT_NONESSENTIAL,non-essential,2,E_geometry|N_score|N_pangenome_some,0,0.3180311839470333,0.6902031932300657,0.0384615384615384,0.0,234,1,245.4,1,3,False
AMB_RS12450,,CONFIDENT_NONESSENTIAL,non-essential,2,E_geometry|N_score|N_pangenome_some,0,0.2400953856281327,0.7875474669491364,0.0,0.0,342,1,244.46,1,3,True
AMB_RS12460,,UNRESOLVED,unknown,0,E_geometry|N_pangenome_some,1,0.6192100955444151,0.39414363916503775,0.25,1.0,112,1,243.32,2,3,False
AMB_RS12475,,CONFIDENT_NONESSENTIAL,non-essential,3,N_score|N_pangenome_some|N_long_lagging,0,0.2059119500802319,0.8462220366308979,0.0,0.0,448,0,241.38,2,3,False
AMB_RS12480,,ROGUE_SUSPECT,unknown,0,E_geometry|N_score|P_rogue,0,0.4018196377068137,0.6554259289506049,0.0666666666666666,0.0,131,1,240.48,3,3,False
AMB_RS12485,,UNRESOLVED,unknown,0,E_cons_core|E_geometry,1,0.9640445643016538,0.025502223376674953,1.0,0.0,391,1,239.71,3,3,True
AMB_RS12490,,CONFIDENT_ESSENTIAL,essential,3,E_score|E_cons_core|E_geometry|N_pangenome_some,1,0.9706031966568632,0.016199032977720015,1.0,0.0,274,1,238.72,2,3,False
AMB_RS12495,,CONFIDENT_ESSENTIAL,essential,3,E_score|E_cons_core|E_geometry,1,0.9686280432778372,0.02398559436710356,0.9714285714285714,0.0,264,1,237.92,3,3,True
AMB_RS12500,,CONFIDENT_ESSENTIAL,essential,3,E_score|E_cons_core|E_geometry,1,0.9779371260736038,0.01847220733294719,1.0,0.0,160,1,237.29,3,3,True
AMB_RS12505,,UNRESOLVED,unknown,0,E_cons_core|E_geometry,1,0.9627318714811166,0.02536735024533073,0.9714285714285714,0.0,340,1,236.52,3,3,True
AMB_RS12510,,CONFIDENT_ESSENTIAL,essential,3,E_score|E_cons_core|E_geometry|N_pangenome_strong,1,0.9751515035184958,0.01999246323132819,1.0,0.0,214,1,235.68,0,3,False
AMB_RS12515,,UNRESOLVED,unknown,0,E_cons_core,1,0.9299729617034036,0.08217538118522807,1.0,0.0,756,1,234.19,3,3,True
AMB_RS12520,,UNRESOLVED,unknown,0,E_geometry,1,0.5170429461233504,0.5490548583280105,0.2857142857142857,0.0,386,1,232.43,3,3,False
AMB_RS12525,,UNRESOLVED,unknown,0,E_cons_core|E_geometry,1,0.963092524233903,0.023148315787799335,1.0,0.0,388,1,231.26,3,3,True
AMB_RS12530,,CONFIDENT_ESSENTIAL,essential,3,E_score|E_cons_core|E_geometry,1,0.9668333510346446,0.018386587167135603,0.9714285714285714,0.0,263,1,230.28,3,3,True
AMB_RS12535,,UNRESOLVED,unknown,0,E_cons_core|E_geometry,1,0.9648281402131916,0.022313185463170647,0.945945945945946,0.0,244,1,229.51,3,3,True
AMB_RS12540,,CONFIDENT_ESSENTIAL,essential,3,E_score|E_cons_core|E_geometry,1,0.975862138432431,0.018685082159130763,1.0,0.0,191,1,228.84,3,3,True
AMB_RS12545,,CONFIDENT_ESSENTIAL,essential,3,E_score|E_cons_core|E_geometry,1,0.9692949264934964,0.021157491364061854,0.972972972972973,0.0,241,1,228.17,3,3,True
AMB_RS12550,,CONFIDENT_ESSENTIAL,essential,3,E_score|E_cons_core|E_geometry|N_pangenome_some,1,0.9679208940773342,0.01950740568439049,1.0,0.0,313,1,227.19,2,3,True
AMB_RS12555,,UNRESOLVED,unknown,0,E_cons_core|E_geometry,1,0.9626605597404482,0.024857145418224914,0.9428571428571428,0.0,267,1,226.23,3,3,True
AMB_RS12560,,CONFIDENT_NONESSENTIAL,non-essential,2,E_geometry|N_score|N_pangenome_some,0,0.2517786349060191,0.7392596352170577,0.0,0.0,281,1,225.24,2,3,False
AMB_RS12565,,CONFIDENT_NONESSENTIAL,non-essential,2,E_geometry|N_score|N_pangenome_some,0,0.2281136980688256,0.833959354652349,0.0,0.0,371,1,224.26,2,3,False
AMB_RS12570,,CONFIDENT_NONESSENTIAL,non-essential,2,N_score|N_redundancy,0,0.2888457134993763,0.7804027349541296,0.1081081081081081,11.0,545,1,222.7,3,3,True
AMB_RS12580,,CONFIDENT_NONESSENTIAL,non-essential,2,N_score|N_pangenome_some,0,0.3032019480471994,0.7123025902399212,0.0555555555555555,2.0,302,0,219.97,2,3,True
AMB_RS12585,,UNRESOLVED,unknown,0,N_pangenome_some,1,0.7269589961030573,0.25109932158562,0.4444444444444444,0.0,266,0,219.12,2,3,False
AMB_RS12595,,CONFIDENT_NONESSENTIAL,non-essential,2,E_geometry|N_score|N_pangenome_strong,0,0.3184125570034298,0.7221399078564752,0.0,0.0,132,1,216.4,0,3,False
AMB_RS12600,,CONFIDENT_NONESSENTIAL,non-essential,2,N_score|N_pangenome_some,0,0.3021616464394709,0.7423038005823644,0.0,0.0,171,0,215.78,1,3,False
AMB_RS12610,,CONFIDENT_NONESSENTIAL,non-essential,3,N_score|N_pangenome_some|N_long_lagging,0,0.0678258348828514,0.9581908912844247,0.0,0.0,1040,0,213.76,2,3,False
AMB_RS12615,,CONFIDENT_NONESSENTIAL,non-essential,1,E_geometry|N_score,1,0.4491877382105643,0.5477667022960641,0.1764705882352941,1.0,246,1,211.7,3,3,False
AMB_RS12620,,CONFIDENT_NONESSENTIAL,non-essential,2,N_score|N_pangenome_some,1,0.2539768453968631,0.7744308665114475,0.0,0.0,277,0,210.71,2,3,False
AMB_RS12625,,CONFIDENT_NONESSENTIAL,non-essential,2,N_score|N_pangenome_some,1,0.3939343813805762,0.6292572443943449,0.2,0.0,405,0,209.69,2,3,False
AMB_RS12630,,UNRESOLVED,unknown,0,E_cons_core,1,0.9466494037827768,0.04814322054639355,0.8285714285714286,0.0,199,0,208.67,3,3,False
AMB_RS12635,,UNRESOLVED,unknown,0,E_geometry,1,0.6972845044125812,0.26186292282084556,0.3571428571428571,0.0,125,1,208.01,3,3,False
AMB_RS12640,,CONFIDENT_ESSENTIAL,essential,3,E_score|E_cons_core|E_geometry|N_pangenome_some,1,0.9669225436915526,0.02335618314383912,1.0,0.0,320,1,207.34,2,3,True
AMB_RS12645,,UNRESOLVED,unknown,0,E_cons_core|N_pangenome_some,1,0.9502886180520886,0.03596475221170617,1.0,0.0,523,1,206.06,2,3,False
AMB_RS12650,,UNRESOLVED,unknown,0,E_cons_core|E_geometry,1,0.8955537505333844,0.08624237185053614,0.6470588235294118,0.0,134,1,205.04,3,3,False
AMB_RS12655,,ROGUE_SUSPECT,unknown,0,N_score|P_rogue,0,0.2511130155284425,0.7941760147442888,0.0,0.0,285,0,204.25,3,3,False
AMB_RS12665,,UNRESOLVED,unknown,0,E_geometry|N_pangenome_some,0,0.6695599610442546,0.28645249132060174,0.4347826086956521,0.0,351,1,201.03,1,3,False
AMB_RS12670,,UNRESOLVED,unknown,0,E_geometry,0,0.5422949856915408,0.43795097407158823,0.25,1.0,215,1,200.15,3,3,False
AMB_RS12675,,ROGUE_SUSPECT,unknown,0,E_geometry|N_score|P_rogue,1,0.3098214338469286,0.7163583023040105,0.0588235294117647,0.0,261,1,199.44,3,3,False
AMB_RS12680,,UNRESOLVED,unknown,0,E_cons_core,1,0.952652234481874,0.03155747555106943,0.9714285714285714,0.0,423,1,198.41,3,3,True
AMB_RS12685,,UNRESOLVED,unknown,0,E_cons_core|E_geometry,1,0.7986281869291875,0.1916763981692482,0.5428571428571428,0.0,275,1,197.35,3,3,False
AMB_RS12690,,UNRESOLVED,unknown,0,E_cons_core|E_geometry|N_pangenome_some,1,0.8680510829367932,0.09718078302588706,0.5925925925925926,0.0,124,1,196.74,2,3,False
AMB_RS12700,,CONFIDENT_NONESSENTIAL,non-essential,2,E_geometry|N_score|N_pangenome_some,0,0.4098203324741897,0.6095300758516445,0.0952380952380952,0.0,127,1,196.03,2,3,False
AMB_RS12705,,UNRESOLVED,unknown,0,E_cons_core|E_geometry|N_pangenome_some,1,0.8117663057186832,0.15029430330299945,0.5416666666666666,0.0,217,1,195.51,2,3,False
AMB_RS12710,,UNRESOLVED,unknown,0,E_geometry|N_pangenome_some,0,0.6284797580650823,0.366077781115022,0.3571428571428571,0.0,272,1,194.72,2,3,True
AMB_RS12715,,CONFIDENT_NONESSENTIAL,non-essential,2,E_geometry|N_score|N_pangenome_some,1,0.3535418712807904,0.6590748167675966,0.0909090909090909,0.0,228,1,193.98,2,3,False
AMB_RS12720,,CONFIDENT_NONESSENTIAL,non-essential,2,E_geometry|N_score|N_pangenome_some,1,0.3459553309289662,0.6563472805344137,0.1379310344827586,0.0,344,1,193.12,2,3,True
AMB_RS12730,,UNRESOLVED,unknown,0,E_cons_core|N_pangenome_some,1,0.9430106225897542,0.04070878760245134,1.0,0.0,577,1,190.78,2,3,False
AMB_RS12735,,ROGUE_SUSPECT,unknown,0,E_geometry|N_score|P_rogue,1,0.2031660552374999,0.8296138398316893,0.0,0.0,398,1,189.31,3,3,False
AMB_RS23435,,CONFIDENT_NONESSENTIAL,non-essential,2,E_geometry|N_score|N_pangenome_some,0,0.2056028926399722,0.8214165054293563,0.0,0.0,387,1,188.1,1,3,False
AMB_RS12745,,CONFIDENT_ESSENTIAL,essential,2,E_score|E_cons_core,1,0.9711335121914444,0.022800141734487776,0.9393939393939394,1.0,118,0,187.15,3,3,True
AMB_RS12755,,CONFIDENT_NONESSENTIAL,non-essential,1,N_score,0,0.3618082487554419,0.6780246557460126,0.1081081081081081,1.0,259,0,185.77,3,3,True
AMB_RS12770,,CONFIDENT_NONESSENTIAL,non-essential,1,N_score,1,0.3616761997517116,0.6646166115110738,0.2777777777777778,0.0,617,1,182.33,3,3,False
AMB_RS12780,,UNRESOLVED,unknown,0,E_geometry|N_redundancy,0,0.5038551687857689,0.4954277357964691,0.2162162162162162,4.0,226,1,180.68,3,3,False
AMB_RS12785,,CONFIDENT_NONESSENTIAL,non-essential,2,N_score|N_pangenome_some,0,0.3960798493753135,0.5983147807474797,0.3333333333333333,0.0,658,1,179.36,2,3,False
AMB_RS12790,,UNRESOLVED,unknown,0,E_cons_core|E_geometry|F_core_redundant,1,0.9615774159093312,0.02239583232500847,0.918918918918919,7.0,233,1,177.96,3,3,True
AMB_RS12795,,CONFIDENT_NONESSENTIAL,non-essential,2,E_geometry|N_score|N_pangenome_strong,0,0.2020960189830272,0.8031437431098836,0.0,0.0,378,1,177.04,0,3,False
AMB_RS12800,,CONFIDENT_NONESSENTIAL,non-essential,2,E_geometry|N_score|N_redundancy,0,0.4603203471756793,0.4795010174254481,0.2571428571428571,5.0,388,1,175.9,3,3,True
AMB_RS12805,,UNRESOLVED,unknown,0,E_cons_core,1,0.9052589151431568,0.07033795385802984,0.7567567567567568,0.0,291,0,174.7,3,3,False
AMB_RS12810,,UNRESOLVED,unknown,0,E_cons_core,1,0.9037735335280652,0.08496163683411037,0.6857142857142857,0.0,154,0,174.03,3,3,False
AMB_RS12815,,ROGUE_SUSPECT,unknown,0,N_score|P_rogue,0,0.2691760385263788,0.7833945334457274,0.0,0.0,214,0,173.44,3,3,False
AMB_RS12825,,UNRESOLVED,unknown,0,E_cons_core|N_pangenome_some,0,0.9344131451278715,0.04907599769246999,0.7857142857142857,0.0,161,0,170.04,1,3,False
AMB_RS12830,,CONFIDENT_NONESSENTIAL,non-essential,1,N_score,1,0.4496496643721902,0.4924400991680662,0.1666666666666666,0.0,164,0,169.55,3,3,True
AMB_RS12840,,CONFIDENT_NONESSENTIAL,non-essential,3,N_score|N_pangenome_some|N_long_lagging,0,0.1472167016469812,0.8703919504637369,0.0,0.0,562,0,168.1,1,3,False
AMB_RS12860,,CONFIDENT_NONESSENTIAL,non-essential,1,E_geometry|N_score,0,0.3113531289764862,0.7167853761817483,0.1363636363636363,0.0,398,1,164.98,3,3,True
AMB_RS12865,,CONFIDENT_NONESSENTIAL,non-essential,2,N_score|N_pangenome_some,0,0.1736323231445901,0.8608948746814047,0.0,0.0,470,1,163.58,2,3,False
AMB_RS12870,,ROGUE_SUSPECT,unknown,0,N_score|N_long_lagging|P_rogue|P_conditional,0,0.0806957826221357,0.9510099288421645,0.0,0.0,904,0,161.3,3,3,False
AMB_RS12875,,CONFIDENT_NONESSENTIAL,non-essential,1,N_score,0,0.2800200205984364,0.7906411750308397,0.0344827586206896,1.0,266,0,159.46,3,3,False
AMB_RS12880,,CONFIDENT_NONESSENTIAL,non-essential,2,N_score|N_pangenome_some,0,0.2664279811092474,0.7996005791442076,0.0,1.0,221,0,158.71,2,3,False
AMB_RS12890,,CONFIDENT_NONESSENTIAL,non-essential,2,E_geometry|N_score|N_pangenome_some,0,0.2870376777058561,0.7354401027286193,0.0909090909090909,1.0,353,1,157.49,2,3,True
AMB_RS12895,,CONDITIONAL_SUSPECT,unknown,0,N_score|N_long_lagging|P_conditional,1,0.2575802761464854,0.78121014596861,0.0909090909090909,1.0,431,0,156.15,3,3,True
AMB_RS12900,,UNRESOLVED,unknown,0,E_cons_core,1,0.9252204256638208,0.050235051690268595,0.8378378378378378,0.0,322,0,154.84,3,3,False
AMB_RS12915,,CONFIDENT_NONESSENTIAL,non-essential,2,E_geometry|N_score|N_pangenome_strong,0,0.2321135977826678,0.7705854129155609,0.0,0.0,270,1,152.46,0,3,False
AMB_RS12920,,CONFIDENT_NONESSENTIAL,non-essential,2,N_score|N_pangenome_strong,0,0.1433469655016192,0.8788927011963307,0.0,0.0,563,1,151.21,0,3,False
AMB_RS12925,,CONFIDENT_NONESSENTIAL,non-essential,2,E_geometry|N_score|N_pangenome_strong,0,0.4488739965165243,0.5422968738798758,0.1666666666666666,0.0,159,1,149.99,0,3,False
AMB_RS12930,,UNRESOLVED,unknown,0,E_cons_core,1,0.8263086846487867,0.17040699387609995,1.0,0.0,1155,1,148.01,3,3,False
AMB_RS12935,,CONFIDENT_NONESSENTIAL,non-essential,2,E_geometry|N_score|N_pangenome_strong,0,0.2917096055174715,0.7436264794858164,0.0,0.0,127,1,146.0,0,3,False
AMB_RS12940,,UNRESOLVED,unknown,0,E_cons_core|E_geometry|F_core_redundant,1,0.9594767466972112,0.022651061756144238,0.918918918918919,7.0,227,1,145.46,3,3,True
AMB_RS12945,,UNRESOLVED,unknown,0,E_cons_core|E_geometry,1,0.9367719079853452,0.04405689960165735,0.918918918918919,1.0,415,1,144.5,3,3,False
AMB_RS12955,,CONFIDENT_NONESSENTIAL,non-essential,1,E_geometry|N_score,0,0.3829576263394108,0.6212280209369514,0.1212121212121212,0.0,185,1,142.37,3,3,True
AMB_RS12960,,UNRESOLVED,unknown,0,E_geometry|N_pangenome_some,0,0.5118823562744365,0.47577121079703927,0.2105263157894736,1.0,135,1,141.83,2,3,False
AMB_RS12965,,CONFIDENT_NONESSENTIAL,non-essential,3,N_score|N_pangenome_some|N_long_lagging,0,0.1179601677235728,0.9172888749261549,0.0454545454545454,0.0,775,0,140.23,1,3,True
AMB_RS12970,,CONFIDENT_NONESSENTIAL,non-essential,1,E_geometry|N_score,0,0.371247696532529,0.6653021788604068,0.1,0.0,168,1,138.77,3,3,True
AMB_RS12975,,CONFIDENT_NONESSENTIAL,non-essential,1,N_score,0,0.2652379235514749,0.8146654503649243,0.0344827586206896,1.0,287,0,137.88,3,3,False
AMB_RS12980,,CONFIDENT_NONESSENTIAL,non-essential,2,N_score|N_pangenome_some,0,0.2075738808332369,0.8210515572572695,0.0,1.0,345,0,136.91,2,3,False
AMB_RS12985,,CONFIDENT_NONESSENTIAL,non-essential,2,N_score|N_pangenome_some,0,0.2691743810294294,0.7673603476588478,0.0,0.0,174,0,136.13,1,3,False
AMB_RS12990,,ROGUE_SUSPECT,unknown,0,N_score|P_rogue,0,0.2417594900132142,0.7989894372745776,0.0,0.0,245,0,135.41,3,3,False
AMB_RS12995,,ROGUE_SUSPECT,unknown,0,N_score|P_rogue,0,0.2704733264585383,0.8130569054987444,0.0,0.0,188,0,134.65,3,3,False
AMB_RS13000,,CONDITIONAL_SUSPECT,unknown,0,N_score|N_long_lagging|P_conditional,0,0.166243205545528,0.8829356647387009,0.0,1.0,487,0,133.64,3,3,False
AMB_RS13005,,CONFIDENT_NONESSENTIAL,non-essential,1,E_geometry|N_score,0,0.2381937219429858,0.8070533159311237,0.04,3.0,365,1,132.29,3,3,True
AMB_RS13010,,UNRESOLVED,unknown,0,E_cons_core|N_pangenome_some,1,0.8996682729193692,0.07951784595699452,0.9655172413793104,0.0,745,1,130.51,2,3,False
AMB_RS13015,,UNRESOLVED,unknown,0,E_geometry|N_redundancy,0,0.7640554049482972,0.2033856517174493,0.4864864864864865,6.0,226,1,129.0,3,3,False
AMB_RS13020,,CONFIDENT_ESSENTIAL,essential,3,E_score|E_cons_core|E_geometry|F_core_redundant,1,0.970660959729336,0.013282882924844135,1.0,12.0,258,1,128.22,3,3,True
AMB_RS13025,,CONFIDENT_NONESSENTIAL,non-essential,2,E_geometry|N_score|N_redundancy,0,0.2399548171154718,0.7684015252290018,0.0606060606060606,4.0,395,1,127.25,3,3,True
AMB_RS13030,,UNRESOLVED,unknown,0,E_cons_core|E_geometry|F_core_redundant,1,0.8216354221030568,0.1446583259761461,0.5757575757575758,9.0,273,1,126.19,3,3,False
AMB_RS13035,,CONFIDENT_ESSENTIAL,essential,3,E_score|E_cons_core|E_geometry|F_core_redundant,1,0.9724076502716786,0.017861544730737464,1.0,12.0,249,1,125.36,3,3,True
AMB_RS13045,,ROGUE_SUSPECT,unknown,0,E_geometry|N_score|P_rogue,0,0.2293461619426722,0.7418256566406989,0.0344827586206896,0.0,316,1,123.52,3,3,True
AMB_RS13050,,CONFIDENT_NONESSENTIAL,non-essential,2,N_score|N_redundancy,0,0.2932978821511205,0.7032512045474574,0.1621621621621621,4.0,480,1,122.33,3,3,True
AMB_RS13055,,CONFIDENT_NONESSENTIAL,non-essential,1,E_geometry|N_score,1,0.3015773213415175,0.6655587840067464,0.0689655172413793,2.0,229,1,121.19,3,3,True
AMB_RS13065,,CONFIDENT_NONESSENTIAL,non-essential,2,N_score|N_pangenome_strong,0,0.1481045543458571,0.8601659621761745,0.0,0.0,507,1,118.89,0,3,False
AMB_RS13070,,UNRESOLVED,unknown,0,E_cons_core|E_geometry|F_core_redundant,1,0.8244285007694143,0.14390994795035317,0.5757575757575758,9.0,257,1,117.74,3,3,False
AMB_RS13075,,UNRESOLVED,unknown,0,,0,0.508590199178738,0.4530899178181657,0.2857142857142857,0.0,271,0,116.81,3,3,False
AMB_RS13080,,CONFIDENT_NONESSENTIAL,non-essential,2,N_score|N_redundancy,0,0.2453616327576616,0.7945914051452977,0.0606060606060606,4.0,384,0,115.8,3,3,True
AMB_RS13085,,CONDITIONAL_SUSPECT,unknown,0,N_score|N_redundancy|N_long_lagging|P_conditional,0,0.2507898213931629,0.7540406082351618,0.1081081081081081,11.0,518,0,114.44,3,3,True
AMB_RS13090,,CONFIDENT_NONESSENTIAL,non-essential,2,N_score|N_redundancy,1,0.2381242798779731,0.8191932774711054,0.0333333333333333,9.0,389,0,113.06,3,3,True
AMB_RS13095,,CONFIDENT_NONESSENTIAL,non-essential,2,N_score|N_redundancy,0,0.4341034156548487,0.5857265622364447,0.2068965517241379,5.0,292,0,111.89,3,3,True
AMB_RS13100,,CONFIDENT_NONESSENTIAL,non-essential,2,N_score|N_redundancy,0,0.2794138239894344,0.7375666965556504,0.0689655172413793,6.0,321,0,110.96,3,3,True
AMB_RS13115,,UNRESOLVED,unknown,0,,1,0.6953447125865135,0.2562801562492775,0.3939393939393939,3.0,144,0,108.86,3,3,False
AMB_RS13120,,CONFIDENT_NONESSENTIAL,non-essential,1,N_score,1,0.3241164822382099,0.6613631947717803,0.1428571428571428,1.0,329,0,108.03,3,3,True
AMB_RS13125,,CONFIDENT_NONESSENTIAL,non-essential,3,N_score|N_pangenome_strong|N_long_lagging,0,0.1559124959472134,0.8553741927740285,0.0,0.0,470,0,106.83,0,3,False
AMB_RS13130,,CONFIDENT_NONESSENTIAL,non-essential,2,N_score|N_redundancy,1,0.1844145457378239,0.832636465136338,0.0,4.0,407,0,105.51,3,3,True
AMB_RS13135,,CONFIDENT_NONESSENTIAL,non-essential,3,N_score|N_pangenome_some|N_long_lagging,0,0.1136019055635135,0.8973948195431932,0.0,2.0,660,0,103.87,2,3,True
AMB_RS13140,,CONFIDENT_NONESSENTIAL,non-essential,2,N_score|N_pangenome_some,0,0.2819475175096369,0.7085174685609893,0.1071428571428571,0.0,333,0,101.84,2,3,True
AMB_RS13145,,CONFIDENT_NONESSENTIAL,non-essential,1,E_cons_core|N_pangenome_strong,0,0.8129135345974879,0.12309573773308465,0.5714285714285714,0.0,180,0,101.06,0,3,False
AMB_RS13150,,CONFIDENT_NONESSENTIAL,non-essential,2,N_score|N_pangenome_some,0,0.4375290388609327,0.5933615326563247,0.1875,0.0,194,0,100.49,1,3,False
AMB_RS13155,,UNRESOLVED,unknown,0,N_pangenome_some,0,0.508873719547196,0.4633812243760452,0.25,0.0,179,0,99.92,1,3,False
AMB_RS13160,,CONFIDENT_NONESSENTIAL,non-essential,3,N_score|N_pangenome_some|N_long_lagging,0,0.3486042588616528,0.6448121560076627,0.25,0.0,499,0,98.89,1,3,False
AMB_RS13165,,CONFIDENT_NONESSENTIAL,non-essential,2,N_score|N_pangenome_some,0,0.4883933452245177,0.5028687528367287,0.3125,0.0,359,0,97.6,1,3,False
AMB_RS13170,,CONFIDENT_NONESSENTIAL,non-essential,2,N_score|N_pangenome_some,0,0.4359881426506922,0.556819447047827,0.2,0.0,211,0,96.75,1,3,False
AMB_RS13175,,UNRESOLVED,unknown,0,N_pangenome_some,0,0.7157151770227491,0.2452018366126797,0.4666666666666667,0.0,224,0,96.1,1,3,False
AMB_RS13180,,UNRESOLVED,unknown,0,N_pangenome_some,0,0.7057854730438412,0.2501530122431739,0.4,0.0,98,0,95.6,1,3,False
AMB_RS13190,,CONFIDENT_NONESSENTIAL,non-essential,2,E_geometry|N_score|N_pangenome_some,1,0.2828622253872138,0.6728934088218611,0.1538461538461538,0.0,415,1,94.35,1,3,False
AMB_RS13195,,CONFIDENT_NONESSENTIAL,non-essential,2,E_geometry|N_score|N_pangenome_some,1,0.3454412161052902,0.6419447029381594,0.1428571428571428,1.0,269,1,93.33,2,3,True
AMB_RS13200,,CONFIDENT_NONESSENTIAL,non-essential,2,E_geometry|N_score|N_pangenome_some,1,0.3339130456365494,0.6715450606038762,0.1428571428571428,1.0,298,1,92.48,2,3,True
AMB_RS13205,,CONFIDENT_NONESSENTIAL,non-essential,1,E_geometry|N_score,0,0.3938347234289737,0.5876131373814589,0.2432432432432432,0.0,380,1,91.47,3,3,True
AMB_RS13210,,CONFIDENT_NONESSENTIAL,non-essential,2,E_geometry|N_score|N_pangenome_some,0,0.2117904944341964,0.8223718786210208,0.0357142857142857,1.0,370,1,90.34,2,3,True
AMB_RS13215,,CONFIDENT_NONESSENTIAL,non-essential,2,N_score|N_pangenome_some,0,0.1377161287976478,0.886836468064161,0.0,3.0,555,1,88.74,2,3,True
AMB_RS13220,,CONFIDENT_NONESSENTIAL,non-essential,2,E_geometry|N_score|N_pangenome_some,1,0.2812198368068682,0.7485020671158071,0.0,1.0,105,1,87.75,2,3,False
AMB_RS13230,,UNRESOLVED,unknown,0,E_cons_core|F_core_redundant,1,0.9103537539881896,0.059785028031756414,0.7428571428571429,12.0,240,0,84.13,3,3,True
AMB_RS13235,,CONFIDENT_NONESSENTIAL,non-essential,2,E_geometry|N_score|N_pangenome_some,0,0.377639249179808,0.6136627708451562,0.15,0.0,202,1,83.34,1,3,False
AMB_RS13240,,CONDITIONAL_SUSPECT,unknown,0,N_score|N_redundancy|N_long_lagging|P_conditional,0,0.2360249565929285,0.8073316574733054,0.1081081081081081,11.0,542,0,82.08,3,3,True
AMB_RS13250,,UNRESOLVED,unknown,0,E_cons_core,1,0.9239673607584824,0.0445665766047938,0.8571428571428571,2.0,312,0,79.9,3,3,False
AMB_RS13255,,ROGUE_SUSPECT,unknown,0,N_score|N_long_lagging|P_rogue|P_conditional,0,0.1206814969291285,0.8984439784893927,0.0,0.0,593,0,78.54,3,3,True
AMB_RS13290,,CONFIDENT_NONESSENTIAL,non-essential,2,N_score|N_pangenome_some,1,0.3775701092820113,0.596126083142369,0.1764705882352941,0.0,247,0,72.03,2,3,False
AMB_RS13295,,CONFIDENT_NONESSENTIAL,non-essential,2,E_geometry|N_score|N_pangenome_some,1,0.28314671972906,0.6841052684051725,0.1363636363636363,0.0,358,1,71.1,2,3,True
AMB_RS13310,,CONFIDENT_NONESSENTIAL,non-essential,1,E_geometry|N_score,0,0.3415589614599637,0.5692086498731925,0.1578947368421052,0.0,257,1,66.83,3,3,False
AMB_RS13315,,UNRESOLVED,unknown,0,E_cons_core|E_geometry,1,0.8145486587316458,0.1112622664784779,0.5757575757575758,3.0,169,1,66.19,3,3,False
AMB_RS13320,,ROGUE_SUSPECT,unknown,0,E_geometry|N_score|P_rogue,0,0.2568760015229345,0.7403730118550154,0.0,0.0,125,1,65.74,3,3,False
AMB_RS13330,,CONFIDENT_NONESSENTIAL,non-essential,1,N_score,0,0.1480074076290275,0.8787236674482594,0.1935483870967742,0.0,895,1,63.61,3,3,True
AMB_RS13335,,UNRESOLVED,unknown,0,E_cons_core,1,0.9094012832942836,0.05776251690606134,1.0,0.0,689,1,61.11,3,3,False
AMB_RS13340,,UNRESOLVED,unknown,0,E_cons_core|E_geometry,1,0.9575592047865892,0.024345449932485663,1.0,0.0,295,1,59.63,3,3,False
AMB_RS13360,,UNRESOLVED,unknown,0,E_cons_core|F_core_redundant,1,0.8201815824545258,0.1572342625840455,0.6,4.0,233,0,55.45,3,3,False
AMB_RS13375,,CONFIDENT_NONESSENTIAL,non-essential,2,N_score|N_pangenome_some,1,0.2143779294500631,0.779718144436572,0.0,0.0,226,0,52.41,1,3,False
AMB_RS13380,,UNRESOLVED,unknown,0,E_cons_core|E_geometry|N_pangenome_some,0,0.7371519802480375,0.20583207639911288,0.5882352941176471,0.0,391,1,51.49,2,3,False
AMB_RS13390,,UNRESOLVED,unknown,0,E_cons_core|E_geometry|N_pangenome_some,1,0.7962135568049865,0.1631234224804141,0.6363636363636364,0.0,339,1,48.26,2,3,False
AMB_RS13405,,CONFIDENT_NONESSENTIAL,non-essential,2,N_score|N_pangenome_some,0,0.2323744731496614,0.7334197756949268,0.0,0.0,161,0,46.1,2,3,False
AMB_RS13410,,CONFIDENT_NONESSENTIAL,non-essential,2,N_score|N_pangenome_strong,0,0.0950702532906618,0.8970895682417516,0.0,0.0,670,1,44.85,0,3,False
AMB_RS13415,,CONFIDENT_NONESSENTIAL,non-essential,1,N_score,0,0.2468980151924321,0.7943730024056563,0.0625,1.0,294,0,43.33,3,3,True
AMB_RS13430,,CONFIDENT_NONESSENTIAL,non-essential,2,N_score|N_pangenome_some,0,0.2194385372472346,0.777093652224299,0.0,0.0,202,0,40.64,1,3,False
AMB_RS13440,,ROGUE_SUSPECT,unknown,0,N_score|N_long_lagging|P_rogue|P_conditional,0,0.0575347224243047,0.9634422547535225,0.0,0.0,962,0,38.67,3,3,False
AMB_RS13445,,UNRESOLVED,unknown,0,N_pangenome_some|N_redundancy,0,0.5084456699328939,0.44628110470136273,0.2777777777777778,4.0,212,0,36.89,2,3,True
AMB_RS13455,,CONFIDENT_NONESSENTIAL,non-essential,2,N_score|N_pangenome_some,0,0.1803611332328681,0.843395006034356,0.0,0.0,327,0,35.8,1,3,False
AMB_RS13460,,CONFIDENT_NONESSENTIAL,non-essential,1,E_geometry|N_score,0,0.3749336513655709,0.5687455725833266,0.1714285714285714,1.0,206,1,34.89,3,3,False
AMB_RS13465,,UNRESOLVED,unknown,0,E_geometry,0,0.4946693948898076,0.48360455578359673,0.2432432432432432,2.0,148,1,34.36,3,3,False
AMB_RS13470,,UNRESOLVED,unknown,0,E_cons_core|E_geometry|F_core_redundant,1,0.9652556583056302,0.017172421886643016,1.0,12.0,261,1,33.75,3,3,True
AMB_RS13475,,CONFIDENT_NONESSENTIAL,non-essential,2,E_geometry|N_score|N_pangenome_some,0,0.2731087596310668,0.7403811903785379,0.0,0.0,61,1,33.21,1,3,False
AMB_RS13480,,UNRESOLVED,unknown,0,N_redundancy,0,0.5842095461037923,0.3413644385788756,0.4,5.0,331,0,32.55,3,3,False
AMB_RS13485,,CONFIDENT_NONESSENTIAL,non-essential,2,N_score|N_pangenome_some,1,0.2200083137363313,0.7813432895292323,0.0,0.0,194,0,31.59,1,3,False
AMB_RS13495,,CONFIDENT_NONESSENTIAL,non-essential,3,N_score|N_pangenome_some|N_long_lagging,0,0.052284760922877,0.9619741461397283,0.0,0.0,990,0,26.52,2,3,False
AMB_RS13500,,ROGUE_SUSPECT,unknown,0,N_score|P_rogue,0,0.2834510442081054,0.7229155318869023,0.0571428571428571,0.0,154,0,24.81,3,3,False
AMB_RS13505,,CONFIDENT_NONESSENTIAL,non-essential,2,N_score|N_pangenome_some,0,0.1923489883120661,0.8018290515950565,0.0,0.0,265,0,24.04,2,3,False
AMB_RS13510,,CONFIDENT_NONESSENTIAL,non-essential,1,E_geometry|N_score,0,0.3791800524072117,0.6107080086729322,0.1818181818181818,0.0,214,1,23.25,3,3,False
AMB_RS13515,,CONFIDENT_NONESSENTIAL,non-essential,1,E_geometry|N_score,0,0.3486544211376988,0.6449416998148161,0.125,0.0,152,1,22.68,3,3,False
AMB_RS13520,,CONFIDENT_NONESSENTIAL,non-essential,2,E_geometry|N_score|N_pangenome_some,0,0.1761900599135563,0.8044427906843737,0.0,0.0,307,1,21.96,1,3,False
AMB_RS13525,,CONFIDENT_NONESSENTIAL,non-essential,2,E_geometry|N_score|N_pangenome_strong,0,0.1862077197720417,0.7986877232126925,0.0,0.0,276,1,21.09,0,3,False
AMB_RS13530,,CONFIDENT_NONESSENTIAL,non-essential,1,N_score,0,0.0817399108924519,0.941218436994532,0.0294117647058823,1.0,828,1,19.38,3,3,True
AMB_RS13535,,CONFIDENT_NONESSENTIAL,non-essential,1,E_geometry|N_score,0,0.3945051353775707,0.6410344765390422,0.1428571428571428,0.0,105,1,17.98,3,3,False
AMB_RS13540,,CONFIDENT_NONESSENTIAL,non-essential,1,E_geometry|N_score,0,0.4643856958208591,0.42967471468111396,0.25,0.0,167,1,17.56,3,3,False
AMB_RS13550,,CONFIDENT_NONESSENTIAL,non-essential,2,N_score|N_pangenome_some,0,0.1741704352988892,0.8095607308881888,0.0,0.0,310,0,14.89,2,3,False
AMB_RS13555,,CONFIDENT_NONESSENTIAL,non-essential,2,E_geometry|N_score|N_pangenome_some,0,0.1841769097776728,0.8413606679337398,0.0,0.0,294,1,13.94,2,3,False
AMB_RS13560,,CONFIDENT_NONESSENTIAL,non-essential,2,N_score|N_pangenome_some,0,0.3626979794485534,0.5997293850997225,0.2857142857142857,0.0,460,1,12.8,2,3,False
AMB_RS13565,,CONFIDENT_NONESSENTIAL,non-essential,1,E_geometry|N_pangenome_strong,0,0.6429057411604349,0.2576698731596127,0.4,0.0,141,1,11.74,0,3,False
AMB_RS13570,,ROGUE_SUSPECT,unknown,0,N_score|P_rogue,1,0.1361199971443848,0.8653809128169226,0.0,0.0,452,1,10.84,3,3,False
AMB_RS13580,,CONFIDENT_NONESSENTIAL,non-essential,2,N_score|N_pangenome_some,0,0.2059425831986889,0.7948826369515116,0.0,0.0,213,0,8.64,2,3,False
AMB_RS13585,,UNRESOLVED,unknown,0,E_geometry|N_redundancy,0,0.6548075624525965,0.21351004526989342,0.4411764705882353,5.0,232,1,7.98,3,3,False
AMB_RS13590,,CONFIDENT_NONESSENTIAL,non-essential,2,E_geometry|N_score|N_pangenome_strong,1,0.1704473417542162,0.8381992201529279,0.0,0.0,325,1,7.04,0,3,False
AMB_RS13610,,UNRESOLVED,unknown,0,E_cons_core|N_mobile,1,0.8671672080904106,0.0971765959946663,0.6764705882352942,0.0,137,0,2.55,3,3,False
AMB_RS13615,,UNRESOLVED,unknown,0,E_cons_core|N_mobile,1,0.9586945125037188,0.01928353296017587,0.9696969696969696,0.0,150,0,2.12,3,3,True
AMB_RS13620,,UNRESOLVED,unknown,0,E_cons_core|N_mobile,1,0.9289688438959744,0.045928489812745804,0.9714285714285714,0.0,448,0,1.22,3,3,False
AMB_RS13625,,CONFIDENT_NONESSENTIAL,non-essential,3,E_geometry|N_score|N_pangenome_some|N_mobile,0,0.1667689425527738,0.8514237304714921,0.0,0.0,336,1,0.0,1,3,False
AMB_RS13720,,CONFIDENT_NONESSENTIAL,non-essential,2,N_score|N_pangenome_some,0,0.1191327924157159,0.8979798302433588,0.0,3.0,562,1,12.76,2,3,True
AMB_RS13730,,CONFIDENT_NONESSENTIAL,non-essential,2,E_geometry|N_score|N_pangenome_strong,0,0.2601381613930612,0.7429266603540385,0.0,0.0,72,1,14.22,0,3,False
AMB_RS13735,,UNRESOLVED,unknown,0,E_cons_core|N_pangenome_some,0,0.5377483237089861,0.4189040200669585,0.5714285714285714,1.0,759,1,15.46,2,3,False
AMB_RS13740,,CONFIDENT_NONESSENTIAL,non-essential,1,E_cons_core|E_geometry|N_pangenome_strong,1,0.9529929158095242,0.023873244445968816,0.9,0.0,78,1,16.72,0,3,False
AMB_RS13750,,CONFIDENT_NONESSENTIAL,non-essential,2,N_score|N_pangenome_strong,0,0.1888569600693335,0.7840561823808817,0.0,0.0,262,0,18.16,0,3,False
AMB_RS13755,,CONFIDENT_NONESSENTIAL,non-essential,3,N_score|N_pangenome_some|N_long_lagging,0,0.1488144835330198,0.878329379446702,0.0,0.0,426,0,19.24,2,3,False
AMB_RS13770,,CONFIDENT_NONESSENTIAL,non-essential,2,N_score|N_pangenome_strong,0,0.1349426406792924,0.8661867536367347,0.0,0.0,469,1,24.31,0,3,False
AMB_RS13780,,ROGUE_SUSPECT,unknown,0,N_score|P_rogue,0,0.2371910455649938,0.7661114578279884,0.0303030303030303,0.0,210,0,25.91,3,3,False
AMB_RS13790,,CONFIDENT_NONESSENTIAL,non-essential,2,E_geometry|N_score|N_redundancy,0,0.3143952691544127,0.6029741436409515,0.1351351351351351,6.0,280,1,27.14,3,3,True
AMB_RS13795,,CONFIDENT_NONESSENTIAL,non-essential,2,E_geometry|N_score|N_pangenome_some,1,0.290770762872756,0.6940005068967103,0.0714285714285714,0.0,163,1,27.81,2,3,False
AMB_RS13805,,UNRESOLVED,unknown,0,E_cons_core|E_geometry|N_pangenome_some,1,0.8674264851916025,0.07350679084560656,0.6666666666666666,0.0,117,1,28.76,2,3,False
AMB_RS13810,,CONFIDENT_NONESSENTIAL,non-essential,2,N_score|N_pangenome_some,1,0.1379888960084384,0.9005186589060872,0.3333333333333333,0.0,1224,0,31.12,2,3,False
AMB_RS13825,,CONFIDENT_NONESSENTIAL,non-essential,2,N_score|N_pangenome_strong,0,0.236420304168841,0.7694207344522289,0.0,0.0,154,0,34.57,0,3,True
AMB_RS13835,,UNRESOLVED,unknown,0,E_cons_core,0,0.7857891078360617,0.14460854498542589,0.5428571428571428,2.0,156,0,35.73,3,3,False
AMB_RS13840,,CONFIDENT_NONESSENTIAL,non-essential,2,E_geometry|N_score|N_pangenome_some,0,0.1632934782297666,0.8477368415652814,0.0,0.0,378,1,36.54,2,3,False
AMB_RS13845,,UNRESOLVED,unknown,0,,1,0.6599657076310654,0.2737557178144277,0.3939393939393939,3.0,152,0,37.62,3,3,False
AMB_RS13850,,CONFIDENT_NONESSENTIAL,non-essential,1,N_score,1,0.4186846614918755,0.5168562556777228,0.2941176470588235,2.0,401,0,38.45,3,3,True
AMB_RS13855,,CONFIDENT_NONESSENTIAL,non-essential,3,N_score|N_pangenome_some|N_long_lagging,0,0.1888483148753957,0.848888557643245,0.0526315789473684,2.0,443,0,39.78,1,3,False
AMB_RS13860,,CONFIDENT_NONESSENTIAL,non-essential,2,E_geometry|N_score|N_pangenome_some,0,0.3387841006461455,0.6326388681296163,0.1428571428571428,1.0,231,1,40.87,2,3,True
AMB_RS13865,,CONFIDENT_NONESSENTIAL,non-essential,2,E_geometry|N_score|N_pangenome_some,1,0.2434828874554334,0.7543592946609194,0.0857142857142857,0.0,327,1,41.85,1,3,True
AMB_RS13870,,CONFIDENT_NONESSENTIAL,non-essential,2,E_geometry|N_score|N_pangenome_strong,0,0.2262202968899477,0.7272760143189053,0.0,0.0,169,1,42.78,0,3,True
AMB_RS13875,,CONFIDENT_NONESSENTIAL,non-essential,1,N_score,1,0.2611913269417333,0.7065384202354872,0.1351351351351351,1.0,393,0,43.75,3,3,True
AMB_RS13880,,CONFIDENT_NONESSENTIAL,non-essential,2,N_score|N_pangenome_some,1,0.2134871311339596,0.7569572727373959,0.0,0.0,213,0,44.65,1,3,False
AMB_RS13885,,UNRESOLVED,unknown,0,E_cons_core,1,0.7430989628997493,0.1677430509551486,0.5333333333333333,1.0,245,0,45.34,3,3,False
AMB_RS13890,,CONFIDENT_NONESSENTIAL,non-essential,2,N_score|N_pangenome_some,1,0.3757460186470907,0.5602331404698182,0.1714285714285714,0.0,206,0,46.01,1,3,True
AMB_RS13895,,UNRESOLVED,unknown,0,,1,0.5377101163769133,0.42134965252575557,0.4054054054054054,3.0,440,0,46.97,3,3,False
AMB_RS13900,,CONFIDENT_NONESSENTIAL,non-essential,2,N_score|N_redundancy,0,0.4300680420563164,0.5256007318006104,0.2571428571428571,5.0,336,0,48.16,3,3,True
AMB_RS13905,,UNRESOLVED,unknown,0,E_cons_core,1,0.9255173270781628,0.05354789523357536,0.918918918918919,1.0,416,0,49.3,3,3,False
AMB_RS13910,,UNRESOLVED,unknown,0,E_cons_core|F_core_redundant,1,0.9522511359965083,0.027155514221516835,0.918918918918919,7.0,225,0,50.26,3,3,True
AMB_RS13915,,UNRESOLVED,unknown,0,E_geometry|N_redundancy,1,0.7361135788203385,0.24029196208253448,0.4705882352941176,8.0,212,1,50.93,3,3,False
AMB_RS13930,,CONFIDENT_NONESSENTIAL,non-essential,2,N_score|N_pangenome_some,0,0.4381086114394321,0.5388170608680037,0.375,0.0,550,1,55.19,2,3,False
AMB_RS13935,,UNRESOLVED,unknown,0,E_cons_core|E_geometry|N_pangenome_some,1,0.9597590067173756,0.021446649399073855,1.0,0.0,261,1,56.4,1,3,False
AMB_RS13940,,UNRESOLVED,unknown,0,E_cons_core|E_geometry,1,0.8599413182511226,0.07368676289082125,0.7027027027027027,0.0,249,1,57.18,3,3,False
AMB_RS13945,,UNRESOLVED,unknown,0,E_cons_core,1,0.8483772983965043,0.1139413033804889,0.7647058823529411,2.0,473,1,58.26,3,3,False
AMB_RS13950,,UNRESOLVED,unknown,0,E_cons_core,1,0.8424869938310555,0.133877354974482,0.7647058823529411,2.0,505,1,59.78,3,3,False
AMB_RS13955,,UNRESOLVED,unknown,0,E_cons_core,1,0.7942704937848897,0.1609692846045307,0.7666666666666667,0.0,643,1,61.52,3,3,False
AMB_RS13960,,UNRESOLVED,unknown,0,E_cons_core|E_geometry,1,0.9628939612726818,0.028586301275499028,0.9333333333333332,0.0,104,1,62.65,3,3,False
AMB_RS13965,,UNRESOLVED,unknown,0,E_cons_core|E_geometry,1,0.9397454870429623,0.04219876047020063,0.8709677419354839,0.0,203,1,63.11,3,3,False
AMB_RS13970,,UNRESOLVED,unknown,0,E_cons_core|E_geometry,1,0.9418710993809531,0.033696103312494716,0.8666666666666667,0.0,163,1,63.67,3,3,False
AMB_RS13975,,UNRESOLVED,unknown,0,E_cons_core|E_geometry,1,0.9240197251485088,0.05492219408997791,0.875,1.0,342,1,64.44,3,3,False
AMB_RS13980,,UNRESOLVED,unknown,0,E_cons_core,1,0.8791889813497661,0.07942962978628135,0.9285714285714286,0.0,691,1,65.98,3,3,False
AMB_RS13985,,UNRESOLVED,unknown,0,E_cons_core,1,0.9172391344785188,0.05318708000817258,0.9,0.0,428,1,67.67,3,3,False
AMB_RS13990,,UNRESOLVED,unknown,0,E_cons_core|E_geometry,1,0.9266684964830568,0.044729083187516096,0.8275862068965517,0.0,203,1,68.62,3,3,False
AMB_RS13995,,UNRESOLVED,unknown,0,E_cons_core|E_geometry,1,0.8671319674652578,0.1075671158204813,0.7619047619047619,0.0,393,1,69.51,3,3,False
AMB_RS14000,,UNRESOLVED,unknown,0,E_cons_core|E_geometry,1,0.9530811960477208,0.027934376923081667,0.9285714285714286,0.0,200,1,70.4,3,3,False
AMB_RS14005,,UNRESOLVED,unknown,0,E_cons_core|E_geometry,1,0.9168755166396716,0.049680762287929156,0.7878787878787878,1.0,189,1,71.01,3,3,False
AMB_RS14010,,UNRESOLVED,unknown,0,E_cons_core|E_geometry,1,0.9326828160925812,0.0558361100047374,0.8,0.0,122,1,71.46,3,3,False
AMB_RS14030,,CONFIDENT_ESSENTIAL,essential,3,E_score|E_cons_core|E_geometry|F_core_redundant,1,0.9724038100079524,0.015780776905703297,0.9714285714285714,7.0,91,1,74.81,3,3,True
AMB_RS14035,,CONFIDENT_NONESSENTIAL,non-essential,1,N_score,0,0.3687106449619281,0.6638420457659303,0.4117647058823529,0.0,804,1,76.38,3,3,True
AMB_RS14040,,UNRESOLVED,unknown,0,,1,0.6402174329905801,0.33971583460092103,0.4857142857142857,0.0,422,1,78.47,3,3,False
AMB_RS14045,,UNRESOLVED,unknown,0,E_cons_core|E_geometry,1,0.7810707722820553,0.19698537268557395,0.5428571428571428,0.0,214,1,79.58,3,3,False
AMB_RS14050,,CONFIDENT_NONESSENTIAL,non-essential,1,N_score,1,0.2560435970816036,0.759626170704433,0.1428571428571428,0.0,463,1,80.7,3,3,True
AMB_RS14060,,CONFIDENT_NONESSENTIAL,non-essential,3,N_score|N_pangenome_some|N_long_lagging,0,0.1599685453146169,0.8704004310277431,0.0,0.0,444,0,82.48,2,3,False
AMB_RS14070,,CONFIDENT_NONESSENTIAL,non-essential,2,N_score|N_pangenome_some,0,0.1493609019253774,0.8586952618505963,0.0,0.0,472,1,85.32,2,3,False
AMB_RS14075,,ROGUE_SUSPECT,unknown,0,N_score|P_rogue,0,0.1576464067155049,0.8053870154802946,0.0285714285714285,0.0,485,1,86.75,3,3,False
AMB_RS14080,,CONDITIONAL_SUSPECT,unknown,0,N_score|N_long_lagging|P_conditional,1,0.4042633149648016,0.5757168811071962,0.2727272727272727,0.0,423,0,88.19,3,3,False
AMB_RS14095,,CONFIDENT_NONESSENTIAL,non-essential,2,N_score|N_pangenome_some,0,0.0953009348929114,0.9097404476281394,0.0,0.0,722,1,92.18,1,3,False
AMB_RS14100,,UNRESOLVED,unknown,0,E_cons_core,1,0.9436031534425144,0.035950748190520986,1.0,0.0,478,0,94.14,3,3,False
AMB_RS14105,,UNRESOLVED,unknown,0,E_cons_core,1,0.8778229156277755,0.11183878913170268,0.7878787878787878,0.0,439,0,95.59,3,3,False
AMB_RS14110,,CONFIDENT_NONESSENTIAL,non-essential,2,N_score|N_pangenome_some,0,0.280936928050689,0.7667762483193629,0.0,0.0,114,0,96.62,1,3,False
AMB_RS14120,,CONFIDENT_NONESSENTIAL,non-essential,2,E_geometry|N_score|N_redundancy,0,0.343476236459012,0.6198002871615553,0.1351351351351351,6.0,296,1,98.85,3,3,True
AMB_RS14125,,CONFIDENT_NONESSENTIAL,non-essential,2,N_score|N_pangenome_some,0,0.2585905298327657,0.7396559647440407,0.0,0.0,154,0,99.62,2,3,False
AMB_RS14130,,CONFIDENT_NONESSENTIAL,non-essential,2,N_score|N_pangenome_strong,0,0.2332873153491809,0.8137595082861402,0.0,0.0,239,0,100.26,0,3,False
AMB_RS14140,,CONFIDENT_NONESSENTIAL,non-essential,2,E_geometry|N_score|N_pangenome_some,0,0.1867595906232509,0.7975746511061829,0.0,0.0,348,1,101.66,1,3,False
AMB_RS14145,,UNRESOLVED,unknown,0,E_cons_core|E_geometry,1,0.913264612712392,0.060908659393505676,0.8461538461538461,0.0,372,1,102.99,3,3,False
AMB_RS14160,,UNRESOLVED,unknown,0,E_cons_core|E_geometry,1,0.8200319917709884,0.12640540747641826,0.5757575757575758,3.0,199,1,104.73,3,3,False
AMB_RS14175,,CONFIDENT_NONESSENTIAL,non-essential,2,E_geometry|N_score|N_pangenome_some,0,0.2327875910095781,0.7297557921785864,0.0,0.0,214,1,107.7,1,3,False
AMB_RS14180,,CONFIDENT_ESSENTIAL,essential,2,E_score|E_cons_core|N_pangenome_some,1,0.9763628289821532,0.01695690079908291,1.0,0.0,68,0,108.29,2,3,False
AMB_RS14190,,CONFIDENT_NONESSENTIAL,non-essential,2,E_geometry|N_score|N_pangenome_some,0,0.2022769375667351,0.8342522315406119,0.0,0.0,332,1,111.32,2,3,True
AMB_RS14195,,ROGUE_SUSPECT,unknown,0,N_score|P_rogue,0,0.1602690563768894,0.8713420229769165,0.0,0.0,470,1,112.93,3,3,False
AMB_RS14200,,CONFIDENT_NONESSENTIAL,non-essential,2,N_score|N_pangenome_strong,0,0.1432090980972193,0.8762710403386245,0.0,0.0,529,1,114.44,0,3,False
AMB_RS14215,,CONFIDENT_NONESSENTIAL,non-essential,1,E_geometry|N_score,0,0.3232026134027103,0.6665596279596634,0.1388888888888889,2.0,341,1,119.2,3,3,True
AMB_RS14220,,CONFIDENT_NONESSENTIAL,non-essential,2,N_score|N_pangenome_some,0,0.1305775026186581,0.9020877398650895,0.0,0.0,596,1,120.67,2,3,False
AMB_RS14225,,CONDITIONAL_SUSPECT,unknown,0,N_score|N_redundancy|N_long_lagging|P_conditional,0,0.2283947964475474,0.81166388661769,0.1081081081081081,11.0,599,0,122.53,3,3,True
AMB_RS14245,,CONFIDENT_NONESSENTIAL,non-essential,2,E_geometry|N_score|N_pangenome_some,0,0.2266792771991436,0.7932835398411522,0.0,0.0,269,1,127.13,2,3,False
AMB_RS14265,,UNRESOLVED,unknown,0,E_cons_core,1,0.9338952450052976,0.04754956702527961,1.0,0.0,599,1,130.94,3,3,False
AMB_RS14275,,CONFIDENT_NONESSENTIAL,non-essential,2,N_score|N_pangenome_some,1,0.2622361228951332,0.7699283470500838,0.0952380952380952,0.0,398,0,133.26,2,3,False
AMB_RS14285,,ROGUE_SUSPECT,unknown,0,E_geometry|N_score|P_rogue,1,0.3190147724199197,0.7043125996636235,0.0454545454545454,0.0,152,1,134.88,3,3,False
AMB_RS14295,,ROGUE_SUSPECT,unknown,0,N_score|P_rogue,0,0.1098314485858568,0.9263779019094566,0.0,0.0,713,1,137.67,3,3,False
AMB_RS14300,,UNRESOLVED,unknown,0,,0,0.518831416663136,0.46227451864555325,0.2424242424242424,0.0,182,0,139.1,3,3,True
AMB_RS14310,,CONFIDENT_ESSENTIAL,essential,3,E_score|E_cons_core|E_geometry|F_core_redundant,1,0.9720157842144292,0.01512141692400353,1.0,12.0,260,1,142.16,3,3,True
AMB_RS14315,,UNRESOLVED,unknown,0,E_cons_core|E_geometry|N_pangenome_some,1,0.9551176751277238,0.02051159894168042,0.9310344827586208,0.0,232,1,142.87,2,3,False
AMB_RS14320,,CONFIDENT_NONESSENTIAL,non-essential,1,E_geometry|N_score,1,0.2925505230200161,0.7325115497798043,0.1081081081081081,0.0,359,1,143.75,3,3,True
AMB_RS14330,,UNRESOLVED,unknown,0,E_cons_core,1,0.8253198589931979,0.13570570219439973,0.6486486486486487,0.0,365,0,145.98,3,3,False
AMB_RS14335,,CONFIDENT_NONESSENTIAL,non-essential,1,N_score,1,0.4303479353407806,0.5575326737069846,0.1714285714285714,0.0,204,0,146.83,3,3,True
AMB_RS14340,,CONFIDENT_NONESSENTIAL,non-essential,2,N_score|N_pangenome_some,1,0.2121139625703486,0.7997778655835112,0.0,0.0,327,0,147.62,1,3,False
AMB_RS14345,,ROGUE_SUSPECT,unknown,0,N_score|P_rogue,0,0.2744224932998202,0.767130391533583,0.0,0.0,175,0,148.43,3,3,False
AMB_RS14355,,CONFIDENT_NONESSENTIAL,non-essential,1,E_geometry|N_score,0,0.412644534757855,0.6296218409122386,0.1176470588235294,0.0,137,1,150.95,3,3,True
AMB_RS14365,,CONFIDENT_NONESSENTIAL,non-essential,2,N_score|N_pangenome_strong,0,0.1947144694126482,0.841847018785221,0.0,0.0,396,0,154.11,0,3,False
AMB_RS14385,,UNRESOLVED,unknown,0,,1,0.5550855674302567,0.4221129796560236,0.28125,1.0,223,0,158.57,3,3,False
AMB_RS14390,,ROGUE_SUSPECT,unknown,0,N_score|P_rogue,1,0.26948420029219,0.7639609699109079,0.0,0.0,194,0,159.2,3,3,False
AMB_RS14405,,UNRESOLVED,unknown,0,N_pangenome_some,1,0.626612253541974,0.3762810110753049,0.3333333333333333,0.0,197,0,160.7,2,3,False
AMB_RS14410,,CONFIDENT_NONESSENTIAL,non-essential,1,N_score,1,0.4527240450867155,0.5328171461821373,0.25,0.0,347,0,161.51,3,3,True
AMB_RS14415,,UNRESOLVED,unknown,0,,1,0.5747651160695314,0.40513446397626923,0.3225806451612903,0.0,272,0,162.45,3,3,False
AMB_RS14420,,ROGUE_SUSPECT,unknown,0,N_score|P_rogue,1,0.3431267930178048,0.6844268279883499,0.0625,0.0,166,0,163.1,3,3,True
AMB_RS14425,,CONFIDENT_NONESSENTIAL,non-essential,1,N_score,1,0.2394573161025066,0.7812955440225952,0.0555555555555555,1.0,401,0,163.95,3,3,True
AMB_RS14430,,UNRESOLVED,unknown,0,E_cons_core,0,0.9075871996823348,0.06989691156477008,0.7407407407407407,0.0,236,0,165.06,3,3,False
AMB_RS14445,,CONFIDENT_NONESSENTIAL,non-essential,2,N_score|N_redundancy,0,0.271031662091854,0.772147177321799,0.1081081081081081,11.0,529,1,167.53,3,3,True
AMB_RS14450,,UNRESOLVED,unknown,0,E_geometry|N_redundancy,0,0.7772974613643364,0.19912029804796683,0.4857142857142857,7.0,237,1,168.73,3,3,False
AMB_RS14455,,UNRESOLVED,unknown,0,E_geometry|N_redundancy,1,0.6858555544134699,0.27902224327324,0.3928571428571428,7.0,255,1,169.47,3,3,False
AMB_RS14460,,CONFIDENT_NONESSENTIAL,non-essential,2,E_geometry|N_score|N_redundancy,0,0.2996861220326711,0.7259974411450096,0.0689655172413793,6.0,330,1,170.34,3,3,True
AMB_RS14465,,CONFIDENT_NONESSENTIAL,non-essential,2,E_geometry|N_score|N_redundancy,0,0.4649131592809986,0.558987924369718,0.2068965517241379,5.0,287,1,171.26,3,3,True
AMB_RS14470,,CONFIDENT_NONESSENTIAL,non-essential,2,E_geometry|N_score|N_redundancy,1,0.2520876343147538,0.7894720362479309,0.0333333333333333,9.0,399,1,172.41,3,3,True
AMB_RS14475,,CONFIDENT_NONESSENTIAL,non-essential,1,N_score,0,0.4053161624503653,0.6110643973213954,0.1388888888888889,2.0,230,0,173.62,3,3,True
AMB_RS14485,,CONFIDENT_NONESSENTIAL,non-essential,3,N_score|N_pangenome_some|N_long_lagging,0,0.1775997826848319,0.8934857730111878,0.0,0.0,493,0,176.68,1,3,False
AMB_RS14490,,CONFIDENT_ESSENTIAL,essential,3,E_score|E_cons_core|E_geometry,1,0.9669426232615548,0.01594941948162035,0.935483870967742,1.0,134,1,177.62,3,3,True
AMB_RS14495,,UNRESOLVED,unknown,0,E_cons_core|E_geometry,1,0.940044966844074,0.032571129050256525,0.9142857142857144,2.0,401,1,178.42,3,3,True
AMB_RS14500,,CONFIDENT_NONESSENTIAL,non-essential,2,E_geometry|N_score|N_pangenome_strong,1,0.4239336255284864,0.5034008108028519,0.1538461538461538,0.0,190,1,179.3,0,3,True
AMB_RS14505,,CONFIDENT_NONESSENTIAL,non-essential,2,E_geometry|N_score|N_pangenome_some,0,0.2980253993773417,0.6726706707658286,0.0588235294117647,1.0,262,1,179.98,2,3,False
AMB_RS14510,,UNRESOLVED,unknown,0,E_geometry|N_pangenome_some,1,0.6184927459624698,0.3179638018787877,0.2962962962962963,3.0,154,1,180.6,2,3,False
AMB_RS14520,,CONFIDENT_NONESSENTIAL,non-essential,2,N_score|N_pangenome_strong,0,0.2370603172439248,0.7483205962797128,0.0,0.0,280,0,181.88,0,3,False
AMB_RS14530,,UNRESOLVED,unknown,0,E_geometry,0,0.7427593628258815,0.2164492470342927,0.4230769230769231,2.0,156,1,183.29,3,3,False
AMB_RS14535,,CONFIDENT_NONESSENTIAL,non-essential,1,N_score,0,0.196261282967193,0.8143878468747402,0.0,3.0,430,1,184.17,3,3,True
AMB_RS14540,,UNRESOLVED,unknown,0,N_redundancy,0,0.7946662603482896,0.1882562738322875,0.4864864864864865,6.0,200,0,185.23,3,3,False
AMB_RS14545,,CONFIDENT_NONESSENTIAL,non-essential,1,N_score,0,0.2983194039826431,0.7099878716930714,0.0967741935483871,2.0,372,0,186.09,3,3,True
AMB_RS14555,,CONFIDENT_NONESSENTIAL,non-essential,1,N_score,0,0.2869429673694039,0.7305793908896248,0.0967741935483871,3.0,412,0,188.75,3,3,True
AMB_RS14565,,CONFIDENT_NONESSENTIAL,non-essential,1,N_score,1,0.4624883893935119,0.5380741658026001,0.2857142857142857,3.0,461,1,190.81,3,3,False
AMB_RS14570,,UNRESOLVED,unknown,0,E_cons_core|E_geometry|F_core_redundant,1,0.9284511604925664,0.051331620805123004,0.7428571428571429,12.0,226,1,191.83,3,3,True
AMB_RS14575,,UNRESOLVED,unknown,0,,0,0.5715052857977891,0.4930113659281813,0.2424242424242424,1.0,160,0,193.0,3,3,False
AMB_RS14580,,CONFIDENT_ESSENTIAL,essential,2,E_score|E_cons_core|N_pangenome_some,1,0.9789651042547513,0.014384371587798409,1.0,0.0,86,0,193.52,2,3,False
AMB_RS14585,,CONFIDENT_NONESSENTIAL,non-essential,2,E_geometry|N_score|N_pangenome_some,1,0.402430357716623,0.5480332861050522,0.125,0.0,188,1,193.94,2,3,False
AMB_RS14590,,CONFIDENT_NONESSENTIAL,non-essential,2,E_geometry|N_score|N_pangenome_some,0,0.2528049670180969,0.7511956930235693,0.0,0.0,256,1,194.58,2,3,False
AMB_RS14595,,ROGUE_SUSPECT,unknown,0,N_score|P_rogue,0,0.2698649795043495,0.7791955702414254,0.0357142857142857,0.0,311,0,195.53,3,3,True
AMB_RS14605,,UNRESOLVED,unknown,0,E_cons_core,1,0.8628924160611061,0.15335939410088284,0.5483870967741935,0.0,82,0,197.53,3,3,False
AMB_RS14610,,CONFIDENT_ESSENTIAL,essential,2,E_score|E_cons_core,1,0.9684297648973642,0.02148349890397878,1.0,1.0,297,0,198.14,3,3,True
AMB_RS14615,,UNRESOLVED,unknown,0,E_cons_core,1,0.928706040935057,0.05595577706975285,0.9714285714285714,0.0,645,0,199.56,3,3,False
AMB_RS14620,,UNRESOLVED,unknown,0,,0,0.6633759401487159,0.38203541073452096,0.2972972972972973,2.0,106,0,200.82,3,3,False
AMB_RS14640,,CONFIDENT_NONESSENTIAL,non-essential,2,E_geometry|N_score|N_pangenome_some,0,0.3023272302933973,0.7527442424848659,0.0,0.0,163,1,203.84,1,3,False
AMB_RS14645,,UNRESOLVED,unknown,0,E_geometry|N_pangenome_some,0,0.5459157280989195,0.40790825914043005,0.2608695652173913,1.0,230,1,204.48,2,3,False
AMB_RS14650,,CONFIDENT_NONESSENTIAL,non-essential,1,N_score,1,0.2195439825636856,0.806345375526844,0.1891891891891892,3.0,806,1,206.04,3,3,True
AMB_RS14670,,UNRESOLVED,unknown,0,E_cons_core|E_geometry,1,0.8810858363273903,0.09396271805531384,0.6206896551724138,2.0,163,1,208.64,3,3,False
AMB_RS14675,,CONFIDENT_NONESSENTIAL,non-essential,2,E_geometry|N_score|N_pangenome_some,0,0.2273429726334946,0.8011168192646485,0.0,0.0,346,1,209.4,1,3,False
AMB_RS14680,,UNRESOLVED,unknown,0,E_cons_core|E_geometry|F_core_redundant,1,0.9650902970584192,0.023588323469834565,0.918918918918919,7.0,226,1,210.25,3,3,True
AMB_RS14685,,CONFIDENT_NONESSENTIAL,non-essential,2,E_geometry|N_score|N_pangenome_some,0,0.2199500424824989,0.830294467766747,0.0,0.0,378,1,211.3,1,3,False
AMB_RS14705,,UNRESOLVED,unknown,0,N_pangenome_some|N_redundancy,0,0.6312762488696274,0.4226208621488494,0.2777777777777778,4.0,160,0,213.5,2,3,True
AMB_RS14745,,CONFIDENT_NONESSENTIAL,non-essential,1,E_geometry|N_score,0,0.4376850878581745,0.6581415093411612,0.1515151515151515,3.0,267,1,221.53,3,3,True
AMB_RS14790,,UNRESOLVED,unknown,0,N_redundancy,1,0.8023255691352466,0.2613920601885584,0.4166666666666667,8.0,122,0,241.68,3,3,False
AMB_RS14805,,UNRESOLVED,unknown,0,E_geometry,0,0.6263000899537761,0.38471453087148205,0.2941176470588235,0.0,187,1,242.79,3,3,False
AMB_RS14810,,CONFIDENT_NONESSENTIAL,non-essential,1,N_score,0,0.2359823770032146,0.7944612671220168,0.125,0.0,631,1,244.01,3,3,False
AMB_RS14815,,CONFIDENT_NONESSENTIAL,non-essential,1,E_geometry|N_score,0,0.4008972415470452,0.6338674284433378,0.125,0.0,261,1,245.34,3,3,False
AMB_RS14820,,ROGUE_SUSPECT,unknown,0,N_score|P_rogue,0,0.216650452338258,0.8723212017055625,0.0,0.0,440,1,246.45,3,3,False
AMB_RS14825,,ROGUE_SUSPECT,unknown,0,E_geometry|N_score|P_rogue,0,0.3358932890636109,0.7823783158059492,0.0,0.0,150,1,247.35,3,3,False
AMB_RS14845,,CONFIDENT_NONESSENTIAL,non-essential,2,E_geometry|N_score|N_pangenome_some,0,0.3134841352759182,0.7125841141289748,0.0434782608695652,0.0,265,1,248.58,2,3,False
AMB_RS14850,,CONFIDENT_NONESSENTIAL,non-essential,1,E_geometry|N_pangenome_strong,1,0.6731014842778307,0.4152460524715758,0.2727272727272727,0.0,68,1,248.01,0,3,False
AMB_RS14855,,ROGUE_SUSPECT,unknown,0,N_score|P_rogue,0,0.2806596032389057,0.7789146873423923,0.0,0.0,257,0,247.1,3,3,False
AMB_RS14865,,UNRESOLVED,unknown,0,,1,0.5369270152652122,0.478209170012918,0.25,1.0,279,0,245.81,3,3,False
AMB_RS14875,,CONFIDENT_NONESSENTIAL,non-essential,2,N_score|N_pangenome_strong,0,0.226083931667307,0.8608440631239569,0.0,0.0,408,0,241.52,0,3,False
AMB_RS14880,,CONFIDENT_NONESSENTIAL,non-essential,3,N_score|N_pangenome_some|N_redundancy,0,0.2513053124353052,0.8499481830601483,0.0,5.0,385,0,240.33,2,3,True
AMB_RS14925,,CONFIDENT_NONESSENTIAL,non-essential,2,N_score|N_pangenome_some,0,0.1439965528344903,0.8739330564967418,0.0769230769230769,0.0,786,1,213.74,2,3,True
AMB_RS14930,,CONFIDENT_NONESSENTIAL,non-essential,2,N_score|N_pangenome_some,0,0.0116396012458756,0.995287236577287,0.0,0.0,1932,1,209.66,1,3,True
AMB_RS14945,,CONFIDENT_NONESSENTIAL,non-essential,1,E_geometry|N_score,0,0.3541366387784033,0.6791404776469931,0.1081081081081081,2.0,295,1,200.97,3,3,True
AMB_RS14950,,UNRESOLVED,unknown,0,N_redundancy,0,0.8019034077397477,0.18278409041883883,0.4864864864864865,6.0,193,0,200.1,3,3,False
AMB_RS14955,,CONFIDENT_NONESSENTIAL,non-essential,3,N_score|N_pangenome_some|N_long_lagging,0,0.0563741566959393,0.9709280296605235,0.0,0.0,1133,0,198.12,1,3,False
AMB_RS14965,,CONFIDENT_NONESSENTIAL,non-essential,3,N_score|N_pangenome_some|N_long_lagging,0,0.0893611760324391,0.934530179778841,0.0,0.0,869,0,193.88,2,3,False
AMB_RS14980,,CONFIDENT_NONESSENTIAL,non-essential,2,N_score|N_pangenome_some,0,0.206094036222027,0.8470461455279894,0.0,0.0,403,0,190.53,1,3,False
AMB_RS14985,,ROGUE_SUSPECT,unknown,0,N_score|P_rogue,0,0.3130654314956888,0.701509793230881,0.0833333333333333,0.0,298,0,189.48,3,3,False
AMB_RS14990,,UNRESOLVED,unknown,0,N_redundancy,0,0.7408009830193124,0.24464005749068166,0.4285714285714285,9.0,247,0,188.58,3,3,False
AMB_RS14995,,CONFIDENT_NONESSENTIAL,non-essential,2,E_geometry|N_score|N_pangenome_some,0,0.2811479054121603,0.7108498839160239,0.0,0.0,177,1,187.86,1,3,True
AMB_RS15000,,UNRESOLVED,unknown,0,N_redundancy,1,0.7689483655797267,0.2462809153335413,0.4166666666666667,8.0,149,0,187.15,3,3,False
AMB_RS15005,,CONFIDENT_NONESSENTIAL,non-essential,3,N_score|N_pangenome_some|N_long_lagging,0,0.0980355543226746,0.944608045971754,0.0,0.0,831,0,185.67,1,3,False
AMB_RS15010,,CONFIDENT_NONESSENTIAL,non-essential,2,N_score|N_redundancy,1,0.2732549705826905,0.7914235916104954,0.0333333333333333,9.0,367,0,183.78,3,3,True
AMB_RS15020,,CONFIDENT_NONESSENTIAL,non-essential,2,N_score|N_pangenome_some,0,0.3245533760897478,0.7208281757402918,0.0,0.0,92,0,182.52,1,3,False
AMB_RS15025,,CONFIDENT_NONESSENTIAL,non-essential,2,N_score|N_pangenome_some,0,0.2006865404401591,0.8153414826083833,0.0,0.0,394,0,181.79,1,3,False
AMB_RS15030,,CONDITIONAL_SUSPECT,unknown,0,N_score|N_long_lagging|P_conditional,1,0.3327166048132998,0.7026595969737947,0.1724137931034483,1.0,458,0,180.48,3,3,False
AMB_RS15035,,CONFIDENT_NONESSENTIAL,non-essential,1,E_geometry|N_score,0,0.2561889138654925,0.7939683335604287,0.0,1.0,259,1,179.09,3,3,False
AMB_RS15045,,CONFIDENT_NONESSENTIAL,non-essential,2,N_score|N_pangenome_strong,0,0.201798527679329,0.8477442968848721,0.0,0.0,402,0,177.07,0,3,False
AMB_RS15050,,CONFIDENT_NONESSENTIAL,non-essential,3,N_score|N_pangenome_some|N_long_lagging,0,0.2067897138773543,0.8493317110140051,0.1428571428571428,0.0,704,0,175.35,2,3,True
AMB_RS15065,,CONFIDENT_NONESSENTIAL,non-essential,1,N_score,1,0.2872862118732713,0.7333007889951904,0.0869565217391304,3.0,374,0,170.23,3,3,True
AMB_RS15090,,CONFIDENT_NONESSENTIAL,non-essential,2,N_score|N_pangenome_strong,0,0.2687625139256383,0.7280409302345066,0.0714285714285714,0.0,347,0,165.44,0,3,True
AMB_RS15095,,CONFIDENT_NONESSENTIAL,non-essential,2,N_score|N_pangenome_some,0,0.3088119406695177,0.6846418352815005,0.0714285714285714,0.0,252,0,164.54,1,3,True
AMB_RS15105,,CONFIDENT_NONESSENTIAL,non-essential,3,N_score|N_pangenome_some|N_long_lagging,1,0.1891764264379793,0.8038487276343023,0.0416666666666666,0.0,494,0,162.72,2,3,False
AMB_RS15110,,ROGUE_SUSPECT,unknown,0,N_score|N_long_lagging|P_rogue|P_conditional,0,0.0638670962989248,0.9604493208277913,0.0,0.0,1023,0,160.31,3,3,False
AMB_RS15120,,CONFIDENT_NONESSENTIAL,non-essential,1,N_score,0,0.2360354184890301,0.7737550446999962,0.032258064516129,2.0,356,0,156.06,3,3,True
AMB_RS15130,,CONFIDENT_NONESSENTIAL,non-essential,3,N_score|N_pangenome_some|N_long_lagging,0,0.1160435337406617,0.9143071573680687,0.0,1.0,701,0,153.02,1,3,True
AMB_RS15140,,CONFIDENT_NONESSENTIAL,non-essential,3,N_score|N_pangenome_some|N_long_lagging,0,0.1474397628839253,0.8958900782308756,0.0,0.0,563,0,150.72,2,3,False
AMB_RS15155,,CONFIDENT_NONESSENTIAL,non-essential,2,N_score|N_pangenome_some,1,0.3025025260310437,0.7064808775279974,0.0454545454545454,0.0,199,0,148.46,1,3,True
AMB_RS15160,,CONFIDENT_NONESSENTIAL,non-essential,2,N_score|N_pangenome_some,0,0.2614350316906282,0.7716677877726966,0.0,0.0,204,0,147.85,2,3,True
AMB_RS15165,,CONFIDENT_NONESSENTIAL,non-essential,3,N_score|N_pangenome_some|N_long_lagging,0,0.1787876659722776,0.8554580487884237,0.0434782608695652,0.0,536,0,146.75,2,3,True
AMB_RS15170,,UNRESOLVED,unknown,0,N_pangenome_some,0,0.5693982612651888,0.3127844255109106,0.3076923076923077,0.0,207,0,145.64,1,3,False
AMB_RS15195,,CONFIDENT_NONESSENTIAL,non-essential,2,N_score|N_pangenome_strong,1,0.2152711785242363,0.8133057196832264,0.0,0.0,319,0,140.51,0,3,False
AMB_RS15200,,CONFIDENT_NONESSENTIAL,non-essential,3,N_score|N_pangenome_strong|N_long_lagging,0,0.1077445638648087,0.9332719016196274,0.0,0.0,732,0,138.85,0,3,False
AMB_RS15210,,UNRESOLVED,unknown,0,E_cons_core|E_geometry|N_pangenome_some,1,0.9370896819717102,0.03540827944369233,0.9142857142857144,0.0,374,1,137.0,2,3,False
AMB_RS15215,,CONFIDENT_NONESSENTIAL,non-essential,2,N_score|N_pangenome_strong,0,0.2614890752070135,0.7921831159696218,0.0,0.0,201,0,136.05,0,3,False
AMB_RS15220,,ROGUE_SUSPECT,unknown,0,E_geometry|N_score|P_rogue,0,0.3095660672233596,0.6829851859682098,0.0769230769230769,0.0,234,1,135.29,3,3,False
AMB_RS15225,,UNRESOLVED,unknown,0,E_geometry|N_pangenome_some,1,0.8068157237604459,0.2023972771046709,0.4814814814814814,0.0,67,1,134.82,1,3,False
AMB_RS15230,,CONFIDENT_ESSENTIAL,essential,3,E_score|E_cons_core|E_geometry,1,0.974714230125305,0.015341152533044472,1.0,0.0,113,1,134.54,3,3,True
AMB_RS15235,,UNRESOLVED,unknown,0,E_cons_core|N_pangenome_some,1,0.8874166151038522,0.07733676875035914,0.8888888888888888,0.0,631,1,133.41,1,3,False
AMB_RS15240,,CONFIDENT_NONESSENTIAL,non-essential,2,E_geometry|N_score|N_pangenome_some,1,0.2527057951338604,0.7770293631843938,0.0,0.0,209,1,132.13,1,3,False
AMB_RS15245,,CONFIDENT_ESSENTIAL,essential,3,E_score|E_cons_core|E_geometry,1,0.9679365486760644,0.022832023057715964,0.9393939393939394,1.0,112,1,131.61,3,3,True
AMB_RS15250,,UNRESOLVED,unknown,0,E_cons_core|E_geometry,1,0.9663094537515364,0.023841839538748508,0.935483870967742,1.0,127,1,131.21,3,3,True
AMB_RS15255,,UNRESOLVED,unknown,0,E_cons_core,1,0.9349096160024792,0.04724321164187141,0.9142857142857144,2.0,419,1,130.31,3,3,True
AMB_RS15260,,UNRESOLVED,unknown,0,E_cons_core|E_geometry,1,0.9373025714897918,0.033505884883590104,0.9142857142857144,2.0,378,1,129.08,3,3,True
AMB_RS15265,,UNRESOLVED,unknown,0,E_geometry|N_redundancy,1,0.7609209946061226,0.2171379370228075,0.4571428571428571,4.0,158,1,128.25,3,3,False
AMB_RS15270,,UNRESOLVED,unknown,0,E_geometry|N_pangenome_some,1,0.5079937185671242,0.4950726616078399,0.2727272727272727,0.0,264,1,127.62,2,3,False
AMB_RS15275,,UNRESOLVED,unknown,0,,1,0.546883385296024,0.45645920805868867,0.2916666666666667,0.0,232,0,126.67,3,3,False
AMB_RS15285,,CONFIDENT_NONESSENTIAL,non-essential,2,E_geometry|N_score|N_pangenome_some,0,0.2384116046289401,0.7300780226435776,0.0625,0.0,356,1,125.26,2,3,False
AMB_RS15290,,UNRESOLVED,unknown,0,E_cons_core,1,0.9538554084843625,0.03444167544279131,1.0,0.0,416,0,124.03,3,3,False
AMB_RS15295,,UNRESOLVED,unknown,0,E_geometry|N_pangenome_some,0,0.5078785595905034,0.5045845700683136,0.2,0.0,102,1,123.12,1,3,False
AMB_RS15300,,CONFIDENT_ESSENTIAL,essential,2,E_score|E_cons_core,1,0.9738952907833412,0.022561438349879313,0.9705882352941176,0.0,78,0,122.73,3,3,True
AMB_RS15310,,CONFIDENT_NONESSENTIAL,non-essential,2,N_score|N_pangenome_some,0,0.1373241757014017,0.8716596718961135,0.0,0.0,552,1,119.79,2,3,False
AMB_RS15315,,CONFIDENT_NONESSENTIAL,non-essential,2,E_geometry|N_score|N_pangenome_some,0,0.2768797610345693,0.7448526969677682,0.0,0.0,134,1,118.73,1,3,False
AMB_RS15325,,CONFIDENT_NONESSENTIAL,non-essential,2,E_geometry|N_score|N_pangenome_strong,0,0.215520852352166,0.7839421893831003,0.0,0.0,284,1,117.55,0,3,False
AMB_RS15330,,CONFIDENT_NONESSENTIAL,non-essential,2,E_geometry|N_score|N_pangenome_some,0,0.2214377128800632,0.7866604040784297,0.0,0.0,270,1,116.71,1,3,False
AMB_RS15335,,CONFIDENT_NONESSENTIAL,non-essential,2,E_geometry|N_score|N_pangenome_strong,0,0.223309470838607,0.725283973625628,0.0,0.0,243,1,115.93,0,3,False
AMB_RS15340,,CONFIDENT_NONESSENTIAL,non-essential,2,E_geometry|N_score|N_pangenome_some,0,0.2306981414484898,0.7547588475436903,0.0,0.0,235,1,115.21,1,3,False
AMB_RS15345,,CONDITIONAL_SUSPECT,unknown,0,N_score|N_long_lagging|P_conditional,1,0.2295626080683609,0.7958329733775767,0.081081081081081,2.0,449,0,114.03,3,3,True
AMB_RS15360,,UNRESOLVED,unknown,0,E_cons_core|N_pangenome_some,0,0.7856311770152574,0.2598037396022265,0.5,0.0,162,0,110.14,2,3,False
AMB_RS15365,,UNRESOLVED,unknown,0,E_cons_core,1,0.944126555298172,0.04116602304439117,0.972972972972973,0.0,438,0,109.17,3,3,False
AMB_RS15370,,CONFIDENT_NONESSENTIAL,non-essential,3,N_score|N_pangenome_some|N_long_lagging,1,0.0771734766647889,0.9577996099322577,0.0,0.0,886,0,106.9,1,3,False
AMB_RS15375,,CONFIDENT_NONESSENTIAL,non-essential,3,N_score|N_pangenome_some|N_long_lagging,0,0.1387948625356127,0.9011322605933706,0.0,1.0,562,0,104.56,1,3,False
AMB_RS15395,,CONFIDENT_NONESSENTIAL,non-essential,2,N_score|N_pangenome_strong,0,0.2426161587572847,0.7771562325159531,0.0,0.0,203,0,99.3,0,3,False
AMB_RS15410,,CONDITIONAL_SUSPECT,unknown,0,N_score|N_long_lagging|P_conditional,0,0.3360979496923812,0.7108708479549894,0.2352941176470588,3.0,532,0,95.29,3,3,True
AMB_RS15415,,CONFIDENT_NONESSENTIAL,non-essential,2,N_score|N_pangenome_some,0,0.083980832283303,0.9475192892867359,0.0,0.0,819,1,93.05,2,3,True
AMB_RS15420,,CONFIDENT_NONESSENTIAL,non-essential,2,N_score|N_pangenome_some,0,0.0948956000518915,0.9188686488709845,0.0,0.0,731,1,90.62,1,3,True
AMB_RS15425,,CONFIDENT_NONESSENTIAL,non-essential,2,N_score|N_pangenome_some,0,0.0982659053959416,0.9274423148596296,0.0,0.0,721,1,88.45,2,3,True
AMB_RS15430,,CONFIDENT_NONESSENTIAL,non-essential,2,N_score|N_pangenome_some,1,0.0963347768845265,0.9304299340876621,0.0,0.0,731,1,86.23,2,3,True
AMB_RS15450,,ROGUE_SUSPECT,unknown,0,E_geometry|N_score|P_rogue,0,0.2259888932750273,0.7645566535092694,0.0,0.0,219,1,81.7,3,3,False
AMB_RS15455,,ROGUE_SUSPECT,unknown,0,E_geometry|N_score|P_rogue,0,0.1979421022282862,0.8184009828666619,0.0,0.0,309,1,80.91,3,3,False
AMB_RS23500,,CONFIDENT_NONESSENTIAL,non-essential,2,E_geometry|N_score|N_pangenome_some,0,0.1753998858378164,0.7937340941104565,0.0,0.0,359,1,79.86,1,3,True
AMB_RS15465,,CONFIDENT_NONESSENTIAL,non-essential,2,E_geometry|N_score|N_pangenome_some,0,0.1846087425638259,0.8123047855402302,0.0,0.0,340,1,78.82,1,3,True
AMB_RS15470,,CONFIDENT_NONESSENTIAL,non-essential,2,N_score|N_pangenome_some,0,0.2261370752378358,0.7626495886684239,0.0526315789473684,0.0,332,0,77.64,1,3,False
AMB_RS15475,,CONFIDENT_NONESSENTIAL,non-essential,2,E_geometry|N_score|N_pangenome_strong,1,0.2416041445045803,0.7232888882510393,0.0555555555555555,0.0,287,1,76.72,0,3,False
AMB_RS15485,,UNRESOLVED,unknown,0,E_cons_core|E_geometry,1,0.9522935436847352,0.02615520731721458,0.9411764705882352,1.0,244,1,74.99,3,3,True
AMB_RS15490,,CONFIDENT_NONESSENTIAL,non-essential,2,E_geometry|N_score|N_pangenome_some,0,0.2854817983527112,0.7430507762626256,0.0909090909090909,0.0,276,1,74.21,2,3,True
AMB_RS15495,,CONFIDENT_NONESSENTIAL,non-essential,2,E_geometry|N_score|N_pangenome_some,0,0.2423713036779836,0.7424666697303971,0.0,0.0,166,1,73.41,1,3,False
AMB_RS15500,,CONFIDENT_NONESSENTIAL,non-essential,2,E_geometry|N_score|N_pangenome_some,0,0.2017988139454257,0.7955203917890727,0.0,0.0,282,1,72.73,1,3,False
AMB_RS15505,,CONFIDENT_NONESSENTIAL,non-essential,2,E_geometry|N_score|N_pangenome_some,0,0.1946830783167022,0.8437012647606571,0.0,0.0,321,1,71.79,1,3,False
AMB_RS15510,,CONFIDENT_NONESSENTIAL,non-essential,2,E_geometry|N_score|N_pangenome_some,0,0.2084636133643117,0.7735236262250513,0.0,0.0,255,1,70.93,1,3,False
AMB_RS15515,,ROGUE_SUSPECT,unknown,0,N_score|P_rogue,0,0.1477092885604036,0.8886836615073156,0.0,0.0,482,1,69.83,3,3,False
AMB_RS15520,,CONFIDENT_NONESSENTIAL,non-essential,2,E_geometry|N_score|N_pangenome_strong,0,0.2285702117718656,0.8194333423178157,0.0,0.0,223,1,68.74,0,3,False
AMB_RS15525,,CONFIDENT_NONESSENTIAL,non-essential,2,E_geometry|N_score|N_pangenome_some,0,0.2134899373289396,0.806915027097549,0.0,0.0,253,1,67.93,1,3,False
AMB_RS15535,,ROGUE_SUSPECT,unknown,0,N_score|P_rogue,0,0.0888844030369845,0.9433781766089884,0.0,0.0,763,1,65.45,3,3,False
AMB_RS15540,,CONFIDENT_NONESSENTIAL,non-essential,1,N_score,0,0.3336882747471704,0.6602605991424133,0.1071428571428571,1.0,193,0,63.78,3,3,True
AMB_RS15545,,UNRESOLVED,unknown,0,E_cons_core,1,0.8329105150137489,0.0943792575622867,0.6206896551724138,2.0,196,0,63.2,3,3,False
AMB_RS15600,,CONFIDENT_NONESSENTIAL,non-essential,3,N_score|N_pangenome_some|N_long_lagging,1,0.0699246793309782,0.9486212763248548,0.0,0.0,864,0,49.37,1,3,False
AMB_RS15605,,CONFIDENT_NONESSENTIAL,non-essential,2,N_score|N_pangenome_some,0,0.3011751432732342,0.6916150489981956,0.125,1.0,289,0,47.65,1,3,False
AMB_RS15610,,CONFIDENT_NONESSENTIAL,non-essential,1,E_cons_core|N_pangenome_strong,0,0.8187812609755029,0.12467335038682066,0.6666666666666666,0.0,327,0,46.73,0,3,False
AMB_RS15620,,CONFIDENT_NONESSENTIAL,non-essential,1,N_score,0,0.3156998256329321,0.6646807273579223,0.1621621621621621,1.0,331,0,43.36,3,3,True
AMB_RS15625,,CONFIDENT_NONESSENTIAL,non-essential,2,N_score|N_redundancy,0,0.4348027352741691,0.5585465030523159,0.2162162162162162,4.0,234,0,42.41,3,3,False
AMB_RS15635,,UNRESOLVED,unknown,0,E_cons_core|N_pangenome_some,1,0.9604103218067216,0.020402297310936002,1.0,0.0,238,0,39.66,2,3,False
AMB_RS15645,,UNRESOLVED,unknown,0,E_cons_core|E_geometry,1,0.9629522756250884,0.0202679840021753,0.9705882352941176,0.0,141,1,37.86,3,3,True
AMB_RS15650,,UNRESOLVED,unknown,0,E_cons_core|E_geometry,1,0.9530361811920868,0.0325723317611495,1.0,0.0,339,1,36.97,3,3,False
AMB_RS15655,,CONFIDENT_ESSENTIAL,essential,3,E_score|E_cons_core|E_geometry,1,0.9675266146403616,0.0159109644974355,1.0,0.0,132,1,36.16,3,3,True
AMB_RS15660,,CONFIDENT_ESSENTIAL,essential,3,E_score|E_cons_core|E_geometry,1,0.9693040934446248,0.020956215757312262,1.0,0.0,126,1,35.76,3,3,True
AMB_RS15665,,UNRESOLVED,unknown,0,E_cons_core|E_geometry,1,0.9571307194999548,0.025364193131969102,0.9714285714285714,0.0,218,1,35.09,3,3,True
AMB_RS15670,,UNRESOLVED,unknown,0,E_cons_core,1,0.9344028028166206,0.047327513637280515,0.972972972972973,0.0,448,1,34.06,3,3,False
AMB_RS15675,,UNRESOLVED,unknown,0,E_cons_core|E_geometry,1,0.9608181061634224,0.019543892107321974,0.9714285714285714,0.0,160,1,32.99,3,3,True
AMB_RS15680,,CONFIDENT_ESSENTIAL,essential,3,E_score|E_cons_core|E_geometry,1,0.966831548851294,0.014792461210978906,0.9705882352941176,0.0,68,1,32.59,3,3,True
AMB_RS15685,,UNRESOLVED,unknown,0,E_cons_core|E_geometry|N_pangenome_some,1,0.9614386383281774,0.018272239415454312,1.0,0.0,211,1,32.16,2,3,True
AMB_RS15690,,CONFIDENT_ESSENTIAL,essential,3,E_score|E_cons_core|E_geometry,1,0.9681794566580452,0.016338247347404595,1.0,0.0,121,1,31.65,3,3,True
AMB_RS15695,,UNRESOLVED,unknown,0,E_cons_core|E_geometry,1,0.9659603830361504,0.025116294022476792,1.0,0.0,178,1,31.19,3,3,True
AMB_RS15700,,CONFIDENT_ESSENTIAL,essential,3,E_score|E_cons_core|E_geometry|N_pangenome_some,1,0.9678269428853656,0.018472674968342054,1.0,0.0,133,1,30.71,2,3,True
AMB_RS15705,,CONFIDENT_ESSENTIAL,essential,3,E_score|E_cons_core|E_geometry,1,0.9695968154484264,0.01673216018453047,1.0,0.0,102,1,30.34,3,3,True
AMB_RS15710,,UNRESOLVED,unknown,0,E_cons_core|E_geometry,1,0.9652382130500876,0.023035719433155882,1.0,0.0,180,1,29.9,3,3,True
AMB_RS15715,,CONFIDENT_ESSENTIAL,essential,3,E_score|E_cons_core|E_geometry,1,0.9690803458571438,0.01639454988278759,1.0,0.0,107,1,29.45,3,3,True
AMB_RS15720,,CONFIDENT_ESSENTIAL,essential,3,E_score|E_cons_core|E_geometry,1,0.968705480153374,0.01939563426031481,1.0,0.0,123,1,29.11,3,3,True
AMB_RS15725,,CONFIDENT_ESSENTIAL,essential,3,E_score|E_cons_core|E_geometry,1,0.9717038647610527,0.019427472299749175,1.0,0.0,80,1,28.77,3,3,True
AMB_RS15730,,CONFIDENT_ESSENTIAL,essential,3,E_score|E_cons_core|E_geometry,1,0.9717735528082578,0.01653008804289653,1.0,0.0,68,1,28.54,3,3,True
AMB_RS15735,,CONFIDENT_ESSENTIAL,essential,3,E_score|E_cons_core|E_geometry,1,0.9671411278064264,0.01827385052964746,1.0,0.0,139,1,28.22,3,3,True
AMB_RS15740,,UNRESOLVED,unknown,0,E_cons_core|E_geometry,1,0.960160168897301,0.02032824264878373,1.0,0.0,228,1,27.66,3,3,True
AMB_RS15745,,CONFIDENT_ESSENTIAL,essential,3,E_score|E_cons_core|E_geometry,1,0.967700852858312,0.017821839721659842,1.0,0.0,129,1,27.11,3,3,True
AMB_RS15750,,CONFIDENT_ESSENTIAL,essential,3,E_score|E_cons_core|E_geometry,1,0.9705612760687748,0.0188547319655715,1.0,0.0,93,1,26.78,3,3,True
AMB_RS15755,,UNRESOLVED,unknown,0,E_cons_core|E_geometry,1,0.9562400049339442,0.023239694566043925,1.0,0.0,276,1,26.21,3,3,True
AMB_RS15760,,CONFIDENT_ESSENTIAL,essential,3,E_score|E_cons_core|E_geometry,1,0.9691743375828172,0.016584730192327656,1.0,0.0,103,1,25.64,3,3,True
AMB_RS15765,,UNRESOLVED,unknown,0,E_cons_core|E_geometry,1,0.961783267470648,0.020056989352878037,1.0,0.0,207,1,25.18,3,3,True
AMB_RS15770,,UNRESOLVED,unknown,0,E_cons_core|E_geometry,1,0.9602628989715613,0.022232712258879902,1.0,0.0,230,1,24.51,3,3,True
AMB_RS15775,,CONFIDENT_ESSENTIAL,essential,3,E_score|E_cons_core|E_geometry,1,0.9694801277711004,0.018078625051688696,1.0,0.0,103,1,24.0,3,3,True
AMB_RS15785,,UNRESOLVED,unknown,0,E_cons_core,1,0.904195416519309,0.07211002867211394,1.0,0.0,695,1,21.3,3,3,False
AMB_RS15790,,UNRESOLVED,unknown,0,E_cons_core|E_geometry,1,0.9653675857937946,0.019132712980950654,1.0,0.0,157,1,20.0,3,3,True
AMB_RS15795,,CONFIDENT_ESSENTIAL,essential,3,E_score|E_cons_core|E_geometry,1,0.9678515658406076,0.018886409248052703,1.0,0.0,124,1,19.57,3,3,True
AMB_RS15815,,UNRESOLVED,unknown,0,E_cons_core,1,0.6918453190206131,0.3140153120483163,1.0,0.0,1392,1,9.34,3,3,False
AMB_RS15820,,CONFIDENT_ESSENTIAL,essential,3,E_score|E_cons_core|E_geometry,1,0.9666473735011618,0.018025334726653967,1.0,0.0,125,1,6.87,3,3,True
AMB_RS15825,,UNRESOLVED,unknown,0,E_cons_core|E_geometry,1,0.9631452781292958,0.019370828491339614,1.0,0.0,172,1,6.37,3,3,True
AMB_RS15830,,UNRESOLVED,unknown,0,E_cons_core|E_geometry,1,0.9581969589760696,0.02112232866902314,1.0,0.0,231,1,5.45,3,3,True
AMB_RS15835,,UNRESOLVED,unknown,0,E_cons_core|E_geometry|N_mobile,1,0.9653152972715836,0.01916981904028812,1.0,0.0,144,1,4.88,3,3,True
AMB_RS15840,,UNRESOLVED,unknown,0,E_cons_core|E_geometry|N_mobile,1,0.9632422215522048,0.022187997913012507,1.0,0.0,178,1,4.25,3,3,True
AMB_RS15845,,CONFIDENT_ESSENTIAL,essential,3,E_score|E_cons_core|E_geometry|N_pangenome_some|N_mobile,1,0.970886362254882,0.018455815907082108,1.0,0.0,66,1,3.88,2,3,False
AMB_RS15855,,UNRESOLVED,unknown,0,E_cons_core|E_geometry|N_mobile,1,0.9204745585793226,0.049355847065832965,0.918918918918919,1.0,397,1,2.96,3,3,False
AMB_RS15870,,ROGUE_SUSPECT,unknown,0,N_score|N_mobile|P_rogue,1,0.2512179905182566,0.6957682674329214,0.0909090909090909,0.0,268,0,1.51,3,3,True
AMB_RS15895,,CONFIDENT_NONESSENTIAL,non-essential,3,N_score|N_pangenome_strong|N_mobile,0,0.2348610968984929,0.8618414035686214,0.0,0.0,169,0,0.95,0,3,False
AMB_RS23510,,CONFIDENT_NONESSENTIAL,non-essential,4,N_score|N_pangenome_strong|N_mobile|N_long_lagging,0,0.138138939956348,0.8943839894671075,0.0,0.0,456,0,0.0,0,3,False
AMB_RS15920,,CONDITIONAL_SUSPECT,unknown,0,N_score|N_long_lagging|P_conditional,0,0.1697528825983413,0.8969464679464116,0.0294117647058823,2.0,444,0,5.67,3,3,True
AMB_RS15965,,CONFIDENT_NONESSENTIAL,non-essential,3,N_score|N_pangenome_some|N_mobile,0,0.2172072931006158,0.8091299106320672,0.0,0.0,189,0,4.84,1,3,False
AMB_RS15985,,CONFIDENT_NONESSENTIAL,non-essential,3,N_score|N_redundancy|N_mobile,0,0.3584598548082253,0.6863847051573788,0.1363636363636363,5.0,195,0,0.0,3,3,False
AMB_RS15995,,CONFIDENT_NONESSENTIAL,non-essential,2,N_score|N_mobile,1,0.2920598974740375,0.7461156694135102,0.1212121212121212,1.0,275,0,2.2,3,3,True
AMB_RS16000,,UNRESOLVED,unknown,0,N_mobile,0,0.5440794184235561,0.48405892982705706,0.3157894736842105,2.0,201,0,2.95,3,3,False
AMB_RS16005,,CONFIDENT_NONESSENTIAL,non-essential,2,N_score|N_mobile,0,0.2379376857457355,0.7669100300329345,0.0967741935483871,2.0,353,0,3.82,3,3,True
AMB_RS16010,,CONFIDENT_NONESSENTIAL,non-essential,1,N_score,1,0.2002806965239317,0.8081962637385616,0.1111111111111111,0.0,476,1,6.26,3,3,True
AMB_RS16015,,CONFIDENT_NONESSENTIAL,non-essential,1,N_score,1,0.2182222467624377,0.7947828814278819,0.1111111111111111,0.0,427,1,7.61,3,3,True
AMB_RS16020,,UNRESOLVED,unknown,0,E_cons_core|E_geometry,1,0.6992130268873156,0.27552533865574236,0.5405405405405406,1.0,359,1,8.86,3,3,False
AMB_RS16025,,CONFIDENT_NONESSENTIAL,non-essential,1,N_score,0,0.2182657319174823,0.8314868883090916,0.0967741935483871,3.0,438,1,10.09,3,3,True
AMB_RS16030,,CONFIDENT_NONESSENTIAL,non-essential,2,E_geometry|N_score|N_pangenome_strong,1,0.2170113811472616,0.8297990566667542,0.0,0.0,203,1,11.27,0,3,False
AMB_RS16035,,CONFIDENT_NONESSENTIAL,non-essential,2,E_geometry|N_score|N_pangenome_strong,0,0.3058326682840862,0.7345485878504723,0.1428571428571428,0.0,291,1,12.01,0,3,False
AMB_RS16095,,CONFIDENT_NONESSENTIAL,non-essential,1,N_score,0,0.3129454795562033,0.6965542927340511,0.1621621621621621,1.0,326,0,21.35,3,3,True
AMB_RS16100,,UNRESOLVED,unknown,0,E_cons_core,0,0.9483359402320092,0.03342943794433059,0.9666666666666668,0.0,297,0,22.42,3,3,False
AMB_RS16110,,CONFIDENT_NONESSENTIAL,non-essential,2,N_score|N_pangenome_some,0,0.0917183282603924,0.9300407707085887,0.0,0.0,697,1,24.57,1,3,False
AMB_RS16115,,UNRESOLVED,unknown,0,E_cons_core,1,0.8954960102303801,0.061399197273946014,0.8648648648648649,0.0,430,1,26.33,3,3,False
AMB_RS16120,,UNRESOLVED,unknown,0,E_geometry|N_pangenome_some,1,0.5538696616348431,0.3313832545733368,0.4210526315789473,0.0,380,1,27.56,2,3,False
AMB_RS16125,,CONFIDENT_NONESSENTIAL,non-essential,2,N_score|N_pangenome_some,0,0.1371203630990429,0.8643000093254282,0.0,0.0,466,1,28.95,1,3,False
AMB_RS16130,,CONFIDENT_NONESSENTIAL,non-essential,2,N_score|N_pangenome_some,0,0.2345277196549204,0.7810073300482485,0.1666666666666666,0.0,527,1,30.66,1,3,False
AMB_RS16135,,UNRESOLVED,unknown,0,E_cons_core|E_geometry|N_pangenome_some,1,0.8068241047612692,0.14583394201894484,0.6756756756756757,2.0,393,1,32.12,2,3,False
AMB_RS16150,,CONFIDENT_NONESSENTIAL,non-essential,2,E_geometry|N_score|N_pangenome_some,0,0.1935806517477436,0.7773715338768338,0.0,0.0,263,1,35.87,2,3,False
AMB_RS16155,,UNRESOLVED,unknown,0,E_geometry,1,0.5510822230798864,0.34089041514908136,0.3636363636363636,0.0,269,1,36.66,3,3,False
AMB_RS16165,,UNRESOLVED,unknown,0,E_cons_core,1,0.9344676859802212,0.03741108878567084,0.972972972972973,2.0,452,1,38.17,3,3,False
AMB_RS16180,,CONFIDENT_NONESSENTIAL,non-essential,2,N_score|N_pangenome_some,0,0.2338736563221314,0.7799793546981137,0.0,0.0,171,0,40.86,1,3,False
AMB_RS16200,,UNRESOLVED,unknown,0,E_cons_core|N_pangenome_some,1,0.93882413544929,0.024784505715801663,1.0,0.0,444,1,45.59,2,3,True
AMB_RS16205,,CONFIDENT_NONESSENTIAL,non-essential,1,E_geometry|N_score,1,0.2783053710021028,0.7056619948740588,0.1290322580645161,0.0,338,1,46.9,3,3,True
AMB_RS16215,,UNRESOLVED,unknown,0,E_cons_core|E_geometry,1,0.93515073212261,0.04149181706940988,0.84375,0.0,162,1,48.36,3,3,False
AMB_RS16220,,UNRESOLVED,unknown,0,E_cons_core,1,0.8715119056580335,0.09526408270328113,0.8064516129032258,0.0,448,1,47.6,3,3,False
AMB_RS16230,,UNRESOLVED,unknown,0,E_cons_core|E_geometry,1,0.9324476344942756,0.037664510863122294,0.8285714285714286,2.0,154,1,45.75,3,3,True
AMB_RS16235,,UNRESOLVED,unknown,0,E_cons_core|E_geometry,1,0.9196684743220592,0.05020710608185104,0.8285714285714286,1.0,242,1,45.16,3,3,True
AMB_RS16245,,UNRESOLVED,unknown,0,E_cons_core|E_geometry,1,0.7098329387530039,0.22188311161307128,0.5428571428571428,0.0,348,1,43.7,3,3,False
AMB_RS16255,,UNRESOLVED,unknown,0,E_cons_core|E_geometry,1,0.735524872721217,0.17792749953813752,0.5142857142857142,0.0,213,1,42.58,3,3,False
AMB_RS16260,,UNRESOLVED,unknown,0,E_cons_core|E_geometry|N_pangenome_some,1,0.8704160202071968,0.07904141146707008,0.6857142857142857,0.0,167,1,42.02,2,3,False
AMB_RS16265,,UNRESOLVED,unknown,0,E_geometry,1,0.5462749466057396,0.39237069028507954,0.3428571428571428,0.0,250,1,41.39,3,3,False
AMB_RS16275,,CONFIDENT_NONESSENTIAL,non-essential,2,E_geometry|N_score|N_pangenome_some,1,0.1939199120493245,0.795997971291976,0.0,0.0,273,1,39.79,2,3,False
AMB_RS16280,,ROGUE_SUSPECT,unknown,0,E_geometry|N_score|P_rogue,0,0.2402491095109728,0.7095893108486018,0.0294117647058823,0.0,194,1,39.1,3,3,False
AMB_RS16285,,UNRESOLVED,unknown,0,E_cons_core|E_geometry|N_pangenome_some,1,0.871509101466701,0.06988422493785502,0.6666666666666666,0.0,109,1,38.46,2,3,False
AMB_RS16295,,CONFIDENT_NONESSENTIAL,non-essential,2,N_score|N_pangenome_some,1,0.2340928696716485,0.7809460300358635,0.0,0.0,168,0,37.67,1,3,False
AMB_RS16305,,UNRESOLVED,unknown,0,E_cons_core|E_geometry,1,0.9169256286961984,0.04498341401622338,0.8571428571428571,2.0,313,1,36.55,3,3,False
AMB_RS16310,,UNRESOLVED,unknown,0,E_cons_core|E_geometry,1,0.9259006380444929,0.043220099294366696,0.8571428571428571,1.0,250,1,35.57,3,3,False
AMB_RS16315,,ROGUE_SUSPECT,unknown,0,E_geometry|N_score|P_rogue,0,0.1603367982346661,0.8598144556285513,0.0,0.0,393,1,34.54,3,3,False
AMB_RS16320,,UNRESOLVED,unknown,0,E_cons_core|F_core_redundant,1,0.7500107752275543,0.17405624656630633,0.5405405405405406,9.0,305,0,33.27,3,3,True
AMB_RS16325,,CONFIDENT_NONESSENTIAL,non-essential,3,N_score|N_pangenome_some|N_long_lagging,0,0.1084849057770735,0.9202224105998881,0.0,0.0,619,0,31.72,1,3,False
AMB_RS16330,,CONFIDENT_NONESSENTIAL,non-essential,2,N_score|N_pangenome_some,0,0.2133431639109196,0.7710240031838765,0.0,0.0,207,0,30.47,1,3,False
AMB_RS16335,,UNRESOLVED,unknown,0,N_redundancy,1,0.7121384205257397,0.26267551124345295,0.4166666666666667,8.0,134,0,29.87,3,3,False
AMB_RS16340,,CONFIDENT_NONESSENTIAL,non-essential,1,N_score,0,0.401022790721915,0.5791920154901528,0.4857142857142857,1.0,853,1,28.18,3,3,False
AMB_RS16365,,UNRESOLVED,unknown,0,E_cons_core|F_core_redundant,1,0.9010927458323854,0.05768838452398372,0.7428571428571429,12.0,226,0,20.48,3,3,True
AMB_RS16370,,CONDITIONAL_SUSPECT,unknown,0,N_score|N_long_lagging|P_conditional,1,0.3819357719609048,0.5885933906406886,0.2857142857142857,3.0,457,0,19.45,3,3,False
AMB_RS16375,,CONFIDENT_NONESSENTIAL,non-essential,1,E_geometry|N_score,0,0.1955132047832849,0.7758215358558271,0.0689655172413793,2.0,410,1,18.18,3,3,True
AMB_RS16380,,UNRESOLVED,unknown,0,,0,0.5663492420355843,0.33679389702213713,0.3888888888888889,1.0,290,0,17.07,3,3,False
AMB_RS16385,,CONFIDENT_NONESSENTIAL,non-essential,2,E_geometry|N_score|N_pangenome_some,0,0.3030584167745008,0.6765656111522562,0.1142857142857142,0.0,219,1,16.14,2,3,False
AMB_RS16400,,UNRESOLVED,unknown,0,N_redundancy,0,0.6567452853272561,0.29511882078263013,0.4411764705882353,5.0,266,0,14.56,3,3,False
AMB_RS16490,,CONFIDENT_NONESSENTIAL,non-essential,4,N_score|N_pangenome_some|N_redundancy|N_mobile,0,0.2416572306677593,0.8365969299201953,0.2307692307692307,6.0,699,1,1.69,2,3,True
AMB_RS16505,,CONFIDENT_NONESSENTIAL,non-essential,3,N_score|N_pangenome_some|N_mobile,0,0.2447284533250758,0.7492031082701148,0.0,1.0,109,0,2.97,2,3,False
AMB_RS16510,,CONFIDENT_NONESSENTIAL,non-essential,3,E_geometry|N_score|N_redundancy|N_mobile,0,0.3618744292263208,0.6674725173603477,0.1363636363636363,5.0,182,1,0.0,3,3,False
AMB_RS16525,,CONFIDENT_NONESSENTIAL,non-essential,2,N_score|N_pangenome_some,0,0.1412981023109708,0.8763011505235123,0.0,0.0,437,1,5.09,1,3,False
AMB_RS16540,,CONFIDENT_NONESSENTIAL,non-essential,2,N_score|N_pangenome_strong,0,0.1087282024419528,0.915265307750471,0.0,1.0,598,1,7.08,0,3,False
AMB_RS16570,,UNRESOLVED,unknown,0,E_cons_core|N_mobile,1,0.9443050582471754,0.045920562479424505,0.84375,1.0,70,0,2.23,3,3,False
AMB_RS16585,,CONFIDENT_NONESSENTIAL,non-essential,2,N_score|N_pangenome_some,0,0.0470450722055253,0.9631295473059142,0.0,1.0,1027,1,5.2,2,3,False
AMB_RS16590,,CONFIDENT_NONESSENTIAL,non-essential,2,E_geometry|N_score|N_pangenome_some,0,0.1540740960967677,0.8119755586217509,0.0,0.0,365,1,7.43,2,3,False
AMB_RS16595,,CONFIDENT_NONESSENTIAL,non-essential,3,E_geometry|N_score|N_pangenome_some|N_redundancy,0,0.4730898412204969,0.4443709892679646,0.2777777777777778,4.0,243,1,7.08,2,3,True
AMB_RS16605,,CONFIDENT_NONESSENTIAL,non-essential,2,N_score|N_pangenome_some,0,0.1038595105107804,0.8880289795887414,0.0,0.0,589,1,5.13,2,3,False
AMB_RS16610,,CONFIDENT_NONESSENTIAL,non-essential,3,N_score|N_pangenome_some|N_mobile,1,0.2535172764150122,0.7271513155566931,0.0,0.0,75,0,4.01,1,3,False
AMB_RS16615,,CONFIDENT_NONESSENTIAL,non-essential,3,N_score|N_pangenome_some|N_mobile,0,0.2549829695597484,0.7343955598387918,0.0,0.0,74,0,3.77,1,3,False
AMB_RS16670,,CONFIDENT_NONESSENTIAL,non-essential,3,N_score|N_pangenome_some|N_mobile,0,0.1378542101341927,0.9054419651832902,0.0,0.0,467,1,3.31,1,3,False
AMB_RS16680,,UNRESOLVED,unknown,0,N_mobile,0,0.6316483272615514,0.36917728119063814,0.3793103448275862,0.0,143,0,0.84,3,3,False
AMB_RS16690,,CONFIDENT_NONESSENTIAL,non-essential,2,E_geometry|N_score|N_mobile,0,0.2324140578038414,0.7410558406923031,0.0967741935483871,2.0,353,1,1.15,3,3,True
AMB_RS16695,,UNRESOLVED,unknown,0,E_geometry|N_mobile,0,0.5393818049476955,0.46175390534675015,0.3157894736842105,2.0,201,1,2.02,3,3,False
AMB_RS16700,,CONFIDENT_NONESSENTIAL,non-essential,2,E_geometry|N_score|N_mobile,1,0.2898734325714507,0.7365214727202859,0.1212121212121212,1.0,275,1,2.2,3,3,True
AMB_RS16710,,CONFIDENT_NONESSENTIAL,non-essential,3,E_geometry|N_score|N_redundancy|N_mobile,0,0.3526573107863117,0.6547804454222771,0.1363636363636363,5.0,195,1,0.0,3,3,False
AMB_RS16770,,UNRESOLVED,unknown,0,N_pangenome_some|N_mobile,1,0.7253803941537631,0.22404645334584483,0.4615384615384615,2.0,116,0,0.0,1,3,False
AMB_RS16775,,CONFIDENT_NONESSENTIAL,non-essential,3,N_score|N_pangenome_some|N_mobile,0,0.4910769956111194,0.4728210590765933,0.4285714285714285,0.0,516,0,0.0,1,3,False
AMB_RS16780,,CONFIDENT_NONESSENTIAL,non-essential,3,N_score|N_pangenome_strong|N_mobile,0,0.219088084198734,0.8439902867370911,0.0,0.0,197,0,0.6,0,3,False
AMB_RS16805,,UNRESOLVED,unknown,0,E_geometry|N_pangenome_some|N_mobile,1,0.7240752278268159,0.22090786081724492,0.4615384615384615,2.0,116,1,0.0,1,3,False
AMB_RS16870,,CONFIDENT_NONESSENTIAL,non-essential,2,N_score|N_pangenome_some,0,0.1479655801529362,0.9022958347927847,0.0,0.0,445,1,18.95,2,3,False
AMB_RS23785,,UNRESOLVED,unknown,0,E_cons_core|E_geometry|N_pangenome_some,0,0.8315566355452517,0.10840559912083156,0.5769230769230769,0.0,57,1,20.23,2,3,False
AMB_RS16885,,CONFIDENT_NONESSENTIAL,non-essential,1,E_geometry|N_score,1,0.2886344948612256,0.6525774084870624,0.0857142857142857,1.0,191,1,21.63,3,3,True
AMB_RS16890,,UNRESOLVED,unknown,0,E_cons_core|E_geometry,1,0.964672305693714,0.030458879797355624,0.9428571428571428,0.0,73,1,22.03,3,3,True
AMB_RS16895,,CONFIDENT_NONESSENTIAL,non-essential,1,E_geometry|N_score,1,0.3946657404658256,0.5786941265755141,0.16,2.0,148,1,22.45,3,3,True
AMB_RS16900,,CONFIDENT_NONESSENTIAL,non-essential,2,E_geometry|N_score|N_pangenome_some,0,0.2362910397342021,0.8051980329294257,0.0,0.0,158,1,22.91,2,3,False
AMB_RS16905,,CONFIDENT_NONESSENTIAL,non-essential,2,N_score|N_pangenome_some,1,0.4482099524680211,0.462144086754727,0.3513513513513513,0.0,434,1,23.8,2,3,True
AMB_RS16910,,UNRESOLVED,unknown,0,E_geometry,1,0.605124248388882,0.3227236738528136,0.3809523809523809,0.0,200,1,24.75,3,3,False
AMB_RS16915,,UNRESOLVED,unknown,0,E_cons_core|F_core_redundant,1,0.9009142177930224,0.06671617064905308,0.7428571428571429,12.0,242,0,25.62,3,3,True
AMB_RS16945,,ROGUE_SUSPECT,unknown,0,E_geometry|N_score|P_rogue,0,0.3260408189088868,0.6203781445386145,0.0967741935483871,0.0,135,1,31.9,3,3,True
AMB_RS16950,,UNRESOLVED,unknown,0,E_cons_core,1,0.8981498784896089,0.07634693776233277,0.9655172413793104,0.0,664,0,33.19,3,3,False
AMB_RS16955,,UNRESOLVED,unknown,0,N_redundancy,0,0.6845900819093543,0.24163111278698168,0.4285714285714285,9.0,220,0,34.73,3,3,False
AMB_RS16960,,CONFIDENT_NONESSENTIAL,non-essential,2,N_score|N_pangenome_some,0,0.483605965641563,0.4996557218926834,0.2,0.0,63,0,35.25,2,3,False
AMB_RS16965,,CONFIDENT_NONESSENTIAL,non-essential,2,E_geometry|N_score|N_pangenome_some,0,0.2596960730810441,0.7410445688387854,0.0,1.0,102,1,35.54,2,3,False
AMB_RS16975,,CONDITIONAL_SUSPECT,unknown,0,N_score|N_long_lagging|P_conditional,0,0.1672402145575086,0.8581506535132943,0.04,2.0,482,0,38.88,3,3,False
AMB_RS16980,,UNRESOLVED,unknown,0,E_geometry|N_redundancy,0,0.67703950742005,0.22630215332876055,0.4285714285714285,9.0,232,1,39.96,3,3,False
AMB_RS16985,,UNRESOLVED,unknown,0,E_geometry|N_pangenome_some,1,0.645048064005693,0.23664434005605048,0.391304347826087,0.0,139,1,40.59,1,3,False
AMB_RS16990,,CONFIDENT_NONESSENTIAL,non-essential,2,E_geometry|N_score|N_pangenome_some,0,0.4743455276252061,0.38190680709582686,0.24,0.0,139,1,41.01,1,3,True
AMB_RS16995,,CONFIDENT_NONESSENTIAL,non-essential,2,E_geometry|N_score|N_pangenome_some,0,0.3891104718183359,0.576138977236362,0.1428571428571428,0.0,120,1,41.4,1,3,True
AMB_RS17005,,CONFIDENT_NONESSENTIAL,non-essential,3,N_score|N_pangenome_some|N_long_lagging,0,0.1216322661036485,0.9098774506577587,0.0,0.0,568,0,43.28,1,3,False
AMB_RS17015,,CONFIDENT_NONESSENTIAL,non-essential,1,N_score,1,0.4865807856493093,0.47468652728743427,0.28125,2.0,257,0,45.73,3,3,True
AMB_RS17035,,CONFIDENT_NONESSENTIAL,non-essential,1,E_cons_core|N_pangenome_strong,0,0.9468861703540192,0.038519328616290024,1.0,0.0,417,0,48.9,0,3,False
AMB_RS17040,,CONFIDENT_NONESSENTIAL,non-essential,1,E_cons_core|N_pangenome_strong,0,0.952261601136491,0.030973581435278837,1.0,0.0,357,0,50.08,0,3,False
AMB_RS17045,,CONFIDENT_NONESSENTIAL,non-essential,1,E_cons_core|N_pangenome_strong,0,0.9497381645578478,0.03923194397448955,0.875,0.0,120,0,50.8,0,3,False
AMB_RS17050,,CONFIDENT_NONESSENTIAL,non-essential,1,E_cons_core|N_pangenome_strong,0,0.948824311364841,0.038559991356650766,0.875,0.0,127,0,51.18,0,3,False
AMB_RS17055,,CONFIDENT_NONESSENTIAL,non-essential,1,E_cons_core|N_pangenome_strong,1,0.9498899956619208,0.03076474503794411,0.875,0.0,103,0,51.64,0,3,False
AMB_RS17060,,CONFIDENT_NONESSENTIAL,non-essential,1,E_cons_core|N_pangenome_strong,0,0.9629676850558448,0.02726877889222987,0.9411764705882352,0.0,111,0,52.0,0,3,False
AMB_RS17070,,CONFIDENT_NONESSENTIAL,non-essential,1,E_cons_core|N_pangenome_strong,0,0.9384880076694906,0.048204298373571666,1.0,0.0,501,0,53.8,0,3,False
AMB_RS17105,,CONFIDENT_NONESSENTIAL,non-essential,3,N_score|N_pangenome_some|N_long_lagging,1,0.2458105743046848,0.7421383551547933,0.25,0.0,704,0,63.93,1,3,False
AMB_RS17120,,CONFIDENT_NONESSENTIAL,non-essential,2,E_geometry|N_score|N_pangenome_some,0,0.240903525960694,0.7235576368883601,0.0,0.0,160,1,69.09,1,3,False
AMB_RS17125,,UNRESOLVED,unknown,0,E_cons_core,1,0.9258484044377756,0.05332955928243652,1.0,1.0,614,0,70.37,3,3,True
AMB_RS17140,,UNRESOLVED,unknown,0,E_cons_core,1,0.8103914993525383,0.1592704676607806,0.7,0.0,468,0,74.05,3,3,False
AMB_RS17145,,CONDITIONAL_SUSPECT,unknown,0,N_score|N_long_lagging|P_conditional,0,0.2274225698908074,0.8052085723490333,0.08,2.0,421,0,75.13,3,3,True
AMB_RS17150,,CONDITIONAL_SUSPECT,unknown,0,N_score|N_redundancy|N_long_lagging|P_conditional,1,0.1954094381815637,0.8108875779324185,0.0333333333333333,9.0,456,0,73.82,3,3,True
AMB_RS17165,,CONFIDENT_NONESSENTIAL,non-essential,3,N_score|N_pangenome_some|N_long_lagging,0,0.1159201940063976,0.9149655124949061,0.0,0.0,620,0,70.9,1,3,False
AMB_RS17170,,UNRESOLVED,unknown,0,E_cons_core|N_pangenome_some,0,0.7293141066504927,0.27211001528130735,0.5,0.0,257,0,69.59,1,3,False
AMB_RS17175,,CONFIDENT_NONESSENTIAL,non-essential,2,N_score|N_pangenome_some,0,0.2430748606054877,0.7993966020947241,0.0,0.0,184,0,68.93,1,3,False
AMB_RS17180,,CONFIDENT_NONESSENTIAL,non-essential,3,N_score|N_pangenome_some|N_long_lagging,0,0.2132915727784426,0.8339634176526941,0.1,1.0,497,0,67.9,2,3,True
AMB_RS17185,,CONFIDENT_NONESSENTIAL,non-essential,2,N_score|N_pangenome_some,0,0.2418421691714582,0.7194167519644429,0.0,0.0,156,0,66.78,1,3,False
AMB_RS17195,,CONFIDENT_NONESSENTIAL,non-essential,2,N_score|N_pangenome_some,0,0.2650897722402355,0.6960606964328457,0.0,0.0,97,0,65.75,1,3,False
AMB_RS17210,,ROGUE_SUSPECT,unknown,0,E_geometry|N_score|P_rogue,1,0.1738625644490345,0.8270920043922807,0.0,0.0,364,1,63.84,3,3,False
AMB_RS17215,,CONFIDENT_NONESSENTIAL,non-essential,1,E_geometry|N_score,1,0.2709896616361725,0.6827776167773626,0.0588235294117647,3.0,231,1,62.94,3,3,True
AMB_RS17225,,CONFIDENT_NONESSENTIAL,non-essential,1,N_score,1,0.4749099722273118,0.5047517460806916,0.2121212121212121,0.0,129,0,60.85,3,3,False
AMB_RS17230,,CONFIDENT_NONESSENTIAL,non-essential,2,N_score|N_pangenome_strong,0,0.2669372965750497,0.7751216514236448,0.0,0.0,115,0,60.47,0,3,False
AMB_RS17235,,CONFIDENT_NONESSENTIAL,non-essential,3,N_score|N_pangenome_some|N_long_lagging,0,0.1036860761540741,0.9240779988889187,0.0,0.0,669,0,59.15,1,3,True
AMB_RS17255,,CONFIDENT_NONESSENTIAL,non-essential,2,E_geometry|N_score|N_pangenome_some,0,0.2940390390704436,0.6702061827460711,0.0909090909090909,1.0,226,1,53.34,2,3,True
AMB_RS17260,,CONFIDENT_NONESSENTIAL,non-essential,2,N_score|N_redundancy,0,0.0896772086581493,0.9394622654225905,0.1142857142857142,5.0,1036,1,51.44,3,3,True
AMB_RS17265,,CONFIDENT_NONESSENTIAL,non-essential,2,E_geometry|N_score|N_redundancy,0,0.4151567765803718,0.5717830448021723,0.2571428571428571,5.0,375,1,49.32,3,3,True
AMB_RS17270,,CONFIDENT_NONESSENTIAL,non-essential,2,E_geometry|N_score|N_pangenome_some,0,0.4548448833139719,0.5209546139886785,0.2222222222222222,0.0,176,1,48.48,1,3,False
AMB_RS17275,,CONFIDENT_NONESSENTIAL,non-essential,2,E_geometry|N_score|N_pangenome_some,0,0.2479234518393816,0.7586162543192562,0.0,0.0,137,1,47.89,1,3,False
AMB_RS17280,,UNRESOLVED,unknown,0,E_cons_core|E_geometry|F_core_redundant,1,0.798216718282338,0.14345562719161356,0.5428571428571428,4.0,152,1,47.43,3,3,False
AMB_RS17285,,ROGUE_SUSPECT,unknown,0,N_score|P_rogue,0,0.0895314251941207,0.9248395423000304,0.0294117647058823,0.0,788,1,45.87,3,3,False
AMB_RS17305,,CONFIDENT_NONESSENTIAL,non-essential,2,N_score|N_pangenome_strong,0,0.1327577415461501,0.908276501310212,0.0,0.0,523,1,42.14,0,3,False
AMB_RS17320,,CONFIDENT_NONESSENTIAL,non-essential,2,N_score|N_redundancy,0,0.3875565752286522,0.5724535182046128,0.2571428571428571,5.0,387,0,8.61,3,3,True
AMB_RS17325,,CONDITIONAL_SUSPECT,unknown,0,N_score|N_redundancy|N_long_lagging|P_conditional,0,0.0790924427554225,0.9452217241017561,0.1142857142857142,5.0,1060,0,6.42,3,3,True
AMB_RS17335,,CONFIDENT_NONESSENTIAL,non-essential,3,E_geometry|N_score|N_pangenome_some|N_mobile,0,0.228345522030894,0.7099249858343747,0.1153846153846153,1.0,388,1,3.81,2,3,True
AMB_RS17340,,UNRESOLVED,unknown,0,E_geometry|N_pangenome_some|N_mobile,1,0.7467496438777498,0.24076772812634517,0.4583333333333333,0.0,55,1,3.14,1,3,False
AMB_RS17350,,CONFIDENT_NONESSENTIAL,non-essential,3,E_geometry|N_score|N_pangenome_some|N_mobile,0,0.2240525638594997,0.7821027415710672,0.0,0.0,159,1,2.55,1,3,False
AMB_RS17355,,CONFIDENT_NONESSENTIAL,non-essential,2,N_score|N_mobile,0,0.3134938176028877,0.6280807885350774,0.2352941176470588,3.0,464,1,1.52,3,3,True
AMB_RS17365,,CONFIDENT_NONESSENTIAL,non-essential,3,N_score|N_redundancy|N_mobile,0,0.0809277090987173,0.9348789184996495,0.1142857142857142,5.0,1032,1,1.83,3,3,True
AMB_RS17370,,CONFIDENT_NONESSENTIAL,non-essential,3,N_score|N_redundancy|N_mobile,0,0.0831443562285217,0.9351626713678437,0.1142857142857142,5.0,1023,1,4.92,3,3,True
AMB_RS17375,,CONFIDENT_NONESSENTIAL,non-essential,2,E_geometry|N_score|N_redundancy,0,0.3722093880798639,0.5532251295518005,0.2571428571428571,5.0,406,1,7.22,3,3,True
AMB_RS17380,,ROGUE_SUSPECT,unknown,0,N_score|P_rogue,0,0.156220277883419,0.8457682163196535,0.0,0.0,377,0,8.59,3,3,False
AMB_RS17390,,CONFIDENT_NONESSENTIAL,non-essential,3,N_score|N_pangenome_some|N_redundancy,0,0.1839723182164459,0.8439328570390491,0.0,5.0,340,0,12.97,2,3,True
AMB_RS17400,,UNRESOLVED,unknown,0,E_geometry|N_redundancy,0,0.6555239708163544,0.26045978378456813,0.4411764705882353,5.0,257,1,15.52,3,3,False
AMB_RS17420,,UNRESOLVED,unknown,0,E_geometry|N_pangenome_some,0,0.6049197457168028,0.37233359142971023,0.3333333333333333,0.0,103,1,17.18,2,3,False
AMB_RS17425,,CONFIDENT_NONESSENTIAL,non-essential,2,N_score|N_pangenome_strong,0,0.1720573597087568,0.8302092551156458,0.0555555555555555,1.0,460,1,18.15,0,3,False
AMB_RS17435,,CONFIDENT_NONESSENTIAL,non-essential,2,N_score|N_pangenome_some,0,0.2009753568061047,0.7963640722312808,0.0,1.0,249,0,21.9,1,3,False
AMB_RS17445,,CONFIDENT_NONESSENTIAL,non-essential,2,N_score|N_pangenome_some,0,0.2339639487551369,0.8443684140533388,0.0,0.0,184,0,23.95,2,3,False
AMB_RS17450,,CONFIDENT_NONESSENTIAL,non-essential,2,N_score|N_pangenome_some,0,0.2501771964649636,0.7998214940835957,0.0,0.0,128,0,24.42,2,3,False
AMB_RS17455,,CONFIDENT_NONESSENTIAL,non-essential,2,N_score|N_pangenome_some,0,0.1707167314133572,0.8408417257938998,0.0,0.0,346,0,25.14,1,3,False
AMB_RS17465,,CONFIDENT_NONESSENTIAL,non-essential,2,N_score|N_pangenome_some,0,0.2009846361706422,0.8152579551399655,0.0,0.0,254,0,27.74,1,3,False
AMB_RS17470,,CONFIDENT_NONESSENTIAL,non-essential,3,N_score|N_pangenome_some|N_long_lagging,0,0.1287096927225298,0.8836649917345001,0.0,0.0,510,0,28.91,1,3,False
AMB_RS17475,,CONFIDENT_NONESSENTIAL,non-essential,3,N_score|N_pangenome_some|N_long_lagging,0,0.1159444862049312,0.8926360735263855,0.0454545454545454,0.0,667,0,30.74,1,3,True
AMB_RS17480,,CONFIDENT_NONESSENTIAL,non-essential,1,E_geometry|N_score,1,0.1575576550317225,0.8367827508469055,0.0,1.0,397,1,32.46,3,3,True
AMB_RS17495,,CONFIDENT_NONESSENTIAL,non-essential,2,E_geometry|N_score|N_pangenome_some,0,0.1602461346726497,0.8447048222503085,0.0,0.0,387,1,35.35,2,3,False
AMB_RS17510,,CONFIDENT_NONESSENTIAL,non-essential,2,E_geometry|N_score|N_pangenome_some,0,0.20280909041861,0.8154474351496088,0.0,0.0,259,1,39.87,1,3,False
AMB_RS17530,,ROGUE_SUSPECT,unknown,0,N_score|N_long_lagging|P_rogue|P_conditional,0,0.121563128613265,0.9073725692408641,0.0,0.0,568,0,44.69,3,3,False
AMB_RS17535,,CONFIDENT_NONESSENTIAL,non-essential,2,N_score|N_pangenome_some,1,0.228910386573283,0.785307189030774,0.0,0.0,190,0,45.82,1,3,False
AMB_RS17540,,ROGUE_SUSPECT,unknown,0,N_score|P_rogue,0,0.1322105462845157,0.8645905024638204,0.0294117647058823,0.0,566,1,47.09,3,3,True
AMB_RS17545,,CONFIDENT_NONESSENTIAL,non-essential,2,N_score|N_pangenome_some,0,0.1199892109076741,0.8856080911793492,0.0,0.0,561,1,48.83,1,3,False
AMB_RS17550,,CONFIDENT_NONESSENTIAL,non-essential,1,N_score,1,0.1615009895050862,0.8573292810621815,0.0606060606060606,2.0,554,1,50.7,3,3,True
AMB_RS17560,,UNRESOLVED,unknown,0,N_redundancy,1,0.7176287200881946,0.2758809949261118,0.4166666666666667,8.0,150,0,53.79,3,3,False
AMB_RS17570,,CONFIDENT_NONESSENTIAL,non-essential,2,E_geometry|N_score|N_pangenome_some,0,0.1731456656278575,0.8535942927721626,0.0,0.0,372,1,55.83,2,3,False
AMB_RS17575,,CONFIDENT_NONESSENTIAL,non-essential,1,E_geometry|N_score,0,0.3508920487995253,0.6040834116963832,0.1538461538461538,0.0,234,1,56.82,3,3,True
AMB_RS17580,,CONFIDENT_NONESSENTIAL,non-essential,3,N_score|N_pangenome_some|N_redundancy,0,0.305892124656335,0.6924155678022655,0.2307692307692307,6.0,564,1,58.13,2,3,True
AMB_RS17585,,ROGUE_SUSPECT,unknown,0,N_score|N_long_lagging|P_rogue|P_conditional,0,0.1157958049862632,0.910101029882038,0.0,0.0,607,0,60.09,3,3,False
AMB_RS17595,,UNRESOLVED,unknown,0,,0,0.6225313766514252,0.352036364993667,0.35,0.0,147,0,63.06,3,3,True
AMB_RS17600,,CONFIDENT_NONESSENTIAL,non-essential,2,N_score|N_pangenome_some,0,0.1978414743977756,0.800825950174426,0.0,0.0,289,0,63.71,1,3,True
AMB_RS17605,,UNRESOLVED,unknown,0,E_cons_core|E_geometry,1,0.7316306754806593,0.2132913389028303,0.5333333333333333,0.0,299,1,64.56,3,3,False
AMB_RS17610,,CONFIDENT_NONESSENTIAL,non-essential,2,N_score|N_pangenome_strong,0,0.1620105179441295,0.8544328857297151,0.0,0.0,416,0,65.77,0,3,False
AMB_RS17615,,CONDITIONAL_SUSPECT,unknown,0,N_score|N_long_lagging|P_conditional,1,0.2302405616949179,0.7823954441408032,0.1142857142857142,1.0,466,0,67.28,3,3,True
AMB_RS17620,,ROGUE_SUSPECT,unknown,0,N_score|N_long_lagging|P_rogue|P_conditional,0,0.1593350866764163,0.8622628826133061,0.0,0.0,431,0,68.62,3,3,False
AMB_RS17625,,CONFIDENT_NONESSENTIAL,non-essential,2,N_score|N_pangenome_strong,0,0.4425548709770808,0.5932343668444854,0.3333333333333333,0.0,481,1,70.03,0,3,False
AMB_RS17630,,CONFIDENT_NONESSENTIAL,non-essential,2,E_geometry|N_score|N_pangenome_strong,1,0.1715623473788729,0.8422049066292074,0.0,0.0,385,1,71.32,0,3,False
AMB_RS17635,,CONFIDENT_NONESSENTIAL,non-essential,2,E_geometry|N_score|N_pangenome_some,1,0.3308967123310203,0.6766655794860864,0.1,2.0,203,1,72.21,2,3,False
AMB_RS17645,,UNRESOLVED,unknown,0,E_cons_core|E_geometry,0,0.7832805141760697,0.17440758920011942,0.6216216216216216,0.0,371,1,75.06,3,3,False
AMB_RS17650,,CONFIDENT_NONESSENTIAL,non-essential,2,N_score|N_pangenome_some,1,0.3380873521569783,0.6521501378881028,0.1935483870967742,0.0,378,0,76.43,2,3,True
AMB_RS17655,,UNRESOLVED,unknown,0,,1,0.5108865460002402,0.4792174651079139,0.3055555555555556,1.0,293,0,77.43,3,3,False
AMB_RS17660,,CONFIDENT_NONESSENTIAL,non-essential,2,N_score|N_pangenome_some,1,0.2880513900477863,0.7144394753948533,0.0,0.0,67,0,77.97,1,3,False
AMB_RS17665,,CONDITIONAL_SUSPECT,unknown,0,N_score|N_long_lagging|P_conditional,1,0.2217696198645049,0.800957481825693,0.1142857142857142,1.0,504,0,78.93,3,3,True
AMB_RS17670,,ROGUE_SUSPECT,unknown,0,E_geometry|N_score|P_rogue,0,0.2418814303740752,0.7782685871911343,0.0344827586206896,0.0,264,1,80.53,3,3,False
AMB_RS17680,,ROGUE_SUSPECT,unknown,0,E_geometry|N_score|P_rogue,0,0.2736083381373801,0.7468917150846022,0.0689655172413793,0.0,262,1,82.32,3,3,False
AMB_RS17685,,ROGUE_SUSPECT,unknown,0,E_geometry|N_score|P_rogue,0,0.2824229673014437,0.7536984951362676,0.0689655172413793,0.0,247,1,83.12,3,3,False
AMB_RS17690,,CONFIDENT_NONESSENTIAL,non-essential,2,N_score|N_pangenome_some,0,0.2517538166052641,0.8065801458391946,0.0,0.0,182,0,84.07,1,3,False
AMB_RS17695,,CONFIDENT_NONESSENTIAL,non-essential,2,N_score|N_pangenome_some,0,0.1781501035804652,0.8682872553696527,0.0,0.0,394,0,84.96,2,3,False
AMB_RS17705,,CONFIDENT_NONESSENTIAL,non-essential,2,N_score|N_pangenome_some,0,0.2220307239592097,0.8269998712366142,0.0,0.0,261,0,86.49,1,3,False
AMB_RS17710,,UNRESOLVED,unknown,0,N_redundancy,1,0.7526172591046852,0.34981912880095517,0.4166666666666667,8.0,129,0,87.2,3,3,False
AMB_RS17715,,CONFIDENT_NONESSENTIAL,non-essential,2,N_score|N_pangenome_some,0,0.2484372607808453,0.825692494729432,0.0,0.0,201,0,87.76,1,3,False
AMB_RS17735,,UNRESOLVED,unknown,0,,0,0.6057702501516595,0.35628005825895526,0.4,0.0,316,0,93.86,3,3,False
AMB_RS17740,,CONFIDENT_NONESSENTIAL,non-essential,1,N_score,1,0.3750940621892181,0.695597248611097,0.3055555555555556,0.0,589,0,95.32,3,3,True
AMB_RS17745,,CONFIDENT_NONESSENTIAL,non-essential,1,N_score,1,0.3701228041912642,0.6807547352163881,0.1142857142857142,0.0,172,0,96.48,3,3,True
AMB_RS17750,,UNRESOLVED,unknown,0,,1,0.5289439658412741,0.5002929693322241,0.3333333333333333,0.0,340,0,97.3,3,3,False
AMB_RS17755,,CONFIDENT_NONESSENTIAL,non-essential,2,N_score|N_pangenome_strong,0,0.2300515526248084,0.7817541520617171,0.0,0.0,234,0,98.23,0,3,True
AMB_RS17765,,CONDITIONAL_SUSPECT,unknown,0,N_score|N_long_lagging|P_conditional,1,0.1917813192920843,0.8563359457310875,0.0606060606060606,2.0,515,0,100.91,3,3,True
AMB_RS17770,,UNRESOLVED,unknown,0,E_cons_core|N_pangenome_some,1,0.9579750046014912,0.02953288988382055,1.0,0.0,347,0,102.26,2,3,True
AMB_RS17775,,UNRESOLVED,unknown,0,E_cons_core|N_pangenome_some,1,0.9425895302424449,0.03599456121068165,0.9090909090909092,0.0,296,0,103.42,2,3,True
AMB_RS17780,,UNRESOLVED,unknown,0,E_cons_core|N_pangenome_some,1,0.931537480708194,0.04954419781090985,0.8076923076923077,0.0,172,0,104.11,2,3,True
AMB_RS17785,,UNRESOLVED,unknown,0,E_cons_core|N_pangenome_some,1,0.897067682803637,0.08947877880902079,0.9117647058823528,0.0,628,0,105.33,2,3,False
AMB_RS17790,,UNRESOLVED,unknown,0,E_cons_core,1,0.9562671181941784,0.034972632258090754,1.0,1.0,388,0,106.85,3,3,True
AMB_RS17800,,CONFIDENT_NONESSENTIAL,non-essential,2,E_geometry|N_score|N_pangenome_some,0,0.2901251553692187,0.7280290920958242,0.0,2.0,110,1,108.34,2,3,False
AMB_RS17815,,CONFIDENT_NONESSENTIAL,non-essential,2,E_geometry|N_score|N_pangenome_some,0,0.2018217629794961,0.8431491191324715,0.0,0.0,341,1,112.62,1,3,False
AMB_RS17820,,CONFIDENT_NONESSENTIAL,non-essential,2,N_score|N_pangenome_some,0,0.1089832591944294,0.9270016109043191,0.0,0.0,698,1,114.17,1,3,False
AMB_RS17835,,UNRESOLVED,unknown,0,E_cons_core,1,0.8126164537917703,0.1380327586626808,0.5882352941176471,1.0,252,0,116.73,3,3,False
AMB_RS17860,,CONFIDENT_NONESSENTIAL,non-essential,2,E_geometry|N_score|N_pangenome_some,0,0.3051127281417389,0.7348445368414066,0.0,0.0,77,1,120.06,1,3,False
AMB_RS17865,,UNRESOLVED,unknown,0,E_cons_core,1,0.8764825231446128,0.11162081607160285,0.972972972972973,0.0,879,0,121.77,3,3,False
AMB_RS17880,,CONFIDENT_NONESSENTIAL,non-essential,2,N_score|N_pangenome_strong,0,0.102257552445287,0.9243271560256555,0.0,0.0,732,1,121.99,0,3,False
AMB_RS17925,,CONFIDENT_NONESSENTIAL,non-essential,3,N_score|N_pangenome_some|N_long_lagging,0,0.0684286303789602,0.9640713292196296,0.0,1.0,965,0,112.07,2,3,False
AMB_RS17930,,UNRESOLVED,unknown,0,N_pangenome_some|N_redundancy,0,0.5389826399027863,0.5020884924530535,0.2777777777777778,4.0,246,0,110.25,2,3,True
AMB_RS17935,,CONFIDENT_NONESSENTIAL,non-essential,2,N_score|N_pangenome_some,0,0.2066652657127257,0.8141472055762492,0.0,0.0,314,0,109.4,1,3,False
AMB_RS17955,,CONDITIONAL_SUSPECT,unknown,0,N_score|N_long_lagging|P_conditional,0,0.1136574472158509,0.9315194748576933,0.0303030303030303,2.0,761,0,106.55,3,3,True
AMB_RS17960,,CONFIDENT_NONESSENTIAL,non-essential,2,N_score|N_pangenome_strong,0,0.1753860334195352,0.8200407854381812,0.0,0.0,396,0,104.81,0,3,True
AMB_RS17970,,UNRESOLVED,unknown,0,E_cons_core,1,0.924863374873747,0.0454861283076176,0.8285714285714286,1.0,261,0,103.14,3,3,True
AMB_RS17975,,UNRESOLVED,unknown,0,E_cons_core,1,0.9410893614018454,0.035860531987945185,0.8285714285714286,2.0,145,0,102.53,3,3,True
AMB_RS17980,,UNRESOLVED,unknown,0,E_cons_core,1,0.9431328133689996,0.04144862450242613,0.8285714285714286,2.0,139,0,102.1,3,3,True
AMB_RS17985,,CONFIDENT_NONESSENTIAL,non-essential,1,E_geometry|N_score,0,0.3078279067901575,0.6935956813867599,0.1142857142857142,1.0,302,1,101.3,3,3,True
AMB_RS18000,,CONFIDENT_ESSENTIAL,essential,3,E_score|E_cons_core|E_geometry,1,0.9699697844853268,0.01622078973420104,1.0,0.0,157,1,96.92,3,3,True
AMB_RS18005,,CONFIDENT_ESSENTIAL,essential,3,E_score|E_cons_core|E_geometry,1,0.9709200944321156,0.018878537391882805,1.0,0.0,153,1,96.45,3,3,True
AMB_RS18015,,CONFIDENT_NONESSENTIAL,non-essential,2,N_score|N_pangenome_some,0,0.1488474948828627,0.8747630863402144,0.0571428571428571,1.0,627,1,93.32,2,3,True
AMB_RS18020,,UNRESOLVED,unknown,0,E_cons_core,1,0.9354281505189636,0.04875557721099303,0.8108108108108109,0.0,141,0,91.98,3,3,False
AMB_RS18030,,CONFIDENT_NONESSENTIAL,non-essential,2,N_score|N_pangenome_strong,0,0.1327810832580854,0.899818551719977,0.0,0.0,561,1,90.2,0,3,True
AMB_RS18040,,CONFIDENT_NONESSENTIAL,non-essential,1,E_geometry|N_score,1,0.2609647705127596,0.7348466144909068,0.0588235294117647,3.0,291,1,86.69,3,3,True
AMB_RS18050,,CONFIDENT_NONESSENTIAL,non-essential,1,E_geometry|N_score,0,0.1944948416918582,0.8349225002796231,0.0,1.0,339,1,84.83,3,3,False
AMB_RS18055,,CONFIDENT_NONESSENTIAL,non-essential,2,N_score|N_pangenome_strong,0,0.193161333485188,0.8516824446687722,0.0,0.0,343,0,83.6,0,3,True
AMB_RS18060,,UNRESOLVED,unknown,0,E_cons_core,1,0.9510192721343136,0.053946397017971215,0.8275862068965517,0.0,56,0,82.92,3,3,False
AMB_RS18065,,UNRESOLVED,unknown,0,E_geometry|N_redundancy,1,0.7471176054160469,0.30452429892850946,0.4166666666666667,8.0,122,1,82.48,3,3,False
AMB_RS18080,,CONFIDENT_NONESSENTIAL,non-essential,1,E_geometry|N_score,0,0.3811488790371496,0.6422657794217395,0.1875,0.0,287,1,80.4,3,3,True
AMB_RS18090,,CONFIDENT_NONESSENTIAL,non-essential,2,E_geometry|N_score|N_pangenome_some,1,0.2515336492002979,0.7743765306851352,0.0,0.0,164,1,79.19,1,3,False
AMB_RS18115,,UNRESOLVED,unknown,0,E_cons_core,1,0.7928503208504741,0.1542435958595916,0.5882352941176471,1.0,274,0,74.98,3,3,False
AMB_RS18120,,UNRESOLVED,unknown,0,E_cons_core|E_geometry|N_pangenome_some,0,0.7916397913522579,0.14286407709347373,0.5,0.0,66,1,74.34,2,3,False
AMB_RS18130,,CONFIDENT_ESSENTIAL,essential,3,E_score|E_cons_core|E_geometry|F_core_redundant,1,0.96792966973288,0.014327852255817402,1.0,12.0,254,1,73.44,3,3,True
AMB_RS18135,,CONFIDENT_NONESSENTIAL,non-essential,2,E_geometry|N_score|N_pangenome_some,0,0.2571710253295916,0.7479584531251875,0.0909090909090909,1.0,345,1,72.4,2,3,True
AMB_RS18140,,CONFIDENT_NONESSENTIAL,non-essential,2,N_score|N_redundancy,0,0.2424759899621086,0.782999939490252,0.1081081081081081,11.0,509,1,70.98,3,3,True
AMB_RS18145,,UNRESOLVED,unknown,0,E_geometry,1,0.7354697460303801,0.2302096025966425,0.4848484848484848,3.0,220,1,69.78,3,3,False
AMB_RS18150,,CONFIDENT_NONESSENTIAL,non-essential,2,N_score|N_redundancy,0,0.231574460631723,0.8034618040086468,0.0606060606060606,4.0,379,0,68.66,3,3,True
AMB_RS18155,,UNRESOLVED,unknown,0,,0,0.5058083588528601,0.4685084511799334,0.3125,0.0,297,0,67.62,3,3,True
AMB_RS18160,,UNRESOLVED,unknown,0,N_redundancy,1,0.6463026748295949,0.37192856215512116,0.3928571428571428,7.0,266,0,66.5,3,3,False
AMB_RS18165,,CONDITIONAL_SUSPECT,unknown,0,N_score|N_redundancy|N_long_lagging|P_conditional,0,0.1998721319964453,0.8632930096313287,0.1081081081081081,11.0,644,0,65.14,3,3,True
AMB_RS18170,,CONFIDENT_NONESSENTIAL,non-essential,2,N_score|N_redundancy,0,0.4175276908684827,0.6537989030679542,0.2068965517241379,5.0,298,0,63.71,3,3,True
AMB_RS18175,,CONFIDENT_NONESSENTIAL,non-essential,2,N_score|N_redundancy,0,0.2539996654452307,0.8010006072170508,0.0689655172413793,6.0,357,0,62.55,3,3,True
AMB_RS18180,,CONFIDENT_NONESSENTIAL,non-essential,2,N_score|N_redundancy,1,0.2125012510713774,0.8356089875168163,0.0333333333333333,9.0,413,0,61.34,3,3,True
AMB_RS18185,,UNRESOLVED,unknown,0,N_redundancy,0,0.7297866746951531,0.2746051649369752,0.4857142857142857,7.0,275,0,60.24,3,3,False
AMB_RS18190,,CONFIDENT_NONESSENTIAL,non-essential,2,N_score|N_pangenome_some,0,0.204585322806708,0.8185766350290445,0.0526315789473684,2.0,408,0,59.09,1,3,False
AMB_RS18195,,CONDITIONAL_SUSPECT,unknown,0,N_score|N_redundancy|N_long_lagging|P_conditional,0,0.2706232784577049,0.7767771621610108,0.1621621621621621,4.0,497,0,57.73,3,3,True
AMB_RS18205,,UNRESOLVED,unknown,0,E_cons_core|E_geometry|N_pangenome_some,1,0.7790545182882974,0.1903526247613756,0.5,0.0,103,1,56.49,1,3,False
AMB_RS18210,,CONFIDENT_NONESSENTIAL,non-essential,1,N_score,1,0.435482590456193,0.5313551180898393,0.2941176470588235,2.0,395,0,55.68,3,3,True
AMB_RS18215,,CONFIDENT_NONESSENTIAL,non-essential,2,N_score|N_redundancy,0,0.226606699165818,0.8065462662262529,0.0606060606060606,4.0,379,0,54.52,3,3,True
AMB_RS18220,,CONFIDENT_NONESSENTIAL,non-essential,2,N_score|N_pangenome_some,0,0.2029704088231159,0.8130830908607316,0.0,0.0,272,0,53.53,1,3,False
AMB_RS18225,,UNRESOLVED,unknown,0,,1,0.6680623256233224,0.26574612533411823,0.3939393939393939,3.0,151,0,52.77,3,3,False
AMB_RS18240,,CONFIDENT_NONESSENTIAL,non-essential,2,N_score|N_pangenome_some,0,0.3354299429286609,0.7200390724761604,0.1111111111111111,0.0,198,0,50.3,2,3,True
AMB_RS18255,,CONFIDENT_NONESSENTIAL,non-essential,3,N_score|N_pangenome_some|N_long_lagging,0,0.1372664712995733,0.8810158099420543,0.0,0.0,496,0,48.4,2,3,True
AMB_RS18265,,CONFIDENT_NONESSENTIAL,non-essential,3,N_score|N_pangenome_strong|N_long_lagging,0,0.0617999855732732,0.9515189544058457,0.0,0.0,921,0,45.9,0,3,False
AMB_RS18280,,UNRESOLVED,unknown,0,E_cons_core|N_pangenome_some,1,0.9333845990554008,0.050502307598782464,1.0,0.0,529,0,41.61,1,3,False
AMB_RS18285,,UNRESOLVED,unknown,0,E_cons_core|E_geometry|N_pangenome_some,1,0.7597100684718541,0.14866016872329596,0.5,0.0,114,1,40.53,1,3,False
AMB_RS18290,,UNRESOLVED,unknown,0,E_cons_core|E_geometry|N_pangenome_some,1,0.7270946651387238,0.1866741237680392,0.5,0.0,202,1,40.06,2,3,False
AMB_RS18295,,UNRESOLVED,unknown,0,E_cons_core,1,0.7755821569899841,0.1643738609108666,0.65625,1.0,437,1,39.11,3,3,False
AMB_RS18300,,UNRESOLVED,unknown,0,E_cons_core|E_geometry,1,0.8096671194675005,0.14956792661262325,0.6486486486486487,0.0,318,1,37.98,3,3,False
AMB_RS18325,,CONFIDENT_NONESSENTIAL,non-essential,1,E_geometry|N_score,0,0.2490331765253755,0.7169540529656875,0.0526315789473684,1.0,228,1,28.61,3,3,False
AMB_RS18330,,CONFIDENT_NONESSENTIAL,non-essential,2,N_score|N_pangenome_some,0,0.1722992096886019,0.8186800632656404,0.0,0.0,334,0,27.68,1,3,False
AMB_RS18335,,CONDITIONAL_SUSPECT,unknown,0,N_score|N_long_lagging|P_conditional,1,0.2434398105847438,0.7613776342572456,0.1481481481481481,1.0,466,0,26.49,3,3,False
AMB_RS18345,,CONFIDENT_NONESSENTIAL,non-essential,1,N_score,1,0.2257916088139996,0.7993410958304127,0.03125,1.0,261,0,24.37,3,3,True
AMB_RS23575,,CONFIDENT_NONESSENTIAL,non-essential,3,N_score|N_pangenome_some|N_long_lagging,0,0.0522449743303252,0.9688339570364206,0.0,0.0,1003,0,22.33,1,3,True
AMB_RS18360,,CONFIDENT_NONESSENTIAL,non-essential,2,N_score|N_pangenome_some,0,0.2686595296322657,0.7278558796950911,0.0625,0.0,195,0,18.23,2,3,True
AMB_RS18365,,CONFIDENT_NONESSENTIAL,non-essential,2,E_geometry|N_score|N_pangenome_strong,0,0.2294789094004596,0.7749030533499224,0.0,0.0,158,1,17.71,0,3,False
AMB_RS18375,,UNRESOLVED,unknown,0,E_geometry|N_pangenome_some,0,0.4946681279159456,0.5243019040320258,0.2580645161290322,0.0,162,1,16.85,2,3,False
AMB_RS18390,,CONFIDENT_NONESSENTIAL,non-essential,2,N_score|N_pangenome_some,0,0.2649431946692969,0.8151917900471888,0.0,1.0,101,0,13.02,2,3,False
AMB_RS18395,,CONFIDENT_NONESSENTIAL,non-essential,2,N_score|N_pangenome_strong,0,0.1846057190335423,0.8814018918360094,0.0,0.0,318,0,12.38,0,3,False
AMB_RS18400,,CONFIDENT_NONESSENTIAL,non-essential,2,E_geometry|N_score|N_pangenome_some,0,0.1727095416869351,0.8388367762700011,0.0,1.0,334,1,11.44,2,3,False
AMB_RS18405,,CONFIDENT_NONESSENTIAL,non-essential,1,E_cons_core|N_pangenome_strong,1,0.8451892827003298,0.11031802616858954,0.8,0.0,501,1,10.02,0,3,False
AMB_RS18410,,CONFIDENT_NONESSENTIAL,non-essential,2,N_score|N_pangenome_some,1,0.3546200874318049,0.5886308583559073,0.1428571428571428,0.0,157,0,8.84,2,3,True
AMB_RS18470,,CONFIDENT_NONESSENTIAL,non-essential,3,N_score|N_redundancy|N_mobile,0,0.2121528650834244,0.8169375471478212,0.037037037037037,6.0,333,0,0.0,3,3,True
AMB_RS18475,,CONFIDENT_NONESSENTIAL,non-essential,3,N_score|N_pangenome_strong|N_mobile,0,0.2163346783481425,0.8571470330334016,0.0,0.0,211,0,0.0,0,3,False
AMB_RS18480,,CONFIDENT_NONESSENTIAL,non-essential,2,N_score|N_mobile,0,0.4266705732946848,0.5736782916055387,0.3428571428571428,0.0,461,1,1.16,3,3,False
AMB_RS18485,,CONFIDENT_NONESSENTIAL,non-essential,2,N_score|N_mobile,0,0.2444870703399205,0.8066841564893463,0.3529411764705882,0.0,904,0,3.25,3,3,True
AMB_RS18495,,CONFIDENT_NONESSENTIAL,non-essential,2,N_score|N_pangenome_some,0,0.0554342216150786,0.9666687433939493,0.0,0.0,957,1,6.78,2,3,False
AMB_RS18540,,UNRESOLVED,unknown,0,E_geometry|N_redundancy|N_mobile,1,0.7173271254195424,0.2539501816322527,0.4705882352941176,8.0,215,1,3.05,3,3,False
AMB_RS18585,,UNRESOLVED,unknown,0,E_cons_core|E_geometry|N_mobile,1,0.7837651043483086,0.18241831524846872,0.5517241379310345,0.0,152,1,1.06,3,3,False
AMB_RS18590,,CONFIDENT_NONESSENTIAL,non-essential,3,N_score|N_pangenome_strong|N_mobile,0,0.1734765198912834,0.8379653009154385,0.0,0.0,316,0,1.82,0,3,False
AMB_RS18600,,ROGUE_SUSPECT,unknown,0,N_score|N_mobile|P_rogue,1,0.1239781240218964,0.877579184381794,0.0,0.0,501,1,4.78,3,3,False
AMB_RS18605,,CONFIDENT_NONESSENTIAL,non-essential,2,E_geometry|N_score|N_pangenome_strong,1,0.1709489229480022,0.8466987846248496,0.0,0.0,330,1,6.1,0,3,False
AMB_RS18620,,CONFIDENT_NONESSENTIAL,non-essential,2,E_geometry|N_score|N_pangenome_some,0,0.1567758323012587,0.8941725633528869,0.0,0.0,403,1,8.88,1,3,False
AMB_RS18640,,UNRESOLVED,unknown,0,N_pangenome_some|N_mobile,0,0.5108851298211198,0.6274902701595167,0.28125,0.0,204,0,3.88,2,3,False
AMB_RS18645,,CONFIDENT_NONESSENTIAL,non-essential,2,N_score|N_mobile,0,0.3565618926567196,0.7738998310424506,0.1388888888888889,1.0,205,0,3.27,3,3,False
AMB_RS18655,,CONFIDENT_NONESSENTIAL,non-essential,3,E_geometry|N_score|N_pangenome_strong|N_mobile,0,0.2248281524720585,0.8426353839335996,0.0,1.0,190,1,0.0,0,3,False
AMB_RS18665,,CONFIDENT_NONESSENTIAL,non-essential,5,N_score|N_pangenome_some|N_redundancy|N_mobile|N_long_lagging,0,0.296495753298729,0.767349224488336,0.2307692307692307,6.0,560,0,3.9,2,3,True
AMB_RS18675,,UNRESOLVED,unknown,0,N_redundancy,0,0.689947557538549,0.33365794839670526,0.4285714285714285,9.0,214,0,5.84,3,3,False
AMB_RS18685,,UNRESOLVED,unknown,0,,0,0.5711699640832395,0.43756165368235805,0.2972972972972973,2.0,108,0,6.93,3,3,False
AMB_RS18695,,ROGUE_SUSPECT,unknown,0,N_score|N_long_lagging|P_rogue|P_conditional,0,0.1312984332703018,0.9106250909739764,0.0277777777777777,0.0,563,0,8.3,3,3,True
AMB_RS18720,,CONFIDENT_NONESSENTIAL,non-essential,2,N_score|N_pangenome_some,0,0.233280417943887,0.848917704132984,0.0,1.0,180,0,5.5,2,3,False
AMB_RS18750,,CONFIDENT_NONESSENTIAL,non-essential,3,N_score|N_pangenome_strong|N_mobile,0,0.2614916869733726,0.8558819452840605,0.0,0.0,109,0,1.25,0,3,False
AMB_RS18770,,CONFIDENT_NONESSENTIAL,non-essential,4,N_score|N_pangenome_some|N_mobile|N_long_lagging,0,0.0843096214928696,0.9271177598590362,0.0,2.0,733,0,3.92,2,3,False
AMB_RS18775,,CONFIDENT_NONESSENTIAL,non-essential,2,N_score|N_pangenome_some,1,0.3227267744579903,0.6382752395678015,0.1538461538461538,1.0,259,0,5.41,2,3,False
AMB_RS18785,,CONFIDENT_NONESSENTIAL,non-essential,2,N_score|N_pangenome_some,0,0.148137786091812,0.8561826803620217,0.0,0.0,408,0,7.44,1,3,False
AMB_RS18790,,UNRESOLVED,unknown,0,E_cons_core,1,0.9309841005790234,0.031055520824671168,0.9285714285714286,0.0,324,0,8.59,3,3,False
AMB_RS18795,,CONDITIONAL_SUSPECT,unknown,0,N_score|N_long_lagging|P_conditional,1,0.2552189446845191,0.7360024423820811,0.1724137931034483,1.0,470,0,9.98,3,3,False
AMB_RS18800,,UNRESOLVED,unknown,0,E_cons_core,1,0.9488065816929616,0.03472670847451515,1.0,1.0,369,0,11.32,3,3,True
AMB_RS18810,,UNRESOLVED,unknown,0,E_cons_core|N_pangenome_some,1,0.9251100610107296,0.05605709400880599,0.935483870967742,0.0,422,0,15.31,2,3,False
AMB_RS18815,,UNRESOLVED,unknown,0,E_cons_core,1,0.8950784764104107,0.06155789948044996,0.8235294117647058,0.0,335,0,16.47,3,3,False
AMB_RS18820,,CONFIDENT_NONESSENTIAL,non-essential,1,N_score,1,0.435764124611496,0.49766949826780144,0.2702702702702703,0.0,282,0,17.38,3,3,False
AMB_RS18825,,CONFIDENT_NONESSENTIAL,non-essential,3,N_score|N_pangenome_some|N_long_lagging,0,0.140057337646397,0.8978720484299633,0.0,0.0,471,0,18.91,2,3,False
AMB_RS18830,,CONFIDENT_NONESSENTIAL,non-essential,2,N_score|N_pangenome_some,0,0.207658254848131,0.8267289791559483,0.0,0.0,236,0,20.07,1,3,False
AMB_RS18835,,ROGUE_SUSPECT,unknown,0,E_geometry|N_score|P_rogue,0,0.2818841982926746,0.7014600145170299,0.0714285714285714,0.0,180,1,20.78,3,3,True
AMB_RS18850,,ROGUE_SUSPECT,unknown,0,N_score|P_rogue,0,0.1387153415383205,0.9001580763501864,0.0526315789473684,0.0,599,1,26.62,3,3,False
AMB_RS18860,,CONFIDENT_NONESSENTIAL,non-essential,2,N_score|N_redundancy,1,0.3197198109122144,0.7160831529356403,0.1891891891891892,4.0,411,0,27.53,3,3,True
AMB_RS18865,,UNRESOLVED,unknown,0,E_cons_core,1,0.7907423618495256,0.15936896915255752,0.6785714285714286,0.0,429,0,26.27,3,3,False
AMB_RS18870,,UNRESOLVED,unknown,0,N_pangenome_some,0,0.4930148236932782,0.45733220398481383,0.3333333333333333,1.0,331,0,25.12,1,3,False
AMB_RS18875,,CONFIDENT_NONESSENTIAL,non-essential,3,N_score|N_pangenome_some|N_long_lagging,1,0.1876330805601768,0.8063404388841576,0.1428571428571428,0.0,598,0,23.73,2,3,True
AMB_RS18885,,CONFIDENT_NONESSENTIAL,non-essential,2,E_geometry|N_score|N_pangenome_some,0,0.2963615819313965,0.8117600267976992,0.037037037037037,0.0,116,1,22.17,2,3,True
AMB_RS18895,,CONFIDENT_NONESSENTIAL,non-essential,2,N_score|N_pangenome_some,0,0.1622360113348339,0.8430217370301177,0.0,0.0,369,0,20.59,2,3,False
AMB_RS18900,,CONFIDENT_NONESSENTIAL,non-essential,2,N_score|N_pangenome_strong,0,0.1641184838799112,0.8504146339281581,0.0,0.0,366,0,19.45,0,3,True
AMB_RS18910,,UNRESOLVED,unknown,0,N_redundancy,0,0.6728264614440232,0.28040489790788536,0.4285714285714285,9.0,239,0,15.38,3,3,False
AMB_RS18925,,CONFIDENT_NONESSENTIAL,non-essential,2,N_score|N_pangenome_some,1,0.2204262923861578,0.727609296069221,0.0,0.0,161,0,13.65,1,3,False
AMB_RS18930,,CONFIDENT_NONESSENTIAL,non-essential,2,N_score|N_pangenome_some,0,0.2589773847315477,0.7140412156198392,0.1052631578947368,0.0,301,0,12.94,1,3,True
AMB_RS18935,,CONFIDENT_NONESSENTIAL,non-essential,3,N_score|N_pangenome_some|N_long_lagging,0,0.1543865355949152,0.862957324123731,0.0454545454545454,0.0,496,0,11.75,1,3,True
AMB_RS18950,,CONFIDENT_NONESSENTIAL,non-essential,3,N_score|N_pangenome_some|N_long_lagging,0,0.1644028805846495,0.8557312026136433,0.0476190476190476,0.0,463,0,8.41,1,3,True
AMB_RS18955,,CONFIDENT_NONESSENTIAL,non-essential,2,N_score|N_pangenome_some,0,0.1687564410729564,0.8297195550348333,0.0,0.0,331,0,7.22,1,3,True
AMB_RS18960,,CONFIDENT_NONESSENTIAL,non-essential,2,N_score|N_pangenome_some,0,0.1718680840419023,0.8277623370785344,0.0,0.0,320,0,6.1,1,3,False
AMB_RS18970,,CONFIDENT_NONESSENTIAL,non-essential,3,E_geometry|N_score|N_pangenome_some|N_mobile,0,0.1851824846657283,0.7726231432574832,0.0,0.0,257,1,4.59,1,3,False
AMB_RS18980,,CONFIDENT_NONESSENTIAL,non-essential,3,N_score|N_pangenome_some|N_mobile,0,0.2212122689754955,0.7998567084369351,0.0,0.0,176,0,3.29,1,3,False
AMB_RS18985,,CONFIDENT_NONESSENTIAL,non-essential,3,N_score|N_pangenome_some|N_mobile,0,0.2167108381317054,0.783792280092223,0.0,0.0,180,0,2.76,1,3,False
AMB_RS18990,,CONFIDENT_NONESSENTIAL,non-essential,4,N_score|N_pangenome_some|N_mobile|N_long_lagging,0,0.1360196448469388,0.8914553651110381,0.0,0.0,465,0,1.79,1,3,False
AMB_RS19015,,CONFIDENT_NONESSENTIAL,non-essential,3,E_geometry|N_score|N_pangenome_some|N_mobile,0,0.1786863871211744,0.8396974474441953,0.0,0.0,300,1,0.99,1,3,True
AMB_RS19020,,CONFIDENT_NONESSENTIAL,non-essential,3,N_score|N_pangenome_some|N_mobile,0,0.2499160120617076,0.7777362257946975,0.25,0.0,649,1,0.0,1,3,False
AMB_RS19025,,CONFIDENT_NONESSENTIAL,non-essential,3,E_geometry|N_score|N_pangenome_some|N_mobile,0,0.2026897970169563,0.803709265801404,0.0,0.0,220,1,1.3,1,3,False
AMB_RS19065,,CONFIDENT_NONESSENTIAL,non-essential,4,N_score|N_pangenome_strong|N_mobile|N_long_lagging,0,0.0348094074985773,0.9862348230221605,0.0,0.0,1216,0,3.82,0,3,False
AMB_RS19090,,CONFIDENT_NONESSENTIAL,non-essential,4,N_score|N_pangenome_some|N_mobile|N_long_lagging,0,0.1492181188349085,0.9218701837685167,0.0476190476190476,0.0,551,0,3.6,2,3,True
AMB_RS19115,,CONFIDENT_NONESSENTIAL,non-essential,3,N_score|N_pangenome_some|N_mobile,0,0.2436628110893785,0.8361538264102099,0.0,1.0,147,0,1.79,1,3,False
AMB_RS19135,,CONFIDENT_NONESSENTIAL,non-essential,3,N_score|N_pangenome_some|N_mobile,1,0.2313782944563557,0.7537946440771083,0.0909090909090909,0.0,334,0,1.68,2,3,False
AMB_RS19140,,UNRESOLVED,unknown,0,E_cons_core|N_mobile,1,0.915074532388378,0.04975850424664698,0.8387096774193549,0.0,245,0,2.55,3,3,False
AMB_RS23615,,CONFIDENT_NONESSENTIAL,non-essential,3,E_geometry|N_score|N_pangenome_some|N_mobile,0,0.4179887348399037,0.5264289348856657,0.2,0.0,150,1,3.15,1,3,False
AMB_RS19150,,UNRESOLVED,unknown,0,E_cons_core|N_mobile,1,0.8534438450286856,0.11581290287331895,0.8055555555555556,0.0,487,0,4.29,3,3,False
AMB_RS19155,,CONFIDENT_NONESSENTIAL,non-essential,1,E_geometry|N_score,0,0.3124145655179759,0.6870762642411978,0.1515151515151515,3.0,303,1,5.51,3,3,True
AMB_RS19160,,CONDITIONAL_SUSPECT,unknown,0,N_score|N_long_lagging|P_conditional,0,0.1584554665870357,0.8424896199386281,0.0294117647058823,1.0,441,0,6.76,3,3,True
AMB_RS19170,,CONFIDENT_NONESSENTIAL,non-essential,2,N_score|N_pangenome_some,0,0.1648394913222204,0.8562773381406867,0.0,0.0,357,0,8.44,1,3,False
AMB_RS19175,,UNRESOLVED,unknown,0,E_cons_core|F_core_redundant,1,0.914069055443374,0.07203947208607417,0.8333333333333334,11.0,361,0,9.54,3,3,True
AMB_RS19195,,CONFIDENT_NONESSENTIAL,non-essential,3,N_score|N_pangenome_some|N_long_lagging,0,0.1026380716629358,0.9356940066945618,0.0,2.0,674,0,27.29,2,3,True
AMB_RS19215,,CONFIDENT_NONESSENTIAL,non-essential,1,E_geometry|N_score,1,0.436135641829285,0.52219533528594,0.2058823529411764,0.0,159,1,33.38,3,3,False
AMB_RS19220,,UNRESOLVED,unknown,0,E_cons_core|E_geometry,1,0.9099224626030464,0.05096294464678118,0.7407407407407407,0.0,84,1,33.74,3,3,False
AMB_RS19225,,CONFIDENT_NONESSENTIAL,non-essential,1,E_geometry|N_score,1,0.1880286093593764,0.7840929839789065,0.0555555555555555,1.0,412,1,34.48,3,3,True
AMB_RS19230,,ROGUE_SUSPECT,unknown,0,E_geometry|N_score|P_rogue,0,0.2323258501178605,0.7852204033869209,0.0,0.0,172,1,35.35,3,3,True
AMB_RS19235,,UNRESOLVED,unknown,0,E_cons_core|E_geometry,1,0.9642228516927231,0.018948586533820602,1.0,0.0,187,1,35.89,3,3,True
AMB_RS19240,,ROGUE_SUSPECT,unknown,0,N_score|P_rogue,0,0.1066066688356173,0.9115107705936284,0.0,0.0,625,1,37.12,3,3,False
AMB_RS19245,,UNRESOLVED,unknown,0,E_cons_core|E_geometry|F_core_redundant,1,0.9656992429046386,0.016212280637923487,1.0,12.0,260,1,38.86,3,3,True
AMB_RS19255,,CONFIDENT_NONESSENTIAL,non-essential,2,N_score|N_pangenome_some,0,0.1072398841983079,0.9192426907113377,0.0277777777777777,0.0,694,1,41.35,2,3,False
AMB_RS19265,,CONFIDENT_NONESSENTIAL,non-essential,2,E_geometry|N_score|N_pangenome_some,0,0.2914539047537793,0.6873118544805096,0.0909090909090909,1.0,230,1,44.98,2,3,True
AMB_RS19270,,CONFIDENT_NONESSENTIAL,non-essential,2,N_score|N_pangenome_some,0,0.2110400929765888,0.8097099000810938,0.0,0.0,244,0,45.89,1,3,False
AMB_RS19275,,CONFIDENT_NONESSENTIAL,non-essential,2,N_score|N_pangenome_some,0,0.1805756683536454,0.82197396027447,0.0,0.0,330,0,46.73,1,3,False
AMB_RS19280,,UNRESOLVED,unknown,0,N_redundancy,1,0.5671242956690554,0.4441620695519621,0.4117647058823529,6.0,440,0,47.89,3,3,False
AMB_RS19300,,UNRESOLVED,unknown,0,,1,0.4969693144425476,0.42668107811699685,0.3243243243243243,2.0,330,0,52.5,3,3,True
AMB_RS19315,,CONFIDENT_NONESSENTIAL,non-essential,2,N_score|N_redundancy,0,0.2150262837869163,0.7577444002812602,0.1081081081081081,11.0,550,1,54.96,3,3,True
AMB_RS19325,,ROGUE_SUSPECT,unknown,0,E_geometry|N_score|P_rogue,0,0.1680805268970365,0.8234169440345116,0.0,0.0,375,1,57.73,3,3,False
AMB_RS19330,,CONDITIONAL_SUSPECT,unknown,0,N_score|N_long_lagging|P_conditional,0,0.1138600821106934,0.9106992238650045,0.0294117647058823,1.0,689,0,59.45,3,3,True
AMB_RS19335,,UNRESOLVED,unknown,0,E_cons_core|F_core_redundant,1,0.8731850897026718,0.10151561385181371,0.7027027027027027,4.0,266,0,60.97,3,3,False
AMB_RS19340,,CONFIDENT_NONESSENTIAL,non-essential,2,E_geometry|N_score|N_pangenome_strong,0,0.3534047868056987,0.6238133530009177,0.1111111111111111,0.0,146,1,61.58,0,3,False
AMB_RS19350,,UNRESOLVED,unknown,0,E_geometry,1,0.698630835013489,0.25171037678358216,0.4242424242424242,0.0,139,1,63.29,3,3,False
AMB_RS19355,,CONFIDENT_NONESSENTIAL,non-essential,2,E_geometry|N_score|N_pangenome_some,1,0.2514717055450652,0.7553082506022857,0.0,0.0,144,1,63.85,1,3,False
AMB_RS19360,,ROGUE_SUSPECT,unknown,0,N_score|P_rogue,0,0.1926695303219328,0.828768285120405,0.0344827586206896,0.0,393,0,64.89,3,3,False
AMB_RS19365,,CONFIDENT_NONESSENTIAL,non-essential,2,N_score|N_pangenome_some,0,0.2737168943947727,0.7777971337769684,0.0,0.0,108,0,65.64,1,3,False
AMB_RS19385,,CONFIDENT_NONESSENTIAL,non-essential,2,E_geometry|N_score|N_pangenome_some,1,0.2639468654549068,0.8002783662323899,0.0,0.0,141,1,71.32,2,3,False
AMB_RS19390,,CONFIDENT_NONESSENTIAL,non-essential,1,E_geometry|N_score,0,0.3051531609358667,0.7008015684740562,0.0769230769230769,1.0,201,1,71.95,3,3,True
AMB_RS19395,,CONFIDENT_NONESSENTIAL,non-essential,1,E_geometry|N_score,0,0.3477409014082514,0.6145629193831121,0.1379310344827586,0.0,223,1,72.59,3,3,True
AMB_RS19400,,UNRESOLVED,unknown,0,E_cons_core|E_geometry,0,0.8121641664889323,0.1456382579359849,0.5428571428571428,2.0,125,1,73.19,3,3,False
AMB_RS19405,,CONFIDENT_NONESSENTIAL,non-essential,2,E_geometry|N_score|N_pangenome_some,0,0.2599381614722835,0.6957699040148959,0.0,0.0,115,1,73.6,1,3,False
AMB_RS19415,,CONFIDENT_NONESSENTIAL,non-essential,2,E_geometry|N_score|N_pangenome_strong,0,0.1898001502467637,0.8246037247749974,0.0,0.0,331,1,75.71,0,3,False
AMB_RS19420,,CONFIDENT_NONESSENTIAL,non-essential,2,N_score|N_pangenome_some,0,0.2714783978955336,0.8313088953341675,0.0,0.0,145,0,76.55,1,3,False
AMB_RS19430,,UNRESOLVED,unknown,0,,1,0.6017920562706446,0.4025731220026519,0.3235294117647059,0.0,154,0,78.62,3,3,False
AMB_RS19435,,UNRESOLVED,unknown,0,E_cons_core,1,0.8739274792276006,0.08031539741902535,0.7428571428571429,0.0,319,0,79.33,3,3,False
AMB_RS19445,,UNRESOLVED,unknown,0,E_cons_core,1,0.9000133838415306,0.07740985046886205,0.9142857142857144,0.0,589,0,81.31,3,3,False
AMB_RS19450,,UNRESOLVED,unknown,0,E_cons_core,1,0.9411378482546736,0.030609176917211572,1.0,0.0,479,0,82.91,3,3,False
AMB_RS19455,,UNRESOLVED,unknown,0,E_cons_core,1,0.9435132141247032,0.03482797719424282,1.0,0.0,471,0,84.33,3,3,False
AMB_RS19460,,UNRESOLVED,unknown,0,E_cons_core,1,0.9556057596033886,0.03255358485540125,1.0,0.0,363,0,85.57,3,3,False
AMB_RS19465,,UNRESOLVED,unknown,0,E_cons_core,1,0.9452348543596976,0.033933917919126776,1.0,0.0,458,0,86.81,3,3,False
AMB_RS19470,,UNRESOLVED,unknown,0,E_cons_core,1,0.9547402252885254,0.030300586529428217,1.0,1.0,377,0,88.06,3,3,True
AMB_RS19475,,UNRESOLVED,unknown,0,E_cons_core|N_pangenome_some,1,0.9531313502856256,0.025006467817909172,1.0,0.0,372,0,89.18,2,3,False
AMB_RS19480,,UNRESOLVED,unknown,0,E_cons_core,1,0.9374122754527716,0.045711343239468995,0.9714285714285714,0.0,477,0,90.46,3,3,False
AMB_RS19485,,UNRESOLVED,unknown,0,E_cons_core,1,0.9593241971263358,0.024030318445751007,1.0,0.0,309,0,90.01,3,3,True
AMB_RS19490,,UNRESOLVED,unknown,0,E_cons_core,1,0.9234444839474412,0.04757714238300652,0.8529411764705882,0.0,306,0,88.95,3,3,False
AMB_RS19495,,UNRESOLVED,unknown,0,E_cons_core,1,0.9580313122453166,0.022415366115922774,1.0,0.0,316,0,88.03,3,3,True
AMB_RS19500,,UNRESOLVED,unknown,0,E_cons_core,1,0.9500219827610836,0.032299576657545986,1.0,0.0,415,0,86.93,3,3,False
AMB_RS19505,,UNRESOLVED,unknown,0,E_cons_core|N_pangenome_some,1,0.9331256970651524,0.04205484425981973,1.0,0.0,559,0,85.42,1,3,False
AMB_RS19510,,UNRESOLVED,unknown,0,E_cons_core|N_pangenome_some,1,0.9590742894580596,0.024774543954902212,1.0,0.0,308,0,83.78,2,3,True
AMB_RS19515,,UNRESOLVED,unknown,0,E_cons_core,1,0.9165198963584384,0.07409061876159215,0.8235294117647058,0.0,305,0,82.75,3,3,False
AMB_RS19520,,ROGUE_SUSPECT,unknown,0,N_score|N_long_lagging|P_rogue|P_conditional,1,0.1294636628834049,0.882813946493348,0.0,0.0,556,0,81.46,3,3,False
AMB_RS19525,,UNRESOLVED,unknown,0,E_cons_core,1,0.9023557891731396,0.0733579829672074,0.9714285714285714,0.0,699,0,79.58,3,3,False
AMB_RS19535,,UNRESOLVED,unknown,0,E_geometry|N_redundancy,1,0.7404819707235681,0.22908231229177012,0.4705882352941176,8.0,226,1,76.99,3,3,False
AMB_RS19545,,CONDITIONAL_SUSPECT,unknown,0,N_score|N_long_lagging|P_conditional,0,0.2582313306674483,0.8063511071930325,0.2,0.0,601,0,73.57,3,3,True
AMB_RS19550,,CONFIDENT_NONESSENTIAL,non-essential,2,N_score|N_pangenome_some,0,0.3312495807640608,0.6084549437454432,0.1578947368421052,0.0,297,0,72.2,2,3,False
AMB_RS19560,,UNRESOLVED,unknown,0,E_cons_core|N_pangenome_some,0,0.5151553267381348,0.4241475501524345,0.5,0.0,685,0,67.9,2,3,False
AMB_RS19565,,CONFIDENT_NONESSENTIAL,non-essential,2,N_score|N_pangenome_some,0,0.4785141626466627,0.519835755574208,0.3333333333333333,0.0,401,0,66.11,1,3,False
AMB_RS19570,,CONFIDENT_NONESSENTIAL,non-essential,2,N_score|N_pangenome_some,1,0.3643259408106086,0.6339411942338633,0.125,0.0,165,0,65.29,1,3,False
AMB_RS19575,,CONFIDENT_NONESSENTIAL,non-essential,1,N_score,1,0.395538185188003,0.6139792104657488,0.2222222222222222,1.0,327,0,64.55,3,3,False
AMB_RS19585,,CONFIDENT_NONESSENTIAL,non-essential,3,N_score|N_pangenome_some|N_long_lagging,0,0.1522516575613938,0.8691126237925269,0.0,0.0,453,0,62.83,1,3,False
AMB_RS19590,,UNRESOLVED,unknown,0,N_pangenome_some,0,0.6618715281352208,0.30948081496860064,0.3939393939393939,0.0,161,0,61.91,1,3,False
AMB_RS19595,,UNRESOLVED,unknown,0,E_cons_core,1,0.9593694269650598,0.023614617708776188,1.0,0.0,281,0,61.08,3,3,True
AMB_RS19600,,UNRESOLVED,unknown,0,E_cons_core,1,0.8900122464720632,0.07548002327564819,0.8055555555555556,1.0,380,0,60.09,3,3,True
AMB_RS19605,,CONFIDENT_NONESSENTIAL,non-essential,2,N_score|N_pangenome_some,0,0.2386194315009576,0.7973946161888797,0.0,0.0,186,0,59.24,1,3,False
AMB_RS19610,,CONFIDENT_NONESSENTIAL,non-essential,2,E_geometry|N_score|N_pangenome_some,0,0.4299073669455876,0.5348729622672622,0.1923076923076923,0.0,166,1,58.49,1,3,True
AMB_RS19620,,CONFIDENT_NONESSENTIAL,non-essential,3,N_score|N_pangenome_strong|N_long_lagging,0,0.0400046257406174,0.9795408308071869,0.0,0.0,1178,0,55.83,0,3,True
AMB_RS19625,,CONFIDENT_NONESSENTIAL,non-essential,1,N_score,0,0.2327743140617214,0.8175713826222013,0.03125,1.0,280,0,53.66,3,3,True
AMB_RS19630,,CONFIDENT_NONESSENTIAL,non-essential,2,N_score|N_pangenome_strong,0,0.2277323600106446,0.7811667022951461,0.0,0.0,199,0,52.95,0,3,True
AMB_RS19650,,UNRESOLVED,unknown,0,E_cons_core,1,0.8533795679775712,0.10536387650699715,0.8108108108108109,1.0,540,1,49.26,3,3,False
AMB_RS19655,,CONFIDENT_NONESSENTIAL,non-essential,1,E_geometry|N_score,1,0.429850914310273,0.5151820344501823,0.25,1.0,287,1,48.02,3,3,False
AMB_RS19660,,CONFIDENT_NONESSENTIAL,non-essential,1,E_geometry|N_score,1,0.4005611414388417,0.6272925754518319,0.2424242424242424,0.0,341,1,47.09,3,3,True
AMB_RS19670,,CONFIDENT_NONESSENTIAL,non-essential,2,N_score|N_pangenome_some,0,0.0669667612354404,0.9407434742828006,0.0,0.0,870,1,44.64,2,3,True
AMB_RS19675,,UNRESOLVED,unknown,0,E_geometry|N_redundancy,1,0.7297858310440499,0.23534167423540228,0.4705882352941176,8.0,220,1,43.02,3,3,False
AMB_RS19680,,CONFIDENT_NONESSENTIAL,non-essential,2,N_score|N_pangenome_some,0,0.2529418583655465,0.7641555508662733,0.0,0.0,126,0,42.3,2,3,False
AMB_RS19685,,UNRESOLVED,unknown,0,E_cons_core,1,0.818710950570449,0.12944275415499024,0.6756756756756757,1.0,356,0,41.58,3,3,False
AMB_RS19690,,CONFIDENT_NONESSENTIAL,non-essential,2,N_score|N_pangenome_some,0,0.1924723306013588,0.81438873308573,0.0,0.0,289,0,40.61,2,3,False
AMB_RS19695,,UNRESOLVED,unknown,0,N_pangenome_some,1,0.5293581704927857,0.43644652818077373,0.3636363636363636,0.0,338,0,39.66,1,3,False
AMB_RS19700,,CONFIDENT_NONESSENTIAL,non-essential,2,N_score|N_pangenome_some,0,0.1484121887500217,0.8453523944724479,0.0,0.0,429,1,38.51,1,3,False
AMB_RS19710,,CONFIDENT_NONESSENTIAL,non-essential,1,N_score,0,0.4486590599688297,0.5700251317683341,0.24,0.0,230,0,35.73,3,3,True
AMB_RS19735,,CONFIDENT_NONESSENTIAL,non-essential,3,N_score|N_pangenome_some|N_long_lagging,0,0.0821158487955851,0.9412889886727003,0.0,1.0,776,0,29.75,1,3,False
AMB_RS19740,,UNRESOLVED,unknown,0,E_cons_core,1,0.8660684472697114,0.12828649476823126,1.0,0.0,902,0,27.11,3,3,False
AMB_RS19750,,CONFIDENT_NONESSENTIAL,non-essential,1,E_geometry|N_score,0,0.2745875178235225,0.7626976355795023,0.1052631578947368,0.0,293,1,23.22,3,3,True
AMB_RS19755,,UNRESOLVED,unknown,0,E_cons_core|E_geometry,1,0.916255590814362,0.04921624813893252,0.8571428571428571,2.0,312,1,22.27,3,3,False
AMB_RS19760,,UNRESOLVED,unknown,0,E_cons_core|E_geometry,1,0.9249519203724867,0.04657327256364309,0.8571428571428571,1.0,250,1,21.29,3,3,False
AMB_RS19765,,ROGUE_SUSPECT,unknown,0,E_geometry|N_score|P_rogue,1,0.2777043458477887,0.682573064466482,0.074074074074074,0.0,189,1,20.53,3,3,True
AMB_RS19770,,UNRESOLVED,unknown,0,E_cons_core,1,0.9504142644676348,0.03718445309207806,1.0,1.0,368,0,19.6,3,3,True
AMB_RS19790,,ROGUE_SUSPECT,unknown,0,E_geometry|N_score|P_rogue,0,0.2318427443857657,0.7372678478937373,0.0625,0.0,277,1,16.54,3,3,False
AMB_RS19800,,CONFIDENT_NONESSENTIAL,non-essential,2,N_score|N_pangenome_strong,0,0.4592148996652244,0.5534045784431134,0.2272727272727272,0.0,161,0,14.95,0,3,True
AMB_RS19805,,UNRESOLVED,unknown,0,E_geometry,1,0.5685263990892679,0.3560906234642724,0.3,1.0,94,1,14.49,3,3,False
AMB_RS19810,,UNRESOLVED,unknown,0,N_pangenome_some,0,0.5601126173912098,0.4307758393936645,0.3333333333333333,0.0,195,0,13.93,2,3,False
AMB_RS19815,,CONFIDENT_NONESSENTIAL,non-essential,2,N_score|N_pangenome_some,1,0.4910092121666049,0.5270794388190367,0.3333333333333333,0.0,334,0,13.12,2,3,False
AMB_RS19820,,CONFIDENT_NONESSENTIAL,non-essential,2,N_score|N_pangenome_some,1,0.4092765779172002,0.5787559999793735,0.4,0.0,630,0,11.66,1,3,False
AMB_RS19825,,CONFIDENT_NONESSENTIAL,non-essential,3,N_score|N_pangenome_some|N_long_lagging,0,0.1188977501582193,0.9073254921700835,0.0,0.0,548,0,9.89,1,3,False
AMB_RS19830,,ROGUE_SUSPECT,unknown,0,E_geometry|N_score|P_rogue,1,0.2438695066872533,0.7322664720452569,0.0344827586206896,0.0,179,1,8.74,3,3,False
AMB_RS19835,,CONFIDENT_NONESSENTIAL,non-essential,2,N_score|N_pangenome_some,0,0.3243913903256558,0.6820386353644301,0.0833333333333333,0.0,108,0,8.24,1,3,True
AMB_RS19855,,CONFIDENT_NONESSENTIAL,non-essential,2,E_geometry|N_score|N_pangenome_some,0,0.1933197244656314,0.7953262393751045,0.0,0.0,246,1,6.26,1,3,False
AMB_RS19860,,CONFIDENT_NONESSENTIAL,non-essential,2,N_score|N_mobile,0,0.1611281948401556,0.8481115221906979,0.0285714285714285,1.0,431,1,4.92,3,3,True
AMB_RS19865,,UNRESOLVED,unknown,0,E_cons_core|E_geometry|N_mobile,1,0.846167994831042,0.09531598863453361,0.75,0.0,372,1,3.67,3,3,False
AMB_RS19870,,UNRESOLVED,unknown,0,E_cons_core|E_geometry|N_pangenome_some|N_mobile,1,0.8671464751510387,0.08143130552171576,0.7058823529411765,0.0,192,1,2.83,2,3,False
AMB_RS19880,,CONFIDENT_NONESSENTIAL,non-essential,2,N_score|N_mobile,1,0.4847209589948547,0.4508267222834377,0.3243243243243243,2.0,309,0,0.0,3,3,False
AMB_RS19890,,CONFIDENT_NONESSENTIAL,non-essential,2,E_geometry|N_score|N_mobile,1,0.2140079599316187,0.7761748854448316,0.0625,2.0,336,1,1.45,3,3,True
AMB_RS19900,,UNRESOLVED,unknown,0,E_cons_core|N_pangenome_some|N_mobile,1,0.8905260130536656,0.08611978337690185,0.75,0.0,204,0,2.64,2,3,False
AMB_RS19905,,UNRESOLVED,unknown,0,E_cons_core|N_mobile,1,0.8978529953305774,0.06083209510250773,0.8285714285714286,0.0,322,0,3.68,3,3,False
AMB_RS19910,,CONFIDENT_NONESSENTIAL,non-essential,3,N_score|N_pangenome_some|N_mobile,1,0.2013575489593593,0.8279142419469316,0.0,0.0,239,0,4.52,1,3,False
AMB_RS19915,,CONFIDENT_NONESSENTIAL,non-essential,2,N_score|N_pangenome_some,1,0.1753766511097188,0.8526754796843231,0.0,0.0,322,0,5.36,1,3,False
AMB_RS19920,,UNRESOLVED,unknown,0,E_cons_core,1,0.9466093522478608,0.03166837369400344,0.945945945945946,2.0,266,0,6.23,3,3,False
AMB_RS19925,,UNRESOLVED,unknown,0,E_cons_core,1,0.5886464907200566,0.4123225226451407,0.5,0.0,504,0,7.4,3,3,False
AMB_RS19930,,UNRESOLVED,unknown,0,E_cons_core,1,0.877385327688578,0.08994601649988662,0.7,0.0,155,0,8.55,3,3,False
AMB_RS19935,,CONFIDENT_NONESSENTIAL,non-essential,2,E_geometry|N_score|N_pangenome_some,1,0.2583999516092895,0.7514485590818157,0.0,0.0,78,1,9.18,1,3,False
AMB_RS19940,,CONFIDENT_NONESSENTIAL,non-essential,2,E_geometry|N_score|N_pangenome_some,1,0.2241955689980444,0.7829291458202906,0.0,0.0,167,1,9.55,2,3,False
AMB_RS19945,,CONFIDENT_NONESSENTIAL,non-essential,2,E_geometry|N_score|N_pangenome_some,0,0.1838109476737128,0.8179826890727339,0.0,0.0,285,1,10.45,1,3,False
AMB_RS19950,,UNRESOLVED,unknown,0,E_cons_core|F_core_redundant,1,0.807683107416209,0.1437709596785413,0.6,4.0,224,0,11.37,3,3,False
AMB_RS19965,,CONFIDENT_NONESSENTIAL,non-essential,2,E_geometry|N_score|N_pangenome_some,0,0.2059865626918375,0.7643479462745356,0.0,0.0,208,1,13.31,1,3,False
AMB_RS19975,,CONFIDENT_NONESSENTIAL,non-essential,2,E_geometry|N_score|N_pangenome_some,0,0.2661839640967657,0.6954451322743218,0.1052631578947368,0.0,281,1,15.19,2,3,False
AMB_RS19980,,CONFIDENT_NONESSENTIAL,non-essential,1,N_score,0,0.4063984685796063,0.5748569147306994,0.24,1.0,293,0,16.15,3,3,True
AMB_RS19985,,CONFIDENT_NONESSENTIAL,non-essential,2,N_score|N_pangenome_strong,0,0.1682671260276526,0.8629277395358372,0.0,0.0,359,0,17.26,0,3,False
AMB_RS19990,,UNRESOLVED,unknown,0,E_cons_core,1,0.9355152000641384,0.040493839299900615,0.84,0.0,126,0,18.24,3,3,False
AMB_RS19995,,UNRESOLVED,unknown,0,E_cons_core|N_pangenome_some,1,0.9072489228256698,0.06904435109237791,0.75,0.0,127,0,18.64,2,3,False
AMB_RS20000,,UNRESOLVED,unknown,0,E_cons_core,1,0.8345540521565504,0.1383890371006822,0.8108108108108109,1.0,594,0,19.72,3,3,False
AMB_RS20005,,UNRESOLVED,unknown,0,E_cons_core,1,0.9156286210723562,0.06921078405889712,0.8285714285714286,0.0,260,0,21.02,3,3,False
AMB_RS20015,,CONFIDENT_NONESSENTIAL,non-essential,2,N_score|N_pangenome_some,0,0.1902314259208322,0.8780763899231191,0.0,0.0,311,0,22.53,1,3,False
AMB_RS20020,,CONFIDENT_NONESSENTIAL,non-essential,1,N_score,0,0.2951611562309354,0.7228222320075467,0.1724137931034483,0.0,388,0,23.64,3,3,True
AMB_RS20025,,UNRESOLVED,unknown,0,E_cons_core,1,0.751710785146929,0.2161683229116164,0.5769230769230769,0.0,320,0,25.0,3,3,False
AMB_RS20030,,UNRESOLVED,unknown,0,E_cons_core,1,0.7356907842435813,0.2675020102291838,0.5882352941176471,0.0,399,0,26.11,3,3,False
AMB_RS20035,,UNRESOLVED,unknown,0,E_cons_core,1,0.7719394822968177,0.1938323369336067,0.5882352941176471,0.0,292,0,27.15,3,3,False
AMB_RS20040,,UNRESOLVED,unknown,0,E_cons_core,1,0.8443833675498531,0.15137235254883272,1.0,0.0,989,0,29.25,3,3,False
AMB_RS20045,,UNRESOLVED,unknown,0,E_cons_core,1,0.9400402175439234,0.03728980641152684,0.9696969696969696,1.0,395,0,31.34,3,3,False
AMB_RS20050,,UNRESOLVED,unknown,0,E_cons_core,1,0.907074754935539,0.06851350514782253,0.8918918918918919,2.0,470,0,32.78,3,3,False
AMB_RS20055,,UNRESOLVED,unknown,0,,0,0.5301438810227008,0.47031900654837255,0.2580645161290322,2.0,124,0,33.99,3,3,False
AMB_RS20060,,UNRESOLVED,unknown,0,,0,0.520561655377125,0.4858459577148607,0.2608695652173913,0.0,134,0,34.36,3,3,False
AMB_RS20070,,CONFIDENT_NONESSENTIAL,non-essential,2,N_score|N_pangenome_some,0,0.1590314126952977,0.8541100904514745,0.0,0.0,399,0,35.72,1,3,False
AMB_RS20085,,CONFIDENT_NONESSENTIAL,non-essential,3,N_score|N_pangenome_some|N_long_lagging,0,0.1355394513793971,0.9088512305641568,0.0,0.0,513,0,37.85,1,3,False
AMB_RS20090,,CONDITIONAL_SUSPECT,unknown,0,N_score|N_long_lagging|P_conditional,0,0.1231654423726783,0.9030989493871713,0.0,2.0,572,0,39.64,3,3,True
AMB_RS20095,,CONFIDENT_NONESSENTIAL,non-essential,2,E_geometry|N_score|N_pangenome_some,1,0.2223275798321844,0.8047756466602699,0.0,0.0,209,1,41.01,2,3,False
AMB_RS20100,,CONFIDENT_NONESSENTIAL,non-essential,2,E_geometry|N_score|N_pangenome_some,1,0.2105901397055511,0.8127434814292007,0.0689655172413793,0.0,394,1,41.91,2,3,True
AMB_RS20105,,CONFIDENT_NONESSENTIAL,non-essential,2,N_score|N_pangenome_some,1,0.1893799495770436,0.7958340168588274,0.0,0.0,292,0,43.07,1,3,False
AMB_RS20110,,CONFIDENT_NONESSENTIAL,non-essential,1,N_score,1,0.4827820979406158,0.4943021655121473,0.3243243243243243,2.0,364,0,44.08,3,3,True
AMB_RS20115,,CONFIDENT_NONESSENTIAL,non-essential,1,N_score,1,0.4698410799238419,0.5340522403645375,0.2857142857142857,0.0,295,0,45.06,3,3,False
AMB_RS20120,,CONFIDENT_NONESSENTIAL,non-essential,2,N_score|N_pangenome_some,0,0.1989315125800192,0.8090807732276378,0.0,0.0,275,0,46.03,2,3,False
AMB_RS20125,,CONFIDENT_NONESSENTIAL,non-essential,1,E_geometry|N_score,0,0.3918469180051445,0.6010227687162905,0.24,1.0,350,1,45.01,3,3,True
AMB_RS20145,,CONFIDENT_NONESSENTIAL,non-essential,1,N_score,0,0.1035924965319848,0.9082268455282316,0.2333333333333333,0.0,1155,1,41.15,3,3,True
AMB_RS20150,,CONFIDENT_NONESSENTIAL,non-essential,1,E_geometry|N_score,1,0.3738243516163803,0.6401141344512734,0.15625,1.0,202,1,39.09,3,3,True
AMB_RS20160,,UNRESOLVED,unknown,0,E_cons_core|E_geometry|N_pangenome_some,1,0.9643182745077898,0.015701252589567827,1.0,0.0,176,1,38.18,2,3,False
AMB_RS20165,,ROGUE_SUSPECT,unknown,0,N_score|P_rogue,0,0.1704579438923279,0.8247062445384503,0.0,0.0,352,0,37.34,3,3,False
AMB_RS20175,,CONFIDENT_NONESSENTIAL,non-essential,2,E_geometry|N_score|N_pangenome_some,0,0.3471085444099621,0.6566408400001632,0.1111111111111111,1.0,152,1,35.94,2,3,True
AMB_RS20185,,UNRESOLVED,unknown,0,E_cons_core|E_geometry|N_pangenome_some,1,0.9507414185456676,0.0319239394261701,1.0,0.0,359,1,34.63,2,3,False
AMB_RS20190,,CONFIDENT_NONESSENTIAL,non-essential,1,E_geometry|N_score,0,0.4547204960316472,0.48659543078127215,0.2432432432432432,0.0,202,1,33.68,3,3,True
AMB_RS20205,,CONFIDENT_ESSENTIAL,essential,2,E_score|E_cons_core|N_pangenome_some,1,0.968420733171684,0.016987359169742568,1.0,0.0,123,0,29.78,1,3,False
AMB_RS20210,,UNRESOLVED,unknown,0,E_cons_core,1,0.9617101529435862,0.032396639240518436,1.0,0.0,248,0,29.21,3,3,True
AMB_RS20215,,CONFIDENT_ESSENTIAL,essential,2,E_score|E_cons_core|N_pangenome_some,1,0.972194582845124,0.01890465804579704,1.0,0.0,75,0,28.64,2,3,False
AMB_RS20220,,UNRESOLVED,unknown,0,E_cons_core|N_pangenome_some,1,0.9656108121830266,0.018910028061842252,1.0,0.0,165,0,28.16,2,3,False
AMB_RS20225,,UNRESOLVED,unknown,0,E_cons_core|N_pangenome_some,1,0.9651866534506792,0.021716987383074014,1.0,0.0,179,0,27.65,2,3,False
AMB_RS20230,,CONFIDENT_NONESSENTIAL,non-essential,2,E_geometry|N_score|N_pangenome_some,0,0.2335790744076899,0.7745868637203843,0.0344827586206896,0.0,234,1,26.84,2,3,False
AMB_RS20235,,CONFIDENT_NONESSENTIAL,non-essential,1,N_score,0,0.1944542494370295,0.8151179498270137,0.0294117647058823,1.0,344,0,25.8,3,3,True
AMB_RS20240,,ROGUE_SUSPECT,unknown,0,N_score|N_long_lagging|P_rogue|P_conditional,0,0.1430586295479998,0.887801374911892,0.0285714285714285,0.0,523,0,24.5,3,3,True
AMB_RS20245,,CONFIDENT_NONESSENTIAL,non-essential,2,N_score|N_pangenome_some,0,0.1776406145329775,0.8468725514451478,0.0,0.0,329,0,23.11,1,3,False
AMB_RS20250,,UNRESOLVED,unknown,0,E_geometry,1,0.5798766324099259,0.33855584654888315,0.3666666666666666,0.0,216,1,22.14,3,3,False
AMB_RS20255,,UNRESOLVED,unknown,0,E_cons_core|E_geometry|N_pangenome_some,1,0.8362684916398573,0.09660626366317902,0.6666666666666666,0.0,236,1,21.46,2,3,False
AMB_RS20265,,CONFIDENT_ESSENTIAL,essential,3,E_score|E_cons_core|E_geometry|F_core_redundant,1,0.9690464678734284,0.016452047896918315,0.9714285714285714,7.0,97,1,20.68,3,3,True
AMB_RS20280,,CONFIDENT_NONESSENTIAL,non-essential,2,E_geometry|N_score|N_pangenome_some,0,0.2582618724065901,0.7302211960765536,0.0,0.0,80,1,18.76,1,3,False
AMB_RS20290,,CONFIDENT_NONESSENTIAL,non-essential,2,E_geometry|N_score|N_pangenome_some,0,0.2327918056764872,0.8145055459170482,0.0,1.0,175,1,17.05,2,3,False
AMB_RS20295,,CONFIDENT_NONESSENTIAL,non-essential,1,N_score,1,0.3255140121157104,0.6870897183451212,0.2162162162162162,0.0,408,0,15.85,3,3,True
AMB_RS20300,,CONFIDENT_NONESSENTIAL,non-essential,1,N_score,1,0.4742022008495393,0.4735645263598116,0.2972972972972973,0.0,270,0,14.83,3,3,True
AMB_RS20305,,UNRESOLVED,unknown,0,E_cons_core|N_pangenome_some,1,0.9540679936712354,0.030797150867713848,1.0,0.0,309,0,13.95,2,3,True
AMB_RS20315,,UNRESOLVED,unknown,0,E_cons_core,1,0.9311902933469888,0.038607815697816156,0.9714285714285714,0.0,435,0,10.81,3,3,False
AMB_RS20325,,ROGUE_SUSPECT,unknown,0,E_geometry|N_score|P_rogue,0,0.2425928993106728,0.7526641535763204,0.0344827586206896,0.0,188,1,7.55,3,3,True
AMB_RS20330,,UNRESOLVED,unknown,0,E_geometry|N_redundancy,1,0.7159939661850799,0.20328484643493452,0.4571428571428571,4.0,141,1,6.99,3,3,False
AMB_RS20335,,CONFIDENT_NONESSENTIAL,non-essential,3,N_score|N_pangenome_some|N_long_lagging,0,0.1167383929785489,0.8904635530347437,0.0,0.0,541,0,5.86,1,3,True
AMB_RS20340,,CONFIDENT_NONESSENTIAL,non-essential,5,N_score|N_pangenome_some|N_redundancy|N_mobile|N_long_lagging,1,0.1239528143740509,0.88414610619529,0.0434782608695652,4.0,636,0,4.05,2,3,True
AMB_RS20345,,ROGUE_SUSPECT,unknown,0,E_geometry|N_score|N_mobile|P_rogue,0,0.2212631027958915,0.7644554513298072,0.0303030303030303,0.0,228,1,2.75,3,3,False
AMB_RS20355,,UNRESOLVED,unknown,0,E_cons_core|N_pangenome_some|N_mobile,1,0.9368152117345672,0.041250707383257236,1.0,0.0,456,0,0.99,2,3,False
AMB_RS20405,,CONFIDENT_NONESSENTIAL,non-essential,3,N_score|N_pangenome_strong|N_mobile,0,0.197974461596491,0.8386798231343134,0.0,0.0,250,0,1.18,0,3,True
AMB_RS20420,,UNRESOLVED,unknown,0,E_cons_core|N_pangenome_some|N_mobile,1,0.8376095991119058,0.14877360075251372,0.5909090909090909,1.0,87,0,0.0,1,3,False
AMB_RS20420,,UNRESOLVED,unknown,0,E_cons_core|N_pangenome_some|N_mobile,1,0.772364875177001,0.23081708458947717,0.5909090909090909,1.0,295,0,0.0,1,3,False
AMB_RS20435,,CONFIDENT_NONESSENTIAL,non-essential,3,N_score|N_redundancy|N_mobile,0,0.2026710962767137,0.8657093217123635,0.037037037037037,6.0,382,0,0.0,3,3,True
AMB_RS20445,,CONFIDENT_NONESSENTIAL,non-essential,3,N_score|N_redundancy|N_mobile,0,0.3417616998009687,0.6593009124473406,0.1363636363636363,5.0,220,0,0.0,3,3,False
AMB_RS20510,,CONFIDENT_NONESSENTIAL,non-essential,1,N_score,0,0.1566801704445187,0.851598140017941,0.0294117647058823,2.0,462,1,10.49,3,3,True
AMB_RS20530,,CONFIDENT_NONESSENTIAL,non-essential,3,N_score|N_pangenome_some|N_long_lagging,0,0.1101790569406159,0.9027383777782028,0.0,0.0,587,0,17.19,1,3,False
AMB_RS20535,,UNRESOLVED,unknown,0,E_cons_core,1,0.9328997573565896,0.05188683493442886,0.972972972972973,0.0,455,0,18.89,3,3,False
AMB_RS20540,,CONFIDENT_ESSENTIAL,essential,2,E_score|E_cons_core|N_pangenome_some,1,0.9676947678496228,0.017049309262721402,1.0,0.0,124,0,19.83,2,3,False
AMB_RS20545,,UNRESOLVED,unknown,0,E_cons_core,1,0.9554318354829522,0.031380365180899844,0.9428571428571428,0.0,177,0,20.29,3,3,False
AMB_RS20550,,UNRESOLVED,unknown,0,E_cons_core,1,0.9499125472366858,0.03210278295766143,0.9393939393939394,0.0,222,0,20.93,3,3,False
AMB_RS20555,,UNRESOLVED,unknown,0,E_cons_core,1,0.9625283385335904,0.02413895828248775,0.9714285714285714,0.0,149,0,21.49,3,3,True
AMB_RS20560,,CONDITIONAL_SUSPECT,unknown,0,N_score|N_long_lagging|P_conditional,1,0.2107766505047942,0.8217214773106801,0.1081081081081081,0.0,468,0,22.59,3,3,True
AMB_RS20565,,CONFIDENT_NONESSENTIAL,non-essential,1,N_score,1,0.4672145158537865,0.593440751971308,0.2432432432432432,0.0,202,0,23.61,3,3,True
AMB_RS20570,,UNRESOLVED,unknown,0,E_cons_core,1,0.7033991037493441,0.2771812216209357,0.5405405405405406,1.0,370,0,24.56,3,3,False
AMB_RS20575,,UNRESOLVED,unknown,0,E_cons_core|E_geometry|N_pangenome_some,1,0.9348098212764347,0.033956239683401744,0.8484848484848485,0.0,143,1,25.51,2,3,False
AMB_RS20580,,UNRESOLVED,unknown,0,E_cons_core,1,0.8681302929761323,0.09710423138579287,1.0,0.0,873,1,27.07,3,3,False
AMB_RS20585,,UNRESOLVED,unknown,0,E_cons_core|E_geometry|N_pangenome_some,0,0.9627847788756344,0.01921628395840545,1.0,0.0,199,1,28.71,1,3,False
AMB_RS20590,,UNRESOLVED,unknown,0,E_cons_core,1,0.8519971628792776,0.11884710059639171,0.8,0.0,504,1,29.77,3,3,False
AMB_RS20595,,UNRESOLVED,unknown,0,E_cons_core|E_geometry,0,0.9176983362128592,0.05705525834422263,0.7941176470588235,0.0,167,1,30.79,3,3,False
AMB_RS20600,,CONFIDENT_NONESSENTIAL,non-essential,1,E_geometry|N_score,0,0.4662012290260224,0.5492485453866742,0.3333333333333333,1.0,405,1,31.81,3,3,False
AMB_RS20615,,CONFIDENT_ESSENTIAL,essential,2,E_score|E_cons_core,1,0.9706695172444691,0.0180514157276722,1.0,0.0,101,0,35.43,3,3,True
AMB_RS20620,,CONFIDENT_ESSENTIAL,essential,2,E_score|E_cons_core,1,0.971772904566212,0.019454550006916524,1.0,0.0,90,0,35.75,3,3,True
AMB_RS20625,,UNRESOLVED,unknown,0,E_cons_core|N_pangenome_some,1,0.9390889526783524,0.04344743623934702,0.9714285714285714,0.0,413,0,36.58,2,3,False
AMB_RS20630,,CONFIDENT_NONESSENTIAL,non-essential,1,N_score,1,0.3094714261605613,0.687214874689555,0.1764705882352941,0.0,371,0,37.75,3,3,True
AMB_RS20635,,CONFIDENT_NONESSENTIAL,non-essential,2,N_score|N_pangenome_some,0,0.2068528631999157,0.7860083626354065,0.0,0.0,239,0,38.67,1,3,False
AMB_RS20640,,CONDITIONAL_SUSPECT,unknown,0,N_score|N_long_lagging|P_conditional,1,0.2597193593235785,0.7617323159445917,0.1428571428571428,0.0,424,0,39.68,3,3,True
AMB_RS20645,,UNRESOLVED,unknown,0,E_cons_core,1,0.8774126835688005,0.0758809383705971,0.7142857142857143,0.0,204,0,40.62,3,3,False
AMB_RS23800,,UNRESOLVED,unknown,0,,0,0.6932883585533177,0.2719092977523106,0.44,0.0,173,0,41.09,3,3,False
AMB_RS20655,,CONFIDENT_NONESSENTIAL,non-essential,1,N_score,0,0.4125579618917351,0.5575755239525255,0.1764705882352941,0.0,153,0,41.58,3,3,True
AMB_RS20660,,CONFIDENT_NONESSENTIAL,non-essential,2,N_score|N_pangenome_some,0,0.2445716901889016,0.8307872299755605,0.0,0.0,172,0,42.15,1,3,False
AMB_RS20665,,CONFIDENT_NONESSENTIAL,non-essential,1,E_geometry|N_score,0,0.2577400759973318,0.7459539436272482,0.0526315789473684,1.0,233,1,42.76,3,3,False
AMB_RS20670,,ROGUE_SUSPECT,unknown,0,E_geometry|N_score|P_rogue,0,0.324733712235733,0.6617706480986719,0.0967741935483871,0.0,162,1,43.35,3,3,False
AMB_RS20675,,UNRESOLVED,unknown,0,,1,0.7261232588243388,0.24437382690051185,0.4782608695652174,0.0,185,0,44.02,3,3,False
AMB_RS20685,,UNRESOLVED,unknown,0,E_cons_core,1,0.9272483193377395,0.06093889554196609,1.0,1.0,596,0,47.4,3,3,True
AMB_RS20690,,CONFIDENT_NONESSENTIAL,non-essential,1,E_cons_core|N_pangenome_strong,1,0.9620080947008384,0.022103595887390446,1.0,0.0,237,0,48.66,0,3,False
AMB_RS20695,,UNRESOLVED,unknown,0,E_cons_core,1,0.9284072066805245,0.04066258384113025,0.9411764705882352,0.0,425,0,49.65,3,3,False
AMB_RS20700,,UNRESOLVED,unknown,0,E_cons_core,1,0.9539338193991924,0.023518992938409474,1.0,0.0,326,0,50.76,3,3,True
AMB_RS20705,,UNRESOLVED,unknown,0,E_cons_core,1,0.8240028759620828,0.14867065649883668,0.6470588235294118,0.0,290,0,51.68,3,3,False
AMB_RS20710,,CONFIDENT_NONESSENTIAL,non-essential,2,N_score|N_pangenome_some,0,0.2820392515523025,0.7264924729760363,0.1111111111111111,0.0,307,0,52.57,1,3,False
AMB_RS20720,,CONFIDENT_NONESSENTIAL,non-essential,2,N_score|N_pangenome_strong,0,0.2325953153787634,0.7895333678956025,0.1,0.0,414,0,54.81,0,3,False
AMB_RS20735,,CONFIDENT_NONESSENTIAL,non-essential,2,E_geometry|N_score|N_pangenome_some,0,0.1900190187709219,0.8776826409626282,0.0,0.0,344,1,59.54,1,3,False
AMB_RS20740,,CONFIDENT_NONESSENTIAL,non-essential,2,N_score|N_pangenome_some,0,0.1916657650967581,0.8415277576459946,0.0,2.0,339,0,60.73,2,3,False
AMB_RS20745,,UNRESOLVED,unknown,0,E_cons_core,1,0.9255205514344348,0.04913701010219451,1.0,0.0,597,0,62.3,3,3,False
AMB_RS20750,,UNRESOLVED,unknown,0,E_cons_core,0,0.911298584207732,0.07973989298128864,0.7272727272727273,0.0,108,0,63.35,3,3,False
AMB_RS20755,,ROGUE_SUSPECT,unknown,0,N_score|P_rogue,0,0.2777335344606925,0.6983849082061593,0.0571428571428571,0.0,198,0,63.83,3,3,False
AMB_RS20760,,ROGUE_SUSPECT,unknown,0,E_geometry|N_score|P_rogue,0,0.258939512360001,0.7493958242542536,0.037037037037037,0.0,209,1,64.63,3,3,True
AMB_RS20765,,CONFIDENT_NONESSENTIAL,non-essential,3,N_score|N_pangenome_some|N_long_lagging,0,0.148725405283647,0.8589736873180773,0.0,0.0,462,0,65.71,2,3,False
AMB_RS20770,,CONDITIONAL_SUSPECT,unknown,0,N_score|N_long_lagging|P_conditional,0,0.243454401871566,0.8065822513266464,0.1304347826086956,1.0,483,0,67.2,3,3,False
AMB_RS20775,,CONDITIONAL_SUSPECT,unknown,0,N_score|N_long_lagging|P_conditional,0,0.2408840678099502,0.7890531841636694,0.1304347826086956,1.0,483,0,68.65,3,3,False
AMB_RS20780,,CONFIDENT_NONESSENTIAL,non-essential,2,E_geometry|N_score|N_pangenome_strong,1,0.2419588592647664,0.8068582390615296,0.0,0.0,191,1,69.68,0,3,False
AMB_RS20785,,CONFIDENT_NONESSENTIAL,non-essential,2,E_geometry|N_score|N_pangenome_some,0,0.1852620304022385,0.8029956644039522,0.0,0.0,330,1,70.54,2,3,False
AMB_RS20800,,CONFIDENT_NONESSENTIAL,non-essential,2,N_score|N_pangenome_strong,0,0.1421422563358402,0.87743785176067,0.0,0.0,499,1,72.4,0,3,False
AMB_RS20805,,CONFIDENT_NONESSENTIAL,non-essential,2,N_score|N_pangenome_some,0,0.2273454561567145,0.7904466744001567,0.0,0.0,223,0,73.59,1,3,False
AMB_RS20810,,CONFIDENT_NONESSENTIAL,non-essential,2,N_score|N_pangenome_some,0,0.2500557329351546,0.794536715506769,0.0625,0.0,312,0,74.61,2,3,False
AMB_RS20815,,CONFIDENT_ESSENTIAL,essential,2,E_score|E_cons_core,1,0.9710730365286468,0.02491150958206819,0.9714285714285714,0.0,90,0,75.22,3,3,True
AMB_RS20820,,UNRESOLVED,unknown,0,E_cons_core,1,0.595651869968776,0.440539794451495,0.5714285714285714,0.0,721,0,76.61,3,3,False
AMB_RS20825,,CONFIDENT_NONESSENTIAL,non-essential,2,N_score|N_pangenome_some,0,0.2924450305759087,0.8171234911234833,0.0,0.0,98,0,78.0,1,3,False
AMB_RS20830,,CONFIDENT_NONESSENTIAL,non-essential,2,N_score|N_pangenome_some,0,0.2977629375714778,0.7468911032189879,0.032258064516129,0.0,132,0,78.46,2,3,False
AMB_RS20835,,CONFIDENT_NONESSENTIAL,non-essential,2,E_geometry|N_score|N_pangenome_strong,0,0.3882145632795373,0.691323963856582,0.0909090909090909,0.0,76,1,78.75,0,3,False
AMB_RS20840,,ROGUE_SUSPECT,unknown,0,N_score|P_rogue,0,0.2076706744751533,0.8366407307646532,0.0,0.0,296,0,79.41,3,3,False
AMB_RS20850,,ROGUE_SUSPECT,unknown,0,N_score|P_rogue,0,0.2160317271021238,0.8215704298982102,0.0416666666666666,0.0,363,0,82.25,3,3,False
AMB_RS20855,,CONFIDENT_NONESSENTIAL,non-essential,2,N_score|N_pangenome_some,0,0.1840333639914108,0.8593808568410326,0.032258064516129,0.0,443,1,83.58,1,3,False
AMB_RS20860,,CONFIDENT_NONESSENTIAL,non-essential,1,E_geometry|N_score,0,0.3832667550410639,0.553071329876772,0.1515151515151515,0.0,185,1,84.57,3,3,True
AMB_RS20865,,CONFIDENT_NONESSENTIAL,non-essential,2,E_geometry|N_score|N_pangenome_some,0,0.2398336687455931,0.7728375918171336,0.0689655172413793,0.0,349,1,85.34,2,3,False
AMB_RS20870,,CONFIDENT_NONESSENTIAL,non-essential,1,E_geometry|N_score,0,0.3802828938912401,0.6009302575666533,0.1666666666666666,0.0,238,1,86.22,3,3,False
AMB_RS20875,,CONFIDENT_NONESSENTIAL,non-essential,2,N_score|N_pangenome_some,0,0.1375141150647091,0.9058410224694496,0.0,0.0,548,1,87.49,1,3,False
AMB_RS20885,,CONFIDENT_NONESSENTIAL,non-essential,2,N_score|N_pangenome_some,0,0.2270176311683535,0.8182922592194564,0.0,0.0,250,0,89.58,2,3,True
AMB_RS20890,,CONFIDENT_NONESSENTIAL,non-essential,3,N_score|N_pangenome_some|N_long_lagging,0,0.1562205596283936,0.8892504671302266,0.0,0.0,479,0,90.66,2,3,False
AMB_RS20895,,CONFIDENT_NONESSENTIAL,non-essential,2,N_score|N_pangenome_some,0,0.2738255602214985,0.7460827752113054,0.0434782608695652,0.0,217,0,91.7,2,3,True
AMB_RS20900,,CONFIDENT_NONESSENTIAL,non-essential,3,N_score|N_pangenome_some|N_long_lagging,0,0.0675519964845151,0.9582451550310003,0.0,0.0,937,0,93.43,1,3,False
AMB_RS20905,,UNRESOLVED,unknown,0,E_cons_core|F_core_redundant,1,0.8229578671487181,0.15968036632471613,0.5757575757575758,9.0,255,0,95.28,3,3,False
AMB_RS20925,,CONFIDENT_NONESSENTIAL,non-essential,2,E_geometry|N_score|N_pangenome_some,0,0.2175097526063215,0.8141551507347665,0.0,0.0,277,1,97.93,1,3,False
AMB_RS20930,,UNRESOLVED,unknown,0,E_cons_core|E_geometry,1,0.9438416181163892,0.03993798996384971,0.8387096774193549,0.0,134,1,98.65,3,3,True
AMB_RS20935,,UNRESOLVED,unknown,0,E_cons_core,1,0.9459870736914636,0.040516646810687174,1.0,0.0,475,1,99.63,3,3,False
AMB_RS20940,,UNRESOLVED,unknown,0,E_cons_core|E_geometry,1,0.962329265844506,0.0278060925262104,1.0,0.0,295,1,100.81,3,3,True
AMB_RS20945,,UNRESOLVED,unknown,0,E_cons_core,1,0.9428960546110988,0.045886555983675435,1.0,0.0,510,1,102.04,3,3,False
AMB_RS20950,,CONFIDENT_ESSENTIAL,essential,3,E_score|E_cons_core|E_geometry,1,0.9698134893495872,0.021390082368180897,1.0,0.0,185,1,103.08,3,3,True
AMB_RS20955,,CONFIDENT_NONESSENTIAL,non-essential,2,N_score|N_pangenome_some,0,0.2928054991435738,0.6984531675929804,0.0,0.0,78,0,103.8,2,3,False
AMB_RS20960,,CONFIDENT_NONESSENTIAL,non-essential,3,E_geometry|N_score|N_pangenome_some|N_redundancy,0,0.2008653264471541,0.8489208932105536,0.0,5.0,382,1,104.62,2,3,True
AMB_RS20980,,CONFIDENT_NONESSENTIAL,non-essential,2,E_geometry|N_score|N_pangenome_some,0,0.208556035638246,0.8263974112746871,0.0,0.0,309,1,102.87,1,3,True
AMB_RS20985,,CONFIDENT_NONESSENTIAL,non-essential,1,E_geometry|N_score,0,0.1824948902748296,0.8369535831223828,0.0,3.0,406,1,101.79,3,3,True
AMB_RS20990,,UNRESOLVED,unknown,0,E_cons_core|E_geometry|F_core_redundant,1,0.7814259160070389,0.17927438726488265,0.5405405405405406,9.0,298,1,100.64,3,3,True
AMB_RS21005,,UNRESOLVED,unknown,0,E_cons_core|E_geometry|N_pangenome_some,0,0.7816635657301948,0.19857604592015798,0.5,0.0,140,1,98.27,2,3,False
AMB_RS21010,,CONFIDENT_NONESSENTIAL,non-essential,2,N_score|N_pangenome_some,0,0.2803883369236485,0.7763515843450236,0.0,0.0,124,0,97.77,2,3,False
AMB_RS21015,,UNRESOLVED,unknown,0,N_pangenome_some,0,0.5022946999656868,0.5197158624901757,0.25,0.0,207,0,97.28,2,3,False
AMB_RS21025,,ROGUE_SUSPECT,unknown,0,N_score|P_rogue,0,0.1669117708960686,0.8537890584040903,0.0,0.0,427,1,93.73,3,3,False
AMB_RS21030,,ROGUE_SUSPECT,unknown,0,N_score|N_long_lagging|P_rogue|P_conditional,0,0.1536068884650832,0.8718663149214902,0.0,0.0,478,0,92.3,3,3,False
AMB_RS21035,,CONFIDENT_NONESSENTIAL,non-essential,4,N_score|N_pangenome_some|N_redundancy|N_long_lagging,0,0.2369734576084279,0.8390928699930017,0.2307692307692307,6.0,796,0,90.14,2,3,True
AMB_RS21045,,UNRESOLVED,unknown,0,E_cons_core,1,0.8630706119493495,0.08929471796396066,0.7714285714285715,0.0,436,1,87.82,3,3,False
AMB_RS21050,,ROGUE_SUSPECT,unknown,0,E_geometry|N_score|P_rogue,0,0.2807326968981704,0.7121689564413437,0.064516129032258,0.0,232,1,86.69,3,3,False
AMB_RS21055,,CONFIDENT_NONESSENTIAL,non-essential,2,E_geometry|N_score|N_pangenome_some,0,0.3112974087691721,0.7491247453886909,0.0666666666666666,0.0,188,1,86.12,2,3,False
AMB_RS21060,,ROGUE_SUSPECT,unknown,0,N_score|P_rogue,0,0.2475111989581125,0.7509576757599356,0.0714285714285714,0.0,331,0,85.31,3,3,False
AMB_RS21065,,CONFIDENT_NONESSENTIAL,non-essential,2,E_cons_core|N_score|N_pangenome_some,1,0.420734121198685,0.5897703138965174,0.6153846153846154,0.0,1155,0,83.09,2,3,False
AMB_RS21070,,UNRESOLVED,unknown,0,N_redundancy,0,0.7620459137163488,0.22879766790207665,0.4864864864864865,6.0,203,0,80.99,3,3,False
AMB_RS21080,,CONFIDENT_NONESSENTIAL,non-essential,3,N_score|N_pangenome_some|N_long_lagging,0,0.1345035294659562,0.9175702187837096,0.0,1.0,569,0,77.66,1,3,False
AMB_RS21085,,UNRESOLVED,unknown,0,,0,0.6392673546976427,0.35901467404866455,0.3333333333333333,0.0,97,0,76.59,3,3,False
AMB_RS21090,,CONFIDENT_NONESSENTIAL,non-essential,2,E_geometry|N_score|N_pangenome_some,1,0.2986436692043373,0.7145052642310097,0.1111111111111111,0.0,290,1,76.01,2,3,False
AMB_RS21095,,UNRESOLVED,unknown,0,E_cons_core|E_geometry,1,0.952802432566701,0.02627365891636966,0.9428571428571428,1.0,247,1,75.19,3,3,True
AMB_RS21100,,CONFIDENT_NONESSENTIAL,non-essential,2,N_score|N_pangenome_some,1,0.3604367465578467,0.6551244995068699,0.1538461538461538,1.0,259,0,74.33,2,3,False
AMB_RS21105,,ROGUE_SUSPECT,unknown,0,N_score|P_rogue,0,0.2583727414293486,0.7681269022097045,0.0303030303030303,0.0,212,0,73.63,3,3,False
AMB_RS21120,,CONFIDENT_NONESSENTIAL,non-essential,2,E_geometry|N_score|N_pangenome_strong,0,0.2331286560845741,0.7780742743897036,0.0,0.0,202,1,72.03,0,3,False
AMB_RS21125,,CONFIDENT_NONESSENTIAL,non-essential,1,N_score,0,0.4202087567811239,0.6522693042381826,0.1304347826086956,0.0,92,0,71.53,3,3,False
AMB_RS21130,,ROGUE_SUSPECT,unknown,0,N_score|P_rogue,0,0.2567502575962027,0.7445614681193623,0.0,0.0,138,0,71.18,3,3,False
AMB_RS21135,,CONFIDENT_NONESSENTIAL,non-essential,2,N_score|N_pangenome_some,0,0.3194433965592141,0.7398276535775248,0.0454545454545454,0.0,110,0,70.81,1,3,True
AMB_RS21140,,CONDITIONAL_SUSPECT,unknown,0,N_score|N_redundancy|N_long_lagging|P_conditional,0,0.2011395602958479,0.8623396795727064,0.1081081081081081,11.0,646,0,69.53,3,3,True
AMB_RS21145,,CONFIDENT_NONESSENTIAL,non-essential,2,N_score|N_pangenome_some,0,0.211559632492098,0.821180850789504,0.0,0.0,269,0,68.05,2,3,True
AMB_RS21150,,UNRESOLVED,unknown,0,E_cons_core|E_geometry,1,0.9392431187270004,0.032369593291480814,0.8823529411764706,0.0,222,1,67.22,3,3,False
AMB_RS21155,,UNRESOLVED,unknown,0,E_cons_core|E_geometry|N_pangenome_some,1,0.9425305340340552,0.029448391465364772,0.8947368421052632,0.0,218,1,66.57,2,3,False
AMB_RS21170,,UNRESOLVED,unknown,0,E_geometry,0,0.5736848131108322,0.41093438819198697,0.3888888888888889,1.0,339,1,59.91,3,3,False
AMB_RS21175,,UNRESOLVED,unknown,0,E_cons_core|N_pangenome_some,0,0.964269317266729,0.023694301217790932,1.0,0.0,225,0,58.87,2,3,False
AMB_RS21185,,UNRESOLVED,unknown,0,E_geometry,1,0.7307341559618304,0.21247516011507617,0.4848484848484848,3.0,214,1,57.66,3,3,False
AMB_RS21190,,CONFIDENT_NONESSENTIAL,non-essential,3,N_score|N_pangenome_strong|N_long_lagging,0,0.1516975227394372,0.8740036885330935,0.0,1.0,461,0,56.55,0,3,True
AMB_RS21200,,CONDITIONAL_SUSPECT,unknown,0,N_score|N_long_lagging|P_conditional,0,0.1748651210332721,0.8684438965057771,0.04,2.0,482,0,54.04,3,3,False
AMB_RS21210,,CONFIDENT_NONESSENTIAL,non-essential,1,E_geometry|N_score,0,0.299546772466484,0.6812973486330385,0.1081081081081081,1.0,258,1,52.39,3,3,True
AMB_RS21215,,UNRESOLVED,unknown,0,,0,0.5749751191009271,0.38373230412437415,0.3571428571428571,0.0,245,0,51.55,3,3,False
AMB_RS21220,,CONFIDENT_NONESSENTIAL,non-essential,2,E_geometry|N_score|N_pangenome_strong,0,0.2161601881698897,0.7785671131754089,0.0,0.0,223,1,50.77,0,3,False
AMB_RS21225,,UNRESOLVED,unknown,0,N_pangenome_some,1,0.5645488062599181,0.3964179745471918,0.2962962962962963,3.0,155,0,50.08,2,3,False
AMB_RS21230,,CONFIDENT_NONESSENTIAL,non-essential,3,N_score|N_pangenome_some|N_long_lagging,0,0.0935408230596469,0.9204201983542377,0.0,1.0,714,0,48.78,2,3,True
AMB_RS21235,,UNRESOLVED,unknown,0,E_cons_core,1,0.9322069615194016,0.05237812212596256,0.8636363636363636,0.0,245,0,47.14,3,3,False
AMB_RS21245,,UNRESOLVED,unknown,0,E_cons_core,1,0.9232428755568493,0.06344472186102335,0.7894736842105263,0.0,149,0,46.34,3,3,False
AMB_RS21250,,UNRESOLVED,unknown,0,E_cons_core,1,0.8239628697339404,0.14454976985971463,0.8181818181818182,0.0,660,0,44.99,3,3,False
AMB_RS21255,,UNRESOLVED,unknown,0,E_cons_core,1,0.8416219221317116,0.13372052633938547,0.6206896551724138,2.0,181,0,43.72,3,3,False
AMB_RS21260,,UNRESOLVED,unknown,0,E_cons_core,1,0.9289736287592446,0.04770545946208196,0.8235294117647058,0.0,167,0,43.12,3,3,False
AMB_RS21265,,CONFIDENT_NONESSENTIAL,non-essential,2,N_score|N_pangenome_some,0,0.1967334717119931,0.8088957354464527,0.0,0.0,278,0,42.46,1,3,False
AMB_RS21270,,UNRESOLVED,unknown,0,E_cons_core,1,0.9555783938311654,0.0297769452311961,1.0,0.0,318,0,41.49,3,3,True
AMB_RS21275,,UNRESOLVED,unknown,0,N_pangenome_some,1,0.6622306361085502,0.2922427052982678,0.4444444444444444,0.0,248,0,40.65,1,3,False
AMB_RS21280,,CONFIDENT_NONESSENTIAL,non-essential,1,E_cons_core|N_pangenome_strong,0,0.9614017612499396,0.02599799344348403,1.0,0.0,247,0,39.91,0,3,False
AMB_RS21285,,CONFIDENT_NONESSENTIAL,non-essential,2,N_score|N_pangenome_some,1,0.3656148082733624,0.6332382795730485,0.1481481481481481,1.0,199,0,39.26,2,3,True
AMB_RS21290,,CONFIDENT_NONESSENTIAL,non-essential,3,N_score|N_pangenome_strong|N_long_lagging,0,0.1446977233738363,0.865426963708769,0.0,0.0,454,0,38.22,0,3,False
AMB_RS21305,,CONFIDENT_NONESSENTIAL,non-essential,1,N_score,1,0.1406642756679759,0.8839750810784563,0.2058823529411764,0.0,929,1,35.24,3,3,True
AMB_RS21310,,CONFIDENT_NONESSENTIAL,non-essential,2,E_geometry|N_score|N_pangenome_some,0,0.2733590716858405,0.7410435606401954,0.0,0.0,66,1,33.74,1,3,False
AMB_RS21315,,CONFIDENT_NONESSENTIAL,non-essential,1,N_score,0,0.2541877548539121,0.776956819806505,0.0857142857142857,1.0,318,0,33.12,3,3,True
AMB_RS21320,,UNRESOLVED,unknown,0,N_redundancy,0,0.6303013507902506,0.3092160926414249,0.4411764705882353,5.0,337,0,32.11,3,3,False
AMB_RS21340,,CONFIDENT_NONESSENTIAL,non-essential,3,N_score|N_pangenome_strong|N_long_lagging,1,0.2345223932850942,0.7726982292463452,0.125,0.0,435,0,28.89,0,3,False
AMB_RS21345,,CONFIDENT_NONESSENTIAL,non-essential,2,N_score|N_pangenome_strong,0,0.2129396190547811,0.7613750396520782,0.0833333333333333,0.0,389,0,27.65,0,3,False
AMB_RS21355,,UNRESOLVED,unknown,0,E_cons_core|E_geometry|N_pangenome_some,1,0.8724993660818684,0.09002689044546962,0.7142857142857143,0.0,220,1,25.77,2,3,False
AMB_RS21360,,ROGUE_SUSPECT,unknown,0,E_geometry|N_score|P_rogue,0,0.3023657804645747,0.7066092294303791,0.064516129032258,0.0,131,1,25.17,3,3,False
AMB_RS21365,,CONFIDENT_NONESSENTIAL,non-essential,1,E_geometry|N_score,1,0.2205125711480637,0.7957256376382374,0.0909090909090909,1.0,404,1,24.29,3,3,True
AMB_RS21370,,UNRESOLVED,unknown,0,E_cons_core,1,0.91530305418124,0.06695555611825678,0.8275862068965517,1.0,268,0,22.98,3,3,True
AMB_RS21375,,CONFIDENT_NONESSENTIAL,non-essential,2,N_score|N_pangenome_some,0,0.2248873750188413,0.7961878612406958,0.1111111111111111,0.0,428,1,21.93,1,3,True
AMB_RS21385,,UNRESOLVED,unknown,0,E_geometry|N_pangenome_some,0,0.5495510575981608,0.4084384032057602,0.3333333333333333,0.0,212,1,20.54,2,3,False
AMB_RS21390,,CONFIDENT_NONESSENTIAL,non-essential,2,N_score|N_pangenome_some,0,0.2469059992980652,0.7620511466426254,0.0,0.0,119,0,19.92,1,3,False
AMB_RS21405,,CONFIDENT_NONESSENTIAL,non-essential,3,N_score|N_pangenome_some|N_long_lagging,0,0.1199255932586329,0.8987369408387749,0.0,0.0,546,0,18.2,1,3,False
AMB_RS21410,,CONFIDENT_NONESSENTIAL,non-essential,2,N_score|N_pangenome_some,1,0.2518497521281492,0.7158244896588335,0.0,0.0,90,0,17.26,1,3,False
AMB_RS21415,,CONFIDENT_NONESSENTIAL,non-essential,2,N_score|N_pangenome_some,0,0.200707859353354,0.8129755056064184,0.0,0.0,246,0,16.72,1,3,False
AMB_RS21420,,CONFIDENT_NONESSENTIAL,non-essential,2,E_geometry|N_score|N_pangenome_some,0,0.2011324725242493,0.8361276806350312,0.0,0.0,253,1,15.79,1,3,False
AMB_RS21440,,UNRESOLVED,unknown,0,E_geometry,1,0.5233713900142446,0.4645130950274362,0.3142857142857143,0.0,220,1,11.46,3,3,False
AMB_RS21445,,CONFIDENT_NONESSENTIAL,non-essential,1,N_score,0,0.1346677434187433,0.8941657527915764,0.08,1.0,664,1,10.14,3,3,False
AMB_RS21450,,ROGUE_SUSPECT,unknown,0,N_score|P_rogue,0,0.127676702617575,0.90803322240577,0.0,0.0,513,1,8.36,3,3,False
AMB_RS21455,,CONFIDENT_NONESSENTIAL,non-essential,3,N_score|N_pangenome_some|N_long_lagging,0,0.1348772542526432,0.8944420930163333,0.0,0.0,477,0,6.71,2,3,False
AMB_RS21460,,CONFIDENT_NONESSENTIAL,non-essential,3,N_score|N_pangenome_some|N_mobile,0,0.0704009871237989,0.9378123148344852,0.0,0.0,809,1,4.71,2,3,False
AMB_RS21465,,CONFIDENT_NONESSENTIAL,non-essential,3,E_geometry|N_score|N_pangenome_some|N_mobile,1,0.2377443918714466,0.7517741331725639,0.0,0.0,119,1,3.02,1,3,False
AMB_RS21470,,UNRESOLVED,unknown,0,E_cons_core|E_geometry|N_mobile|F_core_redundant,1,0.8782136570621294,0.06966030702759375,0.7297297297297297,5.0,234,1,2.27,3,3,False
AMB_RS21475,,CONFIDENT_NONESSENTIAL,non-essential,3,E_geometry|N_score|N_pangenome_some|N_mobile,1,0.1948229043728799,0.7965521291534898,0.0416666666666666,0.0,331,1,1.43,2,3,False
AMB_RS21480,,UNRESOLVED,unknown,0,E_cons_core|E_geometry|N_pangenome_some|N_mobile,1,0.9590025019800368,0.021815955314987708,0.9696969696969696,0.0,157,1,0.7,2,3,True
AMB_RS21485,,CONFIDENT_NONESSENTIAL,non-essential,2,E_geometry|N_score|N_mobile,1,0.4805561632688748,0.44999819647325545,0.3243243243243243,2.0,315,1,0.0,3,3,False
AMB_RS21490,,CONFIDENT_NONESSENTIAL,non-essential,2,E_geometry|N_pangenome_strong|N_mobile,0,0.6670496653295804,0.3555927195376721,0.4,0.0,122,1,0.72,0,3,False
AMB_RS21495,,CONFIDENT_NONESSENTIAL,non-essential,3,E_geometry|N_score|N_pangenome_some|N_mobile,0,0.2500752624369844,0.7234773649249704,0.0714285714285714,0.0,238,1,1.28,2,3,True
AMB_RS21500,,UNRESOLVED,unknown,0,E_cons_core|N_mobile,1,0.8685287961273352,0.08180600183395673,0.9428571428571428,0.0,713,0,2.83,3,3,False
AMB_RS21505,,ROGUE_SUSPECT,unknown,0,N_score|N_mobile|N_long_lagging|P_rogue|P_conditional,0,0.1339025078619659,0.8866497421017211,0.064516129032258,0.0,616,0,4.84,3,3,False
AMB_RS21545,,UNRESOLVED,unknown,0,E_cons_core|N_mobile,1,0.913381693312673,0.06531658284782915,0.9705882352941176,0.0,566,1,4.96,3,3,False
AMB_RS21550,,UNRESOLVED,unknown,0,E_cons_core|E_geometry|N_pangenome_some|N_mobile,1,0.9320335650045376,0.03554324398980487,0.8787878787878788,0.0,212,1,3.65,2,3,True
AMB_RS21555,,UNRESOLVED,unknown,0,E_cons_core|N_pangenome_some|N_mobile,1,0.72530369731561,0.19866722205794093,0.6206896551724138,0.0,445,1,2.67,2,3,False
AMB_RS21560,,CONFIDENT_ESSENTIAL,essential,2,E_score|E_cons_core|N_pangenome_some|N_mobile,1,0.967376923607002,0.021321197207268695,1.0,0.0,127,0,1.62,1,3,False
AMB_RS21580,,CONFIDENT_NONESSENTIAL,non-essential,3,N_score|N_pangenome_some|N_mobile,0,0.2542495553750218,0.7748776632243389,0.0,0.0,90,0,0.56,1,3,False
AMB_RS21585,,CONFIDENT_NONESSENTIAL,non-essential,3,N_score|N_pangenome_some|N_mobile,0,0.2130382900396263,0.7859333020629536,0.0,0.0,190,0,1.32,1,3,False
AMB_RS21590,,CONFIDENT_NONESSENTIAL,non-essential,4,N_score|N_pangenome_some|N_mobile|N_long_lagging,0,0.0997731636482213,0.921204300047143,0.0,0.0,635,0,2.56,1,3,False
AMB_RS21645,,CONFIDENT_NONESSENTIAL,non-essential,4,N_score|N_pangenome_some|N_mobile|N_long_lagging,0,0.1274940154937437,0.8905002973609659,0.0,0.0,495,0,0.0,1,3,False
AMB_RS21660,,CONFIDENT_NONESSENTIAL,non-essential,3,E_geometry|N_score|N_pangenome_some|N_mobile,0,0.2247700584278073,0.8016269352006363,0.0,0.0,167,1,1.89,1,3,False
AMB_RS21670,,UNRESOLVED,unknown,0,E_cons_core|E_geometry|N_mobile,1,0.9484169565510449,0.03591907968970785,0.8857142857142857,0.0,105,1,1.29,3,3,False
AMB_RS21705,,CONFIDENT_NONESSENTIAL,non-essential,3,E_geometry|N_score|N_pangenome_strong|N_mobile,0,0.2254818790524116,0.8401353844868088,0.0,1.0,189,1,0.0,0,3,False
AMB_RS21745,,CONFIDENT_NONESSENTIAL,non-essential,2,N_score|N_pangenome_some,0,0.1260268807716197,0.8764156299659442,0.0,0.0,495,1,5.44,1,3,False
AMB_RS21750,,CONFIDENT_NONESSENTIAL,non-essential,2,E_geometry|N_score|N_pangenome_some,0,0.1965274135038233,0.8054858207939031,0.0,0.0,243,1,6.54,1,3,False
AMB_RS21765,,ROGUE_SUSPECT,unknown,0,N_score|N_mobile|P_rogue,0,0.1421287827664571,0.8647767421108855,0.0,0.0,429,1,3.23,3,3,False
AMB_RS21770,,CONFIDENT_NONESSENTIAL,non-essential,4,N_score|N_pangenome_strong|N_mobile|N_long_lagging,0,0.132041665749091,0.9070368222377866,0.0,1.0,500,0,1.56,0,3,True
AMB_RS21775,,UNRESOLVED,unknown,0,E_cons_core|E_geometry|N_mobile,1,0.9129943812292778,0.05739194601381008,0.7714285714285715,3.0,140,1,0.52,3,3,False
AMB_RS21790,,CONFIDENT_NONESSENTIAL,non-essential,3,E_geometry|N_score|N_pangenome_some|N_mobile,0,0.2726884237230663,0.7166900840379424,0.0555555555555555,0.0,152,1,0.64,2,3,False
AMB_RS21795,,CONDITIONAL_SUSPECT,unknown,0,N_score|N_mobile|N_long_lagging|P_conditional,0,0.1335609613496022,0.8646077092414541,0.0294117647058823,1.0,532,0,1.76,3,3,True
AMB_RS21805,,UNRESOLVED,unknown,0,E_cons_core|N_mobile|F_core_redundant,1,0.8160813931784431,0.15792568757878525,0.6,4.0,202,0,3.11,3,3,False
AMB_RS21810,,ROGUE_SUSPECT,unknown,0,E_geometry|N_score|N_mobile|P_rogue,0,0.1819232547419038,0.800732538776105,0.0,0.0,278,1,3.99,3,3,False
AMB_RS21815,,CONFIDENT_NONESSENTIAL,non-essential,3,N_score|N_pangenome_some|N_mobile,0,0.3244377807408048,0.640001874224311,0.1428571428571428,0.0,225,0,4.82,2,3,False
AMB_RS21820,,CONFIDENT_NONESSENTIAL,non-essential,2,N_score|N_pangenome_some,1,0.2207327309260401,0.8189185788389083,0.0,0.0,189,0,5.64,2,3,False
AMB_RS21825,,CONFIDENT_NONESSENTIAL,non-essential,2,E_geometry|N_score|N_pangenome_some,0,0.1642589611744405,0.8236508438396658,0.0,0.0,341,1,6.45,1,3,False
AMB_RS21830,,CONFIDENT_NONESSENTIAL,non-essential,2,N_score|N_pangenome_some,0,0.3142100099531319,0.7083426656859487,0.1111111111111111,0.0,197,0,7.34,2,3,True
AMB_RS21835,,CONFIDENT_NONESSENTIAL,non-essential,2,E_geometry|N_score|N_pangenome_some,0,0.192648911302723,0.8178427357712091,0.0,0.0,260,1,8.15,1,3,True
AMB_RS21840,,CONFIDENT_NONESSENTIAL,non-essential,2,E_geometry|N_score|N_pangenome_some,0,0.1868007510082045,0.8214010260356,0.0,0.0,278,1,8.96,1,3,False
AMB_RS21845,,UNRESOLVED,unknown,0,E_cons_core|E_geometry|N_pangenome_some,1,0.9173780809529344,0.05862198555580717,0.8,0.0,165,1,9.68,2,3,False
AMB_RS21850,,CONFIDENT_ESSENTIAL,essential,3,E_score|E_cons_core|E_geometry,1,0.9689918064021872,0.02068090726021062,1.0,0.0,110,1,10.43,3,3,True
AMB_RS21855,,CONFIDENT_NONESSENTIAL,non-essential,1,E_geometry|N_score,1,0.3178826015443054,0.6715924748632164,0.1428571428571428,1.0,259,1,11.11,3,3,True
AMB_RS21870,,CONFIDENT_NONESSENTIAL,non-essential,1,N_score,0,0.1967353138238626,0.8135200667859392,0.0,1.0,264,0,15.65,3,3,False
AMB_RS21875,,ROGUE_SUSPECT,unknown,0,E_geometry|N_score|P_rogue,1,0.2604683403000244,0.7853883290529935,0.0666666666666666,0.0,241,1,16.54,3,3,False
AMB_RS21885,,UNRESOLVED,unknown,0,E_cons_core|E_geometry|F_core_redundant,1,0.9492103781772429,0.028258880694023544,0.918918918918919,7.0,230,1,19.84,3,3,True
AMB_RS21890,,ROGUE_SUSPECT,unknown,0,N_score|P_rogue,0,0.2187716943239153,0.7812691570284772,0.0,0.0,192,0,20.59,3,3,False
AMB_RS21895,,CONFIDENT_NONESSENTIAL,non-essential,2,N_score|N_pangenome_some,0,0.1645000419301651,0.8496787859387445,0.0,0.0,368,0,21.43,1,3,False
AMB_RS21900,,ROGUE_SUSPECT,unknown,0,N_score|P_rogue,1,0.2953115268239458,0.6853749733482901,0.0833333333333333,0.0,179,0,22.24,3,3,False
AMB_RS21915,,CONFIDENT_NONESSENTIAL,non-essential,2,N_score|N_redundancy,0,0.3283325134705823,0.6718661463246632,0.1351351351351351,6.0,277,0,24.24,3,3,True
AMB_RS21920,,CONFIDENT_NONESSENTIAL,non-essential,2,N_score|N_pangenome_some,0,0.1253440563009577,0.8982989220052817,0.0,3.0,555,1,25.51,2,3,True
AMB_RS21925,,CONFIDENT_NONESSENTIAL,non-essential,1,E_cons_core|N_pangenome_strong,1,0.7085683740549359,0.25362596970673523,0.5,0.0,257,0,26.92,0,3,False
AMB_RS21930,,CONFIDENT_NONESSENTIAL,non-essential,2,N_score|N_pangenome_some,1,0.2180642120503093,0.7585837955302043,0.0,1.0,200,0,27.62,1,3,False
AMB_RS21940,,CONFIDENT_NONESSENTIAL,non-essential,2,N_score|N_pangenome_strong,1,0.2018443843077897,0.7875733603938406,0.0,0.0,244,0,28.8,0,3,False
AMB_RS21945,,UNRESOLVED,unknown,0,E_cons_core,1,0.9524845634007574,0.02951857278003739,0.945945945945946,2.0,233,0,29.51,3,3,False
AMB_RS21960,,UNRESOLVED,unknown,0,E_cons_core|E_geometry|F_core_redundant,1,0.764965695108254,0.2063518211086771,0.5405405405405406,9.0,286,1,32.12,3,3,True
AMB_RS21970,,ROGUE_SUSPECT,unknown,0,N_score|N_long_lagging|P_rogue|P_conditional,0,0.1110642859582546,0.9308914051914148,0.0,0.0,624,0,34.26,3,3,False
AMB_RS21980,,UNRESOLVED,unknown,0,N_pangenome_some,0,0.5021876801627361,0.44113561466735807,0.3333333333333333,0.0,316,0,37.0,1,3,False
AMB_RS21985,,ROGUE_SUSPECT,unknown,0,E_geometry|N_score|P_rogue,1,0.2312956279609395,0.7993029433689005,0.0833333333333333,0.0,368,1,38.09,3,3,True
AMB_RS21990,,UNRESOLVED,unknown,0,E_cons_core|E_geometry,1,0.950199987641463,0.028545436676330072,0.9428571428571428,0.0,235,1,39.0,3,3,False
AMB_RS21995,,UNRESOLVED,unknown,0,E_cons_core|E_geometry,1,0.9355414457013812,0.04642388934371211,0.8620689655172413,0.0,203,1,39.66,3,3,False
AMB_RS22000,,CONFIDENT_NONESSENTIAL,non-essential,1,N_score,0,0.2112003221374335,0.7973329384608214,0.0689655172413793,2.0,404,0,40.75,3,3,True
AMB_RS22005,,CONFIDENT_NONESSENTIAL,non-essential,2,N_score|N_pangenome_some,0,0.2266960102830512,0.8004099226124792,0.0,0.0,200,0,41.66,1,3,False
AMB_RS22015,,CONFIDENT_NONESSENTIAL,non-essential,2,E_geometry|N_score|N_pangenome_some,0,0.3188125390642848,0.67119764814557,0.1333333333333333,0.0,257,1,42.9,2,3,False
AMB_RS22020,,CONFIDENT_ESSENTIAL,essential,2,E_score|E_cons_core,1,0.973856932220309,0.014296668328913732,1.0,0.0,45,0,43.65,3,3,True
AMB_RS22030,,CONFIDENT_NONESSENTIAL,non-essential,2,N_score|N_pangenome_some,0,0.478970934912681,0.5299885390628436,0.2,0.0,90,0,44.4,1,3,True
AMB_RS22035,,UNRESOLVED,unknown,0,E_cons_core,1,0.9283395598088326,0.060962294316761464,1.0,0.0,580,0,45.41,3,3,False
AMB_RS22040,,UNRESOLVED,unknown,0,E_cons_core,1,0.955302835934571,0.028075801547453837,0.9393939393939394,0.0,188,0,46.65,3,3,True
AMB_RS22045,,UNRESOLVED,unknown,0,E_cons_core,1,0.7890736156848529,0.20532061783614436,0.6,0.0,301,0,47.4,3,3,False
AMB_RS22050,,CONFIDENT_NONESSENTIAL,non-essential,2,N_score|N_pangenome_some,0,0.1522402385891962,0.8566356181635068,0.0,0.0,433,1,48.67,2,3,True
AMB_RS22055,,UNRESOLVED,unknown,0,N_pangenome_some,1,0.5293642467120546,0.4163424594724037,0.2857142857142857,0.0,171,0,49.69,1,3,False
AMB_RS22065,,CONFIDENT_NONESSENTIAL,non-essential,2,E_geometry|N_score|N_pangenome_some,0,0.1615916074982018,0.8484048397977145,0.0,0.0,402,1,51.32,2,3,False
AMB_RS22070,,CONDITIONAL_SUSPECT,unknown,0,N_score|N_long_lagging|P_conditional,1,0.237999418395182,0.8543767012531808,0.125,0.0,485,0,52.88,3,3,True
AMB_RS22075,,CONFIDENT_NONESSENTIAL,non-essential,1,N_score,1,0.4373736588793865,0.6572731157824375,0.217391304347826,0.0,241,0,53.98,3,3,False
AMB_RS22080,,CONFIDENT_NONESSENTIAL,non-essential,1,N_score,1,0.4103775216956499,0.6556218074193123,0.217391304347826,0.0,287,0,54.95,3,3,False
AMB_RS22085,,CONDITIONAL_SUSPECT,unknown,0,N_score|N_long_lagging|P_conditional,0,0.1776062246381989,0.8837382207346288,0.04,2.0,486,0,56.36,3,3,False
AMB_RS22090,,CONFIDENT_NONESSENTIAL,non-essential,2,N_score|N_pangenome_some,1,0.2491342954322566,0.7996354910092508,0.0,0.0,163,0,57.34,2,3,False
AMB_RS22095,,CONDITIONAL_SUSPECT,unknown,0,N_score|N_long_lagging|P_conditional,1,0.1901603835514824,0.8457764620586705,0.1891891891891892,3.0,770,0,58.77,3,3,True
AMB_RS22105,,UNRESOLVED,unknown,0,N_redundancy,0,0.6950253435586059,0.3068509926339164,0.4285714285714285,9.0,248,0,60.48,3,3,False
AMB_RS22110,,UNRESOLVED,unknown,0,E_cons_core,1,0.7539128176419908,0.21824908467385393,0.5428571428571428,0.0,275,0,61.31,3,3,False
AMB_RS22115,,UNRESOLVED,unknown,0,E_cons_core,1,0.8052719722511869,0.14725025462383978,0.6176470588235294,0.0,285,0,61.24,3,3,False
AMB_RS22120,,ROGUE_SUSPECT,unknown,0,N_score|P_rogue,0,0.1526797064446574,0.8675348574352982,0.0,0.0,448,1,60.02,3,3,False
AMB_RS22125,,CONFIDENT_NONESSENTIAL,non-essential,2,E_geometry|N_score|N_pangenome_some,0,0.2200320724149816,0.7848968129187872,0.0,0.0,224,1,58.95,2,3,False
AMB_RS22130,,UNRESOLVED,unknown,0,E_cons_core|E_geometry,1,0.958133195861654,0.02544789178424831,1.0,0.0,296,1,58.09,3,3,False
AMB_RS22135,,CONFIDENT_NONESSENTIAL,non-essential,2,E_geometry|N_score|N_pangenome_some,1,0.3381064285851083,0.6685865084398442,0.0769230769230769,0.0,109,1,57.49,2,3,False
AMB_RS22140,,UNRESOLVED,unknown,0,E_cons_core|E_geometry|N_pangenome_some,1,0.8541788209999845,0.15660565212273792,0.6,0.0,102,1,57.18,2,3,False
AMB_RS22145,,ROGUE_SUSPECT,unknown,0,N_score|P_rogue,0,0.2261308212933544,0.8124991428092675,0.03125,0.0,289,0,56.48,3,3,True
AMB_RS22150,,CONFIDENT_NONESSENTIAL,non-essential,2,E_geometry|N_score|N_pangenome_some,0,0.2495656231299382,0.7247280597786057,0.0,0.0,132,1,55.84,1,3,False
AMB_RS22155,,UNRESOLVED,unknown,0,E_cons_core|E_geometry,1,0.814282587898027,0.13359541897931804,0.5882352941176471,2.0,198,1,55.25,3,3,False
AMB_RS22160,,UNRESOLVED,unknown,0,E_cons_core|N_pangenome_some,1,0.8773351641178688,0.09451385149890942,0.9714285714285714,0.0,799,1,53.74,2,3,False
AMB_RS22170,,CONFIDENT_ESSENTIAL,essential,3,E_score|E_cons_core|E_geometry,1,0.9708545163689678,0.020041246359765636,1.0,0.0,119,1,51.21,3,3,True
AMB_RS22175,,CONFIDENT_ESSENTIAL,essential,3,E_score|E_cons_core|E_geometry,1,0.9741828316268366,0.020240857022816222,1.0,0.0,68,1,50.93,3,3,True
AMB_RS22180,,CONFIDENT_NONESSENTIAL,non-essential,2,E_geometry|N_score|N_redundancy,0,0.3286750674861195,0.6697443200705042,0.1351351351351351,6.0,298,1,50.14,3,3,True
AMB_RS22185,,CONFIDENT_NONESSENTIAL,non-essential,1,N_score,1,0.2889893984939101,0.7161190144562118,0.2162162162162162,2.0,534,1,48.9,3,3,True
AMB_RS22190,,CONFIDENT_NONESSENTIAL,non-essential,2,E_geometry|N_score|N_pangenome_some,1,0.2714124626517502,0.7557285108352166,0.1153846153846153,0.0,343,1,47.58,2,3,True
AMB_RS22195,,CONFIDENT_NONESSENTIAL,non-essential,1,E_geometry|N_score,1,0.3759395814178175,0.6687348451734642,0.2258064516129032,1.0,368,1,46.52,3,3,True
AMB_RS22200,,CONFIDENT_NONESSENTIAL,non-essential,1,N_score,1,0.1346004995187021,0.8999391534129805,0.03125,1.0,593,1,45.08,3,3,True
AMB_RS22210,,UNRESOLVED,unknown,0,E_cons_core,1,0.8760245923432546,0.10609215606803254,0.8181818181818182,0.0,464,1,42.73,3,3,False
AMB_RS22215,,CONFIDENT_NONESSENTIAL,non-essential,2,E_geometry|N_score|N_pangenome_strong,0,0.2453054169407415,0.7497097576243983,0.0,0.0,137,1,41.72,0,3,False
AMB_RS22220,,CONFIDENT_NONESSENTIAL,non-essential,2,N_score|N_pangenome_some,0,0.1129961839451997,0.9039996070250457,0.0,0.0,597,1,40.6,2,3,False
AMB_RS22225,,UNRESOLVED,unknown,0,E_cons_core|E_geometry,1,0.818527162701978,0.12340382339640238,0.5666666666666667,0.0,102,1,39.54,3,3,False
AMB_RS22230,,UNRESOLVED,unknown,0,E_geometry,1,0.5066540905075863,0.4820480232176447,0.25,0.0,136,1,39.19,3,3,False
AMB_RS22235,,CONFIDENT_NONESSENTIAL,non-essential,2,E_geometry|N_score|N_pangenome_some,0,0.2657711841512635,0.7166374884781161,0.1034482758620689,0.0,307,1,38.45,2,3,False
AMB_RS22240,,UNRESOLVED,unknown,0,E_cons_core|E_geometry|N_pangenome_some,1,0.8663715454785005,0.084486933742473,0.6666666666666666,0.0,144,1,37.78,2,3,False
AMB_RS22245,,CONFIDENT_NONESSENTIAL,non-essential,2,N_score|N_pangenome_some,1,0.1098240425656461,0.908555130522314,0.0,0.0,610,1,36.52,1,3,False
AMB_RS22250,,CONFIDENT_NONESSENTIAL,non-essential,2,N_score|N_pangenome_some,0,0.1873534907558456,0.8387843827561285,0.0,0.0,310,0,34.89,1,3,False
AMB_RS22255,,UNRESOLVED,unknown,0,E_cons_core|N_pangenome_some,1,0.6949691272585868,0.3184136564163084,0.75,0.0,862,0,32.67,2,3,False
AMB_RS22260,,CONFIDENT_NONESSENTIAL,non-essential,2,E_geometry|N_score|N_pangenome_some,0,0.2379114855966367,0.7980208939204416,0.0,0.0,162,1,31.04,1,3,False
AMB_RS22265,,CONFIDENT_NONESSENTIAL,non-essential,2,E_geometry|N_score|N_pangenome_strong,0,0.1908046440951328,0.8105506562329287,0.0,0.0,282,1,30.05,0,3,False
AMB_RS22270,,UNRESOLVED,unknown,0,E_geometry|N_pangenome_some,1,0.570121983707326,0.3978705718492772,0.3333333333333333,0.0,183,1,29.11,2,3,False
AMB_RS22275,,UNRESOLVED,unknown,0,E_cons_core|E_geometry|N_pangenome_some,0,0.7491965746949186,0.20966423792174554,0.5,0.0,156,1,28.46,2,3,False
AMB_RS22280,,CONFIDENT_NONESSENTIAL,non-essential,2,E_geometry|N_score|N_pangenome_some,0,0.2047829185579374,0.8250401357431832,0.0,0.0,250,1,27.83,2,3,False
AMB_RS22285,,CONFIDENT_NONESSENTIAL,non-essential,1,E_geometry|N_score,0,0.2814868957491957,0.7549347056129393,0.1142857142857142,1.0,309,1,27.0,3,3,True
AMB_RS22295,,UNRESOLVED,unknown,0,E_cons_core|E_geometry,1,0.8983908094118935,0.0864297655137916,0.8148148148148148,0.0,333,1,24.8,3,3,False
AMB_RS22300,,UNRESOLVED,unknown,0,E_cons_core,1,0.9099313784920786,0.05503865540564453,0.9375,0.0,516,1,23.46,3,3,False
AMB_RS22305,,CONFIDENT_NONESSENTIAL,non-essential,2,E_geometry|N_score|N_pangenome_strong,0,0.2269766364257673,0.7945161965370384,0.0,0.0,178,1,22.41,0,3,True
AMB_RS22310,,CONFIDENT_NONESSENTIAL,non-essential,2,E_geometry|N_score|N_pangenome_some,1,0.4802796356160767,0.5230580158493183,0.2222222222222222,0.0,113,1,21.73,1,3,False
AMB_RS22315,,CONFIDENT_NONESSENTIAL,non-essential,2,N_score|N_pangenome_some,0,0.2261901720420824,0.8226547338389282,0.0,0.0,192,0,21.01,1,3,True
AMB_RS22320,,CONFIDENT_NONESSENTIAL,non-essential,3,N_score|N_pangenome_some|N_long_lagging,0,0.136920270405295,0.9035947277104498,0.0,0.0,489,0,19.99,1,3,False
AMB_RS22325,,CONFIDENT_NONESSENTIAL,non-essential,3,N_score|N_pangenome_some|N_long_lagging,0,0.1422041757738468,0.8824685630169108,0.0,0.0,455,0,18.49,1,3,True
AMB_RS22330,,CONFIDENT_NONESSENTIAL,non-essential,1,N_score,1,0.4472851273751643,0.5765098444209771,0.3888888888888889,0.0,547,0,16.94,3,3,False
AMB_RS22340,,ROGUE_SUSPECT,unknown,0,N_score|N_long_lagging|P_rogue|P_conditional,0,0.1320649730901565,0.8763012101659651,0.0571428571428571,0.0,608,0,13.32,3,3,False
AMB_RS22345,,CONFIDENT_NONESSENTIAL,non-essential,2,N_score|N_pangenome_some,0,0.2401079410917868,0.794777073081113,0.0,0.0,140,0,12.11,1,3,True
AMB_RS22350,,UNRESOLVED,unknown,0,E_geometry,0,0.589966195512018,0.39063285786624286,0.3529411764705882,1.0,183,1,11.61,3,3,False
AMB_RS22355,,UNRESOLVED,unknown,0,E_cons_core|E_geometry,1,0.9481156308898396,0.02632810048786994,1.0,0.0,348,1,10.82,3,3,False
AMB_RS22360,,UNRESOLVED,unknown,0,E_cons_core,1,0.946164749131241,0.03181019611660642,0.9722222222222222,0.0,316,0,9.73,3,3,False
AMB_RS22365,,UNRESOLVED,unknown,0,E_cons_core|N_pangenome_some,1,0.958627388389246,0.01926868324268997,1.0,0.0,229,0,8.87,1,3,False
AMB_RS22375,,UNRESOLVED,unknown,0,E_cons_core|N_pangenome_some,0,0.6151608566351324,0.29998626434004433,0.5,0.0,427,0,6.88,1,3,False
AMB_RS22385,,CONFIDENT_NONESSENTIAL,non-essential,1,N_score,1,0.3568298260706206,0.6329520354554832,0.1481481481481481,0.0,176,0,5.36,3,3,True
AMB_RS22390,,CONFIDENT_NONESSENTIAL,non-essential,2,N_score|N_mobile,1,0.3329008482093715,0.6628275649155687,0.1935483870967742,1.0,336,0,4.59,3,3,True
AMB_RS22395,,CONFIDENT_NONESSENTIAL,non-essential,4,N_score|N_pangenome_some|N_mobile|N_long_lagging,1,0.0678694894587039,0.95371122616621,0.1764705882352941,0.0,1235,0,2.23,2,3,True
AMB_RS22405,,UNRESOLVED,unknown,0,E_cons_core|N_pangenome_some|N_mobile,1,0.8386558959689895,0.1528827277603217,0.5909090909090909,1.0,87,0,0.0,1,3,False
AMB_RS22405,,UNRESOLVED,unknown,0,E_cons_core|N_pangenome_some|N_mobile,1,0.7740010502384097,0.23841284896927242,0.5909090909090909,1.0,295,0,0.0,1,3,False
AMB_RS22425,,CONFIDENT_NONESSENTIAL,non-essential,3,E_geometry|N_score|N_pangenome_strong|N_mobile,1,0.173468050601356,0.8829416008947637,0.0,0.0,341,1,1.43,0,3,False
AMB_RS22430,,CONFIDENT_NONESSENTIAL,non-essential,3,N_score|N_pangenome_some|N_mobile,0,0.1169365331936414,0.9242622380606644,0.0,0.0,561,1,0.0,1,3,False
AMB_RS22440,,UNRESOLVED,unknown,0,E_cons_core|E_geometry|N_mobile,1,0.9524866919946224,0.020924200747526198,1.0,0.0,286,1,1.52,3,3,False
AMB_RS22445,,CONFIDENT_NONESSENTIAL,non-essential,3,N_score|N_pangenome_some|N_mobile,0,0.2186891084733664,0.7759637567038637,0.1785714285714285,0.0,567,1,2.82,2,3,False
AMB_RS22450,,UNRESOLVED,unknown,0,E_cons_core|N_mobile,0,0.8366773650386649,0.1375235014964918,0.8,0.0,541,1,4.55,3,3,False
AMB_RS22455,,UNRESOLVED,unknown,0,E_cons_core,1,0.8704127469097427,0.07764199184757344,0.75,0.0,280,0,5.96,3,3,True
AMB_RS22465,,UNRESOLVED,unknown,0,E_cons_core,1,0.8775524007896531,0.10824400856370099,0.9142857142857144,0.0,643,0,9.33,3,3,False
AMB_RS22470,,UNRESOLVED,unknown,0,E_cons_core,1,0.7674741085432538,0.20847368997273807,0.6285714285714286,0.0,384,0,11.03,3,3,False
AMB_RS22480,,UNRESOLVED,unknown,0,E_cons_core|F_core_redundant,1,0.9490325720633812,0.03460602372070146,0.918918918918919,7.0,241,0,13.22,3,3,True
AMB_RS22485,,CONFIDENT_NONESSENTIAL,non-essential,2,N_score|N_pangenome_some,0,0.1827895746665187,0.8291094833953053,0.0,0.0,299,0,14.03,1,3,False
AMB_RS22490,,UNRESOLVED,unknown,0,E_cons_core|N_pangenome_some,0,0.7202588016072726,0.2111024291016549,0.5,0.0,207,0,14.79,2,3,False
AMB_RS22495,,UNRESOLVED,unknown,0,E_cons_core,1,0.8253743796392735,0.13779317434888524,0.6451612903225806,0.0,244,0,15.46,3,3,False
AMB_RS22500,,CONFIDENT_NONESSENTIAL,non-essential,3,N_score|N_pangenome_some|N_long_lagging,0,0.0799182454639605,0.9505284679854913,0.0,0.0,782,0,17.41,1,3,False
AMB_RS22505,,CONFIDENT_NONESSENTIAL,non-essential,2,N_score|N_pangenome_strong,1,0.2596488009240264,0.7707946577548392,0.0,0.0,94,0,18.81,0,3,False
AMB_RS22510,,UNRESOLVED,unknown,0,E_cons_core|E_geometry|N_pangenome_some,1,0.802083101952645,0.13863416683635635,0.6756756756756757,2.0,394,1,19.64,2,3,False
AMB_RS22515,,CONFIDENT_NONESSENTIAL,non-essential,2,E_geometry|N_score|N_pangenome_some,0,0.1660068767312773,0.8275318163525346,0.0,0.0,351,1,20.76,1,3,False
AMB_RS22520,,CONFIDENT_NONESSENTIAL,non-essential,2,N_score|N_pangenome_some,0,0.2552133558508395,0.7466155407459933,0.04,1.0,194,0,21.57,2,3,False
AMB_RS22525,,UNRESOLVED,unknown,0,E_cons_core|F_core_redundant,1,0.8727127398926584,0.08817776716461805,0.7297297297297297,5.0,292,0,22.39,3,3,False
AMB_RS22540,,ROGUE_SUSPECT,unknown,0,N_score|P_rogue,0,0.1597881731409654,0.8471543789751514,0.0,0.0,385,0,25.39,3,3,True
AMB_RS22545,,CONFIDENT_NONESSENTIAL,non-essential,2,E_geometry|N_score|N_pangenome_some,0,0.2199893708209683,0.7728660236346878,0.0,0.0,190,1,26.35,1,3,False
AMB_RS22550,,UNRESOLVED,unknown,0,E_cons_core,1,0.9549076116589632,0.02055176215639213,0.9714285714285714,0.0,224,0,27.01,3,3,True
AMB_RS22555,,CONFIDENT_NONESSENTIAL,non-essential,1,N_score,0,0.4113691577144908,0.5760347870810593,0.1818181818181818,0.0,160,0,27.58,3,3,False
AMB_RS22560,,CONFIDENT_ESSENTIAL,essential,3,E_score|E_cons_core|E_geometry|N_pangenome_some,1,0.9732855254653832,0.027813878023832447,1.0,0.0,83,1,27.98,1,3,False
AMB_RS22565,,UNRESOLVED,unknown,0,E_cons_core|N_pangenome_some,0,0.912146656138514,0.08047807482274603,0.75,2.0,140,0,28.41,2,3,False
AMB_RS22570,,UNRESOLVED,unknown,0,E_cons_core,1,0.9215185065609924,0.07898051906974186,0.7714285714285715,3.0,144,0,28.98,3,3,False
AMB_RS22575,,CONFIDENT_NONESSENTIAL,non-essential,1,N_score,0,0.2049469903768022,0.8416886711496727,0.0,1.0,269,0,29.64,3,3,False
AMB_RS22580,,CONFIDENT_NONESSENTIAL,non-essential,1,N_score,0,0.3625931394497785,0.6572576123960933,0.1818181818181818,0.0,270,0,30.45,3,3,True
AMB_RS22585,,CONDITIONAL_SUSPECT,unknown,0,N_score|N_long_lagging|P_conditional,1,0.2082134320118388,0.8184098397779613,0.081081081081081,2.0,439,0,31.57,3,3,True
AMB_RS22590,,ROGUE_SUSPECT,unknown,0,N_score|P_rogue,0,0.2241474887925995,0.806843408422258,0.0571428571428571,0.0,327,0,32.71,3,3,False
AMB_RS22595,,UNRESOLVED,unknown,0,E_cons_core|N_pangenome_some,1,0.9612582460737216,0.024203492483725532,0.9666666666666668,0.0,165,0,33.45,2,3,True
AMB_RS22600,,CONFIDENT_NONESSENTIAL,non-essential,1,N_score,1,0.263373134292794,0.7736808534784011,0.1,0.0,322,0,34.18,3,3,True
AMB_RS22605,,UNRESOLVED,unknown,0,E_cons_core,1,0.8826113762974972,0.08395220899573785,0.84375,0.0,473,0,35.37,3,3,False
AMB_RS22610,,CONFIDENT_NONESSENTIAL,non-essential,2,N_score|N_pangenome_some,0,0.2433445477245041,0.8180861390790602,0.0,0.0,165,0,36.59,2,3,False
AMB_RS22615,,UNRESOLVED,unknown,0,E_cons_core,1,0.9490854841339388,0.03703664938922108,1.0,0.0,389,0,37.64,3,3,False
AMB_RS22620,,ROGUE_SUSPECT,unknown,0,N_score|P_rogue,0,0.236625456265114,0.7703345875915969,0.0344827586206896,0.0,239,0,38.59,3,3,False
AMB_RS22625,,CONFIDENT_NONESSENTIAL,non-essential,1,N_score,1,0.3591343060847664,0.7091326798852816,0.1428571428571428,0.0,214,0,39.35,3,3,False
AMB_RS22630,,UNRESOLVED,unknown,0,,1,0.5175544714393178,0.506214175565589,0.34375,0.0,334,0,40.19,3,3,False
AMB_RS22635,,UNRESOLVED,unknown,0,E_geometry,0,0.5923869085753838,0.3714867238087439,0.3714285714285714,1.0,240,1,39.47,3,3,False
AMB_RS22645,,CONFIDENT_NONESSENTIAL,non-essential,1,N_score,1,0.448729735948329,0.5639262037298419,0.2333333333333333,0.0,217,0,37.78,3,3,False
AMB_RS22650,,ROGUE_SUSPECT,unknown,0,N_score|N_long_lagging|P_rogue|P_conditional,1,0.0821539817709958,0.9512685263280631,0.064516129032258,0.0,930,0,35.82,3,3,False
AMB_RS22655,,CONFIDENT_NONESSENTIAL,non-essential,2,N_score|N_pangenome_some,0,0.2480277954694309,0.8009524381186045,0.1333333333333333,2.0,454,1,33.69,2,3,True
AMB_RS22675,,CONFIDENT_NONESSENTIAL,non-essential,2,E_geometry|N_score|N_pangenome_strong,1,0.2517622817363921,0.7967312286453413,0.0,0.0,129,1,29.04,0,3,False
AMB_RS22680,,CONFIDENT_NONESSENTIAL,non-essential,2,E_geometry|N_score|N_pangenome_some,0,0.2155588331582709,0.7735385721270127,0.0,0.0,203,1,28.49,2,3,False
AMB_RS22685,,CONFIDENT_NONESSENTIAL,non-essential,2,N_score|N_pangenome_some,0,0.2757026073254676,0.7884539470458861,0.037037037037037,0.0,157,0,27.77,2,3,False
AMB_RS22700,,UNRESOLVED,unknown,0,E_cons_core|E_geometry,1,0.9654521025684962,0.024733715177785057,1.0,0.0,182,1,25.19,3,3,True
AMB_RS22705,,ROGUE_SUSPECT,unknown,0,E_geometry|N_score|P_rogue,0,0.1836098976732391,0.834139537232929,0.0303030303030303,0.0,374,1,24.34,3,3,True
AMB_RS22710,,ROGUE_SUSPECT,unknown,0,N_score|P_rogue,0,0.1431336036655449,0.8679084209159703,0.0,0.0,446,1,23.04,3,3,False
AMB_RS22715,,UNRESOLVED,unknown,0,,1,0.5953520338621818,0.39349560278311235,0.4864864864864865,0.0,472,0,21.5,3,3,False
AMB_RS22725,,UNRESOLVED,unknown,0,E_cons_core,1,0.7241643280883818,0.2442330904084784,0.5945945945945946,0.0,425,0,19.95,3,3,False
AMB_RS22730,,CONFIDENT_NONESSENTIAL,non-essential,2,E_cons_core|N_score|N_pangenome_some,1,0.4505018068268094,0.5151792089723451,0.5,0.0,772,0,18.02,2,3,False
AMB_RS22740,,CONFIDENT_NONESSENTIAL,non-essential,2,N_score|N_pangenome_some,0,0.0908999115648105,0.9332467672670456,0.0,0.0,699,1,14.35,1,3,False
AMB_RS22745,,UNRESOLVED,unknown,0,E_cons_core,1,0.9229189704675445,0.046512423291635754,0.8648648648648649,0.0,266,0,12.74,3,3,False
AMB_RS22750,,UNRESOLVED,unknown,0,E_cons_core|E_geometry,1,0.9371278385715474,0.037173832494723724,0.8857142857142857,0.0,204,1,11.73,3,3,False
AMB_RS22755,,ROGUE_SUSPECT,unknown,0,E_geometry|N_score|P_rogue,1,0.1645782312498873,0.8456009908401287,0.0,0.0,355,1,10.86,3,3,False
AMB_RS22760,,ROGUE_SUSPECT,unknown,0,N_score|P_rogue,0,0.2566465674818615,0.7719088400223248,0.0666666666666666,0.0,240,0,9.82,3,3,False
AMB_RS22765,,CONFIDENT_NONESSENTIAL,non-essential,1,N_score,0,0.3037951769235006,0.673454914459496,0.1081081081081081,0.0,202,0,9.17,3,3,True
AMB_RS22770,,ROGUE_SUSPECT,unknown,0,N_score|P_rogue,0,0.1601861254283417,0.861960787198891,0.0,0.0,376,0,8.21,3,3,False
AMB_RS22780,,ROGUE_SUSPECT,unknown,0,N_score|P_rogue,0,0.2105674406933939,0.8084376127106792,0.0285714285714285,0.0,273,0,5.76,3,3,False
AMB_RS22785,,ROGUE_SUSPECT,unknown,0,N_score|P_rogue,1,0.2946478481476244,0.7325799175955666,0.0606060606060606,0.0,130,0,5.16,3,3,False
AMB_RS22790,,CONFIDENT_NONESSENTIAL,non-essential,3,N_score|N_pangenome_some|N_mobile,1,0.3550980344515805,0.6881859485402165,0.1481481481481481,1.0,203,0,4.6,2,3,True
AMB_RS22795,,CONFIDENT_NONESSENTIAL,non-essential,3,N_score|N_pangenome_some|N_mobile,0,0.2141386127725373,0.7773470003787617,0.0434782608695652,0.0,283,0,3.87,1,3,False
AMB_RS22800,,CONFIDENT_NONESSENTIAL,non-essential,2,N_score|N_mobile,0,0.3129752054912356,0.7339033795824782,0.1612903225806451,0.0,315,0,2.95,3,3,True
AMB_RS22840,,CONFIDENT_NONESSENTIAL,non-essential,3,N_score|N_redundancy|N_mobile,0,0.3458472877154662,0.6867023185365404,0.1363636363636363,5.0,222,0,0.0,3,3,False
AMB_RS22915,,CONFIDENT_NONESSENTIAL,non-essential,1,N_score,0,0.3513975911185192,0.7007397984578071,0.1081081081081081,0.0,123,0,11.2,3,3,True
AMB_RS22920,,UNRESOLVED,unknown,0,,1,0.7301684642884102,0.2612748542041658,0.4583333333333333,0.0,110,0,11.57,3,3,False
AMB_RS22925,,UNRESOLVED,unknown,0,,1,0.6237887577883517,0.3675972606544029,0.4166666666666667,0.0,253,0,12.22,3,3,False
AMB_RS22930,,UNRESOLVED,unknown,0,,1,0.5979651875161919,0.37781311382925453,0.3888888888888889,0.0,240,0,12.96,3,3,False
AMB_RS22935,,UNRESOLVED,unknown,0,,1,0.5105196638683357,0.49878574539674125,0.2972972972972973,0.0,217,0,13.65,3,3,False
AMB_RS22940,,UNRESOLVED,unknown,0,,1,0.5879130165992632,0.42073728088769674,0.3571428571428571,0.0,200,0,14.3,3,3,False
AMB_RS23675,,CONFIDENT_NONESSENTIAL,non-essential,2,E_geometry|N_score|N_pangenome_some,0,0.1679295537742338,0.8795719295372778,0.0,0.0,368,1,15.35,1,3,True
AMB_RS22950,,CONFIDENT_NONESSENTIAL,non-essential,1,E_geometry|N_score,0,0.3913504957525967,0.5773588919576649,0.1818181818181818,0.0,183,1,16.25,3,3,True
AMB_RS22955,,ROGUE_SUSPECT,unknown,0,N_score|P_rogue,0,0.2027143661843882,0.816982649201782,0.0909090909090909,0.0,443,1,17.18,3,3,False
AMB_RS22960,,UNRESOLVED,unknown,0,E_geometry|N_redundancy,0,0.6930529189210644,0.23974306013932725,0.4285714285714285,9.0,190,1,18.27,3,3,False
AMB_RS22965,,CONFIDENT_NONESSENTIAL,non-essential,2,N_score|N_pangenome_some,0,0.2493668188088485,0.7748095497950767,0.0,0.0,118,0,18.78,2,3,False
AMB_RS22970,,CONFIDENT_NONESSENTIAL,non-essential,2,N_score|N_pangenome_some,0,0.4553282965164654,0.4531074535337475,0.25,0.0,197,0,19.34,2,3,True
AMB_RS22980,,ROGUE_SUSPECT,unknown,0,N_score|P_rogue,0,0.2066904194533624,0.8004774261313408,0.0714285714285714,0.0,388,0,21.05,3,3,True
AMB_RS22985,,CONFIDENT_NONESSENTIAL,non-essential,2,N_score|N_pangenome_some,1,0.2119170372429656,0.8050872658289904,0.0,0.0,220,0,21.96,2,3,False
AMB_RS22990,,CONFIDENT_NONESSENTIAL,non-essential,2,E_geometry|N_score|N_pangenome_some,1,0.4260450767720007,0.510283572730015,0.2,0.0,152,1,22.58,1,3,False
AMB_RS22995,,UNRESOLVED,unknown,0,E_geometry,0,0.5603271791018507,0.4444110570623045,0.3103448275862069,0.0,156,1,23.11,3,3,False
AMB_RS23000,,UNRESOLVED,unknown,0,E_cons_core,1,0.9240278109017817,0.0613133208277054,0.8387096774193549,0.0,231,0,23.8,3,3,False
AMB_RS23005,,UNRESOLVED,unknown,0,E_cons_core,1,0.9613342554427992,0.018831081984937926,1.0,0.0,213,0,24.55,3,3,True
AMB_RS23010,,UNRESOLVED,unknown,0,E_cons_core,1,0.71116790732986,0.24891606618247922,0.5135135135135135,0.0,279,0,25.28,3,3,False
AMB_RS23015,,CONFIDENT_NONESSENTIAL,non-essential,1,N_score,1,0.3005219305186909,0.7200529774439981,0.0857142857142857,1.0,197,0,25.99,3,3,True
AMB_RS23020,,CONFIDENT_NONESSENTIAL,non-essential,1,N_score,0,0.3577313485610305,0.6997896061986535,0.1785714285714285,0.0,281,0,26.71,3,3,False
AMB_RS23025,,UNRESOLVED,unknown,0,E_cons_core|E_geometry,1,0.9380890583342358,0.04223168665045846,0.9428571428571428,0.0,347,1,28.04,3,3,False
AMB_RS23030,,UNRESOLVED,unknown,0,E_cons_core|E_geometry|N_pangenome_some,1,0.9385783871477688,0.04293203819828396,0.9393939393939394,0.0,338,1,29.15,2,3,False
AMB_RS23035,,CONFIDENT_ESSENTIAL,essential,3,E_score|E_cons_core|E_geometry|N_pangenome_some,1,0.9685641883574678,0.024701607950032282,1.0,0.0,146,1,29.87,2,3,True
AMB_RS23040,,UNRESOLVED,unknown,0,E_cons_core,1,0.9281315628902632,0.06030219530556165,0.9333333333333332,0.0,419,1,30.92,3,3,False
AMB_RS23050,,UNRESOLVED,unknown,0,N_redundancy,0,0.6031744099082721,0.41973736637999637,0.4,5.0,326,0,32.59,3,3,False
AMB_RS23055,,CONFIDENT_NONESSENTIAL,non-essential,2,N_score|N_pangenome_some,0,0.4688509109829913,0.5486582311836876,0.2222222222222222,0.0,151,0,33.3,2,3,True
AMB_RS23060,,CONFIDENT_NONESSENTIAL,non-essential,3,N_score|N_pangenome_some|N_long_lagging,0,0.1008904781002992,0.933766228962989,0.0,0.0,672,0,34.55,2,3,False
AMB_RS23065,,CONFIDENT_NONESSENTIAL,non-essential,2,E_geometry|N_score|N_pangenome_some,0,0.2716162749304212,0.7766607708584666,0.0,0.0,85,1,35.77,1,3,False
AMB_RS23070,,UNRESOLVED,unknown,0,E_geometry|N_pangenome_some,1,0.5240039089015145,0.4857422055927093,0.25,1.0,114,1,36.06,2,3,False
