gene,b,product,essential,metabolic,is_TF,tf_class,regulon_size,autoreg
thrl,b0001,b0001,,0,0,,0,
thra,b0002,b0002,0,1,0,,0,
thrb,b0003,b0003,0,1,0,,0,
thrc,b0004,b0004,0,1,0,,0,
yaax,b0005,b0005,0,0,0,,0,
yaaa,,b0006,,0,0,,0,
yaaj,,b0007,,0,0,,0,
talb,,b0008,,0,0,,0,
mog,,b0009,,0,0,,0,
satp,b0010,b0010,0,0,0,,0,
yaaw,,b0011,,0,0,,0,
mbia,b0012,b0012,,0,0,,0,
yaai,,b0013,,0,0,,0,
dnak,b0014,b0014,,0,0,,0,
tpke11,,None,,0,0,,0,
dnaj,b0015,b0015,,0,0,,0,
insl-1,b0016,b0016,,0,0,,0,
phantom gene,,b4250,,0,0,,0,
hokc,b4412,b4412,,0,0,,0,
mokc,b0018,b0018,,0,0,,0,
sokc,b4413,b4413,,0,0,,0,
nhaa,b0019,b0019,0,1,0,,0,
nhar,b0020,b0020,0,0,1,minor,7,pos
insab-1,,None,,0,0,,0,
insb-1,,b0021,,0,0,,0,
insa-1,b0022,b0022,0,0,0,,0,
rpst,b0023,b0023,1,0,0,,0,
yaay,,b0024,,0,0,,0,
ribf,b0025,b0025,1,1,0,,0,
iles,b0026,b0026,1,1,0,,0,
lspa,b0027,b0027,1,0,0,,0,
fkpb,b0028,b0028,0,0,0,,0,
isph,b0029,b0029,1,1,0,,0,
rihc,,b0030,,0,0,,0,
dapb,b0031,b0031,1,1,0,,0,
nc9,,,,0,0,,0,
cara,b0032,b0032,0,1,0,,0,
carb,b0033,b0033,0,1,0,,0,
caif,b0034,b0034,0,0,1,minor,10,
caie,b0035,b0035,1,0,0,,0,
caid,b0036,b0036,0,1,0,,0,
caic,b0037,b0037,0,1,0,,0,
caib,b0038,b0038,0,1,0,,0,
caia,b0039,b0039,,0,0,,0,
cait,b0040,b0040,0,1,0,,0,
fixa,b0041,b0041,0,0,0,,0,
fixb,b0042,b0042,0,0,0,,0,
fixc,b0043,b0043,0,0,0,,0,
fixx,b0044,b0044,1,0,0,,0,
yaau,b0045,b0045,0,0,0,,0,
keff,,b0046,,0,0,,0,
kefc,b0047,b0047,0,1,0,,0,
fola,b0048,b0048,1,1,0,,0,
apah,b0049,b0049,0,1,0,,0,
apag,b0050,b0050,0,0,0,,0,
rsma,b0051,b0051,0,0,0,,0,
pdxa,b0052,b0052,0,1,0,,0,
sura,b0053,b0053,0,0,0,,0,
lptd,b0054,b0054,,0,0,,0,
djla,,b0055,,0,0,,0,
yabp,,b0056,,0,0,,0,
yabq,b0057,b0057,0,0,0,,0,
rlua,b0058,b0058,0,0,0,,0,
rapa,b0059,b0059,0,0,0,,0,
polb,b0060,b0060,0,0,0,,0,
arad,b0061,b0061,0,1,0,,0,
araa,b0062,b0062,1,1,0,,0,
arab,b0063,b0063,1,1,0,,0,
arac,b0064,b0064,0,0,1,specific,14,neg
yabi,b0065,b0065,0,0,0,,0,
thiq,b0066,b0066,0,1,0,,0,
thip,b0067,b0067,,1,0,,0,
thib,b0068,b0068,,1,0,,0,
sroa,b4762,b4762,,0,0,,0,
sgrr,b0069,b0069,0,0,1,minor,9,neg
sgrs,b4577,b4577,,0,0,,0,
sgrt,b4662,b4662,0,0,0,,0,
seta,b0070,b0070,0,1,0,,0,
leud,b0071,b0071,0,1,0,,0,
leuc,b0072,b0072,0,1,0,,0,
leub,b0073,b0073,1,1,0,,0,
leua,b0074,b0074,0,1,0,,0,
leul,b0075,b0075,0,0,0,,0,
leuo,b0076,b0076,,0,1,specific,20,neg
yabr,,b4726,,0,0,,0,
ilvi,b0077,b0077,,1,0,,0,
ilvh,b0078,b0078,0,1,0,,0,
frul,,b0079,,0,0,,0,
cra,b0080,b0080,0,0,1,specific,79,
mraz,b0081,b0081,0,0,1,specific,17,neg
rsmh,b0082,b0082,0,0,0,,0,
ftsl,b0083,b0083,1,0,0,,0,
ftsi,b0084,b0084,1,1,0,,0,
mure,b0085,b0085,1,1,0,,0,
murf,b0086,b0086,1,1,0,,0,
mray,b0087,b0087,1,1,0,,0,
murd,b0088,b0088,0,1,0,,0,
ftsw,b0089,b0089,1,0,0,,0,
murg,b0090,b0090,1,1,0,,0,
murc,b0091,b0091,1,1,0,,0,
ddlb,b0092,b0092,0,1,0,,0,
ftsq,b0093,b0093,1,0,0,,0,
ftsa,b0094,b0094,1,0,0,,0,
ftsz,b0095,b0095,1,0,0,,0,
lpxc,b0096,b0096,1,1,0,,0,
secm,,b0097,,0,0,,0,
seca,,b0098,,0,0,,0,
mutt,,b0099,,0,0,,0,
b0100,,b0100,,0,0,,0,
yacg,,b0101,,0,0,,0,
zapd,,b0102,,0,0,,0,
coae,b0103,b0103,1,1,0,,0,
yacm,,b4727,,0,0,,0,
guac,b0104,b0104,0,1,0,,0,
b0105,,b0105,,0,0,,0,
hofc,b0106,b0106,0,0,0,,0,
hofb,b0107,b0107,0,0,0,,0,
ppdd,b0108,b0108,0,0,0,,0,
nadc,b0109,b0109,0,1,0,,0,
ampd,b0110,b0110,0,1,0,,0,
ampe,b0111,b0111,0,0,0,,0,
arop,b0112,b0112,0,1,0,,0,
pdhr,b0113,b0113,0,0,1,specific,41,neg
tp2,,None,,0,0,,0,
acee,b0114,b0114,0,1,0,,0,
acef,b0115,b0115,1,1,0,,0,
lpd,b0116,b0116,1,1,0,,0,
yach,,b0117,,0,0,,0,
acnb,b0118,b0118,0,1,0,,0,
yacl,b0119,b0119,0,0,0,,0,
sped,b0120,b0120,,1,0,,0,
spee,b0121,b0121,0,1,0,,0,
yacc,b0122,b0122,0,0,0,,0,
cueo,b0123,b0123,0,1,0,,0,
gcd,b0124,b0124,0,1,0,,0,
hpt,b0125,b0125,0,1,0,,0,
can,b0126,b0126,0,1,0,,0,
yadg,,b0127,,0,0,,0,
yadh,,b0128,,0,0,,0,
yadi,,b0129,,0,0,,0,
yade,,b0130,,0,0,,0,
pand,b0131,b0131,0,1,0,,0,
rpnc,,b0132,,0,0,,0,
panc,b0133,b0133,0,1,0,,0,
panb,b0134,b0134,0,1,0,,0,
yadc,b0135,b0135,0,0,0,,0,
yadk,b0136,b0136,,0,0,,0,
yadl,b0137,b0137,,0,0,,0,
yadm,b0138,b0138,,0,0,,0,
htre,b0139,b0139,,0,0,,0,
yadv,b0140,b0140,,0,0,,0,
yadn,b0141,b0141,0,0,0,,0,
folk,b0142,b0142,0,1,0,,0,
pcnb,b0143,b0143,0,0,0,,0,
gluq,b0144,b0144,0,0,0,,0,
dksa,b0145,b0145,0,0,0,,0,
sfsa,b0146,b0146,0,0,0,,0,
thpr,,b0147,,0,0,,0,
hrpb,,b0148,,0,0,,0,
mrcb,,b0149,,0,0,,0,
fhua,b0150,b0150,0,1,0,,0,
fhuc,b0151,b0151,0,1,0,,0,
fhud,b0152,b0152,0,1,0,,0,
fhub,b0153,b0153,0,1,0,,0,
heml,b0154,b0154,1,1,0,,0,
yadx,,,,0,0,,0,
clca,,b0155,,0,0,,0,
yadw,,b4728,,0,0,,0,
erpa,b0156,b0156,0,0,0,,0,
yads,b0157,b0157,1,0,0,,0,
btuf,b0158,b0158,0,1,0,,0,
mtn,b0159,b0159,,1,0,,0,
dgt,b0160,b0160,,1,0,,0,
degp,b0161,b0161,1,0,0,,0,
cdar,b0162,b0162,0,0,1,minor,10,pos
yaeh,b0163,b0163,0,0,0,,0,
yaei,b0164,b0164,0,0,0,,0,
b0165,,b0165,,0,0,,0,
dapd,b0166,b0166,1,1,0,,0,
glnd,b0167,b0167,0,0,0,,0,
map,b0168,b0168,1,0,0,,0,
tff,b4414,b4414,,0,0,,0,
rpsb,b0169,b0169,1,0,0,,0,
tsf,b0170,b0170,1,0,0,,0,
pyrh,b0171,b0171,1,1,0,,0,
frr,b0172,b0172,1,0,0,,0,
dxr,,b0173,,0,0,,0,
upps,b0174,b0174,1,1,0,,0,
cdsa,b0175,b0175,1,1,0,,0,
rsep,b0176,b0176,1,0,0,,0,
bama,b0177,b0177,1,0,0,,0,
skp,b0178,b0178,0,0,0,,0,
lpxd,b0179,b0179,1,1,0,,0,
fabz,b0180,b0180,1,1,0,,0,
lpxa,b0181,b0181,1,1,0,,0,
lpxb,b0182,b0182,1,1,0,,0,
rnhb,b0183,b0183,0,0,0,,0,
dnae,b0184,b0184,1,0,0,,0,
acca,b0185,b0185,1,1,0,,0,
ldcc,b0186,b0186,0,1,0,,0,
yaer,,b0187,,0,0,,0,
tils,,b0188,,0,0,,0,
rof,b0189,b0189,0,0,0,,0,
yaep,b4406,b4406,0,0,0,,0,
yaeq,b0190,b0190,,0,0,,0,
arfb,b0191,b0191,,0,0,,0,
nlpe,b0192,b0192,0,0,0,,0,
yaef,b0193,b0193,0,0,0,,0,
pros,b0194,b0194,1,1,0,,0,
trmo,,b0195,,0,0,,0,
rcsf,,b0196,,0,0,,0,
metq,b0197,b0197,0,1,0,,0,
meti,b0198,b0198,0,1,0,,0,
metn,b0199,b0199,0,1,0,,0,
gmhb,,b0200,,0,0,,0,
rrsh,b0201,b0201,,0,0,,0,
ilev,b0202,b0202,,0,0,,0,
alav,b0203,b0203,,0,0,,0,
rrlh,b0204,b0204,,0,0,,0,
rrfh,b0205,b0205,,0,0,,0,
aspu,,b0206,,0,0,,0,
dkgb,b0207,b0207,0,1,0,,0,
yafc,b0208,b0208,1,0,0,,0,
yafd,b0209,b0209,0,0,0,,0,
yafe,b0210,b0210,0,0,0,,0,
mltd,b0211,b0211,0,0,0,,0,
glob,,b0212,,0,0,,0,
yafs,,b0213,,0,0,,0,
rnha,,b0214,,0,0,,0,
dnaq,,b0215,,0,0,,0,
aspv,b0216,b0216,,0,0,,0,
yaft,b0217,b0217,0,0,0,,0,
ykfm,b4586,b4586,,0,0,,0,
c0067,,None,,0,0,,0,
yafu,b0218,b0218,,0,0,,0,
yaff,,b4503,,0,0,,0,
yafv,b0219,b0219,,0,0,,0,
ivy,b0220,b0220,0,0,0,,0,
fade,b0221,b0221,0,1,0,,0,
gmha,b0222,b0222,0,1,0,,0,
yafj,,b0223,,0,0,,0,
ldtf,b0224,b0224,0,0,0,,0,
yafq,b0225,b0225,0,0,0,,0,
dinj,b0226,b0226,0,0,0,,0,
yafl,,b0227,,0,0,,0,
rayt,b0228,b0228,0,0,0,,0,
lfha,,b0229,,0,0,,0,
lafu,,b0230,,0,0,,0,
dinb,b0231,b0231,0,0,0,,0,
yafn,b0232,b0232,,0,0,,0,
yafo,b0233,b0233,,0,0,,0,
yafp,b0234,b0234,,0,0,,0,
ykfj,,b0235,,0,0,,0,
prfh,,b0236,,0,0,,0,
pepd,b0237,b0237,,1,0,,0,
gpt,b0238,b0238,,1,0,,0,
frsa,b0239,b0239,0,0,0,,0,
insb9,,b4710,,0,0,,0,
insa9,,b4709,,0,0,,0,
phoe,b0241,b0241,0,1,0,,0,
prob,,b0242,,0,0,,0,
proa,,b0243,,0,0,,0,
thrw,b0244,b0244,,0,0,,0,
ykfn,,b4626,,0,0,,0,
ykfi,b0245,b0245,0,0,0,,0,
yafw,b0246,b0246,0,0,0,,0,
ykfh,b4504,b4504,0,0,0,,0,
ykfg,b0247,b0247,1,0,0,,0,
yafx,b0248,b0248,1,0,0,,0,
ykff,b0249,b0249,0,0,0,,0,
ykfb,b0250,b0250,0,0,0,,0,
yafy,,b0251,,0,0,,0,
ykfl,,b4627,,0,0,,0,
ykfk,,b4628,,0,0,,0,
yafz,,b0252,,0,0,,0,
ykfa,,b0253,,0,0,,0,
perr,,b0254,,0,0,,0,
insi-1,b0256,b0256,0,0,0,,0,
eyea,,b4690,,0,0,,0,
ykfc,b0258,b0258,0,0,0,,0,
insh-1,,b0259,,0,0,,0,
mmup,,b0260,,0,0,,0,
mmum,,b0261,,0,0,,0,
afuc,,b0262,,0,0,,0,
afub,,b0263,,0,0,,0,
insab-2,,None,,0,0,,0,
insb-2,,b0264,,0,0,,0,
insa-2,,b0265,,0,0,,0,
insi2,,b4708,,0,0,,0,
insx,b4505,b4505,,0,0,,0,
yagb,b0266,b0266,,0,0,,0,
yaga,b0267,b0267,,0,0,,0,
yage,b0268,b0268,,0,0,,0,
yagf,b0269,b0269,,0,0,,0,
yagg,,b0270,,0,0,,0,
yagh,b0271,b0271,,0,0,,0,
xynr,,b0272,,0,0,,0,
argf,b0273,b0273,,1,0,,0,
argl,,,,0,0,,0,
ykgs,,b4688,,0,0,,0,
insb-3,,b0274,,0,0,,0,
insab-3,,None,,0,0,,0,
insa-3,,b0275,,0,0,,0,
yagj,,b0276,,0,0,,0,
yagk,b0277,b0277,,0,0,,0,
yagl,,b0278,,0,0,,0,
yagm,,b0279,,0,0,,0,
ykgv,,b4729,,0,0,,0,
yagn,b0280,b0280,,0,0,,0,
intf,,b0281,,0,0,,0,
nc1,,None,,0,0,,0,
yagp,b0282,b0282,,0,0,,0,
paod,,b0283,,0,0,,0,
paoc,,b0284,,0,0,,0,
paob,,b0285,,0,0,,0,
paoa,,b0286,,0,0,,0,
yagu,b0287,b0287,,0,0,,0,
ykgj,,b0288,,0,0,,0,
ecpe,b0289,b0289,,0,0,,0,
ecpd,,b0290,,0,0,,0,
ecpc,,b0291,,0,0,,0,
ecpb,,b0292,,0,0,,0,
ecpa,b0293,b0293,,0,0,,0,
ecpr,b0294,b0294,,0,0,,0,
ykgl,b0295,b0295,,0,0,,0,
ykgo,b4506,b4506,,0,0,,0,
ykgm,b0296,b0296,,0,0,,0,
ykgr,b4671,b4671,,0,0,,0,
ykgp,,b4630,,0,0,,0,
eaeh,,b0297,,0,0,,0,
inse-1,,b0298,,0,0,,0,
insef-1,,None,,0,0,,0,
insf-1,,b0299,,0,0,,0,
ykga,b0300,b0300,,0,0,,0,
ykgq,,b4631,,0,0,,0,
rclc,b0301,b0301,,0,0,,0,
rclb,b0303,b0303,,0,0,,0,
rcla,b0304,b0304,,0,0,,0,
rclr,,b0305,,0,1,minor,3,
ykge,b0306,b0306,,1,0,,0,
ykgf,b0307,b0307,,1,0,,0,
ykgg,b0308,b0308,,1,0,,0,
b0309,,b0309,,0,0,,0,
ykgh,b0310,b0310,,0,0,,0,
beta,b0311,b0311,,1,0,,0,
betb,b0312,b0312,,1,0,,0,
beti,b0313,b0313,,0,1,minor,4,neg
bett,b0314,b0314,,1,0,,0,
yahv,,b4730,,0,0,,0,
pdel,b0315,b0315,,0,1,minor,1,pos
yahb,,b0316,,0,0,,0,
yahc,b0317,b0317,,0,0,,0,
yahd,,b0318,,0,0,,0,
yahe,b0319,b0319,,0,0,,0,
yahf,,b0320,,0,0,,0,
yahg,,b0321,,0,0,,0,
yahh,,b0322,,0,0,,0,
yahi,,b0323,,0,0,,0,
yahj,,b0324,,0,0,,0,
yahk,,b0325,,0,0,,0,
yahl,,b0326,,0,0,,0,
yahm,,b0327,,0,0,,0,
yahn,b0328,b0328,0,0,0,,0,
yaho,b0329,b0329,0,0,0,,0,
prpr,b0330,b0330,0,0,1,minor,5,neg
prpb,b0331,b0331,0,1,0,,0,
prpc,b0333,b0333,0,1,0,,0,
prpd,b0334,b0334,0,1,0,,0,
prpe,b0335,b0335,0,0,0,,0,
codb,b0336,b0336,0,1,0,,0,
coda,b0337,b0337,0,1,0,,0,
cynr,b0338,b0338,1,0,1,minor,4,neg
cynt,b0339,b0339,1,1,0,,0,
cyns,b0340,b0340,0,1,0,,0,
cynx,b0341,b0341,0,1,0,,0,
laca,b0342,b0342,0,0,0,,0,
lacy,b0343,b0343,0,1,0,,0,
lacz,b0344,b0344,0,1,0,,0,
laci,b0345,b0345,0,0,1,minor,3,
mhpr,b0346,b0346,0,0,1,minor,6,
mhpa,b0347,b0347,0,1,0,,0,
mhpb,b0348,b0348,0,1,0,,0,
mhpc,b0349,b0349,0,1,0,,0,
mhpd,b0350,b0350,,1,0,,0,
mhpf,b0351,b0351,,1,0,,0,
mhpe,b0352,b0352,,1,0,,0,
mhpt,b0353,b0353,,1,0,,0,
yail,,b0354,,0,0,,0,
frmb,b0355,b0355,,1,0,,0,
frma,b0356,b0356,,1,0,,0,
frmr,b0357,b0357,0,0,0,,0,
yaio,b0358,b0358,0,0,0,,0,
inscd-1,,None,,0,0,,0,
insc-1,,b0360,,0,0,,0,
insd-1,,b0361,,0,0,,0,
yaip,,b0363,,0,0,,0,
ykic,,b4731,,0,0,,0,
yais,b0364,b0364,0,0,0,,0,
taua,b0365,b0365,0,1,0,,0,
taub,b0366,b0366,0,1,0,,0,
tauc,b0367,b0367,0,1,0,,0,
taud,b0368,b0368,0,1,0,,0,
hemb,b0369,b0369,1,1,0,,0,
ykib,,b0370,,0,0,,0,
ytib,,,,0,0,,0,
insf-2,b0372,b0372,,0,0,,0,
insef-2,,None,,0,0,,0,
inse-2,,b0373,,0,0,,0,
ipra,,b0375,,0,0,,0,
amph,,b0376,,0,0,,0,
sbma,b0377,b0377,0,0,0,,0,
yaiw,b0378,b0378,0,0,0,,0,
yaiy,b0379,b0379,0,0,0,,0,
yaiz,b0380,b0380,0,0,0,,0,
ddla,b0381,b0381,0,1,0,,0,
irap,b0382,b0382,0,0,0,,0,
phoa,b0383,b0383,0,1,0,,0,
psif,b0384,b0384,0,0,0,,0,
dgcc,b0385,b0385,0,0,0,,0,
proc,,b0386,,0,0,,0,
yaii,,b0387,,0,0,,0,
arol,b0388,b0388,0,1,0,,0,
yaia,b0389,b0389,0,0,0,,0,
arom,b0390,b0390,0,0,0,,0,
ppnp,b0391,b0391,0,0,0,,0,
ykia,b0392,b0392,,0,0,,0,
ykid,,b4732,,0,0,,0,
rdgc,,b0393,,0,0,,0,
mak,,b0394,,0,0,,0,
araj,b0396,b0396,0,0,0,,0,
sbcc,b0397,b0397,,0,0,,0,
sbcd,b0398,b0398,0,0,0,,0,
phob,b0399,b0399,1,0,1,specific,60,pos
phor,b0400,b0400,0,0,0,,0,
brnq,b0401,b0401,0,1,0,,0,
proy,b0402,b0402,0,0,0,,0,
malz,b0403,b0403,0,1,0,,0,
acph,,b0404,,0,0,,0,
quea,b0405,b0405,0,0,0,,0,
tgt,b0406,b0406,0,0,0,,0,
yajc,b0407,b0407,0,0,0,,0,
secd,,b0408,,0,0,,0,
secf,,b0409,,0,0,,0,
yajd,b0410,b0410,0,0,0,,0,
tsx,b0411,b0411,0,1,0,,0,
yaji,b0412,b0412,0,0,0,,0,
nrdr,b0413,b0413,1,0,1,minor,9,
ribd,b0414,b0414,1,1,0,,0,
ribe,b0415,b0415,1,1,0,,0,
nusb,b0416,b0416,1,0,0,,0,
thil,b0417,b0417,1,1,0,,0,
pgpa,b0418,b0418,0,1,0,,0,
yajo,b0419,b0419,0,0,0,,0,
dxs,b0420,b0420,1,1,0,,0,
ispa,b0421,b0421,1,1,0,,0,
xseb,b0422,b0422,1,0,0,,0,
thii,b0423,b0423,0,1,0,,0,
yajl,,b0424,,0,0,,0,
pane,,b0425,,0,0,,0,
yajq,,b0426,,0,0,,0,
yajr,,b0427,,0,0,,0,
cyoe,b0428,b0428,0,1,0,,0,
cyod,b0429,b0429,0,1,0,,0,
cyoc,b0430,b0430,0,1,0,,0,
cyob,b0431,b0431,0,1,0,,0,
cyoa,b0432,b0432,0,1,0,,0,
ampg,b0433,b0433,0,1,0,,0,
yajg,b0434,b0434,0,0,0,,0,
bola,b0435,b0435,0,0,1,minor,5,
tig,b0436,b0436,0,0,0,,0,
clpp,b0437,b0437,0,0,0,,0,
clpx,b0438,b0438,0,0,0,,0,
sraa,,None,,0,0,,0,
lon,b0439,b0439,0,0,0,,0,
hupb,b0440,b0440,0,0,0,,0,
ppid,b0441,b0441,0,0,0,,0,
ybav,,b0442,,0,0,,0,
fadm,b0443,b0443,0,0,0,,0,
quec,,b0444,,0,0,,0,
ybae,,b0445,,0,0,,0,
cof,,b0446,,0,0,,0,
decr,b0447,b0447,0,0,0,,0,
mdla,b0448,b0448,1,0,0,,0,
mdlb,,b0449,,0,0,,0,
glnk,b0450,b0450,0,0,0,,0,
amtb,b0451,b0451,0,1,0,,0,
tesb,,b0452,,0,0,,0,
ybay,b0453,b0453,0,0,0,,0,
atl,,b0454,,0,0,,0,
ffs,,b0455,,0,0,,0,
ybaa,b0456,b0456,0,0,0,,0,
pdeb,,b0457,,0,0,,0,
ylac,b0458,b0458,0,0,0,,0,
maa,b0459,b0459,0,1,0,,0,
hha,b0460,b0460,0,0,0,,0,
tomb,b0461,b0461,0,0,0,,0,
acrb,b0462,b0462,0,1,0,,0,
acra,b0463,b0463,0,1,0,,0,
acrr,b0464,b0464,1,0,1,minor,11,neg
msck,b0465,b0465,0,0,0,,0,
ybam,,b0466,,0,0,,0,
pric,b0467,b0467,0,0,0,,0,
yban,b0468,b0468,0,0,0,,0,
apt,b0469,b0469,0,1,0,,0,
dnax,,b0470,,0,0,,0,
ybab,b0471,b0471,0,0,0,,0,
recr,b0472,b0472,0,0,0,,0,
htpg,b0473,b0473,0,0,0,,0,
adk,,b0474,,0,0,,0,
nc2,,,,0,0,,0,
hemh,b0475,b0475,1,1,0,,0,
aes,,b0476,,0,0,,0,
gsk,b0477,b0477,0,1,0,,0,
ybal,b0478,b0478,0,0,0,,0,
fsr,,b0479,,0,0,,0,
usha,,b0480,,0,0,,0,
ybak,,b0481,,0,0,,0,
chix,b4585,b4585,,0,0,,0,
ybap,b0482,b0482,0,0,0,,0,
ybaq,b0483,b0483,0,0,0,,0,
copa,b0484,b0484,0,1,0,,0,
glsa,b0485,b0485,0,1,0,,0,
ybat,b0486,b0486,,0,0,,0,
cuer,,b0487,,0,1,minor,7,
ybbj,,b0488,,0,0,,0,
qmca,,b0489,,0,0,,0,
feta,,b0490,,0,0,,0,
fetb,,b0491,,0,0,,0,
cnox,b0492,b0492,0,0,0,,0,
ybbo,b0493,b0493,0,0,0,,0,
tesa,b0494,b0494,0,1,0,,0,
ybba,,b0495,,0,0,,0,
ybbp,,b0496,,0,0,,0,
rhsd,b0497,b0497,0,0,0,,0,
ybbc,b0498,b0498,1,0,0,,0,
ylbh,,b0499,,0,0,,0,
ybbd,,b0501,,0,0,,0,
ylbi,,b4632,,0,0,,0,
ylbg,,b0502,,0,0,,0,
selu,b0503,b0503,0,0,0,,0,
alls,b0504,b0504,1,0,1,minor,3,
alla,b0505,b0505,0,1,0,,0,
allr,b0506,b0506,0,0,1,minor,9,
gcl,b0507,b0507,0,1,0,,0,
hyi,b0508,b0508,0,1,0,,0,
glxr,b0509,b0509,0,1,0,,0,
ybbw,b0511,b0511,0,1,0,,0,
allb,b0512,b0512,0,1,0,,0,
ybby,b0513,b0513,0,0,0,,0,
glxk,b0514,b0514,,1,0,,0,
alle,b0515,b0515,0,0,0,,0,
allc,b0516,b0516,0,1,0,,0,
alld,b0517,b0517,0,1,0,,0,
fdra,,b0518,,0,0,,0,
ylbe,,b4572,,0,0,,0,
ylbf,,b0520,,0,0,,0,
ybcf,,b0521,,0,0,,0,
purk,b0522,b0522,0,1,0,,0,
pure,b0523,b0523,0,1,0,,0,
lpxh,b0524,b0524,1,1,0,,0,
ppib,b0525,b0525,1,0,0,,0,
cyss,b0526,b0526,1,1,0,,0,
ybci,b0527,b0527,0,0,0,,0,
ybcj,,b0528,,0,0,,0,
fold,,b0529,,0,0,,0,
sfma,,b0530,,0,0,,0,
sfmc,b0531,b0531,0,0,0,,0,
sfmd,,b0532,,0,0,,0,
sfmh,b0533,b0533,,0,0,,0,
sfmf,,b0534,,0,0,,0,
fimz,b0535,b0535,,0,0,,0,
argu,b0536,b0536,,0,0,,0,
intd,b0537,b0537,,0,0,,0,
xisd,,b4633,,0,0,,0,
exod,,b0539,,0,0,,0,
pead,,b4508,,0,0,,0,
inse-3,,b0540,,0,0,,0,
insef-3,,None,,0,0,,0,
insf-3,,b0541,,0,0,,0,
emre,,b0543,,0,0,,0,
ylcj,,b4733,,0,0,,0,
ybck,b0544,b0544,,0,0,,0,
ybcl,b0545,b0545,,0,0,,0,
ybcm,,b0546,,0,0,,0,
ylch,,b4588,,0,0,,0,
ybcn,,b0547,,0,0,,0,
nine,,b0548,,0,0,,0,
ybco,,b0549,,0,0,,0,
rusa,,b0550,,0,0,,0,
ipex,,,,0,0,,0,
ylcg,,b4509,,0,0,,0,
ybcq,b0551,b0551,0,0,0,,0,
insh-2,,b0552,,0,0,,0,
essd,b0554,b0554,0,0,0,,0,
rrrd,b0555,b0555,0,0,0,,0,
rzpd,b0556,b0556,0,0,0,,0,
rzod,,b4510,,0,0,,0,
bord,b0557,b0557,0,0,0,,0,
ybcv,b0558,b0558,0,0,0,,0,
ybcw,,b0559,,0,0,,0,
ylci,,b4589,,0,0,,0,
nohd,,b0560,,0,0,,0,
aaad,,b4634,,0,0,,0,
tfad,,b0561,,0,0,,0,
ybcy,,b0562,,0,0,,0,
tfax,,b0563,,0,0,,0,
appy,b0564,b0564,,0,1,minor,10,
ompt,b0565,b0565,,0,0,,0,
envy,b0566,b0566,,0,1,minor,2,
ybch,,b0567,,0,0,,0,
nfra,,b0568,,0,0,,0,
nfrb,b0569,b0569,,0,0,,0,
cuss,b0570,b0570,,0,0,,0,
cusr,b0571,b0571,,0,1,specific,12,pos
cusc,b0572,b0572,,1,0,,0,
cusf,b0573,b0573,,1,0,,0,
cusb,b0574,b0574,,1,0,,0,
cusa,b0575,b0575,,1,0,,0,
phep,b0576,b0576,,1,0,,0,
ybdg,b0577,b0577,,0,0,,0,
nfsb,b0578,b0578,,1,0,,0,
ybdf,b0579,b0579,,0,0,,0,
ybdj,,b0580,,0,0,,0,
ybdk,b0581,b0581,,0,0,,0,
soke,,b4700,,0,0,,0,
hoke,b4415,b4415,,0,0,,0,
insl-2,b0582,b0582,,0,0,,0,
entd,b0583,b0583,,1,0,,0,
fepa,b0584,b0584,,1,0,,0,
fes,b0585,b0585,,1,0,,0,
ybdz,b4511,b4511,,0,0,,0,
entf,b0586,b0586,,1,0,,0,
fepe,b0587,b0587,,0,0,,0,
fepc,b0588,b0588,,1,0,,0,
fepg,b0589,b0589,,1,0,,0,
fepd,b0590,b0590,,1,0,,0,
ents,b0591,b0591,,1,0,,0,
fepb,b0592,b0592,,1,0,,0,
entc,b0593,b0593,,1,0,,0,
ente,b0594,b0594,,1,0,,0,
entb,b0595,b0595,,1,0,,0,
enta,b0596,b0596,,1,0,,0,
enth,b0597,b0597,,0,0,,0,
csta,b0598,b0598,,0,0,,0,
ybdd,,b4512,,0,0,,0,
hcxa,,b0599,,0,0,,0,
ybdl,b0600,b0600,,0,0,,0,
ybdm,b0601,b0601,,0,0,,0,
ybdn,b0602,b0602,,0,0,,0,
ybdo,b0603,b0603,,0,0,,0,
dsbg,b0604,b0604,,1,0,,0,
ahpc,b0605,b0605,,0,0,,0,
ahpf,b0606,b0606,,0,0,,0,
uspg,b0607,b0607,0,0,0,,0,
ybdr,b0608,b0608,0,0,0,,0,
ylda,,b4734,,0,0,,0,
rnk,,b0610,,0,0,,0,
rna,b0611,b0611,0,0,0,,0,
citt,b0612,b0612,0,1,0,,0,
citg,b0613,b0613,0,1,0,,0,
citx,b0614,b0614,1,1,0,,0,
citf,b0615,b0615,0,1,0,,0,
cite,b0616,b0616,0,1,0,,0,
citd,b0617,b0617,0,1,0,,0,
citc,b0618,b0618,0,0,0,,0,
dpib,b0619,b0619,0,0,0,,0,
dpia,b0620,b0620,0,0,1,minor,11,pos
dcuc,b0621,b0621,0,1,0,,0,
pagp,b0622,b0622,0,1,0,,0,
cspe,b0623,b0623,1,0,0,,0,
crcb,,b0624,,0,0,,0,
ybem,,b4581,,0,0,,0,
tate,,b0627,,0,0,,0,
lipa,b0628,b0628,1,1,0,,0,
ybef,,b0629,,0,0,,0,
lipb,b0630,b0630,0,1,0,,0,
ybed,b0631,b0631,1,0,0,,0,
daca,,b0632,,0,0,,0,
rlpa,,b0633,,0,0,,0,
mrdb,b0634,b0634,1,0,0,,0,
mrda,b0635,b0635,1,1,0,,0,
rlmh,b0636,b0636,0,0,0,,0,
rsfs,b0637,b0637,1,0,0,,0,
cobc,b0638,b0638,0,1,0,,0,
nadd,b0639,b0639,1,1,0,,0,
hola,,b0640,,0,0,,0,
lpte,b0641,b0641,0,0,0,,0,
leus,,b0642,,0,0,,0,
ybel,b0643,b0643,0,0,0,,0,
ybeq,b0644,b0644,0,0,0,,0,
yber,b0645,b0645,0,0,0,,0,
djlb,,b0646,,0,0,,0,
ybet,b0647,b0647,,0,0,,0,
ybeu,b0648,b0648,,0,0,,0,
djlc,,b0649,,0,0,,0,
hscc,,b0650,,0,0,,0,
riha,b0651,b0651,,1,0,,0,
gltl,b0652,b0652,,1,0,,0,
gltk,b0653,b0653,1,1,0,,0,
gltj,b0654,b0654,0,1,0,,0,
sroc,b4763,b4763,,0,0,,0,
glti,b0655,b0655,0,1,0,,0,
insh-3,,b0656,,0,0,,0,
lnt,b0657,b0657,1,1,0,,0,
ybex,b0658,b0658,0,0,0,,0,
ybey,b0659,b0659,1,0,0,,0,
ybez,b0660,b0660,0,0,0,,0,
miab,b0661,b0661,0,0,0,,0,
ubif,,b0662,,0,0,,0,
glnx,b0664,b0664,,0,0,,0,
glnv,b0665,b0665,,0,0,,0,
metu,b0666,b0666,,0,0,,0,
glnw,b0668,b0668,,0,0,,0,
glnu,b0670,b0670,,0,0,,0,
leuw,b0672,b0672,,0,0,,0,
mett,b0673,b0673,,0,0,,0,
asnb,b0674,b0674,0,1,0,,0,
umph,b0675,b0675,0,0,0,,0,
nagc,b0676,b0676,0,0,1,specific,37,neg
naga,b0677,b0677,0,1,0,,0,
nagb,b0678,b0678,0,1,0,,0,
nage,b0679,b0679,0,1,0,,0,
glns,b0680,b0680,1,1,0,,0,
chip,b0681,b0681,0,0,0,,0,
chiq,b0682,b0682,0,0,0,,0,
fur,b0683,b0683,0,0,1,global,130,neg
uof,b4637,b4637,0,0,0,,0,
flda,b0684,b0684,0,1,0,,0,
ybfe,b0685,b0685,0,0,0,,0,
ybff,,b0686,,0,0,,0,
seqa,b0687,b0687,0,0,0,,0,
pgm,b0688,b0688,0,1,0,,0,
ybfp,,b0689,,0,0,,0,
ybfg,b0691,b0691,,0,0,,0,
ybfi,,b4636,,0,0,,0,
pote,b0692,b0692,0,1,0,,0,
spef,b0693,b0693,,1,0,,0,
ybfk,,b4590,,0,0,,0,
kdpe,,b0694,,0,1,minor,4,
kdpd,,b0695,,0,0,,0,
kdpc,b0696,b0696,0,1,0,,0,
kdpb,b0697,b0697,1,1,0,,0,
kdpa,b0698,b0698,1,1,0,,0,
kdpf,b4513,b4513,0,1,0,,0,
ybfa,b0699,b0699,0,0,0,,0,
rhsc,,b0700,,0,0,,0,
ybfb,b0702,b0702,0,0,0,,0,
ybfo,,b0703,,0,0,,0,
ybfc,b0704,b0704,0,0,0,,0,
ybfq,,b4514,,0,0,,0,
ybfl,,b0705,,0,0,,0,
ybfd,,b0706,,0,0,,0,
ybga,b0707,b0707,1,0,0,,0,
phr,b0708,b0708,0,0,0,,0,
dtpd,b0709,b0709,0,1,0,,0,
ybgi,b0710,b0710,0,0,0,,0,
pxpb,b0711,b0711,0,0,0,,0,
pxpc,b0712,b0712,0,0,0,,0,
pxpa,b0713,b0713,0,0,0,,0,
nei,b0714,b0714,0,0,0,,0,
abrb,,b0715,,0,0,,0,
ybgo,,b0716,,0,0,,0,
ybgp,,b0717,,0,0,,0,
ybgq,,b0718,,0,0,,0,
ybgd,b0719,b0719,0,0,0,,0,
glta,b0720,b0720,0,1,0,,0,
ybgv,,,,0,0,,0,
ybgu,,b4735,,0,0,,0,
sdhc,b0721,b0721,0,1,0,,0,
sdhd,b0722,b0722,1,1,0,,0,
sdha,b0723,b0723,0,1,0,,0,
sdhb,b0724,b0724,0,1,0,,0,
b0725,,b0725,,0,0,,0,
suca,b0726,b0726,0,1,0,,0,
sucb,b0727,b0727,1,1,0,,0,
succ,b0728,b0728,1,1,0,,0,
sucd,b0729,b0729,,1,0,,0,
sdhx,b4764,b4764,,0,0,,0,
mngr,b0730,b0730,,0,1,minor,3,neg
mnga,b0731,b0731,,1,0,,0,
mngb,b0732,b0732,,1,0,,0,
cyda,b0733,b0733,,1,0,,0,
cydb,b0734,b0734,,1,0,,0,
cydx,,b4515,,0,0,,0,
ybge,b0735,b0735,,0,0,,0,
ybgc,b0736,b0736,0,1,0,,0,
tolq,b0737,b0737,0,0,0,,0,
tolr,,b0738,,0,0,,0,
tola,,b0739,,0,0,,0,
tolb,b0740,b0740,0,0,0,,0,
pal,b0741,b0741,0,0,0,,0,
cpob,b0742,b0742,0,0,0,,0,
lyst,b0743,b0743,,0,0,,0,
valt,b0744,b0744,,0,0,,0,
lysw,b0745,b0745,,0,0,,0,
valz,,b0746,,0,0,,0,
lysy,,b0747,,0,0,,0,
lysz,,b0748,,0,0,,0,
lysq,,b0749,,0,0,,0,
nada,b0750,b0750,0,1,0,,0,
pnuc,b0751,b0751,0,1,0,,0,
zitb,b0752,b0752,0,1,0,,0,
ybgs,b0753,b0753,0,0,0,,0,
arog,b0754,b0754,0,1,0,,0,
gpma,b0755,b0755,0,1,0,,0,
galm,b0756,b0756,0,1,0,,0,
galk,b0757,b0757,0,1,0,,0,
galt,b0758,b0758,0,1,0,,0,
gale,b0759,b0759,0,1,0,,0,
modf,b0760,b0760,0,0,0,,0,
mode,,b0761,,0,1,specific,46,
acrz,b0762,b0762,1,0,0,,0,
moda,b0763,b0763,0,1,0,,0,
modb,b0764,b0764,0,1,0,,0,
modc,b0765,b0765,1,1,0,,0,
ybha,b0766,b0766,0,1,0,,0,
pgl,b0767,b0767,0,1,0,,0,
ybhd,b0768,b0768,1,0,0,,0,
ybhh,b0769,b0769,0,0,0,,0,
ybhi,b0770,b0770,0,0,0,,0,
ybhj,b0771,b0771,0,0,0,,0,
ybhc,,b0772,,0,0,,0,
ybhb,,b0773,,0,0,,0,
bioa,b0774,b0774,0,1,0,,0,
biob,b0775,b0775,0,1,0,,0,
biof,b0776,b0776,0,1,0,,0,
bioc,b0777,b0777,0,1,0,,0,
biod,b0778,b0778,,1,0,,0,
ybhu,,b4591,,0,0,,0,
uvrb,b0779,b0779,,0,0,,0,
ybhk,,b0780,,0,0,,0,
moaa,b0781,b0781,,1,0,,0,
moab,b0782,b0782,,0,0,,0,
moac,b0783,b0783,,1,0,,0,
moad,b0784,b0784,,1,0,,0,
moae,b0785,b0785,,1,0,,0,
ybhl,b0786,b0786,,0,0,,0,
ybhm,b0787,b0787,,0,0,,0,
ybhn,b0788,b0788,,0,0,,0,
clsb,b0789,b0789,,1,0,,0,
ybhp,b0790,b0790,,0,0,,0,
ybhq,b0791,b0791,,0,0,,0,
ybhr,b0792,b0792,,0,0,,0,
ybhs,b0793,b0793,,0,0,,0,
ybhf,b0794,b0794,,0,0,,0,
ybhg,b0795,b0795,,0,0,,0,
cecr,b0796,b0796,,0,1,minor,5,neg
rhle,b0797,b0797,,0,0,,0,
ybia,b0798,b0798,,0,0,,0,
ding,b0799,b0799,,0,0,,0,
ybib,b0800,b0800,,0,0,,0,
hcxb,,b0801,,0,0,,0,
ybie,,,,0,0,,0,
ybij,b0802,b0802,,0,0,,0,
ybii,b0803,b0803,,0,0,,0,
ybix,,b0804,,0,0,,0,
fiu,b0805,b0805,,1,0,,0,
mcba,b0806,b0806,,0,0,,0,
rlmf,b0807,b0807,,0,0,,0,
ybio,b0808,b0808,,0,0,,0,
glnq,b0809,b0809,,1,0,,0,
glnp,b0810,b0810,,1,0,,0,
glnh,b0811,b0811,,1,0,,0,
dps,b0812,b0812,,0,0,,0,
rhta,b0813,b0813,,1,0,,0,
ylim,b4736,b4736,,0,0,,0,
ompx,b0814,b0814,,0,0,,0,
opge,b0815,b0815,,0,0,,0,
ylil,,b0816,,0,0,,0,
ryba,b4416,b4416,,0,0,,0,
mnts,b4705,b4705,,0,0,,0,
mntr,b0817,b0817,,0,1,minor,5,
ybir,b0818,b0818,,0,0,,0,
ldtb,b0819,b0819,,0,0,,0,
ybit,b0820,b0820,0,0,0,,0,
ybiu,b0821,b0821,0,0,0,,0,
ybiv,b0822,b0822,0,1,0,,0,
ybiw,,b0823,,0,0,,0,
ybiy,b0824,b0824,0,0,0,,0,
fsaa,,b0825,,0,0,,0,
moeb,b0826,b0826,0,1,0,,0,
moea,b0827,b0827,0,1,0,,0,
iaaa,b0828,b0828,0,1,0,,0,
gsia,b0829,b0829,0,1,0,,0,
gsib,b0830,b0830,0,1,0,,0,
gsic,b0831,b0831,0,1,0,,0,
gsid,,b0832,,0,0,,0,
pdei,b0833,b0833,0,0,0,,0,
dgci,b0834,b0834,0,0,0,,0,
rimo,b0835,b0835,0,0,0,,0,
bssr,,b0836,,0,0,,0,
ylii,,b0837,,0,0,,0,
gstb,b0838,b0838,0,0,0,,0,
dacc,b0839,b0839,0,1,0,,0,
deor,,b0840,,0,1,minor,6,
ybjg,b0841,b0841,0,1,0,,0,
mdfa,b0842,b0842,0,1,0,,0,
ybjh,,b0843,,0,0,,0,
ybji,b0844,b0844,0,0,0,,0,
ybjj,b0845,b0845,0,0,0,,0,
rcda,b0846,b0846,0,0,1,minor,11,
rybb,b4417,b4417,,0,0,,0,
ybjl,b0847,b0847,0,0,0,,0,
ybjm,,b0848,,0,0,,0,
grxa,b0849,b0849,0,1,0,,0,
ybjc,b0850,b0850,0,0,0,,0,
nfsa,b0851,b0851,0,0,0,,0,
rimk,b0852,b0852,0,0,0,,0,
ybjn,b0853,b0853,0,0,0,,0,
potf,b0854,b0854,0,1,0,,0,
potg,b0855,b0855,0,1,0,,0,
poth,b0856,b0856,0,1,0,,0,
poti,b0857,b0857,,1,0,,0,
ybjo,,b0858,,0,0,,0,
rlmc,b0859,b0859,,0,0,,0,
artj,b0860,b0860,,1,0,,0,
artm,b0861,b0861,,1,0,,0,
artq,b0862,b0862,,1,0,,0,
arti,b0863,b0863,,1,0,,0,
artp,b0864,b0864,,1,0,,0,
ybjp,b0865,b0865,,0,0,,0,
ybjq,b0866,b0866,,0,0,,0,
amid,,b0867,,0,0,,0,
ybjs,b0868,b0868,0,0,0,,0,
ybjt,,b0869,,0,0,,0,
ltae,b0870,b0870,0,1,0,,0,
poxb,b0871,b0871,0,1,0,,0,
hcr,b0872,b0872,0,0,0,,0,
hcp,b0873,b0873,0,0,0,,0,
lyso,b0874,b0874,0,0,0,,0,
aqpz,,b0875,,0,0,,0,
ybjd,,b0876,,0,0,,0,
ybjx,b0877,b0877,0,0,0,,0,
maca,b0878,b0878,0,0,0,,0,
macb,,b0879,,0,0,,0,
cspd,b0880,b0880,0,0,0,,0,
yljb,,,,0,0,,0,
clps,b0881,b0881,0,0,0,,0,
clpa,b0882,b0882,0,0,0,,0,
serw,b0883,b0883,,0,0,,0,
infa,b0884,b0884,1,0,0,,0,
aat,b0885,b0885,0,0,0,,0,
cydc,b0886,b0886,1,1,0,,0,
cydd,b0887,b0887,1,1,0,,0,
trxb,b0888,b0888,0,1,0,,0,
lrp,b0889,b0889,0,0,1,global,106,neg
ftsk,b0890,b0890,,0,0,,0,
lola,b0891,b0891,1,0,0,,0,
rara,b0892,b0892,0,0,0,,0,
sers,b0893,b0893,1,1,0,,0,
dmsa,b0894,b0894,0,1,0,,0,
dmsb,b0895,b0895,0,1,0,,0,
dmsc,b0896,b0896,0,1,0,,0,
ycac,b0897,b0897,,0,0,,0,
ycad,b0898,b0898,,0,0,,0,
ycam,b0899,b0899,0,0,0,,0,
ycan,b0900,b0900,0,0,0,,0,
ycak,b0901,b0901,1,0,0,,0,
pfla,b0902,b0902,0,1,0,,0,
pflb,b0903,b0903,0,1,0,,0,
foca,b0904,b0904,0,1,0,,0,
ycao,b0905,b0905,0,0,0,,0,
ycap,b0906,b0906,0,0,0,,0,
serc,b0907,b0907,0,1,0,,0,
aroa,b0908,b0908,0,1,0,,0,
ycal,,b0909,,0,0,,0,
cmk,b0910,b0910,1,1,0,,0,
rpsa,b0911,b0911,1,0,0,,0,
ihfb,b0912,b0912,0,0,0,,0,
ycai,,b0913,,0,0,,0,
msba,b0914,b0914,1,1,0,,0,
lpxk,b0915,b0915,1,1,0,,0,
ycaq,,b0916,,0,0,,0,
ycar,b0917,b0917,1,0,0,,0,
kdsb,b0918,b0918,1,1,0,,0,
ycbj,,b0919,,0,0,,0,
elyc,,b0920,,0,0,,0,
cmom,b0921,b0921,0,0,0,,0,
mukf,b0922,b0922,1,0,0,,0,
muke,b0923,b0923,1,0,0,,0,
mukb,b0924,b0924,1,0,0,,0,
ldtd,b0925,b0925,0,0,0,,0,
mepk,,b0926,,0,0,,0,
gloc,,b0927,,0,0,,0,
aspc,b0928,b0928,0,1,0,,0,
ompf,b0929,b0929,0,1,0,,0,
asns,b0930,b0930,1,1,0,,0,
pncb,b0931,b0931,0,1,0,,0,
pepn,b0932,b0932,0,1,0,,0,
ssub,b0933,b0933,0,1,0,,0,
ssuc,b0934,b0934,0,1,0,,0,
ssud,b0935,b0935,0,1,0,,0,
ssua,b0936,b0936,0,1,0,,0,
ssue,b0937,b0937,0,1,0,,0,
elfa,b0938,b0938,1,0,0,,0,
elfd,,b0939,,0,0,,0,
elfc,b0940,b0940,,0,0,,0,
elfg,b0941,b0941,,0,0,,0,
ycbu,b0942,b0942,,0,0,,0,
ycbv,b0943,b0943,0,0,0,,0,
ycbf,,b0944,,0,0,,0,
pyrd,b0945,b0945,0,1,0,,0,
zapc,,b0946,,0,0,,0,
ycbx,,b0947,,0,0,,0,
rlml,b0948,b0948,0,0,0,,0,
uup,b0949,b0949,0,0,0,,0,
pqia,b0950,b0950,0,0,0,,0,
pqib,b0951,b0951,0,0,0,,0,
pqic,b0952,b0952,0,0,0,,0,
rmf,b0953,b0953,0,0,0,,0,
faba,b0954,b0954,1,1,0,,0,
ycbz,b0955,b0955,0,0,0,,0,
matp,,b0956,,0,0,,0,
ompa,b0957,b0957,0,1,0,,0,
sula,b0958,b0958,0,0,0,,0,
sxy,b0959,b0959,0,0,0,,0,
yccs,b0960,b0960,0,0,0,,0,
yccf,b0961,b0961,0,0,0,,0,
held,,b0962,,0,0,,0,
mgsa,,b0963,,0,0,,0,
ycct,b0964,b0964,0,0,0,,0,
yccu,b0965,b0965,0,0,0,,0,
hspq,b0966,b0966,0,0,0,,0,
rlmi,b0967,b0967,0,0,0,,0,
yccx,,b0968,,0,0,,0,
tuse,,b0969,,0,0,,0,
ycca,b0970,b0970,0,0,0,,0,
sert,b0971,b0971,,0,0,,0,
hyaa,b0972,b0972,0,1,0,,0,
hyab,b0973,b0973,0,1,0,,0,
hyac,b0974,b0974,0,1,0,,0,
hyad,b0975,b0975,1,0,0,,0,
hyae,b0976,b0976,1,0,0,,0,
hyaf,b0977,b0977,0,0,0,,0,
appc,b0978,b0978,0,1,0,,0,
appb,b0979,b0979,0,1,0,,0,
appx,b4592,b4592,0,0,0,,0,
appa,b0980,b0980,0,1,0,,0,
etk,,b0981,,0,0,,0,
etp,,b0982,,0,0,,0,
gfce,,b0983,,0,0,,0,
gfcd,,b0984,,0,0,,0,
gfcc,b0985,b0985,,0,0,,0,
gfcb,,b0986,,0,0,,0,
gfca,b0987,b0987,,0,0,,0,
insab-4,,None,,0,0,,0,
insa-4,,b4516,,0,0,,0,
insb-4,,b0988,,0,0,,0,
csph,,b0989,,0,0,,0,
cspg,,b0990,,0,0,,0,
ymcf,,b4723,,0,0,,0,
ymce,,b0991,,0,0,,0,
gnsa,b4517,b4517,,0,0,,0,
yccm,b0992,b0992,,0,0,,0,
tors,b0993,b0993,,0,0,,0,
tort,b0994,b0994,,0,0,,0,
torr,b0995,b0995,,0,1,specific,12,neg
torc,b0996,b0996,0,1,0,,0,
tora,b0997,b0997,0,1,0,,0,
tord,b0998,b0998,0,0,0,,0,
cbpm,b0999,b0999,0,0,0,,0,
cbpa,b1000,b1000,0,0,0,,0,
ycce,b1001,b1001,0,0,0,,0,
agp,b1002,b1002,0,1,0,,0,
yccj,b1003,b1003,,0,0,,0,
wrba,b1004,b1004,,0,0,,0,
ycdf,,b1005,,0,0,,0,
ymdf,,b4518,,0,0,,0,
rutg,b1006,b1006,,1,0,,0,
rutf,b1007,b1007,,1,0,,0,
rute,b1008,b1008,,1,0,,0,
rutd,b1009,b1009,,1,0,,0,
rutc,b1010,b1010,,1,0,,0,
rutb,b1011,b1011,,1,0,,0,
ruta,b1012,b1012,,1,0,,0,
rutr,b1013,b1013,,0,1,specific,17,neg
puta,b1014,b1014,,1,1,minor,2,neg
ymdg,,b4737,,0,0,,0,
putp,b1015,b1015,,1,0,,0,
efeu,b4490,b4490,,0,0,,0,
efeo,,b1018,,0,0,,0,
efeb,,b1019,,0,0,,0,
phoh,b1020,b1020,,0,0,,0,
pgad,b1021,b1021,,0,0,,0,
pgac,b1022,b1022,,0,0,,0,
pgab,b1023,b1023,,0,0,,0,
pgaa,b1024,b1024,,0,0,,0,
dgct,b1025,b1025,,0,0,,0,
insef-4,,None,,0,0,,0,
insf-4,,b1026,,0,0,,0,
inse-4,,b1027,,0,0,,0,
ymde,,b1028,,0,0,,0,
ycdu,,b1029,,0,0,,0,
serx,b1032,b1032,,0,0,,0,
ghra,b1033,b1033,,1,0,,0,
ycdx,,b1034,,0,0,,0,
ycdy,,b1035,,0,0,,0,
ycdz,b1036,b1036,,0,0,,0,
csgg,b1037,b1037,,0,0,,0,
csgf,b1038,b1038,,0,0,,0,
csge,b1039,b1039,,0,0,,0,
csgd,b1040,b1040,,0,1,specific,28,pos
csgb,b1041,b1041,,0,0,,0,
csga,b1042,b1042,,0,0,,0,
csgc,b1043,b1043,,0,0,,0,
ymda,,b1044,,0,0,,0,
ymdb,,b1045,,0,0,,0,
clsc,,b1046,,0,0,,0,
opgc,b1047,b1047,0,0,0,,0,
opgg,b1048,b1048,0,0,0,,0,
opgh,b1049,b1049,0,0,0,,0,
ycek,,b1050,,0,0,,0,
msyb,b1051,b1051,1,0,0,,0,
b1052,,b1052,,0,0,,0,
mdtg,b1053,b1053,1,0,0,,0,
lpxl,b1054,b1054,0,1,0,,0,
trho,b1055,b1055,1,0,0,,0,
ycei,b1056,b1056,0,0,0,,0,
ycej,b1057,b1057,0,0,0,,0,
yceo,,b1058,,0,0,,0,
sola,,b1059,,0,0,,0,
bsss,b1060,b1060,0,0,0,,0,
dini,b1061,b1061,0,0,0,,0,
pyrc,b1062,b1062,0,1,0,,0,
yceb,b1063,b1063,0,0,0,,0,
grxb,b1064,b1064,0,1,0,,0,
mdth,,b1065,,0,0,,0,
rimj,b1066,b1066,0,0,0,,0,
yceh,b1067,b1067,0,0,0,,0,
ycem,b1068,b1068,0,0,0,,0,
murj,b1069,b1069,1,1,0,,0,
flgn,b1070,b1070,0,0,0,,0,
flgm,b1071,b1071,1,0,0,,0,
flga,b1072,b1072,0,0,0,,0,
flgb,b1073,b1073,0,0,0,,0,
flgc,b1074,b1074,0,0,0,,0,
flgd,b1075,b1075,0,0,0,,0,
flge,b1076,b1076,0,0,0,,0,
flgf,b1077,b1077,0,0,0,,0,
flgg,b1078,b1078,0,0,0,,0,
flgh,b1079,b1079,0,0,0,,0,
flgi,b1080,b1080,0,0,0,,0,
flgj,b1081,b1081,0,0,0,,0,
flgk,b1082,b1082,0,0,0,,0,
flgl,b1083,b1083,0,0,0,,0,
rne,b1084,b1084,0,0,0,,0,
yceq,,b1085,,0,0,,0,
rluc,b1086,b1086,0,0,0,,0,
ycef,,b1087,,0,0,,0,
srab,,b4418,,0,0,,0,
yced,b1088,b1088,1,0,0,,0,
rpmf,,b1089,,0,0,,0,
plsx,b1090,b1090,0,1,0,,0,
fabh,b1091,b1091,1,1,0,,0,
fabd,b1092,b1092,1,1,0,,0,
fabg,b1093,b1093,1,1,0,,0,
acpp,b1094,b1094,1,1,0,,0,
fabf,b1095,b1095,0,1,0,,0,
pabc,b1096,b1096,0,1,0,,0,
mltg,b1097,b1097,0,0,0,,0,
tmk,,b1098,,0,0,,0,
holb,,b1099,,0,0,,0,
ycfh,b1100,b1100,0,0,0,,0,
ptsg,b1101,b1101,0,1,0,,0,
fhue,b1102,b1102,0,1,0,,0,
hint,b1103,b1103,0,0,0,,0,
ycfl,b1104,b1104,0,0,0,,0,
lpob,,b1105,,0,0,,0,
thik,,b1106,,0,0,,0,
nagz,,b1107,,0,0,,0,
ycfp,,b1108,,0,0,,0,
ndh,b1109,b1109,0,1,0,,0,
ycfj,b1110,b1110,0,0,0,,0,
comr,b1111,b1111,1,0,1,minor,1,
bhsa,b1112,b1112,1,0,0,,0,
ldtc,b1113,b1113,0,0,0,,0,
mfd,b1114,b1114,0,0,0,,0,
ycft,,b1115,,0,0,,0,
lolc,b1116,b1116,1,0,0,,0,
lold,,b1117,,0,0,,0,
lole,,b1118,,0,0,,0,
nagk,b1119,b1119,,1,0,,0,
cobb,,b1120,,0,0,,0,
ycfz,b1121,b1121,0,0,0,,0,
ymfa,b1122,b1122,0,0,0,,0,
potd,,b1123,,0,0,,0,
potc,b1124,b1124,0,1,0,,0,
potb,b1125,b1125,0,1,0,,0,
pota,b1126,b1126,0,1,0,,0,
pept,b1127,b1127,0,0,0,,0,
roxa,,b1128,,0,0,,0,
phoq,b1129,b1129,0,0,0,,0,
phop,b1130,b1130,1,0,1,specific,56,neg
purb,b1131,b1131,1,1,0,,0,
hfld,b1132,b1132,0,0,0,,0,
mnma,b1133,b1133,1,0,0,,0,
nudj,,b1134,,0,0,,0,
rlue,b1135,b1135,0,0,0,,0,
icd,b1136,b1136,1,1,0,,0,
c0293,,None,,0,0,,0,
ymfd,,b1137,,0,0,,0,
ymfe,,b1138,,0,0,,0,
lit,,b1139,,0,0,,0,
inte,,b1140,,0,0,,0,
xise,,b1141,,0,0,,0,
ymfh,,b1142,,0,0,,0,
ymfi,,b1143,,0,0,,0,
ymfj,b1144,b1144,0,0,0,,0,
ymfk,,b1145,,0,0,,0,
ymft,,b1146,,0,0,,0,
ymfl,,b1147,,0,0,,0,
nc10,,,,0,0,,0,
ymfm,,b1148,,0,0,,0,
ymfn,,b1149,,0,0,,0,
owee,,b4692,,0,0,,0,
aaae,,b4693,,0,0,,0,
ymfr,,b1150,,0,0,,0,
beee,b1151,b1151,,0,0,,0,
jaye,,b1152,,0,0,,0,
ymfq,,b1153,,0,0,,0,
ycfk,,b1154,,0,0,,0,
tfap,,b1155,,0,0,,0,
tfae,,b1156,,0,0,,0,
stfe,,b1157,,0,0,,0,
pine,,b1158,,0,0,,0,
mcra,b1159,b1159,,0,0,,0,
icdc,,b4519,,0,0,,0,
iram,b1160,b1160,,0,0,,0,
ymgk,,b4738,,0,0,,0,
ymgl,,b4739,,0,0,,0,
ycgx,b1161,b1161,,0,0,,0,
blur,b1162,b1162,,0,1,minor,4,
bluf,b1163,b1163,,0,0,,0,
ycgz,b1164,b1164,,0,0,,0,
ymga,b1165,b1165,,0,0,,0,
arir,b1166,b1166,,0,0,,0,
ymgc,b1167,b1167,,0,0,,0,
pdeg,b1168,b1168,,0,0,,0,
ymgf,b4520,b4520,,0,0,,0,
ycgh,,b4491,,0,0,,0,
ymgd,,b1171,,0,0,,0,
ymgg,b1172,b1172,,0,0,,0,
ymgi,,b4593,,0,0,,0,
ymgj,,b4594,,0,0,,0,
ycgi,,b4521,,0,0,,0,
mine,,b1174,,0,0,,0,
mind,,b1175,,0,0,,0,
minc,,b1176,,0,0,,0,
ycgj,b1177,b1177,,0,0,,0,
plig,b1178,b1178,,0,0,,0,
ycgl,,b1179,,0,0,,0,
ycgm,,b1180,,0,0,,0,
ycgn,,b1181,,0,0,,0,
hlye,b1182,b1182,,0,0,,0,
c0299,,None,,0,0,,0,
umud,b1183,b1183,,0,0,,0,
umuc,b1184,b1184,,0,0,,0,
dsbb,b1185,b1185,0,1,0,,0,
nhab,,b1186,,0,0,,0,
fadr,b1187,b1187,0,0,1,specific,23,pos
ycgb,b1188,b1188,0,0,0,,0,
dada,b1189,b1189,0,1,0,,0,
dadx,b1190,b1190,0,1,0,,0,
ymgm,,b4740,,0,0,,0,
cvra,,b1191,,0,0,,0,
ldca,,b1192,,0,0,,0,
emta,b1193,b1193,0,1,0,,0,
ycgr,b1194,b1194,0,0,0,,0,
ymge,,b1195,,0,0,,0,
ycgy,b1196,b1196,0,0,0,,0,
trea,b1197,b1197,0,1,0,,0,
dham,b1198,b1198,0,1,0,,0,
dhal,b1199,b1199,0,1,0,,0,
dhak,b1200,b1200,0,1,0,,0,
dhar,b1201,b1201,0,0,1,minor,4,neg
ycgv,b1202,b1202,0,0,0,,0,
ychf,b1203,b1203,1,0,0,,0,
pth,b1204,b1204,1,0,0,,0,
ychh,b1205,b1205,0,0,0,,0,
daua,b1206,b1206,0,1,0,,0,
prs,b1207,b1207,1,1,0,,0,
ispe,b1208,b1208,1,1,0,,0,
lolb,b1209,b1209,1,0,0,,0,
hema,b1210,b1210,1,1,0,,0,
prfa,b1211,b1211,1,0,0,,0,
prmc,b1212,b1212,1,0,0,,0,
ychq,b1213,b1213,0,0,0,,0,
ycha,b1214,b1214,0,0,0,,0,
kdsa,b1215,b1215,1,1,0,,0,
ldra,b4419,b4419,0,0,0,,0,
rdla,,b4420,,0,0,,0,
ldrb,b4421,b4421,0,0,0,,0,
rdlb,,b4422,,0,0,,0,
ldrc,b4423,b4423,0,0,0,,0,
rdlc,,b4424,,0,0,,0,
chaa,b1216,b1216,0,1,0,,0,
chab,b1217,b1217,0,0,0,,0,
chac,b1218,b1218,,0,0,,0,
ychn,b1219,b1219,,0,0,,0,
ycho,b1220,b1220,,0,0,,0,
narl,b1221,b1221,,0,1,global,124,
narx,b1222,b1222,,0,0,,0,
nc3,,,,0,0,,0,
nark,b1223,b1223,0,1,0,,0,
narg,b1224,b1224,0,1,0,,0,
narh,b1225,b1225,0,1,0,,0,
narj,b1226,b1226,0,1,0,,0,
nari,b1227,b1227,0,1,0,,0,
ychs,,b1228,,0,0,,0,
rttr,,b4425,,0,0,,0,
tpr,b1229,b1229,0,0,0,,0,
tyrv,b1230,b1230,,0,0,,0,
tyrt,b1231,b1231,,0,0,,0,
puru,,b1232,,0,0,,0,
ychj,b1233,b1233,0,0,0,,0,
rssa,b1234,b1234,0,0,0,,0,
rssb,b1235,b1235,0,0,0,,0,
galu,,b1236,,0,0,,0,
hns,b1237,b1237,1,0,0,,0,
tdk,,b1238,,0,0,,0,
insz,,b4573,,0,0,,0,
adhe,b1241,b1241,0,1,0,,0,
ycht,,,,0,0,,0,
yche,b1242,b1242,0,0,0,,0,
oppa5',,,,0,0,,0,
insh21,,b4711,,0,0,,0,
oppa,b1243,b1243,0,1,0,,0,
oppb,b1244,b1244,0,1,0,,0,
oppc,b1245,b1245,0,1,0,,0,
oppd,b1246,b1246,0,1,0,,0,
oppf,b1247,b1247,,1,0,,0,
yciu,b1248,b1248,,0,0,,0,
clsa,,b1249,,0,0,,0,
yciy,,b4595,,0,0,,0,
kch,b1250,b1250,,1,0,,0,
ycii,b1251,b1251,,0,0,,0,
tonb,b1252,b1252,0,1,0,,0,
ycia,b1253,b1253,0,0,0,,0,
ycib,b1254,b1254,0,0,0,,0,
ycic,b1255,b1255,1,0,0,,0,
ompw,b1256,b1256,0,0,0,,0,
ycie,b1257,b1257,0,0,0,,0,
ycif,b1258,b1258,0,0,0,,0,
ycig,b1259,b1259,0,0,0,,0,
trpa,b1260,b1260,0,1,0,,0,
trpb,b1261,b1261,0,1,0,,0,
trpc,b1262,b1262,0,1,0,,0,
trpd,b1263,b1263,0,1,0,,0,
trpe,b1264,b1264,0,1,0,,0,
trpl,b1265,b1265,0,0,0,,0,
yciv,,b1266,,0,0,,0,
ycio,,b1267,,0,0,,0,
yciq,,b1268,,0,0,,0,
rlub,b1269,b1269,0,0,0,,0,
btur,,b1270,,0,0,,0,
ycik,,b1271,,0,0,,0,
sohb,b1272,b1272,,0,0,,0,
ycin,b1273,b1273,,0,0,,0,
topa,b1274,b1274,0,0,0,,0,
cysb,b1275,b1275,0,0,1,specific,31,neg
ymia,b4522,b4522,0,0,0,,0,
ycix,b4523,b4523,1,0,0,,0,
ymic,b4741,b4741,1,0,0,,0,
acna,b1276,b1276,0,1,0,,0,
riba,b1277,b1277,1,1,0,,0,
pgpb,b1278,b1278,0,1,0,,0,
lapa,b1279,b1279,0,0,0,,0,
lapb,b1280,b1280,1,0,0,,0,
pyrf,b1281,b1281,0,1,0,,0,
ycih,b1282,b1282,0,0,0,,0,
osmb,b1283,b1283,0,0,0,,0,
ycit,b1284,b1284,0,0,0,,0,
yciz,b4596,b4596,0,0,0,,0,
ymid,,,,0,0,,0,
pder,b1285,b1285,0,0,0,,0,
ymib,,b4672,,0,0,,0,
rnb,b1286,b1286,0,0,0,,0,
yciw,b1287,b1287,0,0,0,,0,
fabi,b1288,b1288,0,1,0,,0,
nc7,,,,0,0,,0,
ycjd,,b1289,,0,0,,0,
sapf,,b1290,,0,0,,0,
sapd,,b1291,,0,0,,0,
sapc,,b1292,,0,0,,0,
sapb,,b1293,,0,0,,0,
sapa,,b1294,,0,0,,0,
ymja,b1295,b1295,0,0,0,,0,
puup,b1296,b1296,0,1,0,,0,
ymje,b4742,b4742,0,0,0,,0,
puua,b1297,b1297,,1,0,,0,
puud,b1298,b1298,,1,0,,0,
puur,b1299,b1299,,0,1,minor,8,neg
puuc,b1300,b1300,,1,0,,0,
puub,b1301,b1301,,1,0,,0,
puue,b1302,b1302,,1,0,,0,
pspf,b1303,b1303,,0,1,minor,7,neg
pspa,b1304,b1304,,0,0,,0,
pspb,b1305,b1305,,0,0,,0,
pspc,b1306,b1306,,0,0,,0,
pspd,b1307,b1307,,0,0,,0,
pspe,b1308,b1308,,1,0,,0,
ycjm,b1309,b1309,,0,0,,0,
ycjn,b1310,b1310,,0,0,,0,
ycjo,b1311,b1311,,0,0,,0,
ycjp,b1312,b1312,,0,0,,0,
ycjq,b1313,b1313,,0,0,,0,
ycjr,b1314,b1314,,0,0,,0,
ycjs,b1315,b1315,,0,0,,0,
ycjt,b1316,b1316,,0,0,,0,
ycju,b1317,b1317,,0,0,,0,
ycjv,b1318,b1318,,0,0,,0,
ymjb,b4524,b4524,,0,0,,0,
ompg,b1319,b1319,,1,0,,0,
ycjw,,b1320,,0,0,,0,
ycjx,b1321,b1321,,0,0,,0,
ycjf,b1322,b1322,,0,0,,0,
tyrr,b1323,b1323,,0,1,specific,12,neg
tpx,b1324,b1324,,0,0,,0,
ycjg,b1325,b1325,,1,0,,0,
mpaa,b1326,b1326,,1,0,,0,
ymjc,b4525,b4525,,0,0,,0,
ymjd,b4673,b4673,,0,0,,0,
ycjy,b1327,b1327,,0,0,,0,
pgrr,,b1328,,0,1,minor,8,
mppa,b1329,b1329,,1,0,,0,
ynai,,b1330,,0,0,,0,
insh-4,,b1331,,0,0,,0,
ynaj,b1332,b1332,0,0,0,,0,
uspe,b1333,b1333,0,0,0,,0,
fnr,b1334,b1334,1,0,1,global,302,neg
ogt,b1335,b1335,0,0,0,,0,
abgt,,b1336,,0,0,,0,
abgb,,b1337,,0,0,,0,
abga,b1338,b1338,0,0,0,,0,
abgr,b1339,b1339,1,0,0,,0,
mcas,b4426,b4426,,0,0,,0,
smra,,b1340,,0,0,,0,
dgcm,b1341,b1341,0,0,0,,0,
ynan,,,,0,0,,0,
zntb,,b1342,,0,0,,0,
fnrs,b4699,b4699,,0,0,,0,
ynal,,b4743,,0,0,,0,
dbpa,b1343,b1343,0,0,0,,0,
ttca,b1344,b1344,1,0,0,,0,
intr,,b1345,,0,0,,0,
xisr,,b1346,,0,0,,0,
rcba,,b1347,,0,0,,0,
rala,,b4714,,0,0,,0,
ralr,b1348,b1348,0,0,0,,0,
rect,b1349,b1349,0,0,0,,0,
rece,,b1350,,0,0,,0,
racc,,b1351,,0,0,,0,
ydae,,b4526,,0,0,,0,
kilr,,b1352,,0,0,,0,
sieb,,b1353,,0,0,,0,
ydaf,,b4527,,0,0,,0,
ydag,,b1355,,0,0,,0,
racr,,b1356,,0,0,,0,
ydas,b1357,b1357,,0,0,,0,
ydat,b1358,b1358,,0,0,,0,
ydau,b1359,b1359,,0,0,,0,
ydav,b1360,b1360,,0,0,,0,
ydaw,b1361,b1361,,0,0,,0,
rzpr,b1362,b1362,,0,0,,0,
rzor,,b4528,,0,0,,0,
trkg,b1363,b1363,,1,0,,0,
b1364,,b1364,,0,0,,0,
ynak,b1365,b1365,,0,0,,0,
yday,,b1366,,0,0,,0,
ynaa,,b1368,,0,0,,0,
insh-5,,b1370,,0,0,,0,
stfr,b1372,b1372,,0,0,,0,
tfar,b1373,b1373,,0,0,,0,
pinr,b1374,b1374,,0,0,,0,
ynae,b1375,b1375,,0,0,,0,
ynam,,b4744,,0,0,,0,
ttcc,,b4638,,0,0,,0,
uspf,b1376,b1376,,0,0,,0,
ompn,b1377,b1377,0,1,0,,0,
micc,b4427,b4427,,0,0,,0,
ydbk,b1378,b1378,0,1,0,,0,
ydbj,,b4529,,0,0,,0,
hslj,b1379,b1379,0,0,0,,0,
ldha,b1380,b1380,0,1,0,,0,
ydbh,b1381,b1381,0,0,0,,0,
ynbe,,b1382,,0,0,,0,
ydbl,,b1383,,0,0,,0,
fear,b1384,b1384,1,0,1,minor,2,
feab,b1385,b1385,0,1,0,,0,
tyna,b1386,b1386,,1,0,,0,
paaz,b1387,b1387,,1,0,,0,
paaa,b1388,b1388,,1,0,,0,
paab,b1389,b1389,,1,0,,0,
paac,b1390,b1390,,1,0,,0,
paad,b1391,b1391,,1,0,,0,
paae,b1392,b1392,,1,0,,0,
paaf,b1393,b1393,,1,0,,0,
paag,b1394,b1394,,1,0,,0,
paah,b1395,b1395,,1,0,,0,
paai,b1396,b1396,,0,0,,0,
paaj,b1397,b1397,,1,0,,0,
paak,b1398,b1398,,1,0,,0,
paax,b1399,b1399,,0,1,specific,14,neg
paay,b1400,b1400,,0,0,,0,
ynbg,,b4674,,0,0,,0,
inscd-2,,None,,0,0,,0,
insd-2,,b1402,,0,0,,0,
insc-2,,b1403,,0,0,,0,
insi-2,,b1404,,0,0,,0,
pdxi,,b1406,,0,0,,0,
ydbd,b1407,b1407,,0,0,,0,
ynba,b1408,b1408,,0,0,,0,
ynbb,b1409,b1409,,0,0,,0,
ynbc,b1410,b1410,,0,0,,0,
ynbd,b1411,b1411,,0,0,,0,
azor,b1412,b1412,,0,0,,0,
hrpa,,b1413,,0,0,,0,
ydcf,,b1414,,0,0,,0,
alda,b1415,b1415,,1,0,,0,
gapc,b4493,b4493,,0,0,,0,
cybb,b1418,b1418,,0,0,,0,
rydc,b4597,b4597,,0,0,,0,
ydca,,b1419,,0,0,,0,
yncp,,,,0,0,,0,
hokb,,b4428,,0,0,,0,
mokb,b1420,b1420,,0,0,,0,
sokb,b4429,b4429,,0,0,,0,
trg,b1421,b1421,,0,0,,0,
ydci,b1422,b1422,,0,0,,0,
ydcj,,b1423,,0,0,,0,
opgd,,b1424,,0,0,,0,
ydch,,b1426,,0,0,,0,
riml,b1427,b1427,,0,0,,0,
ydck,b1428,b1428,,0,0,,0,
teha,b1429,b1429,,0,0,,0,
tehb,b1430,b1430,,0,0,,0,
ydcl,b1431,b1431,,0,0,,0,
ynck,,b4578,,0,0,,0,
insq,,b1432,,0,0,,0,
ydco,b1433,b1433,,0,0,,0,
sutr,b1434,b1434,,0,1,minor,5,neg
rlha,,b1435,,0,0,,0,
yncj,,b1436,,0,0,,0,
hica,b4532,b4532,,0,0,,0,
hicb,b1438,b1438,,0,1,minor,2,neg
ydcr,b1439,b1439,,0,0,,0,
ydcs,b1440,b1440,,1,0,,0,
ydct,b1441,b1441,,1,0,,0,
ydcu,b1442,b1442,,1,0,,0,
ydcv,b1443,b1443,,1,0,,0,
patd,b1444,b1444,0,1,0,,0,
yncl,,b4598,,0,0,,0,
ortt,b1445,b1445,0,0,0,,0,
ydcy,b1446,b1446,0,0,0,,0,
ydcz,b1447,b1447,0,0,0,,0,
mnat,b1448,b1448,1,0,0,,0,
cura,b1449,b1449,0,0,0,,0,
mcbr,b1450,b1450,1,0,1,minor,6,
yncd,b1451,b1451,0,0,0,,0,
ynce,b1452,b1452,0,0,0,,0,
ansp,b1453,b1453,0,1,0,,0,
yncg,,b1454,,0,0,,0,
ynch,b1455,b1455,0,0,0,,0,
rhse,b1456,b1456,,0,0,,0,
ydcd,,b1457,,0,0,,0,
ynco,,b4745,,0,0,,0,
ynci,,b1459,,0,0,,0,
ydcc,b1460,b1460,1,0,0,,0,
ppta,,b1461,,0,0,,0,
yddh,b1462,b1462,0,0,0,,0,
nhoa,b1463,b1463,0,1,0,,0,
ydde,,b1464,,0,0,,0,
narv,b1465,b1465,0,1,0,,0,
narw,b1466,b1466,0,1,0,,0,
nary,b1467,b1467,0,1,0,,0,
narz,b1468,b1468,0,1,0,,0,
naru,b1469,b1469,0,1,0,,0,
yddj,b1470,b1470,,0,0,,0,
yddk,,b1471,,0,0,,0,
yddl,b1472,b1472,,0,0,,0,
yddg,b1473,b1473,,1,0,,0,
fdng,b1474,b1474,,1,0,,0,
fdnh,b1475,b1475,0,1,0,,0,
fdni,b1476,b1476,0,1,0,,0,
c0362,,None,,0,0,,0,
yddm,b1477,b1477,0,0,0,,0,
adhp,b1478,b1478,0,1,0,,0,
maea,b1479,b1479,1,1,0,,0,
sra,b1480,b1480,0,0,0,,0,
bdm,b1481,b1481,0,0,0,,0,
osmc,b1482,b1482,0,0,0,,0,
ddpf,b1483,b1483,0,1,0,,0,
ddpd,b1484,b1484,0,1,0,,0,
ddpc,b1485,b1485,0,1,0,,0,
ddpb,b1486,b1486,0,1,0,,0,
ddpa,b1487,b1487,0,1,0,,0,
ddpx,b1488,b1488,0,1,0,,0,
dosp,,b1489,,0,0,,0,
dosc,,b1490,,0,0,,0,
yddy,,b4746,,0,0,,0,
yddw,,b1491,,0,0,,0,
gadc,b1492,b1492,0,1,0,,0,
gadb,b1493,b1493,0,1,0,,0,
pqql,b1494,b1494,0,0,0,,0,
yddb,,b1495,,0,0,,0,
ydda,,b1496,,0,0,,0,
ynep,,b4747,,0,0,,0,
ydem,b1497,b1497,0,0,0,,0,
yden,b1498,b1498,0,0,0,,0,
ydeo,b1499,b1499,0,0,1,specific,21,neg
safa,b1500,b1500,1,0,0,,0,
ydep,b1501,b1501,1,0,0,,0,
ydeq,b1502,b1502,,0,0,,0,
yder,,b1503,,0,0,,0,
ydes,,b1504,,0,0,,0,
ydet,,b1505,,0,0,,0,
ynel,,b1506,,0,0,,0,
hipa,b1507,b1507,,0,0,,0,
hipb,b1508,b1508,,0,1,minor,6,neg
yneo,,b4696,,0,0,,0,
lsrk,b1511,b1511,,0,0,,0,
lsrr,b1512,b1512,,0,1,minor,9,neg
lsra,b1513,b1513,,0,0,,0,
lsrc,b1514,b1514,,0,0,,0,
lsrd,b1515,b1515,,0,0,,0,
lsrb,b1516,b1516,,0,0,,0,
lsrf,b1517,b1517,,0,0,,0,
lsrg,b1518,b1518,,0,0,,0,
tam,b1519,b1519,,1,0,,0,
ynee,,b1520,,0,0,,0,
uxab,b1521,b1521,,1,0,,0,
dgcf,b1522,b1522,,0,0,,0,
yneg,,b1523,,0,0,,0,
glsb,b1524,b1524,,1,0,,0,
sad,b1525,b1525,,1,0,,0,
ynej,,b1526,,0,0,,0,
ynek,b1527,b1527,,0,0,,0,
ydea,b1528,b1528,,1,0,,0,
marc,,b1529,,0,0,,0,
marr,b1530,b1530,,0,1,minor,3,neg
mara,b1531,b1531,,0,1,specific,48,pos
marb,b1532,b1532,,0,0,,0,
eama,b1533,b1533,,1,0,,0,
ydee,b1534,b1534,,0,0,,0,
mgts,b4599,b4599,,0,0,,0,
mgtt,,,,0,0,,0,
mgrr,b4698,b4698,,0,0,,0,
dgcz,b1535,b1535,,0,0,,0,
ydei,b1536,b1536,,0,0,,0,
ydej,b1537,b1537,,0,0,,0,
dcp,b1538,b1538,,0,0,,0,
ydfg,b1539,b1539,,1,0,,0,
ydfh,b1540,b1540,,0,0,,0,
ydfz,b1541,b1541,,0,0,,0,
ydfi,b1542,b1542,,0,0,,0,
ydfj,b1543,b1543,,0,0,,0,
ynft,,b4748,,0,0,,0,
ydfk,b1544,b1544,,0,0,,0,
pinq,b1545,b1545,,0,0,,0,
tfaq,b1546,b1546,,0,0,,0,
stfq,b1547,b1547,,0,0,,0,
noha,b1548,b1548,,0,0,,0,
ynfo,,b4533,,0,0,,0,
ydfo,b1549,b1549,,0,0,,0,
gnsb,,b1550,,0,0,,0,
ynfn,,b1551,,0,0,,0,
ynfr,,b4749,,0,0,,0,
ynfq,,b4724,,0,0,,0,
cspi,b1552,b1552,,0,0,,0,
rzpq,,b1553,,0,0,,0,
rzoq,,b4689,,0,0,,0,
rrrq,,b1554,,0,0,,0,
ydfr,b1555,b1555,,0,0,,0,
essq,,b1556,,0,0,,0,
ynfu,,,,0,0,,0,
cspb,b1557,b1557,,0,0,,0,
cspf,b1558,b1558,,0,0,,0,
ynfs,,b4750,,0,0,,0,
ydft,b1559,b1559,,0,0,,0,
ydfu,b1560,b1560,,0,0,,0,
rem,,b1561,,0,0,,0,
hokd,b1562,b1562,,0,0,,0,
rele,b1563,b1563,,0,0,,0,
relb,b1564,b1564,,0,1,minor,3,neg
ydfv,b1565,b1565,,0,0,,0,
flxa,b1566,b1566,,0,0,,0,
ydfw,b1567,b1567,,0,0,,0,
ydfx,b1568,b1568,,0,0,,0,
dicc,b1569,b1569,,0,0,,0,
dica,b1570,b1570,,0,1,minor,8,
ydfa,b1571,b1571,,0,0,,0,
ydfb,b1572,b1572,,0,0,,0,
ydfc,b1573,b1573,,0,0,,0,
dicf,,b1574,,0,0,,0,
dicb,b1575,b1575,,0,0,,0,
ydfd,b1576,b1576,,0,0,,0,
ydfe,b1577,b1577,,0,0,,0,
insd-7,b1578,b1578,,0,0,,0,
intq,b1579,b1579,,0,0,,0,
ynfp,,b4534,,0,0,,0,
rspb,b1580,b1580,,0,0,,0,
rspa,b1581,b1581,,0,0,,0,
ynfa,b1582,b1582,,0,0,,0,
ynfb,b1583,b1583,,0,0,,0,
speg,b1584,b1584,,1,0,,0,
ynfc,,b1585,,0,0,,0,
ynfd,b1586,b1586,,0,0,,0,
ynfe,b1587,b1587,,1,0,,0,
ynff,b1588,b1588,,1,0,,0,
ynfg,b1589,b1589,,1,0,,0,
ynfh,b1590,b1590,,1,0,,0,
dmsd,b1591,b1591,,0,0,,0,
clcb,b1592,b1592,,1,0,,0,
ynfk,b1593,b1593,,0,0,,0,
mlc,b1594,b1594,0,0,1,minor,10,neg
ynfl,b1595,b1595,0,0,0,,0,
ynfm,b1596,b1596,0,0,0,,0,
asr,b1597,b1597,0,0,0,,0,
ydgu,,b4601,,0,0,,0,
ydgd,,b1598,,0,0,,0,
mdti,b1599,b1599,0,1,0,,0,
mdtj,b1600,b1600,1,1,0,,0,
ydgv,,,,0,0,,0,
tqsa,,b1601,,0,0,,0,
pntb,b1602,b1602,0,1,0,,0,
pnta,b1603,b1603,0,1,0,,0,
ydgh,b1604,b1604,0,0,0,,0,
ydgi,b1605,b1605,0,1,0,,0,
folm,,b1606,,0,0,,0,
ydgc,b1607,b1607,0,0,0,,0,
rsta,b1608,b1608,1,0,1,minor,10,
rstb,b1609,b1609,0,0,0,,0,
tus,,b1610,,0,0,,0,
fumc,b1611,b1611,0,1,0,,0,
fuma,b1612,b1612,0,1,0,,0,
mana,b1613,b1613,0,1,0,,0,
ydga,,b1614,,0,0,,0,
uidc,b1615,b1615,0,0,0,,0,
uidb,b1616,b1616,1,0,0,,0,
uida,b1617,b1617,1,0,0,,0,
uidr,b1618,b1618,,0,1,minor,4,neg
hdha,b1619,b1619,,0,0,,0,
mali,b1620,b1620,0,0,1,minor,3,neg
malx,b1621,b1621,0,1,0,,0,
maly,b1622,b1622,0,1,0,,0,
add,b1623,b1623,0,1,0,,0,
ydgj,,b1624,,0,0,,0,
blr,b4409,b4409,0,0,0,,0,
cnu,,b1625,,0,0,,0,
ydgk,b1626,b1626,0,0,0,,0,
rsxa,b1627,b1627,,0,0,,0,
rsxb,b1628,b1628,0,0,0,,0,
rsxc,b1629,b1629,0,0,0,,0,
rsxd,b1630,b1630,0,0,0,,0,
rsxg,b1631,b1631,1,0,0,,0,
rsxe,b1632,b1632,0,0,0,,0,
nth,b1633,b1633,0,0,0,,0,
dtpa,b1634,b1634,0,1,0,,0,
gsta,b1635,b1635,0,0,0,,0,
pdxy,,b1636,,0,0,,0,
tyrs,,b1637,,0,0,,0,
pdxh,b1638,b1638,1,1,0,,0,
mlic,,b1639,,0,0,,0,
anmk,,b1640,,0,0,,0,
slyb,b1641,b1641,0,0,0,,0,
slya,b1642,b1642,0,0,1,specific,37,
ydhi,b1643,b1643,0,0,0,,0,
ydhj,b1644,b1644,,0,0,,0,
ydhk,b1645,b1645,,0,0,,0,
sodc,b1646,b1646,0,1,0,,0,
ydhf,,b1647,,0,0,,0,
ydhl,,b1648,,0,0,,0,
nemr,b1649,b1649,1,0,1,minor,3,neg
nema,b1650,b1650,0,0,0,,0,
gloa,b1651,b1651,0,1,0,,0,
rnt,b1652,b1652,1,0,0,,0,
lhr,b1653,b1653,0,0,0,,0,
grxd,b1654,b1654,1,1,0,,0,
meph,b1655,b1655,1,0,0,,0,
sodb,b1656,b1656,0,1,0,,0,
ydhp,,b1657,,0,0,,0,
ynhf,,b4602,,0,0,,0,
purr,b1658,b1658,0,0,1,specific,32,neg
ydhb,b1659,b1659,0,0,0,,0,
ydhc,,b1660,,0,0,,0,
cfa,b1661,b1661,0,1,0,,0,
ribc,,b1662,,0,0,,0,
mdtk,,b1663,,0,0,,0,
ydhq,b1664,b1664,0,0,0,,0,
valv,b1665,b1665,,0,0,,0,
valw,b1666,b1666,,0,0,,0,
ydhr,b1667,b1667,0,0,0,,0,
ydhs,b1668,b1668,0,0,0,,0,
ydht,b1669,b1669,0,0,0,,0,
ydhu,b1670,b1670,0,0,0,,0,
ydhx,b1671,b1671,0,0,0,,0,
ydhw,b1672,b1672,0,0,0,,0,
ydhv,b1673,b1673,1,0,0,,0,
ydhy,b1674,b1674,0,0,0,,0,
fumd,b1675,b1675,0,0,0,,0,
pykf,b1676,b1676,1,1,0,,0,
lpp,b1677,b1677,0,1,0,,0,
ldte,b1678,b1678,0,0,0,,0,
sufe,b1679,b1679,0,1,0,,0,
sufs,b1680,b1680,,1,0,,0,
sufd,b1681,b1681,,1,0,,0,
sufc,b1682,b1682,,1,0,,0,
sufb,b1683,b1683,,1,0,,0,
sufa,b1684,b1684,,1,0,,0,
rydb,,b4430,,0,0,,0,
ydih,,b1685,,0,0,,0,
meni,,b1686,,0,0,,0,
ydij,b1687,b1687,,0,0,,0,
ydik,,b1688,,0,0,,0,
rpra,b4431,b4431,,0,0,,0,
ydil,b1689,b1689,,0,0,,0,
ydim,b1690,b1690,,0,0,,0,
ydin,,b1691,,0,0,,0,
ydib,b1692,b1692,0,1,0,,0,
arod,b1693,b1693,0,1,0,,0,
ydif,,b1694,,0,0,,0,
ydio,b1695,b1695,0,0,0,,0,
ydip,b1696,b1696,0,0,0,,0,
ydiq,,b1697,,0,0,,0,
ydir,,b1698,,0,0,,0,
ydis,,b1699,,0,0,,0,
ydit,,b1700,,0,0,,0,
fadk,b1701,b1701,1,1,0,,0,
ppsa,b1702,b1702,0,1,0,,0,
ppsr,b1703,b1703,0,0,0,,0,
aroh,b1704,b1704,0,1,0,,0,
ydie,,b1705,,0,0,,0,
ydiu,b1706,b1706,0,0,0,,0,
ydiv,b1707,b1707,0,0,0,,0,
nlpc,b1708,b1708,0,0,0,,0,
btud,b1709,b1709,0,1,0,,0,
btue,b1710,b1710,0,1,0,,0,
btuc,,b1711,,0,0,,0,
ihfa,b1712,b1712,0,0,0,,0,
phet,b1713,b1713,1,1,0,,0,
phes,b1714,b1714,1,1,0,,0,
phem,b1715,b1715,,0,0,,0,
rplt,b1716,b1716,1,0,0,,0,
rpmi,b1717,b1717,1,0,0,,0,
infc,b1718,b1718,1,0,0,,0,
thrs,b1719,b1719,1,1,0,,0,
arpb,,b4494,,0,0,,0,
ynid,,b4535,,0,0,,0,
ydiy,b1722,b1722,0,0,0,,0,
pfkb,b1723,b1723,0,1,0,,0,
ydiz,b1724,b1724,0,0,0,,0,
ynia,b1725,b1725,0,0,0,,0,
ynib,b1726,b1726,,0,0,,0,
hxpb,b1727,b1727,,0,0,,0,
ydjm,b1728,b1728,,0,0,,0,
tcyp,b1729,b1729,,0,0,,0,
ydjo,,b1730,,0,0,,0,
ceda,b1731,b1731,0,0,0,,0,
kate,b1732,b1732,0,1,0,,0,
chbg,b1733,b1733,0,0,0,,0,
chbf,b1734,b1734,0,1,0,,0,
chbr,b1735,b1735,0,0,1,minor,6,neg
chba,b1736,b1736,1,0,0,,0,
chbc,b1737,b1737,0,0,0,,0,
chbb,b1738,b1738,0,0,0,,0,
osme,b1739,b1739,0,0,0,,0,
nade,b1740,b1740,1,1,0,,0,
spy3',,,,0,0,,0,
cho,b1741,b1741,0,0,0,,0,
ves,b1742,b1742,0,0,0,,0,
spy,b1743,b1743,0,0,0,,0,
aste,b1744,b1744,0,1,0,,0,
astb,b1745,b1745,0,1,0,,0,
astd,b1746,b1746,0,1,0,,0,
asta,b1747,b1747,0,1,0,,0,
astc,b1748,b1748,0,1,0,,0,
xtha,b1749,b1749,0,0,0,,0,
ydjx,,b1750,,0,0,,0,
ydjy,,b1751,,0,0,,0,
ydjz,,b1752,,0,0,,0,
ynja,,b1753,,0,0,,0,
ynjb,b1754,b1754,0,0,0,,0,
ynjc,,b1755,,0,0,,0,
ynjd,,b1756,,0,0,,0,
ynje,b1757,b1757,0,0,0,,0,
ynjf,b1758,b1758,1,0,0,,0,
nudg,b1759,b1759,0,1,0,,0,
ynjh,b1760,b1760,0,0,0,,0,
gdha,b1761,b1761,1,1,0,,0,
ynji,b1762,b1762,0,0,0,,0,
topb,,b1763,,0,0,,0,
seld,,b1764,,0,0,,0,
ydja,,b1765,,0,0,,0,
sppa,,b1766,,0,0,,0,
ansa,b1767,b1767,,1,0,,0,
pnca,,b1768,,0,0,,0,
ydje,b1769,b1769,,0,0,,0,
ydjf,b1770,b1770,,0,0,,0,
ydjg,,b1771,,0,0,,0,
ydjh,,b1772,,0,0,,0,
ydji,,b1773,,0,0,,0,
ydjj,,b1774,,0,0,,0,
ydjk,,b1775,,0,0,,0,
ydjl,,b1776,,0,0,,0,
yeac,b1777,b1777,,0,0,,0,
msrb,b1778,b1778,,1,0,,0,
gapa,b1779,b1779,,1,0,,0,
yead,b1780,b1780,,0,0,,0,
yeae,b1781,b1781,,1,0,,0,
mipa,b1782,b1782,,0,0,,0,
yeag,b1783,b1783,,0,0,,0,
yeah,b1784,b1784,,0,0,,0,
cdgi,b1785,b1785,,0,0,,0,
dgcj,b1786,b1786,,0,0,,0,
yeak,,b1787,,0,0,,0,
yoai,,b1788,,0,0,,0,
yeal,,b1789,,0,0,,0,
nimr,b1790,b1790,,0,1,minor,2,neg
nimt,b1791,b1791,,0,0,,0,
yeao,b1792,b1792,,0,0,,0,
yoaf,,b1793,,0,0,,0,
dgcp,,b1794,,0,0,,0,
yoak,,b4676,,0,0,,0,
yoaj,,b4675,,0,0,,0,
yeaq,b1795,b1795,,0,0,,0,
yoag,b1796,b1796,,0,0,,0,
year,b1797,b1797,,0,0,,0,
leue,b1798,b1798,,0,0,,0,
dmlr,,b1799,,0,0,,0,
dmla,b1800,b1800,,1,0,,0,
yeav,,b1801,,0,0,,0,
yeaw,,b1802,,0,0,,0,
yeax,,b1803,,0,0,,0,
rnd,b1804,b1804,,0,0,,0,
srod,,None,,0,0,,0,
fadd,b1805,b1805,,1,0,,0,
yeay,b1806,b1806,,0,0,,0,
tsab,b1807,b1807,,0,0,,0,
yoaa,,b1808,,0,0,,0,
yoab,,b1809,,0,0,,0,
yoac,b1810,b1810,,0,0,,0,
yoah,b1811,b1811,,0,0,,0,
pabb,b1812,b1812,,1,0,,0,
nudl,,b1813,,0,0,,0,
sdaa,b1814,b1814,,1,0,,0,
pded,,b1815,,0,0,,0,
yoae,b1816,b1816,0,0,0,,0,
yoal,,b4751,,0,0,,0,
manx,b1817,b1817,0,1,0,,0,
many,b1818,b1818,0,1,0,,0,
manz,b1819,b1819,1,1,0,,0,
yobd,b1820,b1820,0,0,0,,0,
mntp,b1821,b1821,1,0,0,,0,
rlma,b1822,b1822,0,0,0,,0,
cspc,b1823,b1823,0,0,0,,0,
yobf,b1824,b1824,0,0,0,,0,
yebo,b1825,b1825,0,0,0,,0,
mgrb,b1826,b1826,1,0,0,,0,
yobh,,b4536,,0,0,,0,
kdgr,b1827,b1827,0,0,1,minor,2,
yebq,b1828,b1828,0,0,0,,0,
htpx,b1829,b1829,0,0,0,,0,
prc,,b1830,,0,0,,0,
proq,,b1831,,0,0,,0,
msrc,,b1832,,0,0,,0,
yebs,b1833,b1833,0,0,0,,0,
yebt,,b1834,,0,0,,0,
rsmf,b1835,b1835,1,0,0,,0,
yebv,b1836,b1836,1,0,0,,0,
yebw,,b1837,,0,0,,0,
ppha,b1838,b1838,0,0,0,,0,
ryea,b4432,b4432,,0,0,,0,
sdsr,b4433,b4433,,0,0,,0,
yeby,b1839,b1839,1,0,0,,0,
yebz,b1840,b1840,0,0,0,,0,
yoba,b1841,b1841,0,0,0,,0,
hole,b1842,b1842,0,0,0,,0,
yobb,b1843,b1843,0,0,0,,0,
exox,b1844,b1844,0,0,0,,0,
ptrb,,b1845,,0,0,,0,
yebe,b1846,b1846,0,0,0,,0,
yebf,b1847,b1847,,0,0,,0,
yebg,b1848,b1848,0,0,0,,0,
purt,b1849,b1849,0,1,0,,0,
eda,b1850,b1850,0,1,0,,0,
edd,b1851,b1851,0,1,0,,0,
zwf,b1852,b1852,1,1,0,,0,
yebk,b1853,b1853,0,0,0,,0,
pyka,b1854,b1854,0,1,0,,0,
lpxm,,b1855,,0,0,,0,
mepm,,b1856,,0,0,,0,
znua,b1857,b1857,0,1,0,,0,
znuc,b1858,b1858,,1,0,,0,
znub,b1859,b1859,,1,0,,0,
ruvb,b1860,b1860,0,0,0,,0,
ruva,b1861,b1861,0,0,0,,0,
yobi,,b4677,,0,0,,0,
yebb,b1862,b1862,0,0,0,,0,
ruvc,b1863,b1863,0,0,0,,0,
yebc,b1864,b1864,0,0,0,,0,
nudb,b1865,b1865,0,1,0,,0,
asps,b1866,b1866,1,1,0,,0,
yecd,b1867,b1867,0,0,0,,0,
yece,b1868,b1868,0,0,0,,0,
yecn,,b1869,,0,0,,0,
cmoa,b1870,b1870,1,0,0,,0,
cmob,b1871,b1871,,0,0,,0,
torz,b1872,b1872,,1,0,,0,
tory,,b1873,,0,0,,0,
micl,b4717,b4717,,0,0,,0,
cutc,,b1874,,0,0,,0,
yecm,,b1875,,0,0,,0,
args,b1876,b1876,1,1,0,,0,
yecv,,,,0,0,,0,
yect,b1877,b1877,,0,0,,0,
flhe,b1878,b1878,0,0,0,,0,
flha,b1879,b1879,0,0,0,,0,
flhb,b1880,b1880,0,0,0,,0,
chez,b1881,b1881,0,0,0,,0,
chey,b1882,b1882,0,0,0,,0,
cheb,b1883,b1883,,0,0,,0,
cher,b1884,b1884,0,0,0,,0,
tap,b1885,b1885,0,0,0,,0,
tar,b1886,b1886,0,0,0,,0,
c0465,,None,,0,0,,0,
chew,b1887,b1887,0,0,0,,0,
chea,b1888,b1888,0,0,0,,0,
motb,b1889,b1889,0,0,0,,0,
mota,b1890,b1890,0,0,0,,0,
flhc,b1891,b1891,0,0,0,,0,
flhd,b1892,b1892,0,0,0,,0,
insab-5,,None,,0,0,,0,
insb-5,,b1893,,0,0,,0,
insa-5,,b1894,,0,0,,0,
uspc,b1895,b1895,0,0,0,,0,
otsa,b1896,b1896,,1,0,,0,
otsb,b1897,b1897,,1,0,,0,
arah,b4460,b4460,,1,0,,0,
arag,b1900,b1900,,1,0,,0,
araf,b1901,b1901,,1,0,,0,
ftnb,b1902,b1902,0,0,0,,0,
yecj,b4537,b4537,0,0,0,,0,
isrb,,b4434,,0,0,,0,
azuc,b4663,b4663,0,0,0,,0,
yecr,b1904,b1904,1,0,0,,0,
ftna,b1905,b1905,0,0,0,,0,
yech,,b1906,,0,0,,0,
tyrp,b1907,b1907,0,1,0,,0,
yeca,b1908,b1908,0,0,0,,0,
3'ets<sup><i>leuz</i></sup>,b4759,b4759,,0,0,,0,
leuz,b1909,b1909,,0,0,,0,
cyst,b1910,b1910,,0,0,,0,
glyw,b1911,b1911,,0,0,,0,
pgsa,,b1912,,0,0,,0,
uvrc,b1913,b1913,0,0,0,,0,
uvry,b1914,b1914,0,0,1,minor,5,
yecc3',,,,0,0,,0,
yecu,,b4752,,0,0,,0,
yecf,b1915,b1915,0,0,0,,0,
sdia,b1916,b1916,,0,1,minor,7,
sdsn,b4719,b4719,,0,0,,0,
tcyn,,b1917,,0,0,,0,
tcyl,,b1918,,0,0,,0,
dcyd,b1919,b1919,0,1,0,,0,
tcyj,b1920,b1920,0,0,0,,0,
fliz,b1921,b1921,0,0,1,specific,21,
flia,b1922,b1922,0,0,0,,0,
flic,b1923,b1923,0,0,0,,0,
flid,b1924,b1924,0,0,0,,0,
flis,b1925,b1925,0,0,0,,0,
flit,b1926,b1926,0,0,0,,0,
amya,b1927,b1927,0,1,0,,0,
yedd,,b1928,,0,0,,0,
yede,b1929,b1929,,0,0,,0,
yedf,,b1930,,0,0,,0,
yedk,,b1931,,0,0,,0,
yedl,b1932,b1932,0,0,0,,0,
yedn,b4495,b4495,,0,0,,0,
intg,,b1936,,0,0,,0,
flie,b1937,b1937,1,0,0,,0,
flif,b1938,b1938,0,0,0,,0,
flig,b1939,b1939,0,0,0,,0,
flih,b1940,b1940,0,0,0,,0,
flii,b1941,b1941,0,0,0,,0,
flij,b1942,b1942,,0,0,,0,
flik,b1943,b1943,0,0,0,,0,
flil,b1944,b1944,0,0,0,,0,
flim,b1945,b1945,0,0,0,,0,
flin,b1946,b1946,0,0,0,,0,
flio,b1947,b1947,0,0,0,,0,
flip,b1948,b1948,,0,0,,0,
fliq,b1949,b1949,0,0,0,,0,
flir,b1950,b1950,0,0,0,,0,
rcsa,b1951,b1951,0,0,0,,0,
dsrb,,b1952,,0,0,,0,
yodd,,b1953,,0,0,,0,
dsra,b1954,b1954,,0,0,,0,
yedp,b1955,b1955,0,0,0,,0,
dgcq,b1956,b1956,0,0,0,,0,
yodc,b1957,b1957,1,0,0,,0,
yedi,,b1958,,0,0,,0,
yeda,,b1959,,0,0,,0,
vsr,,b1960,,0,0,,0,
dcm,b1961,b1961,0,0,0,,0,
yedj,,b1962,,0,0,,0,
yedr,,b1963,,0,0,,0,
rsex,,b4603,,0,0,,0,
yeds,,b4496,,0,0,,0,
hcha,b1967,b1967,0,0,0,,0,
hprs,,b1968,,0,0,,0,
hprr,b1969,b1969,0,0,1,specific,12,
hiuh,b1970,b1970,0,0,0,,0,
msrp,,b1971,,0,0,,0,
msrq,,b1972,,0,0,,0,
zint,b1973,b1973,0,0,0,,0,
yodb,b1974,b1974,0,0,0,,0,
seru,b1975,b1975,,0,0,,0,
mtfa,b1976,b1976,0,0,0,,0,
asnt,b1977,b1977,,0,0,,0,
yeej,,b1978,,0,0,,0,
yeel,,b4497,,0,0,,0,
shia,b1981,b1981,0,1,0,,0,
amn,b1982,b1982,0,1,0,,0,
yeen,,b1983,,0,0,,0,
asnw,,b1984,,0,0,,0,
yeeo,,b1985,,0,0,,0,
asnu,b1986,b1986,,0,0,,0,
cbl,b1987,b1987,1,0,1,minor,9,
nac,b1988,b1988,1,0,1,specific,26,neg
asnv,b1989,b1989,,0,0,,0,
ldta,,b1990,,0,0,,0,
cobt,b1991,b1991,0,1,0,,0,
cobs,b1992,b1992,0,1,0,,0,
cobu,b1993,b1993,0,1,0,,0,
yeeh,,b4639,,0,0,,0,
insh-6,,b1994,,0,0,,0,
yoeg,b4640,b4640,,0,0,,0,
yoeh,,b4641,,0,0,,0,
inscd-3,,None,,0,0,,0,
insd-3,,b1996,,0,0,,0,
insc-3,,b1997,,0,0,,0,
yeep,,b1999,,0,0,,0,
isrc,b4435,b4435,,0,0,,0,
flu,b2000,b2000,,0,0,,0,
yeer,,b2001,,0,0,,0,
yees,,b2002,,0,0,,0,
yeet,,b2003,,0,0,,0,
cbea,,b2004,,0,0,,0,
cbta,,b2005,,0,0,,0,
yeew,,b2006,,0,0,,0,
yoed,,b4642,,0,0,,0,
yoef,,b4538,,0,0,,0,
yeex,,b2007,,0,0,,0,
yeea,,b2008,,0,0,,0,
sbmc,b2009,b2009,0,0,0,,0,
dacd,b2010,b2010,0,1,0,,0,
sbcb,b2011,b2011,0,0,0,,0,
yeed,,b2012,,0,0,,0,
yeee,b2013,b2013,0,0,0,,0,
plap,b2014,b2014,0,0,0,,0,
yoei,,b4678,,0,0,,0,
yeey,,b2015,,0,0,,0,
yeez,b2016,b2016,,0,0,,0,
yoeb,b4539,b4539,1,0,0,,0,
yefm,b2017,b2017,0,0,1,minor,2,neg
hisl,b2018,b2018,0,0,0,,0,
hisg,b2019,b2019,0,1,0,,0,
hisd,b2020,b2020,0,1,0,,0,
hisc,b2021,b2021,0,1,0,,0,
hisb,b2022,b2022,0,1,0,,0,
hish,b2023,b2023,0,1,0,,0,
hisa,b2024,b2024,0,1,0,,0,
hisf,b2025,b2025,0,1,0,,0,
hisi,b2026,b2026,0,1,0,,0,
wzzb,,b2027,,0,0,,0,
ugd,b2028,b2028,,1,0,,0,
gnd,b2029,b2029,,1,0,,0,
gnda,,None,,0,0,,0,
insh-7,,b2030,,0,0,,0,
wbbk,,b2032,,0,0,,0,
wbbj,b2033,b2033,0,1,0,,0,
wbbi,,b2034,,0,0,,0,
wbbh,b2035,b2035,0,1,0,,0,
glf,b2036,b2036,0,1,0,,0,
rfbx,b2037,b2037,0,1,0,,0,
rfbc,b2038,b2038,0,1,0,,0,
rfba,b2039,b2039,0,1,0,,0,
rfbd,b2040,b2040,0,1,0,,0,
rfbb,b2041,b2041,0,1,0,,0,
galf,,b2042,,0,0,,0,
wcam,,b2043,,0,0,,0,
wcal,,b2044,,0,0,,0,
wcak,,b2045,,0,0,,0,
wzxc,b2046,b2046,1,0,0,,0,
wcaj,,b2047,,0,0,,0,
cpsg,,b2048,,0,0,,0,
cpsb,,b2049,,0,0,,0,
wcai,,b2050,,0,0,,0,
gmm,,b2051,,0,0,,0,
fcl,,b2052,,0,0,,0,
gmd,,b2053,,0,0,,0,
wcaf,b2054,b2054,0,0,0,,0,
wcae,b2055,b2055,0,0,0,,0,
wcad,,b2056,,0,0,,0,
wcac,,b2057,,0,0,,0,
wcab,b2058,b2058,,0,0,,0,
wcaa,b2059,b2059,0,0,0,,0,
wzc,b2060,b2060,0,0,0,,0,
wzb,b2061,b2061,0,0,0,,0,
wza,b2062,b2062,0,0,0,,0,
yegh,b2063,b2063,0,0,0,,0,
asma,,b2064,,0,0,,0,
dcd,b2065,b2065,1,1,0,,0,
udk,b2066,b2066,0,1,0,,0,
dgce,,b2067,,0,0,,0,
alka,b2068,b2068,0,0,0,,0,
yegd,b2069,b2069,0,0,0,,0,
yegi,,b2070,,0,0,,0,
yegj,,b2071,,0,0,,0,
pphc,b2072,b2072,0,0,0,,0,
yegl,b2073,b2073,0,0,0,,0,
siba,b4436,b4436,,0,0,,0,
ibsa,b4667,b4667,0,0,0,,0,
sibb,b4437,b4437,,0,0,,0,
ibsb,b4668,b4668,0,0,0,,0,
mdta,b2074,b2074,0,0,0,,0,
mdtb,b2075,b2075,0,0,0,,0,
mdtc,b2076,b2076,1,0,0,,0,
mdtd,b2077,b2077,0,0,0,,0,
baes,b2078,b2078,0,0,0,,0,
baer,b2079,b2079,0,0,1,minor,8,pos
yegp,b2080,b2080,,0,0,,0,
trhp,b2081,b2081,,0,0,,0,
cyar,b4438,b4438,,0,0,,0,
ogrk,,b2082,,0,0,,0,
yegz,b2083,b2083,,0,0,,0,
yegr,b2085,b2085,,0,0,,0,
yegs,b2086,b2086,0,0,0,,0,
inse-5,,b2088,,0,0,,0,
insef-5,,None,,0,0,,0,
insf-5,,b2089,,0,0,,0,
gatd,b2091,b2091,0,1,0,,0,
gatc,b2092,b2092,,1,0,,0,
gatb,b2093,b2093,0,1,0,,0,
gata,b2094,b2094,0,1,0,,0,
gatz,b2095,b2095,0,1,0,,0,
gaty,b2096,b2096,1,1,0,,0,
fbab,b2097,b2097,0,1,0,,0,
yegt,,b2098,,0,0,,0,
yegu,b2099,b2099,0,0,0,,0,
yegv,,b2100,,0,0,,0,
yegw,,b2101,,0,0,,0,
yegx,,b2102,,0,0,,0,
thid,b2103,b2103,0,1,0,,0,
thim,b2104,b2104,0,1,0,,0,
rcnr,b2105,b2105,0,0,1,minor,3,neg
rcna,b2106,b2106,0,0,0,,0,
rcnb,b2107,b2107,,0,0,,0,
yeha,,b2108,,0,0,,0,
yehb,b2109,b2109,,0,0,,0,
yehc,,b2110,,0,0,,0,
yehd,b2111,b2111,,0,0,,0,
yehe,b2112,b2112,0,0,0,,0,
mrp,b2113,b2113,0,0,0,,0,
metg,b2114,b2114,0,1,0,,0,
yehf,b2115,b2115,0,0,0,,0,
yehh,,b4499,,0,0,,0,
yehi,,b2118,,0,0,,0,
yehk,,b4541,,0,0,,0,
yehl,b2119,b2119,0,0,0,,0,
yehm,,b2120,,0,0,,0,
yehp,,b2121,,0,0,,0,
yehq,b2122,b2122,0,0,0,,0,
yehr,b2123,b2123,0,0,0,,0,
yehs,b2124,b2124,0,0,0,,0,
btsr,,b2125,,0,1,minor,1,
btss,b2126,b2126,,0,0,,0,
mlra,b2127,b2127,,0,1,minor,10,
yoho,b4542,b4542,,0,0,,0,
yehw,b2128,b2128,,1,0,,0,
yehx,b2129,b2129,,1,0,,0,
yehy,b2130,b2130,,1,0,,0,
osmf,b2131,b2131,,1,0,,0,
bglx,b2132,b2132,,1,0,,0,
dld,b2133,b2133,,1,0,,0,
pbpg,b2134,b2134,,1,0,,0,
yohc,b2135,b2135,,0,0,,0,
yohd,,b2136,,0,0,,0,
yohf,,b2137,,0,0,,0,
mdtq,,b2139,,0,0,,0,
yohp,,b4679,,0,0,,0,
dusc,b2140,b2140,,0,0,,0,
yohj,b2141,b2141,,0,0,,0,
yohk,b2142,b2142,0,0,0,,0,
cdd,b2143,b2143,0,1,0,,0,
sana,,b2144,,0,0,,0,
yeis,b2145,b2145,0,0,0,,0,
pret,b2146,b2146,0,1,0,,0,
prea,b2147,b2147,0,1,0,,0,
mglc,b2148,b2148,0,1,0,,0,
mgla,b2149,b2149,0,1,0,,0,
mglb,b2150,b2150,0,1,0,,0,
gals,b2151,b2151,0,0,1,minor,10,neg
yeib,b2152,b2152,0,0,0,,0,
fole,b2153,b2153,1,1,0,,0,
yeig,b2154,b2154,0,1,0,,0,
cira,b2155,b2155,0,1,0,,0,
lysp,b2156,b2156,0,1,0,,0,
yeie,b2157,b2157,1,0,0,,0,
yeih,b2158,b2158,0,0,0,,0,
nfo,b2159,b2159,0,0,0,,0,
yeii,,b2160,,0,0,,0,
nupx,,b2161,,0,0,,0,
rihb,b2162,b2162,0,1,0,,0,
yeil,b2163,b2163,1,0,1,minor,1,pos
psut,,b2164,,0,0,,0,
psug,b2165,b2165,0,0,0,,0,
psuk,b2166,b2166,0,0,0,,0,
frua,b2167,b2167,0,1,0,,0,
fruk,b2168,b2168,0,1,0,,0,
frub,b2169,b2169,0,1,0,,0,
setb,b2170,b2170,0,1,0,,0,
yeiw,b4502,b4502,1,0,0,,0,
yeip,b2171,b2171,0,0,0,,0,
yeiq,b2172,b2172,0,0,0,,0,
yeir,,b2173,,0,0,,0,
lpxt,b2174,b2174,0,1,0,,0,
meps,b2175,b2175,0,0,0,,0,
pden,b2176,b2176,,0,0,,0,
yeja,b2177,b2177,0,0,0,,0,
yejb,b2178,b2178,0,0,0,,0,
yeje,b2179,b2179,0,0,0,,0,
yejg5',,,,0,0,,0,
yejf,b2180,b2180,0,0,0,,0,
yejg,b2181,b2181,0,0,0,,0,
bcr,,b2182,,0,0,,0,
rsua,,b2183,,0,0,,0,
radd,b2184,b2184,0,0,0,,0,
rply,b2185,b2185,1,0,0,,0,
yejk,b2186,b2186,0,0,0,,0,
yejl,b2187,b2187,0,0,0,,0,
yejm,b2188,b2188,0,0,0,,0,
prol,b2189,b2189,,0,0,,0,
b2191,,b2191,,0,0,,0,
insh-8,,b2192,,0,0,,0,
narp,b2193,b2193,0,0,1,specific,51,
ccmh,b2194,b2194,,0,0,,0,
ccmg,b2195,b2195,,0,0,,0,
ccmf,b2196,b2196,,0,0,,0,
ccme,b2197,b2197,0,1,0,,0,
ccmd,b2198,b2198,0,1,0,,0,
ccmc,b2199,b2199,0,1,0,,0,
ccmb,b2200,b2200,0,1,0,,0,
ccma,b2201,b2201,0,1,0,,0,
napc,b2202,b2202,0,1,0,,0,
napb,b2203,b2203,0,1,0,,0,
naph,b2204,b2204,0,1,0,,0,
napg,b2205,b2205,0,1,0,,0,
napa,b2206,b2206,0,1,0,,0,
napd,b2207,b2207,0,0,0,,0,
napf,b2208,b2208,,0,0,,0,
yojo,,b4604,,0,0,,0,
eco,b2209,b2209,0,0,0,,0,
mqo,b2210,b2210,0,1,0,,0,
yoji,b2211,b2211,0,0,0,,0,
alkb,b2212,b2212,0,0,0,,0,
ada,b2213,b2213,0,0,1,minor,4,neg
ftp,b2214,b2214,0,0,0,,0,
ompc,b2215,b2215,0,1,0,,0,
micf,b4439,b4439,,0,0,,0,
rcsd,b2216,b2216,0,0,0,,0,
rcsb,b2217,b2217,0,0,1,specific,26,
rcsc,b2218,b2218,,0,0,,0,
atos,,b2219,,0,0,,0,
atoc,,b2220,,0,1,minor,4,
atod,b2221,b2221,0,1,0,,0,
atoa,b2222,b2222,0,1,0,,0,
atoe,b2223,b2223,0,1,0,,0,
atob,b2224,b2224,0,1,0,,0,
yfap,b2225,b2225,0,0,0,,0,
yfaq,,b2226,,0,0,,0,
yfas,,b4500,,0,0,,0,
yfat,,b2229,,0,0,,0,
yfaa,b2230,b2230,0,0,0,,0,
gyra,b2231,b2231,1,0,0,,0,
ubig,b2232,b2232,1,1,0,,0,
yfal,,b2233,,0,0,,0,
ypab,,b4605,,0,0,,0,
nrda,b2234,b2234,0,1,0,,0,
yoam,,,,0,0,,0,
nrdb,b2235,b2235,,1,0,,0,
yfae,b2236,b2236,,0,0,,0,
inaa,b2237,b2237,0,0,0,,0,
yfah,,b2238,,0,0,,0,
glpq,b2239,b2239,0,1,0,,0,
glpt,b2240,b2240,0,1,0,,0,
glpa,b2241,b2241,0,1,0,,0,
glpb,b2242,b2242,0,1,0,,0,
glpc,b2243,b2243,0,1,0,,0,
rpne,,b2244,,0,0,,0,
ypaa,,b4543,,0,0,,0,
yfau,,b2245,,0,0,,0,
yfav,,b2246,,0,0,,0,
rhmd,,b2247,,0,0,,0,
yfax,,b2248,,0,0,,0,
yfay,,b2249,,0,0,,0,
yfaz,b2250,b2250,,0,0,,0,
nudi,b2251,b2251,,1,0,,0,
ais,b2252,b2252,,0,0,,0,
arnb,b2253,b2253,0,1,0,,0,
arnc,b2254,b2254,0,1,0,,0,
arna,b2255,b2255,0,1,0,,0,
arnd,b2256,b2256,0,1,0,,0,
arnt,b2257,b2257,0,1,0,,0,
arne,b4544,b4544,0,1,0,,0,
arnf,b2258,b2258,0,1,0,,0,
pmrd,,b2259,,0,0,,0,
mene,b2260,b2260,0,1,0,,0,
menc,,b2261,,0,0,,0,
menb,,b2262,,0,0,,0,
menh,b2263,b2263,0,1,0,,0,
mend,b2264,b2264,0,1,0,,0,
menf,,b2265,,0,0,,0,
elab,b2266,b2266,0,0,0,,0,
elaa,,b2267,,0,0,,0,
rbn,b2268,b2268,0,0,0,,0,
elad,,b2269,,0,0,,0,
yfbk,b2270,b2270,0,0,0,,0,
yfbl,b2271,b2271,0,0,0,,0,
yfbm,,b2272,,0,0,,0,
yfbn,b2273,b2273,0,0,0,,0,
yfbo,b2274,b2274,0,0,0,,0,
yfbp,,b2275,,0,0,,0,
nuon,b2276,b2276,,1,0,,0,
nuom,b2277,b2277,,1,0,,0,
nuol,b2278,b2278,,1,0,,0,
nuok,b2279,b2279,,1,0,,0,
nuoj,b2280,b2280,,1,0,,0,
nuoi,b2281,b2281,,1,0,,0,
nuoh,b2282,b2282,,1,0,,0,
nuog,b2283,b2283,,1,0,,0,
nuof,b2284,b2284,,1,0,,0,
nuoe,b2285,b2285,,1,0,,0,
nuoc,b2286,b2286,,1,0,,0,
nuob,b2287,b2287,,1,0,,0,
nuoa,b2288,b2288,,1,0,,0,
lrha,b2289,b2289,,0,1,minor,5,pos
alaa,b2290,b2290,,1,0,,0,
yfbr,b2291,b2291,,1,0,,0,
yfbs,b2292,b2292,,0,0,,0,
hxpa,b2293,b2293,0,0,0,,0,
yfbu,b2294,b2294,0,0,0,,0,
yfbv,b2295,b2295,0,0,0,,0,
acka,b2296,b2296,1,1,0,,0,
pta,b2297,b2297,0,1,0,,0,
yfcc,b2298,b2298,0,0,0,,0,
yfcd,,b2299,,0,0,,0,
yfce,,b2300,,0,0,,0,
yfcf,b2301,b2301,0,0,0,,0,
yfcg,,b2302,,0,0,,0,
folx,b2303,b2303,1,1,0,,0,
yfch,b2304,b2304,0,0,0,,0,
rpnb,,b2305,,0,0,,0,
hisp,b2306,b2306,1,1,0,,0,
hism,b2307,b2307,0,1,0,,0,
hisq,b2308,b2308,0,1,0,,0,
hisj,b2309,b2309,0,1,0,,0,
argt,b2310,b2310,0,1,0,,0,
ubix,b2311,b2311,1,1,0,,0,
purf,b2312,b2312,0,1,0,,0,
cvpa,b2313,b2313,0,0,0,,0,
dedd,,b2314,,0,0,,0,
folc,b2315,b2315,1,1,0,,0,
accd,b2316,b2316,1,1,0,,0,
deda,b2317,b2317,0,0,0,,0,
trua,,b2318,,0,0,,0,
usg,,b2319,,0,0,,0,
pdxb,,b2320,,0,0,,0,
flk,,b2321,,0,0,,0,
yfcj,b2322,b2322,0,0,0,,0,
fabb,b2323,b2323,1,1,0,,0,
mnmc,,b2324,,0,0,,0,
yfcl,,b2325,,0,0,,0,
epmc,,b2326,,0,0,,0,
yfca,,b2327,,0,0,,0,
mepa,,b2328,,0,0,,0,
aroc,,b2329,,0,0,,0,
prmb,b2330,b2330,0,0,0,,0,
smrb,b2331,b2331,1,0,0,,0,
yfco,b2332,b2332,,0,0,,0,
yfcp,b2333,b2333,0,0,0,,0,
yfcq,,b2334,,0,0,,0,
yfcr,,b2335,,0,0,,0,
yfcs,,b2336,,0,0,,0,
yfcu,,b4661,,0,0,,0,
yfcv,b2339,b2339,0,0,0,,0,
sixa,b2340,b2340,0,0,0,,0,
fadj,b2341,b2341,0,1,0,,0,
fadi,b2342,b2342,0,1,0,,0,
yfcz,b2343,b2343,0,0,0,,0,
fadl,b2344,b2344,0,1,0,,0,
yfdf,b2345,b2345,0,0,0,,0,
mlaa,,b2346,,0,0,,0,
yfdc,b2347,b2347,0,0,0,,0,
argw,b2348,b2348,,0,0,,0,
ints,b2349,b2349,0,0,0,,0,
yfdg,b2350,b2350,0,0,0,,0,
yfdh,,b2351,,0,0,,0,
yfdi,,b2352,,0,0,,0,
ryeg,,None,,0,0,,0,
yode,,,,0,0,,0,
tfas,,b2353,,0,0,,0,
yfdk,,b2354,,0,0,,0,
yfdl,,b2355,,0,0,,0,
yfdm,,b2356,,0,0,,0,
yfdn,,b2357,,0,0,,0,
yfdo,,b2358,,0,0,,0,
yfdp,,b2359,,0,0,,0,
yfdq,b2360,b2360,0,0,0,,0,
yfdr,,b2361,,0,0,,0,
yfds,b2362,b2362,0,0,0,,0,
yfdt,,b2363,,0,0,,0,
ypdj,,b4545,,0,0,,0,
tori,b4501,b4501,0,0,0,,0,
pawz,,b4643,,0,0,,0,
dsdc,b2364,b2364,1,0,1,minor,3,neg
dsdx,b2365,b2365,0,0,0,,0,
dsda,b2366,b2366,0,1,0,,0,
emry,b2367,b2367,0,0,0,,0,
emrk,b2368,b2368,0,0,0,,0,
evgl,,,,0,0,,0,
evga,b2369,b2369,,0,1,specific,19,pos
evgs,b2370,b2370,0,0,0,,0,
yfde,b2371,b2371,0,0,0,,0,
yfdv,b2372,b2372,0,0,0,,0,
oxc,b2373,b2373,0,1,0,,0,
frc,b2374,b2374,0,1,0,,0,
yfdx,b2375,b2375,1,0,0,,0,
ypdi,,b2376,,0,0,,0,
yfdy,,b2377,,0,0,,0,
lpxp,b2378,b2378,,1,0,,0,
tpke70,,None,,0,0,,0,
ypdk,,b4680,,0,0,,0,
alac,b2379,b2379,,1,0,,0,
pyrs,b2380,b2380,,0,0,,0,
pyrr,b2381,b2381,,0,1,minor,1,
ypdc,b2382,b2382,,0,0,,0,
frya,,b2383,,0,0,,0,
ypde,,b2384,,0,0,,0,
ypdf,,b2385,,0,0,,0,
fryc,,b2386,,0,0,,0,
fryb,,b2387,,0,0,,0,
glk,b2388,b2388,0,1,0,,0,
yfeo,,b2389,,0,0,,0,
ypec,,b2390,,0,0,,0,
mnth,b2392,b2392,0,1,0,,0,
nupc,b2393,b2393,,1,0,,0,
insl-3,b2394,b2394,0,0,0,,0,
pdea,,b2395,,0,0,,0,
alax,b2396,b2396,,0,0,,0,
alaw,b2397,b2397,,0,0,,0,
yfec,,b2398,,0,0,,0,
yfed,,b2399,,0,0,,0,
gltx,b2400,b2400,1,1,0,,0,
valu,b2401,b2401,,0,0,,0,
valx,b2402,b2402,,0,0,,0,
valy,b2403,b2403,,0,0,,0,
lysv,b2404,b2404,,0,0,,0,
xapr,b2405,b2405,1,0,1,minor,2,
xapb,b2406,b2406,0,1,0,,0,
xapa,b2407,b2407,0,1,0,,0,
yfen,b2408,b2408,0,0,0,,0,
yfer,,b2409,,0,0,,0,
yfeh,,b2410,,0,0,,0,
ypeb,,b4546,,0,0,,0,
liga,,b2411,,0,0,,0,
zipa5',,,,0,0,,0,
zipa,b2412,b2412,1,0,0,,0,
cysz,,b2413,,0,0,,0,
cysk,b2414,b2414,0,1,0,,0,
ptsh,b2415,b2415,1,1,0,,0,
ptsi,b2416,b2416,1,1,0,,0,
crr,b2417,b2417,1,1,0,,0,
pdxk,b2418,b2418,0,1,0,,0,
yfek,b2419,b2419,0,0,0,,0,
yfes,b2420,b2420,,0,0,,0,
cysm,b2421,b2421,,1,0,,0,
cysa,b2422,b2422,,1,0,,0,
cysw,b2423,b2423,,1,0,,0,
cysu,b2424,b2424,0,1,0,,0,
cysp,b2425,b2425,0,1,0,,0,
ucpa,b2426,b2426,0,0,0,,0,
murr,b2427,b2427,1,0,1,minor,3,neg
murq,b2428,b2428,0,1,0,,0,
murp,b2429,b2429,0,1,0,,0,
yfew,b2430,b2430,0,0,0,,0,
yfex,b2431,b2431,0,0,0,,0,
yfey,b2432,b2432,0,0,0,,0,
yfez,,b2433,,0,0,,0,
ypea,,b2434,,0,0,,0,
amia,b2435,b2435,0,1,0,,0,
hemf,b2436,b2436,0,1,0,,0,
eutr,,b2437,,0,0,,0,
eutk,,b2438,,0,0,,0,
eutl,,b2439,,0,0,,0,
eutc,,b2440,,0,0,,0,
eutb,,b2441,,0,0,,0,
intz,b2442,b2442,0,0,0,,0,
yffl,,b2443,,0,0,,0,
yffm,,b2444,,0,0,,0,
yffn,,b2445,,0,0,,0,
yffo,b2446,b2446,,0,0,,0,
yffp,b2447,b2447,,0,0,,0,
yffq,b2448,b2448,,0,0,,0,
yffr,b2449,b2449,,0,0,,0,
yffs,b2450,b2450,,0,0,,0,
euta,b2451,b2451,,0,0,,0,
euth,b2452,b2452,,0,0,,0,
eutg,,b2453,,0,0,,0,
eutj,,b2454,,0,0,,0,
eute,,b2455,,0,0,,0,
eutn,,b2456,,0,0,,0,
eutm,b2457,b2457,,0,0,,0,
eutd,b2458,b2458,,1,0,,0,
eutt,b2459,b2459,,0,0,,0,
eutq,b2460,b2460,,0,0,,0,
eutp,b2461,b2461,,0,0,,0,
euts,b2462,b2462,,0,0,,0,
maeb,b2463,b2463,0,1,0,,0,
tala,b2464,b2464,0,1,0,,0,
tktb,b2465,b2465,0,1,0,,0,
ypfg,,b2466,,0,0,,0,
nudk,b2467,b2467,0,1,0,,0,
aega,b2468,b2468,0,0,0,,0,
narq,b2469,b2469,0,0,0,,0,
acrd,b2470,b2470,0,1,0,,0,
ypfm,,b4606,,0,0,,0,
yffb,b2471,b2471,0,0,0,,0,
dape,b2472,b2472,0,1,0,,0,
ypfn,b4547,b4547,1,0,0,,0,
ypfh,,b2473,,0,0,,0,
tmca,,b2474,,0,0,,0,
ypfj,,b2475,,0,0,,0,
purc,b2476,b2476,0,1,0,,0,
bamc,b2477,b2477,0,0,0,,0,
dapa,b2478,b2478,1,1,0,,0,
gcvr,b2479,b2479,0,0,0,,0,
bcp,b2480,b2480,0,1,0,,0,
hyfa,b2481,b2481,0,1,0,,0,
hyfb,b2482,b2482,0,1,0,,0,
hyfc,b2483,b2483,0,1,0,,0,
hyfd,b2484,b2484,0,1,0,,0,
hyfe,b2485,b2485,0,1,0,,0,
hyff,b2486,b2486,0,1,0,,0,
hyfg,b2487,b2487,0,1,0,,0,
hyfh,b2488,b2488,0,1,0,,0,
hyfi,b2489,b2489,0,1,0,,0,
hyfj,b2490,b2490,0,1,0,,0,
hyfr,b2491,b2491,0,0,1,specific,12,pos
focb,b2492,b2492,0,1,0,,0,
yfgo,,b2493,,0,0,,0,
bepa,b2494,b2494,0,0,0,,0,
yfgd,b2495,b2495,0,0,0,,0,
hda,,b2496,,0,0,,0,
uraa,b2497,b2497,0,1,0,,0,
upp,b2498,b2498,0,1,0,,0,
purm,b2499,b2499,0,1,0,,0,
purn,b2500,b2500,0,1,0,,0,
ppk,b2501,b2501,0,1,0,,0,
ppx,b2502,b2502,0,1,0,,0,
pdef,b2503,b2503,0,0,0,,0,
yfgg,b2504,b2504,0,0,0,,0,
yfgh,b2505,b2505,1,0,0,,0,
yfgi,,b2506,,0,0,,0,
guaa,b2507,b2507,,1,0,,0,
guab,b2508,b2508,,1,0,,0,
xsea,b2509,b2509,0,0,0,,0,
yfgj,b2510,b2510,0,0,0,,0,
der,b2511,b2511,1,0,0,,0,
bamb,b2512,b2512,0,0,0,,0,
yfgm,,b2513,,0,0,,0,
hiss,b2514,b2514,1,1,0,,0,
sroe,,b4761,,0,0,,0,
ispg,,b2515,,0,0,,0,
rodz,,b2516,,0,0,,0,
rlmn,b2517,b2517,0,0,0,,0,
ndk,b2518,b2518,0,1,0,,0,
pbpc,,b2519,,0,0,,0,
yfhm,b2520,b2520,0,0,0,,0,
is129,,,,0,0,,0,
ssea,,b2521,,0,0,,0,
c0614,,None,,0,0,,0,
is128,,None,,0,0,,0,
ryfa,b4440,b4440,,0,0,,0,
sseb,b2522,b2522,0,0,0,,0,
pepb,b2523,b2523,1,1,0,,0,
iscx,b2524,b2524,1,0,0,,0,
fdx,b2525,b2525,1,0,0,,0,
hsca,b2526,b2526,1,0,0,,0,
hscb,b2527,b2527,1,0,0,,0,
isca,b2528,b2528,1,1,0,,0,
iscu,b2529,b2529,,1,0,,0,
iscs,b2530,b2530,,1,0,,0,
iscr,b2531,b2531,,0,1,specific,32,neg
trmj,b2532,b2532,,0,0,,0,
suhb,b2533,b2533,,1,0,,0,
yfhr,,b2534,,0,0,,0,
csie,b2535,b2535,0,0,0,,0,
hcat,b2536,b2536,1,1,0,,0,
irok,,b4706,,0,0,,0,
hcar,b2537,b2537,0,0,1,minor,6,neg
hcae,b2538,b2538,0,1,0,,0,
hcaf,b2539,b2539,1,1,0,,0,
hcac,b2540,b2540,0,1,0,,0,
hcab,b2541,b2541,0,1,0,,0,
hcad,b2542,b2542,0,1,0,,0,
ypha,b2543,b2543,0,0,0,,0,
yphb,,b2544,,0,0,,0,
yphc,,b2545,,0,0,,0,
yphd,,b2546,,0,0,,0,
yphe,,b2547,,0,0,,0,
yphf,,b2548,,0,0,,0,
yphg,,b2549,,0,0,,0,
yphh,,b2550,,0,0,,0,
glya,b2551,b2551,1,1,0,,0,
hmp,b2552,b2552,0,1,0,,0,
glnb,b2553,b2553,0,0,0,,0,
glrr,,b2554,,0,1,minor,6,
qseg,,b2555,,0,0,,0,
glrk,b2556,b2556,0,0,0,,0,
glmy,b4441,b4441,,0,0,,0,
purl,b2557,b2557,,1,0,,0,
mltf,b2558,b2558,,1,0,,0,
tada,b2559,b2559,0,0,0,,0,
pgpc,b2560,b2560,1,0,0,,0,
yfhh,,b2561,,0,0,,0,
yfhl,b2562,b2562,0,0,0,,0,
ryfb,,b4607,,0,0,,0,
shob,b4687,b4687,0,0,0,,0,
ohsc,b4608,b4608,,0,0,,0,
acps,b2563,b2563,1,1,0,,0,
pdxj,b2564,b2564,0,1,0,,0,
reco,b2565,b2565,0,0,0,,0,
era,b2566,b2566,1,0,0,,0,
rnc,b2567,b2567,0,0,0,,0,
lepb,b2568,b2568,1,0,0,,0,
lepa,b2569,b2569,0,0,0,,0,
rsec,b2570,b2570,0,0,0,,0,
rseb,b2571,b2571,0,0,0,,0,
rsea,b2572,b2572,0,0,0,,0,
rpoe,b2573,b2573,1,0,0,,0,
rsed,b4725,b4725,0,0,0,,0,
nadb,b2574,b2574,0,1,0,,0,
yfic,,b2575,,0,0,,0,
srmb,b2576,b2576,,0,0,,0,
yfie,b2577,b2577,0,0,0,,0,
eamb,,b2578,,0,0,,0,
grca,b2579,b2579,0,1,0,,0,
ung,b2580,b2580,0,0,0,,0,
yfif,b2581,b2581,0,0,0,,0,
trxc,b2582,b2582,0,1,0,,0,
yfip,b2583,b2583,0,0,0,,0,
patz,b2584,b2584,0,0,0,,0,
pssl,,,,0,0,,0,
pssa,b2585,b2585,0,1,0,,0,
yfim,,b2586,,0,0,,0,
kgtp,b2587,b2587,,1,0,,0,
yfis,,,,0,0,,0,
rrfg,b2588,b2588,,0,0,,0,
rrlg,b2589,b2589,,0,0,,0,
gltw,b2590,b2590,,0,0,,0,
rrsg,b2591,b2591,,0,0,,0,
clpb,b2592,b2592,0,0,0,,0,
ryfd,b4609,b4609,,0,0,,0,
pgef,b2593,b2593,0,0,0,,0,
rlud,b2594,b2594,1,0,0,,0,
bamd,b2595,b2595,1,0,0,,0,
raia,b2597,b2597,0,0,0,,0,
phel,b2598,b2598,,0,0,,0,
phea,b2599,b2599,0,1,0,,0,
tyra,b2600,b2600,0,1,0,,0,
arof,b2601,b2601,0,1,0,,0,
yfil,b2602,b2602,0,0,0,,0,
yfir,b2603,b2603,0,0,0,,0,
dgcn,b2604,b2604,0,0,0,,0,
yfib,b2605,b2605,0,0,0,,0,
rpls,b2606,b2606,1,0,0,,0,
rpsp5',,,,0,0,,0,
trmd,b2607,b2607,1,0,0,,0,
rimm,b2608,b2608,1,0,0,,0,
rpsp,b2609,b2609,1,0,0,,0,
ffh,b2610,b2610,1,0,0,,0,
ypjd,,b2611,,0,0,,0,
yfjd,b4461,b4461,,0,0,,0,
grpe,b2614,b2614,0,0,0,,0,
nadk,,b2615,,0,0,,0,
recn,b2616,b2616,0,0,0,,0,
bame,b2617,b2617,0,0,0,,0,
yfjf,b2618,b2618,0,0,0,,0,
rata,,b2619,,0,0,,0,
smpb,,b2620,,0,0,,0,
ssra,b2621,b2621,,0,0,,0,
inta,b2622,b2622,0,0,0,,0,
yfjh,b2623,b2623,0,0,0,,0,
alpa,,b2624,,0,0,,0,
yfji,b2625,b2625,0,0,0,,0,
yfjj,,b2626,,0,0,,0,
abpb,,b2627,,0,0,,0,
abpa,b2628,b2628,0,0,0,,0,
yfjm,,b2629,,0,0,,0,
rnla,b2630,b2630,0,0,0,,0,
rnlb,b2631,b2631,,0,0,,0,
yfjp,b2632,b2632,,0,0,,0,
yfjq,,b2633,,0,0,,0,
yfjr,,b2634,,0,0,,0,
ypjk,,b2635,,0,0,,0,
yfjs,,b2636,,0,0,,0,
yfjt,,b2637,,0,0,,0,
yfju,,b2638,,0,0,,0,
yfjv,b2641,b2641,,0,0,,0,
yfjw,b2642,b2642,,0,0,,0,
ypji,,b4644,,0,0,,0,
yfjx,,b2643,,0,0,,0,
yfjy,,b2644,,0,0,,0,
ypjj,,b4548,,0,0,,0,
yfjz,,b2645,,0,0,,0,
ypjf,,b2646,,0,0,,0,
psaa,,b4645,,0,0,,0,
ypja,b2647,b2647,,0,0,,0,
pinh,,b2648,,0,0,,0,
ypjb,,b2649,,0,0,,0,
ypjc,b2650,b2650,0,0,0,,0,
b2651,,b2651,,0,0,,0,
iley,b2652,b2652,,0,0,,0,
ygaq,,b4462,,0,0,,0,
glah,b2659,b2659,0,0,0,,0,
lhgd,b2660,b2660,0,0,0,,0,
gabd,b2661,b2661,0,1,0,,0,
gabt,b2662,b2662,0,1,0,,0,
gabp,b2663,b2663,0,1,0,,0,
glar,,b2664,,0,1,minor,5,
kbp,b2665,b2665,0,0,0,,0,
yqae,b2666,b2666,0,0,0,,0,
ygav,b2667,b2667,0,0,0,,0,
ygap,b2668,b2668,0,0,0,,0,
stpa,b2669,b2669,1,0,1,minor,7,neg
alae,b2670,b2670,0,0,0,,0,
ygac,b2671,b2671,0,0,0,,0,
ygam,b2672,b2672,0,0,0,,0,
nrdh,b2673,b2673,0,0,0,,0,
nrdi,b2674,b2674,0,0,0,,0,
nrde,b2675,b2675,1,1,0,,0,
nrdf,b2676,b2676,1,1,0,,0,
prov,b2677,b2677,0,1,0,,0,
prow,b2678,b2678,0,1,0,,0,
prox,b2679,b2679,0,1,0,,0,
ygay,,b2681,,0,0,,0,
ygaz,b2682,b2682,0,1,0,,0,
ygah,,b2683,,0,0,,0,
mpra,b2684,b2684,0,0,1,minor,6,neg
emra,b2685,b2685,0,0,0,,0,
emrb,b2686,b2686,0,0,0,,0,
luxs,b2687,b2687,0,1,0,,0,
mica,b4442,b4442,,0,0,,0,
gsha,b2688,b2688,0,1,0,,0,
yqaa,,b2689,,0,0,,0,
yqab,b2690,b2690,0,1,0,,0,
argq,b2691,b2691,,0,0,,0,
argz,b2692,b2692,,0,0,,0,
argy,b2693,b2693,,0,0,,0,
argv,b2694,b2694,,0,0,,0,
serv,b2695,b2695,,0,0,,0,
csra,b2696,b2696,1,0,0,,0,
alas,b2697,b2697,1,1,1,minor,1,neg
recx,b2698,b2698,0,0,0,,0,
reca,b2699,b2699,0,0,0,,0,
pncc,b2700,b2700,0,0,0,,0,
mltb,b2701,b2701,0,1,0,,0,
srla,b2702,b2702,0,1,0,,0,
srle,b2703,b2703,1,1,0,,0,
srlb,b2704,b2704,0,1,0,,0,
srld,b2705,b2705,0,1,0,,0,
gutm,b2706,b2706,0,0,1,minor,7,pos
srlr,b2707,b2707,0,0,1,minor,7,neg
gutq,b2708,b2708,0,1,0,,0,
norr,b2709,b2709,0,0,1,minor,3,neg
norv,b2710,b2710,,1,0,,0,
norw,b2711,b2711,,1,0,,0,
c0664,,None,,0,0,,0,
hypf,b2712,b2712,,0,0,,0,
hydn,b2713,b2713,,0,0,,0,
ascg,,b2714,,0,1,minor,5,
ascf,b2715,b2715,,1,0,,0,
ascb,b2716,b2716,,0,0,,0,
hyci,b2717,b2717,,0,0,,0,
hych,b2718,b2718,0,0,0,,0,
hycg,b2719,b2719,0,1,0,,0,
hycf,b2720,b2720,0,1,0,,0,
hyce,b2721,b2721,0,1,0,,0,
hycd,b2722,b2722,0,1,0,,0,
hycc,b2723,b2723,0,1,0,,0,
hycb,b2724,b2724,0,1,0,,0,
hyca,b2725,b2725,0,0,0,,0,
hypa,b2726,b2726,0,0,0,,0,
hypb,b2727,b2727,0,0,0,,0,
hypc,b2728,b2728,0,0,0,,0,
hypd,b2729,b2729,0,0,0,,0,
hype,b2730,b2730,0,0,0,,0,
fhla,b2731,b2731,0,0,1,specific,30,pos
ygba,b2732,b2732,0,0,0,,0,
muts,b2733,b2733,0,0,0,,0,
pphb,b2734,b2734,0,0,0,,0,
ygbi,b2735,b2735,0,0,0,,0,
ygbj,b2736,b2736,0,0,0,,0,
ygbk,b2737,b2737,0,0,0,,0,
ygbl,b2738,b2738,0,1,0,,0,
ygbm,b2739,b2739,0,0,0,,0,
ygbn,b2740,b2740,0,0,0,,0,
rpos,b2741,b2741,0,0,0,,0,
nlpd,b2742,b2742,0,0,0,,0,
pcm,b2743,b2743,0,0,0,,0,
umpg,b2744,b2744,0,1,0,,0,
trud,b2745,b2745,0,0,0,,0,
ispf,,b2746,,0,0,,0,
ispd,b2747,b2747,1,1,0,,0,
ftsb,,b2748,,0,0,,0,
ygbe,,b2749,,0,0,,0,
cysc,b2750,b2750,0,1,0,,0,
cysn,b2751,b2751,1,1,0,,0,
cysd,b2752,b2752,0,1,0,,0,
iap,,b2753,,0,0,,0,
cas2,b2754,b2754,0,0,0,,0,
cas1,b2755,b2755,0,0,0,,0,
case,b2756,b2756,0,0,0,,0,
casd,b2757,b2757,0,0,0,,0,
casc,b2758,b2758,0,0,0,,0,
casb,b2759,b2759,0,0,0,,0,
casa,b2760,b2760,0,0,0,,0,
cas3,b2761,b2761,0,0,0,,0,
sokx,,b4701,,0,0,,0,
cysh,b2762,b2762,0,1,0,,0,
cysi,b2763,b2763,0,1,0,,0,
cysj,b2764,b2764,0,1,0,,0,
qued,b2765,b2765,0,1,0,,0,
ygcn,b2766,b2766,,0,0,,0,
ygco,b2767,b2767,0,0,0,,0,
ygcp,b2768,b2768,0,0,0,,0,
ygcq,,b2769,,0,0,,0,
ygcr,,b2770,,0,0,,0,
ygcs,b2771,b2771,0,0,0,,0,
ygcu,b4463,b4463,0,0,0,,0,
ygcw,b2774,b2774,0,0,0,,0,
yqce,,b2775,,0,0,,0,
ygce,b2776,b2776,0,0,0,,0,
quee,b2777,b2777,1,0,0,,0,
yqcg,,b4682,,0,0,,0,
ygcg,,b2778,,0,0,,0,
eno,b2779,b2779,1,1,0,,0,
pyrg,b2780,b2780,1,1,0,,0,
mazg,b2781,b2781,0,1,0,,0,
mazf,b2782,b2782,0,0,0,,0,
maze,b2783,b2783,0,0,1,minor,3,neg
rela,b2784,b2784,0,1,0,,0,
rlmd,b2785,b2785,,0,0,,0,
bara,,b2786,,0,0,,0,
gudd,b2787,b2787,0,1,0,,0,
gudx,b2788,b2788,0,1,0,,0,
gudp,b2789,b2789,0,1,0,,0,
yqca,,b2790,,0,0,,0,
truc,b2791,b2791,0,0,0,,0,
yqcc,b2792,b2792,0,0,0,,0,
csrb,b4408,b4408,,0,0,,0,
syd,,b2793,,0,0,,0,
quef,b2794,b2794,0,1,0,,0,
ppnn,b2795,b2795,0,0,0,,0,
sdac,b2796,b2796,0,1,0,,0,
sdab,b2797,b2797,0,1,0,,0,
ygdg,,b2798,,0,0,,0,
fuco,b2799,b2799,0,1,0,,0,
fuca,b2800,b2800,0,1,0,,0,
fucp,b2801,b2801,0,1,0,,0,
fuci,b2802,b2802,0,1,0,,0,
fuck,b2803,b2803,0,1,0,,0,
fucu,b2804,b2804,0,0,0,,0,
fucr,b2805,b2805,0,0,1,minor,7,pos
rlmm,b2806,b2806,0,0,0,,0,
ygdd,,b2807,,0,0,,0,
gcva,b2808,b2808,1,0,1,minor,5,neg
gcvb,b4443,b4443,,0,0,,0,
ygdi,,b2809,,0,0,,0,
csda,,b2810,,0,0,,0,
csde,,b2811,,0,0,,0,
tcda,b2812,b2812,0,0,0,,0,
mlta,b2813,b2813,0,1,0,,0,
metz,b2814,b2814,,0,0,,0,
metw,b2815,b2815,,0,0,,0,
metv,b2816,b2816,,0,0,,0,
amic,b2817,b2817,0,1,0,,0,
arga,b2818,b2818,0,1,0,,0,
recd,b2819,b2819,0,0,0,,0,
recb,b2820,b2820,0,0,0,,0,
ptra,b2821,b2821,0,0,0,,0,
recc,b2822,b2822,0,0,0,,0,
ppdc,b2823,b2823,0,0,0,,0,
ygdb,b2824,b2824,0,0,0,,0,
ppdb,b2825,b2825,0,0,0,,0,
ppda,b2826,b2826,0,0,0,,0,
thya,b2827,b2827,1,1,0,,0,
lgt,b2828,b2828,1,0,0,,0,
ptsp,,b2829,,0,0,,0,
rpph,,b2830,,0,0,,0,
ygdt,,b4610,,0,0,,0,
muth,,b2831,,0,0,,0,
ygdq,b2832,b2832,0,0,0,,0,
ygdr,b2833,b2833,0,0,0,,0,
tas,b2834,b2834,0,0,0,,0,
lplt,,b2835,,0,0,,0,
aas,,b2836,,0,0,,0,
omra,b4444,b4444,,0,0,,0,
omrb,b4445,b4445,,0,0,,0,
galr,b2837,b2837,0,0,1,minor,10,neg
lysa,b2838,b2838,0,1,0,,0,
lysr,b2839,b2839,1,0,1,minor,2,neg
ygea,b2840,b2840,0,0,0,,0,
arae,b2841,b2841,0,1,0,,0,
kdud,,b2842,,0,0,,0,
kdui,b2843,b2843,0,0,0,,0,
yqef,b2844,b2844,0,0,0,,0,
yqeg,b2845,b2845,0,0,0,,0,
yqeh,b2846,b2846,0,0,0,,0,
yqei,,b2847,,0,0,,0,
yqej,b2848,b2848,1,0,0,,0,
yqel,,b4683,,0,0,,0,
yqek,b2849,b2849,0,0,0,,0,
ygef,b2850,b2850,,0,0,,0,
ygeg,b2851,b2851,0,0,0,,0,
ygeh,b2852,b2852,0,0,0,,0,
ygei,b2853,b2853,0,0,0,,0,
pbl,,b2854,,0,0,,0,
ygek,,b2855,,0,0,,0,
ygel,b2856,b2856,,0,0,,0,
ygen,b2858,b2858,,0,0,,0,
ygeo,,b2859,,0,0,,0,
insd-4,,b2860,,0,0,,0,
inscd-4,,None,,0,0,,0,
insc-4,,b2861,,0,0,,0,
ygep,,b2862,,0,0,,0,
ygeq,,b2863,,0,0,,0,
glyu,b2864,b2864,,0,0,,0,
yger,,b2865,,0,0,,0,
xdha,b2866,b2866,,1,0,,0,
xdhb,b2867,b2867,,1,0,,0,
xdhc,b2868,b2868,,1,0,,0,
ygev,,b2869,,0,0,,0,
ygew,b2870,b2870,,0,0,,0,
ygex,,b2871,,0,0,,0,
ygey,,b2872,,0,0,,0,
hyua,,b2873,,0,0,,0,
yqea,b2874,b2874,,1,0,,0,
yqeb,b2875,b2875,,0,0,,0,
yqec,,b2876,,0,0,,0,
moca,,b2877,,0,0,,0,
ygfk,b2878,b2878,,0,0,,0,
ssna,b2879,b2879,0,0,0,,0,
ygfm,,b2880,,0,0,,0,
xdhd,,b2881,,0,0,,0,
xanq,,b2882,,0,0,,0,
guad,,b2883,,0,0,,0,
ghxq,,b4464,,0,0,,0,
ygfs,,b2886,,0,0,,0,
ygft,,b2887,,0,0,,0,
uact,,b2888,,0,0,,0,
yqfg,,b4684,,0,0,,0,
yqfh,,b4753,,0,0,,0,
idi,,b2889,,0,0,,0,
lyss,b2890,b2890,1,1,0,,0,
prfb,b2891,b2891,1,0,0,,0,
recj,b2892,b2892,0,0,0,,0,
dsbc,b2893,b2893,0,1,0,,0,
xerd,b2894,b2894,0,0,0,,0,
fldb,b2895,b2895,0,1,0,,0,
ygfx,,b2896,,0,0,,0,
sdhe,,b2897,,0,0,,0,
ygfz,,b2898,,0,0,,0,
yqfa,,b2899,,0,0,,0,
yqfb,,b2900,,0,0,,0,
bgla,b2901,b2901,0,1,0,,0,
ygff,,b2902,,0,0,,0,
gcvp,b2903,b2903,0,1,0,,0,
gcvh,b2904,b2904,,1,0,,0,
gcvt,b2905,b2905,0,1,0,,0,
yqfi,,b4754,,0,0,,0,
ubii,b2906,b2906,1,0,0,,0,
ubih,b2907,b2907,1,1,0,,0,
pepp,b2908,b2908,0,0,0,,0,
ygfb,b2909,b2909,0,0,0,,0,
zapa,,b2910,,0,0,,0,
ssrs,b2911,b2911,,0,0,,0,
fau,b2912,b2912,0,1,0,,0,
sibc,,b4446,,0,0,,0,
ibsc,b4665,b4665,,0,0,,0,
sera,b2913,b2913,0,1,0,,0,
rpia,b2914,b2914,1,1,0,,0,
yqfe,b2915,b2915,,0,0,,0,
argp,b2916,b2916,0,0,1,specific,14,neg
scpa,b2917,b2917,0,1,0,,0,
argk,b2918,b2918,0,0,0,,0,
scpb,b2919,b2919,1,1,0,,0,
scpc,b2920,b2920,0,1,0,,0,
ygfi5',,,,0,0,,0,
ygfi,b2921,b2921,0,0,0,,0,
och5,,None,,0,0,,0,
ygge,b2922,b2922,0,0,0,,0,
argo,b2923,b2923,0,1,0,,0,
mscs,b2924,b2924,0,0,0,,0,
fbaa,b2925,b2925,1,1,0,,0,
pgk,b2926,b2926,1,1,0,,0,
epd,b2927,b2927,1,1,0,,0,
yggc,,b2928,,0,0,,0,
fume,b2929,b2929,,0,0,,0,
yggf,,b2930,,0,0,,0,
yggp,b4465,b4465,,0,0,,0,
cmta,b2933,b2933,,0,0,,0,
cmtb,b2934,b2934,,0,0,,0,
tkta,,b2935,,0,0,,0,
loip,b2936,b2936,0,0,0,,0,
speb,b2937,b2937,0,1,0,,0,
spea,b2938,b2938,0,1,0,,0,
yqgb,,b2939,,0,0,,0,
yqgg,,,,0,0,,0,
yqgc,b2940,b2940,,0,0,,0,
yqgd,,b2941,,0,0,,0,
metk,b2942,b2942,1,1,0,,0,
galp,b2943,b2943,0,1,0,,0,
yggi,,b2944,,0,0,,0,
enda,b2945,b2945,0,0,0,,0,
rsme,,b2946,,0,0,,0,
gshb,,b2947,,0,0,,0,
yqge,,b2948,,0,0,,0,
yqgf,,b2949,,0,0,,0,
yggr,b2950,b2950,0,0,0,,0,
yggs,,b2951,,0,0,,0,
yggt,,b2952,,0,0,,0,
yggu,,b2953,,0,0,,0,
rdgb,b2954,b2954,0,1,0,,0,
hemw,b2955,b2955,,0,0,,0,
yggm,b2956,b2956,,0,0,,0,
ansb,b2957,b2957,,1,0,,0,
yggn,b2958,b2958,,0,0,,0,
yggl,,b2959,,0,0,,0,
trmi,b2960,b2960,,0,0,,0,
muty,b2961,b2961,0,0,0,,0,
yggx,,b2962,,0,0,,0,
mltc,,b2963,,0,0,,0,
nupg,b2964,b2964,0,1,0,,0,
spec,b2965,b2965,0,1,0,,0,
yqgh,,,,0,0,,0,
yqga,,b2966,,0,0,,0,
phev,b2967,b2967,,0,0,,0,
yghd,b2968,b2968,0,0,0,,0,
yghe,,b2969,,0,0,,0,
yqhj,,,,0,0,,0,
yghf,b2970,b2970,0,0,0,,0,
yghg,b2971,b2971,0,0,0,,0,
pppa,,b2972,,0,0,,0,
yghj,,b4466,,0,0,,0,
glca,b2975,b2975,0,1,0,,0,
c0719,,None,,0,0,,0,
glcb,b2976,b2976,0,1,0,,0,
glcg,b2977,b2977,0,0,0,,0,
glcf,b4467,b4467,0,1,0,,0,
glce,b4468,b4468,0,1,0,,0,
glcd,b2979,b2979,0,1,0,,0,
glcc,b2980,b2980,0,0,1,minor,7,neg
ygho,,b2981,,0,0,,0,
insh-9,,b2982,,0,0,,0,
yghq,,b2983,,0,0,,0,
yghr,b2984,b2984,0,0,0,,0,
yghs,b2985,b2985,0,0,0,,0,
yght,b2986,b2986,0,0,0,,0,
pitb,b2987,b2987,,1,0,,0,
gss,b2988,b2988,,1,0,,0,
yghu,b2989,b2989,,0,0,,0,
hybg,b2990,b2990,,0,0,,0,
hybf,b2991,b2991,,0,0,,0,
hybe,b2992,b2992,,0,0,,0,
hybd,b2993,b2993,,0,0,,0,
hybc,b2994,b2994,,1,0,,0,
hybb,b2995,b2995,,1,0,,0,
hyba,b2996,b2996,,1,0,,0,
hybo,b2997,b2997,,1,0,,0,
yghw,,b2998,,0,0,,0,
yghx,,b4658,,0,0,,0,
yqhi,,b4755,,0,0,,0,
gpr,,b3001,,0,0,,0,
yqha,,b3002,,0,0,,0,
ygha,b3003,b3003,0,0,0,,0,
exbd,b3005,b3005,0,1,0,,0,
exbb,b3006,b3006,0,1,0,,0,
metc,b3008,b3008,1,1,0,,0,
yghb,,b3009,,0,0,,0,
yqhc,b3010,b3010,0,0,1,minor,2,
yqhd,b3011,b3011,0,0,0,,0,
dkga,b3012,b3012,0,1,0,,0,
yqhg,b3013,b3013,0,0,0,,0,
yqhh,b3014,b3014,0,0,0,,0,
ygiq,b4469,b4469,0,0,0,,0,
ftsp,,b3017,,0,0,,0,
plsc,b3018,b3018,1,1,0,,0,
parc,,b3019,,0,0,,0,
ygis,,b3020,,0,0,,0,
mqsa,b3021,b3021,0,0,1,minor,8,neg
mqsr,b3022,b3022,0,0,0,,0,
ygiv,b3023,b3023,,0,0,,0,
ygiw,b3024,b3024,,0,0,,0,
qseb,b3025,b3025,,0,1,specific,12,pos
qsec,b3026,b3026,1,0,0,,0,
ygiz,b3027,b3027,0,0,0,,0,
mdab,b3028,b3028,0,1,0,,0,
ygin,b3029,b3029,0,1,0,,0,
pare,b3030,b3030,1,0,0,,0,
yqia,b3031,b3031,0,0,0,,0,
cpda,b3032,b3032,0,0,0,,0,
yqib,b3033,b3033,0,0,0,,0,
nudf,b3034,b3034,0,1,0,,0,
tolc,b3035,b3035,0,1,0,,0,
ygia,,b3036,,0,0,,0,
ygib,b3037,b3037,0,0,0,,0,
ygic,b3038,b3038,,0,0,,0,
ygid,b3039,b3039,0,0,0,,0,
zupt,b3040,b3040,0,1,0,,0,
yqid,,b4756,,0,0,,0,
ribb,b3041,b3041,1,1,0,,0,
srog,,None,,0,0,,0,
ubik,,b3042,,0,0,,0,
ygil,b3043,b3043,0,0,0,,0,
insc-5,b3044,b3044,0,0,0,,0,
inscd-5,,None,,0,0,,0,
insd-5,b3045,b3045,0,0,0,,0,
yqih,b3047,b3047,0,0,0,,0,
yqii,b3048,b3048,0,0,0,,0,
glgs,b3049,b3049,0,0,0,,0,
yqij,,b3050,,0,0,,0,
yqik,b3051,b3051,0,0,0,,0,
sibd,b4447,b4447,,0,0,,0,
ibsd,b4664,b4664,1,0,0,,0,
sibe,b4611,b4611,,0,0,,0,
ibse,b4666,b4666,0,0,0,,0,
hlde,,b3052,,0,0,,0,
glne,b3053,b3053,,0,0,,0,
ygif,b3054,b3054,,0,0,,0,
ygim,b3055,b3055,,0,0,,0,
cca,b3056,b3056,,0,0,,0,
baca,b3057,b3057,,1,0,,0,
folb,,b3058,,0,0,,0,
plsy,,b3059,,0,0,,0,
ttdr,b3060,b3060,1,0,0,,0,
ttda,b3061,b3061,0,1,0,,0,
ttdb,b3062,b3062,0,1,0,,0,
ttdt,b3063,b3063,0,1,0,,0,
tsad,b3064,b3064,1,0,0,,0,
rpsu,b3065,b3065,1,0,0,,0,
dnag,b3066,b3066,1,0,0,,0,
rpod,b3067,b3067,1,0,0,,0,
mug,b3068,b3068,0,0,0,,0,
ilex,b3069,b3069,,0,0,,0,
nfef,b3070,b3070,0,0,0,,0,
nfer,b3071,b3071,0,0,1,minor,2,neg
aer,b3072,b3072,0,0,0,,0,
pata,b3073,b3073,0,1,0,,0,
ygjh,b3074,b3074,0,0,0,,0,
ebgr,b3075,b3075,0,0,1,minor,2,
ebga,b3076,b3076,0,0,0,,0,
ebgc,b3077,b3077,0,0,0,,0,
ygji,b3078,b3078,0,0,0,,0,
ygjj,,b3079,,0,0,,0,
ygjk,,b3080,,0,0,,0,
fadh,b3081,b3081,0,0,0,,0,
higa,b3082,b3082,0,0,1,minor,2,neg
higb,b3083,b3083,0,0,0,,0,
rlmg,b3084,b3084,0,0,0,,0,
ygjp,,b3085,,0,0,,0,
ygjq,b3086,b3086,,0,0,,0,
ygjr,b3087,b3087,,0,0,,0,
sraf,,b4448,,0,0,,0,
alx,b3088,b3088,,0,0,,0,
sstt,b3089,b3089,,1,0,,0,
ygjv,b3090,b3090,,0,0,,0,
uxaa,b3091,b3091,,1,0,,0,
uxac,b3092,b3092,,1,0,,0,
exut,b3093,b3093,,1,0,,0,
exur,b3094,b3094,,0,1,minor,9,neg
yqim,,,,0,0,,0,
yqja,b3095,b3095,,0,0,,0,
mzra,b3096,b3096,,0,0,,0,
yqjc,,b3097,,0,0,,0,
yqjd,,b3098,,0,0,,0,
yqje,,b3099,,0,0,,0,
yqjk,,b3100,,0,0,,0,
yqjf,b3101,b3101,0,0,0,,0,
yqjg,,b3102,,0,0,,0,
yhah,b3103,b3103,,0,0,,0,
yhai,b3104,b3104,,0,0,,0,
yhaj,b3105,b3105,,0,1,minor,1,
yhak,b3106,b3106,,0,0,,0,
yhal,b3107,b3107,,0,0,,0,
cyua,b4470,b4470,,0,0,,0,
cyup,b3110,b3110,,0,0,,0,
tdcg,b4471,b4471,,1,0,,0,
tdcf,b3113,b3113,,0,0,,0,
tdce,b3114,b3114,,1,0,,0,
tdcd,b3115,b3115,,1,0,,0,
tdcc,b3116,b3116,,1,0,,0,
tdcb,b3117,b3117,,1,0,,0,
nc4,,,,0,0,,0,
tdca,b3118,b3118,,0,1,minor,7,pos
tdcr,b3119,b3119,,0,1,minor,7,
yhab,b3120,b3120,,0,0,,0,
yhac,b3121,b3121,,0,0,,0,
rnpb,b3123,b3123,,0,0,,0,
gark,b3124,b3124,,1,0,,0,
garr,b3125,b3125,,1,0,,0,
garl,b3126,b3126,,1,0,,0,
garp,b3127,b3127,,1,0,,0,
gard,b3128,b3128,,1,0,,0,
prlf,b3129,b3129,,0,0,,0,
yhav,b3130,b3130,,0,0,,0,
agar,b3131,b3131,,0,1,minor,11,neg
kbaz,b3132,b3132,,1,0,,0,
agav,b3133,b3133,,0,0,,0,
agaw,b3134,b3134,,0,0,,0,
agaa,b3135,b3135,,0,0,,0,
agas,b3136,b3136,,0,0,,0,
kbay,b3137,b3137,,1,0,,0,
agab,b3138,b3138,,0,0,,0,
agac,b3139,b3139,,0,0,,0,
agad,b3140,b3140,,0,0,,0,
agai,b3141,b3141,,0,0,,0,
yrah,b3142,b3142,,0,0,,0,
yrai,,b3143,,0,0,,0,
yraj,b3144,b3144,,0,0,,0,
yrak,b3145,b3145,,0,0,,0,
rsmi,,b3146,,0,0,,0,
lpoa,b3147,b3147,,0,0,,0,
yran,,b3148,,0,0,,0,
diaa,,b3149,,0,0,,0,
yrap,b3150,b3150,,0,0,,0,
yraq,b3151,b3151,,0,0,,0,
yrar,,b3152,,0,0,,0,
yhbo,b3153,b3153,,0,0,,0,
yhbp,,b3154,,0,0,,0,
yhbq,,b3155,,0,0,,0,
yhbs,b3156,b3156,0,0,0,,0,
ubit,b3157,b3157,0,0,0,,0,
ubiu,b3158,b3158,0,0,0,,0,
ubiv,,b3159,,0,0,,0,
yhbw,b3160,b3160,0,0,0,,0,
mtr,b3161,b3161,0,1,0,,0,
dead,b3162,b3162,0,0,0,,0,
yrbn,b4685,b4685,0,0,0,,0,
nlpi,b3163,b3163,0,0,0,,0,
pnp,b3164,b3164,0,0,0,,0,
srag,b4449,b4449,,0,0,,0,
rpso,b3165,b3165,1,0,0,,0,
trub,b3166,b3166,0,0,0,,0,
rbfa,b3167,b3167,1,0,0,,0,
infb,b3168,b3168,1,0,0,,0,
nusa,b3169,b3169,0,0,0,,0,
rimp,b3170,b3170,1,0,0,,0,
mety,b3171,b3171,,0,0,,0,
argg,b3172,b3172,0,1,0,,0,
yhbx,b3173,b3173,,0,0,,0,
leuu,b3174,b3174,,0,0,,0,
secg,b3175,b3175,1,0,0,,0,
glmm,,b3176,,0,0,,0,
folp,b3177,b3177,1,1,0,,0,
ftsh,b3178,b3178,1,0,0,,0,
rlme,b3179,b3179,1,0,0,,0,
yhby,b3180,b3180,0,0,0,,0,
grea,b3181,b3181,0,0,0,,0,
dacb,b3182,b3182,0,1,0,,0,
obge,b3183,b3183,0,0,0,,0,
yhbe,b3184,b3184,0,0,0,,0,
rpma,b3185,b3185,1,0,0,,0,
rplu,b3186,b3186,1,0,0,,0,
ispb,b3187,b3187,1,1,0,,0,
sfsb,b3188,b3188,0,0,0,,0,
mura,,b3189,,0,0,,0,
ibag,b3190,b3190,0,0,0,,0,
mlab,b3191,b3191,0,0,0,,0,
mlac,b3192,b3192,0,0,0,,0,
mlad,b3193,b3193,0,0,0,,0,
mlae,b3194,b3194,0,0,0,,0,
mlaf,b3195,b3195,1,0,0,,0,
yrbg,b3196,b3196,0,1,0,,0,
kdsd,b3197,b3197,0,1,0,,0,
kdsc,b3198,b3198,0,1,0,,0,
lptc,b3199,b3199,0,1,0,,0,
lpta,b3200,b3200,1,1,0,,0,
lptb,b3201,b3201,1,1,0,,0,
rpon,b3202,b3202,1,0,0,,0,
hpf,b3203,b3203,0,0,0,,0,
ptsn,b3204,b3204,0,0,0,,0,
rapz,b3205,b3205,,0,0,,0,
yrbl3',,,,0,0,,0,
npr,b3206,b3206,,0,0,,0,
yrbl,b3207,b3207,,0,0,,0,
mtga,,b3208,,0,0,,0,
elbb,,b3209,,0,0,,0,
arcz,b4450,b4450,,0,0,,0,
arcb,b3210,b3210,,0,0,,0,
yhcc5',,,,0,0,,0,
yhcc,b3211,b3211,,0,0,,0,
gltb,b3212,b3212,,1,0,,0,
gltd,b3213,b3213,0,1,0,,0,
gltf,b3214,b3214,0,0,0,,0,
yhca,b3215,b3215,0,0,0,,0,
yhcd,b3216,b3216,0,0,0,,0,
yhcf3',,,,0,0,,0,
insh-10,,b3218,,0,0,,0,
yhcf,,b3219,,0,0,,0,
yhcg,b3220,b3220,0,0,0,,0,
yhch,b3221,b3221,0,0,0,,0,
nank,b3222,b3222,0,1,0,,0,
nane,b3223,b3223,0,1,0,,0,
nant,b3224,b3224,0,1,0,,0,
nana,b3225,b3225,0,1,0,,0,
nanr,,b3226,,0,1,minor,11,
dcud,b3227,b3227,0,0,0,,0,
rpsi3',,,,0,0,,0,
sspb,,b3228,,0,0,,0,
sspa,b3229,b3229,0,0,0,,0,
rpsi,b3230,b3230,1,0,0,,0,
rplm,b3231,b3231,1,0,0,,0,
zape,,b3232,,0,0,,0,
yhcb,b3233,b3233,1,0,0,,0,
degq,b3234,b3234,1,0,0,,0,
degs,b3235,b3235,1,0,0,,0,
mdh,b3236,b3236,0,1,0,,0,
argr,b3237,b3237,0,0,1,specific,38,neg
yhcn,b3238,b3238,0,0,0,,0,
yhco,b3239,b3239,0,0,0,,0,
aaeb,b3240,b3240,0,0,0,,0,
aaea,b3241,b3241,0,0,0,,0,
aaex,b3242,b3242,0,0,0,,0,
aaer,b3243,b3243,1,0,0,,0,
tldd,,b3244,,0,0,,0,
yhdp,,b4472,,0,0,,0,
rng,,b3247,,0,0,,0,
yhde,,b3248,,0,0,,0,
mred,b3249,b3249,0,0,0,,0,
mrec,b3250,b3250,1,0,0,,0,
mreb,b3251,b3251,0,0,0,,0,
csrd,,b3252,,0,0,,0,
yhdh,b3253,b3253,1,0,0,,0,
yrdf,b4697,b4697,,0,0,,0,
b3254,,b3254,,0,0,,0,
yrde,,b4646,,0,0,,0,
accb,b3255,b3255,1,1,1,minor,2,neg
accc,b3256,b3256,0,1,0,,0,
yhdt,b3257,b3257,0,0,0,,0,
panf,b3258,b3258,,1,0,,0,
prma,b3259,b3259,,0,0,,0,
dusb,b3260,b3260,,0,0,,0,
fis,b3261,b3261,,0,1,global,233,neg
yhdj,,b3262,,0,0,,0,
yhdu,,b3263,,0,0,,0,
envr,b3264,b3264,0,0,1,minor,2,
acre,b3265,b3265,0,1,0,,0,
acrf,b3266,b3266,0,1,0,,0,
yhdv,b3267,b3267,0,0,0,,0,
yhdw,b3268,b3268,,0,0,,0,
yhdx,b3269,b3269,0,0,0,,0,
yhdy,b3270,b3270,0,0,0,,0,
yhdz,b3271,b3271,0,0,0,,0,
rrff,b3272,b3272,,0,0,,0,
thrv,b3273,b3273,,0,0,,0,
rrfd,b3274,b3274,,0,0,,0,
rrld,b3275,b3275,,0,0,,0,
alau,b3276,b3276,,0,0,,0,
ileu,b3277,b3277,,0,0,,0,
rrsd,b3278,b3278,,0,0,,0,
yrda,b3279,b3279,0,0,0,,0,
yrdb,b3280,b3280,1,0,0,,0,
aroe,b3281,b3281,0,1,0,,0,
tsac,b3282,b3282,0,0,0,,0,
yrdd,b3283,b3283,0,0,0,,0,
smg,b3284,b3284,1,0,0,,0,
smf,b4473,b4473,0,0,0,,0,
def,b3287,b3287,1,0,0,,0,
fmt,b3288,b3288,1,1,0,,0,
rsmb,b3289,b3289,0,0,0,,0,
trka,,b3290,,0,0,,0,
mscl,b3291,b3291,0,0,0,,0,
arfa,b4550,b4550,0,0,0,,0,
zntr,b3292,b3292,0,0,1,minor,1,
yhdn,b3293,b3293,0,0,0,,0,
rplq,b3294,b3294,0,0,0,,0,
rpoa,b3295,b3295,0,0,0,,0,
rpsd,b3296,b3296,0,0,0,,0,
rpsk,b3297,b3297,,0,0,,0,
rpsm,b3298,b3298,,0,0,,0,
rpmj,b3299,b3299,,0,0,,0,
secy,b3300,b3300,,0,0,,0,
rplo,b3301,b3301,,0,0,,0,
rpmd,b3302,b3302,,0,0,,0,
rpse,b3303,b3303,,0,0,,0,
rplr,b3304,b3304,,0,0,,0,
rplf,b3305,b3305,,0,0,,0,
rpsh,b3306,b3306,,0,0,,0,
rpsn,b3307,b3307,,0,0,,0,
rple,b3308,b3308,,0,0,,0,
rplx,b3309,b3309,,0,0,,0,
rpln,b3310,b3310,,0,0,,0,
rpsq,b3311,b3311,,0,0,,0,
rpmc,b3312,b3312,1,0,0,,0,
rplp,b3313,b3313,1,0,0,,0,
rpsc,b3314,b3314,1,0,0,,0,
rplv,b3315,b3315,1,0,0,,0,
rpss,b3316,b3316,1,0,0,,0,
rplb,b3317,b3317,1,0,0,,0,
rplw,b3318,b3318,1,0,0,,0,
rpld,b3319,b3319,1,0,0,,0,
rplc,b3320,b3320,1,0,0,,0,
rpsj,b3321,b3321,1,0,0,,0,
gspb,b3322,b3322,1,0,0,,0,
gspa,b3323,b3323,1,0,0,,0,
gspc,b3324,b3324,1,0,0,,0,
gspd,b3325,b3325,1,0,0,,0,
gspe,b3326,b3326,1,0,0,,0,
gspf,b3327,b3327,0,0,0,,0,
gspg,b3328,b3328,0,0,0,,0,
gsph,b3329,b3329,0,0,0,,0,
gspi,b3330,b3330,0,0,0,,0,
gspj,b3331,b3331,0,0,0,,0,
gspk,b3332,b3332,0,0,0,,0,
gspl,b3333,b3333,0,0,0,,0,
gspm,b3334,b3334,0,0,0,,0,
gspo,b3335,b3335,0,0,0,,0,
bfr,b3336,b3336,0,0,0,,0,
bfd,b3337,b3337,0,0,0,,0,
chia,b3338,b3338,,0,0,,0,
tufa,b3339,b3339,1,0,0,,0,
fusa,b3340,b3340,1,0,0,,0,
rpsg,b3341,b3341,0,0,0,,0,
rpsl,b3342,b3342,1,0,0,,0,
tusb,,b3343,,0,0,,0,
tusc,,b3344,,0,0,,0,
tusd,,b3345,,0,0,,0,
yheo,b3346,b3346,0,0,0,,0,
fkpa,b3347,b3347,0,0,0,,0,
slyx,b3348,b3348,0,0,0,,0,
slyd,,b3349,,0,0,,0,
yhev,b4551,b4551,0,0,0,,0,
kefb,b3350,b3350,0,1,0,,0,
kefg,b3351,b3351,0,0,0,,0,
yhes,,b3352,,0,0,,0,
yhet,,b3353,,0,0,,0,
crpt,,,,0,0,,0,
yheu,,b3354,,0,0,,0,
prkb,b3355,b3355,0,0,0,,0,
yhfa,b3356,b3356,1,0,0,,0,
crp,b3357,b3357,0,0,1,global,531,neg
yhfk,,b3358,,0,0,,0,
argd,b3359,b3359,0,1,0,,0,
paba,b3360,b3360,,1,0,,0,
fic,b3361,b3361,,0,0,,0,
yhfg,b3362,b3362,,0,0,,0,
ppia,b3363,b3363,,0,0,,0,
tsga,b3364,b3364,,0,0,,0,
nirb,b3365,b3365,,1,0,,0,
nird,b3366,b3366,,1,0,,0,
nirc,b3367,b3367,,1,0,,0,
cysg,b3368,b3368,,1,0,,0,
yhfl,b3369,b3369,,0,0,,0,
frla,,b3370,,0,0,,0,
frlb,,b3371,,0,0,,0,
frlc,,b4474,,0,0,,0,
frld,,b3374,,0,0,,0,
frlr,b3375,b3375,0,0,0,,0,
yhfs,,b3376,,0,0,,0,
yhft,,b3377,,0,0,,0,
yhfu,b3378,b3378,0,0,0,,0,
php,,b3379,,0,0,,0,
yhfw,b3380,b3380,0,1,0,,0,
yhfx,,b3381,,0,0,,0,
yhfy,,b3382,,0,0,,0,
yhfz,b3383,b3383,0,0,0,,0,
trps,b3384,b3384,1,1,0,,0,
gph,b3385,b3385,0,1,0,,0,
rpe,b3386,b3386,0,1,0,,0,
dam,b3387,b3387,0,0,0,,0,
damx,b3388,b3388,0,0,0,,0,
arob,b3389,b3389,0,1,0,,0,
arok,b3390,b3390,0,1,0,,0,
hofq,b3391,b3391,0,0,0,,0,
hofp,b3392,b3392,0,0,0,,0,
hofo,b3393,b3393,0,0,0,,0,
hofn,b3394,b3394,0,0,0,,0,
hofm,b3395,b3395,0,0,0,,0,
mrca,b3396,b3396,,1,0,,0,
nude,b3397,b3397,,1,0,,0,
igaa,b3398,b3398,0,0,0,,0,
yrfg,b3399,b3399,0,0,0,,0,
hslr,b3400,b3400,0,0,0,,0,
hslo,b3401,b3401,0,0,0,,0,
yhge,b3402,b3402,0,0,0,,0,
pck,b3403,b3403,0,1,0,,0,
envz,b3404,b3404,0,0,0,,0,
ompr,b3405,b3405,1,0,1,specific,24,
greb,b3406,b3406,0,0,0,,0,
yhgf,,b3407,,0,0,,0,
feoa,b3408,b3408,0,0,0,,0,
feob,b3409,b3409,,1,0,,0,
feoc,b3410,b3410,,0,0,,0,
rpna,,b3411,,0,0,,0,
bioh,,b3412,,0,0,,0,
yhgh,b3413,b3413,0,0,0,,0,
nfua,b3414,b3414,0,0,0,,0,
gntt,b3415,b3415,0,1,0,,0,
malq,b3416,b3416,0,1,0,,0,
malp,b3417,b3417,0,1,0,,0,
malt,b3418,b3418,0,0,1,minor,10,
rtca,b4475,b4475,0,0,0,,0,
rtcb,b3421,b3421,0,0,0,,0,
rtcr,b3422,b3422,0,0,1,minor,2,
glpr,b3423,b3423,,0,1,minor,9,
glpg,b3424,b3424,0,0,0,,0,
glpe,b3425,b3425,0,1,0,,0,
glpd,b3426,b3426,0,1,0,,0,
yzgl,b3427,b3427,0,0,0,,0,
glgp,b3428,b3428,0,1,0,,0,
glga,b3429,b3429,0,1,0,,0,
glgc,b3430,b3430,0,1,0,,0,
glgx,b3431,b3431,0,1,0,,0,
glgb,b3432,b3432,0,1,0,,0,
yhgo,,,,0,0,,0,
yhgp,,,,0,0,,0,
asd,b3433,b3433,0,1,0,,0,
yhgn,,b3434,,0,0,,0,
gntu,b4476,b4476,0,1,0,,0,
gntk,b3437,b3437,0,1,0,,0,
gntr,b3438,b3438,0,0,1,specific,12,
yhhw,b3439,b3439,0,0,0,,0,
yhhx,b3440,b3440,,0,0,,0,
ryhb,b4451,b4451,,0,0,,0,
yhhy,b3441,b3441,,0,0,,0,
yhhz,b3442,b3442,,0,0,,0,
insa-6,b3444,b3444,,0,0,,0,
insab-6,,None,,0,0,,0,
insb-6,,b3445,,0,0,,0,
yrhd,,b4612,,0,0,,0,
yrhb,b3446,b3446,,0,0,,0,
ggt,b3447,b3447,,1,0,,0,
yhha,b3448,b3448,,0,0,,0,
ugpq,b3449,b3449,,1,0,,0,
ugpc,b3450,b3450,,1,0,,0,
ugpe,b3451,b3451,0,1,0,,0,
ugpa,b3452,b3452,0,1,0,,0,
ugpb,b3453,b3453,0,1,0,,0,
livf,b3454,b3454,0,1,0,,0,
livg,b3455,b3455,0,1,0,,0,
livm,b3456,b3456,0,1,0,,0,
livh,b3457,b3457,0,1,0,,0,
livk,b3458,b3458,0,1,0,,0,
panz,b3459,b3459,0,0,0,,0,
livj,b3460,b3460,0,1,0,,0,
rpoh,b3461,b3461,1,0,0,,0,
ftsx,,b3462,,0,0,,0,
ftse,,b3463,,0,0,,0,
ftsy,,b3464,,0,0,,0,
rsmd,,b3465,,0,0,,0,
yhhl,,b3466,,0,0,,0,
yhhm,b3467,b3467,0,0,0,,0,
yhhn,b3468,b3468,0,0,0,,0,
znta,b3469,b3469,0,1,0,,0,
tusa,b3470,b3470,1,0,0,,0,
yhhq,b3471,b3471,0,0,0,,0,
dcrb,,b3472,,0,0,,0,
yhhs,,b3473,,0,0,,0,
yhht,b3474,b3474,0,0,0,,0,
acpt,,b3475,,0,0,,0,
nika,b3476,b3476,0,1,0,,0,
nikb,b3477,b3477,0,1,0,,0,
nikc,b3478,b3478,0,1,0,,0,
nikd,b3479,b3479,0,1,0,,0,
nike,b3480,b3480,0,1,0,,0,
nikr,b3481,b3481,0,0,1,minor,6,neg
rhsb,b3482,b3482,1,0,0,,0,
yhhh,,b3483,,0,0,,0,
yrhc,,b4552,,0,0,,0,
yhhi,b3484,b3484,0,0,0,,0,
yhhj,b3485,b3485,0,0,0,,0,
rbba,b3486,b3486,0,0,0,,0,
yhii,b3487,b3487,0,0,0,,0,
yhiy,,,,0,0,,0,
yhij,b3488,b3488,0,0,0,,0,
yhil,b4660,b4660,,0,0,,0,
yhim,b3491,b3491,,0,0,,0,
yhin,b3492,b3492,,0,0,,0,
pita,b3493,b3493,,1,0,,0,
uspb,b3494,b3494,,0,0,,0,
uspa,b3495,b3495,,0,0,,0,
yria,,,,0,0,,0,
yrib,,,,0,0,,0,
dtpb,b3496,b3496,,1,0,,0,
rsmj,b3497,b3497,,0,0,,0,
prlc,b3498,b3498,,0,0,,0,
rlmj,,b3499,,0,0,,0,
gor,b3500,b3500,,1,0,,0,
dinq,b4613,b4613,,0,0,,0,
agra,,b4712,,0,0,,0,
agrb,,b4713,,0,0,,0,
arsr,b3501,b3501,,0,1,minor,3,neg
arsb,b3502,b3502,,1,0,,0,
arsc,b3503,b3503,,1,0,,0,
insh-11,,b3505,,0,0,,0,
slp,b3506,b3506,,0,0,,0,
dctr,b3507,b3507,,0,0,,0,
yhid,b3508,b3508,,0,0,,0,
hdeb,b3509,b3509,,0,0,,0,
hdea,b3510,b3510,,0,0,,0,
hded,b3511,b3511,,0,0,,0,
arrs,b4704,b4704,,0,0,,0,
gade,b3512,b3512,,0,1,specific,32,pos
gadf,b4718,b4718,,0,0,,0,
mdte,b3513,b3513,,0,0,,0,
mdtf,b3514,b3514,,0,0,,0,
gadw,b3515,b3515,,0,1,specific,15,neg
gady,b4452,b4452,,0,0,,0,
gadx,b3516,b3516,,0,1,specific,34,pos
gada,b3517,b3517,,1,0,,0,
ccp,b3518,b3518,,0,0,,0,
tref,b3519,b3519,,1,0,,0,
nc8,,,,0,0,,0,
yhjb,,b3520,,0,0,,0,
yhjc,b3521,b3521,,0,0,,0,
yhjd,b3522,b3522,,0,0,,0,
yhje,b3523,b3523,,0,0,,0,
yhjg,b3524,b3524,,0,0,,0,
pdeh,b3525,b3525,,0,0,,0,
kdgk,,b3526,,0,0,,0,
yhjj,b3527,b3527,,0,0,,0,
dcta,b3528,b3528,,1,0,,0,
pdek,,b3529,,0,0,,0,
bcsc,b3530,b3530,,0,0,,0,
bcsz,b3531,b3531,,0,0,,0,
bcsb,b3532,b3532,,0,0,,0,
bcsa,,b3533,,0,0,,0,
bcsq,,b3534,,0,0,,0,
yhjr,b3535,b3535,,0,0,,0,
bcse,b3536,b3536,,0,0,,0,
bcsf,b3537,b3537,,0,0,,0,
bcsg,b3538,b3538,,0,0,,0,
ldrd,b4453,b4453,,0,0,,0,
rdld,b4454,b4454,,0,0,,0,
yhjv,b3539,b3539,,0,0,,0,
dppf,b3540,b3540,,1,0,,0,
dppd,b3541,b3541,,1,0,,0,
dppc,b3542,b3542,,1,0,,0,
dppb,b3543,b3543,,1,0,,0,
dppa,b3544,b3544,,1,0,,0,
prok,b3545,b3545,,0,0,,0,
eptb,b3546,b3546,0,1,0,,0,
yhjx,b3547,b3547,0,0,0,,0,
yhjy,b3548,b3548,0,0,0,,0,
tag,b3549,b3549,0,0,0,,0,
yiac,b3550,b3550,0,0,0,,0,
bisc,b3551,b3551,0,1,0,,0,
yiad,b3552,b3552,0,0,0,,0,
ghrb,b3553,b3553,0,1,0,,0,
yiaf,,b3554,,0,0,,0,
yiag,b3555,b3555,0,0,0,,0,
cspa,b3556,b3556,0,0,1,minor,2,
ysae,,,,0,0,,0,
moka,,b4647,,0,0,,0,
hoka,,b4455,,0,0,,0,
insjk,,None,,0,0,,0,
insj,b3557,b3557,0,0,0,,0,
insk,b3558,b3558,1,0,0,,0,
soka,,b4614,,0,0,,0,
glys,b3559,b3559,1,1,0,,0,
glyq,b3560,b3560,1,1,0,,0,
ysab,,b4553,,0,0,,0,
wech,b3561,b3561,0,0,0,,0,
yiaa,b3562,b3562,,0,0,,0,
yiab,,b3563,,0,0,,0,
xylb,b3564,b3564,1,1,0,,0,
xyla,b3565,b3565,0,1,0,,0,
xylf,b3566,b3566,0,1,0,,0,
xylg,b3567,b3567,0,1,0,,0,
xylh,b3568,b3568,0,1,0,,0,
xylr,b3569,b3569,0,0,1,minor,8,pos
bax,,b3570,,0,0,,0,
baxl,,,,0,0,,0,
mals,b3571,b3571,0,1,0,,0,
avta,b3572,b3572,0,1,0,,0,
ysaa,,b3573,,0,0,,0,
yiaj,b3574,b3574,0,0,1,minor,10,neg
yiak,b3575,b3575,0,1,0,,0,
yial,b3576,b3576,1,0,0,,0,
yiam,b3577,b3577,0,1,0,,0,
yian,b3578,b3578,0,1,0,,0,
yiao,b3579,b3579,,1,0,,0,
lyxk,b3580,b3580,,1,0,,0,
sgbh,b3581,b3581,,1,0,,0,
sgbu,b3582,b3582,,0,0,,0,
sgbe,b3583,b3583,,1,0,,0,
ysac,,b4648,,0,0,,0,
ysad,,b4649,,0,0,,0,
yiat,,b3584,,0,0,,0,
yiau,,b3585,,0,0,,0,
yiav,,b3586,,0,0,,0,
yiaw,,b3587,,0,0,,0,
aldb,b3588,b3588,,1,0,,0,
yiay,b3589,b3589,0,0,0,,0,
selb,b3590,b3590,0,0,0,,0,
sela,b3591,b3591,0,1,0,,0,
yibf,,b3592,,0,0,,0,
rhsa,b3593,b3593,0,0,0,,0,
yiba,b3594,b3594,0,0,0,,0,
yibj,,b3595,,0,0,,0,
yibg,b3596,b3596,0,0,0,,0,
yibs,,b4650,,0,0,,0,
yibw,,b4651,,0,0,,0,
yibv,,b4615,,0,0,,0,
yibu,,b4652,,0,0,,0,
yibh,,b3597,,0,0,,0,
yibi,,b3598,,0,0,,0,
mtla,b3599,b3599,0,1,0,,0,
mtld,b3600,b3600,0,1,0,,0,
mtlr,b3601,b3601,0,0,0,,0,
yibt,b4554,b4554,0,0,0,,0,
yibl,b3602,b3602,0,0,0,,0,
lldp,b3603,b3603,0,1,0,,0,
lldr,b3604,b3604,0,0,1,minor,3,neg
lldd,b3605,b3605,0,1,0,,0,
trml,,b3606,,0,0,,0,
cyse,b3607,b3607,0,1,0,,0,
gpsa,b3608,b3608,0,1,0,,0,
secb,b3609,b3609,0,0,0,,0,
grxc,b3610,b3610,0,1,0,,0,
yibn,b3611,b3611,0,0,0,,0,
gpmm,b3612,b3612,0,1,0,,0,
envc,b3613,b3613,0,0,0,,0,
yibq,b3614,b3614,0,0,0,,0,
waah,b3615,b3615,0,0,0,,0,
tdh,b3616,b3616,0,1,0,,0,
kbl,b3617,b3617,0,1,0,,0,
htrl,,b3618,,0,0,,0,
rfad,b3619,b3619,0,1,0,,0,
waaf,b3620,b3620,0,1,0,,0,
waac,b3621,b3621,0,1,0,,0,
waal,b3622,b3622,,1,0,,0,
yibx,,,,0,0,,0,
yiby,,,,0,0,,0,
waau,b3623,b3623,,1,0,,0,
waaz,b3624,b3624,,1,0,,0,
waay,b3625,b3625,,1,0,,0,
waaj,b3626,b3626,,1,0,,0,
waao,b3627,b3627,0,1,0,,0,
waab,b3628,b3628,0,1,0,,0,
waas,b3629,b3629,0,1,0,,0,
waap,b3630,b3630,0,1,0,,0,
waag,b3631,b3631,0,1,0,,0,
waaq,b3632,b3632,0,1,0,,0,
rira,b4760,b4760,,0,0,,0,
waaa,b3633,b3633,1,1,0,,0,
coad,b3634,b3634,1,1,0,,0,
mutm,b3635,b3635,0,0,0,,0,
rpmg,b3636,b3636,0,0,0,,0,
rpmb,b3637,b3637,1,0,0,,0,
yicr,,b3638,,0,0,,0,
dfp,,b3639,,0,0,,0,
dut,b3640,b3640,1,1,0,,0,
slma,b3641,b3641,0,0,0,,0,
pyre,b3642,b3642,0,1,0,,0,
rph,,b3643,,0,0,,0,
yicc,,b3644,,0,0,,0,
dind,b3645,b3645,0,0,0,,0,
yicg,b3646,b3646,0,0,0,,0,
ligb,b3647,b3647,0,0,0,,0,
gmk,b3648,b3648,1,1,0,,0,
rpoz,b3649,b3649,0,0,0,,0,
spot,b3650,b3650,0,1,0,,0,
trmh,b3651,b3651,0,0,0,,0,
recg,b3652,b3652,0,0,0,,0,
glts,b3653,b3653,0,1,0,,0,
xanp,b3654,b3654,0,1,0,,0,
yich,b3655,b3655,0,0,0,,0,
yici,b3656,b3656,0,0,0,,0,
yicj,b3657,b3657,0,0,0,,0,
selc,b3658,b3658,,0,0,,0,
yict,,b4653,,0,0,,0,
setc,,b3659,,0,0,,0,
yicl,,b3660,,0,0,,0,
yicu,,,,0,0,,0,
nlpa,b3661,b3661,,0,0,,0,
yics,,b4555,,0,0,,0,
nepi,b3662,b3662,0,0,0,,0,
yicn,,b3663,,0,0,,0,
adeq,b3664,b3664,0,0,0,,0,
aded,b3665,b3665,0,1,0,,0,
uhpt,b3666,b3666,0,1,0,,0,
uhpc,b3667,b3667,0,0,0,,0,
uhpb,b3668,b3668,0,0,0,,0,
uhpa,b3669,b3669,0,0,1,minor,1,
ilvn,b3670,b3670,0,1,0,,0,
ilvb,b3671,b3671,0,1,0,,0,
ivbl,b3672,b3672,0,0,0,,0,
istr,b4616,b4616,,0,0,,0,
istr-1,,None,,0,0,,0,
tisa,b4617,b4617,,0,0,,0,
tisb,b4618,b4618,0,0,0,,0,
ysde,,,,0,0,,0,
emrd,b3673,b3673,0,0,0,,0,
yidf,,b3674,,0,0,,0,
yidg,,b3675,,0,0,,0,
yidh,,b3676,,0,0,,0,
yidi,,b3677,,0,0,,0,
yidj,,b3678,,0,0,,0,
yidk,b3679,b3679,,1,0,,0,
yidl,b3680,b3680,,0,0,,0,
ysdc,,b4556,,0,0,,0,
glvg,,b3681,,0,0,,0,
glvb,,b3682,,0,0,,0,
glvc,,b3683,,0,0,,0,
yidp,,b3684,,0,0,,0,
yide,b3685,b3685,0,0,0,,0,
ibpb,b3686,b3686,0,0,0,,0,
ibpa,b3687,b3687,0,0,0,,0,
yidq,b3688,b3688,0,0,0,,0,
yidr,,b3689,,0,0,,0,
cbra,b3690,b3690,0,0,0,,0,
dgot,b3691,b3691,0,1,0,,0,
dgod,b4478,b4478,0,1,0,,0,
dgoa,b4477,b4477,0,1,0,,0,
dgok,b3693,b3693,0,1,0,,0,
dgor,b4479,b4479,0,0,1,minor,5,neg
yidx,,b3696,,0,0,,0,
yida,,b3697,,0,0,,0,
yidb,b3698,b3698,,0,0,,0,
gyrb,b3699,b3699,0,0,0,,0,
recf,b3700,b3700,0,0,0,,0,
dnan,b3701,b3701,1,0,0,,0,
dnaa,b3702,b3702,1,0,1,specific,14,neg
ysdd,,b4757,,0,0,,0,
rpmh,b3703,b3703,,0,0,,0,
rnpa,b3704,b3704,,0,0,,0,
yidd,b4557,b4557,1,0,0,,0,
yidc,b3705,b3705,1,0,0,,0,
mnme,b3706,b3706,0,0,0,,0,
tnac,b3707,b3707,,0,0,,0,
tnaa,b3708,b3708,0,1,0,,0,
tnab,b3709,b3709,0,1,0,,0,
mdtl,b3710,b3710,0,0,0,,0,
yidz,b3711,b3711,0,0,0,,0,
yiee,b3712,b3712,0,0,0,,0,
yief,b3713,b3713,0,0,0,,0,
adep,b3714,b3714,0,1,0,,0,
yieh,b3715,b3715,0,0,0,,0,
cbrb,b3716,b3716,0,0,0,,0,
cbrc,b3717,b3717,0,0,0,,0,
yiek,,b3718,,0,0,,0,
yiel,,b3719,,0,0,,0,
bglh,b3720,b3720,0,0,0,,0,
bglb,b3721,b3721,1,0,0,,0,
bglf,b3722,b3722,0,1,0,,0,
bglg,b3723,b3723,0,0,0,,0,
phou,b3724,b3724,,0,0,,0,
pstb,b3725,b3725,,1,0,,0,
psta,b3726,b3726,,1,0,,0,
pstc,b3727,b3727,,1,0,,0,
psts,b3728,b3728,,1,0,,0,
glms,b3729,b3729,,1,0,,0,
glmu,b3730,b3730,,1,0,,0,
atpc,b3731,b3731,,1,0,,0,
atpd,b3732,b3732,,1,0,,0,
atpg,b3733,b3733,1,1,0,,0,
atpa,b3734,b3734,1,1,0,,0,
atph,b3735,b3735,1,1,0,,0,
atpf,b3736,b3736,1,1,0,,0,
atpe,b3737,b3737,1,1,0,,0,
atpb,b3738,b3738,1,1,0,,0,
atpi,b3739,b3739,1,1,0,,0,
rsmg,b3740,b3740,1,0,0,,0,
mnmg,b3741,b3741,0,0,0,,0,
mioc,b3742,b3742,0,0,0,,0,
asnc,b3743,b3743,0,0,1,minor,4,neg
asna,b3744,b3744,0,1,0,,0,
viaa,b3745,b3745,0,0,0,,0,
rava,b3746,b3746,0,0,0,,0,
kup,b3747,b3747,0,1,0,,0,
rbsd,b3748,b3748,0,1,0,,0,
rbsa,b3749,b3749,0,1,0,,0,
rbsc,b3750,b3750,0,1,0,,0,
rbsb,b3751,b3751,0,1,0,,0,
rbsk,b3752,b3752,0,1,0,,0,
rbsr,b3753,b3753,0,0,1,minor,9,neg
hsra,,b3754,,0,0,,0,
yiep,b3755,b3755,0,0,0,,0,
rrsc,b3756,b3756,,0,0,,0,
gltu,b3757,b3757,,0,0,,0,
rrlc,b3758,b3758,,0,0,,0,
rrfc,b3759,b3759,,0,0,,0,
aspt,,b3760,,0,0,,0,
trpt,,b3761,,0,0,,0,
hdfr,b4480,b4480,0,0,1,minor,5,
maop,b3764,b3764,0,0,0,,0,
yifb,b3765,b3765,0,0,0,,0,
ilvl,b3766,b3766,0,0,0,,0,
ilvx,b4669,b4669,0,0,0,,0,
ilvg,b4488,b4488,,0,0,,0,
ilvm,b3769,b3769,1,0,0,,0,
ilve,b3770,b3770,0,1,0,,0,
ilvd,b3771,b3771,0,1,0,,0,
ilva,b3772,b3772,0,1,0,,0,
ilvy,b3773,b3773,0,0,1,minor,2,neg
ilvc,b3774,b3774,0,1,0,,0,
ppic,b3775,b3775,1,0,0,,0,
yifn,,b3777,,0,0,,0,
rep,b3778,b3778,0,0,0,,0,
gpp,,b3779,,0,0,,0,
rhlb,,b3780,,0,0,,0,
trxa,b3781,b3781,0,1,0,,0,
rhol,,b3782,,0,0,,0,
rho,b3783,b3783,1,0,0,,0,
rfe,b3784,b3784,0,1,0,,0,
wzze,b3785,b3785,0,1,0,,0,
wecb,b3786,b3786,0,1,0,,0,
wecc,b3787,b3787,0,1,0,,0,
rffg,b3788,b3788,0,1,0,,0,
rffh,b3789,b3789,0,1,0,,0,
rffc,b3790,b3790,0,1,0,,0,
wece,b3791,b3791,,1,0,,0,
wzxe,b3792,b3792,,1,0,,0,
wecf,b4481,b4481,0,1,0,,0,
wzye,b3793,b3793,0,1,0,,0,
rffm,b3794,b3794,0,1,0,,0,
yifk,b3795,b3795,1,0,0,,0,
argx,b3796,b3796,,0,0,,0,
hisr,b3797,b3797,,0,0,,0,
leut,b3798,b3798,,0,0,,0,
prom,b3799,b3799,,0,0,,0,
aslb,b3800,b3800,0,0,0,,0,
asla,,b3801,,0,0,,0,
glmz,b4456,b4456,,0,0,,0,
hemy,,b3802,,0,0,,0,
hemx,,b3803,,0,0,,0,
hemd,,b3804,,0,0,,0,
hemc,,b3805,,0,0,,0,
cyaa,b3806,b3806,0,1,0,,0,
cyay,,b3807,,0,0,,0,
yzcx,b3808,b3808,0,0,0,,0,
yifl,b4558,b4558,0,0,0,,0,
dapf,b3809,b3809,1,1,0,,0,
yiga,b3810,b3810,0,0,0,,0,
xerc,b3811,b3811,0,0,0,,0,
yigb,b3812,b3812,0,0,0,,0,
uvrd,b3813,b3813,0,0,0,,0,
yige5',,,,0,0,,0,
yige,,b4482,,0,0,,0,
ysgd,,,,0,0,,0,
cora,b3816,b3816,0,1,0,,0,
yigf,,b3817,,0,0,,0,
yigg,b3818,b3818,,0,0,,0,
rard,b3819,b3819,,0,0,,0,
yigi,b3820,b3820,,0,0,,0,
plda,b3821,b3821,,1,0,,0,
recq,b3822,b3822,,0,0,,0,
rhtc,,b3823,,0,0,,0,
rhtb,b3824,b3824,,1,0,,0,
pldb,,b3825,,0,0,,0,
yigl,b3826,b3826,,1,0,,0,
biop,,b3827,,0,0,,0,
metr,b3828,b3828,0,0,1,minor,5,neg
mete,b3829,b3829,0,1,0,,0,
ysga,b3830,b3830,1,0,0,,0,
udp,b3831,b3831,0,1,0,,0,
rmuc,b3832,b3832,0,0,0,,0,
ubie,,b3833,,0,0,,0,
ubij,,b3834,,0,0,,0,
esre,b4707,b4707,,0,0,,0,
ubib,,b3835,,0,0,,0,
tata,b3836,b3836,0,0,0,,0,
tatb,b3838,b3838,0,0,0,,0,
tatc,b3839,b3839,0,0,0,,0,
tatd,b4483,b4483,1,0,0,,0,
rfah,b3842,b3842,0,0,0,,0,
ubid,,b3843,,0,0,,0,
fre,,b3844,,0,0,,0,
fada,b3845,b3845,0,1,0,,0,
fadb,b3846,b3846,,1,0,,0,
pepq,,b3847,,0,0,,0,
yigz,,b3848,,0,0,,0,
trkh,b3849,b3849,,1,0,,0,
hemg,,b3850,,0,0,,0,
rrsa,b3851,b3851,,0,0,,0,
ilet,b3852,b3852,,0,0,,0,
alat,b3853,b3853,,0,0,,0,
rrla,b3854,b3854,,0,0,,0,
rrfa,b3855,b3855,,0,0,,0,
mobb,,b3856,,0,0,,0,
moba,b3857,b3857,0,1,0,,0,
yihd,b3858,b3858,0,0,0,,0,
srka,b3859,b3859,0,0,0,,0,
dsba,b3860,b3860,0,1,0,,0,
yihf,,b3861,,0,0,,0,
yihg,b3862,b3862,0,0,0,,0,
pola,b3863,b3863,0,0,0,,0,
spf,b3864,b3864,,0,0,,0,
yiha,,b3865,,0,0,,0,
csrc,b4457,b4457,,0,0,,0,
yihi,b3866,b3866,0,0,0,,0,
hemn,b3867,b3867,0,1,0,,0,
yshb,,b4686,,0,0,,0,
glng,b3868,b3868,0,0,0,,0,
glna3',,,,0,0,,0,
glnl,b3869,b3869,0,0,0,,0,
typa5',,,,0,0,,0,
glna,b3870,b3870,0,1,0,,0,
bipa,b3871,b3871,0,0,0,,0,
yihl,b3872,b3872,,0,0,,0,
yihm,b3873,b3873,,0,0,,0,
yihn,b3874,b3874,,0,0,,0,
ompl,,b3875,,0,0,,0,
yiho,b3876,b3876,,0,0,,0,
yihp,,b3877,,0,0,,0,
yihq,b3878,b3878,,0,0,,0,
yihr,b3879,b3879,,0,0,,0,
yihs,b3880,b3880,,0,0,,0,
yiht,b3881,b3881,,0,0,,0,
yihu,b3882,b3882,,1,0,,0,
yihv,b3883,b3883,,0,0,,0,
csqr,b3884,b3884,,0,1,minor,5,neg
yihx,b3885,b3885,,0,0,,0,
yihy,b3886,b3886,0,0,0,,0,
dtd,b3887,b3887,0,0,0,,0,
faby,b3888,b3888,0,0,0,,0,
yiie,b3889,b3889,0,0,0,,0,
yiif,b3890,b3890,0,0,0,,0,
fdhe,b3891,b3891,0,0,0,,0,
fdoi,b3892,b3892,0,1,0,,0,
fdoh,b3893,b3893,,1,0,,0,
fdog,b3894,b3894,,1,0,,0,
fdhd,b3895,b3895,,0,0,,0,
yiig,,b3896,,0,0,,0,
frvr,,b3897,,0,0,,0,
frvx,,b3898,,0,0,,0,
frvb,,b3899,,0,0,,0,
frva,,b3900,,0,0,,0,
rham,,b3901,,0,0,,0,
rhad,b3902,b3902,0,1,0,,0,
rhaa,b3903,b3903,1,1,0,,0,
rhab,b3904,b3904,1,1,0,,0,
rhas,b3905,b3905,0,0,1,minor,6,
rhar,b3906,b3906,0,0,1,minor,2,pos
rhat,b3907,b3907,0,1,0,,0,
soda,b3908,b3908,0,1,0,,0,
kdgt,b3909,b3909,0,1,0,,0,
yiim,b3910,b3910,0,0,0,,0,
cpxa,b3911,b3911,0,0,0,,0,
cpxr,b3912,b3912,,0,1,specific,70,pos
cpxp,b4484,b4484,1,0,0,,0,
cpxq,b4716,b4716,,0,0,,0,
fief,b3915,b3915,0,1,0,,0,
pfka,b3916,b3916,0,1,0,,0,
sbp,,b3917,,0,0,,0,
cdh,,b3918,,0,0,,0,
tpia,b3919,b3919,1,1,0,,0,
yiiq,b3920,b3920,0,0,0,,0,
yiir,,b3921,,0,0,,0,
yiis,b3922,b3922,0,0,0,,0,
uspd,b3923,b3923,0,0,0,,0,
fpr,b3924,b3924,0,1,0,,0,
glpx,b3925,b3925,,1,0,,0,
glpk,b3926,b3926,1,1,0,,0,
glpf,b3927,b3927,0,1,0,,0,
zapb,,b3928,,0,0,,0,
rraa,b3929,b3929,0,0,0,,0,
mena,b3930,b3930,0,1,0,,0,
hslu,b3931,b3931,0,0,0,,0,
hslv,b3932,b3932,0,0,0,,0,
ftsn,,b3933,,0,0,,0,
cytr,b3934,b3934,0,0,1,specific,13,neg
pria,,b3935,,0,0,,0,
rpme,b3936,b3936,1,0,0,,0,
yiix,b3937,b3937,1,0,0,,0,
metj,b3938,b3938,0,0,1,specific,15,
metb,b3939,b3939,0,1,0,,0,
metl,b3940,b3940,0,1,0,,0,
metf,b3941,b3941,0,1,0,,0,
katg,b3942,b3942,,1,0,,0,
yije,,b3943,,0,0,,0,
yijf,,b3944,,0,0,,0,
glda,,b3945,,0,0,,0,
fsab,,b3946,,0,0,,0,
ptsa,,b3947,,0,0,,0,
frwc,,b3949,,0,0,,0,
frwb,b3950,b3950,0,0,0,,0,
pfld,,b3951,,0,0,,0,
pflc,b3952,b3952,0,1,0,,0,
frwd,,b3953,,0,0,,0,
yijo,b3954,b3954,0,0,0,,0,
eptc,,b3955,,0,0,,0,
ppc,b3956,b3956,0,1,0,,0,
arge,b3957,b3957,1,1,0,,0,
argc,b3958,b3958,0,1,0,,0,
argb,b3959,b3959,0,1,0,,0,
argh,b3960,b3960,0,1,0,,0,
oxys,b4458,b4458,,0,0,,0,
oxyr,b3961,b3961,1,0,1,specific,43,neg
stha,b3962,b3962,0,1,0,,0,
fabr,,b3963,,0,1,minor,2,
yijd,,b3964,,0,0,,0,
trma,b3965,b3965,0,0,0,,0,
btub,b3966,b3966,0,1,0,,0,
muri,b3967,b3967,1,1,0,,0,
rrsb,b3968,b3968,,0,0,,0,
gltt,b3969,b3969,,0,0,,0,
rrlb,b3970,b3970,,0,0,,0,
rrfb,b3971,b3971,,0,0,,0,
murb,,b3972,,0,0,,0,
bira,b3973,b3973,0,0,1,minor,5,
coaa,,b3974,,0,0,,0,
thru,b3976,b3976,,0,0,,0,
tyru,b3977,b3977,,0,0,,0,
glyt,b3978,b3978,,0,0,,0,
thrt,b3979,b3979,,0,0,,0,
tufb,b3980,b3980,1,0,0,,0,
sece,b3981,b3981,1,0,0,,0,
nusg,b3982,b3982,1,0,0,,0,
rplk,b3983,b3983,1,0,0,,0,
rpla,b3984,b3984,1,0,0,,0,
rplj,b3985,b3985,1,0,0,,0,
rpll,b3986,b3986,1,0,0,,0,
rpob,b3987,b3987,1,0,0,,0,
rpoc,b3988,b3988,1,0,0,,0,
yjaz,b3989,b3989,0,0,0,,0,
sroh,b4691,b4691,,0,0,,0,
thih,b3990,b3990,0,1,0,,0,
thig,b3991,b3991,0,1,0,,0,
this,b4407,b4407,0,1,0,,0,
thif,b3992,b3992,0,1,0,,0,
thie,b3993,b3993,0,1,0,,0,
thic,b3994,b3994,0,1,0,,0,
rsd,b3995,b3995,0,0,0,,0,
nudc,b3996,b3996,,1,0,,0,
heme,,b3997,,0,0,,0,
nfi,,b3998,,0,0,,0,
yjag,b3999,b3999,0,0,0,,0,
hupa,b4000,b4000,0,0,0,,0,
yjah,b4001,b4001,0,0,0,,0,
zrap,b4002,b4002,0,0,0,,0,
zras,b4003,b4003,0,0,0,,0,
zrar,b4004,b4004,0,0,1,minor,3,pos
purd,b4005,b4005,0,1,0,,0,
purh,b4006,b4006,0,1,0,,0,
rrse,b4007,b4007,,0,0,,0,
gltv,b4008,b4008,,0,0,,0,
rrle,b4009,b4009,,0,0,,0,
rrfe,b4010,b4010,,0,0,,0,
yjaa,,b4011,,0,0,,0,
yjab,,b4012,,0,0,,0,
meta,b4013,b4013,0,1,0,,0,
aceb,b4014,b4014,0,1,0,,0,
acea,b4015,b4015,0,1,0,,0,
acek,b4016,b4016,0,0,0,,0,
arpa,,b4017,,0,0,,0,
iclr,b4018,b4018,0,0,1,minor,4,neg
meth,b4019,b4019,,1,0,,0,
yjbb,b4020,b4020,0,0,0,,0,
pepe,,b4021,,0,0,,0,
rluf,,b4022,,0,0,,0,
lysc5',,,,0,0,,0,
yjbd,b4023,b4023,0,0,0,,0,
lysc,b4024,b4024,0,1,0,,0,
pgi,b4025,b4025,0,1,0,,0,
yjbe,b4026,b4026,0,0,0,,0,
yjbf,b4027,b4027,0,0,0,,0,
yjbg,b4028,b4028,0,0,0,,0,
yjbh,b4029,b4029,0,0,0,,0,
yjbt,,b4620,,0,0,,0,
psie,b4030,b4030,,0,0,,0,
xyle,b4031,b4031,,1,0,,0,
malg,b4032,b4032,,1,0,,0,
malf,b4033,b4033,0,1,0,,0,
male,b4034,b4034,0,1,0,,0,
malk,b4035,b4035,0,1,0,,0,
lamb,b4036,b4036,0,1,0,,0,
malm,b4037,b4037,0,0,0,,0,
yjbi,,b4038,,0,0,,0,
ubic,b4039,b4039,0,1,0,,0,
ubia,b4040,b4040,1,1,0,,0,
plsb,b4041,b4041,0,1,0,,0,
dgka,b4042,b4042,0,1,0,,0,
lexa,b4043,b4043,1,0,1,specific,61,neg
dinf,b4044,b4044,0,0,0,,0,
yjbj,b4045,b4045,0,0,0,,0,
zur,,b4046,,0,1,minor,6,
yjbl,,b4047,,0,0,,0,
yjbm,b4048,b4048,,0,0,,0,
dusa,,b4049,,0,0,,0,
pspg,b4050,b4050,0,0,0,,0,
psph,,b4758,,0,0,,0,
qora,b4051,b4051,0,0,0,,0,
dnab,,b4052,,0,0,,0,
alr,,,,0,0,,0,
tyrb,b4054,b4054,0,1,0,,0,
yjbs,,b4621,,0,0,,0,
apha,b4055,b4055,0,1,0,,0,
yjbq,b4056,b4056,0,0,0,,0,
yjbr,b4057,b4057,0,0,0,,0,
uvra,b4058,b4058,1,0,0,,0,
ssb,b4059,b4059,0,0,0,,0,
yjcb,b4060,b4060,0,0,0,,0,
pdec,b4061,b4061,0,0,0,,0,
soxs,b4062,b4062,0,0,1,specific,44,neg
soxr,b4063,b4063,0,0,1,minor,8,neg
ryja,b4459,b4459,,0,0,,0,
ghxp,b4064,b4064,0,0,0,,0,
yjce,b4065,b4065,0,0,0,,0,
yjcf,b4066,b4066,0,0,0,,0,
actp,b4067,b4067,0,1,0,,0,
yjch,b4068,b4068,0,0,0,,0,
acs,b4069,b4069,0,1,0,,0,
nrfa,b4070,b4070,,1,0,,0,
nrfb,b4071,b4071,,1,0,,0,
nrfc,b4072,b4072,,1,0,,0,
nrfd,b4073,b4073,,1,0,,0,
nrfe,b4074,b4074,,0,0,,0,
nrff,b4075,b4075,,0,0,,0,
nrfg,b4076,b4076,,0,0,,0,
gltp,b4077,b4077,,1,0,,0,
yjco,b4078,b4078,,0,0,,0,
fdhf,b4079,b4079,,1,0,,0,
mdtp,,b4080,,0,0,,0,
mdto,,b4081,,0,0,,0,
mdtn,b4082,b4082,,0,0,,0,
ytca,,b4622,,0,0,,0,
yjcs,b4083,b4083,,0,0,,0,
alsk,b4084,b4084,,1,0,,0,
alse,b4085,b4085,,1,0,,0,
alsc,b4086,b4086,,1,0,,0,
alsa,b4087,b4087,,1,0,,0,
alsb,b4088,b4088,,1,0,,0,
alsr,b4089,b4089,,0,1,minor,6,neg
rpib,b4090,b4090,,1,0,,0,
yjdp,b4487,b4487,,0,0,,0,
phnp,b4092,b4092,0,0,0,,0,
phno,b4093,b4093,0,0,0,,0,
phnn,b4094,b4094,0,1,0,,0,
phnm,b4095,b4095,0,0,0,,0,
phnl,b4096,b4096,0,0,0,,0,
phnk,b4097,b4097,0,0,0,,0,
phnj,b4098,b4098,0,0,0,,0,
phni,b4099,b4099,0,0,0,,0,
phnh,b4100,b4100,0,0,0,,0,
phng,b4101,b4101,0,0,0,,0,
phnf,b4102,b4102,0,0,0,,0,
phne,b4583,b4583,0,0,0,,0,
phnd,b4105,b4105,0,0,0,,0,
phnc,b4106,b4106,0,0,0,,0,
yjdn,,b4107,,0,0,,0,
narna6,,None,,0,0,,0,
narna5,,None,,0,0,,0,
narna4,,None,,0,0,,0,
narna3,,None,,0,0,,0,
narna2,,None,,0,0,,0,
narna1,,None,,0,0,,0,
yjdm,,b4108,,0,0,,0,
crfc,b4109,b4109,0,0,0,,0,
yjcz,b4110,b4110,0,0,0,,0,
prop,b4111,b4111,1,1,0,,0,
pmrr,,b4703,,0,0,,0,
bass,,b4112,,0,0,,0,
basr,,b4113,,0,1,specific,13,
epta,b4114,b4114,0,0,0,,0,
adic,b4115,b4115,0,1,0,,0,
adiy,b4116,b4116,0,0,1,minor,8,
adia,b4117,b4117,0,1,0,,0,
melr,b4118,b4118,0,0,1,minor,3,neg
mela,b4119,b4119,0,1,0,,0,
melb,b4120,b4120,0,1,0,,0,
yjdf,b4121,b4121,,0,0,,0,
fumb,b4122,b4122,,1,0,,0,
dcub,b4123,b4123,,1,0,,0,
dcur,b4124,b4124,,0,1,minor,9,
dcus,b4125,b4125,,0,0,,0,
yjdi,,b4126,,0,0,,0,
yjdj,,b4127,,0,0,,0,
ghos,,b4128,,0,0,,0,
ghot,,b4559,,0,0,,0,
lysu,b4129,b4129,1,1,0,,0,
dtpc,,b4130,,0,0,,0,
cada,b4131,b4131,0,1,0,,0,
cadb,b4132,b4132,0,1,0,,0,
cadc,b4133,b4133,0,0,1,minor,3,pos
yjdq,,b4654,,0,0,,0,
pheu,b4134,b4134,,0,0,,0,
yjdc,b4135,b4135,1,0,0,,0,
dsbd,,b4136,,0,0,,0,
cuta,b4137,b4137,0,0,0,,0,
dcua,b4138,b4138,0,1,0,,0,
aspa,b4139,b4139,0,1,0,,0,
fxsa,b4140,b4140,0,0,0,,0,
yjeh,b4141,b4141,0,0,0,,0,
gros,b4142,b4142,1,0,0,,0,
grol,b4143,b4143,1,0,0,,0,
yjei,b4144,b4144,0,0,0,,0,
yjej,b4145,b4145,0,0,0,,0,
epmb,,b4146,,0,0,,0,
efp,b4147,b4147,1,0,0,,0,
ecna,b4410,b4410,1,0,0,,0,
ecnb,b4411,b4411,0,0,0,,0,
gdx,b4148,b4148,0,0,0,,0,
blc,b4149,b4149,,0,0,,0,
ampc,b4150,b4150,,0,0,,0,
frdd,b4151,b4151,,1,0,,0,
frdc,b4152,b4152,,1,0,,0,
frdb,b4153,b4153,,1,0,,0,
frda,b4154,b4154,0,1,0,,0,
epma,b4155,b4155,0,0,0,,0,
yjem,b4156,b4156,0,0,0,,0,
yjen,,b4157,,0,0,,0,
yjeo,,b4158,,0,0,,0,
mscm,b4159,b4159,0,0,0,,0,
psd,b4160,b4160,1,1,0,,0,
rsga,b4161,b4161,1,1,0,,0,
orn,b4162,b4162,1,0,0,,0,
glyv,b4163,b4163,,0,0,,0,
glyx,b4164,b4164,,0,0,,0,
glyy,b4165,b4165,,0,0,,0,
yjev,b4670,b4670,0,0,0,,0,
queg,,b4166,,0,0,,0,
nnr,b4167,b4167,1,0,0,,0,
tsae,b4168,b4168,0,0,0,,0,
amib,b4169,b4169,0,1,0,,0,
mutl,b4170,b4170,0,0,0,,0,
miaa,b4171,b4171,0,0,0,,0,
hfq,b4172,b4172,0,0,0,,0,
hflx,b4173,b4173,0,0,0,,0,
hflk,b4174,b4174,0,0,0,,0,
hflc,b4175,b4175,0,0,0,,0,
yjet,,b4176,,0,0,,0,
pura,b4177,b4177,0,1,0,,0,
nsrr,,b4178,,0,1,global,84,
rnr,b4179,b4179,0,0,0,,0,
rlmb,,b4180,,0,0,,0,
yjfi,,b4181,,0,0,,0,
yjfj,b4182,b4182,,0,0,,0,
yjfk,b4183,b4183,,0,0,,0,
yjfl,,b4184,,0,0,,0,
yjfm,,b4185,,0,0,,0,
yjfc,,b4186,,0,0,,0,
aidb,b4187,b4187,,0,1,minor,1,neg
yjfn,b4188,b4188,,0,0,,0,
bsma,b4189,b4189,,0,0,,0,
yjfp,b4190,b4190,,0,0,,0,
ular,,b4191,,0,1,minor,7,
ulag,b4192,b4192,,1,0,,0,
ulaa,b4193,b4193,,1,0,,0,
ulab,b4194,b4194,,1,0,,0,
ulac,b4195,b4195,0,1,0,,0,
ulad,b4196,b4196,0,1,0,,0,
ulae,b4197,b4197,0,1,0,,0,
ulaf,b4198,b4198,0,1,0,,0,
yjfy,b4199,b4199,0,0,0,,0,
rpsf,b4200,b4200,1,0,0,,0,
prib,b4201,b4201,0,0,0,,0,
rpsr,b4202,b4202,0,0,0,,0,
rpli,b4203,b4203,0,0,0,,0,
yjfz,b4204,b4204,0,0,0,,0,
ytfa,,b4205,,0,0,,0,
ytfb,b4206,b4206,0,0,0,,0,
fklb,b4207,b4207,0,0,0,,0,
cyca,b4208,b4208,0,1,0,,0,
ytfe,b4209,b4209,0,1,0,,0,
ytff,,b4210,,0,0,,0,
qorb,,b4211,,0,0,,0,
ytfh,,b4212,,0,0,,0,
cpdb,b4213,b4213,0,1,0,,0,
cysq,b4214,b4214,0,1,0,,0,
ytfi,b4215,b4215,,0,0,,0,
ytfj,b4216,b4216,,0,0,,0,
ytfl5',,,,0,0,,0,
ytfk,b4217,b4217,,0,0,,0,
ytfl,b4218,b4218,0,0,0,,0,
,,None,,0,0,,0,
msra,b4219,b4219,0,1,0,,0,
tama,b4220,b4220,0,0,0,,0,
tamb,,b4221,,0,0,,0,
ytfp,b4222,b4222,0,0,0,,0,
yzfa,,b4223,,0,0,,0,
chps,b4224,b4224,0,0,0,,0,
chpb,b4225,b4225,0,0,0,,0,
ppa,b4226,b4226,0,1,0,,0,
ytfq,b4227,b4227,1,1,0,,0,
ytfr,b4485,b4485,0,1,0,,0,
ytft,b4230,b4230,0,1,0,,0,
yjff,b4231,b4231,0,1,0,,0,
fbp,,b4232,,0,0,,0,
mpl,b4233,b4233,0,1,0,,0,
yjga,,b4234,,0,0,,0,
pmba,,b4235,,0,0,,0,
cybc,,b4236,,0,0,,0,
nrdg,b4237,b4237,0,1,0,,0,
nrdd,b4238,b4238,0,1,0,,0,
trec,b4239,b4239,0,1,0,,0,
treb,b4240,b4240,0,1,0,,0,
mgta5',,,,0,0,,0,
trer,b4241,b4241,0,0,1,minor,2,
mgtl,b4702,b4702,0,0,0,,0,
mgta,b4242,b4242,0,1,0,,0,
rida,b4243,b4243,0,0,0,,0,
pyri,b4244,b4244,,1,0,,0,
pyrb,b4245,b4245,,1,0,,0,
pyrl,b4246,b4246,,0,0,,0,
yjgh,b4248,b4248,,0,0,,0,
bdca,b4249,b4249,,0,0,,0,
bdcr,b4251,b4251,0,0,0,,0,
taba,b4252,b4252,0,0,0,,0,
yjgl,b4253,b4253,1,0,0,,0,
argi,b4254,b4254,0,1,0,,0,
rrab,b4255,b4255,0,0,0,,0,
yjgm,b4256,b4256,0,0,0,,0,
yjgn,b4257,b4257,0,0,0,,0,
vals,b4258,b4258,1,1,0,,0,
holc,b4259,b4259,1,0,0,,0,
pepa,b4260,b4260,0,1,1,minor,3,neg
ytga,,,,0,0,,0,
lptf,,b4261,,0,0,,0,
lptg,,b4262,,0,0,,0,
yjgr,b4263,b4263,0,0,0,,0,
idnr,b4264,b4264,1,0,1,minor,7,pos
idnt,b4265,b4265,0,1,0,,0,
idno,b4266,b4266,0,1,0,,0,
idnd,b4267,b4267,0,1,0,,0,
idnk,b4268,b4268,1,1,0,,0,
ahr,,b4269,,0,0,,0,
leux,b4270,b4270,,0,0,,0,
intb,,b4271,,0,0,,0,
insc-6,,b4272,,0,0,,0,
inscd-6,,None,,0,0,,0,
insd-6,,b4273,,0,0,,0,
yjgx,,b4575,,0,0,,0,
yjgw,,b4274,,0,0,,0,
yjgz,,b4277,,0,0,,0,
insg,,b4278,,0,0,,0,
yjhb,b4279,b4279,,0,0,,0,
yjhc,b4280,b4280,,0,0,,0,
ytha,,b4655,,0,0,,0,
yjhd,,b4281,,0,0,,0,
yjhe,,b4282,,0,0,,0,
insi-3,,b4284,,0,0,,0,
insm,,b4561,,0,0,,0,
yjhv,b4286,b4286,,0,0,,0,
fece,b4287,b4287,,1,0,,0,
fecd,b4288,b4288,,1,0,,0,
fecc,b4289,b4289,,1,0,,0,
fecb,b4290,b4290,,1,0,,0,
feca,b4291,b4291,,1,0,,0,
fecr,b4292,b4292,,0,0,,0,
feci,b4293,b4293,,0,0,,0,
ykie,,,,0,0,,0,
insa-7,b4294,b4294,,0,0,,0,
insb-7,,b4576,,0,0,,0,
yjhu,b4295,b4295,,0,0,,0,
yjhf,b4296,b4296,,0,0,,0,
yjhg,b4297,b4297,,0,0,,0,
yjhh,b4298,b4298,,0,0,,0,
yjhi,b4299,b4299,,0,0,,0,
sgcr,b4300,b4300,,0,0,,0,
sgce,b4301,b4301,,1,0,,0,
sgca,b4302,b4302,,0,0,,0,
ryjb,b4624,b4624,,0,0,,0,
sgcq,b4303,b4303,,0,0,,0,
sgcc,b4304,b4304,,0,0,,0,
sgcb,b4565,b4565,,0,0,,0,
sgcx,b4305,b4305,,0,0,,0,
yjhy,,b4656,,0,0,,0,
yjhp,,b4306,,0,0,,0,
yjhq,,b4307,,0,0,,0,
topai,,b4566,,0,0,,0,
yjhz,,b4657,,0,0,,0,
yjhr,,b4308,,0,0,,0,
ythb,,,,0,0,,0,
nans,b4309,b4309,,0,0,,0,
nanm,b4310,b4310,,0,0,,0,
nanc,b4311,b4311,,1,0,,0,
fimb,b4312,b4312,,0,0,,0,
fima3',,,,0,0,,0,
fime,b4313,b4313,,0,0,,0,
fima,b4314,b4314,,0,0,,0,
fimi,b4315,b4315,0,0,0,,0,
fimc,b4316,b4316,0,0,0,,0,
fimd,b4317,b4317,0,0,0,,0,
fimf,b4318,b4318,0,0,0,,0,
fimg,b4319,b4319,0,0,0,,0,
fimh,b4320,b4320,1,0,0,,0,
gntp,b4321,b4321,1,1,0,,0,
uxua,b4322,b4322,0,1,0,,0,
uxub,b4323,b4323,0,1,0,,0,
uxur,b4324,b4324,1,0,1,minor,9,neg
yjic,b4325,b4325,0,0,0,,0,
ytic,b4720,b4720,0,0,0,,0,
ytid,b4721,b4721,0,0,0,,0,
idlp,b4722,b4722,0,0,0,,0,
irad,b4326,b4326,0,0,0,,0,
hypt,,b4327,,0,1,specific,13,
iada,,b4328,,0,0,,0,
yjig,,b4329,,0,0,,0,
yjih,,b4330,,0,0,,0,
kpta,b4331,b4331,0,0,0,,0,
yjij,b4332,b4332,0,0,0,,0,
yjik,b4333,b4333,0,0,0,,0,
ytia,,b4715,,0,0,,0,
yjil,b4334,b4334,0,0,0,,0,
yjim,,b4335,,0,0,,0,
yjin,b4336,b4336,0,0,0,,0,
nc6,,,,0,0,,0,
mdtm,b4337,b4337,0,0,0,,0,
rpnd,,b4584,,0,0,,0,
yjir,b4340,b4340,0,0,0,,0,
yjis,,b4341,,0,0,,0,
yjit,b4342,b4342,0,0,0,,0,
yjiv,,b4486,,0,0,,0,
mcrc,,b4345,,0,0,,0,
mcrb,b4346,b4346,0,0,0,,0,
syme,b4347,b4347,0,0,0,,0,
symr,b4625,b4625,,0,0,,0,
hsds,,b4348,,0,0,,0,
hsdm,,b4349,,0,0,,0,
hsdr,b4350,b4350,,0,0,,0,
mrr,,b4351,,0,0,,0,
yjia,b4352,b4352,,0,0,,0,
yjix,,b4353,,0,0,,0,
btst,b4354,b4354,,0,0,,0,
tsr,b4355,b4355,,0,0,,0,
lgot,,b4356,,0,0,,0,
lgor,b4357,b4357,0,0,0,,0,
lgod,b4358,b4358,0,1,0,,0,
opgb,b4359,b4359,0,0,0,,0,
yjja,,b4360,,0,0,,0,
dnac,b4361,b4361,0,0,0,,0,
dnat,b4362,b4362,1,0,0,,0,
yjjb,,b4363,,0,0,,0,
yjjp,b4364,b4364,0,0,0,,0,
yjjq,b4365,b4365,0,0,1,minor,10,
bglj,b4366,b4366,0,0,0,,0,
fhuf,b4367,b4367,0,1,0,,0,
yjjz,b4567,b4567,0,0,0,,0,
leuv,b4368,b4368,,0,0,,0,
leup,b4369,b4369,,0,0,,0,
leuq,b4370,b4370,,0,0,,0,
rsmc,,b4371,,0,0,,0,
hold,b4372,b4372,1,0,0,,0,
rimi,b4373,b4373,0,0,0,,0,
yjjg,b4374,b4374,0,1,0,,0,
prfc,b4375,b4375,0,0,0,,0,
osmy,b4376,b4376,,0,0,,0,
ytja,,b4568,,0,0,,0,
yjju,b4377,b4377,0,0,0,,0,
yjjv,,b4378,,0,0,,0,
yjjw,,b4379,,0,0,,0,
yjji,b4380,b4380,0,0,0,,0,
deoc,b4381,b4381,0,1,0,,0,
deoa,b4382,b4382,0,1,0,,0,
deob,b4383,b4383,0,1,0,,0,
deod,b4384,b4384,0,1,0,,0,
yjjj,b4385,b4385,0,0,0,,0,
lpla,,b4386,,0,0,,0,
ytjb,b4387,b4387,0,0,0,,0,
serb,b4388,b4388,0,1,0,,0,
rada,,b4389,,0,0,,0,
nadr,,b4390,,0,1,minor,4,
etta,,b4391,,0,0,,0,
slt,b4392,b4392,0,1,0,,0,
trpr,b4393,b4393,0,0,1,specific,12,neg
yjjx,,b4394,,0,0,,0,
ytjc,,b4395,,0,0,,0,
rob,b4396,b4396,0,0,1,specific,26,neg
crea,b4397,b4397,0,0,0,,0,
creb,b4398,b4398,1,0,1,minor,5,
crec,b4399,b4399,0,0,0,,0,
cred,b4400,b4400,0,0,0,,0,
arca,b4401,b4401,1,0,1,global,180,
yjjy,b4402,b4402,0,0,0,,0,
yjtd,,b4403,,0,0,,0,
