gene,b,subsystem,keio_essential,calib_ess,host_selectivity,pan_strain_ess,cond_breadth,in_host_conditional,druggability,target_class,target_score,rank
coad,b3634,,1,0.911,1.0,1.0,1.0,0,0.9,enzyme,0.8568,1
lpxa,b0181,,1,0.911,1.0,1.0,1.0,0,0.9,enzyme,0.8568,2
lpxd,b0179,,1,0.911,1.0,1.0,1.0,0,0.9,enzyme,0.8568,3
murj,b1069,,1,0.911,1.0,1.0,1.0,0,0.9,enzyme,0.8568,4
dapf,b3809,,1,0.911,1.0,0.9,1.0,0,0.9,enzyme,0.8139,5
muri,b3967,,1,0.855,1.0,1.0,1.0,0,0.9,enzyme,0.804,6
dapb,b0031,,1,0.911,1.0,0.8,1.0,0,0.9,enzyme,0.7711,7
fabz,b0180,,1,0.911,1.0,1.0,0.75,0,0.9,enzyme,0.7711,8
isph,b0029,,1,0.911,1.0,0.75,1.0,0,0.9,enzyme,0.7497,9
kdsa,b1215,,1,0.911,1.0,0.667,1.0,0,0.9,enzyme,0.7141,10
fabh,b1091,,1,0.911,1.0,0.571,1.0,0,0.9,enzyme,0.673,11
asd,b3433,,0,0.911,1.0,,1.0,0,0.9,enzyme,0.6426,12
folp,b3177,,1,0.911,1.0,,1.0,0,0.9,enzyme,0.6426,13
glmu,b3730,,,0.911,1.0,,1.0,0,0.9,enzyme,0.6426,14
hema,b1210,,1,0.911,1.0,,1.0,0,0.9,enzyme,0.6426,15
ispe,b1208,,1,0.911,1.0,,1.0,0,0.9,enzyme,0.6426,16
lpxb,b0182,,1,0.911,1.0,,1.0,0,0.9,enzyme,0.6426,17
lpxh,b0524,,1,0.911,1.0,,1.0,0,0.9,enzyme,0.6426,18
lpxk,b0915,,1,0.911,1.0,,1.0,0,0.9,enzyme,0.6426,19
mray,b0087,,1,0.911,1.0,,1.0,0,0.9,enzyme,0.6426,20
murc,b0091,,1,0.911,1.0,,1.0,0,0.9,enzyme,0.6426,21
mure,b0085,,1,0.911,1.0,,1.0,0,0.9,enzyme,0.6426,22
murf,b0086,,1,0.911,1.0,,1.0,0,0.9,enzyme,0.6426,23
murg,b0090,,1,0.911,1.0,,1.0,0,0.9,enzyme,0.6426,24
riba,b1277,,1,0.911,1.0,0.5,1.0,0,0.9,enzyme,0.6426,25
ribd,b0414,,1,0.911,1.0,,1.0,0,0.9,enzyme,0.6426,26
ribf,b0025,,1,0.911,1.0,,1.0,0,0.9,enzyme,0.6426,27
thil,b0417,,1,0.911,1.0,,1.0,0,0.9,enzyme,0.6426,28
waaa,b3633,,1,0.911,1.0,,1.0,0,0.9,enzyme,0.6426,29
ribe,b0415,,1,0.911,1.0,0.333,1.0,0,0.9,enzyme,0.571,30
ubix,b2311,,1,0.911,1.0,0.286,1.0,0,0.9,enzyme,0.5509,31
lpta,b3200,,1,0.772,1.0,,1.0,0,0.9,enzyme,0.5445,32
purb,b1131,,1,0.911,0.618,1.0,1.0,0,0.9,enzyme,0.5295,33
cmk,b0910,,1,0.858,1.0,0.714,,0,0.9,enzyme,0.4974,34
rpmd,b3302,,,0.806,1.0,1.0,,0,0.7,translation/replication,0.4758,35
kdsb,b0918,,1,0.911,0.55,1.0,1.0,0,0.9,enzyme,0.4712,36
rpoh,b3461,,1,0.905,1.0,0.75,,0,0.7,translation/replication,0.4674,37
ftsi,b0084,,1,0.687,1.0,1.0,,0,0.9,enzyme,0.4649,38
cyse,b3607,,0,0.846,1.0,0.167,1.0,0,0.9,enzyme,0.4642,39
rpod,b3067,,1,0.783,1.0,1.0,,0,0.7,translation/replication,0.4626,40
moba,b3857,,0,0.745,1.0,0.318,1.0,0,0.9,enzyme,0.4617,41
gpsa,b3608,,0,0.911,0.562,0.917,1.0,0,0.9,enzyme,0.4615,42
pyrh,b0171,,1,0.9,1.0,,,0,0.9,enzyme,0.4569,43
heml,b0154,,1,0.911,0.517,1.0,1.0,0,0.9,enzyme,0.443,44
rpon,b3202,,1,0.84,1.0,0.774,,0,0.7,translation/replication,0.4397,45
dapd,b0166,,1,0.911,1.0,0.0,1.0,0,0.9,enzyme,0.4284,46
lpxc,b0096,,1,0.911,1.0,0.0,1.0,0,0.9,enzyme,0.4284,47
glyq,b3560,,1,0.84,1.0,,,0,0.9,enzyme,0.4262,48
nade,b1740,,1,0.898,1.0,0.0,1.0,0,0.9,enzyme,0.422,49
pabb,b1812,,,0.705,1.0,0.273,1.0,0,0.9,enzyme,0.4218,50
rpoe,b2573,,1,0.844,1.0,0.69,,0,0.7,translation/replication,0.4211,51
dapa,b2478,,1,0.911,0.525,0.846,1.0,0,0.9,enzyme,0.4152,52
ppa,b4226,,0,0.81,1.0,,,0,0.9,enzyme,0.4114,53
dape,b2472,,0,0.911,0.635,,1.0,0,0.9,enzyme,0.408,54
glys,b3559,,1,0.801,1.0,,,0,0.9,enzyme,0.4068,55
hemh,b0475,,1,0.911,0.56,0.667,1.0,0,0.9,enzyme,0.3999,56
ftsz,b0095,,1,0.867,1.0,1.0,,0,0.4,other,0.3993,57
dnan,b3701,,1,0.898,1.0,,,0,0.7,translation/replication,0.3976,58
rpla,b3984,,1,0.891,1.0,,,0,0.7,translation/replication,0.3946,59
rplf,b3305,,,0.891,1.0,,,0,0.7,translation/replication,0.3946,60
rpoa,b3295,,0,0.891,1.0,,,0,0.7,translation/replication,0.3946,61
rpsd,b3296,,0,0.891,1.0,,,0,0.7,translation/replication,0.3946,62
ribb,b3041,,1,0.837,1.0,0.0,1.0,0,0.9,enzyme,0.3936,63
infa,b0884,,1,0.88,1.0,0.5,,0,0.7,translation/replication,0.3897,64
nusg,b3982,,1,0.88,1.0,,,0,0.7,translation/replication,0.3897,65
mtn,b0159,,,0.828,1.0,0.0,1.0,0,0.9,enzyme,0.3893,66
rpmc,b3312,,1,0.876,1.0,,,0,0.7,translation/replication,0.3877,67
ftsw,b0089,,1,0.837,1.0,1.0,,0,0.4,other,0.3859,68
rbfa,b3167,,1,0.837,1.0,1.0,,0,0.4,other,0.3859,69
rpme,b3936,,1,0.653,1.0,1.0,,0,0.7,translation/replication,0.3857,70
rpst,b0023,,1,0.862,1.0,,,0,0.7,translation/replication,0.3817,71
phet,b1713,,1,0.889,0.63,1.0,,0,0.9,enzyme,0.3791,72
rpmi,b1717,,1,0.844,1.0,,,0,0.7,translation/replication,0.3738,73
fabd,b1092,,1,0.911,0.428,1.0,1.0,0,0.9,enzyme,0.3667,74
ispd,b2747,,1,0.911,0.563,,1.0,0,0.9,enzyme,0.3618,75
atpf,b3736,,1,0.709,1.0,,,0,0.9,enzyme,0.3601,76
can,b0126,,0,0.723,1.0,0.467,,0,0.9,enzyme,0.3589,77
rho,b3783,,1,0.777,1.0,1.0,,0,0.4,other,0.3579,78
rpmb,b3637,,1,0.806,1.0,0.5,,0,0.7,translation/replication,0.3569,79
trmd,b2607,,1,0.909,1.0,0.667,,0,0.4,other,0.3492,80
accd,b2316,,1,0.911,0.542,,1.0,0,0.9,enzyme,0.3483,81
ispa,b0421,,1,0.911,0.512,0.583,1.0,0,0.9,enzyme,0.3472,82
rpsu,b3065,,1,0.783,1.0,0.5,,0,0.7,translation/replication,0.3469,83
rplj,b3985,,1,0.777,1.0,,,0,0.7,translation/replication,0.3439,84
rsga,b4161,,1,0.496,1.0,1.0,,0,0.9,enzyme,0.3358,85
efp,b4147,,1,0.824,1.0,0.75,,0,0.4,other,0.3322,86
acca,b0185,,1,0.911,0.51,,1.0,0,0.9,enzyme,0.3277,87
rpsf,b4200,,1,0.727,1.0,,,0,0.7,translation/replication,0.3221,88
upps,b0174,,1,0.911,0.37,1.0,1.0,0,0.9,enzyme,0.317,89
ispb,b3187,,1,0.911,0.49,,1.0,0,0.9,enzyme,0.3149,90
gltx,b2400,,1,0.911,0.483,,1.0,0,0.9,enzyme,0.3104,91
cdsa,b0175,,1,0.898,0.49,,1.0,0,0.9,enzyme,0.3102,92
lgt,b2828,,1,0.806,1.0,0.667,,0,0.4,other,0.3095,93
secy,b3300,,,0.891,1.0,,,0,0.4,other,0.308,94
folc,b2315,,1,0.911,0.478,,1.0,0,0.9,enzyme,0.3072,95
ftsa,b0094,,1,0.887,1.0,,,0,0.4,other,0.3065,96
faba,b0954,,1,0.55,1.0,0.6,,0,0.9,enzyme,0.2978,97
lptb,b3201,,1,0.911,0.462,,1.0,0,0.9,enzyme,0.2969,98
phou,b3724,,,0.898,1.0,0.429,,0,0.4,other,0.2956,99
prfb,b2891,,1,0.667,1.0,,,0,0.7,translation/replication,0.2952,100
rimp,b3170,,1,0.853,1.0,0.5,,0,0.4,other,0.2948,101
ycib,b1254,,0,0.638,1.0,1.0,,0,0.4,other,0.2938,102
rpsa,b0911,,1,0.855,0.58,1.0,,0,0.7,translation/replication,0.2929,103
nadd,b0639,,1,0.911,0.545,0.25,1.0,0,0.9,enzyme,0.2918,104
guaa,b2507,,,0.911,0.383,0.75,1.0,0,0.9,enzyme,0.2871,105
atpg,b3733,,1,0.88,0.47,1.0,,0,0.9,enzyme,0.2799,106
pssa,b2585,,0,0.884,0.62,0.083,1.0,0,0.9,enzyme,0.2791,107
acps,b2563,,1,0.597,1.0,0.375,,0,0.9,enzyme,0.2779,108
moae,b0785,,,0.9,0.428,0.531,1.0,0,0.9,enzyme,0.2772,109
fmt,b3288,,1,0.893,0.457,1.0,,0,0.9,enzyme,0.2764,110
ubia,b4040,,1,0.911,0.427,0.5,1.0,0,0.9,enzyme,0.2744,111
sers,b0893,,1,0.887,0.453,1.0,,0,0.9,enzyme,0.2719,112
infc,b1718,,1,0.911,1.0,0.0,,0,0.7,translation/replication,0.2691,113
tusa,b3470,,1,0.694,1.0,0.667,,0,0.4,other,0.2664,114
lnt,b0657,,1,0.393,1.0,1.0,,0,0.9,enzyme,0.266,115
rsep,b0176,,1,0.718,1.0,0.607,,0,0.4,other,0.266,116
dnag,b3066,,1,0.599,1.0,,,0,0.7,translation/replication,0.2654,117
paba,b3360,,,0.783,0.395,0.795,1.0,0,0.9,enzyme,0.2611,118
dxs,b0420,,1,0.911,0.608,0.0,1.0,0,0.9,enzyme,0.2605,119
rplu,b3186,,1,0.882,1.0,0.0,,0,0.7,translation/replication,0.2604,120
dnae,b0184,,1,0.88,1.0,0.0,,0,0.7,translation/replication,0.2598,121
rplo,b3301,,,0.88,0.498,1.0,,0,0.7,translation/replication,0.2587,122
coae,b0103,,1,0.911,0.395,,1.0,0,0.9,enzyme,0.2538,123
rpsb,b0169,,1,0.869,0.49,1.0,,0,0.7,translation/replication,0.2513,124
glms,b3729,,,0.911,0.373,0.571,1.0,0,0.9,enzyme,0.251,125
plsc,b3018,,1,0.855,0.532,0.167,1.0,0,0.9,enzyme,0.2496,126
lexa,b4043,,1,0.795,1.0,0.667,,0,0.2,regulator,0.248,127
tsae,b4168,,0,0.707,1.0,,,0,0.4,other,0.2444,128
lpxl,b1054,,0,0.496,1.0,0.455,,0,0.9,enzyme,0.2443,129
dnaa,b3702,,1,0.869,1.0,,,0,0.2,regulator,0.244,130
nrdr,b0413,,1,0.84,1.0,0.528,,0,0.2,regulator,0.2402,131
rimm,b2608,,1,0.687,1.0,,,0,0.4,other,0.2374,132
fola,b0048,,1,0.873,0.535,,,0,0.9,enzyme,0.2372,133
icd,b1136,,1,0.911,0.468,0.167,1.0,0,0.9,enzyme,0.234,134
fabi,b1288,,0,0.911,0.545,0.0,1.0,0,0.9,enzyme,0.2335,135
rpls,b2606,,1,0.905,0.477,0.833,,0,0.7,translation/replication,0.2335,136
fabb,b2323,,1,0.911,0.437,0.385,0.75,0,0.9,enzyme,0.2334,137
phes,b1714,,1,0.909,0.502,,,0,0.9,enzyme,0.2317,138
rpso,b3165,,1,0.911,0.508,0.667,,0,0.7,translation/replication,0.2279,139
xseb,b0422,,1,0.593,1.0,0.667,,0,0.4,other,0.2276,140
gyra,b2231,,1,0.911,0.562,,,0,0.7,translation/replication,0.2268,141
tsab,b1807,,,0.653,1.0,,,0,0.4,other,0.2258,142
pgk,b2926,,1,0.911,0.392,0.917,0.25,1,0.9,enzyme,0.2253,143
moad,b0784,,,0.507,0.538,0.75,1.0,0,0.9,enzyme,0.2245,144
lspa,b0027,,1,0.718,1.0,0.333,,0,0.4,other,0.2206,145
atpb,b3738,,1,0.691,0.628,,,0,0.9,enzyme,0.2204,146
gyrb,b3699,,0,0.871,0.567,,,0,0.7,translation/replication,0.2187,147
pare,b3030,,1,0.815,0.582,1.0,,0,0.4,other,0.2185,148
rpsj,b3321,,1,0.911,0.538,,,0,0.7,translation/replication,0.2171,149
ptsi,b2416,,1,0.411,1.0,0.56,,0,0.9,enzyme,0.2169,150
rpsm,b3298,,,0.887,0.552,,,0,0.7,translation/replication,0.2167,151
rpoc,b3988,,1,0.869,0.563,,,0,0.7,translation/replication,0.2166,152
rpsc,b3314,,1,0.909,0.532,,,0,0.7,translation/replication,0.2142,153
thrs,b1719,,1,0.911,0.342,1.0,,0,0.9,enzyme,0.211,154
psd,b4160,,1,0.911,0.492,0.0,1.0,0,0.9,enzyme,0.2108,155
atpc,b3731,,,0.752,0.517,0.6,,0,0.9,enzyme,0.2105,156
moaa,b0781,,,0.9,0.343,0.447,1.0,0,0.9,enzyme,0.21,157
mrda,b0635,,1,0.62,1.0,0.0,,0,0.9,enzyme,0.2097,158
rpse,b3303,,,0.855,0.545,,,0,0.7,translation/replication,0.2064,159
cusc,b0572,,,0.456,1.0,0.323,,0,0.9,enzyme,0.2041,160
gmk,b3648,,1,0.911,0.317,,1.0,0,0.9,enzyme,0.2037,161
cysb,b1275,,0,0.633,1.0,0.7,,0,0.2,regulator,0.2015,162
rpsh,b3306,,,0.869,0.52,,,0,0.7,translation/replication,0.2,163
suhb,b2533,,,0.864,0.455,0.5,,0,0.9,enzyme,0.1996,164
gspe,b3326,,1,0.712,1.0,0.212,,0,0.4,other,0.1987,165
fole,b2153,,1,0.88,0.383,0.25,1.0,0,0.9,enzyme,0.198,166
kup,b3747,,0,0.38,1.0,0.517,,0,0.9,enzyme,0.1949,167
frr,b0172,,1,0.891,0.492,,,0,0.7,translation/replication,0.1942,168
rplp,b3313,,1,0.911,0.477,,,0,0.7,translation/replication,0.1925,169
ffh,b2610,,1,0.898,0.465,1.0,,0,0.4,other,0.1924,170
acef,b0115,,1,0.575,0.493,1.0,,0,0.9,enzyme,0.1918,171
gspf,b3327,,0,0.662,1.0,0.257,,0,0.4,other,0.1918,172
rplc,b3320,,1,0.911,0.475,,,0,0.7,translation/replication,0.1917,173
mscl,b3291,,0,0.718,1.0,0.149,,0,0.4,other,0.1902,174
uvry,b1914,,0,0.691,1.0,0.457,,0,0.2,regulator,0.1886,175
mrdb,b0634,,1,0.815,1.0,0.0,,0,0.4,other,0.1878,176
bamd,b2595,,1,0.541,1.0,,,0,0.4,other,0.187,177
rplx,b3309,,,0.887,0.475,,,0,0.7,translation/replication,0.1865,178
csra,b2696,,1,0.485,1.0,0.667,,0,0.4,other,0.1863,179
zwf,b1852,,1,0.853,0.382,0.686,,0,0.9,enzyme,0.1859,180
iscx,b2524,,1,0.593,1.0,0.357,,0,0.4,other,0.1853,181
guab,b2508,,,0.911,0.3,1.0,,0,0.9,enzyme,0.1851,182
cusr,b0571,,,0.819,1.0,0.191,,0,0.2,regulator,0.1827,183
rplv,b3315,,1,0.909,0.452,,,0,0.7,translation/replication,0.182,184
cusa,b0575,,,0.447,1.0,0.194,,0,0.9,enzyme,0.1805,185
rple,b3308,,,0.891,0.457,,,0,0.7,translation/replication,0.1803,186
gpmm,b3612,,0,0.289,1.0,0.833,,0,0.9,enzyme,0.1794,187
katg,b3942,,,0.456,1.0,0.163,,0,0.9,enzyme,0.1794,188
ubig,b2232,,1,0.813,0.435,,,0,0.9,enzyme,0.1794,189
rpld,b3319,,1,0.909,0.445,,,0,0.7,translation/replication,0.1792,190
moeb,b0826,,0,0.911,0.238,0.75,1.0,0,0.9,enzyme,0.1784,191
dut,b3640,,1,0.858,0.408,0.467,,0,0.9,enzyme,0.1737,192
pyrg,b2780,,1,0.911,0.27,,1.0,0,0.9,enzyme,0.1735,193
era,b2566,,1,0.891,0.563,,,0,0.4,other,0.1734,194
phob,b0399,,1,0.777,1.0,0.192,,0,0.2,regulator,0.1733,195
der,b2511,,1,0.873,0.573,,,0,0.4,other,0.1729,196
tsad,b3064,,1,0.891,0.42,1.0,,0,0.4,other,0.1725,197
ccmc,b2199,,0,0.277,1.0,0.833,,0,0.9,enzyme,0.1719,198
yrda,b3279,,0,0.669,1.0,0.114,,0,0.4,other,0.1717,199
tsf,b0170,,1,0.855,0.578,,,0,0.4,other,0.1709,200
paab,b1389,,,0.307,1.0,0.632,,0,0.9,enzyme,0.1697,201
ccmf,b2196,,,0.409,1.0,0.8,,0,0.4,other,0.1695,202
acpp,b1094,,1,0.911,0.262,,1.0,0,0.9,enzyme,0.1684,203
mred,b3249,,0,0.456,1.0,0.6,,0,0.4,other,0.168,204
mazg,b2781,,0,0.471,1.0,0.047,,0,0.9,enzyme,0.1671,205
msba,b0914,,1,0.911,0.39,0.0,1.0,0,0.9,enzyme,0.1671,206
flie,b1937,,1,0.467,1.0,0.545,,0,0.4,other,0.1662,207
rpob,b3987,,1,0.869,0.43,,,0,0.7,translation/replication,0.1654,208
kbay,b3137,,,0.293,1.0,0.667,,0,0.9,enzyme,0.1652,209
paak,b1398,,,0.422,1.0,0.154,,0,0.9,enzyme,0.1648,210
rpia,b2914,,1,0.831,0.39,0.5,,0,0.9,enzyme,0.1644,211
iles,b0026,,1,0.822,0.392,,,0,0.9,enzyme,0.1635,212
atph,b3735,,1,0.575,0.558,,,0,0.9,enzyme,0.1628,213
grxd,b1654,,1,0.835,0.353,0.632,,0,0.9,enzyme,0.1628,214
rplm,b3231,,1,0.911,0.402,,,0,0.7,translation/replication,0.1622,215
rplw,b3318,,1,0.911,0.402,,,0,0.7,translation/replication,0.1622,216
moea,b0827,,0,0.674,0.377,0.351,1.0,0,0.9,enzyme,0.1612,217
rnt,b1652,,1,0.523,1.0,0.333,,0,0.4,other,0.1607,218
cyda,b0733,,,0.334,1.0,0.421,,0,0.9,enzyme,0.1605,219
kdpa,b0698,,1,0.474,1.0,0.0,,0,0.9,enzyme,0.1603,220
rplq,b3294,,0,0.831,0.43,,,0,0.7,translation/replication,0.1582,221
acka,b2296,,1,0.324,1.0,0.438,,0,0.9,enzyme,0.1578,222
prmc,b1212,,1,0.846,0.428,0.889,,0,0.4,other,0.1577,223
luxs,b2687,,0,0.334,1.0,0.0,1.0,0,0.9,enzyme,0.1569,224
tpia,b3919,,1,0.902,0.253,1.0,,0,0.9,enzyme,0.1545,225
hns,b1237,,1,0.33,1.0,1.0,,0,0.4,other,0.1522,226
topa,b1274,,0,0.608,0.543,1.0,,0,0.4,other,0.1522,227
ydep,b1501,,1,0.617,1.0,0.067,,0,0.4,other,0.1518,228
asps,b1866,,1,0.9,0.33,,,0,0.9,enzyme,0.1508,229
ptsh,b2415,,1,0.221,1.0,1.0,,0,0.9,enzyme,0.1499,230
vals,b4258,,1,0.887,0.333,,,0,0.9,enzyme,0.1499,231
arnb,b2253,,0,0.317,1.0,0.391,,0,0.9,enzyme,0.1492,232
paad,b1391,,,0.324,1.0,0.353,,0,0.9,enzyme,0.1484,233
tag,b3549,,0,0.615,1.0,0.044,,0,0.4,other,0.148,234
rplt,b1716,,1,0.911,0.365,,,0,0.7,translation/replication,0.1473,235
rpsn,b3307,,,0.873,0.378,,,0,0.7,translation/replication,0.1462,236
yidc,b3705,,1,0.718,0.575,,,0,0.4,other,0.1428,237
rpss,b3316,,1,0.911,0.353,,,0,0.7,translation/replication,0.1425,238
rpsi,b3230,,1,0.911,0.35,,,0,0.7,translation/replication,0.1413,239
pabc,b1096,,0,0.18,1.0,0.647,1.0,0,0.9,enzyme,0.1395,240
hiss,b2514,,1,0.676,0.607,0.0,,0,0.9,enzyme,0.1388,241
qseb,b3025,,,0.59,1.0,0.256,,0,0.2,regulator,0.1388,242
rnpa,b3704,,,0.401,1.0,,,0,0.4,other,0.1388,243
cydb,b0734,,,0.287,1.0,0.429,,0,0.9,enzyme,0.1387,244
rpsq,b3311,,,0.911,0.342,,,0,0.7,translation/replication,0.138,245
umpg,b2744,,0,0.288,1.0,0.413,,0,0.9,enzyme,0.1377,246
def,b3287,,1,0.88,0.452,0.5,,0,0.4,other,0.1375,247
tada,b2559,,0,0.819,0.437,0.667,,0,0.4,other,0.1375,248
seqa,b0687,,0,0.298,1.0,1.0,,0,0.4,other,0.1371,249
fadh,b3081,,0,0.575,1.0,0.031,,0,0.4,other,0.1365,250
rlmi,b0967,,0,0.55,1.0,0.073,,0,0.4,other,0.136,251
acek,b4016,,0,0.463,1.0,0.269,,0,0.4,other,0.1352,252
quef,b2794,,0,0.276,1.0,0.447,,0,0.9,enzyme,0.1351,253
gard,b3128,,,0.35,1.0,0.138,,0,0.9,enzyme,0.1346,254
yhin,b3492,,,0.584,1.0,0.0,,0,0.4,other,0.1345,255
accb,b3255,,1,0.911,0.375,0.5,1.0,0,0.2,regulator,0.1333,256
rlud,b2594,,1,0.815,0.483,0.452,,0,0.4,other,0.1317,257
ccme,b2197,,0,0.232,1.0,0.667,,0,0.9,enzyme,0.1311,258
rplk,b3983,,1,0.902,0.328,,,0,0.7,translation/replication,0.1311,259
ftsq,b0093,,1,0.379,1.0,,,0,0.4,other,0.1308,260
rplb,b3317,,1,0.911,0.322,,,0,0.7,translation/replication,0.13,261
fabg,b1093,,1,0.911,0.303,0.0,1.0,0,0.9,enzyme,0.1298,262
ykge,b0306,,,0.282,1.0,0.345,,0,0.9,enzyme,0.1283,263
secg,b3175,,1,0.316,1.0,0.75,,0,0.4,other,0.1273,264
thya,b2827,,1,0.911,0.148,1.0,1.0,0,0.9,enzyme,0.1268,265
arca,b4401,,1,0.451,1.0,0.5,,0,0.2,regulator,0.1267,266
fbaa,b2925,,1,0.184,1.0,1.0,,0,0.9,enzyme,0.1246,267
rpln,b3310,,,0.887,0.317,,,0,0.7,translation/replication,0.1245,268
cyss,b0526,,1,0.907,0.405,0.0,,0,0.9,enzyme,0.1243,269
hemb,b0369,,1,0.911,0.29,0.0,1.0,0,0.9,enzyme,0.1242,270
pros,b0194,,1,0.763,0.24,1.0,,0,0.9,enzyme,0.124,271
moac,b0783,,,0.88,0.193,0.533,1.0,0,0.9,enzyme,0.1224,272
ykgf,b0307,,,0.27,1.0,0.333,,0,0.9,enzyme,0.1217,273
lapb,b1280,,1,0.541,0.583,0.667,,0,0.4,other,0.1212,274
rard,b3819,,,0.476,1.0,0.103,,0,0.4,other,0.121,275
kdpb,b0697,,1,0.626,0.558,0.022,,0,0.9,enzyme,0.1209,276
rplr,b3304,,,0.777,0.347,,,0,0.7,translation/replication,0.1194,277
lipa,b0628,,1,0.893,0.295,0.333,,0,0.9,enzyme,0.1189,278
prpb,b0331,,0,0.231,1.0,0.515,,0,0.9,enzyme,0.1185,279
rpll,b3986,,1,0.855,0.312,,,0,0.7,translation/replication,0.1182,280
ybey,b0659,,1,0.608,0.562,,,0,0.4,other,0.1182,281
mreb,b3251,,0,0.905,0.562,0.0,,0,0.4,other,0.1171,282
xylh,b3568,,0,0.252,1.0,0.375,,0,0.9,enzyme,0.1171,283
argo,b2923,,0,0.312,1.0,0.108,,0,0.9,enzyme,0.117,284
pth,b1204,,1,0.862,0.392,,,0,0.4,other,0.1168,285
nusb,b0416,,1,0.505,1.0,0.0,,0,0.4,other,0.1164,286
cca,b3056,,,0.707,0.532,0.333,,0,0.4,other,0.1155,287
hslr,b3400,,0,0.476,1.0,0.053,,0,0.4,other,0.1155,288
ubih,b2907,,1,0.44,0.512,,,0,0.9,enzyme,0.1144,289
rpma,b3185,,1,0.905,0.283,,,0,0.7,translation/replication,0.1134,290
mnma,b1133,,1,0.869,0.322,0.75,,0,0.4,other,0.1128,291
pxpa,b0713,,0,0.404,1.0,0.211,,0,0.4,other,0.1127,292
glcb,b2976,,0,0.212,1.0,0.571,,0,0.9,enzyme,0.1126,293
slyb,b1641,,0,0.292,1.0,0.667,,0,0.4,other,0.112,294
nirb,b3365,,,0.456,0.533,0.353,,0,0.9,enzyme,0.1112,295
yafc,b0208,,1,0.48,1.0,0.0,,0,0.4,other,0.1107,296
lpd,b0116,,1,0.797,0.273,0.5,,0,0.9,enzyme,0.1104,297
rlme,b3179,,1,0.831,0.423,0.364,,0,0.4,other,0.1104,298
mscs,b2924,,0,0.386,1.0,0.241,,0,0.4,other,0.1103,299
accc,b3256,,0,0.911,0.205,0.25,1.0,0,0.9,enzyme,0.1098,300
gspg,b3328,,0,0.409,1.0,0.161,,0,0.4,other,0.1093,301
glya,b2551,,1,0.909,0.187,0.885,,0,0.9,enzyme,0.1085,302
pdxh,b1638,,1,0.858,0.27,0.375,,0,0.9,enzyme,0.1077,303
bama,b0177,,1,0.718,0.648,0.0,,0,0.4,other,0.1073,304
ltae,b0870,,0,0.317,1.0,0.0,,0,0.9,enzyme,0.1073,305
gltj,b0654,,0,0.24,1.0,0.321,,0,0.9,enzyme,0.1071,306
ybed,b0631,,1,0.465,1.0,0.0,,0,0.4,other,0.1071,307
gadf,b4718,,,0.31,1.0,,,0,0.4,other,0.107,308
mdte,b3513,,,0.231,1.0,1.0,,0,0.4,other,0.1065,309
micf,b4439,,,0.304,1.0,,,0,0.4,other,0.1049,310
yhfa,b3356,,1,0.371,1.0,0.219,,0,0.4,other,0.1043,311
acrz,b0762,,1,0.3,1.0,0.5,,0,0.4,other,0.1037,312
ftsl,b0083,,1,0.3,1.0,,,0,0.4,other,0.1037,313
gspd,b3325,,1,0.276,1.0,0.625,,0,0.4,other,0.1033,314
lolc,b1116,,1,0.299,1.0,,,0,0.4,other,0.1033,315
rpsk,b3297,,,0.902,0.258,,,0,0.7,translation/replication,0.1031,316
lola,b0891,,1,0.298,1.0,,,0,0.4,other,0.1029,317
fdhd,b3895,,,0.401,1.0,0.094,,0,0.4,other,0.1012,318
ppib,b0525,,1,0.68,0.435,0.478,,0,0.4,other,0.1008,319
paaf,b1393,,,0.831,0.242,0.474,,0,0.9,enzyme,0.1003,320
decr,b0447,,0,0.353,1.0,0.226,,0,0.4,other,0.0998,321
dacc,b0839,,0,0.197,1.0,0.483,,0,0.9,enzyme,0.099,322
yffb,b2471,,0,0.359,1.0,0.194,,0,0.4,other,0.0988,323
rsxg,b1631,,1,0.299,1.0,0.429,,0,0.4,other,0.0984,324
gros,b4142,,1,0.891,0.357,0.333,,0,0.4,other,0.0977,325
rfba,b2039,,0,0.267,0.632,0.688,,0,0.9,enzyme,0.0965,326
rnpb,b3123,,,0.278,1.0,,,0,0.4,other,0.0962,327
rsed,b4725,,0,0.278,1.0,,,0,0.4,other,0.0962,328
rpsp,b2609,,1,0.813,0.267,,,0,0.7,translation/replication,0.0961,329
bhsa,b1112,,1,0.276,1.0,0.5,,0,0.4,other,0.0953,330
rraa,b3929,,0,0.342,1.0,0.207,,0,0.4,other,0.0952,331
amn,b1982,,0,0.181,1.0,0.533,,0,0.9,enzyme,0.0938,332
rhtb,b3824,,,0.277,1.0,0.0,,0,0.9,enzyme,0.0938,333
yaeq,b0190,,,0.394,1.0,0.031,,0,0.4,other,0.0937,334
crp,b3357,,0,0.804,0.488,0.273,,0,0.2,regulator,0.0935,335
fhua,b0150,,0,0.255,1.0,0.077,,0,0.9,enzyme,0.0931,336
araa,b0062,,1,0.183,1.0,0.5,,0,0.9,enzyme,0.0928,337
mraz,b0081,,0,0.282,1.0,0.759,,0,0.2,regulator,0.0928,338
yfgd,b2495,,0,0.331,1.0,0.212,,0,0.4,other,0.0926,339
sdhx,b4764,,,0.267,1.0,,,0,0.4,other,0.0924,340
yicg,b3646,,0,0.267,1.0,0.5,,0,0.4,other,0.0924,341
glns,b0680,,1,0.79,0.23,,,0,0.9,enzyme,0.0923,342
prs,b1207,,1,0.909,0.2,,,0,0.9,enzyme,0.0923,343
rhaa,b3903,,1,0.173,1.0,0.571,,0,0.9,enzyme,0.0922,344
sece,b3981,,1,0.266,1.0,,,0,0.4,other,0.092,345
zupt,b3040,,0,0.418,0.467,0.0,1.0,0,0.9,enzyme,0.0917,346
rbsc,b3750,,0,0.185,1.0,0.464,,0,0.9,enzyme,0.0916,347
yjbq,b4056,,0,0.34,1.0,0.167,,0,0.4,other,0.0914,348
hscb,b2527,,1,0.624,0.423,0.5,,0,0.4,other,0.0912,349
hype,b2730,,0,0.316,1.0,0.25,,0,0.4,other,0.0909,350
ugpc,b3450,,,0.494,0.512,0.059,,0,0.9,enzyme,0.0906,351
pxpb,b0711,,0,0.337,1.0,0.161,,0,0.4,other,0.0903,352
cobu,b1993,,0,0.209,1.0,0.273,,0,0.9,enzyme,0.0902,353
ycar,b0917,,1,0.624,0.392,0.6,,0,0.4,other,0.0902,354
flgm,b1071,,1,0.26,1.0,0.5,,0,0.4,other,0.0899,355
taub,b0366,,0,0.447,0.482,0.233,,0,0.9,enzyme,0.0899,356
alas,b2697,,1,0.896,0.357,,,0,0.2,regulator,0.0898,357
yoeb,b4539,,1,0.35,1.0,0.111,,0,0.4,other,0.0895,358
modb,b0764,,0,0.197,1.0,0.333,,0,0.9,enzyme,0.089,359
metj,b3938,,0,0.27,1.0,0.75,,0,0.2,regulator,0.0884,360
arog,b0754,,0,0.178,1.0,0.464,,0,0.9,enzyme,0.0881,361
safa,b1500,,1,0.254,1.0,,,0,0.4,other,0.0878,362
narp,b2193,,0,0.366,1.0,0.278,,0,0.2,regulator,0.0877,363
ubic,b4039,,0,0.187,1.0,0.0,1.0,0,0.9,enzyme,0.0877,364
aat,b0885,,0,0.371,1.0,0.023,,0,0.4,other,0.0875,365
gltk,b0653,,1,0.187,1.0,0.385,,0,0.9,enzyme,0.0875,366
lepb,b2568,,1,0.68,0.372,0.5,,0,0.4,other,0.0875,367
ompw,b1256,,0,0.364,1.0,0.042,,0,0.4,other,0.0874,368
ychf,b1203,,1,0.911,0.255,0.633,,0,0.4,other,0.0874,369
dusb,b3260,,,0.588,0.495,0.302,,0,0.4,other,0.0873,370
hsca,b2526,,1,0.667,0.283,1.0,,0,0.4,other,0.087,371
ftsh,b3178,,1,0.862,0.243,0.8,,0,0.4,other,0.0869,372
rply,b2185,,1,0.196,1.0,,,0,0.7,translation/replication,0.0868,373
dinf,b4044,,0,0.362,1.0,0.036,,0,0.4,other,0.0863,374
ssb,b4059,,0,0.608,0.46,0.333,,0,0.4,other,0.086,375
crr,b2417,,1,0.181,1.0,0.4,,0,0.9,enzyme,0.0857,376
bioa,b0774,,0,0.237,0.518,0.478,1.0,0,0.9,enzyme,0.0854,377
nemr,b1649,,1,0.387,1.0,0.167,,0,0.2,regulator,0.0845,378
rsta,b1608,,1,0.341,1.0,0.32,,0,0.2,regulator,0.0843,379
ppnp,b0391,,0,0.307,1.0,0.185,,0,0.4,other,0.0839,380
yhdx,b3269,,0,0.294,1.0,0.238,,0,0.4,other,0.0839,381
fpr,b3924,,0,0.276,0.63,0.417,,0,0.9,enzyme,0.0833,382
ttdr,b3060,,1,0.3,1.0,0.2,,0,0.4,other,0.0829,383
rhab,b3904,,1,0.163,1.0,0.5,,0,0.9,enzyme,0.0827,384
sfsa,b0146,,0,0.344,1.0,0.034,,0,0.4,other,0.0818,385
alau,b3276,,,0.236,1.0,,,0,0.4,other,0.0816,386
alav,b0203,,,0.236,1.0,,,0,0.4,other,0.0816,387
bfr,b3336,,0,0.333,1.0,0.065,,0,0.4,other,0.0816,388
gltt,b3969,,,0.236,1.0,,,0,0.4,other,0.0816,389
gltu,b3757,,,0.236,1.0,,,0,0.4,other,0.0816,390
gltw,b2590,,,0.236,1.0,,,0,0.4,other,0.0816,391
ileu,b3277,,,0.236,1.0,,,0,0.4,other,0.0816,392
ilev,b0202,,,0.236,1.0,,,0,0.4,other,0.0816,393
ilvx,b4669,,0,0.236,1.0,,,0,0.4,other,0.0816,394
mety,b3171,,,0.236,1.0,,,0,0.4,other,0.0816,395
rrfb,b3971,,,0.236,1.0,,,0,0.4,other,0.0816,396
rrfc,b3759,,,0.236,1.0,,,0,0.4,other,0.0816,397
rrfd,b3274,,,0.236,1.0,,,0,0.4,other,0.0816,398
rrff,b3272,,,0.236,1.0,,,0,0.4,other,0.0816,399
rrfg,b2588,,,0.236,1.0,,,0,0.4,other,0.0816,400
rrfh,b0205,,,0.236,1.0,,,0,0.4,other,0.0816,401
rrlb,b3970,,,0.236,1.0,,,0,0.4,other,0.0816,402
rrlc,b3758,,,0.236,1.0,,,0,0.4,other,0.0816,403
rrld,b3275,,,0.236,1.0,,,0,0.4,other,0.0816,404
rrlg,b2589,,,0.236,1.0,,,0,0.4,other,0.0816,405
rrlh,b0204,,,0.236,1.0,,,0,0.4,other,0.0816,406
rrsb,b3968,,,0.236,1.0,,,0,0.4,other,0.0816,407
rrsc,b3756,,,0.236,1.0,,,0,0.4,other,0.0816,408
rrsd,b3278,,,0.236,1.0,,,0,0.4,other,0.0816,409
rrsg,b2591,,,0.236,1.0,,,0,0.4,other,0.0816,410
rrsh,b0201,,,0.236,1.0,,,0,0.4,other,0.0816,411
thrv,b3273,,,0.236,1.0,,,0,0.4,other,0.0816,412
ymje,b4742,,0,0.236,1.0,,,0,0.4,other,0.0816,413
recq,b3822,,,0.669,0.427,0.226,,0,0.4,other,0.0807,414
argd,b3359,,0,0.259,0.383,0.727,1.0,0,0.9,enzyme,0.0805,415
sufb,b1683,,,0.178,1.0,0.333,,0,0.9,enzyme,0.0801,416
cobt,b1991,,0,0.175,1.0,0.348,,0,0.9,enzyme,0.0799,417
hypd,b2729,,0,0.289,1.0,0.2,,0,0.4,other,0.0799,418
mukb,b0924,,1,0.231,1.0,,,0,0.4,other,0.0799,419
muke,b0923,,1,0.231,1.0,,,0,0.4,other,0.0799,420
mukf,b0922,,1,0.231,1.0,,,0,0.4,other,0.0799,421
yian,b3578,,0,0.193,1.0,0.227,,0,0.9,enzyme,0.0799,422
yebo,b1825,,0,0.173,1.0,1.0,,0,0.4,other,0.0797,423
slp,b3506,,,0.23,1.0,,,0,0.4,other,0.0795,424
yjgr,b4263,,0,0.341,1.0,0.0,,0,0.4,other,0.0786,425
nth,b1633,,0,0.647,0.482,0.093,,0,0.4,other,0.0785,426
glpx,b3925,,,0.165,1.0,0.4,,0,0.9,enzyme,0.0783,427
dsdx,b2365,,0,0.169,1.0,1.0,,0,0.4,other,0.0779,428
prfa,b1211,,1,0.911,0.193,,,0,0.7,translation/replication,0.0779,429
erpa,b0156,,0,0.864,0.217,0.8,,0,0.4,other,0.0778,430
aldb,b3588,,,0.649,0.288,0.227,,0,0.9,enzyme,0.0776,431
ygid,b3039,,0,0.329,1.0,0.024,,0,0.4,other,0.0776,432
rpsl,b3342,,1,0.887,0.197,,,0,0.7,translation/replication,0.0774,433
holc,b4259,,1,0.266,1.0,0.25,,0,0.4,other,0.0767,434
yggr,b2950,,0,0.254,1.0,0.308,,0,0.4,other,0.0766,435
coda,b0337,,0,0.185,1.0,0.222,,0,0.9,enzyme,0.0763,436
flda,b0684,,0,0.187,1.0,0.2,,0,0.9,enzyme,0.0761,437
hdea,b3510,,,0.22,1.0,,,0,0.4,other,0.0761,438
ligb,b3647,,0,0.258,1.0,0.0,,0,0.7,translation/replication,0.0761,439
ppsr,b1703,,0,0.252,1.0,0.312,,0,0.4,other,0.0761,440
glgx,b3431,,0,0.379,0.562,0.056,,0,0.9,enzyme,0.076,441
kefc,b0047,,0,0.37,0.568,0.067,,0,0.9,enzyme,0.0759,442
dcd,b2065,,1,0.179,1.0,0.25,,0,0.9,enzyme,0.0756,443
fhue,b1102,,0,0.176,1.0,0.267,,0,0.9,enzyme,0.0756,444
rcdb,b3521,,,0.31,1.0,0.057,,0,0.4,other,0.0754,445
yhjc,b3521,,,0.31,1.0,0.057,,0,0.4,other,0.0754,446
ygea,b2840,,0,0.325,1.0,0.0,,0,0.4,other,0.075,447
oxyr,b3961,,1,0.246,1.0,0.627,,0,0.2,regulator,0.0748,448
sufs,b1680,,,0.308,0.597,0.2,,0,0.9,enzyme,0.0748,449
mutm,b3635,,0,0.694,0.455,0.02,,0,0.4,other,0.0742,450
lptd,b0054,,,0.214,1.0,,,0,0.4,other,0.074,451
ycei,b1056,,0,0.282,1.0,0.129,,0,0.4,other,0.0733,452
yhjg,b3524,,,0.318,1.0,0.0,,0,0.4,other,0.0733,453
marb,b1532,,,0.317,1.0,0.0,,0,0.4,other,0.073,454
chba,b1736,,1,0.316,1.0,0.0,,0,0.4,other,0.0727,455
ccmg,b2195,,,0.18,1.0,0.75,,0,0.4,other,0.0725,456
hcp,b0873,,0,0.315,1.0,0.0,,0,0.4,other,0.0725,457
ycej,b1057,,0,0.294,1.0,0.071,,0,0.4,other,0.0725,458
alat,b3853,,,0.209,1.0,,,0,0.4,other,0.0724,459
gltv,b4008,,,0.209,1.0,,,0,0.4,other,0.0724,460
ilet,b3852,,,0.209,1.0,,,0,0.4,other,0.0724,461
phem,b1715,,,0.209,1.0,,,0,0.4,other,0.0724,462
rrfa,b3855,,,0.209,1.0,,,0,0.4,other,0.0724,463
rrfe,b4010,,,0.209,1.0,,,0,0.4,other,0.0724,464
rrla,b3854,,,0.209,1.0,,,0,0.4,other,0.0724,465
rrle,b4009,,,0.209,1.0,,,0,0.4,other,0.0724,466
rrsa,b3851,,,0.209,1.0,,,0,0.4,other,0.0724,467
rrse,b4007,,,0.209,1.0,,,0,0.4,other,0.0724,468
sgrt,b4662,,0,0.209,1.0,,,0,0.4,other,0.0724,469
tnac,b3707,,,0.209,1.0,,,0,0.4,other,0.0724,470
uof,b4637,,0,0.209,1.0,,,0,0.4,other,0.0724,471
yehf,b2115,,0,0.209,1.0,,,0,0.4,other,0.0724,472
glca,b2975,,0,0.147,1.0,0.45,,0,0.9,enzyme,0.072,473
muts,b2733,,0,0.584,0.535,0.0,,0,0.4,other,0.072,474
narl,b1221,,,0.357,1.0,0.077,,0,0.2,regulator,0.0719,475
panb,b0134,,0,0.089,1.0,0.727,1.0,0,0.9,enzyme,0.0719,476
gcd,b0124,,0,0.212,1.0,0.0,,0,0.9,enzyme,0.0717,477
ggt,b3447,,,0.458,0.462,0.0,,0,0.9,enzyme,0.0716,478
yihs,b3880,,,0.183,1.0,0.7,,0,0.4,other,0.0716,479
lysu,b4129,,1,0.4,0.263,1.0,,0,0.9,enzyme,0.0713,480
gudd,b2787,,0,0.182,1.0,0.154,,0,0.9,enzyme,0.0709,481
narg,b1224,,0,0.19,1.0,0.1,,0,0.9,enzyme,0.0708,482
tdcg,b4471,,,0.157,1.0,0.333,,0,0.9,enzyme,0.0707,483
ycfh,b1100,,0,0.602,0.457,0.111,,0,0.4,other,0.0704,484
mqo,b2210,,0,0.183,1.0,0.13,,0,0.9,enzyme,0.0701,485
gltf,b3214,,0,0.202,1.0,,,0,0.4,other,0.0699,486
pxpc,b0712,,0,0.276,1.0,0.097,,0,0.4,other,0.0697,487
ompr,b3405,,1,0.255,1.0,0.457,,0,0.2,regulator,0.0696,488
cysd,b2752,,0,0.083,1.0,0.773,1.0,0,0.9,enzyme,0.0694,489
cysg,b3368,,,0.083,1.0,0.773,1.0,0,0.9,enzyme,0.0694,490
yeie,b2157,,1,0.269,1.0,0.121,,0,0.4,other,0.0694,491
cydd,b0887,,1,0.18,0.567,1.0,,0,0.9,enzyme,0.0691,492
adep,b3714,,0,0.189,1.0,0.08,,0,0.9,enzyme,0.069,493
yehs,b2124,,0,0.252,1.0,0.176,,0,0.4,other,0.0682,494
mdti,b1599,,0,0.115,1.0,0.75,,0,0.9,enzyme,0.0678,495
zipa,b2412,,1,0.196,1.0,,,0,0.4,other,0.0678,496
fur,b0683,,0,0.235,1.0,0.538,,0,0.2,regulator,0.0676,497
sufc,b1682,,,0.266,0.525,0.429,,0,0.9,enzyme,0.0676,498
ccmb,b2200,,0,0.1,1.0,1.0,,0,0.9,enzyme,0.0675,499
fimd,b4317,,0,0.293,1.0,0.0,,0,0.4,other,0.0675,500
nada,b0750,,0,0.083,1.0,0.724,1.0,0,0.9,enzyme,0.0675,501
yhhw,b3439,,0,0.682,0.42,0.021,,0,0.4,other,0.0674,502
trpe,b1264,,0,0.071,1.0,1.0,1.0,0,0.9,enzyme,0.0672,503
bett,b0314,,,0.177,1.0,0.118,,0,0.9,enzyme,0.0669,504
fusa,b3340,,1,0.887,0.255,0.0,,0,0.7,translation/replication,0.0668,505
beti,b0313,,,0.259,1.0,0.375,,0,0.2,regulator,0.0667,506
leue,b1798,,,0.248,1.0,0.167,,0,0.4,other,0.0667,507
panc,b0133,,0,0.086,1.0,0.647,1.0,0,0.9,enzyme,0.0667,508
ycan,b0900,,0,0.289,1.0,0.0,,0,0.4,other,0.0666,509
hdeb,b3509,,,0.193,1.0,,,0,0.4,other,0.0665,510
srka,b3859,,0,0.272,1.0,0.054,,0,0.4,other,0.0661,511
cuss,b0570,,,0.218,1.0,0.312,,0,0.4,other,0.0659,512
rsfs,b0637,,1,0.465,0.455,0.35,,0,0.4,other,0.0658,513
ppnn,b2795,,0,0.23,1.0,0.238,,0,0.4,other,0.0656,514
yhdy,b3270,,0,0.235,1.0,0.211,,0,0.4,other,0.0655,515
pdxj,b2564,,0,0.07,1.0,1.0,1.0,0,0.9,enzyme,0.0654,516
cmoa,b1870,,1,0.401,0.583,0.211,,0,0.4,other,0.0653,517
mdtf,b3514,,,0.189,1.0,,,0,0.4,other,0.0653,518
ygav,b2667,,0,0.211,1.0,0.346,,0,0.4,other,0.0653,519
crea,b4397,,0,0.283,1.0,0.0,,0,0.4,other,0.0652,520
lrp,b0889,,0,0.215,1.0,0.612,,0,0.2,regulator,0.065,521
trer,b4241,,0,0.173,1.0,1.0,,0,0.2,regulator,0.0647,522
hded,b3511,,,0.187,1.0,,,0,0.4,other,0.0646,523
mgrb,b1826,,1,0.187,1.0,,,0,0.4,other,0.0645,524
yiad,b3552,,0,0.243,1.0,0.15,,0,0.4,other,0.0644,525
argp,b2916,,0,0.322,1.0,0.067,,0,0.2,regulator,0.0643,526
biob,b0775,,0,0.089,1.0,0.545,1.0,0,0.9,enzyme,0.0643,527
tsac,b3282,,0,0.523,0.533,0.0,,0,0.4,other,0.0642,528
yief,b3713,,0,0.259,1.0,0.067,,0,0.4,other,0.0637,529
alaw,b2397,,,0.184,1.0,,,0,0.4,other,0.0636,530
alax,b2396,,,0.184,1.0,,,0,0.4,other,0.0636,531
argu,b0536,,,0.184,1.0,,,0,0.4,other,0.0636,532
argw,b2348,,,0.184,1.0,,,0,0.4,other,0.0636,533
argx,b3796,,,0.184,1.0,,,0,0.4,other,0.0636,534
azuc,b4663,,0,0.184,1.0,,,0,0.4,other,0.0636,535
casa,b2760,,0,0.184,1.0,,,0,0.4,other,0.0636,536
cpxq,b4716,,,0.184,1.0,,,0,0.4,other,0.0636,537
flio,b1947,,0,0.184,1.0,,,0,0.4,other,0.0636,538
glnu,b0670,,,0.184,1.0,,,0,0.4,other,0.0636,539
glnv,b0665,,,0.184,1.0,,,0,0.4,other,0.0636,540
glnw,b0668,,,0.184,1.0,,,0,0.4,other,0.0636,541
glnx,b0664,,,0.184,1.0,,,0,0.4,other,0.0636,542
glyt,b3978,,,0.184,1.0,,,0,0.4,other,0.0636,543
glyu,b2864,,,0.184,1.0,,,0,0.4,other,0.0636,544
hisr,b3797,,,0.184,1.0,,,0,0.4,other,0.0636,545
idlp,b4722,,0,0.184,1.0,,,0,0.4,other,0.0636,546
insd-7,b1578,,,0.184,1.0,,,0,0.4,other,0.0636,547
insd7,b1578,,,0.184,1.0,,,0,0.4,other,0.0636,548
leut,b3798,,,0.184,1.0,,,0,0.4,other,0.0636,549
leuv,b4368,,,0.184,1.0,,,0,0.4,other,0.0636,550
leuw,b0672,,,0.184,1.0,,,0,0.4,other,0.0636,551
leux,b4270,,,0.184,1.0,,,0,0.4,other,0.0636,552
lyst,b0743,,,0.184,1.0,,,0,0.4,other,0.0636,553
lysv,b2404,,,0.184,1.0,,,0,0.4,other,0.0636,554
lysw,b0745,,,0.184,1.0,,,0,0.4,other,0.0636,555
mett,b0673,,,0.184,1.0,,,0,0.4,other,0.0636,556
metu,b0666,,,0.184,1.0,,,0,0.4,other,0.0636,557
mgts,b4599,,,0.184,1.0,,,0,0.4,other,0.0636,558
mnts,b4705,,,0.184,1.0,,,0,0.4,other,0.0636,559
pheu,b4134,,,0.184,1.0,,,0,0.4,other,0.0636,560
phev,b2967,,,0.184,1.0,,,0,0.4,other,0.0636,561
phne,b4583,,0,0.184,1.0,,,0,0.4,other,0.0636,562
prom,b3799,,,0.184,1.0,,,0,0.4,other,0.0636,563
rnlb,b2631,,,0.184,1.0,,,0,0.4,other,0.0636,564
rybb,b4417,,,0.184,1.0,,,0,0.4,other,0.0636,565
sert,b0971,,,0.184,1.0,,,0,0.4,other,0.0636,566
serx,b1032,,,0.184,1.0,,,0,0.4,other,0.0636,567
spf,b3864,,,0.184,1.0,,,0,0.4,other,0.0636,568
sroa,b4762,,,0.184,1.0,,,0,0.4,other,0.0636,569
sroc,b4763,,,0.184,1.0,,,0,0.4,other,0.0636,570
tfaq,b1546,,,0.184,1.0,,,0,0.4,other,0.0636,571
thru,b3976,,,0.184,1.0,,,0,0.4,other,0.0636,572
thrw,b0244,,,0.184,1.0,,,0,0.4,other,0.0636,573
tpr,b1229,,0,0.184,1.0,,,0,0.4,other,0.0636,574
trpl,b1265,,0,0.184,1.0,,,0,0.4,other,0.0636,575
tyrv,b1230,,,0.184,1.0,,,0,0.4,other,0.0636,576
valt,b0744,,,0.184,1.0,,,0,0.4,other,0.0636,577
valu,b2401,,,0.184,1.0,,,0,0.4,other,0.0636,578
valx,b2402,,,0.184,1.0,,,0,0.4,other,0.0636,579
valy,b2403,,,0.184,1.0,,,0,0.4,other,0.0636,580
ybdk,b0581,,,0.184,1.0,0.5,,0,0.4,other,0.0636,581
ydfx,b1568,,,0.184,1.0,,,0,0.4,other,0.0636,582
ygeh,b2852,,0,0.184,1.0,,,0,0.4,other,0.0636,583
yjev,b4670,,0,0.184,1.0,,,0,0.4,other,0.0636,584
ykgr,b4671,,,0.184,1.0,,,0,0.4,other,0.0636,585
ymjc,b4525,,,0.184,1.0,,,0,0.4,other,0.0636,586
ymjd,b4673,,,0.184,1.0,,,0,0.4,other,0.0636,587
rpmj,b3299,,,0.608,0.235,,,0,0.7,translation/replication,0.0633,588
zrar,b4004,,0,0.243,1.0,0.389,,0,0.2,regulator,0.0632,589
tesa,b0494,,0,0.169,1.0,0.103,,0,0.9,enzyme,0.0631,590
nrfe,b4074,,,0.182,1.0,,,0,0.4,other,0.0628,591
nmpc,b0553,,0,0.182,1.0,,,0,0.4,other,0.0627,592
degs,b3235,,1,0.388,0.44,0.588,,0,0.4,other,0.0625,593
hold,b4372,,1,0.181,1.0,,,0,0.4,other,0.0625,594
lolb,b1209,,1,0.181,1.0,,,0,0.4,other,0.0625,595
ybfa,b0699,,0,0.181,1.0,0.5,,0,0.4,other,0.0625,596
yihg,b3862,,0,0.365,0.657,0.13,,0,0.4,other,0.0625,597
ccmh,b2194,,,0.181,1.0,,,0,0.4,other,0.0624,598
gspo,b3335,,0,0.18,1.0,,,0,0.4,other,0.0622,599
fimf,b4318,,0,0.269,1.0,0.0,,0,0.4,other,0.0619,600
ygiq,b4469,,0,0.269,1.0,0.0,,0,0.4,other,0.0619,601
gspc,b3324,,1,0.179,1.0,,,0,0.4,other,0.0618,602
casd,b2757,,0,0.179,1.0,,,0,0.4,other,0.0617,603
gspl,b3333,,0,0.179,1.0,,,0,0.4,other,0.0617,604
cbl,b1987,,1,0.277,1.0,0.188,,0,0.2,regulator,0.0616,605
gspi,b3330,,0,0.178,1.0,,,0,0.4,other,0.0616,606
yhcb,b3233,,1,0.178,1.0,,,0,0.4,other,0.0616,607
dctr,b3507,,,0.178,1.0,,,0,0.4,other,0.0615,608
gsph,b3329,,0,0.178,1.0,,,0,0.4,other,0.0615,609
case,b2756,,0,0.178,1.0,,,0,0.4,other,0.0614,610
gspk,b3332,,0,0.177,1.0,,,0,0.4,other,0.0613,611
ugpe,b3451,,0,0.18,1.0,0.0,,0,0.9,enzyme,0.0609,612
agac,b3139,,,0.176,1.0,,,0,0.4,other,0.0607,613
argi,b4254,,0,0.305,0.375,0.565,,0,0.9,enzyme,0.0605,614
chia,b3338,,,0.175,1.0,,,0,0.4,other,0.0605,615
biof,b0776,,0,0.185,0.455,0.528,1.0,0,0.9,enzyme,0.0604,616
nrff,b4075,,,0.175,1.0,,,0,0.4,other,0.0604,617
ilvm,b3769,,1,0.174,1.0,0.5,,0,0.4,other,0.0602,618
yddm,b1477,,0,0.196,1.0,0.333,,0,0.4,other,0.0602,619
glf,b2036,,0,0.148,1.0,0.2,,0,0.9,enzyme,0.0601,620
kdpc,b0696,,0,0.174,1.0,0.024,,0,0.9,enzyme,0.0601,621
atpe,b3737,,1,0.118,1.0,,,0,0.9,enzyme,0.06,622
casc,b2758,,0,0.174,1.0,,,0,0.4,other,0.06,623
csgc,b1043,,,0.174,1.0,,,0,0.4,other,0.06,624
casb,b2759,,0,0.173,1.0,,,0,0.4,other,0.0599,625
baca,b3057,,,0.12,1.0,0.478,,0,0.9,enzyme,0.0598,626
dmla,b1800,,,0.336,0.473,0.111,,0,0.9,enzyme,0.0598,627
gspa,b3323,,1,0.173,1.0,,,0,0.4,other,0.0598,628
dnac,b4361,,0,0.173,1.0,,,0,0.4,other,0.0597,629
dnat,b4362,,1,0.173,1.0,,,0,0.4,other,0.0597,630
ebgc,b3077,,0,0.173,1.0,,,0,0.4,other,0.0597,631
ortt,b1445,,0,0.173,1.0,,,0,0.4,other,0.0597,632
ubiu,b3158,,0,0.231,1.0,0.12,,0,0.4,other,0.0597,633
yodc,b1957,,1,0.173,1.0,,,0,0.4,other,0.0597,634
yoho,b4542,,,0.173,1.0,,,0,0.4,other,0.0597,635
gspj,b3331,,0,0.173,1.0,,,0,0.4,other,0.0596,636
paai,b1396,,,0.203,1.0,0.263,,0,0.4,other,0.0592,637
csgg,b1037,,,0.257,1.0,0.0,,0,0.4,other,0.0591,638
args,b1876,,1,0.327,0.355,,,0,0.9,enzyme,0.0589,639
cydc,b0886,,1,0.178,0.49,1.0,,0,0.9,enzyme,0.0589,640
hyaf,b0977,,0,0.17,1.0,,,0,0.4,other,0.0589,641
norr,b2709,,0,0.315,1.0,0.0,,0,0.2,regulator,0.0589,642
murd,b0088,,0,0.083,1.0,,1.0,0,0.9,enzyme,0.0588,643
map,b0168,,1,0.887,0.225,0.278,,0,0.4,other,0.0587,644
clsb,b0789,,,0.173,1.0,0.0,,0,0.9,enzyme,0.0585,645
mhpd,b0350,,,0.162,1.0,0.067,,0,0.9,enzyme,0.0584,646
nhar,b0020,,0,0.296,1.0,0.053,,0,0.2,regulator,0.0584,647
trpc,b1262,,0,0.066,1.0,0.889,1.0,0,0.9,enzyme,0.0584,648
cysi,b2763,,0,0.071,1.0,0.733,1.0,0,0.9,enzyme,0.0582,649
prpc,b0333,,0,0.195,0.563,0.567,,0,0.9,enzyme,0.0582,650
thig,b3991,,0,0.083,1.0,0.486,1.0,0,0.9,enzyme,0.0582,651
yhbw,b3160,,0,0.242,1.0,0.043,,0,0.4,other,0.0582,652
biod,b0778,,,0.089,1.0,0.552,0.75,0,0.9,enzyme,0.0581,653
marr,b1530,,,0.243,1.0,0.273,,0,0.2,regulator,0.058,654
thic,b3994,,0,0.083,1.0,0.48,1.0,0,0.9,enzyme,0.058,655
hmp,b2552,,0,0.299,0.572,0.0,,0,0.9,enzyme,0.0578,656
yhid,b3508,,,0.25,1.0,0.0,,0,0.4,other,0.0577,657
infb,b3168,,1,0.409,0.318,,,0,0.7,translation/replication,0.0575,658
insk,b3558,,1,0.165,1.0,,,0,0.4,other,0.0572,659
epta,b4114,,0,0.177,1.0,0.4,,0,0.4,other,0.0571,660
ycjy,b1327,,,0.232,1.0,0.067,,0,0.4,other,0.0571,661
rpib,b4090,,,0.143,1.0,0.167,,0,0.9,enzyme,0.0565,662
yjbh,b4029,,0,0.184,1.0,0.333,,0,0.4,other,0.0565,663
gatb,b2093,,0,0.083,1.0,1.0,,0,0.9,enzyme,0.0564,664
uspd,b3923,,0,0.163,1.0,,,0,0.4,other,0.0563,665
rimo,b0835,,0,0.418,0.552,0.059,,0,0.4,other,0.0562,666
thid,b2103,,0,0.083,1.0,0.429,1.0,0,0.9,enzyme,0.056,667
baer,b2079,,0,0.271,1.0,0.095,,0,0.2,regulator,0.0556,668
nrdb,b2235,,,0.18,0.61,,,0,0.9,enzyme,0.0556,669
3'ets-<i>leuz</i>,b4759,,,0.16,1.0,,,0,0.4,other,0.0554,670
3'ets<sup><i>leuz</i></sup>,b4759,,,0.16,1.0,,,0,0.4,other,0.0554,671
argq,b2691,,,0.16,1.0,,,0,0.4,other,0.0554,672
argv,b2694,,,0.16,1.0,,,0,0.4,other,0.0554,673
argy,b2693,,,0.16,1.0,,,0,0.4,other,0.0554,674
argz,b2692,,,0.16,1.0,,,0,0.4,other,0.0554,675
asnu,b1986,,,0.16,1.0,,,0,0.4,other,0.0554,676
cyst,b1910,,,0.16,1.0,,,0,0.4,other,0.0554,677
esre,b4707,,,0.16,1.0,,,0,0.4,other,0.0554,678
glyw,b1911,,,0.16,1.0,,,0,0.4,other,0.0554,679
glyx,b4164,,,0.16,1.0,,,0,0.4,other,0.0554,680
glyy,b4165,,,0.16,1.0,,,0,0.4,other,0.0554,681
hisl,b2018,,0,0.16,1.0,,,0,0.4,other,0.0554,682
hokc,b4412,,,0.16,1.0,,,0,0.4,other,0.0554,683
ibsa,b4667,,0,0.16,1.0,,,0,0.4,other,0.0554,684
ibsb,b4668,,0,0.16,1.0,,,0,0.4,other,0.0554,685
ibsc,b4665,,,0.16,1.0,,,0,0.4,other,0.0554,686
ibsd,b4664,,1,0.16,1.0,,,0,0.4,other,0.0554,687
ibse,b4666,,0,0.16,1.0,,,0,0.4,other,0.0554,688
ilex,b3069,,,0.16,1.0,,,0,0.4,other,0.0554,689
ilvd,b3771,,0,0.064,1.0,0.844,1.0,0,0.9,enzyme,0.0554,690
insa-1,b0022,,0,0.16,1.0,,,0,0.4,other,0.0554,691
insa-6,b3444,,,0.16,1.0,,,0,0.4,other,0.0554,692
insc-5,b3044,,0,0.16,1.0,,,0,0.4,other,0.0554,693
insc5,b3044,,0,0.16,1.0,,,0,0.4,other,0.0554,694
insd-5,b3045,,0,0.16,1.0,,,0,0.4,other,0.0554,695
insd5,b3045,,0,0.16,1.0,,,0,0.4,other,0.0554,696
insf-2,b0372,,,0.16,1.0,,,0,0.4,other,0.0554,697
insh3,b0656,,0,0.16,1.0,,,0,0.4,other,0.0554,698
insl-1,b0016,,,0.16,1.0,,,0,0.4,other,0.0554,699
insl-2,b0582,,,0.16,1.0,,,0,0.4,other,0.0554,700
insl-3,b2394,,0,0.16,1.0,,,0,0.4,other,0.0554,701
istr,b4616,,,0.16,1.0,,,0,0.4,other,0.0554,702
ldra,b4419,,0,0.16,1.0,,,0,0.4,other,0.0554,703
ldrb,b4421,,0,0.16,1.0,,,0,0.4,other,0.0554,704
ldrc,b4423,,0,0.16,1.0,,,0,0.4,other,0.0554,705
leuu,b3174,,,0.16,1.0,,,0,0.4,other,0.0554,706
leuz,b1909,,,0.16,1.0,,,0,0.4,other,0.0554,707
mbia,b0012,,,0.16,1.0,,,0,0.4,other,0.0554,708
metv,b2816,,,0.16,1.0,,,0,0.4,other,0.0554,709
metw,b2815,,,0.16,1.0,,,0,0.4,other,0.0554,710
mica,b4442,,,0.16,1.0,,,0,0.4,other,0.0554,711
micc,b4427,,,0.16,1.0,,,0,0.4,other,0.0554,712
micl,b4717,,,0.16,1.0,,,0,0.4,other,0.0554,713
mokb,b1420,,,0.16,1.0,,,0,0.4,other,0.0554,714
nans,b4309,,,0.16,1.0,,,0,0.4,other,0.0554,715
phel,b2598,,,0.16,1.0,,,0,0.4,other,0.0554,716
rira,b4760,,,0.16,1.0,,,0,0.4,other,0.0554,717
rydc,b4597,,,0.16,1.0,,,0,0.4,other,0.0554,718
ryea,b4432,,,0.16,1.0,,,0,0.4,other,0.0554,719
ryja,b4459,,,0.16,1.0,,,0,0.4,other,0.0554,720
ryjb,b4624,,,0.16,1.0,,,0,0.4,other,0.0554,721
sdsn,b4719,,,0.16,1.0,,,0,0.4,other,0.0554,722
sdsr,b4433,,,0.16,1.0,,,0,0.4,other,0.0554,723
seru,b1975,,,0.16,1.0,,,0,0.4,other,0.0554,724
serv,b2695,,,0.16,1.0,,,0,0.4,other,0.0554,725
serw,b0883,,,0.16,1.0,,,0,0.4,other,0.0554,726
sibb,b4437,,,0.16,1.0,,,0,0.4,other,0.0554,727
sibd,b4447,,,0.16,1.0,,,0,0.4,other,0.0554,728
sibe,b4611,,,0.16,1.0,,,0,0.4,other,0.0554,729
sokb,b4429,,,0.16,1.0,,,0,0.4,other,0.0554,730
spefl,b4803,,,0.16,1.0,,,0,0.4,other,0.0554,731
srag,b4449,,,0.16,1.0,,,0,0.4,other,0.0554,732
sroh,b4691,,,0.16,1.0,,,0,0.4,other,0.0554,733
ssra,b2621,,,0.16,1.0,,,0,0.4,other,0.0554,734
tfar,b1373,,,0.16,1.0,,,0,0.4,other,0.0554,735
tisa,b4617,,,0.16,1.0,,,0,0.4,other,0.0554,736
valv,b1665,,,0.16,1.0,,,0,0.4,other,0.0554,737
valw,b1666,,,0.16,1.0,,,0,0.4,other,0.0554,738
yabq,b0057,,0,0.16,1.0,,,0,0.4,other,0.0554,739
yagp,b0282,,,0.16,1.0,,,0,0.4,other,0.0554,740
ybbc,b0498,,1,0.16,1.0,,,0,0.4,other,0.0554,741
ybck,b0544,,,0.16,1.0,,,0,0.4,other,0.0554,742
ybcv,b0558,,0,0.16,1.0,,,0,0.4,other,0.0554,743
ybfb,b0702,,0,0.16,1.0,,,0,0.4,other,0.0554,744
ybfc,b0704,,0,0.16,1.0,,,0,0.4,other,0.0554,745
yddj,b1470,,,0.16,1.0,,,0,0.4,other,0.0554,746
yddl,b1472,,,0.16,1.0,,,0,0.4,other,0.0554,747
ydfa,b1571,,,0.16,1.0,,,0,0.4,other,0.0554,748
ydfo,b1549,,,0.16,1.0,,,0,0.4,other,0.0554,749
ydfr,b1555,,,0.16,1.0,,,0,0.4,other,0.0554,750
yedn,b4495,,,0.16,1.0,,,0,0.4,other,0.0554,751
yfbn,b2273,,0,0.16,1.0,,,0,0.4,other,0.0554,752
yfdf,b2345,,0,0.16,1.0,,,0,0.4,other,0.0554,753
ygef,b2850,,,0.16,1.0,,,0,0.4,other,0.0554,754
ygel,b2856,,,0.16,1.0,,,0,0.4,other,0.0554,755
ygen,b2858,,,0.16,1.0,,,0,0.4,other,0.0554,756
yibg,b3596,,0,0.16,1.0,,,0,0.4,other,0.0554,757
yigg,b3818,,,0.16,1.0,,,0,0.4,other,0.0554,758
ykfm,b4586,,,0.16,1.0,,,0,0.4,other,0.0554,759
ylim,b4736,,,0.16,1.0,,,0,0.4,other,0.0554,760
ymic,b4741,,1,0.16,1.0,,,0,0.4,other,0.0554,761
ynae,b1375,,,0.16,1.0,,,0,0.4,other,0.0554,762
ynch,b1455,,0,0.16,1.0,,,0,0.4,other,0.0554,763
yqej,b2848,,1,0.16,1.0,,,0,0.4,other,0.0554,764
yqek,b2849,,0,0.16,1.0,,,0,0.4,other,0.0554,765
yqig,b3046,,0,0.16,1.0,,,0,0.4,other,0.0554,766
ytic,b4720,,0,0.16,1.0,,,0,0.4,other,0.0554,767
ytid,b4721,,0,0.16,1.0,,,0,0.4,other,0.0554,768
yzcx,b3808,,0,0.16,1.0,,,0,0.4,other,0.0554,769
pgab,b1023,,,0.24,1.0,0.0,,0,0.4,other,0.0552,770
asnc,b3743,,0,0.191,1.0,0.538,,0,0.2,regulator,0.0551,771
thii,b0423,,0,0.078,1.0,0.5,1.0,0,0.9,enzyme,0.0551,772
yfjd,b4461,,,0.368,0.555,0.172,,0,0.4,other,0.0551,773
yhbo,b3153,,,0.383,0.525,0.188,,0,0.4,other,0.0551,774
thih,b3990,,0,0.083,1.0,0.4,1.0,0,0.9,enzyme,0.0548,775
acrr,b0464,,1,0.219,1.0,0.333,,0,0.2,regulator,0.0547,776
yeag,b1783,,,0.194,1.0,0.226,,0,0.4,other,0.0547,777
dcud,b3227,,0,0.158,1.0,,,0,0.4,other,0.0546,778
edd,b1851,,0,0.089,1.0,0.821,,0,0.9,enzyme,0.0546,779
ydhv,b1673,,1,0.158,1.0,,,0,0.4,other,0.0546,780
yifb,b3765,,0,0.376,0.63,0.0,,0,0.4,other,0.0546,781
pand,b0131,,0,0.083,1.0,0.389,1.0,0,0.9,enzyme,0.0544,782
yjgh,b4248,,,0.205,1.0,0.15,,0,0.4,other,0.0542,783
dgod,b4478,,0,0.19,0.618,0.36,,0,0.9,enzyme,0.0541,784
adia,b4117,,0,0.138,1.0,0.143,,0,0.9,enzyme,0.0534,785
aste,b1744,,0,0.083,1.0,0.882,,0,0.9,enzyme,0.0531,786
quee,b2777,,1,0.173,1.0,0.333,,0,0.4,other,0.0531,787
pdel,b0315,,,0.187,1.0,,,0,0.2,regulator,0.0525,788
relb,b1564,,,0.187,1.0,,,0,0.2,regulator,0.0525,789
flu,b2000,,,0.152,1.0,,,0,0.4,other,0.0524,790
tomb,b0461,,0,0.182,1.0,0.25,,0,0.4,other,0.0523,791
aceb,b4014,,0,0.11,1.0,0.407,,0,0.9,enzyme,0.0522,792
srlb,b2704,,0,0.077,1.0,1.0,,0,0.9,enzyme,0.0522,793
apt,b0469,,0,0.476,0.278,0.163,,0,0.9,enzyme,0.0521,794
tyrr,b1323,,,0.173,1.0,0.611,,0,0.2,regulator,0.0521,795
arab,b0063,,1,0.178,0.577,0.5,,0,0.9,enzyme,0.052,796
dpib,b0619,,0,0.188,1.0,0.2,,0,0.4,other,0.0519,797
fnr,b1334,,1,0.328,0.632,0.333,,0,0.2,regulator,0.0517,798
stpa,b2669,,1,0.165,1.0,0.667,,0,0.2,regulator,0.0516,799
ydcr,b1439,,,0.313,0.572,0.25,,0,0.4,other,0.0516,800
napf,b2208,,,0.178,1.0,0.25,,0,0.4,other,0.0513,801
ydci,b1422,,,0.164,1.0,0.353,,0,0.4,other,0.0512,802
ydht,b1669,,0,0.148,1.0,,,0,0.4,other,0.0512,803
rsd,b3995,,0,0.181,1.0,0.222,,0,0.4,other,0.0511,804
laca,b0342,,0,0.221,1.0,0.0,,0,0.4,other,0.051,805
rhas,b3905,,0,0.182,1.0,0.5,,0,0.2,regulator,0.051,806
nage,b0679,,0,0.075,1.0,1.0,,0,0.9,enzyme,0.0509,807
prpr,b0330,,0,0.181,1.0,0.5,,0,0.2,regulator,0.0509,808
gaty,b2096,,1,0.086,1.0,0.75,,0,0.9,enzyme,0.0507,809
gsic,b0831,,0,0.137,1.0,0.095,,0,0.9,enzyme,0.0507,810
year,b1797,,,0.176,1.0,0.25,,0,0.4,other,0.0507,811
dica,b1570,,,0.18,1.0,,,0,0.2,regulator,0.0506,812
yeil,b2163,,1,0.18,1.0,,,0,0.2,regulator,0.0506,813
yoae,b1816,,0,0.178,1.0,0.231,,0,0.4,other,0.0506,814
metr,b3828,,0,0.184,1.0,0.467,,0,0.2,regulator,0.0505,815
bglg,b3723,,0,0.175,1.0,0.25,,0,0.4,other,0.0504,816
creb,b4398,,1,0.252,1.0,0.067,,0,0.2,regulator,0.0503,817
csga,b1042,,,0.146,1.0,,,0,0.4,other,0.0503,818
yiay,b3589,,0,0.321,0.59,0.154,,0,0.4,other,0.0503,819
gcva,b2808,,1,0.201,1.0,0.333,,0,0.2,regulator,0.0501,820
ugpb,b3453,,0,0.148,1.0,0.0,,0,0.9,enzyme,0.0501,821
dhar,b1201,,0,0.133,1.0,1.0,,0,0.2,regulator,0.0499,822
idnt,b4265,,0,0.089,1.0,0.667,,0,0.9,enzyme,0.0499,823
plar,b3574,,0,0.173,1.0,0.25,,0,0.4,other,0.0499,824
ulaf,b4198,,0,0.089,1.0,0.667,,0,0.9,enzyme,0.0499,825
patz,b2584,,0,0.173,1.0,0.25,,0,0.4,other,0.0498,826
yeja,b2177,,0,0.183,1.0,0.182,,0,0.4,other,0.0498,827
caif,b0034,,0,0.177,1.0,,,0,0.2,regulator,0.0496,828
ycgb,b1188,,0,0.176,1.0,0.226,,0,0.4,other,0.0496,829
citx,b0614,,1,0.146,1.0,0.0,,0,0.9,enzyme,0.0493,830
lpxp,b2378,,,0.083,1.0,0.75,,0,0.9,enzyme,0.0493,831
nrda,b2234,,0,0.18,0.54,,,0,0.9,enzyme,0.0493,832
glpr,b3423,,,0.183,1.0,0.44,,0,0.2,regulator,0.0492,833
glti,b0655,,0,0.115,1.0,0.269,,0,0.9,enzyme,0.0492,834
ybez,b0660,,0,0.184,1.0,0.163,,0,0.4,other,0.0492,835
hyfr,b2491,,0,0.175,1.0,,,0,0.2,regulator,0.0491,836
maze,b2783,,0,0.174,1.0,,,0,0.2,regulator,0.049,837
mdtb,b2075,,0,0.18,1.0,0.176,,0,0.4,other,0.0488,838
orn,b4162,,1,0.743,0.19,0.5,,0,0.4,other,0.0488,839
tdca,b3118,,,0.173,1.0,,,0,0.2,regulator,0.0486,840
yoag,b1796,,,0.141,1.0,,,0,0.4,other,0.0486,841
adeq,b3664,,0,0.211,1.0,0.0,,0,0.4,other,0.0485,842
yadv,b0140,,,0.197,1.0,0.067,,0,0.4,other,0.0485,843
yeiw,b4502,,1,0.18,1.0,0.167,,0,0.4,other,0.0484,844
glk,b2388,,0,0.092,1.0,0.545,,0,0.9,enzyme,0.0482,845
bioc,b0777,,0,0.095,0.623,0.733,1.0,0,0.9,enzyme,0.0481,846
araj,b0396,,0,0.208,1.0,0.0,,0,0.4,other,0.048,847
ycdz,b1036,,,0.167,1.0,0.25,,0,0.4,other,0.048,848
hslo,b3401,,0,0.176,1.0,0.184,,0,0.4,other,0.0479,849
msck,b0465,,0,0.181,1.0,0.143,,0,0.4,other,0.0478,850
phni,b4099,,0,0.18,1.0,0.154,,0,0.4,other,0.0478,851
wrba,b1004,,,0.186,1.0,0.114,,0,0.4,other,0.0478,852
daua,b1206,,0,0.247,0.55,0.038,,0,0.9,enzyme,0.0477,853
ycii,b1251,,,0.182,1.0,0.129,,0,0.4,other,0.0474,854
yjcs,b4083,,,0.206,1.0,0.0,,0,0.4,other,0.0474,855
hybd,b2993,,,0.149,1.0,0.375,,0,0.4,other,0.0473,856
irad,b4326,,0,0.137,1.0,,,0,0.4,other,0.0473,857
adiy,b4116,,0,0.168,1.0,,,0,0.2,regulator,0.0471,858
phop,b1130,,1,0.159,1.0,0.577,,0,0.2,regulator,0.047,859
yedl,b1932,,0,0.177,1.0,0.154,,0,0.4,other,0.047,860
alx,b3088,,,0.203,1.0,0.0,,0,0.4,other,0.0469,861
hych,b2718,,0,0.136,1.0,,,0,0.4,other,0.0469,862
mazf,b2782,,0,0.136,1.0,,,0,0.4,other,0.0469,863
glcg,b2977,,0,0.179,1.0,0.133,,0,0.4,other,0.0468,864
arsb,b3502,,,0.138,1.0,0.0,,0,0.9,enzyme,0.0467,865
pdxa,b0052,,0,0.061,1.0,0.625,1.0,0,0.9,enzyme,0.0466,866
aslb,b3800,,0,0.168,1.0,0.2,,0,0.4,other,0.0464,867
gadw,b3515,,,0.165,1.0,,,0,0.2,regulator,0.0464,868
osmc,b1482,,0,0.173,1.0,0.167,,0,0.4,other,0.0464,869
ygic,b3038,,,0.175,1.0,0.154,,0,0.4,other,0.0464,870
purt,b1849,,0,0.183,0.653,0.14,,0,0.9,enzyme,0.0461,871
citc,b0618,,0,0.2,1.0,0.0,,0,0.4,other,0.046,872
maa,b0459,,0,0.127,1.0,0.071,,0,0.9,enzyme,0.046,873
mrca,b3396,,,0.083,1.0,0.625,,0,0.9,enzyme,0.0458,874
pgaa,b1024,,,0.199,1.0,0.0,,0,0.4,other,0.0457,875
rfbc,b2038,,0,0.083,1.0,0.619,,0,0.9,enzyme,0.0457,876
yceh,b1067,,0,0.172,1.0,0.15,,0,0.4,other,0.0457,877
yhim,b3491,,,0.199,1.0,0.0,,0,0.4,other,0.0457,878
hybf,b2991,,,0.148,1.0,0.333,,0,0.4,other,0.0455,879
envy,b0566,,,0.162,1.0,,,0,0.2,regulator,0.0454,880
kdui,b2843,,0,0.187,1.0,0.053,,0,0.4,other,0.0453,881
zntr,b3292,,0,0.182,1.0,0.333,,0,0.2,regulator,0.0453,882
cyod,b0429,,0,0.083,1.0,0.611,,0,0.9,enzyme,0.0452,883
rffg,b3788,,0,0.185,0.438,0.647,,0,0.9,enzyme,0.0452,884
srle,b2703,,1,0.067,1.0,1.0,,0,0.9,enzyme,0.0452,885
dpia,b0620,,0,0.201,1.0,0.2,,0,0.2,regulator,0.0451,886
iscr,b2531,,,0.155,1.0,0.545,,0,0.2,regulator,0.045,887
asna,b3744,,0,0.088,1.0,0.5,,0,0.9,enzyme,0.0449,888
glnp,b0810,,,0.115,1.0,0.158,,0,0.9,enzyme,0.0449,889
sufe,b1679,,0,0.089,1.0,0.5,,0,0.9,enzyme,0.0449,890
muty,b2961,,0,0.483,0.395,0.02,,0,0.4,other,0.0448,891
csgb,b1041,,,0.129,1.0,,,0,0.4,other,0.0447,892
lysc,b4024,,0,0.083,1.0,0.583,,0,0.9,enzyme,0.0446,893
cpxr,b3912,,,0.182,1.0,0.308,,0,0.2,regulator,0.0445,894
nimt,b1791,,,0.182,1.0,0.062,,0,0.4,other,0.0445,895
tdce,b3114,,,0.088,1.0,,,0,0.9,enzyme,0.0445,896
yrbg,b3196,,0,0.184,0.445,0.154,1.0,0,0.9,enzyme,0.0445,897
yhdh,b3253,,1,0.342,0.563,0.0,,0,0.4,other,0.0444,898
scpc,b2920,,0,0.108,1.0,0.207,,0,0.9,enzyme,0.0443,899
yodb,b1974,,0,0.181,1.0,0.059,,0,0.4,other,0.0442,900
fumb,b4122,,,0.087,1.0,,,0,0.9,enzyme,0.0441,901
glpg,b3424,,0,0.17,1.0,0.125,,0,0.4,other,0.0441,902
rbsr,b3753,,0,0.18,1.0,0.308,,0,0.2,regulator,0.0441,903
yfhl,b2562,,0,0.299,0.445,0.438,,0,0.4,other,0.0441,904
nrfb,b4071,,,0.087,1.0,,,0,0.9,enzyme,0.044,905
yhgh,b3413,,0,0.178,1.0,0.071,,0,0.4,other,0.044,906
aidb,b4187,,,0.463,0.507,0.0,,0,0.2,regulator,0.0439,907
plsx,b1090,,0,0.086,1.0,0.5,,0,0.9,enzyme,0.0439,908
ykia,b0392,,,0.127,1.0,,,0,0.4,other,0.0439,909
fecr,b4292,,,0.176,1.0,0.083,,0,0.4,other,0.0438,910
hybc,b2994,,,0.129,1.0,0.0,,0,0.9,enzyme,0.0438,911
ampd,b0110,,0,0.083,1.0,0.545,,0,0.9,enzyme,0.0436,912
pck,b3403,,0,0.083,1.0,0.545,,0,0.9,enzyme,0.0436,913
phnj,b4098,,0,0.177,1.0,0.071,,0,0.4,other,0.0436,914
ansb,b2957,,,0.211,0.537,0.136,,0,0.9,enzyme,0.0435,915
wbbh,b2035,,0,0.086,1.0,,,0,0.9,enzyme,0.0435,916
gntp,b4321,,1,0.086,1.0,,,0,0.9,enzyme,0.0434,917
mpl,b4233,,0,0.089,1.0,0.447,,0,0.9,enzyme,0.0434,918
ybdg,b0577,,,0.179,1.0,0.053,,0,0.4,other,0.0434,919
feci,b4293,,,0.18,1.0,0.048,,0,0.4,other,0.0433,920
dgoa,b4477,,0,0.089,1.0,0.438,,0,0.9,enzyme,0.0431,921
nupg,b2964,,0,0.085,1.0,0.5,,0,0.9,enzyme,0.0431,922
arir,b1166,,,0.187,1.0,0.0,,0,0.4,other,0.043,923
gadx,b3516,,,0.153,1.0,,,0,0.2,regulator,0.043,924
gady,b4452,,,0.124,1.0,,,0,0.4,other,0.043,925
mend,b2264,,0,0.085,1.0,0.5,,0,0.9,enzyme,0.043,926
meph,b1655,,1,0.187,1.0,0.0,,0,0.4,other,0.043,927
yccj,b1003,,,0.187,1.0,0.0,,0,0.4,other,0.043,928
ychj,b1233,,0,0.176,1.0,0.059,,0,0.4,other,0.043,929
baes,b2078,,0,0.186,1.0,0.0,,0,0.4,other,0.0429,930
beta,b0311,,,0.555,0.193,0.184,,0,0.9,enzyme,0.0429,931
rlmg,b3084,,0,0.186,1.0,0.0,,0,0.4,other,0.0429,932
ybhh,b0769,,0,0.186,1.0,0.0,,0,0.4,other,0.0429,933
meta,b4013,,0,0.052,1.0,0.733,1.0,0,0.9,enzyme,0.0428,934
rcla,b0304,,,0.365,0.508,0.0,,0,0.4,other,0.0428,935
ybhp,b0790,,,0.178,1.0,0.04,,0,0.4,other,0.0427,936
ompt,b0565,,,0.123,1.0,,,0,0.4,other,0.0426,937
waah,b3615,,0,0.177,0.523,1.0,,0,0.4,other,0.0426,938
cada,b4131,,0,0.084,1.0,0.5,,0,0.9,enzyme,0.0425,939
eno,b2779,,1,0.911,0.075,0.889,0.25,1,0.9,enzyme,0.0425,940
hipa,b1507,,,0.184,1.0,0.0,,0,0.4,other,0.0425,941
puta,b1014,,,0.298,0.498,0.533,,0,0.2,regulator,0.0425,942
yhje,b3523,,,0.315,0.587,0.0,,0,0.4,other,0.0425,943
nfef,b3070,,0,0.173,1.0,0.062,,0,0.4,other,0.0424,944
taud,b0368,,0,0.116,1.0,0.083,,0,0.9,enzyme,0.0424,945
yeih,b2158,,0,0.173,1.0,0.062,,0,0.4,other,0.0424,946
amib,b4169,,0,0.083,1.0,0.5,,0,0.9,enzyme,0.0423,947
appa,b0980,,0,0.083,1.0,,,0,0.9,enzyme,0.0423,948
appb,b0979,,0,0.083,1.0,0.5,,0,0.9,enzyme,0.0423,949
ccmd,b2198,,0,0.083,1.0,,,0,0.9,enzyme,0.0423,950
deod,b4384,,0,0.083,1.0,0.5,,0,0.9,enzyme,0.0423,951
focb,b2492,,0,0.083,1.0,,,0,0.9,enzyme,0.0423,952
gadc,b1492,,0,0.083,1.0,,,0,0.9,enzyme,0.0423,953
hcae,b2538,,0,0.083,1.0,,,0,0.9,enzyme,0.0423,954
mhpb,b0348,,0,0.083,1.0,0.5,,0,0.9,enzyme,0.0423,955
mnga,b0731,,,0.083,1.0,,,0,0.9,enzyme,0.0423,956
nanc,b4311,,,0.083,1.0,,,0,0.9,enzyme,0.0423,957
ompg,b1319,,,0.083,1.0,,,0,0.9,enzyme,0.0423,958
pepa,b4260,,0,0.363,0.415,0.5,,0,0.2,regulator,0.0423,959
rhad,b3902,,0,0.083,1.0,0.5,,0,0.9,enzyme,0.0423,960
tnab,b3709,,0,0.083,1.0,,,0,0.9,enzyme,0.0423,961
ttdb,b3062,,0,0.083,1.0,0.5,,0,0.9,enzyme,0.0423,962
waau,b3623,,,0.083,1.0,,,0,0.9,enzyme,0.0423,963
yaiw,b0378,,0,0.184,1.0,0.0,,0,0.4,other,0.0423,964
yhfw,b3380,,0,0.083,1.0,,,0,0.9,enzyme,0.0423,965
ynfh,b1590,,,0.083,1.0,,,0,0.9,enzyme,0.0423,966
cred,b4400,,0,0.183,1.0,0.0,,0,0.4,other,0.0422,967
phnm,b4095,,0,0.169,1.0,0.083,,0,0.4,other,0.0422,968
fimb,b4312,,,0.183,1.0,0.0,,0,0.4,other,0.0421,969
gntr,b3438,,0,0.183,1.0,0.227,,0,0.2,regulator,0.0421,970
lgor,b4357,,0,0.183,1.0,0.0,,0,0.4,other,0.0421,971
nikr,b3481,,0,0.187,1.0,0.2,,0,0.2,regulator,0.0421,972
ccp,b3518,,,0.182,1.0,0.0,,0,0.4,other,0.042,973
yial,b3576,,1,0.182,1.0,0.0,,0,0.4,other,0.042,974
fimi,b4315,,0,0.182,1.0,0.0,,0,0.4,other,0.0419,975
laci,b0345,,0,0.179,1.0,0.25,,0,0.2,regulator,0.0418,976
rcnr,b2105,,0,0.178,1.0,0.25,,0,0.2,regulator,0.0417,977
osmy,b4376,,,0.181,1.0,0.0,,0,0.4,other,0.0416,978
csge,b1039,,,0.18,1.0,0.0,,0,0.4,other,0.0414,979
kbp,b2665,,0,0.18,1.0,0.0,,0,0.4,other,0.0414,980
rsec,b2570,,0,0.12,1.0,0.5,,0,0.4,other,0.0413,981
acrf,b3266,,0,0.089,1.0,0.375,,0,0.9,enzyme,0.0412,982
arnd,b2256,,0,0.089,1.0,0.375,,0,0.9,enzyme,0.0412,983
dgcn,b2604,,0,0.179,1.0,0.0,,0,0.4,other,0.0412,984
ybhs,b0793,,,0.179,1.0,0.0,,0,0.4,other,0.0412,985
cas1,b2755,,0,0.178,1.0,0.0,,0,0.4,other,0.0411,986
fimh,b4320,,1,0.178,1.0,0.0,,0,0.4,other,0.0411,987
rcnb,b2107,,,0.178,1.0,0.0,,0,0.4,other,0.0411,988
arof,b2601,,0,0.076,1.0,0.588,,0,0.9,enzyme,0.041,989
insi-1,b0256,,0,0.178,1.0,0.0,,0,0.4,other,0.041,990
insi1,b0256,,0,0.178,1.0,0.0,,0,0.4,other,0.041,991
lyss,b2890,,1,0.292,0.277,,,0,0.9,enzyme,0.041,992
poti,b0857,,,0.085,1.0,0.423,,0,0.9,enzyme,0.041,993
yjbf,b4027,,0,0.118,1.0,,,0,0.4,other,0.0409,994
bcsb,b3532,,,0.177,1.0,0.0,,0,0.4,other,0.0408,995
hha,b0460,,0,0.088,1.0,1.0,,0,0.4,other,0.0408,996
nlpe,b0192,,0,0.089,1.0,1.0,,0,0.4,other,0.0408,997
pder,b1285,,0,0.089,1.0,1.0,,0,0.4,other,0.0408,998
rmf,b0953,,0,0.089,1.0,1.0,,0,0.4,other,0.0408,999
tehb,b1430,,,0.089,1.0,1.0,,0,0.4,other,0.0408,1000
yafq,b0225,,0,0.089,1.0,1.0,,0,0.4,other,0.0408,1001
yfen,b2408,,0,0.089,1.0,1.0,,0,0.4,other,0.0408,1002
yiaj,b3574,,0,0.174,1.0,0.25,,0,0.2,regulator,0.0408,1003
yjjz,b4567,,0,0.089,1.0,1.0,,0,0.4,other,0.0408,1004
yoac,b1810,,,0.089,1.0,1.0,,0,0.4,other,0.0408,1005
nrdd,b4238,,0,0.087,1.0,0.375,,0,0.9,enzyme,0.0407,1006
poth,b0856,,0,0.083,1.0,0.444,,0,0.9,enzyme,0.0407,1007
yagk,b0277,,,0.177,1.0,0.0,,0,0.4,other,0.0407,1008
yiis,b3922,,0,0.176,1.0,0.0,,0,0.4,other,0.0407,1009
ecpr,b0294,,,0.088,1.0,1.0,,0,0.4,other,0.0406,1010
glgc,b3430,,0,0.183,0.6,0.095,,0,0.9,enzyme,0.0406,1011
smf,b4473,,0,0.176,1.0,0.0,,0,0.4,other,0.0406,1012
spy,b1743,,0,0.176,1.0,0.0,,0,0.4,other,0.0406,1013
yaiz,b0380,,0,0.088,1.0,1.0,,0,0.4,other,0.0406,1014
aaea,b3241,,0,0.176,1.0,0.0,,0,0.4,other,0.0405,1015
htre,b0139,,,0.176,1.0,0.0,,0,0.4,other,0.0405,1016
ydfk,b1544,,,0.176,1.0,0.0,,0,0.4,other,0.0405,1017
ydfz,b1541,,,0.176,1.0,0.0,,0,0.4,other,0.0405,1018
ygeg,b2851,,0,0.176,1.0,0.0,,0,0.4,other,0.0405,1019
paaa,b1388,,,0.089,1.0,0.35,,0,0.9,enzyme,0.0404,1020
hyca,b2725,,0,0.175,1.0,0.0,,0,0.4,other,0.0403,1021
hypb,b2727,,0,0.175,1.0,0.0,,0,0.4,other,0.0403,1022
potf,b0854,,0,0.089,1.0,0.346,,0,0.9,enzyme,0.0403,1023
pspd,b1307,,,0.087,1.0,1.0,,0,0.4,other,0.0403,1024
bglj,b4366,,0,0.175,1.0,0.0,,0,0.4,other,0.0402,1025
fadb,b3846,,,0.183,0.415,0.562,,0,0.9,enzyme,0.0402,1026
htpg,b0473,,0,0.394,0.383,0.156,,0,0.4,other,0.0402,1027
nlpa,b3661,,,0.174,1.0,0.0,,0,0.4,other,0.0402,1028
gltp,b4077,,,0.178,0.543,0.227,,0,0.9,enzyme,0.0401,1029
emrk,b2368,,0,0.116,1.0,,,0,0.4,other,0.04,1030
fimg,b4319,,0,0.174,1.0,0.0,,0,0.4,other,0.04,1031
yjbg,b4028,,0,0.116,1.0,,,0,0.4,other,0.04,1032
fhub,b0153,,0,0.089,1.0,0.333,,0,0.9,enzyme,0.0399,1033
mdtd,b2077,,0,0.173,1.0,0.0,,0,0.4,other,0.0399,1034
mela,b4119,,0,0.089,1.0,0.333,,0,0.9,enzyme,0.0399,1035
mtr,b3161,,0,0.089,1.0,0.333,,0,0.9,enzyme,0.0399,1036
nfsb,b0578,,,0.089,1.0,0.333,,0,0.9,enzyme,0.0399,1037
sufd,b1681,,,0.089,1.0,0.333,,0,0.9,enzyme,0.0399,1038
yfap,b2225,,0,0.173,1.0,0.0,,0,0.4,other,0.0399,1039
yqhd,b3011,,0,0.26,0.627,0.062,,0,0.4,other,0.0399,1040
gnsa,b4517,,,0.173,1.0,0.0,,0,0.4,other,0.0398,1041
mqsr,b3022,,0,0.173,1.0,0.0,,0,0.4,other,0.0398,1042
msyb,b1051,,1,0.173,1.0,0.0,,0,0.4,other,0.0398,1043
pinr,b1374,,,0.173,1.0,0.0,,0,0.4,other,0.0398,1044
ydcc,b1460,,1,0.173,1.0,0.0,,0,0.4,other,0.0398,1045
ydcz,b1447,,0,0.173,1.0,0.0,,0,0.4,other,0.0398,1046
yecj,b4537,,0,0.173,1.0,0.0,,0,0.4,other,0.0398,1047
zint,b1973,,0,0.173,1.0,0.0,,0,0.4,other,0.0398,1048
dind,b3645,,0,0.172,1.0,0.0,,0,0.4,other,0.0397,1049
dppc,b3542,,,0.083,1.0,0.409,,0,0.9,enzyme,0.0397,1050
tas,b2834,,0,0.35,0.493,0.0,,0,0.4,other,0.0397,1051
yagu,b0287,,,0.173,1.0,0.0,,0,0.4,other,0.0397,1052
yibq,b3614,,0,0.172,1.0,0.0,,0,0.4,other,0.0397,1053
chip,b0681,,0,0.172,1.0,0.0,,0,0.4,other,0.0396,1054
lyso,b0874,,0,0.115,1.0,0.5,,0,0.4,other,0.0396,1055
ydhy,b1674,,0,0.115,1.0,,,0,0.4,other,0.0396,1056
hcar,b2537,,0,0.184,1.0,0.143,,0,0.2,regulator,0.0395,1057
ybdn,b0602,,,0.147,1.0,0.167,,0,0.4,other,0.0395,1058
hyci,b2717,,,0.137,1.0,0.25,,0,0.4,other,0.0394,1059
arsr,b3501,,,0.175,1.0,0.2,,0,0.2,regulator,0.0393,1060
rhta,b0813,,,0.112,1.0,0.036,,0,0.9,enzyme,0.0393,1061
fima,b4314,,,0.17,1.0,0.0,,0,0.4,other,0.0392,1062
rimk,b0852,,0,0.298,0.485,0.179,,0,0.4,other,0.0392,1063
sbma,b0377,,0,0.17,1.0,0.0,,0,0.4,other,0.0392,1064
yhdz,b3271,,0,0.328,0.407,0.276,,0,0.4,other,0.0392,1065
yoji,b2211,,0,0.19,0.615,0.455,,0,0.4,other,0.0392,1066
paaj,b1397,,,0.312,0.273,0.351,,0,0.9,enzyme,0.039,1067
fdhe,b3891,,0,0.157,1.0,0.077,,0,0.4,other,0.0389,1068
frua,b2167,,0,0.083,1.0,0.375,,0,0.9,enzyme,0.0388,1069
murr,b2427,,1,0.138,1.0,,,0,0.2,regulator,0.0388,1070
nrdg,b4237,,0,0.083,1.0,0.375,,0,0.9,enzyme,0.0388,1071
ugpa,b3452,,0,0.115,1.0,0.0,,0,0.9,enzyme,0.0388,1072
wzye,b3793,,0,0.115,1.0,0.0,,0,0.9,enzyme,0.0388,1073
xylf,b3566,,0,0.083,1.0,0.375,,0,0.9,enzyme,0.0388,1074
dadx,b1190,,0,0.076,1.0,0.5,,0,0.9,enzyme,0.0387,1075
rsea,b2572,,0,0.084,1.0,1.0,,0,0.4,other,0.0387,1076
ynfg,b1589,,,0.076,1.0,,,0,0.9,enzyme,0.0387,1077
yiim,b3910,,0,0.158,1.0,0.062,,0,0.4,other,0.0386,1078
fumd,b1675,,0,0.084,1.0,1.0,,0,0.4,other,0.0385,1079
gabp,b2663,,0,0.181,0.628,0.0,,0,0.9,enzyme,0.0385,1080
gudp,b2789,,0,0.187,0.54,0.125,,0,0.9,enzyme,0.0385,1081
nikb,b3477,,0,0.089,1.0,0.286,,0,0.9,enzyme,0.0385,1082
sgca,b4302,,,0.084,1.0,1.0,,0,0.4,other,0.0385,1083
bdcr,b4251,,0,0.083,1.0,1.0,,0,0.4,other,0.0384,1084
cybb,b1418,,,0.083,1.0,1.0,,0,0.4,other,0.0384,1085
glah,b2659,,0,0.083,1.0,1.0,,0,0.4,other,0.0384,1086
mzra,b3096,,,0.083,1.0,1.0,,0,0.4,other,0.0384,1087
nhaa,b0019,,0,0.081,1.0,0.4,,0,0.9,enzyme,0.0384,1088
nlpd,b2742,,0,0.083,1.0,1.0,,0,0.4,other,0.0384,1089
paac,b1390,,,0.085,1.0,0.333,,0,0.9,enzyme,0.0384,1090
rbsa,b3749,,0,0.177,0.44,0.455,,0,0.9,enzyme,0.0384,1091
skp,b0178,,0,0.083,1.0,1.0,,0,0.4,other,0.0384,1092
uspc,b1895,,0,0.083,1.0,1.0,,0,0.4,other,0.0384,1093
yced,b1088,,1,0.083,1.0,1.0,,0,0.4,other,0.0384,1094
ycit,b1284,,0,0.083,1.0,1.0,,0,0.4,other,0.0384,1095
yifl,b4558,,0,0.083,1.0,1.0,,0,0.4,other,0.0384,1096
ppx,b2502,,0,0.089,1.0,0.278,,0,0.9,enzyme,0.0383,1097
rhar,b3906,,0,0.205,1.0,0.0,,0,0.2,regulator,0.0383,1098
sdab,b2797,,0,0.083,1.0,0.357,,0,0.9,enzyme,0.0383,1099
ccma,b2201,,0,0.122,0.505,0.833,,0,0.9,enzyme,0.0382,1100
artj,b0860,,,0.089,1.0,0.273,,0,0.9,enzyme,0.0381,1101
chbc,b1737,,0,0.165,1.0,0.0,,0,0.4,other,0.0381,1102
prov,b2677,,0,0.174,0.485,0.333,,0,0.9,enzyme,0.0381,1103
dppa,b3544,,,0.083,1.0,0.348,,0,0.9,enzyme,0.038,1104
srlr,b2707,,0,0.183,1.0,0.111,,0,0.2,regulator,0.038,1105
yeje,b2179,,0,0.136,1.0,0.214,,0,0.4,other,0.0379,1106
fhla,b2731,,0,0.202,1.0,0.0,,0,0.2,regulator,0.0378,1107
soxr,b4063,,0,0.184,1.0,0.1,,0,0.2,regulator,0.0378,1108
puur,b1299,,,0.134,1.0,0.5,,0,0.2,regulator,0.0377,1109
dppb,b3543,,,0.083,1.0,0.333,,0,0.9,enzyme,0.0376,1110
fhud,b0152,,0,0.083,1.0,0.333,,0,0.9,enzyme,0.0376,1111
hipb,b1508,,,0.201,1.0,0.0,,0,0.2,regulator,0.0376,1112
nird,b3366,,,0.083,1.0,0.333,,0,0.9,enzyme,0.0376,1113
rbsb,b3751,,0,0.083,1.0,0.333,,0,0.9,enzyme,0.0376,1114
ycjp,b1312,,,0.134,1.0,0.214,,0,0.4,other,0.0376,1115
arnt,b2257,,0,0.089,1.0,0.25,,0,0.9,enzyme,0.0375,1116
bglf,b3722,,0,0.089,1.0,0.25,,0,0.9,enzyme,0.0375,1117
feca,b4291,,,0.089,1.0,0.25,,0,0.9,enzyme,0.0375,1118
fimc,b4316,,0,0.163,1.0,0.0,,0,0.4,other,0.0375,1119
hcha,b1967,,0,0.163,1.0,0.0,,0,0.4,other,0.0375,1120
livh,b3457,,0,0.086,1.0,0.294,,0,0.9,enzyme,0.0375,1121
nari,b1227,,0,0.089,1.0,0.25,,0,0.9,enzyme,0.0375,1122
yccm,b0992,,,0.108,1.0,0.5,,0,0.4,other,0.0375,1123
yiao,b3579,,,0.089,1.0,0.25,,0,0.9,enzyme,0.0375,1124
pcm,b2743,,0,0.229,0.465,0.526,,0,0.4,other,0.0374,1125
fdx,b2525,,1,0.718,0.225,0.0,,0,0.4,other,0.0372,1126
amic,b2817,,0,0.089,1.0,0.235,,0,0.9,enzyme,0.037,1127
feoc,b3410,,,0.107,1.0,,,0,0.4,other,0.037,1128
glgs,b3049,,0,0.107,1.0,,,0,0.4,other,0.037,1129
yhdw,b3268,,,0.107,1.0,,,0,0.4,other,0.037,1130
fdhf,b4079,,,0.085,1.0,0.286,,0,0.9,enzyme,0.0369,1131
moda,b0763,,0,0.089,1.0,0.231,,0,0.9,enzyme,0.0369,1132
citd,b0617,,0,0.072,1.0,,,0,0.9,enzyme,0.0368,1133
ddpa,b1487,,0,0.072,1.0,,,0,0.9,enzyme,0.0368,1134
nark,b1223,,0,0.103,1.0,0.053,,0,0.9,enzyme,0.0368,1135
pflb,b0903,,0,0.072,1.0,0.5,,0,0.9,enzyme,0.0368,1136
asns,b0930,,1,0.359,0.302,0.0,,0,0.9,enzyme,0.0367,1137
napd,b2207,,0,0.159,1.0,0.0,,0,0.4,other,0.0367,1138
dgok,b3693,,0,0.089,1.0,0.222,,0,0.9,enzyme,0.0366,1139
enth,b0597,,,0.106,1.0,0.5,,0,0.4,other,0.0366,1140
otsb,b1897,,,0.065,1.0,0.667,,0,0.9,enzyme,0.0366,1141
ydbk,b1378,,0,0.089,1.0,0.222,,0,0.9,enzyme,0.0366,1142
yidl,b3680,,,0.106,1.0,,,0,0.4,other,0.0366,1143
ydiu,b1706,,0,0.552,0.287,0.0,,0,0.4,other,0.0365,1144
cbpa,b1000,,0,0.271,0.545,0.071,,0,0.4,other,0.0364,1145
selu,b0503,,0,0.158,1.0,0.0,,0,0.4,other,0.0364,1146
yjjp,b4364,,0,0.138,1.0,0.143,,0,0.4,other,0.0364,1147
naph,b2204,,0,0.083,1.0,0.286,,0,0.9,enzyme,0.0363,1148
waas,b3629,,0,0.071,1.0,,,0,0.9,enzyme,0.0363,1149
yjir,b4340,,0,0.3,0.525,0.0,,0,0.4,other,0.0363,1150
bcp,b2480,,0,0.178,0.528,0.135,,0,0.9,enzyme,0.0362,1151
ebga,b3076,,0,0.18,0.583,0.5,,0,0.4,other,0.0362,1152
qora,b4051,,0,0.316,0.498,0.0,,0,0.4,other,0.0362,1153
hflx,b4173,,0,0.278,0.487,0.156,,0,0.4,other,0.0361,1154
araf,b1901,,,0.083,1.0,0.278,,0,0.9,enzyme,0.036,1155
arah,b4460,,,0.083,1.0,0.278,,0,0.9,enzyme,0.036,1156
btuf,b0158,,0,0.083,1.0,0.278,,0,0.9,enzyme,0.036,1157
clpb,b2592,,0,0.376,0.377,0.103,,0,0.4,other,0.036,1158
rhat,b3907,,0,0.089,1.0,0.2,,0,0.9,enzyme,0.036,1159
uhpa,b3669,,0,0.178,1.0,0.083,,0,0.2,regulator,0.036,1160
potg,b0855,,0,0.178,0.42,0.414,,0,0.9,enzyme,0.0359,1161
ycjg,b1325,,,0.083,1.0,0.273,,0,0.9,enzyme,0.0359,1162
gsib,b0830,,0,0.106,1.0,0.0,,0,0.9,enzyme,0.0358,1163
kdsd,b3197,,0,0.072,1.0,0.455,,0,0.9,enzyme,0.0357,1164
shia,b1981,,0,0.172,0.583,0.056,,0,0.9,enzyme,0.0357,1165
yiht,b3881,,,0.103,1.0,,,0,0.4,other,0.0357,1166
metn,b0199,,0,0.194,0.472,0.152,,0,0.9,enzyme,0.0356,1167
chbb,b1738,,0,0.154,1.0,0.0,,0,0.4,other,0.0355,1168
mutl,b4170,,0,0.373,0.4,0.033,,0,0.4,other,0.0355,1169
eutd,b2458,,,0.083,1.0,0.25,,0,0.9,enzyme,0.0353,1170
hism,b2307,,0,0.083,1.0,0.25,,0,0.9,enzyme,0.0353,1171
kdpf,b4513,,0,0.07,1.0,,,0,0.9,enzyme,0.0353,1172
narw,b1466,,0,0.083,1.0,0.25,,0,0.9,enzyme,0.0353,1173
otsa,b1896,,,0.083,1.0,0.25,,0,0.9,enzyme,0.0353,1174
pyri,b4244,,,0.083,1.0,0.25,,0,0.9,enzyme,0.0353,1175
rutb,b1011,,,0.083,1.0,0.25,,0,0.9,enzyme,0.0353,1176
yehw,b2128,,,0.083,1.0,0.25,,0,0.9,enzyme,0.0353,1177
pyrc,b1062,,0,0.039,1.0,0.938,1.0,0,0.9,enzyme,0.0351,1178
tdcf,b3113,,,0.308,0.31,0.591,,0,0.4,other,0.0351,1179
cynx,b0341,,0,0.103,1.0,0.0,,0,0.9,enzyme,0.035,1180
fecb,b4290,,,0.083,1.0,0.25,,0,0.9,enzyme,0.035,1181
glxk,b0514,,,0.089,1.0,0.167,,0,0.9,enzyme,0.035,1182
metl,b3940,,0,0.075,1.0,0.375,,0,0.9,enzyme,0.035,1183
nika,b3476,,0,0.089,1.0,0.167,,0,0.9,enzyme,0.035,1184
nrfa,b4070,,,0.089,1.0,0.167,,0,0.9,enzyme,0.035,1185
sela,b3591,,0,0.089,1.0,0.167,,0,0.9,enzyme,0.035,1186
trmi,b2960,,,0.211,0.577,0.25,,0,0.4,other,0.035,1187
xapb,b2406,,0,0.089,1.0,0.167,,0,0.9,enzyme,0.035,1188
yiaa,b3562,,,0.152,1.0,0.0,,0,0.4,other,0.035,1189
hisq,b2308,,0,0.083,1.0,0.238,,0,0.9,enzyme,0.0349,1190
ysga,b3830,,1,0.235,0.612,0.053,,0,0.4,other,0.0349,1191
mltf,b2558,,,0.069,1.0,0.5,,0,0.9,enzyme,0.0348,1192
pdhr,b0113,,0,0.126,1.0,0.478,,0,0.2,regulator,0.0348,1193
sodc,b1646,,0,0.179,0.523,0.1,,0,0.9,enzyme,0.0348,1194
waal,b3622,,,0.069,1.0,,,0,0.9,enzyme,0.0348,1195
yqhc,b3010,,0,0.185,1.0,0.0,,0,0.2,regulator,0.0347,1196
fear,b1384,,1,0.185,1.0,0.0,,0,0.2,regulator,0.0346,1197
glnd,b0167,,0,0.083,1.0,0.8,,0,0.4,other,0.0346,1198
rutr,b1013,,,0.175,1.0,0.056,,0,0.2,regulator,0.0346,1199
yejl,b2187,,0,0.083,1.0,0.8,,0,0.4,other,0.0346,1200
cadc,b4133,,0,0.184,1.0,0.0,,0,0.2,regulator,0.0345,1201
cynt,b0339,,1,0.089,1.0,0.15,,0,0.9,enzyme,0.0345,1202
fepe,b0587,,,0.1,1.0,,,0,0.4,other,0.0345,1203
fucp,b2801,,0,0.083,1.0,0.222,,0,0.9,enzyme,0.0345,1204
sped,b0120,,,0.083,1.0,0.222,,0,0.9,enzyme,0.0345,1205
uxur,b4324,,1,0.158,1.0,0.167,,0,0.2,regulator,0.0345,1206
dkgb,b0207,,0,0.205,0.475,0.045,,0,0.9,enzyme,0.0344,1207
idnr,b4264,,1,0.184,1.0,0.0,,0,0.2,regulator,0.0344,1208
rtcr,b3422,,0,0.184,1.0,0.0,,0,0.2,regulator,0.0344,1209
slma,b3641,,0,0.112,1.0,0.333,,0,0.4,other,0.0344,1210
ybhl,b0786,,,0.188,0.597,0.333,,0,0.4,other,0.0344,1211
ynff,b1588,,,0.068,1.0,,,0,0.9,enzyme,0.0344,1212
nimr,b1790,,,0.183,1.0,0.0,,0,0.2,regulator,0.0343,1213
rute,b1008,,,0.083,1.0,0.217,,0,0.9,enzyme,0.0343,1214
ybgc,b0736,,0,0.089,1.0,0.146,,0,0.9,enzyme,0.0343,1215
frdc,b4152,,,0.081,1.0,0.25,,0,0.9,enzyme,0.0342,1216
galr,b2837,,0,0.131,1.0,0.4,,0,0.2,regulator,0.0342,1217
livm,b3456,,0,0.083,1.0,0.211,,0,0.9,enzyme,0.0342,1218
lysr,b2839,,1,0.144,1.0,0.267,,0,0.2,regulator,0.0342,1219
rihb,b2162,,0,0.089,1.0,0.143,,0,0.9,enzyme,0.0342,1220
yigl,b3826,,,0.089,1.0,0.143,,0,0.9,enzyme,0.0342,1221
ytft,b4230,,0,0.089,1.0,0.143,,0,0.9,enzyme,0.0342,1222
alle,b0515,,0,0.148,1.0,0.0,,0,0.4,other,0.0341,1223
dtd,b3887,,0,0.389,0.342,0.111,,0,0.4,other,0.0341,1224
hypf,b2712,,,0.277,0.467,0.143,,0,0.4,other,0.0341,1225
pstc,b3727,,,0.083,1.0,0.208,,0,0.9,enzyme,0.0341,1226
trg,b1421,,,0.148,1.0,0.0,,0,0.4,other,0.0341,1227
yfdc,b2347,,0,0.148,1.0,0.0,,0,0.4,other,0.0341,1228
asr,b1597,,0,0.098,1.0,,,0,0.4,other,0.034,1229
ytfq,b4227,,1,0.088,1.0,0.143,,0,0.9,enzyme,0.034,1230
evga,b2369,,,0.181,1.0,0.0,,0,0.2,regulator,0.0339,1231
rpos,b2741,,0,0.093,1.0,0.227,,0,0.7,translation/replication,0.0339,1232
ybdl,b0600,,,0.329,0.447,0.0,,0,0.4,other,0.0339,1233
kbaz,b3132,,,0.083,1.0,0.2,,0,0.9,enzyme,0.0338,1234
napc,b2202,,0,0.083,1.0,0.2,,0,0.9,enzyme,0.0338,1235
rpmh,b3703,,,0.331,0.23,,,0,0.7,translation/replication,0.0338,1236
uxub,b4323,,0,0.083,1.0,0.2,,0,0.9,enzyme,0.0338,1237
fiu,b0805,,,0.089,1.0,0.125,,0,0.9,enzyme,0.0337,1238
pyrr,b2381,,,0.18,1.0,0.0,,0,0.2,regulator,0.0337,1239
yhaj,b3105,,,0.18,1.0,0.0,,0,0.2,regulator,0.0337,1240
folk,b0142,,0,0.036,1.0,1.0,1.0,0,0.9,enzyme,0.0336,1241
recc,b2822,,0,0.083,1.0,0.75,,0,0.4,other,0.0336,1242
yjbe,b4026,,0,0.097,1.0,,,0,0.4,other,0.0336,1243
cpdb,b4213,,0,0.174,0.567,0.0,,0,0.9,enzyme,0.0335,1244
glta,b0720,,0,0.072,0.558,0.765,1.0,0,0.9,enzyme,0.0335,1245
nadb,b2574,,0,0.089,0.48,0.676,1.0,0,0.9,enzyme,0.0335,1246
nfsa,b0851,,0,0.146,1.0,0.0,,0,0.4,other,0.0335,1247
ybdz,b4511,,,0.146,1.0,0.0,,0,0.4,other,0.0335,1248
yjff,b4231,,0,0.087,1.0,0.133,,0,0.9,enzyme,0.0335,1249
npr,b3206,,,0.083,1.0,0.737,,0,0.4,other,0.0334,1250
pspe,b1308,,,0.066,1.0,,,0,0.9,enzyme,0.0334,1251
acre,b3265,,0,0.089,1.0,0.111,,0,0.9,enzyme,0.0333,1252
bglx,b2132,,,0.089,1.0,0.111,,0,0.9,enzyme,0.0333,1253
gpt,b0238,,,0.083,1.0,0.182,,0,0.9,enzyme,0.0333,1254
cpda,b3032,,0,0.083,1.0,0.727,,0,0.4,other,0.0332,1255
ygbl,b2738,,0,0.077,1.0,0.273,,0,0.9,enzyme,0.0332,1256
argr,b3237,,0,0.089,1.0,1.0,,0,0.2,regulator,0.0331,1257
cecr,b0796,,,0.089,1.0,1.0,,0,0.2,regulator,0.0331,1258
cspa,b3556,,0,0.387,0.305,0.5,,0,0.2,regulator,0.0331,1259
dsdc,b2364,,1,0.089,1.0,1.0,,0,0.2,regulator,0.0331,1260
fis,b3261,,,0.089,1.0,1.0,,0,0.2,regulator,0.0331,1261
malt,b3418,,0,0.089,1.0,1.0,,0,0.2,regulator,0.0331,1262
mara,b1531,,,0.089,1.0,1.0,,0,0.2,regulator,0.0331,1263
codb,b0336,,0,0.089,1.0,0.1,,0,0.9,enzyme,0.033,1264
cysh,b2762,,0,0.039,1.0,0.8,1.0,0,0.9,enzyme,0.033,1265
ddlb,b0092,,0,0.061,1.0,0.6,,0,0.9,enzyme,0.033,1266
lrha,b2289,,,0.176,1.0,0.0,,0,0.2,regulator,0.033,1267
arti,b0863,,,0.083,1.0,0.167,,0,0.9,enzyme,0.0329,1268
cynr,b0338,,1,0.176,1.0,0.0,,0,0.2,regulator,0.0329,1269
napg,b2205,,0,0.083,1.0,0.167,,0,0.9,enzyme,0.0329,1270
narj,b1226,,0,0.086,1.0,0.125,,0,0.9,enzyme,0.0329,1271
nary,b1467,,0,0.088,1.0,0.1,,0,0.9,enzyme,0.0329,1272
sgrr,b0069,,0,0.176,1.0,0.0,,0,0.2,regulator,0.0329,1273
argt,b2310,,0,0.084,1.0,0.154,,0,0.9,enzyme,0.0328,1274
soxs,b4062,,0,0.088,1.0,1.0,,0,0.2,regulator,0.0328,1275
dgor,b4479,,0,0.175,1.0,0.0,,0,0.2,regulator,0.0327,1276
melr,b4118,,0,0.175,1.0,0.0,,0,0.2,regulator,0.0327,1277
mltb,b2701,,0,0.083,1.0,0.161,,0,0.9,enzyme,0.0327,1278
modc,b0765,,1,0.173,0.462,0.214,,0,0.9,enzyme,0.0327,1279
xapr,b2405,,1,0.175,1.0,0.0,,0,0.2,regulator,0.0327,1280
ypja,b2647,,,0.095,1.0,,,0,0.4,other,0.0327,1281
arnc,b2254,,0,0.164,0.522,0.125,,0,0.9,enzyme,0.0326,1282
rsxe,b1632,,0,0.087,1.0,0.625,,0,0.4,other,0.0326,1283
yidq,b3688,,0,0.113,1.0,0.25,,0,0.4,other,0.0326,1284
artq,b0862,,,0.083,1.0,0.154,,0,0.9,enzyme,0.0325,1285
glga,b3429,,0,0.083,1.0,0.152,,0,0.9,enzyme,0.0325,1286
mali,b1620,,0,0.173,1.0,0.0,,0,0.2,regulator,0.0325,1287
rlmd,b2785,,,0.296,0.463,0.027,,0,0.4,other,0.0325,1288
dgcc,b0385,,0,0.141,1.0,0.0,,0,0.4,other,0.0324,1289
yjdf,b4121,,,0.117,1.0,0.2,,0,0.4,other,0.0324,1290
atoa,b2222,,0,0.347,0.213,0.29,,0,0.9,enzyme,0.0323,1291
fdoi,b3892,,0,0.089,1.0,0.077,,0,0.9,enzyme,0.0323,1292
ghra,b1033,,,0.175,0.528,0.037,,0,0.9,enzyme,0.0323,1293
yjjq,b4365,,0,0.173,1.0,0.0,,0,0.2,regulator,0.0323,1294
folx,b2303,,1,0.088,1.0,0.077,,0,0.9,enzyme,0.0322,1295
glnl,b3869,,0,0.083,1.0,0.677,,0,0.4,other,0.0322,1296
nuok,b2279,,,0.071,1.0,0.333,,0,0.9,enzyme,0.0322,1297
ssud,b0935,,0,0.089,1.0,0.071,,0,0.9,enzyme,0.0321,1298
emrd,b3673,,0,0.083,1.0,0.667,,0,0.4,other,0.032,1299
flit,b1926,,0,0.083,1.0,0.667,,0,0.4,other,0.032,1300
ldtb,b0819,,,0.083,1.0,0.667,,0,0.4,other,0.032,1301
taua,b0365,,0,0.089,1.0,0.067,,0,0.9,enzyme,0.032,1302
ydgi,b1605,,0,0.083,1.0,0.133,,0,0.9,enzyme,0.032,1303
yeac,b1777,,,0.083,1.0,0.667,,0,0.4,other,0.032,1304
grol,b4143,,1,0.891,0.155,0.0,,0,0.4,other,0.0318,1305
ruta,b1012,,,0.075,1.0,0.25,,0,0.9,enzyme,0.0318,1306
cora,b3816,,0,0.083,1.0,0.125,,0,0.9,enzyme,0.0317,1307
ibag,b3190,,0,0.182,0.445,0.7,,0,0.4,other,0.0317,1308
yfde,b2371,,0,0.279,0.45,0.094,,0,0.4,other,0.0317,1309
cspi,b1552,,,0.26,0.352,0.5,,0,0.4,other,0.0316,1310
meti,b0198,,0,0.089,1.0,0.054,,0,0.9,enzyme,0.0316,1311
uidb,b1616,,1,0.149,0.613,,,0,0.4,other,0.0316,1312
ytfe,b4209,,0,0.089,1.0,0.056,,0,0.9,enzyme,0.0316,1313
comr,b1111,,1,0.153,1.0,0.1,,0,0.2,regulator,0.0315,1314
cysn,b2751,,1,0.083,0.432,0.864,1.0,0,0.9,enzyme,0.0315,1315
ilvy,b3773,,0,0.103,1.0,0.625,,0,0.2,regulator,0.0315,1316
narh,b1225,,0,0.086,1.0,0.077,,0,0.9,enzyme,0.0315,1317
pspf,b1303,,,0.123,1.0,0.364,,0,0.2,regulator,0.0315,1318
tauc,b0367,,0,0.089,1.0,0.05,,0,0.9,enzyme,0.0315,1319
yebc,b1864,,0,0.181,0.46,0.632,,0,0.4,other,0.0314,1320
yeiq,b2172,,0,0.115,1.0,0.188,,0,0.4,other,0.0314,1321
yqef,b2844,,0,0.521,0.19,0.375,,0,0.4,other,0.0314,1322
ydcv,b1443,,,0.083,1.0,0.111,,0,0.9,enzyme,0.0313,1323
glpe,b3425,,0,0.083,1.0,0.105,,0,0.9,enzyme,0.0312,1324
yhhy,b3441,,,0.244,0.507,0.091,,0,0.4,other,0.0312,1325
kdgr,b1827,,0,0.124,1.0,0.333,,0,0.2,regulator,0.0311,1326
mcbr,b1450,,1,0.111,1.0,,,0,0.2,regulator,0.0311,1327
oppd,b1246,,0,0.176,0.5,0.045,,0,0.9,enzyme,0.0311,1328
garl,b3126,,,0.083,1.0,0.1,,0,0.9,enzyme,0.031,1329
sbmc,b2009,,0,0.09,1.0,0.5,,0,0.4,other,0.031,1330
ssuc,b0934,,0,0.089,1.0,0.033,,0,0.9,enzyme,0.031,1331
torr,b0995,,,0.165,1.0,0.0,,0,0.2,regulator,0.031,1332
trps,b3384,,1,0.327,0.28,0.0,,0,0.9,enzyme,0.0309,1333
ydfj,b1543,,,0.16,0.557,,,0,0.4,other,0.0309,1334
prpe,b0335,,0,0.399,0.335,0.0,,0,0.4,other,0.0308,1335
fuci,b2802,,0,0.054,1.0,0.667,,0,0.9,enzyme,0.0307,1336
metq,b0197,,0,0.083,1.0,0.087,,0,0.9,enzyme,0.0307,1337
abpa,b2628,,0,0.089,1.0,,,0,0.4,other,0.0306,1338
agab,b3138,,,0.089,1.0,,,0,0.4,other,0.0306,1339
agad,b3140,,,0.089,1.0,,,0,0.4,other,0.0306,1340
agaw,b3134,,,0.089,1.0,,,0,0.4,other,0.0306,1341
bdm,b1481,,0,0.089,1.0,,,0,0.4,other,0.0306,1342
bfd,b3337,,0,0.089,1.0,0.5,,0,0.4,other,0.0306,1343
bord,b0557,,0,0.089,1.0,,,0,0.4,other,0.0306,1344
cas3,b2761,,0,0.089,1.0,,,0,0.4,other,0.0306,1345
cbra,b3690,,0,0.089,1.0,,,0,0.4,other,0.0306,1346
cbrb,b3716,,0,0.089,1.0,,,0,0.4,other,0.0306,1347
chiq,b0682,,0,0.089,1.0,,,0,0.4,other,0.0306,1348
cmta,b2933,,,0.089,1.0,,,0,0.4,other,0.0306,1349
crfc,b4109,,0,0.089,1.0,,,0,0.4,other,0.0306,1350
csgf,b1038,,,0.089,1.0,,,0,0.4,other,0.0306,1351
csrb,b4408,,,0.089,1.0,,,0,0.4,other,0.0306,1352
csrc,b4457,,,0.089,1.0,,,0,0.4,other,0.0306,1353
cyar,b4438,,,0.089,1.0,,,0,0.4,other,0.0306,1354
dgci,b0834,,0,0.089,1.0,,,0,0.4,other,0.0306,1355
dgcm,b1341,,0,0.089,1.0,,,0,0.4,other,0.0306,1356
dgcz,b1535,,,0.089,1.0,,,0,0.4,other,0.0306,1357
efeu,b4490,,,0.089,1.0,,,0,0.4,other,0.0306,1358
elab,b2266,,0,0.089,1.0,,,0,0.4,other,0.0306,1359
elfc,b0940,,,0.089,1.0,,,0,0.4,other,0.0306,1360
emry,b2367,,0,0.089,1.0,,,0,0.4,other,0.0306,1361
essd,b0554,,0,0.089,1.0,,,0,0.4,other,0.0306,1362
fixx,b0044,,1,0.089,1.0,0.5,,0,0.4,other,0.0306,1363
gfca,b0987,,,0.089,1.0,,,0,0.4,other,0.0306,1364
gfcc,b0985,,,0.089,1.0,,,0,0.4,other,0.0306,1365
gspb,b3322,,1,0.089,1.0,,,0,0.4,other,0.0306,1366
gspm,b3334,,0,0.089,1.0,,,0,0.4,other,0.0306,1367
hofn,b3394,,0,0.089,1.0,,,0,0.4,other,0.0306,1368
hofo,b3393,,0,0.089,1.0,,,0,0.4,other,0.0306,1369
hokd,b1562,,,0.089,1.0,,,0,0.4,other,0.0306,1370
hyae,b0976,,1,0.089,1.0,,,0,0.4,other,0.0306,1371
hypc,b2728,,0,0.089,1.0,,,0,0.4,other,0.0306,1372
ilvl,b3766,,0,0.089,1.0,,,0,0.4,other,0.0306,1373
intq,b1579,,,0.089,1.0,,,0,0.4,other,0.0306,1374
ldte,b1678,,0,0.089,1.0,0.5,,0,0.4,other,0.0306,1375
leup,b4369,,,0.089,1.0,,,0,0.4,other,0.0306,1376
omra,b4444,,,0.089,1.0,,,0,0.4,other,0.0306,1377
omrb,b4445,,,0.089,1.0,,,0,0.4,other,0.0306,1378
pdei,b0833,,0,0.089,1.0,,,0,0.4,other,0.0306,1379
pgad,b1021,,,0.089,1.0,,,0,0.4,other,0.0306,1380
pgpc,b2560,,1,0.089,1.0,0.5,,0,0.4,other,0.0306,1381
phno,b4093,,0,0.089,1.0,,,0,0.4,other,0.0306,1382
plig,b1178,,,0.089,1.0,,,0,0.4,other,0.0306,1383
rdca,b4109,,0,0.089,1.0,,,0,0.4,other,0.0306,1384
rnla,b2630,,0,0.089,1.0,,,0,0.4,other,0.0306,1385
rpra,b4431,,,0.089,1.0,,,0,0.4,other,0.0306,1386
ryfa,b4440,,,0.089,1.0,,,0,0.4,other,0.0306,1387
sgcq,b4303,,,0.089,1.0,,,0,0.4,other,0.0306,1388
sgcr,b4300,,,0.089,1.0,,,0,0.4,other,0.0306,1389
sgcx,b4305,,,0.089,1.0,,,0,0.4,other,0.0306,1390
stfq,b1547,,,0.089,1.0,,,0,0.4,other,0.0306,1391
stfr,b1372,,,0.089,1.0,,,0,0.4,other,0.0306,1392
tap,b1885,,0,0.089,1.0,,,0,0.4,other,0.0306,1393
tisb,b4618,,0,0.089,1.0,,,0,0.4,other,0.0306,1394
tors,b0993,,,0.089,1.0,,,0,0.4,other,0.0306,1395
uidc,b1615,,0,0.089,1.0,,,0,0.4,other,0.0306,1396
uspf,b1376,,,0.089,1.0,0.5,,0,0.4,other,0.0306,1397
yadc,b0135,,0,0.089,1.0,,,0,0.4,other,0.0306,1398
yaho,b0329,,0,0.089,1.0,,,0,0.4,other,0.0306,1399
ybcq,b0551,,0,0.089,1.0,,,0,0.4,other,0.0306,1400
ybeu,b0648,,,0.089,1.0,,,0,0.4,other,0.0306,1401
ybfg,b0691,,,0.089,1.0,,,0,0.4,other,0.0306,1402
ybgd,b0719,,0,0.089,1.0,,,0,0.4,other,0.0306,1403
ycam,b0899,,0,0.089,1.0,,,0,0.4,other,0.0306,1404
ycbv,b0943,,0,0.089,1.0,,,0,0.4,other,0.0306,1405
ycgv,b1202,,0,0.089,1.0,,,0,0.4,other,0.0306,1406
ycjo,b1311,,,0.089,1.0,,,0,0.4,other,0.0306,1407
ydbd,b1407,,,0.089,1.0,,,0,0.4,other,0.0306,1408
ydfe,b1577,,,0.089,1.0,,,0,0.4,other,0.0306,1409
ydhu,b1670,,0,0.089,1.0,,,0,0.4,other,0.0306,1410
ydhw,b1672,,0,0.089,1.0,,,0,0.4,other,0.0306,1411
yect,b1877,,,0.089,1.0,,,0,0.4,other,0.0306,1412
yeee,b2013,,0,0.089,1.0,,,0,0.4,other,0.0306,1413
yegr,b2085,,,0.089,1.0,,,0,0.4,other,0.0306,1414
yehb,b2109,,,0.089,1.0,,,0,0.4,other,0.0306,1415
yehe,b2112,,0,0.089,1.0,,,0,0.4,other,0.0306,1416
yehq,b2122,,0,0.089,1.0,,,0,0.4,other,0.0306,1417
yfco,b2332,,,0.089,1.0,,,0,0.4,other,0.0306,1418
yfcp,b2333,,0,0.089,1.0,,,0,0.4,other,0.0306,1419
yfcv,b2339,,0,0.089,1.0,,,0,0.4,other,0.0306,1420
yfdv,b2372,,0,0.089,1.0,,,0,0.4,other,0.0306,1421
yfdx,b2375,,1,0.089,1.0,,,0,0.4,other,0.0306,1422
yfes,b2420,,,0.089,1.0,,,0,0.4,other,0.0306,1423
yfgh,b2505,,1,0.089,1.0,,,0,0.4,other,0.0306,1424
yghf,b2970,,0,0.089,1.0,,,0,0.4,other,0.0306,1425
yhbx,b3173,,,0.089,1.0,,,0,0.4,other,0.0306,1426
yhfl,b3369,,,0.089,1.0,,,0,0.4,other,0.0306,1427
yhge,b3402,,0,0.089,1.0,,,0,0.4,other,0.0306,1428
yhij,b3488,,0,0.089,1.0,,,0,0.4,other,0.0306,1429
yhjv,b3539,,,0.089,1.0,,,0,0.4,other,0.0306,1430
yihr,b3879,,,0.089,1.0,,,0,0.4,other,0.0306,1431
yiix,b3937,,1,0.089,1.0,,,0,0.4,other,0.0306,1432
yjfk,b4183,,,0.089,1.0,,,0,0.4,other,0.0306,1433
yjfy,b4199,,0,0.089,1.0,,,0,0.4,other,0.0306,1434
yjfz,b4204,,0,0.089,1.0,,,0,0.4,other,0.0306,1435
yjhf,b4296,,,0.089,1.0,,,0,0.4,other,0.0306,1436
yjij,b4332,,0,0.089,1.0,,,0,0.4,other,0.0306,1437
yjit,b4342,,0,0.089,1.0,,,0,0.4,other,0.0306,1438
ymfa,b1122,,0,0.089,1.0,,,0,0.4,other,0.0306,1439
ymgg,b1172,,,0.089,1.0,,,0,0.4,other,0.0306,1440
ynak,b1365,,,0.089,1.0,,,0,0.4,other,0.0306,1441
ynfd,b1586,,,0.089,1.0,,,0,0.4,other,0.0306,1442
ynji,b1762,,0,0.089,1.0,,,0,0.4,other,0.0306,1443
yqhg,b3013,,0,0.089,1.0,,,0,0.4,other,0.0306,1444
yrah,b3142,,,0.089,1.0,,,0,0.4,other,0.0306,1445
yraj,b3144,,,0.089,1.0,,,0,0.4,other,0.0306,1446
yrak,b3145,,,0.089,1.0,,,0,0.4,other,0.0306,1447
yrbl,b3207,,,0.089,1.0,,,0,0.4,other,0.0306,1448
astb,b1745,,0,0.053,1.0,0.684,,0,0.9,enzyme,0.0305,1449
ddpc,b1485,,0,0.083,1.0,0.083,,0,0.9,enzyme,0.0305,1450
rhse,b1456,,,0.088,1.0,,,0,0.4,other,0.0305,1451
yagn,b0280,,,0.088,1.0,,,0,0.4,other,0.0305,1452
yahn,b0328,,0,0.088,1.0,,,0,0.4,other,0.0305,1453
nrfc,b4072,,,0.09,1.0,0.0,,0,0.9,enzyme,0.0304,1454
pphc,b2072,,0,0.088,1.0,,,0,0.4,other,0.0304,1455
sfmh,b0533,,,0.088,1.0,,,0,0.4,other,0.0304,1456
sgcb,b4565,,,0.088,1.0,,,0,0.4,other,0.0304,1457
srla,b2702,,0,0.045,1.0,1.0,,0,0.9,enzyme,0.0304,1458
yafw,b0246,,0,0.088,1.0,,,0,0.4,other,0.0304,1459
yead,b1780,,,0.132,1.0,0.0,,0,0.4,other,0.0304,1460
yeah,b1784,,,0.108,1.0,0.219,,0,0.4,other,0.0304,1461
yagb,b0266,,,0.088,1.0,,,0,0.4,other,0.0303,1462
dgot,b3691,,0,0.129,0.575,0.2,,0,0.9,enzyme,0.0302,1463
dicb,b1575,,,0.087,1.0,,,0,0.4,other,0.0302,1464
flin,b1946,,0,0.086,1.0,0.533,,0,0.4,other,0.0302,1465
miab,b0661,,0,0.283,0.393,0.179,,0,0.4,other,0.0302,1466
yber,b0645,,0,0.087,1.0,,,0,0.4,other,0.0302,1467
yejf,b2180,,0,0.276,0.407,0.167,,0,0.4,other,0.0302,1468
yfbl,b2271,,0,0.087,1.0,,,0,0.4,other,0.0302,1469
yghs,b2985,,0,0.087,1.0,,,0,0.4,other,0.0302,1470
ygji,b3078,,0,0.087,1.0,,,0,0.4,other,0.0302,1471
yobb,b1843,,0,0.087,1.0,,,0,0.4,other,0.0302,1472
dcyd,b1919,,0,0.086,1.0,0.034,,0,0.9,enzyme,0.0301,1473
insj,b3557,,0,0.087,1.0,,,0,0.4,other,0.0301,1474
yadm,b0138,,,0.087,1.0,,,0,0.4,other,0.0301,1475
yfch,b2304,,0,0.329,0.397,0.0,,0,0.4,other,0.0301,1476
yfcj,b2322,,0,0.131,1.0,0.0,,0,0.4,other,0.0301,1477
yjbr,b4057,,0,0.087,1.0,0.5,,0,0.4,other,0.0301,1478
aded,b3665,,0,0.089,1.0,0.0,,0,0.9,enzyme,0.03,1479
arsc,b3503,,,0.089,1.0,0.0,,0,0.9,enzyme,0.03,1480
bisc,b3551,,0,0.089,1.0,0.0,,0,0.9,enzyme,0.03,1481
chaa,b1216,,0,0.089,1.0,0.0,,0,0.9,enzyme,0.03,1482
cusb,b0574,,,0.089,1.0,0.0,,0,0.9,enzyme,0.03,1483
dcub,b4123,,,0.089,1.0,0.0,,0,0.9,enzyme,0.03,1484
dgt,b0160,,,0.089,1.0,0.0,,0,0.9,enzyme,0.03,1485
dmsa,b0894,,0,0.089,1.0,0.0,,0,0.9,enzyme,0.03,1486
dsbg,b0604,,,0.089,1.0,0.0,,0,0.9,enzyme,0.03,1487
emta,b1193,,0,0.089,1.0,0.0,,0,0.9,enzyme,0.03,1488
entc,b0593,,,0.089,1.0,0.0,,0,0.9,enzyme,0.03,1489
fdng,b1474,,,0.089,1.0,0.0,,0,0.9,enzyme,0.03,1490
fdog,b3894,,,0.089,1.0,0.0,,0,0.9,enzyme,0.03,1491
fdoh,b3893,,,0.089,1.0,0.0,,0,0.9,enzyme,0.03,1492
glts,b3653,,0,0.089,1.0,0.0,,0,0.9,enzyme,0.03,1493
hyaa,b0972,,0,0.089,1.0,0.0,,0,0.9,enzyme,0.03,1494
hyab,b0973,,0,0.089,1.0,0.0,,0,0.9,enzyme,0.03,1495
hybb,b2995,,,0.089,1.0,0.0,,0,0.9,enzyme,0.03,1496
kdgt,b3909,,0,0.089,1.0,0.0,,0,0.9,enzyme,0.03,1497
kdsc,b3198,,0,0.083,0.51,0.5,1.0,0,0.9,enzyme,0.03,1498
lacy,b0343,,0,0.089,1.0,0.0,,0,0.9,enzyme,0.03,1499
ldcc,b0186,,0,0.089,1.0,0.0,,0,0.9,enzyme,0.03,1500
mhpf,b0351,,,0.089,1.0,0.0,,0,0.9,enzyme,0.03,1501
norv,b2710,,,0.089,1.0,0.0,,0,0.9,enzyme,0.03,1502
nrfd,b4073,,,0.089,1.0,0.0,,0,0.9,enzyme,0.03,1503
recx,b2698,,0,0.084,1.0,0.556,,0,0.4,other,0.03,1504
riha,b0651,,,0.089,1.0,0.0,,0,0.9,enzyme,0.03,1505
spef,b0693,,,0.089,1.0,0.0,,0,0.9,enzyme,0.03,1506
ssua,b0936,,0,0.089,1.0,0.0,,0,0.9,enzyme,0.03,1507
tdcd,b3115,,,0.089,1.0,0.0,,0,0.9,enzyme,0.03,1508
tnaa,b3708,,0,0.089,1.0,0.0,,0,0.9,enzyme,0.03,1509
torc,b0996,,0,0.089,1.0,0.0,,0,0.9,enzyme,0.03,1510
ycig,b1259,,0,0.087,1.0,,,0,0.4,other,0.03,1511
ycjv,b1318,,,0.16,0.542,,,0,0.4,other,0.03,1512
yddg,b1473,,,0.089,1.0,0.0,,0,0.9,enzyme,0.03,1513
yjhv,b4286,,,0.087,1.0,,,0,0.4,other,0.03,1514
eama,b1533,,,0.083,1.0,0.059,,0,0.9,enzyme,0.0299,1515
envz,b3404,,0,0.083,1.0,0.556,,0,0.4,other,0.0299,1516
fhuf,b4367,,0,0.088,1.0,0.0,,0,0.9,enzyme,0.0299,1517
nikc,b3478,,0,0.088,1.0,0.0,,0,0.9,enzyme,0.0299,1518
aroa,b0908,,0,0.032,1.0,1.0,1.0,0,0.9,enzyme,0.0298,1519
aspv,b0216,,,0.086,1.0,,,0,0.4,other,0.0298,1520
gutm,b2706,,0,0.159,1.0,0.0,,0,0.2,regulator,0.0298,1521
symr,b4625,,,0.086,1.0,,,0,0.4,other,0.0298,1522
trud,b2745,,0,0.187,0.638,0.083,,0,0.4,other,0.0298,1523
yads,b0157,,1,0.089,1.0,0.462,,0,0.4,other,0.0298,1524
ycjn,b1310,,,0.086,1.0,,,0,0.4,other,0.0298,1525
yfjh,b2623,,0,0.086,1.0,,,0,0.4,other,0.0298,1526
alld,b0517,,0,0.088,1.0,0.0,,0,0.9,enzyme,0.0297,1527
ygcp,b2768,,0,0.086,1.0,,,0,0.4,other,0.0297,1528
yght,b2986,,0,0.086,1.0,,,0,0.4,other,0.0297,1529
yjbj,b4045,,0,0.083,1.0,0.545,,0,0.4,other,0.0297,1530
yjhi,b4299,,,0.086,1.0,,,0,0.4,other,0.0297,1531
arac,b0064,,0,0.158,1.0,0.0,,0,0.2,regulator,0.0296,1532
glmy,b4441,,,0.086,1.0,,,0,0.4,other,0.0296,1533
apag,b0050,,0,0.302,0.39,0.087,,0,0.4,other,0.0295,1534
oppa,b1243,,0,0.087,1.0,0.0,,0,0.9,enzyme,0.0295,1535
tdcc,b3116,,,0.058,1.0,,,0,0.9,enzyme,0.0295,1536
thie,b3993,,0,0.044,1.0,0.429,1.0,0,0.9,enzyme,0.0295,1537
xylr,b3569,,0,0.118,1.0,0.333,,0,0.2,regulator,0.0295,1538
ybhg,b0795,,,0.128,1.0,0.0,,0,0.4,other,0.0295,1539
yfbv,b2295,,0,0.085,1.0,0.5,,0,0.4,other,0.0295,1540
ygha,b3003,,0,0.264,0.465,0.043,,0,0.4,other,0.0295,1541
yghg,b2971,,0,0.085,1.0,,,0,0.4,other,0.0295,1542
yhii,b3487,,0,0.128,1.0,0.0,,0,0.4,other,0.0295,1543
appx,b4592,,0,0.085,1.0,,,0,0.4,other,0.0294,1544
narz,b1468,,0,0.087,1.0,0.0,,0,0.9,enzyme,0.0294,1545
oppb,b1244,,0,0.087,1.0,0.0,,0,0.9,enzyme,0.0294,1546
phnn,b4094,,0,0.087,1.0,0.0,,0,0.9,enzyme,0.0294,1547
yaiy,b0379,,0,0.085,1.0,,,0,0.4,other,0.0294,1548
yhhm,b3467,,0,0.085,1.0,,,0,0.4,other,0.0294,1549
ypdc,b2382,,,0.085,1.0,,,0,0.4,other,0.0294,1550
ampe,b0111,,0,0.127,1.0,0.0,,0,0.4,other,0.0293,1551
amya,b1927,,0,0.087,1.0,0.0,,0,0.9,enzyme,0.0293,1552
gntt,b3415,,0,0.074,1.0,0.167,,0,0.9,enzyme,0.0293,1553
hydn,b2713,,,0.106,1.0,0.2,,0,0.4,other,0.0293,1554
nudg,b1759,,0,0.2,0.433,0.0,,0,0.9,enzyme,0.0293,1555
phea,b2599,,0,0.039,1.0,0.6,1.0,0,0.9,enzyme,0.0293,1556
seta,b0070,,0,0.087,1.0,0.0,,0,0.9,enzyme,0.0293,1557
xyle,b4031,,,0.136,0.525,0.214,,0,0.9,enzyme,0.0293,1558
ydau,b1359,,,0.085,1.0,,,0,0.4,other,0.0293,1559
yghr,b2984,,0,0.085,1.0,,,0,0.4,other,0.0293,1560
yhcd,b3216,,0,0.127,1.0,0.0,,0,0.4,other,0.0293,1561
yiam,b3577,,0,0.087,1.0,0.0,,0,0.9,enzyme,0.0293,1562
ynfb,b1583,,,0.085,1.0,,,0,0.4,other,0.0293,1563
yrhb,b3446,,,0.085,1.0,,,0,0.4,other,0.0293,1564
fbab,b2097,,0,0.086,1.0,0.0,,0,0.9,enzyme,0.0292,1565
glmz,b4456,,,0.084,1.0,,,0,0.4,other,0.0292,1566
hfld,b1132,,0,0.089,1.0,0.429,,0,0.4,other,0.0292,1567
hyba,b2996,,,0.086,1.0,0.0,,0,0.9,enzyme,0.0292,1568
napb,b2203,,0,0.086,1.0,0.0,,0,0.9,enzyme,0.0292,1569
tora,b0997,,0,0.086,1.0,0.0,,0,0.9,enzyme,0.0292,1570
yahc,b0317,,,0.084,1.0,,,0,0.4,other,0.0292,1571
yebk,b1853,,0,0.083,1.0,0.519,,0,0.4,other,0.0292,1572
acna,b1276,,0,0.584,0.118,0.25,,0,0.9,enzyme,0.0291,1573
alsb,b4088,,,0.086,1.0,0.0,,0,0.9,enzyme,0.0291,1574
elfg,b0941,,,0.084,1.0,,,0,0.4,other,0.0291,1575
tatd,b4483,,1,0.281,0.45,0.0,,0,0.4,other,0.0291,1576
torz,b1872,,,0.086,1.0,0.0,,0,0.9,enzyme,0.0291,1577
ttda,b3061,,0,0.086,1.0,0.0,,0,0.9,enzyme,0.0291,1578
yeis,b2145,,0,0.084,1.0,,,0,0.4,other,0.0291,1579
yggm,b2956,,,0.084,1.0,,,0,0.4,other,0.0291,1580
yhfu,b3378,,0,0.084,1.0,,,0,0.4,other,0.0291,1581
yqii,b3048,,0,0.084,1.0,,,0,0.4,other,0.0291,1582
arcz,b4450,,,0.084,1.0,,,0,0.4,other,0.029,1583
fime,b4313,,,0.126,1.0,0.0,,0,0.4,other,0.029,1584
hisj,b2309,,0,0.073,1.0,0.167,,0,0.9,enzyme,0.029,1585
mcrb,b4346,,0,0.084,1.0,,,0,0.4,other,0.029,1586
ycbu,b0942,,,0.084,1.0,,,0,0.4,other,0.029,1587
ydco,b1433,,,0.126,1.0,0.0,,0,0.4,other,0.029,1588
ykfi,b0245,,0,0.084,1.0,,,0,0.4,other,0.029,1589
ymia,b4522,,0,0.084,1.0,,,0,0.4,other,0.029,1590
yqeb,b2875,,,0.084,1.0,,,0,0.4,other,0.029,1591
alsk,b4084,,,0.086,1.0,0.0,,0,0.9,enzyme,0.0289,1592
atoe,b2223,,0,0.085,1.0,0.0,,0,0.9,enzyme,0.0289,1593
cusf,b0573,,,0.085,1.0,0.0,,0,0.9,enzyme,0.0289,1594
dicc,b1569,,,0.084,1.0,,,0,0.4,other,0.0289,1595
exur,b3094,,,0.116,1.0,0.333,,0,0.2,regulator,0.0289,1596
gntu,b4476,,0,0.085,1.0,0.0,,0,0.9,enzyme,0.0289,1597
insn,b4587,,0,0.083,1.0,,,0,0.4,other,0.0289,1598
phr,b0708,,0,0.234,0.537,0.0,,0,0.4,other,0.0289,1599
sra,b1480,,0,0.083,1.0,,,0,0.4,other,0.0289,1600
tam,b1519,,,0.085,1.0,0.0,,0,0.9,enzyme,0.0289,1601
yadl,b0137,,,0.084,1.0,,,0,0.4,other,0.0289,1602
ybbw,b0511,,0,0.085,1.0,0.0,,0,0.9,enzyme,0.0289,1603
yffr,b2449,,,0.084,1.0,,,0,0.4,other,0.0289,1604
yjaz,b3989,,0,0.083,1.0,,,0,0.4,other,0.0289,1605
yjhg,b4297,,,0.083,1.0,,,0,0.4,other,0.0289,1606
ykfh,b4504,,0,0.084,1.0,,,0,0.4,other,0.0289,1607
agav,b3133,,,0.083,1.0,,,0,0.4,other,0.0288,1608
asnv,b1989,,,0.083,1.0,,,0,0.4,other,0.0288,1609
beee,b1151,,,0.083,1.0,,,0,0.4,other,0.0288,1610
cdgi,b1785,,,0.083,1.0,,,0,0.4,other,0.0288,1611
ceda,b1731,,0,0.083,1.0,,,0,0.4,other,0.0288,1612
cmtb,b2934,,,0.083,1.0,,,0,0.4,other,0.0288,1613
cpxa,b3911,,0,0.083,1.0,0.5,,0,0.4,other,0.0288,1614
dgcf,b1522,,,0.083,1.0,,,0,0.4,other,0.0288,1615
dgct,b1025,,,0.083,1.0,,,0,0.4,other,0.0288,1616
dinj,b0226,,0,0.083,1.0,,,0,0.4,other,0.0288,1617
dinq,b4613,,,0.083,1.0,,,0,0.4,other,0.0288,1618
dsra,b1954,,,0.083,1.0,,,0,0.4,other,0.0288,1619
elfa,b0938,,1,0.083,1.0,,,0,0.4,other,0.0288,1620
flil,b1944,,0,0.083,1.0,0.5,,0,0.4,other,0.0288,1621
flxa,b1566,,,0.083,1.0,,,0,0.4,other,0.0288,1622
frlr,b3375,,0,0.083,1.0,,,0,0.4,other,0.0288,1623
frwb,b3950,,0,0.083,1.0,0.5,,0,0.4,other,0.0288,1624
fume,b2929,,,0.083,1.0,,,0,0.4,other,0.0288,1625
hlye,b1182,,,0.083,1.0,,,0,0.4,other,0.0288,1626
iley,b2652,,,0.083,1.0,,,0,0.4,other,0.0288,1627
isrc,b4435,,,0.083,1.0,,,0,0.4,other,0.0288,1628
leuq,b4370,,,0.083,1.0,,,0,0.4,other,0.0288,1629
lpte,b0641,,0,0.083,1.0,,,0,0.4,other,0.0288,1630
mcas,b4426,,,0.083,1.0,,,0,0.4,other,0.0288,1631
mcba,b0806,,,0.083,1.0,,,0,0.4,other,0.0288,1632
mcra,b1159,,,0.083,1.0,,,0,0.4,other,0.0288,1633
mgrr,b4698,,,0.083,1.0,,,0,0.4,other,0.0288,1634
mntp,b1821,,1,0.091,1.0,0.375,,0,0.4,other,0.0288,1635
mrec,b3250,,1,0.083,1.0,,,0,0.4,other,0.0288,1636
noha,b1548,,,0.083,1.0,,,0,0.4,other,0.0288,1637
prok,b3545,,,0.083,1.0,,,0,0.4,other,0.0288,1638
ralr,b1348,,0,0.083,1.0,,,0,0.4,other,0.0288,1639
rdcb,b4110,,0,0.083,1.0,,,0,0.4,other,0.0288,1640
rdld,b4454,,,0.083,1.0,,,0,0.4,other,0.0288,1641
recn,b2616,,0,0.083,1.0,0.5,,0,0.4,other,0.0288,1642
ryfd,b4609,,,0.083,1.0,,,0,0.4,other,0.0288,1643
rzpd,b0556,,0,0.083,1.0,,,0,0.4,other,0.0288,1644
rzpr,b1362,,,0.083,1.0,,,0,0.4,other,0.0288,1645
selc,b3658,,,0.083,1.0,,,0,0.4,other,0.0288,1646
sfmc,b0531,,0,0.083,1.0,,,0,0.4,other,0.0288,1647
sgrs,b4577,,,0.083,1.0,,,0,0.4,other,0.0288,1648
shob,b4687,,0,0.083,1.0,,,0,0.4,other,0.0288,1649
sokc,b4413,,,0.083,1.0,,,0,0.4,other,0.0288,1650
ssrs,b2911,,,0.083,1.0,,,0,0.4,other,0.0288,1651
tata,b3836,,0,0.083,1.0,0.5,,0,0.4,other,0.0288,1652
tori,b4501,,0,0.083,1.0,,,0,0.4,other,0.0288,1653
yaax,b0005,,0,0.083,1.0,,,0,0.4,other,0.0288,1654
yadk,b0136,,,0.083,1.0,,,0,0.4,other,0.0288,1655
yadn,b0141,,0,0.083,1.0,,,0,0.4,other,0.0288,1656
yaei,b0164,,0,0.083,1.0,,,0,0.4,other,0.0288,1657
yaft,b0217,,0,0.083,1.0,,,0,0.4,other,0.0288,1658
yafu,b0218,,,0.083,1.0,,,0,0.4,other,0.0288,1659
yagf,b0269,,,0.083,1.0,,,0,0.4,other,0.0288,1660
yahe,b0319,,,0.083,1.0,,,0,0.4,other,0.0288,1661
yais,b0364,,0,0.083,1.0,,,0,0.4,other,0.0288,1662
ybaq,b0483,,0,0.083,1.0,,,0,0.4,other,0.0288,1663
ybga,b0707,,1,0.083,1.0,,,0,0.4,other,0.0288,1664
ybhm,b0787,,,0.083,1.0,,,0,0.4,other,0.0288,1665
ybhq,b0791,,,0.083,1.0,,,0,0.4,other,0.0288,1666
ybij,b0802,,,0.083,1.0,,,0,0.4,other,0.0288,1667
ycgj,b1177,,,0.083,1.0,,,0,0.4,other,0.0288,1668
ycgy,b1196,,0,0.083,1.0,,,0,0.4,other,0.0288,1669
ycix,b4523,,1,0.083,1.0,,,0,0.4,other,0.0288,1670
ydas,b1357,,,0.083,1.0,,,0,0.4,other,0.0288,1671
ydat,b1358,,,0.083,1.0,,,0,0.4,other,0.0288,1672
ydav,b1360,,,0.083,1.0,,,0,0.4,other,0.0288,1673
ydcy,b1446,,0,0.083,1.0,,,0,0.4,other,0.0288,1674
ydem,b1497,,0,0.083,1.0,,,0,0.4,other,0.0288,1675
ydfc,b1573,,,0.083,1.0,,,0,0.4,other,0.0288,1676
ydft,b1559,,,0.083,1.0,,,0,0.4,other,0.0288,1677
ydfu,b1560,,,0.083,1.0,,,0,0.4,other,0.0288,1678
ydfv,b1565,,,0.083,1.0,,,0,0.4,other,0.0288,1679
ydhb,b1659,,0,0.083,1.0,0.5,,0,0.4,other,0.0288,1680
ydhi,b1643,,0,0.083,1.0,,,0,0.4,other,0.0288,1681
ydhq,b1664,,0,0.083,1.0,,,0,0.4,other,0.0288,1682
ydhr,b1667,,0,0.083,1.0,,,0,0.4,other,0.0288,1683
ydil,b1689,,,0.083,1.0,,,0,0.4,other,0.0288,1684
ydip,b1696,,0,0.083,1.0,,,0,0.4,other,0.0288,1685
yebb,b1862,,0,0.083,1.0,,,0,0.4,other,0.0288,1686
yebf,b1847,,,0.083,1.0,,,0,0.4,other,0.0288,1687
yecr,b1904,,1,0.083,1.0,,,0,0.4,other,0.0288,1688
yegz,b2083,,,0.083,1.0,,,0,0.4,other,0.0288,1689
yehd,b2111,,,0.083,1.0,,,0,0.4,other,0.0288,1690
yfbo,b2274,,0,0.083,1.0,,,0,0.4,other,0.0288,1691
yfds,b2362,,0,0.083,1.0,,,0,0.4,other,0.0288,1692
yfew,b2430,,0,0.083,1.0,,,0,0.4,other,0.0288,1693
yffo,b2446,,,0.083,1.0,,,0,0.4,other,0.0288,1694
yffp,b2447,,,0.083,1.0,,,0,0.4,other,0.0288,1695
yffq,b2448,,,0.083,1.0,,,0,0.4,other,0.0288,1696
yfie,b2577,,0,0.083,1.0,,,0,0.4,other,0.0288,1697
yfjv,b2641,,,0.083,1.0,,,0,0.4,other,0.0288,1698
ygco,b2767,,0,0.083,1.0,,,0,0.4,other,0.0288,1699
yghd,b2968,,0,0.083,1.0,,,0,0.4,other,0.0288,1700
yhfz,b3383,,0,0.083,1.0,,,0,0.4,other,0.0288,1701
yhha,b3448,,,0.083,1.0,,,0,0.4,other,0.0288,1702
yhhi,b3484,,0,0.083,1.0,,,0,0.4,other,0.0288,1703
yiba,b3594,,0,0.083,1.0,,,0,0.4,other,0.0288,1704
yidb,b3698,,,0.083,1.0,,,0,0.4,other,0.0288,1705
yiie,b3889,,0,0.083,1.0,,,0,0.4,other,0.0288,1706
yiif,b3890,,0,0.083,1.0,0.5,,0,0.4,other,0.0288,1707
yjbd,b4023,,0,0.083,1.0,,,0,0.4,other,0.0288,1708
yjbm,b4048,,,0.083,1.0,,,0,0.4,other,0.0288,1709
yjcz,b4110,,0,0.083,1.0,,,0,0.4,other,0.0288,1710
yjdp,b4487,,,0.083,1.0,,,0,0.4,other,0.0288,1711
yjej,b4145,,0,0.083,1.0,,,0,0.4,other,0.0288,1712
yjgn,b4257,,0,0.083,1.0,,,0,0.4,other,0.0288,1713
yjic,b4325,,0,0.083,1.0,,,0,0.4,other,0.0288,1714
ykfb,b0250,,0,0.083,1.0,,,0,0.4,other,0.0288,1715
ykfc,b0258,,0,0.083,1.0,,,0,0.4,other,0.0288,1716
ykga,b0300,,,0.083,1.0,,,0,0.4,other,0.0288,1717
ykgl,b0295,,,0.083,1.0,,,0,0.4,other,0.0288,1718
ymfj,b1144,,0,0.083,1.0,,,0,0.4,other,0.0288,1719
ymga,b1165,,,0.083,1.0,,,0,0.4,other,0.0288,1720
ymgf,b4520,,,0.083,1.0,,,0,0.4,other,0.0288,1721
ymjb,b4524,,,0.083,1.0,,,0,0.4,other,0.0288,1722
ynaj,b1332,,0,0.083,1.0,,,0,0.4,other,0.0288,1723
ynek,b1527,,,0.083,1.0,,,0,0.4,other,0.0288,1724
ynjh,b1760,,0,0.083,1.0,,,0,0.4,other,0.0288,1725
yoeg,b4640,,,0.083,1.0,,,0,0.4,other,0.0288,1726
ypfn,b4547,,1,0.083,1.0,,,0,0.4,other,0.0288,1727
yqfe,b2915,,,0.083,1.0,,,0,0.4,other,0.0288,1728
yqgc,b2940,,,0.083,1.0,,,0,0.4,other,0.0288,1729
yqhh,b3014,,0,0.083,1.0,,,0,0.4,other,0.0288,1730
yrdf,b4697,,,0.083,1.0,,,0,0.4,other,0.0288,1731
yrha,b3443,,,0.083,1.0,,,0,0.4,other,0.0288,1732
ytfi,b4215,,,0.083,1.0,,,0,0.4,other,0.0288,1733
yzgl,b3427,,0,0.083,1.0,,,0,0.4,other,0.0288,1734
csqr,b3884,,,0.102,1.0,,,0,0.2,regulator,0.0287,1735
glpb,b2242,,0,0.085,1.0,0.0,,0,0.9,enzyme,0.0287,1736
gsk,b0477,,0,0.085,1.0,0.0,,0,0.9,enzyme,0.0287,1737
hisa,b2024,,0,0.032,1.0,0.929,1.0,0,0.9,enzyme,0.0287,1738
plda,b3821,,,0.085,1.0,0.0,,0,0.9,enzyme,0.0287,1739
dgka,b4042,,0,0.055,1.0,0.526,,0,0.9,enzyme,0.0286,1740
hcat,b2536,,1,0.085,1.0,0.0,,0,0.9,enzyme,0.0286,1741
rstb,b1609,,0,0.089,1.0,0.4,,0,0.4,other,0.0286,1742
yehy,b2130,,,0.085,1.0,0.0,,0,0.9,enzyme,0.0286,1743
nadc,b0109,,0,0.089,0.43,0.595,1.0,0,0.9,enzyme,0.0285,1744
yidd,b4557,,1,0.067,1.0,0.857,,0,0.4,other,0.0285,1745
nane,b3223,,0,0.084,1.0,0.0,,0,0.9,enzyme,0.0284,1746
nirc,b3367,,,0.084,1.0,0.0,,0,0.9,enzyme,0.0284,1747
spec,b2965,,0,0.084,1.0,0.0,,0,0.9,enzyme,0.0284,1748
ynfe,b1587,,,0.084,1.0,0.0,,0,0.9,enzyme,0.0284,1749
ada,b2213,,0,0.323,0.452,0.037,,0,0.2,regulator,0.0283,1750
metg,b2114,,0,0.089,0.535,0.765,,0,0.9,enzyme,0.0283,1751
satp,b0010,,0,0.115,1.0,0.071,,0,0.4,other,0.0283,1752
ydea,b1528,,,0.084,1.0,0.0,,0,0.9,enzyme,0.0283,1753
ykgg,b0308,,,0.083,1.0,0.0,,0,0.9,enzyme,0.0283,1754
agp,b1002,,0,0.083,1.0,0.0,,0,0.9,enzyme,0.0282,1755
alsc,b4086,,,0.083,1.0,0.0,,0,0.9,enzyme,0.0282,1756
appc,b0978,,0,0.083,1.0,0.0,,0,0.9,enzyme,0.0282,1757
artm,b0861,,,0.083,1.0,0.0,,0,0.9,enzyme,0.0282,1758
ascf,b2715,,,0.083,1.0,0.0,,0,0.9,enzyme,0.0282,1759
atpi,b3739,,1,0.083,1.0,0.0,,0,0.9,enzyme,0.0282,1760
cait,b0040,,0,0.083,1.0,0.0,,0,0.9,enzyme,0.0282,1761
chbf,b1734,,0,0.083,1.0,0.0,,0,0.9,enzyme,0.0282,1762
cira,b2155,,0,0.083,1.0,0.0,,0,0.9,enzyme,0.0282,1763
citf,b0615,,0,0.083,1.0,0.0,,0,0.9,enzyme,0.0282,1764
citg,b0613,,0,0.083,1.0,0.0,,0,0.9,enzyme,0.0282,1765
cueo,b0123,,0,0.083,1.0,0.0,,0,0.9,enzyme,0.0282,1766
dacb,b3182,,0,0.083,1.0,0.0,,0,0.9,enzyme,0.0282,1767
dacd,b2010,,0,0.083,1.0,0.0,,0,0.9,enzyme,0.0282,1768
dcuc,b0621,,0,0.083,1.0,0.0,,0,0.9,enzyme,0.0282,1769
dmsb,b0895,,0,0.083,1.0,0.0,,0,0.9,enzyme,0.0282,1770
dmsc,b0896,,0,0.083,1.0,0.0,,0,0.9,enzyme,0.0282,1771
entb,b0595,,,0.083,1.0,0.0,,0,0.9,enzyme,0.0282,1772
ents,b0591,,,0.083,1.0,0.0,,0,0.9,enzyme,0.0282,1773
eptb,b3546,,0,0.083,1.0,0.0,,0,0.9,enzyme,0.0282,1774
fadl,b2344,,0,0.083,1.0,0.0,,0,0.9,enzyme,0.0282,1775
fdnh,b1475,,0,0.083,1.0,0.0,,0,0.9,enzyme,0.0282,1776
foca,b0904,,0,0.083,1.0,0.0,,0,0.9,enzyme,0.0282,1777
gata,b2094,,0,0.083,1.0,0.0,,0,0.9,enzyme,0.0282,1778
gatz,b2095,,0,0.083,1.0,0.0,,0,0.9,enzyme,0.0282,1779
glpc,b2243,,0,0.083,1.0,0.0,,0,0.9,enzyme,0.0282,1780
grxb,b1064,,0,0.083,1.0,0.0,,0,0.9,enzyme,0.0282,1781
gss,b2988,,,0.083,1.0,0.0,,0,0.9,enzyme,0.0282,1782
gudx,b2788,,0,0.083,1.0,0.0,,0,0.9,enzyme,0.0282,1783
gutq,b2708,,0,0.083,1.0,0.0,,0,0.9,enzyme,0.0282,1784
hcaf,b2539,,1,0.083,1.0,0.0,,0,0.9,enzyme,0.0282,1785
hyac,b0974,,0,0.083,1.0,0.0,,0,0.9,enzyme,0.0282,1786
hybo,b2997,,,0.083,1.0,0.0,,0,0.9,enzyme,0.0282,1787
hyfa,b2481,,0,0.083,1.0,0.0,,0,0.9,enzyme,0.0282,1788
lamb,b4036,,0,0.083,1.0,0.0,,0,0.9,enzyme,0.0282,1789
livj,b3460,,0,0.083,1.0,0.0,,0,0.9,enzyme,0.0282,1790
mdtj,b1600,,1,0.083,1.0,0.0,,0,0.9,enzyme,0.0282,1791
mglc,b2148,,0,0.083,1.0,0.0,,0,0.9,enzyme,0.0282,1792
mppa,b1329,,,0.083,1.0,0.0,,0,0.9,enzyme,0.0282,1793
murp,b2429,,0,0.083,1.0,0.0,,0,0.9,enzyme,0.0282,1794
naru,b1469,,0,0.083,1.0,0.0,,0,0.9,enzyme,0.0282,1795
ompf,b0929,,0,0.083,1.0,0.0,,0,0.9,enzyme,0.0282,1796
ompn,b1377,,0,0.083,1.0,0.0,,0,0.9,enzyme,0.0282,1797
oppc,b1245,,0,0.083,1.0,0.0,,0,0.9,enzyme,0.0282,1798
pagp,b0622,,0,0.083,1.0,0.0,,0,0.9,enzyme,0.0282,1799
pbpg,b2134,,,0.083,1.0,0.0,,0,0.9,enzyme,0.0282,1800
pflc,b3952,,0,0.083,1.0,0.0,,0,0.9,enzyme,0.0282,1801
phoe,b0241,,0,0.083,1.0,0.0,,0,0.9,enzyme,0.0282,1802
pnuc,b0751,,0,0.083,1.0,0.0,,0,0.9,enzyme,0.0282,1803
prow,b2678,,0,0.083,1.0,0.0,,0,0.9,enzyme,0.0282,1804
recf,b3700,,0,0.073,1.0,0.667,,0,0.4,other,0.0282,1805
setb,b2170,,0,0.083,1.0,0.0,,0,0.9,enzyme,0.0282,1806
sgbh,b3581,,,0.083,1.0,0.0,,0,0.9,enzyme,0.0282,1807
thib,b0068,,,0.083,1.0,0.0,,0,0.9,enzyme,0.0282,1808
thip,b0067,,,0.083,1.0,0.0,,0,0.9,enzyme,0.0282,1809
tsx,b0411,,0,0.083,1.0,0.0,,0,0.9,enzyme,0.0282,1810
ulaa,b4193,,,0.083,1.0,0.0,,0,0.9,enzyme,0.0282,1811
ulac,b4195,,0,0.083,1.0,0.0,,0,0.9,enzyme,0.0282,1812
ulad,b4196,,0,0.083,1.0,0.0,,0,0.9,enzyme,0.0282,1813
ulae,b4197,,0,0.083,1.0,0.0,,0,0.9,enzyme,0.0282,1814
ulag,b4192,,,0.083,1.0,0.0,,0,0.9,enzyme,0.0282,1815
wbbj,b2033,,0,0.083,1.0,0.0,,0,0.9,enzyme,0.0282,1816
ybdr,b0608,,0,0.212,0.578,0.0,,0,0.4,other,0.0282,1817
ybha,b0766,,0,0.083,1.0,0.0,,0,0.9,enzyme,0.0282,1818
ydcs,b1440,,,0.083,1.0,0.0,,0,0.9,enzyme,0.0282,1819
ydcu,b1442,,,0.083,1.0,0.0,,0,0.9,enzyme,0.0282,1820
ydib,b1692,,0,0.083,1.0,0.0,,0,0.9,enzyme,0.0282,1821
yiak,b3575,,0,0.083,1.0,0.0,,0,0.9,enzyme,0.0282,1822
yqea,b2874,,,0.083,1.0,0.0,,0,0.9,enzyme,0.0282,1823
htpx,b1829,,0,0.083,1.0,0.464,,0,0.4,other,0.0281,1824
phnp,b4092,,0,0.122,1.0,0.0,,0,0.4,other,0.0281,1825
umph,b0675,,0,0.162,0.503,0.5,,0,0.4,other,0.0281,1826
rclb,b0303,,,0.081,1.0,,,0,0.4,other,0.028,1827
gada,b3517,,,0.088,0.627,,,0,0.9,enzyme,0.0279,1828
dinb,b0231,,0,0.26,0.443,0.048,,0,0.4,other,0.0278,1829
yfib,b2605,,0,0.121,1.0,0.0,,0,0.4,other,0.0278,1830
hyfe,b2485,,0,0.082,1.0,0.0,,0,0.9,enzyme,0.0277,1831
rffh,b3789,,0,0.089,0.585,0.583,,0,0.9,enzyme,0.0277,1832
thrl,b0001,,,0.08,1.0,,,0,0.4,other,0.0277,1833
yfbr,b2291,,,0.082,1.0,0.0,,0,0.9,enzyme,0.0277,1834
yfek,b2419,,0,0.08,1.0,,,0,0.4,other,0.0277,1835
flia,b1922,,0,0.085,1.0,0.41,,0,0.4,other,0.0276,1836
higa,b3082,,0,0.089,1.0,0.667,,0,0.2,regulator,0.0276,1837
paax,b1399,,,0.089,1.0,0.667,,0,0.2,regulator,0.0276,1838
tama,b4220,,0,0.083,1.0,0.438,,0,0.4,other,0.0276,1839
uidr,b1618,,,0.098,1.0,,,0,0.2,regulator,0.0276,1840
alls,b0504,,1,0.147,1.0,0.0,,0,0.2,regulator,0.0275,1841
feoa,b3408,,0,0.12,1.0,0.0,,0,0.4,other,0.0275,1842
hslv,b3932,,0,0.089,1.0,0.341,,0,0.4,other,0.0274,1843
rsxa,b1627,,,0.083,1.0,0.429,,0,0.4,other,0.0274,1844
treb,b4240,,0,0.052,1.0,0.571,,0,0.9,enzyme,0.0274,1845
glyv,b4163,,,0.079,1.0,,,0,0.4,other,0.0273,1846
rtcb,b3421,,0,0.229,0.518,0.0,,0,0.4,other,0.0273,1847
siba,b4436,,,0.079,1.0,,,0,0.4,other,0.0273,1848
ghrb,b3553,,0,0.231,0.282,0.231,,0,0.9,enzyme,0.0272,1849
lsrb,b1516,,,0.089,1.0,0.333,,0,0.4,other,0.0272,1850
nhoa,b1463,,0,0.116,0.59,0.176,,0,0.9,enzyme,0.0272,1851
rclc,b0301,,,0.089,1.0,0.333,,0,0.4,other,0.0272,1852
yheo,b3346,,0,0.088,1.0,0.333,,0,0.4,other,0.0272,1853
yidz,b3711,,0,0.089,1.0,0.333,,0,0.4,other,0.0272,1854
ynfl,b1595,,0,0.115,1.0,0.029,,0,0.4,other,0.0272,1855
ddpx,b1488,,0,0.08,1.0,0.0,,0,0.9,enzyme,0.0271,1856
fuma,b1612,,0,0.06,1.0,0.333,,0,0.9,enzyme,0.0271,1857
glnb,b2553,,0,0.083,1.0,0.414,,0,0.4,other,0.0271,1858
mglb,b2150,,0,0.08,1.0,0.0,,0,0.9,enzyme,0.0271,1859
ybiv,b0822,,0,0.08,1.0,0.0,,0,0.9,enzyme,0.0271,1860
clps,b0881,,0,0.089,1.0,0.324,,0,0.4,other,0.027,1861
frdd,b4151,,,0.064,1.0,0.25,,0,0.9,enzyme,0.027,1862
gabt,b2662,,0,0.117,0.48,0.421,,0,0.9,enzyme,0.027,1863
nanm,b4310,,,0.179,0.438,,,0,0.4,other,0.027,1864
ygba,b2732,,0,0.117,1.0,0.0,,0,0.4,other,0.027,1865
adic,b4115,,0,0.087,0.61,,,0,0.9,enzyme,0.0269,1866
cyua,b4470,,,0.083,1.0,0.4,,0,0.4,other,0.0269,1867
eco,b2209,,0,0.083,1.0,0.4,,0,0.4,other,0.0269,1868
hdfr,b4480,,0,0.089,1.0,0.625,,0,0.2,regulator,0.0269,1869
wza,b2062,,0,0.083,1.0,0.4,,0,0.4,other,0.0269,1870
yhev,b4551,,0,0.083,1.0,0.4,,0,0.4,other,0.0269,1871
yqja,b3095,,,0.083,1.0,0.4,,0,0.4,other,0.0269,1872
fliz,b1921,,0,0.143,1.0,0.0,,0,0.2,regulator,0.0268,1873
acee,b0114,,0,0.083,0.507,0.867,,0,0.9,enzyme,0.0267,1874
cysp,b2425,,0,0.056,1.0,0.4,,0,0.9,enzyme,0.0267,1875
dld,b2133,,,0.068,1.0,0.167,,0,0.9,enzyme,0.0267,1876
glne,b3053,,,0.083,1.0,0.389,,0,0.4,other,0.0267,1877
gstb,b0838,,0,0.193,0.602,0.0,,0,0.4,other,0.0267,1878
xsea,b2509,,0,0.089,1.0,0.311,,0,0.4,other,0.0267,1879
yfcc,b2298,,0,0.116,1.0,0.0,,0,0.4,other,0.0267,1880
yfji,b2625,,0,0.077,1.0,,,0,0.4,other,0.0267,1881
ytfl,b4218,,0,0.089,1.0,0.304,,0,0.4,other,0.0266,1882
fadr,b1187,,0,0.089,1.0,0.6,,0,0.2,regulator,0.0265,1883
cpob,b0742,,0,0.083,1.0,0.375,,0,0.4,other,0.0264,1884
entd,b0583,,,0.078,1.0,0.0,,0,0.9,enzyme,0.0264,1885
mdtc,b2076,,1,0.095,1.0,0.208,,0,0.4,other,0.0264,1886
melb,b4120,,0,0.088,0.592,,,0,0.9,enzyme,0.0264,1887
pspc,b1306,,,0.083,1.0,0.375,,0,0.4,other,0.0264,1888
rayt,b0228,,0,0.086,1.0,0.333,,0,0.4,other,0.0264,1889
ruva,b1861,,0,0.057,1.0,1.0,,0,0.4,other,0.0264,1890
deob,b4383,,0,0.053,1.0,0.455,,0,0.9,enzyme,0.0263,1891
pspb,b1305,,,0.086,1.0,0.333,,0,0.4,other,0.0263,1892
cura,b1449,,0,0.302,0.367,0.026,,0,0.4,other,0.0262,1893
grca,b2579,,0,0.062,1.0,0.25,,0,0.9,enzyme,0.0262,1894
idno,b4266,,0,0.147,0.493,0.071,,0,0.9,enzyme,0.0262,1895
mhpc,b0349,,0,0.083,0.62,0.5,,0,0.9,enzyme,0.0262,1896
ssue,b0937,,0,0.07,1.0,0.111,,0,0.9,enzyme,0.0262,1897
ydgc,b1607,,0,0.083,1.0,0.364,,0,0.4,other,0.0262,1898
ynfm,b1596,,0,0.215,0.528,0.0,,0,0.4,other,0.0262,1899
yohk,b2142,,0,0.088,1.0,0.29,,0,0.4,other,0.0262,1900
bglh,b3720,,0,0.113,1.0,0.0,,0,0.4,other,0.0261,1901
cyoa,b0432,,0,0.083,0.642,0.44,,0,0.9,enzyme,0.0261,1902
hcr,b0872,,0,0.176,0.57,0.125,,0,0.4,other,0.0261,1903
quea,b0405,,0,0.083,1.0,0.36,,0,0.4,other,0.0261,1904
recj,b2892,,0,0.083,1.0,0.361,,0,0.4,other,0.0261,1905
rsxd,b1630,,0,0.083,1.0,0.357,,0,0.4,other,0.0261,1906
rtca,b4475,,0,0.249,0.455,0.0,,0,0.4,other,0.0261,1907
sdia,b1916,,,0.139,1.0,0.0,,0,0.2,regulator,0.0261,1908
yihi,b3866,,0,0.085,1.0,0.333,,0,0.4,other,0.0261,1909
slya,b1642,,0,0.089,1.0,0.571,,0,0.2,regulator,0.026,1910
ychq,b1213,,0,0.075,1.0,,,0,0.4,other,0.026,1911
yqia,b3031,,0,0.083,1.0,0.355,,0,0.4,other,0.026,1912
rpoz,b3649,,0,0.044,1.0,1.0,,0,0.7,translation/replication,0.0259,1913
tyra,b2600,,0,0.028,1.0,1.0,1.0,0,0.9,enzyme,0.0259,1914
gatc,b2092,,,0.076,1.0,0.0,,0,0.9,enzyme,0.0258,1915
hupb,b0440,,0,0.08,1.0,0.4,,0,0.4,other,0.0258,1916
hyfj,b2490,,0,0.076,1.0,0.0,,0,0.9,enzyme,0.0258,1917
malg,b4032,,,0.038,1.0,1.0,,0,0.9,enzyme,0.0258,1918
ulab,b4194,,,0.076,1.0,0.0,,0,0.9,enzyme,0.0258,1919
yafd,b0209,,0,0.08,1.0,0.4,,0,0.4,other,0.0258,1920
yhcc,b3211,,,0.179,0.588,0.067,,0,0.4,other,0.0258,1921
ycih,b1282,,0,0.089,1.0,0.261,,0,0.4,other,0.0257,1922
yefm,b2017,,0,0.115,1.0,0.2,,0,0.2,regulator,0.0257,1923
chps,b4224,,0,0.083,1.0,0.333,,0,0.4,other,0.0256,1924
mngb,b0732,,,0.083,0.605,,,0,0.9,enzyme,0.0256,1925
prlf,b3129,,,0.083,1.0,0.333,,0,0.4,other,0.0256,1926
ybdf,b0579,,,0.083,1.0,0.333,,0,0.4,other,0.0256,1927
ydhj,b1644,,,0.087,1.0,0.273,,0,0.4,other,0.0256,1928
yhdt,b3257,,0,0.083,1.0,0.333,,0,0.4,other,0.0256,1929
dini,b1061,,0,0.089,1.0,0.25,,0,0.4,other,0.0255,1930
hyad,b0975,,1,0.111,1.0,0.0,,0,0.4,other,0.0255,1931
narx,b1222,,,0.089,1.0,0.25,,0,0.4,other,0.0255,1932
phor,b0400,,0,0.089,1.0,0.25,,0,0.4,other,0.0255,1933
purh,b4006,,0,0.071,0.417,0.824,1.0,0,0.9,enzyme,0.0255,1934
tsga,b3364,,,0.111,1.0,0.0,,0,0.4,other,0.0255,1935
ydfh,b1540,,,0.089,1.0,0.25,,0,0.4,other,0.0255,1936
ygib,b3037,,0,0.089,1.0,0.25,,0,0.4,other,0.0255,1937
ygif,b3054,,,0.089,1.0,0.25,,0,0.4,other,0.0255,1938
yhjx,b3547,,0,0.174,0.637,0.0,,0,0.4,other,0.0255,1939
yihn,b3874,,,0.111,1.0,0.0,,0,0.4,other,0.0255,1940
alsr,b4089,,,0.136,1.0,0.0,,0,0.2,regulator,0.0254,1941
chbr,b1735,,0,0.136,1.0,0.0,,0,0.2,regulator,0.0254,1942
insa-7,b4294,,,0.073,1.0,,,0,0.4,other,0.0254,1943
ybaa,b0456,,0,0.088,1.0,0.25,,0,0.4,other,0.0253,1944
yfjf,b2618,,0,0.083,1.0,0.318,,0,0.4,other,0.0253,1945
rsmj,b3497,,,0.086,1.0,0.267,,0,0.4,other,0.0252,1946
glng,b3868,,0,0.059,1.0,0.842,,0,0.4,other,0.0251,1947
hycb,b2724,,0,0.074,1.0,0.0,,0,0.9,enzyme,0.0251,1948
tyrp,b1907,,0,0.074,1.0,0.0,,0,0.9,enzyme,0.0251,1949
yicj,b3657,,0,0.158,0.613,0.125,,0,0.4,other,0.0251,1950
yiga,b3810,,0,0.087,1.0,0.25,,0,0.4,other,0.0251,1951
arob,b3389,,0,0.027,1.0,1.0,1.0,0,0.9,enzyme,0.025,1952
ftp,b2214,,0,0.088,1.0,0.231,,0,0.4,other,0.025,1953
yggp,b4465,,,0.089,0.612,1.0,,0,0.4,other,0.025,1954
yhbe,b3184,,0,0.108,1.0,0.0,,0,0.4,other,0.025,1955
yhhj,b3485,,0,0.108,1.0,0.0,,0,0.4,other,0.025,1956
allr,b0506,,0,0.089,1.0,,,0,0.2,regulator,0.0249,1957
appy,b0564,,,0.089,1.0,,,0,0.2,regulator,0.0249,1958
gade,b3512,,,0.089,1.0,,,0,0.2,regulator,0.0249,1959
hicb,b1438,,,0.089,1.0,,,0,0.2,regulator,0.0249,1960
lldr,b3604,,0,0.089,1.0,0.5,,0,0.2,regulator,0.0249,1961
mhpr,b0346,,0,0.133,1.0,0.0,,0,0.2,regulator,0.0249,1962
mngr,b0730,,,0.089,1.0,,,0,0.2,regulator,0.0249,1963
tdcr,b3119,,,0.089,1.0,,,0,0.2,regulator,0.0249,1964
ydeo,b1499,,0,0.089,1.0,,,0,0.2,regulator,0.0249,1965
yejb,b2178,,0,0.089,1.0,0.219,,0,0.4,other,0.0249,1966
asta,b1747,,0,0.041,1.0,0.773,,0,0.9,enzyme,0.0248,1967
glna,b3870,,0,0.063,0.612,0.9,,0,0.9,enzyme,0.0248,1968
male,b4034,,0,0.037,1.0,1.0,,0,0.9,enzyme,0.0248,1969
fxsa,b4140,,0,0.083,1.0,0.286,,0,0.4,other,0.0247,1970
gsia,b0829,,0,0.148,0.46,0.071,,0,0.9,enzyme,0.0247,1971
higb,b3083,,0,0.107,1.0,0.0,,0,0.4,other,0.0247,1972
smrb,b2331,,1,0.083,1.0,0.286,,0,0.4,other,0.0247,1973
yhch,b3221,,0,0.107,1.0,0.0,,0,0.4,other,0.0247,1974
dada,b1189,,0,0.082,0.615,0.441,,0,0.9,enzyme,0.0246,1975
thrb,b0003,,0,0.026,1.0,1.0,1.0,0,0.9,enzyme,0.0246,1976
abgr,b1339,,1,0.089,1.0,0.2,,0,0.4,other,0.0245,1977
inaa,b2237,,0,0.089,1.0,0.2,,0,0.4,other,0.0245,1978
ldtc,b1113,,0,0.089,1.0,0.2,,0,0.4,other,0.0245,1979
livk,b3458,,0,0.089,0.588,0.389,,0,0.9,enzyme,0.0245,1980
malx,b1621,,0,0.072,1.0,0.0,,0,0.9,enzyme,0.0245,1981
mdta,b2074,,0,0.089,1.0,0.2,,0,0.4,other,0.0245,1982
nrdi,b2674,,0,0.089,1.0,0.2,,0,0.4,other,0.0245,1983
pyrs,b2380,,,0.089,1.0,0.2,,0,0.4,other,0.0245,1984
rcna,b2106,,0,0.089,1.0,0.2,,0,0.4,other,0.0245,1985
rlmh,b0636,,0,0.083,1.0,0.275,,0,0.4,other,0.0245,1986
yajd,b0410,,0,0.089,1.0,0.2,,0,0.4,other,0.0245,1987
yjil,b4334,,0,0.089,1.0,0.2,,0,0.4,other,0.0245,1988
acea,b4015,,0,0.046,1.0,0.575,,0,0.9,enzyme,0.0244,1989
bcsg,b3538,,,0.106,1.0,0.0,,0,0.4,other,0.0244,1990
citt,b0612,,0,0.086,0.562,,,0,0.9,enzyme,0.0244,1991
rdgb,b2954,,0,0.133,0.485,0.115,,0,0.9,enzyme,0.0244,1992
ryba,b4416,,,0.071,1.0,,,0,0.4,other,0.0244,1993
yaji,b0412,,0,0.085,1.0,0.25,,0,0.4,other,0.0244,1994
ycfz,b1121,,0,0.071,1.0,,,0,0.4,other,0.0244,1995
crec,b4399,,0,0.183,0.575,0.0,,0,0.4,other,0.0243,1996
fixc,b0043,,0,0.143,0.553,0.333,,0,0.4,other,0.0243,1997
glnk,b0450,,0,0.083,1.0,0.267,,0,0.4,other,0.0243,1998
mltd,b0211,,0,0.084,1.0,0.25,,0,0.4,other,0.0243,1999
sbcb,b2011,,0,0.087,1.0,0.214,,0,0.4,other,0.0243,2000
yeay,b1806,,,0.084,1.0,0.25,,0,0.4,other,0.0243,2001
yhby,b3180,,0,0.083,1.0,0.267,,0,0.4,other,0.0243,2002
apha,b4055,,0,0.071,1.0,0.0,,0,0.9,enzyme,0.0242,2003
ssub,b0933,,0,0.132,0.468,0.158,,0,0.9,enzyme,0.0242,2004
waaz,b3624,,,0.048,1.0,,,0,0.9,enzyme,0.0242,2005
ybib,b0800,,,0.089,1.0,0.188,,0,0.4,other,0.0242,2006
yraq,b3151,,,0.093,1.0,0.125,,0,0.4,other,0.0242,2007
aaer,b3243,,1,0.089,1.0,0.182,,0,0.4,other,0.0241,2008
hish,b2023,,0,0.027,1.0,0.927,1.0,0,0.9,enzyme,0.0241,2009
hole,b1842,,0,0.083,1.0,0.25,,0,0.4,other,0.024,2010
hpf,b3203,,0,0.089,1.0,0.175,,0,0.4,other,0.024,2011
insx,b4505,,,0.07,1.0,,,0,0.4,other,0.024,2012
mtlr,b3601,,0,0.083,1.0,0.25,,0,0.4,other,0.024,2013
nrdh,b2673,,0,0.083,1.0,0.25,,0,0.4,other,0.024,2014
rof,b0189,,0,0.083,1.0,0.25,,0,0.4,other,0.024,2015
rseb,b2571,,0,0.083,1.0,0.25,,0,0.4,other,0.024,2016
slyx,b3348,,0,0.083,1.0,0.25,,0,0.4,other,0.024,2017
tyrt,b1231,,,0.07,1.0,,,0,0.4,other,0.024,2018
ybge,b0735,,,0.083,1.0,0.25,,0,0.4,other,0.024,2019
ycic,b1255,,1,0.083,1.0,0.25,,0,0.4,other,0.024,2020
ydjm,b1728,,,0.083,1.0,0.25,,0,0.4,other,0.024,2021
yfey,b2432,,0,0.083,1.0,0.25,,0,0.4,other,0.024,2022
yhjj,b3527,,,0.083,1.0,0.25,,0,0.4,other,0.024,2023
yiee,b3712,,0,0.083,1.0,0.25,,0,0.4,other,0.024,2024
ynfk,b1593,,,0.083,1.0,0.25,,0,0.4,other,0.024,2025
yohj,b2141,,,0.083,1.0,0.25,,0,0.4,other,0.024,2026
ytfk,b4217,,,0.083,1.0,0.25,,0,0.4,other,0.024,2027
ppid,b0441,,0,0.064,1.0,0.625,,0,0.4,other,0.0239,2028
csta,b0598,,,0.089,1.0,0.167,,0,0.4,other,0.0238,2029
hiuh,b1970,,0,0.205,0.455,0.111,,0,0.4,other,0.0238,2030
nrdf,b2676,,1,0.088,0.665,0.2,,0,0.9,enzyme,0.0238,2031
nuoj,b2280,,,0.044,1.0,0.6,,0,0.9,enzyme,0.0238,2032
phnf,b4102,,0,0.089,1.0,0.167,,0,0.4,other,0.0238,2033
ybii,b0803,,,0.089,1.0,0.167,,0,0.4,other,0.0238,2034
ycgr,b1194,,0,0.089,1.0,0.167,,0,0.4,other,0.0238,2035
yche,b1242,,0,0.089,1.0,0.167,,0,0.4,other,0.0238,2036
yhai,b3104,,,0.089,1.0,0.167,,0,0.4,other,0.0238,2037
yjjj,b4385,,0,0.103,1.0,0.0,,0,0.4,other,0.0238,2038
agar,b3131,,,0.089,1.0,0.429,,0,0.2,regulator,0.0237,2039
arop,b0112,,0,0.089,0.602,0.316,,0,0.9,enzyme,0.0237,2040
gdx,b4148,,0,0.083,1.0,0.233,,0,0.4,other,0.0237,2041
maca,b0878,,0,0.087,1.0,0.176,,0,0.4,other,0.0237,2042
maly,b1622,,0,0.089,0.593,0.333,,0,0.9,enzyme,0.0237,2043
alac,b2379,,,0.089,0.577,0.367,,0,0.9,enzyme,0.0236,2044
evgs,b2370,,0,0.136,0.503,,,0,0.4,other,0.0236,2045
trmj,b2532,,,0.089,1.0,0.158,,0,0.4,other,0.0236,2046
acrb,b0462,,0,0.046,1.0,0.513,,0,0.9,enzyme,0.0235,2047
aer,b3072,,0,0.209,0.488,0.0,,0,0.4,other,0.0235,2048
arga,b2818,,0,0.028,1.0,0.789,1.0,0,0.9,enzyme,0.0235,2049
btst,b4354,,,0.089,1.0,0.154,,0,0.4,other,0.0235,2050
paaz,b1387,,,0.085,0.582,0.4,,0,0.9,enzyme,0.0235,2051
rlmm,b2806,,0,0.089,1.0,0.15,,0,0.4,other,0.0235,2052
sohb,b1272,,,0.089,1.0,0.15,,0,0.4,other,0.0235,2053
trhp,b2081,,,0.089,1.0,0.15,,0,0.4,other,0.0235,2054
udp,b3831,,0,0.089,0.523,0.5,,0,0.9,enzyme,0.0235,2055
ykgm,b0296,,,0.102,1.0,0.0,,0,0.4,other,0.0235,2056
ivbl,b3672,,0,0.068,1.0,,,0,0.4,other,0.0234,2057
yjgl,b4253,,1,0.068,1.0,,,0,0.4,other,0.0234,2058
flhc,b1891,,0,0.089,1.0,0.143,,0,0.4,other,0.0233,2059
malf,b4033,,0,0.034,1.0,1.0,,0,0.9,enzyme,0.0233,2060
phng,b4101,,0,0.089,1.0,0.143,,0,0.4,other,0.0233,2061
ydee,b1534,,,0.088,1.0,0.143,,0,0.4,other,0.0233,2062
ansp,b1453,,0,0.083,0.617,0.333,,0,0.9,enzyme,0.0232,2063
rlub,b1269,,0,0.065,1.0,0.556,,0,0.4,other,0.0232,2064
yban,b0468,,0,0.089,1.0,0.136,,0,0.4,other,0.0232,2065
ydcl,b1431,,,0.086,1.0,0.167,,0,0.4,other,0.0232,2066
asnt,b1977,,,0.067,1.0,,,0,0.4,other,0.0231,2067
envr,b3264,,0,0.123,1.0,0.0,,0,0.2,regulator,0.0231,2068
exbd,b3005,,0,0.083,0.513,0.6,,0,0.9,enzyme,0.0231,2069
flij,b1942,,,0.06,1.0,0.667,,0,0.4,other,0.0231,2070
uxab,b1521,,,0.052,1.0,0.3,,0,0.9,enzyme,0.0231,2071
xdhb,b2867,,,0.083,0.547,,,0,0.9,enzyme,0.0231,2072
alaa,b2290,,,0.076,0.56,0.59,,0,0.9,enzyme,0.023,2073
bluf,b1163,,,0.1,1.0,0.0,,0,0.4,other,0.023,2074
cra,b0080,,0,0.089,1.0,0.385,,0,0.2,regulator,0.023,2075
emra,b2685,,0,0.089,1.0,0.129,,0,0.4,other,0.023,2076
lsrk,b1511,,,0.173,0.577,0.0,,0,0.4,other,0.023,2077
rpli,b4203,,0,0.083,0.515,0.818,,0,0.7,translation/replication,0.023,2078
teha,b1429,,,0.086,1.0,0.167,,0,0.4,other,0.023,2079
yeaq,b1795,,,0.083,1.0,0.2,,0,0.4,other,0.023,2080
ygfb,b2909,,0,0.083,1.0,0.2,,0,0.4,other,0.023,2081
ytfp,b4222,,0,0.083,1.0,0.2,,0,0.4,other,0.023,2082
bcsz,b3531,,,0.089,1.0,0.125,,0,0.4,other,0.0229,2083
hemf,b2436,,0,0.18,0.218,0.727,,0,0.9,enzyme,0.0229,2084
nfo,b2159,,0,0.089,1.0,0.125,,0,0.4,other,0.0229,2085
phnd,b4105,,0,0.089,1.0,0.125,,0,0.4,other,0.0229,2086
rnhb,b0183,,0,0.183,0.507,0.073,,0,0.4,other,0.0229,2087
ybel,b0643,,0,0.089,1.0,0.125,,0,0.4,other,0.0229,2088
alka,b2068,,0,0.098,1.0,0.0,,0,0.4,other,0.0227,2089
ftna,b1905,,0,0.089,1.0,0.111,,0,0.4,other,0.0227,2090
mlae,b3194,,0,0.058,1.0,0.694,,0,0.4,other,0.0227,2091
spea,b2938,,0,0.047,1.0,0.435,,0,0.9,enzyme,0.0227,2092
yebq,b1828,,0,0.098,1.0,0.0,,0,0.4,other,0.0227,2093
yigi,b3820,,,0.089,1.0,0.111,,0,0.4,other,0.0227,2094
cytr,b3934,,0,0.107,1.0,0.125,,0,0.2,regulator,0.0226,2095
emrb,b2686,,0,0.089,1.0,0.108,,0,0.4,other,0.0226,2096
glpk,b3926,,1,0.229,0.21,0.392,,0,0.9,enzyme,0.0226,2097
hybg,b2990,,,0.084,1.0,0.167,,0,0.4,other,0.0226,2098
yden,b1498,,0,0.12,0.547,,,0,0.4,other,0.0226,2099
smg,b3284,,1,0.085,1.0,0.154,,0,0.4,other,0.0225,2100
yjch,b4068,,0,0.088,1.0,0.111,,0,0.4,other,0.0225,2101
flid,b1924,,0,0.083,1.0,0.167,,0,0.4,other,0.0224,2102
frmr,b0357,,0,0.083,1.0,0.167,,0,0.4,other,0.0224,2103
nfer,b3071,,0,0.12,1.0,0.0,,0,0.2,regulator,0.0224,2104
prea,b2147,,0,0.089,0.4,0.867,,0,0.9,enzyme,0.0224,2105
wcab,b2058,,,0.083,1.0,0.167,,0,0.4,other,0.0224,2106
wcaf,b2054,,0,0.083,1.0,0.167,,0,0.4,other,0.0224,2107
yhab,b3120,,,0.065,1.0,,,0,0.4,other,0.0224,2108
yoba,b1841,,0,0.083,1.0,0.167,,0,0.4,other,0.0224,2109
yrfg,b3399,,0,0.089,1.0,0.1,,0,0.4,other,0.0224,2110
bdca,b4249,,,0.178,0.522,0.04,,0,0.4,other,0.0223,2111
mnat,b1448,,1,0.089,1.0,0.091,,0,0.4,other,0.0223,2112
rlma,b1822,,0,0.088,1.0,0.105,,0,0.4,other,0.0223,2113
rlmn,b2517,,0,0.083,1.0,0.163,,0,0.4,other,0.0223,2114
ybhr,b0792,,,0.089,1.0,0.091,,0,0.4,other,0.0223,2115
ynbc,b1410,,,0.176,0.55,0.0,,0,0.4,other,0.0223,2116
yqae,b2666,,0,0.089,1.0,0.091,,0,0.4,other,0.0223,2117
dcp,b1538,,,0.183,0.528,0.0,,0,0.4,other,0.0222,2118
glgb,b3432,,0,0.083,0.56,0.405,,0,0.9,enzyme,0.0222,2119
nac,b1988,,1,0.095,1.0,0.25,,0,0.2,regulator,0.0222,2120
yeao,b1792,,,0.077,1.0,0.25,,0,0.4,other,0.0222,2121
fecd,b4288,,,0.057,1.0,0.143,,0,0.9,enzyme,0.0221,2122
mqsa,b3021,,0,0.089,1.0,0.333,,0,0.2,regulator,0.0221,2123
pgac,b1022,,,0.187,0.512,0.0,,0,0.4,other,0.0221,2124
rutd,b1009,,,0.083,0.628,0.25,,0,0.9,enzyme,0.0221,2125
ilvc,b3774,,0,0.023,1.0,1.0,1.0,0,0.9,enzyme,0.022,2126
raia,b2597,,0,0.083,1.0,0.143,,0,0.4,other,0.0219,2127
rfbd,b2040,,0,0.072,0.555,0.611,,0,0.9,enzyme,0.0219,2128
rrab,b4255,,0,0.083,1.0,0.143,,0,0.4,other,0.0219,2129
yccf,b0961,,0,0.089,1.0,0.071,,0,0.4,other,0.0218,2130
ycjx,b1321,,,0.089,1.0,0.071,,0,0.4,other,0.0218,2131
yohc,b2135,,,0.089,1.0,0.067,,0,0.4,other,0.0218,2132
cysj,b2764,,0,0.054,0.49,0.733,1.0,0,0.9,enzyme,0.0217,2133
mlac,b3192,,0,0.063,1.0,0.5,,0,0.4,other,0.0217,2134
rutc,b1010,,,0.083,0.617,0.25,,0,0.9,enzyme,0.0217,2135
trxb,b0888,,0,0.059,0.593,0.833,,0,0.9,enzyme,0.0217,2136
ybhd,b0768,,1,0.089,1.0,0.062,,0,0.4,other,0.0217,2137
napa,b2206,,0,0.173,0.345,0.071,,0,0.9,enzyme,0.0216,2138
panz,b3459,,0,0.047,1.0,1.0,,0,0.4,other,0.0216,2139
wzc,b2060,,0,0.083,1.0,0.125,,0,0.4,other,0.0216,2140
yjag,b3999,,0,0.083,1.0,0.125,,0,0.4,other,0.0216,2141
yqib,b3033,,0,0.085,1.0,0.1,,0,0.4,other,0.0216,2142
yccu,b0965,,0,0.089,1.0,0.053,,0,0.4,other,0.0215,2143
yejk,b2186,,0,0.089,1.0,0.056,,0,0.4,other,0.0215,2144
yfex,b2431,,0,0.067,1.0,0.4,,0,0.4,other,0.0215,2145
mene,b2260,,0,0.083,0.632,0.2,,0,0.9,enzyme,0.0214,2146
pitb,b2987,,,0.083,0.507,,,0,0.9,enzyme,0.0214,2147
poxb,b0871,,0,0.105,0.603,0.0,,0,0.9,enzyme,0.0214,2148
rsmg,b3740,,1,0.068,1.0,0.371,,0,0.4,other,0.0214,2149
ykff,b0249,,0,0.062,1.0,,,0,0.4,other,0.0214,2150
btss,b2126,,,0.083,1.0,0.111,,0,0.4,other,0.0213,2151
dham,b1198,,0,0.063,1.0,0.0,,0,0.9,enzyme,0.0213,2152
modf,b0760,,0,0.174,0.532,0.0,,0,0.4,other,0.0213,2153
paae,b1392,,,0.085,0.537,0.381,,0,0.9,enzyme,0.0213,2154
umud,b1183,,,0.083,1.0,0.111,,0,0.4,other,0.0213,2155
ygin,b3029,,0,0.063,1.0,0.0,,0,0.9,enzyme,0.0213,2156
bglb,b3721,,1,0.182,0.505,0.0,,0,0.4,other,0.0212,2157
fief,b3915,,0,0.089,0.622,0.136,,0,0.9,enzyme,0.0212,2158
cobc,b0638,,0,0.083,0.498,,,0,0.9,enzyme,0.0211,2159
fnrs,b4699,,,0.061,1.0,,,0,0.4,other,0.0211,2160
oxys,b4458,,,0.061,1.0,,,0,0.4,other,0.0211,2161
rlue,b1135,,0,0.089,1.0,0.036,,0,0.4,other,0.0211,2162
ycce,b1001,,0,0.061,1.0,,,0,0.4,other,0.0211,2163
csgd,b1040,,,0.112,1.0,0.0,,0,0.2,regulator,0.021,2164
mtla,b3599,,0,0.062,1.0,0.0,,0,0.9,enzyme,0.021,2165
prpd,b0334,,0,0.083,0.622,0.2,,0,0.9,enzyme,0.021,2166
rele,b1563,,,0.091,1.0,0.0,,0,0.4,other,0.021,2167
dusc,b2140,,,0.182,0.48,0.036,,0,0.4,other,0.0209,2168
hcab,b2541,,0,0.083,0.493,,,0,0.9,enzyme,0.0209,2169
pfla,b0902,,0,0.039,1.0,0.583,,0,0.9,enzyme,0.0209,2170
thiq,b0066,,0,0.083,0.463,0.6,,0,0.9,enzyme,0.0209,2171
livg,b3455,,0,0.089,0.495,0.405,,0,0.9,enzyme,0.0208,2172
wzxc,b2046,,1,0.06,1.0,,,0,0.4,other,0.0208,2173
xylg,b3567,,0,0.089,0.505,0.375,,0,0.9,enzyme,0.0208,2174
yrbn,b4685,,0,0.06,1.0,,,0,0.4,other,0.0208,2175
btub,b3966,,0,0.061,1.0,0.0,,0,0.9,enzyme,0.0207,2176
enda,b2945,,0,0.083,1.0,0.077,,0,0.4,other,0.0207,2177
gals,b2151,,0,0.089,1.0,0.25,,0,0.2,regulator,0.0207,2178
glcc,b2980,,0,0.089,1.0,0.25,,0,0.2,regulator,0.0207,2179
nema,b1650,,0,0.09,1.0,0.0,,0,0.4,other,0.0207,2180
pdef,b2503,,0,0.09,1.0,0.0,,0,0.4,other,0.0207,2181
rlml,b0948,,0,0.083,1.0,0.077,,0,0.4,other,0.0207,2182
sutr,b1434,,,0.089,1.0,0.25,,0,0.2,regulator,0.0207,2183
ybcl,b0545,,,0.084,1.0,0.067,,0,0.4,other,0.0207,2184
ybhi,b0770,,0,0.09,1.0,0.0,,0,0.4,other,0.0207,2185
cyoc,b0430,,0,0.075,0.512,0.577,,0,0.9,enzyme,0.0206,2186
ynfa,b1582,,,0.083,1.0,0.071,,0,0.4,other,0.0206,2187
acra,b0463,,0,0.04,1.0,0.5,,0,0.9,enzyme,0.0205,2188
alla,b0505,,0,0.053,1.0,0.136,,0,0.9,enzyme,0.0205,2189
nusa,b3169,,0,0.037,1.0,0.889,,0,0.7,translation/replication,0.0205,2190
znua,b1857,,0,0.043,1.0,0.412,,0,0.9,enzyme,0.0205,2191
aaeb,b3240,,0,0.089,1.0,0.0,,0,0.4,other,0.0204,2192
agas,b3136,,,0.089,1.0,0.0,,0,0.4,other,0.0204,2193
aroh,b1704,,0,0.036,1.0,0.667,,0,0.9,enzyme,0.0204,2194
azor,b1412,,,0.089,1.0,0.0,,0,0.4,other,0.0204,2195
bcse,b3536,,,0.089,1.0,0.0,,0,0.4,other,0.0204,2196
cbpm,b0999,,0,0.089,1.0,0.0,,0,0.4,other,0.0204,2197
cbrc,b3717,,0,0.089,1.0,0.0,,0,0.4,other,0.0204,2198
cmom,b0921,,0,0.089,1.0,0.0,,0,0.4,other,0.0204,2199
csie,b2535,,0,0.089,1.0,0.0,,0,0.4,other,0.0204,2200
cyup,b3110,,,0.089,1.0,0.0,,0,0.4,other,0.0204,2201
dgcj,b1786,,,0.089,1.0,0.0,,0,0.4,other,0.0204,2202
dgcq,b1956,,0,0.089,1.0,0.0,,0,0.4,other,0.0204,2203
ecpa,b0293,,,0.089,1.0,0.0,,0,0.4,other,0.0204,2204
euta,b2451,,,0.089,1.0,0.0,,0,0.4,other,0.0204,2205
eutp,b2461,,,0.089,1.0,0.0,,0,0.4,other,0.0204,2206
euts,b2462,,,0.089,1.0,0.0,,0,0.4,other,0.0204,2207
fadm,b0443,,0,0.089,1.0,0.0,,0,0.4,other,0.0204,2208
fimz,b0535,,,0.089,1.0,0.0,,0,0.4,other,0.0204,2209
frsa,b0239,,0,0.089,1.0,0.0,,0,0.4,other,0.0204,2210
ftnb,b1902,,0,0.089,1.0,0.0,,0,0.4,other,0.0204,2211
ghxp,b4064,,0,0.089,1.0,0.0,,0,0.4,other,0.0204,2212
glrk,b2556,,0,0.089,1.0,0.0,,0,0.4,other,0.0204,2213
greb,b3406,,0,0.089,1.0,0.0,,0,0.4,other,0.0204,2214
hica,b4532,,,0.089,1.0,0.0,,0,0.4,other,0.0204,2215
hofb,b0107,,0,0.089,1.0,0.0,,0,0.4,other,0.0204,2216
hofc,b0106,,0,0.089,1.0,0.0,,0,0.4,other,0.0204,2217
hofm,b3395,,0,0.089,1.0,0.0,,0,0.4,other,0.0204,2218
hofp,b3392,,0,0.089,1.0,0.0,,0,0.4,other,0.0204,2219
hoke,b4415,,,0.089,1.0,0.0,,0,0.4,other,0.0204,2220
hybe,b2992,,,0.089,1.0,0.0,,0,0.4,other,0.0204,2221
hypa,b2726,,0,0.089,1.0,0.0,,0,0.4,other,0.0204,2222
inta,b2622,,0,0.089,1.0,0.0,,0,0.4,other,0.0204,2223
intd,b0537,,,0.089,1.0,0.0,,0,0.4,other,0.0204,2224
ints,b2349,,0,0.089,1.0,0.0,,0,0.4,other,0.0204,2225
iram,b1160,,,0.089,1.0,0.0,,0,0.4,other,0.0204,2226
irap,b0382,,0,0.089,1.0,0.0,,0,0.4,other,0.0204,2227
ldtd,b0925,,0,0.089,1.0,0.0,,0,0.4,other,0.0204,2228
ldtf,b0224,,0,0.089,1.0,0.0,,0,0.4,other,0.0204,2229
leul,b0075,,0,0.059,1.0,,,0,0.4,other,0.0204,2230
lsrd,b1515,,,0.089,1.0,0.0,,0,0.4,other,0.0204,2231
lsrf,b1517,,,0.089,1.0,0.0,,0,0.4,other,0.0204,2232
malm,b4037,,0,0.089,1.0,0.0,,0,0.4,other,0.0204,2233
mtfa,b1976,,0,0.089,1.0,0.0,,0,0.4,other,0.0204,2234
narq,b2469,,0,0.089,1.0,0.0,,0,0.4,other,0.0204,2235
nepi,b3662,,0,0.089,1.0,0.0,,0,0.4,other,0.0204,2236
nfrb,b0569,,,0.089,1.0,0.0,,0,0.4,other,0.0204,2237
osmb,b1283,,0,0.089,1.0,0.0,,0,0.4,other,0.0204,2238
osme,b1739,,0,0.089,1.0,0.0,,0,0.4,other,0.0204,2239
pdec,b4061,,0,0.089,1.0,0.0,,0,0.4,other,0.0204,2240
pden,b2176,,,0.089,1.0,0.0,,0,0.4,other,0.0204,2241
pept,b1127,,0,0.089,1.0,0.0,,0,0.4,other,0.0204,2242
phnh,b4100,,0,0.089,1.0,0.0,,0,0.4,other,0.0204,2243
phoh,b1020,,,0.089,1.0,0.0,,0,0.4,other,0.0204,2244
ppda,b2826,,0,0.089,1.0,0.0,,0,0.4,other,0.0204,2245
ppdb,b2825,,0,0.089,1.0,0.0,,0,0.4,other,0.0204,2246
ppdc,b2823,,0,0.089,1.0,0.0,,0,0.4,other,0.0204,2247
ppdd,b0108,,0,0.089,1.0,0.0,,0,0.4,other,0.0204,2248
ppha,b1838,,0,0.089,1.0,0.0,,0,0.4,other,0.0204,2249
pqib,b0951,,0,0.089,1.0,0.0,,0,0.4,other,0.0204,2250
psie,b4030,,,0.089,1.0,0.0,,0,0.4,other,0.0204,2251
pspg,b4050,,0,0.089,1.0,0.0,,0,0.4,other,0.0204,2252
psts,b3728,,,0.055,1.0,0.087,,0,0.9,enzyme,0.0204,2253
psug,b2165,,0,0.089,1.0,0.0,,0,0.4,other,0.0204,2254
rava,b3746,,0,0.089,1.0,0.0,,0,0.4,other,0.0204,2255
rcsa,b1951,,0,0.089,1.0,0.0,,0,0.4,other,0.0204,2256
rflp,b1707,,0,0.089,1.0,0.0,,0,0.4,other,0.0204,2257
rmuc,b3832,,0,0.089,1.0,0.0,,0,0.4,other,0.0204,2258
rrrd,b0555,,0,0.089,1.0,0.0,,0,0.4,other,0.0204,2259
sbcd,b0398,,0,0.089,1.0,0.0,,0,0.4,other,0.0204,2260
sfsb,b3188,,0,0.089,1.0,0.0,,0,0.4,other,0.0204,2261
sgbu,b3582,,,0.089,1.0,0.0,,0,0.4,other,0.0204,2262
sgcc,b4304,,,0.089,1.0,0.0,,0,0.4,other,0.0204,2263
sseb,b2522,,0,0.089,1.0,0.0,,0,0.4,other,0.0204,2264
sula,b0958,,0,0.089,1.0,0.0,,0,0.4,other,0.0204,2265
sxy,b0959,,0,0.089,1.0,0.0,,0,0.4,other,0.0204,2266
syme,b4347,,0,0.089,1.0,0.0,,0,0.4,other,0.0204,2267
taba,b4252,,0,0.089,1.0,0.0,,0,0.4,other,0.0204,2268
uspa,b3495,,,0.089,1.0,0.0,,0,0.4,other,0.0204,2269
uspg,b0607,,0,0.089,1.0,0.0,,0,0.4,other,0.0204,2270
viaa,b3745,,0,0.089,1.0,0.0,,0,0.4,other,0.0204,2271
wech,b3561,,0,0.089,1.0,0.0,,0,0.4,other,0.0204,2272
yacl,b0119,,0,0.089,1.0,0.0,,0,0.4,other,0.0204,2273
yafo,b0233,,,0.089,1.0,0.0,,0,0.4,other,0.0204,2274
yagh,b0271,,,0.089,1.0,0.0,,0,0.4,other,0.0204,2275
yaio,b0358,,0,0.089,1.0,0.0,,0,0.4,other,0.0204,2276
ybio,b0808,,,0.089,1.0,0.0,,0,0.4,other,0.0204,2277
ybiu,b0821,,0,0.089,1.0,0.0,,0,0.4,other,0.0204,2278
ybiy,b0824,,0,0.089,1.0,0.0,,0,0.4,other,0.0204,2279
ybjc,b0850,,0,0.089,1.0,0.0,,0,0.4,other,0.0204,2280
ybjn,b0853,,0,0.089,1.0,0.0,,0,0.4,other,0.0204,2281
ycao,b0905,,0,0.089,1.0,0.0,,0,0.4,other,0.0204,2282
yccs,b0960,,0,0.083,1.0,0.062,,0,0.4,other,0.0204,2283
ycct,b0964,,0,0.089,1.0,0.0,,0,0.4,other,0.0204,2284
ycfj,b1110,,0,0.089,1.0,0.0,,0,0.4,other,0.0204,2285
ychh,b1205,,0,0.089,1.0,0.0,,0,0.4,other,0.0204,2286
ycho,b1220,,,0.089,1.0,0.0,,0,0.4,other,0.0204,2287
yciw,b1287,,0,0.089,1.0,0.0,,0,0.4,other,0.0204,2288
ydbh,b1381,,0,0.089,1.0,0.0,,0,0.4,other,0.0204,2289
ydei,b1536,,,0.089,1.0,0.0,,0,0.4,other,0.0204,2290
ydej,b1537,,,0.089,1.0,0.0,,0,0.4,other,0.0204,2291
ydhk,b1645,,,0.089,1.0,0.0,,0,0.4,other,0.0204,2292
ydhs,b1668,,0,0.089,1.0,0.0,,0,0.4,other,0.0204,2293
ydhx,b1671,,0,0.089,1.0,0.0,,0,0.4,other,0.0204,2294
ydiv,b1707,,0,0.089,1.0,0.0,,0,0.4,other,0.0204,2295
yebe,b1846,,0,0.089,1.0,0.0,,0,0.4,other,0.0204,2296
yecd,b1867,,0,0.089,1.0,0.0,,0,0.4,other,0.0204,2297
yecf,b1915,,0,0.089,1.0,0.0,,0,0.4,other,0.0204,2298
yede,b1929,,,0.089,1.0,0.0,,0,0.4,other,0.0204,2299
yegh,b2063,,0,0.089,1.0,0.0,,0,0.4,other,0.0204,2300
yehl,b2119,,0,0.089,1.0,0.0,,0,0.4,other,0.0204,2301
yehr,b2123,,0,0.088,1.0,0.0,,0,0.4,other,0.0204,2302
yeib,b2152,,0,0.089,1.0,0.0,,0,0.4,other,0.0204,2303
yeip,b2171,,0,0.089,1.0,0.0,,0,0.4,other,0.0204,2304
yfaa,b2230,,0,0.089,1.0,0.0,,0,0.4,other,0.0204,2305
yfdq,b2360,,0,0.089,1.0,0.0,,0,0.4,other,0.0204,2306
yfir,b2603,,0,0.089,1.0,0.0,,0,0.4,other,0.0204,2307
ygac,b2671,,0,0.089,1.0,0.0,,0,0.4,other,0.0204,2308
ygap,b2668,,0,0.089,1.0,0.0,,0,0.4,other,0.0204,2309
ygbk,b2737,,0,0.089,1.0,0.0,,0,0.4,other,0.0204,2310
ygbn,b2740,,0,0.089,1.0,0.0,,0,0.4,other,0.0204,2311
ygfi,b2921,,0,0.089,1.0,0.0,,0,0.4,other,0.0204,2312
ygjv,b3090,,,0.089,1.0,0.0,,0,0.4,other,0.0204,2313
yhah,b3103,,,0.089,1.0,0.0,,0,0.4,other,0.0204,2314
yhak,b3106,,,0.089,1.0,0.0,,0,0.4,other,0.0204,2315
yhca,b3215,,0,0.089,1.0,0.0,,0,0.4,other,0.0204,2316
yhcg,b3220,,0,0.089,1.0,0.0,,0,0.4,other,0.0204,2317
yhdv,b3267,,0,0.089,1.0,0.0,,0,0.4,other,0.0204,2318
yhhq,b3471,,0,0.089,1.0,0.0,,0,0.4,other,0.0204,2319
yhjy,b3548,,0,0.089,1.0,0.0,,0,0.4,other,0.0204,2320
yiac,b3550,,0,0.089,1.0,0.0,,0,0.4,other,0.0204,2321
yich,b3655,,0,0.089,1.0,0.0,,0,0.4,other,0.0204,2322
yide,b3685,,0,0.089,1.0,0.0,,0,0.4,other,0.0204,2323
yihm,b3873,,,0.089,1.0,0.0,,0,0.4,other,0.0204,2324
yihy,b3886,,0,0.089,1.0,0.0,,0,0.4,other,0.0204,2325
yijo,b3954,,0,0.089,1.0,0.0,,0,0.4,other,0.0204,2326
yjcb,b4060,,0,0.089,1.0,0.0,,0,0.4,other,0.0204,2327
yjhu,b4295,,,0.089,1.0,0.0,,0,0.4,other,0.0204,2328
yjin,b4336,,0,0.089,1.0,0.0,,0,0.4,other,0.0204,2329
ynba,b1408,,,0.089,1.0,0.0,,0,0.4,other,0.0204,2330
yncd,b1451,,0,0.089,1.0,0.0,,0,0.4,other,0.0204,2331
ynce,b1452,,0,0.089,1.0,0.0,,0,0.4,other,0.0204,2332
ypha,b2543,,0,0.089,1.0,0.0,,0,0.4,other,0.0204,2333
yqeg,b2845,,0,0.089,1.0,0.0,,0,0.4,other,0.0204,2334
yrdb,b3280,,1,0.089,1.0,0.0,,0,0.4,other,0.0204,2335
ytjb,b4387,,0,0.089,1.0,0.0,,0,0.4,other,0.0204,2336
zras,b4003,,0,0.089,1.0,0.0,,0,0.4,other,0.0204,2337
caie,b0035,,1,0.168,0.35,0.5,,0,0.4,other,0.0203,2338
cas2,b2754,,0,0.088,1.0,0.0,,0,0.4,other,0.0203,2339
euth,b2452,,,0.088,1.0,0.0,,0,0.4,other,0.0203,2340
fldb,b2895,,0,0.06,1.0,0.0,,0,0.9,enzyme,0.0203,2341
frub,b2169,,0,0.06,1.0,0.0,,0,0.9,enzyme,0.0203,2342
intz,b2442,,0,0.088,1.0,0.0,,0,0.4,other,0.0203,2343
lsrr,b1512,,,0.108,1.0,0.0,,0,0.2,regulator,0.0203,2344
prkb,b3355,,0,0.073,1.0,0.2,,0,0.4,other,0.0203,2345
waaj,b3626,,,0.067,0.6,,,0,0.9,enzyme,0.0203,2346
zrap,b4002,,0,0.088,1.0,0.0,,0,0.4,other,0.0203,2347
arad,b0061,,0,0.083,0.538,0.333,,0,0.9,enzyme,0.0202,2348
caia,b0039,,,0.175,0.502,0.0,,0,0.4,other,0.0202,2349
pncc,b2700,,0,0.083,1.0,0.053,,0,0.4,other,0.0202,2350
sdhd,b0722,,1,0.036,1.0,0.667,,0,0.9,enzyme,0.0202,2351
yfaz,b2250,,,0.088,1.0,0.0,,0,0.4,other,0.0202,2352
yfgg,b2504,,0,0.044,1.0,1.0,,0,0.4,other,0.0202,2353
yibl,b3602,,0,0.088,1.0,0.0,,0,0.4,other,0.0202,2354
yrdd,b3283,,0,0.088,1.0,0.0,,0,0.4,other,0.0202,2355
znub,b1859,,,0.038,1.0,0.588,,0,0.9,enzyme,0.0202,2356
arag,b1900,,,0.089,0.532,0.263,,0,0.9,enzyme,0.0201,2357
ftsk,b0890,,,0.058,1.0,,,0,0.4,other,0.0201,2358
hslu,b3931,,0,0.137,0.522,0.224,,0,0.4,other,0.0201,2359
panf,b3258,,,0.082,0.603,0.2,,0,0.9,enzyme,0.0201,2360
psta,b3726,,,0.049,1.0,0.217,,0,0.9,enzyme,0.0201,2361
tdh,b3616,,0,0.083,0.537,0.333,,0,0.9,enzyme,0.0201,2362
ybap,b0482,,0,0.087,1.0,0.0,,0,0.4,other,0.0201,2363
ycap,b0906,,0,0.087,1.0,0.0,,0,0.4,other,0.0201,2364
ycif,b1258,,0,0.087,1.0,0.0,,0,0.4,other,0.0201,2365
yhht,b3474,,0,0.087,1.0,0.0,,0,0.4,other,0.0201,2366
yhjr,b3535,,,0.087,1.0,0.0,,0,0.4,other,0.0201,2367
ynbd,b1411,,,0.173,0.503,0.0,,0,0.4,other,0.0201,2368
argb,b3959,,0,0.022,1.0,0.889,1.0,0,0.9,enzyme,0.02,2369
mgla,b2149,,0,0.084,0.562,0.25,,0,0.9,enzyme,0.02,2370
nude,b3397,,,0.085,0.6,0.16,,0,0.9,enzyme,0.02,2371
psif,b0384,,0,0.087,1.0,0.0,,0,0.4,other,0.02,2372
sgce,b4301,,,0.083,0.473,,,0,0.9,enzyme,0.02,2373
ygdr,b2833,,0,0.087,1.0,0.0,,0,0.4,other,0.02,2374
yggn,b2958,,,0.087,1.0,0.0,,0,0.4,other,0.02,2375
aspc,b0928,,0,0.083,0.318,0.6,1.0,0,0.9,enzyme,0.0199,2376
dcur,b4124,,,0.089,1.0,0.2,,0,0.2,regulator,0.0199,2377
deda,b2317,,0,0.062,1.0,0.393,,0,0.4,other,0.0199,2378
lptc,b3199,,0,0.021,1.0,1.0,1.0,0,0.9,enzyme,0.0199,2379
rela,b2784,,0,0.036,1.0,0.622,,0,0.9,enzyme,0.0199,2380
yfbu,b2294,,0,0.086,1.0,0.0,,0,0.4,other,0.0199,2381
yjik,b4333,,0,0.087,1.0,0.0,,0,0.4,other,0.0199,2382
ytfj,b4216,,,0.086,1.0,0.0,,0,0.4,other,0.0199,2383
bira,b3973,,0,0.173,0.487,0.25,,0,0.2,regulator,0.0198,2384
dmsd,b1591,,,0.086,1.0,0.0,,0,0.4,other,0.0198,2385
flhe,b1878,,0,0.086,1.0,0.0,,0,0.4,other,0.0198,2386
hdha,b1619,,,0.181,0.438,0.083,,0,0.4,other,0.0198,2387
ibpb,b3686,,0,0.086,1.0,0.0,,0,0.4,other,0.0198,2388
pret,b2146,,0,0.083,0.467,,,0,0.9,enzyme,0.0198,2389
ybdm,b0601,,,0.086,1.0,0.0,,0,0.4,other,0.0198,2390
yeca,b1908,,0,0.086,1.0,0.0,,0,0.4,other,0.0198,2391
ygge,b2922,,0,0.086,1.0,0.0,,0,0.4,other,0.0198,2392
yhav,b3130,,,0.086,1.0,0.0,,0,0.4,other,0.0198,2393
yhil,b4660,,,0.057,1.0,,,0,0.4,other,0.0198,2394
yihl,b3872,,,0.086,1.0,0.0,,0,0.4,other,0.0198,2395
yjei,b4144,,0,0.086,1.0,0.0,,0,0.4,other,0.0198,2396
yjji,b4380,,0,0.086,1.0,0.0,,0,0.4,other,0.0198,2397
yobd,b1820,,0,0.086,1.0,0.0,,0,0.4,other,0.0198,2398
eutq,b2460,,,0.085,1.0,0.0,,0,0.4,other,0.0197,2399
hisf,b2025,,0,0.022,1.0,0.944,1.0,0,0.9,enzyme,0.0197,2400
mdtn,b4082,,,0.086,1.0,0.0,,0,0.4,other,0.0197,2401
pura,b4177,,0,0.083,0.28,0.8,1.0,0,0.9,enzyme,0.0197,2402
recg,b3652,,0,0.083,0.622,0.647,,0,0.4,other,0.0197,2403
uspb,b3494,,,0.086,1.0,0.0,,0,0.4,other,0.0197,2404
yebz,b1840,,0,0.086,1.0,0.0,,0,0.4,other,0.0197,2405
ygdq,b2832,,0,0.086,1.0,0.0,,0,0.4,other,0.0197,2406
bsma,b4189,,,0.085,1.0,0.0,,0,0.4,other,0.0196,2407
fic,b3361,,,0.085,1.0,0.0,,0,0.4,other,0.0196,2408
gdha,b1761,,1,0.089,0.5,0.308,,0,0.9,enzyme,0.0196,2409
rimj,b1066,,0,0.085,1.0,0.0,,0,0.4,other,0.0196,2410
waaf,b3620,,0,0.029,1.0,1.0,,0,0.9,enzyme,0.0196,2411
yegs,b2086,,0,0.174,0.488,0.0,,0,0.4,other,0.0196,2412
yjdc,b4135,,1,0.085,1.0,0.0,,0,0.4,other,0.0196,2413
arna,b2255,,0,0.089,0.568,0.143,,0,0.9,enzyme,0.0195,2414
arod,b1693,,0,0.021,1.0,1.0,1.0,0,0.9,enzyme,0.0195,2415
cho,b1741,,0,0.085,1.0,0.0,,0,0.4,other,0.0195,2416
epd,b2927,,1,0.089,0.375,0.733,,0,0.9,enzyme,0.0195,2417
fadd,b1805,,,0.088,0.487,0.34,,0,0.9,enzyme,0.0195,2418
norw,b2711,,,0.084,0.64,0.067,,0,0.9,enzyme,0.0195,2419
nrde,b2675,,1,0.089,0.543,0.2,,0,0.9,enzyme,0.0195,2420
purk,b0522,,0,0.021,1.0,1.0,1.0,0,0.9,enzyme,0.0195,2421
pyrf,b1281,,0,0.021,1.0,1.0,1.0,0,0.9,enzyme,0.0195,2422
ybay,b0453,,0,0.085,1.0,0.0,,0,0.4,other,0.0195,2423
ybci,b0527,,0,0.085,1.0,0.0,,0,0.4,other,0.0195,2424
ybhn,b0788,,,0.085,1.0,0.0,,0,0.4,other,0.0195,2425
ydjf,b1770,,,0.085,1.0,0.0,,0,0.4,other,0.0195,2426
yegl,b2073,,0,0.085,1.0,0.0,,0,0.4,other,0.0195,2427
ylac,b0458,,0,0.085,1.0,0.0,,0,0.4,other,0.0195,2428
acrd,b2470,,0,0.043,1.0,0.333,,0,0.9,enzyme,0.0194,2429
alae,b2670,,0,0.084,1.0,0.0,,0,0.4,other,0.0194,2430
chpb,b4225,,0,0.084,1.0,0.0,,0,0.4,other,0.0194,2431
lhgd,b2660,,0,0.182,0.308,0.5,,0,0.4,other,0.0194,2432
opge,b0815,,,0.084,1.0,0.0,,0,0.4,other,0.0194,2433
pgpa,b0418,,0,0.031,1.0,0.833,,0,0.9,enzyme,0.0194,2434
ptsg,b1101,,0,0.052,1.0,0.111,,0,0.9,enzyme,0.0194,2435
tcda,b2812,,0,0.164,0.487,0.051,,0,0.4,other,0.0194,2436
uhpb,b3668,,0,0.084,1.0,0.0,,0,0.4,other,0.0194,2437
yaia,b0389,,0,0.084,1.0,0.0,,0,0.4,other,0.0194,2438
ybit,b0820,,0,0.173,0.46,0.059,,0,0.4,other,0.0194,2439
yfil,b2602,,0,0.084,1.0,0.0,,0,0.4,other,0.0194,2440
yjju,b4377,,0,0.084,1.0,0.0,,0,0.4,other,0.0194,2441
eutt,b2459,,,0.084,1.0,0.0,,0,0.4,other,0.0193,2442
gltb,b3212,,,0.029,1.0,0.938,,0,0.9,enzyme,0.0193,2443
kch,b1250,,,0.083,0.457,,,0,0.9,enzyme,0.0193,2444
nuom,b2277,,,0.083,0.443,0.545,,0,0.9,enzyme,0.0193,2445
ybjp,b0865,,,0.084,1.0,0.0,,0,0.4,other,0.0193,2446
ycad,b0898,,,0.084,1.0,0.0,,0,0.4,other,0.0193,2447
yhjd,b3522,,,0.084,1.0,0.0,,0,0.4,other,0.0193,2448
aaex,b3242,,0,0.083,1.0,0.0,,0,0.4,other,0.0192,2449
arfa,b4550,,0,0.083,1.0,0.0,,0,0.4,other,0.0192,2450
bcsf,b3537,,,0.083,1.0,0.0,,0,0.4,other,0.0192,2451
blr,b4409,,0,0.083,1.0,0.0,,0,0.4,other,0.0192,2452
bsss,b1060,,0,0.083,1.0,0.0,,0,0.4,other,0.0192,2453
chab,b1217,,0,0.083,1.0,0.0,,0,0.4,other,0.0192,2454
cpxp,b4484,,1,0.083,1.0,0.0,,0,0.4,other,0.0192,2455
ecnb,b4411,,0,0.083,1.0,0.0,,0,0.4,other,0.0192,2456
ecpe,b0289,,,0.083,1.0,0.0,,0,0.4,other,0.0192,2457
eutm,b2457,,,0.083,1.0,0.0,,0,0.4,other,0.0192,2458
exox,b1844,,0,0.083,1.0,0.0,,0,0.4,other,0.0192,2459
faby,b3888,,0,0.083,1.0,0.0,,0,0.4,other,0.0192,2460
fadi,b2342,,0,0.188,0.303,0.0,,0,0.9,enzyme,0.0192,2461
hofq,b3391,,0,0.083,1.0,0.0,,0,0.4,other,0.0192,2462
hslj,b1379,,0,0.083,1.0,0.0,,0,0.4,other,0.0192,2463
hspq,b0966,,0,0.083,1.0,0.0,,0,0.4,other,0.0192,2464
ivy,b0220,,0,0.083,1.0,0.0,,0,0.4,other,0.0192,2465
lsrc,b1514,,,0.083,1.0,0.0,,0,0.4,other,0.0192,2466
lsrg,b1518,,,0.083,1.0,0.0,,0,0.4,other,0.0192,2467
mdtm,b4337,,0,0.083,1.0,0.0,,0,0.4,other,0.0192,2468
nlpc,b1708,,0,0.083,1.0,0.0,,0,0.4,other,0.0192,2469
opgb,b4359,,0,0.083,1.0,0.0,,0,0.4,other,0.0192,2470
opgc,b1047,,0,0.083,1.0,0.0,,0,0.4,other,0.0192,2471
pdeg,b1168,,,0.083,1.0,0.0,,0,0.4,other,0.0192,2472
pqia,b0950,,0,0.083,1.0,0.0,,0,0.4,other,0.0192,2473
pqic,b0952,,0,0.083,1.0,0.0,,0,0.4,other,0.0192,2474
pric,b0467,,0,0.083,1.0,0.0,,0,0.4,other,0.0192,2475
purr,b1658,,0,0.089,1.0,0.158,,0,0.2,regulator,0.0192,2476
rect,b1349,,0,0.083,1.0,0.0,,0,0.4,other,0.0192,2477
riml,b1427,,,0.083,1.0,0.0,,0,0.4,other,0.0192,2478
rna,b0611,,0,0.083,1.0,0.0,,0,0.4,other,0.0192,2479
rsxc,b1629,,0,0.083,1.0,0.0,,0,0.4,other,0.0192,2480
tar,b1886,,0,0.083,1.0,0.0,,0,0.4,other,0.0192,2481
tord,b0998,,0,0.083,1.0,0.0,,0,0.4,other,0.0192,2482
tort,b0994,,,0.083,1.0,0.0,,0,0.4,other,0.0192,2483
ves,b1742,,0,0.083,1.0,0.0,,0,0.4,other,0.0192,2484
yabi,b0065,,0,0.083,1.0,0.0,,0,0.4,other,0.0192,2485
yaef,b0193,,0,0.083,1.0,0.0,,0,0.4,other,0.0192,2486
yaeh,b0163,,0,0.083,1.0,0.0,,0,0.4,other,0.0192,2487
yaep,b4406,,0,0.083,1.0,0.0,,0,0.4,other,0.0192,2488
yafx,b0248,,1,0.083,1.0,0.0,,0,0.4,other,0.0192,2489
yajg,b0434,,0,0.067,1.0,0.25,,0,0.4,other,0.0192,2490
ybgs,b0753,,0,0.083,1.0,0.0,,0,0.4,other,0.0192,2491
ybia,b0798,,,0.083,1.0,0.0,,0,0.4,other,0.0192,2492
ybji,b0844,,0,0.083,1.0,0.0,,0,0.4,other,0.0192,2493
ybjl,b0847,,0,0.083,1.0,0.0,,0,0.4,other,0.0192,2494
yceb,b1063,,0,0.083,1.0,0.0,,0,0.4,other,0.0192,2495
ycgz,b1164,,,0.083,1.0,0.0,,0,0.4,other,0.0192,2496
ychn,b1219,,,0.083,1.0,0.0,,0,0.4,other,0.0192,2497
yciz,b4596,,0,0.083,1.0,0.0,,0,0.4,other,0.0192,2498
ycjf,b1322,,,0.083,1.0,0.0,,0,0.4,other,0.0192,2499
ydck,b1428,,,0.083,1.0,0.0,,0,0.4,other,0.0192,2500
yddh,b1462,,0,0.083,1.0,0.0,,0,0.4,other,0.0192,2501
ydfi,b1542,,,0.083,1.0,0.0,,0,0.4,other,0.0192,2502
ydim,b1690,,,0.083,1.0,0.0,,0,0.4,other,0.0192,2503
ydiy,b1722,,0,0.083,1.0,0.0,,0,0.4,other,0.0192,2504
ydiz,b1724,,0,0.083,1.0,0.0,,0,0.4,other,0.0192,2505
yebs,b1833,,0,0.083,1.0,0.0,,0,0.4,other,0.0192,2506
yeby,b1839,,1,0.083,1.0,0.0,,0,0.4,other,0.0192,2507
yece,b1868,,0,0.083,1.0,0.0,,0,0.4,other,0.0192,2508
yedp,b1955,,0,0.083,1.0,0.0,,0,0.4,other,0.0192,2509
yegp,b2080,,,0.083,1.0,0.0,,0,0.4,other,0.0192,2510
yejg,b2181,,0,0.083,1.0,0.0,,0,0.4,other,0.0192,2511
yfae,b2236,,,0.083,1.0,0.0,,0,0.4,other,0.0192,2512
yfcz,b2343,,0,0.083,1.0,0.0,,0,0.4,other,0.0192,2513
yfdg,b2350,,0,0.083,1.0,0.0,,0,0.4,other,0.0192,2514
yfgj,b2510,,0,0.083,1.0,0.0,,0,0.4,other,0.0192,2515
ygam,b2672,,0,0.083,1.0,0.0,,0,0.4,other,0.0192,2516
ygdb,b2824,,0,0.083,1.0,0.0,,0,0.4,other,0.0192,2517
ygil,b3043,,0,0.083,1.0,0.0,,0,0.4,other,0.0192,2518
ygim,b3055,,,0.083,1.0,0.0,,0,0.4,other,0.0192,2519
ygiv,b3023,,,0.083,1.0,0.0,,0,0.4,other,0.0192,2520
ygiw,b3024,,,0.083,1.0,0.0,,0,0.4,other,0.0192,2521
ygjq,b3086,,,0.083,1.0,0.0,,0,0.4,other,0.0192,2522
yhco,b3239,,0,0.083,1.0,0.0,,0,0.4,other,0.0192,2523
yhfg,b3362,,,0.083,1.0,0.0,,0,0.4,other,0.0192,2524
yhhn,b3468,,0,0.083,1.0,0.0,,0,0.4,other,0.0192,2525
yiag,b3555,,0,0.083,1.0,0.0,,0,0.4,other,0.0192,2526
yibt,b4554,,0,0.083,1.0,0.0,,0,0.4,other,0.0192,2527
yihu,b3882,,,0.087,0.473,0.375,,0,0.9,enzyme,0.0192,2528
yiiq,b3920,,0,0.083,1.0,0.0,,0,0.4,other,0.0192,2529
yjah,b4001,,0,0.083,1.0,0.0,,0,0.4,other,0.0192,2530
yjfn,b4188,,,0.083,1.0,0.0,,0,0.4,other,0.0192,2531
ykfg,b0247,,1,0.083,1.0,0.0,,0,0.4,other,0.0192,2532
ymja,b1295,,0,0.083,1.0,0.0,,0,0.4,other,0.0192,2533
ynib,b1726,,,0.083,1.0,0.0,,0,0.4,other,0.0192,2534
ynjb,b1754,,0,0.083,1.0,0.0,,0,0.4,other,0.0192,2535
yoah,b1811,,,0.083,1.0,0.0,,0,0.4,other,0.0192,2536
yobf,b1824,,0,0.083,1.0,0.0,,0,0.4,other,0.0192,2537
yqcc,b2792,,0,0.083,1.0,0.0,,0,0.4,other,0.0192,2538
yqih,b3047,,0,0.083,1.0,0.0,,0,0.4,other,0.0192,2539
yqjf,b3101,,0,0.083,1.0,0.0,,0,0.4,other,0.0192,2540
ytfb,b4206,,0,0.083,1.0,0.0,,0,0.4,other,0.0192,2541
alkb,b2212,,0,0.183,0.438,0.033,,0,0.4,other,0.0191,2542
lpoa,b3147,,,0.083,1.0,0.0,,0,0.4,other,0.0191,2543
ydeq,b1502,,,0.055,1.0,,,0,0.4,other,0.0191,2544
yffs,b2450,,,0.055,1.0,,,0,0.4,other,0.0191,2545
yjfp,b4190,,,0.083,1.0,0.0,,0,0.4,other,0.0191,2546
ente,b0594,,,0.083,0.6,0.125,,0,0.9,enzyme,0.019,2547
hisd,b2020,,0,0.021,1.0,0.946,1.0,0,0.9,enzyme,0.019,2548
rhsd,b0497,,0,0.089,0.62,,,0,0.4,other,0.019,2549
iclr,b4018,,0,0.089,1.0,0.143,,0,0.2,regulator,0.0189,2550
mpra,b2684,,0,0.089,1.0,0.143,,0,0.2,regulator,0.0189,2551
selb,b3590,,0,0.137,0.507,0.182,,0,0.4,other,0.0189,2552
trma,b3965,,0,0.15,0.517,0.053,,0,0.4,other,0.0189,2553
trpa,b1260,,0,0.021,1.0,0.941,1.0,0,0.9,enzyme,0.0189,2554
pepn,b0932,,0,0.089,0.563,0.116,,0,0.9,enzyme,0.0188,2555
rhsb,b3482,,1,0.089,0.613,,,0,0.4,other,0.0188,2556
atod,b2221,,0,0.101,0.387,0.417,,0,0.9,enzyme,0.0187,2557
clcb,b1592,,,0.089,0.625,0.0,,0,0.9,enzyme,0.0187,2558
cysm,b2421,,,0.083,0.407,0.625,,0,0.9,enzyme,0.0187,2559
dhal,b1199,,0,0.082,0.45,0.5,,0,0.9,enzyme,0.0187,2560
metb,b3939,,0,0.083,0.312,0.529,1.0,0,0.9,enzyme,0.0187,2561
tcyj,b1920,,0,0.175,0.445,0.042,,0,0.4,other,0.0187,2562
trpr,b4393,,0,0.1,1.0,0.0,,0,0.2,regulator,0.0187,2563
ytfr,b4485,,0,0.089,0.46,0.357,,0,0.9,enzyme,0.0187,2564
actp,b4067,,0,0.083,0.605,0.091,,0,0.9,enzyme,0.0186,2565
hisg,b2019,,0,0.021,1.0,0.905,1.0,0,0.9,enzyme,0.0186,2566
mdab,b3028,,0,0.101,0.513,0.059,,0,0.9,enzyme,0.0186,2567
nanx,b4279,,,0.083,0.647,,,0,0.4,other,0.0186,2568
ompc,b2215,,0,0.028,1.0,1.0,,0,0.9,enzyme,0.0186,2569
trpb,b1261,,0,0.021,1.0,0.907,1.0,0,0.9,enzyme,0.0186,2570
yjem,b4156,,0,0.089,0.607,,,0,0.4,other,0.0186,2571
yjhb,b4279,,,0.083,0.647,,,0,0.4,other,0.0186,2572
cysw,b2423,,,0.043,1.0,0.27,,0,0.9,enzyme,0.0185,2573
dppd,b3541,,,0.083,0.492,0.333,,0,0.9,enzyme,0.0185,2574
hisi,b2026,,0,0.021,1.0,0.9,1.0,0,0.9,enzyme,0.0185,2575
lldd,b3605,,0,0.084,0.442,0.476,,0,0.9,enzyme,0.0185,2576
mokc,b0018,,,0.053,1.0,,,0,0.4,other,0.0185,2577
ohsc,b4608,,,0.053,1.0,,,0,0.4,other,0.0185,2578
putp,b1015,,,0.089,0.59,0.045,,0,0.9,enzyme,0.0185,2579
xyla,b3565,,0,0.039,1.0,0.417,,0,0.9,enzyme,0.0185,2580
alda,b1415,,,0.089,0.442,0.0,1.0,0,0.9,enzyme,0.0184,2581
lysp,b2156,,0,0.083,0.593,0.1,,0,0.9,enzyme,0.0184,2582
paag,b1394,,,0.083,0.468,0.391,,0,0.9,enzyme,0.0184,2583
ruvc,b1863,,0,0.04,1.0,1.0,,0,0.4,other,0.0184,2584
sdac,b2796,,0,0.044,1.0,0.235,,0,0.9,enzyme,0.0184,2585
xanp,b3654,,0,0.089,0.615,0.0,,0,0.9,enzyme,0.0184,2586
ygce,b2776,,0,0.084,0.633,,,0,0.4,other,0.0184,2587
ddpf,b1483,,0,0.075,0.478,,,0,0.9,enzyme,0.0183,2588
hcad,b2542,,0,0.086,0.538,0.167,,0,0.9,enzyme,0.0183,2589
yiho,b3876,,,0.089,0.598,,,0,0.4,other,0.0183,2590
blc,b4149,,,0.182,0.432,0.0,,0,0.4,other,0.0182,2591
hemw,b2955,,,0.183,0.413,0.044,,0,0.4,other,0.0182,2592
nany,b4280,,,0.089,0.595,,,0,0.4,other,0.0182,2593
ybat,b0486,,,0.089,0.595,,,0,0.4,other,0.0182,2594
yebg,b1848,,0,0.059,1.0,0.333,,0,0.4,other,0.0182,2595
yjhc,b4280,,,0.089,0.595,,,0,0.4,other,0.0182,2596
feob,b3409,,,0.083,0.55,0.167,,0,0.9,enzyme,0.0181,2597
fhuc,b0151,,0,0.089,0.498,0.214,,0,0.9,enzyme,0.0181,2598
frc,b2374,,0,0.089,0.503,0.2,,0,0.9,enzyme,0.0181,2599
gsha,b2688,,0,0.03,1.0,0.789,,0,0.9,enzyme,0.0181,2600
kefb,b3350,,0,0.089,0.548,0.1,,0,0.9,enzyme,0.0181,2601
qued,b2765,,0,0.089,0.462,0.304,,0,0.9,enzyme,0.0181,2602
ygcn,b2766,,,0.089,0.59,,,0,0.4,other,0.0181,2603
yihq,b3878,,,0.089,0.59,,,0,0.4,other,0.0181,2604
gltl,b0652,,,0.083,0.512,0.25,,0,0.9,enzyme,0.018,2605
hemn,b3867,,0,0.084,0.55,0.188,0.25,1,0.9,enzyme,0.018,2606
ppsa,b1702,,0,0.031,1.0,0.703,,0,0.9,enzyme,0.018,2607
upp,b2498,,0,0.085,0.555,0.125,,0,0.9,enzyme,0.018,2608
rcsb,b2217,,0,0.091,1.0,0.048,,0,0.2,regulator,0.0179,2609
yeae,b1781,,,0.107,0.495,0.0,,0,0.9,enzyme,0.0179,2610
cdar,b0162,,0,0.089,1.0,0.071,,0,0.2,regulator,0.0178,2611
malz,b0403,,0,0.089,0.593,0.0,,0,0.9,enzyme,0.0178,2612
mhpa,b0347,,0,0.084,0.628,0.0,,0,0.9,enzyme,0.0178,2613
narv,b1465,,0,0.052,1.0,0.0,,0,0.9,enzyme,0.0178,2614
nnr,b4167,,1,0.142,0.503,0.083,,0,0.4,other,0.0178,2615
pqql,b1494,,0,0.089,0.583,,,0,0.4,other,0.0178,2616
wzze,b3785,,0,0.052,1.0,0.0,,0,0.9,enzyme,0.0178,2617
ygaz,b2682,,0,0.052,1.0,0.0,,0,0.9,enzyme,0.0178,2618
yhis,b3504,,,0.052,1.0,,,0,0.4,other,0.0178,2619
amtb,b0451,,0,0.083,0.475,0.32,,0,0.9,enzyme,0.0177,2620
atpa,b3734,,1,0.9,0.058,0.0,,0,0.9,enzyme,0.0177,2621
mlra,b2127,,,0.095,1.0,0.0,,0,0.2,regulator,0.0177,2622
pfkb,b1723,,0,0.089,0.592,0.0,,0,0.9,enzyme,0.0177,2623
rhsa,b3593,,0,0.083,0.613,,,0,0.4,other,0.0177,2624
ttdt,b3063,,0,0.087,0.603,0.0,,0,0.9,enzyme,0.0177,2625
fau,b2912,,0,0.051,0.577,0.778,,0,0.9,enzyme,0.0176,2626
hisp,b2306,,1,0.086,0.457,0.316,,0,0.9,enzyme,0.0176,2627
arol,b0388,,0,0.064,0.577,0.4,,0,0.9,enzyme,0.0175,2628
epma,b4155,,0,0.083,0.547,0.667,,0,0.4,other,0.0175,2629
ygei,b2853,,0,0.051,1.0,,,0,0.4,other,0.0175,2630
zitb,b0752,,0,0.089,0.458,0.278,,0,0.9,enzyme,0.0175,2631
acnb,b0118,,0,0.072,0.608,0.167,,0,0.9,enzyme,0.0174,2632
dppf,b3540,,,0.089,0.473,0.231,,0,0.9,enzyme,0.0174,2633
fecc,b4289,,,0.052,1.0,0.0,,0,0.9,enzyme,0.0174,2634
fkpb,b0028,,0,0.089,0.502,0.7,,0,0.4,other,0.0174,2635
trpd,b1263,,0,0.032,0.575,1.0,1.0,0,0.9,enzyme,0.0174,2636
yrap,b3150,,,0.04,1.0,0.875,,0,0.4,other,0.0174,2637
gph,b3385,,0,0.087,0.5,0.174,,0,0.9,enzyme,0.0173,2638
idnd,b4267,,0,0.089,0.463,0.25,,0,0.9,enzyme,0.0173,2639
mhpt,b0353,,,0.083,0.582,0.056,,0,0.9,enzyme,0.0173,2640
uraa,b2497,,0,0.089,0.553,0.042,,0,0.9,enzyme,0.0173,2641
yciu,b1248,,,0.056,1.0,0.333,,0,0.4,other,0.0173,2642
livf,b3454,,0,0.089,0.453,0.27,,0,0.9,enzyme,0.0172,2643
rbba,b3486,,0,0.191,0.39,0.0,,0,0.4,other,0.0172,2644
ybab,b0471,,0,0.046,1.0,0.625,,0,0.4,other,0.0172,2645
ycca,b0970,,0,0.102,0.543,0.345,,0,0.4,other,0.0172,2646
hflk,b4174,,0,0.065,0.615,0.857,,0,0.4,other,0.0171,2647
nant,b3224,,0,0.083,0.607,0.0,,0,0.9,enzyme,0.0171,2648
osmf,b2131,,,0.051,1.0,0.0,,0,0.9,enzyme,0.0171,2649
pta,b2297,,0,0.033,1.0,0.526,,0,0.9,enzyme,0.0171,2650
ycie,b1257,,0,0.074,1.0,0.0,,0,0.4,other,0.0171,2651
yigb,b3812,,0,0.089,0.582,0.444,,0,0.4,other,0.0171,2652
yjia,b4352,,,0.131,0.5,0.138,,0,0.4,other,0.0171,2653
entf,b0586,,,0.088,0.572,0.0,,0,0.9,enzyme,0.017,2654
mlc,b1594,,0,0.11,0.552,0.5,,0,0.2,regulator,0.017,2655
ndh,b1109,,0,0.083,0.547,0.103,,0,0.9,enzyme,0.017,2656
sstt,b3089,,,0.089,0.567,0.0,,0,0.9,enzyme,0.017,2657
agai,b3141,,,0.089,0.553,,,0,0.4,other,0.0169,2658
artp,b0864,,,0.083,0.48,0.25,,0,0.9,enzyme,0.0169,2659
glnh,b0811,,,0.089,0.498,0.133,,0,0.9,enzyme,0.0169,2660
grxc,b3610,,0,0.089,0.418,0.353,,0,0.9,enzyme,0.0169,2661
ilvg,b4488,,,0.089,0.553,,,0,0.4,other,0.0169,2662
mhpe,b0352,,,0.083,0.6,0.0,,0,0.9,enzyme,0.0169,2663
yebv,b1836,,1,0.073,1.0,0.0,,0,0.4,other,0.0169,2664
gadb,b1493,,0,0.079,0.627,0.0,,0,0.9,enzyme,0.0168,2665
glxr,b0509,,0,0.085,0.467,0.25,,0,0.9,enzyme,0.0168,2666
lyxk,b3580,,,0.085,0.583,0.0,,0,0.9,enzyme,0.0168,2667
prox,b2679,,0,0.05,1.0,0.0,,0,0.9,enzyme,0.0168,2668
rfbb,b2041,,0,0.083,0.417,0.429,,0,0.9,enzyme,0.0168,2669
rlmf,b0807,,,0.142,0.488,0.053,,0,0.4,other,0.0168,2670
rutg,b1006,,,0.089,0.56,0.0,,0,0.9,enzyme,0.0168,2671
tonb,b1252,,0,0.025,1.0,1.0,,0,0.9,enzyme,0.0168,2672
ycjs,b1315,,,0.086,0.568,,,0,0.4,other,0.0168,2673
cite,b0616,,0,0.085,0.58,0.0,,0,0.9,enzyme,0.0167,2674
fuck,b2803,,0,0.039,0.627,1.0,,0,0.9,enzyme,0.0167,2675
ycju,b1317,,,0.083,0.522,0.667,,0,0.4,other,0.0167,2676
argc,b3958,,0,0.021,1.0,0.706,1.0,0,0.9,enzyme,0.0166,2677
argg,b3172,,0,0.033,0.543,1.0,1.0,0,0.9,enzyme,0.0166,2678
bcsc,b3530,,,0.111,0.65,0.0,,0,0.4,other,0.0166,2679
blur,b1162,,,0.089,1.0,0.0,,0,0.2,regulator,0.0166,2680
ebgr,b3075,,0,0.089,1.0,0.0,,0,0.2,regulator,0.0166,2681
fucr,b2805,,0,0.089,1.0,0.0,,0,0.2,regulator,0.0166,2682
hprr,b1969,,0,0.089,1.0,0.0,,0,0.2,regulator,0.0166,2683
hyce,b2721,,0,0.086,0.573,0.0,,0,0.9,enzyme,0.0166,2684
leuo,b0076,,,0.089,1.0,0.0,,0,0.2,regulator,0.0166,2685
meth,b4019,,,0.31,0.098,0.615,,0,0.9,enzyme,0.0166,2686
mntr,b0817,,,0.089,1.0,0.0,,0,0.2,regulator,0.0166,2687
phnl,b4096,,0,0.103,0.558,0.25,,0,0.4,other,0.0166,2688
rcda,b0846,,0,0.089,1.0,0.0,,0,0.2,regulator,0.0166,2689
recd,b2819,,0,0.089,0.457,0.778,,0,0.4,other,0.0166,2690
rob,b4396,,0,0.089,1.0,0.0,,0,0.2,regulator,0.0166,2691
yajo,b0419,,0,0.16,0.438,0.027,,0,0.4,other,0.0166,2692
eda,b1850,,0,0.024,1.0,1.0,,0,0.9,enzyme,0.0165,2693
gluq,b0144,,0,0.177,0.405,0.0,,0,0.4,other,0.0165,2694
pote,b0692,,0,0.085,0.573,0.0,,0,0.9,enzyme,0.0165,2695
prma,b3259,,,0.177,0.385,0.051,,0,0.4,other,0.0165,2696
astd,b1746,,0,0.06,0.478,0.684,,0,0.9,enzyme,0.0164,2697
malk,b4035,,0,0.071,0.458,0.5,,0,0.9,enzyme,0.0164,2698
rutf,b1007,,,0.04,1.0,0.2,,0,0.9,enzyme,0.0164,2699
scpb,b2919,,1,0.084,0.48,0.2,,0,0.9,enzyme,0.0164,2700
yehx,b2129,,,0.085,0.427,0.333,,0,0.9,enzyme,0.0164,2701
mscm,b4159,,0,0.059,1.0,0.2,,0,0.4,other,0.0163,2702
pncb,b0931,,0,0.085,0.55,0.031,,0,0.9,enzyme,0.0163,2703
ruvb,b1860,,0,0.065,0.557,0.96,,0,0.4,other,0.0163,2704
ydij,b1687,,,0.089,0.577,0.385,,0,0.4,other,0.0163,2705
yjcf,b4066,,0,0.083,0.567,,,0,0.4,other,0.0163,2706
fdni,b1476,,0,0.048,1.0,0.0,,0,0.9,enzyme,0.0162,2707
glpa,b2241,,0,0.083,0.573,0.0,,0,0.9,enzyme,0.0162,2708
hyfg,b2487,,0,0.083,0.573,0.0,,0,0.9,enzyme,0.0162,2709
maeb,b2463,,0,0.061,0.568,0.382,,0,0.9,enzyme,0.0162,2710
nei,b0714,,0,0.089,0.595,0.333,,0,0.4,other,0.0162,2711
pspa,b1304,,,0.083,0.603,0.4,,0,0.4,other,0.0162,2712
pstb,b3725,,,0.08,0.433,0.385,,0,0.9,enzyme,0.0162,2713
xdha,b2866,,,0.086,0.558,0.0,,0,0.9,enzyme,0.0162,2714
ycak,b0901,,1,0.089,0.53,,,0,0.4,other,0.0162,2715
fade,b0221,,0,0.083,0.557,0.028,,0,0.9,enzyme,0.0161,2716
flhd,b1892,,0,0.053,1.0,0.308,,0,0.4,other,0.0161,2717
glpf,b3927,,0,0.089,0.335,0.6,,0,0.9,enzyme,0.0161,2718
metk,b2942,,1,0.911,0.025,,1.0,0,0.9,enzyme,0.0161,2719
mltg,b1097,,0,0.051,1.0,0.379,,0,0.4,other,0.0161,2720
pdeh,b3525,,,0.042,1.0,0.667,,0,0.4,other,0.0161,2721
uvrd,b3813,,0,0.07,0.622,0.615,,0,0.4,other,0.0161,2722
yafn,b0232,,,0.035,1.0,1.0,,0,0.4,other,0.0161,2723
ycjt,b1316,,,0.089,0.525,,,0,0.4,other,0.0161,2724
caib,b0038,,0,0.084,0.562,0.0,,0,0.9,enzyme,0.016,2725
lgod,b4358,,0,0.101,0.468,0.0,,0,0.9,enzyme,0.016,2726
mals,b3571,,0,0.089,0.533,0.0,,0,0.9,enzyme,0.016,2727
nagk,b1119,,,0.083,0.568,0.0,,0,0.9,enzyme,0.016,2728
nikd,b3479,,0,0.083,0.568,0.0,,0,0.9,enzyme,0.016,2729
uvrb,b0779,,,0.08,0.567,0.534,,0,0.4,other,0.016,2730
ygcu,b4463,,0,0.089,0.522,,,0,0.4,other,0.016,2731
yjbb,b4020,,0,0.067,1.0,0.042,,0,0.4,other,0.016,2732
gntk,b3437,,0,0.083,0.377,0.5,,0,0.9,enzyme,0.0159,2733
nupc,b2393,,,0.066,0.57,0.25,,0,0.9,enzyme,0.0159,2734
wcaa,b2059,,0,0.083,0.552,,,0,0.4,other,0.0159,2735
menh,b2263,,0,0.058,0.512,0.571,,0,0.9,enzyme,0.0158,2736
nank,b3222,,0,0.083,0.562,0.0,,0,0.9,enzyme,0.0158,2737
rbsd,b3748,,0,0.052,0.628,0.444,,0,0.9,enzyme,0.0158,2738
caic,b0037,,0,0.083,0.557,0.0,,0,0.9,enzyme,0.0157,2739
cher,b1884,,0,0.059,1.0,0.154,,0,0.4,other,0.0157,2740
ybhf,b0794,,,0.178,0.383,0.0,,0,0.4,other,0.0157,2741
yidk,b3679,,,0.089,0.523,0.0,,0,0.9,enzyme,0.0157,2742
hycc,b2723,,0,0.083,0.553,0.0,,0,0.9,enzyme,0.0156,2743
leua,b0074,,0,0.032,0.63,0.641,1.0,0,0.9,enzyme,0.0156,2744
mdtg,b1053,,1,0.129,0.523,0.0,,0,0.4,other,0.0156,2745
proy,b0402,,0,0.083,0.585,0.389,,0,0.4,other,0.0156,2746
qsec,b3026,,1,0.068,1.0,0.0,,0,0.4,other,0.0156,2747
ydct,b1441,,,0.103,0.447,0.0,,0,0.9,enzyme,0.0156,2748
yibn,b3611,,0,0.083,0.483,0.682,,0,0.4,other,0.0156,2749
deoa,b4382,,0,0.089,0.345,0.5,,0,0.9,enzyme,0.0155,2750
exbb,b3006,,0,0.023,1.0,1.0,,0,0.9,enzyme,0.0155,2751
hyfb,b2482,,0,0.089,0.518,0.0,,0,0.9,enzyme,0.0155,2752
hyff,b2486,,0,0.088,0.523,0.0,,0,0.9,enzyme,0.0155,2753
ilvi,b0077,,,0.047,0.535,0.829,,0,0.9,enzyme,0.0155,2754
leuc,b0072,,0,0.03,0.568,0.92,1.0,0,0.9,enzyme,0.0155,2755
ycjq,b1313,,,0.084,0.532,,,0,0.4,other,0.0155,2756
yihv,b3883,,,0.089,0.505,,,0,0.4,other,0.0155,2757
allb,b0512,,0,0.083,0.545,0.0,,0,0.9,enzyme,0.0154,2758
brnq,b0401,,0,0.041,1.0,0.105,,0,0.9,enzyme,0.0154,2759
cyns,b0340,,0,0.043,1.0,0.056,,0,0.9,enzyme,0.0154,2760
lapa,b1279,,0,0.067,1.0,0.0,,0,0.4,other,0.0154,2761
nrfg,b4076,,,0.089,0.503,,,0,0.4,other,0.0154,2762
nudk,b2467,,0,0.086,0.505,0.056,,0,0.9,enzyme,0.0154,2763
xerc,b3811,,0,0.041,1.0,0.622,,0,0.4,other,0.0154,2764
yacc,b0122,,0,0.067,1.0,0.0,,0,0.4,other,0.0154,2765
clpa,b0882,,0,0.083,0.477,0.667,,0,0.4,other,0.0153,2766
gatd,b2091,,0,0.083,0.543,0.0,,0,0.9,enzyme,0.0153,2767
lacz,b0344,,0,0.083,0.543,0.0,,0,0.9,enzyme,0.0153,2768
pdxk,b2418,,0,0.083,0.543,0.0,,0,0.9,enzyme,0.0153,2769
phoa,b0383,,0,0.086,0.527,0.0,,0,0.9,enzyme,0.0153,2770
recb,b2820,,0,0.039,1.0,0.7,,0,0.4,other,0.0153,2771
exut,b3093,,,0.07,0.613,0.053,,0,0.9,enzyme,0.0152,2772
hyfc,b2483,,0,0.083,0.54,0.0,,0,0.9,enzyme,0.0152,2773
idnk,b4268,,1,0.087,0.342,0.5,,0,0.9,enzyme,0.0152,2774
phep,b0576,,,0.083,0.54,0.0,,0,0.9,enzyme,0.0152,2775
potc,b1124,,0,0.033,1.0,0.375,,0,0.9,enzyme,0.0152,2776
waac,b3621,,0,0.022,1.0,1.0,,0,0.9,enzyme,0.0152,2777
xtha,b1749,,0,0.093,0.553,0.273,,0,0.4,other,0.0152,2778
ybeq,b0644,,0,0.089,0.497,,,0,0.4,other,0.0152,2779
ydfw,b1567,,,0.044,1.0,,,0,0.4,other,0.0152,2780
glpt,b2240,,0,0.086,0.517,0.0,,0,0.9,enzyme,0.0151,2781
hpt,b0125,,0,0.083,0.425,0.263,,0,0.9,enzyme,0.0151,2782
isca,b2528,,1,0.06,0.372,1.0,,0,0.9,enzyme,0.0151,2783
mdla,b0448,,1,0.089,0.537,0.375,,0,0.4,other,0.0151,2784
tktb,b2465,,0,0.087,0.513,0.0,,0,0.9,enzyme,0.0151,2785
xerd,b2894,,0,0.04,1.0,0.64,,0,0.4,other,0.0151,2786
yghu,b2989,,,0.174,0.342,0.105,,0,0.4,other,0.0151,2787
hfq,b4172,,0,0.049,1.0,0.333,,0,0.4,other,0.015,2788
hycf,b2720,,0,0.083,0.532,0.0,,0,0.9,enzyme,0.015,2789
pyre,b3642,,0,0.031,0.537,0.9,1.0,0,0.9,enzyme,0.015,2790
yjfj,b4182,,,0.089,0.587,0.25,,0,0.4,other,0.015,2791
cadb,b4132,,0,0.083,0.528,0.0,,0,0.9,enzyme,0.0149,2792
fadk,b1701,,1,0.089,0.498,0.0,,0,0.9,enzyme,0.0149,2793
thim,b2104,,0,0.031,1.0,0.429,,0,0.9,enzyme,0.0149,2794
uhpt,b3666,,0,0.072,0.607,0.0,,0,0.9,enzyme,0.0149,2795
waay,b3625,,,0.029,1.0,,,0,0.9,enzyme,0.0149,2796
ybjg,b0841,,0,0.044,1.0,0.0,,0,0.9,enzyme,0.0149,2797
ydaw,b1361,,,0.043,1.0,,,0,0.4,other,0.0149,2798
agaa,b3135,,,0.118,0.363,,,0,0.4,other,0.0148,2799
leub,b0073,,1,0.035,0.462,0.959,1.0,0,0.9,enzyme,0.0148,2800
nudi,b2251,,,0.084,0.522,0.0,,0,0.9,enzyme,0.0148,2801
yhhx,b3440,,,0.089,0.485,0.5,,0,0.4,other,0.0148,2802
adhe,b1241,,0,0.071,0.565,0.091,,0,0.9,enzyme,0.0147,2803
bgla,b2901,,0,0.089,0.492,0.0,,0,0.9,enzyme,0.0147,2804
fece,b4287,,,0.083,0.452,0.154,,0,0.9,enzyme,0.0147,2805
gark,b3124,,,0.033,1.0,0.333,,0,0.9,enzyme,0.0147,2806
glnq,b0809,,,0.089,0.428,0.143,,0,0.9,enzyme,0.0147,2807
hycd,b2722,,0,0.083,0.523,0.0,,0,0.9,enzyme,0.0147,2808
mfd,b1114,,0,0.083,0.573,0.34,,0,0.4,other,0.0147,2809
mlad,b3193,,0,0.035,1.0,0.808,,0,0.4,other,0.0147,2810
trkg,b1363,,,0.033,1.0,0.333,,0,0.9,enzyme,0.0147,2811
tyna,b1386,,,0.083,0.52,0.0,,0,0.9,enzyme,0.0147,2812
ycjr,b1314,,,0.083,0.512,,,0,0.4,other,0.0147,2813
hcac,b2540,,0,0.083,0.522,0.0,,0,0.9,enzyme,0.0146,2814
ilvn,b3670,,0,0.031,1.0,0.4,,0,0.9,enzyme,0.0146,2815
spee,b0121,,0,0.085,0.393,0.294,,0,0.9,enzyme,0.0146,2816
ubii,b2906,,1,0.074,0.427,1.0,,0,0.4,other,0.0146,2817
add,b1623,,0,0.076,0.45,0.25,,0,0.9,enzyme,0.0145,2818
adhp,b1478,,0,0.087,0.463,0.067,,0,0.9,enzyme,0.0145,2819
cfa,b1661,,0,0.083,0.473,0.087,,0,0.9,enzyme,0.0145,2820
dcua,b4138,,0,0.037,1.0,0.167,,0,0.9,enzyme,0.0145,2821
hflc,b4175,,0,0.068,0.532,0.75,,0,0.4,other,0.0145,2822
potb,b1125,,0,0.031,1.0,0.375,,0,0.9,enzyme,0.0145,2823
secb,b3609,,0,0.04,1.0,0.56,,0,0.4,other,0.0145,2824
ykgh,b0310,,,0.042,1.0,,,0,0.4,other,0.0145,2825
ynjf,b1758,,1,0.063,1.0,0.0,,0,0.4,other,0.0145,2826
ddpd,b1484,,0,0.083,0.512,0.0,,0,0.9,enzyme,0.0144,2827
phnk,b4097,,0,0.103,0.51,0.182,,0,0.4,other,0.0144,2828
trxc,b2582,,0,0.083,0.457,0.118,,0,0.9,enzyme,0.0144,2829
yfjp,b2632,,,0.085,0.49,,,0,0.4,other,0.0144,2830
degq,b3234,,1,0.112,0.393,0.412,,0,0.4,other,0.0143,2831
hyfd,b2484,,0,0.089,0.477,0.0,,0,0.9,enzyme,0.0143,2832
sad,b1525,,,0.089,0.478,0.0,,0,0.9,enzyme,0.0143,2833
cvpa,b2313,,0,0.035,1.0,0.75,,0,0.4,other,0.0142,2834
dtpd,b0709,,0,0.086,0.487,0.0,,0,0.9,enzyme,0.0142,2835
mlaf,b3195,,1,0.073,0.488,0.727,,0,0.4,other,0.0142,2836
pgpb,b1278,,0,0.042,1.0,0.0,,0,0.9,enzyme,0.0142,2837
puud,b1298,,,0.028,1.0,0.5,,0,0.9,enzyme,0.0142,2838
sgbe,b3583,,,0.083,0.505,0.0,,0,0.9,enzyme,0.0142,2839
arnf,b2258,,0,0.024,1.0,0.75,,0,0.9,enzyme,0.0141,2840
copa,b0484,,0,0.073,0.462,0.233,,0,0.9,enzyme,0.0141,2841
galm,b0756,,0,0.098,0.373,0.138,,0,0.9,enzyme,0.0141,2842
glcf,b4467,,0,0.063,0.505,0.31,,0,0.9,enzyme,0.0141,2843
grea,b3181,,0,0.036,1.0,0.684,,0,0.4,other,0.0141,2844
mete,b3829,,0,0.032,1.0,0.294,,0,0.9,enzyme,0.0141,2845
murq,b2428,,0,0.063,0.497,0.333,,0,0.9,enzyme,0.0141,2846
rapz,b3205,,,0.037,1.0,0.667,,0,0.4,other,0.0141,2847
gabd,b2661,,0,0.431,0.073,0.31,,0,0.9,enzyme,0.014,2848
gmha,b0222,,0,0.021,1.0,1.0,,0,0.9,enzyme,0.014,2849
lpp,b1677,,0,0.021,1.0,1.0,,0,0.9,enzyme,0.014,2850
nagc,b0676,,0,0.088,0.635,0.333,,0,0.2,regulator,0.014,2851
pata,b3073,,0,0.083,0.44,0.125,,0,0.9,enzyme,0.014,2852
trea,b1197,,0,0.089,0.437,0.071,,0,0.9,enzyme,0.014,2853
waag,b3631,,0,0.021,1.0,1.0,,0,0.9,enzyme,0.014,2854
argf,b0273,,,0.083,0.393,0.25,,0,0.9,enzyme,0.0139,2855
fixb,b0042,,0,0.144,0.417,0.0,,0,0.4,other,0.0139,2856
nana,b3225,,0,0.083,0.492,0.0,,0,0.9,enzyme,0.0139,2857
sspa,b3229,,0,0.067,0.568,0.591,,0,0.4,other,0.0139,2858
ymgc,b1167,,,0.04,1.0,,,0,0.4,other,0.0139,2859
allc,b0516,,0,0.088,0.465,0.0,,0,0.9,enzyme,0.0138,2860
alsa,b4087,,,0.083,0.49,0.0,,0,0.9,enzyme,0.0138,2861
mioc,b3742,,0,0.083,0.48,0.5,,0,0.4,other,0.0138,2862
mnth,b2392,,0,0.069,0.477,0.25,,0,0.9,enzyme,0.0138,2863
mpaa,b1326,,,0.083,0.49,0.0,,0,0.9,enzyme,0.0138,2864
ybet,b0647,,,0.087,0.457,,,0,0.4,other,0.0138,2865
yhal,b3107,,,0.04,1.0,,,0,0.4,other,0.0138,2866
yjjg,b4374,,0,0.083,0.49,0.0,,0,0.9,enzyme,0.0138,2867
ahpf,b0606,,,0.089,0.613,0.095,,0,0.4,other,0.0137,2868
tpx,b1324,,,0.089,0.543,0.233,,0,0.4,other,0.0137,2869
tyrb,b4054,,0,0.083,0.303,0.609,,0,0.9,enzyme,0.0137,2870
uxac,b3092,,,0.031,1.0,0.3,,0,0.9,enzyme,0.0137,2871
wecb,b3786,,0,0.052,0.623,0.261,,0,0.9,enzyme,0.0137,2872
ybjq,b0866,,,0.05,1.0,0.2,,0,0.4,other,0.0137,2873
cspd,b0880,,0,0.132,0.325,0.375,,0,0.4,other,0.0136,2874
feab,b1385,,0,0.097,0.363,0.143,,0,0.9,enzyme,0.0136,2875
grpe,b2614,,0,0.085,0.465,0.5,,0,0.4,other,0.0136,2876
puue,b1302,,,0.088,0.458,0.0,,0,0.9,enzyme,0.0136,2877
ycha,b1214,,0,0.083,0.425,0.667,,0,0.4,other,0.0136,2878
chix,b4585,,,0.039,1.0,,,0,0.4,other,0.0135,2879
cyaa,b3806,,0,0.029,1.0,0.375,,0,0.9,enzyme,0.0135,2880
manx,b1817,,0,0.03,1.0,0.333,,0,0.9,enzyme,0.0135,2881
suca,b0726,,0,0.056,0.355,1.0,,0,0.9,enzyme,0.0135,2882
thra,b0002,,0,0.021,1.0,0.929,,0,0.9,enzyme,0.0135,2883
many,b1818,,0,0.032,1.0,0.25,,0,0.9,enzyme,0.0134,2884
phnc,b4106,,0,0.102,0.512,0.111,,0,0.4,other,0.0134,2885
rspa,b1581,,,0.089,0.653,0.0,,0,0.4,other,0.0133,2886
arae,b2841,,0,0.089,0.44,0.0,,0,0.9,enzyme,0.0132,2887
cmob,b1871,,,0.083,0.528,0.3,,0,0.4,other,0.0132,2888
cyoe,b0428,,0,0.065,0.365,0.652,,0,0.9,enzyme,0.0132,2889
dsbb,b1185,,0,0.025,1.0,0.571,,0,0.9,enzyme,0.0132,2890
flgn,b1070,,0,0.034,1.0,0.667,,0,0.4,other,0.0132,2891
leud,b0071,,0,0.035,0.428,0.889,1.0,0,0.9,enzyme,0.0132,2892
lldp,b3603,,0,0.029,1.0,0.333,,0,0.9,enzyme,0.0132,2893
oppf,b1247,,,0.083,0.468,0.0,,0,0.9,enzyme,0.0132,2894
ycgx,b1161,,,0.038,1.0,,,0,0.4,other,0.0132,2895
ldha,b1380,,0,0.084,0.433,0.067,,0,0.9,enzyme,0.0131,2896
yqik,b3051,,0,0.091,0.623,0.0,,0,0.4,other,0.0131,2897
enta,b0596,,,0.083,0.462,0.0,,0,0.9,enzyme,0.013,2898
glpq,b2239,,0,0.084,0.457,0.0,,0,0.9,enzyme,0.013,2899
pepb,b2523,,1,0.089,0.39,0.111,,0,0.9,enzyme,0.013,2900
prib,b4201,,0,0.038,1.0,,,0,0.4,other,0.013,2901
truc,b2791,,0,0.096,0.485,0.211,,0,0.4,other,0.013,2902
tsr,b4355,,,0.056,1.0,0.0,,0,0.4,other,0.013,2903
cobs,b1992,,0,0.038,1.0,0.0,,0,0.9,enzyme,0.0129,2904
pure,b0523,,0,0.025,0.555,1.0,1.0,0,0.9,enzyme,0.0129,2905
nuon,b2276,,,0.039,0.657,0.5,,0,0.9,enzyme,0.0128,2906
cnox,b0492,,0,0.123,0.425,0.053,,0,0.4,other,0.0127,2907
nuog,b2283,,,0.038,0.57,0.75,,0,0.9,enzyme,0.0127,2908
pcnb,b0143,,0,0.074,0.483,0.533,,0,0.4,other,0.0127,2909
pgef,b2593,,0,0.083,0.535,0.237,,0,0.4,other,0.0127,2910
yafv,b0219,,,0.089,0.578,0.077,,0,0.4,other,0.0127,2911
cspf,b1558,,,0.083,0.437,,,0,0.4,other,0.0126,2912
dcta,b3528,,,0.049,0.515,0.486,,0,0.9,enzyme,0.0126,2913
ilve,b3770,,0,0.039,0.533,0.303,1.0,0,0.9,enzyme,0.0126,2914
ptra,b2821,,0,0.101,0.54,0.0,,0,0.4,other,0.0126,2915
tdcb,b3117,,,0.089,0.392,0.077,,0,0.9,enzyme,0.0126,2916
aroe,b3281,,0,0.021,1.0,0.786,,0,0.9,enzyme,0.0125,2917
caid,b0036,,0,0.083,0.445,0.0,,0,0.9,enzyme,0.0125,2918
garr,b3125,,,0.083,0.41,0.083,,0,0.9,enzyme,0.0125,2919
glpd,b3426,,0,0.052,0.485,0.45,,0,0.9,enzyme,0.0125,2920
lhr,b1653,,0,0.089,0.613,0.0,,0,0.4,other,0.0125,2921
nudf,b3034,,0,0.083,0.445,0.0,,0,0.9,enzyme,0.0125,2922
purl,b2557,,,0.037,0.372,0.947,1.0,0,0.9,enzyme,0.0125,2923
uvrc,b1913,,0,0.034,1.0,0.596,,0,0.4,other,0.0125,2924
ybal,b0478,,0,0.089,0.572,0.071,,0,0.4,other,0.0125,2925
ydje,b1769,,,0.089,0.613,0.0,,0,0.4,other,0.0125,2926
bola,b0435,,0,0.213,0.228,0.368,,0,0.2,regulator,0.0124,2927
loip,b2936,,0,0.089,0.607,0.0,,0,0.4,other,0.0124,2928
manz,b1819,,1,0.029,1.0,0.25,,0,0.9,enzyme,0.0124,2929
ppc,b3956,,0,0.021,1.0,0.773,,0,0.9,enzyme,0.0124,2930
rluc,b1086,,0,0.083,0.488,0.324,,0,0.4,other,0.0124,2931
uxua,b4322,,0,0.037,1.0,0.0,,0,0.9,enzyme,0.0124,2932
ycjm,b1309,,,0.083,0.647,0.0,,0,0.4,other,0.0124,2933
dsba,b3860,,0,0.021,1.0,0.75,,0,0.9,enzyme,0.0123,2934
iaaa,b0828,,0,0.089,0.375,0.091,,0,0.9,enzyme,0.0123,2935
ilvh,b0078,,0,0.021,1.0,0.75,,0,0.9,enzyme,0.0123,2936
moab,b0782,,,0.089,0.472,0.28,,0,0.4,other,0.0123,2937
radd,b2184,,0,0.083,0.578,0.111,,0,0.4,other,0.0123,2938
rnd,b1804,,,0.083,0.553,0.167,,0,0.4,other,0.0123,2939
tolc,b3035,,0,0.021,1.0,0.75,,0,0.9,enzyme,0.0123,2940
ycac,b0897,,,0.084,0.597,0.071,,0,0.4,other,0.0123,2941
yfhm,b2520,,0,0.103,0.518,0.0,,0,0.4,other,0.0123,2942
cyob,b0431,,0,0.083,0.318,0.355,,0,0.9,enzyme,0.0122,2943
flik,b1943,,0,0.035,1.0,,,0,0.4,other,0.0122,2944
glcd,b2979,,0,0.053,0.498,0.351,,0,0.9,enzyme,0.0122,2945
ldrd,b4453,,,0.035,1.0,,,0,0.4,other,0.0122,2946
plap,b2014,,0,0.085,0.622,0.0,,0,0.4,other,0.0122,2947
psuk,b2166,,0,0.089,0.598,0.0,,0,0.4,other,0.0122,2948
spot,b3650,,0,0.055,0.37,0.767,,0,0.9,enzyme,0.0122,2949
tatb,b3838,,0,0.035,1.0,0.5,,0,0.4,other,0.0122,2950
tref,b3519,,,0.083,0.432,0.0,,0,0.9,enzyme,0.0122,2951
ynbb,b1409,,,0.089,0.597,0.0,,0,0.4,other,0.0122,2952
fada,b3845,,0,0.089,0.285,0.421,,0,0.9,enzyme,0.0121,2953
flgc,b1074,,0,0.039,1.0,0.333,,0,0.4,other,0.0121,2954
mipa,b1782,,,0.052,1.0,0.0,,0,0.4,other,0.0121,2955
paah,b1395,,,0.091,0.307,0.278,,0,0.9,enzyme,0.0121,2956
purf,b2312,,0,0.034,0.38,0.966,1.0,0,0.9,enzyme,0.0121,2957
rlmc,b0859,,,0.084,0.625,0.0,,0,0.4,other,0.0121,2958
uvra,b4058,,1,0.076,0.452,0.525,,0,0.4,other,0.0121,2959
yifk,b3795,,1,0.083,0.628,0.0,,0,0.4,other,0.0121,2960
dtpb,b3496,,,0.057,0.622,0.0,,0,0.9,enzyme,0.012,2961
nfua,b3414,,0,0.061,0.51,0.667,,0,0.4,other,0.012,2962
ybhj,b0771,,0,0.089,0.588,0.0,,0,0.4,other,0.012,2963
ydfg,b1539,,,0.084,0.402,0.048,,0,0.9,enzyme,0.012,2964
chbg,b1733,,0,0.105,0.492,0.0,,0,0.4,other,0.0119,2965
hsdr,b4350,,,0.121,0.427,0.0,,0,0.4,other,0.0119,2966
mlab,b3191,,0,0.052,1.0,0.0,,0,0.4,other,0.0119,2967
ompx,b0814,,,0.052,1.0,0.0,,0,0.4,other,0.0119,2968
oxc,b2373,,0,0.089,0.348,0.143,,0,0.9,enzyme,0.0119,2969
pepp,b2908,,0,0.088,0.44,0.342,,0,0.4,other,0.0119,2970
waaq,b3632,,0,0.021,1.0,0.667,,0,0.9,enzyme,0.0119,2971
yfip,b2583,,0,0.089,0.583,0.0,,0,0.4,other,0.0119,2972
yqab,b2690,,0,0.083,0.422,0.0,,0,0.9,enzyme,0.0119,2973
ascb,b2716,,,0.102,0.502,0.0,,0,0.4,other,0.0118,2974
fepb,b0592,,,0.028,1.0,0.25,,0,0.9,enzyme,0.0118,2975
nike,b3480,,0,0.083,0.418,0.0,,0,0.9,enzyme,0.0118,2976
yjeh,b4141,,0,0.089,0.577,0.0,,0,0.4,other,0.0118,2977
dkga,b3012,,0,0.086,0.402,0.0,,0,0.9,enzyme,0.0117,2978
rbn,b2268,,0,0.1,0.423,0.2,,0,0.4,other,0.0117,2979
tatc,b3839,,0,0.028,1.0,0.783,,0,0.4,other,0.0117,2980
yhhz,b3442,,,0.034,1.0,,,0,0.4,other,0.0117,2981
hyfh,b2488,,0,0.071,0.323,,,0,0.9,enzyme,0.0116,2982
trec,b4239,,0,0.05,0.508,0.36,,0,0.9,enzyme,0.0116,2983
ttca,b1344,,1,0.089,0.54,0.05,,0,0.4,other,0.0116,2984
ycia,b1253,,0,0.087,0.468,0.242,,0,0.4,other,0.0116,2985
yegd,b2069,,0,0.089,0.568,0.0,,0,0.4,other,0.0116,2986
ygew,b2870,,,0.089,0.57,0.0,,0,0.4,other,0.0116,2987
hisc,b2021,,0,0.021,0.608,0.95,1.0,0,0.9,enzyme,0.0115,2988
nuol,b2278,,,0.051,0.395,0.7,,0,0.9,enzyme,0.0115,2989
pita,b3493,,,0.052,0.507,0.273,,0,0.9,enzyme,0.0115,2990
ybjs,b0868,,0,0.083,0.6,0.0,,0,0.4,other,0.0115,2991
yjce,b4065,,0,0.085,0.585,0.0,,0,0.4,other,0.0115,2992
sdaa,b1814,,,0.023,1.0,0.435,,0,0.9,enzyme,0.0114,2993
abga,b1338,,0,0.084,0.582,0.0,,0,0.4,other,0.0113,2994
nuoh,b2282,,,0.078,0.305,0.4,,0,0.9,enzyme,0.0113,2995
paay,b1400,,,0.089,0.498,0.111,,0,0.4,other,0.0113,2996
yfbk,b2270,,0,0.089,0.555,0.0,,0,0.4,other,0.0113,2997
dcus,b4125,,,0.049,1.0,0.0,,0,0.4,other,0.0112,2998
flis,b1925,,0,0.035,1.0,0.375,,0,0.4,other,0.0112,2999
polb,b0060,,0,0.083,0.558,0.043,,0,0.4,other,0.0112,3000
ptsn,b3204,,0,0.027,1.0,0.833,,0,0.4,other,0.0112,3001
purm,b2499,,0,0.058,0.205,1.0,1.0,0,0.9,enzyme,0.0112,3002
rfbx,b2037,,0,0.033,1.0,0.0,,0,0.9,enzyme,0.0112,3003
rsma,b0051,,0,0.064,0.502,0.514,,0,0.4,other,0.0112,3004
sodb,b1656,,0,0.083,0.283,0.4,,0,0.9,enzyme,0.0112,3005
trub,b3166,,0,0.085,0.462,0.233,,0,0.4,other,0.0112,3006
yfbs,b2292,,,0.095,0.515,0.0,,0,0.4,other,0.0112,3007
ygjr,b3087,,,0.085,0.573,0.0,,0,0.4,other,0.0112,3008
yieh,b3715,,0,0.089,0.55,0.0,,0,0.4,other,0.0112,3009
glce,b4468,,0,0.04,0.583,0.391,,0,0.9,enzyme,0.0111,3010
hisb,b2022,,0,0.021,0.582,0.95,1.0,0,0.9,enzyme,0.0111,3011
ssna,b2879,,0,0.086,0.558,0.0,,0,0.4,other,0.0111,3012
trmh,b3651,,0,0.083,0.578,0.0,,0,0.4,other,0.0111,3013
umuc,b1184,,,0.076,0.553,0.143,,0,0.4,other,0.0111,3014
wzb,b2061,,0,0.083,0.49,0.182,,0,0.4,other,0.0111,3015
ygfk,b2878,,,0.089,0.542,0.0,,0,0.4,other,0.0111,3016
yjhh,b4298,,,0.089,0.542,0.0,,0,0.4,other,0.0111,3017
betb,b0312,,,0.184,0.133,0.318,,0,0.9,enzyme,0.0109,3018
dsbc,b2893,,0,0.025,1.0,0.294,,0,0.9,enzyme,0.0109,3019
fepa,b0584,,,0.032,1.0,0.0,,0,0.9,enzyme,0.0109,3020
mdtl,b3710,,0,0.089,0.535,0.0,,0,0.4,other,0.0109,3021
yafe,b0210,,0,0.083,0.427,0.333,,0,0.4,other,0.0109,3022
arom,b0390,,0,0.047,1.0,0.0,,0,0.4,other,0.0108,3023
dhak,b1200,,0,0.089,0.327,0.1,,0,0.9,enzyme,0.0108,3024
rsmb,b3289,,0,0.087,0.41,0.316,,0,0.4,other,0.0108,3025
sbcc,b0397,,,0.089,0.527,0.0,,0,0.4,other,0.0108,3026
ygcs,b2771,,0,0.083,0.56,0.0,,0,0.4,other,0.0108,3027
dsda,b2366,,0,0.023,1.0,0.375,,0,0.9,enzyme,0.0107,3028
mlta,b2813,,0,0.032,1.0,0.0,,0,0.9,enzyme,0.0107,3029
ompa,b0957,,0,0.021,1.0,0.5,,0,0.9,enzyme,0.0107,3030
purd,b4005,,0,0.08,0.145,0.964,1.0,0,0.9,enzyme,0.0107,3031
rnr,b4179,,0,0.059,0.517,0.526,,0,0.4,other,0.0107,3032
rpsg,b3341,,0,0.041,0.445,1.0,,0,0.7,translation/replication,0.0107,3033
rsxb,b1628,,0,0.083,0.355,0.571,,0,0.4,other,0.0107,3034
tolb,b0740,,0,0.025,1.0,0.875,,0,0.4,other,0.0107,3035
trho,b1055,,1,0.089,0.525,0.0,,0,0.4,other,0.0107,3036
yaau,b0045,,0,0.086,0.543,0.0,,0,0.4,other,0.0107,3037
yfif,b2581,,0,0.089,0.523,0.0,,0,0.4,other,0.0107,3038
ynje,b1757,,0,0.083,0.558,0.0,,0,0.4,other,0.0107,3039
ecna,b4410,,1,0.046,1.0,0.0,,0,0.4,other,0.0106,3040
gcvt,b2905,,0,0.049,0.47,0.375,,0,0.9,enzyme,0.0106,3041
gltd,b3213,,0,0.031,0.527,0.912,,0,0.9,enzyme,0.0106,3042
kpta,b4331,,0,0.089,0.518,0.0,,0,0.4,other,0.0106,3043
rimi,b4373,,0,0.083,0.387,0.433,,0,0.4,other,0.0106,3044
rspb,b1580,,,0.087,0.527,0.0,,0,0.4,other,0.0106,3045
this,b4407,,0,0.022,1.0,0.0,1.0,0,0.9,enzyme,0.0106,3046
yhcn,b3238,,0,0.046,1.0,0.0,,0,0.4,other,0.0106,3047
ypjc,b2650,,0,0.031,1.0,,,0,0.4,other,0.0106,3048
aega,b2468,,0,0.089,0.513,0.0,,0,0.4,other,0.0105,3049
ampc,b4150,,,0.083,0.517,0.062,,0,0.4,other,0.0105,3050
arne,b4544,,0,0.021,1.0,0.5,,0,0.9,enzyme,0.0105,3051
cysq,b4214,,0,0.024,0.528,0.733,1.0,0,0.9,enzyme,0.0105,3052
fes,b0585,,,0.025,1.0,0.25,,0,0.9,enzyme,0.0105,3053
glgp,b3428,,0,0.172,0.167,0.077,,0,0.9,enzyme,0.0105,3054
glsb,b1524,,,0.064,0.368,0.321,,0,0.9,enzyme,0.0105,3055
ibpa,b3687,,0,0.083,0.527,0.04,,0,0.4,other,0.0105,3056
lsra,b1513,,,0.089,0.513,0.0,,0,0.4,other,0.0105,3057
metf,b3941,,0,0.028,0.445,0.826,1.0,0,0.9,enzyme,0.0105,3058
ryhb,b4451,,,0.03,1.0,,,0,0.4,other,0.0105,3059
waab,b3628,,0,0.021,1.0,,,0,0.9,enzyme,0.0105,3060
waao,b3627,,0,0.021,1.0,,,0,0.9,enzyme,0.0105,3061
waap,b3630,,0,0.021,1.0,,,0,0.9,enzyme,0.0105,3062
ybby,b0513,,0,0.089,0.515,0.0,,0,0.4,other,0.0105,3063
ybgi,b0710,,0,0.089,0.5,0.033,,0,0.4,other,0.0105,3064
yegu,b2099,,0,0.083,0.548,0.0,,0,0.4,other,0.0105,3065
ygbj,b2736,,0,0.089,0.513,0.0,,0,0.4,other,0.0105,3066
ynia,b1725,,0,0.088,0.518,0.0,,0,0.4,other,0.0105,3067
znta,b3469,,0,0.038,0.497,0.64,,0,0.9,enzyme,0.0105,3068
trkh,b3849,,,0.023,1.0,0.333,,0,0.9,enzyme,0.0104,3069
ugd,b2028,,,0.033,0.56,0.667,,0,0.9,enzyme,0.0104,3070
yici,b3656,,0,0.089,0.512,0.0,,0,0.4,other,0.0104,3071
ais,b2252,,,0.03,1.0,,,0,0.4,other,0.0103,3072
bame,b2617,,0,0.03,1.0,0.5,,0,0.4,other,0.0103,3073
damx,b3388,,0,0.045,1.0,0.0,,0,0.4,other,0.0103,3074
patd,b1444,,0,0.083,0.365,0.0,,0,0.9,enzyme,0.0103,3075
rcsd,b2216,,0,0.036,1.0,0.25,,0,0.4,other,0.0103,3076
tcyp,b1729,,,0.083,0.493,0.083,,0,0.4,other,0.0103,3077
fadj,b2341,,0,0.089,0.31,0.1,,0,0.9,enzyme,0.0102,3078
flha,b1879,,0,0.033,1.0,0.362,,0,0.4,other,0.0102,3079
fuco,b2799,,0,0.057,0.525,0.0,,0,0.9,enzyme,0.0102,3080
rlua,b0058,,0,0.089,0.455,0.1,,0,0.4,other,0.0102,3081
ugpq,b3449,,,0.093,0.307,0.053,,0,0.9,enzyme,0.0102,3082
uida,b1617,,1,0.118,0.25,,,0,0.4,other,0.0102,3083
yfcf,b2301,,0,0.083,0.48,0.111,,0,0.4,other,0.0102,3084
bamc,b2477,,0,0.029,1.0,0.5,,0,0.4,other,0.0101,3085
cysu,b2424,,0,0.023,1.0,0.275,,0,0.9,enzyme,0.0101,3086
flih,b1940,,0,0.029,1.0,0.5,,0,0.4,other,0.0101,3087
pgl,b0767,,0,0.022,1.0,0.333,,0,0.9,enzyme,0.0101,3088
ppk,b2501,,0,0.021,1.0,0.44,,0,0.9,enzyme,0.0101,3089
tig,b0436,,0,0.027,1.0,0.615,,0,0.4,other,0.0101,3090
uxaa,b3091,,,0.026,1.0,0.167,,0,0.9,enzyme,0.0101,3091
wece,b3791,,,0.022,1.0,0.333,,0,0.9,enzyme,0.0101,3092
ybjj,b0845,,0,0.044,1.0,0.0,,0,0.4,other,0.0101,3093
ygcw,b2774,,0,0.087,0.505,0.0,,0,0.4,other,0.0101,3094
ding,b0799,,,0.084,0.518,0.0,,0,0.4,other,0.01,3095
dps,b0812,,,0.035,1.0,0.25,,0,0.4,other,0.01,3096
glsa,b0485,,0,0.083,0.353,0.0,,0,0.9,enzyme,0.01,3097
nuoa,b2288,,,0.035,0.42,1.0,,0,0.9,enzyme,0.01,3098
rfe,b3784,,0,0.025,1.0,0.167,,0,0.9,enzyme,0.01,3099
xylb,b3564,,1,0.034,0.627,0.375,,0,0.9,enzyme,0.01,3100
yaga,b0267,,,0.089,0.49,0.0,,0,0.4,other,0.01,3101
ycbz,b0955,,0,0.083,0.415,0.25,,0,0.4,other,0.01,3102
yjco,b4078,,,0.084,0.51,0.0,,0,0.4,other,0.0099,3103
znuc,b1858,,,0.045,0.518,0.263,,0,0.9,enzyme,0.0099,3104
alse,b4085,,,0.083,0.347,0.0,,0,0.9,enzyme,0.0098,3105
fepd,b0590,,,0.026,1.0,0.125,,0,0.9,enzyme,0.0098,3106
rffm,b3794,,0,0.021,1.0,0.4,,0,0.9,enzyme,0.0098,3107
rssa,b1234,,0,0.089,0.463,0.037,,0,0.4,other,0.0098,3108
trxa,b3781,,0,0.043,0.367,0.833,,0,0.9,enzyme,0.0098,3109
wcae,b2055,,0,0.028,1.0,,,0,0.4,other,0.0098,3110
yihx,b3885,,,0.089,0.482,0.0,,0,0.4,other,0.0098,3111
chac,b1218,,,0.089,0.45,0.056,,0,0.4,other,0.0097,3112
ydgk,b1626,,0,0.042,1.0,0.0,,0,0.4,other,0.0097,3113
dam,b3387,,0,0.021,1.0,1.0,,0,0.4,other,0.0096,3114
dbpa,b1343,,0,0.098,0.363,0.162,,0,0.4,other,0.0096,3115
fixa,b0041,,0,0.089,0.47,0.0,,0,0.4,other,0.0096,3116
gcl,b0507,,0,0.037,0.617,0.238,,0,0.9,enzyme,0.0096,3117
hupa,b4000,,0,0.021,1.0,1.0,,0,0.4,other,0.0096,3118
igaa,b3398,,0,0.021,1.0,1.0,,0,0.4,other,0.0096,3119
pal,b0741,,0,0.021,1.0,1.0,,0,0.4,other,0.0096,3120
reca,b2699,,0,0.042,0.548,0.804,,0,0.4,other,0.0096,3121
rfad,b3619,,0,0.027,0.575,0.818,,0,0.9,enzyme,0.0096,3122
uhpc,b3667,,0,0.083,0.5,0.0,,0,0.4,other,0.0096,3123
hxpa,b2293,,0,0.083,0.497,0.0,,0,0.4,other,0.0095,3124
ihfa,b1712,,0,0.025,1.0,0.636,,0,0.4,other,0.0095,3125
tufb,b3980,,1,0.34,0.063,,,0,0.7,translation/replication,0.0095,3126
yafp,b0234,,,0.088,0.465,0.0,,0,0.4,other,0.0095,3127
ybdo,b0603,,,0.041,1.0,0.0,,0,0.4,other,0.0095,3128
ydio,b1695,,0,0.084,0.492,0.0,,0,0.4,other,0.0095,3129
fepg,b0589,,,0.024,1.0,0.125,,0,0.9,enzyme,0.0093,3130
lysa,b2838,,0,0.021,0.637,0.5,1.0,0,0.9,enzyme,0.0093,3131
malq,b3416,,0,0.021,1.0,0.333,,0,0.9,enzyme,0.0093,3132
opgg,b1048,,0,0.03,1.0,0.36,,0,0.4,other,0.0093,3133
ubit,b3157,,0,0.089,0.41,0.111,,0,0.4,other,0.0093,3134
wecc,b3787,,0,0.035,0.555,0.4,,0,0.9,enzyme,0.0093,3135
fklb,b4207,,0,0.159,0.21,0.192,,0,0.4,other,0.0092,3136
metz,b2814,,,0.027,1.0,,,0,0.4,other,0.0092,3137
sixa,b2340,,0,0.022,1.0,0.857,,0,0.4,other,0.0092,3138
thrc,b0004,,0,0.021,0.488,0.944,1.0,0,0.9,enzyme,0.0092,3139
yhbs,b3156,,0,0.089,0.452,0.0,,0,0.4,other,0.0092,3140
dksa,b0145,,0,0.021,1.0,0.9,,0,0.4,other,0.0091,3141
flgi,b1080,,0,0.03,1.0,0.318,,0,0.4,other,0.0091,3142
garp,b3127,,,0.046,0.588,0.0,,0,0.9,enzyme,0.0091,3143
ppia,b3363,,,0.083,0.437,0.087,,0,0.4,other,0.0091,3144
prfc,b4375,,0,0.038,0.532,0.514,,0,0.7,translation/replication,0.0091,3145
puua,b1297,,,0.032,0.575,0.455,,0,0.9,enzyme,0.0091,3146
degp,b0161,,1,0.089,0.303,0.455,,0,0.4,other,0.009,3147
ybjx,b0877,,0,0.039,1.0,0.0,,0,0.4,other,0.009,3148
kefg,b3351,,0,0.088,0.442,0.0,,0,0.4,other,0.0089,3149
prlc,b3498,,,0.068,0.473,0.205,,0,0.4,other,0.0089,3150
prop,b4111,,1,0.039,0.64,0.062,,0,0.9,enzyme,0.0089,3151
ybir,b0818,,,0.089,0.437,0.0,,0,0.4,other,0.0089,3152
deoc,b4381,,0,0.052,0.363,0.364,,0,0.9,enzyme,0.0088,3153
dtpa,b1634,,0,0.043,0.608,0.0,,0,0.9,enzyme,0.0088,3154
gsta,b1635,,0,0.089,0.417,0.033,,0,0.4,other,0.0088,3155
hyfi,b2489,,0,0.084,0.308,0.0,,0,0.9,enzyme,0.0088,3156
ihfb,b0912,,0,0.021,1.0,0.833,,0,0.4,other,0.0088,3157
meps,b2175,,0,0.026,1.0,0.462,,0,0.4,other,0.0088,3158
mtld,b3600,,0,0.021,1.0,0.25,,0,0.9,enzyme,0.0088,3159
rffc,b3790,,0,0.021,1.0,0.25,,0,0.9,enzyme,0.0088,3160
sucb,b0727,,1,0.788,0.033,0.0,,0,0.9,enzyme,0.0088,3161
tolq,b0737,,0,0.021,1.0,0.846,,0,0.4,other,0.0088,3162
wecf,b4481,,0,0.021,1.0,0.25,,0,0.9,enzyme,0.0088,3163
mug,b3068,,0,0.083,0.452,0.0,,0,0.4,other,0.0087,3164
argh,b3960,,0,0.038,0.245,0.958,1.0,0,0.9,enzyme,0.0086,3165
flgk,b1082,,0,0.025,1.0,,,0,0.4,other,0.0086,3166
nuof,b2284,,,0.064,0.265,0.5,,0,0.9,enzyme,0.0086,3167
soda,b3908,,0,0.083,0.282,0.083,,0,0.9,enzyme,0.0086,3168
bipa,b3871,,0,0.042,0.56,0.562,,0,0.4,other,0.0085,3169
yage,b0268,,,0.084,0.44,0.0,,0,0.4,other,0.0085,3170
nuoe,b2285,,,0.038,0.417,0.571,,0,0.9,enzyme,0.0084,3171
slt,b4392,,0,0.021,1.0,0.2,,0,0.9,enzyme,0.0084,3172
sufa,b1684,,,0.052,0.355,0.333,,0,0.9,enzyme,0.0084,3173
wzxe,b3792,,,0.021,1.0,0.2,,0,0.9,enzyme,0.0084,3174
xdhc,b2868,,,0.086,0.193,0.5,,0,0.9,enzyme,0.0084,3175
yeez,b2016,,,0.033,1.0,0.1,,0,0.4,other,0.0084,3176
ygiz,b3027,,0,0.024,1.0,,,0,0.4,other,0.0084,3177
cspb,b1557,,,0.083,0.288,,,0,0.4,other,0.0083,3178
cyca,b4208,,0,0.037,0.632,0.059,,0,0.9,enzyme,0.0083,3179
purc,b2476,,0,0.021,0.465,0.833,1.0,0,0.9,enzyme,0.0083,3180
ddpb,b1486,,0,0.021,1.0,0.167,,0,0.9,enzyme,0.0082,3181
pepd,b0237,,,0.021,1.0,0.167,,0,0.9,enzyme,0.0082,3182
tyru,b3977,,,0.024,1.0,,,0,0.4,other,0.0082,3183
xapa,b2407,,0,0.083,0.267,0.091,,0,0.9,enzyme,0.0082,3184
ybbo,b0493,,0,0.089,0.343,0.167,,0,0.4,other,0.0082,3185
aspa,b4139,,0,0.05,0.357,0.35,,0,0.9,enzyme,0.0081,3186
ilva,b3772,,0,0.027,0.498,0.806,,0,0.9,enzyme,0.0081,3187
rbsk,b3752,,0,0.046,0.403,0.303,,0,0.9,enzyme,0.0081,3188
yajc,b0407,,0,0.021,1.0,0.688,,0,0.4,other,0.0081,3189
ampg,b0433,,0,0.03,0.56,0.4,,0,0.9,enzyme,0.008,3190
astc,b1748,,0,0.039,0.42,0.462,,0,0.9,enzyme,0.008,3191
flga,b1072,,0,0.021,1.0,0.667,,0,0.4,other,0.008,3192
gloa,b1651,,0,0.039,0.44,0.37,,0,0.9,enzyme,0.008,3193
uspe,b1333,,0,0.035,1.0,0.0,,0,0.4,other,0.008,3194
gcvb,b4443,,,0.023,1.0,,,0,0.4,other,0.0079,3195
rep,b3778,,0,0.026,1.0,0.333,,0,0.4,other,0.0079,3196
yhac,b3121,,,0.023,1.0,,,0,0.4,other,0.0079,3197
yjgm,b4256,,0,0.083,0.412,0.0,,0,0.4,other,0.0079,3198
arge,b3957,,1,0.024,0.582,0.167,1.0,0,0.9,enzyme,0.0078,3199
ycfl,b1104,,0,0.027,1.0,0.25,,0,0.4,other,0.0078,3200
chey,b1882,,0,0.024,1.0,0.4,,0,0.4,other,0.0077,3201
ilvb,b3671,,0,0.024,0.563,0.667,,0,0.9,enzyme,0.0077,3202
recr,b0472,,0,0.021,1.0,0.618,,0,0.4,other,0.0077,3203
rsmf,b1835,,1,0.087,0.385,0.0,,0,0.4,other,0.0077,3204
ycem,b1068,,0,0.089,0.375,0.0,,0,0.4,other,0.0077,3205
yhdn,b3293,,0,0.083,0.4,0.0,,0,0.4,other,0.0077,3206
avta,b3572,,0,0.041,0.547,0.0,,0,0.9,enzyme,0.0076,3207
naga,b0677,,0,0.035,0.405,0.588,,0,0.9,enzyme,0.0076,3208
pgm,b0688,,0,0.033,0.583,0.154,,0,0.9,enzyme,0.0076,3209
rapa,b0059,,0,0.055,0.55,0.087,,0,0.4,other,0.0076,3210
thif,b3992,,0,0.04,0.293,0.375,1.0,0,0.9,enzyme,0.0076,3211
ydfd,b1576,,,0.022,1.0,,,0,0.4,other,0.0076,3212
hycg,b2719,,0,0.084,0.265,0.0,,0,0.9,enzyme,0.0075,3213
opgh,b1049,,0,0.021,1.0,0.571,,0,0.4,other,0.0075,3214
pphb,b2734,,0,0.083,0.39,0.0,,0,0.4,other,0.0075,3215
tff,b4414,,,0.022,1.0,,,0,0.4,other,0.0075,3216
ygbi,b2735,,0,0.021,1.0,0.571,,0,0.4,other,0.0075,3217
kate,b1732,,0,0.089,0.247,0.0,,0,0.9,enzyme,0.0074,3218
pota,b1126,,0,0.044,0.457,0.091,,0,0.9,enzyme,0.0074,3219
pyrl,b4246,,,0.021,1.0,,,0,0.4,other,0.0073,3220
thrt,b3979,,,0.021,1.0,,,0,0.4,other,0.0073,3221
yihd,b3858,,0,0.032,1.0,0.0,,0,0.4,other,0.0073,3222
arrs,b4704,,,0.021,1.0,,,0,0.4,other,0.0072,3223
fkpa,b3347,,0,0.089,0.222,0.6,,0,0.4,other,0.0072,3224
flgj,b1081,,0,0.022,1.0,0.417,,0,0.4,other,0.0072,3225
flgl,b1083,,0,0.021,1.0,0.5,,0,0.4,other,0.0072,3226
flir,b1950,,0,0.023,1.0,0.355,,0,0.4,other,0.0072,3227
maop,b3764,,0,0.021,1.0,0.5,,0,0.4,other,0.0072,3228
mgtl,b4702,,0,0.021,1.0,,,0,0.4,other,0.0072,3229
prol,b2189,,,0.021,1.0,,,0,0.4,other,0.0072,3230
reco,b2565,,0,0.021,1.0,0.517,,0,0.4,other,0.0072,3231
sdhc,b0721,,0,0.022,0.567,0.75,,0,0.9,enzyme,0.0072,3232
ydfb,b1572,,,0.021,1.0,,,0,0.4,other,0.0072,3233
yejm,b2188,,0,0.021,1.0,0.5,,0,0.4,other,0.0072,3234
yfjw,b2642,,,0.021,1.0,,,0,0.4,other,0.0072,3235
yjjy,b4402,,0,0.021,1.0,,,0,0.4,other,0.0072,3236
arok,b3390,,0,0.021,0.508,1.0,,0,0.9,enzyme,0.0071,3237
cysa,b2422,,,0.039,0.48,0.12,,0,0.9,enzyme,0.0071,3238
flge,b1076,,0,0.026,1.0,0.2,,0,0.4,other,0.0071,3239
sera,b2913,,0,0.027,0.417,0.857,,0,0.9,enzyme,0.0071,3240
amia,b2435,,0,0.021,1.0,0.0,,0,0.9,enzyme,0.007,3241
lpxt,b2174,,0,0.021,1.0,0.0,,0,0.9,enzyme,0.007,3242
ogt,b1335,,0,0.185,0.157,0.053,,0,0.4,other,0.007,3243
pykf,b1676,,1,0.083,0.202,0.222,,0,0.9,enzyme,0.007,3244
ppic,b3775,,1,0.088,0.283,0.2,,0,0.4,other,0.0069,3245
rida,b4243,,0,0.083,0.245,0.474,,0,0.4,other,0.0069,3246
flgf,b1077,,0,0.021,1.0,0.429,,0,0.4,other,0.0068,3247
flig,b1939,,0,0.021,1.0,0.432,,0,0.4,other,0.0068,3248
frda,b4154,,0,0.055,0.362,0.0,,0,0.9,enzyme,0.0068,3249
gcvr,b2479,,0,0.021,1.0,0.429,,0,0.4,other,0.0068,3250
flgb,b1073,,0,0.021,1.0,0.394,,0,0.4,other,0.0067,3251
flhb,b1880,,0,0.022,1.0,0.31,,0,0.4,other,0.0067,3252
flim,b1945,,0,0.021,1.0,0.395,,0,0.4,other,0.0067,3253
rpsr,b4202,,0,0.039,0.445,0.333,,0,0.7,translation/replication,0.0067,3254
ygbm,b2739,,0,0.089,0.307,0.077,,0,0.4,other,0.0067,3255
chea,b1888,,0,0.025,1.0,0.154,,0,0.4,other,0.0066,3256
ddla,b0381,,0,0.037,0.535,0.0,,0,0.9,enzyme,0.0066,3257
fliq,b1949,,0,0.021,1.0,0.387,,0,0.4,other,0.0066,3258
nuoi,b2281,,,0.037,0.33,0.6,,0,0.9,enzyme,0.0066,3259
phoq,b1129,,0,0.023,1.0,0.25,,0,0.4,other,0.0066,3260
pnta,b1603,,0,0.083,0.157,0.5,,0,0.9,enzyme,0.0066,3261
rfah,b3842,,0,0.022,1.0,0.308,,0,0.4,other,0.0066,3262
cdd,b2143,,0,0.029,0.473,0.375,,0,0.9,enzyme,0.0065,3263
chez,b1881,,0,0.021,1.0,0.364,,0,0.4,other,0.0065,3264
flgg,b1078,,0,0.021,1.0,0.356,,0,0.4,other,0.0065,3265
flii,b1941,,0,0.041,0.52,0.318,,0,0.4,other,0.0065,3266
lepa,b2569,,0,0.083,0.207,0.64,,0,0.4,other,0.0065,3267
carb,b0033,,0,0.032,0.318,0.857,,0,0.9,enzyme,0.0064,3268
cspe,b0623,,1,0.075,0.262,0.4,,0,0.4,other,0.0064,3269
grxa,b0849,,0,0.033,0.437,0.286,,0,0.9,enzyme,0.0064,3270
nuoc,b2286,,,0.034,0.322,0.7,,0,0.9,enzyme,0.0064,3271
pnp,b3164,,0,0.051,0.335,0.632,,0,0.4,other,0.0064,3272
srld,b2705,,0,0.021,0.453,1.0,,0,0.9,enzyme,0.0064,3273
stha,b3962,,0,0.022,0.525,0.667,,0,0.9,enzyme,0.0064,3274
ahpc,b0605,,,0.064,0.325,0.326,,0,0.4,other,0.0063,3275
apah,b0049,,0,0.021,0.56,0.6,,0,0.9,enzyme,0.0063,3276
flif,b1938,,0,0.021,1.0,0.32,,0,0.4,other,0.0063,3277
flip,b1948,,,0.021,1.0,0.316,,0,0.4,other,0.0063,3278
malp,b3417,,0,0.061,0.262,0.167,,0,0.9,enzyme,0.0063,3279
ndk,b2518,,0,0.052,0.222,0.6,,0,0.9,enzyme,0.0063,3280
puup,b1296,,0,0.027,0.62,0.111,,0,0.9,enzyme,0.0063,3281
flgh,b1079,,0,0.021,1.0,0.29,,0,0.4,other,0.0062,3282
pola,b3863,,0,0.033,0.48,0.714,,0,0.4,other,0.0062,3283
acs,b4069,,0,0.089,0.14,0.464,,0,0.9,enzyme,0.0061,3284
chew,b1887,,0,0.021,1.0,0.268,,0,0.4,other,0.0061,3285
hxpb,b1727,,,0.039,0.573,0.2,,0,0.4,other,0.0061,3286
nlpi,b3163,,0,0.029,0.515,0.75,,0,0.4,other,0.0061,3287
rhle,b0797,,,0.089,0.297,0.0,,0,0.4,other,0.0061,3288
yiep,b3755,,0,0.027,1.0,0.0,,0,0.4,other,0.0061,3289
cara,b0032,,0,0.027,0.343,0.9,,0,0.9,enzyme,0.006,3290
frdb,b4153,,,0.037,0.487,0.0,,0,0.9,enzyme,0.006,3291
ybfe,b0685,,0,0.021,1.0,0.25,,0,0.4,other,0.006,3292
cuta,b4137,,0,0.089,0.29,0.0,,0,0.4,other,0.0059,3293
mena,b3930,,0,0.028,0.502,0.25,,0,0.9,enzyme,0.0059,3294
rsmh,b0082,,0,0.04,0.337,0.875,,0,0.4,other,0.0059,3295
udk,b2066,,0,0.034,0.377,0.333,,0,0.9,enzyme,0.0059,3296
flgd,b1075,,0,0.021,1.0,0.214,,0,0.4,other,0.0058,3297
motb,b1889,,0,0.021,1.0,0.207,,0,0.4,other,0.0058,3298
puub,b1301,,,0.021,0.633,0.296,,0,0.9,enzyme,0.0058,3299
ybex,b0658,,0,0.031,0.487,0.686,,0,0.4,other,0.0058,3300
arcb,b3210,,,0.034,0.548,0.333,,0,0.4,other,0.0057,3301
frmb,b0355,,,0.089,0.19,0.0,,0,0.9,enzyme,0.0057,3302
mrp,b2113,,0,0.071,0.197,0.765,,0,0.4,other,0.0057,3303
serb,b4388,,0,0.021,0.468,0.75,,0,0.9,enzyme,0.0057,3304
srmb,b2576,,,0.038,0.392,0.667,,0,0.4,other,0.0057,3305
cheb,b1883,,,0.021,1.0,0.174,,0,0.4,other,0.0056,3306
cspc,b1823,,0,0.088,0.252,0.111,,0,0.4,other,0.0056,3307
lipb,b0630,,0,0.03,0.325,0.667,,0,0.9,enzyme,0.0056,3308
galp,b2943,,0,0.037,0.432,0.0,,0,0.9,enzyme,0.0054,3309
mota,b1890,,0,0.021,1.0,0.128,,0,0.4,other,0.0054,3310
bepa,b2494,,0,0.026,0.598,0.5,,0,0.4,other,0.0053,3311
ycin,b1273,,,0.023,1.0,0.0,,0,0.4,other,0.0053,3312
fepc,b0588,,,0.027,0.492,0.182,,0,0.9,enzyme,0.0052,3313
fuca,b2800,,0,0.028,0.493,0.111,,0,0.9,enzyme,0.0052,3314
kgtp,b2587,,,0.021,0.625,0.176,,0,0.9,enzyme,0.0052,3315
lon,b0439,,0,0.059,0.233,0.632,,0,0.4,other,0.0052,3316
msrb,b1778,,,0.083,0.167,0.098,,0,0.9,enzyme,0.0052,3317
pfka,b3916,,0,0.029,0.317,0.636,,0,0.9,enzyme,0.0052,3318
rpe,b3386,,0,0.024,0.337,0.875,,0,0.9,enzyme,0.0052,3319
asnb,b0674,,0,0.021,0.39,0.867,,0,0.9,enzyme,0.0051,3320
dead,b3162,,0,0.039,0.363,0.579,,0,0.4,other,0.0051,3321
envc,b3613,,0,0.026,0.488,0.75,,0,0.4,other,0.0051,3322
hint,b1103,,0,0.083,0.22,0.205,,0,0.4,other,0.0051,3323
mnme,b3706,,0,0.033,0.393,0.68,,0,0.4,other,0.0051,3324
speg,b1584,,,0.038,0.397,0.0,,0,0.9,enzyme,0.0051,3325
ydgh,b1604,,0,0.022,1.0,0.0,,0,0.4,other,0.0051,3326
gapc,b4493,,,0.083,0.173,,,0,0.4,other,0.005,3327
pyrb,b4245,,,0.021,0.258,1.0,1.0,0,0.9,enzyme,0.005,3328
serc,b0907,,0,0.026,0.203,1.0,1.0,0,0.9,enzyme,0.005,3329
argk,b2918,,0,0.083,0.21,0.222,,0,0.4,other,0.0049,3330
flic,b1923,,0,0.021,1.0,0.0,,0,0.4,other,0.0048,3331
pinq,b1545,,,0.021,1.0,0.0,,0,0.4,other,0.0048,3332
rne,b1084,,0,0.021,1.0,0.0,,0,0.4,other,0.0048,3333
rssb,b1235,,0,0.021,1.0,0.0,,0,0.4,other,0.0048,3334
ung,b2580,,0,0.485,0.038,0.132,,0,0.4,other,0.0048,3335
yqeh,b2846,,0,0.021,1.0,0.0,,0,0.4,other,0.0048,3336
mgta,b4242,,0,0.021,0.548,0.222,,0,0.9,enzyme,0.0047,3337
purn,b2500,,0,0.027,0.302,0.705,,0,0.9,enzyme,0.0047,3338
metc,b3008,,1,0.021,0.475,0.379,,0,0.9,enzyme,0.0046,3339
pntb,b1602,,0,0.089,0.13,0.178,,0,0.9,enzyme,0.0046,3340
pyka,b1854,,0,0.024,0.38,0.462,,0,0.9,enzyme,0.0046,3341
succ,b0728,,1,0.042,0.228,0.421,,0,0.9,enzyme,0.0046,3342
miaa,b4171,,0,0.021,0.517,0.833,,0,0.4,other,0.0045,3343
speb,b2937,,0,0.039,0.315,0.059,,0,0.9,enzyme,0.0045,3344
tufa,b3339,,1,0.16,0.063,,,0,0.7,translation/replication,0.0045,3345
bamb,b2512,,0,0.021,0.62,0.5,,0,0.4,other,0.0044,3346
btue,b1710,,0,0.037,0.342,0.043,,0,0.9,enzyme,0.0044,3347
fruk,b2168,,0,0.021,0.407,0.5,,0,0.9,enzyme,0.0043,3348
yeig,b2154,,0,0.089,0.122,0.189,,0,0.9,enzyme,0.0043,3349
fabf,b1095,,0,0.032,0.238,0.643,,0,0.9,enzyme,0.0042,3350
galk,b0757,,0,0.033,0.252,0.5,,0,0.9,enzyme,0.0042,3351
nudc,b3996,,,0.023,0.442,0.222,,0,0.9,enzyme,0.0042,3352
plsb,b4041,,0,0.023,0.537,0.0,,0,0.9,enzyme,0.0042,3353
ucpa,b2426,,0,0.04,0.348,0.31,,0,0.4,other,0.0042,3354
dcm,b1961,,0,0.021,0.565,0.5,,0,0.4,other,0.004,3355
mdfa,b0842,,0,0.021,0.425,0.333,,0,0.9,enzyme,0.004,3356
puuc,b1300,,,0.031,0.28,0.375,,0,0.9,enzyme,0.004,3357
fucu,b2804,,0,0.083,0.202,0.0,,0,0.4,other,0.0039,3358
obge,b3183,,0,0.031,0.36,0.5,,0,0.4,other,0.0039,3359
rpmg,b3636,,0,0.036,0.26,0.4,,0,0.7,translation/replication,0.0038,3360
mana,b1613,,0,0.025,0.43,0.0,,0,0.9,enzyme,0.0037,3361
rnc,b2567,,0,0.021,0.507,0.545,,0,0.4,other,0.0037,3362
sura,b0053,,0,0.021,0.433,0.8,,0,0.4,other,0.0037,3363
hyi,b0508,,0,0.029,0.303,0.231,,0,0.9,enzyme,0.0036,3364
maea,b1479,,1,0.028,0.287,0.308,,0,0.9,enzyme,0.0036,3365
pyrd,b0945,,0,0.021,0.275,0.889,,0,0.9,enzyme,0.0036,3366
atob,b2224,,0,0.083,0.098,0.25,,0,0.9,enzyme,0.0035,3367
gnd,b2029,,,0.083,0.097,0.286,,0,0.9,enzyme,0.0035,3368
mnmg,b3741,,0,0.041,0.238,0.571,,0,0.4,other,0.0035,3369
prmb,b2330,,0,0.024,0.517,0.225,,0,0.4,other,0.0035,3370
gcvh,b2904,,,0.028,0.25,0.412,,0,0.9,enzyme,0.0034,3371
rcsc,b2218,,,0.021,0.563,0.25,,0,0.4,other,0.0034,3372
uup,b0949,,0,0.029,0.485,0.04,,0,0.4,other,0.0034,3373
dnaj,b0015,,,0.021,0.403,0.708,,0,0.4,other,0.0033,3374
btud,b1709,,0,0.021,0.462,0.0,,0,0.9,enzyme,0.0032,3375
cysk,b2414,,0,0.021,0.318,0.455,,0,0.9,enzyme,0.0032,3376
tgt,b0406,,0,0.033,0.277,0.52,,0,0.4,other,0.0032,3377
gpma,b0755,,0,0.083,0.063,0.667,,0,0.9,enzyme,0.003,3378
rnb,b1286,,0,0.022,0.57,0.0,,0,0.4,other,0.003,3379
nudb,b1865,,0,0.021,0.353,0.167,,0,0.9,enzyme,0.0029,3380
kbl,b3617,,0,0.077,0.08,0.361,,0,0.9,enzyme,0.0028,3381
rara,b0892,,0,0.03,0.315,0.281,,0,0.4,other,0.0028,3382
ansa,b1767,,,0.022,0.247,0.458,,0,0.9,enzyme,0.0027,3383
gale,b0759,,0,0.043,0.125,0.425,,0,0.9,enzyme,0.0026,3384
arfb,b0191,,,0.021,0.453,0.133,,0,0.4,other,0.0025,3385
gcvp,b2903,,0,0.047,0.11,0.391,,0,0.9,enzyme,0.0024,3386
ygjh,b3074,,0,0.083,0.123,0.0,,0,0.4,other,0.0024,3387
cysc,b2750,,0,0.023,0.147,0.471,1.0,0,0.9,enzyme,0.0023,3388
nuob,b2287,,,0.039,0.098,0.714,,0,0.9,enzyme,0.0022,3389
sdha,b0723,,0,0.05,0.075,0.5,,0,0.9,enzyme,0.0019,3390
sdhb,b0724,,0,0.049,0.073,0.4,,0,0.9,enzyme,0.0017,3391
gor,b3500,,,0.039,0.087,0.333,,0,0.9,enzyme,0.0015,3392
clpx,b0438,,0,0.021,0.125,0.9,,0,0.4,other,0.0011,3393
scpa,b2917,,0,0.175,0.012,0.353,,0,0.9,enzyme,0.001,3394
galt,b0758,,0,0.022,0.057,0.857,,0,0.9,enzyme,0.0008,3395
clpp,b0437,,0,0.021,0.063,1.0,,0,0.4,other,0.0006,3396
mdh,b3236,,0,0.025,0.025,0.75,,0,0.9,enzyme,0.0004,3397
tala,b2464,,0,0.083,0.012,0.0,,0,0.9,enzyme,0.0003,3398
ykgo,b4506,,,0.089,0.012,0.0,,0,0.4,other,0.0002,3399
atpd,b3732,,,0.9,0.0,0.0,,0,0.9,enzyme,0.0,3400
dnak,b0014,,,0.023,0.0,0.8,,0,0.4,other,0.0,3401
frma,b0356,,,0.546,0.0,0.109,,0,0.9,enzyme,0.0,3402
fumc,b1611,,0,0.66,0.0,0.071,,0,0.9,enzyme,0.0,3403
gapa,b1779,,,0.595,0.0,0.667,0.25,1,0.9,enzyme,0.0,3404
guac,b0104,,0,0.083,0.0,0.0,,0,0.9,enzyme,0.0,3405
iscs,b2530,,,0.911,0.0,0.625,1.0,0,0.9,enzyme,0.0,3406
iscu,b2529,,,0.651,0.0,1.0,,0,0.9,enzyme,0.0,3407
msra,b4219,,0,0.083,0.0,0.087,,0,0.9,enzyme,0.0,3408
nagb,b0678,,0,0.021,0.005,0.333,,0,0.9,enzyme,0.0,3409
pgi,b4025,,0,0.083,0.0,0.889,,0,0.9,enzyme,0.0,3410
sucd,b0729,,,0.067,0.0,0.5,,0,0.9,enzyme,0.0,3411
