og_id,organism,locus_tag
OG00000,beril_RalstoniaGMI1000,RS_RS11785
OG00001,beril_RalstoniaGMI1000,RS_RS12300
OG00002,beril_RalstoniaGMI1000,RS_RS05285
OG00003,beril_RalstoniaBSBF1503,RALBFv3_RS04270
OG00004,beril_RalstoniaBSBF1503,RALBFv3_RS09755
OG00005,beril_RalstoniaBSBF1503,RALBFv3_RS20590
OG00006,beril_Magneto,AMB_RS12685
OG00007,beril_Dda3937,DDA3937_RS13565
OG00008,beril_RalstoniaGMI1000,RS_RS18125
OG00009,beril_HerbieS,HSERO_RS23035
OG00010,beril_HerbieS,HSERO_RS07205
OG00011,beril_HerbieS,HSERO_RS12860
OG00012,beril_RalstoniaBSBF1503,RALBFv3_RS10990
OG00013,beril_Dda3937,DDA3937_RS10590
OG00014,beril_RalstoniaGMI1000,RS_RS16450
OG00015,beril_HerbieS,HSERO_RS18730
OG00016,beril_RalstoniaBSBF1503,RALBFv3_RS09010
OG00017,beril_Magneto,AMB_RS13005
OG00018,beril_Dda3937,DDA3937_RS20295
OG00019,beril_RalstoniaPSI07,RPSI07_RS01020
OG00020,beril_Magneto,AMB_RS02760
OG00021,beril_Dda3937,DDA3937_RS02410
OG00022,beril_Dda3937,DDA3937_RS16720
OG00023,beril_HerbieS,HSERO_RS19305
OG00024,beril_Magneto,AMB_RS00900
OG00025,beril_RalstoniaBSBF1503,RALBFv3_RS03120
OG00026,beril_HerbieS,HSERO_RS16720
OG00027,beril_Magneto,AMB_RS16230
OG00028,beril_RalstoniaGMI1000,RS_RS05165
OG00029,beril_RalstoniaBSBF1503,RALBFv3_RS13740
OG00030,beril_Dda3937,DDA3937_RS02920
OG00031,beril_Magneto,AMB_RS17225
OG00032,beril_Dda3937,DDA3937_RS02815
OG00033,beril_HerbieS,HSERO_RS04560
OG00034,beril_Magneto,AMB_RS01565
OG00035,beril_RalstoniaBSBF1503,RALBFv3_RS18925
OG00036,beril_RalstoniaGMI1000,RS_RS17800
OG00037,beril_Dda3937,DDA3937_RS16685
OG00038,beril_Dda3937,DDA3937_RS11005
OG00039,beril_HerbieS,HSERO_RS04280
OG00040,beril_Magneto,AMB_RS12715
OG00041,beril_RalstoniaGMI1000,RS_RS11025
OG00042,beril_Magneto,AMB_RS07025
OG00043,beril_Magneto,AMB_RS23675
OG00044,beril_HerbieS,HSERO_RS15850
OG00045,beril_RalstoniaGMI1000,RS_RS20230
OG00046,beril_HerbieS,HSERO_RS15715
OG00047,beril_RalstoniaPSI07,RPSI07_RS03885
OG00048,beril_RalstoniaPSI07,RPSI07_RS15885
OG00049,beril_RalstoniaPSI07,RPSI07_RS14475
OG00050,beril_HerbieS,HSERO_RS14225
OG00051,beril_HerbieS,HSERO_RS08215
OG00052,beril_Dda3937,DDA3937_RS20960
OG00053,beril_Dda3937,DDA3937_RS07505
OG00054,beril_Dda3937,DDA3937_RS05880
OG00055,beril_RalstoniaGMI1000,RS_RS09815
OG00056,beril_RalstoniaPSI07,RPSI07_RS11340
OG00057,beril_RalstoniaBSBF1503,RALBFv3_RS11050
OG00058,beril_RalstoniaPSI07,RPSI07_RS23020
OG00059,beril_HerbieS,HSERO_RS06370
OG00060,beril_Dda3937,DDA3937_RS16640
OG00061,beril_RalstoniaGMI1000,RS_RS00075
OG00062,beril_HerbieS,HSERO_RS16255
OG00063,beril_HerbieS,HSERO_RS06450
OG00064,beril_HerbieS,HSERO_RS12580
OG00065,beril_HerbieS,HSERO_RS15275
OG00066,beril_HerbieS,HSERO_RS21335
OG00067,beril_Magneto,AMB_RS01120
OG00068,beril_HerbieS,HSERO_RS10940
OG00069,beril_HerbieS,HSERO_RS03580
OG00070,beril_Dda3937,DDA3937_RS18595
OG00071,beril_HerbieS,HSERO_RS16590
OG00072,beril_RalstoniaGMI1000,RS_RS14720
OG00073,beril_HerbieS,HSERO_RS07695
OG00074,beril_HerbieS,HSERO_RS19255
OG00075,beril_RalstoniaGMI1000,RS_RS03510
OG00076,beril_RalstoniaPSI07,RPSI07_RS03980
OG00077,beril_RalstoniaGMI1000,RS_RS09190
OG00078,beril_RalstoniaGMI1000,RS_RS04950
OG00079,beril_RalstoniaPSI07,RPSI07_RS10760
OG00080,beril_Dda3937,DDA3937_RS15990
OG00081,beril_HerbieS,HSERO_RS20020
OG00082,beril_RalstoniaPSI07,RPSI07_RS13870
OG00083,beril_HerbieS,HSERO_RS16890
OG00084,beril_RalstoniaPSI07,RPSI07_RS19465
OG00085,beril_RalstoniaBSBF1503,RALBFv3_RS05915
OG00086,beril_HerbieS,HSERO_RS06615
OG00087,beril_HerbieS,HSERO_RS07605
OG00088,beril_Dda3937,DDA3937_RS07525
OG00089,beril_RalstoniaBSBF1503,RALBFv3_RS21090
OG00090,beril_RalstoniaGMI1000,RS_RS00200
OG00091,beril_Dda3937,DDA3937_RS06090
OG00092,beril_Magneto,AMB_RS15730
OG00093,beril_Magneto,AMB_RS17150
OG00094,beril_RalstoniaPSI07,RPSI07_RS23785
OG00095,beril_RalstoniaGMI1000,RS_RS15585
OG00096,beril_Magneto,AMB_RS18005
OG00097,beril_HerbieS,HSERO_RS09660
OG00098,beril_RalstoniaGMI1000,RS_RS06480
OG00099,beril_Dda3937,DDA3937_RS05575
OG00100,beril_RalstoniaPSI07,RPSI07_RS18575
OG00101,beril_RalstoniaBSBF1503,RALBFv3_RS06085
OG00102,beril_Magneto,AMB_RS00735
OG00103,beril_Magneto,AMB_RS23575
OG00104,beril_HerbieS,HSERO_RS10605
OG00105,beril_HerbieS,HSERO_RS04695
OG00106,beril_HerbieS,HSERO_RS00105
OG00107,beril_RalstoniaGMI1000,RS_RS20020
OG00108,beril_HerbieS,HSERO_RS01930
OG00109,beril_Magneto,AMB_RS02940
OG00110,beril_RalstoniaBSBF1503,RALBFv3_RS15145
OG00111,beril_RalstoniaGMI1000,RS_RS02605
OG00112,beril_HerbieS,HSERO_RS12830
OG00113,beril_HerbieS,HSERO_RS21990
OG00114,beril_HerbieS,HSERO_RS06315
OG00115,beril_RalstoniaGMI1000,RS_RS10625
OG00116,beril_HerbieS,HSERO_RS02515
OG00117,beril_HerbieS,HSERO_RS10110
OG00118,beril_Dda3937,DDA3937_RS05155
OG00119,beril_Dda3937,DDA3937_RS19420
OG00120,beril_RalstoniaPSI07,RPSI07_RS22065
OG00121,beril_Dda3937,DDA3937_RS12570
OG00122,beril_Dda3937,DDA3937_RS04540
OG00123,beril_HerbieS,HSERO_RS14985
OG00124,beril_RalstoniaBSBF1503,RALBFv3_RS06070
OG00125,beril_Magneto,AMB_RS17695
OG00126,beril_Magneto,AMB_RS05745
OG00127,beril_HerbieS,HSERO_RS17265
OG00128,beril_RalstoniaGMI1000,RS_RS24165
OG00129,beril_RalstoniaGMI1000,RS_RS23905
OG00130,beril_HerbieS,HSERO_RS16550
OG00131,beril_RalstoniaBSBF1503,RALBFv3_RS02660
OG00132,beril_Dda3937,DDA3937_RS00670
OG00133,beril_HerbieS,HSERO_RS17680
OG00134,beril_RalstoniaGMI1000,RS_RS21460
OG00135,beril_HerbieS,HSERO_RS15705
OG00136,beril_RalstoniaPSI07,RPSI07_RS11055
OG00137,beril_HerbieS,HSERO_RS19670
OG00138,beril_HerbieS,HSERO_RS16800
OG00139,beril_HerbieS,HSERO_RS13830
OG00140,beril_HerbieS,HSERO_RS13775
OG00141,beril_HerbieS,HSERO_RS15170
OG00142,beril_RalstoniaBSBF1503,RALBFv3_RS06565
OG00143,beril_RalstoniaBSBF1503,RALBFv3_RS24390
OG00144,beril_Magneto,AMB_RS14415
OG00145,beril_HerbieS,HSERO_RS01455
OG00146,beril_Dda3937,DDA3937_RS17920
OG00147,beril_RalstoniaGMI1000,RS_RS16810
OG00148,beril_RalstoniaBSBF1503,RALBFv3_RS21045
OG00149,beril_RalstoniaPSI07,RPSI07_RS18590
OG00150,beril_Methanococcus_S2,MMP_RS01875
OG00151,beril_RalstoniaBSBF1503,RALBFv3_RS10715
OG00152,beril_HerbieS,HSERO_RS20105
OG00153,beril_RalstoniaBSBF1503,RALBFv3_RS11010
OG00154,beril_Methanococcus_S2,MMP_RS04610
OG00155,beril_RalstoniaGMI1000,RS_RS19055
OG00156,beril_RalstoniaGMI1000,RS_RS03835
OG00157,beril_HerbieS,HSERO_RS02655
OG00158,beril_RalstoniaGMI1000,RS_RS01910
OG00159,beril_RalstoniaGMI1000,RS_RS03695
OG00160,beril_RalstoniaGMI1000,RS_RS10330
OG00161,beril_HerbieS,HSERO_RS12295
OG00162,beril_RalstoniaBSBF1503,RALBFv3_RS13020
OG00163,beril_RalstoniaBSBF1503,RALBFv3_RS01285
OG00164,beril_Magneto,AMB_RS16255
OG00165,beril_Methanococcus_JJ,MMJJ_RS04710
OG00166,beril_RalstoniaPSI07,RPSI07_RS21635
OG00167,beril_Magneto,AMB_RS20595
OG00168,beril_RalstoniaPSI07,RPSI07_RS17365
OG00169,beril_HerbieS,HSERO_RS22135
OG00170,beril_RalstoniaBSBF1503,RALBFv3_RS09925
OG00171,beril_Magneto,AMB_RS02240
OG00172,beril_RalstoniaPSI07,RPSI07_RS16310
OG00173,beril_HerbieS,HSERO_RS14650
OG00174,beril_HerbieS,HSERO_RS20005
OG00175,beril_RalstoniaGMI1000,RS_RS04860
OG00176,beril_RalstoniaBSBF1503,RALBFv3_RS10435
OG00177,beril_RalstoniaBSBF1503,RALBFv3_RS09060
OG00178,beril_HerbieS,HSERO_RS16070
OG00179,beril_HerbieS,HSERO_RS09165
OG00180,beril_RalstoniaBSBF1503,RALBFv3_RS00230
OG00181,beril_HerbieS,HSERO_RS14855
OG00182,beril_HerbieS,HSERO_RS21195
OG00183,beril_Methanococcus_S2,MMP_RS05485
OG00184,beril_HerbieS,HSERO_RS08690
OG00185,beril_RalstoniaPSI07,RPSI07_RS22110
OG00186,beril_RalstoniaGMI1000,RS_RS22535
OG00187,beril_HerbieS,HSERO_RS20110
OG00188,beril_Dda3937,DDA3937_RS21165
OG00189,beril_RalstoniaPSI07,RPSI07_RS06945
OG00190,beril_HerbieS,HSERO_RS03655
OG00191,beril_HerbieS,HSERO_RS14485
OG00192,beril_HerbieS,HSERO_RS01580
OG00193,beril_HerbieS,HSERO_RS20695
OG00194,beril_RalstoniaGMI1000,RS_RS07000
OG00195,beril_RalstoniaBSBF1503,RALBFv3_RS04585
OG00196,beril_HerbieS,HSERO_RS21740
OG00197,beril_Magneto,AMB_RS15450
OG00198,beril_HerbieS,HSERO_RS18600
OG00199,beril_HerbieS,HSERO_RS09480
OG00200,beril_HerbieS,HSERO_RS19415
OG00201,beril_Dda3937,DDA3937_RS19395
OG00202,beril_RalstoniaPSI07,RPSI07_RS08485
OG00203,beril_HerbieS,HSERO_RS11710
OG00204,beril_HerbieS,HSERO_RS21170
OG00205,beril_RalstoniaGMI1000,RS_RS00545
OG00206,beril_HerbieS,HSERO_RS04765
OG00207,beril_HerbieS,HSERO_RS07090
OG00208,beril_HerbieS,HSERO_RS07305
OG00209,beril_RalstoniaPSI07,RPSI07_RS07355
OG00210,beril_HerbieS,HSERO_RS13795
OG00211,beril_RalstoniaBSBF1503,RALBFv3_RS10960
OG00212,beril_HerbieS,HSERO_RS16030
OG00213,beril_HerbieS,HSERO_RS13745
OG00214,beril_RalstoniaBSBF1503,RALBFv3_RS04480
OG00215,beril_Dda3937,DDA3937_RS20150
OG00216,beril_RalstoniaBSBF1503,RALBFv3_RS14600
OG00217,beril_Magneto,AMB_RS21835
OG00218,beril_HerbieS,HSERO_RS10850
OG00219,beril_RalstoniaPSI07,RPSI07_RS21865
OG00220,beril_HerbieS,HSERO_RS02750
OG00221,beril_HerbieS,HSERO_RS22680
OG00222,beril_RalstoniaBSBF1503,RALBFv3_RS03430
OG00223,beril_HerbieS,HSERO_RS18095
OG00224,beril_RalstoniaBSBF1503,RALBFv3_RS09550
OG00225,beril_HerbieS,HSERO_RS04735
OG00226,beril_HerbieS,HSERO_RS03865
OG00227,beril_HerbieS,HSERO_RS20670
OG00228,beril_HerbieS,HSERO_RS13510
OG00229,beril_HerbieS,HSERO_RS09830
OG00230,beril_RalstoniaGMI1000,RS_RS12860
OG00231,beril_HerbieS,HSERO_RS22405
OG00232,beril_HerbieS,HSERO_RS00615
OG00233,beril_HerbieS,HSERO_RS17805
OG00234,beril_Dda3937,DDA3937_RS11435
OG00235,beril_HerbieS,HSERO_RS09275
OG00236,beril_RalstoniaPSI07,RPSI07_RS10685
OG00237,beril_Dda3937,DDA3937_RS12360
OG00238,beril_RalstoniaBSBF1503,RALBFv3_RS20025
OG00239,beril_RalstoniaPSI07,RPSI07_RS19315
OG00240,beril_RalstoniaPSI07,RPSI07_RS19180
OG00241,beril_HerbieS,HSERO_RS01030
OG00242,beril_HerbieS,HSERO_RS14565
OG00243,beril_HerbieS,HSERO_RS17245
OG00244,beril_Magneto,AMB_RS21045
OG00245,beril_HerbieS,HSERO_RS10760
OG00246,beril_Magneto,AMB_RS09995
OG00247,beril_HerbieS,HSERO_RS14110
OG00248,beril_RalstoniaPSI07,RPSI07_RS01470
OG00249,beril_RalstoniaGMI1000,RS_RS00605
OG00250,beril_RalstoniaGMI1000,RS_RS17500
OG00251,beril_HerbieS,HSERO_RS00155
OG00252,beril_HerbieS,HSERO_RS10960
OG00253,beril_HerbieS,HSERO_RS16770
OG00254,beril_HerbieS,HSERO_RS05220
OG00255,beril_Dda3937,DDA3937_RS07140
OG00256,beril_Dda3937,DDA3937_RS02405
OG00257,beril_RalstoniaPSI07,RPSI07_RS23205
OG00258,beril_RalstoniaGMI1000,RS_RS00560
OG00259,beril_HerbieS,HSERO_RS11630
OG00260,beril_Dda3937,DDA3937_RS00865
OG00261,beril_Dda3937,DDA3937_RS02720
OG00262,beril_HerbieS,HSERO_RS13540
OG00263,beril_HerbieS,HSERO_RS10610
OG00264,beril_Dda3937,DDA3937_RS10990
OG00265,beril_RalstoniaGMI1000,RS_RS02955
OG00266,beril_Magneto,AMB_RS15770
OG00267,beril_Magneto,AMB_RS21875
OG00268,beril_HerbieS,HSERO_RS11650
OG00269,beril_Methanococcus_S2,MMP_RS04465
OG00270,beril_RalstoniaBSBF1503,RALBFv3_RS02115
OG00271,beril_HerbieS,HSERO_RS18605
OG00272,beril_HerbieS,HSERO_RS11350
OG00273,beril_HerbieS,HSERO_RS15110
OG00274,beril_HerbieS,HSERO_RS10355
OG00275,beril_HerbieS,HSERO_RS03565
OG00276,beril_RalstoniaPSI07,RPSI07_RS08735
OG00277,beril_RalstoniaBSBF1503,RALBFv3_RS21590
OG00278,beril_RalstoniaBSBF1503,RALBFv3_RS21200
OG00279,beril_Dda3937,DDA3937_RS21570
OG00280,beril_HerbieS,HSERO_RS08865
OG00281,beril_HerbieS,HSERO_RS09895
OG00282,beril_Dda3937,DDA3937_RS13170
OG00283,beril_HerbieS,HSERO_RS15480
OG00284,beril_Dda3937,DDA3937_RS19580
OG00285,beril_HerbieS,HSERO_RS11560
OG00286,beril_HerbieS,HSERO_RS03815
OG00287,beril_RalstoniaPSI07,RPSI07_RS20295
OG00288,beril_Dda3937,DDA3937_RS19865
OG00289,beril_HerbieS,HSERO_RS15535
OG00290,beril_RalstoniaGMI1000,RS_RS12670
OG00291,beril_HerbieS,HSERO_RS01085
OG00292,beril_HerbieS,HSERO_RS01885
OG00293,beril_Magneto,AMB_RS17680
OG00294,beril_RalstoniaPSI07,RPSI07_RS06345
OG00295,beril_HerbieS,HSERO_RS18495
OG00296,beril_Magneto,AMB_RS20575
OG00297,beril_Dda3937,DDA3937_RS14585
OG00298,beril_HerbieS,HSERO_RS06715
OG00299,beril_RalstoniaBSBF1503,RALBFv3_RS23030
OG00300,beril_Dda3937,DDA3937_RS11460
OG00301,beril_RalstoniaBSBF1503,RALBFv3_RS02650
OG00302,beril_RalstoniaGMI1000,RS_RS08205
OG00303,beril_RalstoniaGMI1000,RS_RS11890
OG00304,beril_RalstoniaPSI07,RPSI07_RS14685
OG00305,beril_Dda3937,DDA3937_RS08150
OG00306,beril_Dda3937,DDA3937_RS09400
OG00307,beril_RalstoniaPSI07,RPSI07_RS00420
OG00308,beril_Dda3937,DDA3937_RS13160
OG00309,beril_HerbieS,HSERO_RS01165
OG00310,beril_RalstoniaBSBF1503,RALBFv3_RS21030
OG00311,beril_HerbieS,HSERO_RS00180
OG00312,beril_Dda3937,DDA3937_RS15385
OG00313,beril_Dda3937,DDA3937_RS13550
OG00314,beril_RalstoniaPSI07,RPSI07_RS22350
OG00315,beril_Dda3937,DDA3937_RS18985
OG00316,beril_HerbieS,HSERO_RS21890
OG00317,beril_HerbieS,HSERO_RS05035
OG00318,beril_Dda3937,DDA3937_RS04590
OG00319,beril_HerbieS,HSERO_RS23310
OG00320,beril_RalstoniaPSI07,RPSI07_RS17890
OG00321,beril_HerbieS,HSERO_RS06000
OG00322,beril_RalstoniaBSBF1503,RALBFv3_RS03590
OG00323,beril_RalstoniaBSBF1503,RALBFv3_RS24620
OG00324,beril_HerbieS,HSERO_RS00605
OG00325,beril_HerbieS,HSERO_RS22130
OG00326,beril_RalstoniaBSBF1503,RALBFv3_RS15370
OG00327,beril_HerbieS,HSERO_RS13550
OG00328,beril_RalstoniaPSI07,RPSI07_RS11025
OG00329,beril_HerbieS,HSERO_RS21185
OG00330,beril_RalstoniaPSI07,RPSI07_RS21730
OG00331,beril_Magneto,AMB_RS18885
OG00332,beril_Magneto,AMB_RS16220
OG00333,beril_RalstoniaBSBF1503,RALBFv3_RS19925
OG00334,beril_HerbieS,HSERO_RS02930
OG00335,beril_HerbieS,HSERO_RS02700
OG00336,beril_HerbieS,HSERO_RS14495
OG00337,beril_Magneto,AMB_RS02230
OG00338,beril_Dda3937,DDA3937_RS17720
OG00339,beril_RalstoniaGMI1000,RS_RS10720
OG00340,beril_RalstoniaBSBF1503,RALBFv3_RS05255
OG00341,beril_HerbieS,HSERO_RS10835
OG00342,beril_Dda3937,DDA3937_RS05845
OG00343,beril_Dda3937,DDA3937_RS08215
OG00344,beril_Magneto,AMB_RS01625
OG00345,beril_RalstoniaPSI07,RPSI07_RS19000
OG00346,beril_RalstoniaBSBF1503,RALBFv3_RS14940
OG00347,beril_RalstoniaBSBF1503,RALBFv3_RS20765
OG00348,beril_Magneto,AMB_RS11005
OG00349,beril_HerbieS,HSERO_RS21405
OG00350,beril_HerbieS,HSERO_RS03390
OG00351,beril_HerbieS,HSERO_RS12090
OG00352,beril_RalstoniaBSBF1503,RALBFv3_RS00820
OG00353,beril_HerbieS,HSERO_RS09240
OG00354,beril_Methanococcus_S2,MMP_RS07280
OG00355,beril_HerbieS,HSERO_RS02645
OG00356,beril_HerbieS,HSERO_RS05385
OG00357,beril_HerbieS,HSERO_RS10520
OG00358,beril_HerbieS,HSERO_RS12490
OG00359,beril_HerbieS,HSERO_RS08045
OG00360,beril_RalstoniaBSBF1503,RALBFv3_RS11990
OG00361,beril_HerbieS,HSERO_RS05685
OG00362,beril_HerbieS,HSERO_RS15225
OG00363,beril_Magneto,AMB_RS00295
OG00364,beril_RalstoniaBSBF1503,RALBFv3_RS03220
OG00365,beril_Dda3937,DDA3937_RS11185
OG00366,beril_HerbieS,HSERO_RS20660
OG00367,beril_HerbieS,HSERO_RS20655
OG00368,beril_RalstoniaGMI1000,RS_RS03360
OG00369,beril_HerbieS,HSERO_RS12575
OG00370,beril_HerbieS,HSERO_RS05000
OG00371,beril_RalstoniaPSI07,RPSI07_RS17150
OG00372,beril_HerbieS,HSERO_RS00190
OG00373,beril_HerbieS,HSERO_RS15360
OG00374,beril_Magneto,AMB_RS08015
OG00375,beril_HerbieS,HSERO_RS17375
OG00376,beril_HerbieS,HSERO_RS11355
OG00377,beril_Dda3937,DDA3937_RS18915
OG00378,beril_RalstoniaGMI1000,RS_RS16780
OG00379,beril_Dda3937,DDA3937_RS06930
OG00380,beril_Magneto,AMB_RS18410
OG00381,beril_Magneto,AMB_RS15545
OG00382,beril_HerbieS,HSERO_RS19265
OG00383,beril_HerbieS,HSERO_RS22860
OG00384,beril_RalstoniaPSI07,RPSI07_RS20350
OG00385,beril_RalstoniaBSBF1503,RALBFv3_RS02965
OG00386,beril_HerbieS,HSERO_RS15470
OG00387,beril_RalstoniaPSI07,RPSI07_RS21505
OG00388,beril_HerbieS,HSERO_RS15895
OG00389,beril_RalstoniaGMI1000,RS_RS01690
OG00390,beril_RalstoniaPSI07,RPSI07_RS20465
OG00391,beril_Methanococcus_JJ,MMJJ_RS07170
OG00392,beril_RalstoniaPSI07,RPSI07_RS17585
OG00393,beril_RalstoniaPSI07,RPSI07_RS21130
OG00394,beril_HerbieS,HSERO_RS23595
OG00395,beril_RalstoniaGMI1000,RS_RS03930
OG00396,beril_Magneto,AMB_RS20555
OG00397,beril_HerbieS,HSERO_RS11315
OG00398,beril_RalstoniaPSI07,RPSI07_RS07495
OG00399,beril_HerbieS,HSERO_RS09910
OG00400,beril_Dda3937,DDA3937_RS00635
OG00401,beril_RalstoniaGMI1000,RS_RS10580
OG00402,beril_Magneto,AMB_RS19890
OG00403,beril_HerbieS,HSERO_RS09775
OG00404,beril_HerbieS,HSERO_RS11685
OG00405,beril_RalstoniaPSI07,RPSI07_RS18015
OG00406,beril_RalstoniaGMI1000,RS_RS04890
OG00407,beril_HerbieS,HSERO_RS05200
OG00408,beril_HerbieS,HSERO_RS00800
OG00409,beril_Magneto,AMB_RS20335
OG00410,beril_HerbieS,HSERO_RS02845
OG00411,beril_RalstoniaPSI07,RPSI07_RS01845
OG00412,beril_RalstoniaGMI1000,RS_RS13565
OG00413,beril_Dda3937,DDA3937_RS18965
OG00414,beril_Dda3937,DDA3937_RS12575
OG00415,beril_HerbieS,HSERO_RS08875
OG00416,beril_HerbieS,HSERO_RS19825
OG00417,beril_Magneto,AMB_RS22195
OG00418,beril_RalstoniaPSI07,RPSI07_RS15270
OG00419,beril_RalstoniaGMI1000,RS_RS20425
OG00420,beril_HerbieS,HSERO_RS06855
OG00421,beril_HerbieS,HSERO_RS22480
OG00422,beril_Dda3937,DDA3937_RS10955
OG00423,beril_RalstoniaBSBF1503,RALBFv3_RS10565
OG00424,beril_HerbieS,HSERO_RS07655
OG00425,beril_Magneto,AMB_RS19545
OG00426,beril_HerbieS,HSERO_RS05235
OG00427,beril_HerbieS,HSERO_RS21625
OG00428,beril_RalstoniaPSI07,RPSI07_RS19325
OG00429,beril_HerbieS,HSERO_RS21215
OG00430,beril_RalstoniaGMI1000,RS_RS13845
OG00431,beril_HerbieS,HSERO_RS03120
OG00432,beril_HerbieS,HSERO_RS12265
OG00433,beril_RalstoniaGMI1000,RS_RS04955
OG00434,beril_Magneto,AMB_RS01000
OG00435,beril_Methanococcus_JJ,MMJJ_RS08275
OG00436,beril_HerbieS,HSERO_RS00225
OG00437,beril_RalstoniaBSBF1503,RALBFv3_RS10420
OG00438,beril_RalstoniaBSBF1503,RALBFv3_RS09100
OG00439,beril_HerbieS,HSERO_RS17685
OG00440,beril_Magneto,AMB_RS15745
OG00441,beril_Magneto,AMB_RS13990
OG00442,beril_HerbieS,HSERO_RS08855
OG00443,beril_HerbieS,HSERO_RS13070
OG00444,beril_HerbieS,HSERO_RS19720
OG00445,beril_RalstoniaBSBF1503,RALBFv3_RS05120
OG00446,beril_HerbieS,HSERO_RS22190
OG00447,beril_RalstoniaBSBF1503,RALBFv3_RS03865
OG00448,beril_RalstoniaPSI07,RPSI07_RS12715
OG00449,beril_Magneto,AMB_RS06640
OG00450,beril_HerbieS,HSERO_RS19715
OG00451,beril_Dda3937,DDA3937_RS03800
OG00452,beril_RalstoniaBSBF1503,RALBFv3_RS18420
OG00453,beril_RalstoniaPSI07,RPSI07_RS21575
OG00454,beril_HerbieS,HSERO_RS12075
OG00455,beril_Dda3937,DDA3937_RS18625
OG00456,beril_RalstoniaBSBF1503,RALBFv3_RS08835
OG00457,beril_RalstoniaGMI1000,RS_RS21165
OG00458,beril_RalstoniaBSBF1503,RALBFv3_RS17355
OG00459,beril_HerbieS,HSERO_RS19680
OG00460,beril_RalstoniaPSI07,RPSI07_RS21925
OG00461,beril_RalstoniaPSI07,RPSI07_RS14435
OG00462,beril_RalstoniaBSBF1503,RALBFv3_RS06305
OG00463,beril_HerbieS,HSERO_RS06985
OG00464,beril_RalstoniaBSBF1503,RALBFv3_RS12295
OG00465,beril_RalstoniaBSBF1503,RALBFv3_RS20520
OG00466,beril_RalstoniaGMI1000,RS_RS03515
OG00467,beril_Dda3937,DDA3937_RS13095
OG00468,beril_Magneto,AMB_RS10435
OG00469,beril_RalstoniaPSI07,RPSI07_RS02900
OG00470,beril_Magneto,AMB_RS08285
OG00471,beril_HerbieS,HSERO_RS12380
OG00472,beril_RalstoniaPSI07,RPSI07_RS21320
OG00473,beril_RalstoniaBSBF1503,RALBFv3_RS19845
OG00474,beril_Dda3937,DDA3937_RS05925
OG00475,beril_RalstoniaBSBF1503,RALBFv3_RS10865
OG00476,beril_Magneto,AMB_RS06140
OG00477,beril_HerbieS,HSERO_RS01445
OG00478,beril_Magneto,AMB_RS11860
OG00479,beril_HerbieS,HSERO_RS10485
OG00480,beril_HerbieS,HSERO_RS09820
OG00481,beril_HerbieS,HSERO_RS12485
OG00482,beril_HerbieS,HSERO_RS22290
OG00483,beril_Dda3937,DDA3937_RS16880
OG00484,beril_Dda3937,DDA3937_RS11920
OG00485,beril_HerbieS,HSERO_RS07755
OG00486,beril_Dda3937,DDA3937_RS12890
OG00487,beril_RalstoniaBSBF1503,RALBFv3_RS15630
OG00488,beril_Dda3937,DDA3937_RS02810
OG00489,beril_Magneto,AMB_RS00245
OG00490,beril_Magneto,AMB_RS22940
OG00491,beril_Magneto,AMB_RS03280
OG00492,beril_RalstoniaBSBF1503,RALBFv3_RS14490
OG00493,beril_RalstoniaBSBF1503,RALBFv3_RS00960
OG00494,beril_RalstoniaBSBF1503,RALBFv3_RS12740
OG00495,beril_HerbieS,HSERO_RS06550
OG00496,beril_HerbieS,HSERO_RS03660
OG00497,beril_HerbieS,HSERO_RS06900
OG00498,beril_RalstoniaBSBF1503,RALBFv3_RS18025
OG00499,beril_HerbieS,HSERO_RS23125
OG00500,beril_HerbieS,HSERO_RS10145
OG00501,beril_Magneto,AMB_RS19280
OG00502,beril_HerbieS,HSERO_RS07085
OG00503,beril_Methanococcus_JJ,MMJJ_RS07840
OG00504,beril_HerbieS,HSERO_RS05920
OG00505,beril_RalstoniaBSBF1503,RALBFv3_RS18210
OG00506,beril_HerbieS,HSERO_RS15125
OG00507,beril_Dda3937,DDA3937_RS07230
OG00508,beril_HerbieS,HSERO_RS08890
OG00509,beril_Dda3937,DDA3937_RS02290
OG00510,beril_RalstoniaPSI07,RPSI07_RS24935
OG00511,beril_HerbieS,HSERO_RS18020
OG00512,beril_RalstoniaBSBF1503,RALBFv3_RS05495
OG00513,beril_RalstoniaBSBF1503,RALBFv3_RS20140
OG00514,beril_Dda3937,DDA3937_RS17665
OG00515,beril_RalstoniaBSBF1503,RALBFv3_RS06680
OG00516,beril_RalstoniaGMI1000,RS_RS06860
OG00517,beril_HerbieS,HSERO_RS22875
OG00518,beril_HerbieS,HSERO_RS02610
OG00519,beril_RalstoniaPSI07,RPSI07_RS23145
OG00520,beril_HerbieS,HSERO_RS02705
OG00521,beril_RalstoniaBSBF1503,RALBFv3_RS11725
OG00522,beril_Magneto,AMB_RS07935
OG00523,beril_HerbieS,HSERO_RS22730
OG00524,beril_RalstoniaBSBF1503,RALBFv3_RS01870
OG00525,beril_HerbieS,HSERO_RS22120
OG00526,beril_HerbieS,HSERO_RS11525
OG00527,beril_HerbieS,HSERO_RS12300
OG00528,beril_HerbieS,HSERO_RS22315
OG00529,beril_RalstoniaPSI07,RPSI07_RS21735
OG00530,beril_HerbieS,HSERO_RS11570
OG00531,beril_Dda3937,DDA3937_RS10405
OG00532,beril_Magneto,AMB_RS07490
OG00533,beril_Dda3937,DDA3937_RS17840
OG00534,beril_HerbieS,HSERO_RS19675
OG00535,beril_HerbieS,HSERO_RS13970
OG00536,beril_RalstoniaBSBF1503,RALBFv3_RS18250
OG00537,beril_RalstoniaBSBF1503,RALBFv3_RS07425
OG00538,beril_HerbieS,HSERO_RS04060
OG00539,beril_Magneto,AMB_RS22345
OG00540,beril_RalstoniaBSBF1503,RALBFv3_RS03665
OG00541,beril_Magneto,AMB_RS20925
OG00542,beril_HerbieS,HSERO_RS17905
OG00543,beril_RalstoniaBSBF1503,RALBFv3_RS11740
OG00544,beril_RalstoniaPSI07,RPSI07_RS02945
OG00545,beril_Magneto,AMB_RS00025
OG00546,beril_HerbieS,HSERO_RS00600
OG00547,beril_HerbieS,HSERO_RS21205
OG00548,beril_Dda3937,DDA3937_RS08020
OG00549,beril_HerbieS,HSERO_RS05690
OG00550,beril_HerbieS,HSERO_RS09505
OG00551,beril_RalstoniaBSBF1503,RALBFv3_RS13915
OG00552,beril_HerbieS,HSERO_RS20590
OG00553,beril_HerbieS,HSERO_RS01730
OG00554,beril_Magneto,AMB_RS22700
OG00555,beril_Dda3937,DDA3937_RS06665
OG00556,beril_Dda3937,DDA3937_RS08010
OG00557,beril_HerbieS,HSERO_RS17380
OG00558,beril_HerbieS,HSERO_RS02730
OG00559,beril_HerbieS,HSERO_RS21480
OG00560,beril_HerbieS,HSERO_RS12000
OG00561,beril_HerbieS,HSERO_RS21020
OG00562,beril_Magneto,AMB_RS03160
OG00563,beril_Methanococcus_JJ,MMJJ_RS08230
OG00564,beril_RalstoniaBSBF1503,RALBFv3_RS15170
OG00565,beril_Magneto,AMB_RS14215
OG00566,beril_HerbieS,HSERO_RS03130
OG00567,beril_HerbieS,HSERO_RS01780
OG00568,beril_Methanococcus_JJ,MMJJ_RS05040
OG00569,beril_HerbieS,HSERO_RS17240
OG00570,beril_HerbieS,HSERO_RS06435
OG00571,beril_Dda3937,DDA3937_RS10700
OG00572,beril_Magneto,AMB_RS09810
OG00573,beril_RalstoniaGMI1000,RS_RS00135
OG00574,beril_HerbieS,HSERO_RS22745
OG00575,beril_HerbieS,HSERO_RS22525
OG00576,beril_HerbieS,HSERO_RS22500
OG00577,beril_HerbieS,HSERO_RS05905
OG00578,beril_RalstoniaBSBF1503,RALBFv3_RS22300
OG00579,beril_Dda3937,DDA3937_RS01220
OG00580,beril_HerbieS,HSERO_RS01170
OG00581,beril_Dda3937,DDA3937_RS06570
OG00582,beril_RalstoniaBSBF1503,RALBFv3_RS02195
OG00583,beril_RalstoniaPSI07,RPSI07_RS13455
OG00584,beril_RalstoniaGMI1000,RS_RS15510
OG00585,beril_Dda3937,DDA3937_RS11015
OG00586,beril_HerbieS,HSERO_RS14860
OG00587,beril_RalstoniaBSBF1503,RALBFv3_RS12600
OG00588,beril_HerbieS,HSERO_RS05270
OG00589,beril_Magneto,AMB_RS03595
OG00590,beril_Magneto,AMB_RS14430
OG00591,beril_HerbieS,HSERO_RS10560
OG00592,beril_HerbieS,HSERO_RS21465
OG00593,beril_HerbieS,HSERO_RS15385
OG00594,beril_RalstoniaPSI07,RPSI07_RS22570
OG00595,beril_HerbieS,HSERO_RS04525
OG00596,beril_HerbieS,HSERO_RS08745
OG00597,beril_Methanococcus_JJ,MMJJ_RS01330
OG00598,beril_HerbieS,HSERO_RS17615
OG00599,beril_HerbieS,HSERO_RS21340
OG00600,beril_RalstoniaPSI07,RPSI07_RS15785
OG00601,beril_Magneto,AMB_RS19475
OG00602,beril_RalstoniaBSBF1503,RALBFv3_RS03225
OG00603,beril_RalstoniaPSI07,RPSI07_RS20880
OG00604,beril_Dda3937,DDA3937_RS05315
OG00605,beril_HerbieS,HSERO_RS07645
OG00606,beril_Magneto,AMB_RS20125
OG00607,beril_HerbieS,HSERO_RS16495
OG00608,beril_RalstoniaBSBF1503,RALBFv3_RS10260
OG00609,beril_RalstoniaBSBF1503,RALBFv3_RS05740
OG00610,beril_HerbieS,HSERO_RS12735
OG00611,beril_HerbieS,HSERO_RS23645
OG00612,beril_RalstoniaPSI07,RPSI07_RS00490
OG00613,beril_RalstoniaBSBF1503,RALBFv3_RS00625
OG00614,beril_RalstoniaBSBF1503,RALBFv3_RS04785
OG00615,beril_HerbieS,HSERO_RS23930
OG00616,beril_Dda3937,DDA3937_RS06600
OG00617,beril_Magneto,AMB_RS10125
OG00618,beril_HerbieS,HSERO_RS15815
OG00619,beril_Methanococcus_S2,MMP_RS06055
OG00620,beril_RalstoniaGMI1000,RS_RS16990
OG00621,beril_Dda3937,DDA3937_RS21135
OG00622,beril_Magneto,AMB_RS12620
OG00623,beril_Magneto,AMB_RS04555
OG00624,beril_HerbieS,HSERO_RS22570
OG00625,beril_HerbieS,HSERO_RS21935
OG00626,beril_HerbieS,HSERO_RS08920
OG00627,beril_HerbieS,HSERO_RS02565
OG00628,beril_HerbieS,HSERO_RS18525
OG00629,beril_Methanococcus_S2,MMP_RS00765
OG00630,beril_HerbieS,HSERO_RS14315
OG00631,beril_HerbieS,HSERO_RS14090
OG00632,beril_Methanococcus_JJ,MMJJ_RS06985
OG00633,beril_Dda3937,DDA3937_RS14040
OG00634,beril_Dda3937,DDA3937_RS05560
OG00635,beril_RalstoniaGMI1000,RS_RS20770
OG00636,beril_RalstoniaBSBF1503,RALBFv3_RS09905
OG00637,beril_HerbieS,HSERO_RS19495
OG00638,beril_HerbieS,HSERO_RS05360
OG00639,beril_HerbieS,HSERO_RS07425
OG00641,beril_HerbieS,HSERO_RS05275
OG00642,beril_RalstoniaBSBF1503,RALBFv3_RS20055
OG00643,beril_HerbieS,HSERO_RS22240
OG00644,beril_HerbieS,HSERO_RS20490
OG00645,beril_HerbieS,HSERO_RS14060
OG00646,beril_Dda3937,DDA3937_RS17585
OG00647,beril_HerbieS,HSERO_RS12565
OG00648,beril_RalstoniaPSI07,RPSI07_RS08565
OG00649,beril_HerbieS,HSERO_RS14790
OG00650,beril_HerbieS,HSERO_RS16020
OG00651,beril_HerbieS,HSERO_RS10820
OG00652,beril_HerbieS,HSERO_RS18280
OG00653,beril_Magneto,AMB_RS15680
OG00654,beril_HerbieS,HSERO_RS07100
OG00655,beril_HerbieS,HSERO_RS20555
OG00656,beril_Dda3937,DDA3937_RS03130
OG00657,beril_RalstoniaGMI1000,RS_RS05305
OG00658,beril_HerbieS,HSERO_RS14270
OG00659,beril_RalstoniaPSI07,RPSI07_RS17120
OG00660,beril_Dda3937,DDA3937_RS00200
OG00661,beril_RalstoniaGMI1000,RS_RS11160
OG00662,beril_RalstoniaPSI07,RPSI07_RS14805
OG00663,beril_RalstoniaGMI1000,RS_RS03795
OG00664,beril_Magneto,AMB_RS03590
OG00665,beril_Dda3937,DDA3937_RS16340
OG00666,beril_RalstoniaPSI07,RPSI07_RS13260
OG00667,beril_HerbieS,HSERO_RS06790
OG00668,beril_RalstoniaPSI07,RPSI07_RS21110
OG00669,beril_RalstoniaBSBF1503,RALBFv3_RS10570
OG00670,beril_RalstoniaBSBF1503,RALBFv3_RS01310
OG00671,beril_HerbieS,HSERO_RS23605
OG00672,beril_HerbieS,HSERO_RS22415
OG00673,beril_HerbieS,HSERO_RS20235
OG00674,beril_RalstoniaGMI1000,RS_RS09540
OG00675,beril_HerbieS,HSERO_RS11540
OG00676,beril_Magneto,AMB_RS22035
OG00677,beril_RalstoniaBSBF1503,RALBFv3_RS01645
OG00678,beril_HerbieS,HSERO_RS00350
OG00679,beril_RalstoniaBSBF1503,RALBFv3_RS04800
OG00680,beril_HerbieS,HSERO_RS14235
OG00681,beril_HerbieS,HSERO_RS11915
OG00682,beril_HerbieS,HSERO_RS22765
OG00683,beril_RalstoniaBSBF1503,RALBFv3_RS05305
OG00684,beril_RalstoniaBSBF1503,RALBFv3_RS12705
OG00685,beril_RalstoniaGMI1000,RS_RS06790
OG00686,beril_HerbieS,HSERO_RS00735
OG00687,beril_HerbieS,HSERO_RS06970
OG00688,beril_HerbieS,HSERO_RS11670
OG00689,beril_HerbieS,HSERO_RS02040
OG00690,beril_RalstoniaBSBF1503,RALBFv3_RS21895
OG00691,beril_HerbieS,HSERO_RS14550
OG00692,beril_RalstoniaPSI07,RPSI07_RS10320
OG00693,beril_HerbieS,HSERO_RS04005
OG00694,beril_Dda3937,DDA3937_RS10490
OG00695,beril_Dda3937,DDA3937_RS15445
OG00696,beril_Magneto,AMB_RS20940
OG00697,beril_HerbieS,HSERO_RS13905
OG00698,beril_HerbieS,HSERO_RS04965
OG00699,beril_HerbieS,HSERO_RS15020
OG00700,beril_HerbieS,HSERO_RS21225
OG00701,beril_RalstoniaGMI1000,RS_RS04120
OG00702,beril_HerbieS,HSERO_RS16245
OG00703,beril_RalstoniaGMI1000,RS_RS20460
OG00704,beril_HerbieS,HSERO_RS00125
OG00705,beril_HerbieS,HSERO_RS12605
OG00706,beril_RalstoniaPSI07,RPSI07_RS18770
OG00707,beril_HerbieS,HSERO_RS13245
OG00708,beril_HerbieS,HSERO_RS02695
OG00709,beril_RalstoniaGMI1000,RS_RS14530
OG00710,beril_Magneto,AMB_RS18875
OG00711,beril_RalstoniaGMI1000,RS_RS03080
OG00712,beril_RalstoniaGMI1000,RS_RS08135
OG00713,beril_RalstoniaBSBF1503,RALBFv3_RS14305
OG00714,beril_HerbieS,HSERO_RS18710
OG00715,beril_HerbieS,HSERO_RS14640
OG00716,beril_HerbieS,HSERO_RS11620
OG00717,beril_Dda3937,DDA3937_RS07930
OG00718,beril_Dda3937,DDA3937_RS09550
OG00719,beril_RalstoniaGMI1000,RS_RS03635
OG00720,beril_HerbieS,HSERO_RS00380
OG00721,beril_Magneto,AMB_RS20625
OG00722,beril_RalstoniaBSBF1503,RALBFv3_RS13665
OG00723,beril_HerbieS,HSERO_RS19060
OG00724,beril_RalstoniaBSBF1503,RALBFv3_RS12040
OG00725,beril_Magneto,AMB_RS21170
OG00726,beril_HerbieS,HSERO_RS02760
OG00727,beril_RalstoniaGMI1000,RS_RS08925
OG00728,beril_Dda3937,DDA3937_RS16050
OG00729,beril_HerbieS,HSERO_RS07730
OG00730,beril_Magneto,AMB_RS15825
OG00731,beril_RalstoniaPSI07,RPSI07_RS19340
OG00732,beril_HerbieS,HSERO_RS18465
OG00733,beril_Magneto,AMB_RS17670
OG00734,beril_RalstoniaGMI1000,RS_RS12315
OG00735,beril_RalstoniaBSBF1503,RALBFv3_RS18305
OG00736,beril_HerbieS,HSERO_RS23850
OG00737,beril_RalstoniaPSI07,RPSI07_RS07710
OG00738,beril_HerbieS,HSERO_RS00540
OG00739,beril_RalstoniaBSBF1503,RALBFv3_RS11620
OG00740,beril_HerbieS,HSERO_RS20425
OG00741,beril_HerbieS,HSERO_RS03375
OG00742,beril_RalstoniaBSBF1503,RALBFv3_RS15345
OG00743,beril_RalstoniaPSI07,RPSI07_RS21590
OG00744,beril_HerbieS,HSERO_RS12730
OG00745,beril_Magneto,AMB_RS08030
OG00746,beril_Dda3937,DDA3937_RS06145
OG00747,beril_HerbieS,HSERO_RS03630
OG00748,beril_Magneto,AMB_RS16950
OG00749,beril_Dda3937,DDA3937_RS11525
OG00750,beril_RalstoniaPSI07,RPSI07_RS12810
OG00751,beril_HerbieS,HSERO_RS19315
OG00752,beril_RalstoniaPSI07,RPSI07_RS04830
OG00753,beril_HerbieS,HSERO_RS07580
OG00754,beril_RalstoniaGMI1000,RS_RS23165
OG00755,beril_HerbieS,HSERO_RS08465
OG00756,beril_RalstoniaGMI1000,RS_RS02275
OG00757,beril_RalstoniaGMI1000,RS_RS21205
OG00758,beril_HerbieS,HSERO_RS13860
OG00759,beril_HerbieS,HSERO_RS08720
OG00760,beril_Magneto,AMB_RS15815
OG00761,beril_RalstoniaPSI07,RPSI07_RS11530
OG00762,beril_HerbieS,HSERO_RS13075
OG00763,beril_Magneto,AMB_RS17435
OG00764,beril_HerbieS,HSERO_RS17840
OG00765,beril_HerbieS,HSERO_RS15665
OG00766,beril_RalstoniaPSI07,RPSI07_RS16995
OG00767,beril_HerbieS,HSERO_RS08775
OG00768,beril_RalstoniaBSBF1503,RALBFv3_RS12125
OG00769,beril_RalstoniaPSI07,RPSI07_RS19565
OG00770,beril_HerbieS,HSERO_RS22590
OG00771,beril_RalstoniaPSI07,RPSI07_RS08535
OG00772,beril_RalstoniaBSBF1503,RALBFv3_RS14365
OG00773,beril_RalstoniaBSBF1503,RALBFv3_RS19150
OG00774,beril_HerbieS,HSERO_RS20810
OG00775,beril_Magneto,AMB_RS03675
OG00776,beril_HerbieS,HSERO_RS17105
OG00777,beril_HerbieS,HSERO_RS03185
OG00778,beril_HerbieS,HSERO_RS20190
OG00779,beril_RalstoniaGMI1000,RS_RS05850
OG00780,beril_HerbieS,HSERO_RS10260
OG00781,beril_RalstoniaGMI1000,RS_RS01945
OG00782,beril_HerbieS,HSERO_RS10330
OG00783,beril_Magneto,AMB_RS02640
OG00784,beril_HerbieS,HSERO_RS21430
OG00785,beril_HerbieS,HSERO_RS18800
OG00786,beril_HerbieS,HSERO_RS01430
OG00787,beril_RalstoniaPSI07,RPSI07_RS21555
OG00788,beril_RalstoniaBSBF1503,RALBFv3_RS11120
OG00789,beril_HerbieS,HSERO_RS04515
OG00790,beril_Dda3937,DDA3937_RS18520
OG00791,beril_RalstoniaBSBF1503,RALBFv3_RS03355
OG00792,beril_Magneto,AMB_RS22220
OG00793,beril_HerbieS,HSERO_RS00840
OG00794,beril_Dda3937,DDA3937_RS14300
OG00795,beril_HerbieS,HSERO_RS16540
OG00796,beril_RalstoniaPSI07,RPSI07_RS21660
OG00797,beril_RalstoniaBSBF1503,RALBFv3_RS16085
OG00798,beril_HerbieS,HSERO_RS13375
OG00799,beril_HerbieS,HSERO_RS22330
OG00800,beril_HerbieS,HSERO_RS16650
OG00801,beril_Dda3937,DDA3937_RS11785
OG00802,beril_Magneto,AMB_RS07000
OG00803,beril_HerbieS,HSERO_RS10780
OG00804,beril_Dda3937,DDA3937_RS14080
OG00805,beril_HerbieS,HSERO_RS08695
OG00806,beril_Dda3937,DDA3937_RS20740
OG00807,beril_Methanococcus_S2,MMP_RS05825
OG00808,beril_Methanococcus_S2,MMP_RS06880
OG00809,beril_HerbieS,HSERO_RS03590
OG00810,beril_HerbieS,HSERO_RS01905
OG00811,beril_Magneto,AMB_RS11520
OG00812,beril_HerbieS,HSERO_RS05375
OG00813,beril_HerbieS,HSERO_RS06320
OG00814,beril_HerbieS,HSERO_RS13975
OG00815,beril_RalstoniaPSI07,RPSI07_RS19400
OG00816,beril_Magneto,AMB_RS12390
OG00817,beril_RalstoniaPSI07,RPSI07_RS18360
OG00818,beril_RalstoniaBSBF1503,RALBFv3_RS01895
OG00819,beril_Magneto,AMB_RS18335
OG00820,beril_HerbieS,HSERO_RS18770
OG00821,beril_RalstoniaGMI1000,RS_RS01375
OG00822,beril_RalstoniaBSBF1503,RALBFv3_RS00115
OG00823,beril_RalstoniaGMI1000,RS_RS00920
OG00824,beril_RalstoniaPSI07,RPSI07_RS21170
OG00825,beril_Dda3937,DDA3937_RS20240
OG00826,beril_HerbieS,HSERO_RS09540
OG00827,beril_RalstoniaBSBF1503,RALBFv3_RS18300
OG00828,beril_RalstoniaGMI1000,RS_RS13270
OG00829,beril_HerbieS,HSERO_RS00745
OG00830,beril_RalstoniaBSBF1503,RALBFv3_RS11125
OG00831,beril_HerbieS,HSERO_RS23345
OG00832,beril_Magneto,AMB_RS15650
OG00833,beril_Methanococcus_S2,MMP_RS07060
OG00834,beril_Magneto,AMB_RS14925
OG00835,beril_HerbieS,HSERO_RS03300
OG00836,beril_HerbieS,HSERO_RS15355
OG00837,beril_HerbieS,HSERO_RS22630
OG00838,beril_Dda3937,DDA3937_RS13225
OG00839,beril_RalstoniaBSBF1503,RALBFv3_RS00845
OG00840,beril_HerbieS,HSERO_RS04510
OG00841,beril_RalstoniaPSI07,RPSI07_RS11720
OG00842,beril_RalstoniaBSBF1503,RALBFv3_RS15455
OG00843,beril_HerbieS,HSERO_RS08405
OG00844,beril_HerbieS,HSERO_RS05995
OG00845,beril_RalstoniaGMI1000,RS_RS07585
OG00846,beril_RalstoniaPSI07,RPSI07_RS18500
OG00847,beril_RalstoniaGMI1000,RS_RS07730
OG00848,beril_Dda3937,DDA3937_RS06725
OG00849,beril_Magneto,AMB_RS19140
OG00850,beril_RalstoniaBSBF1503,RALBFv3_RS11660
OG00851,beril_Magneto,AMB_RS21120
OG00852,beril_RalstoniaGMI1000,RS_RS20760
OG00853,beril_HerbieS,HSERO_RS15340
OG00854,beril_RalstoniaBSBF1503,RALBFv3_RS10695
OG00855,beril_Dda3937,DDA3937_RS18075
OG00856,beril_Magneto,AMB_RS00060
OG00857,beril_HerbieS,HSERO_RS13275
OG00858,beril_Magneto,AMB_RS15690
OG00859,beril_RalstoniaGMI1000,RS_RS01840
OG00860,beril_Dda3937,DDA3937_RS09695
OG00861,beril_RalstoniaBSBF1503,RALBFv3_RS10915
OG00862,beril_RalstoniaPSI07,RPSI07_RS19440
OG00863,beril_Dda3937,DDA3937_RS20415
OG00864,beril_HerbieS,HSERO_RS18320
OG00865,beril_RalstoniaPSI07,RPSI07_RS04740
OG00866,beril_HerbieS,HSERO_RS11210
OG00867,beril_HerbieS,HSERO_RS06890
OG00868,beril_HerbieS,HSERO_RS19175
OG00869,beril_RalstoniaBSBF1503,RALBFv3_RS05920
OG00870,beril_Dda3937,DDA3937_RS11850
OG00871,beril_HerbieS,HSERO_RS16710
OG00872,beril_HerbieS,HSERO_RS14415
OG00873,beril_Dda3937,DDA3937_RS06250
OG00874,beril_Magneto,AMB_RS05420
OG00875,beril_HerbieS,HSERO_RS03285
OG00876,beril_HerbieS,HSERO_RS14850
OG00877,beril_RalstoniaBSBF1503,RALBFv3_RS11795
OG00878,beril_HerbieS,HSERO_RS10140
OG00879,beril_Dda3937,DDA3937_RS05145
OG00880,beril_RalstoniaBSBF1503,RALBFv3_RS14260
OG00881,beril_RalstoniaGMI1000,RS_RS10815
OG00882,beril_HerbieS,HSERO_RS00530
OG00883,beril_HerbieS,HSERO_RS18410
OG00884,beril_RalstoniaBSBF1503,RALBFv3_RS01210
OG00885,beril_RalstoniaPSI07,RPSI07_RS19305
OG00886,beril_RalstoniaPSI07,RPSI07_RS19585
OG00887,beril_HerbieS,HSERO_RS01975
OG00888,beril_RalstoniaGMI1000,RS_RS12320
OG00889,beril_Magneto,AMB_RS00055
OG00890,beril_Magneto,AMB_RS15705
OG00891,beril_HerbieS,HSERO_RS04985
OG00892,beril_HerbieS,HSERO_RS14520
OG00893,beril_RalstoniaBSBF1503,RALBFv3_RS15400
OG00894,beril_RalstoniaBSBF1503,RALBFv3_RS05225
OG00895,beril_RalstoniaPSI07,RPSI07_RS08435
OG00896,beril_RalstoniaBSBF1503,RALBFv3_RS05630
OG00897,beril_Dda3937,DDA3937_RS04555
OG00898,beril_RalstoniaGMI1000,RS_RS17610
OG00899,beril_RalstoniaGMI1000,RS_RS02005
OG00900,beril_HerbieS,HSERO_RS02435
OG00901,beril_HerbieS,HSERO_RS00325
OG00902,beril_HerbieS,HSERO_RS02895
OG00903,beril_HerbieS,HSERO_RS05290
OG00904,beril_Dda3937,DDA3937_RS15865
OG00905,beril_RalstoniaBSBF1503,RALBFv3_RS21670
OG00906,beril_RalstoniaBSBF1503,RALBFv3_RS16400
OG00907,beril_RalstoniaPSI07,RPSI07_RS08145
OG00908,beril_HerbieS,HSERO_RS05120
OG00909,beril_HerbieS,HSERO_RS13285
OG00910,beril_HerbieS,HSERO_RS05055
OG00911,beril_RalstoniaPSI07,RPSI07_RS24725
OG00912,beril_HerbieS,HSERO_RS12200
OG00913,beril_RalstoniaPSI07,RPSI07_RS08270
OG00914,beril_HerbieS,HSERO_RS17315
OG00915,beril_HerbieS,HSERO_RS24015
OG00916,beril_RalstoniaGMI1000,RS_RS18515
OG00917,beril_RalstoniaGMI1000,RS_RS14420
OG00918,beril_RalstoniaGMI1000,RS_RS19535
OG00919,beril_Magneto,AMB_RS18585
OG00920,beril_HerbieS,HSERO_RS06545
OG00921,beril_HerbieS,HSERO_RS23360
OG00922,beril_Dda3937,DDA3937_RS09470
OG00923,beril_HerbieS,HSERO_RS18735
OG00924,beril_Magneto,AMB_RS10585
OG00925,beril_HerbieS,HSERO_RS03265
OG00926,beril_RalstoniaGMI1000,RS_RS14955
OG00927,beril_Dda3937,DDA3937_RS20335
OG00928,beril_HerbieS,HSERO_RS10315
OG00929,beril_HerbieS,HSERO_RS15835
OG00930,beril_HerbieS,HSERO_RS21050
OG00931,beril_RalstoniaPSI07,RPSI07_RS02910
OG00932,beril_HerbieS,HSERO_RS20165
OG00933,beril_HerbieS,HSERO_RS12065
OG00934,beril_HerbieS,HSERO_RS07440
OG00935,beril_RalstoniaBSBF1503,RALBFv3_RS00055
OG00936,beril_RalstoniaPSI07,RPSI07_RS18240
OG00937,beril_HerbieS,HSERO_RS05980
OG00938,beril_HerbieS,HSERO_RS11910
OG00939,beril_Magneto,AMB_RS03600
OG00940,beril_RalstoniaPSI07,RPSI07_RS13500
OG00941,beril_HerbieS,HSERO_RS15030
OG00942,beril_HerbieS,HSERO_RS18000
OG00943,beril_HerbieS,HSERO_RS11100
OG00944,beril_HerbieS,HSERO_RS08120
OG00945,beril_Dda3937,DDA3937_RS01025
OG00946,beril_Dda3937,DDA3937_RS15485
OG00947,beril_RalstoniaBSBF1503,RALBFv3_RS12455
OG00948,beril_RalstoniaBSBF1503,RALBFv3_RS13150
OG00949,beril_RalstoniaPSI07,RPSI07_RS11295
OG00950,beril_HerbieS,HSERO_RS13585
OG00951,beril_HerbieS,HSERO_RS04425
OG00952,beril_Magneto,AMB_RS17750
OG00953,beril_HerbieS,HSERO_RS07935
OG00954,beril_HerbieS,HSERO_RS00375
OG00955,beril_Magneto,AMB_RS14145
OG00956,beril_RalstoniaBSBF1503,RALBFv3_RS19855
OG00957,beril_HerbieS,HSERO_RS12530
OG00958,beril_RalstoniaBSBF1503,RALBFv3_RS09800
OG00959,beril_HerbieS,HSERO_RS16630
OG00960,beril_RalstoniaGMI1000,RS_RS21060
OG00961,beril_HerbieS,HSERO_RS15325
OG00962,beril_RalstoniaPSI07,RPSI07_RS02940
OG00963,beril_RalstoniaBSBF1503,RALBFv3_RS21845
OG00964,beril_HerbieS,HSERO_RS19275
OG00965,beril_RalstoniaBSBF1503,RALBFv3_RS02440
OG00966,beril_HerbieS,HSERO_RS21855
OG00967,beril_HerbieS,HSERO_RS10970
OG00968,beril_Dda3937,DDA3937_RS14220
OG00969,beril_HerbieS,HSERO_RS12980
OG00970,beril_HerbieS,HSERO_RS23195
OG00971,beril_RalstoniaBSBF1503,RALBFv3_RS05830
OG00972,beril_RalstoniaBSBF1503,RALBFv3_RS10970
OG00973,beril_HerbieS,HSERO_RS07300
OG00974,beril_RalstoniaGMI1000,RS_RS01785
OG00975,beril_Dda3937,DDA3937_RS07565
OG00976,beril_RalstoniaPSI07,RPSI07_RS20620
OG00977,beril_RalstoniaGMI1000,RS_RS20435
OG00978,beril_Methanococcus_S2,MMP_RS03725
OG00979,beril_Methanococcus_JJ,MMJJ_RS08555
OG00980,beril_Methanococcus_JJ,MMJJ_RS02045
OG00981,beril_HerbieS,HSERO_RS04820
OG00982,beril_RalstoniaPSI07,RPSI07_RS20980
OG00983,beril_HerbieS,HSERO_RS01490
OG00984,beril_RalstoniaPSI07,RPSI07_RS18330
OG00985,beril_HerbieS,HSERO_RS03175
OG00986,beril_Dda3937,DDA3937_RS02240
OG00987,beril_HerbieS,HSERO_RS10380
OG00988,beril_HerbieS,HSERO_RS23785
OG00989,beril_RalstoniaPSI07,RPSI07_RS10940
OG00990,beril_HerbieS,HSERO_RS10240
OG00991,beril_HerbieS,HSERO_RS07015
OG00992,beril_RalstoniaGMI1000,RS_RS13770
OG00993,beril_Magneto,AMB_RS07565
OG00994,beril_HerbieS,HSERO_RS22820
OG00995,beril_HerbieS,HSERO_RS06840
OG00996,beril_Magneto,AMB_RS10550
OG00997,beril_HerbieS,HSERO_RS16845
OG00998,beril_RalstoniaBSBF1503,RALBFv3_RS00040
OG00999,beril_HerbieS,HSERO_RS04680
OG01000,beril_HerbieS,HSERO_RS14940
OG01001,beril_HerbieS,HSERO_RS16920
OG01002,beril_Dda3937,DDA3937_RS01820
OG01003,beril_HerbieS,HSERO_RS21640
OG01004,beril_RalstoniaBSBF1503,RALBFv3_RS22180
OG01005,beril_RalstoniaPSI07,RPSI07_RS19520
OG01006,beril_HerbieS,HSERO_RS16460
OG01007,beril_Dda3937,DDA3937_RS16240
OG01008,beril_HerbieS,HSERO_RS20880
OG01009,beril_HerbieS,HSERO_RS10150
OG01010,beril_Methanococcus_JJ,MMJJ_RS03555
OG01011,beril_HerbieS,HSERO_RS21940
OG01012,beril_RalstoniaBSBF1503,RALBFv3_RS04560
OG01013,beril_HerbieS,HSERO_RS13770
OG01014,beril_Magneto,AMB_RS19515
OG01015,beril_RalstoniaPSI07,RPSI07_RS12780
OG01016,beril_HerbieS,HSERO_RS16410
OG01017,beril_RalstoniaGMI1000,RS_RS09380
OG01018,beril_Magneto,AMB_RS22950
OG01019,beril_Magneto,AMB_RS22645
OG01020,beril_Dda3937,DDA3937_RS14870
OG01021,beril_Methanococcus_JJ,MMJJ_RS04240
OG01022,beril_HerbieS,HSERO_RS19950
OG01023,beril_HerbieS,HSERO_RS23230
OG01024,beril_HerbieS,HSERO_RS13785
OG01025,beril_HerbieS,HSERO_RS23565
OG01026,beril_HerbieS,HSERO_RS15040
OG01027,beril_RalstoniaPSI07,RPSI07_RS11430
OG01028,beril_HerbieS,HSERO_RS08510
OG01029,beril_Dda3937,DDA3937_RS05630
OG01030,beril_RalstoniaBSBF1503,RALBFv3_RS14295
OG01031,beril_HerbieS,HSERO_RS07145
OG01032,beril_RalstoniaBSBF1503,RALBFv3_RS07045
OG01033,beril_Dda3937,DDA3937_RS14330
OG01034,beril_HerbieS,HSERO_RS21135
OG01035,beril_RalstoniaPSI07,RPSI07_RS00675
OG01036,beril_HerbieS,HSERO_RS05095
OG01037,beril_RalstoniaGMI1000,RS_RS08015
OG01038,beril_RalstoniaGMI1000,RS_RS05455
OG01039,beril_HerbieS,HSERO_RS17345
OG01040,beril_HerbieS,HSERO_RS02755
OG01041,beril_RalstoniaPSI07,RPSI07_RS12850
OG01042,beril_Dda3937,DDA3937_RS05125
OG01043,beril_Dda3937,DDA3937_RS00850
OG01044,beril_Magneto,AMB_RS23035
OG01045,beril_RalstoniaBSBF1503,RALBFv3_RS12570
OG01046,beril_Magneto,AMB_RS17285
OG01047,beril_RalstoniaBSBF1503,RALBFv3_RS16470
OG01048,beril_HerbieS,HSERO_RS13495
OG01049,beril_RalstoniaBSBF1503,RALBFv3_RS22315
OG01050,beril_RalstoniaGMI1000,RS_RS00080
OG01051,beril_HerbieS,HSERO_RS02555
OG01052,beril_HerbieS,HSERO_RS22275
OG01053,beril_RalstoniaPSI07,RPSI07_RS01340
OG01054,beril_HerbieS,HSERO_RS20865
OG01055,beril_HerbieS,HSERO_RS18910
OG01056,beril_HerbieS,HSERO_RS07470
OG01057,beril_RalstoniaGMI1000,RS_RS13595
OG01058,beril_RalstoniaPSI07,RPSI07_RS11385
OG01059,beril_RalstoniaGMI1000,RS_RS06750
OG01060,beril_RalstoniaBSBF1503,RALBFv3_RS06805
OG01061,beril_HerbieS,HSERO_RS12370
OG01062,beril_RalstoniaGMI1000,RS_RS08795
OG01063,beril_HerbieS,HSERO_RS01830
OG01064,beril_HerbieS,HSERO_RS07705
OG01065,beril_RalstoniaGMI1000,RS_RS11190
OG01066,beril_RalstoniaBSBF1503,RALBFv3_RS17410
OG01067,beril_Dda3937,DDA3937_RS18315
OG01068,beril_HerbieS,HSERO_RS12645
OG01069,beril_RalstoniaPSI07,RPSI07_RS23195
OG01070,beril_HerbieS,HSERO_RS08575
OG01071,beril_Methanococcus_JJ,MMJJ_RS04550
OG01072,beril_RalstoniaPSI07,RPSI07_RS19515
OG01073,beril_RalstoniaBSBF1503,RALBFv3_RS04735
OG01074,beril_HerbieS,HSERO_RS19515
OG01075,beril_RalstoniaPSI07,RPSI07_RS21315
OG01076,beril_RalstoniaBSBF1503,RALBFv3_RS00695
OG01077,beril_HerbieS,HSERO_RS05640
OG01078,beril_Magneto,AMB_RS20620
OG01079,beril_HerbieS,HSERO_RS06380
OG01080,beril_Dda3937,DDA3937_RS14570
OG01081,beril_RalstoniaPSI07,RPSI07_RS07035
OG01082,beril_HerbieS,HSERO_RS18390
OG01083,beril_HerbieS,HSERO_RS20565
OG01084,beril_HerbieS,HSERO_RS01530
OG01085,beril_RalstoniaPSI07,RPSI07_RS05625
OG01086,beril_RalstoniaBSBF1503,RALBFv3_RS22940
OG01087,beril_HerbieS,HSERO_RS14660
OG01088,beril_HerbieS,HSERO_RS21585
OG01089,beril_HerbieS,HSERO_RS15890
OG01090,beril_HerbieS,HSERO_RS02030
OG01091,beril_Dda3937,DDA3937_RS23250
OG01092,beril_HerbieS,HSERO_RS13440
OG01093,beril_HerbieS,HSERO_RS06860
OG01094,beril_Dda3937,DDA3937_RS18945
OG01095,beril_HerbieS,HSERO_RS12160
OG01096,beril_RalstoniaPSI07,RPSI07_RS18445
OG01097,beril_HerbieS,HSERO_RS23175
OG01098,beril_Magneto,AMB_RS03495
OG01099,beril_RalstoniaBSBF1503,RALBFv3_RS01965
OG01100,beril_RalstoniaGMI1000,RS_RS14785
OG01101,beril_RalstoniaBSBF1503,RALBFv3_RS06825
OG01102,beril_HerbieS,HSERO_RS04890
OG01103,beril_RalstoniaPSI07,RPSI07_RS21470
OG01104,beril_HerbieS,HSERO_RS09670
OG01105,beril_HerbieS,HSERO_RS00275
OG01106,beril_HerbieS,HSERO_RS11465
OG01107,beril_Magneto,AMB_RS07885
OG01108,beril_HerbieS,HSERO_RS22015
OG01109,beril_HerbieS,HSERO_RS16330
OG01110,beril_RalstoniaBSBF1503,RALBFv3_RS03115
OG01111,beril_HerbieS,HSERO_RS00430
OG01112,beril_HerbieS,HSERO_RS22510
OG01113,beril_RalstoniaGMI1000,RS_RS11960
OG01114,beril_HerbieS,HSERO_RS18180
OG01115,beril_HerbieS,HSERO_RS09320
OG01116,beril_HerbieS,HSERO_RS21415
OG01117,beril_HerbieS,HSERO_RS22440
OG01118,beril_HerbieS,HSERO_RS14280
OG01119,beril_HerbieS,HSERO_RS13760
OG01120,beril_RalstoniaPSI07,RPSI07_RS18040
OG01121,beril_Magneto,AMB_RS02600
OG01122,beril_HerbieS,HSERO_RS18680
OG01123,beril_RalstoniaPSI07,RPSI07_RS14850
OG01124,beril_RalstoniaBSBF1503,RALBFv3_RS01295
OG01125,beril_HerbieS,HSERO_RS01915
OG01126,beril_RalstoniaGMI1000,RS_RS10000
OG01127,beril_RalstoniaPSI07,RPSI07_RS18140
OG01128,beril_HerbieS,HSERO_RS07365
OG01129,beril_Dda3937,DDA3937_RS18025
OG01130,beril_RalstoniaPSI07,RPSI07_RS13065
OG01131,beril_Dda3937,DDA3937_RS05135
OG01132,beril_RalstoniaPSI07,RPSI07_RS14225
OG01133,beril_RalstoniaGMI1000,RS_RS06255
OG01134,beril_RalstoniaPSI07,RPSI07_RS12170
OG01135,beril_Magneto,AMB_RS22755
OG01136,beril_Magneto,AMB_RS00090
OG01137,beril_RalstoniaGMI1000,RS_RS22930
OG01138,beril_Dda3937,DDA3937_RS21580
OG01139,beril_RalstoniaGMI1000,RS_RS07945
OG01140,beril_HerbieS,HSERO_RS06520
OG01141,beril_RalstoniaBSBF1503,RALBFv3_RS14055
OG01142,beril_HerbieS,HSERO_RS05030
OG01143,beril_HerbieS,HSERO_RS02615
OG01144,beril_Magneto,AMB_RS19495
OG01145,beril_Dda3937,DDA3937_RS00645
OG01146,beril_HerbieS,HSERO_RS18760
OG01147,beril_RalstoniaBSBF1503,RALBFv3_RS12080
OG01148,beril_HerbieS,HSERO_RS21845
OG01149,beril_RalstoniaPSI07,RPSI07_RS11945
OG01150,beril_HerbieS,HSERO_RS23745
OG01151,beril_Magneto,AMB_RS15275
OG01152,beril_HerbieS,HSERO_RS12695
OG01153,beril_RalstoniaBSBF1503,RALBFv3_RS05105
OG01154,beril_Magneto,AMB_RS14300
OG01155,beril_HerbieS,HSERO_RS00090
OG01156,beril_HerbieS,HSERO_RS18090
OG01157,beril_Magneto,AMB_RS22130
OG01158,beril_RalstoniaGMI1000,RS_RS05575
OG01159,beril_RalstoniaPSI07,RPSI07_RS02965
OG01160,beril_HerbieS,HSERO_RS11025
OG01161,beril_RalstoniaBSBF1503,RALBFv3_RS06205
OG01162,beril_HerbieS,HSERO_RS09645
OG01163,beril_RalstoniaPSI07,RPSI07_RS12915
OG01164,beril_RalstoniaGMI1000,RS_RS03525
OG01165,beril_HerbieS,HSERO_RS02235
OG01166,beril_HerbieS,HSERO_RS18475
OG01167,beril_RalstoniaBSBF1503,RALBFv3_RS02670
OG01168,beril_RalstoniaGMI1000,RS_RS13840
OG01169,beril_RalstoniaBSBF1503,RALBFv3_RS06325
OG01170,beril_RalstoniaPSI07,RPSI07_RS15795
OG01171,beril_RalstoniaPSI07,RPSI07_RS10025
OG01172,beril_RalstoniaGMI1000,RS_RS04880
OG01173,beril_Magneto,AMB_RS07900
OG01174,beril_HerbieS,HSERO_RS00025
OG01175,beril_RalstoniaPSI07,RPSI07_RS17545
OG01176,beril_RalstoniaBSBF1503,RALBFv3_RS04165
OG01177,beril_RalstoniaBSBF1503,RALBFv3_RS10545
OG01178,beril_RalstoniaGMI1000,RS_RS24335
OG01179,beril_HerbieS,HSERO_RS01660
OG01180,beril_HerbieS,HSERO_RS00390
OG01181,beril_Dda3937,DDA3937_RS15740
OG01182,beril_HerbieS,HSERO_RS12355
OG01183,beril_RalstoniaBSBF1503,RALBFv3_RS07625
OG01184,beril_Dda3937,DDA3937_RS12395
OG01185,beril_HerbieS,HSERO_RS10730
OG01186,beril_Dda3937,DDA3937_RS11665
OG01187,beril_RalstoniaPSI07,RPSI07_RS18535
OG01188,beril_Dda3937,DDA3937_RS07670
OG01189,beril_RalstoniaBSBF1503,RALBFv3_RS00185
OG01190,beril_RalstoniaGMI1000,RS_RS17570
OG01191,beril_HerbieS,HSERO_RS19520
OG01192,beril_Magneto,AMB_RS11615
OG01193,beril_HerbieS,HSERO_RS17340
OG01194,beril_RalstoniaPSI07,RPSI07_RS05270
OG01195,beril_RalstoniaGMI1000,RS_RS04980
OG01196,beril_Magneto,AMB_RS14105
OG01197,beril_RalstoniaGMI1000,RS_RS04505
OG01198,beril_HerbieS,HSERO_RS09435
OG01199,beril_HerbieS,HSERO_RS22200
OG01200,beril_Magneto,AMB_RS13460
OG01201,beril_HerbieS,HSERO_RS13195
OG01202,beril_Magneto,AMB_RS22325
OG01203,beril_Magneto,AMB_RS01025
OG01204,beril_HerbieS,HSERO_RS20320
OG01205,beril_Methanococcus_JJ,MMJJ_RS01070
OG01206,beril_HerbieS,HSERO_RS12120
OG01207,beril_HerbieS,HSERO_RS21570
OG01208,beril_Magneto,AMB_RS11835
OG01209,beril_HerbieS,HSERO_RS12315
OG01210,beril_RalstoniaPSI07,RPSI07_RS17855
OG01211,beril_HerbieS,HSERO_RS17290
OG01212,beril_RalstoniaBSBF1503,RALBFv3_RS15385
OG01213,beril_RalstoniaGMI1000,RS_RS13570
OG01214,beril_HerbieS,HSERO_RS03670
OG01215,beril_RalstoniaPSI07,RPSI07_RS17500
OG01216,beril_RalstoniaGMI1000,RS_RS06140
OG01217,beril_Magneto,AMB_RS13530
OG01218,beril_RalstoniaBSBF1503,RALBFv3_RS07365
OG01219,beril_Dda3937,DDA3937_RS18035
OG01220,beril_Magneto,AMB_RS20815
OG01221,beril_HerbieS,HSERO_RS02740
OG01222,beril_HerbieS,HSERO_RS20820
OG01223,beril_HerbieS,HSERO_RS23540
OG01224,beril_HerbieS,HSERO_RS07540
OG01225,beril_Dda3937,DDA3937_RS19365
OG01226,beril_HerbieS,HSERO_RS08530
OG01227,beril_HerbieS,HSERO_RS23720
OG01228,beril_RalstoniaPSI07,RPSI07_RS23595
OG01229,beril_HerbieS,HSERO_RS14730
OG01230,beril_RalstoniaGMI1000,RS_RS09785
OG01231,beril_RalstoniaPSI07,RPSI07_RS13755
OG01232,beril_HerbieS,HSERO_RS04430
OG01233,beril_RalstoniaBSBF1503,RALBFv3_RS10540
OG01234,beril_RalstoniaBSBF1503,RALBFv3_RS03750
OG01235,beril_RalstoniaBSBF1503,RALBFv3_RS14390
OG01236,beril_HerbieS,HSERO_RS15635
OG01237,beril_Magneto,AMB_RS05700
OG01238,beril_HerbieS,HSERO_RS13825
OG01239,beril_RalstoniaGMI1000,RS_RS03860
OG01240,beril_RalstoniaPSI07,RPSI07_RS15415
OG01241,beril_HerbieS,HSERO_RS00690
OG01242,beril_Dda3937,DDA3937_RS15500
OG01243,beril_HerbieS,HSERO_RS04535
OG01244,beril_HerbieS,HSERO_RS11940
OG01245,beril_HerbieS,HSERO_RS02045
OG01246,beril_Dda3937,DDA3937_RS01620
OG01247,beril_Magneto,AMB_RS11645
OG01248,beril_Magneto,AMB_RS19430
OG01249,beril_RalstoniaPSI07,RPSI07_RS11810
OG01250,beril_HerbieS,HSERO_RS19000
OG01251,beril_Dda3937,DDA3937_RS03625
OG01252,beril_Dda3937,DDA3937_RS15960
OG01253,beril_RalstoniaGMI1000,RS_RS21840
OG01254,beril_RalstoniaBSBF1503,RALBFv3_RS22835
OG01255,beril_HerbieS,HSERO_RS09215
OG01256,beril_RalstoniaGMI1000,RS_RS03105
OG01257,beril_HerbieS,HSERO_RS13300
OG01258,beril_HerbieS,HSERO_RS11680
OG01259,beril_HerbieS,HSERO_RS19655
OG01260,beril_RalstoniaPSI07,RPSI07_RS16295
OG01261,beril_RalstoniaPSI07,RPSI07_RS14230
OG01262,beril_HerbieS,HSERO_RS13460
OG01263,beril_Magneto,AMB_RS22305
OG01264,beril_Magneto,AMB_RS07045
OG01265,beril_Dda3937,DDA3937_RS15480
OG01266,beril_Dda3937,DDA3937_RS08310
OG01267,beril_RalstoniaBSBF1503,RALBFv3_RS23395
OG01268,beril_RalstoniaGMI1000,RS_RS09770
OG01269,beril_RalstoniaGMI1000,RS_RS01665
OG01270,beril_Dda3937,DDA3937_RS19060
OG01271,beril_RalstoniaGMI1000,RS_RS18265
OG01272,beril_Magneto,AMB_RS02125
OG01273,beril_Dda3937,DDA3937_RS19410
OG01274,beril_Dda3937,DDA3937_RS04510
OG01275,beril_HerbieS,HSERO_RS03850
OG01276,beril_RalstoniaGMI1000,RS_RS13330
OG01277,beril_RalstoniaBSBF1503,RALBFv3_RS14970
OG01278,beril_Magneto,AMB_RS07970
OG01279,beril_Magneto,AMB_RS11815
OG01280,beril_RalstoniaGMI1000,RS_RS15005
OG01281,beril_RalstoniaBSBF1503,RALBFv3_RS02825
OG01282,beril_RalstoniaGMI1000,RS_RS21440
OG01283,beril_Dda3937,DDA3937_RS21005
OG01284,beril_Magneto,AMB_RS20020
OG01285,beril_RalstoniaGMI1000,RS_RS06265
OG01286,beril_HerbieS,HSERO_RS11985
OG01287,beril_Magneto,AMB_RS11880
OG01288,beril_Magneto,AMB_RS15750
OG01289,beril_RalstoniaBSBF1503,RALBFv3_RS12565
OG01290,beril_HerbieS,HSERO_RS10055
OG01291,beril_Magneto,AMB_RS22315
OG01292,beril_RalstoniaPSI07,RPSI07_RS23790
OG01293,beril_Magneto,AMB_RS12435
OG01294,beril_HerbieS,HSERO_RS06560
OG01295,beril_HerbieS,HSERO_RS05665
OG01296,beril_HerbieS,HSERO_RS17695
OG01297,beril_HerbieS,HSERO_RS06085
OG01298,beril_Dda3937,DDA3937_RS19340
OG01299,beril_HerbieS,HSERO_RS19630
OG01300,beril_HerbieS,HSERO_RS12475
OG01301,beril_RalstoniaPSI07,RPSI07_RS05470
OG01302,beril_HerbieS,HSERO_RS10500
OG01303,beril_Dda3937,DDA3937_RS12220
OG01304,beril_Dda3937,DDA3937_RS17335
OG01305,beril_HerbieS,HSERO_RS16180
OG01306,beril_RalstoniaGMI1000,RS_RS06275
OG01307,beril_HerbieS,HSERO_RS07105
OG01308,beril_HerbieS,HSERO_RS06250
OG01309,beril_HerbieS,HSERO_RS18400
OG01310,beril_RalstoniaGMI1000,RS_RS14700
OG01311,beril_Methanococcus_JJ,MMJJ_RS05395
OG01312,beril_RalstoniaBSBF1503,RALBFv3_RS06190
OG01313,beril_RalstoniaPSI07,RPSI07_RS10990
OG01314,beril_HerbieS,HSERO_RS07960
OG01315,beril_HerbieS,HSERO_RS00140
OG01316,beril_Magneto,AMB_RS15715
OG01317,beril_Dda3937,DDA3937_RS18620
OG01318,beril_RalstoniaBSBF1503,RALBFv3_RS11755
OG01319,beril_Dda3937,DDA3937_RS06195
OG01320,beril_Magneto,AMB_RS15210
OG01321,beril_RalstoniaBSBF1503,RALBFv3_RS06810
OG01322,beril_HerbieS,HSERO_RS12970
OG01323,beril_RalstoniaPSI07,RPSI07_RS13240
OG01324,beril_HerbieS,HSERO_RS23405
OG01325,beril_RalstoniaBSBF1503,RALBFv3_RS10475
OG01326,beril_HerbieS,HSERO_RS20550
OG01327,beril_HerbieS,HSERO_RS19725
OG01328,beril_HerbieS,HSERO_RS01255
OG01329,beril_RalstoniaGMI1000,RS_RS01700
OG01330,beril_HerbieS,HSERO_RS11535
OG01331,beril_HerbieS,HSERO_RS07315
OG01332,beril_Magneto,AMB_RS01470
OG01333,beril_HerbieS,HSERO_RS19225
OG01334,beril_HerbieS,HSERO_RS05610
OG01335,beril_HerbieS,HSERO_RS18380
OG01336,beril_HerbieS,HSERO_RS06580
OG01337,beril_RalstoniaPSI07,RPSI07_RS17275
OG01338,beril_HerbieS,HSERO_RS18545
OG01339,beril_HerbieS,HSERO_RS08300
OG01340,beril_HerbieS,HSERO_RS11070
OG01341,beril_HerbieS,HSERO_RS23740
OG01342,beril_HerbieS,HSERO_RS22010
OG01343,beril_RalstoniaPSI07,RPSI07_RS11135
OG01344,beril_HerbieS,HSERO_RS23110
OG01345,beril_HerbieS,HSERO_RS18575
OG01346,beril_HerbieS,HSERO_RS20095
OG01347,beril_RalstoniaGMI1000,RS_RS12855
OG01348,beril_RalstoniaBSBF1503,RALBFv3_RS04775
OG01349,beril_RalstoniaGMI1000,RS_RS05555
OG01350,beril_HerbieS,HSERO_RS00580
OG01351,beril_RalstoniaGMI1000,RS_RS01300
OG01352,beril_RalstoniaPSI07,RPSI07_RS11100
OG01353,beril_HerbieS,HSERO_RS18490
OG01354,beril_RalstoniaBSBF1503,RALBFv3_RS19730
OG01355,beril_Dda3937,DDA3937_RS03250
OG01356,beril_HerbieS,HSERO_RS10725
OG01357,beril_RalstoniaPSI07,RPSI07_RS16925
OG01358,beril_Dda3937,DDA3937_RS20525
OG01359,beril_RalstoniaBSBF1503,RALBFv3_RS02820
OG01360,beril_HerbieS,HSERO_RS11655
OG01361,beril_Magneto,AMB_RS11980
OG01362,beril_HerbieS,HSERO_RS16960
OG01363,beril_Dda3937,DDA3937_RS08855
OG01364,beril_Methanococcus_JJ,MMJJ_RS05100
OG01365,beril_RalstoniaPSI07,RPSI07_RS04310
OG01366,beril_RalstoniaGMI1000,RS_RS15065
OG01367,beril_RalstoniaBSBF1503,RALBFv3_RS09410
OG01368,beril_Dda3937,DDA3937_RS05440
OG01369,beril_Magneto,AMB_RS20670
OG01370,beril_RalstoniaGMI1000,RS_RS02000
OG01371,beril_RalstoniaGMI1000,RS_RS10660
OG01372,beril_RalstoniaGMI1000,RS_RS09180
OG01373,beril_HerbieS,HSERO_RS05545
OG01374,beril_Dda3937,DDA3937_RS00270
OG01375,beril_RalstoniaPSI07,RPSI07_RS10360
OG01376,beril_HerbieS,HSERO_RS13315
OG01377,beril_RalstoniaBSBF1503,RALBFv3_RS05910
OG01378,beril_RalstoniaBSBF1503,RALBFv3_RS20530
OG01379,beril_HerbieS,HSERO_RS13360
OG01380,beril_RalstoniaGMI1000,RS_RS08145
OG01381,beril_HerbieS,HSERO_RS04870
OG01382,beril_RalstoniaPSI07,RPSI07_RS17405
OG01383,beril_Magneto,AMB_RS16265
OG01384,beril_Magneto,AMB_RS20005
OG01385,beril_HerbieS,HSERO_RS18205
OG01386,beril_HerbieS,HSERO_RS11760
OG01387,beril_RalstoniaGMI1000,RS_RS14740
OG01388,beril_Magneto,AMB_RS03635
OG01389,beril_RalstoniaBSBF1503,RALBFv3_RS19465
OG01390,beril_HerbieS,HSERO_RS16475
OG01391,beril_HerbieS,HSERO_RS13310
OG01392,beril_RalstoniaPSI07,RPSI07_RS20635
OG01393,beril_RalstoniaGMI1000,RS_RS03855
OG01394,beril_HerbieS,HSERO_RS02905
OG01395,beril_RalstoniaPSI07,RPSI07_RS20950
OG01396,beril_Dda3937,DDA3937_RS09220
OG01397,beril_RalstoniaGMI1000,RS_RS22755
OG01398,beril_RalstoniaBSBF1503,RALBFv3_RS05090
OG01399,beril_HerbieS,HSERO_RS22755
OG01400,beril_Magneto,AMB_RS12305
OG01401,beril_HerbieS,HSERO_RS11815
OG01402,beril_HerbieS,HSERO_RS04825
OG01403,beril_HerbieS,HSERO_RS15375
OG01404,beril_HerbieS,HSERO_RS09185
OG01405,beril_HerbieS,HSERO_RS21725
OG01406,beril_HerbieS,HSERO_RS09800
OG01407,beril_HerbieS,HSERO_RS22455
OG01408,beril_HerbieS,HSERO_RS01135
OG01409,beril_HerbieS,HSERO_RS19640
OG01410,beril_RalstoniaGMI1000,RS_RS19135
OG01411,beril_Magneto,AMB_RS13495
OG01412,beril_HerbieS,HSERO_RS22340
OG01413,beril_Dda3937,DDA3937_RS19055
OG01414,beril_HerbieS,HSERO_RS08535
OG01415,beril_HerbieS,HSERO_RS07430
OG01416,beril_HerbieS,HSERO_RS09170
OG01417,beril_HerbieS,HSERO_RS08960
OG01418,beril_HerbieS,HSERO_RS12680
OG01419,beril_RalstoniaPSI07,RPSI07_RS15235
OG01420,beril_Dda3937,DDA3937_RS10135
OG01421,beril_HerbieS,HSERO_RS07875
OG01422,beril_RalstoniaBSBF1503,RALBFv3_RS05515
OG01423,beril_HerbieS,HSERO_RS15885
OG01424,beril_HerbieS,HSERO_RS15600
OG01425,beril_HerbieS,HSERO_RS04655
OG01426,beril_HerbieS,HSERO_RS05405
OG01427,beril_HerbieS,HSERO_RS14215
OG01428,beril_RalstoniaPSI07,RPSI07_RS19750
OG01429,beril_HerbieS,HSERO_RS13035
OG01430,beril_RalstoniaBSBF1503,RALBFv3_RS04170
OG01431,beril_Magneto,AMB_RS15675
OG01432,beril_HerbieS,HSERO_RS11095
OG01433,beril_Dda3937,DDA3937_RS17000
OG01434,beril_HerbieS,HSERO_RS15330
OG01435,beril_HerbieS,HSERO_RS03260
OG01436,beril_Methanococcus_S2,MMP_RS05890
OG01437,beril_RalstoniaBSBF1503,RALBFv3_RS01340
OG01438,beril_HerbieS,HSERO_RS01725
OG01439,beril_RalstoniaGMI1000,RS_RS00910
OG01440,beril_HerbieS,HSERO_RS16875
OG01441,beril_HerbieS,HSERO_RS12790
OG01442,beril_RalstoniaPSI07,RPSI07_RS10290
OG01443,beril_RalstoniaBSBF1503,RALBFv3_RS05545
OG01444,beril_RalstoniaPSI07,RPSI07_RS10670
OG01445,beril_HerbieS,HSERO_RS23470
OG01446,beril_RalstoniaPSI07,RPSI07_RS18570
OG01447,beril_Magneto,AMB_RS19360
OG01448,beril_RalstoniaBSBF1503,RALBFv3_RS00570
OG01449,beril_Dda3937,DDA3937_RS17135
OG01450,beril_HerbieS,HSERO_RS20770
OG01451,beril_RalstoniaPSI07,RPSI07_RS19505
OG01452,beril_HerbieS,HSERO_RS01205
OG01453,beril_HerbieS,HSERO_RS10620
OG01454,beril_HerbieS,HSERO_RS07095
OG01455,beril_RalstoniaPSI07,RPSI07_RS21760
OG01456,beril_HerbieS,HSERO_RS02075
OG01457,beril_HerbieS,HSERO_RS00875
OG01458,beril_RalstoniaBSBF1503,RALBFv3_RS11305
OG01459,beril_HerbieS,HSERO_RS17810
OG01460,beril_Magneto,AMB_RS14330
OG01461,beril_Magneto,AMB_RS03205
OG01462,beril_HerbieS,HSERO_RS03105
OG01463,beril_RalstoniaGMI1000,RS_RS18790
OG01464,beril_Magneto,AMB_RS05615
OG01465,beril_RalstoniaPSI07,RPSI07_RS00910
OG01466,beril_RalstoniaBSBF1503,RALBFv3_RS16250
OG01467,beril_Magneto,AMB_RS07865
OG01468,beril_RalstoniaGMI1000,RS_RS05960
OG01469,beril_RalstoniaPSI07,RPSI07_RS21190
OG01470,beril_RalstoniaBSBF1503,RALBFv3_RS23060
OG01471,beril_RalstoniaPSI07,RPSI07_RS10235
OG01472,beril_RalstoniaGMI1000,RS_RS09350
OG01473,beril_RalstoniaPSI07,RPSI07_RS11225
OG01474,beril_HerbieS,HSERO_RS01115
OG01475,beril_Dda3937,DDA3937_RS03675
OG01476,beril_RalstoniaBSBF1503,RALBFv3_RS12135
OG01477,beril_RalstoniaPSI07,RPSI07_RS07890
OG01478,beril_RalstoniaGMI1000,RS_RS00225
OG01479,beril_HerbieS,HSERO_RS14680
OG01480,beril_HerbieS,HSERO_RS14200
OG01481,beril_RalstoniaPSI07,RPSI07_RS19475
OG01482,beril_Dda3937,DDA3937_RS13660
OG01483,beril_Magneto,AMB_RS13960
OG01484,beril_RalstoniaBSBF1503,RALBFv3_RS20650
OG01485,beril_Dda3937,DDA3937_RS02955
OG01486,beril_HerbieS,HSERO_RS14005
OG01487,beril_RalstoniaPSI07,RPSI07_RS24590
OG01488,beril_HerbieS,HSERO_RS01140
OG01489,beril_RalstoniaBSBF1503,RALBFv3_RS01770
OG01490,beril_HerbieS,HSERO_RS23615
OG01491,beril_RalstoniaGMI1000,RS_RS20655
OG01492,beril_RalstoniaGMI1000,RS_RS25650
OG01493,beril_HerbieS,HSERO_RS02650
OG01494,beril_HerbieS,HSERO_RS00520
OG01495,beril_HerbieS,HSERO_RS13555
OG01496,beril_Magneto,AMB_RS02765
OG01497,beril_RalstoniaGMI1000,RS_RS03845
OG01498,beril_Magneto,AMB_RS17605
OG01499,beril_HerbieS,HSERO_RS02570
OG01500,beril_HerbieS,HSERO_RS13040
OG01501,beril_RalstoniaBSBF1503,RALBFv3_RS01290
OG01502,beril_HerbieS,HSERO_RS08810
OG01503,beril_HerbieS,HSERO_RS11300
OG01504,beril_RalstoniaPSI07,RPSI07_RS13465
OG01505,beril_Magneto,AMB_RS07445
OG01506,beril_HerbieS,HSERO_RS17200
OG01507,beril_HerbieS,HSERO_RS02170
OG01508,beril_Dda3937,DDA3937_RS16360
OG01509,beril_Dda3937,DDA3937_RS03100
OG01510,beril_RalstoniaPSI07,RPSI07_RS21055
OG01511,beril_HerbieS,HSERO_RS03770
OG01512,beril_Dda3937,DDA3937_RS21010
OG01513,beril_Magneto,AMB_RS11215
OG01514,beril_Magneto,AMB_RS11845
OG01515,beril_RalstoniaPSI07,RPSI07_RS22795
OG01516,beril_Dda3937,DDA3937_RS12610
OG01517,beril_HerbieS,HSERO_RS16250
OG01518,beril_Dda3937,DDA3937_RS10125
OG01519,beril_HerbieS,HSERO_RS04310
OG01520,beril_HerbieS,HSERO_RS09575
OG01521,beril_RalstoniaPSI07,RPSI07_RS13670
OG01522,beril_HerbieS,HSERO_RS13560
OG01523,beril_HerbieS,HSERO_RS17985
OG01524,beril_HerbieS,HSERO_RS12460
OG01525,beril_HerbieS,HSERO_RS13650
OG01526,beril_RalstoniaBSBF1503,RALBFv3_RS11295
OG01527,beril_HerbieS,HSERO_RS17035
OG01528,beril_Magneto,AMB_RS06810
OG01529,beril_HerbieS,HSERO_RS13335
OG01530,beril_RalstoniaGMI1000,RS_RS17290
OG01531,beril_HerbieS,HSERO_RS18750
OG01532,beril_HerbieS,HSERO_RS01405
OG01533,beril_RalstoniaBSBF1503,RALBFv3_RS18700
OG01534,beril_Magneto,AMB_RS15870
OG01535,beril_HerbieS,HSERO_RS23280
OG01536,beril_HerbieS,HSERO_RS16435
OG01537,beril_RalstoniaPSI07,RPSI07_RS11040
OG01538,beril_RalstoniaPSI07,RPSI07_RS13615
OG01539,beril_RalstoniaBSBF1503,RALBFv3_RS06530
OG01540,beril_HerbieS,HSERO_RS20175
OG01541,beril_HerbieS,HSERO_RS11455
OG01542,beril_HerbieS,HSERO_RS00575
OG01543,beril_HerbieS,HSERO_RS12030
OG01544,beril_Magneto,AMB_RS12555
OG01545,beril_HerbieS,HSERO_RS11695
OG01546,beril_HerbieS,HSERO_RS19845
OG01547,beril_RalstoniaBSBF1503,RALBFv3_RS05175
OG01548,beril_HerbieS,HSERO_RS02165
OG01549,beril_RalstoniaBSBF1503,RALBFv3_RS01860
OG01550,beril_RalstoniaPSI07,RPSI07_RS19005
OG01551,beril_RalstoniaBSBF1503,RALBFv3_RS01640
OG01552,beril_HerbieS,HSERO_RS13475
OG01553,beril_HerbieS,HSERO_RS13750
OG01554,beril_RalstoniaBSBF1503,RALBFv3_RS12975
OG01555,beril_Magneto,AMB_RS10895
OG01556,beril_HerbieS,HSERO_RS14375
OG01557,beril_RalstoniaGMI1000,RS_RS05920
OG01558,beril_HerbieS,HSERO_RS12585
OG01559,beril_HerbieS,HSERO_RS20505
OG01560,beril_HerbieS,HSERO_RS16485
OG01561,beril_HerbieS,HSERO_RS04030
OG01562,beril_HerbieS,HSERO_RS02880
OG01563,beril_HerbieS,HSERO_RS03155
OG01564,beril_Dda3937,DDA3937_RS18510
OG01565,beril_RalstoniaBSBF1503,RALBFv3_RS05730
OG01566,beril_RalstoniaPSI07,RPSI07_RS15285
OG01567,beril_RalstoniaBSBF1503,RALBFv3_RS15680
OG01568,beril_HerbieS,HSERO_RS21605
OG01569,beril_RalstoniaGMI1000,RS_RS01520
OG01570,beril_HerbieS,HSERO_RS15820
OG01571,beril_RalstoniaGMI1000,RS_RS07395
OG01572,beril_HerbieS,HSERO_RS18330
OG01573,beril_Dda3937,DDA3937_RS01370
OG01574,beril_HerbieS,HSERO_RS21710
OG01575,beril_Magneto,AMB_RS22595
OG01576,beril_Magneto,AMB_RS14100
OG01577,beril_HerbieS,HSERO_RS16035
OG01578,beril_RalstoniaGMI1000,RS_RS10400
OG01579,beril_HerbieS,HSERO_RS07845
OG01580,beril_Magneto,AMB_RS19765
OG01581,beril_HerbieS,HSERO_RS10320
OG01582,beril_HerbieS,HSERO_RS08645
OG01583,beril_Dda3937,DDA3937_RS14910
OG01584,beril_RalstoniaBSBF1503,RALBFv3_RS19515
OG01585,beril_RalstoniaBSBF1503,RALBFv3_RS18930
OG01586,beril_HerbieS,HSERO_RS13920
OG01587,beril_Magneto,AMB_RS04055
OG01588,beril_RalstoniaBSBF1503,RALBFv3_RS16300
OG01589,beril_HerbieS,HSERO_RS04550
OG01590,beril_Magneto,AMB_RS03250
OG01591,beril_Dda3937,DDA3937_RS16695
OG01592,beril_Magneto,AMB_RS17740
OG01593,beril_RalstoniaGMI1000,RS_RS05690
OG01594,beril_HerbieS,HSERO_RS21355
OG01595,beril_HerbieS,HSERO_RS03015
OG01596,beril_RalstoniaGMI1000,RS_RS12735
OG01597,beril_RalstoniaGMI1000,RS_RS03535
OG01598,beril_RalstoniaPSI07,RPSI07_RS00645
OG01599,beril_HerbieS,HSERO_RS05280
OG01600,beril_HerbieS,HSERO_RS03085
OG01601,beril_RalstoniaPSI07,RPSI07_RS18065
OG01602,beril_RalstoniaBSBF1503,RALBFv3_RS11840
OG01603,beril_RalstoniaGMI1000,RS_RS04470
OG01604,beril_RalstoniaBSBF1503,RALBFv3_RS15155
OG01605,beril_HerbieS,HSERO_RS03535
OG01606,beril_HerbieS,HSERO_RS22205
OG01607,beril_RalstoniaBSBF1503,RALBFv3_RS11300
OG01608,beril_HerbieS,HSERO_RS13365
OG01609,beril_HerbieS,HSERO_RS05090
OG01610,beril_Dda3937,DDA3937_RS13195
OG01611,beril_RalstoniaBSBF1503,RALBFv3_RS20555
OG01612,beril_HerbieS,HSERO_RS07200
OG01613,beril_RalstoniaBSBF1503,RALBFv3_RS14075
OG01614,beril_HerbieS,HSERO_RS05945
OG01615,beril_RalstoniaGMI1000,RS_RS01560
OG01616,beril_HerbieS,HSERO_RS20250
OG01617,beril_HerbieS,HSERO_RS22225
OG01618,beril_HerbieS,HSERO_RS19600
OG01619,beril_HerbieS,HSERO_RS22235
OG01620,beril_RalstoniaPSI07,RPSI07_RS19500
OG01621,beril_RalstoniaBSBF1503,RALBFv3_RS05200
OG01622,beril_HerbieS,HSERO_RS19330
OG01623,beril_Magneto,AMB_RS04405
OG01624,beril_HerbieS,HSERO_RS04435
OG01625,beril_RalstoniaGMI1000,RS_RS07090
OG01626,beril_HerbieS,HSERO_RS09990
OG01627,beril_Dda3937,DDA3937_RS08120
OG01628,beril_RalstoniaBSBF1503,RALBFv3_RS14015
OG01629,beril_RalstoniaBSBF1503,RALBFv3_RS01435
OG01630,beril_HerbieS,HSERO_RS00045
OG01631,beril_HerbieS,HSERO_RS12760
OG01632,beril_Magneto,AMB_RS20030
OG01633,beril_HerbieS,HSERO_RS18790
OG01634,beril_RalstoniaBSBF1503,RALBFv3_RS00370
OG01635,beril_HerbieS,HSERO_RS15145
OG01636,beril_RalstoniaBSBF1503,RALBFv3_RS11735
OG01637,beril_RalstoniaPSI07,RPSI07_RS14065
OG01638,beril_RalstoniaGMI1000,RS_RS07905
OG01639,beril_RalstoniaPSI07,RPSI07_RS22980
OG01640,beril_HerbieS,HSERO_RS05110
OG01641,beril_HerbieS,HSERO_RS15865
OG01642,beril_HerbieS,HSERO_RS05300
OG01643,beril_HerbieS,HSERO_RS11325
OG01644,beril_HerbieS,HSERO_RS20030
OG01645,beril_HerbieS,HSERO_RS06160
OG01646,beril_HerbieS,HSERO_RS18595
OG01647,beril_Methanococcus_JJ,MMJJ_RS05450
OG01648,beril_RalstoniaPSI07,RPSI07_RS00850
OG01649,beril_Magneto,AMB_RS11200
OG01650,beril_HerbieS,HSERO_RS13165
OG01651,beril_HerbieS,HSERO_RS05060
OG01652,beril_HerbieS,HSERO_RS04750
OG01653,beril_RalstoniaPSI07,RPSI07_RS13880
OG01654,beril_Dda3937,DDA3937_RS06155
OG01655,beril_HerbieS,HSERO_RS17965
OG01656,beril_HerbieS,HSERO_RS06310
OG01657,beril_Magneto,AMB_RS21555
OG01658,beril_HerbieS,HSERO_RS07120
OG01659,beril_HerbieS,HSERO_RS20070
OG01660,beril_Magneto,AMB_RS17645
OG01661,beril_RalstoniaBSBF1503,RALBFv3_RS21575
OG01662,beril_HerbieS,HSERO_RS11275
OG01663,beril_Methanococcus_S2,MMP_RS08865
OG01664,beril_HerbieS,HSERO_RS00060
OG01665,beril_RalstoniaPSI07,RPSI07_RS18235
OG01666,beril_HerbieS,HSERO_RS07805
OG01667,beril_HerbieS,HSERO_RS07900
OG01668,beril_Magneto,AMB_RS02585
OG01669,beril_RalstoniaPSI07,RPSI07_RS20640
OG01670,beril_HerbieS,HSERO_RS18315
OG01671,beril_RalstoniaGMI1000,RS_RS13715
OG01672,beril_Dda3937,DDA3937_RS16130
OG01673,beril_RalstoniaGMI1000,RS_RS09925
OG01674,beril_RalstoniaGMI1000,RS_RS09400
OG01675,beril_RalstoniaBSBF1503,RALBFv3_RS05330
OG01676,beril_HerbieS,HSERO_RS16755
OG01677,beril_HerbieS,HSERO_RS07030
OG01678,beril_RalstoniaPSI07,RPSI07_RS19240
OG01679,beril_Dda3937,DDA3937_RS02460
OG01680,beril_RalstoniaPSI07,RPSI07_RS14170
OG01681,beril_Methanococcus_S2,MMP_RS07085
OG01682,beril_RalstoniaGMI1000,RS_RS03740
OG01683,beril_Magneto,AMB_RS13000
OG01684,beril_RalstoniaGMI1000,RS_RS05135
OG01685,beril_RalstoniaGMI1000,RS_RS00675
OG01686,beril_RalstoniaPSI07,RPSI07_RS08150
OG01687,beril_RalstoniaBSBF1503,RALBFv3_RS10720
OG01688,beril_Methanococcus_S2,MMP_RS02120
OG01689,beril_HerbieS,HSERO_RS09225
OG01690,beril_HerbieS,HSERO_RS12360
OG01691,beril_Magneto,AMB_RS14615
OG01692,beril_HerbieS,HSERO_RS03135
OG01693,beril_RalstoniaPSI07,RPSI07_RS18320
OG01694,beril_HerbieS,HSERO_RS11580
OG01695,beril_RalstoniaPSI07,RPSI07_RS00965
OG01696,beril_Magneto,AMB_RS22225
OG01697,beril_HerbieS,HSERO_RS22785
OG01698,beril_Magneto,AMB_RS23005
OG01699,beril_RalstoniaPSI07,RPSI07_RS15645
OG01700,beril_HerbieS,HSERO_RS13705
OG01701,beril_RalstoniaBSBF1503,RALBFv3_RS11675
OG01702,beril_RalstoniaPSI07,RPSI07_RS18050
OG01703,beril_RalstoniaGMI1000,RS_RS14920
OG01704,beril_Dda3937,DDA3937_RS08175
OG01705,beril_Dda3937,DDA3937_RS14380
OG01706,beril_RalstoniaBSBF1503,RALBFv3_RS22295
OG01707,beril_HerbieS,HSERO_RS13290
OG01708,beril_RalstoniaGMI1000,RS_RS07715
OG01709,beril_RalstoniaGMI1000,RS_RS18695
OG01710,beril_RalstoniaPSI07,RPSI07_RS01430
OG01711,beril_RalstoniaBSBF1503,RALBFv3_RS20325
OG01712,beril_RalstoniaBSBF1503,RALBFv3_RS03125
OG01713,beril_HerbieS,HSERO_RS09740
OG01714,beril_Dda3937,DDA3937_RS11875
OG01715,beril_RalstoniaGMI1000,RS_RS10315
OG01716,beril_RalstoniaBSBF1503,RALBFv3_RS04645
OG01717,beril_Magneto,AMB_RS10530
OG01718,beril_Magneto,AMB_RS11100
OG01719,beril_RalstoniaBSBF1503,RALBFv3_RS04570
OG01720,beril_HerbieS,HSERO_RS09970
OG01721,beril_HerbieS,HSERO_RS11905
OG01722,beril_RalstoniaBSBF1503,RALBFv3_RS13800
OG01723,beril_RalstoniaPSI07,RPSI07_RS23320
OG01724,beril_HerbieS,HSERO_RS09695
OG01725,beril_HerbieS,HSERO_RS11565
OG01726,beril_RalstoniaGMI1000,RS_RS00105
OG01727,beril_HerbieS,HSERO_RS08345
OG01728,beril_HerbieS,HSERO_RS04055
OG01729,beril_HerbieS,HSERO_RS14265
OG01730,beril_RalstoniaPSI07,RPSI07_RS03465
OG01731,beril_HerbieS,HSERO_RS07215
OG01732,beril_HerbieS,HSERO_RS18965
OG01733,beril_HerbieS,HSERO_RS13815
OG01734,beril_RalstoniaGMI1000,RS_RS20765
OG01735,beril_RalstoniaBSBF1503,RALBFv3_RS01515
OG01736,beril_Methanococcus_JJ,MMJJ_RS06775
OG01737,beril_HerbieS,HSERO_RS03610
OG01738,beril_RalstoniaBSBF1503,RALBFv3_RS11520
OG01739,beril_RalstoniaGMI1000,RS_RS01860
OG01740,beril_RalstoniaGMI1000,RS_RS09240
OG01741,beril_RalstoniaPSI07,RPSI07_RS13100
OG01742,beril_Magneto,AMB_RS22650
OG01743,beril_HerbieS,HSERO_RS21900
OG01744,beril_Dda3937,DDA3937_RS12115
OG01745,beril_RalstoniaPSI07,RPSI07_RS10385
OG01746,beril_HerbieS,HSERO_RS11725
OG01747,beril_HerbieS,HSERO_RS16970
OG01748,beril_RalstoniaGMI1000,RS_RS02245
OG01749,beril_HerbieS,HSERO_RS22370
OG01750,beril_HerbieS,HSERO_RS12570
OG01751,beril_RalstoniaPSI07,RPSI07_RS23765
OG01752,beril_RalstoniaGMI1000,RS_RS18885
OG01753,beril_RalstoniaGMI1000,RS_RS08100
OG01754,beril_RalstoniaPSI07,RPSI07_RS02660
OG01755,beril_HerbieS,HSERO_RS06010
OG01756,beril_RalstoniaGMI1000,RS_RS05490
OG01757,beril_RalstoniaPSI07,RPSI07_RS19125
OG01758,beril_RalstoniaBSBF1503,RALBFv3_RS03780
OG01759,beril_HerbieS,HSERO_RS18570
OG01760,beril_RalstoniaPSI07,RPSI07_RS24130
OG01761,beril_RalstoniaGMI1000,RS_RS07960
OG01762,beril_RalstoniaGMI1000,RS_RS13275
OG01763,beril_RalstoniaGMI1000,RS_RS24345
OG01764,beril_HerbieS,HSERO_RS10525
OG01765,beril_Magneto,AMB_RS10925
OG01766,beril_RalstoniaBSBF1503,RALBFv3_RS00075
OG01767,beril_RalstoniaGMI1000,RS_RS06680
OG01768,beril_RalstoniaGMI1000,RS_RS14050
OG01769,beril_HerbieS,HSERO_RS23670
OG01770,beril_Magneto,AMB_RS11145
OG01771,beril_HerbieS,HSERO_RS19900
OG01772,beril_HerbieS,HSERO_RS23515
OG01773,beril_HerbieS,HSERO_RS12560
OG01775,beril_HerbieS,HSERO_RS23820
OG01776,beril_HerbieS,HSERO_RS17405
OG01777,beril_RalstoniaBSBF1503,RALBFv3_RS15840
OG01778,beril_RalstoniaPSI07,RPSI07_RS17040
OG01779,beril_HerbieS,HSERO_RS07700
OG01780,beril_RalstoniaBSBF1503,RALBFv3_RS08600
OG01781,beril_HerbieS,HSERO_RS19320
OG01782,beril_RalstoniaGMI1000,RS_RS07605
OG01783,beril_RalstoniaGMI1000,RS_RS11970
OG01784,beril_RalstoniaGMI1000,RS_RS01480
OG01785,beril_Magneto,AMB_RS08110
OG01786,beril_HerbieS,HSERO_RS13810
OG01787,beril_HerbieS,HSERO_RS15810
OG01788,beril_RalstoniaBSBF1503,RALBFv3_RS10980
OG01789,beril_HerbieS,HSERO_RS02745
OG01790,beril_HerbieS,HSERO_RS17775
OG01791,beril_HerbieS,HSERO_RS10445
OG01792,beril_HerbieS,HSERO_RS13180
OG01793,beril_Magneto,AMB_RS12550
OG01794,beril_Magneto,AMB_RS03505
OG01795,beril_HerbieS,HSERO_RS23130
OG01796,beril_RalstoniaBSBF1503,RALBFv3_RS02220
OG01797,beril_RalstoniaGMI1000,RS_RS02500
OG01798,beril_RalstoniaBSBF1503,RALBFv3_RS20655
OG01799,beril_Magneto,AMB_RS21360
OG01800,beril_RalstoniaBSBF1503,RALBFv3_RS03620
OG01801,beril_Magneto,AMB_RS17780
OG01802,beril_Methanococcus_JJ,MMJJ_RS00110
OG01803,beril_HerbieS,HSERO_RS09475
OG01804,beril_RalstoniaPSI07,RPSI07_RS20790
OG01805,beril_RalstoniaBSBF1503,RALBFv3_RS02550
OG01806,beril_Dda3937,DDA3937_RS11690
OG01807,beril_RalstoniaBSBF1503,RALBFv3_RS16365
OG01808,beril_HerbieS,HSERO_RS03790
OG01809,beril_HerbieS,HSERO_RS18065
OG01810,beril_Dda3937,DDA3937_RS05055
OG01811,beril_Dda3937,DDA3937_RS01415
OG01812,beril_Magneto,AMB_RS22625
OG01813,beril_HerbieS,HSERO_RS13385
OG01814,beril_HerbieS,HSERO_RS13455
OG01815,beril_HerbieS,HSERO_RS13200
OG01816,beril_RalstoniaPSI07,RPSI07_RS10070
OG01817,beril_HerbieS,HSERO_RS23455
OG01818,beril_Dda3937,DDA3937_RS13460
OG01819,beril_Methanococcus_S2,MMP_RS03565
OG01820,beril_HerbieS,HSERO_RS10280
OG01821,beril_HerbieS,HSERO_RS05800
OG01822,beril_Dda3937,DDA3937_RS08090
OG01823,beril_Magneto,AMB_RS13390
OG01824,beril_HerbieS,HSERO_RS21680
OG01825,beril_RalstoniaGMI1000,RS_RS18925
OG01826,beril_HerbieS,HSERO_RS04815
OG01827,beril_RalstoniaBSBF1503,RALBFv3_RS22895
OG01828,beril_HerbieS,HSERO_RS13490
OG01829,beril_RalstoniaBSBF1503,RALBFv3_RS04140
OG01830,beril_RalstoniaPSI07,RPSI07_RS06905
OG01831,beril_RalstoniaGMI1000,RS_RS02590
OG01832,beril_Dda3937,DDA3937_RS01085
OG01833,beril_Magneto,AMB_RS06230
OG01834,beril_HerbieS,HSERO_RS04140
OG01835,beril_RalstoniaBSBF1503,RALBFv3_RS10765
OG01836,beril_HerbieS,HSERO_RS00500
OG01837,beril_HerbieS,HSERO_RS11675
OG01838,beril_RalstoniaGMI1000,RS_RS23920
OG01839,beril_Dda3937,DDA3937_RS11925
OG01840,beril_HerbieS,HSERO_RS20635
OG01841,beril_RalstoniaPSI07,RPSI07_RS11280
OG01842,beril_RalstoniaGMI1000,RS_RS14960
OG01843,beril_HerbieS,HSERO_RS00760
OG01844,beril_RalstoniaBSBF1503,RALBFv3_RS04445
OG01845,beril_HerbieS,HSERO_RS08615
OG01846,beril_HerbieS,HSERO_RS11765
OG01847,beril_RalstoniaBSBF1503,RALBFv3_RS18845
OG01848,beril_RalstoniaGMI1000,RS_RS23295
OG01849,beril_HerbieS,HSERO_RS22710
OG01850,beril_RalstoniaPSI07,RPSI07_RS22850
OG01851,beril_HerbieS,HSERO_RS00970
OG01852,beril_RalstoniaPSI07,RPSI07_RS22225
OG01853,beril_HerbieS,HSERO_RS00395
OG01854,beril_HerbieS,HSERO_RS12925
OG01855,beril_RalstoniaBSBF1503,RALBFv3_RS08485
OG01856,beril_Dda3937,DDA3937_RS17830
OG01857,beril_HerbieS,HSERO_RS00360
OG01858,beril_RalstoniaGMI1000,RS_RS01145
OG01859,beril_Magneto,AMB_RS22405
OG01860,beril_HerbieS,HSERO_RS10855
OG01861,beril_RalstoniaGMI1000,RS_RS21915
OG01862,beril_RalstoniaBSBF1503,RALBFv3_RS06845
OG01863,beril_RalstoniaBSBF1503,RALBFv3_RS10895
OG01864,beril_HerbieS,HSERO_RS11400
OG01865,beril_RalstoniaGMI1000,RS_RS06850
OG01866,beril_RalstoniaGMI1000,RS_RS03010
OG01867,beril_RalstoniaGMI1000,RS_RS03390
OG01868,beril_HerbieS,HSERO_RS15710
OG01869,beril_Magneto,AMB_RS11900
OG01870,beril_HerbieS,HSERO_RS12700
OG01871,beril_HerbieS,HSERO_RS09470
OG01872,beril_RalstoniaBSBF1503,RALBFv3_RS02590
OG01873,beril_HerbieS,HSERO_RS08070
OG01874,beril_RalstoniaGMI1000,RS_RS22445
OG01875,beril_HerbieS,HSERO_RS03455
OG01876,beril_RalstoniaBSBF1503,RALBFv3_RS16570
OG01877,beril_RalstoniaGMI1000,RS_RS00595
OG01878,beril_RalstoniaBSBF1503,RALBFv3_RS14520
OG01879,beril_HerbieS,HSERO_RS05125
OG01880,beril_RalstoniaBSBF1503,RALBFv3_RS19315
OG01881,beril_Magneto,AMB_RS05630
OG01882,beril_Dda3937,DDA3937_RS01070
OG01883,beril_RalstoniaGMI1000,RS_RS11735
OG01884,beril_Magneto,AMB_RS11695
OG01885,beril_RalstoniaPSI07,RPSI07_RS02495
OG01886,beril_HerbieS,HSERO_RS00400
OG01887,beril_HerbieS,HSERO_RS10840
OG01888,beril_RalstoniaPSI07,RPSI07_RS15045
OG01889,beril_RalstoniaPSI07,RPSI07_RS04305
OG01890,beril_Dda3937,DDA3937_RS11610
OG01891,beril_RalstoniaPSI07,RPSI07_RS14670
OG01892,beril_HerbieS,HSERO_RS17745
OG01893,beril_HerbieS,HSERO_RS09060
OG01894,beril_HerbieS,HSERO_RS16860
OG01895,beril_HerbieS,HSERO_RS11895
OG01896,beril_RalstoniaBSBF1503,RALBFv3_RS17270
OG01897,beril_HerbieS,HSERO_RS22485
OG01898,beril_HerbieS,HSERO_RS10710
OG01899,beril_RalstoniaBSBF1503,RALBFv3_RS16875
OG01900,beril_RalstoniaPSI07,RPSI07_RS11960
OG01901,beril_RalstoniaGMI1000,RS_RS02460
OG01902,beril_HerbieS,HSERO_RS07985
OG01903,beril_HerbieS,HSERO_RS16695
OG01904,beril_HerbieS,HSERO_RS11110
OG01905,beril_RalstoniaBSBF1503,RALBFv3_RS10995
OG01906,beril_Magneto,AMB_RS01240
OG01907,beril_HerbieS,HSERO_RS09590
OG01908,beril_Dda3937,DDA3937_RS10100
OG01909,beril_HerbieS,HSERO_RS18550
OG01910,beril_HerbieS,HSERO_RS01190
OG01911,beril_HerbieS,HSERO_RS00825
OG01912,beril_RalstoniaPSI07,RPSI07_RS15025
OG01913,beril_Magneto,AMB_RS22580
OG01914,beril_RalstoniaGMI1000,RS_RS13900
OG01915,beril_Methanococcus_JJ,MMJJ_RS09120
OG01916,beril_Magneto,AMB_RS22765
OG01917,beril_HerbieS,HSERO_RS02315
OG01918,beril_RalstoniaBSBF1503,RALBFv3_RS20505
OG01919,beril_RalstoniaPSI07,RPSI07_RS12730
OG01920,beril_HerbieS,HSERO_RS03210
OG01921,beril_HerbieS,HSERO_RS06495
OG01922,beril_Dda3937,DDA3937_RS07960
OG01923,beril_Magneto,AMB_RS15670
OG01924,beril_HerbieS,HSERO_RS06635
OG01925,beril_Methanococcus_JJ,MMJJ_RS08930
OG01926,beril_HerbieS,HSERO_RS01880
OG01927,beril_RalstoniaBSBF1503,RALBFv3_RS05500
OG01928,beril_Dda3937,DDA3937_RS15135
OG01929,beril_HerbieS,HSERO_RS01710
OG01930,beril_RalstoniaPSI07,RPSI07_RS21500
OG01931,beril_Dda3937,DDA3937_RS00610
OG01932,beril_RalstoniaPSI07,RPSI07_RS09560
OG01933,beril_HerbieS,HSERO_RS22880
OG01934,beril_HerbieS,HSERO_RS01300
OG01935,beril_RalstoniaBSBF1503,RALBFv3_RS06710
OG01937,beril_Dda3937,DDA3937_RS17310
OG01941,beril_Magneto,AMB_RS21250
OG01942,beril_RalstoniaBSBF1503,RALBFv3_RS10250
OG01943,beril_Dda3937,DDA3937_RS20520
OG01944,beril_HerbieS,HSERO_RS00565
OG01947,beril_Dda3937,DDA3937_RS16230
OG01950,beril_Dda3937,DDA3937_RS10150
OG01951,beril_Dda3937,DDA3937_RS14755
OG01952,beril_RalstoniaBSBF1503,RALBFv3_RS05075
OG01955,beril_Dda3937,DDA3937_RS10110
OG01957,beril_RalstoniaPSI07,RPSI07_RS16155
OG01958,beril_RalstoniaGMI1000,RS_RS10810
OG01961,beril_Magneto,AMB_RS15700
OG01962,beril_Dda3937,DDA3937_RS03000
OG01964,beril_RalstoniaBSBF1503,RALBFv3_RS18805
OG01965,beril_HerbieS,HSERO_RS03325
OG01967,beril_Methanococcus_S2,MMP_RS02965
OG01968,beril_HerbieS,HSERO_RS18235
OG01969,beril_Dda3937,DDA3937_RS10470
OG01971,beril_RalstoniaPSI07,RPSI07_RS07795
OG01972,beril_RalstoniaBSBF1503,RALBFv3_RS22715
OG01973,beril_Dda3937,DDA3937_RS10035
OG01977,beril_Dda3937,DDA3937_RS02890
OG01978,beril_Dda3937,DDA3937_RS03020
OG01979,beril_Dda3937,DDA3937_RS15245
OG01986,beril_RalstoniaGMI1000,RS_RS01000
OG01987,beril_HerbieS,HSERO_RS13030
OG01988,beril_Magneto,AMB_RS13165
OG01989,beril_Dda3937,DDA3937_RS20635
OG01990,beril_Dda3937,DDA3937_RS14335
OG01993,beril_Magneto,AMB_RS03285
OG01994,beril_Magneto,AMB_RS14980
OG01995,beril_Magneto,AMB_RS15270
OG01996,beril_RalstoniaGMI1000,RS_RS22505
OG01997,beril_Magneto,AMB_RS22285
OG01999,beril_HerbieS,HSERO_RS00915
OG02002,beril_RalstoniaPSI07,RPSI07_RS19275
OG02003,beril_Dda3937,DDA3937_RS08990
OG02006,beril_Methanococcus_S2,MMP_RS02095
OG02007,beril_Dda3937,DDA3937_RS10575
OG02009,beril_Dda3937,DDA3937_RS05470
OG02010,beril_RalstoniaPSI07,RPSI07_RS19690
OG02012,beril_Methanococcus_JJ,MMJJ_RS07020
OG02013,beril_Magneto,AMB_RS19570
OG02014,beril_RalstoniaGMI1000,RS_RS01530
OG02018,beril_Dda3937,DDA3937_RS09740
OG02021,beril_RalstoniaGMI1000,RS_RS05780
OG02022,beril_Magneto,AMB_RS19865
OG02026,beril_RalstoniaPSI07,RPSI07_RS18960
OG02027,beril_RalstoniaGMI1000,RS_RS14545
OG02028,beril_RalstoniaBSBF1503,RALBFv3_RS06515
OG02029,beril_RalstoniaBSBF1503,RALBFv3_RS22630
OG02030,beril_RalstoniaPSI07,RPSI07_RS21250
OG02031,beril_Magneto,AMB_RS22600
OG02033,beril_Dda3937,DDA3937_RS10550
OG02034,beril_RalstoniaGMI1000,RS_RS00265
OG02035,beril_Dda3937,DDA3937_RS01175
OG02036,beril_RalstoniaPSI07,RPSI07_RS14215
OG02038,beril_Magneto,AMB_RS12020
OG02040,beril_RalstoniaGMI1000,RS_RS18540
OG02041,beril_RalstoniaBSBF1503,RALBFv3_RS04720
OG02042,beril_HerbieS,HSERO_RS23340
OG02044,beril_Dda3937,DDA3937_RS04385
OG02046,beril_HerbieS,HSERO_RS09455
OG02047,beril_Methanococcus_S2,MMP_RS05470
OG02048,beril_RalstoniaBSBF1503,RALBFv3_RS23085
OG02050,beril_RalstoniaGMI1000,RS_RS05260
OG02051,beril_RalstoniaGMI1000,RS_RS14555
OG02052,beril_RalstoniaGMI1000,RS_RS00995
OG02058,beril_RalstoniaGMI1000,RS_RS06315
OG02059,beril_RalstoniaBSBF1503,RALBFv3_RS05985
OG02060,beril_Dda3937,DDA3937_RS20235
OG02061,beril_Dda3937,DDA3937_RS21595
OG02062,beril_Magneto,AMB_RS01545
OG02063,beril_Dda3937,DDA3937_RS16010
OG02065,beril_Magneto,AMB_RS21850
OG02069,beril_RalstoniaGMI1000,RS_RS20265
OG02070,beril_Magneto,AMB_RS20040
OG02071,beril_RalstoniaGMI1000,RS_RS05265
OG02072,beril_RalstoniaBSBF1503,RALBFv3_RS07740
OG02073,beril_Magneto,AMB_RS12995
OG02075,beril_HerbieS,HSERO_RS00545
OG02076,beril_Magneto,AMB_RS07730
OG02077,beril_RalstoniaGMI1000,RS_RS01670
OG02078,beril_RalstoniaGMI1000,RS_RS05290
OG02079,beril_Dda3937,DDA3937_RS10290
OG02081,beril_Magneto,AMB_RS13190
OG02082,beril_Dda3937,DDA3937_RS18845
OG02083,beril_HerbieS,HSERO_RS19555
OG02085,beril_RalstoniaBSBF1503,RALBFv3_RS17445
OG02088,beril_Methanococcus_JJ,MMJJ_RS07105
OG02089,beril_Dda3937,DDA3937_RS04940
OG02091,beril_Magneto,AMB_RS11790
OG02092,beril_Methanococcus_JJ,MMJJ_RS07550
OG02093,beril_Dda3937,DDA3937_RS14355
OG02094,beril_Magneto,AMB_RS22235
OG02096,beril_Dda3937,DDA3937_RS12840
OG02099,beril_RalstoniaGMI1000,RS_RS05975
OG02100,beril_RalstoniaBSBF1503,RALBFv3_RS13900
OG02103,beril_RalstoniaBSBF1503,RALBFv3_RS07720
OG02105,beril_Methanococcus_JJ,MMJJ_RS02745
OG02106,beril_RalstoniaBSBF1503,RALBFv3_RS06960
OG02109,beril_Dda3937,DDA3937_RS14280
OG02110,beril_Magneto,AMB_RS20805
OG02111,beril_Magneto,AMB_RS09075
OG02112,beril_Dda3937,DDA3937_RS10105
OG02113,beril_Magneto,AMB_RS01275
OG02114,beril_Magneto,AMB_RS10255
OG02115,beril_RalstoniaBSBF1503,RALBFv3_RS20360
OG02116,beril_HerbieS,HSERO_RS14795
OG02117,beril_Dda3937,DDA3937_RS03395
OG02121,beril_Magneto,AMB_RS06680
OG02123,beril_Magneto,AMB_RS03605
OG02124,beril_RalstoniaPSI07,RPSI07_RS18255
OG02125,beril_HerbieS,HSERO_RS17980
OG02127,beril_RalstoniaGMI1000,RS_RS20495
OG02128,beril_Magneto,AMB_RS06190
OG02129,beril_RalstoniaPSI07,RPSI07_RS02605
OG02131,beril_Magneto,AMB_RS02530
OG02132,beril_RalstoniaPSI07,RPSI07_RS10285
OG02135,beril_Dda3937,DDA3937_RS11975
OG02136,beril_RalstoniaGMI1000,RS_RS11860
OG02137,beril_Magneto,AMB_RS02675
OG02138,beril_Dda3937,DDA3937_RS17115
OG02139,beril_Dda3937,DDA3937_RS16945
OG02140,beril_Dda3937,DDA3937_RS17595
OG02142,beril_Dda3937,DDA3937_RS10485
OG02143,beril_RalstoniaGMI1000,RS_RS10825
OG02144,beril_Dda3937,DDA3937_RS00945
OG02145,beril_Dda3937,DDA3937_RS04500
OG02146,beril_RalstoniaBSBF1503,RALBFv3_RS20585
OG02147,beril_RalstoniaBSBF1503,RALBFv3_RS00840
OG02148,beril_RalstoniaPSI07,RPSI07_RS22075
OG02150,beril_Methanococcus_S2,MMP_RS05365
OG02153,beril_Dda3937,DDA3937_RS01710
OG02154,beril_RalstoniaGMI1000,RS_RS07265
OG02155,beril_Magneto,AMB_RS06525
OG02158,beril_HerbieS,HSERO_RS07765
OG02160,beril_RalstoniaBSBF1503,RALBFv3_RS08650
OG02161,beril_RalstoniaPSI07,RPSI07_RS19980
OG02163,beril_Magneto,AMB_RS20865
OG02164,beril_HerbieS,HSERO_RS18200
OG02165,beril_Magneto,AMB_RS04425
OG02167,beril_Magneto,AMB_RS21060
OG02168,beril_Dda3937,DDA3937_RS13255
OG02169,beril_RalstoniaPSI07,RPSI07_RS08575
OG02170,beril_RalstoniaBSBF1503,RALBFv3_RS06180
OG02172,beril_RalstoniaPSI07,RPSI07_RS22115
OG02174,beril_Methanococcus_JJ,MMJJ_RS07375
OG02175,beril_Dda3937,DDA3937_RS00185
OG02176,beril_RalstoniaBSBF1503,RALBFv3_RS06110
OG02178,beril_Dda3937,DDA3937_RS00175
OG02180,beril_Dda3937,DDA3937_RS21450
OG02181,beril_RalstoniaPSI07,RPSI07_RS01205
OG02183,beril_HerbieS,HSERO_RS20750
OG02184,beril_HerbieS,HSERO_RS15300
OG02186,beril_HerbieS,HSERO_RS02630
OG02188,beril_RalstoniaPSI07,RPSI07_RS14235
OG02190,beril_Magneto,AMB_RS13170
OG02191,beril_Magneto,AMB_RS06325
OG02193,beril_HerbieS,HSERO_RS10655
OG02194,beril_Dda3937,DDA3937_RS14780
OG02195,beril_Magneto,AMB_RS15645
OG02196,beril_HerbieS,HSERO_RS14230
OG02197,beril_RalstoniaPSI07,RPSI07_RS19510
OG02203,beril_Dda3937,DDA3937_RS11790
OG02204,beril_HerbieS,HSERO_RS21190
OG02205,beril_Dda3937,DDA3937_RS12525
OG02207,beril_RalstoniaGMI1000,RS_RS05185
OG02208,beril_Magneto,AMB_RS23800
OG02211,beril_Magneto,AMB_RS17060
OG02212,beril_Methanococcus_S2,MMP_RS03235
OG02213,beril_HerbieS,HSERO_RS21760
OG02214,beril_Dda3937,DDA3937_RS21270
OG02217,beril_RalstoniaBSBF1503,RALBFv3_RS05310
OG02220,beril_RalstoniaGMI1000,RS_RS10090
OG02221,beril_Magneto,AMB_RS13330
OG02223,beril_Magneto,AMB_RS00845
OG02224,beril_Methanococcus_S2,MMP_RS03560
OG02225,beril_RalstoniaBSBF1503,RALBFv3_RS04940
OG02227,beril_RalstoniaGMI1000,RS_RS12645
OG02228,beril_Dda3937,DDA3937_RS15140
OG02229,beril_RalstoniaBSBF1503,RALBFv3_RS05395
OG02230,beril_Dda3937,DDA3937_RS05620
OG02231,beril_Magneto,AMB_RS21855
OG02233,beril_Dda3937,DDA3937_RS01580
OG02234,beril_RalstoniaPSI07,RPSI07_RS16525
OG02235,beril_RalstoniaBSBF1503,RALBFv3_RS10680
OG02238,beril_RalstoniaBSBF1503,RALBFv3_RS12340
OG02239,beril_RalstoniaBSBF1503,RALBFv3_RS23065
OG02240,beril_RalstoniaPSI07,RPSI07_RS17990
OG02244,beril_Dda3937,DDA3937_RS12930
OG02245,beril_Magneto,AMB_RS01190
OG02247,beril_Magneto,AMB_RS07265
OG02248,beril_Dda3937,DDA3937_RS05080
OG02250,beril_Magneto,AMB_RS10525
OG02251,beril_Dda3937,DDA3937_RS19360
OG02253,beril_RalstoniaBSBF1503,RALBFv3_RS12955
OG02254,beril_Magneto,AMB_RS23060
OG02255,beril_Methanococcus_JJ,MMJJ_RS01520
OG02256,beril_HerbieS,HSERO_RS01920
OG02258,beril_HerbieS,HSERO_RS16575
OG02259,beril_Magneto,AMB_RS14050
OG02260,beril_Magneto,AMB_RS14410
OG02262,beril_Magneto,AMB_RS19870
OG02264,beril_Dda3937,DDA3937_RS12410
OG02265,beril_RalstoniaPSI07,RPSI07_RS16965
OG02266,beril_RalstoniaBSBF1503,RALBFv3_RS13025
OG02267,beril_RalstoniaPSI07,RPSI07_RS03775
OG02268,beril_Magneto,AMB_RS17055
OG02272,beril_RalstoniaBSBF1503,RALBFv3_RS05565
OG02275,beril_Dda3937,DDA3937_RS05765
OG02277,beril_Dda3937,DDA3937_RS22555
OG02278,beril_Dda3937,DDA3937_RS02750
OG02282,beril_HerbieS,HSERO_RS14655
OG02283,beril_Magneto,AMB_RS19985
OG02284,beril_RalstoniaGMI1000,RS_RS11090
OG02286,beril_RalstoniaBSBF1503,RALBFv3_RS03005
OG02287,beril_HerbieS,HSERO_RS18540
OG02288,beril_HerbieS,HSERO_RS12610
OG02290,beril_Magneto,AMB_RS20300
OG02292,beril_RalstoniaGMI1000,RS_RS00360
OG02293,beril_HerbieS,HSERO_RS13995
OG02294,beril_Magneto,AMB_RS20305
OG02297,beril_HerbieS,HSERO_RS06245
OG02298,beril_Dda3937,DDA3937_RS16930
OG02299,beril_HerbieS,HSERO_RS16385
OG02300,beril_HerbieS,HSERO_RS11610
OG02301,beril_RalstoniaGMI1000,RS_RS13235
OG02304,beril_HerbieS,HSERO_RS01155
OG02305,beril_RalstoniaPSI07,RPSI07_RS19815
OG02306,beril_Dda3937,DDA3937_RS16915
OG02307,beril_Dda3937,DDA3937_RS09450
OG02310,beril_Magneto,AMB_RS16205
OG02311,beril_RalstoniaBSBF1503,RALBFv3_RS11865
OG02312,beril_RalstoniaPSI07,RPSI07_RS11745
OG02313,beril_Dda3937,DDA3937_RS11315
OG02314,beril_RalstoniaGMI1000,RS_RS03465
OG02315,beril_Magneto,AMB_RS06960
OG02317,beril_Dda3937,DDA3937_RS03280
OG02319,beril_Dda3937,DDA3937_RS20405
OG02320,beril_Dda3937,DDA3937_RS05085
OG02322,beril_Magneto,AMB_RS10620
OG02324,beril_Magneto,AMB_RS02720
OG02325,beril_RalstoniaGMI1000,RS_RS22540
OG02326,beril_Magneto,AMB_RS03950
OG02327,beril_RalstoniaBSBF1503,RALBFv3_RS08860
OG02328,beril_RalstoniaBSBF1503,RALBFv3_RS09570
OG02329,beril_Dda3937,DDA3937_RS11200
OG02330,beril_HerbieS,HSERO_RS01695
OG02332,beril_Dda3937,DDA3937_RS20080
OG02333,beril_HerbieS,HSERO_RS15515
OG02335,beril_Magneto,AMB_RS05120
OG02336,beril_RalstoniaBSBF1503,RALBFv3_RS22905
OG02337,beril_Methanococcus_S2,MMP_RS07190
OG02338,beril_Dda3937,DDA3937_RS00860
OG02339,beril_Dda3937,DDA3937_RS00835
OG02340,beril_Dda3937,DDA3937_RS05675
OG02342,beril_Magneto,AMB_RS13550
OG02343,beril_HerbieS,HSERO_RS10925
OG02346,beril_Dda3937,DDA3937_RS18950
OG02348,beril_RalstoniaBSBF1503,RALBFv3_RS15265
OG02349,beril_RalstoniaBSBF1503,RALBFv3_RS08725
OG02351,beril_Dda3937,DDA3937_RS01940
OG02353,beril_Dda3937,DDA3937_RS20320
OG02355,beril_HerbieS,HSERO_RS01645
OG02356,beril_Magneto,AMB_RS21260
OG02357,beril_Dda3937,DDA3937_RS11490
OG02360,beril_Magneto,AMB_RS20825
OG02361,beril_Dda3937,DDA3937_RS05060
OG02363,beril_Magneto,AMB_RS20950
OG02364,beril_RalstoniaBSBF1503,RALBFv3_RS16665
OG02365,beril_HerbieS,HSERO_RS03145
OG02366,beril_RalstoniaPSI07,RPSI07_RS16130
OG02369,beril_Dda3937,DDA3937_RS04305
OG02370,beril_RalstoniaBSBF1503,RALBFv3_RS06955
OG02371,beril_HerbieS,HSERO_RS15185
OG02374,beril_Dda3937,DDA3937_RS19315
OG02375,beril_RalstoniaPSI07,RPSI07_RS18505
OG02376,beril_Magneto,AMB_RS10590
OG02378,beril_RalstoniaGMI1000,RS_RS23715
OG02379,beril_Magneto,AMB_RS16780
OG02380,beril_Dda3937,DDA3937_RS18765
OG02382,beril_HerbieS,HSERO_RS18480
OG02384,beril_Dda3937,DDA3937_RS11965
OG02385,beril_Dda3937,DDA3937_RS14805
OG02387,beril_RalstoniaGMI1000,RS_RS22715
OG02389,beril_RalstoniaGMI1000,RS_RS11120
OG02390,beril_Magneto,AMB_RS13145
OG02391,beril_RalstoniaBSBF1503,RALBFv3_RS16720
OG02393,beril_Magneto,AMB_RS00050
OG02394,beril_HerbieS,HSERO_RS01700
OG02395,beril_RalstoniaGMI1000,RS_RS07710
OG02396,beril_Dda3937,DDA3937_RS03270
OG02399,beril_Magneto,AMB_RS08155
OG02400,beril_RalstoniaGMI1000,RS_RS18940
OG02402,beril_Magneto,AMB_RS17050
OG02403,beril_Dda3937,DDA3937_RS01655
OG02404,beril_RalstoniaPSI07,RPSI07_RS03325
OG02405,beril_Magneto,AMB_RS00370
OG02406,beril_Dda3937,DDA3937_RS13735
OG02408,beril_Dda3937,DDA3937_RS03120
OG02409,beril_RalstoniaPSI07,RPSI07_RS04140
OG02410,beril_Magneto,AMB_RS15225
OG02411,beril_RalstoniaBSBF1503,RALBFv3_RS20130
OG02412,beril_RalstoniaGMI1000,RS_RS07155
OG02414,beril_RalstoniaPSI07,RPSI07_RS22165
OG02420,beril_Methanococcus_JJ,MMJJ_RS01205
OG02424,beril_RalstoniaBSBF1503,RALBFv3_RS14845
OG02425,beril_Magneto,AMB_RS20600
OG02427,beril_HerbieS,HSERO_RS14185
OG02430,beril_Dda3937,DDA3937_RS05665
OG02431,beril_RalstoniaPSI07,RPSI07_RS16520
OG02432,beril_RalstoniaGMI1000,RS_RS01010
OG02433,beril_RalstoniaGMI1000,RS_RS15610
OG02434,beril_Dda3937,DDA3937_RS02725
OG02437,beril_RalstoniaGMI1000,RS_RS17680
OG02438,beril_HerbieS,HSERO_RS17330
OG02440,beril_RalstoniaBSBF1503,RALBFv3_RS14895
OG02442,beril_Dda3937,DDA3937_RS13035
OG02443,beril_Dda3937,DDA3937_RS15930
OG02444,beril_Magneto,AMB_RS10115
OG02447,beril_Magneto,AMB_RS21245
OG02449,beril_Dda3937,DDA3937_RS19610
OG02450,beril_RalstoniaBSBF1503,RALBFv3_RS06730
OG02451,beril_Magneto,AMB_RS03965
OG02452,beril_Dda3937,DDA3937_RS14600
OG02453,beril_Dda3937,DDA3937_RS19655
OG02454,beril_Magneto,AMB_RS19925
OG02458,beril_HerbieS,HSERO_RS01625
OG02459,beril_Methanococcus_S2,MMP_RS00125
OG02460,beril_RalstoniaPSI07,RPSI07_RS18735
OG02461,beril_Dda3937,DDA3937_RS00855
OG02462,beril_Dda3937,DDA3937_RS14405
OG02463,beril_Magneto,AMB_RS21055
OG02465,beril_Dda3937,DDA3937_RS12405
OG02466,beril_RalstoniaGMI1000,RS_RS20450
OG02468,beril_RalstoniaGMI1000,RS_RS12260
OG02470,beril_RalstoniaGMI1000,RS_RS17180
OG02473,beril_HerbieS,HSERO_RS21800
OG02475,beril_Magneto,AMB_RS22075
OG02476,beril_RalstoniaPSI07,RPSI07_RS23965
OG02477,beril_Methanococcus_S2,MMP_RS01060
OG02479,beril_Dda3937,DDA3937_RS11990
OG02481,beril_Magneto,AMB_RS01435
OG02483,beril_Magneto,AMB_RS20935
OG02485,beril_Dda3937,DDA3937_RS10040
OG02486,beril_RalstoniaGMI1000,RS_RS05610
OG02489,beril_Dda3937,DDA3937_RS01435
OG02490,beril_RalstoniaBSBF1503,RALBFv3_RS20865
OG02492,beril_RalstoniaGMI1000,RS_RS16550
OG02494,beril_RalstoniaGMI1000,RS_RS18915
OG02497,beril_RalstoniaBSBF1503,RALBFv3_RS20290
OG02499,beril_Methanococcus_JJ,MMJJ_RS02750
OG02501,beril_RalstoniaGMI1000,RS_RS21780
OG02502,beril_HerbieS,HSERO_RS23395
OG02503,beril_HerbieS,HSERO_RS17765
OG02507,beril_HerbieS,HSERO_RS20845
OG02510,beril_Dda3937,DDA3937_RS05485
OG02512,beril_Magneto,AMB_RS15220
OG02513,beril_Dda3937,DDA3937_RS11475
OG02514,beril_RalstoniaGMI1000,RS_RS19630
OG02518,beril_Dda3937,DDA3937_RS19630
OG02520,beril_Dda3937,DDA3937_RS20890
OG02521,beril_RalstoniaGMI1000,RS_RS17685
OG02527,beril_RalstoniaGMI1000,RS_RS05520
OG02528,beril_Magneto,AMB_RS21150
OG02529,beril_Dda3937,DDA3937_RS09520
OG02531,beril_RalstoniaPSI07,RPSI07_RS10950
OG02532,beril_Dda3937,DDA3937_RS21510
OG02533,beril_Dda3937,DDA3937_RS15295
OG02534,beril_Methanococcus_JJ,MMJJ_RS09180
OG02537,beril_Magneto,AMB_RS14275
OG02538,beril_RalstoniaGMI1000,RS_RS07100
OG02539,beril_HerbieS,HSERO_RS21535
OG02540,beril_RalstoniaGMI1000,RS_RS21600
OG02541,beril_RalstoniaGMI1000,RS_RS08645
OG02542,beril_HerbieS,HSERO_RS15345
OG02543,beril_RalstoniaGMI1000,RS_RS02015
OG02544,beril_RalstoniaPSI07,RPSI07_RS20120
OG02545,beril_Dda3937,DDA3937_RS06550
OG02547,beril_Dda3937,DDA3937_RS15510
OG02549,beril_Magneto,AMB_RS12540
OG02550,beril_Dda3937,DDA3937_RS05855
OG02551,beril_HerbieS,HSERO_RS20805
OG02552,beril_RalstoniaPSI07,RPSI07_RS21800
OG02553,beril_Dda3937,DDA3937_RS02710
OG02554,beril_Magneto,AMB_RS21155
OG02555,beril_RalstoniaPSI07,RPSI07_RS06560
OG02559,beril_Dda3937,DDA3937_RS18675
OG02560,beril_Dda3937,DDA3937_RS03030
OG02564,beril_Dda3937,DDA3937_RS05070
OG02565,beril_Magneto,AMB_RS12430
OG02566,beril_Dda3937,DDA3937_RS14515
OG02567,beril_Dda3937,DDA3937_RS14475
OG02568,beril_RalstoniaPSI07,RPSI07_RS08410
OG02569,beril_RalstoniaGMI1000,RS_RS13395
OG02571,beril_Magneto,AMB_RS21145
OG02574,beril_RalstoniaPSI07,RPSI07_RS12860
OG02575,beril_Dda3937,DDA3937_RS17885
OG02576,beril_HerbieS,HSERO_RS06145
OG02579,beril_Dda3937,DDA3937_RS19600
OG02580,beril_RalstoniaBSBF1503,RALBFv3_RS06210
OG02581,beril_Dda3937,DDA3937_RS17025
OG02582,beril_Dda3937,DDA3937_RS09375
OG02583,beril_HerbieS,HSERO_RS19830
OG02586,beril_RalstoniaBSBF1503,RALBFv3_RS10510
OG02587,beril_Magneto,AMB_RS19550
OG02590,beril_RalstoniaGMI1000,RS_RS08140
OG02592,beril_RalstoniaBSBF1503,RALBFv3_RS09470
OG02593,beril_Dda3937,DDA3937_RS01750
OG02596,beril_RalstoniaGMI1000,RS_RS10060
OG02597,beril_Dda3937,DDA3937_RS15660
OG02598,beril_RalstoniaGMI1000,RS_RS07015
OG02599,beril_HerbieS,HSERO_RS12255
OG02601,beril_Magneto,AMB_RS09260
OG02602,beril_Dda3937,DDA3937_RS17090
OG02605,beril_RalstoniaPSI07,RPSI07_RS13575
OG02606,beril_Magneto,AMB_RS20980
OG02608,beril_Dda3937,DDA3937_RS22300
OG02609,beril_Dda3937,DDA3937_RS04320
OG02610,beril_Dda3937,DDA3937_RS02400
OG02611,beril_Dda3937,DDA3937_RS10515
OG02616,beril_Dda3937,DDA3937_RS15760
OG02617,beril_RalstoniaPSI07,RPSI07_RS16460
OG02618,beril_HerbieS,HSERO_RS05875
OG02619,beril_Magneto,AMB_RS22175
OG02621,beril_RalstoniaPSI07,RPSI07_RS11115
OG02624,beril_RalstoniaBSBF1503,RALBFv3_RS15245
OG02627,beril_Dda3937,DDA3937_RS10570
OG02632,beril_RalstoniaPSI07,RPSI07_RS10270
OG02633,beril_Dda3937,DDA3937_RS14445
OG02634,beril_Magneto,AMB_RS03985
OG02635,beril_Magneto,AMB_RS21990
OG02637,beril_RalstoniaPSI07,RPSI07_RS20360
OG02638,beril_RalstoniaBSBF1503,RALBFv3_RS21320
OG02640,beril_Dda3937,DDA3937_RS19000
OG02641,beril_RalstoniaGMI1000,RS_RS05720
OG02642,beril_Dda3937,DDA3937_RS10565
OG02644,beril_RalstoniaGMI1000,RS_RS18535
OG02647,beril_RalstoniaBSBF1503,RALBFv3_RS20390
OG02649,beril_RalstoniaBSBF1503,RALBFv3_RS12820
OG02652,beril_Magneto,AMB_RS06765
OG02654,beril_Dda3937,DDA3937_RS15700
OG02656,beril_RalstoniaGMI1000,RS_RS11835
OG02657,beril_Magneto,AMB_RS23905
OG02659,beril_Dda3937,DDA3937_RS10420
OG02660,beril_Magneto,AMB_RS12650
OG02662,beril_Dda3937,DDA3937_RS15160
OG02663,beril_Dda3937,DDA3937_RS00980
OG02664,beril_Dda3937,DDA3937_RS18245
OG02665,beril_RalstoniaPSI07,RPSI07_RS20115
OG02666,beril_Dda3937,DDA3937_RS04495
OG02667,beril_Dda3937,DDA3937_RS01030
OG02668,beril_RalstoniaPSI07,RPSI07_RS11150
OG02671,beril_Dda3937,DDA3937_RS18535
OG02673,beril_RalstoniaBSBF1503,RALBFv3_RS09760
OG02674,beril_RalstoniaPSI07,RPSI07_RS23485
OG02675,beril_HerbieS,HSERO_RS11615
OG02678,beril_RalstoniaBSBF1503,RALBFv3_RS09725
OG02679,beril_HerbieS,HSERO_RS14220
OG02680,beril_HerbieS,HSERO_RS02980
OG02681,beril_Methanococcus_S2,MMP_RS07630
OG02682,beril_RalstoniaGMI1000,RS_RS17410
OG02683,beril_RalstoniaBSBF1503,RALBFv3_RS00410
OG02685,beril_RalstoniaGMI1000,RS_RS21735
OG02686,beril_Methanococcus_S2,MMP_RS06940
OG02687,beril_RalstoniaBSBF1503,RALBFv3_RS14890
OG02690,beril_RalstoniaBSBF1503,RALBFv3_RS08695
OG02691,beril_Dda3937,DDA3937_RS14760
OG02694,beril_Dda3937,DDA3937_RS00345
OG02696,beril_RalstoniaGMI1000,RS_RS03770
OG02698,beril_Dda3937,DDA3937_RS12605
OG02699,beril_Dda3937,DDA3937_RS19335
OG02701,beril_Magneto,AMB_RS21290
OG02702,beril_HerbieS,HSERO_RS20240
OG02703,beril_RalstoniaPSI07,RPSI07_RS19025
OG02705,beril_RalstoniaBSBF1503,RALBFv3_RS23075
OG02707,beril_RalstoniaPSI07,RPSI07_RS02725
OG02708,beril_Dda3937,DDA3937_RS14605
OG02709,beril_Magneto,AMB_RS21235
OG02710,beril_Magneto,AMB_RS03225
OG02712,beril_Dda3937,DDA3937_RS18480
OG02714,beril_HerbieS,HSERO_RS16545
OG02715,beril_RalstoniaGMI1000,RS_RS03375
OG02720,beril_Dda3937,DDA3937_RS14565
OG02721,beril_RalstoniaBSBF1503,RALBFv3_RS15275
OG02723,beril_RalstoniaGMI1000,RS_RS00295
OG02724,beril_Dda3937,DDA3937_RS06100
OG02725,beril_Methanococcus_JJ,MMJJ_RS02740
OG02726,beril_Dda3937,DDA3937_RS15145
OG02727,beril_Dda3937,DDA3937_RS21545
OG02730,beril_Magneto,AMB_RS19595
OG02731,beril_Dda3937,DDA3937_RS15225
OG02733,beril_RalstoniaBSBF1503,RALBFv3_RS22915
OG02734,beril_HerbieS,HSERO_RS09340
OG02736,beril_Magneto,AMB_RS10610
OG02738,beril_HerbieS,HSERO_RS10745
OG02741,beril_HerbieS,HSERO_RS06220
OG02742,beril_Dda3937,DDA3937_RS20310
OG02743,beril_Magneto,AMB_RS02525
OG02745,beril_RalstoniaGMI1000,RS_RS13240
OG02746,beril_RalstoniaPSI07,RPSI07_RS10695
OG02747,beril_Magneto,AMB_RS22840
OG02750,beril_RalstoniaBSBF1503,RALBFv3_RS06135
OG02751,beril_RalstoniaPSI07,RPSI07_RS21520
OG02757,beril_Dda3937,DDA3937_RS15915
OG02758,beril_Dda3937,DDA3937_RS04795
OG02760,beril_Methanococcus_JJ,MMJJ_RS04130
OG02761,beril_Dda3937,DDA3937_RS10045
OG02763,beril_Magneto,AMB_RS03270
OG02764,beril_Magneto,AMB_RS22470
OG02769,beril_Dda3937,DDA3937_RS14770
OG02770,beril_Magneto,AMB_RS21050
OG02771,beril_RalstoniaBSBF1503,RALBFv3_RS06225
OG02772,beril_Methanococcus_S2,MMP_RS02230
OG02773,beril_RalstoniaGMI1000,RS_RS09995
OG02774,beril_Dda3937,DDA3937_RS19140
OG02776,beril_Dda3937,DDA3937_RS01520
OG02779,beril_Magneto,AMB_RS18000
OG02781,beril_RalstoniaPSI07,RPSI07_RS17480
OG02783,beril_Magneto,AMB_RS15685
OG02784,beril_Magneto,AMB_RS12080
OG02787,beril_RalstoniaPSI07,RPSI07_RS10955
OG02788,beril_HerbieS,HSERO_RS13055
OG02793,beril_Dda3937,DDA3937_RS18415
OG02795,beril_HerbieS,HSERO_RS16360
OG02796,beril_RalstoniaPSI07,RPSI07_RS02440
OG02797,beril_Magneto,AMB_RS09690
OG02799,beril_Dda3937,DDA3937_RS01950
OG02800,beril_Methanococcus_S2,MMP_RS01865
OG02802,beril_Dda3937,DDA3937_RS16865
OG02803,beril_Dda3937,DDA3937_RS00590
OG02806,beril_Methanococcus_JJ,MMJJ_RS08585
OG02807,beril_RalstoniaBSBF1503,RALBFv3_RS19815
OG02809,beril_Magneto,AMB_RS13555
OG02810,beril_RalstoniaBSBF1503,RALBFv3_RS15060
OG02812,beril_Dda3937,DDA3937_RS22250
OG02813,beril_Dda3937,DDA3937_RS06490
OG02815,beril_Dda3937,DDA3937_RS18165
OG02816,beril_Dda3937,DDA3937_RS09515
OG02818,beril_Dda3937,DDA3937_RS20015
OG02819,beril_Dda3937,DDA3937_RS12350
OG02820,beril_Dda3937,DDA3937_RS20905
OG02821,beril_Dda3937,DDA3937_RS05065
OG02822,beril_RalstoniaGMI1000,RS_RS25190
OG02826,beril_Dda3937,DDA3937_RS14715
OG02827,beril_Methanococcus_JJ,MMJJ_RS01760
OG02828,beril_Dda3937,DDA3937_RS11985
OG02830,beril_Dda3937,DDA3937_RS03290
OG02832,beril_Dda3937,DDA3937_RS02850
OG02833,beril_Dda3937,DDA3937_RS04915
OG02835,beril_Dda3937,DDA3937_RS19355
OG02837,beril_Dda3937,DDA3937_RS11295
OG02838,beril_Dda3937,DDA3937_RS02135
OG02839,beril_Dda3937,DDA3937_RS08330
OG02840,beril_Dda3937,DDA3937_RS11025
OG02841,beril_Magneto,AMB_RS03810
OG02843,beril_Dda3937,DDA3937_RS06340
OG02844,beril_Dda3937,DDA3937_RS11400
OG02848,beril_Dda3937,DDA3937_RS07445
OG02849,beril_Dda3937,DDA3937_RS11215
OG02850,beril_Dda3937,DDA3937_RS01425
OG02851,beril_RalstoniaPSI07,RPSI07_RS13905
OG02852,beril_RalstoniaBSBF1503,RALBFv3_RS04320
OG02855,beril_Dda3937,DDA3937_RS00155
OG02856,beril_Magneto,AMB_RS08350
OG02857,beril_Dda3937,DDA3937_RS05725
OG02859,beril_RalstoniaBSBF1503,RALBFv3_RS17260
OG02860,beril_Dda3937,DDA3937_RS08635
OG02865,beril_Dda3937,DDA3937_RS01935
OG02866,beril_RalstoniaBSBF1503,RALBFv3_RS10085
OG02869,beril_Dda3937,DDA3937_RS10735
OG02871,beril_HerbieS,HSERO_RS02085
OG02872,beril_Magneto,AMB_RS10165
OG02873,beril_RalstoniaBSBF1503,RALBFv3_RS04295
OG02874,beril_RalstoniaPSI07,RPSI07_RS20280
OG02875,beril_RalstoniaGMI1000,RS_RS10590
OG02876,beril_Dda3937,DDA3937_RS09880
OG02878,beril_Dda3937,DDA3937_RS09660
OG02879,beril_Dda3937,DDA3937_RS21090
OG02881,beril_Dda3937,DDA3937_RS19855
OG02882,beril_RalstoniaBSBF1503,RALBFv3_RS10525
OG02884,beril_RalstoniaGMI1000,RS_RS13675
OG02885,beril_Dda3937,DDA3937_RS16750
OG02886,beril_Dda3937,DDA3937_RS09225
OG02888,beril_Dda3937,DDA3937_RS13375
OG02889,beril_Magneto,AMB_RS00630
OG02891,beril_Methanococcus_JJ,MMJJ_RS03800
OG02892,beril_Dda3937,DDA3937_RS00240
OG02893,beril_Magneto,AMB_RS10645
OG02895,beril_Dda3937,DDA3937_RS13065
OG02896,beril_Dda3937,DDA3937_RS01505
OG02900,beril_Magneto,AMB_RS14200
OG02902,beril_Dda3937,DDA3937_RS07375
OG02905,beril_Dda3937,DDA3937_RS17880
OG02907,beril_Magneto,AMB_RS10890
OG02908,beril_RalstoniaGMI1000,RS_RS18795
OG02909,beril_Magneto,AMB_RS13520
OG02910,beril_Dda3937,DDA3937_RS13580
OG02911,beril_Dda3937,DDA3937_RS06650
OG02912,beril_Dda3937,DDA3937_RS06205
OG02915,beril_Dda3937,DDA3937_RS12850
OG02916,beril_Dda3937,DDA3937_RS02790
OG02918,beril_Dda3937,DDA3937_RS16135
OG02919,beril_Dda3937,DDA3937_RS08485
OG02920,beril_RalstoniaBSBF1503,RALBFv3_RS09430
OG02921,beril_Dda3937,DDA3937_RS09725
OG02922,beril_Dda3937,DDA3937_RS16860
OG02923,beril_Dda3937,DDA3937_RS07860
OG02924,beril_Magneto,AMB_RS13380
OG02926,beril_Dda3937,DDA3937_RS20460
OG02928,beril_Methanococcus_JJ,MMJJ_RS08480
OG02929,beril_Dda3937,DDA3937_RS12505
OG02930,beril_Dda3937,DDA3937_RS07125
OG02934,beril_Dda3937,DDA3937_RS07615
OG02936,beril_Dda3937,DDA3937_RS00535
OG02938,beril_Dda3937,DDA3937_RS00625
OG02939,beril_RalstoniaPSI07,RPSI07_RS19855
OG02940,beril_Dda3937,DDA3937_RS19095
OG02941,beril_Dda3937,DDA3937_RS05545
OG02942,beril_HerbieS,HSERO_RS10980
OG02943,beril_Dda3937,DDA3937_RS09615
OG02944,beril_RalstoniaBSBF1503,RALBFv3_RS22745
OG02946,beril_Methanococcus_JJ,MMJJ_RS08335
OG02947,beril_Dda3937,DDA3937_RS00195
OG02948,beril_Dda3937,DDA3937_RS02770
OG02949,beril_RalstoniaBSBF1503,RALBFv3_RS05635
OG02950,beril_Dda3937,DDA3937_RS01735
OG02951,beril_Dda3937,DDA3937_RS04965
OG02952,beril_Dda3937,DDA3937_RS09445
OG02953,beril_Magneto,AMB_RS20720
OG02954,beril_RalstoniaPSI07,RPSI07_RS10015
OG02956,beril_Dda3937,DDA3937_RS09575
OG02959,beril_Magneto,AMB_RS21980
OG02960,beril_HerbieS,HSERO_RS15875
OG02962,beril_RalstoniaPSI07,RPSI07_RS08690
OG02963,beril_Dda3937,DDA3937_RS06085
OG02965,beril_Dda3937,DDA3937_RS05095
OG02967,beril_Dda3937,DDA3937_RS06820
OG02968,beril_Dda3937,DDA3937_RS02370
OG02971,beril_Dda3937,DDA3937_RS00370
OG02973,beril_Dda3937,DDA3937_RS04885
OG02979,beril_Dda3937,DDA3937_RS07610
OG02983,beril_RalstoniaGMI1000,RS_RS08240
OG02984,beril_Magneto,AMB_RS13870
OG02985,beril_Dda3937,DDA3937_RS04910
OG02986,beril_Dda3937,DDA3937_RS11980
OG02987,beril_RalstoniaPSI07,RPSI07_RS02375
OG02988,beril_Dda3937,DDA3937_RS11280
OG02989,beril_RalstoniaBSBF1503,RALBFv3_RS18365
OG02990,beril_Dda3937,DDA3937_RS12390
OG02991,beril_Magneto,AMB_RS01100
OG02992,beril_RalstoniaPSI07,RPSI07_RS11390
OG02995,beril_Dda3937,DDA3937_RS03285
OG02998,beril_Dda3937,DDA3937_RS14350
OG03000,beril_Dda3937,DDA3937_RS09125
OG03001,beril_Dda3937,DDA3937_RS09650
OG03002,beril_Magneto,AMB_RS17930
OG03005,beril_Dda3937,DDA3937_RS09780
OG03006,beril_Magneto,AMB_RS11810
OG03007,beril_Dda3937,DDA3937_RS10710
OG03008,beril_Dda3937,DDA3937_RS10645
OG03009,beril_Dda3937,DDA3937_RS18180
OG03010,beril_Dda3937,DDA3937_RS14385
OG03011,beril_Dda3937,DDA3937_RS05720
OG03014,beril_Dda3937,DDA3937_RS10675
OG03017,beril_HerbieS,HSERO_RS20275
OG03018,beril_Dda3937,DDA3937_RS07435
OG03019,beril_Dda3937,DDA3937_RS06080
OG03021,beril_Dda3937,DDA3937_RS16015
OG03022,beril_Dda3937,DDA3937_RS09480
OG03023,beril_Dda3937,DDA3937_RS03550
OG03024,beril_Dda3937,DDA3937_RS01195
OG03025,beril_RalstoniaBSBF1503,RALBFv3_RS07475
OG03026,beril_Dda3937,DDA3937_RS11075
OG03028,beril_Dda3937,DDA3937_RS05035
OG03029,beril_Dda3937,DDA3937_RS09885
OG03031,beril_Dda3937,DDA3937_RS12730
OG03033,beril_Dda3937,DDA3937_RS09975
OG03034,beril_Dda3937,DDA3937_RS00895
OG03036,beril_Dda3937,DDA3937_RS01920
OG03039,beril_HerbieS,HSERO_RS20255
OG03040,beril_Dda3937,DDA3937_RS21810
OG03041,beril_HerbieS,HSERO_RS21140
OG03042,beril_Dda3937,DDA3937_RS15785
OG03043,beril_Dda3937,DDA3937_RS07460
OG03044,beril_Dda3937,DDA3937_RS16555
OG03045,beril_Dda3937,DDA3937_RS03605
OG03047,beril_Dda3937,DDA3937_RS10580
OG03049,beril_Magneto,AMB_RS04525
OG03051,beril_HerbieS,HSERO_RS18635
OG03052,beril_Dda3937,DDA3937_RS11845
OG03053,beril_Dda3937,DDA3937_RS07430
OG03054,beril_Dda3937,DDA3937_RS12775
OG03056,beril_Magneto,AMB_RS11555
OG03058,beril_RalstoniaBSBF1503,RALBFv3_RS07240
OG03059,beril_Dda3937,DDA3937_RS09230
OG03060,beril_Dda3937,DDA3937_RS15115
OG03062,beril_Dda3937,DDA3937_RS06565
OG03066,beril_Magneto,AMB_RS10460
OG03067,beril_Dda3937,DDA3937_RS10380
OG03068,beril_Magneto,AMB_RS13515
OG03071,beril_Dda3937,DDA3937_RS09250
OG03072,beril_Dda3937,DDA3937_RS09170
OG03073,beril_Dda3937,DDA3937_RS15200
OG03074,beril_Dda3937,DDA3937_RS00530
OG03075,beril_Dda3937,DDA3937_RS01260
OG03078,beril_Dda3937,DDA3937_RS11080
OG03079,beril_Dda3937,DDA3937_RS12285
OG03080,beril_Magneto,AMB_RS21490
OG03082,beril_Dda3937,DDA3937_RS14145
OG03083,beril_Dda3937,DDA3937_RS20060
OG03085,beril_Dda3937,DDA3937_RS20370
OG03087,beril_RalstoniaPSI07,RPSI07_RS01930
OG03088,beril_Dda3937,DDA3937_RS09865
OG03089,beril_Magneto,AMB_RS08150
OG03091,beril_Magneto,AMB_RS10885
OG03093,beril_Methanococcus_JJ,MMJJ_RS03760
OG03094,beril_Dda3937,DDA3937_RS17235
OG03095,beril_RalstoniaGMI1000,RS_RS18320
OG03096,beril_Dda3937,DDA3937_RS06315
OG03098,beril_RalstoniaGMI1000,RS_RS14315
OG03099,beril_Dda3937,DDA3937_RS05090
OG03100,beril_Dda3937,DDA3937_RS15310
OG03101,beril_Magneto,AMB_RS20785
OG03102,beril_RalstoniaPSI07,RPSI07_RS17880
OG03103,beril_Dda3937,DDA3937_RS18295
OG03104,beril_RalstoniaPSI07,RPSI07_RS07485
OG03105,beril_Dda3937,DDA3937_RS16570
OG03107,beril_Dda3937,DDA3937_RS05935
OG03108,beril_HerbieS,HSERO_RS03150
OG03110,beril_Dda3937,DDA3937_RS12715
OG03111,beril_Dda3937,DDA3937_RS09580
OG03113,beril_Dda3937,DDA3937_RS02320
OG03114,beril_RalstoniaBSBF1503,RALBFv3_RS09200
OG03115,beril_Dda3937,DDA3937_RS11735
OG03119,beril_Dda3937,DDA3937_RS20085
OG03120,beril_Dda3937,DDA3937_RS05255
OG03121,beril_Dda3937,DDA3937_RS12520
OG03122,beril_Dda3937,DDA3937_RS06815
OG03125,beril_Dda3937,DDA3937_RS13245
OG03126,beril_Dda3937,DDA3937_RS13075
OG03127,beril_Dda3937,DDA3937_RS21040
OG03128,beril_Dda3937,DDA3937_RS12565
OG03130,beril_Dda3937,DDA3937_RS09435
OG03132,beril_Dda3937,DDA3937_RS16770
OG03133,beril_RalstoniaGMI1000,RS_RS22820
OG03134,beril_Dda3937,DDA3937_RS01730
OG03135,beril_Magneto,AMB_RS13540
OG03136,beril_Dda3937,DDA3937_RS13180
OG03138,beril_Dda3937,DDA3937_RS04970
OG03139,beril_RalstoniaGMI1000,RS_RS11685
OG03140,beril_RalstoniaBSBF1503,RALBFv3_RS00010
OG03141,beril_Dda3937,DDA3937_RS08920
OG03142,beril_Dda3937,DDA3937_RS11915
OG03143,beril_Dda3937,DDA3937_RS05215
OG03144,beril_Magneto,AMB_RS14585
OG03146,beril_RalstoniaGMI1000,RS_RS08550
OG03147,beril_Dda3937,DDA3937_RS13710
OG03150,beril_Dda3937,DDA3937_RS13555
OG03151,beril_Dda3937,DDA3937_RS13355
OG03154,beril_Dda3937,DDA3937_RS12615
OG03156,beril_Dda3937,DDA3937_RS07130
OG03157,beril_Dda3937,DDA3937_RS07450
OG03158,beril_Dda3937,DDA3937_RS02315
OG03159,beril_Dda3937,DDA3937_RS19760
OG03160,beril_Dda3937,DDA3937_RS00390
OG03161,beril_Dda3937,DDA3937_RS12905
OG03162,beril_Dda3937,DDA3937_RS19870
OG03163,beril_Dda3937,DDA3937_RS00030
OG03165,beril_Dda3937,DDA3937_RS17285
OG03166,beril_Dda3937,DDA3937_RS22435
OG03171,beril_Magneto,AMB_RS14385
OG03172,beril_RalstoniaBSBF1503,RALBFv3_RS12990
OG03173,beril_Dda3937,DDA3937_RS16120
OG03174,beril_HerbieS,HSERO_RS10165
OG03176,beril_Methanococcus_S2,MMP_RS05980
OG03177,beril_Dda3937,DDA3937_RS02450
OG03178,beril_Magneto,AMB_RS20870
OG03181,beril_Dda3937,DDA3937_RS09890
OG03183,beril_Dda3937,DDA3937_RS07825
OG03184,beril_Dda3937,DDA3937_RS14615
OG03186,beril_Dda3937,DDA3937_RS21420
OG03187,beril_RalstoniaGMI1000,RS_RS08030
OG03190,beril_RalstoniaPSI07,RPSI07_RS18425
OG03191,beril_Dda3937,DDA3937_RS04395
OG03192,beril_Dda3937,DDA3937_RS07600
OG03194,beril_Dda3937,DDA3937_RS03600
OG03197,beril_Dda3937,DDA3937_RS04890
OG03198,beril_Dda3937,DDA3937_RS12720
OG03199,beril_Dda3937,DDA3937_RS05075
OG03200,beril_Dda3937,DDA3937_RS19810
OG03203,beril_Dda3937,DDA3937_RS20980
OG03204,beril_Dda3937,DDA3937_RS20025
OG03207,beril_Dda3937,DDA3937_RS04370
OG03210,beril_Dda3937,DDA3937_RS11305
OG03211,beril_Dda3937,DDA3937_RS15900
OG03212,beril_Dda3937,DDA3937_RS10650
OG03213,beril_Dda3937,DDA3937_RS05930
OG03214,beril_HerbieS,HSERO_RS07720
OG03216,beril_Magneto,AMB_RS13510
OG03217,beril_Dda3937,DDA3937_RS11085
OG03218,beril_Dda3937,DDA3937_RS18155
OG03219,beril_Dda3937,DDA3937_RS11970
OG03222,beril_Magneto,AMB_RS22545
OG03225,beril_Dda3937,DDA3937_RS14745
OG03226,beril_Dda3937,DDA3937_RS05710
OG03228,beril_Dda3937,DDA3937_RS10440
OG03229,beril_Dda3937,DDA3937_RS03570
OG03230,beril_Dda3937,DDA3937_RS16070
OG03232,beril_Dda3937,DDA3937_RS10200
OG03234,beril_RalstoniaGMI1000,RS_RS13120
OG03236,beril_RalstoniaBSBF1503,RALBFv3_RS17050
OG03237,beril_Dda3937,DDA3937_RS17175
OG03238,beril_RalstoniaGMI1000,RS_RS22035
OG03239,beril_Dda3937,DDA3937_RS17575
OG03241,beril_Dda3937,DDA3937_RS02780
OG03242,beril_Methanococcus_JJ,MMJJ_RS07180
OG03243,beril_Dda3937,DDA3937_RS04580
OG03247,beril_RalstoniaPSI07,RPSI07_RS08230
OG03248,beril_Dda3937,DDA3937_RS18495
OG03249,beril_Dda3937,DDA3937_RS04600
OG03255,beril_Dda3937,DDA3937_RS09455
OG03256,beril_Dda3937,DDA3937_RS16025
OG03257,beril_Dda3937,DDA3937_RS11515
OG03258,beril_Dda3937,DDA3937_RS09540
OG03266,beril_Dda3937,DDA3937_RS04530
OG03267,beril_Dda3937,DDA3937_RS00115
OG03268,beril_Dda3937,DDA3937_RS05940
OG03270,beril_RalstoniaPSI07,RPSI07_RS17980
OG03272,beril_Dda3937,DDA3937_RS04280
OG03274,beril_Dda3937,DDA3937_RS10970
OG03275,beril_Dda3937,DDA3937_RS00615
OG03276,beril_RalstoniaGMI1000,RS_RS13135
OG03278,beril_Dda3937,DDA3937_RS14610
OG03279,beril_Dda3937,DDA3937_RS18980
OG03281,beril_Methanococcus_JJ,MMJJ_RS06675
OG03285,beril_Dda3937,DDA3937_RS16540
OG03286,beril_Dda3937,DDA3937_RS17400
OG03287,beril_HerbieS,HSERO_RS05520
OG03289,beril_Dda3937,DDA3937_RS15965
OG03291,beril_Magneto,AMB_RS01060
OG03294,beril_RalstoniaGMI1000,RS_RS04855
OG03296,beril_Dda3937,DDA3937_RS12425
OG03298,beril_RalstoniaPSI07,RPSI07_RS04485
OG03299,beril_Dda3937,DDA3937_RS00385
OG03300,beril_Dda3937,DDA3937_RS10350
OG03302,beril_Magneto,AMB_RS07945
OG03303,beril_Dda3937,DDA3937_RS13490
OG03304,beril_Dda3937,DDA3937_RS14215
OG03305,beril_Dda3937,DDA3937_RS08825
OG03306,beril_HerbieS,HSERO_RS10020
OG03310,beril_RalstoniaGMI1000,RS_RS16960
OG03311,beril_Dda3937,DDA3937_RS10690
OG03312,beril_Methanococcus_JJ,MMJJ_RS03720
OG03313,beril_Dda3937,DDA3937_RS05210
OG03315,beril_RalstoniaPSI07,RPSI07_RS06685
OG03316,beril_Magneto,AMB_RS15415
OG03317,beril_Methanococcus_JJ,MMJJ_RS08250
OG03319,beril_RalstoniaGMI1000,RS_RS21415
OG03322,beril_Magneto,AMB_RS22065
OG03323,beril_Dda3937,DDA3937_RS00355
OG03325,beril_RalstoniaBSBF1503,RALBFv3_RS08645
OG03330,beril_Magneto,AMB_RS13220
OG03331,beril_Dda3937,DDA3937_RS06705
OG03333,beril_Dda3937,DDA3937_RS14655
OG03334,beril_Dda3937,DDA3937_RS07470
OG03336,beril_Dda3937,DDA3937_RS09120
OG03339,beril_Dda3937,DDA3937_RS18140
OG03340,beril_Dda3937,DDA3937_RS19805
OG03341,beril_Dda3937,DDA3937_RS04985
OG03343,beril_RalstoniaBSBF1503,RALBFv3_RS06145
OG03345,beril_Magneto,AMB_RS03620
OG03346,beril_Dda3937,DDA3937_RS20045
OG03348,beril_Magneto,AMB_RS09080
OG03351,beril_Dda3937,DDA3937_RS00985
OG03353,beril_Dda3937,DDA3937_RS14505
OG03356,beril_Dda3937,DDA3937_RS02425
OG03357,beril_RalstoniaPSI07,RPSI07_RS06940
OG03359,beril_Dda3937,DDA3937_RS18530
OG03360,beril_Magneto,AMB_RS08345
OG03361,beril_Dda3937,DDA3937_RS12925
OG03362,beril_Dda3937,DDA3937_RS22135
OG03363,beril_Dda3937,DDA3937_RS07440
OG03366,beril_Dda3937,DDA3937_RS09380
OG03367,beril_Dda3937,DDA3937_RS14395
OG03369,beril_Dda3937,DDA3937_RS00540
OG03371,beril_RalstoniaBSBF1503,RALBFv3_RS11505
OG03372,beril_RalstoniaBSBF1503,RALBFv3_RS21150
OG03373,beril_Dda3937,DDA3937_RS16780
OG03374,beril_Dda3937,DDA3937_RS14325
OG03375,beril_Magneto,AMB_RS09795
OG03376,beril_Dda3937,DDA3937_RS02975
OG03378,beril_Magneto,AMB_RS09365
OG03380,beril_Dda3937,DDA3937_RS21950
OG03381,beril_Dda3937,DDA3937_RS11330
OG03382,beril_HerbieS,HSERO_RS17505
OG03384,beril_Magneto,AMB_RS07320
OG03385,beril_Magneto,AMB_RS12290
OG03386,beril_Dda3937,DDA3937_RS11365
OG03388,beril_Dda3937,DDA3937_RS18175
OG03389,beril_Magneto,AMB_RS13210
OG03392,beril_Dda3937,DDA3937_RS18815
OG03394,beril_Dda3937,DDA3937_RS12345
OG03395,beril_Dda3937,DDA3937_RS13295
OG03397,beril_Dda3937,DDA3937_RS00425
OG03398,beril_Dda3937,DDA3937_RS15645
OG03400,beril_Methanococcus_S2,MMP_RS01020
OG03401,beril_Dda3937,DDA3937_RS06850
OG03402,beril_Methanococcus_S2,MMP_RS02085
OG03403,beril_Dda3937,DDA3937_RS01945
OG03405,beril_Dda3937,DDA3937_RS10020
OG03406,beril_Dda3937,DDA3937_RS15705
OG03407,beril_RalstoniaPSI07,RPSI07_RS25050
OG03408,beril_RalstoniaBSBF1503,RALBFv3_RS00135
OG03409,beril_Dda3937,DDA3937_RS00445
OG03410,beril_Dda3937,DDA3937_RS21075
OG03412,beril_Dda3937,DDA3937_RS14560
OG03414,beril_Dda3937,DDA3937_RS14190
OG03415,beril_Magneto,AMB_RS10185
OG03416,beril_Dda3937,DDA3937_RS21360
OG03417,beril_Dda3937,DDA3937_RS18550
OG03418,beril_Dda3937,DDA3937_RS03095
OG03420,beril_Dda3937,DDA3937_RS20035
OG03423,beril_Dda3937,DDA3937_RS19690
OG03425,beril_Dda3937,DDA3937_RS09150
OG03426,beril_Dda3937,DDA3937_RS06060
OG03428,beril_RalstoniaGMI1000,RS_RS14320
OG03429,beril_Dda3937,DDA3937_RS13010
OG03430,beril_Dda3937,DDA3937_RS18450
OG03434,beril_Dda3937,DDA3937_RS00350
OG03436,beril_Dda3937,DDA3937_RS20545
OG03437,beril_HerbieS,HSERO_RS14540
OG03439,beril_Dda3937,DDA3937_RS09390
OG03440,beril_Magneto,AMB_RS22135
OG03442,beril_RalstoniaPSI07,RPSI07_RS06165
OG03443,beril_RalstoniaBSBF1503,RALBFv3_RS07800
OG03446,beril_Dda3937,DDA3937_RS19555
OG03447,beril_Dda3937,DDA3937_RS05945
OG03448,beril_Dda3937,DDA3937_RS11390
OG03449,beril_RalstoniaPSI07,RPSI07_RS12400
OG03450,beril_Dda3937,DDA3937_RS11230
OG03453,beril_Magneto,AMB_RS08295
OG03454,beril_Dda3937,DDA3937_RS22030
OG03455,beril_Dda3937,DDA3937_RS17050
OG03456,beril_Dda3937,DDA3937_RS03595
OG03458,beril_HerbieS,HSERO_RS18100
OG03460,beril_RalstoniaPSI07,RPSI07_RS01115
OG03461,beril_RalstoniaPSI07,RPSI07_RS02800
OG03465,beril_Magneto,AMB_RS15605
OG03466,beril_Dda3937,DDA3937_RS11290
OG03467,beril_RalstoniaBSBF1503,RALBFv3_RS17885
OG03468,beril_RalstoniaBSBF1503,RALBFv3_RS20000
OG03469,beril_RalstoniaPSI07,RPSI07_RS08195
OG03472,beril_Dda3937,DDA3937_RS19590
OG03473,beril_Dda3937,DDA3937_RS15855
OG03474,beril_Dda3937,DDA3937_RS10425
OG03475,beril_Dda3937,DDA3937_RS07880
OG03476,beril_Dda3937,DDA3937_RS20230
OG03478,beril_Dda3937,DDA3937_RS10530
OG03480,beril_Dda3937,DDA3937_RS11780
OG03481,beril_Magneto,AMB_RS20890
OG03485,beril_Dda3937,DDA3937_RS11375
OG03487,beril_Dda3937,DDA3937_RS00160
OG03488,beril_Dda3937,DDA3937_RS05910
OG03490,beril_Dda3937,DDA3937_RS02430
OG03491,beril_Dda3937,DDA3937_RS10880
OG03492,beril_RalstoniaBSBF1503,RALBFv3_RS06645
OG03493,beril_Dda3937,DDA3937_RS06770
OG03496,beril_Dda3937,DDA3937_RS22535
OG03497,beril_Dda3937,DDA3937_RS16790
OG03498,beril_Methanococcus_S2,MMP_RS07765
OG03500,beril_Dda3937,DDA3937_RS10400
OG03501,beril_Dda3937,DDA3937_RS20425
OG03503,beril_Dda3937,DDA3937_RS16775
OG03505,beril_Dda3937,DDA3937_RS02840
OG03506,beril_Dda3937,DDA3937_RS15440
OG03507,beril_HerbieS,HSERO_RS21645
OG03508,beril_Dda3937,DDA3937_RS13250
OG03509,beril_Dda3937,DDA3937_RS00020
OG03515,beril_Dda3937,DDA3937_RS16005
OG03516,beril_Dda3937,DDA3937_RS16725
OG03521,beril_Dda3937,DDA3937_RS04380
OG03523,beril_RalstoniaGMI1000,RS_RS15190
OG03524,beril_RalstoniaBSBF1503,RALBFv3_RS11215
OG03526,beril_Dda3937,DDA3937_RS10025
OG03530,beril_Dda3937,DDA3937_RS00090
OG03532,beril_RalstoniaBSBF1503,RALBFv3_RS07750
OG03533,beril_Dda3937,DDA3937_RS12535
OG03534,beril_Dda3937,DDA3937_RS01570
OG03537,beril_Dda3937,DDA3937_RS19915
OG03539,beril_HerbieS,HSERO_RS07240
OG03541,beril_Methanococcus_JJ,MMJJ_RS04685
OG03542,beril_Dda3937,DDA3937_RS02870
OG03543,beril_Dda3937,DDA3937_RS14390
OG03544,beril_Magneto,AMB_RS08340
OG03545,beril_Dda3937,DDA3937_RS18090
OG03546,beril_RalstoniaGMI1000,RS_RS18725
OG03554,beril_Dda3937,DDA3937_RS05445
OG03556,beril_Dda3937,DDA3937_RS16020
OG03557,beril_Dda3937,DDA3937_RS10750
OG03559,beril_Dda3937,DDA3937_RS05415
OG03560,beril_Dda3937,DDA3937_RS06310
OG03561,beril_Dda3937,DDA3937_RS19150
OG03564,beril_Dda3937,DDA3937_RS01470
OG03565,beril_RalstoniaPSI07,RPSI07_RS03900
OG03566,beril_Magneto,AMB_RS17745
OG03567,beril_Dda3937,DDA3937_RS09980
OG03568,beril_Dda3937,DDA3937_RS11385
OG03569,beril_RalstoniaBSBF1503,RALBFv3_RS17240
OG03570,beril_Dda3937,DDA3937_RS21380
OG03571,beril_Dda3937,DDA3937_RS01210
OG03574,beril_Dda3937,DDA3937_RS18735
OG03575,beril_Dda3937,DDA3937_RS03145
OG03577,beril_Dda3937,DDA3937_RS17950
OG03579,beril_Dda3937,DDA3937_RS05460
OG03581,beril_Dda3937,DDA3937_RS18005
OG03583,beril_Dda3937,DDA3937_RS01035
OG03584,beril_Magneto,AMB_RS20885
OG03586,beril_Dda3937,DDA3937_RS09755
OG03587,beril_Dda3937,DDA3937_RS00015
OG03588,beril_HerbieS,HSERO_RS04200
OG03592,beril_RalstoniaPSI07,RPSI07_RS08650
OG03593,beril_Dda3937,DDA3937_RS18160
OG03594,beril_Methanococcus_JJ,MMJJ_RS06810
OG03595,beril_RalstoniaBSBF1503,RALBFv3_RS15855
OG03598,beril_Dda3937,DDA3937_RS05705
OG03599,beril_Dda3937,DDA3937_RS10660
OG03602,beril_Dda3937,DDA3937_RS19400
OG03603,beril_Dda3937,DDA3937_RS11995
OG03607,beril_Dda3937,DDA3937_RS09155
OG03608,beril_Dda3937,DDA3937_RS18400
OG03609,beril_Dda3937,DDA3937_RS12540
OG03610,beril_Dda3937,DDA3937_RS03870
OG03612,beril_Dda3937,DDA3937_RS07495
OG03613,beril_Dda3937,DDA3937_RS12490
OG03614,beril_Dda3937,DDA3937_RS07635
OG03615,beril_Dda3937,DDA3937_RS09145
OG03616,beril_RalstoniaBSBF1503,RALBFv3_RS20660
OG03619,beril_RalstoniaPSI07,RPSI07_RS07585
OG03620,beril_Dda3937,DDA3937_RS15220
OG03623,beril_Magneto,AMB_RS16035
OG03624,beril_Magneto,AMB_RS11285
OG03625,beril_Dda3937,DDA3937_RS20130
OG03627,beril_Dda3937,DDA3937_RS00975
OG03628,beril_Dda3937,DDA3937_RS07620
OG03629,beril_Dda3937,DDA3937_RS01180
OG03630,beril_Dda3937,DDA3937_RS18975
OG03631,beril_RalstoniaPSI07,RPSI07_RS19805
OG03632,beril_RalstoniaBSBF1503,RALBFv3_RS04315
OG03634,beril_Magneto,AMB_RS18640
OG03635,beril_HerbieS,HSERO_RS04340
OG03637,beril_Dda3937,DDA3937_RS20970
OG03642,beril_Dda3937,DDA3937_RS00925
OG03645,beril_Magneto,AMB_RS20840
OG03646,beril_Magneto,AMB_RS12560
OG03647,beril_Dda3937,DDA3937_RS18545
OG03648,beril_HerbieS,HSERO_RS08265
OG03649,beril_Dda3937,DDA3937_RS19540
OG03650,beril_Dda3937,DDA3937_RS02075
OG03651,beril_RalstoniaBSBF1503,RALBFv3_RS21915
OG03652,beril_Dda3937,DDA3937_RS12795
OG03655,beril_Dda3937,DDA3937_RS01850
OG03656,beril_RalstoniaGMI1000,RS_RS19990
OG03657,beril_Dda3937,DDA3937_RS06430
OG03661,beril_Dda3937,DDA3937_RS02965
OG03663,beril_Dda3937,DDA3937_RS20975
OG03665,beril_Dda3937,DDA3937_RS06610
OG03668,beril_HerbieS,HSERO_RS20340
OG03669,beril_Dda3937,DDA3937_RS07545
OG03671,beril_Magneto,AMB_RS08280
OG03672,beril_Dda3937,DDA3937_RS16545
OG03673,beril_Dda3937,DDA3937_RS06395
OG03674,beril_Dda3937,DDA3937_RS12830
OG03678,beril_RalstoniaPSI07,RPSI07_RS23050
OG03679,beril_Dda3937,DDA3937_RS15235
OG03680,beril_Dda3937,DDA3937_RS17225
OG03681,beril_Dda3937,DDA3937_RS04930
OG03682,beril_Magneto,AMB_RS12870
OG03683,beril_Dda3937,DDA3937_RS19065
OG03686,beril_Dda3937,DDA3937_RS16190
OG03689,beril_Dda3937,DDA3937_RS12815
OG03690,beril_RalstoniaGMI1000,RS_RS23705
OG03691,beril_Dda3937,DDA3937_RS02825
OG03693,beril_Dda3937,DDA3937_RS13055
OG03697,beril_HerbieS,HSERO_RS09135
OG03698,beril_RalstoniaGMI1000,RS_RS00650
OG03699,beril_Dda3937,DDA3937_RS21160
OG03702,beril_Methanococcus_S2,MMP_RS01870
OG03703,beril_Dda3937,DDA3937_RS09985
OG03705,beril_Dda3937,DDA3937_RS08540
OG03706,beril_Dda3937,DDA3937_RS12945
OG03707,beril_Dda3937,DDA3937_RS20875
OG03708,beril_HerbieS,HSERO_RS10415
OG03709,beril_Dda3937,DDA3937_RS05715
OG03710,beril_Dda3937,DDA3937_RS05750
OG03711,beril_Dda3937,DDA3937_RS17975
OG03712,beril_Magneto,AMB_RS01570
OG03713,beril_Magneto,AMB_RS09325
OG03714,beril_Dda3937,DDA3937_RS07335
OG03717,beril_Dda3937,DDA3937_RS17330
OG03718,beril_Dda3937,DDA3937_RS18665
OG03719,beril_RalstoniaGMI1000,RS_RS21000
OG03720,beril_Dda3937,DDA3937_RS07605
OG03722,beril_Dda3937,DDA3937_RS13345
OG03724,beril_Dda3937,DDA3937_RS22290
OG03727,beril_Dda3937,DDA3937_RS14240
OG03728,beril_Dda3937,DDA3937_RS01880
OG03729,beril_Dda3937,DDA3937_RS06905
OG03730,beril_Dda3937,DDA3937_RS22000
OG03731,beril_Dda3937,DDA3937_RS05890
OG03732,beril_Dda3937,DDA3937_RS01870
OG03733,beril_RalstoniaBSBF1503,RALBFv3_RS17615
OG03734,beril_Dda3937,DDA3937_RS18150
OG03736,beril_Magneto,AMB_RS07690
OG03737,beril_RalstoniaPSI07,RPSI07_RS23705
OG03739,beril_Dda3937,DDA3937_RS05420
OG03741,beril_Methanococcus_JJ,MMJJ_RS08195
OG03742,beril_Dda3937,DDA3937_RS08480
OG03743,beril_Dda3937,DDA3937_RS11250
OG03746,beril_HerbieS,HSERO_RS10230
OG03747,beril_RalstoniaBSBF1503,RALBFv3_RS12245
OG03748,beril_Dda3937,DDA3937_RS19675
OG03750,beril_Dda3937,DDA3937_RS15215
OG03751,beril_RalstoniaBSBF1503,RALBFv3_RS22320
OG03757,beril_Dda3937,DDA3937_RS10355
OG03759,beril_Dda3937,DDA3937_RS12430
OG03762,beril_HerbieS,HSERO_RS14535
OG03765,beril_Dda3937,DDA3937_RS16460
OG03766,beril_Dda3937,DDA3937_RS11320
OG03768,beril_Dda3937,DDA3937_RS16910
OG03769,beril_Dda3937,DDA3937_RS17210
OG03770,beril_Dda3937,DDA3937_RS20165
OG03771,beril_Dda3937,DDA3937_RS00885
OG03772,beril_Dda3937,DDA3937_RS11070
OG03773,beril_Dda3937,DDA3937_RS14310
OG03775,beril_HerbieS,HSERO_RS20645
OG03776,beril_Magneto,AMB_RS10930
OG03778,beril_Dda3937,DDA3937_RS09200
OG03780,beril_Dda3937,DDA3937_RS00280
OG03781,beril_Dda3937,DDA3937_RS06095
OG03784,beril_Dda3937,DDA3937_RS05865
OG03786,beril_Dda3937,DDA3937_RS00600
OG03788,beril_HerbieS,HSERO_RS10595
OG03789,beril_Dda3937,DDA3937_RS07400
OG03790,beril_Dda3937,DDA3937_RS16730
OG03792,beril_HerbieS,HSERO_RS12990
OG03793,beril_Methanococcus_S2,MMP_RS07165
OG03795,beril_RalstoniaBSBF1503,RALBFv3_RS18260
OG03796,beril_Dda3937,DDA3937_RS09430
OG03797,beril_Magneto,AMB_RS10035
OG03799,beril_Dda3937,DDA3937_RS09130
OG03800,beril_Magneto,AMB_RS00045
OG03801,beril_Dda3937,DDA3937_RS06590
OG03804,beril_RalstoniaBSBF1503,RALBFv3_RS18655
OG03805,beril_Dda3937,DDA3937_RS16335
OG03807,beril_Magneto,AMB_RS23225
OG03808,beril_Dda3937,DDA3937_RS07625
OG03810,beril_Dda3937,DDA3937_RS06825
OG03816,beril_Dda3937,DDA3937_RS17965
OG03817,beril_Dda3937,DDA3937_RS15300
OG03818,beril_RalstoniaGMI1000,RS_RS24610
OG03819,beril_Dda3937,DDA3937_RS10270
OG03820,beril_Dda3937,DDA3937_RS09530
OG03821,beril_Dda3937,DDA3937_RS00990
OG03822,beril_Magneto,AMB_RS10205
OG03824,beril_Dda3937,DDA3937_RS01200
OG03825,beril_Dda3937,DDA3937_RS18770
OG03827,beril_RalstoniaBSBF1503,RALBFv3_RS14330
OG03828,beril_Dda3937,DDA3937_RS17410
OG03832,beril_Magneto,AMB_RS13535
OG03839,beril_Dda3937,DDA3937_RS18235
OG03842,beril_Dda3937,DDA3937_RS18590
OG03844,beril_Dda3937,DDA3937_RS17345
OG03846,beril_Dda3937,DDA3937_RS01585
OG03849,beril_Dda3937,DDA3937_RS18290
OG03850,beril_Dda3937,DDA3937_RS00900
OG03851,beril_RalstoniaGMI1000,RS_RS10755
OG03852,beril_Magneto,AMB_RS13580
OG03853,beril_Dda3937,DDA3937_RS09545
OG03854,beril_Dda3937,DDA3937_RS12300
OG03855,beril_RalstoniaPSI07,RPSI07_RS10325
OG03856,beril_Dda3937,DDA3937_RS06795
OG03857,beril_Magneto,AMB_RS16030
OG03859,beril_Dda3937,DDA3937_RS06350
OG03861,beril_Dda3937,DDA3937_RS18610
OG03862,beril_Dda3937,DDA3937_RS11285
OG03863,beril_RalstoniaGMI1000,RS_RS18300
OG03866,beril_RalstoniaGMI1000,RS_RS20360
OG03867,beril_Dda3937,DDA3937_RS14365
OG03868,beril_Dda3937,DDA3937_RS13060
OG03870,beril_Dda3937,DDA3937_RS15240
OG03872,beril_Dda3937,DDA3937_RS05760
OG03875,beril_Dda3937,DDA3937_RS16145
OG03876,beril_Dda3937,DDA3937_RS14175
OG03877,beril_RalstoniaBSBF1503,RALBFv3_RS07890
OG03878,beril_Dda3937,DDA3937_RS09705
OG03881,beril_RalstoniaBSBF1503,RALBFv3_RS16055
OG03883,beril_RalstoniaBSBF1503,RALBFv3_RS04305
OG03884,beril_RalstoniaBSBF1503,RALBFv3_RS15880
OG03885,beril_Dda3937,DDA3937_RS01865
OG03886,beril_Dda3937,DDA3937_RS05490
OG03890,beril_Dda3937,DDA3937_RS06305
OG03891,beril_Dda3937,DDA3937_RS13500
OG03893,beril_Dda3937,DDA3937_RS09970
OG03894,beril_Dda3937,DDA3937_RS20985
OG03895,beril_Dda3937,DDA3937_RS01150
OG03896,beril_Dda3937,DDA3937_RS21410
OG03897,beril_Dda3937,DDA3937_RS00560
OG03898,beril_Dda3937,DDA3937_RS04475
OG03899,beril_Dda3937,DDA3937_RS00655
OG03900,beril_Dda3937,DDA3937_RS01685
OG03901,beril_Dda3937,DDA3937_RS09795
OG03903,beril_Dda3937,DDA3937_RS16455
OG03907,beril_Dda3937,DDA3937_RS12415
OG03908,beril_Dda3937,DDA3937_RS06805
OG03909,beril_Dda3937,DDA3937_RS14230
OG03910,beril_Dda3937,DDA3937_RS10360
OG03914,beril_Dda3937,DDA3937_RS09655
OG03916,beril_Dda3937,DDA3937_RS02465
OG03917,beril_Dda3937,DDA3937_RS05625
OG03919,beril_Magneto,AMB_RS01310
OG03921,beril_HerbieS,HSERO_RS10340
OG03922,beril_Magneto,AMB_RS10820
OG03923,beril_Dda3937,DDA3937_RS20185
OG03924,beril_Dda3937,DDA3937_RS13015
OG03925,beril_Dda3937,DDA3937_RS00875
OG03927,beril_Dda3937,DDA3937_RS02880
OG03928,beril_Dda3937,DDA3937_RS17485
OG03929,beril_Dda3937,DDA3937_RS00870
OG03931,beril_Dda3937,DDA3937_RS12735
OG03932,beril_RalstoniaBSBF1503,RALBFv3_RS09275
OG03935,beril_Dda3937,DDA3937_RS02415
OG03936,beril_Dda3937,DDA3937_RS12215
OG03938,beril_RalstoniaGMI1000,RS_RS19785
OG03942,beril_Dda3937,DDA3937_RS19575
OG03946,beril_Dda3937,DDA3937_RS20030
OG03949,beril_RalstoniaPSI07,RPSI07_RS09995
OG03951,beril_Dda3937,DDA3937_RS05915
OG03952,beril_Dda3937,DDA3937_RS12745
OG03953,beril_Dda3937,DDA3937_RS12420
OG03954,beril_Dda3937,DDA3937_RS01390
OG03956,beril_Dda3937,DDA3937_RS19005
OG03957,beril_RalstoniaBSBF1503,RALBFv3_RS04930
OG03958,beril_Dda3937,DDA3937_RS01265
OG03959,beril_Dda3937,DDA3937_RS18410
OG03961,beril_Dda3937,DDA3937_RS06690
OG03962,beril_RalstoniaGMI1000,RS_RS17775
OG03963,beril_HerbieS,HSERO_RS19605
OG03964,beril_Dda3937,DDA3937_RS05900
OG03967,beril_Dda3937,DDA3937_RS00550
OG03969,beril_Magneto,AMB_RS13755
OG03971,beril_Dda3937,DDA3937_RS16580
OG03973,beril_Dda3937,DDA3937_RS21260
OG03975,beril_Dda3937,DDA3937_RS12580
OG03977,beril_Dda3937,DDA3937_RS05755
OG03979,beril_Dda3937,DDA3937_RS10155
OG03980,beril_Dda3937,DDA3937_RS12245
OG03982,beril_HerbieS,HSERO_RS14240
OG03983,beril_HerbieS,HSERO_RS10040
OG03985,beril_RalstoniaBSBF1503,RALBFv3_RS12315
OG03986,beril_Dda3937,DDA3937_RS21985
OG03987,beril_Dda3937,DDA3937_RS13175
OG03988,beril_RalstoniaGMI1000,RS_RS12635
OG03991,beril_Magneto,AMB_RS13740
OG03993,beril_Dda3937,DDA3937_RS06620
OG03994,beril_Dda3937,DDA3937_RS17415
OG03996,beril_RalstoniaBSBF1503,RALBFv3_RS04285
OG03997,beril_Dda3937,DDA3937_RS09825
OG03999,beril_Dda3937,DDA3937_RS02310
OG04001,beril_Dda3937,DDA3937_RS06540
OG04003,beril_Dda3937,DDA3937_RS01575
OG04004,beril_HerbieS,HSERO_RS18870
OG04006,beril_Dda3937,DDA3937_RS16795
OG04008,beril_Dda3937,DDA3937_RS20935
OG04009,beril_Magneto,AMB_RS03170
OG04012,beril_RalstoniaPSI07,RPSI07_RS23030
OG04014,beril_Dda3937,DDA3937_RS02795
OG04018,beril_Dda3937,DDA3937_RS15675
OG04020,beril_HerbieS,HSERO_RS12045
OG04021,beril_Dda3937,DDA3937_RS00785
OG04022,beril_Dda3937,DDA3937_RS12845
OG04023,beril_RalstoniaPSI07,RPSI07_RS01240
OG04025,beril_RalstoniaGMI1000,RS_RS06870
OG04026,beril_Dda3937,DDA3937_RS09875
OG04029,beril_Magneto,AMB_RS06395
OG04031,beril_HerbieS,HSERO_RS15580
OG04032,beril_Dda3937,DDA3937_RS07325
OG04037,beril_Dda3937,DDA3937_RS18135
OG04038,beril_HerbieS,HSERO_RS21260
OG04039,beril_Dda3937,DDA3937_RS07540
OG04040,beril_Dda3937,DDA3937_RS14695
OG04041,beril_Dda3937,DDA3937_RS19430
OG04042,beril_Dda3937,DDA3937_RS12940
OG04043,beril_RalstoniaGMI1000,RS_RS25405
OG04044,beril_Dda3937,DDA3937_RS12765
OG04047,beril_RalstoniaGMI1000,RS_RS01285
OG04051,beril_Dda3937,DDA3937_RS21320
OG04052,beril_Dda3937,DDA3937_RS09790
OG04054,beril_Dda3937,DDA3937_RS14370
OG04058,beril_Dda3937,DDA3937_RS01115
OG04061,beril_RalstoniaGMI1000,RS_RS24870
OG04062,beril_Dda3937,DDA3937_RS09115
OG04063,beril_RalstoniaPSI07,RPSI07_RS07935
OG04065,beril_Dda3937,DDA3937_RS06605
OG04068,beril_Dda3937,DDA3937_RS10585
OG04069,beril_Dda3937,DDA3937_RS03185
OG04070,beril_RalstoniaBSBF1503,RALBFv3_RS20875
OG04071,beril_Dda3937,DDA3937_RS22495
OG04072,beril_Dda3937,DDA3937_RS15210
OG04078,beril_Dda3937,DDA3937_RS05045
OG04079,beril_Magneto,AMB_RS13525
OG04080,beril_Dda3937,DDA3937_RS10000
OG04082,beril_Dda3937,DDA3937_RS08925
OG04085,beril_Dda3937,DDA3937_RS11440
OG04087,beril_Magneto,AMB_RS13485
OG04092,beril_HerbieS,HSERO_RS04485
OG04093,beril_Magneto,AMB_RS00420
OG04101,beril_Magneto,AMB_RS09335
OG04102,beril_RalstoniaBSBF1503,RALBFv3_RS07545
OG04109,beril_HerbieS,HSERO_RS13875
OG04110,beril_Dda3937,DDA3937_RS20555
OG04112,beril_Dda3937,DDA3937_RS03630
OG04113,beril_Dda3937,DDA3937_RS03545
OG04114,beril_Dda3937,DDA3937_RS15315
OG04115,beril_HerbieS,HSERO_RS04490
OG04117,beril_Methanococcus_JJ,MMJJ_RS04495
OG04119,beril_Dda3937,DDA3937_RS11040
OG04120,beril_Magneto,AMB_RS19385
OG04121,beril_HerbieS,HSERO_RS16190
OG04122,beril_Magneto,AMB_RS06115
OG04125,beril_RalstoniaGMI1000,RS_RS12910
OG04128,beril_Magneto,AMB_RS11385
OG04132,beril_Magneto,AMB_RS21455
OG04134,beril_Magneto,AMB_RS19680
OG04135,beril_RalstoniaPSI07,RPSI07_RS25065
OG04138,beril_Magneto,AMB_RS23615
OG04139,beril_Magneto,AMB_RS03615
OG04140,beril_Methanococcus_JJ,MMJJ_RS08460
OG04141,beril_Magneto,AMB_RS07745
OG04144,beril_Dda3937,DDA3937_RS13845
OG04146,beril_Dda3937,DDA3937_RS04005
OG04147,beril_RalstoniaBSBF1503,RALBFv3_RS01395
OG04149,beril_RalstoniaGMI1000,RS_RS13000
OG04151,beril_Magneto,AMB_RS01305
OG04152,beril_Magneto,AMB_RS00185
OG04153,beril_RalstoniaGMI1000,RS_RS09750
OG04157,beril_HerbieS,HSERO_RS04460
OG04159,beril_Methanococcus_S2,MMP_RS01370
OG04161,beril_Methanococcus_S2,MMP_RS02445
OG04162,beril_RalstoniaGMI1000,RS_RS00850
OG04163,beril_RalstoniaBSBF1503,RALBFv3_RS17870
OG04164,beril_Magneto,AMB_RS06955
OG04165,beril_RalstoniaGMI1000,RS_RS20165
OG04167,beril_Magneto,AMB_RS11000
OG04168,beril_RalstoniaGMI1000,RS_RS12960
OG04169,beril_Dda3937,DDA3937_RS13975
OG04174,beril_RalstoniaBSBF1503,RALBFv3_RS11930
OG04178,beril_RalstoniaPSI07,RPSI07_RS02105
OG04180,beril_Magneto,AMB_RS03990
OG04181,beril_RalstoniaGMI1000,RS_RS12935
OG04182,beril_Magneto,AMB_RS19810
OG04184,beril_Magneto,AMB_RS13590
OG04186,beril_Dda3937,DDA3937_RS02530
OG04193,beril_Magneto,AMB_RS22245
OG04194,beril_RalstoniaPSI07,RPSI07_RS18870
OG04196,beril_RalstoniaGMI1000,RS_RS00130
OG04199,beril_Magneto,AMB_RS08390
OG04201,beril_Magneto,AMB_RS19620
OG04205,beril_Magneto,AMB_RS11985
OG04211,beril_Magneto,AMB_RS02810
OG04215,beril_RalstoniaPSI07,RPSI07_RS22965
OG04216,beril_Magneto,AMB_RS21450
OG04218,beril_RalstoniaGMI1000,RS_RS07880
OG04219,beril_RalstoniaGMI1000,RS_RS13045
OG04220,beril_Magneto,AMB_RS13560
OG04225,beril_RalstoniaBSBF1503,RALBFv3_RS18670
OG04227,beril_Magneto,AMB_RS21175
OG04228,beril_Dda3937,DDA3937_RS13275
OG04229,beril_Magneto,AMB_RS18950
OG04232,beril_Magneto,AMB_RS11805
OG04234,beril_Magneto,AMB_RS19995
OG04236,beril_RalstoniaBSBF1503,RALBFv3_RS07530
OG04237,beril_RalstoniaGMI1000,RS_RS22835
OG04240,beril_Dda3937,DDA3937_RS00260
OG04242,beril_RalstoniaGMI1000,RS_RS13695
OG04250,beril_RalstoniaGMI1000,RS_RS13100
OG04252,beril_HerbieS,HSERO_RS19360
OG04257,beril_RalstoniaGMI1000,RS_RS12955
OG04258,beril_Dda3937,DDA3937_RS17670
OG04259,beril_Magneto,AMB_RS01655
OG04261,beril_RalstoniaGMI1000,RS_RS00980
OG04265,beril_Dda3937,DDA3937_RS13585
OG04266,beril_Dda3937,DDA3937_RS11935
OG04270,beril_RalstoniaBSBF1503,RALBFv3_RS10335
OG04272,beril_Magneto,AMB_RS00205
OG04274,beril_RalstoniaGMI1000,RS_RS21670
OG04278,beril_RalstoniaBSBF1503,RALBFv3_RS01050
OG04279,beril_RalstoniaGMI1000,RS_RS12915
OG04280,beril_RalstoniaBSBF1503,RALBFv3_RS20445
OG04281,beril_Magneto,AMB_RS11875
OG04285,beril_RalstoniaGMI1000,RS_RS01450
OG04286,beril_HerbieS,HSERO_RS04540
OG04291,beril_Magneto,AMB_RS19505
OG04295,beril_RalstoniaGMI1000,RS_RS06295
OG04297,beril_Magneto,AMB_RS18265
OG04300,beril_RalstoniaPSI07,RPSI07_RS02110
OG04301,beril_Magneto,AMB_RS13805
OG04302,beril_RalstoniaBSBF1503,RALBFv3_RS09690
OG04309,beril_Dda3937,DDA3937_RS04025
OG04312,beril_Magneto,AMB_RS12475
OG04314,beril_HerbieS,HSERO_RS17495
OG04317,beril_RalstoniaBSBF1503,RALBFv3_RS02775
OG04318,beril_Magneto,AMB_RS02180
OG04319,beril_RalstoniaGMI1000,RS_RS10150
OG04320,beril_RalstoniaGMI1000,RS_RS15405
OG04325,beril_RalstoniaBSBF1503,RALBFv3_RS20160
OG04326,beril_HerbieS,HSERO_RS02590
OG04327,beril_RalstoniaGMI1000,RS_RS23195
OG04329,beril_Methanococcus_S2,MMP_RS00185
OG04330,beril_Magneto,AMB_RS24365
OG04331,beril_Magneto,AMB_RS21820
OG04332,beril_RalstoniaGMI1000,RS_RS19970
OG04337,beril_Magneto,AMB_RS12785
OG04341,beril_RalstoniaGMI1000,RS_RS05530
OG04342,beril_RalstoniaGMI1000,RS_RS10260
OG04343,beril_Magneto,AMB_RS20185
OG04346,beril_RalstoniaGMI1000,RS_RS18165
OG04347,beril_RalstoniaGMI1000,RS_RS12965
OG04348,beril_Dda3937,DDA3937_RS13650
OG04349,beril_RalstoniaGMI1000,RS_RS12905
OG04350,beril_Magneto,AMB_RS03940
OG04351,beril_Magneto,AMB_RS22485
OG04352,beril_RalstoniaGMI1000,RS_RS15985
OG04353,beril_Magneto,AMB_RS19405
OG04354,beril_Magneto,AMB_RS20585
OG04355,beril_Magneto,AMB_RS02915
OG04358,beril_RalstoniaGMI1000,RS_RS01445
OG04367,beril_Magneto,AMB_RS15025
OG04372,beril_HerbieS,HSERO_RS04555
OG04374,beril_Dda3937,DDA3937_RS04000
OG04376,beril_RalstoniaGMI1000,RS_RS13040
OG04379,beril_Magneto,AMB_RS01585
OG04381,beril_Magneto,AMB_RS22240
OG04390,beril_Magneto,AMB_RS10765
OG04392,beril_Magneto,AMB_RS03220
OG04393,beril_RalstoniaBSBF1503,RALBFv3_RS02885
OG04396,beril_Magneto,AMB_RS05600
OG04398,beril_HerbieS,HSERO_RS07000
OG04399,beril_Magneto,AMB_RS03140
OG04400,beril_Dda3937,DDA3937_RS01690
OG04401,beril_Magneto,AMB_RS20355
OG04406,beril_Magneto,AMB_RS01180
OG04410,beril_Magneto,AMB_RS11610
OG04411,beril_Magneto,AMB_RS20160
OG04412,beril_Magneto,AMB_RS14175
OG04413,beril_RalstoniaGMI1000,RS_RS12770
OG04415,beril_Methanococcus_JJ,MMJJ_RS03795
OG04416,beril_Magneto,AMB_RS19365
OG04420,beril_RalstoniaPSI07,RPSI07_RS06790
OG04422,beril_Dda3937,DDA3937_RS20585
OG04424,beril_Magneto,AMB_RS22985
OG04425,beril_RalstoniaPSI07,RPSI07_RS04445
OG04428,beril_Dda3937,DDA3937_RS15330
OG04431,beril_Magneto,AMB_RS16130
OG04433,beril_Magneto,AMB_RS06950
OG04435,beril_RalstoniaBSBF1503,RALBFv3_RS02755
OG04437,beril_Magneto,AMB_RS15635
OG04442,beril_Magneto,AMB_RS15845
OG04443,beril_Magneto,AMB_RS12510
OG04445,beril_HerbieS,HSERO_RS09490
OG04449,beril_HerbieS,HSERO_RS05245
OG04451,beril_Methanococcus_S2,MMP_RS01640
OG04453,beril_Magneto,AMB_RS03120
OG04454,beril_RalstoniaPSI07,RPSI07_RS05050
OG04459,beril_Magneto,AMB_RS21845
OG04460,beril_HerbieS,HSERO_RS12870
OG04461,beril_Magneto,AMB_RS20530
OG04463,beril_Dda3937,DDA3937_RS00830
OG04470,beril_Magneto,AMB_RS21460
OG04479,beril_RalstoniaBSBF1503,RALBFv3_RS16950
OG04482,beril_RalstoniaPSI07,RPSI07_RS25185
OG04483,beril_RalstoniaGMI1000,RS_RS12870
OG04492,beril_RalstoniaPSI07,RPSI07_RS05440
OG04495,beril_RalstoniaGMI1000,RS_RS09250
OG04498,beril_Dda3937,DDA3937_RS21085
OG04499,beril_Magneto,AMB_RS22280
OG04501,beril_Dda3937,DDA3937_RS20725
OG04503,beril_Magneto,AMB_RS01640
OG04504,beril_Magneto,AMB_RS19820
OG04507,beril_RalstoniaPSI07,RPSI07_RS01910
OG04511,beril_HerbieS,HSERO_RS13590
OG04513,beril_Magneto,AMB_RS02710
OG04519,beril_RalstoniaBSBF1503,RALBFv3_RS15720
OG04520,beril_HerbieS,HSERO_RS21010
OG04523,beril_Magneto,AMB_RS19900
OG04530,beril_Magneto,AMB_RS04050
OG04531,beril_RalstoniaGMI1000,RS_RS24240
OG04532,beril_Magneto,AMB_RS06790
OG04536,beril_Magneto,AMB_RS19135
OG04537,beril_Dda3937,DDA3937_RS02195
OG04538,beril_RalstoniaGMI1000,RS_RS05400
OG04539,beril_Dda3937,DDA3937_RS11370
OG04541,beril_RalstoniaPSI07,RPSI07_RS14415
OG04548,beril_RalstoniaBSBF1503,RALBFv3_RS18570
OG04549,beril_Dda3937,DDA3937_RS13865
OG04551,beril_Magneto,AMB_RS04290
OG04552,beril_Magneto,AMB_RS17105
OG04554,beril_Magneto,AMB_RS11605
OG04555,beril_Magneto,AMB_RS00155
OG04556,beril_HerbieS,HSERO_RS23815
OG04566,beril_Magneto,AMB_RS17420
OG04568,beril_Magneto,AMB_RS19565
OG04571,beril_HerbieS,HSERO_RS05925
OG04576,beril_RalstoniaPSI07,RPSI07_RS04130
OG04577,beril_RalstoniaPSI07,RPSI07_RS06330
OG04583,beril_RalstoniaBSBF1503,RALBFv3_RS09975
OG04584,beril_RalstoniaPSI07,RPSI07_RS17360
OG04585,beril_Magneto,AMB_RS06805
OG04586,beril_RalstoniaGMI1000,RS_RS09645
OG04587,beril_RalstoniaBSBF1503,RALBFv3_RS19915
OG04588,beril_RalstoniaBSBF1503,RALBFv3_RS15660
OG04592,beril_Dda3937,DDA3937_RS03690
OG04593,beril_Magneto,AMB_RS03935
OG04594,beril_Magneto,AMB_RS14180
OG04595,beril_Magneto,AMB_RS18285
OG04597,beril_Magneto,AMB_RS08130
OG04601,beril_Magneto,AMB_RS21090
OG04602,beril_Magneto,AMB_RS17690
OG04604,beril_Magneto,AMB_RS22505
OG04606,beril_Magneto,AMB_RS12405
OG04608,beril_Dda3937,DDA3937_RS19505
OG04611,beril_RalstoniaPSI07,RPSI07_RS13735
OG04612,beril_Magneto,AMB_RS06800
OG04613,beril_RalstoniaBSBF1503,RALBFv3_RS05670
OG04614,beril_Magneto,AMB_RS05730
OG04615,beril_Magneto,AMB_RS02815
OG04616,beril_RalstoniaBSBF1503,RALBFv3_RS09105
OG04619,beril_Dda3937,DDA3937_RS20365
OG04622,beril_Methanococcus_S2,MMP_RS00985
OG04624,beril_Magneto,AMB_RS04835
OG04626,beril_Magneto,AMB_RS24455
OG04627,beril_Magneto,AMB_RS22490
OG04629,beril_RalstoniaGMI1000,RS_RS03255
OG04631,beril_Methanococcus_S2,MMP_RS04000
OG04634,beril_HerbieS,HSERO_RS04500
OG04639,beril_HerbieS,HSERO_RS00750
OG04645,beril_Magneto,AMB_RS01705
OG04647,beril_RalstoniaGMI1000,RS_RS06655
OG04649,beril_RalstoniaBSBF1503,RALBFv3_RS07940
OG04651,beril_RalstoniaBSBF1503,RALBFv3_RS10790
OG04654,beril_RalstoniaGMI1000,RS_RS20875
OG04658,beril_RalstoniaGMI1000,RS_RS20935
OG04661,beril_RalstoniaGMI1000,RS_RS13065
OG04662,beril_Magneto,AMB_RS20220
OG04663,beril_HerbieS,HSERO_RS14470
OG04666,beril_RalstoniaGMI1000,RS_RS12925
OG04671,beril_Magneto,AMB_RS07780
OG04672,beril_Magneto,AMB_RS11865
OG04675,beril_Magneto,AMB_RS07310
OG04681,beril_Magneto,AMB_RS14060
OG04683,beril_Magneto,AMB_RS22140
OG04684,beril_RalstoniaBSBF1503,RALBFv3_RS10210
OG04686,beril_Magneto,AMB_RS03110
OG04689,beril_Magneto,AMB_RS03890
OG04690,beril_RalstoniaBSBF1503,RALBFv3_RS20425
OG04695,beril_Magneto,AMB_RS13405
OG04700,beril_Magneto,AMB_RS11710
OG04701,beril_Magneto,AMB_RS18405
OG04706,beril_RalstoniaBSBF1503,RALBFv3_RS02050
OG04708,beril_Magneto,AMB_RS19815
OG04710,beril_Magneto,AMB_RS00705
OG04711,beril_Magneto,AMB_RS14590
OG04713,beril_HerbieS,HSERO_RS13780
OG04715,beril_Magneto,AMB_RS13930
OG04717,beril_Magneto,AMB_RS20765
OG04719,beril_Magneto,AMB_RS03150
OG04721,beril_RalstoniaBSBF1503,RALBFv3_RS20105
OG04722,beril_Magneto,AMB_RS18955
OG04723,beril_Magneto,AMB_RS23065
OG04724,beril_RalstoniaGMI1000,RS_RS09855
OG04725,beril_Dda3937,DDA3937_RS02660
OG04726,beril_Magneto,AMB_RS16900
OG04727,beril_Methanococcus_JJ,MMJJ_RS07565
OG04728,beril_Dda3937,DDA3937_RS07910
OG04729,beril_Magneto,AMB_RS01385
OG04731,beril_RalstoniaPSI07,RPSI07_RS13420
OG04732,beril_Magneto,AMB_RS02235
OG04738,beril_RalstoniaGMI1000,RS_RS03765
OG04742,beril_Magneto,AMB_RS11930
OG04746,beril_Magneto,AMB_RS19750
OG04747,beril_RalstoniaBSBF1503,RALBFv3_RS04825
OG04748,beril_Magneto,AMB_RS22270
OG04750,beril_RalstoniaBSBF1503,RALBFv3_RS10235
OG04752,beril_RalstoniaGMI1000,RS_RS07290
OG04753,beril_HerbieS,HSERO_RS06610
OG04754,beril_Magneto,AMB_RS02845
OG04755,beril_Magneto,AMB_RS06755
OG04759,beril_RalstoniaGMI1000,RS_RS03295
OG04763,beril_Magneto,AMB_RS00480
OG04764,beril_RalstoniaGMI1000,RS_RS09590
OG04767,beril_Magneto,AMB_RS00825
OG04768,beril_RalstoniaBSBF1503,RALBFv3_RS18660
OG04771,beril_RalstoniaPSI07,RPSI07_RS21105
OG04774,beril_RalstoniaGMI1000,RS_RS18020
OG04775,beril_Magneto,AMB_RS22275
OG04776,beril_Dda3937,DDA3937_RS08500
OG04780,beril_HerbieS,HSERO_RS16205
OG04782,beril_Magneto,AMB_RS07760
OG04786,beril_RalstoniaPSI07,RPSI07_RS04770
OG04788,beril_Dda3937,DDA3937_RS02655
OG04790,beril_Dda3937,DDA3937_RS05565
OG04791,beril_HerbieS,HSERO_RS15995
OG04794,beril_Dda3937,DDA3937_RS04470
OG04797,beril_RalstoniaPSI07,RPSI07_RS20475
OG04801,beril_RalstoniaBSBF1503,RALBFv3_RS22780
OG04803,beril_RalstoniaGMI1000,RS_RS00270
OG04805,beril_Magneto,AMB_RS18930
OG04806,beril_RalstoniaBSBF1503,RALBFv3_RS19475
OG04809,beril_Magneto,AMB_RS18960
OG04810,beril_Dda3937,DDA3937_RS17890
OG04814,beril_Magneto,AMB_RS21465
OG04817,beril_Magneto,AMB_RS11870
OG04819,beril_Magneto,AMB_RS03790
OG04820,beril_Magneto,AMB_RS00110
OG04821,beril_RalstoniaGMI1000,RS_RS21685
OG04823,beril_Magneto,AMB_RS06270
OG04824,beril_RalstoniaGMI1000,RS_RS13050
OG04828,beril_Dda3937,DDA3937_RS04565
OG04833,beril_RalstoniaPSI07,RPSI07_RS06320
OG04834,beril_Dda3937,DDA3937_RS14820
OG04838,beril_Dda3937,DDA3937_RS00420
OG04840,beril_RalstoniaBSBF1503,RALBFv3_RS15435
OG04843,beril_Magneto,AMB_RS18475
OG04846,beril_Dda3937,DDA3937_RS14940
OG04847,beril_Dda3937,DDA3937_RS08555
OG04849,beril_Dda3937,DDA3937_RS21110
OG04850,beril_RalstoniaGMI1000,RS_RS20905
OG04852,beril_Dda3937,DDA3937_RS18740
OG04853,beril_RalstoniaBSBF1503,RALBFv3_RS00750
OG04857,beril_Dda3937,DDA3937_RS08135
OG04858,beril_RalstoniaPSI07,RPSI07_RS13265
OG04861,beril_Dda3937,DDA3937_RS08110
OG04862,beril_RalstoniaGMI1000,RS_RS07405
OG04863,beril_RalstoniaBSBF1503,RALBFv3_RS19000
OG04864,beril_Dda3937,DDA3937_RS18840
OG04865,beril_Methanococcus_JJ,MMJJ_RS06185
OG04867,beril_RalstoniaGMI1000,RS_RS24220
OG04871,beril_RalstoniaGMI1000,RS_RS19235
OG04874,beril_Dda3937,DDA3937_RS16615
OG04878,beril_Magneto,AMB_RS20800
OG04879,beril_HerbieS,HSERO_RS05770
OG04880,beril_Dda3937,DDA3937_RS02590
OG04882,beril_Dda3937,DDA3937_RS04550
OG04884,beril_Dda3937,DDA3937_RS13770
OG04885,beril_RalstoniaGMI1000,RS_RS03955
OG04887,beril_RalstoniaBSBF1503,RALBFv3_RS22105
OG04888,beril_Methanococcus_JJ,MMJJ_RS03560
OG04891,beril_Dda3937,DDA3937_RS02185
OG04894,beril_Dda3937,DDA3937_RS21100
OG04896,beril_RalstoniaBSBF1503,RALBFv3_RS09995
OG04897,beril_Magneto,AMB_RS04860
OG04901,beril_RalstoniaPSI07,RPSI07_RS02260
OG04902,beril_RalstoniaBSBF1503,RALBFv3_RS19010
OG04904,beril_Dda3937,DDA3937_RS08535
OG04906,beril_Dda3937,DDA3937_RS09300
OG04907,beril_Magneto,AMB_RS05490
OG04910,beril_Dda3937,DDA3937_RS01275
OG04911,beril_Dda3937,DDA3937_RS16950
OG04912,beril_Dda3937,DDA3937_RS14500
OG04913,beril_Dda3937,DDA3937_RS13600
OG04914,beril_Methanococcus_S2,MMP_RS01760
OG04915,beril_RalstoniaPSI07,RPSI07_RS13810
OG04916,beril_Dda3937,DDA3937_RS18830
OG04919,beril_Dda3937,DDA3937_RS07995
OG04921,beril_Dda3937,DDA3937_RS10910
OG04923,beril_RalstoniaPSI07,RPSI07_RS03515
OG04924,beril_RalstoniaPSI07,RPSI07_RS14100
OG04926,beril_RalstoniaGMI1000,RS_RS00615
OG04927,beril_RalstoniaPSI07,RPSI07_RS02180
OG04928,beril_HerbieS,HSERO_RS22345
OG04930,beril_Dda3937,DDA3937_RS07875
OG04931,beril_Magneto,AMB_RS05980
OG04932,beril_Magneto,AMB_RS06850
OG04933,beril_Dda3937,DDA3937_RS11755
OG04935,beril_Dda3937,DDA3937_RS14975
OG04937,beril_HerbieS,HSERO_RS07250
OG04938,beril_Dda3937,DDA3937_RS06595
OG04941,beril_Dda3937,DDA3937_RS15435
OG04944,beril_RalstoniaPSI07,RPSI07_RS08400
OG04945,beril_Magneto,AMB_RS07600
OG04946,beril_Dda3937,DDA3937_RS04155
OG04947,beril_RalstoniaGMI1000,RS_RS01115
OG04948,beril_Dda3937,DDA3937_RS14110
OG04949,beril_Dda3937,DDA3937_RS20660
OG04951,beril_Dda3937,DDA3937_RS16960
OG04953,beril_Dda3937,DDA3937_RS21105
OG04955,beril_Magneto,AMB_RS17530
OG04957,beril_HerbieS,HSERO_RS08770
OG04958,beril_Dda3937,DDA3937_RS12170
OG04960,beril_RalstoniaBSBF1503,RALBFv3_RS16560
OG04961,beril_Dda3937,DDA3937_RS15590
OG04963,beril_HerbieS,HSERO_RS15905
OG04969,beril_Dda3937,DDA3937_RS16675
OG04970,beril_RalstoniaBSBF1503,RALBFv3_RS19020
OG04971,beril_Dda3937,DDA3937_RS09765
OG04973,beril_Dda3937,DDA3937_RS13805
OG04974,beril_Dda3937,DDA3937_RS04140
OG04977,beril_Dda3937,DDA3937_RS03735
OG04980,beril_Dda3937,DDA3937_RS18795
OG04981,beril_Dda3937,DDA3937_RS16610
OG04983,beril_Methanococcus_JJ,MMJJ_RS02350
OG04984,beril_Dda3937,DDA3937_RS11340
OG04985,beril_Dda3937,DDA3937_RS19470
OG04986,beril_Dda3937,DDA3937_RS18870
OG04990,beril_Magneto,AMB_RS16605
OG04993,beril_Dda3937,DDA3937_RS04705
OG04994,beril_Dda3937,DDA3937_RS00400
OG04995,beril_RalstoniaBSBF1503,RALBFv3_RS22815
OG04996,beril_RalstoniaBSBF1503,RALBFv3_RS00590
OG05001,beril_Dda3937,DDA3937_RS04145
OG05002,beril_RalstoniaBSBF1503,RALBFv3_RS16285
OG05003,beril_RalstoniaGMI1000,RS_RS10185
OG05004,beril_RalstoniaBSBF1503,RALBFv3_RS00770
OG05005,beril_Magneto,AMB_RS20850
OG05008,beril_Dda3937,DDA3937_RS17865
OG05009,beril_Dda3937,DDA3937_RS02180
OG05010,beril_Dda3937,DDA3937_RS14925
OG05011,beril_Methanococcus_S2,MMP_RS04090
OG05012,beril_Dda3937,DDA3937_RS10915
OG05014,beril_Magneto,AMB_RS03005
OG05016,beril_Dda3937,DDA3937_RS14860
OG05017,beril_Dda3937,DDA3937_RS11750
OG05021,beril_Dda3937,DDA3937_RS16980
OG05022,beril_Dda3937,DDA3937_RS14090
OG05024,beril_Dda3937,DDA3937_RS12020
OG05025,beril_Dda3937,DDA3937_RS15585
OG05030,beril_Dda3937,DDA3937_RS07975
OG05033,beril_Dda3937,DDA3937_RS14905
OG05034,beril_Dda3937,DDA3937_RS02150
OG05035,beril_Dda3937,DDA3937_RS21330
OG05037,beril_RalstoniaGMI1000,RS_RS24010
OG05038,beril_Dda3937,DDA3937_RS11450
OG05039,beril_Dda3937,DDA3937_RS21550
OG05042,beril_Dda3937,DDA3937_RS08130
OG05043,beril_Dda3937,DDA3937_RS15125
OG05044,beril_RalstoniaPSI07,RPSI07_RS04165
OG05045,beril_RalstoniaGMI1000,RS_RS10210
OG05046,beril_Magneto,AMB_RS00455
OG05047,beril_Methanococcus_JJ,MMJJ_RS06735
OG05048,beril_Dda3937,DDA3937_RS17390
OG05051,beril_Methanococcus_S2,MMP_RS00630
OG05052,beril_Dda3937,DDA3937_RS02595
OG05053,beril_Methanococcus_S2,MMP_RS04940
OG05054,beril_RalstoniaPSI07,RPSI07_RS09055
OG05055,beril_Dda3937,DDA3937_RS21120
OG05057,beril_RalstoniaBSBF1503,RALBFv3_RS22810
OG05058,beril_Dda3937,DDA3937_RS13965
OG05059,beril_Methanococcus_S2,MMP_RS04205
OG05060,beril_Dda3937,DDA3937_RS14815
OG05061,beril_Dda3937,DDA3937_RS03515
OG05062,beril_Dda3937,DDA3937_RS02585
OG05063,beril_RalstoniaBSBF1503,RALBFv3_RS10390
OG05064,beril_Dda3937,DDA3937_RS06730
OG05066,beril_Dda3937,DDA3937_RS02570
OG05067,beril_Dda3937,DDA3937_RS20495
OG05069,beril_Dda3937,DDA3937_RS18905
OG05071,beril_RalstoniaBSBF1503,RALBFv3_RS05385
OG05072,beril_Dda3937,DDA3937_RS17900
OG05073,beril_Dda3937,DDA3937_RS08115
OG05074,beril_RalstoniaBSBF1503,RALBFv3_RS15410
OG05075,beril_Dda3937,DDA3937_RS08125
OG05076,beril_Dda3937,DDA3937_RS04125
OG05080,beril_HerbieS,HSERO_RS02520
OG05085,beril_Dda3937,DDA3937_RS19940
OG05087,beril_Dda3937,DDA3937_RS14495
OG05088,beril_Dda3937,DDA3937_RS03540
OG05089,beril_RalstoniaGMI1000,RS_RS09110
OG05091,beril_Methanococcus_S2,MMP_RS03155
OG05093,beril_Dda3937,DDA3937_RS03765
OG05095,beril_Dda3937,DDA3937_RS17360
OG05096,beril_RalstoniaGMI1000,RS_RS06890
OG05097,beril_Dda3937,DDA3937_RS18725
OG05100,beril_RalstoniaGMI1000,RS_RS19240
OG05105,beril_Dda3937,DDA3937_RS04165
OG05108,beril_RalstoniaPSI07,RPSI07_RS08375
OG05109,beril_Dda3937,DDA3937_RS07340
OG05114,beril_HerbieS,HSERO_RS13465
OG05115,beril_Dda3937,DDA3937_RS20485
OG05116,beril_Dda3937,DDA3937_RS06855
OG05117,beril_Dda3937,DDA3937_RS11325
OG05118,beril_Dda3937,DDA3937_RS12180
OG05121,beril_Methanococcus_JJ,MMJJ_RS02010
OG05123,beril_Methanococcus_JJ,MMJJ_RS01625
OG05125,beril_Dda3937,DDA3937_RS21125
OG05126,beril_RalstoniaBSBF1503,RALBFv3_RS17435
OG05128,beril_Dda3937,DDA3937_RS18810
OG05129,beril_Magneto,AMB_RS09340
OG05130,beril_Dda3937,DDA3937_RS03610
OG05131,beril_Dda3937,DDA3937_RS02615
OG05133,beril_Dda3937,DDA3937_RS09305
OG05134,beril_RalstoniaBSBF1503,RALBFv3_RS03250
OG05135,beril_RalstoniaPSI07,RPSI07_RS05245
OG05138,beril_Dda3937,DDA3937_RS13625
OG05139,beril_RalstoniaPSI07,RPSI07_RS09330
OG05141,beril_RalstoniaGMI1000,RS_RS12710
OG05143,beril_RalstoniaGMI1000,RS_RS12835
OG05145,beril_HerbieS,HSERO_RS14385
OG05146,beril_Dda3937,DDA3937_RS07915
OG05147,beril_Dda3937,DDA3937_RS18910
OG05149,beril_Dda3937,DDA3937_RS03615
OG05151,beril_Dda3937,DDA3937_RS16985
OG05153,beril_Dda3937,DDA3937_RS03520
OG05156,beril_Dda3937,DDA3937_RS18730
OG05157,beril_RalstoniaGMI1000,RS_RS06235
OG05159,beril_Dda3937,DDA3937_RS00405
OG05161,beril_Dda3937,DDA3937_RS18835
OG05162,beril_Dda3937,DDA3937_RS06660
OG05166,beril_Dda3937,DDA3937_RS17910
OG05167,beril_Methanococcus_S2,MMP_RS03225
OG05168,beril_Magneto,AMB_RS04110
OG05169,beril_Dda3937,DDA3937_RS16600
OG05172,beril_Dda3937,DDA3937_RS10685
OG05173,beril_Dda3937,DDA3937_RS10870
OG05174,beril_Dda3937,DDA3937_RS19680
OG05175,beril_Dda3937,DDA3937_RS15430
OG05178,beril_Dda3937,DDA3937_RS00545
OG05179,beril_Dda3937,DDA3937_RS03880
OG05180,beril_RalstoniaGMI1000,RS_RS10235
OG05181,beril_HerbieS,HSERO_RS19705
OG05182,beril_Dda3937,DDA3937_RS05830
OG05184,beril_Dda3937,DDA3937_RS08785
OG05185,beril_Dda3937,DDA3937_RS14915
OG05189,beril_Dda3937,DDA3937_RS04405
OG05193,beril_Dda3937,DDA3937_RS13895
OG05194,beril_RalstoniaBSBF1503,RALBFv3_RS18990
OG05195,beril_Methanococcus_JJ,MMJJ_RS06745
OG05198,beril_Dda3937,DDA3937_RS17710
OG05199,beril_RalstoniaPSI07,RPSI07_RS00605
OG05201,beril_RalstoniaGMI1000,RS_RS04090
OG05203,beril_Dda3937,DDA3937_RS05240
OG05205,beril_Magneto,AMB_RS04125
OG05208,beril_RalstoniaGMI1000,RS_RS09655
OG05209,beril_HerbieS,HSERO_RS20065
OG05212,beril_Dda3937,DDA3937_RS07190
OG05213,beril_Methanococcus_S2,MMP_RS07620
OG05216,beril_Dda3937,DDA3937_RS02610
OG05218,beril_RalstoniaBSBF1503,RALBFv3_RS04300
OG05219,beril_Dda3937,DDA3937_RS21405
OG05222,beril_HerbieS,HSERO_RS13160
OG05224,beril_Dda3937,DDA3937_RS18855
OG05225,beril_Methanococcus_JJ,MMJJ_RS08065
OG05230,beril_Magneto,AMB_RS00405
OG05250,beril_RalstoniaGMI1000,RS_RS08560
OG05267,beril_Dda3937,DDA3937_RS13785
OG05273,beril_Magneto,AMB_RS11505
OG05274,beril_RalstoniaPSI07,RPSI07_RS22095
OG05282,beril_Magneto,AMB_RS08940
OG05284,beril_RalstoniaGMI1000,RS_RS15345
OG05290,beril_Magneto,AMB_RS21825
OG05293,beril_Magneto,AMB_RS09815
OG05303,beril_RalstoniaPSI07,RPSI07_RS21345
OG05304,beril_Magneto,AMB_RS08930
OG05310,beril_RalstoniaGMI1000,RS_RS08565
OG05311,beril_Magneto,AMB_RS08435
OG05313,beril_Methanococcus_JJ,MMJJ_RS04755
OG05330,beril_RalstoniaGMI1000,RS_RS08485
OG05336,beril_Magneto,AMB_RS03850
OG05349,beril_Magneto,AMB_RS15490
OG05355,beril_Magneto,AMB_RS19415
OG05367,beril_Magneto,AMB_RS00975
OG05387,beril_Magneto,AMB_RS08950
OG05415,beril_Magneto,AMB_RS08925
OG05423,beril_RalstoniaGMI1000,RS_RS04835
OG05436,beril_HerbieS,HSERO_RS05075
OG05437,beril_RalstoniaGMI1000,RS_RS03960
OG05442,beril_Methanococcus_S2,MMP_RS03275
OG05443,beril_RalstoniaGMI1000,RS_RS19455
OG05448,beril_Magneto,AMB_RS02920
OG05450,beril_Methanococcus_JJ,MMJJ_RS04230
OG05471,beril_RalstoniaBSBF1503,RALBFv3_RS20380
OG05475,beril_Magneto,AMB_RS10720
OG05476,beril_RalstoniaGMI1000,RS_RS05695
OG05485,beril_Magneto,AMB_RS22055
OG05492,beril_Magneto,AMB_RS04540
OG05507,beril_Magneto,AMB_RS23335
OG05530,beril_RalstoniaGMI1000,RS_RS08535
OG05532,beril_RalstoniaBSBF1503,RALBFv3_RS04350
OG05553,beril_RalstoniaBSBF1503,RALBFv3_RS17585
OG05559,beril_Magneto,AMB_RS22265
OG05568,beril_RalstoniaBSBF1503,RALBFv3_RS00585
OG05570,beril_Magneto,AMB_RS19735
OG05578,beril_Dda3937,DDA3937_RS18010
OG05585,beril_HerbieS,HSERO_RS18705
OG05595,beril_RalstoniaPSI07,RPSI07_RS11980
OG05605,beril_Dda3937,DDA3937_RS20815
OG05612,beril_Magneto,AMB_RS20245
OG05659,beril_HerbieS,HSERO_RS22150
OG05675,beril_RalstoniaPSI07,RPSI07_RS21070
OG05690,beril_RalstoniaBSBF1503,RALBFv3_RS10105
OG05693,beril_Dda3937,DDA3937_RS01330
OG05695,beril_Magneto,AMB_RS15195
OG05699,beril_Magneto,AMB_RS15200
OG05700,beril_RalstoniaBSBF1503,RALBFv3_RS19135
OG05707,beril_RalstoniaBSBF1503,RALBFv3_RS05550
OG05711,beril_RalstoniaGMI1000,RS_RS08540
OG05729,beril_RalstoniaGMI1000,RS_RS15755
OG05736,beril_Magneto,AMB_RS02305
OG05743,beril_Magneto,AMB_RS21015
OG05744,beril_RalstoniaGMI1000,RS_RS16135
OG05753,beril_Magneto,AMB_RS17465
OG05765,beril_Magneto,AMB_RS15140
OG05766,beril_Magneto,AMB_RS15005
OG05773,beril_HerbieS,HSERO_RS09065
OG05776,beril_Dda3937,DDA3937_RS10740
OG05794,beril_HerbieS,HSERO_RS10505
OG05795,beril_RalstoniaPSI07,RPSI07_RS11540
OG05805,beril_Magneto,AMB_RS21005
OG05811,beril_Dda3937,DDA3937_RS16465
OG05834,beril_HerbieS,HSERO_RS17090
OG05843,beril_Dda3937,DDA3937_RS21965
OG05849,beril_RalstoniaPSI07,RPSI07_RS12990
OG05851,beril_RalstoniaBSBF1503,RALBFv3_RS02760
OG05868,beril_Methanococcus_S2,MMP_RS01120
OG05886,beril_RalstoniaGMI1000,RS_RS10500
OG05901,beril_RalstoniaBSBF1503,RALBFv3_RS09365
OG05915,beril_Magneto,AMB_RS04545
OG05923,beril_Magneto,AMB_RS16125
OG05924,beril_RalstoniaPSI07,RPSI07_RS11975
OG05925,beril_Magneto,AMB_RS03825
OG05927,beril_RalstoniaGMI1000,RS_RS08475
OG05932,beril_RalstoniaGMI1000,RS_RS25140
OG05942,beril_RalstoniaBSBF1503,RALBFv3_RS13285
OG05954,beril_Dda3937,DDA3937_RS11960
OG05958,beril_Magneto,AMB_RS00965
OG05965,beril_Magneto,AMB_RS21275
OG05967,beril_Magneto,AMB_RS04215
OG05988,beril_RalstoniaBSBF1503,RALBFv3_RS20385
OG05998,beril_Magneto,AMB_RS21280
OG06000,beril_RalstoniaGMI1000,RS_RS06390
OG06017,beril_Dda3937,DDA3937_RS19990
OG06022,beril_Magneto,AMB_RS16965
OG06024,beril_Magneto,AMB_RS11995
OG06030,beril_Methanococcus_JJ,MMJJ_RS06145
OG06043,beril_Dda3937,DDA3937_RS07720
OG06046,beril_RalstoniaBSBF1503,RALBFv3_RS17300
OG06054,beril_Dda3937,DDA3937_RS20145
OG06068,beril_Magneto,AMB_RS15515
OG06077,beril_RalstoniaGMI1000,RS_RS08555
OG06083,beril_Magneto,AMB_RS08960
OG06093,beril_RalstoniaBSBF1503,RALBFv3_RS04375
OG06097,beril_HerbieS,HSERO_RS15910
OG06098,beril_Magneto,AMB_RS11390
OG06114,beril_Methanococcus_JJ,MMJJ_RS07640
OG06145,beril_Dda3937,DDA3937_RS08725
OG06151,beril_Methanococcus_S2,MMP_RS01205
OG06152,beril_Magneto,AMB_RS14875
OG06155,beril_Magneto,AMB_RS02310
OG06157,beril_Dda3937,DDA3937_RS11730
OG06160,beril_Magneto,AMB_RS16670
OG06168,beril_RalstoniaGMI1000,RS_RS23745
OG06172,beril_Magneto,AMB_RS20740
OG06175,beril_HerbieS,HSERO_RS10350
OG06178,beril_RalstoniaBSBF1503,RALBFv3_RS08310
OG06179,beril_Methanococcus_S2,MMP_RS07150
OG06189,beril_RalstoniaGMI1000,RS_RS15955
OG06191,beril_Magneto,AMB_RS10735
OG06195,beril_Magneto,AMB_RS03855
OG06202,beril_HerbieS,HSERO_RS06885
OG06206,beril_RalstoniaGMI1000,RS_RS08505
OG06217,beril_RalstoniaGMI1000,RS_RS13740
OG06221,beril_Magneto,AMB_RS06865
OG06223,beril_Magneto,AMB_RS10335
OG06224,beril_Magneto,AMB_RS06675
OG06225,beril_Magneto,AMB_RS02520
OG06226,beril_Magneto,AMB_RS00690
OG06227,beril_Magneto,AMB_RS21080
OG06228,beril_Magneto,AMB_RS00995
OG06229,beril_HerbieS,HSERO_RS04235
OG06230,beril_Magneto,AMB_RS05680
OG06231,beril_Magneto,AMB_RS02725
OG06232,beril_Magneto,AMB_RS08010
OG06233,beril_Magneto,AMB_RS09415
OG06234,beril_HerbieS,HSERO_RS14365
OG06235,beril_Magneto,AMB_RS22090
OG06236,beril_Magneto,AMB_RS00855
OG06237,beril_Magneto,AMB_RS01870
OG06238,beril_Magneto,AMB_RS21405
OG06239,beril_Magneto,AMB_RS21645
OG06240,beril_Methanococcus_S2,MMP_RS01635
OG06241,beril_HerbieS,HSERO_RS13655
OG06242,beril_Magneto,AMB_RS17570
OG06243,beril_Magneto,AMB_RS03345
OG06244,beril_Magneto,AMB_RS18750
OG06245,beril_Magneto,AMB_RS07950
OG06246,beril_Magneto,AMB_RS22430
OG06247,beril_Magneto,AMB_RS06430
OG06248,beril_Magneto,AMB_RS02055
OG06249,beril_Magneto,AMB_RS09050
OG06250,beril_Magneto,AMB_RS13475
OG06251,beril_Magneto,AMB_RS15240
OG06252,beril_Magneto,AMB_RS00860
OG06253,beril_HerbieS,HSERO_RS12280
OG06254,beril_Magneto,AMB_RS02825
OG06255,beril_Magneto,AMB_RS09270
OG06256,beril_Magneto,AMB_RS05790
OG06257,beril_Magneto,AMB_RS24335
OG06258,beril_Magneto,AMB_RS13565
OG06259,beril_Magneto,AMB_RS02560
OG06260,beril_RalstoniaBSBF1503,RALBFv3_RS13410
OG06261,beril_Magneto,AMB_RS07160
OG06262,beril_Magneto,AMB_RS23410
OG06263,beril_Magneto,AMB_RS05485
OG06264,beril_Magneto,AMB_RS00135
OG06265,beril_Magneto,AMB_RS17120
OG06266,beril_Magneto,AMB_RS07720
OG06267,beril_Magneto,AMB_RS10965
OG06268,beril_Magneto,AMB_RS16585
OG06269,beril_Magneto,AMB_RS00795
OG06270,beril_Magneto,AMB_RS00880
OG06271,beril_Magneto,AMB_RS23255
OG06272,beril_Magneto,AMB_RS07485
OG06273,beril_Magneto,AMB_RS17380
OG06274,beril_Magneto,AMB_RS22560
OG06275,beril_Magneto,AMB_RS10515
OG06276,beril_Magneto,AMB_RS09800
OG06277,beril_Magneto,AMB_RS17350
OG06278,beril_Dda3937,DDA3937_RS17645
OG06279,beril_Magneto,AMB_RS19420
OG06280,beril_Magneto,AMB_RS22215
OG06281,beril_Magneto,AMB_RS08290
OG06282,beril_Magneto,AMB_RS11800
OG06283,beril_Magneto,AMB_RS08485
OG06284,beril_Magneto,AMB_RS00430
OG06285,beril_Magneto,AMB_RS03970
OG06286,beril_Magneto,AMB_RS07340
OG06287,beril_Dda3937,DDA3937_RS04760
OG06288,beril_Magneto,AMB_RS15315
OG06289,beril_Magneto,AMB_RS06560
OG06290,beril_RalstoniaPSI07,RPSI07_RS08190
OG06291,beril_Magneto,AMB_RS17175
OG06292,beril_Magneto,AMB_RS00895
OG06293,beril_Magneto,AMB_RS01415
OG06294,beril_Magneto,AMB_RS18090
OG06295,beril_RalstoniaGMI1000,RS_RS23690
OG06296,beril_Magneto,AMB_RS11910
OG06297,beril_Magneto,AMB_RS17935
OG06298,beril_Magneto,AMB_RS01520
OG06299,beril_Magneto,AMB_RS05405
OG06300,beril_Magneto,AMB_RS14245
OG06301,beril_Magneto,AMB_RS18030
OG06302,beril_Magneto,AMB_RS08915
OG06303,beril_Magneto,AMB_RS13840
OG06304,beril_Magneto,AMB_RS01840
OG06305,beril_Magneto,AMB_RS19945
OG06306,beril_Magneto,AMB_RS07095
OG06307,beril_Magneto,AMB_RS13880
OG06308,beril_Magneto,AMB_RS04500
OG06309,beril_RalstoniaPSI07,RPSI07_RS08745
OG06310,beril_Magneto,AMB_RS05800
OG06311,beril_Magneto,AMB_RS00835
OG06312,beril_Magneto,AMB_RS09420
OG06313,beril_Magneto,AMB_RS07420
OG06314,beril_Magneto,AMB_RS22260
OG06315,beril_Magneto,AMB_RS21410
OG06316,beril_Magneto,AMB_RS17705
OG06317,beril_Magneto,AMB_RS18970
OG06318,beril_Magneto,AMB_RS06075
OG06319,beril_Magneto,AMB_RS13375
OG06320,beril_Magneto,AMB_RS10470
OG06321,beril_Magneto,AMB_RS11220
OG06322,beril_Magneto,AMB_RS08475
OG06323,beril_Magneto,AMB_RS04530
OG06324,beril_HerbieS,HSERO_RS13670
OG06325,beril_Magneto,AMB_RS01040
OG06326,beril_Magneto,AMB_RS21265
OG06327,beril_Magneto,AMB_RS17510
OG06328,beril_Magneto,AMB_RS19560
OG06329,beril_Magneto,AMB_RS18590
OG06330,beril_Magneto,AMB_RS22150
OG06331,beril_Magneto,AMB_RS14140
OG06332,beril_Magneto,AMB_RS19855
OG06333,beril_Magneto,AMB_RS03230
OG06334,beril_HerbieS,HSERO_RS01495
OG06335,beril_Magneto,AMB_RS00140
OG06336,beril_Magneto,AMB_RS01250
OG06337,beril_Magneto,AMB_RS01505
OG06338,beril_Magneto,AMB_RS03960
OG06339,beril_Magneto,AMB_RS13125
OG06340,beril_Magneto,AMB_RS18720
OG06341,beril_Magneto,AMB_RS05835
OG06342,beril_Magneto,AMB_RS12565
OG06343,beril_Magneto,AMB_RS07350
OG06344,beril_Magneto,AMB_RS04430
OG06345,beril_Magneto,AMB_RS17610
OG06346,beril_Magneto,AMB_RS06705
OG06347,beril_Magneto,AMB_RS00305
OG06348,beril_Magneto,AMB_RS09100
OG06349,beril_Magneto,AMB_RS22125
OG06350,beril_Magneto,AMB_RS16870
OG06351,beril_Magneto,AMB_RS10010
OG06352,beril_Magneto,AMB_RS15505
OG06353,beril_Magneto,AMB_RS06375
OG06354,beril_Magneto,AMB_RS00445
OG06355,beril_Magneto,AMB_RS03690
OG06356,beril_Magneto,AMB_RS06100
OG06357,beril_Magneto,AMB_RS00620
OG06358,beril_Magneto,AMB_RS14820
OG06359,beril_Magneto,AMB_RS16275
OG06360,beril_Magneto,AMB_RS10455
OG06361,beril_Magneto,AMB_RS15510
OG06362,beril_Magneto,AMB_RS00885
OG06363,beril_Magneto,AMB_RS04265
OG06364,beril_Magneto,AMB_RS05960
OG06365,beril_Magneto,AMB_RS21385
OG06366,beril_Magneto,AMB_RS22680
OG06367,beril_Magneto,AMB_RS06205
OG06368,beril_Magneto,AMB_RS01010
OG06369,beril_Magneto,AMB_RS10250
OG06370,beril_Magneto,AMB_RS16330
OG06371,beril_Magneto,AMB_RS14365
OG06372,beril_Magneto,AMB_RS09450
OG06373,beril_Magneto,AMB_RS12365
OG06374,beril_Magneto,AMB_RS23135
OG06375,beril_Magneto,AMB_RS23350
OG06376,beril_Magneto,AMB_RS03955
OG06377,beril_Dda3937,DDA3937_RS20260
OG06378,beril_Magneto,AMB_RS18605
OG06379,beril_Magneto,AMB_RS01495
OG06380,beril_Magneto,AMB_RS00280
OG06381,beril_Magneto,AMB_RS09235
OG06382,beril_Magneto,AMB_RS20205
OG06383,beril_Magneto,AMB_RS18495
OG06384,beril_Magneto,AMB_RS09430
OG06385,beril_Magneto,AMB_RS01740
OG06386,beril_Magneto,AMB_RS11240
OG06387,beril_Magneto,AMB_RS19355
OG06388,beril_Magneto,AMB_RS02630
OG06389,beril_RalstoniaPSI07,RPSI07_RS18555
OG06390,beril_Magneto,AMB_RS06730
OG06391,beril_Magneto,AMB_RS05685
OG06392,beril_Magneto,AMB_RS06255
OG06393,beril_Magneto,AMB_RS07515
OG06394,beril_HerbieS,HSERO_RS13980
OG06395,beril_Magneto,AMB_RS15600
OG06396,beril_Magneto,AMB_RS23070
OG06397,beril_Magneto,AMB_RS04355
OG06398,beril_Magneto,AMB_RS04400
OG06400,beril_RalstoniaGMI1000,RS_RS15930
OG06401,beril_Magneto,AMB_RS17185
OG06402,beril_RalstoniaGMI1000,RS_RS09220
OG06403,beril_Magneto,AMB_RS07965
OG06404,beril_Magneto,AMB_RS21870
OG06405,beril_Magneto,AMB_RS03745
OG06406,beril_Magneto,AMB_RS19585
OG06407,beril_Magneto,AMB_RS20635
OG06408,beril_Magneto,AMB_RS02270
OG06409,beril_Magneto,AMB_RS12260
OG06410,beril_Magneto,AMB_RS21925
OG06411,beril_Magneto,AMB_RS20735
OG06412,beril_Magneto,AMB_RS03030
OG06413,beril_Magneto,AMB_RS17455
OG06414,beril_Magneto,AMB_RS04475
OG06415,beril_Magneto,AMB_RS09115
OG06416,beril_Magneto,AMB_RS03665
OG06417,beril_Magneto,AMB_RS06825
OG06418,beril_Magneto,AMB_RS10155
OG06419,beril_Magneto,AMB_RS17545
OG06420,beril_Magneto,AMB_RS17275
OG06421,beril_Magneto,AMB_RS17660
OG06422,beril_Magneto,AMB_RS07940
OG06423,beril_Magneto,AMB_RS17880
OG06424,beril_RalstoniaGMI1000,RS_RS23270
OG06425,beril_Magneto,AMB_RS05410
OG06426,beril_Magneto,AMB_RS18220
OG06427,beril_Magneto,AMB_RS14810
OG06428,beril_Magneto,AMB_RS20540
OG06429,beril_Magneto,AMB_RS18620
OG06430,beril_Magneto,AMB_RS14110
OG06431,beril_Magneto,AMB_RS02855
OG06432,beril_Magneto,AMB_RS19910
OG06433,beril_Methanococcus_JJ,MMJJ_RS01735
OG06434,beril_RalstoniaGMI1000,RS_RS04445
OG06435,beril_Magneto,AMB_RS19935
OG06436,beril_Magneto,AMB_RS00220
OG06437,beril_RalstoniaPSI07,RPSI07_RS23080
OG06438,beril_Magneto,AMB_RS11970
OG06439,beril_Magneto,AMB_RS07505
OG06440,beril_Magneto,AMB_RS07115
OG06441,beril_Magneto,AMB_RS00840
OG06442,beril_Magneto,AMB_RS20280
OG06443,beril_Magneto,AMB_RS22730
OG06444,beril_Magneto,AMB_RS18830
OG06445,beril_Magneto,AMB_RS06070
OG06446,beril_Magneto,AMB_RS22515
OG06447,beril_Magneto,AMB_RS19270
OG06448,beril_Magneto,AMB_RS22500
OG06449,beril_Magneto,AMB_RS17195
OG06450,beril_Magneto,AMB_RS12915
OG06451,beril_Magneto,AMB_RS21750
OG06452,beril_Magneto,AMB_RS16180
OG06453,beril_Magneto,AMB_RS19690
OG06454,beril_Magneto,AMB_RS14220
OG06455,beril_Magneto,AMB_RS09685
OG06456,beril_Magneto,AMB_RS16540
OG06457,beril_Magneto,AMB_RS01550
OG06458,beril_Magneto,AMB_RS22375
OG06459,beril_Magneto,AMB_RS14340
OG06460,beril_Magneto,AMB_RS20085
OG06461,beril_Magneto,AMB_RS01215
OG06462,beril_Magneto,AMB_RS16590
OG06463,beril_Magneto,AMB_RS12815
OG06464,beril_Magneto,AMB_RS22740
OG06465,beril_Magneto,AMB_RS05760
OG06466,beril_Magneto,AMB_RS14485
OG06467,beril_Magneto,AMB_RS20835
OG06468,beril_Magneto,AMB_RS11795
OG06469,beril_Magneto,AMB_RS10510
OG06470,beril_Magneto,AMB_RS15535
OG06471,beril_Magneto,AMB_RS14965
OG06472,beril_Magneto,AMB_RS14520
OG06473,beril_Magneto,AMB_RS02215
OG06474,beril_Magneto,AMB_RS19700
OG06475,beril_Magneto,AMB_RS07125
OG06476,beril_Magneto,AMB_RS09945
OG06477,beril_Magneto,AMB_RS15610
OG06478,beril_Magneto,AMB_RS21940
OG06479,beril_Magneto,AMB_RS01560
OG06480,beril_Magneto,AMB_RS08375
OG06481,beril_Magneto,AMB_RS08655
OG06482,beril_Magneto,AMB_RS13625
OG06483,beril_Magneto,AMB_RS17040
OG06484,beril_RalstoniaGMI1000,RS_RS07370
OG06485,beril_Magneto,AMB_RS01620
OG06486,beril_Magneto,AMB_RS10100
OG06487,beril_Magneto,AMB_RS14640
OG06488,beril_Magneto,AMB_RS01460
OG06489,beril_Magneto,AMB_RS15310
OG06490,beril_Magneto,AMB_RS05850
OG06491,beril_Magneto,AMB_RS03510
OG06492,beril_RalstoniaBSBF1503,RALBFv3_RS13460
OG06493,beril_Magneto,AMB_RS21310
OG06494,beril_Magneto,AMB_RS03215
OG06495,beril_RalstoniaGMI1000,RS_RS16340
OG06496,beril_Magneto,AMB_RS05930
OG06497,beril_Magneto,AMB_RS09405
OG06498,beril_RalstoniaBSBF1503,RALBFv3_RS13110
OG06499,beril_Magneto,AMB_RS21560
OG06500,beril_Magneto,AMB_RS21745
OG06502,beril_Magneto,AMB_RS00890
OG06503,beril_Magneto,AMB_RS06365
OG06504,beril_RalstoniaGMI1000,RS_RS24365
OG06505,beril_Magneto,AMB_RS11470
OG06506,beril_Magneto,AMB_RS17815
OG06507,beril_Magneto,AMB_RS18395
OG06508,beril_Magneto,AMB_RS14825
OG06509,beril_Magneto,AMB_RS21415
OG06510,beril_Magneto,AMB_RS03885
OG06511,beril_Magneto,AMB_RS06925
OG06512,beril_Magneto,AMB_RS07425
OG06513,beril_Magneto,AMB_RS01910
OG06514,beril_RalstoniaGMI1000,RS_RS23265
OG06515,beril_Magneto,AMB_RS17305
OG06516,beril_Magneto,AMB_RS21220
OG06517,beril_HerbieS,HSERO_RS07260
OG06518,beril_Magneto,AMB_RS19065
OG06519,beril_Magneto,AMB_RS20660
OG06520,beril_Magneto,AMB_RS21590
OG06521,beril_Magneto,AMB_RS10320
OG06522,beril_Magneto,AMB_RS10150
OG06523,beril_Magneto,AMB_RS07080
OG06524,beril_Magneto,AMB_RS17715
OG06525,beril_RalstoniaPSI07,RPSI07_RS22265
OG06526,beril_Magneto,AMB_RS08320
OG06527,beril_Magneto,AMB_RS07475
OG06528,beril_Magneto,AMB_RS03650
OG06530,beril_Dda3937,DDA3937_RS11520
OG06531,beril_Magneto,AMB_RS15335
OG06532,beril_Magneto,AMB_RS22425
OG06533,beril_Magneto,AMB_RS12490
OG06534,beril_Magneto,AMB_RS20955
OG06535,beril_Magneto,AMB_RS05500
OG06536,beril_Magneto,AMB_RS13810
OG06537,beril_Magneto,AMB_RS11185
OG06538,beril_Magneto,AMB_RS10295
OG06539,beril_Magneto,AMB_RS16615
OG06540,beril_Magneto,AMB_RS07480
OG06541,beril_Magneto,AMB_RS22965
OG06542,beril_Magneto,AMB_RS03025
OG06543,beril_Magneto,AMB_RS17230
OG06544,beril_Magneto,AMB_RS19965
OG06545,beril_Magneto,AMB_RS19025
OG06546,beril_Methanococcus_JJ,MMJJ_RS07890
OG06547,beril_Magneto,AMB_RS08945
OG06548,beril_RalstoniaBSBF1503,RALBFv3_RS08590
OG06549,beril_Magneto,AMB_RS04395
OG06550,beril_Magneto,AMB_RS07545
OG06551,beril_Magneto,AMB_RS03130
OG06552,beril_Magneto,AMB_RS08585
OG06553,beril_Magneto,AMB_RS07150
OG06554,beril_HerbieS,HSERO_RS18675
OG06555,beril_Magneto,AMB_RS19915
OG06556,beril_Magneto,AMB_RS06855
OG06557,beril_Magneto,AMB_RS15325
OG06558,beril_Magneto,AMB_RS11920
OG06559,beril_Magneto,AMB_RS06770
OG06560,beril_Magneto,AMB_RS06145
OG06561,beril_Magneto,AMB_RS00270
OG06562,beril_Magneto,AMB_RS09550
OG06563,beril_Magneto,AMB_RS17820
OG06564,beril_Magneto,AMB_RS14130
OG06565,beril_RalstoniaBSBF1503,RALBFv3_RS07790
OG06566,beril_Magneto,AMB_RS06195
OG06567,beril_Magneto,AMB_RS04135
OG06568,beril_Magneto,AMB_RS01650
OG06569,beril_Magneto,AMB_RS05885
OG06571,beril_Magneto,AMB_RS03105
OG06572,beril_Magneto,AMB_RS00415
OG06573,beril_Magneto,AMB_RS06385
OG06574,beril_Magneto,AMB_RS08640
OG06575,beril_Dda3937,DDA3937_RS17640
OG06576,beril_Magneto,AMB_RS01185
OG06577,beril_Magneto,AMB_RS21580
OG06578,beril_Magneto,AMB_RS00790
OG06579,beril_Magneto,AMB_RS21585
OG06580,beril_Magneto,AMB_RS16325
OG06581,beril_Magneto,AMB_RS06910
OG06582,beril_Dda3937,DDA3937_RS08270
OG06583,beril_Magneto,AMB_RS16285
OG06584,beril_Magneto,AMB_RS17630
OG06585,beril_Magneto,AMB_RS03195
OG06586,beril_Magneto,AMB_RS15370
OG06587,beril_Magneto,AMB_RS20120
OG06588,beril_Magneto,AMB_RS09275
OG06589,beril_Magneto,AMB_RS20225
OG06590,beril_Magneto,AMB_RS01050
OG06591,beril_RalstoniaPSI07,RPSI07_RS07975
OG06592,beril_Magneto,AMB_RS14955
OG06593,beril_Magneto,AMB_RS20215
OG06594,beril_Magneto,AMB_RS09755
OG06595,beril_Magneto,AMB_RS18655
OG06596,beril_Magneto,AMB_RS06050
OG06597,beril_Magneto,AMB_RS11935
OG06598,beril_Magneto,AMB_RS19825
OG06599,beril_Magneto,AMB_RS06160
OG06600,beril_RalstoniaGMI1000,RS_RS07570
OG06601,beril_Magneto,AMB_RS17470
OG06602,beril_Magneto,AMB_RS22320
OG06603,beril_Magneto,AMB_RS00715
OG06604,beril_Magneto,AMB_RS17035
OG06605,beril_Magneto,AMB_RS22675
OG06606,beril_RalstoniaBSBF1503,RALBFv3_RS16820
OG06607,beril_Magneto,AMB_RS05870
OG06608,beril_Magneto,AMB_RS09095
OG06609,beril_Magneto,AMB_RS23915
OG06610,beril_RalstoniaPSI07,RPSI07_RS20440
OG06611,beril_Magneto,AMB_RS17625
OG06612,beril_Magneto,AMB_RS00625
OG06613,beril_Magneto,AMB_RS07005
OG06614,beril_Magneto,AMB_RS06315
OG06615,beril_Magneto,AMB_RS02010
OG06616,beril_Magneto,AMB_RS15520
OG06617,beril_Magneto,AMB_RS11575
OG06618,beril_Magneto,AMB_RS15360
OG06619,beril_Magneto,AMB_RS15500
OG06620,beril_Magneto,AMB_RS20780
OG06621,beril_Magneto,AMB_RS21390
OG06622,beril_Magneto,AMB_RS02200
OG06623,beril_Magneto,AMB_RS22250
OG06624,beril_Magneto,AMB_RS23510
OG06625,beril_Magneto,AMB_RS21010
OG06626,beril_Magneto,AMB_RS12360
OG06627,beril_Magneto,AMB_RS17070
OG06628,beril_Magneto,AMB_RS12920
OG06629,beril_Magneto,AMB_RS07090
OG06630,beril_Magneto,AMB_RS12985
OG06631,beril_RalstoniaBSBF1503,RALBFv3_RS08385
OG06632,beril_Magneto,AMB_RS15020
OG06633,beril_Magneto,AMB_RS06210
OG06634,beril_Magneto,AMB_RS03095
OG06635,beril_Magneto,AMB_RS02355
OG06636,beril_Magneto,AMB_RS00775
OG06637,beril_Magneto,AMB_RS23280
OG06639,beril_Magneto,AMB_RS17165
OG06640,beril_Magneto,AMB_RS23745
OG06641,beril_Magneto,AMB_RS19275
OG06642,beril_Magneto,AMB_RS10445
OG06643,beril_Magneto,AMB_RS07960
OG06644,beril_Magneto,AMB_RS18925
OG06645,beril_Magneto,AMB_RS12595
OG06646,beril_Magneto,AMB_RS02610
OG06647,beril_Magneto,AMB_RS21660
OG06648,beril_Magneto,AMB_RS21840
OG06649,beril_Magneto,AMB_RS19605
OG06650,beril_Magneto,AMB_RS15045
OG06651,beril_Magneto,AMB_RS23195
OG06652,beril_Magneto,AMB_RS22610
OG06653,beril_Magneto,AMB_RS00870
OG06654,beril_Magneto,AMB_RS22365
OG06655,beril_Magneto,AMB_RS08275
OG06656,beril_Magneto,AMB_RS15525
OG06657,beril_Magneto,AMB_RS16610
OG06658,beril_Magneto,AMB_RS06930
OG06659,beril_Magneto,AMB_RS15395
OG06660,beril_Magneto,AMB_RS15895
OG06661,beril_Magneto,AMB_RS07110
OG06662,beril_Magneto,AMB_RS18205
OG06663,beril_Magneto,AMB_RS06880
OG06664,beril_Magneto,AMB_RS19340
OG06665,beril_Magneto,AMB_RS16775
OG06666,beril_Magneto,AMB_RS19020
OG06667,beril_Magneto,AMB_RS05890
OG06668,beril_Magneto,AMB_RS16110
OG06669,beril_Magneto,AMB_RS17005
OG06670,beril_Magneto,AMB_RS15495
OG06671,beril_Magneto,AMB_RS19940
OG06672,beril_Magneto,AMB_RS14675
OG06673,beril_Magneto,AMB_RS18990
OG06674,beril_Magneto,AMB_RS03920
OG06675,beril_Magneto,AMB_RS04350
OG06676,beril_RalstoniaPSI07,RPSI07_RS21805
OG06677,beril_Magneto,AMB_RS12600
OG06678,beril_Magneto,AMB_RS17585
OG06679,beril_RalstoniaPSI07,RPSI07_RS09000
OG06680,beril_Magneto,AMB_RS05400
OG06681,beril_RalstoniaBSBF1503,RALBFv3_RS09350
OG06682,beril_Magneto,AMB_RS14580
OG06683,beril_Magneto,AMB_RS17535
OG06684,beril_Magneto,AMB_RS18785
OG06685,beril_Magneto,AMB_RS07800
OG06686,beril_HerbieS,HSERO_RS05390
OG06687,beril_Magneto,AMB_RS23345
OG06688,beril_Magneto,AMB_RS09900
OG06689,beril_Magneto,AMB_RS06150
OG06690,beril_Magneto,AMB_RS11540
OG06691,beril_Magneto,AMB_RS18980
OG06692,beril_Magneto,AMB_RS18985
OG06693,beril_Magneto,AMB_RS09805
OG06694,beril_Magneto,AMB_RS06165
OG06695,beril_Magneto,AMB_RS01515
OG06696,beril_Magneto,AMB_RS17170
OG06697,beril_Magneto,AMB_RS19170
OG06698,beril_Magneto,AMB_RS20070
OG06699,beril_Magneto,AMB_RS06220
OG06700,beril_Magneto,AMB_RS14685
OG06701,beril_Magneto,AMB_RS05750
OG06702,beril_RalstoniaGMI1000,RS_RS04255
OG06703,beril_RalstoniaBSBF1503,RALBFv3_RS09345
OG06704,beril_Magneto,AMB_RS04130
OG06705,beril_Magneto,AMB_RS02755
OG06706,beril_Magneto,AMB_RS20690
OG06707,beril_RalstoniaGMI1000,RS_RS16205
OG06708,beril_Magneto,AMB_RS21895
OG06709,beril_Magneto,AMB_RS14815
OG06710,beril_Magneto,AMB_RS14070
OG06711,beril_Magneto,AMB_RS12925
OG06712,beril_Magneto,AMB_RS12085
OG06713,beril_HerbieS,HSERO_RS14260
OG06714,beril_Magneto,AMB_RS16295
OG06715,beril_Magneto,AMB_RS09990
OG06716,beril_RalstoniaPSI07,RPSI07_RS23075
OG06717,beril_Magneto,AMB_RS20105
OG06718,beril_Dda3937,DDA3937_RS03265
OG06719,beril_Magneto,AMB_RS20015
OG06720,beril_Magneto,AMB_RS01885
OG06721,beril_Magneto,AMB_RS15215
OG06722,beril_RalstoniaGMI1000,RS_RS02655
OG06737,beril_Methanococcus_S2,MMP_RS02575
OG06744,beril_RalstoniaGMI1000,RS_RS23725
OG06773,beril_Dda3937,DDA3937_RS03450
OG06774,beril_Dda3937,DDA3937_RS04735
OG06776,beril_RalstoniaBSBF1503,RALBFv3_RS16905
OG06780,beril_RalstoniaGMI1000,RS_RS19000
OG06789,beril_RalstoniaGMI1000,RS_RS21410
OG06803,beril_RalstoniaPSI07,RPSI07_RS10895
OG06808,beril_HerbieS,HSERO_RS06500
OG06825,beril_RalstoniaGMI1000,RS_RS10850
OG06830,beril_RalstoniaBSBF1503,RALBFv3_RS08715
OG06833,beril_RalstoniaGMI1000,RS_RS15450
OG06844,beril_HerbieS,HSERO_RS00210
OG06851,beril_Methanococcus_S2,MMP_RS04155
OG06854,beril_RalstoniaGMI1000,RS_RS18840
OG06855,beril_HerbieS,HSERO_RS12330
OG06860,beril_Dda3937,DDA3937_RS07040
OG06861,beril_RalstoniaBSBF1503,RALBFv3_RS08230
OG06866,beril_Methanococcus_S2,MMP_RS07715
OG06870,beril_Dda3937,DDA3937_RS00210
OG06875,beril_Dda3937,DDA3937_RS07075
OG06887,beril_RalstoniaPSI07,RPSI07_RS12980
OG06892,beril_Dda3937,DDA3937_RS15375
OG06901,beril_Dda3937,DDA3937_RS07045
OG06905,beril_RalstoniaGMI1000,RS_RS00895
OG06912,beril_RalstoniaGMI1000,RS_RS18250
OG06924,beril_Dda3937,DDA3937_RS05370
OG06930,beril_RalstoniaBSBF1503,RALBFv3_RS10940
OG06932,beril_Dda3937,DDA3937_RS07065
OG06949,beril_RalstoniaBSBF1503,RALBFv3_RS22230
OG06951,beril_RalstoniaPSI07,RPSI07_RS17455
OG06952,beril_RalstoniaGMI1000,RS_RS01980
OG06955,beril_RalstoniaPSI07,RPSI07_RS16360
OG06968,beril_RalstoniaGMI1000,RS_RS00965
OG06972,beril_RalstoniaGMI1000,RS_RS21480
OG06974,beril_Dda3937,DDA3937_RS10705
OG07009,beril_HerbieS,HSERO_RS21380
OG07011,beril_Dda3937,DDA3937_RS01270
OG07019,beril_RalstoniaBSBF1503,RALBFv3_RS19285
OG07031,beril_RalstoniaPSI07,RPSI07_RS21340
OG07051,beril_HerbieS,HSERO_RS04865
OG07053,beril_RalstoniaBSBF1503,RALBFv3_RS14555
OG07059,beril_HerbieS,HSERO_RS06390
OG07060,beril_Methanococcus_JJ,MMJJ_RS00175
OG07064,beril_RalstoniaBSBF1503,RALBFv3_RS18525
OG07068,beril_RalstoniaPSI07,RPSI07_RS00225
OG07070,beril_Dda3937,DDA3937_RS07070
OG07094,beril_RalstoniaBSBF1503,RALBFv3_RS16525
OG07095,beril_Dda3937,DDA3937_RS04465
OG07099,beril_RalstoniaGMI1000,RS_RS02215
OG07100,beril_RalstoniaGMI1000,RS_RS21385
OG07116,beril_Methanococcus_S2,MMP_RS02375
OG07117,beril_Methanococcus_JJ,MMJJ_RS08565
OG07118,beril_Methanococcus_S2,MMP_RS07465
OG07119,beril_Methanococcus_JJ,MMJJ_RS04335
OG07120,beril_Methanococcus_JJ,MMJJ_RS06190
OG07121,beril_Methanococcus_JJ,MMJJ_RS05455
OG07122,beril_Methanococcus_S2,MMP_RS06070
OG07123,beril_Methanococcus_S2,MMP_RS02875
OG07124,beril_Methanococcus_JJ,MMJJ_RS02835
OG07125,beril_Methanococcus_JJ,MMJJ_RS03785
OG07126,beril_Methanococcus_JJ,MMJJ_RS04430
OG07127,beril_Methanococcus_JJ,MMJJ_RS07220
OG07128,beril_Methanococcus_S2,MMP_RS02275
OG07129,beril_Methanococcus_JJ,MMJJ_RS00055
OG07130,beril_Methanococcus_JJ,MMJJ_RS03540
OG07131,beril_Methanococcus_S2,MMP_RS03825
OG07132,beril_Methanococcus_JJ,MMJJ_RS04300
OG07133,beril_Methanococcus_S2,MMP_RS07450
OG07134,beril_Methanococcus_JJ,MMJJ_RS00550
OG07135,beril_Methanococcus_JJ,MMJJ_RS07905
OG07136,beril_Methanococcus_S2,MMP_RS08485
OG07137,beril_Methanococcus_JJ,MMJJ_RS04570
OG07138,beril_Methanococcus_JJ,MMJJ_RS09345
OG07139,beril_Methanococcus_JJ,MMJJ_RS00845
OG07140,beril_Methanococcus_JJ,MMJJ_RS05350
OG07141,beril_Methanococcus_S2,MMP_RS07445
OG07142,beril_Methanococcus_JJ,MMJJ_RS05050
OG07143,beril_Methanococcus_JJ,MMJJ_RS00875
OG07144,beril_Methanococcus_S2,MMP_RS04490
OG07145,beril_Methanococcus_S2,MMP_RS08710
OG07146,beril_Methanococcus_S2,MMP_RS07025
OG07147,beril_Methanococcus_S2,MMP_RS08370
OG07148,beril_Methanococcus_JJ,MMJJ_RS04150
OG07149,beril_Methanococcus_S2,MMP_RS03240
OG07150,beril_Methanococcus_JJ,MMJJ_RS03225
OG07151,beril_Methanococcus_JJ,MMJJ_RS07815
OG07152,beril_Methanococcus_S2,MMP_RS00700
OG07153,beril_Methanococcus_JJ,MMJJ_RS03645
OG07154,beril_Methanococcus_S2,MMP_RS03620
OG07155,beril_Methanococcus_JJ,MMJJ_RS07710
OG07156,beril_Methanococcus_JJ,MMJJ_RS02870
OG07157,beril_Methanococcus_S2,MMP_RS08210
OG07158,beril_Methanococcus_JJ,MMJJ_RS02565
OG07159,beril_Methanococcus_S2,MMP_RS08230
OG07160,beril_Methanococcus_JJ,MMJJ_RS09110
OG07161,beril_Methanococcus_S2,MMP_RS00970
OG07162,beril_Methanococcus_JJ,MMJJ_RS06170
OG07163,beril_Methanococcus_JJ,MMJJ_RS00870
OG07164,beril_Methanococcus_S2,MMP_RS02830
OG07165,beril_Methanococcus_JJ,MMJJ_RS06995
OG07166,beril_Methanococcus_S2,MMP_RS07295
OG07167,beril_Methanococcus_JJ,MMJJ_RS01505
OG07168,beril_Methanococcus_S2,MMP_RS06905
OG07169,beril_Methanococcus_JJ,MMJJ_RS04340
OG07170,beril_Methanococcus_S2,MMP_RS05310
OG07171,beril_Methanococcus_JJ,MMJJ_RS02735
OG07172,beril_Methanococcus_S2,MMP_RS00350
OG07173,beril_Methanococcus_S2,MMP_RS08765
OG07174,beril_Methanococcus_S2,MMP_RS08605
OG07175,beril_Methanococcus_JJ,MMJJ_RS00595
OG07176,beril_Methanococcus_JJ,MMJJ_RS04605
OG07177,beril_Methanococcus_S2,MMP_RS07970
OG07178,beril_Methanococcus_JJ,MMJJ_RS06555
OG07179,beril_Methanococcus_JJ,MMJJ_RS06235
OG07180,beril_Methanococcus_S2,MMP_RS08060
OG07181,beril_Methanococcus_S2,MMP_RS08750
OG07182,beril_Methanococcus_S2,MMP_RS07815
OG07183,beril_Methanococcus_S2,MMP_RS08990
OG07184,beril_Methanococcus_S2,MMP_RS06530
OG07185,beril_Methanococcus_S2,MMP_RS07750
OG07186,beril_Methanococcus_JJ,MMJJ_RS08725
OG07187,beril_Methanococcus_S2,MMP_RS05885
OG07188,beril_Methanococcus_S2,MMP_RS00105
OG07189,beril_Methanococcus_JJ,MMJJ_RS06475
OG07190,beril_Methanococcus_JJ,MMJJ_RS04780
OG07191,beril_Methanococcus_S2,MMP_RS07325
OG07192,beril_Methanococcus_JJ,MMJJ_RS02590
OG07193,beril_Methanococcus_JJ,MMJJ_RS03045
OG07194,beril_Methanococcus_JJ,MMJJ_RS04075
OG07195,beril_Methanococcus_S2,MMP_RS08275
OG07196,beril_Methanococcus_JJ,MMJJ_RS08215
OG07197,beril_Methanococcus_S2,MMP_RS00210
OG07198,beril_Methanococcus_S2,MMP_RS01340
OG07199,beril_Methanococcus_S2,MMP_RS02180
OG07200,beril_Methanococcus_JJ,MMJJ_RS01705
OG07201,beril_Methanococcus_JJ,MMJJ_RS04615
OG07202,beril_Methanococcus_JJ,MMJJ_RS04910
OG07203,beril_Methanococcus_JJ,MMJJ_RS06490
OG07204,beril_Methanococcus_S2,MMP_RS04430
OG07205,beril_Methanococcus_JJ,MMJJ_RS05160
OG07206,beril_Methanococcus_JJ,MMJJ_RS09125
OG07207,beril_Methanococcus_JJ,MMJJ_RS03920
OG07208,beril_Methanococcus_S2,MMP_RS00050
OG07209,beril_Methanococcus_JJ,MMJJ_RS05220
OG07210,beril_Methanococcus_JJ,MMJJ_RS00585
OG07211,beril_Methanococcus_S2,MMP_RS06925
OG07212,beril_Methanococcus_S2,MMP_RS01320
OG07213,beril_Methanococcus_S2,MMP_RS01725
OG07214,beril_Methanococcus_S2,MMP_RS05715
OG07215,beril_Methanococcus_S2,MMP_RS02820
OG07216,beril_Methanococcus_JJ,MMJJ_RS02115
OG07217,beril_Methanococcus_JJ,MMJJ_RS06680
OG07218,beril_Methanococcus_JJ,MMJJ_RS06875
OG07219,beril_Methanococcus_JJ,MMJJ_RS05025
OG07220,beril_Methanococcus_JJ,MMJJ_RS06290
OG07221,beril_Methanococcus_JJ,MMJJ_RS06300
OG07222,beril_Methanococcus_S2,MMP_RS00455
OG07223,beril_Methanococcus_JJ,MMJJ_RS06045
OG07224,beril_Methanococcus_JJ,MMJJ_RS05930
OG07225,beril_Methanococcus_S2,MMP_RS01260
OG07226,beril_Methanococcus_S2,MMP_RS01400
OG07227,beril_Methanococcus_JJ,MMJJ_RS03965
OG07228,beril_Methanococcus_JJ,MMJJ_RS04040
OG07229,beril_Methanococcus_JJ,MMJJ_RS07055
OG07230,beril_Methanococcus_JJ,MMJJ_RS08875
OG07231,beril_Methanococcus_S2,MMP_RS06135
OG07232,beril_Methanococcus_S2,MMP_RS06820
OG07233,beril_Methanococcus_S2,MMP_RS07105
OG07234,beril_Methanococcus_S2,MMP_RS08640
OG07235,beril_Methanococcus_JJ,MMJJ_RS06325
OG07236,beril_Methanococcus_JJ,MMJJ_RS04540
OG07237,beril_Methanococcus_S2,MMP_RS07385
OG07238,beril_Methanococcus_JJ,MMJJ_RS06165
OG07239,beril_Methanococcus_S2,MMP_RS06220
OG07240,beril_Methanococcus_S2,MMP_RS02810
OG07241,beril_Methanococcus_S2,MMP_RS05700
OG07242,beril_Methanococcus_JJ,MMJJ_RS08655
OG07243,beril_Methanococcus_S2,MMP_RS03265
OG07244,beril_Methanococcus_S2,MMP_RS01080
OG07245,beril_Methanococcus_JJ,MMJJ_RS01820
OG07246,beril_Methanococcus_JJ,MMJJ_RS03955
OG07247,beril_Methanococcus_JJ,MMJJ_RS03705
OG07248,beril_Methanococcus_JJ,MMJJ_RS00425
OG07249,beril_Methanococcus_S2,MMP_RS04770
OG07250,beril_Methanococcus_JJ,MMJJ_RS06340
OG07251,beril_Methanococcus_S2,MMP_RS06410
OG07252,beril_Methanococcus_S2,MMP_RS00620
OG07253,beril_Methanococcus_S2,MMP_RS08780
OG07254,beril_Methanococcus_S2,MMP_RS07220
OG07255,beril_Methanococcus_S2,MMP_RS07960
OG07256,beril_Methanococcus_JJ,MMJJ_RS07790
OG07257,beril_RalstoniaBSBF1503,RALBFv3_RS17045
OG07258,beril_Methanococcus_JJ,MMJJ_RS02850
OG07259,beril_Methanococcus_JJ,MMJJ_RS08390
OG07260,beril_Methanococcus_JJ,MMJJ_RS06950
OG07261,beril_Methanococcus_S2,MMP_RS01540
OG07262,beril_Methanococcus_S2,MMP_RS05780
OG07263,beril_Methanococcus_S2,MMP_RS00515
OG07264,beril_Methanococcus_S2,MMP_RS08655
OG07265,beril_Methanococcus_JJ,MMJJ_RS00700
OG07266,beril_Methanococcus_S2,MMP_RS03145
OG07267,beril_Methanococcus_JJ,MMJJ_RS05670
OG07268,beril_Methanococcus_S2,MMP_RS01505
OG07269,beril_Methanococcus_S2,MMP_RS06600
OG07270,beril_Methanococcus_S2,MMP_RS08400
OG07271,beril_Methanococcus_S2,MMP_RS00205
OG07272,beril_Methanococcus_JJ,MMJJ_RS08175
OG07273,beril_Methanococcus_JJ,MMJJ_RS03995
OG07274,beril_Methanococcus_S2,MMP_RS03635
OG07275,beril_Methanococcus_S2,MMP_RS07790
OG07276,beril_Methanococcus_S2,MMP_RS06280
OG07277,beril_Methanococcus_S2,MMP_RS03505
OG07278,beril_Methanococcus_S2,MMP_RS03615
OG07279,beril_Methanococcus_JJ,MMJJ_RS00570
OG07280,beril_Methanococcus_JJ,MMJJ_RS08025
OG07281,beril_Methanococcus_JJ,MMJJ_RS06670
OG07282,beril_Methanococcus_JJ,MMJJ_RS06175
OG07283,beril_Methanococcus_S2,MMP_RS08825
OG07284,beril_Methanococcus_JJ,MMJJ_RS07970
OG07285,beril_Methanococcus_JJ,MMJJ_RS04110
OG07286,beril_Methanococcus_S2,MMP_RS08245
OG07287,beril_Methanococcus_JJ,MMJJ_RS01300
OG07288,beril_Methanococcus_JJ,MMJJ_RS07515
OG07289,beril_Methanococcus_JJ,MMJJ_RS07015
OG07290,beril_Methanococcus_JJ,MMJJ_RS07045
OG07291,beril_Methanococcus_JJ,MMJJ_RS06330
OG07292,beril_Methanococcus_JJ,MMJJ_RS05740
OG07293,beril_Methanococcus_S2,MMP_RS00860
OG07294,beril_Methanococcus_S2,MMP_RS01250
OG07295,beril_Methanococcus_S2,MMP_RS01065
OG07296,beril_Methanococcus_S2,MMP_RS01280
OG07297,beril_Methanococcus_S2,MMP_RS03545
OG07298,beril_Methanococcus_JJ,MMJJ_RS00880
OG07299,beril_Methanococcus_S2,MMP_RS00815
OG07300,beril_Methanococcus_S2,MMP_RS09030
OG07301,beril_Methanococcus_S2,MMP_RS01550
OG07302,beril_Methanococcus_JJ,MMJJ_RS03520
OG07303,beril_Methanococcus_JJ,MMJJ_RS05390
OG07304,beril_Methanococcus_S2,MMP_RS07100
OG07305,beril_Methanococcus_JJ,MMJJ_RS06865
OG07306,beril_Methanococcus_JJ,MMJJ_RS03145
OG07307,beril_Methanococcus_S2,MMP_RS02345
OG07308,beril_Methanococcus_JJ,MMJJ_RS06205
OG07309,beril_Methanococcus_S2,MMP_RS02775
OG07310,beril_Methanococcus_JJ,MMJJ_RS02960
OG07311,beril_Methanococcus_S2,MMP_RS00900
OG07312,beril_Methanococcus_JJ,MMJJ_RS08790
OG07313,beril_Methanococcus_S2,MMP_RS00340
OG07314,beril_Methanococcus_S2,MMP_RS05135
OG07315,beril_Methanococcus_JJ,MMJJ_RS04045
OG07316,beril_Methanococcus_JJ,MMJJ_RS05430
OG07317,beril_Methanococcus_S2,MMP_RS00625
OG07318,beril_Methanococcus_JJ,MMJJ_RS08805
OG07319,beril_Methanococcus_JJ,MMJJ_RS08615
OG07320,beril_Methanococcus_S2,MMP_RS05540
OG07321,beril_Methanococcus_JJ,MMJJ_RS02000
OG07322,beril_Methanococcus_JJ,MMJJ_RS00775
OG07323,beril_Methanococcus_S2,MMP_RS06780
OG07324,beril_Methanococcus_JJ,MMJJ_RS05270
OG07325,beril_Methanococcus_JJ,MMJJ_RS01065
OG07326,beril_Methanococcus_JJ,MMJJ_RS01780
OG07327,beril_Methanococcus_S2,MMP_RS00065
OG07328,beril_Methanococcus_JJ,MMJJ_RS04815
OG07329,beril_Methanococcus_JJ,MMJJ_RS04565
OG07330,beril_Methanococcus_S2,MMP_RS04925
OG07331,beril_Methanococcus_JJ,MMJJ_RS07410
OG07332,beril_Methanococcus_JJ,MMJJ_RS08030
OG07333,beril_Methanococcus_JJ,MMJJ_RS00840
OG07334,beril_Methanococcus_S2,MMP_RS02260
OG07335,beril_Methanococcus_JJ,MMJJ_RS03485
OG07336,beril_Methanococcus_JJ,MMJJ_RS04200
OG07337,beril_Methanococcus_JJ,MMJJ_RS01465
OG07338,beril_Methanococcus_JJ,MMJJ_RS03845
OG07339,beril_Methanococcus_S2,MMP_RS01475
OG07340,beril_Methanococcus_JJ,MMJJ_RS01500
OG07341,beril_Methanococcus_S2,MMP_RS06850
OG07342,beril_Methanococcus_JJ,MMJJ_RS00740
OG07343,beril_Methanococcus_S2,MMP_RS01990
OG07344,beril_Methanococcus_JJ,MMJJ_RS01870
OG07345,beril_Methanococcus_S2,MMP_RS06480
OG07346,beril_Methanococcus_JJ,MMJJ_RS09055
OG07347,beril_Methanococcus_JJ,MMJJ_RS05055
OG07348,beril_Methanococcus_S2,MMP_RS08050
OG07349,beril_Methanococcus_S2,MMP_RS03680
OG07350,beril_Methanococcus_JJ,MMJJ_RS03745
OG07351,beril_Methanococcus_JJ,MMJJ_RS03815
OG07352,beril_Methanococcus_JJ,MMJJ_RS04960
OG07353,beril_Methanococcus_S2,MMP_RS02285
OG07354,beril_Methanococcus_JJ,MMJJ_RS07920
OG07355,beril_Methanococcus_S2,MMP_RS03665
OG07356,beril_Methanococcus_S2,MMP_RS00150
OG07357,beril_Methanococcus_S2,MMP_RS06110
OG07358,beril_Methanococcus_S2,MMP_RS08045
OG07359,beril_Methanococcus_S2,MMP_RS00160
OG07360,beril_Methanococcus_S2,MMP_RS00190
OG07361,beril_Methanococcus_S2,MMP_RS07860
OG07362,beril_Methanococcus_JJ,MMJJ_RS01615
OG07363,beril_Methanococcus_S2,MMP_RS03040
OG07364,beril_Methanococcus_S2,MMP_RS03780
OG07365,beril_Methanococcus_JJ,MMJJ_RS02145
OG07366,beril_Methanococcus_S2,MMP_RS08240
OG07367,beril_Methanococcus_S2,MMP_RS03150
OG07368,beril_Methanococcus_JJ,MMJJ_RS05245
OG07369,beril_Methanococcus_JJ,MMJJ_RS02955
OG07370,beril_Methanococcus_S2,MMP_RS00685
OG07371,beril_Methanococcus_S2,MMP_RS04995
OG07372,beril_Methanococcus_S2,MMP_RS08540
OG07373,beril_Methanococcus_S2,MMP_RS02110
OG07374,beril_Methanococcus_JJ,MMJJ_RS03765
OG07375,beril_Methanococcus_JJ,MMJJ_RS06855
OG07376,beril_Methanococcus_S2,MMP_RS01085
OG07377,beril_Methanococcus_JJ,MMJJ_RS00070
OG07378,beril_Methanococcus_S2,MMP_RS08810
OG07379,beril_Methanococcus_JJ,MMJJ_RS01700
OG07380,beril_Methanococcus_JJ,MMJJ_RS04730
OG07381,beril_Methanococcus_JJ,MMJJ_RS07845
OG07382,beril_Methanococcus_JJ,MMJJ_RS02895
OG07383,beril_Methanococcus_JJ,MMJJ_RS03250
OG07384,beril_Methanococcus_JJ,MMJJ_RS02260
OG07385,beril_Methanococcus_JJ,MMJJ_RS06945
OG07386,beril_Methanococcus_JJ,MMJJ_RS01765
OG07387,beril_Methanococcus_JJ,MMJJ_RS02090
OG07388,beril_Methanococcus_S2,MMP_RS05400
OG07389,beril_Methanococcus_S2,MMP_RS02005
OG07390,beril_Methanococcus_JJ,MMJJ_RS00135
OG07391,beril_Methanococcus_JJ,MMJJ_RS05045
OG07392,beril_Methanococcus_JJ,MMJJ_RS06075
OG07393,beril_Methanococcus_S2,MMP_RS00450
OG07394,beril_Methanococcus_JJ,MMJJ_RS04920
OG07395,beril_Methanococcus_S2,MMP_RS04605
OG07396,beril_Methanococcus_S2,MMP_RS07440
OG07397,beril_Methanococcus_S2,MMP_RS01845
OG07398,beril_Methanococcus_S2,MMP_RS08120
OG07399,beril_Methanococcus_JJ,MMJJ_RS00535
OG07400,beril_Methanococcus_S2,MMP_RS01775
OG07401,beril_Methanococcus_JJ,MMJJ_RS07065
OG07402,beril_Methanococcus_JJ,MMJJ_RS02040
OG07403,beril_Methanococcus_S2,MMP_RS04410
OG07404,beril_Methanococcus_JJ,MMJJ_RS09040
OG07405,beril_Methanococcus_S2,MMP_RS06520
OG07406,beril_Methanococcus_JJ,MMJJ_RS01350
OG07407,beril_Methanococcus_S2,MMP_RS00285
OG07408,beril_Methanococcus_S2,MMP_RS03175
OG07409,beril_Methanococcus_JJ,MMJJ_RS05510
OG07410,beril_Methanococcus_S2,MMP_RS03180
OG07411,beril_Methanococcus_JJ,MMJJ_RS07340
OG07412,beril_Methanococcus_S2,MMP_RS07140
OG07413,beril_Methanococcus_S2,MMP_RS01235
OG07414,beril_Methanococcus_JJ,MMJJ_RS03915
OG07415,beril_Methanococcus_S2,MMP_RS07560
OG07416,beril_Methanococcus_S2,MMP_RS07895
OG07417,beril_Methanococcus_JJ,MMJJ_RS06405
OG07418,beril_Methanococcus_JJ,MMJJ_RS02570
OG07419,beril_Methanococcus_JJ,MMJJ_RS00435
OG07420,beril_Methanococcus_S2,MMP_RS04980
OG07421,beril_Methanococcus_S2,MMP_RS00635
OG07422,beril_Methanococcus_S2,MMP_RS02390
OG07423,beril_Methanococcus_JJ,MMJJ_RS01715
OG07424,beril_Methanococcus_S2,MMP_RS03085
OG07425,beril_Methanococcus_S2,MMP_RS01985
OG07426,beril_Methanococcus_S2,MMP_RS05925
OG07427,beril_Methanococcus_JJ,MMJJ_RS04030
OG07428,beril_Methanococcus_S2,MMP_RS04835
OG07429,beril_Methanococcus_S2,MMP_RS03425
OG07430,beril_Methanococcus_S2,MMP_RS02695
OG07431,beril_Methanococcus_JJ,MMJJ_RS00075
OG07432,beril_Methanococcus_JJ,MMJJ_RS07095
OG07433,beril_Methanococcus_S2,MMP_RS03575
OG07434,beril_Methanococcus_JJ,MMJJ_RS00100
OG07435,beril_Methanococcus_JJ,MMJJ_RS05820
OG07436,beril_Methanococcus_JJ,MMJJ_RS00485
OG07437,beril_Dda3937,DDA3937_RS20275
OG07438,beril_Methanococcus_S2,MMP_RS05810
OG07439,beril_Methanococcus_S2,MMP_RS03195
OG07440,beril_Methanococcus_JJ,MMJJ_RS00115
OG07441,beril_Methanococcus_S2,MMP_RS00530
OG07442,beril_Methanococcus_JJ,MMJJ_RS06905
OG07443,beril_Methanococcus_JJ,MMJJ_RS05880
OG07444,beril_Methanococcus_JJ,MMJJ_RS07050
OG07445,beril_Methanococcus_JJ,MMJJ_RS08935
OG07446,beril_Methanococcus_S2,MMP_RS08000
OG07447,beril_Methanococcus_JJ,MMJJ_RS05420
OG07448,beril_Methanococcus_S2,MMP_RS02370
OG07449,beril_Methanococcus_S2,MMP_RS04850
OG07450,beril_Methanococcus_S2,MMP_RS03485
OG07451,beril_Methanococcus_S2,MMP_RS07245
OG07452,beril_Methanococcus_JJ,MMJJ_RS06655
OG07453,beril_Methanococcus_S2,MMP_RS02485
OG07454,beril_Methanococcus_S2,MMP_RS07110
OG07455,beril_Methanococcus_JJ,MMJJ_RS07435
OG07456,beril_Methanococcus_JJ,MMJJ_RS02940
OG07457,beril_Methanococcus_S2,MMP_RS02850
OG07458,beril_Methanococcus_S2,MMP_RS03095
OG07459,beril_Methanococcus_JJ,MMJJ_RS07725
OG07460,beril_Methanococcus_S2,MMP_RS00120
OG07461,beril_Methanococcus_JJ,MMJJ_RS01250
OG07462,beril_Methanococcus_S2,MMP_RS07285
OG07463,beril_Methanococcus_S2,MMP_RS05105
OG07464,beril_Methanococcus_S2,MMP_RS00470
OG07465,beril_Methanococcus_JJ,MMJJ_RS07155
OG07466,beril_Methanococcus_S2,MMP_RS05985
OG07467,beril_Methanococcus_JJ,MMJJ_RS04210
OG07468,beril_Methanococcus_S2,MMP_RS07675
OG07469,beril_Methanococcus_JJ,MMJJ_RS04700
OG07470,beril_Methanococcus_S2,MMP_RS05375
OG07471,beril_Methanococcus_S2,MMP_RS00315
OG07472,beril_Methanococcus_S2,MMP_RS01710
OG07473,beril_Methanococcus_S2,MMP_RS07330
OG07474,beril_Methanococcus_S2,MMP_RS08355
OG07475,beril_Methanococcus_JJ,MMJJ_RS06850
OG07476,beril_Methanococcus_S2,MMP_RS02145
OG07477,beril_Methanococcus_S2,MMP_RS03005
OG07478,beril_Methanococcus_S2,MMP_RS07740
OG07479,beril_Methanococcus_JJ,MMJJ_RS00245
OG07480,beril_Methanococcus_JJ,MMJJ_RS07335
OG07481,beril_Methanococcus_JJ,MMJJ_RS03685
OG07482,beril_Methanococcus_S2,MMP_RS01805
OG07483,beril_Methanococcus_JJ,MMJJ_RS05240
OG07484,beril_Methanococcus_S2,MMP_RS05380
OG07485,beril_Methanococcus_S2,MMP_RS05300
OG07486,beril_Methanococcus_JJ,MMJJ_RS07345
OG07487,beril_Methanococcus_S2,MMP_RS09010
OG07488,beril_Methanococcus_S2,MMP_RS07460
OG07489,beril_Methanococcus_S2,MMP_RS01220
OG07490,beril_Methanococcus_S2,MMP_RS04685
OG07491,beril_Methanococcus_S2,MMP_RS05720
OG07492,beril_Methanococcus_JJ,MMJJ_RS07720
OG07493,beril_Methanococcus_JJ,MMJJ_RS04980
OG07494,beril_Methanococcus_JJ,MMJJ_RS00915
OG07495,beril_Methanococcus_S2,MMP_RS03130
OG07496,beril_Methanococcus_S2,MMP_RS04810
OG07497,beril_Methanococcus_S2,MMP_RS06730
OG07498,beril_Methanococcus_JJ,MMJJ_RS05085
OG07499,beril_Methanococcus_JJ,MMJJ_RS01825
OG07500,beril_Methanococcus_JJ,MMJJ_RS01855
OG07501,beril_Methanococcus_S2,MMP_RS07435
OG07502,beril_Methanococcus_S2,MMP_RS08455
OG07503,beril_Methanococcus_S2,MMP_RS02650
OG07504,beril_Methanococcus_JJ,MMJJ_RS05010
OG07505,beril_Methanococcus_JJ,MMJJ_RS02180
OG07506,beril_Methanococcus_JJ,MMJJ_RS09030
OG07507,beril_Methanococcus_S2,MMP_RS05450
OG07508,beril_Methanococcus_JJ,MMJJ_RS07810
OG07509,beril_Methanococcus_JJ,MMJJ_RS08580
OG07510,beril_Methanococcus_S2,MMP_RS07145
OG07511,beril_Methanococcus_JJ,MMJJ_RS06250
OG07512,beril_Methanococcus_JJ,MMJJ_RS03890
OG07513,beril_Methanococcus_JJ,MMJJ_RS02915
OG07514,beril_Methanococcus_JJ,MMJJ_RS00695
OG07515,beril_Methanococcus_S2,MMP_RS07210
OG07516,beril_Methanococcus_S2,MMP_RS01565
OG07517,beril_Methanococcus_S2,MMP_RS02010
OG07518,beril_Methanococcus_JJ,MMJJ_RS04690
OG07519,beril_Methanococcus_S2,MMP_RS05075
OG07520,beril_Methanococcus_JJ,MMJJ_RS08610
OG07521,beril_Methanococcus_S2,MMP_RS08235
OG07522,beril_Methanococcus_JJ,MMJJ_RS09100
OG07523,beril_Methanococcus_JJ,MMJJ_RS05020
OG07524,beril_Methanococcus_S2,MMP_RS04945
OG07525,beril_Methanococcus_JJ,MMJJ_RS07320
OG07526,beril_Methanococcus_JJ,MMJJ_RS05235
OG07527,beril_Methanococcus_JJ,MMJJ_RS00235
OG07528,beril_Methanococcus_JJ,MMJJ_RS04050
OG07529,beril_Methanococcus_S2,MMP_RS04555
OG07530,beril_Methanococcus_JJ,MMJJ_RS07310
OG07531,beril_Methanococcus_JJ,MMJJ_RS05645
OG07532,beril_Methanococcus_JJ,MMJJ_RS04750
OG07533,beril_Methanococcus_JJ,MMJJ_RS04085
OG07534,beril_Methanococcus_JJ,MMJJ_RS03490
OG07535,beril_Methanococcus_JJ,MMJJ_RS00765
OG07536,beril_Methanococcus_JJ,MMJJ_RS04825
OG07537,beril_Methanococcus_JJ,MMJJ_RS06260
OG07538,beril_Methanococcus_JJ,MMJJ_RS09245
OG07539,beril_Methanococcus_S2,MMP_RS03445
OG07540,beril_Methanococcus_S2,MMP_RS06745
OG07541,beril_Methanococcus_JJ,MMJJ_RS05955
OG07542,beril_Methanococcus_S2,MMP_RS07580
OG07543,beril_Methanococcus_JJ,MMJJ_RS07495
OG07544,beril_Methanococcus_JJ,MMJJ_RS05550
OG07545,beril_Methanococcus_S2,MMP_RS00895
OG07546,beril_Methanococcus_JJ,MMJJ_RS04440
OG07547,beril_Methanococcus_JJ,MMJJ_RS08950
OG07548,beril_Methanococcus_JJ,MMJJ_RS06150
OG07549,beril_Methanococcus_JJ,MMJJ_RS00835
OG07550,beril_Methanococcus_JJ,MMJJ_RS05205
OG07551,beril_Methanococcus_JJ,MMJJ_RS07910
OG07552,beril_Methanococcus_S2,MMP_RS02770
OG07553,beril_Methanococcus_JJ,MMJJ_RS01305
OG07554,beril_Methanococcus_S2,MMP_RS00485
OG07555,beril_Methanococcus_S2,MMP_RS06145
OG07556,beril_Methanococcus_JJ,MMJJ_RS03980
OG07557,beril_Methanococcus_JJ,MMJJ_RS00965
OG07558,beril_Methanococcus_JJ,MMJJ_RS09220
OG07559,beril_Methanococcus_JJ,MMJJ_RS01515
OG07560,beril_Methanococcus_S2,MMP_RS04725
OG07561,beril_Methanococcus_S2,MMP_RS07405
OG07562,beril_Methanococcus_S2,MMP_RS05010
OG07563,beril_Methanococcus_S2,MMP_RS03355
OG07564,beril_Methanococcus_JJ,MMJJ_RS00790
OG07565,beril_Methanococcus_JJ,MMJJ_RS04015
OG07566,beril_Methanococcus_S2,MMP_RS05550
OG07567,beril_Methanococcus_S2,MMP_RS08860
OG07568,beril_Methanococcus_S2,MMP_RS03280
OG07569,beril_Methanococcus_S2,MMP_RS02940
OG07570,beril_Methanococcus_JJ,MMJJ_RS00460
OG07571,beril_Methanococcus_S2,MMP_RS02150
OG07572,beril_Methanococcus_S2,MMP_RS04035
OG07573,beril_Methanococcus_S2,MMP_RS04985
OG07574,beril_Methanococcus_S2,MMP_RS07890
OG07575,beril_Methanococcus_JJ,MMJJ_RS03690
OG07576,beril_Methanococcus_JJ,MMJJ_RS00455
OG07577,beril_Methanococcus_JJ,MMJJ_RS05130
OG07578,beril_Methanococcus_S2,MMP_RS00915
OG07579,beril_Methanococcus_JJ,MMJJ_RS09200
OG07580,beril_Methanococcus_JJ,MMJJ_RS04410
OG07581,beril_Methanococcus_S2,MMP_RS04070
OG07582,beril_Methanococcus_S2,MMP_RS05170
OG07583,beril_Methanococcus_S2,MMP_RS01070
OG07584,beril_Methanococcus_S2,MMP_RS00725
OG07586,beril_Methanococcus_JJ,MMJJ_RS03580
OG07587,beril_Methanococcus_JJ,MMJJ_RS03115
OG07588,beril_Methanococcus_S2,MMP_RS02845
OG07589,beril_Methanococcus_JJ,MMJJ_RS08380
OG07590,beril_Methanococcus_S2,MMP_RS06365
OG07591,beril_Methanococcus_JJ,MMJJ_RS05195
OG07592,beril_Methanococcus_S2,MMP_RS04755
OG07593,beril_Methanococcus_S2,MMP_RS03605
OG07594,beril_Methanococcus_JJ,MMJJ_RS03930
OG07595,beril_Methanococcus_S2,MMP_RS01285
OG07596,beril_Methanococcus_JJ,MMJJ_RS04635
OG07597,beril_Methanococcus_JJ,MMJJ_RS00400
OG07598,beril_Methanococcus_JJ,MMJJ_RS08235
OG07599,beril_Methanococcus_JJ,MMJJ_RS06600
OG07600,beril_Methanococcus_JJ,MMJJ_RS00020
OG07601,beril_Methanococcus_JJ,MMJJ_RS08455
OG07602,beril_Methanococcus_JJ,MMJJ_RS01690
OG07603,beril_Methanococcus_JJ,MMJJ_RS08905
OG07604,beril_Methanococcus_S2,MMP_RS01275
OG07605,beril_Methanococcus_JJ,MMJJ_RS03170
OG07606,beril_Methanococcus_JJ,MMJJ_RS00170
OG07607,beril_Methanococcus_S2,MMP_RS00740
OG07608,beril_Methanococcus_S2,MMP_RS05505
OG07609,beril_Methanococcus_JJ,MMJJ_RS07185
OG07610,beril_Methanococcus_JJ,MMJJ_RS07670
OG07611,beril_Methanococcus_JJ,MMJJ_RS01910
OG07612,beril_Methanococcus_S2,MMP_RS06020
OG07613,beril_Methanococcus_S2,MMP_RS08390
OG07614,beril_Methanococcus_S2,MMP_RS06675
OG07615,beril_Methanococcus_JJ,MMJJ_RS05335
OG07616,beril_Methanococcus_JJ,MMJJ_RS06530
OG07617,beril_Methanococcus_JJ,MMJJ_RS05935
OG07618,beril_Methanococcus_S2,MMP_RS07240
OG07619,beril_Methanococcus_S2,MMP_RS06495
OG07620,beril_Methanococcus_S2,MMP_RS07915
OG07621,beril_Methanococcus_JJ,MMJJ_RS08700
OG07622,beril_Methanococcus_S2,MMP_RS00345
OG07623,beril_Methanococcus_S2,MMP_RS07590
OG07624,beril_Methanococcus_JJ,MMJJ_RS01470
OG07625,beril_Methanococcus_S2,MMP_RS05745
OG07626,beril_Methanococcus_JJ,MMJJ_RS06625
OG07627,beril_Methanococcus_S2,MMP_RS03455
OG07628,beril_Methanococcus_JJ,MMJJ_RS05910
OG07629,beril_Methanococcus_JJ,MMJJ_RS05155
OG07630,beril_Methanococcus_JJ,MMJJ_RS05380
OG07631,beril_Methanococcus_S2,MMP_RS07425
OG07632,beril_Methanococcus_JJ,MMJJ_RS05375
OG07633,beril_Methanococcus_S2,MMP_RS04875
OG07634,beril_Methanococcus_S2,MMP_RS08125
OG07635,beril_Methanococcus_S2,MMP_RS05390
OG07636,beril_Methanococcus_JJ,MMJJ_RS05790
OG07637,beril_Methanococcus_S2,MMP_RS03090
OG07638,beril_Methanococcus_S2,MMP_RS07500
OG07639,beril_Methanococcus_JJ,MMJJ_RS06535
OG07640,beril_Methanococcus_S2,MMP_RS00665
OG07641,beril_Methanococcus_S2,MMP_RS02070
OG07642,beril_Methanococcus_S2,MMP_RS04690
OG07643,beril_Methanococcus_S2,MMP_RS03105
OG07644,beril_Methanococcus_S2,MMP_RS03640
OG07645,beril_Methanococcus_S2,MMP_RS00745
OG07646,beril_Methanococcus_S2,MMP_RS07910
OG07647,beril_Methanococcus_S2,MMP_RS08665
OG07648,beril_Methanococcus_JJ,MMJJ_RS00305
OG07649,beril_Methanococcus_JJ,MMJJ_RS09135
OG07650,beril_Methanococcus_S2,MMP_RS02505
OG07651,beril_Methanococcus_JJ,MMJJ_RS02325
OG07652,beril_Methanococcus_JJ,MMJJ_RS08410
OG07653,beril_Methanococcus_JJ,MMJJ_RS03180
OG07654,beril_Methanococcus_S2,MMP_RS02215
OG07655,beril_Methanococcus_JJ,MMJJ_RS06275
OG07656,beril_Methanococcus_JJ,MMJJ_RS02295
OG07657,beril_Methanococcus_S2,MMP_RS07335
OG07658,beril_Methanococcus_S2,MMP_RS04795
OG07659,beril_Methanococcus_JJ,MMJJ_RS07465
OG07660,beril_Methanococcus_JJ,MMJJ_RS07090
OG07661,beril_Methanococcus_JJ,MMJJ_RS03205
OG07662,beril_Methanococcus_JJ,MMJJ_RS05265
OG07663,beril_Methanococcus_JJ,MMJJ_RS04205
OG07664,beril_Methanococcus_JJ,MMJJ_RS08385
OG07665,beril_Methanococcus_S2,MMP_RS04645
OG07666,beril_Methanococcus_JJ,MMJJ_RS01530
OG07667,beril_Methanococcus_JJ,MMJJ_RS00745
OG07668,beril_Methanococcus_JJ,MMJJ_RS05260
OG07669,beril_Methanococcus_S2,MMP_RS04545
OG07670,beril_Methanococcus_S2,MMP_RS04630
OG07671,beril_Methanococcus_S2,MMP_RS08700
OG07672,beril_Methanococcus_JJ,MMJJ_RS08060
OG07673,beril_Methanococcus_S2,MMP_RS06395
OG07674,beril_Methanococcus_JJ,MMJJ_RS04525
OG07675,beril_Methanococcus_S2,MMP_RS02030
OG07676,beril_Methanococcus_S2,MMP_RS01715
OG07677,beril_Methanococcus_S2,MMP_RS08430
OG07678,beril_Methanococcus_JJ,MMJJ_RS08665
OG07679,beril_Methanococcus_JJ,MMJJ_RS05230
OG07680,beril_Methanococcus_S2,MMP_RS04785
OG07681,beril_Methanococcus_JJ,MMJJ_RS06255
OG07682,beril_Methanococcus_JJ,MMJJ_RS05680
OG07683,beril_Methanococcus_JJ,MMJJ_RS01740
OG07684,beril_Methanococcus_S2,MMP_RS05125
OG07685,beril_Methanococcus_JJ,MMJJ_RS09060
OG07686,beril_Methanococcus_S2,MMP_RS06075
OG07687,beril_Methanococcus_S2,MMP_RS03380
OG07688,beril_Methanococcus_JJ,MMJJ_RS08255
OG07689,beril_Methanococcus_S2,MMP_RS06655
OG07690,beril_Methanococcus_JJ,MMJJ_RS03130
OG07691,beril_Methanococcus_JJ,MMJJ_RS02025
OG07692,beril_Methanococcus_S2,MMP_RS02950
OG07693,beril_Methanococcus_JJ,MMJJ_RS05415
OG07694,beril_Methanococcus_JJ,MMJJ_RS05250
OG07695,beril_Methanococcus_S2,MMP_RS06935
OG07696,beril_Methanococcus_S2,MMP_RS02065
OG07697,beril_Methanococcus_JJ,MMJJ_RS02185
OG07698,beril_Methanococcus_JJ,MMJJ_RS00395
OG07699,beril_Methanococcus_JJ,MMJJ_RS07655
OG07700,beril_Methanococcus_S2,MMP_RS03370
OG07701,beril_Methanococcus_JJ,MMJJ_RS08315
OG07702,beril_Methanococcus_S2,MMP_RS04390
OG07703,beril_Methanococcus_JJ,MMJJ_RS07645
OG07704,beril_Methanococcus_S2,MMP_RS06435
OG07705,beril_Methanococcus_S2,MMP_RS06870
OG07706,beril_Methanococcus_JJ,MMJJ_RS08505
OG07707,beril_Methanococcus_JJ,MMJJ_RS08015
OG07708,beril_Methanococcus_S2,MMP_RS03500
OG07709,beril_Methanococcus_JJ,MMJJ_RS04655
OG07710,beril_Methanococcus_JJ,MMJJ_RS07125
OG07711,beril_Methanococcus_JJ,MMJJ_RS04775
OG07712,beril_Methanococcus_S2,MMP_RS06595
OG07713,beril_Methanococcus_JJ,MMJJ_RS03960
OG07714,beril_Methanococcus_JJ,MMJJ_RS04600
OG07715,beril_Methanococcus_JJ,MMJJ_RS01230
OG07716,beril_Methanococcus_JJ,MMJJ_RS09225
OG07717,beril_Methanococcus_JJ,MMJJ_RS06310
OG07718,beril_Methanococcus_JJ,MMJJ_RS05800
OG07719,beril_Methanococcus_JJ,MMJJ_RS03910
OG07720,beril_Methanococcus_S2,MMP_RS04715
OG07721,beril_Methanococcus_JJ,MMJJ_RS04455
OG07722,beril_Methanococcus_S2,MMP_RS05840
OG07723,beril_Methanococcus_S2,MMP_RS01795
OG07724,beril_Methanococcus_JJ,MMJJ_RS01560
OG07725,beril_Methanococcus_S2,MMP_RS03765
OG07726,beril_Methanococcus_S2,MMP_RS00230
OG07727,beril_Methanococcus_S2,MMP_RS02240
OG07728,beril_Methanococcus_JJ,MMJJ_RS01605
OG07729,beril_Methanococcus_JJ,MMJJ_RS00970
OG07730,beril_Methanococcus_JJ,MMJJ_RS05625
OG07731,beril_Methanococcus_JJ,MMJJ_RS00255
OG07732,beril_Methanococcus_JJ,MMJJ_RS03985
OG07733,beril_Methanococcus_S2,MMP_RS03315
OG07734,beril_Methanococcus_S2,MMP_RS05960
OG07735,beril_Methanococcus_JJ,MMJJ_RS00895
OG07736,beril_Methanococcus_S2,MMP_RS03795
OG07737,beril_Methanococcus_JJ,MMJJ_RS01585
OG07738,beril_Methanococcus_JJ,MMJJ_RS03270
OG07739,beril_Methanococcus_JJ,MMJJ_RS06035
OG07740,beril_Methanococcus_S2,MMP_RS04095
OG07741,beril_Methanococcus_S2,MMP_RS05445
OG07742,beril_Methanococcus_JJ,MMJJ_RS04680
OG07743,beril_Methanococcus_S2,MMP_RS06415
OG07744,beril_Methanococcus_JJ,MMJJ_RS06085
OG07745,beril_Methanococcus_JJ,MMJJ_RS09205
OG07746,beril_Methanococcus_S2,MMP_RS05730
OG07747,beril_Methanococcus_JJ,MMJJ_RS09305
OG07748,beril_Methanococcus_JJ,MMJJ_RS06785
OG07749,beril_Methanococcus_S2,MMP_RS04780
OG07750,beril_Methanococcus_JJ,MMJJ_RS08910
OG07751,beril_Methanococcus_S2,MMP_RS07090
OG07752,beril_Methanococcus_S2,MMP_RS04295
OG07753,beril_Methanococcus_JJ,MMJJ_RS00315
OG07754,beril_Methanococcus_JJ,MMJJ_RS01190
OG07755,beril_Methanococcus_JJ,MMJJ_RS01030
OG07756,beril_Methanococcus_S2,MMP_RS07255
OG07757,beril_Methanococcus_S2,MMP_RS03140
OG07758,beril_Methanococcus_S2,MMP_RS05420
OG07759,beril_Methanococcus_S2,MMP_RS01310
OG07760,beril_Methanococcus_JJ,MMJJ_RS02860
OG07761,beril_Methanococcus_JJ,MMJJ_RS08135
OG07762,beril_Methanococcus_JJ,MMJJ_RS06885
OG07763,beril_Methanococcus_JJ,MMJJ_RS08150
OG07764,beril_Methanococcus_S2,MMP_RS02205
OG07765,beril_Methanococcus_S2,MMP_RS04055
OG07766,beril_Methanococcus_S2,MMP_RS01625
OG07767,beril_Methanococcus_S2,MMP_RS05370
OG07768,beril_Methanococcus_S2,MMP_RS02350
OG07769,beril_Methanococcus_S2,MMP_RS02760
OG07770,beril_Methanococcus_JJ,MMJJ_RS07700
OG07771,beril_Methanococcus_S2,MMP_RS03020
OG07772,beril_Methanococcus_S2,MMP_RS02840
OG07773,beril_Methanococcus_S2,MMP_RS07545
OG07774,beril_Methanococcus_S2,MMP_RS06830
OG07775,beril_Methanococcus_S2,MMP_RS07555
OG07776,beril_Methanococcus_JJ,MMJJ_RS08850
OG07777,beril_Methanococcus_JJ,MMJJ_RS00910
OG07778,beril_Methanococcus_JJ,MMJJ_RS02285
OG07779,beril_Methanococcus_JJ,MMJJ_RS00040
OG07780,beril_Methanococcus_JJ,MMJJ_RS03830
OG07781,beril_Methanococcus_JJ,MMJJ_RS09045
OG07782,beril_Methanococcus_S2,MMP_RS00535
OG07783,beril_Methanococcus_S2,MMP_RS04040
OG07784,beril_Methanococcus_JJ,MMJJ_RS04415
OG07785,beril_Methanococcus_S2,MMP_RS02020
OG07786,beril_Methanococcus_S2,MMP_RS08915
OG07787,beril_Methanococcus_S2,MMP_RS08620
OG07788,beril_Methanococcus_JJ,MMJJ_RS07745
OG07789,beril_Methanococcus_S2,MMP_RS05815
OG07790,beril_Methanococcus_JJ,MMJJ_RS05775
OG07791,beril_Methanococcus_S2,MMP_RS01350
OG07792,beril_Methanococcus_JJ,MMJJ_RS02595
OG07793,beril_Methanococcus_S2,MMP_RS04570
OG07794,beril_Methanococcus_S2,MMP_RS03715
OG07795,beril_Methanococcus_S2,MMP_RS07380
OG07796,beril_Methanococcus_S2,MMP_RS03255
OG07797,beril_Methanococcus_JJ,MMJJ_RS06650
OG07798,beril_Methanococcus_JJ,MMJJ_RS04020
OG07799,beril_Methanococcus_JJ,MMJJ_RS06345
OG07800,beril_Methanococcus_JJ,MMJJ_RS05070
OG07801,beril_Methanococcus_S2,MMP_RS08715
OG07802,beril_Methanococcus_JJ,MMJJ_RS06480
OG07803,beril_Methanococcus_S2,MMP_RS08660
OG07804,beril_Methanococcus_S2,MMP_RS05120
OG07805,beril_Methanococcus_JJ,MMJJ_RS05445
OG07806,beril_Methanococcus_JJ,MMJJ_RS01950
OG07807,beril_Methanococcus_S2,MMP_RS03205
OG07808,beril_Methanococcus_JJ,MMJJ_RS07545
OG07809,beril_Methanococcus_JJ,MMJJ_RS06790
OG07810,beril_Methanococcus_JJ,MMJJ_RS02190
OG07811,beril_Methanococcus_JJ,MMJJ_RS07150
OG07812,beril_Methanococcus_JJ,MMJJ_RS08120
OG07813,beril_Methanococcus_JJ,MMJJ_RS04965
OG07814,beril_Methanococcus_S2,MMP_RS03670
OG07815,beril_Methanococcus_S2,MMP_RS04720
OG07816,beril_Methanococcus_JJ,MMJJ_RS08160
OG07817,beril_Methanococcus_JJ,MMJJ_RS09375
OG07818,beril_Methanococcus_JJ,MMJJ_RS02020
OG07819,beril_Methanococcus_S2,MMP_RS06400
OG07820,beril_Methanococcus_JJ,MMJJ_RS08970
OG07821,beril_Methanococcus_S2,MMP_RS07900
OG07822,beril_Methanococcus_S2,MMP_RS06500
OG07823,beril_Methanococcus_S2,MMP_RS01150
OG07824,beril_Methanococcus_S2,MMP_RS08410
OG07825,beril_Methanococcus_S2,MMP_RS04620
OG07826,beril_Methanococcus_JJ,MMJJ_RS05780
OG07827,beril_Methanococcus_S2,MMP_RS07480
OG07828,beril_Methanococcus_S2,MMP_RS01045
OG07829,beril_Methanococcus_JJ,MMJJ_RS06065
OG07830,beril_Methanococcus_JJ,MMJJ_RS00095
OG07831,beril_Methanococcus_JJ,MMJJ_RS00665
OG07832,beril_Methanococcus_S2,MMP_RS08770
OG07833,beril_Methanococcus_JJ,MMJJ_RS01970
OG07834,beril_Methanococcus_S2,MMP_RS08745
OG07835,beril_Methanococcus_S2,MMP_RS04595
OG07836,beril_Methanococcus_S2,MMP_RS06080
OG07837,beril_Methanococcus_JJ,MMJJ_RS07380
OG07838,beril_Methanococcus_S2,MMP_RS05055
OG07839,beril_Methanococcus_JJ,MMJJ_RS00200
OG07840,beril_Methanococcus_JJ,MMJJ_RS03755
OG07841,beril_Methanococcus_JJ,MMJJ_RS03655
OG07842,beril_Methanococcus_JJ,MMJJ_RS05890
OG07843,beril_Methanococcus_S2,MMP_RS04315
OG07844,beril_Methanococcus_S2,MMP_RS09015
OG07845,beril_Methanococcus_JJ,MMJJ_RS09365
OG07846,beril_Methanococcus_S2,MMP_RS08670
OG07847,beril_Methanococcus_S2,MMP_RS06785
OG07848,beril_Methanococcus_S2,MMP_RS04625
OG07849,beril_Methanococcus_JJ,MMJJ_RS07005
OG07850,beril_Methanococcus_S2,MMP_RS02355
OG07851,beril_Methanococcus_S2,MMP_RS05150
OG07852,beril_Methanococcus_JJ,MMJJ_RS08125
OG07853,beril_Methanococcus_JJ,MMJJ_RS05835
OG07854,beril_Methanococcus_JJ,MMJJ_RS06830
OG07855,beril_Methanococcus_S2,MMP_RS06610
OG07856,beril_Methanococcus_JJ,MMJJ_RS05660
OG07857,beril_Methanococcus_S2,MMP_RS08345
OG07858,beril_Methanococcus_JJ,MMJJ_RS02130
OG07859,beril_Methanococcus_S2,MMP_RS04395
OG07860,beril_Methanococcus_JJ,MMJJ_RS07175
OG07861,beril_Methanococcus_S2,MMP_RS04745
OG07862,beril_Methanococcus_S2,MMP_RS07130
OG07863,beril_Methanococcus_JJ,MMJJ_RS04105
OG07864,beril_Methanococcus_S2,MMP_RS06015
OG07865,beril_Methanococcus_S2,MMP_RS06545
OG07866,beril_Methanococcus_JJ,MMJJ_RS06080
OG07867,beril_Methanococcus_JJ,MMJJ_RS06820
OG07868,beril_Methanococcus_S2,MMP_RS01735
OG07869,beril_Methanococcus_JJ,MMJJ_RS00050
OG07870,beril_Methanococcus_S2,MMP_RS07395
OG07871,beril_Methanococcus_S2,MMP_RS08760
OG07872,beril_Methanococcus_JJ,MMJJ_RS08365
OG07873,beril_Methanococcus_S2,MMP_RS08585
OG07874,beril_Methanococcus_S2,MMP_RS06965
OG07875,beril_Methanococcus_JJ,MMJJ_RS01400
OG07876,beril_Methanococcus_S2,MMP_RS01295
OG07877,beril_Methanococcus_S2,MMP_RS01835
OG07878,beril_Methanococcus_JJ,MMJJ_RS01345
OG07879,beril_Methanococcus_S2,MMP_RS06465
OG07880,beril_Methanococcus_S2,MMP_RS02295
OG07881,beril_Methanococcus_JJ,MMJJ_RS03150
OG07882,beril_Methanococcus_JJ,MMJJ_RS04640
OG07883,beril_Methanococcus_S2,MMP_RS03115
OG07884,beril_Methanococcus_JJ,MMJJ_RS05560
OG07885,beril_Methanococcus_S2,MMP_RS09035
OG07886,beril_Methanococcus_JJ,MMJJ_RS02205
OG07887,beril_Methanococcus_JJ,MMJJ_RS01000
OG07888,beril_Methanococcus_JJ,MMJJ_RS05755
OG07889,beril_Methanococcus_S2,MMP_RS01605
OG07890,beril_Methanococcus_JJ,MMJJ_RS05165
OG07891,beril_Methanococcus_JJ,MMJJ_RS07275
OG07892,beril_Methanococcus_S2,MMP_RS05865
OG07893,beril_Methanococcus_JJ,MMJJ_RS05500
OG07894,beril_Methanococcus_JJ,MMJJ_RS05515
OG07895,beril_Methanococcus_S2,MMP_RS00495
OG07896,beril_Methanococcus_S2,MMP_RS08790
OG07897,beril_Methanococcus_S2,MMP_RS07595
OG07898,beril_Methanococcus_JJ,MMJJ_RS08810
OG07899,beril_Methanococcus_JJ,MMJJ_RS07085
OG07900,beril_Methanococcus_S2,MMP_RS01470
OG07901,beril_Methanococcus_S2,MMP_RS01110
OG07902,beril_Methanococcus_JJ,MMJJ_RS00215
OG07903,beril_Methanococcus_JJ,MMJJ_RS07235
OG07904,beril_Methanococcus_JJ,MMJJ_RS07585
OG07905,beril_Methanococcus_JJ,MMJJ_RS03140
OG07906,beril_Methanococcus_S2,MMP_RS05510
OG07907,beril_Methanococcus_JJ,MMJJ_RS06425
OG07908,beril_Methanococcus_S2,MMP_RS03135
OG07909,beril_Methanococcus_S2,MMP_RS08575
OG07910,beril_Methanococcus_S2,MMP_RS04230
OG07911,beril_Methanococcus_S2,MMP_RS01695
OG07912,beril_Methanococcus_S2,MMP_RS02340
OG07913,beril_Methanococcus_S2,MMP_RS01790
OG07914,beril_Methanococcus_JJ,MMJJ_RS02240
OG07915,beril_Methanococcus_JJ,MMJJ_RS06470
OG07916,beril_Methanococcus_S2,MMP_RS08465
OG07917,beril_Methanococcus_S2,MMP_RS01495
OG07918,beril_Methanococcus_JJ,MMJJ_RS07895
OG07919,beril_Methanococcus_JJ,MMJJ_RS07530
OG07920,beril_Methanococcus_JJ,MMJJ_RS02965
OG07921,beril_Methanococcus_JJ,MMJJ_RS05435
OG07922,beril_Methanococcus_S2,MMP_RS01665
OG07923,beril_Methanococcus_JJ,MMJJ_RS09260
OG07924,beril_Methanococcus_JJ,MMJJ_RS08980
OG07925,beril_Methanococcus_S2,MMP_RS04860
OG07926,beril_Methanococcus_JJ,MMJJ_RS08560
OG07927,beril_Methanococcus_S2,MMP_RS05860
OG07928,beril_Methanococcus_JJ,MMJJ_RS00555
OG07929,beril_Methanococcus_JJ,MMJJ_RS04715
OG07930,beril_Methanococcus_JJ,MMJJ_RS04935
OG07931,beril_Methanococcus_S2,MMP_RS05955
OG07932,beril_Methanococcus_S2,MMP_RS01660
OG07933,beril_Methanococcus_JJ,MMJJ_RS05815
OG07934,beril_Methanococcus_JJ,MMJJ_RS05580
OG07935,beril_Methanococcus_S2,MMP_RS06910
OG07936,beril_Methanococcus_S2,MMP_RS04065
OG07937,beril_Methanococcus_JJ,MMJJ_RS05065
OG07938,beril_Methanococcus_S2,MMP_RS07470
OG07939,beril_Methanococcus_JJ,MMJJ_RS04175
OG07940,beril_Methanococcus_JJ,MMJJ_RS06930
OG07941,beril_Methanococcus_JJ,MMJJ_RS05620
OG07942,beril_Methanococcus_S2,MMP_RS04225
OG07943,beril_Methanococcus_JJ,MMJJ_RS08550
OG07944,beril_Methanococcus_JJ,MMJJ_RS09370
OG07945,beril_Methanococcus_JJ,MMJJ_RS01540
OG07946,beril_Methanococcus_JJ,MMJJ_RS04010
OG07947,beril_Methanococcus_S2,MMP_RS02270
OG07948,beril_Methanococcus_JJ,MMJJ_RS07425
OG07949,beril_Methanococcus_JJ,MMJJ_RS05760
OG07950,beril_Methanococcus_JJ,MMJJ_RS05005
OG07951,beril_Methanococcus_S2,MMP_RS03395
OG07952,beril_Methanococcus_JJ,MMJJ_RS06095
OG07953,beril_Methanococcus_JJ,MMJJ_RS07370
OG07954,beril_Methanococcus_JJ,MMJJ_RS08925
OG07955,beril_Methanococcus_S2,MMP_RS02325
OG07956,beril_Methanococcus_JJ,MMJJ_RS02675
OG07957,beril_Methanococcus_S2,MMP_RS04250
OG07958,beril_Methanococcus_S2,MMP_RS08205
OG07959,beril_Methanococcus_JJ,MMJJ_RS07315
OG07960,beril_Methanococcus_S2,MMP_RS05050
OG07961,beril_Methanococcus_S2,MMP_RS02585
OG07962,beril_Methanococcus_JJ,MMJJ_RS06705
OG07963,beril_Methanococcus_JJ,MMJJ_RS06560
OG07964,beril_Methanococcus_S2,MMP_RS05425
OG07965,beril_Methanococcus_JJ,MMJJ_RS06665
OG07966,beril_Methanococcus_JJ,MMJJ_RS03625
OG07967,beril_Methanococcus_S2,MMP_RS00870
OG07968,beril_Methanococcus_S2,MMP_RS07350
OG07969,beril_Methanococcus_S2,MMP_RS07780
OG07970,beril_Methanococcus_S2,MMP_RS08320
OG07971,beril_Methanococcus_JJ,MMJJ_RS05290
OG07972,beril_Methanococcus_JJ,MMJJ_RS00090
OG07973,beril_Methanococcus_S2,MMP_RS07095
OG07974,beril_Methanococcus_JJ,MMJJ_RS03775
OG07975,beril_Methanococcus_S2,MMP_RS06995
OG07976,beril_Methanococcus_JJ,MMJJ_RS05745
OG07977,beril_Methanococcus_S2,MMP_RS08835
OG07978,beril_Methanococcus_S2,MMP_RS03230
OG07979,beril_Methanococcus_S2,MMP_RS04590
OG07980,beril_Methanococcus_JJ,MMJJ_RS03730
OG07981,beril_Methanococcus_S2,MMP_RS06160
OG07982,beril_Methanococcus_JJ,MMJJ_RS05630
OG07983,beril_Methanococcus_S2,MMP_RS07660
OG07984,beril_Methanococcus_S2,MMP_RS08980
OG07985,beril_Methanococcus_S2,MMP_RS05340
OG07986,beril_Methanococcus_S2,MMP_RS04750
OG07987,beril_Methanococcus_JJ,MMJJ_RS07580
OG07988,beril_Methanococcus_S2,MMP_RS07055
OG07989,beril_Methanococcus_JJ,MMJJ_RS01275
OG07990,beril_Methanococcus_S2,MMP_RS04290
OG07991,beril_Methanococcus_S2,MMP_RS00080
OG07992,beril_Methanococcus_S2,MMP_RS06725
OG07993,beril_Methanococcus_S2,MMP_RS08500
OG07994,beril_Methanococcus_S2,MMP_RS03895
OG07995,beril_Methanococcus_S2,MMP_RS03625
OG07996,beril_Methanococcus_JJ,MMJJ_RS07470
OG07997,beril_Methanococcus_S2,MMP_RS01130
OG07998,beril_Methanococcus_S2,MMP_RS05535
OG07999,beril_Methanococcus_JJ,MMJJ_RS02095
OG08000,beril_Methanococcus_S2,MMP_RS06295
OG08001,beril_Methanococcus_JJ,MMJJ_RS03000
OG08002,beril_Methanococcus_JJ,MMJJ_RS02345
OG08003,beril_Methanococcus_S2,MMP_RS01675
OG08004,beril_Methanococcus_JJ,MMJJ_RS07865
OG08005,beril_Methanococcus_JJ,MMJJ_RS02170
OG08006,beril_Methanococcus_JJ,MMJJ_RS09095
OG08007,beril_Methanococcus_S2,MMP_RS07490
OG08008,beril_Methanococcus_JJ,MMJJ_RS04765
OG08009,beril_Methanococcus_JJ,MMJJ_RS01265
OG08010,beril_Methanococcus_S2,MMP_RS06385
OG08011,beril_Methanococcus_S2,MMP_RS02245
OG08012,beril_Methanococcus_JJ,MMJJ_RS03200
OG08013,beril_Methanococcus_JJ,MMJJ_RS00785
OG08014,beril_Methanococcus_JJ,MMJJ_RS05555
OG08015,beril_Methanococcus_JJ,MMJJ_RS07660
OG08016,beril_Methanococcus_S2,MMP_RS03840
OG08017,beril_Methanococcus_JJ,MMJJ_RS01200
OG08018,beril_Methanococcus_JJ,MMJJ_RS02875
OG08019,beril_Methanococcus_JJ,MMJJ_RS07305
OG08020,beril_Methanococcus_JJ,MMJJ_RS07350
OG08021,beril_Methanococcus_S2,MMP_RS01005
OG08022,beril_Methanococcus_S2,MMP_RS04915
OG08023,beril_Methanococcus_S2,MMP_RS02385
OG08024,beril_Methanococcus_JJ,MMJJ_RS05805
OG08025,beril_Methanococcus_S2,MMP_RS04385
OG08026,beril_Methanococcus_S2,MMP_RS00945
OG08027,beril_Methanococcus_S2,MMP_RS06340
OG08028,beril_Methanococcus_S2,MMP_RS01000
OG08029,beril_Methanococcus_JJ,MMJJ_RS00480
OG08030,beril_Methanococcus_S2,MMP_RS05140
OG08031,beril_Methanococcus_JJ,MMJJ_RS06105
OG08032,beril_Methanococcus_S2,MMP_RS07155
OG08033,beril_Methanococcus_JJ,MMJJ_RS07860
OG08034,beril_Methanococcus_JJ,MMJJ_RS05505
OG08035,beril_Methanococcus_S2,MMP_RS06375
OG08036,beril_Methanococcus_S2,MMP_RS00980
OG08037,beril_Methanococcus_S2,MMP_RS08330
OG08038,beril_Methanococcus_S2,MMP_RS02825
OG08039,beril_Methanococcus_JJ,MMJJ_RS02290
OG08040,beril_Methanococcus_S2,MMP_RS03190
OG08041,beril_Methanococcus_JJ,MMJJ_RS07605
OG08042,beril_Methanococcus_S2,MMP_RS02210
OG08043,beril_Methanococcus_S2,MMP_RS03185
OG08044,beril_Methanococcus_JJ,MMJJ_RS05945
OG08045,beril_Methanococcus_JJ,MMJJ_RS04500
OG08046,beril_Methanococcus_S2,MMP_RS01785
OG08047,beril_Methanococcus_JJ,MMJJ_RS08300
OG08048,beril_Methanococcus_S2,MMP_RS00655
OG08049,beril_Methanococcus_JJ,MMJJ_RS02970
OG08050,beril_Methanococcus_JJ,MMJJ_RS06355
OG08051,beril_Methanococcus_S2,MMP_RS00200
OG08052,beril_Methanococcus_S2,MMP_RS04330
OG08053,beril_Methanococcus_S2,MMP_RS02290
OG08054,beril_Methanococcus_S2,MMP_RS06250
OG08055,beril_Methanococcus_JJ,MMJJ_RS07595
OG08056,beril_Methanococcus_JJ,MMJJ_RS01290
OG08057,beril_Methanococcus_JJ,MMJJ_RS01575
OG08058,beril_Methanococcus_S2,MMP_RS00910
OG08059,beril_Methanococcus_JJ,MMJJ_RS00045
OG08060,beril_Methanococcus_JJ,MMJJ_RS00935
OG08061,beril_Methanococcus_S2,MMP_RS06185
OG08062,beril_RalstoniaPSI07,RPSI07_RS05945
OG08063,beril_Methanococcus_S2,MMP_RS00975
OG08064,beril_Methanococcus_JJ,MMJJ_RS03065
OG08065,beril_Methanococcus_S2,MMP_RS06040
OG08066,beril_Methanococcus_S2,MMP_RS05410
OG08067,beril_Methanococcus_JJ,MMJJ_RS00465
OG08068,beril_Methanococcus_JJ,MMJJ_RS06295
OG08069,beril_Methanococcus_S2,MMP_RS04475
OG08070,beril_Methanococcus_JJ,MMJJ_RS04670
OG08071,beril_Methanococcus_S2,MMP_RS07525
OG08072,beril_Methanococcus_JJ,MMJJ_RS05950
OG08073,beril_Methanococcus_JJ,MMJJ_RS07355
OG08074,beril_Methanococcus_S2,MMP_RS04075
OG08075,beril_Methanococcus_S2,MMP_RS08155
OG08076,beril_Methanococcus_S2,MMP_RS00795
OG08077,beril_Methanococcus_JJ,MMJJ_RS01665
OG08078,beril_Methanococcus_JJ,MMJJ_RS06360
OG08079,beril_Methanococcus_S2,MMP_RS01755
OG08080,beril_Methanococcus_S2,MMP_RS04665
OG08081,beril_Methanococcus_S2,MMP_RS02430
OG08082,beril_Methanococcus_S2,MMP_RS03630
OG08083,beril_Methanococcus_JJ,MMJJ_RS06755
OG08084,beril_Methanococcus_JJ,MMJJ_RS06420
OG08085,beril_Methanococcus_JJ,MMJJ_RS03885
OG08086,beril_Methanococcus_JJ,MMJJ_RS05920
OG08087,beril_Methanococcus_JJ,MMJJ_RS08085
OG08088,beril_Methanococcus_S2,MMP_RS05325
OG08089,beril_Methanococcus_S2,MMP_RS05775
OG08090,beril_Methanococcus_JJ,MMJJ_RS05675
OG08091,beril_Methanococcus_JJ,MMJJ_RS09130
OG08092,beril_Methanococcus_JJ,MMJJ_RS00660
OG08093,beril_Methanococcus_S2,MMP_RS06405
OG08094,beril_Methanococcus_JJ,MMJJ_RS08080
OG08095,beril_Methanococcus_JJ,MMJJ_RS00035
OG08096,beril_Methanococcus_S2,MMP_RS02200
OG08097,beril_Methanococcus_JJ,MMJJ_RS05175
OG08098,beril_Methanococcus_JJ,MMJJ_RS00290
OG08099,beril_RalstoniaBSBF1503,RALBFv3_RS20115
OG08100,beril_Methanococcus_JJ,MMJJ_RS04535
OG08101,beril_Methanococcus_S2,MMP_RS04975
OG08102,beril_Methanococcus_JJ,MMJJ_RS07405
OG08103,beril_Methanococcus_S2,MMP_RS03345
OG08104,beril_Methanococcus_S2,MMP_RS02040
OG08105,beril_Methanococcus_S2,MMP_RS04340
OG08106,beril_Methanococcus_S2,MMP_RS00145
OG08107,beril_Methanococcus_S2,MMP_RS06765
OG08108,beril_Methanococcus_JJ,MMJJ_RS07990
OG08109,beril_Methanococcus_JJ,MMJJ_RS07835
OG08110,beril_Methanococcus_JJ,MMJJ_RS06430
OG08111,beril_Methanococcus_S2,MMP_RS08675
OG08112,beril_Methanococcus_JJ,MMJJ_RS06030
OG08113,beril_Methanococcus_S2,MMP_RS00830
OG08114,beril_Methanococcus_S2,MMP_RS08645
OG08115,beril_Methanococcus_JJ,MMJJ_RS06500
OG08116,beril_Methanococcus_JJ,MMJJ_RS05770
OG08117,beril_Methanococcus_S2,MMP_RS08015
OG08118,beril_Methanococcus_JJ,MMJJ_RS06335
OG08119,beril_Methanococcus_JJ,MMJJ_RS01785
OG08120,beril_Methanococcus_S2,MMP_RS02395
OG08121,beril_Methanococcus_JJ,MMJJ_RS07705
OG08122,beril_Methanococcus_JJ,MMJJ_RS00890
OG08123,beril_Methanococcus_S2,MMP_RS04435
OG08124,beril_Methanococcus_JJ,MMJJ_RS06825
OG08125,beril_Methanococcus_JJ,MMJJ_RS06450
OG08126,beril_Methanococcus_S2,MMP_RS06425
OG08127,beril_Methanococcus_S2,MMP_RS06755
OG08128,beril_Methanococcus_S2,MMP_RS00880
OG08129,beril_Methanococcus_S2,MMP_RS04060
OG08130,beril_Methanococcus_JJ,MMJJ_RS09265
OG08131,beril_Methanococcus_S2,MMP_RS01185
OG08132,beril_Methanococcus_JJ,MMJJ_RS07440
OG08133,beril_Methanococcus_JJ,MMJJ_RS01860
OG08134,beril_Methanococcus_JJ,MMJJ_RS05925
OG08135,beril_Methanococcus_S2,MMP_RS08785
OG08136,beril_Methanococcus_S2,MMP_RS08395
OG08137,beril_Methanococcus_JJ,MMJJ_RS04060
OG08138,beril_Methanococcus_JJ,MMJJ_RS02270
OG08139,beril_Methanococcus_JJ,MMJJ_RS01775
OG08140,beril_Methanococcus_S2,MMP_RS06855
OG08141,beril_Methanococcus_S2,MMP_RS01015
OG08142,beril_Methanococcus_JJ,MMJJ_RS04270
OG08143,beril_Methanococcus_S2,MMP_RS06245
OG08144,beril_Methanococcus_JJ,MMJJ_RS02100
OG08145,beril_Methanococcus_S2,MMP_RS03655
OG08146,beril_Methanococcus_S2,MMP_RS01595
OG08147,beril_Methanococcus_JJ,MMJJ_RS03860
OG08148,beril_Methanococcus_S2,MMP_RS00135
OG08149,beril_Methanococcus_JJ,MMJJ_RS08020
OG08150,beril_Methanococcus_JJ,MMJJ_RS06230
OG08151,beril_Methanococcus_JJ,MMJJ_RS08435
OG08152,beril_Methanococcus_S2,MMP_RS04615
OG08153,beril_Methanococcus_S2,MMP_RS00360
OG08154,beril_Methanococcus_S2,MMP_RS01570
OG08155,beril_Methanococcus_JJ,MMJJ_RS09085
OG08156,beril_Methanococcus_JJ,MMJJ_RS03840
OG08157,beril_Methanococcus_S2,MMP_RS02935
OG08158,beril_Methanococcus_JJ,MMJJ_RS05535
OG08159,beril_Methanococcus_JJ,MMJJ_RS02085
OG08160,beril_Methanococcus_JJ,MMJJ_RS06020
OG08161,beril_Methanococcus_S2,MMP_RS08360
OG08162,beril_Methanococcus_JJ,MMJJ_RS07460
OG08163,beril_Methanococcus_JJ,MMJJ_RS04470
OG08164,beril_Methanococcus_JJ,MMJJ_RS05225
OG08165,beril_Methanococcus_S2,MMP_RS02800
OG08166,beril_Methanococcus_JJ,MMJJ_RS06660
OG08167,beril_Methanococcus_S2,MMP_RS00490
OG08168,beril_Methanococcus_S2,MMP_RS08265
OG08169,beril_Methanococcus_S2,MMP_RS03995
OG08170,beril_Methanococcus_S2,MMP_RS01915
OG08171,beril_Methanococcus_S2,MMP_RS03940
OG08172,beril_Methanococcus_S2,MMP_RS05610
OG08173,beril_Methanococcus_S2,MMP_RS02620
OG08174,beril_Methanococcus_S2,MMP_RS04145
OG08175,beril_Methanococcus_S2,MMP_RS08890
OG08176,beril_Methanococcus_S2,MMP_RS02605
OG08177,beril_Methanococcus_S2,MMP_RS04135
OG08178,beril_Methanococcus_S2,MMP_RS02460
OG08179,beril_Methanococcus_S2,MMP_RS02640
OG08180,beril_Methanococcus_S2,MMP_RS02600
OG08181,beril_Methanococcus_S2,MMP_RS01770
OG08240,beril_RalstoniaGMI1000,RS_RS19795
OG08245,beril_Dda3937,DDA3937_RS07705
OG08368,beril_HerbieS,HSERO_RS10600
OG08402,beril_RalstoniaBSBF1503,RALBFv3_RS17055
OG08410,beril_Dda3937,DDA3937_RS07680
OG08469,beril_Dda3937,DDA3937_RS08730
OG08490,beril_RalstoniaGMI1000,RS_RS10915
OG08513,beril_RalstoniaGMI1000,RS_RS08465
OG08548,beril_Dda3937,DDA3937_RS07700
OG08592,beril_Dda3937,DDA3937_RS07675
OG08613,beril_RalstoniaPSI07,RPSI07_RS13765
OG08620,beril_RalstoniaBSBF1503,RALBFv3_RS11470
OG08630,beril_RalstoniaGMI1000,RS_RS09255
OG08655,beril_Dda3937,DDA3937_RS07690
OG08665,beril_Dda3937,DDA3937_RS02100
OG08672,beril_RalstoniaGMI1000,RS_RS08495
OG08717,beril_RalstoniaPSI07,RPSI07_RS01080
OG08779,beril_HerbieS,HSERO_RS09945
OG08784,beril_RalstoniaGMI1000,RS_RS13125
OG08789,beril_RalstoniaBSBF1503,RALBFv3_RS11420
OG08807,beril_RalstoniaBSBF1503,RALBFv3_RS19180
OG08812,beril_RalstoniaPSI07,RPSI07_RS16425
OG08853,beril_Dda3937,DDA3937_RS02625
OG08866,beril_Dda3937,DDA3937_RS14000
OG08892,beril_Dda3937,DDA3937_RS07695
OG08911,beril_RalstoniaBSBF1503,RALBFv3_RS16860
OG08921,beril_RalstoniaBSBF1503,RALBFv3_RS03180
OG08928,beril_RalstoniaBSBF1503,RALBFv3_RS12535
OG08973,beril_RalstoniaPSI07,RPSI07_RS08660
OG08983,beril_Dda3937,DDA3937_RS04825
OG08992,beril_HerbieS,HSERO_RS06465
OG09038,beril_Dda3937,DDA3937_RS00585
OG09079,beril_HerbieS,HSERO_RS11930
OG09095,beril_RalstoniaPSI07,RPSI07_RS20170
OG09102,beril_HerbieS,HSERO_RS15055
OG09103,beril_RalstoniaPSI07,RPSI07_RS04215
OG09104,beril_RalstoniaBSBF1503,RALBFv3_RS09950
OG09107,beril_Dda3937,DDA3937_RS09315
OG09110,beril_RalstoniaPSI07,RPSI07_RS01760
OG09112,beril_RalstoniaGMI1000,RS_RS10820
OG09115,beril_RalstoniaPSI07,RPSI07_RS17845
OG09119,beril_Dda3937,DDA3937_RS20470
OG09120,beril_HerbieS,HSERO_RS21565
OG09125,beril_RalstoniaPSI07,RPSI07_RS19090
OG09126,beril_HerbieS,HSERO_RS16600
OG09128,beril_RalstoniaGMI1000,RS_RS19805
OG09130,beril_HerbieS,HSERO_RS04040
OG09137,beril_HerbieS,HSERO_RS15045
OG09139,beril_RalstoniaPSI07,RPSI07_RS23110
OG09145,beril_RalstoniaBSBF1503,RALBFv3_RS17645
OG09148,beril_RalstoniaPSI07,RPSI07_RS22595
OG09149,beril_RalstoniaGMI1000,RS_RS08575
OG09150,beril_RalstoniaBSBF1503,RALBFv3_RS15320
OG09151,beril_RalstoniaBSBF1503,RALBFv3_RS19280
OG09154,beril_RalstoniaBSBF1503,RALBFv3_RS21100
OG09155,beril_RalstoniaPSI07,RPSI07_RS22695
OG09157,beril_RalstoniaGMI1000,RS_RS24515
OG09162,beril_RalstoniaPSI07,RPSI07_RS22725
OG09178,beril_RalstoniaGMI1000,RS_RS03950
OG09179,beril_RalstoniaGMI1000,RS_RS01515
OG09187,beril_RalstoniaBSBF1503,RALBFv3_RS00360
OG09188,beril_RalstoniaPSI07,RPSI07_RS12855
OG09189,beril_RalstoniaBSBF1503,RALBFv3_RS16870
OG09194,beril_RalstoniaBSBF1503,RALBFv3_RS16855
OG09200,beril_RalstoniaPSI07,RPSI07_RS06015
OG09201,beril_RalstoniaBSBF1503,RALBFv3_RS13270
OG09203,beril_RalstoniaPSI07,RPSI07_RS22985
OG09205,beril_RalstoniaBSBF1503,RALBFv3_RS16375
OG09207,beril_RalstoniaPSI07,RPSI07_RS21620
OG09208,beril_RalstoniaBSBF1503,RALBFv3_RS08050
OG09211,beril_RalstoniaBSBF1503,RALBFv3_RS03060
OG09214,beril_RalstoniaGMI1000,RS_RS20035
OG09221,beril_RalstoniaGMI1000,RS_RS07640
OG09222,beril_RalstoniaBSBF1503,RALBFv3_RS13440
OG09223,beril_RalstoniaPSI07,RPSI07_RS08765
OG09225,beril_HerbieS,HSERO_RS13515
OG09228,beril_RalstoniaGMI1000,RS_RS23225
OG09229,beril_HerbieS,HSERO_RS10845
OG09236,beril_RalstoniaPSI07,RPSI07_RS21215
OG09240,beril_HerbieS,HSERO_RS15510
OG09244,beril_RalstoniaPSI07,RPSI07_RS17825
OG09249,beril_RalstoniaPSI07,RPSI07_RS11485
OG09252,beril_RalstoniaPSI07,RPSI07_RS01565
OG09254,beril_HerbieS,HSERO_RS07965
OG09261,beril_HerbieS,HSERO_RS14945
OG09262,beril_RalstoniaGMI1000,RS_RS21800
OG09263,beril_RalstoniaBSBF1503,RALBFv3_RS05975
OG09265,beril_RalstoniaGMI1000,RS_RS24265
OG09279,beril_RalstoniaBSBF1503,RALBFv3_RS15745
OG09280,beril_RalstoniaBSBF1503,RALBFv3_RS13935
OG09301,beril_RalstoniaPSI07,RPSI07_RS24705
OG09325,beril_RalstoniaBSBF1503,RALBFv3_RS09665
OG09353,beril_RalstoniaBSBF1503,RALBFv3_RS09425
OG09387,beril_Dda3937,DDA3937_RS10780
OG09395,beril_RalstoniaGMI1000,RS_RS09330
OG09416,beril_Dda3937,DDA3937_RS01830
OG09420,beril_RalstoniaGMI1000,RS_RS03165
OG09450,beril_RalstoniaPSI07,RPSI07_RS17620
OG09488,beril_Dda3937,DDA3937_RS17660
OG09504,beril_RalstoniaGMI1000,RS_RS01035
OG09533,beril_Dda3937,DDA3937_RS10205
OG09573,beril_RalstoniaGMI1000,RS_RS25700
OG09658,beril_Dda3937,DDA3937_RS20825
OG09690,beril_Dda3937,DDA3937_RS01485
OG09697,beril_HerbieS,HSERO_RS05240
OG09715,beril_Dda3937,DDA3937_RS08070
OG09719,beril_RalstoniaBSBF1503,RALBFv3_RS03200
OG09732,beril_Dda3937,DDA3937_RS14640
OG09803,beril_Dda3937,DDA3937_RS15630
OG09833,beril_RalstoniaGMI1000,RS_RS23585
OG09876,beril_RalstoniaGMI1000,RS_RS20615
OG09892,beril_Dda3937,DDA3937_RS17625
OG09902,beril_RalstoniaGMI1000,RS_RS01570
OG09949,beril_Dda3937,DDA3937_RS19490
OG09967,beril_Dda3937,DDA3937_RS04400
OG09972,beril_RalstoniaPSI07,RPSI07_RS04090
OG09984,beril_Dda3937,DDA3937_RS07950
OG10053,beril_Dda3937,DDA3937_RS20840
OG10129,beril_HerbieS,HSERO_RS22520
OG10158,beril_RalstoniaBSBF1503,RALBFv3_RS13085
OG10202,beril_RalstoniaPSI07,RPSI07_RS15765
OG10268,beril_HerbieS,HSERO_RS18775
OG10285,beril_Dda3937,DDA3937_RS17635
OG10336,beril_RalstoniaBSBF1503,RALBFv3_RS20350
OG10405,beril_RalstoniaPSI07,RPSI07_RS15040
OG10422,beril_Dda3937,DDA3937_RS20760
OG10423,beril_Dda3937,DDA3937_RS17715
OG10453,beril_Dda3937,DDA3937_RS20860
OG10455,beril_Dda3937,DDA3937_RS14835
OG10467,beril_HerbieS,HSERO_RS22740
OG10470,beril_RalstoniaPSI07,RPSI07_RS21080
OG10480,beril_RalstoniaBSBF1503,RALBFv3_RS19365
OG10481,beril_Dda3937,DDA3937_RS06920
OG10489,beril_HerbieS,HSERO_RS01025
OG10507,beril_HerbieS,HSERO_RS16015
OG10529,beril_RalstoniaPSI07,RPSI07_RS00775
OG10563,beril_RalstoniaBSBF1503,RALBFv3_RS10355
OG10567,beril_RalstoniaPSI07,RPSI07_RS19870
OG10572,beril_HerbieS,HSERO_RS04255
OG10576,beril_RalstoniaPSI07,RPSI07_RS01075
OG10584,beril_RalstoniaGMI1000,RS_RS05480
OG10592,beril_Dda3937,DDA3937_RS20845
OG10596,beril_RalstoniaPSI07,RPSI07_RS16810
OG10598,beril_Dda3937,DDA3937_RS20855
OG10626,beril_Dda3937,DDA3937_RS17450
OG10643,beril_HerbieS,HSERO_RS12110
OG10650,beril_RalstoniaBSBF1503,RALBFv3_RS21880
OG10653,beril_HerbieS,HSERO_RS04660
OG10665,beril_RalstoniaBSBF1503,RALBFv3_RS23050
OG10694,beril_RalstoniaGMI1000,RS_RS09195
OG10697,beril_Dda3937,DDA3937_RS20765
OG10702,beril_HerbieS,HSERO_RS22790
OG10718,beril_HerbieS,HSERO_RS01345
OG10727,beril_RalstoniaGMI1000,RS_RS17420
OG10735,beril_Dda3937,DDA3937_RS20800
OG10748,beril_RalstoniaGMI1000,RS_RS20455
OG10749,beril_Dda3937,DDA3937_RS11050
OG10770,beril_HerbieS,HSERO_RS05115
OG10779,beril_RalstoniaPSI07,RPSI07_RS20870
OG10780,beril_RalstoniaPSI07,RPSI07_RS11655
OG10799,beril_RalstoniaBSBF1503,RALBFv3_RS08430
OG10827,beril_RalstoniaGMI1000,RS_RS17425
OG10841,beril_Dda3937,DDA3937_RS20795
OG10850,beril_Dda3937,DDA3937_RS20785
OG10868,beril_RalstoniaGMI1000,RS_RS22470
OG10892,beril_RalstoniaPSI07,RPSI07_RS07930
OG10959,beril_RalstoniaBSBF1503,RALBFv3_RS04020
OG10962,beril_RalstoniaPSI07,RPSI07_RS07920
OG10965,beril_RalstoniaPSI07,RPSI07_RS07915
OG10968,beril_RalstoniaPSI07,RPSI07_RS07925
OG10982,beril_RalstoniaPSI07,RPSI07_RS07360
OG11067,beril_RalstoniaGMI1000,RS_RS05095
OG11103,beril_RalstoniaGMI1000,RS_RS19210
OG11117,beril_RalstoniaBSBF1503,RALBFv3_RS12555
OG11124,beril_Dda3937,DDA3937_RS02070
OG11138,beril_RalstoniaBSBF1503,RALBFv3_RS00755
OG11164,beril_RalstoniaGMI1000,RS_RS17970
OG11172,beril_RalstoniaPSI07,RPSI07_RS06315
OG11182,beril_RalstoniaPSI07,RPSI07_RS13060
OG11192,beril_RalstoniaGMI1000,RS_RS23425
OG11195,beril_RalstoniaPSI07,RPSI07_RS07725
OG11205,beril_Dda3937,DDA3937_RS15015
OG11207,beril_RalstoniaBSBF1503,RALBFv3_RS22700
OG11223,beril_HerbieS,HSERO_RS09565
OG11229,beril_RalstoniaPSI07,RPSI07_RS01070
OG11244,beril_RalstoniaGMI1000,RS_RS13085
OG11250,beril_RalstoniaBSBF1503,RALBFv3_RS07925
OG11271,beril_HerbieS,HSERO_RS16745
OG11275,beril_RalstoniaGMI1000,RS_RS17470
OG11279,beril_HerbieS,HSERO_RS23040
OG11282,beril_RalstoniaGMI1000,RS_RS17485
OG11287,beril_RalstoniaBSBF1503,RALBFv3_RS22705
OG11291,beril_RalstoniaBSBF1503,RALBFv3_RS16985
OG11298,beril_RalstoniaPSI07,RPSI07_RS21830
OG11299,beril_RalstoniaPSI07,RPSI07_RS05865
OG11301,beril_Dda3937,DDA3937_RS00220
OG11312,beril_RalstoniaBSBF1503,RALBFv3_RS12410
OG11316,beril_HerbieS,HSERO_RS22705
OG11322,beril_HerbieS,HSERO_RS05585
OG11326,beril_RalstoniaPSI07,RPSI07_RS05225
OG11331,beril_RalstoniaPSI07,RPSI07_RS12285
OG11339,beril_Dda3937,DDA3937_RS13670
OG11341,beril_HerbieS,HSERO_RS17515
OG11342,beril_HerbieS,HSERO_RS02310
OG11358,beril_RalstoniaBSBF1503,RALBFv3_RS16605
OG11367,beril_RalstoniaGMI1000,RS_RS17835
OG11425,beril_HerbieS,HSERO_RS15160
OG11428,beril_RalstoniaBSBF1503,RALBFv3_RS04100
OG11441,beril_RalstoniaPSI07,RPSI07_RS00410
OG11443,beril_Dda3937,DDA3937_RS11160
OG11477,beril_RalstoniaBSBF1503,RALBFv3_RS21050
OG11485,beril_RalstoniaPSI07,RPSI07_RS01645
OG11486,beril_RalstoniaPSI07,RPSI07_RS00505
OG11489,beril_HerbieS,HSERO_RS21950
OG11496,beril_HerbieS,HSERO_RS13320
OG11539,beril_RalstoniaBSBF1503,RALBFv3_RS04090
OG11578,beril_RalstoniaBSBF1503,RALBFv3_RS24530
OG11584,beril_RalstoniaGMI1000,RS_RS03345
OG11603,beril_RalstoniaBSBF1503,RALBFv3_RS22945
OG11625,beril_Dda3937,DDA3937_RS13685
OG11627,beril_RalstoniaPSI07,RPSI07_RS00115
OG11631,beril_RalstoniaGMI1000,RS_RS22605
OG11633,beril_Dda3937,DDA3937_RS18885
OG11637,beril_Dda3937,DDA3937_RS08965
OG11648,beril_RalstoniaBSBF1503,RALBFv3_RS23295
OG11656,beril_RalstoniaGMI1000,RS_RS11585
OG11657,beril_RalstoniaGMI1000,RS_RS25825
OG11664,beril_RalstoniaBSBF1503,RALBFv3_RS18875
OG11666,beril_RalstoniaGMI1000,RS_RS19275
OG11673,beril_RalstoniaBSBF1503,RALBFv3_RS04085
OG11675,beril_Dda3937,DDA3937_RS14685
OG11721,beril_Dda3937,DDA3937_RS00620
OG11725,beril_Dda3937,DDA3937_RS05990
OG11744,beril_RalstoniaBSBF1503,RALBFv3_RS24230
OG11747,beril_RalstoniaGMI1000,RS_RS17480
OG11767,beril_RalstoniaBSBF1503,RALBFv3_RS18770
OG11777,beril_Dda3937,DDA3937_RS00265
OG11779,beril_RalstoniaBSBF1503,RALBFv3_RS04025
OG11780,beril_RalstoniaBSBF1503,RALBFv3_RS22710
OG11787,beril_Dda3937,DDA3937_RS10715
OG11788,beril_RalstoniaBSBF1503,RALBFv3_RS11980
OG11794,beril_RalstoniaGMI1000,RS_RS17010
OG11805,beril_Dda3937,DDA3937_RS16155
OG11818,beril_Dda3937,DDA3937_RS17555
OG11819,beril_Dda3937,DDA3937_RS21875
OG11824,beril_RalstoniaPSI07,RPSI07_RS22050
OG11833,beril_Dda3937,DDA3937_RS03895
OG11837,beril_Dda3937,DDA3937_RS09245
OG11838,beril_HerbieS,HSERO_RS22780
OG11847,beril_Dda3937,DDA3937_RS17470
OG11849,beril_RalstoniaGMI1000,RS_RS12970
OG11855,beril_HerbieS,HSERO_RS12780
OG11858,beril_RalstoniaGMI1000,RS_RS03055
OG11859,beril_RalstoniaGMI1000,RS_RS01245
OG11860,beril_RalstoniaGMI1000,RS_RS13080
OG11869,beril_RalstoniaGMI1000,RS_RS13055
OG11876,beril_RalstoniaPSI07,RPSI07_RS08040
OG11881,beril_RalstoniaGMI1000,RS_RS12950
OG11885,beril_RalstoniaGMI1000,RS_RS12930
OG11886,beril_RalstoniaPSI07,RPSI07_RS24425
OG11888,beril_HerbieS,HSERO_RS14055
OG11891,beril_HerbieS,HSERO_RS09630
OG11904,beril_RalstoniaGMI1000,RS_RS13690
OG11911,beril_Dda3937,DDA3937_RS02285
OG11912,beril_RalstoniaGMI1000,RS_RS18760
OG11916,beril_RalstoniaBSBF1503,RALBFv3_RS24580
OG11918,beril_HerbieS,HSERO_RS16455
OG11925,beril_HerbieS,HSERO_RS00205
OG11926,beril_RalstoniaBSBF1503,RALBFv3_RS07485
OG11928,beril_RalstoniaGMI1000,RS_RS22440
OG11930,beril_RalstoniaGMI1000,RS_RS13985
OG11932,beril_HerbieS,HSERO_RS20530
OG11938,beril_HerbieS,HSERO_RS11625
OG11950,beril_RalstoniaGMI1000,RS_RS17245
OG11952,beril_RalstoniaGMI1000,RS_RS02905
OG11953,beril_RalstoniaGMI1000,RS_RS15500
OG11956,beril_RalstoniaPSI07,RPSI07_RS17200
OG11957,beril_RalstoniaBSBF1503,RALBFv3_RS19460
OG11973,beril_HerbieS,HSERO_RS14720
OG11984,beril_HerbieS,HSERO_RS05575
OG11988,beril_RalstoniaBSBF1503,RALBFv3_RS09750
OG11990,beril_HerbieS,HSERO_RS02065
OG11991,beril_RalstoniaGMI1000,RS_RS21535
OG12003,beril_RalstoniaPSI07,RPSI07_RS08685
OG12005,beril_Dda3937,DDA3937_RS15045
OG12006,beril_RalstoniaBSBF1503,RALBFv3_RS16830
OG12007,beril_RalstoniaBSBF1503,RALBFv3_RS18545
OG12020,beril_RalstoniaPSI07,RPSI07_RS01620
OG12024,beril_RalstoniaBSBF1503,RALBFv3_RS16660
OG12033,beril_HerbieS,HSERO_RS05555
OG12035,beril_RalstoniaPSI07,RPSI07_RS09555
OG12042,beril_Dda3937,DDA3937_RS04695
OG12043,beril_RalstoniaGMI1000,RS_RS03555
OG12045,beril_RalstoniaGMI1000,RS_RS06595
OG12053,beril_RalstoniaPSI07,RPSI07_RS00660
OG12068,beril_HerbieS,HSERO_RS00340
OG12085,beril_RalstoniaGMI1000,RS_RS16910
OG12096,beril_RalstoniaGMI1000,RS_RS07780
OG12101,beril_RalstoniaPSI07,RPSI07_RS15445
OG12104,beril_HerbieS,HSERO_RS12480
OG12113,beril_RalstoniaBSBF1503,RALBFv3_RS20630
OG12118,beril_RalstoniaPSI07,RPSI07_RS05065
OG12126,beril_RalstoniaBSBF1503,RALBFv3_RS18035
OG12133,beril_Dda3937,DDA3937_RS13860
OG12138,beril_Dda3937,DDA3937_RS04840
OG12141,beril_RalstoniaBSBF1503,RALBFv3_RS18480
OG12146,beril_RalstoniaPSI07,RPSI07_RS23325
OG12155,beril_RalstoniaBSBF1503,RALBFv3_RS09520
OG12169,beril_RalstoniaBSBF1503,RALBFv3_RS16575
OG12170,beril_RalstoniaPSI07,RPSI07_RS15810
OG12171,beril_RalstoniaBSBF1503,RALBFv3_RS18485
OG12179,beril_RalstoniaPSI07,RPSI07_RS06930
OG12183,beril_RalstoniaPSI07,RPSI07_RS18150
OG12186,beril_RalstoniaBSBF1503,RALBFv3_RS13045
OG12187,beril_RalstoniaGMI1000,RS_RS02715
OG12192,beril_RalstoniaPSI07,RPSI07_RS20750
OG12193,beril_RalstoniaGMI1000,RS_RS11455
OG12208,beril_RalstoniaBSBF1503,RALBFv3_RS11845
OG12213,beril_RalstoniaBSBF1503,RALBFv3_RS06555
OG12233,beril_RalstoniaPSI07,RPSI07_RS00950
OG12237,beril_RalstoniaGMI1000,RS_RS12660
OG12240,beril_RalstoniaPSI07,RPSI07_RS07745
OG12241,beril_RalstoniaGMI1000,RS_RS10125
OG12245,beril_RalstoniaGMI1000,RS_RS19720
OG12247,beril_RalstoniaGMI1000,RS_RS11030
OG12255,beril_RalstoniaBSBF1503,RALBFv3_RS06310
OG12256,beril_RalstoniaPSI07,RPSI07_RS09535
OG12261,beril_Dda3937,DDA3937_RS13680
OG12266,beril_RalstoniaPSI07,RPSI07_RS18900
OG12271,beril_RalstoniaPSI07,RPSI07_RS16315
OG12272,beril_RalstoniaBSBF1503,RALBFv3_RS19255
OG12276,beril_RalstoniaGMI1000,RS_RS21520
OG12278,beril_RalstoniaBSBF1503,RALBFv3_RS23310
OG12279,beril_Dda3937,DDA3937_RS21885
OG12288,beril_HerbieS,HSERO_RS06870
OG12292,beril_RalstoniaBSBF1503,RALBFv3_RS13675
OG12293,beril_RalstoniaPSI07,RPSI07_RS08430
OG12296,beril_RalstoniaBSBF1503,RALBFv3_RS01735
OG12298,beril_RalstoniaGMI1000,RS_RS09305
OG12304,beril_RalstoniaPSI07,RPSI07_RS06570
OG12306,beril_HerbieS,HSERO_RS17725
OG12323,beril_RalstoniaGMI1000,RS_RS07590
OG12330,beril_RalstoniaBSBF1503,RALBFv3_RS23145
OG12333,beril_RalstoniaBSBF1503,RALBFv3_RS06510
OG12334,beril_RalstoniaPSI07,RPSI07_RS06485
OG12342,beril_RalstoniaPSI07,RPSI07_RS01260
OG12353,beril_RalstoniaGMI1000,RS_RS12530
OG12366,beril_RalstoniaGMI1000,RS_RS21525
OG12370,beril_RalstoniaPSI07,RPSI07_RS08110
OG12387,beril_RalstoniaPSI07,RPSI07_RS13470
OG12399,beril_RalstoniaBSBF1503,RALBFv3_RS07975
OG12401,beril_RalstoniaBSBF1503,RALBFv3_RS19185
OG12402,beril_RalstoniaPSI07,RPSI07_RS15385
OG12405,beril_RalstoniaBSBF1503,RALBFv3_RS17640
OG12408,beril_Dda3937,DDA3937_RS08750
OG12409,beril_RalstoniaBSBF1503,RALBFv3_RS14350
OG12413,beril_RalstoniaBSBF1503,RALBFv3_RS06625
OG12415,beril_RalstoniaBSBF1503,RALBFv3_RS20265
OG12420,beril_RalstoniaBSBF1503,RALBFv3_RS18540
OG12421,beril_RalstoniaPSI07,RPSI07_RS02915
OG12428,beril_HerbieS,HSERO_RS16175
OG12433,beril_Dda3937,DDA3937_RS03935
OG12435,beril_RalstoniaPSI07,RPSI07_RS02460
OG12436,beril_RalstoniaGMI1000,RS_RS01470
OG12437,beril_RalstoniaBSBF1503,RALBFv3_RS09205
OG12441,beril_RalstoniaPSI07,RPSI07_RS04885
OG12442,beril_RalstoniaPSI07,RPSI07_RS20020
OG12451,beril_RalstoniaGMI1000,RS_RS08460
OG12457,beril_RalstoniaPSI07,RPSI07_RS13280
OG12462,beril_RalstoniaBSBF1503,RALBFv3_RS07495
OG12480,beril_RalstoniaBSBF1503,RALBFv3_RS13750
OG12484,beril_RalstoniaBSBF1503,RALBFv3_RS12795
OG12496,beril_HerbieS,HSERO_RS06760
OG12501,beril_RalstoniaBSBF1503,RALBFv3_RS17100
OG12514,beril_RalstoniaPSI07,RPSI07_RS20265
OG12523,beril_HerbieS,HSERO_RS11105
OG12526,beril_RalstoniaPSI07,RPSI07_RS02455
OG12529,beril_RalstoniaGMI1000,RS_RS02120
OG12541,beril_RalstoniaBSBF1503,RALBFv3_RS10220
OG12542,beril_Dda3937,DDA3937_RS21170
OG12545,beril_HerbieS,HSERO_RS03310
OG12551,beril_RalstoniaGMI1000,RS_RS01090
OG12552,beril_Dda3937,DDA3937_RS12075
OG12553,beril_Dda3937,DDA3937_RS16390
OG12554,beril_HerbieS,HSERO_RS08135
OG12558,beril_RalstoniaGMI1000,RS_RS08530
OG12559,beril_RalstoniaBSBF1503,RALBFv3_RS23165
OG12569,beril_RalstoniaGMI1000,RS_RS00945
OG12574,beril_RalstoniaBSBF1503,RALBFv3_RS01540
OG12576,beril_RalstoniaBSBF1503,RALBFv3_RS09460
OG12579,beril_RalstoniaBSBF1503,RALBFv3_RS07245
OG12589,beril_HerbieS,HSERO_RS21395
OG12590,beril_RalstoniaPSI07,RPSI07_RS08715
OG12592,beril_RalstoniaGMI1000,RS_RS00840
OG12594,beril_RalstoniaPSI07,RPSI07_RS09315
OG12597,beril_RalstoniaGMI1000,RS_RS13685
OG12612,beril_RalstoniaBSBF1503,RALBFv3_RS06120
OG12614,beril_RalstoniaBSBF1503,RALBFv3_RS01405
OG12623,beril_RalstoniaBSBF1503,RALBFv3_RS10585
OG12624,beril_RalstoniaGMI1000,RS_RS22330
OG12628,beril_RalstoniaPSI07,RPSI07_RS22730
OG12642,beril_RalstoniaBSBF1503,RALBFv3_RS00660
OG12643,beril_RalstoniaGMI1000,RS_RS17490
OG12649,beril_RalstoniaPSI07,RPSI07_RS20900
OG12652,beril_RalstoniaGMI1000,RS_RS22170
OG12663,beril_RalstoniaGMI1000,RS_RS20785
OG12665,beril_RalstoniaBSBF1503,RALBFv3_RS10005
OG12666,beril_RalstoniaPSI07,RPSI07_RS06935
OG12668,beril_RalstoniaGMI1000,RS_RS18785
OG12675,beril_Dda3937,DDA3937_RS01970
OG12678,beril_RalstoniaBSBF1503,RALBFv3_RS23625
OG12683,beril_RalstoniaGMI1000,RS_RS22515
OG12691,beril_RalstoniaPSI07,RPSI07_RS09710
OG12698,beril_RalstoniaPSI07,RPSI07_RS05760
OG12734,beril_HerbieS,HSERO_RS21210
OG12735,beril_HerbieS,HSERO_RS06750
OG12737,beril_RalstoniaBSBF1503,RALBFv3_RS05890
OG12745,beril_RalstoniaPSI07,RPSI07_RS07755
OG12748,beril_RalstoniaBSBF1503,RALBFv3_RS01970
OG12751,beril_RalstoniaPSI07,RPSI07_RS09670
OG12755,beril_RalstoniaPSI07,RPSI07_RS05190
OG12759,beril_RalstoniaGMI1000,RS_RS20860
OG12766,beril_HerbieS,HSERO_RS21200
OG12778,beril_RalstoniaPSI07,RPSI07_RS03915
OG12780,beril_RalstoniaGMI1000,RS_RS22345
OG12784,beril_RalstoniaPSI07,RPSI07_RS13110
OG12785,beril_RalstoniaBSBF1503,RALBFv3_RS21405
OG12786,beril_RalstoniaGMI1000,RS_RS15170
OG12789,beril_RalstoniaBSBF1503,RALBFv3_RS13215
OG12800,beril_RalstoniaPSI07,RPSI07_RS23055
OG12817,beril_RalstoniaBSBF1503,RALBFv3_RS18495
OG12823,beril_RalstoniaPSI07,RPSI07_RS17195
OG12831,beril_RalstoniaPSI07,RPSI07_RS10680
OG12833,beril_RalstoniaPSI07,RPSI07_RS02450
OG12845,beril_RalstoniaBSBF1503,RALBFv3_RS19715
OG12847,beril_HerbieS,HSERO_RS12365
OG12852,beril_RalstoniaGMI1000,RS_RS24895
OG12860,beril_RalstoniaBSBF1503,RALBFv3_RS17115
OG12869,beril_RalstoniaPSI07,RPSI07_RS09620
OG12876,beril_HerbieS,HSERO_RS08765
OG12887,beril_HerbieS,HSERO_RS22610
OG12892,beril_RalstoniaPSI07,RPSI07_RS14635
OG12894,beril_RalstoniaPSI07,RPSI07_RS04270
OG12895,beril_RalstoniaGMI1000,RS_RS14965
OG12897,beril_Dda3937,DDA3937_RS03350
OG12898,beril_Dda3937,DDA3937_RS11565
OG12902,beril_RalstoniaGMI1000,RS_RS13700
OG12905,beril_HerbieS,HSERO_RS01705
OG12909,beril_RalstoniaBSBF1503,RALBFv3_RS07735
OG12910,beril_RalstoniaGMI1000,RS_RS13510
OG12928,beril_Dda3937,DDA3937_RS16330
OG12929,beril_HerbieS,HSERO_RS05730
OG12932,beril_RalstoniaPSI07,RPSI07_RS06125
OG12964,beril_HerbieS,HSERO_RS01285
OG12966,beril_RalstoniaPSI07,RPSI07_RS13245
OG12967,beril_RalstoniaBSBF1503,RALBFv3_RS22435
OG12973,beril_HerbieS,HSERO_RS11115
OG12974,beril_HerbieS,HSERO_RS10490
OG12975,beril_RalstoniaGMI1000,RS_RS18860
OG12982,beril_Dda3937,DDA3937_RS15025
OG12987,beril_HerbieS,HSERO_RS20675
OG12991,beril_RalstoniaBSBF1503,RALBFv3_RS07550
OG12992,beril_RalstoniaGMI1000,RS_RS17440
OG12998,beril_RalstoniaPSI07,RPSI07_RS21025
OG13000,beril_RalstoniaGMI1000,RS_RS06965
OG13005,beril_RalstoniaBSBF1503,RALBFv3_RS13260
OG13010,beril_RalstoniaGMI1000,RS_RS12055
OG13016,beril_RalstoniaBSBF1503,RALBFv3_RS09015
OG13037,beril_RalstoniaPSI07,RPSI07_RS09530
OG13093,beril_RalstoniaBSBF1503,RALBFv3_RS20230
OG13102,beril_Dda3937,DDA3937_RS13320
OG13117,beril_Dda3937,DDA3937_RS21215
OG13122,beril_Dda3937,DDA3937_RS00565
OG13130,beril_HerbieS,HSERO_RS10005
OG13137,beril_RalstoniaGMI1000,RS_RS08360
OG13152,beril_RalstoniaPSI07,RPSI07_RS10630
OG13178,beril_Dda3937,DDA3937_RS09860
OG13195,beril_Dda3937,DDA3937_RS11955
OG13197,beril_RalstoniaBSBF1503,RALBFv3_RS09375
OG13198,beril_Dda3937,DDA3937_RS02030
OG13205,beril_HerbieS,HSERO_RS22540
OG13207,beril_RalstoniaPSI07,RPSI07_RS08045
OG13209,beril_RalstoniaGMI1000,RS_RS21005
OG13212,beril_HerbieS,HSERO_RS14610
OG13213,beril_RalstoniaBSBF1503,RALBFv3_RS02795
OG13214,beril_HerbieS,HSERO_RS23140
OG13215,beril_Dda3937,DDA3937_RS16325
OG13217,beril_RalstoniaBSBF1503,RALBFv3_RS13670
OG13219,beril_RalstoniaGMI1000,RS_RS04430
OG13222,beril_RalstoniaPSI07,RPSI07_RS23335
OG13223,beril_RalstoniaPSI07,RPSI07_RS09760
OG13225,beril_RalstoniaGMI1000,RS_RS21230
OG13226,beril_RalstoniaPSI07,RPSI07_RS05755
OG13228,beril_RalstoniaBSBF1503,RALBFv3_RS22920
OG13229,beril_RalstoniaBSBF1503,RALBFv3_RS19510
OG13230,beril_RalstoniaGMI1000,RS_RS20535
OG13231,beril_Dda3937,DDA3937_RS08980
OG13236,beril_RalstoniaBSBF1503,RALBFv3_RS19570
OG13243,beril_RalstoniaBSBF1503,RALBFv3_RS15240
OG13247,beril_RalstoniaPSI07,RPSI07_RS03130
OG13252,beril_RalstoniaBSBF1503,RALBFv3_RS22740
OG13257,beril_RalstoniaGMI1000,RS_RS21680
OG13263,beril_RalstoniaPSI07,RPSI07_RS20780
OG13278,beril_RalstoniaPSI07,RPSI07_RS09155
OG13280,beril_RalstoniaBSBF1503,RALBFv3_RS23970
OG13281,beril_RalstoniaBSBF1503,RALBFv3_RS07350
OG13290,beril_RalstoniaPSI07,RPSI07_RS03600
OG13293,beril_RalstoniaGMI1000,RS_RS03195
OG13295,beril_RalstoniaPSI07,RPSI07_RS09655
OG13298,beril_Dda3937,DDA3937_RS03340
OG13299,beril_RalstoniaBSBF1503,RALBFv3_RS09920
OG13307,beril_RalstoniaGMI1000,RS_RS13215
OG13308,beril_RalstoniaPSI07,RPSI07_RS05960
OG13310,beril_RalstoniaGMI1000,RS_RS23700
OG13313,beril_HerbieS,HSERO_RS20100
OG13315,beril_HerbieS,HSERO_RS01460
OG13318,beril_RalstoniaPSI07,RPSI07_RS15740
OG13320,beril_RalstoniaGMI1000,RS_RS08290
OG13326,beril_RalstoniaPSI07,RPSI07_RS20775
OG13347,beril_RalstoniaGMI1000,RS_RS18170
OG13350,beril_RalstoniaBSBF1503,RALBFv3_RS14140
OG13356,beril_Dda3937,DDA3937_RS21185
OG13367,beril_Dda3937,DDA3937_RS02525
OG13373,beril_RalstoniaPSI07,RPSI07_RS06040
OG13375,beril_Dda3937,DDA3937_RS09275
OG13378,beril_RalstoniaBSBF1503,RALBFv3_RS17340
OG13404,beril_RalstoniaGMI1000,RS_RS13010
OG13405,beril_RalstoniaBSBF1503,RALBFv3_RS22985
OG13406,beril_RalstoniaPSI07,RPSI07_RS13315
OG13418,beril_RalstoniaBSBF1503,RALBFv3_RS22645
OG13419,beril_Dda3937,DDA3937_RS17685
OG13421,beril_Dda3937,DDA3937_RS02120
OG13422,beril_RalstoniaGMI1000,RS_RS18115
OG13426,beril_RalstoniaBSBF1503,RALBFv3_RS04035
OG13429,beril_Dda3937,DDA3937_RS18185
OG13440,beril_HerbieS,HSERO_RS23865
OG13442,beril_Dda3937,DDA3937_RS07945
OG13451,beril_RalstoniaPSI07,RPSI07_RS08790
OG13452,beril_RalstoniaBSBF1503,RALBFv3_RS23140
OG13453,beril_RalstoniaGMI1000,RS_RS17050
OG13454,beril_RalstoniaBSBF1503,RALBFv3_RS18460
OG13456,beril_RalstoniaPSI07,RPSI07_RS15440
OG13457,beril_RalstoniaGMI1000,RS_RS16605
OG13459,beril_RalstoniaGMI1000,RS_RS09620
OG13463,beril_RalstoniaPSI07,RPSI07_RS04120
OG13465,beril_RalstoniaGMI1000,RS_RS09915
OG13469,beril_RalstoniaGMI1000,RS_RS12330
OG13470,beril_RalstoniaGMI1000,RS_RS23610
OG13473,beril_RalstoniaBSBF1503,RALBFv3_RS10810
OG13474,beril_RalstoniaGMI1000,RS_RS09615
OG13475,beril_RalstoniaBSBF1503,RALBFv3_RS15175
OG13483,beril_RalstoniaBSBF1503,RALBFv3_RS02315
OG13486,beril_RalstoniaBSBF1503,RALBFv3_RS04150
OG13487,beril_RalstoniaPSI07,RPSI07_RS11175
OG13488,beril_HerbieS,HSERO_RS07905
OG13492,beril_RalstoniaBSBF1503,RALBFv3_RS15640
OG13495,beril_RalstoniaBSBF1503,RALBFv3_RS14130
OG13496,beril_RalstoniaPSI07,RPSI07_RS06540
OG13497,beril_HerbieS,HSERO_RS00330
OG13498,beril_RalstoniaPSI07,RPSI07_RS06555
OG13499,beril_RalstoniaPSI07,RPSI07_RS04435
OG13501,beril_RalstoniaPSI07,RPSI07_RS00020
OG13505,beril_Dda3937,DDA3937_RS02485
OG13506,beril_RalstoniaPSI07,RPSI07_RS20025
OG13508,beril_RalstoniaGMI1000,RS_RS03605
OG13509,beril_RalstoniaPSI07,RPSI07_RS19445
OG13510,beril_RalstoniaGMI1000,RS_RS10085
OG13511,beril_RalstoniaBSBF1503,RALBFv3_RS01085
OG13512,beril_RalstoniaGMI1000,RS_RS02940
OG13513,beril_RalstoniaBSBF1503,RALBFv3_RS20465
OG13514,beril_RalstoniaPSI07,RPSI07_RS11510
OG13517,beril_RalstoniaBSBF1503,RALBFv3_RS04005
OG13518,beril_RalstoniaBSBF1503,RALBFv3_RS05435
OG13521,beril_RalstoniaPSI07,RPSI07_RS17805
OG13522,beril_RalstoniaPSI07,RPSI07_RS08525
OG13523,beril_RalstoniaBSBF1503,RALBFv3_RS13000
OG13525,beril_RalstoniaGMI1000,RS_RS11360
OG13526,beril_RalstoniaBSBF1503,RALBFv3_RS12845
OG13528,beril_HerbieS,HSERO_RS17310
OG13530,beril_RalstoniaGMI1000,RS_RS20520
OG13532,beril_RalstoniaPSI07,RPSI07_RS21330
OG13533,beril_RalstoniaBSBF1503,RALBFv3_RS14850
OG13535,beril_RalstoniaGMI1000,RS_RS09730
OG13536,beril_RalstoniaBSBF1503,RALBFv3_RS24300
OG13537,beril_RalstoniaGMI1000,RS_RS08010
OG13538,beril_RalstoniaPSI07,RPSI07_RS09305
OG13539,beril_RalstoniaGMI1000,RS_RS20980
OG13540,beril_RalstoniaPSI07,RPSI07_RS18745
OG13543,beril_RalstoniaGMI1000,RS_RS03470
OG13544,beril_RalstoniaPSI07,RPSI07_RS19185
OG13547,beril_RalstoniaGMI1000,RS_RS16460
OG13549,beril_RalstoniaGMI1000,RS_RS09265
OG13550,beril_RalstoniaBSBF1503,RALBFv3_RS03300
OG13552,beril_RalstoniaPSI07,RPSI07_RS08500
OG13553,beril_RalstoniaPSI07,RPSI07_RS20835
OG13555,beril_RalstoniaPSI07,RPSI07_RS05305
OG13559,beril_RalstoniaBSBF1503,RALBFv3_RS21010
OG13560,beril_RalstoniaPSI07,RPSI07_RS07220
OG13561,beril_RalstoniaPSI07,RPSI07_RS24040
OG13562,beril_RalstoniaBSBF1503,RALBFv3_RS08450
OG13564,beril_RalstoniaPSI07,RPSI07_RS09140
OG13565,beril_RalstoniaGMI1000,RS_RS21895
OG13568,beril_Dda3937,DDA3937_RS09215
OG13570,beril_RalstoniaGMI1000,RS_RS25480
OG13571,beril_RalstoniaPSI07,RPSI07_RS12295
OG13572,beril_RalstoniaGMI1000,RS_RS03380
OG13576,beril_RalstoniaPSI07,RPSI07_RS15825
OG13579,beril_RalstoniaGMI1000,RS_RS02315
OG13581,beril_RalstoniaGMI1000,RS_RS15855
OG13582,beril_RalstoniaGMI1000,RS_RS09430
OG13583,beril_RalstoniaPSI07,RPSI07_RS01580
OG13584,beril_RalstoniaGMI1000,RS_RS12440
OG13586,beril_HerbieS,HSERO_RS16855
OG13589,beril_RalstoniaBSBF1503,RALBFv3_RS19170
OG13590,beril_RalstoniaPSI07,RPSI07_RS10655
OG13592,beril_HerbieS,HSERO_RS01245
OG13595,beril_RalstoniaPSI07,RPSI07_RS20385
OG13596,beril_RalstoniaPSI07,RPSI07_RS12415
OG13597,beril_RalstoniaPSI07,RPSI07_RS00945
OG13600,beril_RalstoniaPSI07,RPSI07_RS13125
OG13601,beril_RalstoniaBSBF1503,RALBFv3_RS17860
OG13603,beril_RalstoniaPSI07,RPSI07_RS13895
OG13605,beril_RalstoniaGMI1000,RS_RS12525
OG13606,beril_RalstoniaPSI07,RPSI07_RS08785
OG13608,beril_RalstoniaGMI1000,RS_RS25040
OG13611,beril_RalstoniaGMI1000,RS_RS23095
OG13612,beril_RalstoniaBSBF1503,RALBFv3_RS09025
OG13613,beril_RalstoniaBSBF1503,RALBFv3_RS04630
OG13614,beril_RalstoniaBSBF1503,RALBFv3_RS01765
OG13615,beril_RalstoniaGMI1000,RS_RS09395
OG13619,beril_RalstoniaGMI1000,RS_RS21890
OG13624,beril_RalstoniaGMI1000,RS_RS13525
OG13627,beril_RalstoniaBSBF1503,RALBFv3_RS09590
OG13629,beril_RalstoniaGMI1000,RS_RS09600
OG13630,beril_RalstoniaGMI1000,RS_RS06425
OG13633,beril_RalstoniaBSBF1503,RALBFv3_RS05540
OG13634,beril_RalstoniaPSI07,RPSI07_RS07185
OG13635,beril_RalstoniaGMI1000,RS_RS02075
OG13637,beril_RalstoniaPSI07,RPSI07_RS20795
OG13640,beril_RalstoniaPSI07,RPSI07_RS09145
OG13642,beril_RalstoniaBSBF1503,RALBFv3_RS11900
OG13646,beril_RalstoniaBSBF1503,RALBFv3_RS04265
OG13648,beril_RalstoniaGMI1000,RS_RS09720
OG13651,beril_RalstoniaBSBF1503,RALBFv3_RS19160
OG13652,beril_RalstoniaGMI1000,RS_RS15590
OG13653,beril_Dda3937,DDA3937_RS12375
OG13655,beril_RalstoniaGMI1000,RS_RS02635
OG13656,beril_RalstoniaPSI07,RPSI07_RS01575
OG13657,beril_RalstoniaBSBF1503,RALBFv3_RS07510
OG13658,beril_RalstoniaGMI1000,RS_RS25005
OG13659,beril_RalstoniaBSBF1503,RALBFv3_RS08640
OG13660,beril_RalstoniaPSI07,RPSI07_RS15395
OG13663,beril_RalstoniaGMI1000,RS_RS11615
OG13664,beril_RalstoniaGMI1000,RS_RS17200
OG13665,beril_RalstoniaBSBF1503,RALBFv3_RS04355
OG13669,beril_RalstoniaGMI1000,RS_RS10955
OG13670,beril_RalstoniaBSBF1503,RALBFv3_RS12485
OG13672,beril_RalstoniaPSI07,RPSI07_RS08290
OG13674,beril_HerbieS,HSERO_RS23525
OG13675,beril_RalstoniaBSBF1503,RALBFv3_RS18820
OG13679,beril_RalstoniaBSBF1503,RALBFv3_RS20995
OG13680,beril_RalstoniaBSBF1503,RALBFv3_RS18470
OG13688,beril_RalstoniaGMI1000,RS_RS09595
OG13689,beril_RalstoniaGMI1000,RS_RS08345
OG13690,beril_RalstoniaBSBF1503,RALBFv3_RS16370
OG13691,beril_RalstoniaGMI1000,RS_RS12445
OG13693,beril_RalstoniaBSBF1503,RALBFv3_RS00310
OG13694,beril_RalstoniaGMI1000,RS_RS09385
OG13695,beril_HerbieS,HSERO_RS13140
OG13698,beril_RalstoniaBSBF1503,RALBFv3_RS09695
OG13700,beril_RalstoniaPSI07,RPSI07_RS06775
OG13703,beril_RalstoniaGMI1000,RS_RS13750
OG13705,beril_RalstoniaBSBF1503,RALBFv3_RS08445
OG13707,beril_RalstoniaGMI1000,RS_RS25505
OG13708,beril_Dda3937,DDA3937_RS03170
OG13710,beril_RalstoniaPSI07,RPSI07_RS10615
OG13711,beril_RalstoniaGMI1000,RS_RS23150
OG13714,beril_RalstoniaGMI1000,RS_RS01270
OG13715,beril_RalstoniaPSI07,RPSI07_RS21425
OG13716,beril_RalstoniaBSBF1503,RALBFv3_RS16505
OG13717,beril_RalstoniaPSI07,RPSI07_RS09675
OG13718,beril_RalstoniaGMI1000,RS_RS14850
OG13719,beril_RalstoniaPSI07,RPSI07_RS01130
OG13720,beril_RalstoniaBSBF1503,RALBFv3_RS11370
OG13721,beril_RalstoniaBSBF1503,RALBFv3_RS06690
OG13722,beril_RalstoniaPSI07,RPSI07_RS02175
OG13723,beril_RalstoniaPSI07,RPSI07_RS04115
OG13724,beril_RalstoniaGMI1000,RS_RS23615
OG13727,beril_RalstoniaPSI07,RPSI07_RS01275
OG13728,beril_RalstoniaBSBF1503,RALBFv3_RS00505
OG13730,beril_HerbieS,HSERO_RS13665
OG13731,beril_RalstoniaGMI1000,RS_RS23400
OG13732,beril_RalstoniaPSI07,RPSI07_RS21275
OG13734,beril_RalstoniaGMI1000,RS_RS13285
OG13735,beril_RalstoniaGMI1000,RS_RS16845
OG13738,beril_RalstoniaBSBF1503,RALBFv3_RS12230
OG13739,beril_RalstoniaBSBF1503,RALBFv3_RS18745
OG13741,beril_RalstoniaBSBF1503,RALBFv3_RS07715
OG13743,beril_RalstoniaGMI1000,RS_RS09735
OG13744,beril_RalstoniaPSI07,RPSI07_RS00515
OG13748,beril_RalstoniaPSI07,RPSI07_RS00150
OG13751,beril_RalstoniaBSBF1503,RALBFv3_RS08030
OG13753,beril_HerbieS,HSERO_RS10585
OG13754,beril_RalstoniaBSBF1503,RALBFv3_RS00520
OG13755,beril_RalstoniaBSBF1503,RALBFv3_RS02485
OG13756,beril_RalstoniaBSBF1503,RALBFv3_RS18215
OG13757,beril_RalstoniaBSBF1503,RALBFv3_RS20610
OG13759,beril_Dda3937,DDA3937_RS05310
OG13760,beril_RalstoniaGMI1000,RS_RS07325
OG13762,beril_Dda3937,DDA3937_RS00965
OG13763,beril_RalstoniaPSI07,RPSI07_RS16675
OG13765,beril_RalstoniaBSBF1503,RALBFv3_RS08025
OG13766,beril_RalstoniaBSBF1503,RALBFv3_RS15005
OG13767,beril_Dda3937,DDA3937_RS02855
OG13768,beril_Dda3937,DDA3937_RS14945
OG13769,beril_Dda3937,DDA3937_RS17630
OG13770,beril_Dda3937,DDA3937_RS21900
OG13771,beril_Dda3937,DDA3937_RS08680
OG13773,beril_Dda3937,DDA3937_RS17730
OG13774,beril_Dda3937,DDA3937_RS03920
OG13775,beril_Dda3937,DDA3937_RS22485
OG13776,beril_Dda3937,DDA3937_RS10940
OG13777,beril_Dda3937,DDA3937_RS21990
OG13778,beril_Dda3937,DDA3937_RS12665
OG13779,beril_Dda3937,DDA3937_RS09335
OG13780,beril_Dda3937,DDA3937_RS17085
OG13781,beril_Dda3937,DDA3937_RS06840
OG13782,beril_Dda3937,DDA3937_RS13305
OG13783,beril_Dda3937,DDA3937_RS02455
OG13784,beril_Dda3937,DDA3937_RS00245
OG13785,beril_Dda3937,DDA3937_RS22340
OG13786,beril_Dda3937,DDA3937_RS04255
OG13787,beril_Dda3937,DDA3937_RS17780
OG13788,beril_Dda3937,DDA3937_RS10120
OG13789,beril_Dda3937,DDA3937_RS14140
OG13790,beril_Dda3937,DDA3937_RS15350
OG13791,beril_Dda3937,DDA3937_RS04215
OG13792,beril_Dda3937,DDA3937_RS22310
OG13793,beril_Dda3937,DDA3937_RS12305
OG13795,beril_Dda3937,DDA3937_RS02630
OG13796,beril_Dda3937,DDA3937_RS17570
OG13797,beril_Dda3937,DDA3937_RS13290
OG13798,beril_Dda3937,DDA3937_RS12125
OG13799,beril_Dda3937,DDA3937_RS07905
OG13800,beril_Dda3937,DDA3937_RS17735
OG13801,beril_Dda3937,DDA3937_RS17560
OG13802,beril_Dda3937,DDA3937_RS10890
OG13803,beril_Dda3937,DDA3937_RS02355
OG13804,beril_Dda3937,DDA3937_RS15345
OG13805,beril_Dda3937,DDA3937_RS17275
OG13806,beril_Dda3937,DDA3937_RS15625
OG13807,beril_Dda3937,DDA3937_RS22230
OG13808,beril_Dda3937,DDA3937_RS20550
OG13809,beril_Dda3937,DDA3937_RS13885
OG13810,beril_Dda3937,DDA3937_RS07275
OG13811,beril_Dda3937,DDA3937_RS10520
OG13812,beril_Dda3937,DDA3937_RS00750
OG13813,beril_Dda3937,DDA3937_RS09925
OG13814,beril_Dda3937,DDA3937_RS11680
OG13815,beril_Dda3937,DDA3937_RS13940
OG13816,beril_Dda3937,DDA3937_RS06960
OG13817,beril_Dda3937,DDA3937_RS12000
OG13818,beril_Dda3937,DDA3937_RS04300
OG13819,beril_Dda3937,DDA3937_RS14635
OG13820,beril_Dda3937,DDA3937_RS11120
OG13821,beril_Dda3937,DDA3937_RS22490
OG13822,beril_Dda3937,DDA3937_RS22425
OG13823,beril_Dda3937,DDA3937_RS08780
OG13824,beril_Dda3937,DDA3937_RS00505
OG13825,beril_Dda3937,DDA3937_RS09295
OG13827,beril_Dda3937,DDA3937_RS05295
OG13828,beril_Dda3937,DDA3937_RS07295
OG13829,beril_Dda3937,DDA3937_RS04670
OG13830,beril_Dda3937,DDA3937_RS10190
OG13831,beril_Dda3937,DDA3937_RS06800
OG13832,beril_Dda3937,DDA3937_RS10790
OG13833,beril_Dda3937,DDA3937_RS05245
OG13834,beril_Dda3937,DDA3937_RS13630
OG13835,beril_Dda3937,DDA3937_RS17690
OG13836,beril_Dda3937,DDA3937_RS04040
OG13837,beril_Dda3937,DDA3937_RS10805
OG13838,beril_Dda3937,DDA3937_RS01360
OG13839,beril_Dda3937,DDA3937_RS17245
OG13840,beril_Dda3937,DDA3937_RS11630
OG13841,beril_Dda3937,DDA3937_RS00325
OG13842,beril_Dda3937,DDA3937_RS22430
OG13843,beril_Dda3937,DDA3937_RS18195
OG13844,beril_Dda3937,DDA3937_RS13820
OG13845,beril_Dda3937,DDA3937_RS13675
OG13846,beril_Dda3937,DDA3937_RS04245
OG13847,beril_Dda3937,DDA3937_RS23455
OG13848,beril_Dda3937,DDA3937_RS19960
OG13849,beril_Dda3937,DDA3937_RS02680
OG13850,beril_Dda3937,DDA3937_RS17745
OG13851,beril_Dda3937,DDA3937_RS23365
OG13852,beril_Dda3937,DDA3937_RS04290
OG13853,beril_Dda3937,DDA3937_RS13610
OG13854,beril_Dda3937,DDA3937_RS13855
OG13855,beril_Dda3937,DDA3937_RS04410
OG13856,beril_Dda3937,DDA3937_RS02085
OG13857,beril_Dda3937,DDA3937_RS10800
OG13858,beril_Dda3937,DDA3937_RS00770
OG13859,beril_Dda3937,DDA3937_RS11535
OG13860,beril_Dda3937,DDA3937_RS19495
OG13861,beril_Dda3937,DDA3937_RS12100
OG13862,beril_Dda3937,DDA3937_RS12280
OG13863,beril_Dda3937,DDA3937_RS23445
OG13864,beril_RalstoniaBSBF1503,RALBFv3_RS03985
OG13865,beril_Dda3937,DDA3937_RS19790
OG13866,beril_Dda3937,DDA3937_RS11595
OG13867,beril_Dda3937,DDA3937_RS22280
OG13868,beril_Dda3937,DDA3937_RS23405
OG13869,beril_Dda3937,DDA3937_RS00310
OG13870,beril_Dda3937,DDA3937_RS11640
OG13871,beril_Dda3937,DDA3937_RS18785
OG13872,beril_Dda3937,DDA3937_RS23390
OG13873,beril_Dda3937,DDA3937_RS22775
OG13874,beril_Dda3937,DDA3937_RS13950
OG13875,beril_Dda3937,DDA3937_RS02265
OG13876,beril_Dda3937,DDA3937_RS20605
OG13877,beril_Dda3937,DDA3937_RS13890
OG13878,beril_Dda3937,DDA3937_RS05225
OG13879,beril_Dda3937,DDA3937_RS19905
OG13880,beril_Dda3937,DDA3937_RS05330
OG13881,beril_Dda3937,DDA3937_RS10920
OG13882,beril_Dda3937,DDA3937_RS20770
OG13883,beril_Dda3937,DDA3937_RS08365
OG13884,beril_Dda3937,DDA3937_RS12660
OG13885,beril_Dda3937,DDA3937_RS02215
OG13886,beril_RalstoniaPSI07,RPSI07_RS18740
OG13887,beril_Dda3937,DDA3937_RS16505
OG13888,beril_Dda3937,DDA3937_RS20715
OG13889,beril_Dda3937,DDA3937_RS09955
OG13890,beril_Dda3937,DDA3937_RS12695
OG13891,beril_Dda3937,DDA3937_RS20465
OG13892,beril_Dda3937,DDA3937_RS07090
OG13893,beril_Dda3937,DDA3937_RS10850
OG13894,beril_Dda3937,DDA3937_RS02670
OG13895,beril_Dda3937,DDA3937_RS09025
OG13896,beril_Dda3937,DDA3937_RS06810
OG13897,beril_Dda3937,DDA3937_RS07575
OG13898,beril_Dda3937,DDA3937_RS04260
OG13899,beril_Dda3937,DDA3937_RS13970
OG13900,beril_Dda3937,DDA3937_RS00315
OG13901,beril_Dda3937,DDA3937_RS09360
OG13902,beril_Dda3937,DDA3937_RS09290
OG13903,beril_Dda3937,DDA3937_RS12655
OG13904,beril_Dda3937,DDA3937_RS02205
OG13905,beril_Dda3937,DDA3937_RS03975
OG13906,beril_Dda3937,DDA3937_RS12195
OG13907,beril_Dda3937,DDA3937_RS11105
OG13908,beril_Dda3937,DDA3937_RS17785
OG13909,beril_Dda3937,DDA3937_RS04570
OG13910,beril_Dda3937,DDA3937_RS20780
OG13911,beril_Dda3937,DDA3937_RS02050
OG13912,beril_Dda3937,DDA3937_RS07580
OG13913,beril_Dda3937,DDA3937_RS03960
OG13914,beril_Dda3937,DDA3937_RS16565
OG13915,beril_Dda3937,DDA3937_RS19465
OG13916,beril_Dda3937,DDA3937_RS20805
OG13917,beril_Dda3937,DDA3937_RS12070
OG13918,beril_Dda3937,DDA3937_RS20745
OG13919,beril_Dda3937,DDA3937_RS09095
OG13920,beril_Dda3937,DDA3937_RS17365
OG13921,beril_Dda3937,DDA3937_RS09355
OG13922,beril_Dda3937,DDA3937_RS21475
OG13923,beril_Dda3937,DDA3937_RS07685
OG13925,beril_Dda3937,DDA3937_RS11905
OG13926,beril_Dda3937,DDA3937_RS04855
OG13927,beril_Dda3937,DDA3937_RS08460
OG13928,beril_Dda3937,DDA3937_RS13235
OG13929,beril_Dda3937,DDA3937_RS08385
OG13931,beril_Dda3937,DDA3937_RS17355
OG13932,beril_Dda3937,DDA3937_RS23355
OG13933,beril_Dda3937,DDA3937_RS17270
OG13934,beril_Dda3937,DDA3937_RS23170
OG13935,beril_Dda3937,DDA3937_RS12185
OG13936,beril_Dda3937,DDA3937_RS10455
OG13937,beril_Dda3937,DDA3937_RS11090
OG13938,beril_Dda3937,DDA3937_RS07585
OG13939,beril_Dda3937,DDA3937_RS13410
OG13940,beril_Dda3937,DDA3937_RS13390
OG13941,beril_Dda3937,DDA3937_RS07300
OG13942,beril_Dda3937,DDA3937_RS12705
OG13943,beril_Dda3937,DDA3937_RS12680
OG13944,beril_Dda3937,DDA3937_RS00305
OG13945,beril_Dda3937,DDA3937_RS20810
OG13946,beril_Dda3937,DDA3937_RS17755
OG13947,beril_Dda3937,DDA3937_RS23415
OG13948,beril_Dda3937,DDA3937_RS04700
OG13949,beril_Dda3937,DDA3937_RS12200
OG13950,beril_Dda3937,DDA3937_RS08660
OG13951,beril_Dda3937,DDA3937_RS05285
OG13952,beril_Dda3937,DDA3937_RS14025
OG13953,beril_Dda3937,DDA3937_RS09350
OG13954,beril_Dda3937,DDA3937_RS10305
OG13955,beril_Dda3937,DDA3937_RS12150
OG13956,beril_Dda3937,DDA3937_RS13615
OG13957,beril_Dda3937,DDA3937_RS02055
OG13958,beril_Dda3937,DDA3937_RS11125
OG13959,beril_RalstoniaPSI07,RPSI07_RS01680
OG13960,beril_Dda3937,DDA3937_RS00330
OG13961,beril_Dda3937,DDA3937_RS12025
OG13963,beril_Dda3937,DDA3937_RS07085
OG13964,beril_Dda3937,DDA3937_RS13605
OG13965,beril_Dda3937,DDA3937_RS17080
OG13966,beril_Dda3937,DDA3937_RS00255
OG13967,beril_Dda3937,DDA3937_RS09365
OG13968,beril_Dda3937,DDA3937_RS08445
OG13969,beril_Dda3937,DDA3937_RS07240
OG13970,beril_Dda3937,DDA3937_RS00575
OG13971,beril_Dda3937,DDA3937_RS08795
OG13972,beril_Dda3937,DDA3937_RS07745
OG13973,beril_Dda3937,DDA3937_RS12310
OG13974,beril_Dda3937,DDA3937_RS23500
OG13975,beril_Dda3937,DDA3937_RS12785
OG13976,beril_Dda3937,DDA3937_RS00250
OG13977,beril_Dda3937,DDA3937_RS14060
OG13978,beril_Dda3937,DDA3937_RS08200
OG13979,beril_Dda3937,DDA3937_RS04225
OG13980,beril_Dda3937,DDA3937_RS16485
OG13981,beril_Dda3937,DDA3937_RS15405
OG13982,beril_Dda3937,DDA3937_RS10825
OG13983,beril_Dda3937,DDA3937_RS05375
OG13984,beril_Dda3937,DDA3937_RS20735
OG13985,beril_Dda3937,DDA3937_RS22235
OG13986,beril_Dda3937,DDA3937_RS16400
OG13987,beril_Dda3937,DDA3937_RS19480
OG13988,beril_Dda3937,DDA3937_RS12015
OG13989,beril_Dda3937,DDA3937_RS12480
OG13990,beril_Dda3937,DDA3937_RS18190
OG13991,beril_Dda3937,DDA3937_RS15620
OG13992,beril_Dda3937,DDA3937_RS10115
OG13993,beril_Dda3937,DDA3937_RS22515
OG13994,beril_Dda3937,DDA3937_RS22460
OG13995,beril_RalstoniaPSI07,RPSI07_RS13230
OG13997,beril_Dda3937,DDA3937_RS20755
OG13998,beril_Dda3937,DDA3937_RS20600
OG13999,beril_Dda3937,DDA3937_RS18710
OG14000,beril_Dda3937,DDA3937_RS09750
OG14001,beril_Dda3937,DDA3937_RS13880
OG14002,beril_Dda3937,DDA3937_RS11615
OG14003,beril_Dda3937,DDA3937_RS13945
OG14004,beril_Dda3937,DDA3937_RS13240
OG14005,beril_Dda3937,DDA3937_RS07885
OG14006,beril_Dda3937,DDA3937_RS19570
OG14007,beril_Dda3937,DDA3937_RS10865
OG14008,beril_Dda3937,DDA3937_RS02495
OG14009,beril_Dda3937,DDA3937_RS22360
OG14010,beril_Dda3937,DDA3937_RS07420
OG14011,beril_Dda3937,DDA3937_RS11685
OG14012,beril_Dda3937,DDA3937_RS17075
OG14013,beril_Dda3937,DDA3937_RS03160
OG14015,beril_Dda3937,DDA3937_RS07290
OG14016,beril_Dda3937,DDA3937_RS20865
OG14017,beril_Dda3937,DDA3937_RS04845
OG14018,beril_Dda3937,DDA3937_RS19565
OG14019,beril_Dda3937,DDA3937_RS10745
OG14020,beril_Dda3937,DDA3937_RS11660
OG14021,beril_Dda3937,DDA3937_RS18685
OG14022,beril_Dda3937,DDA3937_RS09280
OG14023,beril_Dda3937,DDA3937_RS12645
OG14024,beril_Dda3937,DDA3937_RS12190
OG14025,beril_Dda3937,DDA3937_RS16510
OG14027,beril_Dda3937,DDA3937_RS02860
OG14028,beril_Dda3937,DDA3937_RS11635
OG14029,beril_Dda3937,DDA3937_RS17290
OG14030,beril_Dda3937,DDA3937_RS21220
OG14031,beril_Dda3937,DDA3937_RS10855
OG14032,beril_Dda3937,DDA3937_RS00695
OG14033,beril_Dda3937,DDA3937_RS16435
OG14034,beril_Dda3937,DDA3937_RS03955
OG14035,beril_Dda3937,DDA3937_RS20720
OG14036,beril_Dda3937,DDA3937_RS06775
OG14037,beril_Dda3937,DDA3937_RS08895
OG14038,beril_Dda3937,DDA3937_RS13850
OG14039,beril_Dda3937,DDA3937_RS11620
OG14040,beril_Dda3937,DDA3937_RS20835
OG14041,beril_Dda3937,DDA3937_RS21960
OG14042,beril_Dda3937,DDA3937_RS04235
OG14043,beril_Dda3937,DDA3937_RS11650
OG14044,beril_Dda3937,DDA3937_RS12670
OG14045,beril_Dda3937,DDA3937_RS04250
OG14046,beril_Dda3937,DDA3937_RS04520
OG14047,beril_Dda3937,DDA3937_RS04265
OG14048,beril_Dda3937,DDA3937_RS13815
OG14049,beril_Dda3937,DDA3937_RS11095
OG14050,beril_Dda3937,DDA3937_RS10845
OG14051,beril_Dda3937,DDA3937_RS00765
OG14052,beril_Dda3937,DDA3937_RS10525
OG14053,beril_Dda3937,DDA3937_RS23130
OG14054,beril_Dda3937,DDA3937_RS19500
OG14055,beril_Dda3937,DDA3937_RS20850
OG14056,beril_Dda3937,DDA3937_RS22930
OG14057,beril_Dda3937,DDA3937_RS11590
OG14058,beril_Dda3937,DDA3937_RS02025
OG14059,beril_Dda3937,DDA3937_RS13795
OG14060,beril_Dda3937,DDA3937_RS23350
OG14061,beril_Dda3937,DDA3937_RS10220
OG14062,beril_Dda3937,DDA3937_RS08240
OG14063,beril_Dda3937,DDA3937_RS19390
OG14064,beril_HerbieS,HSERO_RS03950
OG14065,beril_Dda3937,DDA3937_RS21480
OG14066,beril_Dda3937,DDA3937_RS08770
OG14067,beril_Dda3937,DDA3937_RS08360
OG14068,beril_Dda3937,DDA3937_RS20655
OG14069,beril_Dda3937,DDA3937_RS12005
OG14070,beril_Dda3937,DDA3937_RS12970
OG14071,beril_Dda3937,DDA3937_RS17140
OG14072,beril_Dda3937,DDA3937_RS13835
OG14073,beril_Dda3937,DDA3937_RS16275
OG14074,beril_Dda3937,DDA3937_RS13800
OG14075,beril_Dda3937,DDA3937_RS21180
OG14076,beril_Dda3937,DDA3937_RS08085
OG14077,beril_Dda3937,DDA3937_RS02665
OG14078,beril_Dda3937,DDA3937_RS16490
OG14079,beril_Dda3937,DDA3937_RS00805
OG14080,beril_Dda3937,DDA3937_RS06335
OG14081,beril_Dda3937,DDA3937_RS08935
OG14082,beril_Dda3937,DDA3937_RS11575
OG14083,beril_Dda3937,DDA3937_RS13955
OG14084,beril_Dda3937,DDA3937_RS07590
OG14085,beril_Dda3937,DDA3937_RS12225
OG14086,beril_Dda3937,DDA3937_RS00810
OG14087,beril_Dda3937,DDA3937_RS21095
OG14088,beril_Dda3937,DDA3937_RS02220
OG14089,beril_Dda3937,DDA3937_RS19560
OG14090,beril_Dda3937,DDA3937_RS04045
OG14092,beril_Dda3937,DDA3937_RS02805
OG14093,beril_Dda3937,DDA3937_RS15565
OG14094,beril_Dda3937,DDA3937_RS13935
OG14095,beril_Dda3937,DDA3937_RS00300
OG14096,beril_Dda3937,DDA3937_RS07095
OG14097,beril_Dda3937,DDA3937_RS03220
OG14098,beril_Dda3937,DDA3937_RS04180
OG14099,beril_Dda3937,DDA3937_RS03950
OG14100,beril_Dda3937,DDA3937_RS23100
OG14101,beril_Dda3937,DDA3937_RS04270
OG14102,beril_Dda3937,DDA3937_RS20140
OG14103,beril_Dda3937,DDA3937_RS17565
OG14104,beril_Dda3937,DDA3937_RS16515
OG14105,beril_Dda3937,DDA3937_RS12690
OG14106,beril_Dda3937,DDA3937_RS09285
OG14107,beril_Dda3937,DDA3937_RS04080
OG14108,beril_Dda3937,DDA3937_RS23215
OG14109,beril_Dda3937,DDA3937_RS10885
OG14110,beril_Dda3937,DDA3937_RS12010
OG14111,beril_Dda3937,DDA3937_RS16430
OG14112,beril_Dda3937,DDA3937_RS21705
OG14113,beril_Dda3937,DDA3937_RS03925
OG14114,beril_Dda3937,DDA3937_RS04285
OG14115,beril_Dda3937,DDA3937_RS03965
OG14116,beril_Dda3937,DDA3937_RS02360
OG14117,beril_Dda3937,DDA3937_RS14270
OG14118,beril_Dda3937,DDA3937_RS23265
OG14119,beril_Dda3937,DDA3937_RS17680
OG14120,beril_Dda3937,DDA3937_RS04980
OG14121,beril_Dda3937,DDA3937_RS04920
OG14122,beril_Dda3937,DDA3937_RS11580
OG14123,beril_Dda3937,DDA3937_RS02335
OG14124,beril_Dda3937,DDA3937_RS00520
OG14125,beril_Dda3937,DDA3937_RS15360
OG14126,beril_Dda3937,DDA3937_RS17675
OG14127,beril_Dda3937,DDA3937_RS13750
OG14128,beril_Dda3937,DDA3937_RS04090
OG14129,beril_Dda3937,DDA3937_RS11135
OG14130,beril_Dda3937,DDA3937_RS02210
OG14131,beril_Dda3937,DDA3937_RS11110
OG14132,beril_Dda3937,DDA3937_RS08885
OG14133,beril_Dda3937,DDA3937_RS04575
OG14134,beril_RalstoniaGMI1000,RS_RS21610
OG14135,beril_Dda3937,DDA3937_RS17250
OG14136,beril_Dda3937,DDA3937_RS02685
OG14137,beril_Dda3937,DDA3937_RS13840
OG14138,beril_Dda3937,DDA3937_RS04665
OG14139,beril_Dda3937,DDA3937_RS19460
OG14140,beril_Dda3937,DDA3937_RS01290
OG14141,beril_Dda3937,DDA3937_RS16445
OG14142,beril_Dda3937,DDA3937_RS13870
OG14143,beril_Dda3937,DDA3937_RS10795
OG14144,beril_Dda3937,DDA3937_RS23230
OG14145,beril_Dda3937,DDA3937_RS12205
OG14146,beril_Dda3937,DDA3937_RS12030
OG14147,beril_Dda3937,DDA3937_RS16440
OG14148,beril_Dda3937,DDA3937_RS12675
OG14149,beril_Dda3937,DDA3937_RS17550
OG14150,beril_Dda3937,DDA3937_RS15290
OG14151,beril_Dda3937,DDA3937_RS04230
OG14152,beril_Dda3937,DDA3937_RS10925
OG14153,beril_RalstoniaPSI07,RPSI07_RS09265
OG14154,beril_Dda3937,DDA3937_RS17740
OG14155,beril_Dda3937,DDA3937_RS07320
OG14156,beril_Dda3937,DDA3937_RS12650
OG14157,beril_Dda3937,DDA3937_RS17650
OG14158,beril_Dda3937,DDA3937_RS00495
OG14159,beril_Dda3937,DDA3937_RS11570
OG14160,beril_Dda3937,DDA3937_RS11600
OG14161,beril_Dda3937,DDA3937_RS10415
OG14162,beril_Dda3937,DDA3937_RS13310
OG14163,beril_Dda3937,DDA3937_RS13830
OG14164,beril_Dda3937,DDA3937_RS18890
OG14165,beril_Dda3937,DDA3937_RS11885
OG14166,beril_Dda3937,DDA3937_RS00285
OG14167,beril_Dda3937,DDA3937_RS02280
OG14168,beril_Dda3937,DDA3937_RS12515
OG14169,beril_Dda3937,DDA3937_RS10030
OG14170,beril_Dda3937,DDA3937_RS04295
OG14171,beril_Dda3937,DDA3937_RS04150
OG14172,beril_Dda3937,DDA3937_RS20625
OG14173,beril_Dda3937,DDA3937_RS03580
OG14174,beril_Dda3937,DDA3937_RS04610
OG14175,beril_Dda3937,DDA3937_RS02980
OG14176,beril_Dda3937,DDA3937_RS02145
OG14177,beril_Dda3937,DDA3937_RS23035
OG14178,beril_Dda3937,DDA3937_RS16260
OG14180,beril_Dda3937,DDA3937_RS15695
OG14181,beril_Dda3937,DDA3937_RS04430
OG14182,beril_Dda3937,DDA3937_RS04220
OG14183,beril_Dda3937,DDA3937_RS05905
OG14184,beril_Dda3937,DDA3937_RS08440
OG14185,beril_Dda3937,DDA3937_RS10840
OG14186,beril_Dda3937,DDA3937_RS04660
OG14187,beril_Dda3937,DDA3937_RS04275
OG14188,beril_Dda3937,DDA3937_RS02080
OG14189,beril_Dda3937,DDA3937_RS23280
OG14190,beril_Dda3937,DDA3937_RS02295
OG14191,beril_Dda3937,DDA3937_RS19485
OG14192,beril_Dda3937,DDA3937_RS15615
OG14193,beril_Dda3937,DDA3937_RS21485
OG14195,beril_Dda3937,DDA3937_RS22410
OG14196,beril_Dda3937,DDA3937_RS17205
OG14197,beril_Dda3937,DDA3937_RS04240
OG14198,beril_Dda3937,DDA3937_RS07985
OG14199,beril_Dda3937,DDA3937_RS08930
OG14200,beril_Dda3937,DDA3937_RS21490
OG14201,beril_Dda3937,DDA3937_RS20790
OG14202,beril_Dda3937,DDA3937_RS12485
OG14203,beril_Dda3937,DDA3937_RS14650
OG14204,beril_Dda3937,DDA3937_RS12155
OG14205,beril_Dda3937,DDA3937_RS20125
OG14206,beril_Dda3937,DDA3937_RS08395
OG14207,beril_Dda3937,DDA3937_RS04975
OG14208,beril_Dda3937,DDA3937_RS03945
OG14209,beril_Dda3937,DDA3937_RS14875
OG14210,beril_Dda3937,DDA3937_RS22530
OG14211,beril_Dda3937,DDA3937_RS00335
OG14212,beril_Dda3937,DDA3937_RS18145
OG14213,beril_Dda3937,DDA3937_RS18900
OG14214,beril_Dda3937,DDA3937_RS14955
OG14225,beril_RalstoniaBSBF1503,RALBFv3_RS23810
OG14232,beril_RalstoniaBSBF1503,RALBFv3_RS11925
OG14260,beril_RalstoniaBSBF1503,RALBFv3_RS17310
OG14306,beril_HerbieS,HSERO_RS06365
OG14312,beril_RalstoniaPSI07,RPSI07_RS21970
OG14315,beril_RalstoniaPSI07,RPSI07_RS08920
OG14319,beril_RalstoniaPSI07,RPSI07_RS05630
OG14332,beril_RalstoniaBSBF1503,RALBFv3_RS24095
OG14341,beril_RalstoniaGMI1000,RS_RS12985
OG14355,beril_RalstoniaGMI1000,RS_RS12995
OG14370,beril_HerbieS,HSERO_RS21175
OG14372,beril_RalstoniaGMI1000,RS_RS15355
OG14389,beril_HerbieS,HSERO_RS09960
OG14407,beril_RalstoniaPSI07,RPSI07_RS19860
OG14416,beril_RalstoniaBSBF1503,RALBFv3_RS07410
OG14438,beril_RalstoniaGMI1000,RS_RS24555
OG14442,beril_RalstoniaBSBF1503,RALBFv3_RS12885
OG14444,beril_RalstoniaPSI07,RPSI07_RS04285
OG14445,beril_RalstoniaGMI1000,RS_RS08520
OG14452,beril_RalstoniaBSBF1503,RALBFv3_RS17900
OG14454,beril_RalstoniaPSI07,RPSI07_RS05200
OG14456,beril_RalstoniaBSBF1503,RALBFv3_RS17295
OG14457,beril_RalstoniaGMI1000,RS_RS08525
OG14460,beril_RalstoniaBSBF1503,RALBFv3_RS21190
OG14462,beril_RalstoniaGMI1000,RS_RS17765
OG14464,beril_RalstoniaBSBF1503,RALBFv3_RS22165
OG14465,beril_RalstoniaPSI07,RPSI07_RS05195
OG14476,beril_RalstoniaBSBF1503,RALBFv3_RS19440
OG14480,beril_RalstoniaPSI07,RPSI07_RS03525
OG14482,beril_RalstoniaGMI1000,RS_RS18435
OG14483,beril_HerbieS,HSERO_RS09030
OG14487,beril_RalstoniaPSI07,RPSI07_RS09300
OG14490,beril_RalstoniaBSBF1503,RALBFv3_RS08405
OG14494,beril_RalstoniaGMI1000,RS_RS08570
OG14496,beril_RalstoniaGMI1000,RS_RS00585
OG14500,beril_RalstoniaGMI1000,RS_RS20180
OG14507,beril_RalstoniaGMI1000,RS_RS24440
OG14508,beril_RalstoniaPSI07,RPSI07_RS13440
OG14509,beril_HerbieS,HSERO_RS01310
OG14510,beril_RalstoniaBSBF1503,RALBFv3_RS17655
OG14512,beril_RalstoniaGMI1000,RS_RS08580
OG14514,beril_RalstoniaGMI1000,RS_RS08515
OG14516,beril_RalstoniaGMI1000,RS_RS02210
OG14518,beril_HerbieS,HSERO_RS13895
OG14519,beril_HerbieS,HSERO_RS16300
OG14520,beril_HerbieS,HSERO_RS04650
OG14521,beril_RalstoniaGMI1000,RS_RS12405
OG14522,beril_HerbieS,HSERO_RS14360
OG14523,beril_HerbieS,HSERO_RS16260
OG14524,beril_HerbieS,HSERO_RS07930
OG14525,beril_HerbieS,HSERO_RS08450
OG14526,beril_HerbieS,HSERO_RS22930
OG14527,beril_RalstoniaGMI1000,RS_RS18260
OG14528,beril_HerbieS,HSERO_RS02625
OG14529,beril_HerbieS,HSERO_RS00085
OG14530,beril_HerbieS,HSERO_RS12345
OG14531,beril_HerbieS,HSERO_RS13205
OG14532,beril_HerbieS,HSERO_RS09950
OG14533,beril_HerbieS,HSERO_RS13305
OG14534,beril_HerbieS,HSERO_RS02585
OG14535,beril_HerbieS,HSERO_RS14370
OG14536,beril_RalstoniaPSI07,RPSI07_RS07065
OG14537,beril_RalstoniaBSBF1503,RALBFv3_RS08680
OG14538,beril_RalstoniaBSBF1503,RALBFv3_RS19880
OG14539,beril_HerbieS,HSERO_RS08455
OG14540,beril_HerbieS,HSERO_RS16355
OG14541,beril_HerbieS,HSERO_RS04670
OG14563,beril_RalstoniaBSBF1503,RALBFv3_RS19295
OG14621,beril_RalstoniaGMI1000,RS_RS11250
OG14622,beril_RalstoniaPSI07,RPSI07_RS04865
OG14623,beril_RalstoniaBSBF1503,RALBFv3_RS03205
OG14624,beril_RalstoniaGMI1000,RS_RS21130
OG14626,beril_RalstoniaGMI1000,RS_RS06380
OG14627,beril_RalstoniaGMI1000,RS_RS21350
OG14629,beril_RalstoniaBSBF1503,RALBFv3_RS16970
OG14630,beril_RalstoniaBSBF1503,RALBFv3_RS02695
OG14631,beril_RalstoniaPSI07,RPSI07_RS03135
OG14632,beril_RalstoniaPSI07,RPSI07_RS12280
OG14633,beril_RalstoniaPSI07,RPSI07_RS11875
OG14634,beril_RalstoniaGMI1000,RS_RS12895
OG14635,beril_RalstoniaBSBF1503,RALBFv3_RS21145
OG14636,beril_RalstoniaPSI07,RPSI07_RS21855
OG14637,beril_RalstoniaBSBF1503,RALBFv3_RS12115
OG14639,beril_RalstoniaPSI07,RPSI07_RS00995
OG14641,beril_RalstoniaPSI07,RPSI07_RS02735
OG14642,beril_RalstoniaBSBF1503,RALBFv3_RS13590
OG14643,beril_RalstoniaGMI1000,RS_RS00380
OG14644,beril_RalstoniaBSBF1503,RALBFv3_RS24270
OG14645,beril_RalstoniaBSBF1503,RALBFv3_RS24215
OG14646,beril_RalstoniaBSBF1503,RALBFv3_RS21495
OG14647,beril_RalstoniaBSBF1503,RALBFv3_RS19305
OG14648,beril_RalstoniaPSI07,RPSI07_RS23000
OG14649,beril_RalstoniaBSBF1503,RALBFv3_RS03470
OG14650,beril_RalstoniaBSBF1503,RALBFv3_RS10450
OG14651,beril_RalstoniaBSBF1503,RALBFv3_RS03480
OG14653,beril_RalstoniaBSBF1503,RALBFv3_RS03370
OG14654,beril_RalstoniaGMI1000,RS_RS25755
OG14655,beril_RalstoniaBSBF1503,RALBFv3_RS19235
OG14656,beril_RalstoniaBSBF1503,RALBFv3_RS04060
OG14657,beril_RalstoniaBSBF1503,RALBFv3_RS20940
OG14658,beril_RalstoniaPSI07,RPSI07_RS20730
OG14660,beril_RalstoniaBSBF1503,RALBFv3_RS21160
OG14661,beril_RalstoniaBSBF1503,RALBFv3_RS03375
OG14662,beril_RalstoniaBSBF1503,RALBFv3_RS23620
OG14663,beril_RalstoniaPSI07,RPSI07_RS12330
OG14664,beril_RalstoniaGMI1000,RS_RS00205
OG14665,beril_RalstoniaBSBF1503,RALBFv3_RS09310
OG14666,beril_RalstoniaGMI1000,RS_RS11555
OG14667,beril_RalstoniaBSBF1503,RALBFv3_RS07560
OG14668,beril_RalstoniaBSBF1503,RALBFv3_RS19665
OG14669,beril_RalstoniaGMI1000,RS_RS16485
OG14670,beril_RalstoniaBSBF1503,RALBFv3_RS05005
OG14672,beril_RalstoniaGMI1000,RS_RS19605
OG14673,beril_RalstoniaGMI1000,RS_RS04025
OG14674,beril_RalstoniaPSI07,RPSI07_RS07005
OG14675,beril_RalstoniaPSI07,RPSI07_RS03305
OG14676,beril_RalstoniaBSBF1503,RALBFv3_RS16185
OG14677,beril_RalstoniaBSBF1503,RALBFv3_RS00650
OG14678,beril_RalstoniaGMI1000,RS_RS08875
OG14679,beril_RalstoniaBSBF1503,RALBFv3_RS07920
OG14680,beril_RalstoniaGMI1000,RS_RS00480
OG14681,beril_RalstoniaPSI07,RPSI07_RS05320
OG14682,beril_RalstoniaGMI1000,RS_RS06445
OG14683,beril_RalstoniaBSBF1503,RALBFv3_RS18595
OG14684,beril_RalstoniaGMI1000,RS_RS20720
OG14685,beril_RalstoniaGMI1000,RS_RS21235
OG14686,beril_RalstoniaBSBF1503,RALBFv3_RS13650
OG14687,beril_RalstoniaBSBF1503,RALBFv3_RS22735
OG14689,beril_RalstoniaBSBF1503,RALBFv3_RS00925
OG14690,beril_RalstoniaGMI1000,RS_RS18010
OG14691,beril_RalstoniaBSBF1503,RALBFv3_RS23545
OG14692,beril_RalstoniaGMI1000,RS_RS21545
OG14693,beril_RalstoniaPSI07,RPSI07_RS07270
OG14694,beril_RalstoniaPSI07,RPSI07_RS14785
OG14695,beril_RalstoniaGMI1000,RS_RS03075
OG14696,beril_RalstoniaBSBF1503,RALBFv3_RS13130
OG14697,beril_RalstoniaBSBF1503,RALBFv3_RS22965
OG14698,beril_RalstoniaBSBF1503,RALBFv3_RS22900
OG14699,beril_RalstoniaBSBF1503,RALBFv3_RS21135
OG14701,beril_RalstoniaBSBF1503,RALBFv3_RS19550
OG14703,beril_RalstoniaGMI1000,RS_RS21860
OG14704,beril_RalstoniaBSBF1503,RALBFv3_RS07525
OG14706,beril_RalstoniaGMI1000,RS_RS02970
OG14709,beril_RalstoniaGMI1000,RS_RS22335
OG14710,beril_RalstoniaBSBF1503,RALBFv3_RS24540
OG14711,beril_RalstoniaPSI07,RPSI07_RS09040
OG14713,beril_RalstoniaBSBF1503,RALBFv3_RS04010
OG14714,beril_RalstoniaGMI1000,RS_RS22055
OG14716,beril_RalstoniaBSBF1503,RALBFv3_RS12855
OG14717,beril_RalstoniaPSI07,RPSI07_RS03950
OG14718,beril_RalstoniaBSBF1503,RALBFv3_RS21550
OG14719,beril_RalstoniaBSBF1503,RALBFv3_RS19650
OG14720,beril_RalstoniaPSI07,RPSI07_RS01625
OG14721,beril_RalstoniaBSBF1503,RALBFv3_RS00855
OG14722,beril_RalstoniaPSI07,RPSI07_RS23550
OG14723,beril_RalstoniaPSI07,RPSI07_RS09295
OG14724,beril_RalstoniaGMI1000,RS_RS24200
OG14725,beril_RalstoniaBSBF1503,RALBFv3_RS19675
OG14726,beril_RalstoniaBSBF1503,RALBFv3_RS05125
OG14728,beril_RalstoniaBSBF1503,RALBFv3_RS21040
OG14729,beril_RalstoniaGMI1000,RS_RS18965
OG14730,beril_RalstoniaBSBF1503,RALBFv3_RS24630
OG14731,beril_RalstoniaGMI1000,RS_RS11895
OG14732,beril_RalstoniaBSBF1503,RALBFv3_RS21505
OG14733,beril_RalstoniaPSI07,RPSI07_RS08495
OG14735,beril_RalstoniaBSBF1503,RALBFv3_RS19775
OG14736,beril_RalstoniaBSBF1503,RALBFv3_RS18015
OG14737,beril_RalstoniaPSI07,RPSI07_RS05815
OG14738,beril_RalstoniaBSBF1503,RALBFv3_RS22005
OG14741,beril_RalstoniaBSBF1503,RALBFv3_RS13420
OG14742,beril_RalstoniaPSI07,RPSI07_RS04065
OG14743,beril_RalstoniaPSI07,RPSI07_RS15935
OG14744,beril_RalstoniaBSBF1503,RALBFv3_RS24175
OG14745,beril_RalstoniaGMI1000,RS_RS00085
OG14746,beril_RalstoniaBSBF1503,RALBFv3_RS02505
OG14747,beril_RalstoniaBSBF1503,RALBFv3_RS22795
OG14748,beril_RalstoniaPSI07,RPSI07_RS09080
OG14750,beril_RalstoniaGMI1000,RS_RS22315
OG14751,beril_RalstoniaGMI1000,RS_RS22090
OG14752,beril_RalstoniaPSI07,RPSI07_RS01350
OG14753,beril_RalstoniaBSBF1503,RALBFv3_RS17505
OG14754,beril_RalstoniaPSI07,RPSI07_RS07610
OG14755,beril_RalstoniaBSBF1503,RALBFv3_RS18240
OG14756,beril_RalstoniaGMI1000,RS_RS19840
OG14757,beril_RalstoniaPSI07,RPSI07_RS07695
OG14758,beril_RalstoniaBSBF1503,RALBFv3_RS16780
OG14759,beril_RalstoniaPSI07,RPSI07_RS13350
OG14760,beril_RalstoniaGMI1000,RS_RS19590
OG14761,beril_RalstoniaBSBF1503,RALBFv3_RS21520
OG14762,beril_RalstoniaBSBF1503,RALBFv3_RS19685
OG14763,beril_RalstoniaBSBF1503,RALBFv3_RS20920
OG14764,beril_RalstoniaBSBF1503,RALBFv3_RS01950
OG14765,beril_RalstoniaBSBF1503,RALBFv3_RS08375
OG14767,beril_RalstoniaGMI1000,RS_RS22415
OG14768,beril_RalstoniaBSBF1503,RALBFv3_RS21600
OG14770,beril_RalstoniaPSI07,RPSI07_RS01805
OG14771,beril_RalstoniaBSBF1503,RALBFv3_RS18050
OG14772,beril_RalstoniaBSBF1503,RALBFv3_RS23680
OG14773,beril_RalstoniaGMI1000,RS_RS21300
OG14774,beril_RalstoniaGMI1000,RS_RS24480
OG14775,beril_RalstoniaBSBF1503,RALBFv3_RS13435
OG14776,beril_RalstoniaBSBF1503,RALBFv3_RS00610
OG14778,beril_RalstoniaPSI07,RPSI07_RS10255
OG14779,beril_RalstoniaGMI1000,RS_RS21730
OG14780,beril_RalstoniaGMI1000,RS_RS00705
OG14781,beril_RalstoniaPSI07,RPSI07_RS20825
OG14782,beril_RalstoniaGMI1000,RS_RS22295
OG14783,beril_RalstoniaPSI07,RPSI07_RS21030
OG14784,beril_RalstoniaBSBF1503,RALBFv3_RS17255
OG14785,beril_RalstoniaBSBF1503,RALBFv3_RS09070
OG14786,beril_RalstoniaBSBF1503,RALBFv3_RS03755
OG14787,beril_RalstoniaBSBF1503,RALBFv3_RS10820
OG14789,beril_RalstoniaBSBF1503,RALBFv3_RS02805
OG14790,beril_RalstoniaPSI07,RPSI07_RS00535
OG14791,beril_RalstoniaBSBF1503,RALBFv3_RS03215
OG14793,beril_RalstoniaBSBF1503,RALBFv3_RS19535
OG14794,beril_RalstoniaBSBF1503,RALBFv3_RS23340
OG14795,beril_RalstoniaBSBF1503,RALBFv3_RS09215
OG14796,beril_RalstoniaBSBF1503,RALBFv3_RS23640
OG14797,beril_RalstoniaPSI07,RPSI07_RS04670
OG14798,beril_RalstoniaBSBF1503,RALBFv3_RS01280
OG14799,beril_RalstoniaBSBF1503,RALBFv3_RS02040
OG14800,beril_RalstoniaBSBF1503,RALBFv3_RS21185
OG14801,beril_RalstoniaBSBF1503,RALBFv3_RS21800
OG14802,beril_RalstoniaPSI07,RPSI07_RS12555
OG14803,beril_RalstoniaBSBF1503,RALBFv3_RS23335
OG14804,beril_RalstoniaBSBF1503,RALBFv3_RS18045
OG14805,beril_RalstoniaPSI07,RPSI07_RS21935
OG14806,beril_RalstoniaPSI07,RPSI07_RS22300
OG14807,beril_RalstoniaGMI1000,RS_RS05345
OG14808,beril_RalstoniaGMI1000,RS_RS18750
OG14809,beril_RalstoniaBSBF1503,RALBFv3_RS07640
OG14810,beril_RalstoniaBSBF1503,RALBFv3_RS21175
OG14811,beril_RalstoniaGMI1000,RS_RS25115
OG14813,beril_RalstoniaBSBF1503,RALBFv3_RS18965
OG14814,beril_RalstoniaBSBF1503,RALBFv3_RS16900
OG14815,beril_RalstoniaBSBF1503,RALBFv3_RS24315
OG14816,beril_RalstoniaBSBF1503,RALBFv3_RS15945
OG14817,beril_RalstoniaBSBF1503,RALBFv3_RS11855
OG14819,beril_RalstoniaBSBF1503,RALBFv3_RS18320
OG14820,beril_RalstoniaBSBF1503,RALBFv3_RS04050
OG14821,beril_RalstoniaBSBF1503,RALBFv3_RS24150
OG14822,beril_RalstoniaBSBF1503,RALBFv3_RS17965
OG14823,beril_RalstoniaPSI07,RPSI07_RS01215
OG14824,beril_RalstoniaPSI07,RPSI07_RS14140
OG14825,beril_RalstoniaPSI07,RPSI07_RS10590
OG14826,beril_RalstoniaPSI07,RPSI07_RS09045
OG14827,beril_RalstoniaBSBF1503,RALBFv3_RS24320
OG14828,beril_RalstoniaBSBF1503,RALBFv3_RS20225
OG14829,beril_RalstoniaBSBF1503,RALBFv3_RS04885
OG14830,beril_RalstoniaBSBF1503,RALBFv3_RS19105
OG14831,beril_RalstoniaGMI1000,RS_RS02730
OG14832,beril_RalstoniaBSBF1503,RALBFv3_RS00935
OG14833,beril_RalstoniaGMI1000,RS_RS22750
OG14834,beril_RalstoniaGMI1000,RS_RS04330
OG14835,beril_RalstoniaGMI1000,RS_RS04365
OG14836,beril_RalstoniaBSBF1503,RALBFv3_RS17695
OG14837,beril_RalstoniaBSBF1503,RALBFv3_RS22480
OG14838,beril_RalstoniaPSI07,RPSI07_RS05980
OG14839,beril_RalstoniaBSBF1503,RALBFv3_RS13640
OG14840,beril_RalstoniaPSI07,RPSI07_RS07475
OG14841,beril_RalstoniaBSBF1503,RALBFv3_RS16995
OG14842,beril_RalstoniaBSBF1503,RALBFv3_RS00270
OG14843,beril_RalstoniaPSI07,RPSI07_RS03710
OG14844,beril_RalstoniaBSBF1503,RALBFv3_RS23325
OG14847,beril_RalstoniaBSBF1503,RALBFv3_RS13605
OG14848,beril_RalstoniaBSBF1503,RALBFv3_RS13475
OG14849,beril_RalstoniaGMI1000,RS_RS00600
OG14850,beril_RalstoniaBSBF1503,RALBFv3_RS01980
OG14851,beril_RalstoniaPSI07,RPSI07_RS16210
OG14852,beril_RalstoniaBSBF1503,RALBFv3_RS22785
OG14853,beril_RalstoniaBSBF1503,RALBFv3_RS19220
OG14854,beril_RalstoniaBSBF1503,RALBFv3_RS05045
OG14855,beril_RalstoniaGMI1000,RS_RS16565
OG14857,beril_RalstoniaPSI07,RPSI07_RS11835
OG14858,beril_RalstoniaBSBF1503,RALBFv3_RS24185
OG14859,beril_RalstoniaGMI1000,RS_RS20195
OG14860,beril_RalstoniaGMI1000,RS_RS01160
OG14861,beril_RalstoniaPSI07,RPSI07_RS02585
OG14862,beril_RalstoniaBSBF1503,RALBFv3_RS24560
OG14864,beril_RalstoniaPSI07,RPSI07_RS08605
OG14865,beril_RalstoniaBSBF1503,RALBFv3_RS19805
OG14866,beril_RalstoniaPSI07,RPSI07_RS08890
OG14867,beril_RalstoniaBSBF1503,RALBFv3_RS18755
OG14868,beril_RalstoniaGMI1000,RS_RS02235
OG14869,beril_RalstoniaPSI07,RPSI07_RS09025
OG14870,beril_RalstoniaPSI07,RPSI07_RS03940
OG14872,beril_RalstoniaGMI1000,RS_RS04295
OG14873,beril_RalstoniaPSI07,RPSI07_RS06045
OG14874,beril_RalstoniaBSBF1503,RALBFv3_RS24755
OG14875,beril_RalstoniaBSBF1503,RALBFv3_RS20305
OG14876,beril_RalstoniaGMI1000,RS_RS05450
OG14877,beril_RalstoniaBSBF1503,RALBFv3_RS23385
OG14878,beril_RalstoniaGMI1000,RS_RS22080
OG14879,beril_RalstoniaGMI1000,RS_RS13950
OG14881,beril_RalstoniaGMI1000,RS_RS17255
OG14882,beril_RalstoniaGMI1000,RS_RS01655
OG14884,beril_RalstoniaBSBF1503,RALBFv3_RS21565
OG14885,beril_RalstoniaBSBF1503,RALBFv3_RS19600
OG14886,beril_RalstoniaPSI07,RPSI07_RS07945
OG14887,beril_RalstoniaBSBF1503,RALBFv3_RS21870
OG14888,beril_RalstoniaBSBF1503,RALBFv3_RS00465
OG14889,beril_RalstoniaBSBF1503,RALBFv3_RS21085
OG14890,beril_RalstoniaPSI07,RPSI07_RS05380
OG14891,beril_RalstoniaGMI1000,RS_RS10930
OG14892,beril_RalstoniaBSBF1503,RALBFv3_RS17650
OG14893,beril_RalstoniaBSBF1503,RALBFv3_RS16450
OG14894,beril_RalstoniaGMI1000,RS_RS17905
OG14895,beril_RalstoniaBSBF1503,RALBFv3_RS13485
OG14896,beril_RalstoniaBSBF1503,RALBFv3_RS23885
OG14897,beril_RalstoniaBSBF1503,RALBFv3_RS20165
OG14898,beril_RalstoniaBSBF1503,RALBFv3_RS18075
OG14899,beril_RalstoniaBSBF1503,RALBFv3_RS13315
OG14900,beril_RalstoniaPSI07,RPSI07_RS02740
OG14902,beril_RalstoniaBSBF1503,RALBFv3_RS01985
OG14903,beril_RalstoniaBSBF1503,RALBFv3_RS03065
OG14904,beril_RalstoniaBSBF1503,RALBFv3_RS24680
OG14905,beril_RalstoniaPSI07,RPSI07_RS12290
OG14907,beril_RalstoniaBSBF1503,RALBFv3_RS20145
OG14908,beril_RalstoniaBSBF1503,RALBFv3_RS18140
OG14909,beril_RalstoniaBSBF1503,RALBFv3_RS08005
OG14910,beril_RalstoniaBSBF1503,RALBFv3_RS08910
OG14911,beril_RalstoniaBSBF1503,RALBFv3_RS23835
OG14912,beril_RalstoniaGMI1000,RS_RS26370
OG14913,beril_RalstoniaBSBF1503,RALBFv3_RS02320
OG14914,beril_RalstoniaPSI07,RPSI07_RS04545
OG14915,beril_RalstoniaGMI1000,RS_RS05630
OG14918,beril_RalstoniaBSBF1503,RALBFv3_RS19780
OG14919,beril_RalstoniaBSBF1503,RALBFv3_RS04915
OG14920,beril_RalstoniaPSI07,RPSI07_RS10775
OG14921,beril_RalstoniaBSBF1503,RALBFv3_RS09560
OG14922,beril_RalstoniaBSBF1503,RALBFv3_RS23560
OG14923,beril_RalstoniaGMI1000,RS_RS11045
OG14924,beril_RalstoniaGMI1000,RS_RS12400
OG14925,beril_RalstoniaBSBF1503,RALBFv3_RS07555
OG14926,beril_RalstoniaPSI07,RPSI07_RS08355
OG14927,beril_RalstoniaPSI07,RPSI07_RS00155
OG14928,beril_RalstoniaBSBF1503,RALBFv3_RS10265
OG14929,beril_RalstoniaBSBF1503,RALBFv3_RS04040
OG14930,beril_RalstoniaGMI1000,RS_RS11560
OG14931,beril_RalstoniaBSBF1503,RALBFv3_RS17690
OG14932,beril_RalstoniaPSI07,RPSI07_RS01125
OG14935,beril_RalstoniaGMI1000,RS_RS07415
OG14936,beril_RalstoniaBSBF1503,RALBFv3_RS07675
OG14937,beril_RalstoniaBSBF1503,RALBFv3_RS23840
OG14938,beril_RalstoniaBSBF1503,RALBFv3_RS00140
OG14939,beril_RalstoniaGMI1000,RS_RS24960
OG14940,beril_RalstoniaBSBF1503,RALBFv3_RS01275
OG14941,beril_RalstoniaPSI07,RPSI07_RS01060
OG14942,beril_RalstoniaBSBF1503,RALBFv3_RS16220
OG14943,beril_RalstoniaBSBF1503,RALBFv3_RS17085
OG14944,beril_RalstoniaPSI07,RPSI07_RS01010
OG14945,beril_RalstoniaBSBF1503,RALBFv3_RS23090
OG14946,beril_RalstoniaGMI1000,RS_RS22395
OG14947,beril_RalstoniaPSI07,RPSI07_RS03050
OG14948,beril_RalstoniaBSBF1503,RALBFv3_RS20090
OG14949,beril_RalstoniaBSBF1503,RALBFv3_RS10735
OG14950,beril_RalstoniaBSBF1503,RALBFv3_RS19635
OG14951,beril_RalstoniaPSI07,RPSI07_RS07100
OG14952,beril_RalstoniaBSBF1503,RALBFv3_RS22035
OG14953,beril_RalstoniaGMI1000,RS_RS19115
OG14955,beril_RalstoniaBSBF1503,RALBFv3_RS09490
OG14956,beril_RalstoniaBSBF1503,RALBFv3_RS21960
OG14957,beril_RalstoniaBSBF1503,RALBFv3_RS19480
OG14958,beril_RalstoniaGMI1000,RS_RS19615
OG14959,beril_RalstoniaGMI1000,RS_RS14000
OG14960,beril_RalstoniaPSI07,RPSI07_RS05910
OG14961,beril_RalstoniaBSBF1503,RALBFv3_RS10300
OG14963,beril_RalstoniaBSBF1503,RALBFv3_RS16295
OG14964,beril_RalstoniaBSBF1503,RALBFv3_RS16280
OG14965,beril_RalstoniaBSBF1503,RALBFv3_RS13505
OG14966,beril_RalstoniaPSI07,RPSI07_RS16470
OG14967,beril_RalstoniaPSI07,RPSI07_RS24220
OG14968,beril_RalstoniaBSBF1503,RALBFv3_RS13620
OG14969,beril_RalstoniaBSBF1503,RALBFv3_RS21945
OG14970,beril_RalstoniaBSBF1503,RALBFv3_RS19175
OG14971,beril_RalstoniaGMI1000,RS_RS12110
OG14972,beril_RalstoniaBSBF1503,RALBFv3_RS23430
OG14973,beril_RalstoniaBSBF1503,RALBFv3_RS21170
OG14974,beril_RalstoniaPSI07,RPSI07_RS08475
OG14975,beril_RalstoniaPSI07,RPSI07_RS05705
OG14976,beril_RalstoniaBSBF1503,RALBFv3_RS02270
OG14977,beril_RalstoniaBSBF1503,RALBFv3_RS20990
OG14979,beril_RalstoniaBSBF1503,RALBFv3_RS13895
OG14980,beril_RalstoniaBSBF1503,RALBFv3_RS04985
OG14981,beril_RalstoniaBSBF1503,RALBFv3_RS04095
OG14982,beril_RalstoniaBSBF1503,RALBFv3_RS22640
OG14983,beril_RalstoniaGMI1000,RS_RS17710
OG14984,beril_RalstoniaPSI07,RPSI07_RS11885
OG14986,beril_RalstoniaGMI1000,RS_RS01085
OG14987,beril_RalstoniaGMI1000,RS_RS23840
OG14988,beril_RalstoniaBSBF1503,RALBFv3_RS20085
OG14989,beril_RalstoniaGMI1000,RS_RS25130
OG14990,beril_RalstoniaBSBF1503,RALBFv3_RS21875
OG14991,beril_RalstoniaGMI1000,RS_RS07450
OG14992,beril_RalstoniaPSI07,RPSI07_RS20830
OG14993,beril_RalstoniaBSBF1503,RALBFv3_RS16080
OG14995,beril_RalstoniaBSBF1503,RALBFv3_RS02395
OG14996,beril_RalstoniaGMI1000,RS_RS07555
OG14997,beril_RalstoniaPSI07,RPSI07_RS03800
OG14998,beril_RalstoniaBSBF1503,RALBFv3_RS22760
OG14999,beril_RalstoniaBSBF1503,RALBFv3_RS18335
OG15000,beril_RalstoniaGMI1000,RS_RS22140
OG15001,beril_RalstoniaBSBF1503,RALBFv3_RS08280
OG15002,beril_RalstoniaGMI1000,RS_RS06325
OG15004,beril_RalstoniaGMI1000,RS_RS15660
OG15005,beril_RalstoniaBSBF1503,RALBFv3_RS14995
OG15006,beril_RalstoniaBSBF1503,RALBFv3_RS21270
OG15007,beril_RalstoniaBSBF1503,RALBFv3_RS19345
OG15009,beril_RalstoniaGMI1000,RS_RS17150
OG15011,beril_RalstoniaGMI1000,RS_RS18495
OG15013,beril_RalstoniaGMI1000,RS_RS17845
OG15014,beril_RalstoniaBSBF1503,RALBFv3_RS02430
OG15015,beril_RalstoniaBSBF1503,RALBFv3_RS20005
OG15016,beril_RalstoniaGMI1000,RS_RS17135
OG15017,beril_RalstoniaBSBF1503,RALBFv3_RS03585
OG15018,beril_RalstoniaBSBF1503,RALBFv3_RS19290
OG15019,beril_RalstoniaPSI07,RPSI07_RS18720
OG15020,beril_RalstoniaBSBF1503,RALBFv3_RS17535
OG15021,beril_RalstoniaBSBF1503,RALBFv3_RS24060
OG15022,beril_RalstoniaBSBF1503,RALBFv3_RS20885
OG15023,beril_RalstoniaBSBF1503,RALBFv3_RS24055
OG15024,beril_RalstoniaBSBF1503,RALBFv3_RS21865
OG15025,beril_RalstoniaGMI1000,RS_RS11635
OG15026,beril_RalstoniaPSI07,RPSI07_RS06285
OG15027,beril_RalstoniaPSI07,RPSI07_RS03715
OG15028,beril_RalstoniaBSBF1503,RALBFv3_RS02600
OG15029,beril_RalstoniaBSBF1503,RALBFv3_RS17090
OG15030,beril_RalstoniaPSI07,RPSI07_RS07160
OG15031,beril_RalstoniaBSBF1503,RALBFv3_RS13550
OG15032,beril_RalstoniaBSBF1503,RALBFv3_RS20670
OG15033,beril_RalstoniaBSBF1503,RALBFv3_RS14690
OG15034,beril_RalstoniaBSBF1503,RALBFv3_RS07855
OG15036,beril_RalstoniaPSI07,RPSI07_RS03045
OG15037,beril_RalstoniaGMI1000,RS_RS12575
OG15038,beril_RalstoniaBSBF1503,RALBFv3_RS19430
OG15039,beril_RalstoniaBSBF1503,RALBFv3_RS03970
OG15040,beril_RalstoniaBSBF1503,RALBFv3_RS03475
OG15042,beril_RalstoniaBSBF1503,RALBFv3_RS22690
OG15043,beril_RalstoniaPSI07,RPSI07_RS03570
OG15044,beril_RalstoniaPSI07,RPSI07_RS07545
OG15045,beril_RalstoniaBSBF1503,RALBFv3_RS06030
OG15046,beril_RalstoniaBSBF1503,RALBFv3_RS16160
OG15047,beril_RalstoniaBSBF1503,RALBFv3_RS23710
OG15048,beril_RalstoniaBSBF1503,RALBFv3_RS08100
OG15049,beril_RalstoniaGMI1000,RS_RS04270
OG15051,beril_RalstoniaBSBF1503,RALBFv3_RS00455
OG15052,beril_RalstoniaGMI1000,RS_RS16900
OG15053,beril_RalstoniaBSBF1503,RALBFv3_RS11975
OG15054,beril_RalstoniaBSBF1503,RALBFv3_RS21640
OG15055,beril_RalstoniaBSBF1503,RALBFv3_RS20665
OG15056,beril_RalstoniaGMI1000,RS_RS22780
OG15057,beril_RalstoniaBSBF1503,RALBFv3_RS19210
OG15058,beril_RalstoniaPSI07,RPSI07_RS01810
OG15060,beril_RalstoniaGMI1000,RS_RS26260
OG15061,beril_RalstoniaBSBF1503,RALBFv3_RS12780
OG15062,beril_RalstoniaPSI07,RPSI07_RS18705
OG15063,beril_RalstoniaGMI1000,RS_RS24410
OG15064,beril_RalstoniaBSBF1503,RALBFv3_RS17000
OG15066,beril_RalstoniaGMI1000,RS_RS12395
OG15067,beril_RalstoniaBSBF1503,RALBFv3_RS19375
OG15068,beril_RalstoniaGMI1000,RS_RS09850
OG15069,beril_RalstoniaGMI1000,RS_RS00125
OG15070,beril_RalstoniaGMI1000,RS_RS20150
OG15071,beril_RalstoniaBSBF1503,RALBFv3_RS07910
OG15072,beril_RalstoniaGMI1000,RS_RS14540
OG15073,beril_RalstoniaBSBF1503,RALBFv3_RS17950
OG15074,beril_RalstoniaBSBF1503,RALBFv3_RS13700
OG15075,beril_RalstoniaBSBF1503,RALBFv3_RS08525
OG15077,beril_RalstoniaGMI1000,RS_RS10370
OG15078,beril_RalstoniaBSBF1503,RALBFv3_RS05650
OG15079,beril_RalstoniaPSI07,RPSI07_RS22665
OG15080,beril_RalstoniaGMI1000,RS_RS23645
OG15081,beril_RalstoniaGMI1000,RS_RS07830
OG15082,beril_RalstoniaBSBF1503,RALBFv3_RS20945
OG15083,beril_RalstoniaPSI07,RPSI07_RS04290
OG15084,beril_RalstoniaBSBF1503,RALBFv3_RS08205
OG15085,beril_RalstoniaBSBF1503,RALBFv3_RS16975
OG15086,beril_RalstoniaPSI07,RPSI07_RS20550
OG15087,beril_RalstoniaBSBF1503,RALBFv3_RS19245
OG15088,beril_RalstoniaGMI1000,RS_RS15435
OG15089,beril_RalstoniaGMI1000,RS_RS24565
OG15090,beril_RalstoniaGMI1000,RS_RS22020
OG15091,beril_RalstoniaPSI07,RPSI07_RS03095
OG15093,beril_RalstoniaBSBF1503,RALBFv3_RS23320
OG15094,beril_RalstoniaBSBF1503,RALBFv3_RS24675
OG15096,beril_RalstoniaGMI1000,RS_RS02145
OG15097,beril_RalstoniaGMI1000,RS_RS17960
OG15098,beril_RalstoniaBSBF1503,RALBFv3_RS17430
OG15100,beril_RalstoniaBSBF1503,RALBFv3_RS04115
OG15101,beril_RalstoniaGMI1000,RS_RS13225
OG15102,beril_RalstoniaPSI07,RPSI07_RS09345
OG15103,beril_RalstoniaBSBF1503,RALBFv3_RS13575
OG15105,beril_RalstoniaGMI1000,RS_RS21995
OG15106,beril_RalstoniaGMI1000,RS_RS22695
OG15107,beril_RalstoniaPSI07,RPSI07_RS05940
OG15108,beril_RalstoniaGMI1000,RS_RS20465
OG15109,beril_RalstoniaPSI07,RPSI07_RS00025
OG15110,beril_RalstoniaBSBF1503,RALBFv3_RS18675
OG15112,beril_RalstoniaBSBF1503,RALBFv3_RS09910
OG15113,beril_RalstoniaBSBF1503,RALBFv3_RS22585
OG15115,beril_RalstoniaBSBF1503,RALBFv3_RS05665
OG15116,beril_RalstoniaBSBF1503,RALBFv3_RS20615
OG15117,beril_RalstoniaBSBF1503,RALBFv3_RS01370
OG15118,beril_RalstoniaBSBF1503,RALBFv3_RS19070
OG15119,beril_RalstoniaBSBF1503,RALBFv3_RS04310
OG15120,beril_RalstoniaGMI1000,RS_RS06805
OG15121,beril_RalstoniaBSBF1503,RALBFv3_RS23470
OG15122,beril_RalstoniaBSBF1503,RALBFv3_RS02375
OG15123,beril_RalstoniaGMI1000,RS_RS12650
OG15124,beril_RalstoniaBSBF1503,RALBFv3_RS00905
OG15125,beril_RalstoniaBSBF1503,RALBFv3_RS07400
OG15126,beril_RalstoniaBSBF1503,RALBFv3_RS22495
OG15127,beril_RalstoniaBSBF1503,RALBFv3_RS08315
OG15128,beril_RalstoniaGMI1000,RS_RS04260
OG15129,beril_RalstoniaPSI07,RPSI07_RS03450
OG15132,beril_RalstoniaBSBF1503,RALBFv3_RS10010
OG15133,beril_RalstoniaBSBF1503,RALBFv3_RS16590
OG15134,beril_RalstoniaBSBF1503,RALBFv3_RS17160
OG15135,beril_RalstoniaBSBF1503,RALBFv3_RS08365
OG15136,beril_RalstoniaBSBF1503,RALBFv3_RS16825
OG15137,beril_RalstoniaBSBF1503,RALBFv3_RS16845
OG15139,beril_RalstoniaBSBF1503,RALBFv3_RS23280
OG15140,beril_RalstoniaBSBF1503,RALBFv3_RS02275
OG15141,beril_RalstoniaBSBF1503,RALBFv3_RS11810
OG15143,beril_RalstoniaPSI07,RPSI07_RS07880
OG15144,beril_RalstoniaPSI07,RPSI07_RS18685
OG15145,beril_RalstoniaBSBF1503,RALBFv3_RS21525
OG15146,beril_RalstoniaBSBF1503,RALBFv3_RS00560
OG15147,beril_RalstoniaBSBF1503,RALBFv3_RS21790
OG15148,beril_RalstoniaPSI07,RPSI07_RS21940
OG15149,beril_RalstoniaGMI1000,RS_RS04410
OG15150,beril_RalstoniaPSI07,RPSI07_RS18675
OG15151,beril_RalstoniaBSBF1503,RALBFv3_RS00800
OG15152,beril_RalstoniaPSI07,RPSI07_RS14125
OG15153,beril_RalstoniaBSBF1503,RALBFv3_RS24550
OG15154,beril_RalstoniaPSI07,RPSI07_RS09390
OG15155,beril_RalstoniaBSBF1503,RALBFv3_RS03395
OG15156,beril_RalstoniaBSBF1503,RALBFv3_RS08070
OG15157,beril_RalstoniaPSI07,RPSI07_RS11700
OG15158,beril_RalstoniaGMI1000,RS_RS24485
OG15160,beril_RalstoniaPSI07,RPSI07_RS00985
OG15162,beril_RalstoniaBSBF1503,RALBFv3_RS04980
OG15163,beril_RalstoniaGMI1000,RS_RS00180
OG15164,beril_RalstoniaBSBF1503,RALBFv3_RS15430
OG15165,beril_RalstoniaBSBF1503,RALBFv3_RS09415
OG15166,beril_RalstoniaBSBF1503,RALBFv3_RS24035
OG15167,beril_RalstoniaBSBF1503,RALBFv3_RS13615
OG15168,beril_RalstoniaBSBF1503,RALBFv3_RS24500
OG15169,beril_RalstoniaBSBF1503,RALBFv3_RS11280
OG15170,beril_RalstoniaBSBF1503,RALBFv3_RS22160
OG15171,beril_RalstoniaBSBF1503,RALBFv3_RS24745
OG15172,beril_RalstoniaBSBF1503,RALBFv3_RS05270
OG15173,beril_RalstoniaPSI07,RPSI07_RS22715
OG15174,beril_RalstoniaBSBF1503,RALBFv3_RS24225
OG15175,beril_RalstoniaGMI1000,RS_RS24810
OG15176,beril_RalstoniaGMI1000,RS_RS23800
OG15177,beril_RalstoniaBSBF1503,RALBFv3_RS19605
OG15178,beril_RalstoniaBSBF1503,RALBFv3_RS22575
OG15179,beril_RalstoniaBSBF1503,RALBFv3_RS13365
OG15180,beril_RalstoniaBSBF1503,RALBFv3_RS09870
OG15181,beril_RalstoniaGMI1000,RS_RS20115
OG15182,beril_RalstoniaGMI1000,RS_RS19150
OG15183,beril_RalstoniaGMI1000,RS_RS03070
OG15184,beril_RalstoniaPSI07,RPSI07_RS05540
OG15185,beril_RalstoniaBSBF1503,RALBFv3_RS10740
OG15186,beril_RalstoniaBSBF1503,RALBFv3_RS17820
OG15188,beril_RalstoniaBSBF1503,RALBFv3_RS00110
OG15191,beril_RalstoniaPSI07,RPSI07_RS04820
OG15192,beril_RalstoniaBSBF1503,RALBFv3_RS21120
OG15193,beril_RalstoniaBSBF1503,RALBFv3_RS20635
OG15195,beril_RalstoniaPSI07,RPSI07_RS06060
OG15197,beril_RalstoniaBSBF1503,RALBFv3_RS07915
OG15198,beril_RalstoniaGMI1000,RS_RS24720
OG15199,beril_RalstoniaPSI07,RPSI07_RS05315
OG15200,beril_RalstoniaGMI1000,RS_RS19110
OG15201,beril_RalstoniaBSBF1503,RALBFv3_RS08130
OG15203,beril_RalstoniaBSBF1503,RALBFv3_RS17250
OG15204,beril_RalstoniaGMI1000,RS_RS06590
OG15205,beril_RalstoniaBSBF1503,RALBFv3_RS16945
OG15206,beril_RalstoniaBSBF1503,RALBFv3_RS07670
OG15207,beril_RalstoniaGMI1000,RS_RS07210
OG15208,beril_RalstoniaPSI07,RPSI07_RS03755
OG15209,beril_RalstoniaPSI07,RPSI07_RS07535
OG15210,beril_RalstoniaBSBF1503,RALBFv3_RS10415
OG15213,beril_RalstoniaBSBF1503,RALBFv3_RS14695
OG15214,beril_RalstoniaGMI1000,RS_RS04200
OG15216,beril_RalstoniaBSBF1503,RALBFv3_RS02245
OG15218,beril_RalstoniaPSI07,RPSI07_RS14520
OG15220,beril_RalstoniaBSBF1503,RALBFv3_RS21300
OG15221,beril_RalstoniaPSI07,RPSI07_RS11360
OG15222,beril_RalstoniaBSBF1503,RALBFv3_RS13600
OG15223,beril_RalstoniaGMI1000,RS_RS12350
OG15224,beril_RalstoniaBSBF1503,RALBFv3_RS19695
OG15225,beril_RalstoniaPSI07,RPSI07_RS07995
OG15226,beril_RalstoniaGMI1000,RS_RS11775
OG15227,beril_RalstoniaBSBF1503,RALBFv3_RS00870
OG15228,beril_RalstoniaBSBF1503,RALBFv3_RS16060
OG15229,beril_RalstoniaBSBF1503,RALBFv3_RS15625
OG15230,beril_RalstoniaBSBF1503,RALBFv3_RS08290
OG15231,beril_RalstoniaGMI1000,RS_RS16195
OG15233,beril_RalstoniaBSBF1503,RALBFv3_RS16340
OG15234,beril_RalstoniaBSBF1503,RALBFv3_RS20955
OG15235,beril_RalstoniaBSBF1503,RALBFv3_RS04850
OG15236,beril_RalstoniaBSBF1503,RALBFv3_RS04055
OG15237,beril_RalstoniaBSBF1503,RALBFv3_RS19190
OG15238,beril_RalstoniaBSBF1503,RALBFv3_RS12545
OG15239,beril_RalstoniaBSBF1503,RALBFv3_RS23150
OG15240,beril_RalstoniaBSBF1503,RALBFv3_RS16535
OG15241,beril_RalstoniaBSBF1503,RALBFv3_RS17095
OG15242,beril_RalstoniaBSBF1503,RALBFv3_RS14005
OG15244,beril_RalstoniaGMI1000,RS_RS14440
OG15245,beril_RalstoniaBSBF1503,RALBFv3_RS08760
OG15246,beril_RalstoniaGMI1000,RS_RS01080
OG15248,beril_RalstoniaBSBF1503,RALBFv3_RS20835
OG15249,beril_RalstoniaPSI07,RPSI07_RS18695
OG15250,beril_RalstoniaPSI07,RPSI07_RS01520
OG15252,beril_RalstoniaBSBF1503,RALBFv3_RS23415
OG15253,beril_RalstoniaGMI1000,RS_RS01935
OG15254,beril_RalstoniaGMI1000,RS_RS18530
OG15255,beril_RalstoniaBSBF1503,RALBFv3_RS24020
OG15256,beril_RalstoniaBSBF1503,RALBFv3_RS21400
OG15257,beril_RalstoniaBSBF1503,RALBFv3_RS22370
OG15258,beril_RalstoniaGMI1000,RS_RS01720
OG15259,beril_RalstoniaBSBF1503,RALBFv3_RS04065
OG15260,beril_RalstoniaPSI07,RPSI07_RS01605
OG15261,beril_RalstoniaPSI07,RPSI07_RS21015
OG15262,beril_RalstoniaBSBF1503,RALBFv3_RS16030
OG15263,beril_RalstoniaBSBF1503,RALBFv3_RS00730
OG15264,beril_RalstoniaGMI1000,RS_RS03645
OG15265,beril_RalstoniaGMI1000,RS_RS04160
OG15266,beril_RalstoniaPSI07,RPSI07_RS21840
OG15267,beril_RalstoniaPSI07,RPSI07_RS04105
OG15268,beril_RalstoniaBSBF1503,RALBFv3_RS01925
OG15269,beril_RalstoniaBSBF1503,RALBFv3_RS19620
OG15270,beril_RalstoniaPSI07,RPSI07_RS00310
OG15271,beril_RalstoniaPSI07,RPSI07_RS22660
OG15273,beril_RalstoniaBSBF1503,RALBFv3_RS10120
OG15274,beril_RalstoniaGMI1000,RS_RS15795
OG15276,beril_RalstoniaPSI07,RPSI07_RS23255
OG15277,beril_RalstoniaGMI1000,RS_RS15565
OG15278,beril_RalstoniaBSBF1503,RALBFv3_RS17565
OG15279,beril_RalstoniaBSBF1503,RALBFv3_RS19530
OG15280,beril_RalstoniaPSI07,RPSI07_RS07770
OG15281,beril_RalstoniaPSI07,RPSI07_RS20585
OG15282,beril_RalstoniaGMI1000,RS_RS18075
OG15285,beril_RalstoniaBSBF1503,RALBFv3_RS24325
OG15286,beril_RalstoniaPSI07,RPSI07_RS12325
OG15287,beril_RalstoniaPSI07,RPSI07_RS01815
OG15288,beril_RalstoniaGMI1000,RS_RS25135
OG15290,beril_RalstoniaGMI1000,RS_RS21275
OG15291,beril_RalstoniaBSBF1503,RALBFv3_RS07760
OG15292,beril_RalstoniaBSBF1503,RALBFv3_RS23215
OG15293,beril_RalstoniaBSBF1503,RALBFv3_RS15995
OG15294,beril_RalstoniaGMI1000,RS_RS18110
OG15295,beril_RalstoniaPSI07,RPSI07_RS13225
OG15296,beril_RalstoniaBSBF1503,RALBFv3_RS18830
OG15297,beril_RalstoniaBSBF1503,RALBFv3_RS08000
OG15298,beril_RalstoniaBSBF1503,RALBFv3_RS09900
OG15299,beril_RalstoniaPSI07,RPSI07_RS08710
OG15300,beril_RalstoniaBSBF1503,RALBFv3_RS22910
OG15301,beril_RalstoniaGMI1000,RS_RS21445
OG15303,beril_RalstoniaBSBF1503,RALBFv3_RS04000
OG15304,beril_RalstoniaBSBF1503,RALBFv3_RS24685
OG15305,beril_RalstoniaBSBF1503,RALBFv3_RS18440
OG15306,beril_RalstoniaGMI1000,RS_RS22300
OG15307,beril_RalstoniaGMI1000,RS_RS24815
OG15308,beril_RalstoniaBSBF1503,RALBFv3_RS14035
OG15309,beril_RalstoniaPSI07,RPSI07_RS05420
OG15311,beril_RalstoniaGMI1000,RS_RS21225
OG15312,beril_RalstoniaBSBF1503,RALBFv3_RS23845
OG15313,beril_RalstoniaBSBF1503,RALBFv3_RS22460
OG15314,beril_RalstoniaGMI1000,RS_RS21330
OG15315,beril_RalstoniaBSBF1503,RALBFv3_RS08045
OG15316,beril_RalstoniaBSBF1503,RALBFv3_RS19420
OG15318,beril_RalstoniaBSBF1503,RALBFv3_RS00460
OG15319,beril_RalstoniaPSI07,RPSI07_RS00700
OG15320,beril_RalstoniaBSBF1503,RALBFv3_RS02425
OG15321,beril_RalstoniaBSBF1503,RALBFv3_RS07505
OG15323,beril_RalstoniaPSI07,RPSI07_RS09070
OG15326,beril_RalstoniaGMI1000,RS_RS08630
OG15327,beril_RalstoniaBSBF1503,RALBFv3_RS08065
OG15328,beril_RalstoniaGMI1000,RS_RS17955
OG15329,beril_RalstoniaBSBF1503,RALBFv3_RS23095
OG15330,beril_RalstoniaPSI07,RPSI07_RS13150
OG15331,beril_RalstoniaBSBF1503,RALBFv3_RS22365
OG15332,beril_RalstoniaPSI07,RPSI07_RS01795
OG15333,beril_RalstoniaPSI07,RPSI07_RS18665
OG15334,beril_RalstoniaBSBF1503,RALBFv3_RS24375
OG15335,beril_RalstoniaBSBF1503,RALBFv3_RS20850
OG15336,beril_RalstoniaGMI1000,RS_RS15915
OG15337,beril_RalstoniaBSBF1503,RALBFv3_RS07865
OG15339,beril_RalstoniaBSBF1503,RALBFv3_RS22525
OG15340,beril_RalstoniaGMI1000,RS_RS23235
OG15341,beril_RalstoniaPSI07,RPSI07_RS03765
OG15342,beril_RalstoniaGMI1000,RS_RS24295
OG15343,beril_RalstoniaBSBF1503,RALBFv3_RS23425
OG15345,beril_RalstoniaGMI1000,RS_RS04015
OG15346,beril_RalstoniaBSBF1503,RALBFv3_RS03485
OG15347,beril_RalstoniaBSBF1503,RALBFv3_RS13455
OG15348,beril_RalstoniaBSBF1503,RALBFv3_RS17915
OG15349,beril_RalstoniaBSBF1503,RALBFv3_RS22245
OG15350,beril_RalstoniaPSI07,RPSI07_RS09565
OG15351,beril_RalstoniaPSI07,RPSI07_RS22650
OG15352,beril_RalstoniaBSBF1503,RALBFv3_RS22225
OG15354,beril_RalstoniaBSBF1503,RALBFv3_RS19485
OG15355,beril_RalstoniaBSBF1503,RALBFv3_RS12405
OG15356,beril_RalstoniaBSBF1503,RALBFv3_RS23760
OG15358,beril_RalstoniaBSBF1503,RALBFv3_RS19015
OG15359,beril_RalstoniaBSBF1503,RALBFv3_RS08105
OG15360,beril_RalstoniaBSBF1503,RALBFv3_RS07580
OG15361,beril_RalstoniaBSBF1503,RALBFv3_RS07935
OG15362,beril_RalstoniaPSI07,RPSI07_RS04035
OG15363,beril_RalstoniaBSBF1503,RALBFv3_RS08330
OG15364,beril_RalstoniaBSBF1503,RALBFv3_RS01550
OG15367,beril_RalstoniaBSBF1503,RALBFv3_RS18325
OG15368,beril_RalstoniaPSI07,RPSI07_RS06065
OG15369,beril_RalstoniaGMI1000,RS_RS15775
OG15370,beril_RalstoniaPSI07,RPSI07_RS04490
OG15371,beril_RalstoniaBSBF1503,RALBFv3_RS10320
OG15372,beril_RalstoniaGMI1000,RS_RS22815
OG15374,beril_RalstoniaBSBF1503,RALBFv3_RS18030
OG15376,beril_RalstoniaBSBF1503,RALBFv3_RS13375
OG15377,beril_RalstoniaBSBF1503,RALBFv3_RS05155
OG15379,beril_RalstoniaPSI07,RPSI07_RS06405
OG15380,beril_RalstoniaGMI1000,RS_RS18445
OG15381,beril_RalstoniaPSI07,RPSI07_RS07530
OG15383,beril_RalstoniaBSBF1503,RALBFv3_RS17855
OG15384,beril_RalstoniaBSBF1503,RALBFv3_RS13370
OG15385,beril_RalstoniaBSBF1503,RALBFv3_RS23360
OG15386,beril_RalstoniaBSBF1503,RALBFv3_RS06520
OG15387,beril_RalstoniaBSBF1503,RALBFv3_RS04385
OG15388,beril_RalstoniaPSI07,RPSI07_RS08615
OG15389,beril_RalstoniaGMI1000,RS_RS19080
OG15390,beril_RalstoniaGMI1000,RS_RS19515
OG15391,beril_RalstoniaGMI1000,RS_RS08165
OG15392,beril_RalstoniaGMI1000,RS_RS13090
OG15393,beril_RalstoniaPSI07,RPSI07_RS05165
OG15394,beril_RalstoniaBSBF1503,RALBFv3_RS23570
OG15395,beril_RalstoniaGMI1000,RS_RS24575
OG15396,beril_RalstoniaBSBF1503,RALBFv3_RS01410
OG15397,beril_RalstoniaBSBF1503,RALBFv3_RS17540
OG15398,beril_RalstoniaGMI1000,RS_RS26495
OG15399,beril_RalstoniaGMI1000,RS_RS09280
OG15401,beril_RalstoniaGMI1000,RS_RS11510
OG15402,beril_RalstoniaPSI07,RPSI07_RS01490
OG15403,beril_RalstoniaGMI1000,RS_RS04125
OG15404,beril_RalstoniaBSBF1503,RALBFv3_RS09320
OG15406,beril_RalstoniaPSI07,RPSI07_RS14795
OG15407,beril_RalstoniaBSBF1503,RALBFv3_RS08690
OG15409,beril_RalstoniaBSBF1503,RALBFv3_RS13355
OG15410,beril_RalstoniaBSBF1503,RALBFv3_RS20845
OG15411,beril_RalstoniaBSBF1503,RALBFv3_RS21755
OG15413,beril_RalstoniaPSI07,RPSI07_RS19680
OG15414,beril_RalstoniaBSBF1503,RALBFv3_RS19445
OG15415,beril_RalstoniaBSBF1503,RALBFv3_RS22800
OG15416,beril_RalstoniaBSBF1503,RALBFv3_RS18950
OG15417,beril_RalstoniaBSBF1503,RALBFv3_RS24475
OG15418,beril_RalstoniaBSBF1503,RALBFv3_RS17060
OG15420,beril_RalstoniaBSBF1503,RALBFv3_RS19195
OG15421,beril_RalstoniaPSI07,RPSI07_RS11715
OG15422,beril_RalstoniaBSBF1503,RALBFv3_RS12995
OG15423,beril_RalstoniaBSBF1503,RALBFv3_RS21275
OG15424,beril_RalstoniaBSBF1503,RALBFv3_RS08625
OG15425,beril_RalstoniaPSI07,RPSI07_RS05490
OG15426,beril_RalstoniaGMI1000,RS_RS18460
OG15427,beril_RalstoniaBSBF1503,RALBFv3_RS01270
OG15428,beril_RalstoniaBSBF1503,RALBFv3_RS12360
OG15429,beril_RalstoniaGMI1000,RS_RS18450
OG15430,beril_RalstoniaBSBF1503,RALBFv3_RS21230
OG15431,beril_RalstoniaGMI1000,RS_RS04185
OG15433,beril_RalstoniaBSBF1503,RALBFv3_RS24155
OG15434,beril_RalstoniaPSI07,RPSI07_RS07000
OG15435,beril_RalstoniaGMI1000,RS_RS23970
OG15436,beril_RalstoniaBSBF1503,RALBFv3_RS18620
OG15437,beril_RalstoniaGMI1000,RS_RS15375
OG15438,beril_RalstoniaBSBF1503,RALBFv3_RS20810
OG15439,beril_RalstoniaGMI1000,RS_RS22740
OG15440,beril_RalstoniaBSBF1503,RALBFv3_RS07620
OG15441,beril_RalstoniaBSBF1503,RALBFv3_RS17735
OG15442,beril_RalstoniaBSBF1503,RALBFv3_RS16015
OG15443,beril_RalstoniaBSBF1503,RALBFv3_RS08500
OG15444,beril_RalstoniaPSI07,RPSI07_RS00170
OG15445,beril_RalstoniaBSBF1503,RALBFv3_RS00930
OG15446,beril_RalstoniaBSBF1503,RALBFv3_RS19680
OG15448,beril_RalstoniaBSBF1503,RALBFv3_RS24000
OG15450,beril_RalstoniaPSI07,RPSI07_RS13620
OG15451,beril_RalstoniaBSBF1503,RALBFv3_RS01990
OG15452,beril_RalstoniaGMI1000,RS_RS11920
OG15453,beril_RalstoniaBSBF1503,RALBFv3_RS04925
OG15455,beril_RalstoniaBSBF1503,RALBFv3_RS18985
OG15457,beril_RalstoniaPSI07,RPSI07_RS07440
OG15458,beril_RalstoniaGMI1000,RS_RS19160
OG15459,beril_RalstoniaPSI07,RPSI07_RS03480
OG15460,beril_RalstoniaBSBF1503,RALBFv3_RS24780
OG15461,beril_RalstoniaBSBF1503,RALBFv3_RS14685
OG15462,beril_RalstoniaBSBF1503,RALBFv3_RS19045
OG15463,beril_RalstoniaBSBF1503,RALBFv3_RS02525
OG15464,beril_RalstoniaGMI1000,RS_RS02650
OG15465,beril_RalstoniaPSI07,RPSI07_RS01235
OG15466,beril_RalstoniaPSI07,RPSI07_RS04095
OG15467,beril_RalstoniaPSI07,RPSI07_RS03645
OG15468,beril_RalstoniaBSBF1503,RALBFv3_RS17630
OG15469,beril_RalstoniaBSBF1503,RALBFv3_RS03255
OG15470,beril_RalstoniaGMI1000,RS_RS17130
OG15471,beril_RalstoniaGMI1000,RS_RS23290
OG15472,beril_RalstoniaGMI1000,RS_RS23055
OG15473,beril_RalstoniaBSBF1503,RALBFv3_RS17080
OG15474,beril_RalstoniaBSBF1503,RALBFv3_RS10755
OG15475,beril_RalstoniaPSI07,RPSI07_RS17950
OG15476,beril_RalstoniaPSI07,RPSI07_RS08160
OG15477,beril_RalstoniaBSBF1503,RALBFv3_RS16110
OG15478,beril_RalstoniaGMI1000,RS_RS20625
OG15479,beril_RalstoniaGMI1000,RS_RS24235
OG15480,beril_RalstoniaPSI07,RPSI07_RS00610
OG15481,beril_RalstoniaBSBF1503,RALBFv3_RS19340
OG15482,beril_RalstoniaPSI07,RPSI07_RS04280
OG15483,beril_RalstoniaBSBF1503,RALBFv3_RS01470
OG15484,beril_RalstoniaBSBF1503,RALBFv3_RS19645
OG15485,beril_RalstoniaBSBF1503,RALBFv3_RS21835
OG15486,beril_RalstoniaBSBF1503,RALBFv3_RS06095
OG15487,beril_RalstoniaGMI1000,RS_RS08125
OG15488,beril_RalstoniaPSI07,RPSI07_RS04080
OG15490,beril_RalstoniaGMI1000,RS_RS02960
OG15491,beril_RalstoniaBSBF1503,RALBFv3_RS19900
OG15492,beril_RalstoniaPSI07,RPSI07_RS09715
OG15493,beril_RalstoniaBSBF1503,RALBFv3_RS21385
OG15495,beril_RalstoniaBSBF1503,RALBFv3_RS17235
OG15496,beril_RalstoniaBSBF1503,RALBFv3_RS13450
OG15497,beril_RalstoniaPSI07,RPSI07_RS13255
OG15499,beril_RalstoniaPSI07,RPSI07_RS04055
OG15500,beril_RalstoniaBSBF1503,RALBFv3_RS22675
OG15501,beril_RalstoniaBSBF1503,RALBFv3_RS22845
OG15502,beril_RalstoniaGMI1000,RS_RS24465
OG15503,beril_RalstoniaBSBF1503,RALBFv3_RS17005
OG15504,beril_RalstoniaBSBF1503,RALBFv3_RS10375
OG15505,beril_RalstoniaBSBF1503,RALBFv3_RS09420
OG15507,beril_RalstoniaPSI07,RPSI07_RS17380
OG15508,beril_RalstoniaBSBF1503,RALBFv3_RS17105
OG15509,beril_RalstoniaBSBF1503,RALBFv3_RS17665
OG15510,beril_RalstoniaBSBF1503,RALBFv3_RS21080
OG15512,beril_RalstoniaBSBF1503,RALBFv3_RS11320
OG15513,beril_RalstoniaGMI1000,RS_RS19495
OG15515,beril_RalstoniaGMI1000,RS_RS24550
OG15517,beril_RalstoniaBSBF1503,RALBFv3_RS13280
OG15518,beril_RalstoniaGMI1000,RS_RS24800
OG15519,beril_RalstoniaGMI1000,RS_RS02990
OG15521,beril_RalstoniaPSI07,RPSI07_RS05645
OG15523,beril_RalstoniaBSBF1503,RALBFv3_RS20150
OG15524,beril_RalstoniaBSBF1503,RALBFv3_RS16800
OG15525,beril_RalstoniaPSI07,RPSI07_RS08930
OG15527,beril_RalstoniaBSBF1503,RALBFv3_RS09185
OG15528,beril_RalstoniaBSBF1503,RALBFv3_RS22775
OG15529,beril_RalstoniaBSBF1503,RALBFv3_RS05935
OG15530,beril_RalstoniaGMI1000,RS_RS16275
OG15531,beril_RalstoniaBSBF1503,RALBFv3_RS21970
OG15532,beril_RalstoniaBSBF1503,RALBFv3_RS16790
OG15534,beril_RalstoniaBSBF1503,RALBFv3_RS04860
OG15535,beril_RalstoniaBSBF1503,RALBFv3_RS22195
OG15536,beril_RalstoniaBSBF1503,RALBFv3_RS12335
OG15537,beril_RalstoniaPSI07,RPSI07_RS09370
OG15538,beril_RalstoniaBSBF1503,RALBFv3_RS22305
OG15539,beril_RalstoniaGMI1000,RS_RS15945
OG15540,beril_RalstoniaGMI1000,RS_RS19725
OG15541,beril_RalstoniaPSI07,RPSI07_RS00260
OG15542,beril_RalstoniaPSI07,RPSI07_RS15130
OG15543,beril_RalstoniaPSI07,RPSI07_RS20380
OG15544,beril_RalstoniaGMI1000,RS_RS20865
OG15546,beril_RalstoniaPSI07,RPSI07_RS01635
OG15547,beril_RalstoniaGMI1000,RS_RS26335
OG15548,beril_RalstoniaGMI1000,RS_RS25380
OG15549,beril_RalstoniaGMI1000,RS_RS17540
OG15550,beril_RalstoniaPSI07,RPSI07_RS07785
OG15551,beril_RalstoniaGMI1000,RS_RS24085
OG15552,beril_RalstoniaPSI07,RPSI07_RS12550
OG15553,beril_RalstoniaGMI1000,RS_RS07320
OG15554,beril_RalstoniaGMI1000,RS_RS12490
OG15556,beril_RalstoniaGMI1000,RS_RS09905
OG15557,beril_RalstoniaGMI1000,RS_RS04380
OG15558,beril_RalstoniaGMI1000,RS_RS26225
OG15559,beril_RalstoniaGMI1000,RS_RS25750
OG15560,beril_RalstoniaPSI07,RPSI07_RS00715
OG15561,beril_RalstoniaGMI1000,RS_RS25595
OG15562,beril_RalstoniaPSI07,RPSI07_RS03185
OG15563,beril_RalstoniaPSI07,RPSI07_RS03165
OG15564,beril_RalstoniaGMI1000,RS_RS25410
OG15565,beril_RalstoniaGMI1000,RS_RS19445
OG15566,beril_RalstoniaPSI07,RPSI07_RS00095
OG15567,beril_RalstoniaPSI07,RPSI07_RS07790
OG15568,beril_RalstoniaPSI07,RPSI07_RS03155
OG15569,beril_RalstoniaGMI1000,RS_RS04865
OG15570,beril_RalstoniaPSI07,RPSI07_RS16635
OG15571,beril_RalstoniaPSI07,RPSI07_RS13915
OG15572,beril_RalstoniaGMI1000,RS_RS22160
OG15573,beril_RalstoniaGMI1000,RS_RS25200
OG15574,beril_RalstoniaPSI07,RPSI07_RS07955
OG15575,beril_RalstoniaGMI1000,RS_RS24020
OG15577,beril_RalstoniaGMI1000,RS_RS18480
OG15578,beril_RalstoniaGMI1000,RS_RS03050
OG15579,beril_RalstoniaPSI07,RPSI07_RS23480
OG15580,beril_RalstoniaPSI07,RPSI07_RS24115
OG15581,beril_RalstoniaGMI1000,RS_RS19375
OG15583,beril_RalstoniaPSI07,RPSI07_RS16640
OG15584,beril_RalstoniaGMI1000,RS_RS10695
OG15585,beril_RalstoniaPSI07,RPSI07_RS09685
OG15586,beril_RalstoniaGMI1000,RS_RS01295
OG15588,beril_RalstoniaGMI1000,RS_RS18015
OG15589,beril_RalstoniaPSI07,RPSI07_RS16075
OG15590,beril_RalstoniaGMI1000,RS_RS21620
OG15591,beril_RalstoniaGMI1000,RS_RS04625
OG15592,beril_RalstoniaGMI1000,RS_RS07470
OG15594,beril_RalstoniaGMI1000,RS_RS21530
OG15595,beril_RalstoniaGMI1000,RS_RS19430
OG15596,beril_RalstoniaPSI07,RPSI07_RS16760
OG15597,beril_RalstoniaGMI1000,RS_RS13095
OG15598,beril_RalstoniaGMI1000,RS_RS25730
OG15599,beril_RalstoniaGMI1000,RS_RS12420
OG15600,beril_RalstoniaGMI1000,RS_RS20735
OG15601,beril_RalstoniaPSI07,RPSI07_RS14970
OG15602,beril_RalstoniaPSI07,RPSI07_RS24145
OG15603,beril_RalstoniaGMI1000,RS_RS23820
OG15604,beril_RalstoniaGMI1000,RS_RS21510
OG15605,beril_RalstoniaGMI1000,RS_RS01290
OG15606,beril_RalstoniaGMI1000,RS_RS11390
OG15608,beril_RalstoniaGMI1000,RS_RS21465
OG15609,beril_RalstoniaPSI07,RPSI07_RS16660
OG15610,beril_RalstoniaGMI1000,RS_RS25695
OG15613,beril_RalstoniaPSI07,RPSI07_RS01750
OG15614,beril_RalstoniaGMI1000,RS_RS25055
OG15615,beril_RalstoniaPSI07,RPSI07_RS03195
OG15616,beril_RalstoniaGMI1000,RS_RS20855
OG15617,beril_RalstoniaPSI07,RPSI07_RS24575
OG15618,beril_RalstoniaGMI1000,RS_RS09150
OG15619,beril_RalstoniaPSI07,RPSI07_RS12320
OG15620,beril_RalstoniaGMI1000,RS_RS20845
OG15621,beril_RalstoniaPSI07,RPSI07_RS03970
OG15622,beril_RalstoniaGMI1000,RS_RS24005
OG15624,beril_RalstoniaGMI1000,RS_RS20630
OG15625,beril_RalstoniaPSI07,RPSI07_RS00725
OG15626,beril_RalstoniaGMI1000,RS_RS20635
OG15627,beril_RalstoniaGMI1000,RS_RS23395
OG15628,beril_RalstoniaGMI1000,RS_RS01195
OG15629,beril_RalstoniaPSI07,RPSI07_RS25360
OG15630,beril_RalstoniaPSI07,RPSI07_RS00650
OG15631,beril_RalstoniaGMI1000,RS_RS20285
OG15632,beril_RalstoniaGMI1000,RS_RS20885
OG15633,beril_RalstoniaPSI07,RPSI07_RS01600
OG15634,beril_RalstoniaPSI07,RPSI07_RS18260
OG15635,beril_RalstoniaGMI1000,RS_RS21470
OG15636,beril_RalstoniaGMI1000,RS_RS14470
OG15637,beril_RalstoniaPSI07,RPSI07_RS01585
OG15638,beril_RalstoniaGMI1000,RS_RS26215
OG15639,beril_RalstoniaPSI07,RPSI07_RS07780
OG15640,beril_RalstoniaPSI07,RPSI07_RS09190
OG15641,beril_RalstoniaGMI1000,RS_RS08370
OG15642,beril_RalstoniaPSI07,RPSI07_RS03400
OG15643,beril_RalstoniaPSI07,RPSI07_RS15485
OG15644,beril_RalstoniaGMI1000,RS_RS26160
OG15645,beril_RalstoniaGMI1000,RS_RS20895
OG15646,beril_RalstoniaPSI07,RPSI07_RS09195
OG15647,beril_RalstoniaGMI1000,RS_RS21605
OG15648,beril_RalstoniaPSI07,RPSI07_RS23475
OG15649,beril_RalstoniaGMI1000,RS_RS18550
OG15650,beril_RalstoniaGMI1000,RS_RS12455
OG15651,beril_RalstoniaGMI1000,RS_RS24025
OG15652,beril_RalstoniaPSI07,RPSI07_RS02825
OG15653,beril_RalstoniaPSI07,RPSI07_RS00550
OG15654,beril_RalstoniaPSI07,RPSI07_RS00555
OG15655,beril_RalstoniaPSI07,RPSI07_RS24475
OG15656,beril_RalstoniaPSI07,RPSI07_RS08805
OG15657,beril_RalstoniaPSI07,RPSI07_RS21985
OG15658,beril_RalstoniaPSI07,RPSI07_RS18775
OG15659,beril_RalstoniaPSI07,RPSI07_RS06960
OG15660,beril_RalstoniaPSI07,RPSI07_RS22040
OG15661,beril_RalstoniaPSI07,RPSI07_RS18690
OG15662,beril_RalstoniaPSI07,RPSI07_RS04150
OG15663,beril_RalstoniaPSI07,RPSI07_RS15540
OG15664,beril_RalstoniaPSI07,RPSI07_RS24440
