pair,locus_tag,gene,beril_call,deg_call
mtub/DEG1010,Rv0060,,1,0
mtub/DEG1010,Rv0098,fcot,1,0
mtub/DEG1010,Rv0099,fadd10,1,0
mtub/DEG1010,Rv0100,,1,0
mtub/DEG1010,Rv0101,nrp,1,0
mtub/DEG1010,Rv0102,,1,0
mtub/DEG1010,Rv0127,mak,1,0
mtub/DEG1010,Rv0169,mce1a,1,0
mtub/DEG1010,Rv0170,mce1b,1,0
mtub/DEG1010,Rv0171,mce1c,1,0
mtub/DEG1010,Rv0173,lprk,1,0
mtub/DEG1010,Rv0175,,1,0
mtub/DEG1010,Rv0176,,1,0
mtub/DEG1010,Rv0199,,1,0
mtub/DEG1010,Rv0204c,,1,0
mtub/DEG1010,Rv0205,,1,0
mtub/DEG1010,Rv0208c,,1,0
mtub/DEG1010,Rv0216,,1,0
mtub/DEG1010,Rv0218,,1,0
mtub/DEG1010,Rv0224c,,1,0
mtub/DEG1010,Rv0226c,,1,0
mtub/DEG1010,Rv0227c,,1,0
mtub/DEG1010,Rv0228,,1,0
mtub/DEG1010,Rv0236c,aftd,1,0
mtub/DEG1010,Rv0249c,,1,0
mtub/DEG1010,Rv0282,ecca3,1,0
mtub/DEG1010,Rv0283,eccb3,1,0
mtub/DEG1010,Rv0284,eccc3,1,0
mtub/DEG1010,Rv0289,espg3,1,0
mtub/DEG1010,Rv0290,eccd3,1,0
mtub/DEG1010,Rv0292,ecce3,1,0
mtub/DEG1010,Rv0311,,1,0
mtub/DEG1010,Rv0312,,1,0
mtub/DEG1010,Rv0326,,1,0
mtub/DEG1010,Rv0338c,,1,0
mtub/DEG1010,Rv0347,,1,0
mtub/DEG1010,Rv0352,dnaj1,1,0
mtub/DEG1010,Rv0372c,,1,0
mtub/DEG1010,Rv0383c,,1,0
mtub/DEG1010,Rv0412c,,1,0
mtub/DEG1010,Rv0414c,thie,1,0
mtub/DEG1010,Rv0427c,xtha,1,0
mtub/DEG1010,Rv0430,,1,0
mtub/DEG1010,Rv0462,lpdc,1,0
mtub/DEG1010,Rv0470c,pcaa,1,0
mtub/DEG1010,Rv0479c,,1,0
mtub/DEG1010,Rv0490,senx3,1,0
mtub/DEG1010,Rv0511,hemd,1,0
mtub/DEG1010,Rv0525,,1,0
mtub/DEG1010,Rv0526,,1,0
mtub/DEG1010,Rv0527,ccda,1,0
mtub/DEG1010,Rv0528,,1,0
mtub/DEG1010,Rv0529,ccsa,1,0
mtub/DEG1010,Rv0540,,1,0
mtub/DEG1010,Rv0541c,,1,0
mtub/DEG1010,Rv0556,,1,0
mtub/DEG1010,Rv0557,mgta,1,0
mtub/DEG1010,Rv0558,menh,1,0
mtub/DEG1010,Rv0566c,,1,0
mtub/DEG1010,Rv0588,,1,0
mtub/DEG1010,Rv0607,,1,0
mtub/DEG1010,Rv0627,vapc5,1,0
mtub/DEG1010,Rv0628c,,1,0
mtub/DEG1010,Rv0635,hada,1,0
mtub/DEG1010,Rv0636,hadb,1,0
mtub/DEG1010,Rv0638,sece1,1,0
mtub/DEG1010,Rv0643c,mmaa3,1,0
mtub/DEG1010,Rv0655,mkl,1,0
mtub/DEG1010,Rv0666,,1,0
mtub/DEG1010,Rv0674,,1,0
mtub/DEG1010,Rv0684,fusa1,1,0
mtub/DEG1010,Rv0687,,1,0
mtub/DEG1010,Rv0697,,1,0
mtub/DEG1010,Rv0736,rsla,1,0
mtub/DEG1010,Rv0744c,,1,0
mtub/DEG1010,Rv0780,purc,1,0
mtub/DEG1010,Rv0811c,,1,0
mtub/DEG1010,Rv0817c,,1,0
mtub/DEG1010,Rv0875c,,1,0
mtub/DEG1010,Rv0883c,,1,0
mtub/DEG1010,Rv0894,,1,0
mtub/DEG1010,Rv0900,arfb,1,0
mtub/DEG1010,Rv0949,uvrd1,1,0
mtub/DEG1010,Rv0950c,,1,0
mtub/DEG1010,Rv0955,,1,0
mtub/DEG1010,Rv1002c,,1,0
mtub/DEG1010,Rv1005c,,1,0
mtub/DEG1010,Rv1007c,mets,1,0
mtub/DEG1010,Rv1013,pks16,1,0
mtub/DEG1010,Rv1016c,lpqt,1,0
mtub/DEG1010,Rv1021,,1,0
mtub/DEG1010,Rv1024,,1,0
mtub/DEG1010,Rv1025,,1,0
mtub/DEG1010,Rv1026,,1,0
mtub/DEG1010,Rv1028c,kdpd,1,0
mtub/DEG1010,Rv1098c,fum,1,0
mtub/DEG1010,Rv1099c,glpx,1,0
mtub/DEG1010,Rv1109c,,1,0
mtub/DEG1010,Rv1111c,,1,0
mtub/DEG1010,Rv1126c,,1,0
mtub/DEG1010,Rv1128c,,1,0
mtub/DEG1010,Rv1144,,1,0
mtub/DEG1010,Rv1183,mmpl10,1,0
mtub/DEG1010,Rv1185c,fadd21,1,0
mtub/DEG1010,Rv1186c,,1,0
mtub/DEG1010,Rv1188,,1,0
mtub/DEG1010,Rv1192,,1,0
mtub/DEG1010,Rv1194c,,1,0
mtub/DEG1010,Rv1201c,dapd,1,0
mtub/DEG1010,Rv1204c,,1,0
mtub/DEG1010,Rv1208,gpgs,1,0
mtub/DEG1010,Rv1211,,1,0
mtub/DEG1010,Rv1215c,,1,0
mtub/DEG1010,Rv1224,tatb,1,0
mtub/DEG1010,Rv1232c,,1,0
mtub/DEG1010,Rv1235,lpqy,1,0
mtub/DEG1010,Rv1236,suga,1,0
mtub/DEG1010,Rv1237,sugb,1,0
mtub/DEG1010,Rv1238,sugc,1,0
mtub/DEG1010,Rv1244,lpqz,1,0
mtub/DEG1010,Rv1248c,,1,0
mtub/DEG1010,Rv1254,,1,0
mtub/DEG1010,Rv1272c,,1,0
mtub/DEG1010,Rv1278,,1,0
mtub/DEG1010,Rv1284,cana,1,0
mtub/DEG1010,Rv1286,,1,0
mtub/DEG1010,Rv1301,,1,0
mtub/DEG1010,Rv1303,,1,0
mtub/DEG1010,Rv1304,atpb,1,0
mtub/DEG1010,Rv1323,fada4,1,0
mtub/DEG1010,Rv1332,,1,0
mtub/DEG1010,Rv1333,,1,0
mtub/DEG1010,Rv1338,muri,1,0
mtub/DEG1010,Rv1339,,1,0
mtub/DEG1010,Rv1342c,,1,0
mtub/DEG1010,Rv1347c,mbtk,1,0
mtub/DEG1010,Rv1348,irta,1,0
mtub/DEG1010,Rv1349,irtb,1,0
mtub/DEG1010,Rv1350,fabg2,1,0
mtub/DEG1010,Rv1371,,1,0
mtub/DEG1010,Rv1382,,1,0
mtub/DEG1010,Rv1388,mihf,1,0
mtub/DEG1010,Rv1405c,,1,0
mtub/DEG1010,Rv1410c,,1,0
mtub/DEG1010,Rv1411c,lprg,1,0
mtub/DEG1010,Rv1422,,1,0
mtub/DEG1010,Rv1438,tpi,1,0
mtub/DEG1010,Rv1456c,,1,0
mtub/DEG1010,Rv1457c,,1,0
mtub/DEG1010,Rv1459c,,1,0
mtub/DEG1010,Rv1460,,1,0
mtub/DEG1010,Rv1462,,1,0
mtub/DEG1010,Rv1463,,1,0
mtub/DEG1010,Rv1465,,1,0
mtub/DEG1010,Rv1466,,1,0
mtub/DEG1010,Rv1469,ctpd,1,0
mtub/DEG1010,Rv1476,,1,0
mtub/DEG1010,Rv1477,ripa,1,0
mtub/DEG1010,Rv1479,moxr1,1,0
mtub/DEG1010,Rv1480,,1,0
mtub/DEG1010,Rv1485,hemz,1,0
mtub/DEG1010,Rv1490,,1,0
mtub/DEG1010,Rv1514c,,1,0
mtub/DEG1010,Rv1524,,1,0
mtub/DEG1010,Rv1547,dnae1,1,0
mtub/DEG1010,Rv1560,vapb11,1,0
mtub/DEG1010,Rv1568,bioa,1,0
mtub/DEG1010,Rv1569,biof1,1,0
mtub/DEG1010,Rv1589,biob,1,0
mtub/DEG1010,Rv1590,,1,0
mtub/DEG1010,Rv1600,hisc1,1,0
mtub/DEG1010,Rv1606,hisi,1,0
mtub/DEG1010,Rv1610,,1,0
mtub/DEG1010,Rv1626,,1,0
mtub/DEG1010,Rv1640c,lysx,1,0
mtub/DEG1010,Rv1683,,1,0
mtub/DEG1010,Rv1696,recn,1,0
mtub/DEG1010,Rv1697,,1,0
mtub/DEG1010,Rv1701,,1,0
mtub/DEG1010,Rv1708,,1,0
mtub/DEG1010,Rv1710,scpb,1,0
mtub/DEG1010,Rv1711,,1,0
mtub/DEG1010,Rv1714,,1,0
mtub/DEG1010,Rv1730c,,1,0
mtub/DEG1010,Rv1738,,1,0
mtub/DEG1010,Rv1821,seca2,1,0
mtub/DEG1010,Rv1828,,1,0
mtub/DEG1010,Rv1930c,,1,0
mtub/DEG1010,Rv1931c,,1,0
mtub/DEG1010,Rv1939,,1,0
mtub/DEG1010,Rv1974,,1,0
mtub/DEG1010,Rv2004c,,1,0
mtub/DEG1010,Rv2026c,,1,0
mtub/DEG1010,Rv2038c,,1,0
mtub/DEG1010,Rv2040c,,1,0
mtub/DEG1010,Rv2041c,,1,0
mtub/DEG1010,Rv2048c,pks12,1,0
mtub/DEG1010,Rv2050,,1,0
mtub/DEG1010,Rv2072c,cobl,1,0
mtub/DEG1010,Rv2111c,pup,1,0
mtub/DEG1010,Rv2122c,hise,1,0
mtub/DEG1010,Rv2130c,mshc,1,0
mtub/DEG1010,Rv2156c,murx,1,0
mtub/DEG1010,Rv2164c,,1,0
mtub/DEG1010,Rv2165c,,1,0
mtub/DEG1010,Rv2166c,,1,0
mtub/DEG1010,Rv2174,mpta,1,0
mtub/DEG1010,Rv2179c,,1,0
mtub/DEG1010,Rv2215,dlat,1,0
mtub/DEG1010,Rv2219,,1,0
mtub/DEG1010,Rv2224c,caea,1,0
mtub/DEG1010,Rv2229c,,1,0
mtub/DEG1010,Rv2235,,1,0
mtub/DEG1010,Rv2241,acee,1,0
mtub/DEG1010,Rv2242,,1,0
mtub/DEG1010,Rv2244,acpm,1,0
mtub/DEG1010,Rv2251,,1,0
mtub/DEG1010,Rv2260,,1,0
mtub/DEG1010,Rv2275,,1,0
mtub/DEG1010,Rv2277c,,1,0
mtub/DEG1010,Rv2283,,1,0
mtub/DEG1010,Rv2319c,,1,0
mtub/DEG1010,Rv2325c,,1,0
mtub/DEG1010,Rv2335,cyse,1,0
mtub/DEG1010,Rv2359,zur,1,0
mtub/DEG1010,Rv2361c,,1,0
mtub/DEG1010,Rv2364c,era,1,0
mtub/DEG1010,Rv2365c,,1,0
mtub/DEG1010,Rv2374c,hrca,1,0
mtub/DEG1010,Rv2386c,mbti,1,0
mtub/DEG1010,Rv2387,,1,0
mtub/DEG1010,Rv2388c,hemn,1,0
mtub/DEG1010,Rv2391,sira,1,0
mtub/DEG1010,Rv2397c,cysa1,1,0
mtub/DEG1010,Rv2418c,,1,0
mtub/DEG1010,Rv2437,,1,0
mtub/DEG1010,Rv2440c,obg,1,0
mtub/DEG1010,Rv2472,,1,0
mtub/DEG1010,Rv2477c,,1,0
mtub/DEG1010,Rv2483c,plsc,1,0
mtub/DEG1010,Rv2502c,accd1,1,0
mtub/DEG1010,Rv2507,,1,0
mtub/DEG1010,Rv2510c,,1,0
mtub/DEG1010,Rv2515c,,1,0
mtub/DEG1010,Rv2516c,,1,0
mtub/DEG1010,Rv2553c,,1,0
mtub/DEG1010,Rv2554c,,1,0
mtub/DEG1010,Rv2611c,,1,0
mtub/DEG1010,Rv2612c,pgsa1,1,0
mtub/DEG1010,Rv2613c,,1,0
mtub/DEG1010,Rv2673,aftc,1,0
mtub/DEG1010,Rv2682c,dxs1,1,0
mtub/DEG1010,Rv2692,ceoc,1,0
mtub/DEG1010,Rv2696c,,1,0
mtub/DEG1010,Rv2698,,1,0
mtub/DEG1010,Rv2700,,1,0
mtub/DEG1010,Rv2707,,1,0
mtub/DEG1010,Rv2734,,1,0
mtub/DEG1010,Rv2739c,,1,0
mtub/DEG1010,Rv2747,arga,1,0
mtub/DEG1010,Rv2808,,1,0
mtub/DEG1010,Rv2813,,1,0
mtub/DEG1010,Rv2817c,,1,0
mtub/DEG1010,Rv2827c,,1,0
mtub/DEG1010,Rv2828c,,1,0
mtub/DEG1010,Rv2830c,vapb22,1,0
mtub/DEG1010,Rv2837c,,1,0
mtub/DEG1010,Rv2855,mtr,1,0
mtub/DEG1010,Rv2857c,,1,0
mtub/DEG1010,Rv2869c,rip,1,0
mtub/DEG1010,Rv2897c,,1,0
mtub/DEG1010,Rv2908c,,1,0
mtub/DEG1010,Rv2912c,,1,0
mtub/DEG1010,Rv2921c,ftsy,1,0
mtub/DEG1010,Rv2926c,,1,0
mtub/DEG1010,Rv2927c,,1,0
mtub/DEG1010,Rv2936,drra,1,0
mtub/DEG1010,Rv2937,drrb,1,0
mtub/DEG1010,Rv2938,drrc,1,0
mtub/DEG1010,Rv2942,mmpl7,1,0
mtub/DEG1010,Rv2968c,,1,0
mtub/DEG1010,Rv2969c,,1,0
mtub/DEG1010,Rv2971,,1,0
mtub/DEG1010,Rv2976c,ung,1,0
mtub/DEG1010,Rv2981c,ddla,1,0
mtub/DEG1010,Rv2992c,glts,1,0
mtub/DEG1010,Rv2996c,sera1,1,0
mtub/DEG1010,Rv2998,,1,0
mtub/DEG1010,Rv3002c,ilvn,1,0
mtub/DEG1010,Rv3003c,ilvb1,1,0
mtub/DEG1010,Rv3030,,1,0
mtub/DEG1010,Rv3031,,1,0
mtub/DEG1010,Rv3032,,1,0
mtub/DEG1010,Rv3048c,nrdf2,1,0
mtub/DEG1010,Rv3050c,,1,0
mtub/DEG1010,Rv3061c,fade22,1,0
mtub/DEG1010,Rv3087,,1,0
mtub/DEG1010,Rv3103c,,1,0
mtub/DEG1010,Rv3109,moaa1,1,0
mtub/DEG1010,Rv3111,moac1,1,0
mtub/DEG1010,Rv3112,moad1,1,0
mtub/DEG1010,Rv3113,,1,0
mtub/DEG1010,Rv3114,,1,0
mtub/DEG1010,Rv3131,,1,0
mtub/DEG1010,Rv3137,,1,0
mtub/DEG1010,Rv3168,,1,0
mtub/DEG1010,Rv3177,,1,0
mtub/DEG1010,Rv3178,,1,0
mtub/DEG1010,Rv3210c,,1,0
mtub/DEG1010,Rv3229c,desa3,1,0
mtub/DEG1010,Rv3236c,,1,0
mtub/DEG1010,Rv3240c,seca1,1,0
mtub/DEG1010,Rv3243c,,1,0
mtub/DEG1010,Rv3246c,mtra,1,0
mtub/DEG1010,Rv3257c,pmma,1,0
mtub/DEG1010,Rv3258c,,1,0
mtub/DEG1010,Rv3264c,manb,1,0
mtub/DEG1010,Rv3265c,wbbl1,1,0
mtub/DEG1010,Rv3267,,1,0
mtub/DEG1010,Rv3270,ctpc,1,0
mtub/DEG1010,Rv3271c,,1,0
mtub/DEG1010,Rv3277,,1,0
mtub/DEG1010,Rv3281,acce5,1,0
mtub/DEG1010,Rv3335c,,1,0
mtub/DEG1010,Rv3341,meta,1,0
mtub/DEG1010,Rv3371,,1,0
mtub/DEG1010,Rv3375,amid,1,0
mtub/DEG1010,Rv3398c,idsa1,1,0
mtub/DEG1010,Rv3400,,1,0
mtub/DEG1010,Rv3417c,groel1,1,0
mtub/DEG1010,Rv3419c,gcp,1,0
mtub/DEG1010,Rv3422c,,1,0
mtub/DEG1010,Rv3472,,1,0
mtub/DEG1010,Rv3484,,1,0
mtub/DEG1010,Rv3489,,1,0
mtub/DEG1010,Rv3495c,lprn,1,0
mtub/DEG1010,Rv3499c,mce4a,1,0
mtub/DEG1010,Rv3501c,yrbe4a,1,0
mtub/DEG1010,Rv3502c,,1,0
mtub/DEG1010,Rv3519,,1,0
mtub/DEG1010,Rv3523,ltp3,1,0
mtub/DEG1010,Rv3534c,hsaf,1,0
mtub/DEG1010,Rv3538,,1,0
mtub/DEG1010,Rv3540c,ltp2,1,0
mtub/DEG1010,Rv3541c,,1,0
mtub/DEG1010,Rv3542c,,1,0
mtub/DEG1010,Rv3544c,fade28,1,0
mtub/DEG1010,Rv3545c,cyp125,1,0
mtub/DEG1010,Rv3551,,1,0
mtub/DEG1010,Rv3556c,fada6,1,0
mtub/DEG1010,Rv3559c,,1,0
mtub/DEG1010,Rv3560c,fade30,1,0
mtub/DEG1010,Rv3563,fade32,1,0
mtub/DEG1010,Rv3574,kstr,1,0
mtub/DEG1010,Rv3579c,,1,0
mtub/DEG1010,Rv3580c,cyss1,1,0
mtub/DEG1010,Rv3588c,canb,1,0
mtub/DEG1010,Rv3596c,clpc1,1,0
mtub/DEG1010,Rv3604c,,1,0
mtub/DEG1010,Rv3607c,folb,1,0
mtub/DEG1010,Rv3608c,folp1,1,0
mtub/DEG1010,Rv3614c,espd,1,0
mtub/DEG1010,Rv3615c,espc,1,0
mtub/DEG1010,Rv3616c,espa,1,0
mtub/DEG1010,Rv3627c,,1,0
mtub/DEG1010,Rv3631,,1,0
mtub/DEG1010,Rv3634c,gale1,1,0
mtub/DEG1010,Rv3635,,1,0
mtub/DEG1010,Rv3649,,1,0
mtub/DEG1010,Rv3651,,1,0
mtub/DEG1010,Rv3658c,,1,0
mtub/DEG1010,Rv3660c,,1,0
mtub/DEG1010,Rv3663c,dppd,1,0
mtub/DEG1010,Rv3669,,1,0
mtub/DEG1010,Rv3679,,1,0
mtub/DEG1010,Rv3683,,1,0
mtub/DEG1010,Rv3701c,egtd,1,0
mtub/DEG1010,Rv3712,,1,0
mtub/DEG1010,Rv3717,,1,0
mtub/DEG1010,Rv3722c,,1,0
mtub/DEG1010,Rv3723,,1,0
mtub/DEG1010,Rv3752c,,1,0
mtub/DEG1010,Rv3758c,prov,1,0
mtub/DEG1010,Rv3778c,,1,0
mtub/DEG1010,Rv3782,glft1,1,0
mtub/DEG1010,Rv3790,dpre1,1,0
mtub/DEG1010,Rv3791,dpre2,1,0
mtub/DEG1010,Rv3792,afta,1,0
mtub/DEG1010,Rv3794,emba,1,0
mtub/DEG1010,Rv3802c,,1,0
mtub/DEG1010,Rv3805c,aftb,1,0
mtub/DEG1010,Rv3806c,ubia,1,0
mtub/DEG1010,Rv3808c,glft2,1,0
mtub/DEG1010,Rv3810,pirg,1,0
mtub/DEG1010,Rv3855,ethr,1,0
mtub/DEG1010,Rv3864,espe,1,0
mtub/DEG1010,Rv3868,ecca1,1,0
mtub/DEG1010,Rv3869,eccb1,1,0
mtub/DEG1010,Rv3870,eccca1,1,0
mtub/DEG1010,Rv3876,espi,1,0
mtub/DEG1010,Rv3877,eccd1,1,0
mtub/DEG1010,Rv3882c,ecce1,1,0
mtub/DEG1010,Rv3910,,1,0
mtub/DEG1010,Rv3915,,1,0
mtub/DEG1010,Rv3917c,parb,1,0
mtub/DEG1010,Rv3918c,para,1,0
mtub/DEG1010,Rv3921c,,1,0
mtub/DEG1025,Rv0002,dnan,0,1
mtub/DEG1025,Rv0006,gyra,0,1
mtub/DEG1025,Rv0013,trpg,0,1
mtub/DEG1025,Rv0018c,pstp,0,1
mtub/DEG1025,Rv0020c,fhaa,0,1
mtub/DEG1025,Rv0032,biof2,0,1
mtub/DEG1025,Rv0046c,ino1,0,1
mtub/DEG1025,Rv0050,pona1,0,1
mtub/DEG1025,Rv0053,rpsf,0,1
mtub/DEG1025,Rv0060,,1,0
mtub/DEG1025,Rv0066c,icd2,0,1
mtub/DEG1025,Rv0085,hycp,1,0
mtub/DEG1025,Rv0086,hycq,1,0
mtub/DEG1025,Rv0098,fcot,1,0
mtub/DEG1025,Rv0099,fadd10,1,0
mtub/DEG1025,Rv0100,,1,0
mtub/DEG1025,Rv0101,nrp,1,0
mtub/DEG1025,Rv0102,,1,0
mtub/DEG1025,Rv0119,fadd7,0,1
mtub/DEG1025,Rv0126,tres,0,1
mtub/DEG1025,Rv0164,tb18.5,0,1
mtub/DEG1025,Rv0169,mce1a,1,0
mtub/DEG1025,Rv0170,mce1b,1,0
mtub/DEG1025,Rv0171,mce1c,1,0
mtub/DEG1025,Rv0173,lprk,1,0
mtub/DEG1025,Rv0175,,1,0
mtub/DEG1025,Rv0176,,1,0
mtub/DEG1025,Rv0198c,zmp1,0,1
mtub/DEG1025,Rv0199,,1,0
mtub/DEG1025,Rv0204c,,1,0
mtub/DEG1025,Rv0205,,1,0
mtub/DEG1025,Rv0206c,mmpl3,0,1
mtub/DEG1025,Rv0208c,,1,0
mtub/DEG1025,Rv0211,pcka,0,1
mtub/DEG1025,Rv0216,,1,0
mtub/DEG1025,Rv0218,,1,0
mtub/DEG1025,Rv0224c,,1,0
mtub/DEG1025,Rv0226c,,1,0
mtub/DEG1025,Rv0227c,,1,0
mtub/DEG1025,Rv0228,,1,0
mtub/DEG1025,Rv0249c,,1,0
mtub/DEG1025,Rv0311,,1,0
mtub/DEG1025,Rv0312,,1,0
mtub/DEG1025,Rv0326,,1,0
mtub/DEG1025,Rv0327c,cyp135a1,0,1
mtub/DEG1025,Rv0338c,,1,0
mtub/DEG1025,Rv0347,,1,0
mtub/DEG1025,Rv0363c,fba,0,1
mtub/DEG1025,Rv0372c,,1,0
mtub/DEG1025,Rv0382c,pyre,0,1
mtub/DEG1025,Rv0383c,,1,0
mtub/DEG1025,Rv0399c,lpqk,1,0
mtub/DEG1025,Rv0400c,fade7,1,0
mtub/DEG1025,Rv0405,pks6,0,1
mtub/DEG1025,Rv0412c,,1,0
mtub/DEG1025,Rv0416,this,1,0
mtub/DEG1025,Rv0425c,ctph,1,0
mtub/DEG1025,Rv0427c,xtha,1,0
mtub/DEG1025,Rv0430,,1,0
mtub/DEG1025,Rv0436c,pssa,0,1
mtub/DEG1025,Rv0467,icl1,0,1
mtub/DEG1025,Rv0470c,pcaa,1,0
mtub/DEG1025,Rv0479c,,1,0
mtub/DEG1025,Rv0482,murb,0,1
mtub/DEG1025,Rv0486,msha,0,1
mtub/DEG1025,Rv0489,gpm1,0,1
mtub/DEG1025,Rv0490,senx3,1,0
mtub/DEG1025,Rv0505c,serb1,0,1
mtub/DEG1025,Rv0507,mmpl2,0,1
mtub/DEG1025,Rv0512,hemb,0,1
mtub/DEG1025,Rv0525,,1,0
mtub/DEG1025,Rv0526,,1,0
mtub/DEG1025,Rv0527,ccda,1,0
mtub/DEG1025,Rv0528,,1,0
mtub/DEG1025,Rv0534c,mena,0,1
mtub/DEG1025,Rv0540,,1,0
mtub/DEG1025,Rv0541c,,1,0
mtub/DEG1025,Rv0548c,menb,0,1
mtub/DEG1025,Rv0556,,1,0
mtub/DEG1025,Rv0557,mgta,1,0
mtub/DEG1025,Rv0563,htpx,0,1
mtub/DEG1025,Rv0566c,,1,0
mtub/DEG1025,Rv0588,,1,0
mtub/DEG1025,Rv0607,,1,0
mtub/DEG1025,Rv0627,vapc5,1,0
mtub/DEG1025,Rv0628c,,1,0
mtub/DEG1025,Rv0637,hadc,0,1
mtub/DEG1025,Rv0639,nusg,0,1
mtub/DEG1025,Rv0641,rpla,0,1
mtub/DEG1025,Rv0642c,mmaa4,0,1
mtub/DEG1025,Rv0643c,mmaa3,1,0
mtub/DEG1025,Rv0652,rpll,1,0
mtub/DEG1025,Rv0655,mkl,1,0
mtub/DEG1025,Rv0663,atsd,0,1
mtub/DEG1025,Rv0666,,1,0
mtub/DEG1025,Rv0674,,1,0
mtub/DEG1025,Rv0675,echa5,1,0
mtub/DEG1025,Rv0683,rpsg,1,0
mtub/DEG1025,Rv0687,,1,0
mtub/DEG1025,Rv0697,,1,0
mtub/DEG1025,Rv0700,rpsj,1,0
mtub/DEG1025,Rv0703,rplw,1,0
mtub/DEG1025,Rv0705,rpss,1,0
mtub/DEG1025,Rv0709,rpmc,1,0
mtub/DEG1025,Rv0714,rpln,1,0
mtub/DEG1025,Rv0715,rplx,1,0
mtub/DEG1025,Rv0716,rple,1,0
mtub/DEG1025,Rv0720,rplr,1,0
mtub/DEG1025,Rv0722,rpmd,1,0
mtub/DEG1025,Rv0744c,,1,0
mtub/DEG1025,Rv0757,phop,0,1
mtub/DEG1025,Rv0777,purb,0,1
mtub/DEG1025,Rv0798c,cfp29,1,0
mtub/DEG1025,Rv0809,purm,0,1
mtub/DEG1025,Rv0811c,,1,0
mtub/DEG1025,Rv0817c,,1,0
mtub/DEG1025,Rv0819,mshd,0,1
mtub/DEG1025,Rv0875c,,1,0
mtub/DEG1025,Rv0883c,,1,0
mtub/DEG1025,Rv0894,,1,0
mtub/DEG1025,Rv0896,glta2,0,1
mtub/DEG1025,Rv0900,arfb,1,0
mtub/DEG1025,Rv0902c,prrb,0,1
mtub/DEG1025,Rv0903c,prra,0,1
mtub/DEG1025,Rv0938,ligd,0,1
mtub/DEG1025,Rv0950c,,1,0
mtub/DEG1025,Rv0955,,1,0
mtub/DEG1025,Rv0956,purn,0,1
mtub/DEG1025,Rv1002c,,1,0
mtub/DEG1025,Rv1005c,,1,0
mtub/DEG1025,Rv1013,pks16,1,0
mtub/DEG1025,Rv1015c,rply,0,1
mtub/DEG1025,Rv1016c,lpqt,1,0
mtub/DEG1025,Rv1021,,1,0
mtub/DEG1025,Rv1024,,1,0
mtub/DEG1025,Rv1025,,1,0
mtub/DEG1025,Rv1026,,1,0
mtub/DEG1025,Rv1027c,kdpe,1,0
mtub/DEG1025,Rv1028c,kdpd,1,0
mtub/DEG1025,Rv1076,lipu,0,1
mtub/DEG1025,Rv1080c,grea,0,1
mtub/DEG1025,Rv1093,glya1,0,1
mtub/DEG1025,Rv1109c,,1,0
mtub/DEG1025,Rv1110,lytb2,0,1
mtub/DEG1025,Rv1111c,,1,0
mtub/DEG1025,Rv1126c,,1,0
mtub/DEG1025,Rv1128c,,1,0
mtub/DEG1025,Rv1144,,1,0
mtub/DEG1025,Rv1159,pime,0,1
mtub/DEG1025,Rv1170,mshb,0,1
mtub/DEG1025,Rv1173,fbic,0,1
mtub/DEG1025,Rv1182,papa3,1,0
mtub/DEG1025,Rv1183,mmpl10,1,0
mtub/DEG1025,Rv1185c,fadd21,1,0
mtub/DEG1025,Rv1186c,,1,0
mtub/DEG1025,Rv1188,,1,0
mtub/DEG1025,Rv1192,,1,0
mtub/DEG1025,Rv1193,fadd36,1,0
mtub/DEG1025,Rv1194c,,1,0
mtub/DEG1025,Rv1204c,,1,0
mtub/DEG1025,Rv1211,,1,0
mtub/DEG1025,Rv1215c,,1,0
mtub/DEG1025,Rv1221,sige,0,1
mtub/DEG1025,Rv1224,tatb,1,0
mtub/DEG1025,Rv1232c,,1,0
mtub/DEG1025,Rv1235,lpqy,1,0
mtub/DEG1025,Rv1236,suga,1,0
mtub/DEG1025,Rv1237,sugb,1,0
mtub/DEG1025,Rv1244,lpqz,1,0
mtub/DEG1025,Rv1248c,,1,0
mtub/DEG1025,Rv1254,,1,0
mtub/DEG1025,Rv1272c,,1,0
mtub/DEG1025,Rv1274,lprb,1,0
mtub/DEG1025,Rv1278,,1,0
mtub/DEG1025,Rv1284,cana,1,0
mtub/DEG1025,Rv1286,,1,0
mtub/DEG1025,Rv1298,rpme,1,0
mtub/DEG1025,Rv1301,,1,0
mtub/DEG1025,Rv1302,rfe,0,1
mtub/DEG1025,Rv1303,,1,0
mtub/DEG1025,Rv1306,atpf,1,0
mtub/DEG1025,Rv1311,atpc,1,0
mtub/DEG1025,Rv1323,fada4,1,0
mtub/DEG1025,Rv1332,,1,0
mtub/DEG1025,Rv1333,,1,0
mtub/DEG1025,Rv1339,,1,0
mtub/DEG1025,Rv1342c,,1,0
mtub/DEG1025,Rv1343c,lprd,0,1
mtub/DEG1025,Rv1350,fabg2,1,0
mtub/DEG1025,Rv1355c,moey,0,1
mtub/DEG1025,Rv1371,,1,0
mtub/DEG1025,Rv1382,,1,0
mtub/DEG1025,Rv1384,carb,0,1
mtub/DEG1025,Rv1388,mihf,1,0
mtub/DEG1025,Rv1400c,lipi,0,1
mtub/DEG1025,Rv1402,pria,0,1
mtub/DEG1025,Rv1405c,,1,0
mtub/DEG1025,Rv1408,rpe,0,1
mtub/DEG1025,Rv1410c,,1,0
mtub/DEG1025,Rv1411c,lprg,1,0
mtub/DEG1025,Rv1416,ribh,1,0
mtub/DEG1025,Rv1422,,1,0
mtub/DEG1025,Rv1423,whia,0,1
mtub/DEG1025,Rv1446c,opca,1,0
mtub/DEG1025,Rv1448c,tal,1,0
mtub/DEG1025,Rv1456c,,1,0
mtub/DEG1025,Rv1457c,,1,0
mtub/DEG1025,Rv1459c,,1,0
mtub/DEG1025,Rv1460,,1,0
mtub/DEG1025,Rv1462,,1,0
mtub/DEG1025,Rv1463,,1,0
mtub/DEG1025,Rv1465,,1,0
mtub/DEG1025,Rv1466,,1,0
mtub/DEG1025,Rv1469,ctpd,1,0
mtub/DEG1025,Rv1476,,1,0
mtub/DEG1025,Rv1480,,1,0
mtub/DEG1025,Rv1483,fabg1,0,1
mtub/DEG1025,Rv1484,inha,0,1
mtub/DEG1025,Rv1490,,1,0
mtub/DEG1025,Rv1512,epia,0,1
mtub/DEG1025,Rv1514c,,1,0
mtub/DEG1025,Rv1522c,mmpl12,0,1
mtub/DEG1025,Rv1524,,1,0
mtub/DEG1025,Rv1525,wbbl2,0,1
mtub/DEG1025,Rv1536,iles,0,1
mtub/DEG1025,Rv1538c,ansa,0,1
mtub/DEG1025,Rv1559,ilva,0,1
mtub/DEG1025,Rv1560,vapb11,1,0
mtub/DEG1025,Rv1564c,trex,0,1
mtub/DEG1025,Rv1569,biof1,1,0
mtub/DEG1025,Rv1590,,1,0
mtub/DEG1025,Rv1596,nadc,0,1
mtub/DEG1025,Rv1610,,1,0
mtub/DEG1025,Rv1620c,cydc,0,1
mtub/DEG1025,Rv1621c,cydd,0,1
mtub/DEG1025,Rv1626,,1,0
mtub/DEG1025,Rv1636,tb15.3,0,1
mtub/DEG1025,Rv1640c,lysx,1,0
mtub/DEG1025,Rv1643,rplt,0,1
mtub/DEG1025,Rv1653,argj,1,0
mtub/DEG1025,Rv1654,argb,1,0
mtub/DEG1025,Rv1656,argf,1,0
mtub/DEG1025,Rv1683,,1,0
mtub/DEG1025,Rv1696,recn,1,0
mtub/DEG1025,Rv1697,,1,0
mtub/DEG1025,Rv1701,,1,0
mtub/DEG1025,Rv1708,,1,0
mtub/DEG1025,Rv1710,scpb,1,0
mtub/DEG1025,Rv1711,,1,0
mtub/DEG1025,Rv1714,,1,0
mtub/DEG1025,Rv1715,fadb3,1,0
mtub/DEG1025,Rv1730c,,1,0
mtub/DEG1025,Rv1738,,1,0
mtub/DEG1025,Rv1782,eccb5,0,1
mtub/DEG1025,Rv1783,eccc5,0,1
mtub/DEG1025,Rv1795,eccd5,0,1
mtub/DEG1025,Rv1797,ecce5,0,1
mtub/DEG1025,Rv1822,pgsa2,0,1
mtub/DEG1025,Rv1826,gcvh,0,1
mtub/DEG1025,Rv1827,gara,0,1
mtub/DEG1025,Rv1828,,1,0
mtub/DEG1025,Rv1837c,glcb,0,1
mtub/DEG1025,Rv1845c,blar,0,1
mtub/DEG1025,Rv1850,urec,1,0
mtub/DEG1025,Rv1854c,ndh,0,1
mtub/DEG1025,Rv1908c,katg,0,1
mtub/DEG1025,Rv1909c,fura,0,1
mtub/DEG1025,Rv1930c,,1,0
mtub/DEG1025,Rv1931c,,1,0
mtub/DEG1025,Rv1939,,1,0
mtub/DEG1025,Rv1943c,maze5,0,1
mtub/DEG1025,Rv1963c,mce3r,1,0
mtub/DEG1025,Rv1974,,1,0
mtub/DEG1025,Rv2004c,,1,0
mtub/DEG1025,Rv2006,otsb1,0,1
mtub/DEG1025,Rv2026c,,1,0
mtub/DEG1025,Rv2038c,,1,0
mtub/DEG1025,Rv2040c,,1,0
mtub/DEG1025,Rv2041c,,1,0
mtub/DEG1025,Rv2050,,1,0
mtub/DEG1025,Rv2051c,ppm1,0,1
mtub/DEG1025,Rv2072c,cobl,1,0
mtub/DEG1025,Rv2097c,pafa,0,1
mtub/DEG1025,Rv2111c,pup,1,0
mtub/DEG1025,Rv2112c,dop,0,1
mtub/DEG1025,Rv2115c,mpa,0,1
mtub/DEG1025,Rv2122c,hise,1,0
mtub/DEG1025,Rv2131c,cysq,0,1
mtub/DEG1025,Rv2139,pyrd,0,1
mtub/DEG1025,Rv2158c,mure,0,1
mtub/DEG1025,Rv2164c,,1,0
mtub/DEG1025,Rv2165c,,1,0
mtub/DEG1025,Rv2166c,,1,0
mtub/DEG1025,Rv2179c,,1,0
mtub/DEG1025,Rv2198c,mmps3,0,1
mtub/DEG1025,Rv2202c,adok,0,1
mtub/DEG1025,Rv2219,,1,0
mtub/DEG1025,Rv2224c,caea,1,0
mtub/DEG1025,Rv2229c,,1,0
mtub/DEG1025,Rv2231c,cobc,1,0
mtub/DEG1025,Rv2235,,1,0
mtub/DEG1025,Rv2242,,1,0
mtub/DEG1025,Rv2251,,1,0
mtub/DEG1025,Rv2260,,1,0
mtub/DEG1025,Rv2268c,cyp128,1,0
mtub/DEG1025,Rv2275,,1,0
mtub/DEG1025,Rv2277c,,1,0
mtub/DEG1025,Rv2283,,1,0
mtub/DEG1025,Rv2317,uspb,0,1
mtub/DEG1025,Rv2318,uspc,0,1
mtub/DEG1025,Rv2319c,,1,0
mtub/DEG1025,Rv2325c,,1,0
mtub/DEG1025,Rv2335,cyse,1,0
mtub/DEG1025,Rv2338c,moew,1,0
mtub/DEG1025,Rv2339,mmpl9,0,1
mtub/DEG1025,Rv2359,zur,1,0
mtub/DEG1025,Rv2361c,,1,0
mtub/DEG1025,Rv2365c,,1,0
mtub/DEG1025,Rv2378c,mbtg,1,0
mtub/DEG1025,Rv2379c,mbtf,0,1
mtub/DEG1025,Rv2380c,mbte,0,1
mtub/DEG1025,Rv2381c,mbtd,0,1
mtub/DEG1025,Rv2382c,mbtc,1,0
mtub/DEG1025,Rv2387,,1,0
mtub/DEG1025,Rv2388c,hemn,1,0
mtub/DEG1025,Rv2393,che1,0,1
mtub/DEG1025,Rv2412,rpst,1,0
mtub/DEG1025,Rv2418c,,1,0
mtub/DEG1025,Rv2437,,1,0
mtub/DEG1025,Rv2441c,rpma,1,0
mtub/DEG1025,Rv2442c,rplu,1,0
mtub/DEG1025,Rv2461c,clpp1,0,1
mtub/DEG1025,Rv2465c,rpib,0,1
mtub/DEG1025,Rv2472,,1,0
mtub/DEG1025,Rv2477c,,1,0
mtub/DEG1025,Rv2483c,plsc,1,0
mtub/DEG1025,Rv2496c,bkdb,0,1
mtub/DEG1025,Rv2502c,accd1,1,0
mtub/DEG1025,Rv2507,,1,0
mtub/DEG1025,Rv2510c,,1,0
mtub/DEG1025,Rv2515c,,1,0
mtub/DEG1025,Rv2516c,,1,0
mtub/DEG1025,Rv2518c,ldtb,0,1
mtub/DEG1025,Rv2533c,nusb,1,0
mtub/DEG1025,Rv2539c,arok,1,0
mtub/DEG1025,Rv2552c,aroe,1,0
mtub/DEG1025,Rv2553c,,1,0
mtub/DEG1025,Rv2554c,,1,0
mtub/DEG1025,Rv2572c,asps,0,1
mtub/DEG1025,Rv2583c,rela,0,1
mtub/DEG1025,Rv2586c,secf,0,1
mtub/DEG1025,Rv2587c,secd,0,1
mtub/DEG1025,Rv2592c,ruvb,0,1
mtub/DEG1025,Rv2594c,ruvc,0,1
mtub/DEG1025,Rv2606c,snzp,0,1
mtub/DEG1025,Rv2610c,pima,0,1
mtub/DEG1025,Rv2611c,,1,0
mtub/DEG1025,Rv2612c,pgsa1,1,0
mtub/DEG1025,Rv2613c,,1,0
mtub/DEG1025,Rv2623,tb31.7,1,0
mtub/DEG1025,Rv2677c,hemy,0,1
mtub/DEG1025,Rv2678c,heme,0,1
mtub/DEG1025,Rv2692,ceoc,1,0
mtub/DEG1025,Rv2696c,,1,0
mtub/DEG1025,Rv2697c,dut,1,0
mtub/DEG1025,Rv2698,,1,0
mtub/DEG1025,Rv2700,,1,0
mtub/DEG1025,Rv2702,ppgk,1,0
mtub/DEG1025,Rv2707,,1,0
mtub/DEG1025,Rv2710,sigb,1,0
mtub/DEG1025,Rv2711,ider,0,1
mtub/DEG1025,Rv2720,lexa,0,1
mtub/DEG1025,Rv2734,,1,0
mtub/DEG1025,Rv2739c,,1,0
mtub/DEG1025,Rv2756c,hsdm,0,1
mtub/DEG1025,Rv2763c,dfra,0,1
mtub/DEG1025,Rv2764c,thya,0,1
mtub/DEG1025,Rv2773c,dapb,0,1
mtub/DEG1025,Rv2783c,gpsi,0,1
mtub/DEG1025,Rv2794c,pptt,0,1
mtub/DEG1025,Rv2808,,1,0
mtub/DEG1025,Rv2813,,1,0
mtub/DEG1025,Rv2817c,,1,0
mtub/DEG1025,Rv2827c,,1,0
mtub/DEG1025,Rv2828c,,1,0
mtub/DEG1025,Rv2830c,vapb22,1,0
mtub/DEG1025,Rv2833c,ugpb,1,0
mtub/DEG1025,Rv2837c,,1,0
mtub/DEG1025,Rv2838c,rbfa,0,1
mtub/DEG1025,Rv2847c,cysg,0,1
mtub/DEG1025,Rv2855,mtr,1,0
mtub/DEG1025,Rv2856,nict,1,0
mtub/DEG1025,Rv2857c,,1,0
mtub/DEG1025,Rv2861c,mapb,0,1
mtub/DEG1025,Rv2868c,gcpe,0,1
mtub/DEG1025,Rv2870c,dxr,0,1
mtub/DEG1025,Rv2897c,,1,0
mtub/DEG1025,Rv2904c,rpls,1,0
mtub/DEG1025,Rv2908c,,1,0
mtub/DEG1025,Rv2912c,,1,0
mtub/DEG1025,Rv2926c,,1,0
mtub/DEG1025,Rv2927c,,1,0
mtub/DEG1025,Rv2928,tesa,0,1
mtub/DEG1025,Rv2936,drra,1,0
mtub/DEG1025,Rv2937,drrb,1,0
mtub/DEG1025,Rv2938,drrc,1,0
mtub/DEG1025,Rv2942,mmpl7,1,0
mtub/DEG1025,Rv2967c,pca,1,0
mtub/DEG1025,Rv2968c,,1,0
mtub/DEG1025,Rv2969c,,1,0
mtub/DEG1025,Rv2971,,1,0
mtub/DEG1025,Rv2973c,recg,0,1
mtub/DEG1025,Rv2976c,ung,1,0
mtub/DEG1025,Rv2984,ppk1,0,1
mtub/DEG1025,Rv2988c,leuc,0,1
mtub/DEG1025,Rv2998,,1,0
mtub/DEG1025,Rv2999,lppy,1,0
mtub/DEG1025,Rv3002c,ilvn,1,0
mtub/DEG1025,Rv3006,lppz,0,1
mtub/DEG1025,Rv3024c,trmu,0,1
mtub/DEG1025,Rv3028c,fixb,0,1
mtub/DEG1025,Rv3030,,1,0
mtub/DEG1025,Rv3031,,1,0
mtub/DEG1025,Rv3032,,1,0
mtub/DEG1025,Rv3039c,echa17,0,1
mtub/DEG1025,Rv3044,fecb,0,1
mtub/DEG1025,Rv3050c,,1,0
mtub/DEG1025,Rv3052c,nrdi,0,1
mtub/DEG1025,Rv3053c,nrdh,0,1
mtub/DEG1025,Rv3061c,fade22,1,0
mtub/DEG1025,Rv3087,,1,0
mtub/DEG1025,Rv3102c,ftse,0,1
mtub/DEG1025,Rv3103c,,1,0
mtub/DEG1025,Rv3113,,1,0
mtub/DEG1025,Rv3114,,1,0
mtub/DEG1025,Rv3121,cyp141,0,1
mtub/DEG1025,Rv3124,moar1,0,1
mtub/DEG1025,Rv3131,,1,0
mtub/DEG1025,Rv3132c,devs,1,0
mtub/DEG1025,Rv3137,,1,0
mtub/DEG1025,Rv3139,fade24,1,0
mtub/DEG1025,Rv3140,fade23,1,0
mtub/DEG1025,Rv3148,nuod,0,1
mtub/DEG1025,Rv3150,nuof,0,1
mtub/DEG1025,Rv3157,nuom,0,1
mtub/DEG1025,Rv3168,,1,0
mtub/DEG1025,Rv3170,aofh,0,1
mtub/DEG1025,Rv3177,,1,0
mtub/DEG1025,Rv3178,,1,0
mtub/DEG1025,Rv3206c,moeb1,0,1
mtub/DEG1025,Rv3210c,,1,0
mtub/DEG1025,Rv3211,rhle,0,1
mtub/DEG1025,Rv3215,entc,0,1
mtub/DEG1025,Rv3227,aroa,0,1
mtub/DEG1025,Rv3236c,,1,0
mtub/DEG1025,Rv3243c,,1,0
mtub/DEG1025,Rv3247c,tmk,0,1
mtub/DEG1025,Rv3258c,,1,0
mtub/DEG1025,Rv3266c,rmld,0,1
mtub/DEG1025,Rv3267,,1,0
mtub/DEG1025,Rv3270,ctpc,1,0
mtub/DEG1025,Rv3271c,,1,0
mtub/DEG1025,Rv3275c,pure,1,0
mtub/DEG1025,Rv3276c,purk,0,1
mtub/DEG1025,Rv3277,,1,0
mtub/DEG1025,Rv3279c,bira,0,1
mtub/DEG1025,Rv3280,accd5,0,1
mtub/DEG1025,Rv3281,acce5,1,0
mtub/DEG1025,Rv3302c,glpd2,0,1
mtub/DEG1025,Rv3303c,lpda,0,1
mtub/DEG1025,Rv3332,naga,1,0
mtub/DEG1025,Rv3335c,,1,0
mtub/DEG1025,Rv3371,,1,0
mtub/DEG1025,Rv3375,amid,1,0
mtub/DEG1025,Rv3398c,idsa1,1,0
mtub/DEG1025,Rv3400,,1,0
mtub/DEG1025,Rv3410c,guab3,0,1
mtub/DEG1025,Rv3417c,groel1,1,0
mtub/DEG1025,Rv3419c,gcp,1,0
mtub/DEG1025,Rv3422c,,1,0
mtub/DEG1025,Rv3442c,rpsi,0,1
mtub/DEG1025,Rv3456c,rplq,0,1
mtub/DEG1025,Rv3459c,rpsk,1,0
mtub/DEG1025,Rv3460c,rpsm,0,1
mtub/DEG1025,Rv3472,,1,0
mtub/DEG1025,Rv3484,,1,0
mtub/DEG1025,Rv3489,,1,0
mtub/DEG1025,Rv3495c,lprn,1,0
mtub/DEG1025,Rv3499c,mce4a,1,0
mtub/DEG1025,Rv3501c,yrbe4a,1,0
mtub/DEG1025,Rv3502c,,1,0
mtub/DEG1025,Rv3519,,1,0
mtub/DEG1025,Rv3523,ltp3,1,0
mtub/DEG1025,Rv3534c,hsaf,1,0
mtub/DEG1025,Rv3538,,1,0
mtub/DEG1025,Rv3540c,ltp2,1,0
mtub/DEG1025,Rv3541c,,1,0
mtub/DEG1025,Rv3542c,,1,0
mtub/DEG1025,Rv3544c,fade28,1,0
mtub/DEG1025,Rv3545c,cyp125,1,0
mtub/DEG1025,Rv3551,,1,0
mtub/DEG1025,Rv3556c,fada6,1,0
mtub/DEG1025,Rv3559c,,1,0
mtub/DEG1025,Rv3560c,fade30,1,0
mtub/DEG1025,Rv3563,fade32,1,0
mtub/DEG1025,Rv3564,fade33,1,0
mtub/DEG1025,Rv3565,aspb,0,1
mtub/DEG1025,Rv3574,kstr,1,0
mtub/DEG1025,Rv3579c,,1,0
mtub/DEG1025,Rv3597c,lsr2,1,0
mtub/DEG1025,Rv3601c,pand,0,1
mtub/DEG1025,Rv3604c,,1,0
mtub/DEG1025,Rv3607c,folb,1,0
mtub/DEG1025,Rv3614c,espd,1,0
mtub/DEG1025,Rv3615c,espc,1,0
mtub/DEG1025,Rv3616c,espa,1,0
mtub/DEG1025,Rv3624c,hpt,0,1
mtub/DEG1025,Rv3627c,,1,0
mtub/DEG1025,Rv3628,ppa,0,1
mtub/DEG1025,Rv3631,,1,0
mtub/DEG1025,Rv3635,,1,0
mtub/DEG1025,Rv3648c,cspa,1,0
mtub/DEG1025,Rv3649,,1,0
mtub/DEG1025,Rv3651,,1,0
mtub/DEG1025,Rv3658c,,1,0
mtub/DEG1025,Rv3660c,,1,0
mtub/DEG1025,Rv3663c,dppd,1,0
mtub/DEG1025,Rv3665c,dppb,0,1
mtub/DEG1025,Rv3666c,dppa,1,0
mtub/DEG1025,Rv3669,,1,0
mtub/DEG1025,Rv3670,ephe,0,1
mtub/DEG1025,Rv3679,,1,0
mtub/DEG1025,Rv3683,,1,0
mtub/DEG1025,Rv3696c,glpk,0,1
mtub/DEG1025,Rv3701c,egtd,1,0
mtub/DEG1025,Rv3712,,1,0
mtub/DEG1025,Rv3717,,1,0
mtub/DEG1025,Rv3722c,,1,0
mtub/DEG1025,Rv3723,,1,0
mtub/DEG1025,Rv3752c,,1,0
mtub/DEG1025,Rv3754,tyra,0,1
mtub/DEG1025,Rv3758c,prov,1,0
mtub/DEG1025,Rv3764c,tcry,0,1
mtub/DEG1025,Rv3778c,,1,0
mtub/DEG1025,Rv3783,rfbd,0,1
mtub/DEG1025,Rv3802c,,1,0
mtub/DEG1025,Rv3809c,glf,0,1
mtub/DEG1025,Rv3823c,mmpl8,0,1
mtub/DEG1025,Rv3838c,phea,0,1
mtub/DEG1025,Rv3855,ethr,1,0
mtub/DEG1025,Rv3868,ecca1,1,0
mtub/DEG1025,Rv3869,eccb1,1,0
mtub/DEG1025,Rv3870,eccca1,1,0
mtub/DEG1025,Rv3876,espi,1,0
mtub/DEG1025,Rv3877,eccd1,1,0
mtub/DEG1025,Rv3882c,ecce1,1,0
mtub/DEG1025,Rv3910,,1,0
mtub/DEG1025,Rv3915,,1,0
mtub/DEG1025,Rv3921c,,1,0
mtub/DEG1025,Rv3923c,rnpa,1,0
mtub/DEG1027,Rv0002,dnan,0,1
mtub/DEG1027,Rv0003,recf,0,1
mtub/DEG1027,Rv0006,gyra,0,1
mtub/DEG1027,Rv0013,trpg,0,1
mtub/DEG1027,Rv0018c,pstp,0,1
mtub/DEG1027,Rv0020c,fhaa,0,1
mtub/DEG1027,Rv0032,biof2,0,1
mtub/DEG1027,Rv0046c,ino1,0,1
mtub/DEG1027,Rv0060,,1,0
mtub/DEG1027,Rv0066c,icd2,0,1
mtub/DEG1027,Rv0069c,sdaa,0,1
mtub/DEG1027,Rv0085,hycp,1,0
mtub/DEG1027,Rv0087,hyce,0,1
mtub/DEG1027,Rv0098,fcot,1,0
mtub/DEG1027,Rv0099,fadd10,1,0
mtub/DEG1027,Rv0100,,1,0
mtub/DEG1027,Rv0102,,1,0
mtub/DEG1027,Rv0107c,ctpi,0,1
mtub/DEG1027,Rv0119,fadd7,0,1
mtub/DEG1027,Rv0169,mce1a,1,0
mtub/DEG1027,Rv0170,mce1b,1,0
mtub/DEG1027,Rv0171,mce1c,1,0
mtub/DEG1027,Rv0173,lprk,1,0
mtub/DEG1027,Rv0175,,1,0
mtub/DEG1027,Rv0176,,1,0
mtub/DEG1027,Rv0199,,1,0
mtub/DEG1027,Rv0204c,,1,0
mtub/DEG1027,Rv0205,,1,0
mtub/DEG1027,Rv0206c,mmpl3,0,1
mtub/DEG1027,Rv0208c,,1,0
mtub/DEG1027,Rv0211,pcka,0,1
mtub/DEG1027,Rv0216,,1,0
mtub/DEG1027,Rv0218,,1,0
mtub/DEG1027,Rv0224c,,1,0
mtub/DEG1027,Rv0226c,,1,0
mtub/DEG1027,Rv0227c,,1,0
mtub/DEG1027,Rv0228,,1,0
mtub/DEG1027,Rv0234c,gabd1,0,1
mtub/DEG1027,Rv0241c,htdx,0,1
mtub/DEG1027,Rv0249c,,1,0
mtub/DEG1027,Rv0291,mycp3,1,0
mtub/DEG1027,Rv0311,,1,0
mtub/DEG1027,Rv0312,,1,0
mtub/DEG1027,Rv0326,,1,0
mtub/DEG1027,Rv0327c,cyp135a1,0,1
mtub/DEG1027,Rv0338c,,1,0
mtub/DEG1027,Rv0347,,1,0
mtub/DEG1027,Rv0352,dnaj1,1,0
mtub/DEG1027,Rv0372c,,1,0
mtub/DEG1027,Rv0382c,pyre,0,1
mtub/DEG1027,Rv0383c,,1,0
mtub/DEG1027,Rv0384c,clpb,1,0
mtub/DEG1027,Rv0391,metz,0,1
mtub/DEG1027,Rv0399c,lpqk,1,0
mtub/DEG1027,Rv0400c,fade7,1,0
mtub/DEG1027,Rv0405,pks6,0,1
mtub/DEG1027,Rv0411c,glnh,1,0
mtub/DEG1027,Rv0412c,,1,0
mtub/DEG1027,Rv0416,this,1,0
mtub/DEG1027,Rv0425c,ctph,1,0
mtub/DEG1027,Rv0427c,xtha,1,0
mtub/DEG1027,Rv0429c,def,1,0
mtub/DEG1027,Rv0430,,1,0
mtub/DEG1027,Rv0451c,mmps4,0,1
mtub/DEG1027,Rv0470c,pcaa,1,0
mtub/DEG1027,Rv0479c,,1,0
mtub/DEG1027,Rv0482,murb,0,1
mtub/DEG1027,Rv0490,senx3,1,0
mtub/DEG1027,Rv0507,mmpl2,0,1
mtub/DEG1027,Rv0512,hemb,0,1
mtub/DEG1027,Rv0525,,1,0
mtub/DEG1027,Rv0526,,1,0
mtub/DEG1027,Rv0527,ccda,1,0
mtub/DEG1027,Rv0528,,1,0
mtub/DEG1027,Rv0534c,mena,0,1
mtub/DEG1027,Rv0540,,1,0
mtub/DEG1027,Rv0541c,,1,0
mtub/DEG1027,Rv0548c,menb,0,1
mtub/DEG1027,Rv0553,menc,1,0
mtub/DEG1027,Rv0556,,1,0
mtub/DEG1027,Rv0566c,,1,0
mtub/DEG1027,Rv0570,nrdz,0,1
mtub/DEG1027,Rv0588,,1,0
mtub/DEG1027,Rv0607,,1,0
mtub/DEG1027,Rv0627,vapc5,1,0
mtub/DEG1027,Rv0628c,,1,0
mtub/DEG1027,Rv0630c,recb,0,1
mtub/DEG1027,Rv0636,hadb,1,0
mtub/DEG1027,Rv0639,nusg,0,1
mtub/DEG1027,Rv0640,rplk,1,0
mtub/DEG1027,Rv0643c,mmaa3,1,0
mtub/DEG1027,Rv0651,rplj,1,0
mtub/DEG1027,Rv0652,rpll,1,0
mtub/DEG1027,Rv0655,mkl,1,0
mtub/DEG1027,Rv0663,atsd,0,1
mtub/DEG1027,Rv0666,,1,0
mtub/DEG1027,Rv0674,,1,0
mtub/DEG1027,Rv0675,echa5,1,0
mtub/DEG1027,Rv0683,rpsg,1,0
mtub/DEG1027,Rv0687,,1,0
mtub/DEG1027,Rv0697,,1,0
mtub/DEG1027,Rv0700,rpsj,1,0
mtub/DEG1027,Rv0703,rplw,1,0
mtub/DEG1027,Rv0705,rpss,1,0
mtub/DEG1027,Rv0706,rplv,1,0
mtub/DEG1027,Rv0709,rpmc,1,0
mtub/DEG1027,Rv0714,rpln,1,0
mtub/DEG1027,Rv0715,rplx,1,0
mtub/DEG1027,Rv0716,rple,1,0
mtub/DEG1027,Rv0720,rplr,1,0
mtub/DEG1027,Rv0722,rpmd,1,0
mtub/DEG1027,Rv0736,rsla,1,0
mtub/DEG1027,Rv0744c,,1,0
mtub/DEG1027,Rv0768,alda,0,1
mtub/DEG1027,Rv0773c,ggta,0,1
mtub/DEG1027,Rv0777,purb,0,1
mtub/DEG1027,Rv0798c,cfp29,1,0
mtub/DEG1027,Rv0806c,cpsy,0,1
mtub/DEG1027,Rv0809,purm,0,1
mtub/DEG1027,Rv0811c,,1,0
mtub/DEG1027,Rv0817c,,1,0
mtub/DEG1027,Rv0875c,,1,0
mtub/DEG1027,Rv0883c,,1,0
mtub/DEG1027,Rv0894,,1,0
mtub/DEG1027,Rv0900,arfb,1,0
mtub/DEG1027,Rv0903c,prra,0,1
mtub/DEG1027,Rv0937c,mku,0,1
mtub/DEG1027,Rv0938,ligd,0,1
mtub/DEG1027,Rv0946c,pgi,1,0
mtub/DEG1027,Rv0950c,,1,0
mtub/DEG1027,Rv0955,,1,0
mtub/DEG1027,Rv0956,purn,0,1
mtub/DEG1027,Rv0972c,fade12,0,1
mtub/DEG1027,Rv0973c,acca2,1,0
mtub/DEG1027,Rv0974c,accd2,0,1
mtub/DEG1027,Rv1002c,,1,0
mtub/DEG1027,Rv1005c,,1,0
mtub/DEG1027,Rv1010,ksga,0,1
mtub/DEG1027,Rv1016c,lpqt,1,0
mtub/DEG1027,Rv1021,,1,0
mtub/DEG1027,Rv1024,,1,0
mtub/DEG1027,Rv1025,,1,0
mtub/DEG1027,Rv1026,,1,0
mtub/DEG1027,Rv1027c,kdpe,1,0
mtub/DEG1027,Rv1028c,kdpd,1,0
mtub/DEG1027,Rv1076,lipu,0,1
mtub/DEG1027,Rv1093,glya1,0,1
mtub/DEG1027,Rv1099c,glpx,1,0
mtub/DEG1027,Rv1109c,,1,0
mtub/DEG1027,Rv1110,lytb2,0,1
mtub/DEG1027,Rv1111c,,1,0
mtub/DEG1027,Rv1121,zwf1,0,1
mtub/DEG1027,Rv1126c,,1,0
mtub/DEG1027,Rv1128c,,1,0
mtub/DEG1027,Rv1131,prpc,0,1
mtub/DEG1027,Rv1144,,1,0
mtub/DEG1027,Rv1173,fbic,0,1
mtub/DEG1027,Rv1177,fdxc,1,0
mtub/DEG1027,Rv1180,pks3,0,1
mtub/DEG1027,Rv1182,papa3,1,0
mtub/DEG1027,Rv1185c,fadd21,1,0
mtub/DEG1027,Rv1186c,,1,0
mtub/DEG1027,Rv1188,,1,0
mtub/DEG1027,Rv1192,,1,0
mtub/DEG1027,Rv1193,fadd36,1,0
mtub/DEG1027,Rv1194c,,1,0
mtub/DEG1027,Rv1204c,,1,0
mtub/DEG1027,Rv1211,,1,0
mtub/DEG1027,Rv1215c,,1,0
mtub/DEG1027,Rv1224,tatb,1,0
mtub/DEG1027,Rv1232c,,1,0
mtub/DEG1027,Rv1235,lpqy,1,0
mtub/DEG1027,Rv1236,suga,1,0
mtub/DEG1027,Rv1237,sugb,1,0
mtub/DEG1027,Rv1238,sugc,1,0
mtub/DEG1027,Rv1244,lpqz,1,0
mtub/DEG1027,Rv1248c,,1,0
mtub/DEG1027,Rv1253,dead,0,1
mtub/DEG1027,Rv1254,,1,0
mtub/DEG1027,Rv1272c,,1,0
mtub/DEG1027,Rv1274,lprb,1,0
mtub/DEG1027,Rv1278,,1,0
mtub/DEG1027,Rv1281c,oppd,0,1
mtub/DEG1027,Rv1284,cana,1,0
mtub/DEG1027,Rv1286,,1,0
mtub/DEG1027,Rv1298,rpme,1,0
mtub/DEG1027,Rv1301,,1,0
mtub/DEG1027,Rv1302,rfe,0,1
mtub/DEG1027,Rv1303,,1,0
mtub/DEG1027,Rv1306,atpf,1,0
mtub/DEG1027,Rv1311,atpc,1,0
mtub/DEG1027,Rv1323,fada4,1,0
mtub/DEG1027,Rv1328,glgp,0,1
mtub/DEG1027,Rv1332,,1,0
mtub/DEG1027,Rv1333,,1,0
mtub/DEG1027,Rv1339,,1,0
mtub/DEG1027,Rv1342c,,1,0
mtub/DEG1027,Rv1349,irtb,1,0
mtub/DEG1027,Rv1350,fabg2,1,0
mtub/DEG1027,Rv1355c,moey,0,1
mtub/DEG1027,Rv1371,,1,0
mtub/DEG1027,Rv1381,pyrc,1,0
mtub/DEG1027,Rv1382,,1,0
mtub/DEG1027,Rv1383,cara,1,0
mtub/DEG1027,Rv1384,carb,0,1
mtub/DEG1027,Rv1388,mihf,1,0
mtub/DEG1027,Rv1389,gmk,1,0
mtub/DEG1027,Rv1390,rpoz,1,0
mtub/DEG1027,Rv1402,pria,0,1
mtub/DEG1027,Rv1405c,,1,0
mtub/DEG1027,Rv1408,rpe,0,1
mtub/DEG1027,Rv1409,ribg,1,0
mtub/DEG1027,Rv1410c,,1,0
mtub/DEG1027,Rv1411c,lprg,1,0
mtub/DEG1027,Rv1416,ribh,1,0
mtub/DEG1027,Rv1422,,1,0
mtub/DEG1027,Rv1426c,lipo,0,1
mtub/DEG1027,Rv1448c,tal,1,0
mtub/DEG1027,Rv1456c,,1,0
mtub/DEG1027,Rv1457c,,1,0
mtub/DEG1027,Rv1459c,,1,0
mtub/DEG1027,Rv1460,,1,0
mtub/DEG1027,Rv1462,,1,0
mtub/DEG1027,Rv1463,,1,0
mtub/DEG1027,Rv1464,csd,1,0
mtub/DEG1027,Rv1465,,1,0
mtub/DEG1027,Rv1466,,1,0
mtub/DEG1027,Rv1469,ctpd,1,0
mtub/DEG1027,Rv1476,,1,0
mtub/DEG1027,Rv1480,,1,0
mtub/DEG1027,Rv1483,fabg1,0,1
mtub/DEG1027,Rv1490,,1,0
mtub/DEG1027,Rv1514c,,1,0
mtub/DEG1027,Rv1522c,mmpl12,0,1
mtub/DEG1027,Rv1524,,1,0
mtub/DEG1027,Rv1525,wbbl2,0,1
mtub/DEG1027,Rv1536,iles,0,1
mtub/DEG1027,Rv1539,lspa,1,0
mtub/DEG1027,Rv1552,frda,0,1
mtub/DEG1027,Rv1559,ilva,0,1
mtub/DEG1027,Rv1560,vapb11,1,0
mtub/DEG1027,Rv1562c,trez,0,1
mtub/DEG1027,Rv1563c,trey,0,1
mtub/DEG1027,Rv1564c,trex,0,1
mtub/DEG1027,Rv1568,bioa,1,0
mtub/DEG1027,Rv1569,biof1,1,0
mtub/DEG1027,Rv1589,biob,1,0
mtub/DEG1027,Rv1590,,1,0
mtub/DEG1027,Rv1594,nada,1,0
mtub/DEG1027,Rv1596,nadc,0,1
mtub/DEG1027,Rv1602,hish,1,0
mtub/DEG1027,Rv1603,hisa,1,0
mtub/DEG1027,Rv1605,hisf,1,0
mtub/DEG1027,Rv1610,,1,0
mtub/DEG1027,Rv1620c,cydc,0,1
mtub/DEG1027,Rv1626,,1,0
mtub/DEG1027,Rv1630,rpsa,1,0
mtub/DEG1027,Rv1640c,lysx,1,0
mtub/DEG1027,Rv1653,argj,1,0
mtub/DEG1027,Rv1654,argb,1,0
mtub/DEG1027,Rv1655,argd,1,0
mtub/DEG1027,Rv1656,argf,1,0
mtub/DEG1027,Rv1659,argh,1,0
mtub/DEG1027,Rv1663,pks17,1,0
mtub/DEG1027,Rv1683,,1,0
mtub/DEG1027,Rv1695,ppnk,1,0
mtub/DEG1027,Rv1696,recn,1,0
mtub/DEG1027,Rv1697,,1,0
mtub/DEG1027,Rv1698,mctb,0,1
mtub/DEG1027,Rv1701,,1,0
mtub/DEG1027,Rv1708,,1,0
mtub/DEG1027,Rv1710,scpb,1,0
mtub/DEG1027,Rv1711,,1,0
mtub/DEG1027,Rv1712,cmk,1,0
mtub/DEG1027,Rv1713,enga,1,0
mtub/DEG1027,Rv1714,,1,0
mtub/DEG1027,Rv1715,fadb3,1,0
mtub/DEG1027,Rv1730c,,1,0
mtub/DEG1027,Rv1738,,1,0
mtub/DEG1027,Rv1782,eccb5,0,1
mtub/DEG1027,Rv1783,eccc5,0,1
mtub/DEG1027,Rv1795,eccd5,0,1
mtub/DEG1027,Rv1796,mycp5,0,1
mtub/DEG1027,Rv1797,ecce5,0,1
mtub/DEG1027,Rv1798,ecca5,0,1
mtub/DEG1027,Rv1822,pgsa2,0,1
mtub/DEG1027,Rv1826,gcvh,0,1
mtub/DEG1027,Rv1828,,1,0
mtub/DEG1027,Rv1850,urec,1,0
mtub/DEG1027,Rv1908c,katg,0,1
mtub/DEG1027,Rv1930c,,1,0
mtub/DEG1027,Rv1931c,,1,0
mtub/DEG1027,Rv1939,,1,0
mtub/DEG1027,Rv1974,,1,0
mtub/DEG1027,Rv2004c,,1,0
mtub/DEG1027,Rv2006,otsb1,0,1
mtub/DEG1027,Rv2026c,,1,0
mtub/DEG1027,Rv2032,acg,0,1
mtub/DEG1027,Rv2038c,,1,0
mtub/DEG1027,Rv2040c,,1,0
mtub/DEG1027,Rv2041c,,1,0
mtub/DEG1027,Rv2050,,1,0
mtub/DEG1027,Rv2051c,ppm1,0,1
mtub/DEG1027,Rv2072c,cobl,1,0
mtub/DEG1027,Rv2089c,pepe,0,1
mtub/DEG1027,Rv2097c,pafa,0,1
mtub/DEG1027,Rv2111c,pup,1,0
mtub/DEG1027,Rv2112c,dop,0,1
mtub/DEG1027,Rv2122c,hise,1,0
mtub/DEG1027,Rv2124c,meth,0,1
mtub/DEG1027,Rv2138,lppl,1,0
mtub/DEG1027,Rv2139,pyrd,0,1
mtub/DEG1027,Rv2145c,wag31,1,0
mtub/DEG1027,Rv2150c,ftsz,1,0
mtub/DEG1027,Rv2151c,ftsq,1,0
mtub/DEG1027,Rv2157c,murf,1,0
mtub/DEG1027,Rv2164c,,1,0
mtub/DEG1027,Rv2165c,,1,0
mtub/DEG1027,Rv2166c,,1,0
mtub/DEG1027,Rv2179c,,1,0
mtub/DEG1027,Rv2192c,trpd,1,0
mtub/DEG1027,Rv2202c,adok,0,1
mtub/DEG1027,Rv2219,,1,0
mtub/DEG1027,Rv2224c,caea,1,0
mtub/DEG1027,Rv2229c,,1,0
mtub/DEG1027,Rv2231c,cobc,1,0
mtub/DEG1027,Rv2235,,1,0
mtub/DEG1027,Rv2242,,1,0
mtub/DEG1027,Rv2244,acpm,1,0
mtub/DEG1027,Rv2249c,glpd1,0,1
mtub/DEG1027,Rv2251,,1,0
mtub/DEG1027,Rv2260,,1,0
mtub/DEG1027,Rv2275,,1,0
mtub/DEG1027,Rv2277c,,1,0
mtub/DEG1027,Rv2283,,1,0
mtub/DEG1027,Rv2319c,,1,0
mtub/DEG1027,Rv2325c,,1,0
mtub/DEG1027,Rv2335,cyse,1,0
mtub/DEG1027,Rv2339,mmpl9,0,1
mtub/DEG1027,Rv2344c,dgt,0,1
mtub/DEG1027,Rv2359,zur,1,0
mtub/DEG1027,Rv2361c,,1,0
mtub/DEG1027,Rv2365c,,1,0
mtub/DEG1027,Rv2373c,dnaj2,1,0
mtub/DEG1027,Rv2374c,hrca,1,0
mtub/DEG1027,Rv2378c,mbtg,1,0
mtub/DEG1027,Rv2379c,mbtf,0,1
mtub/DEG1027,Rv2380c,mbte,0,1
mtub/DEG1027,Rv2381c,mbtd,0,1
mtub/DEG1027,Rv2383c,mbtb,0,1
mtub/DEG1027,Rv2384,mbta,0,1
mtub/DEG1027,Rv2386c,mbti,1,0
mtub/DEG1027,Rv2387,,1,0
mtub/DEG1027,Rv2388c,hemn,1,0
mtub/DEG1027,Rv2412,rpst,1,0
mtub/DEG1027,Rv2416c,eis,0,1
mtub/DEG1027,Rv2418c,,1,0
mtub/DEG1027,Rv2437,,1,0
mtub/DEG1027,Rv2441c,rpma,1,0
mtub/DEG1027,Rv2442c,rplu,1,0
mtub/DEG1027,Rv2461c,clpp1,0,1
mtub/DEG1027,Rv2472,,1,0
mtub/DEG1027,Rv2477c,,1,0
mtub/DEG1027,Rv2482c,plsb2,0,1
mtub/DEG1027,Rv2495c,bkdc,0,1
mtub/DEG1027,Rv2496c,bkdb,0,1
mtub/DEG1027,Rv2502c,accd1,1,0
mtub/DEG1027,Rv2507,,1,0
mtub/DEG1027,Rv2510c,,1,0
mtub/DEG1027,Rv2515c,,1,0
mtub/DEG1027,Rv2516c,,1,0
mtub/DEG1027,Rv2533c,nusb,1,0
mtub/DEG1027,Rv2535c,pepq,0,1
mtub/DEG1027,Rv2537c,arod,1,0
mtub/DEG1027,Rv2538c,arob,1,0
mtub/DEG1027,Rv2539c,arok,1,0
mtub/DEG1027,Rv2540c,arof,1,0
mtub/DEG1027,Rv2552c,aroe,1,0
mtub/DEG1027,Rv2553c,,1,0
mtub/DEG1027,Rv2554c,,1,0
mtub/DEG1027,Rv2572c,asps,0,1
mtub/DEG1027,Rv2582,ppib,1,0
mtub/DEG1027,Rv2583c,rela,0,1
mtub/DEG1027,Rv2586c,secf,0,1
mtub/DEG1027,Rv2587c,secd,0,1
mtub/DEG1027,Rv2610c,pima,0,1
mtub/DEG1027,Rv2611c,,1,0
mtub/DEG1027,Rv2612c,pgsa1,1,0
mtub/DEG1027,Rv2613c,,1,0
mtub/DEG1027,Rv2623,tb31.7,1,0
mtub/DEG1027,Rv2677c,hemy,0,1
mtub/DEG1027,Rv2678c,heme,0,1
mtub/DEG1027,Rv2692,ceoc,1,0
mtub/DEG1027,Rv2696c,,1,0
mtub/DEG1027,Rv2697c,dut,1,0
mtub/DEG1027,Rv2698,,1,0
mtub/DEG1027,Rv2700,,1,0
mtub/DEG1027,Rv2702,ppgk,1,0
mtub/DEG1027,Rv2707,,1,0
mtub/DEG1027,Rv2710,sigb,1,0
mtub/DEG1027,Rv2720,lexa,0,1
mtub/DEG1027,Rv2734,,1,0
mtub/DEG1027,Rv2739c,,1,0
mtub/DEG1027,Rv2747,arga,1,0
mtub/DEG1027,Rv2754c,thyx,1,0
mtub/DEG1027,Rv2756c,hsdm,0,1
mtub/DEG1027,Rv2764c,thya,0,1
mtub/DEG1027,Rv2773c,dapb,0,1
mtub/DEG1027,Rv2783c,gpsi,0,1
mtub/DEG1027,Rv2808,,1,0
mtub/DEG1027,Rv2813,,1,0
mtub/DEG1027,Rv2817c,,1,0
mtub/DEG1027,Rv2827c,,1,0
mtub/DEG1027,Rv2828c,,1,0
mtub/DEG1027,Rv2830c,vapb22,1,0
mtub/DEG1027,Rv2832c,ugpc,1,0
mtub/DEG1027,Rv2835c,ugpa,0,1
mtub/DEG1027,Rv2837c,,1,0
mtub/DEG1027,Rv2847c,cysg,0,1
mtub/DEG1027,Rv2856,nict,1,0
mtub/DEG1027,Rv2857c,,1,0
mtub/DEG1027,Rv2858c,aldc,0,1
mtub/DEG1027,Rv2860c,glna4,0,1
mtub/DEG1027,Rv2861c,mapb,0,1
mtub/DEG1027,Rv2868c,gcpe,0,1
mtub/DEG1027,Rv2869c,rip,1,0
mtub/DEG1027,Rv2870c,dxr,0,1
mtub/DEG1027,Rv2890c,rpsb,1,0
mtub/DEG1027,Rv2897c,,1,0
mtub/DEG1027,Rv2904c,rpls,1,0
mtub/DEG1027,Rv2907c,rimm,1,0
mtub/DEG1027,Rv2908c,,1,0
mtub/DEG1027,Rv2912c,,1,0
mtub/DEG1027,Rv2916c,ffh,1,0
mtub/DEG1027,Rv2926c,,1,0
mtub/DEG1027,Rv2927c,,1,0
mtub/DEG1027,Rv2928,tesa,0,1
mtub/DEG1027,Rv2936,drra,1,0
mtub/DEG1027,Rv2937,drrb,1,0
mtub/DEG1027,Rv2938,drrc,1,0
mtub/DEG1027,Rv2942,mmpl7,1,0
mtub/DEG1027,Rv2968c,,1,0
mtub/DEG1027,Rv2969c,,1,0
mtub/DEG1027,Rv2971,,1,0
mtub/DEG1027,Rv2976c,ung,1,0
mtub/DEG1027,Rv2977c,thil,1,0
mtub/DEG1027,Rv2984,ppk1,0,1
mtub/DEG1027,Rv2986c,hupb,1,0
mtub/DEG1027,Rv2988c,leuc,0,1
mtub/DEG1027,Rv2996c,sera1,1,0
mtub/DEG1027,Rv2998,,1,0
mtub/DEG1027,Rv3002c,ilvn,1,0
mtub/DEG1027,Rv3006,lppz,0,1
mtub/DEG1027,Rv3014c,liga,1,0
mtub/DEG1027,Rv3029c,fixa,1,0
mtub/DEG1027,Rv3030,,1,0
mtub/DEG1027,Rv3031,,1,0
mtub/DEG1027,Rv3032,,1,0
mtub/DEG1027,Rv3042c,serb2,1,0
mtub/DEG1027,Rv3044,fecb,0,1
mtub/DEG1027,Rv3050c,,1,0
mtub/DEG1027,Rv3061c,fade22,1,0
mtub/DEG1027,Rv3082c,virs,0,1
mtub/DEG1027,Rv3087,,1,0
mtub/DEG1027,Rv3101c,ftsx,1,0
mtub/DEG1027,Rv3103c,,1,0
mtub/DEG1027,Rv3107c,agps,0,1
mtub/DEG1027,Rv3111,moac1,1,0
mtub/DEG1027,Rv3112,moad1,1,0
mtub/DEG1027,Rv3113,,1,0
mtub/DEG1027,Rv3114,,1,0
mtub/DEG1027,Rv3131,,1,0
mtub/DEG1027,Rv3137,,1,0
mtub/DEG1027,Rv3139,fade24,1,0
mtub/DEG1027,Rv3140,fade23,1,0
mtub/DEG1027,Rv3148,nuod,0,1
mtub/DEG1027,Rv3150,nuof,0,1
mtub/DEG1027,Rv3151,nuog,0,1
mtub/DEG1027,Rv3153,nuoi,0,1
mtub/DEG1027,Rv3156,nuol,0,1
mtub/DEG1027,Rv3157,nuom,0,1
mtub/DEG1027,Rv3168,,1,0
mtub/DEG1027,Rv3177,,1,0
mtub/DEG1027,Rv3178,,1,0
mtub/DEG1027,Rv3206c,moeb1,0,1
mtub/DEG1027,Rv3210c,,1,0
mtub/DEG1027,Rv3211,rhle,0,1
mtub/DEG1027,Rv3229c,desa3,1,0
mtub/DEG1027,Rv3236c,,1,0
mtub/DEG1027,Rv3243c,,1,0
mtub/DEG1027,Rv3247c,tmk,0,1
mtub/DEG1027,Rv3258c,,1,0
mtub/DEG1027,Rv3266c,rmld,0,1
mtub/DEG1027,Rv3267,,1,0
mtub/DEG1027,Rv3270,ctpc,1,0
mtub/DEG1027,Rv3271c,,1,0
mtub/DEG1027,Rv3275c,pure,1,0
mtub/DEG1027,Rv3277,,1,0
mtub/DEG1027,Rv3280,accd5,0,1
mtub/DEG1027,Rv3281,acce5,1,0
mtub/DEG1027,Rv3302c,glpd2,0,1
mtub/DEG1027,Rv3332,naga,1,0
mtub/DEG1027,Rv3335c,,1,0
mtub/DEG1027,Rv3371,,1,0
mtub/DEG1027,Rv3372,otsb2,1,0
mtub/DEG1027,Rv3375,amid,1,0
mtub/DEG1027,Rv3398c,idsa1,1,0
mtub/DEG1027,Rv3400,,1,0
mtub/DEG1027,Rv3410c,guab3,0,1
mtub/DEG1027,Rv3417c,groel1,1,0
mtub/DEG1027,Rv3419c,gcp,1,0
mtub/DEG1027,Rv3422c,,1,0
mtub/DEG1027,Rv3443c,rplm,1,0
mtub/DEG1027,Rv3447c,eccc4,0,1
mtub/DEG1027,Rv3455c,trua,1,0
mtub/DEG1027,Rv3459c,rpsk,1,0
mtub/DEG1027,Rv3460c,rpsm,0,1
mtub/DEG1027,Rv3462c,infa,1,0
mtub/DEG1027,Rv3465,rmlc,1,0
mtub/DEG1027,Rv3472,,1,0
mtub/DEG1027,Rv3484,,1,0
mtub/DEG1027,Rv3489,,1,0
mtub/DEG1027,Rv3495c,lprn,1,0
mtub/DEG1027,Rv3499c,mce4a,1,0
mtub/DEG1027,Rv3501c,yrbe4a,1,0
mtub/DEG1027,Rv3502c,,1,0
mtub/DEG1027,Rv3519,,1,0
mtub/DEG1027,Rv3523,ltp3,1,0
mtub/DEG1027,Rv3534c,hsaf,1,0
mtub/DEG1027,Rv3537,kstd,0,1
mtub/DEG1027,Rv3538,,1,0
mtub/DEG1027,Rv3541c,,1,0
mtub/DEG1027,Rv3542c,,1,0
mtub/DEG1027,Rv3544c,fade28,1,0
mtub/DEG1027,Rv3545c,cyp125,1,0
mtub/DEG1027,Rv3551,,1,0
mtub/DEG1027,Rv3556c,fada6,1,0
mtub/DEG1027,Rv3559c,,1,0
mtub/DEG1027,Rv3560c,fade30,1,0
mtub/DEG1027,Rv3563,fade32,1,0
mtub/DEG1027,Rv3564,fade33,1,0
mtub/DEG1027,Rv3565,aspb,0,1
mtub/DEG1027,Rv3568c,hsac,0,1
mtub/DEG1027,Rv3570c,hsaa,0,1
mtub/DEG1027,Rv3574,kstr,1,0
mtub/DEG1027,Rv3579c,,1,0
mtub/DEG1027,Rv3581c,ispf,1,0
mtub/DEG1027,Rv3588c,canb,1,0
mtub/DEG1027,Rv3597c,lsr2,1,0
mtub/DEG1027,Rv3604c,,1,0
mtub/DEG1027,Rv3607c,folb,1,0
mtub/DEG1027,Rv3608c,folp1,1,0
mtub/DEG1027,Rv3610c,ftsh,1,0
mtub/DEG1027,Rv3614c,espd,1,0
mtub/DEG1027,Rv3615c,espc,1,0
mtub/DEG1027,Rv3616c,espa,1,0
mtub/DEG1027,Rv3624c,hpt,0,1
mtub/DEG1027,Rv3625c,mesj,1,0
mtub/DEG1027,Rv3627c,,1,0
mtub/DEG1027,Rv3628,ppa,0,1
mtub/DEG1027,Rv3631,,1,0
mtub/DEG1027,Rv3635,,1,0
mtub/DEG1027,Rv3648c,cspa,1,0
mtub/DEG1027,Rv3649,,1,0
mtub/DEG1027,Rv3651,,1,0
mtub/DEG1027,Rv3658c,,1,0
mtub/DEG1027,Rv3660c,,1,0
mtub/DEG1027,Rv3664c,dppc,0,1
mtub/DEG1027,Rv3669,,1,0
mtub/DEG1027,Rv3679,,1,0
mtub/DEG1027,Rv3683,,1,0
mtub/DEG1027,Rv3696c,glpk,0,1
mtub/DEG1027,Rv3701c,egtd,1,0
mtub/DEG1027,Rv3708c,asd,1,0
mtub/DEG1027,Rv3712,,1,0
mtub/DEG1027,Rv3717,,1,0
mtub/DEG1027,Rv3722c,,1,0
mtub/DEG1027,Rv3723,,1,0
mtub/DEG1027,Rv3752c,,1,0
mtub/DEG1027,Rv3754,tyra,0,1
mtub/DEG1027,Rv3758c,prov,1,0
mtub/DEG1027,Rv3778c,,1,0
mtub/DEG1027,Rv3781,rfbe,1,0
mtub/DEG1027,Rv3783,rfbd,0,1
mtub/DEG1027,Rv3802c,,1,0
mtub/DEG1027,Rv3809c,glf,0,1
mtub/DEG1027,Rv3810,pirg,1,0
mtub/DEG1027,Rv3823c,mmpl8,0,1
mtub/DEG1027,Rv3824c,papa1,0,1
mtub/DEG1027,Rv3826,fadd23,0,1
mtub/DEG1027,Rv3855,ethr,1,0
mtub/DEG1027,Rv3858c,gltd,1,0
mtub/DEG1027,Rv3864,espe,1,0
mtub/DEG1027,Rv3868,ecca1,1,0
mtub/DEG1027,Rv3869,eccb1,1,0
mtub/DEG1027,Rv3870,eccca1,1,0
mtub/DEG1027,Rv3876,espi,1,0
mtub/DEG1027,Rv3877,eccd1,1,0
mtub/DEG1027,Rv3882c,ecce1,1,0
mtub/DEG1027,Rv3910,,1,0
mtub/DEG1027,Rv3915,,1,0
mtub/DEG1027,Rv3921c,,1,0
mtub/DEG1027,Rv3923c,rnpa,1,0
saur_NCTC8325_biotradis/DEG1017,SAOUHSC_00003,,1,0
saur_NCTC8325_biotradis/DEG1017,SAOUHSC_00009,,1,0
saur_NCTC8325_biotradis/DEG1017,SAOUHSC_00015,,1,0
saur_NCTC8325_biotradis/DEG1017,SAOUHSC_00018,,1,0
saur_NCTC8325_biotradis/DEG1017,SAOUHSC_00026,,1,0
saur_NCTC8325_biotradis/DEG1017,SAOUHSC_00027,,1,0
saur_NCTC8325_biotradis/DEG1017,SAOUHSC_00226,,1,0
saur_NCTC8325_biotradis/DEG1017,SAOUHSC_00227,,1,0
saur_NCTC8325_biotradis/DEG1017,SAOUHSC_00331,,1,0
saur_NCTC8325_biotradis/DEG1017,SAOUHSC_00345,,1,0
saur_NCTC8325_biotradis/DEG1017,SAOUHSC_00372,,1,0
saur_NCTC8325_biotradis/DEG1017,SAOUHSC_00374,,1,0
saur_NCTC8325_biotradis/DEG1017,SAOUHSC_00396,,1,0
saur_NCTC8325_biotradis/DEG1017,SAOUHSC_00413,,1,0
saur_NCTC8325_biotradis/DEG1017,SAOUHSC_00414,,1,0
saur_NCTC8325_biotradis/DEG1017,SAOUHSC_00420,,1,0
saur_NCTC8325_biotradis/DEG1017,SAOUHSC_00444,,1,0
saur_NCTC8325_biotradis/DEG1017,SAOUHSC_00445,recr,1,0
saur_NCTC8325_biotradis/DEG1017,SAOUHSC_00475,,1,0
saur_NCTC8325_biotradis/DEG1017,SAOUHSC_00482,,1,0
saur_NCTC8325_biotradis/DEG1017,SAOUHSC_00484,,1,0
saur_NCTC8325_biotradis/DEG1017,SAOUHSC_00485,,1,0
saur_NCTC8325_biotradis/DEG1017,SAOUHSC_00486,,1,0
saur_NCTC8325_biotradis/DEG1017,SAOUHSC_00489,,1,0
saur_NCTC8325_biotradis/DEG1017,SAOUHSC_00490,,1,0
saur_NCTC8325_biotradis/DEG1017,SAOUHSC_00491,,1,0
saur_NCTC8325_biotradis/DEG1017,SAOUHSC_00499,,1,0
saur_NCTC8325_biotradis/DEG1017,SAOUHSC_00526,,1,0
saur_NCTC8325_biotradis/DEG1017,SAOUHSC_00528,,1,0
saur_NCTC8325_biotradis/DEG1017,SAOUHSC_00529,,1,0
saur_NCTC8325_biotradis/DEG1017,SAOUHSC_00530,,1,0
saur_NCTC8325_biotradis/DEG1017,SAOUHSC_00536,,1,0
saur_NCTC8325_biotradis/DEG1017,SAOUHSC_00549,,1,0
saur_NCTC8325_biotradis/DEG1017,SAOUHSC_00573,,1,0
saur_NCTC8325_biotradis/DEG1017,SAOUHSC_00575,,1,0
saur_NCTC8325_biotradis/DEG1017,SAOUHSC_00578,,1,0
saur_NCTC8325_biotradis/DEG1017,SAOUHSC_00579,,1,0
saur_NCTC8325_biotradis/DEG1017,SAOUHSC_00640,,1,0
saur_NCTC8325_biotradis/DEG1017,SAOUHSC_00645,,1,0
saur_NCTC8325_biotradis/DEG1017,SAOUHSC_00659,,1,0
saur_NCTC8325_biotradis/DEG1017,SAOUHSC_00728,,1,0
saur_NCTC8325_biotradis/DEG1017,SAOUHSC_00762,,1,0
saur_NCTC8325_biotradis/DEG1017,SAOUHSC_00778,,1,0
saur_NCTC8325_biotradis/DEG1017,SAOUHSC_00781,,1,0
saur_NCTC8325_biotradis/DEG1017,SAOUHSC_00785,,1,0
saur_NCTC8325_biotradis/DEG1017,SAOUHSC_00788,,1,0
saur_NCTC8325_biotradis/DEG1017,SAOUHSC_00789,,1,0
saur_NCTC8325_biotradis/DEG1017,SAOUHSC_00836,,1,0
saur_NCTC8325_biotradis/DEG1017,SAOUHSC_00848,,1,0
saur_NCTC8325_biotradis/DEG1017,SAOUHSC_00850,,1,0
saur_NCTC8325_biotradis/DEG1017,SAOUHSC_00851,,1,0
saur_NCTC8325_biotradis/DEG1017,SAOUHSC_00857,,1,0
saur_NCTC8325_biotradis/DEG1017,SAOUHSC_00868,,1,0
saur_NCTC8325_biotradis/DEG1017,SAOUHSC_00869,,1,0
saur_NCTC8325_biotradis/DEG1017,SAOUHSC_00871,,1,0
saur_NCTC8325_biotradis/DEG1017,SAOUHSC_00872,,1,0
saur_NCTC8325_biotradis/DEG1017,SAOUHSC_00878,,1,0
saur_NCTC8325_biotradis/DEG1017,SAOUHSC_00881,,1,0
saur_NCTC8325_biotradis/DEG1017,SAOUHSC_00885,,1,0
saur_NCTC8325_biotradis/DEG1017,SAOUHSC_00920,,1,0
saur_NCTC8325_biotradis/DEG1017,SAOUHSC_00933,,1,0
saur_NCTC8325_biotradis/DEG1017,SAOUHSC_00947,,1,0
saur_NCTC8325_biotradis/DEG1017,SAOUHSC_00953,,1,0
saur_NCTC8325_biotradis/DEG1017,SAOUHSC_00957,,1,0
saur_NCTC8325_biotradis/DEG1017,SAOUHSC_00964,,1,0
saur_NCTC8325_biotradis/DEG1017,SAOUHSC_00980,,1,0
saur_NCTC8325_biotradis/DEG1017,SAOUHSC_00981,,1,0
saur_NCTC8325_biotradis/DEG1017,SAOUHSC_00982,,1,0
saur_NCTC8325_biotradis/DEG1017,SAOUHSC_01003,,1,0
saur_NCTC8325_biotradis/DEG1017,SAOUHSC_A00992,,1,0
saur_NCTC8325_biotradis/DEG1017,SAOUHSC_01035,,1,0
saur_NCTC8325_biotradis/DEG1017,SAOUHSC_01036,,1,0
saur_NCTC8325_biotradis/DEG1017,SAOUHSC_01043,,1,0
saur_NCTC8325_biotradis/DEG1017,SAOUHSC_01063,,1,0
saur_NCTC8325_biotradis/DEG1017,SAOUHSC_01066,,1,0
saur_NCTC8325_biotradis/DEG1017,SAOUHSC_01100,,1,0
saur_NCTC8325_biotradis/DEG1017,SAOUHSC_01106,,1,0
saur_NCTC8325_biotradis/DEG1017,SAOUHSC_01142,,1,0
saur_NCTC8325_biotradis/DEG1017,SAOUHSC_01143,mraw,1,0
saur_NCTC8325_biotradis/DEG1017,SAOUHSC_01144,,1,0
saur_NCTC8325_biotradis/DEG1017,SAOUHSC_01145,,1,0
saur_NCTC8325_biotradis/DEG1017,SAOUHSC_01150,,1,0
saur_NCTC8325_biotradis/DEG1017,SAOUHSC_01154,,1,0
saur_NCTC8325_biotradis/DEG1017,SAOUHSC_01163,,1,0
saur_NCTC8325_biotradis/DEG1017,SAOUHSC_01166,pyrb,1,0
saur_NCTC8325_biotradis/DEG1017,SAOUHSC_01168,pyrc,1,0
saur_NCTC8325_biotradis/DEG1017,SAOUHSC_01171,,1,0
saur_NCTC8325_biotradis/DEG1017,SAOUHSC_01172,pyre,1,0
saur_NCTC8325_biotradis/DEG1017,SAOUHSC_01178,,1,0
saur_NCTC8325_biotradis/DEG1017,SAOUHSC_01179,,1,0
saur_NCTC8325_biotradis/DEG1017,SAOUHSC_01183,,1,0
saur_NCTC8325_biotradis/DEG1017,SAOUHSC_01188,,1,0
saur_NCTC8325_biotradis/DEG1017,SAOUHSC_01189,,1,0
saur_NCTC8325_biotradis/DEG1017,SAOUHSC_01190,,1,0
saur_NCTC8325_biotradis/DEG1017,SAOUHSC_01191,rpmb,0,1
saur_NCTC8325_biotradis/DEG1017,SAOUHSC_01194,,1,0
saur_NCTC8325_biotradis/DEG1017,SAOUHSC_01197,,1,0
saur_NCTC8325_biotradis/DEG1017,SAOUHSC_01198,,1,0
saur_NCTC8325_biotradis/DEG1017,SAOUHSC_01205,,1,0
saur_NCTC8325_biotradis/DEG1017,SAOUHSC_01207,,1,0
saur_NCTC8325_biotradis/DEG1017,SAOUHSC_01222,,1,0
saur_NCTC8325_biotradis/DEG1017,SAOUHSC_01228,,1,0
saur_NCTC8325_biotradis/DEG1017,SAOUHSC_01237,,1,0
saur_NCTC8325_biotradis/DEG1017,SAOUHSC_01238,,1,0
saur_NCTC8325_biotradis/DEG1017,SAOUHSC_01240,,1,0
saur_NCTC8325_biotradis/DEG1017,SAOUHSC_01242,,1,0
saur_NCTC8325_biotradis/DEG1017,SAOUHSC_01244,,1,0
saur_NCTC8325_biotradis/DEG1017,SAOUHSC_01245,,1,0
saur_NCTC8325_biotradis/DEG1017,SAOUHSC_01249,,1,0
saur_NCTC8325_biotradis/DEG1017,SAOUHSC_01252,,1,0
saur_NCTC8325_biotradis/DEG1017,SAOUHSC_01260,,1,0
saur_NCTC8325_biotradis/DEG1017,SAOUHSC_01263,,1,0
saur_NCTC8325_biotradis/DEG1017,SAOUHSC_01265,,1,0
saur_NCTC8325_biotradis/DEG1017,SAOUHSC_01267,,1,0
saur_NCTC8325_biotradis/DEG1017,SAOUHSC_01329,rpsn,0,1
saur_NCTC8325_biotradis/DEG1017,SAOUHSC_01333,,1,0
saur_NCTC8325_biotradis/DEG1017,SAOUHSC_01337,,1,0
saur_NCTC8325_biotradis/DEG1017,SAOUHSC_01338,,1,0
saur_NCTC8325_biotradis/DEG1017,SAOUHSC_01350,,1,0
saur_NCTC8325_biotradis/DEG1017,SAOUHSC_01434,,1,0
saur_NCTC8325_biotradis/DEG1017,SAOUHSC_01467,,1,0
saur_NCTC8325_biotradis/DEG1017,SAOUHSC_01470,,1,0
saur_NCTC8325_biotradis/DEG1017,SAOUHSC_01474,,1,0
saur_NCTC8325_biotradis/DEG1017,SAOUHSC_01477,,1,0
saur_NCTC8325_biotradis/DEG1017,SAOUHSC_01481,,1,0
saur_NCTC8325_biotradis/DEG1017,SAOUHSC_01482,arob,1,0
saur_NCTC8325_biotradis/DEG1017,SAOUHSC_01483,,1,0
saur_NCTC8325_biotradis/DEG1017,SAOUHSC_01488,,1,0
saur_NCTC8325_biotradis/DEG1017,SAOUHSC_01501,,1,0
saur_NCTC8325_biotradis/DEG1017,SAOUHSC_01507,,1,0
saur_NCTC8325_biotradis/DEG1017,SAOUHSC_01544,,1,0
saur_NCTC8325_biotradis/DEG1017,SAOUHSC_01551,,1,0
saur_NCTC8325_biotradis/DEG1017,SAOUHSC_01559,,1,0
saur_NCTC8325_biotradis/DEG1017,SAOUHSC_01568,,1,0
saur_NCTC8325_biotradis/DEG1017,SAOUHSC_01575,,1,0
saur_NCTC8325_biotradis/DEG1017,SAOUHSC_01579,,1,0
saur_NCTC8325_biotradis/DEG1017,SAOUHSC_01591,,1,0
saur_NCTC8325_biotradis/DEG1017,SAOUHSC_01598,,1,0
saur_NCTC8325_biotradis/DEG1017,SAOUHSC_01599,,1,0
saur_NCTC8325_biotradis/DEG1017,SAOUHSC_01614,,1,0
saur_NCTC8325_biotradis/DEG1017,SAOUHSC_01625,,1,0
saur_NCTC8325_biotradis/DEG1017,SAOUHSC_01659,,1,0
saur_NCTC8325_biotradis/DEG1017,SAOUHSC_01661,,1,0
saur_NCTC8325_biotradis/DEG1017,SAOUHSC_01666,,1,0
saur_NCTC8325_biotradis/DEG1017,SAOUHSC_01667,,1,0
saur_NCTC8325_biotradis/DEG1017,SAOUHSC_01672,,1,0
saur_NCTC8325_biotradis/DEG1017,SAOUHSC_01682,,1,0
saur_NCTC8325_biotradis/DEG1017,SAOUHSC_01684,,1,0
saur_NCTC8325_biotradis/DEG1017,SAOUHSC_01697,,1,0
saur_NCTC8325_biotradis/DEG1017,SAOUHSC_01698,,1,0
saur_NCTC8325_biotradis/DEG1017,SAOUHSC_01700,,1,0
saur_NCTC8325_biotradis/DEG1017,SAOUHSC_01701,,1,0
saur_NCTC8325_biotradis/DEG1017,SAOUHSC_01719,,1,0
saur_NCTC8325_biotradis/DEG1017,SAOUHSC_01720,,1,0
saur_NCTC8325_biotradis/DEG1017,SAOUHSC_01721,,1,0
saur_NCTC8325_biotradis/DEG1017,SAOUHSC_01727,,1,0
saur_NCTC8325_biotradis/DEG1017,SAOUHSC_01741,,1,0
saur_NCTC8325_biotradis/DEG1017,SAOUHSC_01742,,1,0
saur_NCTC8325_biotradis/DEG1017,SAOUHSC_01746,,1,0
saur_NCTC8325_biotradis/DEG1017,SAOUHSC_01756,,1,0
saur_NCTC8325_biotradis/DEG1017,SAOUHSC_01772,,1,0
saur_NCTC8325_biotradis/DEG1017,SAOUHSC_01774,hemc,1,0
saur_NCTC8325_biotradis/DEG1017,SAOUHSC_01776,hema,1,0
saur_NCTC8325_biotradis/DEG1017,SAOUHSC_01782,,1,0
saur_NCTC8325_biotradis/DEG1017,SAOUHSC_01787,,1,0
saur_NCTC8325_biotradis/DEG1017,SAOUHSC_01791,,1,0
saur_NCTC8325_biotradis/DEG1017,SAOUHSC_01792,,1,0
saur_NCTC8325_biotradis/DEG1017,SAOUHSC_01806,,1,0
saur_NCTC8325_biotradis/DEG1017,SAOUHSC_01812,,1,0
saur_NCTC8325_biotradis/DEG1017,SAOUHSC_01820,,1,0
saur_NCTC8325_biotradis/DEG1017,SAOUHSC_01827,,1,0
saur_NCTC8325_biotradis/DEG1017,SAOUHSC_01837,,1,0
saur_NCTC8325_biotradis/DEG1017,SAOUHSC_01839,,1,0
saur_NCTC8325_biotradis/DEG1017,SAOUHSC_01852,,1,0
saur_NCTC8325_biotradis/DEG1017,SAOUHSC_01859,,1,0
saur_NCTC8325_biotradis/DEG1017,SAOUHSC_01866,,1,0
saur_NCTC8325_biotradis/DEG1017,SAOUHSC_01908,,1,0
saur_NCTC8325_biotradis/DEG1017,SAOUHSC_01909,,1,0
saur_NCTC8325_biotradis/DEG1017,SAOUHSC_01915,,1,0
saur_NCTC8325_biotradis/DEG1017,SAOUHSC_01924,,1,0
saur_NCTC8325_biotradis/DEG1017,SAOUHSC_01960,,1,0
saur_NCTC8325_biotradis/DEG1017,SAOUHSC_01961,hemh,1,0
saur_NCTC8325_biotradis/DEG1017,SAOUHSC_01962,heme,1,0
saur_NCTC8325_biotradis/DEG1017,SAOUHSC_01969,,1,0
saur_NCTC8325_biotradis/DEG1017,SAOUHSC_01973,,1,0
saur_NCTC8325_biotradis/DEG1017,SAOUHSC_01986,,1,0
saur_NCTC8325_biotradis/DEG1017,SAOUHSC_02015,,1,0
saur_NCTC8325_biotradis/DEG1017,SAOUHSC_02016,,1,0
saur_NCTC8325_biotradis/DEG1017,SAOUHSC_02017,,1,0
saur_NCTC8325_biotradis/DEG1017,SAOUHSC_02018,,1,0
saur_NCTC8325_biotradis/DEG1017,SAOUHSC_02019,,1,0
saur_NCTC8325_biotradis/DEG1017,SAOUHSC_02020,,1,0
saur_NCTC8325_biotradis/DEG1017,SAOUHSC_02021,,1,0
saur_NCTC8325_biotradis/DEG1017,SAOUHSC_02023,,1,0
saur_NCTC8325_biotradis/DEG1017,SAOUHSC_02025,,1,0
saur_NCTC8325_biotradis/DEG1017,SAOUHSC_02026,,1,0
saur_NCTC8325_biotradis/DEG1017,SAOUHSC_02027,,1,0
saur_NCTC8325_biotradis/DEG1017,SAOUHSC_02028,,1,0
saur_NCTC8325_biotradis/DEG1017,SAOUHSC_02029,,1,0
saur_NCTC8325_biotradis/DEG1017,SAOUHSC_02030,,1,0
saur_NCTC8325_biotradis/DEG1017,SAOUHSC_02031,,1,0
saur_NCTC8325_biotradis/DEG1017,SAOUHSC_02033,,1,0
saur_NCTC8325_biotradis/DEG1017,SAOUHSC_02034,,1,0
saur_NCTC8325_biotradis/DEG1017,SAOUHSC_02035,,1,0
saur_NCTC8325_biotradis/DEG1017,SAOUHSC_02037,,1,0
saur_NCTC8325_biotradis/DEG1017,SAOUHSC_02040,,1,0
saur_NCTC8325_biotradis/DEG1017,SAOUHSC_02041,,1,0
saur_NCTC8325_biotradis/DEG1017,SAOUHSC_02042,,1,0
saur_NCTC8325_biotradis/DEG1017,SAOUHSC_02044,,1,0
saur_NCTC8325_biotradis/DEG1017,SAOUHSC_02046,,1,0
saur_NCTC8325_biotradis/DEG1017,SAOUHSC_02051,,1,0
saur_NCTC8325_biotradis/DEG1017,SAOUHSC_02052,,1,0
saur_NCTC8325_biotradis/DEG1017,SAOUHSC_02055,,1,0
saur_NCTC8325_biotradis/DEG1017,SAOUHSC_02056,,1,0
saur_NCTC8325_biotradis/DEG1017,SAOUHSC_02057,,1,0
saur_NCTC8325_biotradis/DEG1017,SAOUHSC_02058,,1,0
saur_NCTC8325_biotradis/DEG1017,SAOUHSC_02059,,1,0
saur_NCTC8325_biotradis/DEG1017,SAOUHSC_02061,,1,0
saur_NCTC8325_biotradis/DEG1017,SAOUHSC_02062,,1,0
saur_NCTC8325_biotradis/DEG1017,SAOUHSC_02066,,1,0
saur_NCTC8325_biotradis/DEG1017,SAOUHSC_02068,,1,0
saur_NCTC8325_biotradis/DEG1017,SAOUHSC_02069,,1,0
saur_NCTC8325_biotradis/DEG1017,SAOUHSC_02070,,1,0
saur_NCTC8325_biotradis/DEG1017,SAOUHSC_02072,,1,0
saur_NCTC8325_biotradis/DEG1017,SAOUHSC_02073,,1,0
saur_NCTC8325_biotradis/DEG1017,SAOUHSC_02074,,1,0
saur_NCTC8325_biotradis/DEG1017,SAOUHSC_02076,,1,0
saur_NCTC8325_biotradis/DEG1017,SAOUHSC_02077,,1,0
saur_NCTC8325_biotradis/DEG1017,SAOUHSC_02078,,1,0
saur_NCTC8325_biotradis/DEG1017,SAOUHSC_02079,,1,0
saur_NCTC8325_biotradis/DEG1017,SAOUHSC_02081,,1,0
saur_NCTC8325_biotradis/DEG1017,SAOUHSC_02086,,1,0
saur_NCTC8325_biotradis/DEG1017,SAOUHSC_02087,,1,0
saur_NCTC8325_biotradis/DEG1017,SAOUHSC_02088,,1,0
saur_NCTC8325_biotradis/DEG1017,SAOUHSC_02106,,1,0
saur_NCTC8325_biotradis/DEG1017,SAOUHSC_02114,,1,0
saur_NCTC8325_biotradis/DEG1017,SAOUHSC_02123,,1,0
saur_NCTC8325_biotradis/DEG1017,SAOUHSC_02140,,1,0
saur_NCTC8325_biotradis/DEG1017,SAOUHSC_02143,,1,0
saur_NCTC8325_biotradis/DEG1017,SAOUHSC_02151,,1,0
saur_NCTC8325_biotradis/DEG1017,SAOUHSC_02155,,1,0
saur_NCTC8325_biotradis/DEG1017,SAOUHSC_02215,,1,0
saur_NCTC8325_biotradis/DEG1017,SAOUHSC_02219,,1,0
saur_NCTC8325_biotradis/DEG1017,SAOUHSC_02220,,1,0
saur_NCTC8325_biotradis/DEG1017,SAOUHSC_02227,,1,0
saur_NCTC8325_biotradis/DEG1017,SAOUHSC_02233,,1,0
saur_NCTC8325_biotradis/DEG1017,SAOUHSC_02279,,1,0
saur_NCTC8325_biotradis/DEG1017,SAOUHSC_02280,,1,0
saur_NCTC8325_biotradis/DEG1017,SAOUHSC_02327,,1,0
saur_NCTC8325_biotradis/DEG1017,SAOUHSC_02357,,1,0
saur_NCTC8325_biotradis/DEG1017,SAOUHSC_02366,,1,0
saur_NCTC8325_biotradis/DEG1017,SAOUHSC_02371,,1,0
saur_NCTC8325_biotradis/DEG1017,SAOUHSC_02407,,1,0
saur_NCTC8325_biotradis/DEG1017,SAOUHSC_A02331,,1,0
saur_NCTC8325_biotradis/DEG1017,SAOUHSC_02504,,1,0
saur_NCTC8325_biotradis/DEG1017,SAOUHSC_02623,,1,0
saur_NCTC8325_biotradis/DEG1017,SAOUHSC_02793,,1,0
saur_NCTC8325_biotradis/DEG1017,SAOUHSC_02801,,1,0
saur_NCTC8325_biotradis/DEG1017,SAOUHSC_02812,,1,0
saur_NCTC8325_biotradis/DEG1017,SAOUHSC_02909,,1,0
saur_NCTC8325_biotradis/DEG1017,SAOUHSC_02989,secy,0,1
saur_NCTC8325_biotradis/DEG1061,SAOUHSC_00003,,1,0
saur_NCTC8325_biotradis/DEG1061,SAOUHSC_00009,,1,0
saur_NCTC8325_biotradis/DEG1061,SAOUHSC_00015,,1,0
saur_NCTC8325_biotradis/DEG1061,SAOUHSC_00018,,1,0
saur_NCTC8325_biotradis/DEG1061,SAOUHSC_00026,,1,0
saur_NCTC8325_biotradis/DEG1061,SAOUHSC_00027,,1,0
saur_NCTC8325_biotradis/DEG1061,SAOUHSC_00226,,1,0
saur_NCTC8325_biotradis/DEG1061,SAOUHSC_00227,,1,0
saur_NCTC8325_biotradis/DEG1061,SAOUHSC_00331,,1,0
saur_NCTC8325_biotradis/DEG1061,SAOUHSC_00345,,1,0
saur_NCTC8325_biotradis/DEG1061,SAOUHSC_00372,,1,0
saur_NCTC8325_biotradis/DEG1061,SAOUHSC_00374,,1,0
saur_NCTC8325_biotradis/DEG1061,SAOUHSC_00396,,1,0
saur_NCTC8325_biotradis/DEG1061,SAOUHSC_00413,,1,0
saur_NCTC8325_biotradis/DEG1061,SAOUHSC_00414,,1,0
saur_NCTC8325_biotradis/DEG1061,SAOUHSC_00420,,1,0
saur_NCTC8325_biotradis/DEG1061,SAOUHSC_00444,,1,0
saur_NCTC8325_biotradis/DEG1061,SAOUHSC_00445,recr,1,0
saur_NCTC8325_biotradis/DEG1061,SAOUHSC_00475,,1,0
saur_NCTC8325_biotradis/DEG1061,SAOUHSC_00482,,1,0
saur_NCTC8325_biotradis/DEG1061,SAOUHSC_00484,,1,0
saur_NCTC8325_biotradis/DEG1061,SAOUHSC_00485,,1,0
saur_NCTC8325_biotradis/DEG1061,SAOUHSC_00486,,1,0
saur_NCTC8325_biotradis/DEG1061,SAOUHSC_00489,,1,0
saur_NCTC8325_biotradis/DEG1061,SAOUHSC_00490,,1,0
saur_NCTC8325_biotradis/DEG1061,SAOUHSC_00491,,1,0
saur_NCTC8325_biotradis/DEG1061,SAOUHSC_00499,,1,0
saur_NCTC8325_biotradis/DEG1061,SAOUHSC_00516,sece,1,0
saur_NCTC8325_biotradis/DEG1061,SAOUHSC_00518,rplk,1,0
saur_NCTC8325_biotradis/DEG1061,SAOUHSC_00526,,1,0
saur_NCTC8325_biotradis/DEG1061,SAOUHSC_00528,,1,0
saur_NCTC8325_biotradis/DEG1061,SAOUHSC_00529,,1,0
saur_NCTC8325_biotradis/DEG1061,SAOUHSC_00530,,1,0
saur_NCTC8325_biotradis/DEG1061,SAOUHSC_00536,,1,0
saur_NCTC8325_biotradis/DEG1061,SAOUHSC_00549,,1,0
saur_NCTC8325_biotradis/DEG1061,SAOUHSC_00573,,1,0
saur_NCTC8325_biotradis/DEG1061,SAOUHSC_00575,,1,0
saur_NCTC8325_biotradis/DEG1061,SAOUHSC_00578,,1,0
saur_NCTC8325_biotradis/DEG1061,SAOUHSC_00579,,1,0
saur_NCTC8325_biotradis/DEG1061,SAOUHSC_00640,,1,0
saur_NCTC8325_biotradis/DEG1061,SAOUHSC_00645,,1,0
saur_NCTC8325_biotradis/DEG1061,SAOUHSC_00659,,1,0
saur_NCTC8325_biotradis/DEG1061,SAOUHSC_00728,,1,0
saur_NCTC8325_biotradis/DEG1061,SAOUHSC_00762,,1,0
saur_NCTC8325_biotradis/DEG1061,SAOUHSC_00778,,1,0
saur_NCTC8325_biotradis/DEG1061,SAOUHSC_00781,,1,0
saur_NCTC8325_biotradis/DEG1061,SAOUHSC_00785,,1,0
saur_NCTC8325_biotradis/DEG1061,SAOUHSC_00788,,1,0
saur_NCTC8325_biotradis/DEG1061,SAOUHSC_00789,,1,0
saur_NCTC8325_biotradis/DEG1061,SAOUHSC_00836,,1,0
saur_NCTC8325_biotradis/DEG1061,SAOUHSC_00848,,1,0
saur_NCTC8325_biotradis/DEG1061,SAOUHSC_00850,,1,0
saur_NCTC8325_biotradis/DEG1061,SAOUHSC_00851,,1,0
saur_NCTC8325_biotradis/DEG1061,SAOUHSC_00857,,1,0
saur_NCTC8325_biotradis/DEG1061,SAOUHSC_00868,,1,0
saur_NCTC8325_biotradis/DEG1061,SAOUHSC_00869,,1,0
saur_NCTC8325_biotradis/DEG1061,SAOUHSC_00871,,1,0
saur_NCTC8325_biotradis/DEG1061,SAOUHSC_00872,,1,0
saur_NCTC8325_biotradis/DEG1061,SAOUHSC_00878,,1,0
saur_NCTC8325_biotradis/DEG1061,SAOUHSC_00881,,1,0
saur_NCTC8325_biotradis/DEG1061,SAOUHSC_00885,,1,0
saur_NCTC8325_biotradis/DEG1061,SAOUHSC_00920,,1,0
saur_NCTC8325_biotradis/DEG1061,SAOUHSC_00933,,1,0
saur_NCTC8325_biotradis/DEG1061,SAOUHSC_00947,,1,0
saur_NCTC8325_biotradis/DEG1061,SAOUHSC_00953,,1,0
saur_NCTC8325_biotradis/DEG1061,SAOUHSC_00957,,1,0
saur_NCTC8325_biotradis/DEG1061,SAOUHSC_00964,,1,0
saur_NCTC8325_biotradis/DEG1061,SAOUHSC_00980,,1,0
saur_NCTC8325_biotradis/DEG1061,SAOUHSC_00981,,1,0
saur_NCTC8325_biotradis/DEG1061,SAOUHSC_00982,,1,0
saur_NCTC8325_biotradis/DEG1061,SAOUHSC_01003,,1,0
saur_NCTC8325_biotradis/DEG1061,SAOUHSC_A00992,,1,0
saur_NCTC8325_biotradis/DEG1061,SAOUHSC_01035,,1,0
saur_NCTC8325_biotradis/DEG1061,SAOUHSC_01036,,1,0
saur_NCTC8325_biotradis/DEG1061,SAOUHSC_01043,,1,0
saur_NCTC8325_biotradis/DEG1061,SAOUHSC_01063,,1,0
saur_NCTC8325_biotradis/DEG1061,SAOUHSC_01066,,1,0
saur_NCTC8325_biotradis/DEG1061,SAOUHSC_01075,coad,1,0
saur_NCTC8325_biotradis/DEG1061,SAOUHSC_01100,,1,0
saur_NCTC8325_biotradis/DEG1061,SAOUHSC_01106,,1,0
saur_NCTC8325_biotradis/DEG1061,SAOUHSC_01142,,1,0
saur_NCTC8325_biotradis/DEG1061,SAOUHSC_01143,mraw,1,0
saur_NCTC8325_biotradis/DEG1061,SAOUHSC_01144,,1,0
saur_NCTC8325_biotradis/DEG1061,SAOUHSC_01145,,1,0
saur_NCTC8325_biotradis/DEG1061,SAOUHSC_01150,,1,0
saur_NCTC8325_biotradis/DEG1061,SAOUHSC_01154,,1,0
saur_NCTC8325_biotradis/DEG1061,SAOUHSC_01163,,1,0
saur_NCTC8325_biotradis/DEG1061,SAOUHSC_01168,pyrc,1,0
saur_NCTC8325_biotradis/DEG1061,SAOUHSC_01171,,1,0
saur_NCTC8325_biotradis/DEG1061,SAOUHSC_01178,,1,0
saur_NCTC8325_biotradis/DEG1061,SAOUHSC_01179,,1,0
saur_NCTC8325_biotradis/DEG1061,SAOUHSC_01183,,1,0
saur_NCTC8325_biotradis/DEG1061,SAOUHSC_01188,,1,0
saur_NCTC8325_biotradis/DEG1061,SAOUHSC_01189,,1,0
saur_NCTC8325_biotradis/DEG1061,SAOUHSC_01190,,1,0
saur_NCTC8325_biotradis/DEG1061,SAOUHSC_01194,,1,0
saur_NCTC8325_biotradis/DEG1061,SAOUHSC_01197,,1,0
saur_NCTC8325_biotradis/DEG1061,SAOUHSC_01198,,1,0
saur_NCTC8325_biotradis/DEG1061,SAOUHSC_01205,,1,0
saur_NCTC8325_biotradis/DEG1061,SAOUHSC_01207,,1,0
saur_NCTC8325_biotradis/DEG1061,SAOUHSC_01211,rpls,1,0
saur_NCTC8325_biotradis/DEG1061,SAOUHSC_01222,,1,0
saur_NCTC8325_biotradis/DEG1061,SAOUHSC_01228,,1,0
saur_NCTC8325_biotradis/DEG1061,SAOUHSC_01237,,1,0
saur_NCTC8325_biotradis/DEG1061,SAOUHSC_01238,,1,0
saur_NCTC8325_biotradis/DEG1061,SAOUHSC_01240,,1,0
saur_NCTC8325_biotradis/DEG1061,SAOUHSC_01242,,1,0
saur_NCTC8325_biotradis/DEG1061,SAOUHSC_01244,,1,0
saur_NCTC8325_biotradis/DEG1061,SAOUHSC_01245,,1,0
saur_NCTC8325_biotradis/DEG1061,SAOUHSC_01249,,1,0
saur_NCTC8325_biotradis/DEG1061,SAOUHSC_01250,rpso,1,0
saur_NCTC8325_biotradis/DEG1061,SAOUHSC_01252,,1,0
saur_NCTC8325_biotradis/DEG1061,SAOUHSC_01260,,1,0
saur_NCTC8325_biotradis/DEG1061,SAOUHSC_01263,,1,0
saur_NCTC8325_biotradis/DEG1061,SAOUHSC_01265,,1,0
saur_NCTC8325_biotradis/DEG1061,SAOUHSC_01267,,1,0
saur_NCTC8325_biotradis/DEG1061,SAOUHSC_01329,rpsn,0,1
saur_NCTC8325_biotradis/DEG1061,SAOUHSC_01333,,1,0
saur_NCTC8325_biotradis/DEG1061,SAOUHSC_01337,,1,0
saur_NCTC8325_biotradis/DEG1061,SAOUHSC_01338,,1,0
saur_NCTC8325_biotradis/DEG1061,SAOUHSC_01350,,1,0
saur_NCTC8325_biotradis/DEG1061,SAOUHSC_01434,,1,0
saur_NCTC8325_biotradis/DEG1061,SAOUHSC_01466,recu,1,0
saur_NCTC8325_biotradis/DEG1061,SAOUHSC_01467,,1,0
saur_NCTC8325_biotradis/DEG1061,SAOUHSC_01470,,1,0
saur_NCTC8325_biotradis/DEG1061,SAOUHSC_01474,,1,0
saur_NCTC8325_biotradis/DEG1061,SAOUHSC_01477,,1,0
saur_NCTC8325_biotradis/DEG1061,SAOUHSC_01481,,1,0
saur_NCTC8325_biotradis/DEG1061,SAOUHSC_01482,arob,1,0
saur_NCTC8325_biotradis/DEG1061,SAOUHSC_01483,,1,0
saur_NCTC8325_biotradis/DEG1061,SAOUHSC_01488,,1,0
saur_NCTC8325_biotradis/DEG1061,SAOUHSC_01501,,1,0
saur_NCTC8325_biotradis/DEG1061,SAOUHSC_01507,,1,0
saur_NCTC8325_biotradis/DEG1061,SAOUHSC_01544,,1,0
saur_NCTC8325_biotradis/DEG1061,SAOUHSC_01551,,1,0
saur_NCTC8325_biotradis/DEG1061,SAOUHSC_01559,,1,0
saur_NCTC8325_biotradis/DEG1061,SAOUHSC_01568,,1,0
saur_NCTC8325_biotradis/DEG1061,SAOUHSC_01575,,1,0
saur_NCTC8325_biotradis/DEG1061,SAOUHSC_01579,,1,0
saur_NCTC8325_biotradis/DEG1061,SAOUHSC_01591,,1,0
saur_NCTC8325_biotradis/DEG1061,SAOUHSC_01598,,1,0
saur_NCTC8325_biotradis/DEG1061,SAOUHSC_01599,,1,0
saur_NCTC8325_biotradis/DEG1061,SAOUHSC_01614,,1,0
saur_NCTC8325_biotradis/DEG1061,SAOUHSC_01625,,1,0
saur_NCTC8325_biotradis/DEG1061,SAOUHSC_01659,,1,0
saur_NCTC8325_biotradis/DEG1061,SAOUHSC_01661,,1,0
saur_NCTC8325_biotradis/DEG1061,SAOUHSC_01666,,1,0
saur_NCTC8325_biotradis/DEG1061,SAOUHSC_01667,,1,0
saur_NCTC8325_biotradis/DEG1061,SAOUHSC_01668,era,1,0
saur_NCTC8325_biotradis/DEG1061,SAOUHSC_01672,,1,0
saur_NCTC8325_biotradis/DEG1061,SAOUHSC_01682,,1,0
saur_NCTC8325_biotradis/DEG1061,SAOUHSC_01684,,1,0
saur_NCTC8325_biotradis/DEG1061,SAOUHSC_01697,,1,0
saur_NCTC8325_biotradis/DEG1061,SAOUHSC_01698,,1,0
saur_NCTC8325_biotradis/DEG1061,SAOUHSC_01700,,1,0
saur_NCTC8325_biotradis/DEG1061,SAOUHSC_01701,,1,0
saur_NCTC8325_biotradis/DEG1061,SAOUHSC_01719,,1,0
saur_NCTC8325_biotradis/DEG1061,SAOUHSC_01720,,1,0
saur_NCTC8325_biotradis/DEG1061,SAOUHSC_01721,,1,0
saur_NCTC8325_biotradis/DEG1061,SAOUHSC_01727,,1,0
saur_NCTC8325_biotradis/DEG1061,SAOUHSC_01741,,1,0
saur_NCTC8325_biotradis/DEG1061,SAOUHSC_01742,,1,0
saur_NCTC8325_biotradis/DEG1061,SAOUHSC_01746,,1,0
saur_NCTC8325_biotradis/DEG1061,SAOUHSC_01750,ruvb,1,0
saur_NCTC8325_biotradis/DEG1061,SAOUHSC_01751,ruva,1,0
saur_NCTC8325_biotradis/DEG1061,SAOUHSC_01756,,1,0
saur_NCTC8325_biotradis/DEG1061,SAOUHSC_01772,,1,0
saur_NCTC8325_biotradis/DEG1061,SAOUHSC_01782,,1,0
saur_NCTC8325_biotradis/DEG1061,SAOUHSC_01787,,1,0
saur_NCTC8325_biotradis/DEG1061,SAOUHSC_01791,,1,0
saur_NCTC8325_biotradis/DEG1061,SAOUHSC_01792,,1,0
saur_NCTC8325_biotradis/DEG1061,SAOUHSC_01806,,1,0
saur_NCTC8325_biotradis/DEG1061,SAOUHSC_01812,,1,0
saur_NCTC8325_biotradis/DEG1061,SAOUHSC_01820,,1,0
saur_NCTC8325_biotradis/DEG1061,SAOUHSC_01827,,1,0
saur_NCTC8325_biotradis/DEG1061,SAOUHSC_01837,,1,0
saur_NCTC8325_biotradis/DEG1061,SAOUHSC_01839,,1,0
saur_NCTC8325_biotradis/DEG1061,SAOUHSC_01852,,1,0
saur_NCTC8325_biotradis/DEG1061,SAOUHSC_01859,,1,0
saur_NCTC8325_biotradis/DEG1061,SAOUHSC_01866,,1,0
saur_NCTC8325_biotradis/DEG1061,SAOUHSC_01908,,1,0
saur_NCTC8325_biotradis/DEG1061,SAOUHSC_01909,,1,0
saur_NCTC8325_biotradis/DEG1061,SAOUHSC_01915,,1,0
saur_NCTC8325_biotradis/DEG1061,SAOUHSC_01924,,1,0
saur_NCTC8325_biotradis/DEG1061,SAOUHSC_01960,,1,0
saur_NCTC8325_biotradis/DEG1061,SAOUHSC_01969,,1,0
saur_NCTC8325_biotradis/DEG1061,SAOUHSC_01973,,1,0
saur_NCTC8325_biotradis/DEG1061,SAOUHSC_01986,,1,0
saur_NCTC8325_biotradis/DEG1061,SAOUHSC_02015,,1,0
saur_NCTC8325_biotradis/DEG1061,SAOUHSC_02016,,1,0
saur_NCTC8325_biotradis/DEG1061,SAOUHSC_02017,,1,0
saur_NCTC8325_biotradis/DEG1061,SAOUHSC_02018,,1,0
saur_NCTC8325_biotradis/DEG1061,SAOUHSC_02019,,1,0
saur_NCTC8325_biotradis/DEG1061,SAOUHSC_02020,,1,0
saur_NCTC8325_biotradis/DEG1061,SAOUHSC_02021,,1,0
saur_NCTC8325_biotradis/DEG1061,SAOUHSC_02023,,1,0
saur_NCTC8325_biotradis/DEG1061,SAOUHSC_02025,,1,0
saur_NCTC8325_biotradis/DEG1061,SAOUHSC_02026,,1,0
saur_NCTC8325_biotradis/DEG1061,SAOUHSC_02027,,1,0
saur_NCTC8325_biotradis/DEG1061,SAOUHSC_02028,,1,0
saur_NCTC8325_biotradis/DEG1061,SAOUHSC_02029,,1,0
saur_NCTC8325_biotradis/DEG1061,SAOUHSC_02030,,1,0
saur_NCTC8325_biotradis/DEG1061,SAOUHSC_02031,,1,0
saur_NCTC8325_biotradis/DEG1061,SAOUHSC_02033,,1,0
saur_NCTC8325_biotradis/DEG1061,SAOUHSC_02034,,1,0
saur_NCTC8325_biotradis/DEG1061,SAOUHSC_02035,,1,0
saur_NCTC8325_biotradis/DEG1061,SAOUHSC_02037,,1,0
saur_NCTC8325_biotradis/DEG1061,SAOUHSC_02040,,1,0
saur_NCTC8325_biotradis/DEG1061,SAOUHSC_02041,,1,0
saur_NCTC8325_biotradis/DEG1061,SAOUHSC_02042,,1,0
saur_NCTC8325_biotradis/DEG1061,SAOUHSC_02044,,1,0
saur_NCTC8325_biotradis/DEG1061,SAOUHSC_02046,,1,0
saur_NCTC8325_biotradis/DEG1061,SAOUHSC_02051,,1,0
saur_NCTC8325_biotradis/DEG1061,SAOUHSC_02052,,1,0
saur_NCTC8325_biotradis/DEG1061,SAOUHSC_02055,,1,0
saur_NCTC8325_biotradis/DEG1061,SAOUHSC_02056,,1,0
saur_NCTC8325_biotradis/DEG1061,SAOUHSC_02057,,1,0
saur_NCTC8325_biotradis/DEG1061,SAOUHSC_02058,,1,0
saur_NCTC8325_biotradis/DEG1061,SAOUHSC_02059,,1,0
saur_NCTC8325_biotradis/DEG1061,SAOUHSC_02061,,1,0
saur_NCTC8325_biotradis/DEG1061,SAOUHSC_02062,,1,0
saur_NCTC8325_biotradis/DEG1061,SAOUHSC_02066,,1,0
saur_NCTC8325_biotradis/DEG1061,SAOUHSC_02068,,1,0
saur_NCTC8325_biotradis/DEG1061,SAOUHSC_02069,,1,0
saur_NCTC8325_biotradis/DEG1061,SAOUHSC_02070,,1,0
saur_NCTC8325_biotradis/DEG1061,SAOUHSC_02072,,1,0
saur_NCTC8325_biotradis/DEG1061,SAOUHSC_02073,,1,0
saur_NCTC8325_biotradis/DEG1061,SAOUHSC_02074,,1,0
saur_NCTC8325_biotradis/DEG1061,SAOUHSC_02076,,1,0
saur_NCTC8325_biotradis/DEG1061,SAOUHSC_02077,,1,0
saur_NCTC8325_biotradis/DEG1061,SAOUHSC_02078,,1,0
saur_NCTC8325_biotradis/DEG1061,SAOUHSC_02079,,1,0
saur_NCTC8325_biotradis/DEG1061,SAOUHSC_02081,,1,0
saur_NCTC8325_biotradis/DEG1061,SAOUHSC_02086,,1,0
saur_NCTC8325_biotradis/DEG1061,SAOUHSC_02087,,1,0
saur_NCTC8325_biotradis/DEG1061,SAOUHSC_02088,,1,0
saur_NCTC8325_biotradis/DEG1061,SAOUHSC_02106,,1,0
saur_NCTC8325_biotradis/DEG1061,SAOUHSC_02114,,1,0
saur_NCTC8325_biotradis/DEG1061,SAOUHSC_02123,,1,0
saur_NCTC8325_biotradis/DEG1061,SAOUHSC_02140,,1,0
saur_NCTC8325_biotradis/DEG1061,SAOUHSC_02143,,1,0
saur_NCTC8325_biotradis/DEG1061,SAOUHSC_02151,,1,0
saur_NCTC8325_biotradis/DEG1061,SAOUHSC_02155,,1,0
saur_NCTC8325_biotradis/DEG1061,SAOUHSC_02215,,1,0
saur_NCTC8325_biotradis/DEG1061,SAOUHSC_02219,,1,0
saur_NCTC8325_biotradis/DEG1061,SAOUHSC_02220,,1,0
saur_NCTC8325_biotradis/DEG1061,SAOUHSC_02227,,1,0
saur_NCTC8325_biotradis/DEG1061,SAOUHSC_02233,,1,0
saur_NCTC8325_biotradis/DEG1061,SAOUHSC_02279,,1,0
saur_NCTC8325_biotradis/DEG1061,SAOUHSC_02280,,1,0
saur_NCTC8325_biotradis/DEG1061,SAOUHSC_02327,,1,0
saur_NCTC8325_biotradis/DEG1061,SAOUHSC_02357,,1,0
saur_NCTC8325_biotradis/DEG1061,SAOUHSC_02366,,1,0
saur_NCTC8325_biotradis/DEG1061,SAOUHSC_02371,,1,0
saur_NCTC8325_biotradis/DEG1061,SAOUHSC_02405,glmm,1,0
saur_NCTC8325_biotradis/DEG1061,SAOUHSC_02407,,1,0
saur_NCTC8325_biotradis/DEG1061,SAOUHSC_A02331,,1,0
saur_NCTC8325_biotradis/DEG1061,SAOUHSC_02488,rpmj,1,0
saur_NCTC8325_biotradis/DEG1061,SAOUHSC_02495,rplr,1,0
saur_NCTC8325_biotradis/DEG1061,SAOUHSC_02504,,1,0
saur_NCTC8325_biotradis/DEG1061,SAOUHSC_02623,,1,0
saur_NCTC8325_biotradis/DEG1061,SAOUHSC_02793,,1,0
saur_NCTC8325_biotradis/DEG1061,SAOUHSC_02801,,1,0
saur_NCTC8325_biotradis/DEG1061,SAOUHSC_02812,,1,0
saur_NCTC8325_biotradis/DEG1061,SAOUHSC_02909,,1,0
saur_NCTC8325_biotradis/DEG1061,SAOUHSC_02989,secy,0,1
saur_NCTC8325_biotradis/DEG1061,SAOUHSC_03053,trme,1,0
saur_NCTC8325_biotradis/DEG1061,SAOUHSC_03055,rpmh,1,0
beril_RalstoniaGMI1000/DEG1057,RS_RS25220,rpmh,1,0
beril_RalstoniaGMI1000/DEG1057,RS_RS00005,rnpa,1,0
beril_RalstoniaGMI1000/DEG1057,RS_RS00020,mnme,1,0
beril_RalstoniaGMI1000/DEG1057,RS_RS00035,rpsu,1,0
beril_RalstoniaGMI1000/DEG1057,RS_RS00065,,1,0
beril_RalstoniaGMI1000/DEG1057,RS_RS00090,,1,0
beril_RalstoniaGMI1000/DEG1057,RS_RS00100,,1,0
beril_RalstoniaGMI1000/DEG1057,RS_RS00145,gabt,1,0
beril_RalstoniaGMI1000/DEG1057,RS_RS00170,,1,0
beril_RalstoniaGMI1000/DEG1057,RS_RS00180,,1,0
beril_RalstoniaGMI1000/DEG1057,RS_RS00185,,1,0
beril_RalstoniaGMI1000/DEG1057,RS_RS00240,,1,0
beril_RalstoniaGMI1000/DEG1057,RS_RS00260,xerc,1,0
beril_RalstoniaGMI1000/DEG1057,RS_RS00265,,1,0
beril_RalstoniaGMI1000/DEG1057,RS_RS00290,gatc,1,0
beril_RalstoniaGMI1000/DEG1057,RS_RS00295,,1,0
beril_RalstoniaGMI1000/DEG1057,RS_RS00300,mrec,1,0
beril_RalstoniaGMI1000/DEG1057,RS_RS00305,mred,1,0
beril_RalstoniaGMI1000/DEG1057,RS_RS00325,,1,0
beril_RalstoniaGMI1000/DEG1057,RS_RS00330,,1,0
beril_RalstoniaGMI1000/DEG1057,RS_RS00335,,1,0
beril_RalstoniaGMI1000/DEG1057,RS_RS00360,fmt,1,0
beril_RalstoniaGMI1000/DEG1057,RS_RS00365,,1,0
beril_RalstoniaGMI1000/DEG1057,RS_RS00380,,1,0
beril_RalstoniaGMI1000/DEG1057,RS_RS00390,,1,0
beril_RalstoniaGMI1000/DEG1057,RS_RS00410,,1,0
beril_RalstoniaGMI1000/DEG1057,RS_RS00415,,1,0
beril_RalstoniaGMI1000/DEG1057,RS_RS00425,,1,0
beril_RalstoniaGMI1000/DEG1057,RS_RS00430,,1,0
beril_RalstoniaGMI1000/DEG1057,RS_RS00470,ahcy,1,0
beril_RalstoniaGMI1000/DEG1057,RS_RS00495,thid,1,0
beril_RalstoniaGMI1000/DEG1057,RS_RS00530,,1,0
beril_RalstoniaGMI1000/DEG1057,RS_RS00535,,1,0
beril_RalstoniaGMI1000/DEG1057,RS_RS00540,,1,0
beril_RalstoniaGMI1000/DEG1057,RS_RS00545,this,1,0
beril_RalstoniaGMI1000/DEG1057,RS_RS00550,,1,0
beril_RalstoniaGMI1000/DEG1057,RS_RS00610,,1,0
beril_RalstoniaGMI1000/DEG1057,RS_RS00630,,1,0
beril_RalstoniaGMI1000/DEG1057,RS_RS00635,,1,0
beril_RalstoniaGMI1000/DEG1057,RS_RS00660,metk,1,0
beril_RalstoniaGMI1000/DEG1057,RS_RS00665,,1,0
beril_RalstoniaGMI1000/DEG1057,RS_RS00670,,1,0
beril_RalstoniaGMI1000/DEG1057,RS_RS00675,dapf,1,0
beril_RalstoniaGMI1000/DEG1057,RS_RS00725,,1,0
beril_RalstoniaGMI1000/DEG1057,RS_RS00735,,1,0
beril_RalstoniaGMI1000/DEG1057,RS_RS00745,,1,0
beril_RalstoniaGMI1000/DEG1057,RS_RS00765,,1,0
beril_RalstoniaGMI1000/DEG1057,RS_RS00770,,1,0
beril_RalstoniaGMI1000/DEG1057,RS_RS00775,,1,0
beril_RalstoniaGMI1000/DEG1057,RS_RS00785,rocd,1,0
beril_RalstoniaGMI1000/DEG1057,RS_RS00790,,1,0
beril_RalstoniaGMI1000/DEG1057,RS_RS00845,,1,0
beril_RalstoniaGMI1000/DEG1057,RS_RS00900,,1,0
beril_RalstoniaGMI1000/DEG1057,RS_RS00905,,1,0
beril_RalstoniaGMI1000/DEG1057,RS_RS00950,,1,0
beril_RalstoniaGMI1000/DEG1057,RS_RS01000,,1,0
beril_RalstoniaGMI1000/DEG1057,RS_RS01015,,1,0
beril_RalstoniaGMI1000/DEG1057,RS_RS01040,,1,0
beril_RalstoniaGMI1000/DEG1057,RS_RS01060,,1,0
beril_RalstoniaGMI1000/DEG1057,RS_RS01065,,1,0
beril_RalstoniaGMI1000/DEG1057,RS_RS01085,,1,0
beril_RalstoniaGMI1000/DEG1057,RS_RS01135,,1,0
beril_RalstoniaGMI1000/DEG1057,RS_RS01170,,1,0
beril_RalstoniaGMI1000/DEG1057,RS_RS01200,,1,0
beril_RalstoniaGMI1000/DEG1057,RS_RS01270,,1,0
beril_RalstoniaGMI1000/DEG1057,RS_RS01310,,1,0
beril_RalstoniaGMI1000/DEG1057,RS_RS01335,,1,0
beril_RalstoniaGMI1000/DEG1057,RS_RS01355,,1,0
beril_RalstoniaGMI1000/DEG1057,RS_RS01395,,1,0
beril_RalstoniaGMI1000/DEG1057,RS_RS01410,args,1,0
beril_RalstoniaGMI1000/DEG1057,RS_RS01415,,1,0
beril_RalstoniaGMI1000/DEG1057,RS_RS01425,,1,0
beril_RalstoniaGMI1000/DEG1057,RS_RS01435,,1,0
beril_RalstoniaGMI1000/DEG1057,RS_RS01475,,1,0
beril_RalstoniaGMI1000/DEG1057,RS_RS01485,,1,0
beril_RalstoniaGMI1000/DEG1057,RS_RS01495,,1,0
beril_RalstoniaGMI1000/DEG1057,RS_RS01520,rfae2,1,0
beril_RalstoniaGMI1000/DEG1057,RS_RS01530,,1,0
beril_RalstoniaGMI1000/DEG1057,RS_RS01535,,1,0
beril_RalstoniaGMI1000/DEG1057,RS_RS01545,,1,0
beril_RalstoniaGMI1000/DEG1057,RS_RS01600,,1,0
beril_RalstoniaGMI1000/DEG1057,RS_RS01605,,1,0
beril_RalstoniaGMI1000/DEG1057,RS_RS01615,,1,0
beril_RalstoniaGMI1000/DEG1057,RS_RS01635,,1,0
beril_RalstoniaGMI1000/DEG1057,RS_RS01640,,1,0
beril_RalstoniaGMI1000/DEG1057,RS_RS01670,,1,0
beril_RalstoniaGMI1000/DEG1057,RS_RS01675,,1,0
beril_RalstoniaGMI1000/DEG1057,RS_RS01695,gsha,1,0
beril_RalstoniaGMI1000/DEG1057,RS_RS01710,,1,0
beril_RalstoniaGMI1000/DEG1057,RS_RS01715,ptsp,0,1
beril_RalstoniaGMI1000/DEG1057,RS_RS01720,,1,0
beril_RalstoniaGMI1000/DEG1057,RS_RS01730,,1,0
beril_RalstoniaGMI1000/DEG1057,RS_RS01740,gpma,1,0
beril_RalstoniaGMI1000/DEG1057,RS_RS01745,,1,0
beril_RalstoniaGMI1000/DEG1057,RS_RS01760,,1,0
beril_RalstoniaGMI1000/DEG1057,RS_RS01775,,1,0
beril_RalstoniaGMI1000/DEG1057,RS_RS01800,,1,0
beril_RalstoniaGMI1000/DEG1057,RS_RS01810,,1,0
beril_RalstoniaGMI1000/DEG1057,RS_RS01865,,1,0
beril_RalstoniaGMI1000/DEG1057,RS_RS01905,ftsy,1,0
beril_RalstoniaGMI1000/DEG1057,RS_RS01930,,1,0
beril_RalstoniaGMI1000/DEG1057,RS_RS01940,pth,1,0
beril_RalstoniaGMI1000/DEG1057,RS_RS01945,,1,0
beril_RalstoniaGMI1000/DEG1057,RS_RS01950,,1,0
beril_RalstoniaGMI1000/DEG1057,RS_RS01965,lolb,1,0
beril_RalstoniaGMI1000/DEG1057,RS_RS02005,hprk,1,0
beril_RalstoniaGMI1000/DEG1057,RS_RS02010,ptsn,1,0
beril_RalstoniaGMI1000/DEG1057,RS_RS02030,lpta,1,0
beril_RalstoniaGMI1000/DEG1057,RS_RS02045,,1,0
beril_RalstoniaGMI1000/DEG1057,RS_RS02070,,1,0
beril_RalstoniaGMI1000/DEG1057,RS_RS02090,,1,0
beril_RalstoniaGMI1000/DEG1057,RS_RS02100,,1,0
beril_RalstoniaGMI1000/DEG1057,RS_RS02110,,1,0
beril_RalstoniaGMI1000/DEG1057,RS_RS02165,,1,0
beril_RalstoniaGMI1000/DEG1057,RS_RS02225,ilva,1,0
beril_RalstoniaGMI1000/DEG1057,RS_RS02255,,1,0
beril_RalstoniaGMI1000/DEG1057,RS_RS02280,,1,0
beril_RalstoniaGMI1000/DEG1057,RS_RS02300,,1,0
beril_RalstoniaGMI1000/DEG1057,RS_RS02315,,1,0
beril_RalstoniaGMI1000/DEG1057,RS_RS02320,nudb,1,0
beril_RalstoniaGMI1000/DEG1057,RS_RS02355,,1,0
beril_RalstoniaGMI1000/DEG1057,RS_RS02360,,1,0
beril_RalstoniaGMI1000/DEG1057,RS_RS02370,,1,0
beril_RalstoniaGMI1000/DEG1057,RS_RS02385,,1,0
beril_RalstoniaGMI1000/DEG1057,RS_RS02390,,1,0
beril_RalstoniaGMI1000/DEG1057,RS_RS02395,gltk,1,0
beril_RalstoniaGMI1000/DEG1057,RS_RS02400,,1,0
beril_RalstoniaGMI1000/DEG1057,RS_RS02420,pyrc,1,0
beril_RalstoniaGMI1000/DEG1057,RS_RS02425,,1,0
beril_RalstoniaGMI1000/DEG1057,RS_RS02440,rpsi,1,0
beril_RalstoniaGMI1000/DEG1057,RS_RS02465,tyrs,1,0
beril_RalstoniaGMI1000/DEG1057,RS_RS02470,dtd,1,0
beril_RalstoniaGMI1000/DEG1057,RS_RS02480,,1,0
beril_RalstoniaGMI1000/DEG1057,RS_RS02485,ruvb,1,0
beril_RalstoniaGMI1000/DEG1057,RS_RS02490,ruva,1,0
beril_RalstoniaGMI1000/DEG1057,RS_RS02500,ruvc,1,0
beril_RalstoniaGMI1000/DEG1057,RS_RS02525,,1,0
beril_RalstoniaGMI1000/DEG1057,RS_RS02530,,1,0
beril_RalstoniaGMI1000/DEG1057,RS_RS02535,,1,0
beril_RalstoniaGMI1000/DEG1057,RS_RS02550,,1,0
beril_RalstoniaGMI1000/DEG1057,RS_RS02565,,1,0
beril_RalstoniaGMI1000/DEG1057,RS_RS02570,,1,0
beril_RalstoniaGMI1000/DEG1057,RS_RS02575,pdxa,1,0
beril_RalstoniaGMI1000/DEG1057,RS_RS02585,,1,0
beril_RalstoniaGMI1000/DEG1057,RS_RS02600,,1,0
beril_RalstoniaGMI1000/DEG1057,RS_RS02610,glys,1,0
beril_RalstoniaGMI1000/DEG1057,RS_RS02620,glyq,1,0
beril_RalstoniaGMI1000/DEG1057,RS_RS02635,ybey,1,0
beril_RalstoniaGMI1000/DEG1057,RS_RS02710,,1,0
beril_RalstoniaGMI1000/DEG1057,RS_RS02720,,1,0
beril_RalstoniaGMI1000/DEG1057,RS_RS02725,,1,0
beril_RalstoniaGMI1000/DEG1057,RS_RS02730,,1,0
beril_RalstoniaGMI1000/DEG1057,RS_RS02755,,1,0
beril_RalstoniaGMI1000/DEG1057,RS_RS02760,reca,1,0
beril_RalstoniaGMI1000/DEG1057,RS_RS02785,,1,0
beril_RalstoniaGMI1000/DEG1057,RS_RS02805,moac,0,1
beril_RalstoniaGMI1000/DEG1057,RS_RS02815,,1,0
beril_RalstoniaGMI1000/DEG1057,RS_RS02830,waaf,1,0
beril_RalstoniaGMI1000/DEG1057,RS_RS02840,,1,0
beril_RalstoniaGMI1000/DEG1057,RS_RS02850,,1,0
beril_RalstoniaGMI1000/DEG1057,RS_RS02875,,1,0
beril_RalstoniaGMI1000/DEG1057,RS_RS02880,pure,1,0
beril_RalstoniaGMI1000/DEG1057,RS_RS02885,,1,0
beril_RalstoniaGMI1000/DEG1057,RS_RS02890,,1,0
beril_RalstoniaGMI1000/DEG1057,RS_RS02950,,1,0
beril_RalstoniaGMI1000/DEG1057,RS_RS02955,,1,0
beril_RalstoniaGMI1000/DEG1057,RS_RS02990,,1,0
beril_RalstoniaGMI1000/DEG1057,RS_RS03040,,1,0
beril_RalstoniaGMI1000/DEG1057,RS_RS03080,,1,0
beril_RalstoniaGMI1000/DEG1057,RS_RS03085,,1,0
beril_RalstoniaGMI1000/DEG1057,RS_RS03185,,1,0
beril_RalstoniaGMI1000/DEG1057,RS_RS03225,,1,0
beril_RalstoniaGMI1000/DEG1057,RS_RS03290,,1,0
beril_RalstoniaGMI1000/DEG1057,RS_RS03330,,1,0
beril_RalstoniaGMI1000/DEG1057,RS_RS03350,heml,1,0
beril_RalstoniaGMI1000/DEG1057,RS_RS03355,,1,0
beril_RalstoniaGMI1000/DEG1057,RS_RS03360,,1,0
beril_RalstoniaGMI1000/DEG1057,RS_RS03365,,1,0
beril_RalstoniaGMI1000/DEG1057,RS_RS03395,,1,0
beril_RalstoniaGMI1000/DEG1057,RS_RS03410,,1,0
beril_RalstoniaGMI1000/DEG1057,RS_RS03415,,1,0
beril_RalstoniaGMI1000/DEG1057,RS_RS03425,,1,0
beril_RalstoniaGMI1000/DEG1057,RS_RS03435,rfbd,1,0
beril_RalstoniaGMI1000/DEG1057,RS_RS03445,rfbc,1,0
beril_RalstoniaGMI1000/DEG1057,RS_RS03450,,1,0
beril_RalstoniaGMI1000/DEG1057,RS_RS03475,,1,0
beril_RalstoniaGMI1000/DEG1057,RS_RS03480,waac,1,0
beril_RalstoniaGMI1000/DEG1057,RS_RS03485,waaa,1,0
beril_RalstoniaGMI1000/DEG1057,RS_RS03500,,1,0
beril_RalstoniaGMI1000/DEG1057,RS_RS03515,,1,0
beril_RalstoniaGMI1000/DEG1057,RS_RS03525,,1,0
beril_RalstoniaGMI1000/DEG1057,RS_RS03530,,1,0
beril_RalstoniaGMI1000/DEG1057,RS_RS03565,ubid,1,0
beril_RalstoniaGMI1000/DEG1057,RS_RS03580,nusb,1,0
beril_RalstoniaGMI1000/DEG1057,RS_RS03585,ribh,1,0
beril_RalstoniaGMI1000/DEG1057,RS_RS03590,ribba,1,0
beril_RalstoniaGMI1000/DEG1057,RS_RS03595,,1,0
beril_RalstoniaGMI1000/DEG1057,RS_RS03670,glya,1,0
beril_RalstoniaGMI1000/DEG1057,RS_RS03675,,1,0
beril_RalstoniaGMI1000/DEG1057,RS_RS03685,tolq,1,0
beril_RalstoniaGMI1000/DEG1057,RS_RS03690,tolr,1,0
beril_RalstoniaGMI1000/DEG1057,RS_RS03695,tola,1,0
beril_RalstoniaGMI1000/DEG1057,RS_RS03705,pal,1,0
beril_RalstoniaGMI1000/DEG1057,RS_RS03740,chez,0,1
beril_RalstoniaGMI1000/DEG1057,RS_RS03780,,1,0
beril_RalstoniaGMI1000/DEG1057,RS_RS03815,,1,0
beril_RalstoniaGMI1000/DEG1057,RS_RS03825,kynu,1,0
beril_RalstoniaGMI1000/DEG1057,RS_RS03835,,1,0
beril_RalstoniaGMI1000/DEG1057,RS_RS03905,,1,0
beril_RalstoniaGMI1000/DEG1057,RS_RS03915,trxa,0,1
beril_RalstoniaGMI1000/DEG1057,RS_RS03975,,1,0
beril_RalstoniaGMI1000/DEG1057,RS_RS04030,,1,0
beril_RalstoniaGMI1000/DEG1057,RS_RS04040,,1,0
beril_RalstoniaGMI1000/DEG1057,RS_RS04055,,1,0
beril_RalstoniaGMI1000/DEG1057,RS_RS04070,,1,0
beril_RalstoniaGMI1000/DEG1057,RS_RS04085,,1,0
beril_RalstoniaGMI1000/DEG1057,RS_RS04100,gsta,1,0
beril_RalstoniaGMI1000/DEG1057,RS_RS04160,,1,0
beril_RalstoniaGMI1000/DEG1057,RS_RS04195,,1,0
beril_RalstoniaGMI1000/DEG1057,RS_RS04220,,1,0
beril_RalstoniaGMI1000/DEG1057,RS_RS04240,,1,0
beril_RalstoniaGMI1000/DEG1057,RS_RS04250,,1,0
beril_RalstoniaGMI1000/DEG1057,RS_RS04260,,1,0
beril_RalstoniaGMI1000/DEG1057,RS_RS04270,,1,0
beril_RalstoniaGMI1000/DEG1057,RS_RS04285,,1,0
beril_RalstoniaGMI1000/DEG1057,RS_RS04300,,1,0
beril_RalstoniaGMI1000/DEG1057,RS_RS04310,,1,0
beril_RalstoniaGMI1000/DEG1057,RS_RS04345,,1,0
beril_RalstoniaGMI1000/DEG1057,RS_RS04385,,1,0
beril_RalstoniaGMI1000/DEG1057,RS_RS04390,,1,0
beril_RalstoniaGMI1000/DEG1057,RS_RS04475,ompa,1,0
beril_RalstoniaGMI1000/DEG1057,RS_RS04500,hisc,1,0
beril_RalstoniaGMI1000/DEG1057,RS_RS04510,aroa,0,1
beril_RalstoniaGMI1000/DEG1057,RS_RS04515,cmk,1,0
beril_RalstoniaGMI1000/DEG1057,RS_RS04525,,1,0
beril_RalstoniaGMI1000/DEG1057,RS_RS04530,,1,0
beril_RalstoniaGMI1000/DEG1057,RS_RS04535,lapb,1,0
beril_RalstoniaGMI1000/DEG1057,RS_RS04540,,1,0
beril_RalstoniaGMI1000/DEG1057,RS_RS04545,rfae1,1,0
beril_RalstoniaGMI1000/DEG1057,RS_RS04550,rfad,1,0
beril_RalstoniaGMI1000/DEG1057,RS_RS04585,,1,0
beril_RalstoniaGMI1000/DEG1057,RS_RS04590,,1,0
beril_RalstoniaGMI1000/DEG1057,RS_RS04595,,1,0
beril_RalstoniaGMI1000/DEG1057,RS_RS04605,,1,0
beril_RalstoniaGMI1000/DEG1057,RS_RS04610,,1,0
beril_RalstoniaGMI1000/DEG1057,RS_RS04625,,1,0
beril_RalstoniaGMI1000/DEG1057,RS_RS04630,,1,0
beril_RalstoniaGMI1000/DEG1057,RS_RS04645,rimm,1,0
beril_RalstoniaGMI1000/DEG1057,RS_RS04655,rpls,1,0
beril_RalstoniaGMI1000/DEG1057,RS_RS04670,,1,0
beril_RalstoniaGMI1000/DEG1057,RS_RS04675,rsga,1,0
beril_RalstoniaGMI1000/DEG1057,RS_RS04705,,1,0
beril_RalstoniaGMI1000/DEG1057,RS_RS04710,,1,0
beril_RalstoniaGMI1000/DEG1057,RS_RS04720,,1,0
beril_RalstoniaGMI1000/DEG1057,RS_RS04765,,1,0
beril_RalstoniaGMI1000/DEG1057,RS_RS04815,,1,0
beril_RalstoniaGMI1000/DEG1057,RS_RS04820,,1,0
beril_RalstoniaGMI1000/DEG1057,RS_RS04830,,1,0
beril_RalstoniaGMI1000/DEG1057,RS_RS04870,,1,0
beril_RalstoniaGMI1000/DEG1057,RS_RS04880,,1,0
beril_RalstoniaGMI1000/DEG1057,RS_RS04915,,1,0
beril_RalstoniaGMI1000/DEG1057,RS_RS04955,,1,0
beril_RalstoniaGMI1000/DEG1057,RS_RS04960,,1,0
beril_RalstoniaGMI1000/DEG1057,RS_RS05000,,1,0
beril_RalstoniaGMI1000/DEG1057,RS_RS05015,rbsk,1,0
beril_RalstoniaGMI1000/DEG1057,RS_RS05020,,1,0
beril_RalstoniaGMI1000/DEG1057,RS_RS05035,,1,0
beril_RalstoniaGMI1000/DEG1057,RS_RS05040,iscr,1,0
beril_RalstoniaGMI1000/DEG1057,RS_RS05045,,1,0
beril_RalstoniaGMI1000/DEG1057,RS_RS05050,iscu,1,0
beril_RalstoniaGMI1000/DEG1057,RS_RS05055,isca,1,0
beril_RalstoniaGMI1000/DEG1057,RS_RS05060,,1,0
beril_RalstoniaGMI1000/DEG1057,RS_RS05065,hscb,1,0
beril_RalstoniaGMI1000/DEG1057,RS_RS05070,hsca,1,0
beril_RalstoniaGMI1000/DEG1057,RS_RS05095,,1,0
beril_RalstoniaGMI1000/DEG1057,RS_RS05115,,1,0
beril_RalstoniaGMI1000/DEG1057,RS_RS05150,,1,0
beril_RalstoniaGMI1000/DEG1057,RS_RS05180,,1,0
beril_RalstoniaGMI1000/DEG1057,RS_RS05190,rpmf,1,0
beril_RalstoniaGMI1000/DEG1057,RS_RS05200,,1,0
beril_RalstoniaGMI1000/DEG1057,RS_RS05215,acpp,1,0
beril_RalstoniaGMI1000/DEG1057,RS_RS25410,,1,0
beril_RalstoniaGMI1000/DEG1057,RS_RS05225,rpoe,1,0
beril_RalstoniaGMI1000/DEG1057,RS_RS05230,,1,0
beril_RalstoniaGMI1000/DEG1057,RS_RS05235,,1,0
beril_RalstoniaGMI1000/DEG1057,RS_RS05245,,1,0
beril_RalstoniaGMI1000/DEG1057,RS_RS05250,lepa,1,0
beril_RalstoniaGMI1000/DEG1057,RS_RS05260,,1,0
beril_RalstoniaGMI1000/DEG1057,RS_RS05280,pdxj,1,0
beril_RalstoniaGMI1000/DEG1057,RS_RS05285,acps,1,0
beril_RalstoniaGMI1000/DEG1057,RS_RS05300,earp,1,0
beril_RalstoniaGMI1000/DEG1057,RS_RS05330,,1,0
beril_RalstoniaGMI1000/DEG1057,RS_RS05355,,1,0
beril_RalstoniaGMI1000/DEG1057,RS_RS05420,,1,0
beril_RalstoniaGMI1000/DEG1057,RS_RS05435,,1,0
beril_RalstoniaGMI1000/DEG1057,RS_RS05465,,1,0
beril_RalstoniaGMI1000/DEG1057,RS_RS05490,puru,0,1
beril_RalstoniaGMI1000/DEG1057,RS_RS05515,,1,0
beril_RalstoniaGMI1000/DEG1057,RS_RS05545,fdxa,1,0
beril_RalstoniaGMI1000/DEG1057,RS_RS05555,,1,0
beril_RalstoniaGMI1000/DEG1057,RS_RS05560,,1,0
beril_RalstoniaGMI1000/DEG1057,RS_RS05565,lold,1,0
beril_RalstoniaGMI1000/DEG1057,RS_RS05605,,1,0
beril_RalstoniaGMI1000/DEG1057,RS_RS05610,kdsa,1,0
beril_RalstoniaGMI1000/DEG1057,RS_RS05625,ftsb,1,0
beril_RalstoniaGMI1000/DEG1057,RS_RS05655,,1,0
beril_RalstoniaGMI1000/DEG1057,RS_RS05690,,1,0
beril_RalstoniaGMI1000/DEG1057,RS_RS05705,bamc,1,0
beril_RalstoniaGMI1000/DEG1057,RS_RS05720,,1,0
beril_RalstoniaGMI1000/DEG1057,RS_RS05725,,1,0
beril_RalstoniaGMI1000/DEG1057,RS_RS05740,,1,0
beril_RalstoniaGMI1000/DEG1057,RS_RS05760,,1,0
beril_RalstoniaGMI1000/DEG1057,RS_RS05775,,1,0
beril_RalstoniaGMI1000/DEG1057,RS_RS05780,,1,0
beril_RalstoniaGMI1000/DEG1057,RS_RS05790,cyse,1,0
beril_RalstoniaGMI1000/DEG1057,RS_RS05795,,1,0
beril_RalstoniaGMI1000/DEG1057,RS_RS05800,,1,0
beril_RalstoniaGMI1000/DEG1057,RS_RS05805,,1,0
beril_RalstoniaGMI1000/DEG1057,RS_RS05815,cyss,1,0
beril_RalstoniaGMI1000/DEG1057,RS_RS05820,,1,0
beril_RalstoniaGMI1000/DEG1057,RS_RS05825,,1,0
beril_RalstoniaGMI1000/DEG1057,RS_RS05830,tils,1,0
beril_RalstoniaGMI1000/DEG1057,RS_RS05835,,1,0
beril_RalstoniaGMI1000/DEG1057,RS_RS05870,,1,0
beril_RalstoniaGMI1000/DEG1057,RS_RS05880,gltx,1,0
beril_RalstoniaGMI1000/DEG1057,RS_RS05920,,1,0
beril_RalstoniaGMI1000/DEG1057,RS_RS05925,,1,0
beril_RalstoniaGMI1000/DEG1057,RS_RS05940,,1,0
beril_RalstoniaGMI1000/DEG1057,RS_RS05945,,1,0
beril_RalstoniaGMI1000/DEG1057,RS_RS05960,,1,0
beril_RalstoniaGMI1000/DEG1057,RS_RS05965,,1,0
beril_RalstoniaGMI1000/DEG1057,RS_RS05970,,1,0
beril_RalstoniaGMI1000/DEG1057,RS_RS05975,,1,0
beril_RalstoniaGMI1000/DEG1057,RS_RS05990,,1,0
beril_RalstoniaGMI1000/DEG1057,RS_RS06005,,1,0
beril_RalstoniaGMI1000/DEG1057,RS_RS06020,,1,0
beril_RalstoniaGMI1000/DEG1057,RS_RS06070,rlmn,0,1
beril_RalstoniaGMI1000/DEG1057,RS_RS06080,,1,0
beril_RalstoniaGMI1000/DEG1057,RS_RS06095,,1,0
beril_RalstoniaGMI1000/DEG1057,RS_RS06100,bamb,1,0
beril_RalstoniaGMI1000/DEG1057,RS_RS06125,hflc,1,0
beril_RalstoniaGMI1000/DEG1057,RS_RS06130,,1,0
beril_RalstoniaGMI1000/DEG1057,RS_RS06135,,1,0
beril_RalstoniaGMI1000/DEG1057,RS_RS06140,,1,0
beril_RalstoniaGMI1000/DEG1057,RS_RS06185,,1,0
beril_RalstoniaGMI1000/DEG1057,RS_RS06190,,1,0
beril_RalstoniaGMI1000/DEG1057,RS_RS06220,,1,0
beril_RalstoniaGMI1000/DEG1057,RS_RS06260,,1,0
beril_RalstoniaGMI1000/DEG1057,RS_RS06265,arga,1,0
beril_RalstoniaGMI1000/DEG1057,RS_RS06275,,1,0
beril_RalstoniaGMI1000/DEG1057,RS_RS06305,,1,0
beril_RalstoniaGMI1000/DEG1057,RS_RS06320,ntrc,1,0
beril_RalstoniaGMI1000/DEG1057,RS_RS06350,,1,0
beril_RalstoniaGMI1000/DEG1057,RS_RS06360,,1,0
beril_RalstoniaGMI1000/DEG1057,RS_RS06365,odhb,1,0
beril_RalstoniaGMI1000/DEG1057,RS_RS06390,ccos,1,0
beril_RalstoniaGMI1000/DEG1057,RS_RS06420,,1,0
beril_RalstoniaGMI1000/DEG1057,RS_RS06475,,1,0
beril_RalstoniaGMI1000/DEG1057,RS_RS06490,,1,0
beril_RalstoniaGMI1000/DEG1057,RS_RS06495,typa,1,0
beril_RalstoniaGMI1000/DEG1057,RS_RS06540,lexa,1,0
beril_RalstoniaGMI1000/DEG1057,RS_RS06545,,1,0
beril_RalstoniaGMI1000/DEG1057,RS_RS06560,prib,1,0
beril_RalstoniaGMI1000/DEG1057,RS_RS06565,rpsr,1,0
beril_RalstoniaGMI1000/DEG1057,RS_RS06570,rpli,1,0
beril_RalstoniaGMI1000/DEG1057,RS_RS06575,,1,0
beril_RalstoniaGMI1000/DEG1057,RS_RS06605,,1,0
beril_RalstoniaGMI1000/DEG1057,RS_RS06610,,1,0
beril_RalstoniaGMI1000/DEG1057,RS_RS06615,,1,0
beril_RalstoniaGMI1000/DEG1057,RS_RS06620,,1,0
beril_RalstoniaGMI1000/DEG1057,RS_RS06625,,1,0
beril_RalstoniaGMI1000/DEG1057,RS_RS06630,,1,0
beril_RalstoniaGMI1000/DEG1057,RS_RS06635,,1,0
beril_RalstoniaGMI1000/DEG1057,RS_RS06640,,1,0
beril_RalstoniaGMI1000/DEG1057,RS_RS06645,,1,0
beril_RalstoniaGMI1000/DEG1057,RS_RS06655,,1,0
beril_RalstoniaGMI1000/DEG1057,RS_RS06660,thrc,1,0
beril_RalstoniaGMI1000/DEG1057,RS_RS06675,moad,1,0
beril_RalstoniaGMI1000/DEG1057,RS_RS06725,,1,0
beril_RalstoniaGMI1000/DEG1057,RS_RS06755,,1,0
beril_RalstoniaGMI1000/DEG1057,RS_RS06760,,1,0
beril_RalstoniaGMI1000/DEG1057,RS_RS06770,,1,0
beril_RalstoniaGMI1000/DEG1057,RS_RS06820,,1,0
beril_RalstoniaGMI1000/DEG1057,RS_RS06845,,1,0
beril_RalstoniaGMI1000/DEG1057,RS_RS06855,tsab,1,0
beril_RalstoniaGMI1000/DEG1057,RS_RS06860,rimi,1,0
beril_RalstoniaGMI1000/DEG1057,RS_RS06865,,1,0
beril_RalstoniaGMI1000/DEG1057,RS_RS06870,lplt,0,1
beril_RalstoniaGMI1000/DEG1057,RS_RS06875,alr,1,0
beril_RalstoniaGMI1000/DEG1057,RS_RS06885,,1,0
beril_RalstoniaGMI1000/DEG1057,RS_RS06905,,1,0
beril_RalstoniaGMI1000/DEG1057,RS_RS06975,,1,0
beril_RalstoniaGMI1000/DEG1057,RS_RS06980,,1,0
beril_RalstoniaGMI1000/DEG1057,RS_RS06985,dapd,1,0
beril_RalstoniaGMI1000/DEG1057,RS_RS07035,,1,0
beril_RalstoniaGMI1000/DEG1057,RS_RS07050,tsf,1,0
beril_RalstoniaGMI1000/DEG1057,RS_RS07055,pyrh,1,0
beril_RalstoniaGMI1000/DEG1057,RS_RS07070,,1,0
beril_RalstoniaGMI1000/DEG1057,RS_RS07075,ispc,1,0
beril_RalstoniaGMI1000/DEG1057,RS_RS07080,rsep,0,1
beril_RalstoniaGMI1000/DEG1057,RS_RS07090,,1,0
beril_RalstoniaGMI1000/DEG1057,RS_RS07100,fabz,1,0
beril_RalstoniaGMI1000/DEG1057,RS_RS07115,rnhb,1,0
beril_RalstoniaGMI1000/DEG1057,RS_RS07120,,1,0
beril_RalstoniaGMI1000/DEG1057,RS_RS07125,,1,0
beril_RalstoniaGMI1000/DEG1057,RS_RS07140,,1,0
beril_RalstoniaGMI1000/DEG1057,RS_RS07145,smpb,1,0
beril_RalstoniaGMI1000/DEG1057,RS_RS07150,,1,0
beril_RalstoniaGMI1000/DEG1057,RS_RS07155,,1,0
beril_RalstoniaGMI1000/DEG1057,RS_RS07250,pcaq,1,0
beril_RalstoniaGMI1000/DEG1057,RS_RS07285,,1,0
beril_RalstoniaGMI1000/DEG1057,RS_RS07320,,1,0
beril_RalstoniaGMI1000/DEG1057,RS_RS07335,,1,0
beril_RalstoniaGMI1000/DEG1057,RS_RS07350,,1,0
beril_RalstoniaGMI1000/DEG1057,RS_RS07415,,1,0
beril_RalstoniaGMI1000/DEG1057,RS_RS07430,bioa,1,0
beril_RalstoniaGMI1000/DEG1057,RS_RS07440,biod,1,0
beril_RalstoniaGMI1000/DEG1057,RS_RS07575,,1,0
beril_RalstoniaGMI1000/DEG1057,RS_RS07595,rnha,1,0
beril_RalstoniaGMI1000/DEG1057,RS_RS07600,,1,0
beril_RalstoniaGMI1000/DEG1057,RS_RS07605,glob,1,0
beril_RalstoniaGMI1000/DEG1057,RS_RS07625,leue,1,0
beril_RalstoniaGMI1000/DEG1057,RS_RS07635,grea,1,0
beril_RalstoniaGMI1000/DEG1057,RS_RS07650,,1,0
beril_RalstoniaGMI1000/DEG1057,RS_RS07655,ftsh,1,0
beril_RalstoniaGMI1000/DEG1057,RS_RS07695,phob,1,0
beril_RalstoniaGMI1000/DEG1057,RS_RS07720,sixa,1,0
beril_RalstoniaGMI1000/DEG1057,RS_RS07745,,1,0
beril_RalstoniaGMI1000/DEG1057,RS_RS07870,,1,0
beril_RalstoniaGMI1000/DEG1057,RS_RS07890,,1,0
beril_RalstoniaGMI1000/DEG1057,RS_RS07895,,1,0
beril_RalstoniaGMI1000/DEG1057,RS_RS07910,,1,0
beril_RalstoniaGMI1000/DEG1057,RS_RS07915,,1,0
beril_RalstoniaGMI1000/DEG1057,RS_RS07925,,1,0
beril_RalstoniaGMI1000/DEG1057,RS_RS07930,,1,0
beril_RalstoniaGMI1000/DEG1057,RS_RS07950,rpmi,1,0
beril_RalstoniaGMI1000/DEG1057,RS_RS07965,phet,1,0
beril_RalstoniaGMI1000/DEG1057,RS_RS07970,,1,0
beril_RalstoniaGMI1000/DEG1057,RS_RS08015,hpai,1,0
beril_RalstoniaGMI1000/DEG1057,RS_RS08020,hpar,1,0
beril_RalstoniaGMI1000/DEG1057,RS_RS08040,fold,1,0
beril_RalstoniaGMI1000/DEG1057,RS_RS08045,,1,0
beril_RalstoniaGMI1000/DEG1057,RS_RS08060,acef,1,0
beril_RalstoniaGMI1000/DEG1057,RS_RS08065,,1,0
beril_RalstoniaGMI1000/DEG1057,RS_RS08080,,1,0
beril_RalstoniaGMI1000/DEG1057,RS_RS08090,,1,0
beril_RalstoniaGMI1000/DEG1057,RS_RS08105,,1,0
beril_RalstoniaGMI1000/DEG1057,RS_RS08120,,1,0
beril_RalstoniaGMI1000/DEG1057,RS_RS08160,,1,0
beril_RalstoniaGMI1000/DEG1057,RS_RS08170,,1,0
beril_RalstoniaGMI1000/DEG1057,RS_RS08175,,1,0
beril_RalstoniaGMI1000/DEG1057,RS_RS08200,,1,0
beril_RalstoniaGMI1000/DEG1057,RS_RS08215,,1,0
beril_RalstoniaGMI1000/DEG1057,RS_RS08225,,1,0
beril_RalstoniaGMI1000/DEG1057,RS_RS08230,,1,0
beril_RalstoniaGMI1000/DEG1057,RS_RS08250,bktb,1,0
beril_RalstoniaGMI1000/DEG1057,RS_RS08270,arge,1,0
beril_RalstoniaGMI1000/DEG1057,RS_RS08280,ispd,1,0
beril_RalstoniaGMI1000/DEG1057,RS_RS08285,ispf,1,0
beril_RalstoniaGMI1000/DEG1057,RS_RS08305,ompr,1,0
beril_RalstoniaGMI1000/DEG1057,RS_RS08515,,1,0
beril_RalstoniaGMI1000/DEG1057,RS_RS08570,,1,0
beril_RalstoniaGMI1000/DEG1057,RS_RS08615,,1,0
beril_RalstoniaGMI1000/DEG1057,RS_RS08645,clpp,1,0
beril_RalstoniaGMI1000/DEG1057,RS_RS08660,,1,0
beril_RalstoniaGMI1000/DEG1057,RS_RS08690,,1,0
beril_RalstoniaGMI1000/DEG1057,RS_RS08695,pgi,1,0
beril_RalstoniaGMI1000/DEG1057,RS_RS08715,,1,0
beril_RalstoniaGMI1000/DEG1057,RS_RS08735,,1,0
beril_RalstoniaGMI1000/DEG1057,RS_RS08740,,1,0
beril_RalstoniaGMI1000/DEG1057,RS_RS08760,,1,0
beril_RalstoniaGMI1000/DEG1057,RS_RS08770,,1,0
beril_RalstoniaGMI1000/DEG1057,RS_RS08775,,1,0
beril_RalstoniaGMI1000/DEG1057,RS_RS08780,,1,0
beril_RalstoniaGMI1000/DEG1057,RS_RS08820,,1,0
beril_RalstoniaGMI1000/DEG1057,RS_RS08855,,1,0
beril_RalstoniaGMI1000/DEG1057,RS_RS08860,,1,0
beril_RalstoniaGMI1000/DEG1057,RS_RS08895,,1,0
beril_RalstoniaGMI1000/DEG1057,RS_RS08905,,1,0
beril_RalstoniaGMI1000/DEG1057,RS_RS08910,,1,0
beril_RalstoniaGMI1000/DEG1057,RS_RS08935,,1,0
beril_RalstoniaGMI1000/DEG1057,RS_RS08990,,1,0
beril_RalstoniaGMI1000/DEG1057,RS_RS08995,,1,0
beril_RalstoniaGMI1000/DEG1057,RS_RS09005,tmk,1,0
beril_RalstoniaGMI1000/DEG1057,RS_RS09010,,1,0
beril_RalstoniaGMI1000/DEG1057,RS_RS09035,,1,0
beril_RalstoniaGMI1000/DEG1057,RS_RS09055,,1,0
beril_RalstoniaGMI1000/DEG1057,RS_RS09060,,1,0
beril_RalstoniaGMI1000/DEG1057,RS_RS09080,,1,0
beril_RalstoniaGMI1000/DEG1057,RS_RS09125,,1,0
beril_RalstoniaGMI1000/DEG1057,RS_RS09130,,1,0
beril_RalstoniaGMI1000/DEG1057,RS_RS09185,,1,0
beril_RalstoniaGMI1000/DEG1057,RS_RS09270,,1,0
beril_RalstoniaGMI1000/DEG1057,RS_RS09335,,1,0
beril_RalstoniaGMI1000/DEG1057,RS_RS09430,,1,0
beril_RalstoniaGMI1000/DEG1057,RS_RS09455,dnaq,1,0
beril_RalstoniaGMI1000/DEG1057,RS_RS09460,puru,0,1
beril_RalstoniaGMI1000/DEG1057,RS_RS09495,,1,0
beril_RalstoniaGMI1000/DEG1057,RS_RS09550,,1,0
beril_RalstoniaGMI1000/DEG1057,RS_RS09565,,1,0
beril_RalstoniaGMI1000/DEG1057,RS_RS09595,,1,0
beril_RalstoniaGMI1000/DEG1057,RS_RS09655,,1,0
beril_RalstoniaGMI1000/DEG1057,RS_RS09695,,1,0
beril_RalstoniaGMI1000/DEG1057,RS_RS09730,,1,0
beril_RalstoniaGMI1000/DEG1057,RS_RS09745,,1,0
beril_RalstoniaGMI1000/DEG1057,RS_RS09820,,1,0
beril_RalstoniaGMI1000/DEG1057,RS_RS09855,,1,0
beril_RalstoniaGMI1000/DEG1057,RS_RS09870,,1,0
beril_RalstoniaGMI1000/DEG1057,RS_RS09875,,1,0
beril_RalstoniaGMI1000/DEG1057,RS_RS09880,,1,0
beril_RalstoniaGMI1000/DEG1057,RS_RS09915,,1,0
beril_RalstoniaGMI1000/DEG1057,RS_RS09940,,1,0
beril_RalstoniaGMI1000/DEG1057,RS_RS09950,accd,1,0
beril_RalstoniaGMI1000/DEG1057,RS_RS09970,,1,0
beril_RalstoniaGMI1000/DEG1057,RS_RS09990,leub,1,0
beril_RalstoniaGMI1000/DEG1057,RS_RS09995,leud,1,0
beril_RalstoniaGMI1000/DEG1057,RS_RS10010,,1,0
beril_RalstoniaGMI1000/DEG1057,RS_RS10015,,1,0
beril_RalstoniaGMI1000/DEG1057,RS_RS10020,sdha,1,0
beril_RalstoniaGMI1000/DEG1057,RS_RS10100,,1,0
beril_RalstoniaGMI1000/DEG1057,RS_RS10110,,1,0
beril_RalstoniaGMI1000/DEG1057,RS_RS10120,,1,0
beril_RalstoniaGMI1000/DEG1057,RS_RS10125,,1,0
beril_RalstoniaGMI1000/DEG1057,RS_RS10135,,1,0
beril_RalstoniaGMI1000/DEG1057,RS_RS10155,,1,0
beril_RalstoniaGMI1000/DEG1057,RS_RS10200,,1,0
beril_RalstoniaGMI1000/DEG1057,RS_RS10205,,1,0
beril_RalstoniaGMI1000/DEG1057,RS_RS10220,urte,1,0
beril_RalstoniaGMI1000/DEG1057,RS_RS10275,,1,0
beril_RalstoniaGMI1000/DEG1057,RS_RS10280,nuon,1,0
beril_RalstoniaGMI1000/DEG1057,RS_RS10285,,1,0
beril_RalstoniaGMI1000/DEG1057,RS_RS10295,nuok,1,0
beril_RalstoniaGMI1000/DEG1057,RS_RS10300,,1,0
beril_RalstoniaGMI1000/DEG1057,RS_RS10315,nuog,1,0
beril_RalstoniaGMI1000/DEG1057,RS_RS10320,nuof,1,0
beril_RalstoniaGMI1000/DEG1057,RS_RS10330,,1,0
beril_RalstoniaGMI1000/DEG1057,RS_RS10335,,1,0
beril_RalstoniaGMI1000/DEG1057,RS_RS10340,,1,0
beril_RalstoniaGMI1000/DEG1057,RS_RS10345,,1,0
beril_RalstoniaGMI1000/DEG1057,RS_RS10355,secg,1,0
beril_RalstoniaGMI1000/DEG1057,RS_RS10360,tpia,1,0
beril_RalstoniaGMI1000/DEG1057,RS_RS10375,pnp,0,1
beril_RalstoniaGMI1000/DEG1057,RS_RS10405,,1,0
beril_RalstoniaGMI1000/DEG1057,RS_RS10420,,1,0
beril_RalstoniaGMI1000/DEG1057,RS_RS10450,,1,0
beril_RalstoniaGMI1000/DEG1057,RS_RS10460,,1,0
beril_RalstoniaGMI1000/DEG1057,RS_RS10475,,1,0
beril_RalstoniaGMI1000/DEG1057,RS_RS10535,,1,0
beril_RalstoniaGMI1000/DEG1057,RS_RS10545,,1,0
beril_RalstoniaGMI1000/DEG1057,RS_RS10550,,1,0
beril_RalstoniaGMI1000/DEG1057,RS_RS10555,,1,0
beril_RalstoniaGMI1000/DEG1057,RS_RS10560,,1,0
beril_RalstoniaGMI1000/DEG1057,RS_RS10565,,1,0
beril_RalstoniaGMI1000/DEG1057,RS_RS10600,,1,0
beril_RalstoniaGMI1000/DEG1057,RS_RS10605,,1,0
beril_RalstoniaGMI1000/DEG1057,RS_RS10620,,1,0
beril_RalstoniaGMI1000/DEG1057,RS_RS10640,urad,1,0
beril_RalstoniaGMI1000/DEG1057,RS_RS10665,,1,0
beril_RalstoniaGMI1000/DEG1057,RS_RS10720,,1,0
beril_RalstoniaGMI1000/DEG1057,RS_RS10730,,1,0
beril_RalstoniaGMI1000/DEG1057,RS_RS10760,,1,0
beril_RalstoniaGMI1000/DEG1057,RS_RS10765,,1,0
beril_RalstoniaGMI1000/DEG1057,RS_RS10790,greb,1,0
beril_RalstoniaGMI1000/DEG1057,RS_RS10800,,1,0
beril_RalstoniaGMI1000/DEG1057,RS_RS10805,rpoz,1,0
beril_RalstoniaGMI1000/DEG1057,RS_RS10810,gmk,1,0
beril_RalstoniaGMI1000/DEG1057,RS_RS10815,,1,0
beril_RalstoniaGMI1000/DEG1057,RS_RS10830,rph,1,0
beril_RalstoniaGMI1000/DEG1057,RS_RS10935,,1,0
beril_RalstoniaGMI1000/DEG1057,RS_RS10965,,1,0
beril_RalstoniaGMI1000/DEG1057,RS_RS10970,,1,0
beril_RalstoniaGMI1000/DEG1057,RS_RS10975,,1,0
beril_RalstoniaGMI1000/DEG1057,RS_RS10995,purd,1,0
beril_RalstoniaGMI1000/DEG1057,RS_RS11000,hemf,1,0
beril_RalstoniaGMI1000/DEG1057,RS_RS11015,rlmh,1,0
beril_RalstoniaGMI1000/DEG1057,RS_RS11020,,1,0
beril_RalstoniaGMI1000/DEG1057,RS_RS11025,rng,1,0
beril_RalstoniaGMI1000/DEG1057,RS_RS11085,,1,0
beril_RalstoniaGMI1000/DEG1057,RS_RS11125,dnag,1,0
beril_RalstoniaGMI1000/DEG1057,RS_RS11140,tsad,1,0
beril_RalstoniaGMI1000/DEG1057,RS_RS11145,fole2,1,0
beril_RalstoniaGMI1000/DEG1057,RS_RS11155,,1,0
beril_RalstoniaGMI1000/DEG1057,RS_RS11160,,1,0
beril_RalstoniaGMI1000/DEG1057,RS_RS11170,,1,0
beril_RalstoniaGMI1000/DEG1057,RS_RS11175,,1,0
beril_RalstoniaGMI1000/DEG1057,RS_RS11180,,1,0
beril_RalstoniaGMI1000/DEG1057,RS_RS11185,,1,0
beril_RalstoniaGMI1000/DEG1057,RS_RS11210,,1,0
beril_RalstoniaGMI1000/DEG1057,RS_RS11225,,1,0
beril_RalstoniaGMI1000/DEG1057,RS_RS11270,,1,0
beril_RalstoniaGMI1000/DEG1057,RS_RS11300,,1,0
beril_RalstoniaGMI1000/DEG1057,RS_RS11305,pcaf,1,0
beril_RalstoniaGMI1000/DEG1057,RS_RS11310,,1,0
beril_RalstoniaGMI1000/DEG1057,RS_RS11320,,1,0
beril_RalstoniaGMI1000/DEG1057,RS_RS11330,,1,0
beril_RalstoniaGMI1000/DEG1057,RS_RS11335,,1,0
beril_RalstoniaGMI1000/DEG1057,RS_RS11340,,1,0
beril_RalstoniaGMI1000/DEG1057,RS_RS11345,,1,0
beril_RalstoniaGMI1000/DEG1057,RS_RS11350,,1,0
beril_RalstoniaGMI1000/DEG1057,RS_RS11355,,1,0
beril_RalstoniaGMI1000/DEG1057,RS_RS11390,,1,0
beril_RalstoniaGMI1000/DEG1057,RS_RS11440,,1,0
beril_RalstoniaGMI1000/DEG1057,RS_RS11550,,1,0
beril_RalstoniaGMI1000/DEG1057,RS_RS11570,,1,0
beril_RalstoniaGMI1000/DEG1057,RS_RS11580,,1,0
beril_RalstoniaGMI1000/DEG1057,RS_RS11585,,1,0
beril_RalstoniaGMI1000/DEG1057,RS_RS11590,gspg,1,0
beril_RalstoniaGMI1000/DEG1057,RS_RS11600,,1,0
beril_RalstoniaGMI1000/DEG1057,RS_RS11625,,1,0
beril_RalstoniaGMI1000/DEG1057,RS_RS11635,,1,0
beril_RalstoniaGMI1000/DEG1057,RS_RS11640,,1,0
beril_RalstoniaGMI1000/DEG1057,RS_RS11645,,1,0
beril_RalstoniaGMI1000/DEG1057,RS_RS11650,,1,0
beril_RalstoniaGMI1000/DEG1057,RS_RS11660,,1,0
beril_RalstoniaGMI1000/DEG1057,RS_RS11675,,1,0
beril_RalstoniaGMI1000/DEG1057,RS_RS11740,,1,0
beril_RalstoniaGMI1000/DEG1057,RS_RS11745,lola,1,0
beril_RalstoniaGMI1000/DEG1057,RS_RS11795,ppa,1,0
beril_RalstoniaGMI1000/DEG1057,RS_RS11805,,1,0
beril_RalstoniaGMI1000/DEG1057,RS_RS11835,hemc,1,0
beril_RalstoniaGMI1000/DEG1057,RS_RS11855,,1,0
beril_RalstoniaGMI1000/DEG1057,RS_RS11865,argh,1,0
beril_RalstoniaGMI1000/DEG1057,RS_RS11875,,1,0
beril_RalstoniaGMI1000/DEG1057,RS_RS11880,dcd,1,0
beril_RalstoniaGMI1000/DEG1057,RS_RS11885,,1,0
beril_RalstoniaGMI1000/DEG1057,RS_RS11895,,1,0
beril_RalstoniaGMI1000/DEG1057,RS_RS11960,bame,1,0
beril_RalstoniaGMI1000/DEG1057,RS_RS11980,,1,0
beril_RalstoniaGMI1000/DEG1057,RS_RS11985,panc,1,0
beril_RalstoniaGMI1000/DEG1057,RS_RS11995,,1,0
beril_RalstoniaGMI1000/DEG1057,RS_RS12015,cobd,1,0
beril_RalstoniaGMI1000/DEG1057,RS_RS12025,cobc,1,0
beril_RalstoniaGMI1000/DEG1057,RS_RS12035,cobt,1,0
beril_RalstoniaGMI1000/DEG1057,RS_RS12040,,1,0
beril_RalstoniaGMI1000/DEG1057,RS_RS12055,,1,0
beril_RalstoniaGMI1000/DEG1057,RS_RS12095,lgt,1,0
beril_RalstoniaGMI1000/DEG1057,RS_RS12100,,1,0
beril_RalstoniaGMI1000/DEG1057,RS_RS12110,,1,0
beril_RalstoniaGMI1000/DEG1057,RS_RS12135,,1,0
beril_RalstoniaGMI1000/DEG1057,RS_RS12150,,1,0
beril_RalstoniaGMI1000/DEG1057,RS_RS12165,,1,0
beril_RalstoniaGMI1000/DEG1057,RS_RS12180,,1,0
beril_RalstoniaGMI1000/DEG1057,RS_RS12200,,1,0
beril_RalstoniaGMI1000/DEG1057,RS_RS12220,,1,0
beril_RalstoniaGMI1000/DEG1057,RS_RS12225,,1,0
beril_RalstoniaGMI1000/DEG1057,RS_RS12235,,1,0
beril_RalstoniaGMI1000/DEG1057,RS_RS12240,,1,0
beril_RalstoniaGMI1000/DEG1057,RS_RS12260,isph,1,0
beril_RalstoniaGMI1000/DEG1057,RS_RS12265,,1,0
beril_RalstoniaGMI1000/DEG1057,RS_RS12275,rpmb,1,0
beril_RalstoniaGMI1000/DEG1057,RS_RS12280,rpmg,1,0
beril_RalstoniaGMI1000/DEG1057,RS_RS12285,nadb,1,0
beril_RalstoniaGMI1000/DEG1057,RS_RS12300,,1,0
beril_RalstoniaGMI1000/DEG1057,RS_RS12320,purn,1,0
beril_RalstoniaGMI1000/DEG1057,RS_RS12325,,1,0
beril_RalstoniaGMI1000/DEG1057,RS_RS12335,,1,0
beril_RalstoniaGMI1000/DEG1057,RS_RS12345,lspa,1,0
beril_RalstoniaGMI1000/DEG1057,RS_RS12355,coabc,1,0
beril_RalstoniaGMI1000/DEG1057,RS_RS12365,dut,1,0
beril_RalstoniaGMI1000/DEG1057,RS_RS12380,,1,0
beril_RalstoniaGMI1000/DEG1057,RS_RS12385,,1,0
beril_RalstoniaGMI1000/DEG1057,RS_RS12390,,1,0
beril_RalstoniaGMI1000/DEG1057,RS_RS12395,,1,0
beril_RalstoniaGMI1000/DEG1057,RS_RS12490,,1,0
beril_RalstoniaGMI1000/DEG1057,RS_RS12520,,1,0
beril_RalstoniaGMI1000/DEG1057,RS_RS12555,,1,0
beril_RalstoniaGMI1000/DEG1057,RS_RS12565,,1,0
beril_RalstoniaGMI1000/DEG1057,RS_RS12570,,1,0
beril_RalstoniaGMI1000/DEG1057,RS_RS12595,,1,0
beril_RalstoniaGMI1000/DEG1057,RS_RS12640,,1,0
beril_RalstoniaGMI1000/DEG1057,RS_RS12665,sodb,1,0
beril_RalstoniaGMI1000/DEG1057,RS_RS12675,,1,0
beril_RalstoniaGMI1000/DEG1057,RS_RS12680,,1,0
beril_RalstoniaGMI1000/DEG1057,RS_RS12685,lpxk,1,0
beril_RalstoniaGMI1000/DEG1057,RS_RS12690,,1,0
beril_RalstoniaGMI1000/DEG1057,RS_RS12695,kdsb,1,0
beril_RalstoniaGMI1000/DEG1057,RS_RS12705,,1,0
beril_RalstoniaGMI1000/DEG1057,RS_RS12720,,1,0
beril_RalstoniaGMI1000/DEG1057,RS_RS12735,tsae,1,0
beril_RalstoniaGMI1000/DEG1057,RS_RS12750,,1,0
beril_RalstoniaGMI1000/DEG1057,RS_RS12755,xerd,1,0
beril_RalstoniaGMI1000/DEG1057,RS_RS12805,argf,1,0
beril_RalstoniaGMI1000/DEG1057,RS_RS12810,,1,0
beril_RalstoniaGMI1000/DEG1057,RS_RS12815,rpst,1,0
beril_RalstoniaGMI1000/DEG1057,RS_RS12865,,1,0
beril_RalstoniaGMI1000/DEG1057,RS_RS12930,,1,0
beril_RalstoniaGMI1000/DEG1057,RS_RS12935,trbj,1,0
beril_RalstoniaGMI1000/DEG1057,RS_RS12945,,1,0
beril_RalstoniaGMI1000/DEG1057,RS_RS12950,,1,0
beril_RalstoniaGMI1000/DEG1057,RS_RS12955,trbb,0,1
beril_RalstoniaGMI1000/DEG1057,RS_RS12975,,1,0
beril_RalstoniaGMI1000/DEG1057,RS_RS13005,,1,0
beril_RalstoniaGMI1000/DEG1057,RS_RS13020,,1,0
beril_RalstoniaGMI1000/DEG1057,RS_RS13055,,1,0
beril_RalstoniaGMI1000/DEG1057,RS_RS13060,para,1,0
beril_RalstoniaGMI1000/DEG1057,RS_RS13155,hda,1,0
beril_RalstoniaGMI1000/DEG1057,RS_RS13160,,1,0
beril_RalstoniaGMI1000/DEG1057,RS_RS13180,panb,1,0
beril_RalstoniaGMI1000/DEG1057,RS_RS13205,dnak,0,1
beril_RalstoniaGMI1000/DEG1057,RS_RS13215,,1,0
beril_RalstoniaGMI1000/DEG1057,RS_RS13220,grpe,1,0
beril_RalstoniaGMI1000/DEG1057,RS_RS13235,hemh,1,0
beril_RalstoniaGMI1000/DEG1057,RS_RS13270,,1,0
beril_RalstoniaGMI1000/DEG1057,RS_RS13325,,1,0
beril_RalstoniaGMI1000/DEG1057,RS_RS13345,,1,0
beril_RalstoniaGMI1000/DEG1057,RS_RS13385,,1,0
beril_RalstoniaGMI1000/DEG1057,RS_RS13440,proc,1,0
beril_RalstoniaGMI1000/DEG1057,RS_RS13460,,1,0
beril_RalstoniaGMI1000/DEG1057,RS_RS13470,,1,0
beril_RalstoniaGMI1000/DEG1057,RS_RS25595,,1,0
beril_RalstoniaGMI1000/DEG1057,RS_RS13560,,1,0
beril_RalstoniaGMI1000/DEG1057,RS_RS13565,recg,1,0
beril_RalstoniaGMI1000/DEG1057,RS_RS13615,,1,0
beril_RalstoniaGMI1000/DEG1057,RS_RS13620,,1,0
beril_RalstoniaGMI1000/DEG1057,RS_RS13625,mnma,1,0
beril_RalstoniaGMI1000/DEG1057,RS_RS13635,,1,0
beril_RalstoniaGMI1000/DEG1057,RS_RS13645,,1,0
beril_RalstoniaGMI1000/DEG1057,RS_RS13665,pand,1,0
beril_RalstoniaGMI1000/DEG1057,RS_RS13680,,1,0
beril_RalstoniaGMI1000/DEG1057,RS_RS13710,,1,0
beril_RalstoniaGMI1000/DEG1057,RS_RS13715,,1,0
beril_RalstoniaGMI1000/DEG1057,RS_RS13720,hola,1,0
beril_RalstoniaGMI1000/DEG1057,RS_RS13725,lpte,1,0
beril_RalstoniaGMI1000/DEG1057,RS_RS13730,leus,1,0
beril_RalstoniaGMI1000/DEG1057,RS_RS13740,,1,0
beril_RalstoniaGMI1000/DEG1057,RS_RS13745,fur,1,0
beril_RalstoniaGMI1000/DEG1057,RS_RS13770,,1,0
beril_RalstoniaGMI1000/DEG1057,RS_RS13775,,1,0
beril_RalstoniaGMI1000/DEG1057,RS_RS13815,gcva,1,0
beril_RalstoniaGMI1000/DEG1057,RS_RS13835,,1,0
beril_RalstoniaGMI1000/DEG1057,RS_RS13850,thil,1,0
beril_RalstoniaGMI1000/DEG1057,RS_RS13855,,1,0
beril_RalstoniaGMI1000/DEG1057,RS_RS13860,,1,0
beril_RalstoniaGMI1000/DEG1057,RS_RS13900,,1,0
beril_RalstoniaGMI1000/DEG1057,RS_RS13925,,1,0
beril_RalstoniaGMI1000/DEG1057,RS_RS13935,accb,1,0
beril_RalstoniaGMI1000/DEG1057,RS_RS13960,,1,0
beril_RalstoniaGMI1000/DEG1057,RS_RS13980,,1,0
beril_RalstoniaGMI1000/DEG1057,RS_RS14010,,1,0
beril_RalstoniaGMI1000/DEG1057,RS_RS14020,,1,0
beril_RalstoniaGMI1000/DEG1057,RS_RS14025,,1,0
beril_RalstoniaGMI1000/DEG1057,RS_RS14030,ampd,1,0
beril_RalstoniaGMI1000/DEG1057,RS_RS14035,,1,0
beril_RalstoniaGMI1000/DEG1057,RS_RS14045,,1,0
beril_RalstoniaGMI1000/DEG1057,RS_RS14055,ffh,1,0
beril_RalstoniaGMI1000/DEG1057,RS_RS14065,,1,0
beril_RalstoniaGMI1000/DEG1057,RS_RS14080,,1,0
beril_RalstoniaGMI1000/DEG1057,RS_RS14085,,1,0
beril_RalstoniaGMI1000/DEG1057,RS_RS14100,obge,1,0
beril_RalstoniaGMI1000/DEG1057,RS_RS14105,rpma,1,0
beril_RalstoniaGMI1000/DEG1057,RS_RS14145,coae,1,0
beril_RalstoniaGMI1000/DEG1057,RS_RS14160,,1,0
beril_RalstoniaGMI1000/DEG1057,RS_RS14185,,1,0
beril_RalstoniaGMI1000/DEG1057,RS_RS14190,lpxc,1,0
beril_RalstoniaGMI1000/DEG1057,RS_RS14200,ftsz,1,0
beril_RalstoniaGMI1000/DEG1057,RS_RS14210,,1,0
beril_RalstoniaGMI1000/DEG1057,RS_RS14215,,1,0
beril_RalstoniaGMI1000/DEG1057,RS_RS14220,murc,1,0
beril_RalstoniaGMI1000/DEG1057,RS_RS14235,murd,1,0
beril_RalstoniaGMI1000/DEG1057,RS_RS14240,mray,1,0
beril_RalstoniaGMI1000/DEG1057,RS_RS14245,murf,1,0
beril_RalstoniaGMI1000/DEG1057,RS_RS14250,,1,0
beril_RalstoniaGMI1000/DEG1057,RS_RS14255,,1,0
beril_RalstoniaGMI1000/DEG1057,RS_RS14260,ftsl,1,0
beril_RalstoniaGMI1000/DEG1057,RS_RS14270,mraz,1,0
beril_RalstoniaGMI1000/DEG1057,RS_RS14275,coq7,1,0
beril_RalstoniaGMI1000/DEG1057,RS_RS14280,,1,0
beril_RalstoniaGMI1000/DEG1057,RS_RS14305,,1,0
beril_RalstoniaGMI1000/DEG1057,RS_RS14310,ptsp,0,1
beril_RalstoniaGMI1000/DEG1057,RS_RS14385,,1,0
beril_RalstoniaGMI1000/DEG1057,RS_RS14390,paag,1,0
beril_RalstoniaGMI1000/DEG1057,RS_RS14395,paai,1,0
beril_RalstoniaGMI1000/DEG1057,RS_RS14410,,1,0
beril_RalstoniaGMI1000/DEG1057,RS_RS14435,,1,0
beril_RalstoniaGMI1000/DEG1057,RS_RS14440,,1,0
beril_RalstoniaGMI1000/DEG1057,RS_RS14460,,1,0
beril_RalstoniaGMI1000/DEG1057,RS_RS14470,,1,0
beril_RalstoniaGMI1000/DEG1057,RS_RS14495,,1,0
beril_RalstoniaGMI1000/DEG1057,RS_RS14500,,1,0
beril_RalstoniaGMI1000/DEG1057,RS_RS14530,hema,1,0
beril_RalstoniaGMI1000/DEG1057,RS_RS14540,,1,0
beril_RalstoniaGMI1000/DEG1057,RS_RS14545,prmc,1,0
beril_RalstoniaGMI1000/DEG1057,RS_RS14550,grxd,1,0
beril_RalstoniaGMI1000/DEG1057,RS_RS14555,,1,0
beril_RalstoniaGMI1000/DEG1057,RS_RS14595,,1,0
beril_RalstoniaGMI1000/DEG1057,RS_RS14615,,1,0
beril_RalstoniaGMI1000/DEG1057,RS_RS14620,,1,0
beril_RalstoniaGMI1000/DEG1057,RS_RS14660,,1,0
beril_RalstoniaGMI1000/DEG1057,RS_RS14680,mscl,1,0
beril_RalstoniaGMI1000/DEG1057,RS_RS14695,,1,0
beril_RalstoniaGMI1000/DEG1057,RS_RS14705,,1,0
beril_RalstoniaGMI1000/DEG1057,RS_RS14725,,1,0
beril_RalstoniaGMI1000/DEG1057,RS_RS14740,tata,1,0
beril_RalstoniaGMI1000/DEG1057,RS_RS14750,,1,0
beril_RalstoniaGMI1000/DEG1057,RS_RS14755,hisi,1,0
beril_RalstoniaGMI1000/DEG1057,RS_RS14775,,1,0
beril_RalstoniaGMI1000/DEG1057,RS_RS14785,hisc,1,0
beril_RalstoniaGMI1000/DEG1057,RS_RS14800,mura,1,0
beril_RalstoniaGMI1000/DEG1057,RS_RS14845,,1,0
beril_RalstoniaGMI1000/DEG1057,RS_RS14880,arob,1,0
beril_RalstoniaGMI1000/DEG1057,RS_RS14915,,1,0
beril_RalstoniaGMI1000/DEG1057,RS_RS14925,,1,0
beril_RalstoniaGMI1000/DEG1057,RS_RS14930,lysa,1,0
beril_RalstoniaGMI1000/DEG1057,RS_RS14950,,1,0
beril_RalstoniaGMI1000/DEG1057,RS_RS14960,ccsb,1,0
beril_RalstoniaGMI1000/DEG1057,RS_RS14965,,1,0
beril_RalstoniaGMI1000/DEG1057,RS_RS14975,yiha,1,0
beril_RalstoniaGMI1000/DEG1057,RS_RS14985,dsbd,1,0
beril_RalstoniaGMI1000/DEG1057,RS_RS15000,,1,0
beril_RalstoniaGMI1000/DEG1057,RS_RS15010,rpsk,1,0
beril_RalstoniaGMI1000/DEG1057,RS_RS25650,rpmj,1,0
beril_RalstoniaGMI1000/DEG1057,RS_RS15030,rplo,1,0
beril_RalstoniaGMI1000/DEG1057,RS_RS15035,rpmd,1,0
beril_RalstoniaGMI1000/DEG1057,RS_RS15070,rplx,1,0
beril_RalstoniaGMI1000/DEG1057,RS_RS15080,rpsq,1,0
beril_RalstoniaGMI1000/DEG1057,RS_RS15085,rpmc,1,0
beril_RalstoniaGMI1000/DEG1057,RS_RS15100,rplv,1,0
beril_RalstoniaGMI1000/DEG1057,RS_RS15105,rpss,1,0
beril_RalstoniaGMI1000/DEG1057,RS_RS15115,rplw,1,0
beril_RalstoniaGMI1000/DEG1057,RS_RS15130,rpsj,1,0
beril_RalstoniaGMI1000/DEG1057,RS_RS15150,rpsl,1,0
beril_RalstoniaGMI1000/DEG1057,RS_RS15205,rpll,1,0
beril_RalstoniaGMI1000/DEG1057,RS_RS15230,sece,1,0
beril_RalstoniaGMI1000/DEG1057,RS_RS15310,,1,0
beril_RalstoniaGMI1000/DEG1057,RS_RS15355,,1,0
beril_RalstoniaGMI1000/DEG1057,RS_RS15395,,1,0
beril_RalstoniaGMI1000/DEG1057,RS_RS15440,,1,0
beril_RalstoniaGMI1000/DEG1057,RS_RS15455,,1,0
beril_RalstoniaGMI1000/DEG1057,RS_RS15490,,1,0
beril_RalstoniaGMI1000/DEG1057,RS_RS15505,kdpe,1,0
beril_RalstoniaGMI1000/DEG1057,RS_RS15525,,1,0
beril_RalstoniaGMI1000/DEG1057,RS_RS15535,,1,0
beril_RalstoniaGMI1000/DEG1057,RS_RS15580,,1,0
beril_RalstoniaGMI1000/DEG1057,RS_RS15585,hppd,0,1
beril_RalstoniaGMI1000/DEG1057,RS_RS15590,,1,0
beril_RalstoniaGMI1000/DEG1057,RS_RS15595,,1,0
beril_RalstoniaGMI1000/DEG1057,RS_RS15600,gspg,1,0
beril_RalstoniaGMI1000/DEG1057,RS_RS15605,,1,0
beril_RalstoniaGMI1000/DEG1057,RS_RS15735,,1,0
beril_RalstoniaGMI1000/DEG1057,RS_RS15765,,1,0
beril_RalstoniaGMI1000/DEG1057,RS_RS15770,,1,0
beril_RalstoniaGMI1000/DEG1057,RS_RS15790,,1,0
beril_RalstoniaGMI1000/DEG1057,RS_RS15825,,1,0
beril_RalstoniaGMI1000/DEG1057,RS_RS15860,,1,0
beril_RalstoniaGMI1000/DEG1057,RS_RS16025,,1,0
beril_RalstoniaGMI1000/DEG1057,RS_RS16080,,1,0
beril_RalstoniaGMI1000/DEG1057,RS_RS16095,,1,0
beril_RalstoniaGMI1000/DEG1057,RS_RS16115,,1,0
beril_RalstoniaGMI1000/DEG1057,RS_RS16165,,1,0
beril_RalstoniaGMI1000/DEG1057,RS_RS16320,soxz,1,0
beril_RalstoniaGMI1000/DEG1057,RS_RS16335,,1,0
beril_RalstoniaGMI1000/DEG1057,RS_RS16345,,1,0
beril_RalstoniaGMI1000/DEG1057,RS_RS16370,,1,0
beril_RalstoniaGMI1000/DEG1057,RS_RS16385,arsc,1,0
beril_RalstoniaGMI1000/DEG1057,RS_RS16395,,1,0
beril_RalstoniaGMI1000/DEG1057,RS_RS16415,,1,0
beril_RalstoniaGMI1000/DEG1057,RS_RS16435,,1,0
beril_RalstoniaGMI1000/DEG1057,RS_RS16545,,1,0
beril_RalstoniaGMI1000/DEG1057,RS_RS16550,heme,1,0
beril_RalstoniaGMI1000/DEG1057,RS_RS16575,,1,0
beril_RalstoniaGMI1000/DEG1057,RS_RS16580,gsta,1,0
beril_RalstoniaGMI1000/DEG1057,RS_RS16615,,1,0
beril_RalstoniaGMI1000/DEG1057,RS_RS16630,atpa,1,0
beril_RalstoniaGMI1000/DEG1057,RS_RS16635,,1,0
beril_RalstoniaGMI1000/DEG1057,RS_RS16640,,1,0
beril_RalstoniaGMI1000/DEG1057,RS_RS16655,,1,0
beril_RalstoniaGMI1000/DEG1057,RS_RS16660,,1,0
beril_RalstoniaGMI1000/DEG1057,RS_RS16665,,1,0
beril_RalstoniaGMI1000/DEG1057,RS_RS16670,rsmg,1,0
beril_RalstoniaGMI1000/DEG1057,RS_RS16690,,1,0
beril_RalstoniaGMI1000/DEG1057,RS_RS16695,crga,1,0
beril_RalstoniaGMI1000/DEG1057,RS_RS16705,,1,0
beril_RalstoniaGMI1000/DEG1057,RS_RS16750,,1,0
beril_RalstoniaGMI1000/DEG1057,RS_RS16755,,1,0
beril_RalstoniaGMI1000/DEG1057,RS_RS16770,cuer,1,0
beril_RalstoniaGMI1000/DEG1057,RS_RS16780,,1,0
beril_RalstoniaGMI1000/DEG1057,RS_RS16805,,1,0
beril_RalstoniaGMI1000/DEG1057,RS_RS16815,,1,0
beril_RalstoniaGMI1000/DEG1057,RS_RS16830,,1,0
beril_RalstoniaGMI1000/DEG1057,RS_RS16860,mind,1,0
beril_RalstoniaGMI1000/DEG1057,RS_RS16865,mine,1,0
beril_RalstoniaGMI1000/DEG1057,RS_RS16905,,1,0
beril_RalstoniaGMI1000/DEG1057,RS_RS16970,,1,0
beril_RalstoniaGMI1000/DEG1057,RS_RS16980,,1,0
beril_RalstoniaGMI1000/DEG1057,RS_RS16995,,1,0
beril_RalstoniaGMI1000/DEG1057,RS_RS17025,,1,0
beril_RalstoniaGMI1000/DEG1057,RS_RS17060,,1,0
beril_RalstoniaGMI1000/DEG1057,RS_RS17075,,1,0
beril_RalstoniaGMI1000/DEG1057,RS_RS17080,,1,0
beril_RalstoniaGMI1000/DEG1057,RS_RS17085,ehud,1,0
beril_RalstoniaGMI1000/DEG1057,RS_RS17090,,1,0
beril_RalstoniaGMI1000/DEG1057,RS_RS17095,,1,0
beril_RalstoniaGMI1000/DEG1057,RS_RS17185,dnan,1,0
beril_RalstoniaGMI1000/DEG1057,RS_RS17200,,1,0
beril_RalstoniaGMI1000/DEG1057,RS_RS17205,,1,0
beril_RalstoniaGMI1000/DEG1057,RS_RS17210,,1,0
beril_RalstoniaGMI1000/DEG1057,RS_RS17215,,1,0
beril_RalstoniaGMI1000/DEG1057,RS_RS17240,,1,0
beril_RalstoniaGMI1000/DEG1057,RS_RS17275,,1,0
beril_RalstoniaGMI1000/DEG1057,RS_RS17280,,1,0
beril_RalstoniaGMI1000/DEG1057,RS_RS17285,,1,0
beril_RalstoniaGMI1000/DEG1057,RS_RS17350,,1,0
beril_RalstoniaGMI1000/DEG1057,RS_RS17360,,1,0
beril_RalstoniaGMI1000/DEG1057,RS_RS17380,,1,0
beril_RalstoniaGMI1000/DEG1057,RS_RS17415,,1,0
beril_RalstoniaGMI1000/DEG1057,RS_RS17450,fdha,0,1
beril_RalstoniaGMI1000/DEG1057,RS_RS17460,,1,0
beril_RalstoniaGMI1000/DEG1057,RS_RS17510,puru,0,1
beril_RalstoniaGMI1000/DEG1057,RS_RS17520,chow,0,1
beril_RalstoniaGMI1000/DEG1057,RS_RS17610,xerc,1,0
beril_RalstoniaGMI1000/DEG1057,RS_RS17705,,1,0
beril_RalstoniaGMI1000/DEG1057,RS_RS17735,prpc,1,0
beril_RalstoniaGMI1000/DEG1057,RS_RS17765,,1,0
beril_RalstoniaGMI1000/DEG1057,RS_RS17775,,1,0
beril_RalstoniaGMI1000/DEG1057,RS_RS17785,,1,0
beril_RalstoniaGMI1000/DEG1057,RS_RS17790,,1,0
beril_RalstoniaGMI1000/DEG1057,RS_RS17795,,1,0
beril_RalstoniaGMI1000/DEG1057,RS_RS17800,,1,0
beril_RalstoniaGMI1000/DEG1057,RS_RS17805,,1,0
beril_RalstoniaGMI1000/DEG1057,RS_RS17810,,1,0
beril_RalstoniaGMI1000/DEG1057,RS_RS17815,,1,0
beril_RalstoniaGMI1000/DEG1057,RS_RS17820,,1,0
beril_RalstoniaGMI1000/DEG1057,RS_RS17825,,1,0
beril_RalstoniaGMI1000/DEG1057,RS_RS17830,,1,0
beril_RalstoniaGMI1000/DEG1057,RS_RS17835,,1,0
beril_RalstoniaGMI1000/DEG1057,RS_RS17840,,1,0
beril_RalstoniaGMI1000/DEG1057,RS_RS17845,,1,0
beril_RalstoniaGMI1000/DEG1057,RS_RS17850,,1,0
beril_RalstoniaGMI1000/DEG1057,RS_RS17855,,1,0
beril_RalstoniaGMI1000/DEG1057,RS_RS17860,,1,0
beril_RalstoniaGMI1000/DEG1057,RS_RS17865,,1,0
beril_RalstoniaGMI1000/DEG1057,RS_RS17870,gspg,1,0
beril_RalstoniaGMI1000/DEG1057,RS_RS17965,,1,0
beril_RalstoniaGMI1000/DEG1057,RS_RS17975,,1,0
beril_RalstoniaGMI1000/DEG1057,RS_RS18015,,1,0
beril_RalstoniaGMI1000/DEG1057,RS_RS18080,,1,0
beril_RalstoniaGMI1000/DEG1057,RS_RS18085,,1,0
beril_RalstoniaGMI1000/DEG1057,RS_RS18130,,1,0
beril_RalstoniaGMI1000/DEG1057,RS_RS18230,,1,0
beril_RalstoniaGMI1000/DEG1057,RS_RS18235,,1,0
beril_RalstoniaGMI1000/DEG1057,RS_RS18345,fur,1,0
beril_RalstoniaGMI1000/DEG1057,RS_RS18350,,1,0
beril_RalstoniaGMI1000/DEG1057,RS_RS18355,,1,0
beril_RalstoniaGMI1000/DEG1057,RS_RS18360,,1,0
beril_RalstoniaGMI1000/DEG1057,RS_RS18365,feob,1,0
beril_RalstoniaGMI1000/DEG1057,RS_RS18370,,1,0
beril_RalstoniaGMI1000/DEG1057,RS_RS18435,,1,0
beril_RalstoniaGMI1000/DEG1057,RS_RS18465,,1,0
beril_RalstoniaGMI1000/DEG1057,RS_RS18485,,1,0
beril_RalstoniaGMI1000/DEG1057,RS_RS25200,,1,0
beril_RalstoniaGMI1000/DEG1057,RS_RS18600,,1,0
beril_RalstoniaGMI1000/DEG1057,RS_RS18610,,1,0
beril_RalstoniaGMI1000/DEG1057,RS_RS18625,,1,0
beril_RalstoniaGMI1000/DEG1057,RS_RS18685,cadr,1,0
beril_RalstoniaGMI1000/DEG1057,RS_RS18690,,1,0
beril_RalstoniaGMI1000/DEG1057,RS_RS18730,,1,0
beril_RalstoniaGMI1000/DEG1057,RS_RS18750,,1,0
beril_RalstoniaGMI1000/DEG1057,RS_RS18770,,1,0
beril_RalstoniaGMI1000/DEG1057,RS_RS18775,,1,0
beril_RalstoniaGMI1000/DEG1057,RS_RS18785,flgm,1,0
beril_RalstoniaGMI1000/DEG1057,RS_RS18880,,1,0
beril_RalstoniaGMI1000/DEG1057,RS_RS18930,,1,0
beril_RalstoniaGMI1000/DEG1057,RS_RS18940,,1,0
beril_RalstoniaGMI1000/DEG1057,RS_RS18970,flin,1,0
beril_RalstoniaGMI1000/DEG1057,RS_RS19015,,1,0
beril_RalstoniaGMI1000/DEG1057,RS_RS19030,flie,1,0
beril_RalstoniaGMI1000/DEG1057,RS_RS19045,flih,1,0
beril_RalstoniaGMI1000/DEG1057,RS_RS19140,,1,0
beril_RalstoniaGMI1000/DEG1057,RS_RS19200,,1,0
beril_RalstoniaGMI1000/DEG1057,RS_RS19205,,1,0
beril_RalstoniaGMI1000/DEG1057,RS_RS19250,gcva,1,0
beril_RalstoniaGMI1000/DEG1057,RS_RS19255,,1,0
beril_RalstoniaGMI1000/DEG1057,RS_RS19295,,1,0
beril_RalstoniaGMI1000/DEG1057,RS_RS19305,,1,0
beril_RalstoniaGMI1000/DEG1057,RS_RS19375,,1,0
beril_RalstoniaGMI1000/DEG1057,RS_RS19400,,1,0
beril_RalstoniaGMI1000/DEG1057,RS_RS19405,gspg,1,0
beril_RalstoniaGMI1000/DEG1057,RS_RS19410,,1,0
beril_RalstoniaGMI1000/DEG1057,RS_RS19415,,1,0
beril_RalstoniaGMI1000/DEG1057,RS_RS19420,,1,0
beril_RalstoniaGMI1000/DEG1057,RS_RS19455,,1,0
beril_RalstoniaGMI1000/DEG1057,RS_RS19460,,1,0
beril_RalstoniaGMI1000/DEG1057,RS_RS19465,,1,0
beril_RalstoniaGMI1000/DEG1057,RS_RS19470,,1,0
beril_RalstoniaGMI1000/DEG1057,RS_RS19475,,1,0
beril_RalstoniaGMI1000/DEG1057,RS_RS19510,,1,0
beril_RalstoniaGMI1000/DEG1057,RS_RS19595,,1,0
beril_RalstoniaGMI1000/DEG1057,RS_RS19615,,1,0
beril_RalstoniaGMI1000/DEG1057,RS_RS19635,,1,0
beril_RalstoniaGMI1000/DEG1057,RS_RS19675,,1,0
beril_RalstoniaGMI1000/DEG1057,RS_RS19690,,1,0
beril_RalstoniaGMI1000/DEG1057,RS_RS19695,,1,0
beril_RalstoniaGMI1000/DEG1057,RS_RS19715,,1,0
beril_RalstoniaGMI1000/DEG1057,RS_RS19730,,1,0
beril_RalstoniaGMI1000/DEG1057,RS_RS19735,,1,0
beril_RalstoniaGMI1000/DEG1057,RS_RS26100,,1,0
beril_RalstoniaGMI1000/DEG1057,RS_RS19760,,1,0
beril_RalstoniaGMI1000/DEG1057,RS_RS19790,,1,0
beril_RalstoniaGMI1000/DEG1057,RS_RS19905,,1,0
beril_RalstoniaGMI1000/DEG1057,RS_RS19935,,1,0
beril_RalstoniaGMI1000/DEG1057,RS_RS20155,waac,1,0
beril_RalstoniaGMI1000/DEG1057,RS_RS20205,,1,0
beril_RalstoniaGMI1000/DEG1057,RS_RS20220,,1,0
beril_RalstoniaGMI1000/DEG1057,RS_RS20255,,1,0
beril_RalstoniaGMI1000/DEG1057,RS_RS20290,,1,0
beril_RalstoniaGMI1000/DEG1057,RS_RS20295,,1,0
beril_RalstoniaGMI1000/DEG1057,RS_RS20300,,1,0
beril_RalstoniaGMI1000/DEG1057,RS_RS20335,,1,0
beril_RalstoniaGMI1000/DEG1057,RS_RS20365,,1,0
beril_RalstoniaGMI1000/DEG1057,RS_RS20405,,1,0
beril_RalstoniaGMI1000/DEG1057,RS_RS20460,,1,0
beril_RalstoniaGMI1000/DEG1057,RS_RS20475,prfh,1,0
beril_RalstoniaGMI1000/DEG1057,RS_RS20495,,1,0
beril_RalstoniaGMI1000/DEG1057,RS_RS20500,,1,0
beril_RalstoniaGMI1000/DEG1057,RS_RS20515,,1,0
beril_RalstoniaGMI1000/DEG1057,RS_RS20530,,1,0
beril_RalstoniaGMI1000/DEG1057,RS_RS20550,,1,0
beril_RalstoniaGMI1000/DEG1057,RS_RS20585,,1,0
beril_RalstoniaGMI1000/DEG1057,RS_RS26220,,1,0
beril_RalstoniaGMI1000/DEG1057,RS_RS20720,,1,0
beril_RalstoniaGMI1000/DEG1057,RS_RS20780,,1,0
beril_RalstoniaGMI1000/DEG1057,RS_RS20820,,1,0
beril_RalstoniaGMI1000/DEG1057,RS_RS20855,,1,0
beril_RalstoniaGMI1000/DEG1057,RS_RS20975,fdxa,1,0
beril_RalstoniaGMI1000/DEG1057,RS_RS20990,,1,0
beril_RalstoniaGMI1000/DEG1057,RS_RS21045,,1,0
beril_RalstoniaGMI1000/DEG1057,RS_RS21055,,1,0
beril_RalstoniaGMI1000/DEG1057,RS_RS21130,,1,0
beril_RalstoniaGMI1000/DEG1057,RS_RS21160,,1,0
beril_RalstoniaGMI1000/DEG1057,RS_RS21190,,1,0
beril_RalstoniaGMI1000/DEG1057,RS_RS21195,,1,0
beril_RalstoniaGMI1000/DEG1057,RS_RS21215,,1,0
beril_RalstoniaGMI1000/DEG1057,RS_RS21275,,1,0
beril_RalstoniaGMI1000/DEG1057,RS_RS21325,,1,0
beril_RalstoniaGMI1000/DEG1057,RS_RS21330,popa,1,0
beril_RalstoniaGMI1000/DEG1057,RS_RS21410,,1,0
beril_RalstoniaGMI1000/DEG1057,RS_RS21490,,1,0
beril_RalstoniaGMI1000/DEG1057,RS_RS21495,,1,0
beril_RalstoniaGMI1000/DEG1057,RS_RS21500,,1,0
beril_RalstoniaGMI1000/DEG1057,RS_RS21520,,1,0
beril_RalstoniaGMI1000/DEG1057,RS_RS21525,,1,0
beril_RalstoniaGMI1000/DEG1057,RS_RS21530,,1,0
beril_RalstoniaGMI1000/DEG1057,RS_RS21535,,1,0
beril_RalstoniaGMI1000/DEG1057,RS_RS21565,,1,0
beril_RalstoniaGMI1000/DEG1057,RS_RS21575,,1,0
beril_RalstoniaGMI1000/DEG1057,RS_RS21580,,1,0
beril_RalstoniaGMI1000/DEG1057,RS_RS21585,,1,0
beril_RalstoniaGMI1000/DEG1057,RS_RS21590,,1,0
beril_RalstoniaGMI1000/DEG1057,RS_RS21595,,1,0
beril_RalstoniaGMI1000/DEG1057,RS_RS21620,accc,0,1
beril_RalstoniaGMI1000/DEG1057,RS_RS21625,,1,0
beril_RalstoniaGMI1000/DEG1057,RS_RS21630,nac,1,0
beril_RalstoniaGMI1000/DEG1057,RS_RS21655,,1,0
beril_RalstoniaGMI1000/DEG1057,RS_RS21680,ista,1,0
beril_RalstoniaGMI1000/DEG1057,RS_RS21685,istb,1,0
beril_RalstoniaGMI1000/DEG1057,RS_RS21755,,1,0
beril_RalstoniaGMI1000/DEG1057,RS_RS21785,,1,0
beril_RalstoniaGMI1000/DEG1057,RS_RS21800,,1,0
beril_RalstoniaGMI1000/DEG1057,RS_RS21845,,1,0
beril_RalstoniaGMI1000/DEG1057,RS_RS21930,,1,0
beril_RalstoniaGMI1000/DEG1057,RS_RS21935,,1,0
beril_RalstoniaGMI1000/DEG1057,RS_RS21975,,1,0
beril_RalstoniaGMI1000/DEG1057,RS_RS22005,,1,0
beril_RalstoniaGMI1000/DEG1057,RS_RS22025,wecc,1,0
beril_RalstoniaGMI1000/DEG1057,RS_RS22075,,1,0
beril_RalstoniaGMI1000/DEG1057,RS_RS22085,,1,0
beril_RalstoniaGMI1000/DEG1057,RS_RS22195,,1,0
beril_RalstoniaGMI1000/DEG1057,RS_RS22200,fdhd,1,0
beril_RalstoniaGMI1000/DEG1057,RS_RS22210,,1,0
beril_RalstoniaGMI1000/DEG1057,RS_RS22215,,1,0
beril_RalstoniaGMI1000/DEG1057,RS_RS22230,,1,0
beril_RalstoniaGMI1000/DEG1057,RS_RS22245,,1,0
beril_RalstoniaGMI1000/DEG1057,RS_RS22420,,1,0
beril_RalstoniaGMI1000/DEG1057,RS_RS22435,gale,1,0
beril_RalstoniaGMI1000/DEG1057,RS_RS22455,,1,0
beril_RalstoniaGMI1000/DEG1057,RS_RS22475,,1,0
beril_RalstoniaGMI1000/DEG1057,RS_RS22550,,1,0
beril_RalstoniaGMI1000/DEG1057,RS_RS22565,,1,0
beril_RalstoniaGMI1000/DEG1057,RS_RS26340,,1,0
beril_RalstoniaGMI1000/DEG1057,RS_RS22620,,1,0
beril_RalstoniaGMI1000/DEG1057,RS_RS22650,,1,0
beril_RalstoniaGMI1000/DEG1057,RS_RS22730,,1,0
beril_RalstoniaGMI1000/DEG1057,RS_RS22800,,1,0
beril_RalstoniaGMI1000/DEG1057,RS_RS22820,,1,0
beril_RalstoniaGMI1000/DEG1057,RS_RS22845,,1,0
beril_RalstoniaGMI1000/DEG1057,RS_RS22855,,1,0
beril_RalstoniaGMI1000/DEG1057,RS_RS22865,,1,0
beril_RalstoniaGMI1000/DEG1057,RS_RS22875,,1,0
beril_RalstoniaGMI1000/DEG1057,RS_RS22905,,1,0
beril_RalstoniaGMI1000/DEG1057,RS_RS22975,,1,0
beril_RalstoniaGMI1000/DEG1057,RS_RS23100,,1,0
beril_RalstoniaGMI1000/DEG1057,RS_RS23110,,1,0
beril_RalstoniaGMI1000/DEG1057,RS_RS23185,,1,0
beril_RalstoniaGMI1000/DEG1057,RS_RS23200,,1,0
beril_RalstoniaGMI1000/DEG1057,RS_RS23205,,1,0
beril_RalstoniaGMI1000/DEG1057,RS_RS23255,,1,0
beril_RalstoniaGMI1000/DEG1057,RS_RS23315,mdtd,1,0
beril_RalstoniaGMI1000/DEG1057,RS_RS23325,,1,0
beril_RalstoniaGMI1000/DEG1057,RS_RS23335,ptsp,0,1
beril_RalstoniaGMI1000/DEG1057,RS_RS23355,,1,0
beril_RalstoniaGMI1000/DEG1057,RS_RS23420,,1,0
beril_RalstoniaGMI1000/DEG1057,RS_RS23425,,1,0
beril_RalstoniaGMI1000/DEG1057,RS_RS23580,,1,0
beril_RalstoniaGMI1000/DEG1057,RS_RS23585,,1,0
beril_RalstoniaGMI1000/DEG1057,RS_RS23590,,1,0
beril_RalstoniaGMI1000/DEG1057,RS_RS23595,,1,0
beril_RalstoniaGMI1000/DEG1057,RS_RS23600,,1,0
beril_RalstoniaGMI1000/DEG1057,RS_RS23610,,1,0
beril_RalstoniaGMI1000/DEG1057,RS_RS23615,,1,0
beril_RalstoniaGMI1000/DEG1057,RS_RS23620,,1,0
beril_RalstoniaGMI1000/DEG1057,RS_RS23625,,1,0
beril_RalstoniaGMI1000/DEG1057,RS_RS23635,,1,0
beril_RalstoniaGMI1000/DEG1057,RS_RS23640,,1,0
beril_RalstoniaGMI1000/DEG1057,RS_RS23645,,1,0
beril_RalstoniaGMI1000/DEG1057,RS_RS23650,,1,0
beril_RalstoniaGMI1000/DEG1057,RS_RS23655,,1,0
beril_RalstoniaGMI1000/DEG1057,RS_RS23660,,1,0
beril_RalstoniaGMI1000/DEG1057,RS_RS23670,,1,0
beril_RalstoniaGMI1000/DEG1057,RS_RS23675,,1,0
beril_RalstoniaGMI1000/DEG1057,RS_RS23680,,1,0
beril_RalstoniaGMI1000/DEG1057,RS_RS23690,,1,0
beril_RalstoniaGMI1000/DEG1057,RS_RS23695,,1,0
beril_RalstoniaGMI1000/DEG1057,RS_RS23765,,1,0
beril_RalstoniaGMI1000/DEG1057,RS_RS23780,,1,0
beril_RalstoniaGMI1000/DEG1057,RS_RS23835,,1,0
beril_RalstoniaGMI1000/DEG1057,RS_RS23885,chez,0,1
beril_RalstoniaGMI1000/DEG1057,RS_RS23910,,1,0
beril_RalstoniaGMI1000/DEG1057,RS_RS23925,,1,0
beril_RalstoniaGMI1000/DEG1057,RS_RS23950,,1,0
beril_RalstoniaGMI1000/DEG1057,RS_RS23960,,1,0
beril_RalstoniaGMI1000/DEG1057,RS_RS23990,ectb,1,0
beril_RalstoniaGMI1000/DEG1057,RS_RS24075,,1,0
beril_RalstoniaGMI1000/DEG1057,RS_RS24115,,1,0
beril_RalstoniaGMI1000/DEG1057,RS_RS24130,,1,0
beril_RalstoniaGMI1000/DEG1057,RS_RS24175,,1,0
beril_RalstoniaGMI1000/DEG1057,RS_RS24180,,1,0
beril_RalstoniaGMI1000/DEG1057,RS_RS24215,,1,0
beril_RalstoniaGMI1000/DEG1057,RS_RS24270,,1,0
beril_RalstoniaGMI1000/DEG1057,RS_RS24380,,1,0
beril_RalstoniaGMI1000/DEG1057,RS_RS24420,,1,0
beril_RalstoniaGMI1000/DEG1057,RS_RS24425,,1,0
beril_RalstoniaGMI1000/DEG1057,RS_RS26490,,1,0
beril_RalstoniaGMI1000/DEG1057,RS_RS24555,,1,0
beril_RalstoniaGMI1000/DEG1057,RS_RS24590,,1,0
beril_RalstoniaGMI1000/DEG1057,RS_RS24600,,1,0
beril_RalstoniaGMI1000/DEG1057,RS_RS24610,pgl,1,0
beril_RalstoniaGMI1000/DEG1057,RS_RS24675,,1,0
beril_RalstoniaGMI1000/DEG1057,RS_RS24690,,1,0
beril_RalstoniaGMI1000/DEG1057,RS_RS24695,,1,0
beril_RalstoniaGMI1000/DEG1057,RS_RS24700,,1,0
beril_RalstoniaGMI1000/DEG1057,RS_RS24705,,1,0
beril_RalstoniaGMI1000/DEG1057,RS_RS24720,,1,0
beril_RalstoniaGMI1000/DEG1057,RS_RS24745,,1,0
beril_RalstoniaGMI1000/DEG1057,RS_RS24760,,1,0
beril_RalstoniaGMI1000/DEG1057,RS_RS24845,,1,0
beril_RalstoniaGMI1000/DEG1057,RS_RS24850,hpai,1,0
beril_RalstoniaGMI1000/DEG1057,RS_RS24865,,1,0
beril_RalstoniaGMI1000/DEG1057,RS_RS24890,,1,0
beril_RalstoniaGMI1000/DEG1057,RS_RS24945,xylf,1,0
beril_RalstoniaGMI1000/DEG1057,RS_RS24965,,1,0
beril_RalstoniaGMI1000/DEG1057,RS_RS24970,,1,0
beril_RalstoniaGMI1000/DEG1057,RS_RS25000,,1,0
beril_RalstoniaGMI1000/DEG1057,RS_RS25020,,1,0
beril_RalstoniaGMI1000/DEG1057,RS_RS25030,,1,0
beril_RalstoniaGMI1000/DEG1057,RS_RS25040,,1,0
beril_RalstoniaGMI1000/DEG1057,RS_RS26550,,1,0
beril_RalstoniaGMI1000/DEG1057,RS_RS25105,,1,0
beril_RalstoniaGMI1000/DEG1057,RS_RS25115,,1,0
beril_RalstoniaGMI1000/DEG1057,RS_RS25135,,1,0
beril_RalstoniaGMI1000/DEG1057,RS_RS25140,,1,0
