og_a,og_b,n_orgs_adjacent,source
OG01350,OG01816,48,operon-adjacent (synteny)
OG00354,OG01961,47,operon-adjacent (synteny)
OG00446,OG01203,46,operon-adjacent (synteny)
OG01316,OG01366,46,operon-adjacent (synteny)
OG00279,OG00696,46,operon-adjacent (synteny)
OG00424,OG00605,46,operon-adjacent (synteny)
OG01241,OG02092,46,operon-adjacent (synteny)
OG00279,OG02363,46,operon-adjacent (synteny)
OG00632,OG01832,46,operon-adjacent (synteny)
OG01431,OG01923,46,operon-adjacent (synteny)
OG00096,OG02779,46,operon-adjacent (synteny)
OG01288,OG01816,46,operon-adjacent (synteny)
OG00016,OG00245,46,operon-adjacent (synteny)
OG01350,OG01542,46,operon-adjacent (synteny)
OG00354,OG00858,45,operon-adjacent (synteny)
OG00462,OG00989,45,operon-adjacent (synteny)
OG00167,OG00942,45,operon-adjacent (synteny)
OG02075,OG02374,45,operon-adjacent (synteny)
OG00324,OG00546,45,operon-adjacent (synteny)
OG00266,OG01542,45,operon-adjacent (synteny)
OG00027,OG01002,45,operon-adjacent (synteny)
OG00730,OG01494,45,operon-adjacent (synteny)
OG00833,OG02374,45,operon-adjacent (synteny)
OG00232,OG02088,45,operon-adjacent (synteny)
OG00730,OG01832,44,operon-adjacent (synteny)
OG02366,OG02541,44,operon-adjacent (synteny)
OG00601,OG01179,44,operon-adjacent (synteny)
OG01316,OG02088,44,operon-adjacent (synteny)
OG01248,OG02458,44,operon-adjacent (synteny)
OG00760,OG00882,44,operon-adjacent (synteny)
OG01042,OG02549,44,operon-adjacent (synteny)
OG00653,OG01431,44,operon-adjacent (synteny)
OG00151,OG02758,44,operon-adjacent (synteny)
OG00858,OG02783,44,operon-adjacent (synteny)
OG02489,OG02723,44,operon-adjacent (synteny)
OG00632,OG01836,44,operon-adjacent (synteny)
OG00440,OG01288,44,operon-adjacent (synteny)
OG01592,OG03566,44,operon-adjacent (synteny)
OG00832,OG02195,44,operon-adjacent (synteny)
OG00760,OG01494,43,operon-adjacent (synteny)
OG00389,OG01364,43,operon-adjacent (synteny)
OG00890,OG01366,43,operon-adjacent (synteny)
OG00451,OG02703,43,operon-adjacent (synteny)
OG00440,OG00546,43,operon-adjacent (synteny)
OG00601,OG01219,43,operon-adjacent (synteny)
OG00281,OG02619,43,operon-adjacent (synteny)
OG00266,OG01944,43,operon-adjacent (synteny)
OG01928,OG02180,42,operon-adjacent (synteny)
OG00890,OG01961,42,operon-adjacent (synteny)
OG00151,OG00670,42,operon-adjacent (synteny)
OG00092,OG00232,42,operon-adjacent (synteny)
OG00853,OG02542,42,operon-adjacent (synteny)
OG00653,OG02783,42,operon-adjacent (synteny)
OG01179,OG02678,42,operon-adjacent (synteny)
OG01544,OG01793,42,operon-adjacent (synteny)
OG02259,OG02541,42,operon-adjacent (synteny)
OG00413,OG01384,42,operon-adjacent (synteny)
OG00305,OG01465,41,operon-adjacent (synteny)
OG00151,OG03534,41,operon-adjacent (synteny)
OG00696,OG02483,41,operon-adjacent (synteny)
OG00393,OG01770,41,operon-adjacent (synteny)
OG00396,OG00551,41,operon-adjacent (synteny)
OG00287,OG00332,40,operon-adjacent (synteny)
OG02473,OG02483,40,operon-adjacent (synteny)
OG02531,OG02787,40,operon-adjacent (synteny)
OG00480,OG01514,40,operon-adjacent (synteny)
OG00879,OG02686,40,operon-adjacent (synteny)
OG00989,OG02355,40,operon-adjacent (synteny)
OG02510,OG02741,40,operon-adjacent (synteny)
OG01778,OG02538,40,operon-adjacent (synteny)
OG02660,OG02741,40,operon-adjacent (synteny)
OG00614,OG01736,39,operon-adjacent (synteny)
OG01012,OG01012,39,operon-adjacent (synteny)
OG00661,OG01765,39,operon-adjacent (synteny)
OG00417,OG00779,39,operon-adjacent (synteny)
OG01900,OG02764,39,operon-adjacent (synteny)
OG02908,OG04009,39,operon-adjacent (synteny)
OG02454,OG02681,39,operon-adjacent (synteny)
OG00195,OG01649,39,operon-adjacent (synteny)
OG00143,OG02703,39,operon-adjacent (synteny)
OG02355,OG02531,39,operon-adjacent (synteny)
OG00050,OG02679,39,operon-adjacent (synteny)
OG00164,OG00787,39,operon-adjacent (synteny)
OG01179,OG02787,39,operon-adjacent (synteny)
OG00875,OG01632,39,operon-adjacent (synteny)
OG00692,OG03855,39,operon-adjacent (synteny)
OG01126,OG02773,39,operon-adjacent (synteny)
OG01071,OG01673,38,operon-adjacent (synteny)
OG01204,OG01663,38,operon-adjacent (synteny)
OG00075,OG00605,38,operon-adjacent (synteny)
OG00009,OG00074,38,operon-adjacent (synteny)
OG01131,OG02683,38,operon-adjacent (synteny)
OG01437,OG02366,38,operon-adjacent (synteny)
OG01129,OG01144,38,operon-adjacent (synteny)
OG00293,OG01818,38,operon-adjacent (synteny)
OG01241,OG01280,38,operon-adjacent (synteny)
OG00118,OG02683,38,operon-adjacent (synteny)
OG00551,OG00753,38,operon-adjacent (synteny)
OG00070,OG01601,38,operon-adjacent (synteny)
OG01691,OG01765,38,operon-adjacent (synteny)
OG00143,OG02322,38,operon-adjacent (synteny)
OG00108,OG01010,38,operon-adjacent (synteny)
OG00809,OG02031,38,operon-adjacent (synteny)
OG00832,OG01280,38,operon-adjacent (synteny)
OG00128,OG00605,38,operon-adjacent (synteny)
OG00092,OG00324,38,operon-adjacent (synteny)
OG01489,OG01761,38,operon-adjacent (synteny)
OG00664,OG02389,38,operon-adjacent (synteny)
OG01318,OG01605,37,operon-adjacent (synteny)
OG00020,OG00047,37,operon-adjacent (synteny)
OG00101,OG02058,37,operon-adjacent (synteny)
OG00287,OG02310,37,operon-adjacent (synteny)
OG02327,OG02568,37,operon-adjacent (synteny)
OG00280,OG01483,37,operon-adjacent (synteny)
OG00146,OG02070,37,operon-adjacent (synteny)
OG01012,OG01424,37,operon-adjacent (synteny)
OG01287,OG01907,37,operon-adjacent (synteny)
OG00791,OG01916,37,operon-adjacent (synteny)
OG00442,OG00794,37,operon-adjacent (synteny)
OG01220,OG02286,37,operon-adjacent (synteny)
OG01390,OG02290,37,operon-adjacent (synteny)
OG01103,OG01605,37,operon-adjacent (synteny)
OG00545,OG01714,37,operon-adjacent (synteny)
OG00922,OG00922,37,operon-adjacent (synteny)
OG01033,OG01990,36,operon-adjacent (synteny)
OG00695,OG01528,36,operon-adjacent (synteny)
OG02343,OG02538,36,operon-adjacent (synteny)
OG00379,OG00986,36,operon-adjacent (synteny)
OG01139,OG02619,36,operon-adjacent (synteny)
OG00441,OG00639,36,operon-adjacent (synteny)
OG00024,OG01002,36,operon-adjacent (synteny)
OG00467,OG01400,36,operon-adjacent (synteny)
OG00415,OG02109,36,operon-adjacent (synteny)
OG00234,OG01139,36,operon-adjacent (synteny)
OG00417,OG01421,36,operon-adjacent (synteny)
OG02109,OG02109,36,operon-adjacent (synteny)
OG00898,OG02034,36,operon-adjacent (synteny)
OG00415,OG01483,36,operon-adjacent (synteny)
OG00071,OG00922,36,operon-adjacent (synteny)
OG00907,OG01686,35,operon-adjacent (synteny)
OG00132,OG00172,35,operon-adjacent (synteny)
OG00277,OG01668,35,operon-adjacent (synteny)
OG01686,OG04004,35,operon-adjacent (synteny)
OG00118,OG01625,35,operon-adjacent (synteny)
OG00128,OG00424,35,operon-adjacent (synteny)
OG01355,OG02160,35,operon-adjacent (synteny)
OG00510,OG01078,35,operon-adjacent (synteny)
OG01213,OG02009,35,operon-adjacent (synteny)
OG02260,OG02534,35,operon-adjacent (synteny)
OG01018,OG01999,35,operon-adjacent (synteny)
OG00009,OG00151,35,operon-adjacent (synteny)
OG00146,OG01331,35,operon-adjacent (synteny)
OG00986,OG01421,35,operon-adjacent (synteny)
OG00197,OG01811,35,operon-adjacent (synteny)
OG00543,OG01103,35,operon-adjacent (synteny)
OG00399,OG01437,35,operon-adjacent (synteny)
OG00342,OG00666,35,operon-adjacent (synteny)
OG00082,OG02175,35,operon-adjacent (synteny)
OG00280,OG00794,35,operon-adjacent (synteny)
OG00492,OG02071,35,operon-adjacent (synteny)
OG02549,OG02686,35,operon-adjacent (synteny)
OG01767,OG03140,35,operon-adjacent (synteny)
OG00144,OG02260,35,operon-adjacent (synteny)
OG00313,OG03150,34,operon-adjacent (synteny)
OG01801,OG02489,34,operon-adjacent (synteny)
OG00996,OG01805,34,operon-adjacent (synteny)
OG00550,OG01136,34,operon-adjacent (synteny)
OG00905,OG01584,34,operon-adjacent (synteny)
OG01379,OG01566,34,operon-adjacent (synteny)
OG01237,OG01677,34,operon-adjacent (synteny)
OG01138,OG02363,34,operon-adjacent (synteny)
OG00425,OG01181,34,operon-adjacent (synteny)
OG00703,OG00880,34,operon-adjacent (synteny)
OG01042,OG01793,34,operon-adjacent (synteny)
OG01021,OG01059,34,operon-adjacent (synteny)
OG00264,OG00709,34,operon-adjacent (synteny)
OG01348,OG01736,34,operon-adjacent (synteny)
OG01361,OG03861,34,operon-adjacent (synteny)
OG00136,OG02170,34,operon-adjacent (synteny)
OG02022,OG02262,34,operon-adjacent (synteny)
OG00006,OG02742,34,operon-adjacent (synteny)
OG00781,OG02635,34,operon-adjacent (synteny)
OG00098,OG00235,34,operon-adjacent (synteny)
OG00743,OG02427,34,operon-adjacent (synteny)
OG00733,OG01447,33,operon-adjacent (synteny)
OG00071,OG03389,33,operon-adjacent (synteny)
OG00480,OG01208,33,operon-adjacent (synteny)
OG00209,OG01209,33,operon-adjacent (synteny)
OG01604,OG02099,33,operon-adjacent (synteny)
OG01566,OG02560,33,operon-adjacent (synteny)
OG00293,OG00733,33,operon-adjacent (synteny)
OG00093,OG00172,33,operon-adjacent (synteny)
OG00873,OG01737,33,operon-adjacent (synteny)
OG00780,OG00905,33,operon-adjacent (synteny)
OG00108,OG02059,33,operon-adjacent (synteny)
OG00491,OG01477,33,operon-adjacent (synteny)
OG00599,OG01714,33,operon-adjacent (synteny)
OG01782,OG01796,33,operon-adjacent (synteny)
OG00363,OG00798,33,operon-adjacent (synteny)
OG00883,OG02010,33,operon-adjacent (synteny)
OG00296,OG01523,33,operon-adjacent (synteny)
OG00942,OG01567,33,operon-adjacent (synteny)
OG00019,OG00099,33,operon-adjacent (synteny)
OG00296,OG01567,33,operon-adjacent (synteny)
OG01129,OG01313,33,operon-adjacent (synteny)
OG01714,OG02849,33,operon-adjacent (synteny)
OG00112,OG00305,33,operon-adjacent (synteny)
OG00657,OG01724,33,operon-adjacent (synteny)
OG00042,OG01121,33,operon-adjacent (synteny)
OG00703,OG02427,33,operon-adjacent (synteny)
OG00034,OG02238,33,operon-adjacent (synteny)
OG00338,OG00574,33,operon-adjacent (synteny)
OG01355,OG02169,32,operon-adjacent (synteny)
OG00919,OG01424,32,operon-adjacent (synteny)
OG00456,OG01138,32,operon-adjacent (synteny)
OG00270,OG02395,32,operon-adjacent (synteny)
OG01059,OG01059,32,operon-adjacent (synteny)
OG00068,OG01778,32,operon-adjacent (synteny)
OG01634,OG01742,32,operon-adjacent (synteny)
OG00038,OG01986,32,operon-adjacent (synteny)
OG01575,OG01737,32,operon-adjacent (synteny)
OG02399,OG02721,32,operon-adjacent (synteny)
OG00492,OG01104,32,operon-adjacent (synteny)
OG00619,OG02539,32,operon-adjacent (synteny)
OG00041,OG01520,32,operon-adjacent (synteny)
OG02116,OG02721,32,operon-adjacent (synteny)
OG00053,OG01935,32,operon-adjacent (synteny)
OG00277,OG00928,32,operon-adjacent (synteny)
OG00987,OG02376,32,operon-adjacent (synteny)
OG00246,OG01029,32,operon-adjacent (synteny)
OG00265,OG00373,32,operon-adjacent (synteny)
OG00112,OG00132,32,operon-adjacent (synteny)
OG00071,OG01059,32,operon-adjacent (synteny)
OG00009,OG00009,32,operon-adjacent (synteny)
OG01324,OG02292,31,operon-adjacent (synteny)
OG00264,OG02027,31,operon-adjacent (synteny)
OG01361,OG01601,31,operon-adjacent (synteny)
OG00185,OG02172,31,operon-adjacent (synteny)
OG00068,OG01681,31,operon-adjacent (synteny)
OG00347,OG04237,31,operon-adjacent (synteny)
OG00374,OG01917,31,operon-adjacent (synteny)
OG00673,OG02702,31,operon-adjacent (synteny)
OG00019,OG00034,31,operon-adjacent (synteny)
OG01100,OG01862,31,operon-adjacent (synteny)
OG00025,OG00151,31,operon-adjacent (synteny)
OG00594,OG00746,31,operon-adjacent (synteny)
OG01714,OG02327,31,operon-adjacent (synteny)
OG00649,OG02116,31,operon-adjacent (synteny)
OG01598,OG01907,31,operon-adjacent (synteny)
OG01121,OG04009,31,operon-adjacent (synteny)
OG00019,OG00143,31,operon-adjacent (synteny)
OG00456,OG00895,31,operon-adjacent (synteny)
OG00069,OG00877,31,operon-adjacent (synteny)
OG01277,OG02021,31,operon-adjacent (synteny)
OG00649,OG01528,31,operon-adjacent (synteny)
OG01836,OG01882,31,operon-adjacent (synteny)
OG01144,OG01251,31,operon-adjacent (synteny)
OG01625,OG02343,31,operon-adjacent (synteny)
OG00344,OG02041,31,operon-adjacent (synteny)
OG00361,OG00407,31,operon-adjacent (synteny)
OG00281,OG01761,31,operon-adjacent (synteny)
OG00019,OG00045,31,operon-adjacent (synteny)
OG00683,OG02365,31,operon-adjacent (synteny)
OG01861,OG02475,31,operon-adjacent (synteny)
OG00090,OG00161,31,operon-adjacent (synteny)
OG00245,OG01332,31,operon-adjacent (synteny)
OG00879,OG01131,31,operon-adjacent (synteny)
OG03534,OG04003,31,operon-adjacent (synteny)
OG01520,OG02207,31,operon-adjacent (synteny)
OG00149,OG00985,31,operon-adjacent (synteny)
OG01057,OG01259,31,operon-adjacent (synteny)
OG01208,OG02649,31,operon-adjacent (synteny)
OG00753,OG00769,31,operon-adjacent (synteny)
OG01030,OG01480,31,operon-adjacent (synteny)
OG00222,OG00343,30,operon-adjacent (synteny)
OG01420,OG03818,30,operon-adjacent (synteny)
OG00447,OG01638,30,operon-adjacent (synteny)
OG00766,OG02412,30,operon-adjacent (synteny)
OG01104,OG02026,30,operon-adjacent (synteny)
OG01287,OG02207,30,operon-adjacent (synteny)
OG00071,OG00574,30,operon-adjacent (synteny)
OG00361,OG00984,30,operon-adjacent (synteny)
OG01006,OG02294,30,operon-adjacent (synteny)
OG00019,OG00711,30,operon-adjacent (synteny)
OG00302,OG01735,30,operon-adjacent (synteny)
OG00302,OG01014,30,operon-adjacent (synteny)
OG01387,OG02742,30,operon-adjacent (synteny)
OG00146,OG00208,30,operon-adjacent (synteny)
OG01319,OG02680,30,operon-adjacent (synteny)
OG00338,OG01025,30,operon-adjacent (synteny)
OG00185,OG02583,30,operon-adjacent (synteny)
OG00807,OG01132,30,operon-adjacent (synteny)
OG00790,OG01027,30,operon-adjacent (synteny)
OG02454,OG02543,30,operon-adjacent (synteny)
OG02009,OG02660,30,operon-adjacent (synteny)
OG01958,OG02175,30,operon-adjacent (synteny)
OG02440,OG02687,30,operon-adjacent (synteny)
OG02543,OG02776,30,operon-adjacent (synteny)
OG00319,OG00398,30,operon-adjacent (synteny)
OG00125,OG01820,30,operon-adjacent (synteny)
OG00125,OG00248,30,operon-adjacent (synteny)
OG00676,OG01367,30,operon-adjacent (synteny)
OG01573,OG02751,30,operon-adjacent (synteny)
OG00833,OG01649,30,operon-adjacent (synteny)
OG01447,OG01710,30,operon-adjacent (synteny)
OG00038,OG02083,30,operon-adjacent (synteny)
OG00201,OG02468,30,operon-adjacent (synteny)
OG01017,OG01209,30,operon-adjacent (synteny)
OG01343,OG01768,30,operon-adjacent (synteny)
OG00455,OG01596,30,operon-adjacent (synteny)
OG01317,OG01347,29,operon-adjacent (synteny)
OG00413,OG01891,29,operon-adjacent (synteny)
OG00259,OG01579,29,operon-adjacent (synteny)
OG00164,OG01797,29,operon-adjacent (synteny)
OG02450,OG02702,29,operon-adjacent (synteny)
OG00888,OG01460,29,operon-adjacent (synteny)
OG00116,OG00841,29,operon-adjacent (synteny)
OG00881,OG01958,29,operon-adjacent (synteny)
OG00071,OG00072,29,operon-adjacent (synteny)
OG03437,OG03762,29,operon-adjacent (synteny)
OG00742,OG01534,29,operon-adjacent (synteny)
OG00609,OG01320,29,operon-adjacent (synteny)
OG00399,OG01957,29,operon-adjacent (synteny)
OG02142,OG02534,29,operon-adjacent (synteny)
OG01101,OG01204,29,operon-adjacent (synteny)
OG00072,OG01240,29,operon-adjacent (synteny)
OG01358,OG01943,29,operon-adjacent (synteny)
OG00694,OG01016,29,operon-adjacent (synteny)
OG00079,OG00917,29,operon-adjacent (synteny)
OG00936,OG01665,29,operon-adjacent (synteny)
OG00116,OG01250,29,operon-adjacent (synteny)
OG00101,OG04651,29,operon-adjacent (synteny)
OG01783,OG03214,29,operon-adjacent (synteny)
OG01451,OG02197,29,operon-adjacent (synteny)
OG02907,OG03091,29,operon-adjacent (synteny)
OG00674,OG01571,29,operon-adjacent (synteny)
OG00971,OG01319,29,operon-adjacent (synteny)
OG01546,OG02681,29,operon-adjacent (synteny)
OG01546,OG02172,29,operon-adjacent (synteny)
OG00151,OG01687,28,operon-adjacent (synteny)
OG03481,OG03584,28,operon-adjacent (synteny)
OG00878,OG01584,28,operon-adjacent (synteny)
OG01419,OG01782,28,operon-adjacent (synteny)
OG00252,OG02221,28,operon-adjacent (synteny)
OG01455,OG02353,28,operon-adjacent (synteny)
OG00417,OG00984,28,operon-adjacent (synteny)
OG00467,OG01091,28,operon-adjacent (synteny)
OG00721,OG01078,28,operon-adjacent (synteny)
OG00240,OG01480,28,operon-adjacent (synteny)
OG02150,OG02208,28,operon-adjacent (synteny)
OG01544,OG01634,28,operon-adjacent (synteny)
OG01668,OG02888,28,operon-adjacent (synteny)
OG00849,OG02560,28,operon-adjacent (synteny)
OG01575,OG02031,28,operon-adjacent (synteny)
OG00045,OG00975,28,operon-adjacent (synteny)
OG00946,OG01265,28,operon-adjacent (synteny)
OG00209,OG03492,28,operon-adjacent (synteny)
OG01661,OG02888,28,operon-adjacent (synteny)
OG00424,OG00424,28,operon-adjacent (synteny)
OG00368,OG01682,28,operon-adjacent (synteny)
OG00500,OG00878,28,operon-adjacent (synteny)
OG00079,OG00302,28,operon-adjacent (synteny)
OG00336,OG00507,28,operon-adjacent (synteny)
OG00781,OG01986,28,operon-adjacent (synteny)
OG01968,OG02576,28,operon-adjacent (synteny)
OG00056,OG01377,28,operon-adjacent (synteny)
OG00366,OG02452,28,operon-adjacent (synteny)
OG00564,OG02099,28,operon-adjacent (synteny)
OG01030,OG02410,28,operon-adjacent (synteny)
OG00003,OG01095,28,operon-adjacent (synteny)
OG00002,OG02026,28,operon-adjacent (synteny)
OG01007,OG01461,27,operon-adjacent (synteny)
OG00721,OG03343,27,operon-adjacent (synteny)
OG01220,OG01523,27,operon-adjacent (synteny)
OG01621,OG02763,27,operon-adjacent (synteny)
OG00305,OG02960,27,operon-adjacent (synteny)
OG01265,OG02348,27,operon-adjacent (synteny)
OG00361,OG00555,27,operon-adjacent (synteny)
OG00017,OG00623,27,operon-adjacent (synteny)
OG00907,OG03310,27,operon-adjacent (synteny)
OG00939,OG02123,27,operon-adjacent (synteny)
OG04587,OG04658,27,operon-adjacent (synteny)
OG00435,OG01465,27,operon-adjacent (synteny)
OG00155,OG01661,27,operon-adjacent (synteny)
OG00306,OG01579,27,operon-adjacent (synteny)
OG00124,OG00292,27,operon-adjacent (synteny)
OG00219,OG06377,27,operon-adjacent (synteny)
OG01714,OG03442,27,operon-adjacent (synteny)
OG00623,OG01683,27,operon-adjacent (synteny)
OG01968,OG02649,27,operon-adjacent (synteny)
OG00034,OG00143,27,operon-adjacent (synteny)
OG00136,OG01312,27,operon-adjacent (synteny)
OG00985,OG01920,26,operon-adjacent (synteny)
OG00019,OG00030,26,operon-adjacent (synteny)
OG01653,OG02123,26,operon-adjacent (synteny)
OG01392,OG03270,26,operon-adjacent (synteny)
OG00798,OG01636,26,operon-adjacent (synteny)
OG00987,OG02736,26,operon-adjacent (synteny)
OG00151,OG04663,26,operon-adjacent (synteny)
OG01685,OG02034,26,operon-adjacent (synteny)
OG00158,OG00158,26,operon-adjacent (synteny)
OG00894,OG03985,26,operon-adjacent (synteny)
OG00491,OG01993,26,operon-adjacent (synteny)
OG01252,OG01600,26,operon-adjacent (synteny)
OG00151,OG01145,26,operon-adjacent (synteny)
OG00363,OG01082,26,operon-adjacent (synteny)
OG00952,OG03566,26,operon-adjacent (synteny)
OG00728,OG01796,26,operon-adjacent (synteny)
OG02131,OG02743,26,operon-adjacent (synteny)
OG00012,OG02183,26,operon-adjacent (synteny)
OG00510,OG01765,26,operon-adjacent (synteny)
OG00114,OG00813,26,operon-adjacent (synteny)
OG02348,OG02399,26,operon-adjacent (synteny)
OG00617,OG01059,26,operon-adjacent (synteny)
OG00483,OG01127,26,operon-adjacent (synteny)
OG02234,OG02431,26,operon-adjacent (synteny)
OG00022,OG03516,26,operon-adjacent (synteny)
OG00889,OG01952,26,operon-adjacent (synteny)
OG01526,OG01607,25,operon-adjacent (synteny)
OG00921,OG01855,25,operon-adjacent (synteny)
OG02551,OG02599,25,operon-adjacent (synteny)
OG00728,OG00776,25,operon-adjacent (synteny)
OG00423,OG00669,25,operon-adjacent (synteny)
OG02167,OG02587,25,operon-adjacent (synteny)
OG00924,OG02376,25,operon-adjacent (synteny)
OG00143,OG00366,25,operon-adjacent (synteny)
OG01277,OG01995,25,operon-adjacent (synteny)
OG01710,OG06854,25,operon-adjacent (synteny)
OG02014,OG02667,25,operon-adjacent (synteny)
OG00240,OG00743,25,operon-adjacent (synteny)
OG00900,OG01925,25,operon-adjacent (synteny)
OG00403,OG00581,25,operon-adjacent (synteny)
OG00236,OG00387,25,operon-adjacent (synteny)
OG00054,OG00079,25,operon-adjacent (synteny)
OG01031,OG01043,25,operon-adjacent (synteny)
OG01219,OG01251,25,operon-adjacent (synteny)
OG00521,OG00824,25,operon-adjacent (synteny)
OG00718,OG01237,25,operon-adjacent (synteny)
OG00099,OG00993,25,operon-adjacent (synteny)
OG01000,OG01254,25,operon-adjacent (synteny)
OG00276,OG00921,25,operon-adjacent (synteny)
OG00568,OG01008,25,operon-adjacent (synteny)
OG00543,OG01636,25,operon-adjacent (synteny)
OG00712,OG02590,25,operon-adjacent (synteny)
OG00399,OG00883,25,operon-adjacent (synteny)
OG00629,OG02265,25,operon-adjacent (synteny)
OG01383,OG01797,25,operon-adjacent (synteny)
OG01649,OG01944,25,operon-adjacent (synteny)
OG01993,OG02470,25,operon-adjacent (synteny)
OG00301,OG01891,25,operon-adjacent (synteny)
OG00045,OG00075,25,operon-adjacent (synteny)
OG01964,OG02690,25,operon-adjacent (synteny)
OG01654,OG01835,25,operon-adjacent (synteny)
OG00036,OG00075,24,operon-adjacent (synteny)
OG00979,OG02635,24,operon-adjacent (synteny)
OG00245,OG03310,24,operon-adjacent (synteny)
OG01015,OG01674,24,operon-adjacent (synteny)
OG01392,OG01669,24,operon-adjacent (synteny)
OG01863,OG01911,24,operon-adjacent (synteny)
OG01312,OG01698,24,operon-adjacent (synteny)
OG03481,OG03827,24,operon-adjacent (synteny)
OG03516,OG03790,24,operon-adjacent (synteny)
OG00792,OG01696,24,operon-adjacent (synteny)
OG00082,OG01172,24,operon-adjacent (synteny)
OG00783,OG00790,24,operon-adjacent (synteny)
OG00889,OG02618,24,operon-adjacent (synteny)
OG01492,OG02092,24,operon-adjacent (synteny)
OG00399,OG01489,24,operon-adjacent (synteny)
OG00573,OG04196,24,operon-adjacent (synteny)
OG00056,OG01514,24,operon-adjacent (synteny)
OG00045,OG00189,24,operon-adjacent (synteny)
OG00532,OG01109,24,operon-adjacent (synteny)
OG00314,OG01209,24,operon-adjacent (synteny)
OG00766,OG02369,24,operon-adjacent (synteny)
OG00042,OG01818,24,operon-adjacent (synteny)
OG00527,OG01788,24,operon-adjacent (synteny)
OG01586,OG02486,24,operon-adjacent (synteny)
OG00075,OG00143,24,operon-adjacent (synteny)
OG00247,OG01043,24,operon-adjacent (synteny)
OG01555,OG02907,24,operon-adjacent (synteny)
OG00071,OG00338,23,operon-adjacent (synteny)
OG00299,OG00474,23,operon-adjacent (synteny)
OG00019,OG00699,23,operon-adjacent (synteny)
OG01181,OG02071,23,operon-adjacent (synteny)
OG00352,OG01850,23,operon-adjacent (synteny)
OG00019,OG04882,23,operon-adjacent (synteny)
OG00746,OG01835,23,operon-adjacent (synteny)
OG00074,OG00151,23,operon-adjacent (synteny)
OG00342,OG06000,23,operon-adjacent (synteny)
OG00707,OG01844,23,operon-adjacent (synteny)
OG00676,OG01824,23,operon-adjacent (synteny)
OG00305,OG01464,23,operon-adjacent (synteny)
OG00003,OG01471,23,operon-adjacent (synteny)
OG00101,OG05605,23,operon-adjacent (synteny)
OG00012,OG01905,23,operon-adjacent (synteny)
OG00431,OG01838,23,operon-adjacent (synteny)
OG00532,OG01680,23,operon-adjacent (synteny)
OG00381,OG01941,23,operon-adjacent (synteny)
OG00013,OG03034,23,operon-adjacent (synteny)
OG00769,OG01343,23,operon-adjacent (synteny)
OG00260,OG01502,23,operon-adjacent (synteny)
OG00170,OG00205,23,operon-adjacent (synteny)
OG02528,OG02554,23,operon-adjacent (synteny)
OG00368,OG00368,23,operon-adjacent (synteny)
OG02528,OG02709,23,operon-adjacent (synteny)
OG01788,OG02183,23,operon-adjacent (synteny)
OG00813,OG01928,23,operon-adjacent (synteny)
OG00474,OG01351,23,operon-adjacent (synteny)
OG04229,OG04722,23,operon-adjacent (synteny)
OG04722,OG04809,23,operon-adjacent (synteny)
OG02989,OG03565,23,operon-adjacent (synteny)
OG01059,OG03982,23,operon-adjacent (synteny)
OG01654,OG02042,23,operon-adjacent (synteny)
OG00922,OG01426,23,operon-adjacent (synteny)
OG01313,OG02394,23,operon-adjacent (synteny)
OG00192,OG00711,23,operon-adjacent (synteny)
OG00798,OG01505,23,operon-adjacent (synteny)
OG00099,OG00120,23,operon-adjacent (synteny)
OG02072,OG02170,23,operon-adjacent (synteny)
OG01390,OG01872,23,operon-adjacent (synteny)
OG00982,OG01866,23,operon-adjacent (synteny)
OG02233,OG04003,23,operon-adjacent (synteny)
OG00053,OG00673,23,operon-adjacent (synteny)
OG00128,OG00347,23,operon-adjacent (synteny)
OG00641,OG01599,23,operon-adjacent (synteny)
OG00333,OG04658,23,operon-adjacent (synteny)
OG01167,OG01196,23,operon-adjacent (synteny)
OG00305,OG01908,23,operon-adjacent (synteny)
OG02333,OG04588,23,operon-adjacent (synteny)
OG01614,OG01943,23,operon-adjacent (synteny)
OG00098,OG00128,23,operon-adjacent (synteny)
OG01100,OG01163,23,operon-adjacent (synteny)
OG01000,OG01196,23,operon-adjacent (synteny)
OG00151,OG00400,23,operon-adjacent (synteny)
OG00512,OG01927,23,operon-adjacent (synteny)
OG00019,OG00355,22,operon-adjacent (synteny)
OG01521,OG02208,22,operon-adjacent (synteny)
OG00968,OG05003,22,operon-adjacent (synteny)
OG00855,OG02458,22,operon-adjacent (synteny)
OG01087,OG02282,22,operon-adjacent (synteny)
OG00474,OG01817,22,operon-adjacent (synteny)
OG03026,OG03078,22,operon-adjacent (synteny)
OG00734,OG02292,22,operon-adjacent (synteny)
OG00939,OG01067,22,operon-adjacent (synteny)
OG00284,OG02632,22,operon-adjacent (synteny)
OG00831,OG02153,22,operon-adjacent (synteny)
OG00863,OG01785,22,operon-adjacent (synteny)
OG00991,OG02773,22,operon-adjacent (synteny)
OG00932,OG00962,22,operon-adjacent (synteny)
OG00019,OG03866,22,operon-adjacent (synteny)
OG00299,OG01817,22,operon-adjacent (synteny)
OG00132,OG05180,22,operon-adjacent (synteny)
OG01192,OG01449,22,operon-adjacent (synteny)
OG02094,OG02776,22,operon-adjacent (synteny)
OG00135,OG01253,22,operon-adjacent (synteny)
OG00550,OG01883,22,operon-adjacent (synteny)
OG00363,OG03718,22,operon-adjacent (synteny)
OG01941,OG02447,22,operon-adjacent (synteny)
OG00386,OG01660,22,operon-adjacent (synteny)
OG00021,OG00256,22,operon-adjacent (synteny)
OG01403,OG01878,22,operon-adjacent (synteny)
OG01406,OG01508,22,operon-adjacent (synteny)
OG01426,OG03389,22,operon-adjacent (synteny)
OG00532,OG03822,22,operon-adjacent (synteny)
OG01279,OG02576,22,operon-adjacent (synteny)
OG00231,OG01095,22,operon-adjacent (synteny)
OG00305,OG00394,22,operon-adjacent (synteny)
OG00642,OG01540,22,operon-adjacent (synteny)
OG00544,OG00962,22,operon-adjacent (synteny)
OG00531,OG00580,22,operon-adjacent (synteny)
OG01847,OG01920,22,operon-adjacent (synteny)
OG00512,OG01249,22,operon-adjacent (synteny)
OG00173,OG02282,22,operon-adjacent (synteny)
OG00039,OG01485,22,operon-adjacent (synteny)
OG00093,OG00305,22,operon-adjacent (synteny)
OG01357,OG01448,22,operon-adjacent (synteny)
OG00368,OG01838,22,operon-adjacent (synteny)
OG00064,OG00369,22,operon-adjacent (synteny)
OG00697,OG01433,22,operon-adjacent (synteny)
OG01988,OG02190,22,operon-adjacent (synteny)
OG00093,OG05180,22,operon-adjacent (synteny)
OG02884,OG04274,22,operon-adjacent (synteny)
OG00020,OG01496,22,operon-adjacent (synteny)
OG00553,OG02771,22,operon-adjacent (synteny)
OG01359,OG05003,22,operon-adjacent (synteny)
OG00460,OG01752,21,operon-adjacent (synteny)
OG00136,OG01932,21,operon-adjacent (synteny)
OG01520,OG01801,21,operon-adjacent (synteny)
OG00734,OG02774,21,operon-adjacent (synteny)
OG01087,OG02656,21,operon-adjacent (synteny)
OG00060,OG01672,21,operon-adjacent (synteny)
OG01752,OG02287,21,operon-adjacent (synteny)
OG00302,OG00308,21,operon-adjacent (synteny)
OG03078,OG03217,21,operon-adjacent (synteny)
OG00132,OG00394,21,operon-adjacent (synteny)
OG00115,OG01819,21,operon-adjacent (synteny)
OG01496,OG06525,21,operon-adjacent (synteny)
OG01166,OG02400,21,operon-adjacent (synteny)
OG00567,OG01677,21,operon-adjacent (synteny)
OG00817,OG02734,21,operon-adjacent (synteny)
OG00004,OG02673,21,operon-adjacent (synteny)
OG00455,OG01317,21,operon-adjacent (synteny)
OG00732,OG02400,21,operon-adjacent (synteny)
OG00314,OG01450,21,operon-adjacent (synteny)
OG01091,OG01899,21,operon-adjacent (synteny)
OG02402,OG02699,21,operon-adjacent (synteny)
OG00082,OG02624,21,operon-adjacent (synteny)
OG00859,OG01145,21,operon-adjacent (synteny)
OG00881,OG02193,21,operon-adjacent (synteny)
OG01973,OG02485,21,operon-adjacent (synteny)
OG00608,OG02727,21,operon-adjacent (synteny)
OG00146,OG02234,21,operon-adjacent (synteny)
OG01320,OG02357,21,operon-adjacent (synteny)
OG00276,OG02153,21,operon-adjacent (synteny)
OG01657,OG02010,21,operon-adjacent (synteny)
OG00961,OG01563,21,operon-adjacent (synteny)
OG01681,OG01800,21,operon-adjacent (synteny)
OG02033,OG02190,21,operon-adjacent (synteny)
OG01216,OG01702,21,operon-adjacent (synteny)
OG00098,OG00265,21,operon-adjacent (synteny)
OG00135,OG00657,21,operon-adjacent (synteny)
OG01598,OG02322,21,operon-adjacent (synteny)
OG01745,OG01862,21,operon-adjacent (synteny)
OG00861,OG01785,21,operon-adjacent (synteny)
OG08490,OG08613,21,operon-adjacent (synteny)
OG00579,OG01573,21,operon-adjacent (synteny)
OG01166,OG02382,21,operon-adjacent (synteny)
OG00019,OG00053,21,operon-adjacent (synteny)
OG00201,OG00614,21,operon-adjacent (synteny)
OG01467,OG01735,21,operon-adjacent (synteny)
OG01212,OG02414,21,operon-adjacent (synteny)
OG00976,OG01799,21,operon-adjacent (synteny)
OG00003,OG00413,21,operon-adjacent (synteny)
OG00071,OG01218,21,operon-adjacent (synteny)
OG00069,OG00111,21,operon-adjacent (synteny)
OG00469,OG01491,21,operon-adjacent (synteny)
OG01060,OG01321,20,operon-adjacent (synteny)
OG00319,OG02723,20,operon-adjacent (synteny)
OG00683,OG01600,20,operon-adjacent (synteny)
OG00045,OG01948,20,operon-adjacent (synteny)
OG02132,OG02370,20,operon-adjacent (synteny)
OG00355,OG01354,20,operon-adjacent (synteny)
OG00810,OG03426,20,operon-adjacent (synteny)
OG00222,OG02540,20,operon-adjacent (synteny)
OG00868,OG02715,20,operon-adjacent (synteny)
OG01901,OG02112,20,operon-adjacent (synteny)
OG00127,OG01409,20,operon-adjacent (synteny)
OG00019,OG00194,20,operon-adjacent (synteny)
OG03041,OG03592,20,operon-adjacent (synteny)
OG01629,OG02212,20,operon-adjacent (synteny)
OG00462,OG00855,20,operon-adjacent (synteny)
OG00147,OG01612,20,operon-adjacent (synteny)
OG00618,OG01570,20,operon-adjacent (synteny)
OG00079,OG02142,20,operon-adjacent (synteny)
OG00611,OG01856,20,operon-adjacent (synteny)
OG00111,OG02400,20,operon-adjacent (synteny)
OG00793,OG02284,20,operon-adjacent (synteny)
OG01629,OG02371,20,operon-adjacent (synteny)
OG00041,OG01031,20,operon-adjacent (synteny)
OG03884,OG04647,20,operon-adjacent (synteny)
OG01400,OG02617,20,operon-adjacent (synteny)
OG00024,OG01607,20,operon-adjacent (synteny)
OG00992,OG01058,20,operon-adjacent (synteny)
OG00243,OG01041,20,operon-adjacent (synteny)
OG00014,OG03041,20,operon-adjacent (synteny)
OG00079,OG00898,20,operon-adjacent (synteny)
OG00344,OG01614,20,operon-adjacent (synteny)
OG01696,OG02094,20,operon-adjacent (synteny)
OG02687,OG03426,20,operon-adjacent (synteny)
OG00977,OG01334,20,operon-adjacent (synteny)
OG00697,OG02371,20,operon-adjacent (synteny)
OG01294,OG02245,20,operon-adjacent (synteny)
OG01324,OG02673,20,operon-adjacent (synteny)
OG02277,OG02476,20,operon-adjacent (synteny)
OG00180,OG01420,20,operon-adjacent (synteny)
OG00849,OG01978,20,operon-adjacent (synteny)
OG00966,OG01505,20,operon-adjacent (synteny)
OG03098,OG03428,20,operon-adjacent (synteny)
OG01560,OG01872,20,operon-adjacent (synteny)
OG01281,OG01490,20,operon-adjacent (synteny)
OG00075,OG00128,20,operon-adjacent (synteny)
OG02076,OG02593,20,operon-adjacent (synteny)
OG00374,OG01669,20,operon-adjacent (synteny)
OG00788,OG02083,20,operon-adjacent (synteny)
OG00703,OG03028,20,operon-adjacent (synteny)
OG00490,OG01101,20,operon-adjacent (synteny)
OG01239,OG01599,20,operon-adjacent (synteny)
OG00379,OG00779,20,operon-adjacent (synteny)
OG00671,OG05045,20,operon-adjacent (synteny)
OG00874,OG01852,20,operon-adjacent (synteny)
OG00082,OG02784,20,operon-adjacent (synteny)
OG00568,OG03634,20,operon-adjacent (synteny)
OG00214,OG00403,20,operon-adjacent (synteny)
OG00579,OG02006,20,operon-adjacent (synteny)
OG00151,OG03075,20,operon-adjacent (synteny)
OG01384,OG02070,20,operon-adjacent (synteny)
OG00045,OG00249,20,operon-adjacent (synteny)
OG01825,OG02382,20,operon-adjacent (synteny)
OG00381,OG02356,20,operon-adjacent (synteny)
OG01006,OG02633,20,operon-adjacent (synteny)
OG01537,OG01698,20,operon-adjacent (synteny)
OG02150,OG02678,20,operon-adjacent (synteny)
OG00898,OG01264,20,operon-adjacent (synteny)
OG04229,OG04454,20,operon-adjacent (synteny)
OG01338,OG02287,20,operon-adjacent (synteny)
OG00880,OG01995,19,operon-adjacent (synteny)
OG01637,OG05134,19,operon-adjacent (synteny)
OG00163,OG02597,19,operon-adjacent (synteny)
OG02299,OG02440,19,operon-adjacent (synteny)
OG00345,OG03039,19,operon-adjacent (synteny)
OG01980,OG02684,19,operon-adjacent (synteny)
OG00996,OG02633,19,operon-adjacent (synteny)
OG00156,OG00189,19,operon-adjacent (synteny)
OG00156,OG00711,19,operon-adjacent (synteny)
OG01375,OG02233,19,operon-adjacent (synteny)
OG00743,OG01901,19,operon-adjacent (synteny)
OG00819,OG01019,19,operon-adjacent (synteny)
OG00236,OG00236,19,operon-adjacent (synteny)
OG00231,OG01362,19,operon-adjacent (synteny)
OG00368,OG00868,19,operon-adjacent (synteny)
OG00102,OG00102,19,operon-adjacent (synteny)
OG00114,OG01656,19,operon-adjacent (synteny)
OG00361,OG08613,19,operon-adjacent (synteny)
OG01163,OG01926,19,operon-adjacent (synteny)
OG00725,OG00762,19,operon-adjacent (synteny)
OG00487,OG01577,19,operon-adjacent (synteny)
OG01442,OG02132,19,operon-adjacent (synteny)
OG00965,OG03330,19,operon-adjacent (synteny)
OG00250,OG01022,19,operon-adjacent (synteny)
OG01911,OG02062,19,operon-adjacent (synteny)
OG01889,OG02357,19,operon-adjacent (synteny)
OG02750,OG03089,19,operon-adjacent (synteny)
OG01436,OG04140,19,operon-adjacent (synteny)
OG00398,OG04803,19,operon-adjacent (synteny)
OG00841,OG01937,19,operon-adjacent (synteny)
OG00363,OG00966,19,operon-adjacent (synteny)
OG00089,OG02593,19,operon-adjacent (synteny)
OG00589,OG00664,19,operon-adjacent (synteny)
OG00798,OG00966,19,operon-adjacent (synteny)
OG00121,OG02112,19,operon-adjacent (synteny)
OG01124,OG01596,19,operon-adjacent (synteny)
OG00366,OG00447,19,operon-adjacent (synteny)
OG00683,OG01192,19,operon-adjacent (synteny)
OG00894,OG01866,19,operon-adjacent (synteny)
OG03958,OG07011,19,operon-adjacent (synteny)
OG00895,OG02061,19,operon-adjacent (synteny)
OG00955,OG02293,19,operon-adjacent (synteny)
OG00865,OG01847,19,operon-adjacent (synteny)
OG00442,OG01715,19,operon-adjacent (synteny)
OG02268,OG02402,19,operon-adjacent (synteny)
OG00067,OG00431,19,operon-adjacent (synteny)
OG01318,OG01799,19,operon-adjacent (synteny)
OG00019,OG04996,19,operon-adjacent (synteny)
OG01347,OG03861,19,operon-adjacent (synteny)
OG00020,OG00935,19,operon-adjacent (synteny)
OG00761,OG04274,19,operon-adjacent (synteny)
OG02106,OG02370,19,operon-adjacent (synteny)
OG02106,OG02632,19,operon-adjacent (synteny)
OG00347,OG06678,19,operon-adjacent (synteny)
OG00143,OG00143,19,operon-adjacent (synteny)
OG00246,OG01745,19,operon-adjacent (synteny)
OG00137,OG00598,19,operon-adjacent (synteny)
OG01005,OG01094,19,operon-adjacent (synteny)
OG00475,OG01696,18,operon-adjacent (synteny)
OG01010,OG02256,18,operon-adjacent (synteny)
OG00487,OG02187,18,operon-adjacent (synteny)
OG00484,OG03142,18,operon-adjacent (synteny)
OG00483,OG00900,18,operon-adjacent (synteny)
OG02946,OG04044,18,operon-adjacent (synteny)
OG01161,OG01537,18,operon-adjacent (synteny)
OG00385,OG01033,18,operon-adjacent (synteny)
OG00060,OG02038,18,operon-adjacent (synteny)
OG00748,OG01841,18,operon-adjacent (synteny)
OG00361,OG01585,18,operon-adjacent (synteny)
OG00055,OG00299,18,operon-adjacent (synteny)
OG00019,OG02527,18,operon-adjacent (synteny)
OG01234,OG01843,18,operon-adjacent (synteny)
OG00032,OG00355,18,operon-adjacent (synteny)
OG02946,OG03054,18,operon-adjacent (synteny)
OG01928,OG02228,18,operon-adjacent (synteny)
OG01114,OG03142,18,operon-adjacent (synteny)
OG00085,OG01461,18,operon-adjacent (synteny)
OG00861,OG02319,18,operon-adjacent (synteny)
OG00089,OG01841,18,operon-adjacent (synteny)
OG00639,OG01715,18,operon-adjacent (synteny)
OG00399,OG01869,18,operon-adjacent (synteny)
OG02437,OG02521,18,operon-adjacent (synteny)
OG00035,OG01585,18,operon-adjacent (synteny)
OG01925,OG02212,18,operon-adjacent (synteny)
OG00835,OG03140,18,operon-adjacent (synteny)
OG01455,OG01590,18,operon-adjacent (synteny)
OG01433,OG02486,18,operon-adjacent (synteny)
OG01442,OG02262,18,operon-adjacent (synteny)
OG00276,OG00831,18,operon-adjacent (synteny)
OG00368,OG03442,18,operon-adjacent (synteny)
OG00231,OG00838,18,operon-adjacent (synteny)
OG00075,OG00186,18,operon-adjacent (synteny)
OG01521,OG01671,18,operon-adjacent (synteny)
OG00034,OG00192,18,operon-adjacent (synteny)
OG02228,OG02726,18,operon-adjacent (synteny)
OG02165,OG03238,18,operon-adjacent (synteny)
OG02145,OG02598,18,operon-adjacent (synteny)
OG01183,OG02003,18,operon-adjacent (synteny)
OG03075,OG03958,18,operon-adjacent (synteny)
OG00160,OG00441,18,operon-adjacent (synteny)
OG00158,OG00400,18,operon-adjacent (synteny)
OG00128,OG00245,18,operon-adjacent (synteny)
OG00045,OG00143,18,operon-adjacent (synteny)
OG00574,OG07051,18,operon-adjacent (synteny)
OG02690,OG04780,18,operon-adjacent (synteny)
OG00014,OG00045,18,operon-adjacent (synteny)
OG00047,OG00051,18,operon-adjacent (synteny)
OG00189,OG01172,18,operon-adjacent (synteny)
OG01032,OG02553,18,operon-adjacent (synteny)
OG01161,OG02580,18,operon-adjacent (synteny)
OG00320,OG04977,18,operon-adjacent (synteny)
OG00819,OG01833,18,operon-adjacent (synteny)
OG01303,OG01515,18,operon-adjacent (synteny)
OG02187,OG02475,18,operon-adjacent (synteny)
OG00501,OG01804,18,operon-adjacent (synteny)
OG00500,OG01009,18,operon-adjacent (synteny)
OG00345,OG01550,18,operon-adjacent (synteny)
OG06767,OG06800,18,operon-adjacent (synteny)
OG03746,OG06854,18,operon-adjacent (synteny)
OG00607,OG00991,18,operon-adjacent (synteny)
OG01873,OG02033,18,operon-adjacent (synteny)
OG02069,OG02490,18,operon-adjacent (synteny)
OG00882,OG02075,18,operon-adjacent (synteny)
OG02987,OG04070,18,operon-adjacent (synteny)
OG00039,OG01449,17,operon-adjacent (synteny)
OG01338,OG02168,17,operon-adjacent (synteny)
OG01009,OG01714,17,operon-adjacent (synteny)
OG00298,OG00495,17,operon-adjacent (synteny)
OG00301,OG01196,17,operon-adjacent (synteny)
OG02473,OG02727,17,operon-adjacent (synteny)
OG00070,OG02550,17,operon-adjacent (synteny)
OG00484,OG01839,17,operon-adjacent (synteny)
OG00075,OG00098,17,operon-adjacent (synteny)
OG00929,OG01678,17,operon-adjacent (synteny)
OG02167,OG02437,17,operon-adjacent (synteny)
OG00221,OG02229,17,operon-adjacent (synteny)
OG00352,OG02599,17,operon-adjacent (synteny)
OG00143,OG00194,17,operon-adjacent (synteny)
OG00556,OG00998,17,operon-adjacent (synteny)
OG00459,OG00534,17,operon-adjacent (synteny)
OG04759,OG04805,17,operon-adjacent (synteny)
OG01262,OG04861,17,operon-adjacent (synteny)
OG00650,OG01333,17,operon-adjacent (synteny)
OG00974,OG01209,17,operon-adjacent (synteny)
OG01373,OG01704,17,operon-adjacent (synteny)
OG00019,OG00991,17,operon-adjacent (synteny)
OG01252,OG03289,17,operon-adjacent (synteny)
OG00158,OG00193,17,operon-adjacent (synteny)
OG01049,OG03751,17,operon-adjacent (synteny)
OG00160,OG00385,17,operon-adjacent (synteny)
OG00035,OG00779,17,operon-adjacent (synteny)
OG00358,OG03751,17,operon-adjacent (synteny)
OG00717,OG01002,17,operon-adjacent (synteny)
OG00516,OG01189,17,operon-adjacent (synteny)
OG00019,OG02266,17,operon-adjacent (synteny)
OG00019,OG01075,17,operon-adjacent (synteny)
OG01824,OG02476,17,operon-adjacent (synteny)
OG01149,OG01900,17,operon-adjacent (synteny)
OG00519,OG01071,17,operon-adjacent (synteny)
OG00305,OG00671,17,operon-adjacent (synteny)
OG00416,OG01273,17,operon-adjacent (synteny)
OG00045,OG00474,17,operon-adjacent (synteny)
OG00388,OG01089,17,operon-adjacent (synteny)
OG00387,OG02610,17,operon-adjacent (synteny)
OG05042,OG05075,17,operon-adjacent (synteny)
OG01802,OG01864,17,operon-adjacent (synteny)
OG00101,OG02668,17,operon-adjacent (synteny)
OG04861,OG05073,17,operon-adjacent (synteny)
OG00019,OG00075,17,operon-adjacent (synteny)
OG01571,OG03822,17,operon-adjacent (synteny)
OG00843,OG01768,17,operon-adjacent (synteny)
OG00107,OG01484,17,operon-adjacent (synteny)
OG00607,OG01560,17,operon-adjacent (synteny)
OG00600,OG02121,17,operon-adjacent (synteny)
OG00027,OG01952,17,operon-adjacent (synteny)
OG00368,OG00566,17,operon-adjacent (synteny)
OG00278,OG01082,17,operon-adjacent (synteny)
OG01381,OG07051,17,operon-adjacent (synteny)
OG03722,OG03921,17,operon-adjacent (synteny)
OG00031,OG01883,17,operon-adjacent (synteny)
OG00268,OG00578,17,operon-adjacent (synteny)
OG01187,OG02579,17,operon-adjacent (synteny)
OG00129,OG04201,17,operon-adjacent (synteny)
OG00129,OG00566,17,operon-adjacent (synteny)
OG01812,OG02694,17,operon-adjacent (synteny)
OG00687,OG01843,17,operon-adjacent (synteny)
OG06006,OG06052,17,operon-adjacent (synteny)
OG02109,OG06831,16,operon-adjacent (synteny)
OG00703,OG04044,16,operon-adjacent (synteny)
OG00045,OG01803,16,operon-adjacent (synteny)
OG00019,OG00071,16,operon-adjacent (synteny)
OG00019,OG00019,16,operon-adjacent (synteny)
OG01043,OG02461,16,operon-adjacent (synteny)
OG00003,OG02136,16,operon-adjacent (synteny)
OG01800,OG02734,16,operon-adjacent (synteny)
OG02103,OG02769,16,operon-adjacent (synteny)
OG01092,OG01262,16,operon-adjacent (synteny)
OG01980,OG02706,16,operon-adjacent (synteny)
OG01092,OG05114,16,operon-adjacent (synteny)
OG00093,OG00132,16,operon-adjacent (synteny)
OG00361,OG02992,16,operon-adjacent (synteny)
OG02351,OG02520,16,operon-adjacent (synteny)
OG02447,OG03815,16,operon-adjacent (synteny)
OG02923,OG03360,16,operon-adjacent (synteny)
OG00391,OG04647,16,operon-adjacent (synteny)
OG01484,OG01798,16,operon-adjacent (synteny)
OG00391,OG01043,16,operon-adjacent (synteny)
OG01578,OG04453,16,operon-adjacent (synteny)
OG00605,OG00990,16,operon-adjacent (synteny)
OG02433,OG02769,16,operon-adjacent (synteny)
OG00143,OG01642,16,operon-adjacent (synteny)
OG00212,OG00342,16,operon-adjacent (synteny)
OG00245,OG00605,16,operon-adjacent (synteny)
OG00195,OG00195,16,operon-adjacent (synteny)
OG01798,OG03616,16,operon-adjacent (synteny)
OG01791,OG03595,16,operon-adjacent (synteny)
OG00107,OG00250,16,operon-adjacent (synteny)
OG00019,OG01172,16,operon-adjacent (synteny)
OG05938,OG06084,16,operon-adjacent (synteny)
OG00020,OG01749,16,operon-adjacent (synteny)
OG00019,OG00235,16,operon-adjacent (synteny)
OG01133,OG04114,16,operon-adjacent (synteny)
OG01348,OG01621,16,operon-adjacent (synteny)
OG01367,OG02568,16,operon-adjacent (synteny)
OG02051,OG02223,16,operon-adjacent (synteny)
OG00189,OG10727,16,operon-adjacent (synteny)
OG02789,OG06889,16,operon-adjacent (synteny)
OG00426,OG00992,16,operon-adjacent (synteny)
OG01187,OG02449,16,operon-adjacent (synteny)
OG00151,OG00605,16,operon-adjacent (synteny)
OG01890,OG02042,16,operon-adjacent (synteny)
OG00774,OG02551,16,operon-adjacent (synteny)
OG01916,OG02193,16,operon-adjacent (synteny)
OG01463,OG06125,16,operon-adjacent (synteny)
OG00245,OG00584,16,operon-adjacent (synteny)
OG01671,OG03343,16,operon-adjacent (synteny)
OG00248,OG05369,16,operon-adjacent (synteny)
OG00863,OG02062,16,operon-adjacent (synteny)
OG00151,OG05938,16,operon-adjacent (synteny)
OG01179,OG01890,16,operon-adjacent (synteny)
OG01708,OG01913,16,operon-adjacent (synteny)
OG00768,OG01931,16,operon-adjacent (synteny)
OG01679,OG02617,16,operon-adjacent (synteny)
OG00022,OG01226,16,operon-adjacent (synteny)
OG00045,OG01963,16,operon-adjacent (synteny)
OG02709,OG03815,16,operon-adjacent (synteny)
OG01053,OG01109,16,operon-adjacent (synteny)
OG00238,OG00544,16,operon-adjacent (synteny)
OG00663,OG11489,16,operon-adjacent (synteny)
OG02290,OG02294,16,operon-adjacent (synteny)
OG00171,OG02233,16,operon-adjacent (synteny)
OG00559,OG01908,16,operon-adjacent (synteny)
OG00019,OG01997,16,operon-adjacent (synteny)
OG00299,OG00366,16,operon-adjacent (synteny)
OG00556,OG00935,16,operon-adjacent (synteny)
OG00566,OG01066,16,operon-adjacent (synteny)
OG00474,OG03775,16,operon-adjacent (synteny)
OG00032,OG01167,16,operon-adjacent (synteny)
OG00924,OG01337,16,operon-adjacent (synteny)
OG02145,OG02337,16,operon-adjacent (synteny)
OG00071,OG00089,15,operon-adjacent (synteny)
OG00355,OG01821,15,operon-adjacent (synteny)
OG00355,OG01839,15,operon-adjacent (synteny)
OG00047,OG00556,15,operon-adjacent (synteny)
OG00032,OG01365,15,operon-adjacent (synteny)
OG03098,OG04225,15,operon-adjacent (synteny)
OG00143,OG00192,15,operon-adjacent (synteny)
OG00019,OG00391,15,operon-adjacent (synteny)
OG00019,OG00975,15,operon-adjacent (synteny)
OG04092,OG04115,15,operon-adjacent (synteny)
OG01301,OG03461,15,operon-adjacent (synteny)
OG00260,OG01379,15,operon-adjacent (synteny)
OG00567,OG00712,15,operon-adjacent (synteny)
OG00566,OG01635,15,operon-adjacent (synteny)
OG00330,OG01383,15,operon-adjacent (synteny)
OG00102,OG00363,15,operon-adjacent (synteny)
OG02591,OG06889,15,operon-adjacent (synteny)
OG01033,OG03374,15,operon-adjacent (synteny)
OG02194,OG02433,15,operon-adjacent (synteny)
OG00218,OG00218,15,operon-adjacent (synteny)
OG00012,OG03492,15,operon-adjacent (synteny)
OG00762,OG03461,15,operon-adjacent (synteny)
OG00664,OG01485,15,operon-adjacent (synteny)
OG00828,OG01762,15,operon-adjacent (synteny)
OG00194,OG01889,15,operon-adjacent (synteny)
OG00268,OG03863,15,operon-adjacent (synteny)
OG00156,OG00582,15,operon-adjacent (synteny)
OG01250,OG02272,15,operon-adjacent (synteny)
OG00024,OG00787,15,operon-adjacent (synteny)
OG06770,OG07003,15,operon-adjacent (synteny)
OG06290,OG06390,15,operon-adjacent (synteny)
OG01905,OG02507,15,operon-adjacent (synteny)
OG01889,OG02641,15,operon-adjacent (synteny)
OG00098,OG01071,15,operon-adjacent (synteny)
OG00245,OG02270,15,operon-adjacent (synteny)
OG00245,OG00536,15,operon-adjacent (synteny)
OG00961,OG01931,15,operon-adjacent (synteny)
OG00887,OG02326,15,operon-adjacent (synteny)
OG01391,OG01478,15,operon-adjacent (synteny)
OG03729,OG04501,15,operon-adjacent (synteny)
OG00189,OG11664,15,operon-adjacent (synteny)
OG00250,OG00495,15,operon-adjacent (synteny)
OG00134,OG02719,15,operon-adjacent (synteny)
OG00833,OG01944,15,operon-adjacent (synteny)
OG00129,OG01066,15,operon-adjacent (synteny)
OG03002,OG03876,15,operon-adjacent (synteny)
OG00431,OG05813,15,operon-adjacent (synteny)
OG00019,OG00189,15,operon-adjacent (synteny)
OG01649,OG01882,15,operon-adjacent (synteny)
OG02893,OG03095,15,operon-adjacent (synteny)
OG00191,OG01687,15,operon-adjacent (synteny)
OG00361,OG01116,15,operon-adjacent (synteny)
OG00361,OG00779,15,operon-adjacent (synteny)
OG00584,OG05087,15,operon-adjacent (synteny)
OG01682,OG01838,15,operon-adjacent (synteny)
OG00502,OG01038,15,operon-adjacent (synteny)
OG00441,OG03374,15,operon-adjacent (synteny)
OG00682,OG03890,15,operon-adjacent (synteny)
OG00407,OG00407,15,operon-adjacent (synteny)
OG00407,OG00555,15,operon-adjacent (synteny)
OG00407,OG00762,15,operon-adjacent (synteny)
OG00442,OG03773,15,operon-adjacent (synteny)
OG00798,OG02664,15,operon-adjacent (synteny)
OG00780,OG05369,15,operon-adjacent (synteny)
OG00055,OG00143,15,operon-adjacent (synteny)
OG00129,OG00431,15,operon-adjacent (synteny)
OG01987,OG02317,15,operon-adjacent (synteny)
OG00059,OG00059,15,operon-adjacent (synteny)
OG02351,OG03740,15,operon-adjacent (synteny)
OG02351,OG07042,15,operon-adjacent (synteny)
OG00877,OG02115,15,operon-adjacent (synteny)
OG06850,OG07003,15,operon-adjacent (synteny)
OG00019,OG00255,15,operon-adjacent (synteny)
OG00019,OG00764,15,operon-adjacent (synteny)
OG00019,OG00412,15,operon-adjacent (synteny)
OG00247,OG01451,15,operon-adjacent (synteny)
OG02962,OG12003,15,operon-adjacent (synteny)
OG00639,OG03773,15,operon-adjacent (synteny)
OG00636,OG03171,15,operon-adjacent (synteny)
OG01492,OG01923,15,operon-adjacent (synteny)
OG01964,OG04786,15,operon-adjacent (synteny)
OG01932,OG02194,15,operon-adjacent (synteny)
OG01929,OG02771,15,operon-adjacent (synteny)
OG00363,OG01505,15,operon-adjacent (synteny)
OG00844,OG01875,15,operon-adjacent (synteny)
OG00245,OG02180,15,operon-adjacent (synteny)
OG00100,OG01920,15,operon-adjacent (synteny)
OG00808,OG03100,15,operon-adjacent (synteny)
OG00806,OG01685,15,operon-adjacent (synteny)
OG01283,OG01512,15,operon-adjacent (synteny)
OG02103,OG02691,15,operon-adjacent (synteny)
OG00749,OG03991,15,operon-adjacent (synteny)
OG02109,OG02591,15,operon-adjacent (synteny)
OG02324,OG02324,15,operon-adjacent (synteny)
OG00075,OG01266,15,operon-adjacent (synteny)
OG00771,OG01519,15,operon-adjacent (synteny)
OG00725,OG00759,15,operon-adjacent (synteny)
OG00446,OG02434,15,operon-adjacent (synteny)
OG00070,OG02161,14,operon-adjacent (synteny)
OG00180,OG00410,14,operon-adjacent (synteny)
OG05068,OG05192,14,operon-adjacent (synteny)
OG04454,OG04759,14,operon-adjacent (synteny)
OG04912,OG05087,14,operon-adjacent (synteny)
OG02076,OG02203,14,operon-adjacent (synteny)
OG04914,OG10683,14,operon-adjacent (synteny)
OG00566,OG01838,14,operon-adjacent (synteny)
OG01915,OG01947,14,operon-adjacent (synteny)
OG00524,OG01805,14,operon-adjacent (synteny)
OG01916,OG02206,14,operon-adjacent (synteny)
OG00975,OG02267,14,operon-adjacent (synteny)
OG00589,OG01485,14,operon-adjacent (synteny)
OG00019,OG01439,14,operon-adjacent (synteny)
OG00019,OG00074,14,operon-adjacent (synteny)
OG01744,OG04157,14,operon-adjacent (synteny)
OG01862,OG02018,14,operon-adjacent (synteny)
OG00366,OG01738,14,operon-adjacent (synteny)
OG00101,OG00928,14,operon-adjacent (synteny)
OG01688,OG01915,14,operon-adjacent (synteny)
OG02665,OG03028,14,operon-adjacent (synteny)
OG00019,OG00036,14,operon-adjacent (synteny)
OG00128,OG00265,14,operon-adjacent (synteny)
OG00194,OG04858,14,operon-adjacent (synteny)
OG00305,OG00559,14,operon-adjacent (synteny)
OG00045,OG00055,14,operon-adjacent (synteny)
OG00807,OG00807,14,operon-adjacent (synteny)
OG01859,OG02964,14,operon-adjacent (synteny)
OG00650,OG02404,14,operon-adjacent (synteny)
OG04342,OG04393,14,operon-adjacent (synteny)
OG01705,OG03010,14,operon-adjacent (synteny)
OG02267,OG03178,14,operon-adjacent (synteny)
OG00338,OG00523,14,operon-adjacent (synteny)
OG00337,OG02674,14,operon-adjacent (synteny)
OG00143,OG01294,14,operon-adjacent (synteny)
OG02324,OG02926,14,operon-adjacent (synteny)
OG00451,OG01899,14,operon-adjacent (synteny)
OG00019,OG03269,14,operon-adjacent (synteny)
OG01256,OG04753,14,operon-adjacent (synteny)
OG00459,OG00598,14,operon-adjacent (synteny)
OG00608,OG01856,14,operon-adjacent (synteny)
OG00866,OG02659,14,operon-adjacent (synteny)
OG00212,OG01577,14,operon-adjacent (synteny)
OG00034,OG00352,14,operon-adjacent (synteny)
OG01937,OG03440,14,operon-adjacent (synteny)
OG00143,OG00355,14,operon-adjacent (synteny)
OG00055,OG00194,14,operon-adjacent (synteny)
OG01988,OG02642,14,operon-adjacent (synteny)
OG00274,OG06175,14,operon-adjacent (synteny)
OG00339,OG00457,14,operon-adjacent (synteny)
OG02305,OG06651,14,operon-adjacent (synteny)
OG00024,OG00221,14,operon-adjacent (synteny)
OG00193,OG00400,14,operon-adjacent (synteny)
OG03722,OG06175,14,operon-adjacent (synteny)
OG06858,OG06985,14,operon-adjacent (synteny)
OG00019,OG00582,14,operon-adjacent (synteny)
OG01481,OG01506,14,operon-adjacent (synteny)
OG03348,OG06850,14,operon-adjacent (synteny)
OG00298,OG01294,14,operon-adjacent (synteny)
OG01100,OG02921,14,operon-adjacent (synteny)
OG00224,OG00975,14,operon-adjacent (synteny)
OG10584,OG10827,14,operon-adjacent (synteny)
OG10727,OG10827,14,operon-adjacent (synteny)
OG00129,OG01001,14,operon-adjacent (synteny)
OG00129,OG01822,14,operon-adjacent (synteny)
OG06728,OG06831,14,operon-adjacent (synteny)
OG01100,OG01844,14,operon-adjacent (synteny)
OG00135,OG01726,14,operon-adjacent (synteny)
OG00762,OG04225,14,operon-adjacent (synteny)
OG00014,OG06548,14,operon-adjacent (synteny)
OG00245,OG00424,14,operon-adjacent (synteny)
OG00243,OG01620,14,operon-adjacent (synteny)
OG00965,OG02349,14,operon-adjacent (synteny)
OG00059,OG00474,14,operon-adjacent (synteny)
OG00031,OG01829,14,operon-adjacent (synteny)
OG00189,OG01457,14,operon-adjacent (synteny)
OG00019,OG00426,14,operon-adjacent (synteny)
OG01463,OG01822,14,operon-adjacent (synteny)
OG00047,OG00088,14,operon-adjacent (synteny)
OG00355,OG00426,14,operon-adjacent (synteny)
OG00559,OG06217,14,operon-adjacent (synteny)
OG02240,OG03855,14,operon-adjacent (synteny)
OG05498,OG05605,14,operon-adjacent (synteny)
OG02167,OG04313,14,operon-adjacent (synteny)
OG01274,OG01364,14,operon-adjacent (synteny)
OG01663,OG03878,13,operon-adjacent (synteny)
OG00366,OG00474,13,operon-adjacent (synteny)
OG00377,OG00377,13,operon-adjacent (synteny)
OG04115,OG04258,13,operon-adjacent (synteny)
OG00151,OG02583,13,operon-adjacent (synteny)
OG00156,OG00165,13,operon-adjacent (synteny)
OG03792,OG05002,13,operon-adjacent (synteny)
OG00194,OG01172,13,operon-adjacent (synteny)
OG00975,OG03389,13,operon-adjacent (synteny)
OG00067,OG11425,13,operon-adjacent (synteny)
OG01100,OG01197,13,operon-adjacent (synteny)
OG00170,OG03895,13,operon-adjacent (synteny)
OG00691,OG03437,13,operon-adjacent (synteny)
OG01136,OG01176,13,operon-adjacent (synteny)
OG00501,OG00775,13,operon-adjacent (synteny)
OG00932,OG01540,13,operon-adjacent (synteny)
OG00195,OG01015,13,operon-adjacent (synteny)
OG01829,OG01883,13,operon-adjacent (synteny)
OG00669,OG00771,13,operon-adjacent (synteny)
OG00020,OG00556,13,operon-adjacent (synteny)
OG00019,OG01086,13,operon-adjacent (synteny)
OG00255,OG01052,13,operon-adjacent (synteny)
OG00946,OG02410,13,operon-adjacent (synteny)
OG00462,OG02458,13,operon-adjacent (synteny)
OG01016,OG02333,13,operon-adjacent (synteny)
OG00176,OG01351,13,operon-adjacent (synteny)
OG00566,OG00737,13,operon-adjacent (synteny)
OG01041,OG01997,13,operon-adjacent (synteny)
OG00650,OG01780,13,operon-adjacent (synteny)
OG00019,OG00079,13,operon-adjacent (synteny)
OG00690,OG01713,13,operon-adjacent (synteny)
OG00019,OG00128,13,operon-adjacent (synteny)
OG00426,OG05004,13,operon-adjacent (synteny)
OG01863,OG05832,13,operon-adjacent (synteny)
OG01908,OG02960,13,operon-adjacent (synteny)
OG00195,OG01674,13,operon-adjacent (synteny)
OG02979,OG03720,13,operon-adjacent (synteny)
OG01801,OG02678,13,operon-adjacent (synteny)
OG04133,OG04389,13,operon-adjacent (synteny)
OG00265,OG00474,13,operon-adjacent (synteny)
OG04258,OG04634,13,operon-adjacent (synteny)
OG00214,OG00707,13,operon-adjacent (synteny)
OG00013,OG01856,13,operon-adjacent (synteny)
OG00299,OG04690,13,operon-adjacent (synteny)
OG02934,OG02979,13,operon-adjacent (synteny)
OG00975,OG01906,13,operon-adjacent (synteny)
OG00245,OG05958,13,operon-adjacent (synteny)
OG00128,OG00684,13,operon-adjacent (synteny)
OG01100,OG01672,13,operon-adjacent (synteny)
OG00013,OG03023,13,operon-adjacent (synteny)
OG00992,OG03287,13,operon-adjacent (synteny)
OG01188,OG01464,13,operon-adjacent (synteny)
OG02059,OG02085,13,operon-adjacent (synteny)
OG02050,OG02071,13,operon-adjacent (synteny)
OG02058,OG02495,13,operon-adjacent (synteny)
OG01181,OG02050,13,operon-adjacent (synteny)
OG00194,OG00352,13,operon-adjacent (synteny)
OG01226,OG01414,13,operon-adjacent (synteny)
OG00085,OG01377,13,operon-adjacent (synteny)
OG00143,OG00641,13,operon-adjacent (synteny)
OG03192,OG03720,13,operon-adjacent (synteny)
OG03296,OG03759,13,operon-adjacent (synteny)
OG02408,OG02743,13,operon-adjacent (synteny)
OG00290,OG02481,13,operon-adjacent (synteny)
OG01518,OG06548,13,operon-adjacent (synteny)
OG01540,OG04884,13,operon-adjacent (synteny)
OG06688,OG11425,13,operon-adjacent (synteny)
OG00949,OG01329,13,operon-adjacent (synteny)
OG00960,OG11279,13,operon-adjacent (synteny)
OG01406,OG01478,13,operon-adjacent (synteny)
OG00013,OG04008,13,operon-adjacent (synteny)
OG01089,OG01423,13,operon-adjacent (synteny)
OG00019,OG01588,13,operon-adjacent (synteny)
OG00545,OG02061,13,operon-adjacent (synteny)
OG00532,OG01571,13,operon-adjacent (synteny)
OG01992,OG02738,13,operon-adjacent (synteny)
OG02007,OG02627,13,operon-adjacent (synteny)
OG03360,OG03876,13,operon-adjacent (synteny)
OG06767,OG06920,13,operon-adjacent (synteny)
OG00019,OG00752,13,operon-adjacent (synteny)
OG00019,OG00729,13,operon-adjacent (synteny)
OG00774,OG01850,13,operon-adjacent (synteny)
OG02039,OG02307,13,operon-adjacent (synteny)
OG01010,OG04888,13,operon-adjacent (synteny)
OG00474,OG04690,13,operon-adjacent (synteny)
OG00071,OG01701,13,operon-adjacent (synteny)
OG00634,OG00667,13,operon-adjacent (synteny)
OG00143,OG00960,13,operon-adjacent (synteny)
OG01477,OG02277,13,operon-adjacent (synteny)
OG00143,OG03381,13,operon-adjacent (synteny)
OG00856,OG01999,13,operon-adjacent (synteny)
OG00711,OG01509,13,operon-adjacent (synteny)
OG00192,OG04731,13,operon-adjacent (synteny)
OG00019,OG00779,13,operon-adjacent (synteny)
OG01190,OG03192,13,operon-adjacent (synteny)
OG00188,OG02266,13,operon-adjacent (synteny)
OG00168,OG02656,13,operon-adjacent (synteny)
OG00909,OG06695,13,operon-adjacent (synteny)
OG00445,OG01124,13,operon-adjacent (synteny)
OG02684,OG02766,13,operon-adjacent (synteny)
OG00047,OG00688,13,operon-adjacent (synteny)
OG00167,OG01502,13,operon-adjacent (synteny)
OG00916,OG07042,13,operon-adjacent (synteny)
OG00909,OG04914,13,operon-adjacent (synteny)
OG00329,OG00711,13,operon-adjacent (synteny)
OG00368,OG01329,13,operon-adjacent (synteny)
OG02545,OG04469,13,operon-adjacent (synteny)
OG02587,OG02766,13,operon-adjacent (synteny)
OG02211,OG02268,13,operon-adjacent (synteny)
OG00355,OG00355,13,operon-adjacent (synteny)
OG02165,OG02939,13,operon-adjacent (synteny)
OG02264,OG02465,13,operon-adjacent (synteny)
OG01090,OG03120,13,operon-adjacent (synteny)
OG05296,OG06022,13,operon-adjacent (synteny)
OG01289,OG03171,13,operon-adjacent (synteny)
OG05073,OG05075,12,operon-adjacent (synteny)
OG00019,OG02029,12,operon-adjacent (synteny)
OG00019,OG02036,12,operon-adjacent (synteny)
OG01281,OG01359,12,operon-adjacent (synteny)
OG00922,OG10626,12,operon-adjacent (synteny)
OG00231,OG00435,12,operon-adjacent (synteny)
OG01067,OG02764,12,operon-adjacent (synteny)
OG00071,OG06746,12,operon-adjacent (synteny)
OG02627,OG02642,12,operon-adjacent (synteny)
OG00053,OG00224,12,operon-adjacent (synteny)
OG00047,OG01283,12,operon-adjacent (synteny)
OG00046,OG01868,12,operon-adjacent (synteny)
OG00102,OG01132,12,operon-adjacent (synteny)
OG00168,OG03799,12,operon-adjacent (synteny)
OG01353,OG01825,12,operon-adjacent (synteny)
OG00920,OG05004,12,operon-adjacent (synteny)
OG00922,OG01240,12,operon-adjacent (synteny)
OG01306,OG02451,12,operon-adjacent (synteny)
OG01306,OG06824,12,operon-adjacent (synteny)
OG00559,OG01762,12,operon-adjacent (synteny)
OG00555,OG04008,12,operon-adjacent (synteny)
OG01270,OG01413,12,operon-adjacent (synteny)
OG00064,OG00916,12,operon-adjacent (synteny)
OG11282,OG11747,12,operon-adjacent (synteny)
OG11282,OG12643,12,operon-adjacent (synteny)
OG00447,OG09239,12,operon-adjacent (synteny)
OG00007,OG00123,12,operon-adjacent (synteny)
OG01071,OG05349,12,operon-adjacent (synteny)
OG00230,OG00885,12,operon-adjacent (synteny)
OG00143,OG01192,12,operon-adjacent (synteny)
OG01512,OG04928,12,operon-adjacent (synteny)
OG00032,OG00074,12,operon-adjacent (synteny)
OG02329,OG02537,12,operon-adjacent (synteny)
OG02356,OG02515,12,operon-adjacent (synteny)
OG01989,OG11275,12,operon-adjacent (synteny)
OG00952,OG01578,12,operon-adjacent (synteny)
OG00148,OG04319,12,operon-adjacent (synteny)
OG00143,OG04435,12,operon-adjacent (synteny)
OG01463,OG02908,12,operon-adjacent (synteny)
OG03453,OG03671,12,operon-adjacent (synteny)
OG03628,OG03808,12,operon-adjacent (synteny)
OG00282,OG02698,12,operon-adjacent (synteny)
OG01190,OG01541,12,operon-adjacent (synteny)
OG01190,OG01240,12,operon-adjacent (synteny)
OG00779,OG00779,12,operon-adjacent (synteny)
OG00342,OG00378,12,operon-adjacent (synteny)
OG00059,OG00143,12,operon-adjacent (synteny)
OG02065,OG02795,12,operon-adjacent (synteny)
OG01231,OG08490,12,operon-adjacent (synteny)
OG01217,OG03832,12,operon-adjacent (synteny)
OG03672,OG03719,12,operon-adjacent (synteny)
OG03675,OG04074,12,operon-adjacent (synteny)
OG00151,OG00189,12,operon-adjacent (synteny)
OG00019,OG00380,12,operon-adjacent (synteny)
OG00019,OG00348,12,operon-adjacent (synteny)
OG00193,OG01852,12,operon-adjacent (synteny)
OG00143,OG00565,12,operon-adjacent (synteny)
OG03068,OG03216,12,operon-adjacent (synteny)
OG03058,OG12579,12,operon-adjacent (synteny)
OG02412,OG06217,12,operon-adjacent (synteny)
OG01948,OG07037,12,operon-adjacent (synteny)
OG03269,OG03790,12,operon-adjacent (synteny)
OG00613,OG02597,12,operon-adjacent (synteny)
OG01491,OG06901,12,operon-adjacent (synteny)
OG00975,OG07037,12,operon-adjacent (synteny)
OG00831,OG01248,12,operon-adjacent (synteny)
OG00130,OG02003,12,operon-adjacent (synteny)
OG00128,OG01764,12,operon-adjacent (synteny)
OG02497,OG11275,12,operon-adjacent (synteny)
OG02497,OG11747,12,operon-adjacent (synteny)
OG00326,OG03270,12,operon-adjacent (synteny)
OG00783,OG01564,12,operon-adjacent (synteny)
OG00214,OG00581,12,operon-adjacent (synteny)
OG00491,OG02470,12,operon-adjacent (synteny)
OG00194,OG03729,12,operon-adjacent (synteny)
OG00194,OG02551,12,operon-adjacent (synteny)
OG00639,OG01415,12,operon-adjacent (synteny)
OG02936,OG03074,12,operon-adjacent (synteny)
OG06688,OG11195,12,operon-adjacent (synteny)
OG03884,OG03959,12,operon-adjacent (synteny)
OG00893,OG03437,12,operon-adjacent (synteny)
OG00888,OG02716,12,operon-adjacent (synteny)
OG00189,OG00779,12,operon-adjacent (synteny)
OG00019,OG01794,12,operon-adjacent (synteny)
OG00767,OG04957,12,operon-adjacent (synteny)
OG01073,OG01340,12,operon-adjacent (synteny)
OG01002,OG01158,12,operon-adjacent (synteny)
OG00218,OG01952,12,operon-adjacent (synteny)
OG03989,OG04037,12,operon-adjacent (synteny)
OG03949,OG12579,12,operon-adjacent (synteny)
OG01684,OG03140,12,operon-adjacent (synteny)
OG00375,OG00468,12,operon-adjacent (synteny)
OG02696,OG03172,12,operon-adjacent (synteny)
OG01178,OG02958,12,operon-adjacent (synteny)
OG00305,OG00435,12,operon-adjacent (synteny)
OG00123,OG03150,12,operon-adjacent (synteny)
OG00364,OG02962,12,operon-adjacent (synteny)
OG00053,OG00075,12,operon-adjacent (synteny)
OG01921,OG06808,12,operon-adjacent (synteny)
OG02884,OG02900,12,operon-adjacent (synteny)
OG00129,OG02908,12,operon-adjacent (synteny)
OG00519,OG00519,12,operon-adjacent (synteny)
OG00428,OG01694,12,operon-adjacent (synteny)
OG00810,OG01175,12,operon-adjacent (synteny)
OG00101,OG08464,12,operon-adjacent (synteny)
OG00109,OG01076,12,operon-adjacent (synteny)
OG01699,OG02679,12,operon-adjacent (synteny)
OG01105,OG02225,12,operon-adjacent (synteny)
OG01109,OG01541,12,operon-adjacent (synteny)
OG01673,OG02451,12,operon-adjacent (synteny)
OG00121,OG01901,12,operon-adjacent (synteny)
OG02805,OG02994,12,operon-adjacent (synteny)
OG02850,OG06091,12,operon-adjacent (synteny)
OG01217,OG03415,12,operon-adjacent (synteny)
OG01249,OG02712,12,operon-adjacent (synteny)
OG01239,OG02352,12,operon-adjacent (synteny)
OG00568,OG02310,12,operon-adjacent (synteny)
OG00019,OG05108,12,operon-adjacent (synteny)
OG01337,OG02738,12,operon-adjacent (synteny)
OG02305,OG02559,12,operon-adjacent (synteny)
OG00762,OG01240,12,operon-adjacent (synteny)
OG00352,OG00975,12,operon-adjacent (synteny)
OG00417,OG10481,12,operon-adjacent (synteny)
OG00170,OG01597,12,operon-adjacent (synteny)
OG00070,OG01702,12,operon-adjacent (synteny)
OG02072,OG02385,11,operon-adjacent (synteny)
OG02007,OG02033,11,operon-adjacent (synteny)
OG01332,OG02315,11,operon-adjacent (synteny)
OG00412,OG06971,11,operon-adjacent (synteny)
OG00413,OG01340,11,operon-adjacent (synteny)
OG05134,OG12003,11,operon-adjacent (synteny)
OG00171,OG14441,11,operon-adjacent (synteny)
OG00569,OG03790,11,operon-adjacent (synteny)
OG00256,OG02610,11,operon-adjacent (synteny)
OG00566,OG03150,11,operon-adjacent (synteny)
OG02003,OG07075,11,operon-adjacent (synteny)
OG00079,OG02076,11,operon-adjacent (synteny)
OG01987,OG06049,11,operon-adjacent (synteny)
OG02340,OG02624,11,operon-adjacent (synteny)
OG00256,OG06967,11,operon-adjacent (synteny)
OG00074,OG11725,11,operon-adjacent (synteny)
OG00143,OG06870,11,operon-adjacent (synteny)
OG01465,OG03333,11,operon-adjacent (synteny)
OG00151,OG04852,11,operon-adjacent (synteny)
OG00703,OG02466,11,operon-adjacent (synteny)
OG00585,OG05274,11,operon-adjacent (synteny)
OG04285,OG04358,11,operon-adjacent (synteny)
OG00153,OG01075,11,operon-adjacent (synteny)
OG00155,OG06022,11,operon-adjacent (synteny)
OG00893,OG01045,11,operon-adjacent (synteny)
OG00054,OG01541,11,operon-adjacent (synteny)
OG00098,OG00357,11,operon-adjacent (synteny)
OG00098,OG03697,11,operon-adjacent (synteny)
OG00919,OG01758,11,operon-adjacent (synteny)
OG02432,OG03575,11,operon-adjacent (synteny)
OG00906,OG03287,11,operon-adjacent (synteny)
OG01331,OG01632,11,operon-adjacent (synteny)
OG01380,OG02770,11,operon-adjacent (synteny)
OG00743,OG02013,11,operon-adjacent (synteny)
OG00968,OG03093,11,operon-adjacent (synteny)
OG01178,OG04460,11,operon-adjacent (synteny)
OG00975,OG02351,11,operon-adjacent (synteny)
OG00192,OG00582,11,operon-adjacent (synteny)
OG00949,OG01917,11,operon-adjacent (synteny)
OG01997,OG06495,11,operon-adjacent (synteny)
OG01195,OG01873,11,operon-adjacent (synteny)
OG00019,OG01390,11,operon-adjacent (synteny)
OG00189,OG01295,11,operon-adjacent (synteny)
OG00965,OG05863,11,operon-adjacent (synteny)
OG00971,OG01521,11,operon-adjacent (synteny)
OG01189,OG01398,11,operon-adjacent (synteny)
OG01190,OG02229,11,operon-adjacent (synteny)
OG00019,OG01126,11,operon-adjacent (synteny)
OG02312,OG02312,11,operon-adjacent (synteny)
OG00019,OG03139,11,operon-adjacent (synteny)
OG05303,OG07031,11,operon-adjacent (synteny)
OG05296,OG06981,11,operon-adjacent (synteny)
OG00178,OG01780,11,operon-adjacent (synteny)
OG05266,OG05909,11,operon-adjacent (synteny)
OG00361,OG01439,11,operon-adjacent (synteny)
OG00925,OG01435,11,operon-adjacent (synteny)
OG05770,OG05909,11,operon-adjacent (synteny)
OG02040,OG02644,11,operon-adjacent (synteny)
OG00343,OG02540,11,operon-adjacent (synteny)
OG01217,OG03002,11,operon-adjacent (synteny)
OG01240,OG10626,11,operon-adjacent (synteny)
OG01255,OG04422,11,operon-adjacent (synteny)
OG05906,OG07015,11,operon-adjacent (synteny)
OG00019,OG01396,11,operon-adjacent (synteny)
OG01234,OG07090,11,operon-adjacent (synteny)
OG00720,OG00954,11,operon-adjacent (synteny)
OG00691,OG00804,11,operon-adjacent (synteny)
OG02923,OG03082,11,operon-adjacent (synteny)
OG01722,OG02205,11,operon-adjacent (synteny)
OG00050,OG01328,11,operon-adjacent (synteny)
OG00101,OG02365,11,operon-adjacent (synteny)
OG02958,OG03244,11,operon-adjacent (synteny)
OG00040,OG01593,11,operon-adjacent (synteny)
OG01635,OG11195,11,operon-adjacent (synteny)
OG02934,OG03628,11,operon-adjacent (synteny)
OG00036,OG00143,11,operon-adjacent (synteny)
OG00313,OG05906,11,operon-adjacent (synteny)
OG00101,OG07058,11,operon-adjacent (synteny)
OG00388,OG05733,11,operon-adjacent (synteny)
OG00666,OG04858,11,operon-adjacent (synteny)
OG01707,OG05091,11,operon-adjacent (synteny)
OG01443,OG05707,11,operon-adjacent (synteny)
OG02745,OG04167,11,operon-adjacent (synteny)
OG00045,OG01160,11,operon-adjacent (synteny)
OG01723,OG04732,11,operon-adjacent (synteny)
OG02757,OG06266,11,operon-adjacent (synteny)
OG02758,OG06795,11,operon-adjacent (synteny)
OG00071,OG02351,11,operon-adjacent (synteny)
OG01742,OG02730,11,operon-adjacent (synteny)
OG01707,OG06337,11,operon-adjacent (synteny)
OG01038,OG03790,11,operon-adjacent (synteny)
OG00806,OG01703,11,operon-adjacent (synteny)
OG00121,OG02667,11,operon-adjacent (synteny)
OG02793,OG03959,11,operon-adjacent (synteny)
OG00834,OG03563,11,operon-adjacent (synteny)
OG01674,OG02139,11,operon-adjacent (synteny)
OG01101,OG02921,11,operon-adjacent (synteny)
OG00112,OG00172,11,operon-adjacent (synteny)
OG01683,OG02073,11,operon-adjacent (synteny)
OG00605,OG00605,11,operon-adjacent (synteny)
OG01861,OG02607,11,operon-adjacent (synteny)
OG00616,OG04065,11,operon-adjacent (synteny)
OG00143,OG01069,11,operon-adjacent (synteny)
OG00143,OG09038,11,operon-adjacent (synteny)
OG01478,OG07000,11,operon-adjacent (synteny)
OG03304,OG03453,11,operon-adjacent (synteny)
OG03049,OG03892,11,operon-adjacent (synteny)
OG01391,OG11230,11,operon-adjacent (synteny)
OG00793,OG02443,11,operon-adjacent (synteny)
OG03735,OG05697,11,operon-adjacent (synteny)
OG03523,OG03949,11,operon-adjacent (synteny)
OG01400,OG01679,11,operon-adjacent (synteny)
OG01421,OG04422,11,operon-adjacent (synteny)
OG00282,OG07010,11,operon-adjacent (synteny)
OG01465,OG01465,11,operon-adjacent (synteny)
OG03747,OG03808,11,operon-adjacent (synteny)
OG00299,OG00821,11,operon-adjacent (synteny)
OG01578,OG01811,11,operon-adjacent (synteny)
OG01550,OG02390,11,operon-adjacent (synteny)
OG00816,OG05368,11,operon-adjacent (synteny)
OG00032,OG03294,11,operon-adjacent (synteny)
OG01550,OG06798,11,operon-adjacent (synteny)
OG00138,OG01711,11,operon-adjacent (synteny)
OG00603,OG10653,11,operon-adjacent (synteny)
OG03162,OG04912,11,operon-adjacent (synteny)
OG00290,OG00629,11,operon-adjacent (synteny)
OG00138,OG05219,11,operon-adjacent (synteny)
OG01526,OG02196,11,operon-adjacent (synteny)
OG00143,OG00711,11,operon-adjacent (synteny)
OG00856,OG01590,11,operon-adjacent (synteny)
OG00143,OG01150,11,operon-adjacent (synteny)
OG00863,OG00900,11,operon-adjacent (synteny)
OG00034,OG00148,11,operon-adjacent (synteny)
OG00718,OG00991,11,operon-adjacent (synteny)
OG00019,OG00353,11,operon-adjacent (synteny)
OG02169,OG02682,11,operon-adjacent (synteny)
OG01157,OG02259,11,operon-adjacent (synteny)
OG00459,OG03984,11,operon-adjacent (synteny)
OG00019,OG00188,11,operon-adjacent (synteny)
OG01158,OG02767,11,operon-adjacent (synteny)
OG00074,OG00174,11,operon-adjacent (synteny)
OG00017,OG01683,11,operon-adjacent (synteny)
OG00724,OG02170,11,operon-adjacent (synteny)
OG11230,OG11480,11,operon-adjacent (synteny)
OG01076,OG10596,11,operon-adjacent (synteny)
OG00520,OG02127,11,operon-adjacent (synteny)
OG00434,OG02027,11,operon-adjacent (synteny)
OG00519,OG03697,11,operon-adjacent (synteny)
OG00357,OG01764,11,operon-adjacent (synteny)
OG00247,OG02197,11,operon-adjacent (synteny)
OG11664,OG11890,11,operon-adjacent (synteny)
OG00735,OG01059,11,operon-adjacent (synteny)
OG00453,OG04791,11,operon-adjacent (synteny)
OG02230,OG03709,11,operon-adjacent (synteny)
OG00986,OG10481,11,operon-adjacent (synteny)
OG00245,OG01046,11,operon-adjacent (synteny)
OG00725,OG01224,11,operon-adjacent (synteny)
OG00431,OG07015,11,operon-adjacent (synteny)
OG01001,OG04242,11,operon-adjacent (synteny)
OG02267,OG03389,11,operon-adjacent (synteny)
OG00004,OG02502,11,operon-adjacent (synteny)
OG01135,OG01149,11,operon-adjacent (synteny)
OG01149,OG01762,11,operon-adjacent (synteny)
OG00019,OG00093,11,operon-adjacent (synteny)
OG01170,OG01200,11,operon-adjacent (synteny)
OG00005,OG00019,11,operon-adjacent (synteny)
OG01200,OG06775,11,operon-adjacent (synteny)
OG01183,OG01285,11,operon-adjacent (synteny)
OG00975,OG01850,11,operon-adjacent (synteny)
OG00003,OG05973,11,operon-adjacent (synteny)
OG01200,OG02770,11,operon-adjacent (synteny)
OG00355,OG01253,11,operon-adjacent (synteny)
OG00695,OG03861,10,operon-adjacent (synteny)
OG00692,OG06873,10,operon-adjacent (synteny)
OG00099,OG03236,10,operon-adjacent (synteny)
OG00370,OG00370,10,operon-adjacent (synteny)
OG00053,OG00143,10,operon-adjacent (synteny)
OG02554,OG11573,10,operon-adjacent (synteny)
OG02530,OG09408,10,operon-adjacent (synteny)
OG01072,OG01684,10,operon-adjacent (synteny)
OG00694,OG00866,10,operon-adjacent (synteny)
OG01518,OG11351,10,operon-adjacent (synteny)
OG01520,OG02150,10,operon-adjacent (synteny)
OG01071,OG06068,10,operon-adjacent (synteny)
OG00391,OG02730,10,operon-adjacent (synteny)
OG01504,OG07090,10,operon-adjacent (synteny)
OG02760,OG03732,10,operon-adjacent (synteny)
OG01854,OG03343,10,operon-adjacent (synteny)
OG00135,OG09831,10,operon-adjacent (synteny)
OG00485,OG01137,10,operon-adjacent (synteny)
OG00003,OG06798,10,operon-adjacent (synteny)
OG00143,OG00305,10,operon-adjacent (synteny)
OG01563,OG03108,10,operon-adjacent (synteny)
OG00299,OG00299,10,operon-adjacent (synteny)
OG00052,OG00290,10,operon-adjacent (synteny)
OG00843,OG01332,10,operon-adjacent (synteny)
OG02196,OG12975,10,operon-adjacent (synteny)
OG00299,OG00988,10,operon-adjacent (synteny)
OG01007,OG11740,10,operon-adjacent (synteny)
OG00636,OG05007,10,operon-adjacent (synteny)
OG11438,OG11606,10,operon-adjacent (synteny)
OG01597,OG02414,10,operon-adjacent (synteny)
OG00330,OG00529,10,operon-adjacent (synteny)
OG01582,OG01592,10,operon-adjacent (synteny)
OG01589,OG04153,10,operon-adjacent (synteny)
OG11337,OG14548,10,operon-adjacent (synteny)
OG01856,OG02727,10,operon-adjacent (synteny)
OG01855,OG01935,10,operon-adjacent (synteny)
OG01859,OG04255,10,operon-adjacent (synteny)
OG01849,OG06784,10,operon-adjacent (synteny)
OG00329,OG01102,10,operon-adjacent (synteny)
OG01063,OG11604,10,operon-adjacent (synteny)
OG00393,OG01608,10,operon-adjacent (synteny)
OG00393,OG00741,10,operon-adjacent (synteny)
OG01582,OG09211,10,operon-adjacent (synteny)
OG00143,OG11301,10,operon-adjacent (synteny)
OG01150,OG01192,10,operon-adjacent (synteny)
OG11185,OG11456,10,operon-adjacent (synteny)
OG00209,OG00209,10,operon-adjacent (synteny)
OG03569,OG11719,10,operon-adjacent (synteny)
OG00392,OG02736,10,operon-adjacent (synteny)
OG02750,OG03108,10,operon-adjacent (synteny)
OG00392,OG00987,10,operon-adjacent (synteny)
OG00391,OG02443,10,operon-adjacent (synteny)
OG00391,OG01742,10,operon-adjacent (synteny)
OG00629,OG11619,10,operon-adjacent (synteny)
OG00071,OG03023,10,operon-adjacent (synteny)
OG00128,OG00143,10,operon-adjacent (synteny)
OG03296,OG03953,10,operon-adjacent (synteny)
OG00019,OG00231,10,operon-adjacent (synteny)
OG03635,OG06830,10,operon-adjacent (synteny)
OG03748,OG03955,10,operon-adjacent (synteny)
OG01398,OG01741,10,operon-adjacent (synteny)
OG01398,OG02301,10,operon-adjacent (synteny)
OG01133,OG01475,10,operon-adjacent (synteny)
OG03739,OG11293,10,operon-adjacent (synteny)
OG00676,OG02476,10,operon-adjacent (synteny)
OG00146,OG01632,10,operon-adjacent (synteny)
OG00032,OG00143,10,operon-adjacent (synteny)
OG00134,OG01852,10,operon-adjacent (synteny)
OG01741,OG02656,10,operon-adjacent (synteny)
OG00236,OG01264,10,operon-adjacent (synteny)
OG00045,OG04064,10,operon-adjacent (synteny)
OG00863,OG00976,10,operon-adjacent (synteny)
OG02193,OG05740,10,operon-adjacent (synteny)
OG00503,OG03498,10,operon-adjacent (synteny)
OG00602,OG01637,10,operon-adjacent (synteny)
OG00045,OG03357,10,operon-adjacent (synteny)
OG00095,OG00156,10,operon-adjacent (synteny)
OG01913,OG03579,10,operon-adjacent (synteny)
OG02757,OG11266,10,operon-adjacent (synteny)
OG03373,OG14601,10,operon-adjacent (synteny)
OG03389,OG03389,10,operon-adjacent (synteny)
OG00032,OG00326,10,operon-adjacent (synteny)
OG00870,OG01368,10,operon-adjacent (synteny)
OG00863,OG03091,10,operon-adjacent (synteny)
OG00028,OG00079,10,operon-adjacent (synteny)
OG00027,OG11626,10,operon-adjacent (synteny)
OG00869,OG02261,10,operon-adjacent (synteny)
OG02832,OG04606,10,operon-adjacent (synteny)
OG01508,OG01726,10,operon-adjacent (synteny)
OG01151,OG06396,10,operon-adjacent (synteny)
OG03294,OG03584,10,operon-adjacent (synteny)
OG01151,OG03264,10,operon-adjacent (synteny)
OG00222,OG00655,10,operon-adjacent (synteny)
OG01665,OG02332,10,operon-adjacent (synteny)
OG01653,OG01978,10,operon-adjacent (synteny)
OG00119,OG00192,10,operon-adjacent (synteny)
OG00830,OG01479,10,operon-adjacent (synteny)
OG02797,OG07088,10,operon-adjacent (synteny)
OG00828,OG01135,10,operon-adjacent (synteny)
OG14548,OG14614,10,operon-adjacent (synteny)
OG00381,OG02003,10,operon-adjacent (synteny)
OG00810,OG00961,10,operon-adjacent (synteny)
OG02682,OG03060,10,operon-adjacent (synteny)
OG02195,OG05002,10,operon-adjacent (synteny)
OG00019,OG00067,10,operon-adjacent (synteny)
OG09189,OG09265,10,operon-adjacent (synteny)
OG00381,OG02059,10,operon-adjacent (synteny)
OG00651,OG02598,10,operon-adjacent (synteny)
OG00387,OG00825,10,operon-adjacent (synteny)
OG00215,OG00563,10,operon-adjacent (synteny)
OG01794,OG14553,10,operon-adjacent (synteny)
OG00210,OG11662,10,operon-adjacent (synteny)
OG01091,OG01987,10,operon-adjacent (synteny)
OG00815,OG01211,10,operon-adjacent (synteny)
OG00019,OG00061,10,operon-adjacent (synteny)
OG01057,OG01057,10,operon-adjacent (synteny)
OG01031,OG01411,10,operon-adjacent (synteny)
OG01063,OG02750,10,operon-adjacent (synteny)
OG02198,OG11314,10,operon-adjacent (synteny)
OG00071,OG01025,10,operon-adjacent (synteny)
OG01049,OG03095,10,operon-adjacent (synteny)
OG00811,OG08240,10,operon-adjacent (synteny)
OG00003,OG00926,10,operon-adjacent (synteny)
OG00807,OG01809,10,operon-adjacent (synteny)
OG02610,OG06967,10,operon-adjacent (synteny)
OG01764,OG11473,10,operon-adjacent (synteny)
OG00650,OG03524,10,operon-adjacent (synteny)
OG11482,OG11565,10,operon-adjacent (synteny)
OG01756,OG07074,10,operon-adjacent (synteny)
OG00837,OG11170,10,operon-adjacent (synteny)
OG00313,OG00368,10,operon-adjacent (synteny)
OG01027,OG04732,10,operon-adjacent (synteny)
OG01029,OG06388,10,operon-adjacent (synteny)
OG02792,OG03348,10,operon-adjacent (synteny)
OG00301,OG01190,10,operon-adjacent (synteny)
OG00224,OG00419,10,operon-adjacent (synteny)
OG00003,OG02616,10,operon-adjacent (synteny)
OG00839,OG01794,10,operon-adjacent (synteny)
OG02664,OG11305,10,operon-adjacent (synteny)
OG00381,OG09263,10,operon-adjacent (synteny)
OG00128,OG02035,10,operon-adjacent (synteny)
OG00667,OG14607,10,operon-adjacent (synteny)
OG00835,OG01175,10,operon-adjacent (synteny)
OG01810,OG03900,10,operon-adjacent (synteny)
OG00049,OG00968,10,operon-adjacent (synteny)
OG01820,OG11674,10,operon-adjacent (synteny)
OG01819,OG02176,10,operon-adjacent (synteny)
OG02576,OG11598,10,operon-adjacent (synteny)
OG03174,OG11730,10,operon-adjacent (synteny)
OG01044,OG02111,10,operon-adjacent (synteny)
OG00816,OG11497,10,operon-adjacent (synteny)
OG00297,OG00502,10,operon-adjacent (synteny)
OG00002,OG02078,10,operon-adjacent (synteny)
OG00295,OG01458,10,operon-adjacent (synteny)
OG00842,OG01475,10,operon-adjacent (synteny)
OG00003,OG02790,10,operon-adjacent (synteny)
OG01590,OG06802,10,operon-adjacent (synteny)
OG01589,OG04372,10,operon-adjacent (synteny)
OG01534,OG02736,10,operon-adjacent (synteny)
OG03103,OG03849,10,operon-adjacent (synteny)
OG00010,OG01005,10,operon-adjacent (synteny)
OG00131,OG00606,10,operon-adjacent (synteny)
OG00071,OG03944,10,operon-adjacent (synteny)
OG00821,OG01233,10,operon-adjacent (synteny)
OG01693,OG01693,10,operon-adjacent (synteny)
OG08911,OG09265,10,operon-adjacent (synteny)
OG03001,OG03914,10,operon-adjacent (synteny)
OG01701,OG03627,10,operon-adjacent (synteny)
OG00034,OG02503,10,operon-adjacent (synteny)
OG00387,OG02452,10,operon-adjacent (synteny)
OG00135,OG02981,10,operon-adjacent (synteny)
OG01714,OG03074,10,operon-adjacent (synteny)
OG00391,OG01215,10,operon-adjacent (synteny)
OG00391,OG00793,10,operon-adjacent (synteny)
OG01723,OG01955,10,operon-adjacent (synteny)
OG02956,OG03111,10,operon-adjacent (synteny)
OG01072,OG02197,10,operon-adjacent (synteny)
OG11392,OG11456,10,operon-adjacent (synteny)
OG00668,OG02985,10,operon-adjacent (synteny)
OG02926,OG03076,10,operon-adjacent (synteny)
OG01600,OG02217,10,operon-adjacent (synteny)
OG00131,OG01190,10,operon-adjacent (synteny)
OG11392,OG11678,10,operon-adjacent (synteny)
OG00014,OG00474,10,operon-adjacent (synteny)
OG00244,OG01555,10,operon-adjacent (synteny)
OG00045,OG02719,10,operon-adjacent (synteny)
OG00128,OG00990,10,operon-adjacent (synteny)
OG04996,OG05568,10,operon-adjacent (synteny)
OG00079,OG01235,10,operon-adjacent (synteny)
OG02378,OG03104,10,operon-adjacent (synteny)
OG00361,OG01421,10,operon-adjacent (synteny)
OG00922,OG03389,10,operon-adjacent (synteny)
OG01154,OG11280,10,operon-adjacent (synteny)
OG01294,OG01919,10,operon-adjacent (synteny)
OG01292,OG03598,10,operon-adjacent (synteny)
OG00018,OG00270,10,operon-adjacent (synteny)
OG00768,OG00835,10,operon-adjacent (synteny)
OG02069,OG04070,10,operon-adjacent (synteny)
OG00275,OG02400,10,operon-adjacent (synteny)
OG02051,OG14615,10,operon-adjacent (synteny)
OG02089,OG02750,10,operon-adjacent (synteny)
OG02040,OG02181,10,operon-adjacent (synteny)
OG00945,OG02667,10,operon-adjacent (synteny)
OG00423,OG02213,10,operon-adjacent (synteny)
OG00423,OG01018,10,operon-adjacent (synteny)
OG00531,OG03057,10,operon-adjacent (synteny)
OG02142,OG02770,10,operon-adjacent (synteny)
OG02223,OG09263,10,operon-adjacent (synteny)
OG00019,OG01448,10,operon-adjacent (synteny)
OG00718,OG02012,10,operon-adjacent (synteny)
OG06858,OG14554,10,operon-adjacent (synteny)
OG02067,OG11558,10,operon-adjacent (synteny)
OG02414,OG02544,10,operon-adjacent (synteny)
OG01321,OG01663,10,operon-adjacent (synteny)
OG00166,OG11593,10,operon-adjacent (synteny)
OG02142,OG06985,10,operon-adjacent (synteny)
OG01328,OG11249,10,operon-adjacent (synteny)
OG01321,OG02353,10,operon-adjacent (synteny)
OG02314,OG04425,10,operon-adjacent (synteny)
OG00772,OG00980,10,operon-adjacent (synteny)
OG00771,OG02492,10,operon-adjacent (synteny)
OG00059,OG00367,10,operon-adjacent (synteny)
OG06954,OG11755,10,operon-adjacent (synteny)
OG00195,OG07092,10,operon-adjacent (synteny)
OG04937,OG08973,10,operon-adjacent (synteny)
OG00019,OG02111,10,operon-adjacent (synteny)
OG00019,OG00398,10,operon-adjacent (synteny)
OG06981,OG11674,10,operon-adjacent (synteny)
OG00562,OG11573,10,operon-adjacent (synteny)
OG00555,OG01133,10,operon-adjacent (synteny)
OG02022,OG06873,10,operon-adjacent (synteny)
OG01284,OG11403,10,operon-adjacent (synteny)
OG05135,OG11291,10,operon-adjacent (synteny)
OG01289,OG11436,10,operon-adjacent (synteny)
OG01284,OG01331,10,operon-adjacent (synteny)
OG05492,OG06172,10,operon-adjacent (synteny)
OG00057,OG00565,10,operon-adjacent (synteny)
OG06814,OG06940,10,operon-adjacent (synteny)
OG01171,OG06784,10,operon-adjacent (synteny)
OG05849,OG06093,10,operon-adjacent (synteny)
OG00961,OG01460,10,operon-adjacent (synteny)
OG00961,OG11395,10,operon-adjacent (synteny)
OG01198,OG01235,10,operon-adjacent (synteny)
OG06376,OG11598,10,operon-adjacent (synteny)
OG01183,OG03210,10,operon-adjacent (synteny)
OG01988,OG02777,10,operon-adjacent (synteny)
OG01988,OG02157,10,operon-adjacent (synteny)
OG02033,OG02157,10,operon-adjacent (synteny)
OG05587,OG11346,10,operon-adjacent (synteny)
OG00192,OG05070,10,operon-adjacent (synteny)
OG00019,OG01627,10,operon-adjacent (synteny)
OG00762,OG04768,10,operon-adjacent (synteny)
OG00767,OG02540,10,operon-adjacent (synteny)
OG00066,OG01402,10,operon-adjacent (synteny)
OG00975,OG04047,10,operon-adjacent (synteny)
OG01178,OG04960,10,operon-adjacent (synteny)
OG02248,OG11266,10,operon-adjacent (synteny)
OG02284,OG02365,10,operon-adjacent (synteny)
OG00245,OG03618,10,operon-adjacent (synteny)
OG02284,OG06783,10,operon-adjacent (synteny)
OG00756,OG01590,10,operon-adjacent (synteny)
OG00194,OG00524,10,operon-adjacent (synteny)
OG00019,OG02540,10,operon-adjacent (synteny)
OG00019,OG01254,10,operon-adjacent (synteny)
OG00936,OG02245,10,operon-adjacent (synteny)
OG00355,OG06761,10,operon-adjacent (synteny)
OG00361,OG01404,10,operon-adjacent (synteny)
OG00562,OG05813,10,operon-adjacent (synteny)
OG00178,OG06000,10,operon-adjacent (synteny)
OG00555,OG00762,10,operon-adjacent (synteny)
OG00554,OG02124,10,operon-adjacent (synteny)
OG02301,OG02462,10,operon-adjacent (synteny)
OG05498,OG11568,10,operon-adjacent (synteny)
OG00358,OG11700,10,operon-adjacent (synteny)
OG06678,OG13982,10,operon-adjacent (synteny)
OG06894,OG11637,10,operon-adjacent (synteny)
OG02315,OG02726,10,operon-adjacent (synteny)
OG00061,OG04939,10,operon-adjacent (synteny)
OG02085,OG03900,10,operon-adjacent (synteny)
OG02320,OG02849,10,operon-adjacent (synteny)
OG02312,OG02637,10,operon-adjacent (synteny)
OG02319,OG11280,10,operon-adjacent (synteny)
OG00533,OG00727,10,operon-adjacent (synteny)
OG06470,OG06744,10,operon-adjacent (synteny)
OG06287,OG06310,10,operon-adjacent (synteny)
OG06860,OG06901,10,operon-adjacent (synteny)
OG01264,OG04647,10,operon-adjacent (synteny)
OG01955,OG02115,10,operon-adjacent (synteny)
OG00590,OG02276,10,operon-adjacent (synteny)
OG00402,OG01116,10,operon-adjacent (synteny)
OG00434,OG00485,10,operon-adjacent (synteny)
OG00410,OG01172,10,operon-adjacent (synteny)
OG04295,OG09115,10,operon-adjacent (synteny)
OG02127,OG13516,10,operon-adjacent (synteny)
OG00407,OG01206,10,operon-adjacent (synteny)
OG00027,OG11554,10,operon-adjacent (synteny)
OG03955,OG05253,10,operon-adjacent (synteny)
OG01380,OG05980,10,operon-adjacent (synteny)
OG00091,OG07011,10,operon-adjacent (synteny)
OG00352,OG02551,10,operon-adjacent (synteny)
OG00583,OG06942,10,operon-adjacent (synteny)
OG03800,OG11557,10,operon-adjacent (synteny)
OG00599,OG01955,10,operon-adjacent (synteny)
OG00725,OG03163,10,operon-adjacent (synteny)
OG00791,OG05929,10,operon-adjacent (synteny)
OG00793,OG01478,10,operon-adjacent (synteny)
OG02165,OG02618,10,operon-adjacent (synteny)
OG02244,OG03361,10,operon-adjacent (synteny)
OG01907,OG02322,10,operon-adjacent (synteny)
OG03839,OG11695,10,operon-adjacent (synteny)
OG00027,OG00159,10,operon-adjacent (synteny)
OG00736,OG14611,10,operon-adjacent (synteny)
OG00209,OG10982,10,operon-adjacent (synteny)
OG00028,OG02443,10,operon-adjacent (synteny)
OG00028,OG01235,10,operon-adjacent (synteny)
OG00884,OG01222,10,operon-adjacent (synteny)
OG00885,OG01551,10,operon-adjacent (synteny)
OG03672,OG04049,10,operon-adjacent (synteny)
OG00495,OG00661,10,operon-adjacent (synteny)
OG01398,OG02618,10,operon-adjacent (synteny)
OG03443,OG07074,10,operon-adjacent (synteny)
OG01421,OG05061,10,operon-adjacent (synteny)
OG00245,OG00906,10,operon-adjacent (synteny)
OG00703,OG07075,10,operon-adjacent (synteny)
OG00284,OG02530,10,operon-adjacent (synteny)
OG02477,OG04390,10,operon-adjacent (synteny)
OG01867,OG11265,10,operon-adjacent (synteny)
OG02251,OG11431,10,operon-adjacent (synteny)
OG02163,OG04588,10,operon-adjacent (synteny)
OG00992,OG03818,10,operon-adjacent (synteny)
OG01469,OG01476,10,operon-adjacent (synteny)
OG01460,OG02508,10,operon-adjacent (synteny)
OG01371,OG05253,10,operon-adjacent (synteny)
OG01390,OG01969,10,operon-adjacent (synteny)
OG04153,OG04286,10,operon-adjacent (synteny)
OG01951,OG02691,10,operon-adjacent (synteny)
OG02256,OG06754,10,operon-adjacent (synteny)
OG00162,OG03821,10,operon-adjacent (synteny)
OG00580,OG11719,10,operon-adjacent (synteny)
OG00578,OG11129,10,operon-adjacent (synteny)
OG00580,OG02213,10,operon-adjacent (synteny)
OG00257,OG04606,10,operon-adjacent (synteny)
OG00427,OG01509,10,operon-adjacent (synteny)
OG02376,OG06816,10,operon-adjacent (synteny)
OG02337,OG06933,10,operon-adjacent (synteny)
OG01170,OG11309,10,operon-adjacent (synteny)
OG06929,OG07086,10,operon-adjacent (synteny)
OG00413,OG11189,10,operon-adjacent (synteny)
OG00917,OG01799,10,operon-adjacent (synteny)
OG00422,OG00650,10,operon-adjacent (synteny)
OG00565,OG01249,10,operon-adjacent (synteny)
OG00434,OG01863,10,operon-adjacent (synteny)
OG00174,OG01172,10,operon-adjacent (synteny)
OG00181,OG00449,10,operon-adjacent (synteny)
OG00569,OG00837,10,operon-adjacent (synteny)
OG00019,OG05203,10,operon-adjacent (synteny)
OG00427,OG01551,10,operon-adjacent (synteny)
OG00019,OG09102,10,operon-adjacent (synteny)
OG00524,OG02793,10,operon-adjacent (synteny)
OG00527,OG00972,10,operon-adjacent (synteny)
OG00332,OG11554,10,operon-adjacent (synteny)
OG00261,OG00382,10,operon-adjacent (synteny)
OG00914,OG01598,10,operon-adjacent (synteny)
OG00335,OG00520,10,operon-adjacent (synteny)
OG00709,OG02083,10,operon-adjacent (synteny)
OG00709,OG00788,10,operon-adjacent (synteny)
OG01161,OG01698,10,operon-adjacent (synteny)
OG02408,OG02501,10,operon-adjacent (synteny)
OG04874,OG04981,10,operon-adjacent (synteny)
OG01340,OG06725,10,operon-adjacent (synteny)
OG00265,OG00711,10,operon-adjacent (synteny)
OG00899,OG02776,10,operon-adjacent (synteny)
OG00903,OG01134,10,operon-adjacent (synteny)
OG00516,OG11160,10,operon-adjacent (synteny)
OG00055,OG00074,10,operon-adjacent (synteny)
OG00918,OG01169,10,operon-adjacent (synteny)
OG03907,OG03953,10,operon-adjacent (synteny)
OG01365,OG04651,10,operon-adjacent (synteny)
OG04389,OG14467,10,operon-adjacent (synteny)
OG00163,OG06948,10,operon-adjacent (synteny)
OG00972,OG01450,10,operon-adjacent (synteny)
OG00156,OG00761,10,operon-adjacent (synteny)
OG04390,OG04803,10,operon-adjacent (synteny)
OG04857,OG05068,10,operon-adjacent (synteny)
OG00088,OG01554,10,operon-adjacent (synteny)
OG01977,OG03627,10,operon-adjacent (synteny)
OG02496,OG04328,10,operon-adjacent (synteny)
OG00968,OG03304,10,operon-adjacent (synteny)
OG00465,OG09241,9,operon-adjacent (synteny)
OG00474,OG02342,9,operon-adjacent (synteny)
OG02170,OG11583,9,operon-adjacent (synteny)
OG00468,OG11604,9,operon-adjacent (synteny)
OG02184,OG11500,9,operon-adjacent (synteny)
OG00071,OG03108,9,operon-adjacent (synteny)
OG02233,OG03846,9,operon-adjacent (synteny)
OG02221,OG06140,9,operon-adjacent (synteny)
OG02240,OG02915,9,operon-adjacent (synteny)
OG02256,OG02751,9,operon-adjacent (synteny)
OG01007,OG01688,9,operon-adjacent (synteny)
OG00487,OG02475,9,operon-adjacent (synteny)
OG01057,OG01509,9,operon-adjacent (synteny)
OG00452,OG01874,9,operon-adjacent (synteny)
OG11310,OG11358,9,operon-adjacent (synteny)
OG00013,OG00725,9,operon-adjacent (synteny)
OG01004,OG11410,9,operon-adjacent (synteny)
OG00461,OG11654,9,operon-adjacent (synteny)
OG01701,OG06795,9,operon-adjacent (synteny)
OG01739,OG03241,9,operon-adjacent (synteny)
OG02174,OG05667,9,operon-adjacent (synteny)
OG00074,OG00591,9,operon-adjacent (synteny)
OG00381,OG05587,9,operon-adjacent (synteny)
OG00668,OG14576,9,operon-adjacent (synteny)
OG01741,OG07022,9,operon-adjacent (synteny)
OG01693,OG06796,9,operon-adjacent (synteny)
OG00008,OG03128,9,operon-adjacent (synteny)
OG00006,OG01906,9,operon-adjacent (synteny)
OG02203,OG02791,9,operon-adjacent (synteny)
OG00734,OG00888,9,operon-adjacent (synteny)
OG00355,OG03762,9,operon-adjacent (synteny)
OG00355,OG04194,9,operon-adjacent (synteny)
OG01029,OG01673,9,operon-adjacent (synteny)
OG01029,OG03846,9,operon-adjacent (synteny)
OG11490,OG11571,9,operon-adjacent (synteny)
OG11570,OG11609,9,operon-adjacent (synteny)
OG00013,OG00143,9,operon-adjacent (synteny)
OG00245,OG00292,9,operon-adjacent (synteny)
OG01074,OG11308,9,operon-adjacent (synteny)
OG01082,OG03608,9,operon-adjacent (synteny)
OG01082,OG11437,9,operon-adjacent (synteny)
OG00016,OG11332,9,operon-adjacent (synteny)
OG00016,OG06049,9,operon-adjacent (synteny)
OG11197,OG11684,9,operon-adjacent (synteny)
OG00014,OG04690,9,operon-adjacent (synteny)
OG01082,OG01722,9,operon-adjacent (synteny)
OG11262,OG14612,9,operon-adjacent (synteny)
OG00014,OG01420,9,operon-adjacent (synteny)
OG01080,OG02342,9,operon-adjacent (synteny)
OG00014,OG00533,9,operon-adjacent (synteny)
OG00211,OG01450,9,operon-adjacent (synteny)
OG00224,OG00829,9,operon-adjacent (synteny)
OG00019,OG00055,9,operon-adjacent (synteny)
OG09241,OG11496,9,operon-adjacent (synteny)
OG00670,OG11381,9,operon-adjacent (synteny)
OG00379,OG01184,9,operon-adjacent (synteny)
OG00376,OG04771,9,operon-adjacent (synteny)
OG00377,OG00522,9,operon-adjacent (synteny)
OG00045,OG00916,9,operon-adjacent (synteny)
OG02725,OG03188,9,operon-adjacent (synteny)
OG02712,OG06846,9,operon-adjacent (synteny)
OG02708,OG07031,9,operon-adjacent (synteny)
OG02694,OG11582,9,operon-adjacent (synteny)
OG02667,OG03583,9,operon-adjacent (synteny)
OG00045,OG03377,9,operon-adjacent (synteny)
OG00045,OG03467,9,operon-adjacent (synteny)
OG02771,OG05578,9,operon-adjacent (synteny)
OG00045,OG00565,9,operon-adjacent (synteny)
OG00052,OG02989,9,operon-adjacent (synteny)
OG00729,OG01616,9,operon-adjacent (synteny)
OG02131,OG02408,9,operon-adjacent (synteny)
OG00218,OG00964,9,operon-adjacent (synteny)
OG00219,OG00428,9,operon-adjacent (synteny)
OG00991,OG01126,9,operon-adjacent (synteny)
OG00991,OG01709,9,operon-adjacent (synteny)
OG00353,OG00373,9,operon-adjacent (synteny)
OG00355,OG00711,9,operon-adjacent (synteny)
OG00725,OG04939,9,operon-adjacent (synteny)
OG02167,OG14461,9,operon-adjacent (synteny)
OG02251,OG06856,9,operon-adjacent (synteny)
OG00355,OG05126,9,operon-adjacent (synteny)
OG01000,OG02361,9,operon-adjacent (synteny)
OG00244,OG00349,9,operon-adjacent (synteny)
OG00244,OG00683,9,operon-adjacent (synteny)
OG00239,OG02128,9,operon-adjacent (synteny)
OG01094,OG02346,9,operon-adjacent (synteny)
OG00218,OG00807,9,operon-adjacent (synteny)
OG02253,OG02918,9,operon-adjacent (synteny)
OG01679,OG02597,9,operon-adjacent (synteny)
OG01671,OG09582,9,operon-adjacent (synteny)
OG00045,OG00299,9,operon-adjacent (synteny)
OG02806,OG11662,9,operon-adjacent (synteny)
OG00650,OG05190,9,operon-adjacent (synteny)
OG00656,OG13511,9,operon-adjacent (synteny)
OG00651,OG02337,9,operon-adjacent (synteny)
OG01703,OG03537,9,operon-adjacent (synteny)
OG00112,OG12271,9,operon-adjacent (synteny)
OG00656,OG11442,9,operon-adjacent (synteny)
OG02751,OG06754,9,operon-adjacent (synteny)
OG01679,OG11190,9,operon-adjacent (synteny)
OG01687,OG09148,9,operon-adjacent (synteny)
OG01680,OG06933,9,operon-adjacent (synteny)
OG01681,OG03132,9,operon-adjacent (synteny)
OG00300,OG00734,9,operon-adjacent (synteny)
OG02990,OG11331,9,operon-adjacent (synteny)
OG00829,OG04639,9,operon-adjacent (synteny)
OG00305,OG00626,9,operon-adjacent (synteny)
OG02784,OG03754,9,operon-adjacent (synteny)
OG00120,OG05967,9,operon-adjacent (synteny)
OG02960,OG11739,9,operon-adjacent (synteny)
OG00034,OG05939,9,operon-adjacent (synteny)
OG00034,OG11422,9,operon-adjacent (synteny)
OG00502,OG14596,9,operon-adjacent (synteny)
OG00501,OG06561,9,operon-adjacent (synteny)
OG00508,OG02109,9,operon-adjacent (synteny)
OG00429,OG12734,9,operon-adjacent (synteny)
OG01101,OG11596,9,operon-adjacent (synteny)
OG01120,OG01216,9,operon-adjacent (synteny)
OG01111,OG01329,9,operon-adjacent (synteny)
OG01108,OG01342,9,operon-adjacent (synteny)
OG01129,OG04291,9,operon-adjacent (synteny)
OG00436,OG00978,9,operon-adjacent (synteny)
OG09115,OG12554,9,operon-adjacent (synteny)
OG00205,OG01810,9,operon-adjacent (synteny)
OG00208,OG01411,9,operon-adjacent (synteny)
OG06954,OG14553,9,operon-adjacent (synteny)
OG06960,OG07001,9,operon-adjacent (synteny)
OG00019,OG00165,9,operon-adjacent (synteny)
OG00984,OG11576,9,operon-adjacent (synteny)
OG00490,OG01100,9,operon-adjacent (synteny)
OG00215,OG02669,9,operon-adjacent (synteny)
OG01141,OG03985,9,operon-adjacent (synteny)
OG00245,OG00891,9,operon-adjacent (synteny)
OG00987,OG06816,9,operon-adjacent (synteny)
OG00988,OG11938,9,operon-adjacent (synteny)
OG00503,OG02079,9,operon-adjacent (synteny)
OG00991,OG02513,9,operon-adjacent (synteny)
OG00216,OG00964,9,operon-adjacent (synteny)
OG01151,OG11403,9,operon-adjacent (synteny)
OG11166,OG11278,9,operon-adjacent (synteny)
OG07071,OG14549,9,operon-adjacent (synteny)
OG00018,OG01843,9,operon-adjacent (synteny)
OG00130,OG02714,9,operon-adjacent (synteny)
OG00128,OG02076,9,operon-adjacent (synteny)
OG00128,OG04237,9,operon-adjacent (synteny)
OG02669,OG03108,9,operon-adjacent (synteny)
OG01722,OG03533,9,operon-adjacent (synteny)
OG01719,OG05168,9,operon-adjacent (synteny)
OG01763,OG04460,9,operon-adjacent (synteny)
OG01758,OG03318,9,operon-adjacent (synteny)
OG01758,OG11444,9,operon-adjacent (synteny)
OG02599,OG11742,9,operon-adjacent (synteny)
OG01791,OG03708,9,operon-adjacent (synteny)
OG01783,OG04617,9,operon-adjacent (synteny)
OG00808,OG11438,9,operon-adjacent (synteny)
OG00809,OG01305,9,operon-adjacent (synteny)
OG01756,OG10584,9,operon-adjacent (synteny)
OG02085,OG02503,9,operon-adjacent (synteny)
OG02085,OG02940,9,operon-adjacent (synteny)
OG02076,OG11044,9,operon-adjacent (synteny)
OG02078,OG02276,9,operon-adjacent (synteny)
OG00349,OG00402,9,operon-adjacent (synteny)
OG00349,OG00553,9,operon-adjacent (synteny)
OG08911,OG09194,9,operon-adjacent (synteny)
OG02227,OG02229,9,operon-adjacent (synteny)
OG02163,OG03035,9,operon-adjacent (synteny)
OG00072,OG02160,9,operon-adjacent (synteny)
OG02168,OG07054,9,operon-adjacent (synteny)
OG00074,OG00189,9,operon-adjacent (synteny)
OG00075,OG05126,9,operon-adjacent (synteny)
OG02148,OG14612,9,operon-adjacent (synteny)
OG00074,OG00165,9,operon-adjacent (synteny)
OG02125,OG02267,9,operon-adjacent (synteny)
OG02125,OG02941,9,operon-adjacent (synteny)
OG06977,OG11536,9,operon-adjacent (synteny)
OG06947,OG07083,9,operon-adjacent (synteny)
OG07005,OG09582,9,operon-adjacent (synteny)
OG01151,OG01654,9,operon-adjacent (synteny)
OG00199,OG01515,9,operon-adjacent (synteny)
OG02142,OG07092,9,operon-adjacent (synteny)
OG03000,OG03336,9,operon-adjacent (synteny)
OG00389,OG02140,9,operon-adjacent (synteny)
OG03002,OG05532,9,operon-adjacent (synteny)
OG02991,OG03710,9,operon-adjacent (synteny)
OG00034,OG01016,9,operon-adjacent (synteny)
OG00034,OG00355,9,operon-adjacent (synteny)
OG01597,OG02985,9,operon-adjacent (synteny)
OG00034,OG00426,9,operon-adjacent (synteny)
OG00034,OG02205,9,operon-adjacent (synteny)
OG00034,OG02384,9,operon-adjacent (synteny)
OG00034,OG01756,9,operon-adjacent (synteny)
OG02942,OG11420,9,operon-adjacent (synteny)
OG01610,OG05568,9,operon-adjacent (synteny)
OG02896,OG03537,9,operon-adjacent (synteny)
OG00040,OG01016,9,operon-adjacent (synteny)
OG01641,OG03139,9,operon-adjacent (synteny)
OG02936,OG03967,9,operon-adjacent (synteny)
OG00131,OG03661,9,operon-adjacent (synteny)
OG00101,OG11470,9,operon-adjacent (synteny)
OG00033,OG04372,9,operon-adjacent (synteny)
OG00637,OG01225,9,operon-adjacent (synteny)
OG00637,OG08789,9,operon-adjacent (synteny)
OG01574,OG03910,9,operon-adjacent (synteny)
OG01586,OG02784,9,operon-adjacent (synteny)
OG00803,OG11535,9,operon-adjacent (synteny)
OG00804,OG01979,9,operon-adjacent (synteny)
OG00802,OG02884,9,operon-adjacent (synteny)
OG00817,OG01586,9,operon-adjacent (synteny)
OG00328,OG00553,9,operon-adjacent (synteny)
OG00033,OG01268,9,operon-adjacent (synteny)
OG02680,OG02912,9,operon-adjacent (synteny)
OG02680,OG11307,9,operon-adjacent (synteny)
OG02671,OG03121,9,operon-adjacent (synteny)
OG00053,OG00391,9,operon-adjacent (synteny)
OG00320,OG00842,9,operon-adjacent (synteny)
OG00434,OG01684,9,operon-adjacent (synteny)
OG00524,OG02144,9,operon-adjacent (synteny)
OG00201,OG01614,9,operon-adjacent (synteny)
OG00201,OG02235,9,operon-adjacent (synteny)
OG01163,OG02770,9,operon-adjacent (synteny)
OG00019,OG00192,9,operon-adjacent (synteny)
OG01165,OG01504,9,operon-adjacent (synteny)
OG00428,OG02841,9,operon-adjacent (synteny)
OG00428,OG02409,9,operon-adjacent (synteny)
OG00427,OG00591,9,operon-adjacent (synteny)
OG00019,OG00135,9,operon-adjacent (synteny)
OG00971,OG01671,9,operon-adjacent (synteny)
OG00245,OG11332,9,operon-adjacent (synteny)
OG06805,OG14550,9,operon-adjacent (synteny)
OG00194,OG03951,9,operon-adjacent (synteny)
OG01175,OG11741,9,operon-adjacent (synteny)
OG00194,OG01446,9,operon-adjacent (synteny)
OG00245,OG11453,9,operon-adjacent (synteny)
OG01176,OG02666,9,operon-adjacent (synteny)
OG00844,OG01516,9,operon-adjacent (synteny)
OG03107,OG03213,9,operon-adjacent (synteny)
OG03104,OG03178,9,operon-adjacent (synteny)
OG01545,OG02267,9,operon-adjacent (synteny)
OG00297,OG00808,9,operon-adjacent (synteny)
OG00297,OG01430,9,operon-adjacent (synteny)
OG00135,OG02036,9,operon-adjacent (synteny)
OG01564,OG11571,9,operon-adjacent (synteny)
OG01550,OG02616,9,operon-adjacent (synteny)
OG01580,OG07091,9,operon-adjacent (synteny)
OG01580,OG14607,9,operon-adjacent (synteny)
OG01578,OG01709,9,operon-adjacent (synteny)
OG01550,OG11891,9,operon-adjacent (synteny)
OG02235,OG03819,9,operon-adjacent (synteny)
OG00071,OG00135,9,operon-adjacent (synteny)
OG00071,OG00174,9,operon-adjacent (synteny)
OG02293,OG09387,9,operon-adjacent (synteny)
OG00067,OG00129,9,operon-adjacent (synteny)
OG00762,OG01133,9,operon-adjacent (synteny)
OG00750,OG01012,9,operon-adjacent (synteny)
OG00748,OG11772,9,operon-adjacent (synteny)
OG00756,OG01455,9,operon-adjacent (synteny)
OG00756,OG05523,9,operon-adjacent (synteny)
OG00355,OG01282,9,operon-adjacent (synteny)
OG02105,OG02499,9,operon-adjacent (synteny)
OG02114,OG02299,9,operon-adjacent (synteny)
OG00074,OG11564,9,operon-adjacent (synteny)
OG02121,OG02193,9,operon-adjacent (synteny)
OG00743,OG02111,9,operon-adjacent (synteny)
OG00194,OG03859,9,operon-adjacent (synteny)
OG00978,OG11565,9,operon-adjacent (synteny)
OG00245,OG03795,9,operon-adjacent (synteny)
OG02571,OG11541,9,operon-adjacent (synteny)
OG00050,OG00074,9,operon-adjacent (synteny)
OG00045,OG06912,9,operon-adjacent (synteny)
OG01813,OG01822,9,operon-adjacent (synteny)
OG01833,OG02137,9,operon-adjacent (synteny)
OG02581,OG02624,9,operon-adjacent (synteny)
OG02575,OG11233,9,operon-adjacent (synteny)
OG01829,OG02298,9,operon-adjacent (synteny)
OG01849,OG11316,9,operon-adjacent (synteny)
OG01841,OG02078,9,operon-adjacent (synteny)
OG01842,OG12895,9,operon-adjacent (synteny)
OG01833,OG04047,9,operon-adjacent (synteny)
OG01804,OG03570,9,operon-adjacent (synteny)
OG00142,OG03921,9,operon-adjacent (synteny)
OG03210,OG06788,9,operon-adjacent (synteny)
OG00032,OG01555,9,operon-adjacent (synteny)
OG00685,OG06140,9,operon-adjacent (synteny)
OG00685,OG00978,9,operon-adjacent (synteny)
OG00687,OG02213,9,operon-adjacent (synteny)
OG00194,OG01867,9,operon-adjacent (synteny)
OG01183,OG02204,9,operon-adjacent (synteny)
OG00193,OG02938,9,operon-adjacent (synteny)
OG01200,OG02940,9,operon-adjacent (synteny)
OG02312,OG16204,9,operon-adjacent (synteny)
OG00059,OG01046,9,operon-adjacent (synteny)
OG00019,OG00556,9,operon-adjacent (synteny)
OG06854,OG11297,9,operon-adjacent (synteny)
OG02270,OG11540,9,operon-adjacent (synteny)
OG00075,OG00940,9,operon-adjacent (synteny)
OG00075,OG01328,9,operon-adjacent (synteny)
OG00075,OG00752,9,operon-adjacent (synteny)
OG00762,OG01679,9,operon-adjacent (synteny)
OG00349,OG07091,9,operon-adjacent (synteny)
OG00067,OG00646,9,operon-adjacent (synteny)
OG02286,OG03418,9,operon-adjacent (synteny)
OG02267,OG11667,9,operon-adjacent (synteny)
OG02320,OG06945,9,operon-adjacent (synteny)
OG02317,OG11189,9,operon-adjacent (synteny)
OG00292,OG01926,9,operon-adjacent (synteny)
OG00288,OG00472,9,operon-adjacent (synteny)
OG00143,OG01533,9,operon-adjacent (synteny)
OG01519,OG01557,9,operon-adjacent (synteny)
OG01541,OG02745,9,operon-adjacent (synteny)
OG01500,OG01997,9,operon-adjacent (synteny)
OG01519,OG09408,9,operon-adjacent (synteny)
OG00143,OG00426,9,operon-adjacent (synteny)
OG00143,OG00474,9,operon-adjacent (synteny)
OG00135,OG11526,9,operon-adjacent (synteny)
OG00034,OG00260,9,operon-adjacent (synteny)
OG00034,OG00075,9,operon-adjacent (synteny)
OG00288,OG05691,9,operon-adjacent (synteny)
OG00295,OG01353,9,operon-adjacent (synteny)
OG03085,OG03575,9,operon-adjacent (synteny)
OG03174,OG06125,9,operon-adjacent (synteny)
OG03144,OG11318,9,operon-adjacent (synteny)
OG03229,OG11381,9,operon-adjacent (synteny)
OG03229,OG11785,9,operon-adjacent (synteny)
OG01198,OG01520,9,operon-adjacent (synteny)
OG01192,OG07083,9,operon-adjacent (synteny)
OG00019,OG00267,9,operon-adjacent (synteny)
OG06578,OG11278,9,operon-adjacent (synteny)
OG00019,OG00916,9,operon-adjacent (synteny)
OG00019,OG00761,9,operon-adjacent (synteny)
OG06783,OG07058,9,operon-adjacent (synteny)
OG00194,OG00774,9,operon-adjacent (synteny)
OG01193,OG05523,9,operon-adjacent (synteny)
OG06337,OG10683,9,operon-adjacent (synteny)
OG06732,OG11638,9,operon-adjacent (synteny)
OG00189,OG01279,9,operon-adjacent (synteny)
OG00952,OG04453,9,operon-adjacent (synteny)
OG06358,OG06508,9,operon-adjacent (synteny)
OG00019,OG00770,9,operon-adjacent (synteny)
OG00019,OG00806,9,operon-adjacent (synteny)
OG02520,OG07010,9,operon-adjacent (synteny)
OG00329,OG01153,9,operon-adjacent (synteny)
OG00679,OG03404,9,operon-adjacent (synteny)
OG00634,OG01276,9,operon-adjacent (synteny)
OG00391,OG03819,9,operon-adjacent (synteny)
OG00626,OG01754,9,operon-adjacent (synteny)
OG00052,OG11412,9,operon-adjacent (synteny)
OG00694,OG02142,9,operon-adjacent (synteny)
OG01849,OG03524,9,operon-adjacent (synteny)
OG00687,OG12895,9,operon-adjacent (synteny)
OG02515,OG11303,9,operon-adjacent (synteny)
OG01502,OG01990,9,operon-adjacent (synteny)
OG01504,OG01908,9,operon-adjacent (synteny)
OG00143,OG00941,9,operon-adjacent (synteny)
OG00391,OG02998,9,operon-adjacent (synteny)
OG00365,OG01017,9,operon-adjacent (synteny)
OG00961,OG02508,9,operon-adjacent (synteny)
OG00957,OG03114,9,operon-adjacent (synteny)
OG00958,OG12068,9,operon-adjacent (synteny)
OG02021,OG02442,9,operon-adjacent (synteny)
OG00078,OG00078,9,operon-adjacent (synteny)
OG00340,OG04483,9,operon-adjacent (synteny)
OG00192,OG01858,9,operon-adjacent (synteny)
OG02047,OG11285,9,operon-adjacent (synteny)
OG02038,OG05005,9,operon-adjacent (synteny)
OG02060,OG02774,9,operon-adjacent (synteny)
OG02058,OG02267,9,operon-adjacent (synteny)
OG00768,OG02003,9,operon-adjacent (synteny)
OG00250,OG03258,9,operon-adjacent (synteny)
OG00143,OG02213,9,operon-adjacent (synteny)
OG00613,OG02490,9,operon-adjacent (synteny)
OG00607,OG02567,9,operon-adjacent (synteny)
OG00607,OG09132,9,operon-adjacent (synteny)
OG00143,OG00918,9,operon-adjacent (synteny)
OG00617,OG02219,9,operon-adjacent (synteny)
OG00617,OG11683,9,operon-adjacent (synteny)
OG00396,OG02770,9,operon-adjacent (synteny)
OG00619,OG02698,9,operon-adjacent (synteny)
OG03270,OG06796,9,operon-adjacent (synteny)
OG03330,OG03790,9,operon-adjacent (synteny)
OG00635,OG01734,9,operon-adjacent (synteny)
OG00634,OG00945,9,operon-adjacent (synteny)
OG00391,OG01514,9,operon-adjacent (synteny)
OG01509,OG02592,9,operon-adjacent (synteny)
OG00032,OG00208,9,operon-adjacent (synteny)
OG00183,OG01809,9,operon-adjacent (synteny)
OG00189,OG11890,9,operon-adjacent (synteny)
OG00189,OG03104,9,operon-adjacent (synteny)
OG01189,OG11368,9,operon-adjacent (synteny)
OG05647,OG06003,9,operon-adjacent (synteny)
OG05620,OG14620,9,operon-adjacent (synteny)
OG00531,OG01239,9,operon-adjacent (synteny)
OG00531,OG02118,9,operon-adjacent (synteny)
OG01250,OG01693,9,operon-adjacent (synteny)
OG00531,OG11449,9,operon-adjacent (synteny)
OG00547,OG12734,9,operon-adjacent (synteny)
OG00547,OG12766,9,operon-adjacent (synteny)
OG00425,OG02390,9,operon-adjacent (synteny)
OG00399,OG00893,9,operon-adjacent (synteny)
OG00095,OG00977,9,operon-adjacent (synteny)
OG00094,OG01292,9,operon-adjacent (synteny)
OG03336,OG04062,9,operon-adjacent (synteny)
OG03317,OG03727,9,operon-adjacent (synteny)
OG00866,OG01029,9,operon-adjacent (synteny)
OG00866,OG03819,9,operon-adjacent (synteny)
OG00599,OG02329,9,operon-adjacent (synteny)
OG03570,OG03708,9,operon-adjacent (synteny)
OG00029,OG02038,9,operon-adjacent (synteny)
OG03629,OG11237,9,operon-adjacent (synteny)
OG01478,OG07020,9,operon-adjacent (synteny)
OG01476,OG12545,9,operon-adjacent (synteny)
OG03360,OG03544,9,operon-adjacent (synteny)
OG00032,OG00421,9,operon-adjacent (synteny)
OG03357,OG11730,9,operon-adjacent (synteny)
OG03579,OG04221,9,operon-adjacent (synteny)
OG00019,OG01153,9,operon-adjacent (synteny)
OG00947,OG01676,9,operon-adjacent (synteny)
OG00255,OG02315,9,operon-adjacent (synteny)
OG00255,OG01190,9,operon-adjacent (synteny)
OG00255,OG00964,9,operon-adjacent (synteny)
OG06092,OG11644,9,operon-adjacent (synteny)
OG01235,OG01520,9,operon-adjacent (synteny)
OG00180,OG01518,9,operon-adjacent (synteny)
OG00019,OG02371,9,operon-adjacent (synteny)
OG05595,OG05924,9,operon-adjacent (synteny)
OG05568,OG07048,9,operon-adjacent (synteny)
OG00019,OG01010,9,operon-adjacent (synteny)
OG00180,OG00842,9,operon-adjacent (synteny)
OG00425,OG01162,9,operon-adjacent (synteny)
OG00554,OG04464,9,operon-adjacent (synteny)
OG01260,OG03819,9,operon-adjacent (synteny)
OG00692,OG03281,9,operon-adjacent (synteny)
OG01430,OG14596,9,operon-adjacent (synteny)
OG01433,OG01586,9,operon-adjacent (synteny)
OG01439,OG11452,9,operon-adjacent (synteny)
OG00143,OG11694,9,operon-adjacent (synteny)
OG00098,OG11473,9,operon-adjacent (synteny)
OG01877,OG05007,9,operon-adjacent (synteny)
OG01873,OG11526,9,operon-adjacent (synteny)
OG01810,OG02361,9,operon-adjacent (synteny)
OG02462,OG06722,9,operon-adjacent (synteny)
OG00099,OG00143,9,operon-adjacent (synteny)
OG00094,OG01379,9,operon-adjacent (synteny)
OG01899,OG01965,9,operon-adjacent (synteny)
OG01890,OG11709,9,operon-adjacent (synteny)
OG01922,OG05347,9,operon-adjacent (synteny)
OG01922,OG06098,9,operon-adjacent (synteny)
OG01913,OG03270,9,operon-adjacent (synteny)
OG02329,OG04047,9,operon-adjacent (synteny)
OG00563,OG03558,9,operon-adjacent (synteny)
OG00564,OG00731,9,operon-adjacent (synteny)
OG00416,OG02583,9,operon-adjacent (synteny)
OG00345,OG01162,9,operon-adjacent (synteny)
OG02333,OG09240,9,operon-adjacent (synteny)
OG00059,OG01446,9,operon-adjacent (synteny)
OG00059,OG00731,9,operon-adjacent (synteny)
OG00345,OG00345,9,operon-adjacent (synteny)
OG00774,OG00827,9,operon-adjacent (synteny)
OG00776,OG06098,9,operon-adjacent (synteny)
OG00774,OG01369,9,operon-adjacent (synteny)
OG02312,OG02468,9,operon-adjacent (synteny)
OG00180,OG01133,9,operon-adjacent (synteny)
OG02012,OG03961,9,operon-adjacent (synteny)
OG02006,OG02503,9,operon-adjacent (synteny)
OG02006,OG11771,9,operon-adjacent (synteny)
OG02017,OG02700,9,operon-adjacent (synteny)
OG00399,OG03000,9,operon-adjacent (synteny)
OG03470,OG05691,9,operon-adjacent (synteny)
OG03558,OG11468,9,operon-adjacent (synteny)
OG03614,OG03747,9,operon-adjacent (synteny)
OG00025,OG01653,9,operon-adjacent (synteny)
OG01403,OG02640,9,operon-adjacent (synteny)
OG01445,OG01449,9,operon-adjacent (synteny)
OG01445,OG03034,9,operon-adjacent (synteny)
OG00875,OG02231,9,operon-adjacent (synteny)
OG01413,OG07065,9,operon-adjacent (synteny)
OG00269,OG01118,9,operon-adjacent (synteny)
OG00143,OG11331,9,operon-adjacent (synteny)
OG03416,OG03595,9,operon-adjacent (synteny)
OG03417,OG03647,9,operon-adjacent (synteny)
OG03443,OG04133,9,operon-adjacent (synteny)
OG01443,OG16204,9,operon-adjacent (synteny)
OG05336,OG13600,9,operon-adjacent (synteny)
OG05349,OG06168,9,operon-adjacent (synteny)
OG00019,OG02682,9,operon-adjacent (synteny)
OG05448,OG06929,9,operon-adjacent (synteny)
OG04927,OG04987,9,operon-adjacent (synteny)
OG04937,OG06856,9,operon-adjacent (synteny)
OG00176,OG00821,9,operon-adjacent (synteny)
OG00176,OG01445,9,operon-adjacent (synteny)
OG00178,OG00650,9,operon-adjacent (synteny)
OG04937,OG11506,9,operon-adjacent (synteny)
OG04926,OG05057,9,operon-adjacent (synteny)
OG05042,OG05192,9,operon-adjacent (synteny)
OG01304,OG02641,9,operon-adjacent (synteny)
OG00174,OG01753,9,operon-adjacent (synteny)
OG00174,OG00255,9,operon-adjacent (synteny)
OG01303,OG02085,9,operon-adjacent (synteny)
OG01299,OG01877,9,operon-adjacent (synteny)
OG01299,OG02513,9,operon-adjacent (synteny)
OG01294,OG02007,9,operon-adjacent (synteny)
OG04028,OG05500,9,operon-adjacent (synteny)
OG00054,OG02038,9,operon-adjacent (synteny)
OG00147,OG02990,9,operon-adjacent (synteny)
OG00148,OG00235,9,operon-adjacent (synteny)
OG01387,OG02353,9,operon-adjacent (synteny)
OG03737,OG11418,9,operon-adjacent (synteny)
OG01379,OG03859,9,operon-adjacent (synteny)
OG00021,OG01116,9,operon-adjacent (synteny)
OG03748,OG07105,9,operon-adjacent (synteny)
OG00024,OG00055,9,operon-adjacent (synteny)
OG00604,OG06554,9,operon-adjacent (synteny)
OG00151,OG01244,9,operon-adjacent (synteny)
OG03631,OG11166,9,operon-adjacent (synteny)
OG03690,OG14589,9,operon-adjacent (synteny)
OG00025,OG01110,9,operon-adjacent (synteny)
OG00261,OG09238,9,operon-adjacent (synteny)
OG01304,OG05500,9,operon-adjacent (synteny)
OG02442,OG02510,9,operon-adjacent (synteny)
OG00710,OG01264,9,operon-adjacent (synteny)
OG01305,OG11307,9,operon-adjacent (synteny)
OG02394,OG05578,9,operon-adjacent (synteny)
OG00055,OG06944,9,operon-adjacent (synteny)
OG00079,OG02325,9,operon-adjacent (synteny)
OG00079,OG01593,9,operon-adjacent (synteny)
OG00079,OG14569,9,operon-adjacent (synteny)
OG00779,OG01614,9,operon-adjacent (synteny)
OG02340,OG11447,9,operon-adjacent (synteny)
OG02365,OG03108,9,operon-adjacent (synteny)
OG02393,OG07005,9,operon-adjacent (synteny)
OG00027,OG00332,9,operon-adjacent (synteny)
OG03985,OG11638,9,operon-adjacent (synteny)
OG03988,OG11654,9,operon-adjacent (synteny)
OG03944,OG04064,9,operon-adjacent (synteny)
OG00884,OG06221,9,operon-adjacent (synteny)
OG00099,OG04221,9,operon-adjacent (synteny)
OG00094,OG02111,9,operon-adjacent (synteny)
OG04028,OG07008,9,operon-adjacent (synteny)
OG04026,OG11644,9,operon-adjacent (synteny)
OG03988,OG14615,9,operon-adjacent (synteny)
OG00792,OG03898,9,operon-adjacent (synteny)
OG00790,OG03287,9,operon-adjacent (synteny)
OG00790,OG05373,9,operon-adjacent (synteny)
OG00788,OG00830,9,operon-adjacent (synteny)
OG01906,OG03417,9,operon-adjacent (synteny)
OG00053,OG01889,9,operon-adjacent (synteny)
OG00795,OG02714,9,operon-adjacent (synteny)
OG00923,OG11512,9,operon-adjacent (synteny)
OG00182,OG12766,9,operon-adjacent (synteny)
OG00173,OG00365,9,operon-adjacent (synteny)
OG05061,OG05153,9,operon-adjacent (synteny)
OG00565,OG11468,9,operon-adjacent (synteny)
OG00567,OG01923,9,operon-adjacent (synteny)
OG00259,OG11938,9,operon-adjacent (synteny)
OG00174,OG02127,9,operon-adjacent (synteny)
OG00172,OG12271,9,operon-adjacent (synteny)
OG00565,OG05205,9,operon-adjacent (synteny)
OG04556,OG11366,9,operon-adjacent (synteny)
OG04790,OG11642,9,operon-adjacent (synteny)
OG00582,OG05659,9,operon-adjacent (synteny)
OG04201,OG04369,9,operon-adjacent (synteny)
OG04242,OG04369,9,operon-adjacent (synteny)
OG00156,OG02204,9,operon-adjacent (synteny)
OG04320,OG04419,9,operon-adjacent (synteny)
OG00585,OG01038,9,operon-adjacent (synteny)
OG01383,OG02006,9,operon-adjacent (synteny)
OG00151,OG04651,9,operon-adjacent (synteny)
OG00581,OG00863,9,operon-adjacent (synteny)
OG03807,OG06767,9,operon-adjacent (synteny)
OG00583,OG11188,9,operon-adjacent (synteny)
OG00402,OG11731,9,operon-adjacent (synteny)
OG01369,OG11698,9,operon-adjacent (synteny)
OG01372,OG11226,9,operon-adjacent (synteny)
OG00885,OG03598,9,operon-adjacent (synteny)
OG03863,OG11700,9,operon-adjacent (synteny)
OG00590,OG11755,9,operon-adjacent (synteny)
OG00587,OG11285,9,operon-adjacent (synteny)
OG00402,OG02314,9,operon-adjacent (synteny)
OG00402,OG03565,9,operon-adjacent (synteny)
OG00166,OG05354,9,operon-adjacent (synteny)
OG00265,OG01764,9,operon-adjacent (synteny)
OG00265,OG01171,9,operon-adjacent (synteny)
OG00159,OG00332,9,operon-adjacent (synteny)
OG01328,OG01738,9,operon-adjacent (synteny)
OG01328,OG11742,9,operon-adjacent (synteny)
OG00091,OG02332,9,operon-adjacent (synteny)
OG00366,OG00839,9,operon-adjacent (synteny)
OG00055,OG02537,9,operon-adjacent (synteny)
OG00779,OG01419,9,operon-adjacent (synteny)
OG00779,OG11576,9,operon-adjacent (synteny)
OG00779,OG04033,9,operon-adjacent (synteny)
OG00337,OG02793,9,operon-adjacent (synteny)
OG00710,OG01349,9,operon-adjacent (synteny)
OG00336,OG02393,9,operon-adjacent (synteny)
OG00581,OG02611,9,operon-adjacent (synteny)
OG00581,OG06842,9,operon-adjacent (synteny)
OG00161,OG09188,9,operon-adjacent (synteny)
OG01358,OG01379,9,operon-adjacent (synteny)
OG01358,OG02328,9,operon-adjacent (synteny)
OG02463,OG11283,9,operon-adjacent (synteny)
OG02452,OG02708,9,operon-adjacent (synteny)
OG00055,OG00112,9,operon-adjacent (synteny)
OG00096,OG01333,9,operon-adjacent (synteny)
OG02450,OG02779,9,operon-adjacent (synteny)
OG00363,OG11555,9,operon-adjacent (synteny)
OG01950,OG11593,9,operon-adjacent (synteny)
OG00055,OG00711,9,operon-adjacent (synteny)
OG00019,OG11626,9,operon-adjacent (synteny)
OG00898,OG01105,9,operon-adjacent (synteny)
OG00919,OG11444,9,operon-adjacent (synteny)
OG01329,OG01906,9,operon-adjacent (synteny)
OG00908,OG02432,9,operon-adjacent (synteny)
OG01337,OG03104,9,operon-adjacent (synteny)
OG01337,OG04025,9,operon-adjacent (synteny)
OG04790,OG14585,9,operon-adjacent (synteny)
OG00019,OG03625,9,operon-adjacent (synteny)
OG03792,OG11406,9,operon-adjacent (synteny)
OG00151,OG14573,9,operon-adjacent (synteny)
OG00156,OG01176,9,operon-adjacent (synteny)
OG04417,OG04419,9,operon-adjacent (synteny)
OG02206,OG04196,9,operon-adjacent (synteny)
OG14420,OG14428,9,operon-adjacent (synteny)
OG02234,OG11203,9,operon-adjacent (synteny)
OG00070,OG00967,9,operon-adjacent (synteny)
OG14371,OG14420,9,operon-adjacent (synteny)
OG00001,OG05293,9,operon-adjacent (synteny)
OG00463,OG01621,9,operon-adjacent (synteny)
OG00231,OG01465,9,operon-adjacent (synteny)
OG00231,OG00738,9,operon-adjacent (synteny)
OG01071,OG01375,9,operon-adjacent (synteny)
OG14461,OG14467,9,operon-adjacent (synteny)
OG00445,OG01596,9,operon-adjacent (synteny)
OG00488,OG02124,9,operon-adjacent (synteny)
OG00224,OG04754,9,operon-adjacent (synteny)
OG00230,OG00419,9,operon-adjacent (synteny)
OG01029,OG09238,9,operon-adjacent (synteny)
OG00235,OG00265,9,operon-adjacent (synteny)
OG01060,OG01387,9,operon-adjacent (synteny)
OG11371,OG11437,9,operon-adjacent (synteny)
OG11371,OG11592,9,operon-adjacent (synteny)
OG11520,OG11592,9,operon-adjacent (synteny)
OG11520,OG11763,9,operon-adjacent (synteny)
OG11514,OG14551,9,operon-adjacent (synteny)
OG00004,OG01016,9,operon-adjacent (synteny)
OG00003,OG11891,9,operon-adjacent (synteny)
OG01043,OG04649,9,operon-adjacent (synteny)
OG00231,OG11316,9,operon-adjacent (synteny)
OG00474,OG00474,9,operon-adjacent (synteny)
OG00472,OG02213,9,operon-adjacent (synteny)
OG11436,OG11721,9,operon-adjacent (synteny)
OG00461,OG00507,9,operon-adjacent (synteny)
OG01038,OG05035,9,operon-adjacent (synteny)
OG01038,OG05037,9,operon-adjacent (synteny)
OG01037,OG06043,9,operon-adjacent (synteny)
OG00000,OG02046,8,operon-adjacent (synteny)
OG00462,OG12255,8,operon-adjacent (synteny)
OG11570,OG14605,8,operon-adjacent (synteny)
OG00008,OG01193,8,operon-adjacent (synteny)
OG02214,OG14603,8,operon-adjacent (synteny)
OG00382,OG00796,8,operon-adjacent (synteny)
OG01693,OG02810,8,operon-adjacent (synteny)
OG01688,OG01947,8,operon-adjacent (synteny)
OG01744,OG05208,8,operon-adjacent (synteny)
OG01739,OG02211,8,operon-adjacent (synteny)
OG11194,OG11308,8,operon-adjacent (synteny)
OG11351,OG15857,8,operon-adjacent (synteny)
OG00014,OG01037,8,operon-adjacent (synteny)
OG00013,OG00611,8,operon-adjacent (synteny)
OG01077,OG04047,8,operon-adjacent (synteny)
OG01029,OG01610,8,operon-adjacent (synteny)
OG11587,OG11643,8,operon-adjacent (synteny)
OG11569,OG11764,8,operon-adjacent (synteny)
OG01127,OG02065,8,operon-adjacent (synteny)
OG00211,OG00314,8,operon-adjacent (synteny)
OG00019,OG00060,8,operon-adjacent (synteny)
OG11184,OG11781,8,operon-adjacent (synteny)
OG11264,OG11422,8,operon-adjacent (synteny)
OG11291,OG11631,8,operon-adjacent (synteny)
OG01076,OG03822,8,operon-adjacent (synteny)
OG00017,OG00960,8,operon-adjacent (synteny)
OG02715,OG16514,8,operon-adjacent (synteny)
OG02706,OG03739,8,operon-adjacent (synteny)
OG00045,OG01871,8,operon-adjacent (synteny)
OG00371,OG00391,8,operon-adjacent (synteny)
OG00378,OG11628,8,operon-adjacent (synteny)
OG01691,OG07662,8,operon-adjacent (synteny)
OG02806,OG04041,8,operon-adjacent (synteny)
OG10653,OG10779,8,operon-adjacent (synteny)
OG01928,OG04433,8,operon-adjacent (synteny)
OG00096,OG01284,8,operon-adjacent (synteny)
OG02464,OG16514,8,operon-adjacent (synteny)
OG02458,OG12255,8,operon-adjacent (synteny)
OG00055,OG00093,8,operon-adjacent (synteny)
OG02492,OG03855,8,operon-adjacent (synteny)
OG00581,OG01863,8,operon-adjacent (synteny)
OG01364,OG04616,8,operon-adjacent (synteny)
OG00363,OG03708,8,operon-adjacent (synteny)
OG01955,OG01955,8,operon-adjacent (synteny)
OG01950,OG16424,8,operon-adjacent (synteny)
OG00700,OG12457,8,operon-adjacent (synteny)
OG00366,OG02586,8,operon-adjacent (synteny)
OG01965,OG02324,8,operon-adjacent (synteny)
OG00087,OG02763,8,operon-adjacent (synteny)
OG00082,OG00234,8,operon-adjacent (synteny)
OG01340,OG01926,8,operon-adjacent (synteny)
OG01354,OG03023,8,operon-adjacent (synteny)
OG00019,OG11302,8,operon-adjacent (synteny)
OG00898,OG01445,8,operon-adjacent (synteny)
OG00904,OG02022,8,operon-adjacent (synteny)
OG00265,OG00752,8,operon-adjacent (synteny)
OG00916,OG00916,8,operon-adjacent (synteny)
OG00363,OG00976,8,operon-adjacent (synteny)
OG04624,OG11415,8,operon-adjacent (synteny)
OG04589,OG14545,8,operon-adjacent (synteny)
OG01352,OG02750,8,operon-adjacent (synteny)
OG04894,OG04953,8,operon-adjacent (synteny)
OG04849,OG04953,8,operon-adjacent (synteny)
OG00019,OG03592,8,operon-adjacent (synteny)
OG01338,OG01909,8,operon-adjacent (synteny)
OG01338,OG02566,8,operon-adjacent (synteny)
OG01383,OG05793,8,operon-adjacent (synteny)
OG01380,OG02590,8,operon-adjacent (synteny)
OG00151,OG04868,8,operon-adjacent (synteny)
OG04164,OG04433,8,operon-adjacent (synteny)
OG04165,OG04280,8,operon-adjacent (synteny)
OG00897,OG01727,8,operon-adjacent (synteny)
OG00703,OG12186,8,operon-adjacent (synteny)
OG00165,OG02497,8,operon-adjacent (synteny)
OG00366,OG01026,8,operon-adjacent (synteny)
OG00168,OG00822,8,operon-adjacent (synteny)
OG00914,OG01285,8,operon-adjacent (synteny)
OG00267,OG00946,8,operon-adjacent (synteny)
OG03876,OG06093,8,operon-adjacent (synteny)
OG03804,OG04768,8,operon-adjacent (synteny)
OG00587,OG01642,8,operon-adjacent (synteny)
OG01371,OG12306,8,operon-adjacent (synteny)
OG02434,OG11159,8,operon-adjacent (synteny)
OG00330,OG08620,8,operon-adjacent (synteny)
OG00337,OG00784,8,operon-adjacent (synteny)
OG00333,OG00590,8,operon-adjacent (synteny)
OG00363,OG01777,8,operon-adjacent (synteny)
OG00056,OG00430,8,operon-adjacent (synteny)
OG02409,OG04550,8,operon-adjacent (synteny)
OG00090,OG03624,8,operon-adjacent (synteny)
OG00156,OG11458,8,operon-adjacent (synteny)
OG00156,OG04649,8,operon-adjacent (synteny)
OG00711,OG02882,8,operon-adjacent (synteny)
OG00711,OG03104,8,operon-adjacent (synteny)
OG00714,OG05585,8,operon-adjacent (synteny)
OG00336,OG04998,8,operon-adjacent (synteny)
OG00093,OG00189,8,operon-adjacent (synteny)
OG01969,OG02260,8,operon-adjacent (synteny)
OG00783,OG01518,8,operon-adjacent (synteny)
OG00783,OG11490,8,operon-adjacent (synteny)
OG00784,OG02674,8,operon-adjacent (synteny)
OG01908,OG14543,8,operon-adjacent (synteny)
OG01904,OG12523,8,operon-adjacent (synteny)
OG00099,OG15812,8,operon-adjacent (synteny)
OG01926,OG06725,8,operon-adjacent (synteny)
OG03800,OG06376,8,operon-adjacent (synteny)
OG00168,OG02296,8,operon-adjacent (synteny)
OG00924,OG01812,8,operon-adjacent (synteny)
OG00256,OG02574,8,operon-adjacent (synteny)
OG00798,OG01331,8,operon-adjacent (synteny)
OG00795,OG01630,8,operon-adjacent (synteny)
OG00328,OG02580,8,operon-adjacent (synteny)
OG00328,OG06828,8,operon-adjacent (synteny)
OG02477,OG04858,8,operon-adjacent (synteny)
OG01292,OG02328,8,operon-adjacent (synteny)
OG00412,OG01213,8,operon-adjacent (synteny)
OG00414,OG01239,8,operon-adjacent (synteny)
OG04759,OG12817,8,operon-adjacent (synteny)
OG00418,OG00849,8,operon-adjacent (synteny)
OG00174,OG00977,8,operon-adjacent (synteny)
OG00171,OG11194,8,operon-adjacent (synteny)
OG00170,OG03171,8,operon-adjacent (synteny)
OG04509,OG04516,8,operon-adjacent (synteny)
OG00414,OG11420,8,operon-adjacent (synteny)
OG01352,OG03343,8,operon-adjacent (synteny)
OG01349,OG02758,8,operon-adjacent (synteny)
OG00019,OG04998,8,operon-adjacent (synteny)
OG00172,OG11416,8,operon-adjacent (synteny)
OG00171,OG04003,8,operon-adjacent (synteny)
OG01313,OG02330,8,operon-adjacent (synteny)
OG03744,OG06195,8,operon-adjacent (synteny)
OG00024,OG00143,8,operon-adjacent (synteny)
OG00030,OG00096,8,operon-adjacent (synteny)
OG00030,OG00143,8,operon-adjacent (synteny)
OG01398,OG01923,8,operon-adjacent (synteny)
OG01393,OG11368,8,operon-adjacent (synteny)
OG01379,OG02324,8,operon-adjacent (synteny)
OG01382,OG11217,8,operon-adjacent (synteny)
OG01307,OG04928,8,operon-adjacent (synteny)
OG01309,OG01722,8,operon-adjacent (synteny)
OG01304,OG07065,8,operon-adjacent (synteny)
OG01303,OG06867,8,operon-adjacent (synteny)
OG00600,OG04617,8,operon-adjacent (synteny)
OG00275,OG02105,8,operon-adjacent (synteny)
OG03665,OG04065,8,operon-adjacent (synteny)
OG03754,OG11754,8,operon-adjacent (synteny)
OG00055,OG11191,8,operon-adjacent (synteny)
OG00715,OG01226,8,operon-adjacent (synteny)
OG00711,OG05170,8,operon-adjacent (synteny)
OG00361,OG04849,8,operon-adjacent (synteny)
OG00713,OG02293,8,operon-adjacent (synteny)
OG01963,OG11558,8,operon-adjacent (synteny)
OG00261,OG03498,8,operon-adjacent (synteny)
OG00922,OG06746,8,operon-adjacent (synteny)
OG03921,OG11568,8,operon-adjacent (synteny)
OG03906,OG11540,8,operon-adjacent (synteny)
OG00173,OG12784,8,operon-adjacent (synteny)
OG00061,OG00927,8,operon-adjacent (synteny)
OG00061,OG01050,8,operon-adjacent (synteny)
OG02330,OG02394,8,operon-adjacent (synteny)
OG02384,OG03219,8,operon-adjacent (synteny)
OG02394,OG12905,8,operon-adjacent (synteny)
OG00270,OG01332,8,operon-adjacent (synteny)
OG00880,OG03114,8,operon-adjacent (synteny)
OG00273,OG00391,8,operon-adjacent (synteny)
OG00274,OG03722,8,operon-adjacent (synteny)
OG01407,OG04008,8,operon-adjacent (synteny)
OG01443,OG11178,8,operon-adjacent (synteny)
OG00282,OG09207,8,operon-adjacent (synteny)
OG00399,OG03318,8,operon-adjacent (synteny)
OG00019,OG03236,8,operon-adjacent (synteny)
OG00180,OG00975,8,operon-adjacent (synteny)
OG03357,OG14570,8,operon-adjacent (synteny)
OG03439,OG11597,8,operon-adjacent (synteny)
OG03417,OG11450,8,operon-adjacent (synteny)
OG01411,OG02324,8,operon-adjacent (synteny)
OG01423,OG11557,8,operon-adjacent (synteny)
OG00148,OG00821,8,operon-adjacent (synteny)
OG05172,OG11663,8,operon-adjacent (synteny)
OG00019,OG01912,8,operon-adjacent (synteny)
OG00019,OG04548,8,operon-adjacent (synteny)
OG00181,OG00586,8,operon-adjacent (synteny)
OG00180,OG01404,8,operon-adjacent (synteny)
OG05336,OG06195,8,operon-adjacent (synteny)
OG05306,OG05612,8,operon-adjacent (synteny)
OG00019,OG03415,8,operon-adjacent (synteny)
OG01383,OG01892,8,operon-adjacent (synteny)
OG00019,OG16166,8,operon-adjacent (synteny)
OG02512,OG03554,8,operon-adjacent (synteny)
OG02509,OG03448,8,operon-adjacent (synteny)
OG00053,OG11289,8,operon-adjacent (synteny)
OG01290,OG03473,8,operon-adjacent (synteny)
OG01291,OG06241,8,operon-adjacent (synteny)
OG05002,OG05967,8,operon-adjacent (synteny)
OG00099,OG00148,8,operon-adjacent (synteny)
OG01878,OG11569,8,operon-adjacent (synteny)
OG01881,OG02012,8,operon-adjacent (synteny)
OG00692,OG01618,8,operon-adjacent (synteny)
OG00144,OG05190,8,operon-adjacent (synteny)
OG01460,OG01819,8,operon-adjacent (synteny)
OG01469,OG02324,8,operon-adjacent (synteny)
OG00180,OG00759,8,operon-adjacent (synteny)
OG00098,OG11666,8,operon-adjacent (synteny)
OG00098,OG02860,8,operon-adjacent (synteny)
OG00093,OG07097,8,operon-adjacent (synteny)
OG01925,OG12183,8,operon-adjacent (synteny)
OG00055,OG00474,8,operon-adjacent (synteny)
OG00055,OG00582,8,operon-adjacent (synteny)
OG00326,OG11044,8,operon-adjacent (synteny)
OG00798,OG01758,8,operon-adjacent (synteny)
OG00075,OG02214,8,operon-adjacent (synteny)
OG00344,OG00779,8,operon-adjacent (synteny)
OG00057,OG01334,8,operon-adjacent (synteny)
OG00059,OG00973,8,operon-adjacent (synteny)
OG00779,OG03067,8,operon-adjacent (synteny)
OG00055,OG11301,8,operon-adjacent (synteny)
OG00417,OG01912,8,operon-adjacent (synteny)
OG05293,OG06782,8,operon-adjacent (synteny)
OG03470,OG15985,8,operon-adjacent (synteny)
OG03537,OG06805,8,operon-adjacent (synteny)
OG00932,OG04884,8,operon-adjacent (synteny)
OG00934,OG01415,8,operon-adjacent (synteny)
OG00928,OG04009,8,operon-adjacent (synteny)
OG00341,OG11499,8,operon-adjacent (synteny)
OG00340,OG01727,8,operon-adjacent (synteny)
OG02311,OG11562,8,operon-adjacent (synteny)
OG00859,OG03900,8,operon-adjacent (synteny)
OG00600,OG02563,8,operon-adjacent (synteny)
OG00605,OG02819,8,operon-adjacent (synteny)
OG00400,OG00873,8,operon-adjacent (synteny)
OG00143,OG07068,8,operon-adjacent (synteny)
OG00143,OG04932,8,operon-adjacent (synteny)
OG00527,OG07093,8,operon-adjacent (synteny)
OG00424,OG03801,8,operon-adjacent (synteny)
OG03404,OG05172,8,operon-adjacent (synteny)
OG03623,OG03857,8,operon-adjacent (synteny)
OG00869,OG02820,8,operon-adjacent (synteny)
OG00869,OG11458,8,operon-adjacent (synteny)
OG01450,OG07093,8,operon-adjacent (synteny)
OG03618,OG03713,8,operon-adjacent (synteny)
OG03608,OG11741,8,operon-adjacent (synteny)
OG00859,OG01905,8,operon-adjacent (synteny)
OG06052,OG15985,8,operon-adjacent (synteny)
OG00019,OG01080,8,operon-adjacent (synteny)
OG00255,OG01017,8,operon-adjacent (synteny)
OG00255,OG00843,8,operon-adjacent (synteny)
OG01232,OG01624,8,operon-adjacent (synteny)
OG00945,OG01219,8,operon-adjacent (synteny)
OG00255,OG01889,8,operon-adjacent (synteny)
OG00032,OG00602,8,operon-adjacent (synteny)
OG00556,OG00988,8,operon-adjacent (synteny)
OG00176,OG04047,8,operon-adjacent (synteny)
OG01273,OG04692,8,operon-adjacent (synteny)
OG01259,OG11605,8,operon-adjacent (synteny)
OG05579,OG05697,8,operon-adjacent (synteny)
OG00019,OG01022,8,operon-adjacent (synteny)
OG00019,OG01041,8,operon-adjacent (synteny)
OG06068,OG06470,8,operon-adjacent (synteny)
OG00619,OG00998,8,operon-adjacent (synteny)
OG00397,OG01549,8,operon-adjacent (synteny)
OG00396,OG00898,8,operon-adjacent (synteny)
OG00397,OG00524,8,operon-adjacent (synteny)
OG00143,OG10665,8,operon-adjacent (synteny)
OG01478,OG16338,8,operon-adjacent (synteny)
OG00609,OG02513,8,operon-adjacent (synteny)
OG01509,OG02284,8,operon-adjacent (synteny)
OG00189,OG02035,8,operon-adjacent (synteny)
OG00624,OG02326,8,operon-adjacent (synteny)
OG01500,OG03089,8,operon-adjacent (synteny)
OG01505,OG04710,8,operon-adjacent (synteny)
OG00619,OG11560,8,operon-adjacent (synteny)
OG03253,OG11785,8,operon-adjacent (synteny)
OG00032,OG02369,8,operon-adjacent (synteny)
OG03287,OG03818,8,operon-adjacent (synteny)
OG00189,OG15911,8,operon-adjacent (synteny)
OG01225,OG11362,8,operon-adjacent (synteny)
OG01218,OG01803,8,operon-adjacent (synteny)
OG05647,OG15866,8,operon-adjacent (synteny)
OG00019,OG01493,8,operon-adjacent (synteny)
OG01249,OG01580,8,operon-adjacent (synteny)
OG01216,OG06811,8,operon-adjacent (synteny)
OG01217,OG01516,8,operon-adjacent (synteny)
OG00189,OG00205,8,operon-adjacent (synteny)
OG00189,OG00411,8,operon-adjacent (synteny)
OG01232,OG01243,8,operon-adjacent (synteny)
OG00189,OG01240,8,operon-adjacent (synteny)
OG00531,OG03357,8,operon-adjacent (synteny)
OG01252,OG02333,8,operon-adjacent (synteny)
OG00183,OG00807,8,operon-adjacent (synteny)
OG01217,OG03068,8,operon-adjacent (synteny)
OG01515,OG02882,8,operon-adjacent (synteny)
OG03121,OG03543,8,operon-adjacent (synteny)
OG00034,OG00174,8,operon-adjacent (synteny)
OG01508,OG01992,8,operon-adjacent (synteny)
OG00699,OG00754,8,operon-adjacent (synteny)
OG00364,OG00602,8,operon-adjacent (synteny)
OG02551,OG06930,8,operon-adjacent (synteny)
OG02542,OG04847,8,operon-adjacent (synteny)
OG01204,OG11596,8,operon-adjacent (synteny)
OG00189,OG02637,8,operon-adjacent (synteny)
OG00949,OG02085,8,operon-adjacent (synteny)
OG00019,OG01638,8,operon-adjacent (synteny)
OG01541,OG04038,8,operon-adjacent (synteny)
OG00143,OG00224,8,operon-adjacent (synteny)
OG01516,OG02051,8,operon-adjacent (synteny)
OG01518,OG01564,8,operon-adjacent (synteny)
OG02060,OG03476,8,operon-adjacent (synteny)
OG00768,OG12545,8,operon-adjacent (synteny)
OG00342,OG11628,8,operon-adjacent (synteny)
OG00770,OG00860,8,operon-adjacent (synteny)
OG00076,OG00143,8,operon-adjacent (synteny)
OG02029,OG06942,8,operon-adjacent (synteny)
OG02010,OG06927,8,operon-adjacent (synteny)
OG01209,OG06267,8,operon-adjacent (synteny)
OG00143,OG01133,8,operon-adjacent (synteny)
OG01187,OG01200,8,operon-adjacent (synteny)
OG01188,OG01188,8,operon-adjacent (synteny)
OG00247,OG02253,8,operon-adjacent (synteny)
OG00363,OG00363,8,operon-adjacent (synteny)
OG00718,OG03210,8,operon-adjacent (synteny)
OG00718,OG04445,8,operon-adjacent (synteny)
OG00718,OG02160,8,operon-adjacent (synteny)
OG00141,OG01060,8,operon-adjacent (synteny)
OG00290,OG01002,8,operon-adjacent (synteny)
OG00861,OG00863,8,operon-adjacent (synteny)
OG00861,OG01369,8,operon-adjacent (synteny)
OG00143,OG00435,8,operon-adjacent (synteny)
OG00299,OG01630,8,operon-adjacent (synteny)
OG01516,OG02027,8,operon-adjacent (synteny)
OG00143,OG00339,8,operon-adjacent (synteny)
OG00019,OG01365,8,operon-adjacent (synteny)
OG01188,OG11718,8,operon-adjacent (synteny)
OG01200,OG01845,8,operon-adjacent (synteny)
OG06747,OG11748,8,operon-adjacent (synteny)
OG03082,OG03675,8,operon-adjacent (synteny)
OG03150,OG14609,8,operon-adjacent (synteny)
OG03128,OG07020,8,operon-adjacent (synteny)
OG01521,OG02503,8,operon-adjacent (synteny)
OG06306,OG06629,8,operon-adjacent (synteny)
OG06484,OG10596,8,operon-adjacent (synteny)
OG06440,OG06661,8,operon-adjacent (synteny)
OG00019,OG00585,8,operon-adjacent (synteny)
OG06278,OG06575,8,operon-adjacent (synteny)
OG06256,OG06287,8,operon-adjacent (synteny)
OG06266,OG06921,8,operon-adjacent (synteny)
OG06248,OG06665,8,operon-adjacent (synteny)
OG00099,OG04794,8,operon-adjacent (synteny)
OG00099,OG02444,8,operon-adjacent (synteny)
OG02537,OG02849,8,operon-adjacent (synteny)
OG00679,OG11388,8,operon-adjacent (synteny)
OG00189,OG01160,8,operon-adjacent (synteny)
OG00949,OG01914,8,operon-adjacent (synteny)
OG06397,OG09223,8,operon-adjacent (synteny)
OG00019,OG00759,8,operon-adjacent (synteny)
OG00032,OG01591,8,operon-adjacent (synteny)
OG03076,OG14605,8,operon-adjacent (synteny)
OG03049,OG03429,8,operon-adjacent (synteny)
OG01202,OG01525,8,operon-adjacent (synteny)
OG01197,OG01657,8,operon-adjacent (synteny)
OG00975,OG06782,8,operon-adjacent (synteny)
OG00976,OG01913,8,operon-adjacent (synteny)
OG00245,OG05799,8,operon-adjacent (synteny)
OG01841,OG02223,8,operon-adjacent (synteny)
OG00802,OG11187,8,operon-adjacent (synteny)
OG00101,OG02791,8,operon-adjacent (synteny)
OG01833,OG02060,8,operon-adjacent (synteny)
OG00052,OG03807,8,operon-adjacent (synteny)
OG02580,OG02771,8,operon-adjacent (synteny)
OG02571,OG05730,8,operon-adjacent (synteny)
OG02656,OG12784,8,operon-adjacent (synteny)
OG02298,OG03241,8,operon-adjacent (synteny)
OG06857,OG14580,8,operon-adjacent (synteny)
OG00019,OG00258,8,operon-adjacent (synteny)
OG01183,OG02724,8,operon-adjacent (synteny)
OG01186,OG14064,8,operon-adjacent (synteny)
OG00970,OG01638,8,operon-adjacent (synteny)
OG00683,OG02217,8,operon-adjacent (synteny)
OG00691,OG00893,8,operon-adjacent (synteny)
OG00143,OG00174,8,operon-adjacent (synteny)
OG06578,OG11197,8,operon-adjacent (synteny)
OG02276,OG02311,8,operon-adjacent (synteny)
OG00061,OG02832,8,operon-adjacent (synteny)
OG00061,OG01757,8,operon-adjacent (synteny)
OG00075,OG00825,8,operon-adjacent (synteny)
OG02320,OG03099,8,operon-adjacent (synteny)
OG00718,OG06788,8,operon-adjacent (synteny)
OG03104,OG05063,8,operon-adjacent (synteny)
OG01533,OG01955,8,operon-adjacent (synteny)
OG01525,OG06241,8,operon-adjacent (synteny)
OG01179,OG02042,8,operon-adjacent (synteny)
OG01172,OG01337,8,operon-adjacent (synteny)
OG01172,OG11340,8,operon-adjacent (synteny)
OG06746,OG12719,8,operon-adjacent (synteny)
OG00975,OG01294,8,operon-adjacent (synteny)
OG00297,OG11606,8,operon-adjacent (synteny)
OG01547,OG10003,8,operon-adjacent (synteny)
OG01541,OG05005,8,operon-adjacent (synteny)
OG01557,OG02029,8,operon-adjacent (synteny)
OG01560,OG09132,8,operon-adjacent (synteny)
OG00391,OG00695,8,operon-adjacent (synteny)
OG01590,OG02353,8,operon-adjacent (synteny)
OG00301,OG04234,8,operon-adjacent (synteny)
OG03096,OG04225,8,operon-adjacent (synteny)
OG00134,OG01146,8,operon-adjacent (synteny)
OG00130,OG11348,8,operon-adjacent (synteny)
OG01569,OG09179,8,operon-adjacent (synteny)
OG01551,OG01890,8,operon-adjacent (synteny)
OG00135,OG12170,8,operon-adjacent (synteny)
OG01564,OG02114,8,operon-adjacent (synteny)
OG00136,OG03816,8,operon-adjacent (synteny)
OG00980,OG01684,8,operon-adjacent (synteny)
OG01172,OG01301,8,operon-adjacent (synteny)
OG02118,OG11410,8,operon-adjacent (synteny)
OG00745,OG00779,8,operon-adjacent (synteny)
OG00729,OG02802,8,operon-adjacent (synteny)
OG00727,OG13005,8,operon-adjacent (synteny)
OG00067,OG11514,8,operon-adjacent (synteny)
OG00067,OG01906,8,operon-adjacent (synteny)
OG01592,OG03770,8,operon-adjacent (synteny)
OG01602,OG05733,8,operon-adjacent (synteny)
OG02947,OG03744,8,operon-adjacent (synteny)
OG00036,OG00710,8,operon-adjacent (synteny)
OG00034,OG01925,8,operon-adjacent (synteny)
OG00299,OG02586,8,operon-adjacent (synteny)
OG00135,OG09162,8,operon-adjacent (synteny)
OG01592,OG02445,8,operon-adjacent (synteny)
OG00803,OG05659,8,operon-adjacent (synteny)
OG00804,OG01649,8,operon-adjacent (synteny)
OG00816,OG02371,8,operon-adjacent (synteny)
OG00818,OG01249,8,operon-adjacent (synteny)
OG00115,OG02301,8,operon-adjacent (synteny)
OG01777,OG01804,8,operon-adjacent (synteny)
OG00637,OG04033,8,operon-adjacent (synteny)
OG02924,OG06979,8,operon-adjacent (synteny)
OG00045,OG14527,8,operon-adjacent (synteny)
OG02674,OG05396,8,operon-adjacent (synteny)
OG00320,OG01475,8,operon-adjacent (synteny)
OG00315,OG01541,8,operon-adjacent (synteny)
OG00326,OG01591,8,operon-adjacent (synteny)
OG00326,OG02035,8,operon-adjacent (synteny)
OG00328,OG02135,8,operon-adjacent (synteny)
OG00315,OG09099,8,operon-adjacent (synteny)
OG00971,OG11709,8,operon-adjacent (synteny)
OG01158,OG01679,8,operon-adjacent (synteny)
OG01164,OG11778,8,operon-adjacent (synteny)
OG01163,OG01833,8,operon-adjacent (synteny)
OG00516,OG11703,8,operon-adjacent (synteny)
OG00519,OG02860,8,operon-adjacent (synteny)
OG00980,OG03315,8,operon-adjacent (synteny)
OG00245,OG06904,8,operon-adjacent (synteny)
OG01620,OG14549,8,operon-adjacent (synteny)
OG01610,OG01800,8,operon-adjacent (synteny)
OG01629,OG02238,8,operon-adjacent (synteny)
OG00832,OG01241,8,operon-adjacent (synteny)
OG01632,OG02030,8,operon-adjacent (synteny)
OG00128,OG00900,8,operon-adjacent (synteny)
OG00128,OG03801,8,operon-adjacent (synteny)
OG00018,OG00488,8,operon-adjacent (synteny)
OG00135,OG00231,8,operon-adjacent (synteny)
OG01778,OG06533,8,operon-adjacent (synteny)
OG01770,OG02114,8,operon-adjacent (synteny)
OG00101,OG07099,8,operon-adjacent (synteny)
OG00101,OG00255,8,operon-adjacent (synteny)
OG00114,OG02315,8,operon-adjacent (synteny)
OG00112,OG00249,8,operon-adjacent (synteny)
OG02647,OG14852,8,operon-adjacent (synteny)
OG02140,OG14569,8,operon-adjacent (synteny)
OG02135,OG03219,8,operon-adjacent (synteny)
OG02137,OG14574,8,operon-adjacent (synteny)
OG02163,OG03410,8,operon-adjacent (synteny)
OG00075,OG02240,8,operon-adjacent (synteny)
OG02082,OG03319,8,operon-adjacent (synteny)
OG00300,OG00391,8,operon-adjacent (synteny)
OG01608,OG14578,8,operon-adjacent (synteny)
OG01592,OG03388,8,operon-adjacent (synteny)
OG03000,OG09143,8,operon-adjacent (synteny)
OG00393,OG11724,8,operon-adjacent (synteny)
OG00389,OG01111,8,operon-adjacent (synteny)
OG00032,OG14554,8,operon-adjacent (synteny)
OG06977,OG11564,8,operon-adjacent (synteny)
OG00074,OG00796,8,operon-adjacent (synteny)
OG00724,OG01340,8,operon-adjacent (synteny)
OG00435,OG01100,8,operon-adjacent (synteny)
OG00435,OG14611,8,operon-adjacent (synteny)
OG01109,OG06484,8,operon-adjacent (synteny)
OG00429,OG12457,8,operon-adjacent (synteny)
OG07048,OG14566,8,operon-adjacent (synteny)
OG01132,OG01995,8,operon-adjacent (synteny)
OG00508,OG02076,8,operon-adjacent (synteny)
OG00428,OG06495,8,operon-adjacent (synteny)
OG00980,OG04078,8,operon-adjacent (synteny)
OG00245,OG00620,8,operon-adjacent (synteny)
OG00987,OG03680,8,operon-adjacent (synteny)
OG07008,OG11221,8,operon-adjacent (synteny)
OG00201,OG02641,8,operon-adjacent (synteny)
OG00196,OG09101,8,operon-adjacent (synteny)
OG00495,OG00711,8,operon-adjacent (synteny)
OG00495,OG00920,8,operon-adjacent (synteny)
OG01150,OG01430,8,operon-adjacent (synteny)
OG00016,OG01630,8,operon-adjacent (synteny)
OG00501,OG03595,8,operon-adjacent (synteny)
OG00505,OG00663,8,operon-adjacent (synteny)
OG00505,OG11388,8,operon-adjacent (synteny)
OG00245,OG02490,8,operon-adjacent (synteny)
OG00216,OG14578,8,operon-adjacent (synteny)
OG00215,OG01493,8,operon-adjacent (synteny)
OG00019,OG00032,8,operon-adjacent (synteny)
OG01150,OG05531,8,operon-adjacent (synteny)
OG00208,OG12170,8,operon-adjacent (synteny)
OG00195,OG03039,8,operon-adjacent (synteny)
OG01154,OG01430,8,operon-adjacent (synteny)
OG00194,OG11314,8,operon-adjacent (synteny)
OG00194,OG14606,8,operon-adjacent (synteny)
OG00194,OG05913,8,operon-adjacent (synteny)
OG02859,OG11510,8,operon-adjacent (synteny)
OG02854,OG11778,8,operon-adjacent (synteny)
OG01685,OG01955,8,operon-adjacent (synteny)
OG01705,OG01934,8,operon-adjacent (synteny)
OG01705,OG04054,8,operon-adjacent (synteny)
OG01702,OG09150,8,operon-adjacent (synteny)
OG00380,OG02597,8,operon-adjacent (synteny)
OG00380,OG11647,8,operon-adjacent (synteny)
OG00828,OG01149,8,operon-adjacent (synteny)
OG00304,OG01196,8,operon-adjacent (synteny)
OG00304,OG01384,8,operon-adjacent (synteny)
OG02807,OG06857,8,operon-adjacent (synteny)
OG00825,OG02060,8,operon-adjacent (synteny)
OG00313,OG01094,8,operon-adjacent (synteny)
OG00838,OG11643,8,operon-adjacent (synteny)
OG00835,OG01072,8,operon-adjacent (synteny)
OG00305,OG00367,8,operon-adjacent (synteny)
OG00828,OG07105,8,operon-adjacent (synteny)
OG01630,OG11613,8,operon-adjacent (synteny)
OG00130,OG00764,8,operon-adjacent (synteny)
OG00309,OG00330,8,operon-adjacent (synteny)
OG00306,OG11217,8,operon-adjacent (synteny)
OG00305,OG11718,8,operon-adjacent (synteny)
OG00827,OG04202,8,operon-adjacent (synteny)
OG00996,OG11918,8,operon-adjacent (synteny)
OG02776,OG04308,8,operon-adjacent (synteny)
OG00121,OG00453,8,operon-adjacent (synteny)
OG02960,OG11214,8,operon-adjacent (synteny)
OG02909,OG03068,8,operon-adjacent (synteny)
OG00036,OG02235,8,operon-adjacent (synteny)
OG00036,OG04221,8,operon-adjacent (synteny)
OG00036,OG01075,8,operon-adjacent (synteny)
OG02822,OG04063,8,operon-adjacent (synteny)
OG02656,OG03537,8,operon-adjacent (synteny)
OG02634,OG11642,8,operon-adjacent (synteny)
OG02668,OG13545,8,operon-adjacent (synteny)
OG02739,OG03543,8,operon-adjacent (synteny)
OG02739,OG05765,8,operon-adjacent (synteny)
OG02736,OG03680,8,operon-adjacent (synteny)
OG00045,OG03389,8,operon-adjacent (synteny)
OG00355,OG00727,8,operon-adjacent (synteny)
OG00724,OG02231,8,operon-adjacent (synteny)
OG00725,OG00992,8,operon-adjacent (synteny)
OG00725,OG01473,8,operon-adjacent (synteny)
OG00731,OG01246,8,operon-adjacent (synteny)
OG00218,OG01158,8,operon-adjacent (synteny)
OG02757,OG04029,8,operon-adjacent (synteny)
OG02820,OG03938,8,operon-adjacent (synteny)
OG00045,OG00194,8,operon-adjacent (synteny)
OG01002,OG01919,8,operon-adjacent (synteny)
OG02253,OG03253,8,operon-adjacent (synteny)
OG02267,OG02941,8,operon-adjacent (synteny)
OG00074,OG03728,8,operon-adjacent (synteny)
OG00074,OG01172,8,operon-adjacent (synteny)
OG00074,OG01304,8,operon-adjacent (synteny)
OG00739,OG02013,8,operon-adjacent (synteny)
OG00663,OG11240,8,operon-adjacent (synteny)
OG00122,OG02158,8,operon-adjacent (synteny)
OG00650,OG02501,8,operon-adjacent (synteny)
OG00659,OG03957,8,operon-adjacent (synteny)
OG01653,OG09221,8,operon-adjacent (synteny)
OG01653,OG11219,8,operon-adjacent (synteny)
OG01661,OG14064,8,operon-adjacent (synteny)
OG01674,OG01997,8,operon-adjacent (synteny)
OG00464,OG01256,8,operon-adjacent (synteny)
OG00468,OG11358,8,operon-adjacent (synteny)
OG00469,OG00635,8,operon-adjacent (synteny)
OG00474,OG07068,8,operon-adjacent (synteny)
OG00005,OG00880,8,operon-adjacent (synteny)
OG00004,OG01324,8,operon-adjacent (synteny)
OG00001,OG04571,8,operon-adjacent (synteny)
OG00460,OG00628,8,operon-adjacent (synteny)
OG01012,OG02188,8,operon-adjacent (synteny)
OG01044,OG01671,8,operon-adjacent (synteny)
OG01043,OG03341,8,operon-adjacent (synteny)
OG00071,OG04624,8,operon-adjacent (synteny)
OG02232,OG11641,8,operon-adjacent (synteny)
OG00486,OG03448,8,operon-adjacent (synteny)
OG00480,OG02067,8,operon-adjacent (synteny)
OG00480,OG01996,8,operon-adjacent (synteny)
OG11497,OG14526,8,operon-adjacent (synteny)
OG11448,OG11479,8,operon-adjacent (synteny)
OG11429,OG11756,8,operon-adjacent (synteny)
OG01049,OG03863,8,operon-adjacent (synteny)
OG01051,OG01771,8,operon-adjacent (synteny)
OG00009,OG04868,8,operon-adjacent (synteny)
OG00009,OG05910,8,operon-adjacent (synteny)
OG11684,OG11763,8,operon-adjacent (synteny)
OG01732,OG02592,8,operon-adjacent (synteny)
OG00102,OG05700,8,operon-adjacent (synteny)
OG00045,OG05168,8,operon-adjacent (synteny)
OG00224,OG06565,8,operon-adjacent (synteny)
OG01006,OG11918,8,operon-adjacent (synteny)
OG01003,OG05123,8,operon-adjacent (synteny)
OG00003,OG12240,8,operon-adjacent (synteny)
OG11496,OG16338,8,operon-adjacent (synteny)
OG02179,OG11318,8,operon-adjacent (synteny)
OG02231,OG11302,8,operon-adjacent (synteny)
OG00070,OG09150,8,operon-adjacent (synteny)
OG02180,OG06747,8,operon-adjacent (synteny)
OG01370,OG11485,8,operon-adjacent (synteny)
OG04912,OG13506,8,operon-adjacent (synteny)
OG00019,OG11768,8,operon-adjacent (synteny)
OG04439,OG14603,8,operon-adjacent (synteny)
OG00221,OG02494,8,operon-adjacent (synteny)
OG00224,OG00401,8,operon-adjacent (synteny)
OG00221,OG00916,8,operon-adjacent (synteny)
OG16483,OG16612,8,operon-adjacent (synteny)
OG02195,OG02553,8,operon-adjacent (synteny)
OG00475,OG02094,8,operon-adjacent (synteny)
OG00475,OG01329,8,operon-adjacent (synteny)
OG00003,OG11482,8,operon-adjacent (synteny)
OG01038,OG01284,8,operon-adjacent (synteny)
OG00231,OG00305,8,operon-adjacent (synteny)
OG01063,OG02621,8,operon-adjacent (synteny)
OG00445,OG00572,8,operon-adjacent (synteny)
OG00453,OG01409,8,operon-adjacent (synteny)
OG00224,OG06977,8,operon-adjacent (synteny)
OG00224,OG01577,8,operon-adjacent (synteny)
OG00483,OG12183,8,operon-adjacent (synteny)
OG00460,OG16273,8,operon-adjacent (synteny)
OG01038,OG02682,8,operon-adjacent (synteny)
OG00231,OG06043,8,operon-adjacent (synteny)
OG16339,OG16612,8,operon-adjacent (synteny)
OG15902,OG16038,8,operon-adjacent (synteny)
OG11537,OG11705,8,operon-adjacent (synteny)
OG01029,OG01375,8,operon-adjacent (synteny)
OG01037,OG01282,8,operon-adjacent (synteny)
OG00002,OG01181,7,operon-adjacent (synteny)
OG00003,OG01979,7,operon-adjacent (synteny)
OG00003,OG02257,7,operon-adjacent (synteny)
OG11587,OG14543,7,operon-adjacent (synteny)
OG11594,OG16500,7,operon-adjacent (synteny)
OG11524,OG11659,7,operon-adjacent (synteny)
OG00003,OG14020,7,operon-adjacent (synteny)
OG00451,OG01091,7,operon-adjacent (synteny)
OG00488,OG09818,7,operon-adjacent (synteny)
OG00487,OG11783,7,operon-adjacent (synteny)
OG00486,OG03827,7,operon-adjacent (synteny)
OG11577,OG14608,7,operon-adjacent (synteny)
OG11305,OG11599,7,operon-adjacent (synteny)
OG00014,OG00093,7,operon-adjacent (synteny)
OG01019,OG01478,7,operon-adjacent (synteny)
OG00234,OG11464,7,operon-adjacent (synteny)
OG01032,OG02765,7,operon-adjacent (synteny)
OG01029,OG04182,7,operon-adjacent (synteny)
OG01029,OG01516,7,operon-adjacent (synteny)
OG01026,OG09137,7,operon-adjacent (synteny)
OG01043,OG01785,7,operon-adjacent (synteny)
OG01041,OG01069,7,operon-adjacent (synteny)
OG00235,OG01451,7,operon-adjacent (synteny)
OG00235,OG01509,7,operon-adjacent (synteny)
OG00231,OG11679,7,operon-adjacent (synteny)
OG00231,OG13010,7,operon-adjacent (synteny)
OG00231,OG05795,7,operon-adjacent (synteny)
OG00231,OG02628,7,operon-adjacent (synteny)
OG00231,OG03333,7,operon-adjacent (synteny)
OG00231,OG03719,7,operon-adjacent (synteny)
OG00231,OG01691,7,operon-adjacent (synteny)
OG00016,OG00345,7,operon-adjacent (synteny)
OG11213,OG11298,7,operon-adjacent (synteny)
OG11227,OG14614,7,operon-adjacent (synteny)
OG11198,OG11738,7,operon-adjacent (synteny)
OG00495,OG01740,7,operon-adjacent (synteny)
OG00490,OG01574,7,operon-adjacent (synteny)
OG00019,OG00058,7,operon-adjacent (synteny)
OG00435,OG00738,7,operon-adjacent (synteny)
OG00494,OG01164,7,operon-adjacent (synteny)
OG09143,OG13511,7,operon-adjacent (synteny)
OG00230,OG00488,7,operon-adjacent (synteny)
OG00224,OG15911,7,operon-adjacent (synteny)
OG01070,OG01906,7,operon-adjacent (synteny)
OG01065,OG14560,7,operon-adjacent (synteny)
OG01011,OG01660,7,operon-adjacent (synteny)
OG00236,OG01240,7,operon-adjacent (synteny)
OG01016,OG04071,7,operon-adjacent (synteny)
OG01014,OG01762,7,operon-adjacent (synteny)
OG01014,OG13545,7,operon-adjacent (synteny)
OG01060,OG01663,7,operon-adjacent (synteny)
OG01053,OG01571,7,operon-adjacent (synteny)
OG01054,OG01220,7,operon-adjacent (synteny)
OG01051,OG02607,7,operon-adjacent (synteny)
OG00016,OG01833,7,operon-adjacent (synteny)
OG00016,OG02307,7,operon-adjacent (synteny)
OG11185,OG11187,7,operon-adjacent (synteny)
OG11193,OG11319,7,operon-adjacent (synteny)
OG11173,OG11683,7,operon-adjacent (synteny)
OG11176,OG11517,7,operon-adjacent (synteny)
OG11160,OG11337,7,operon-adjacent (synteny)
OG00019,OG00249,7,operon-adjacent (synteny)
OG00430,OG01168,7,operon-adjacent (synteny)
OG00516,OG01356,7,operon-adjacent (synteny)
OG00514,OG04258,7,operon-adjacent (synteny)
OG00514,OG09488,7,operon-adjacent (synteny)
OG07099,OG11213,7,operon-adjacent (synteny)
OG07064,OG15811,7,operon-adjacent (synteny)
OG06977,OG11541,7,operon-adjacent (synteny)
OG06919,OG11206,7,operon-adjacent (synteny)
OG01100,OG06927,7,operon-adjacent (synteny)
OG01101,OG01574,7,operon-adjacent (synteny)
OG01094,OG09280,7,operon-adjacent (synteny)
OG00224,OG00731,7,operon-adjacent (synteny)
OG00214,OG00305,7,operon-adjacent (synteny)
OG01110,OG01385,7,operon-adjacent (synteny)
OG01000,OG01771,7,operon-adjacent (synteny)
OG01000,OG02596,7,operon-adjacent (synteny)
OG00218,OG11561,7,operon-adjacent (synteny)
OG01081,OG01549,7,operon-adjacent (synteny)
OG01081,OG14585,7,operon-adjacent (synteny)
OG00244,OG02770,7,operon-adjacent (synteny)
OG00245,OG00464,7,operon-adjacent (synteny)
OG01065,OG01234,7,operon-adjacent (synteny)
OG01065,OG01246,7,operon-adjacent (synteny)
OG00231,OG01002,7,operon-adjacent (synteny)
OG00224,OG01172,7,operon-adjacent (synteny)
OG00224,OG00531,7,operon-adjacent (synteny)
OG00221,OG01458,7,operon-adjacent (synteny)
OG00221,OG02745,7,operon-adjacent (synteny)
OG00435,OG00581,7,operon-adjacent (synteny)
OG00019,OG00180,7,operon-adjacent (synteny)
OG00019,OG00195,7,operon-adjacent (synteny)
OG00019,OG00130,7,operon-adjacent (synteny)
OG06803,OG11680,7,operon-adjacent (synteny)
OG06814,OG13516,7,operon-adjacent (synteny)
OG00019,OG00663,7,operon-adjacent (synteny)
OG00428,OG04576,7,operon-adjacent (synteny)
OG00019,OG00762,7,operon-adjacent (synteny)
OG00019,OG00406,7,operon-adjacent (synteny)
OG00019,OG00305,7,operon-adjacent (synteny)
OG00019,OG00310,7,operon-adjacent (synteny)
OG06851,OG16360,7,operon-adjacent (synteny)
OG00019,OG00965,7,operon-adjacent (synteny)
OG00200,OG00367,7,operon-adjacent (synteny)
OG00200,OG04424,7,operon-adjacent (synteny)
OG00200,OG06195,7,operon-adjacent (synteny)
OG00196,OG06925,7,operon-adjacent (synteny)
OG00197,OG00806,7,operon-adjacent (synteny)
OG00245,OG02615,7,operon-adjacent (synteny)
OG00245,OG01461,7,operon-adjacent (synteny)
OG00245,OG01653,7,operon-adjacent (synteny)
OG00245,OG00926,7,operon-adjacent (synteny)
OG00245,OG01323,7,operon-adjacent (synteny)
OG01141,OG04299,7,operon-adjacent (synteny)
OG01144,OG01219,7,operon-adjacent (synteny)
OG01135,OG02193,7,operon-adjacent (synteny)
OG01133,OG01133,7,operon-adjacent (synteny)
OG00217,OG04104,7,operon-adjacent (synteny)
OG01114,OG13578,7,operon-adjacent (synteny)
OG01109,OG04038,7,operon-adjacent (synteny)
OG00204,OG00667,7,operon-adjacent (synteny)
OG00204,OG01439,7,operon-adjacent (synteny)
OG06255,OG06588,7,operon-adjacent (synteny)
OG00019,OG00486,7,operon-adjacent (synteny)
OG00019,OG00495,7,operon-adjacent (synteny)
OG00545,OG12293,7,operon-adjacent (synteny)
OG00533,OG04220,7,operon-adjacent (synteny)
OG06562,OG09488,7,operon-adjacent (synteny)
OG06370,OG06580,7,operon-adjacent (synteny)
OG05965,OG05998,7,operon-adjacent (synteny)
OG05975,OG11176,7,operon-adjacent (synteny)
OG00019,OG01835,7,operon-adjacent (synteny)
OG05579,OG05770,7,operon-adjacent (synteny)
OG00019,OG02592,7,operon-adjacent (synteny)
OG00019,OG01194,7,operon-adjacent (synteny)
OG00975,OG14584,7,operon-adjacent (synteny)
OG01178,OG05018,7,operon-adjacent (synteny)
OG01180,OG01853,7,operon-adjacent (synteny)
OG01176,OG01430,7,operon-adjacent (synteny)
OG00245,OG07053,7,operon-adjacent (synteny)
OG00245,OG05098,7,operon-adjacent (synteny)
OG00978,OG02400,7,operon-adjacent (synteny)
OG00194,OG04348,7,operon-adjacent (synteny)
OG01163,OG09280,7,operon-adjacent (synteny)
OG00980,OG01072,7,operon-adjacent (synteny)
OG01154,OG01708,7,operon-adjacent (synteny)
OG01157,OG01170,7,operon-adjacent (synteny)
OG01169,OG01333,7,operon-adjacent (synteny)
OG00194,OG11395,7,operon-adjacent (synteny)
OG00194,OG09155,7,operon-adjacent (synteny)
OG05667,OG11348,7,operon-adjacent (synteny)
OG05594,OG16211,7,operon-adjacent (synteny)
OG05595,OG05886,7,operon-adjacent (synteny)
OG00559,OG01478,7,operon-adjacent (synteny)
OG05765,OG06220,7,operon-adjacent (synteny)
OG05747,OG14473,7,operon-adjacent (synteny)
OG05448,OG11760,7,operon-adjacent (synteny)
OG05330,OG05927,7,operon-adjacent (synteny)
OG00019,OG04944,7,operon-adjacent (synteny)
OG00019,OG04528,7,operon-adjacent (synteny)
OG05005,OG05169,7,operon-adjacent (synteny)
OG04932,OG09852,7,operon-adjacent (synteny)
OG00413,OG02041,7,operon-adjacent (synteny)
OG00567,OG01520,7,operon-adjacent (synteny)
OG00565,OG04538,7,operon-adjacent (synteny)
OG00422,OG02275,7,operon-adjacent (synteny)
OG00418,OG09221,7,operon-adjacent (synteny)
OG04840,OG15164,7,operon-adjacent (synteny)
OG04805,OG08928,7,operon-adjacent (synteny)
OG00019,OG05875,7,operon-adjacent (synteny)
OG00019,OG05729,7,operon-adjacent (synteny)
OG00413,OG04234,7,operon-adjacent (synteny)
OG04896,OG04926,7,operon-adjacent (synteny)
OG04884,OG05135,7,operon-adjacent (synteny)
OG04885,OG09178,7,operon-adjacent (synteny)
OG04828,OG04877,7,operon-adjacent (synteny)
OG01183,OG05026,7,operon-adjacent (synteny)
OG01183,OG06586,7,operon-adjacent (synteny)
OG01183,OG01741,7,operon-adjacent (synteny)
OG01183,OG02111,7,operon-adjacent (synteny)
OG00194,OG03467,7,operon-adjacent (synteny)
OG00255,OG00398,7,operon-adjacent (synteny)
OG00194,OG00474,7,operon-adjacent (synteny)
OG00194,OG00258,7,operon-adjacent (synteny)
OG00194,OG00417,7,operon-adjacent (synteny)
OG00245,OG16742,7,operon-adjacent (synteny)
OG00245,OG13524,7,operon-adjacent (synteny)
OG00967,OG02221,7,operon-adjacent (synteny)
OG01172,OG04236,7,operon-adjacent (synteny)
OG01171,OG02075,7,operon-adjacent (synteny)
OG01167,OG04995,7,operon-adjacent (synteny)
OG01168,OG12737,7,operon-adjacent (synteny)
OG01169,OG01248,7,operon-adjacent (synteny)
OG00975,OG01948,7,operon-adjacent (synteny)
OG00975,OG02599,7,operon-adjacent (synteny)
OG00255,OG01466,7,operon-adjacent (synteny)
OG00189,OG01328,7,operon-adjacent (synteny)
OG00188,OG11888,7,operon-adjacent (synteny)
OG00192,OG01025,7,operon-adjacent (synteny)
OG00192,OG01132,7,operon-adjacent (synteny)
OG00192,OG01699,7,operon-adjacent (synteny)
OG00252,OG03132,7,operon-adjacent (synteny)
OG00252,OG03689,7,operon-adjacent (synteny)
OG00248,OG00780,7,operon-adjacent (synteny)
OG00249,OG00360,7,operon-adjacent (synteny)
OG00957,OG02685,7,operon-adjacent (synteny)
OG01213,OG03579,7,operon-adjacent (synteny)
OG01215,OG01791,7,operon-adjacent (synteny)
OG01210,OG01306,7,operon-adjacent (synteny)
OG01210,OG12554,7,operon-adjacent (synteny)
OG00192,OG03467,7,operon-adjacent (synteny)
OG00192,OG00824,7,operon-adjacent (synteny)
OG01190,OG02227,7,operon-adjacent (synteny)
OG01189,OG01865,7,operon-adjacent (synteny)
OG00194,OG00727,7,operon-adjacent (synteny)
OG00194,OG00795,7,operon-adjacent (synteny)
OG00189,OG11607,7,operon-adjacent (synteny)
OG04435,OG12241,7,operon-adjacent (synteny)
OG04350,OG04593,7,operon-adjacent (synteny)
OG04663,OG11262,7,operon-adjacent (synteny)
OG04549,OG12133,7,operon-adjacent (synteny)
OG00582,OG00582,7,operon-adjacent (synteny)
OG00572,OG01005,7,operon-adjacent (synteny)
OG00572,OG01430,7,operon-adjacent (synteny)
OG00020,OG00088,7,operon-adjacent (synteny)
OG00020,OG01554,7,operon-adjacent (synteny)
OG00583,OG01758,7,operon-adjacent (synteny)
OG00582,OG02123,7,operon-adjacent (synteny)
OG00582,OG02292,7,operon-adjacent (synteny)
OG00180,OG01301,7,operon-adjacent (synteny)
OG01274,OG04616,7,operon-adjacent (synteny)
OG01271,OG14527,7,operon-adjacent (synteny)
OG01272,OG01894,7,operon-adjacent (synteny)
OG01269,OG01274,7,operon-adjacent (synteny)
OG00940,OG02346,7,operon-adjacent (synteny)
OG00940,OG14609,7,operon-adjacent (synteny)
OG00931,OG01491,7,operon-adjacent (synteny)
OG00180,OG11415,7,operon-adjacent (synteny)
OG01254,OG02596,7,operon-adjacent (synteny)
OG01243,OG04286,7,operon-adjacent (synteny)
OG01239,OG16507,7,operon-adjacent (synteny)
OG01240,OG06746,7,operon-adjacent (synteny)
OG00255,OG01357,7,operon-adjacent (synteny)
OG00945,OG02165,7,operon-adjacent (synteny)
OG01217,OG04079,7,operon-adjacent (synteny)
OG00190,OG11533,7,operon-adjacent (synteny)
OG00188,OG00474,7,operon-adjacent (synteny)
OG00188,OG00556,7,operon-adjacent (synteny)
OG00188,OG00948,7,operon-adjacent (synteny)
OG04342,OG04541,7,operon-adjacent (synteny)
OG04348,OG04393,7,operon-adjacent (synteny)
OG04299,OG11772,7,operon-adjacent (synteny)
OG04280,OG04300,7,operon-adjacent (synteny)
OG04162,OG04750,7,operon-adjacent (synteny)
OG00596,OG01054,7,operon-adjacent (synteny)
OG00024,OG01172,7,operon-adjacent (synteny)
OG00405,OG06979,7,operon-adjacent (synteny)
OG00405,OG00542,7,operon-adjacent (synteny)
OG03739,OG05661,7,operon-adjacent (synteny)
OG03740,OG11386,7,operon-adjacent (synteny)
OG00174,OG00759,7,operon-adjacent (synteny)
OG01303,OG03790,7,operon-adjacent (synteny)
OG01294,OG01977,7,operon-adjacent (synteny)
OG01296,OG01679,7,operon-adjacent (synteny)
OG00258,OG01021,7,operon-adjacent (synteny)
OG00926,OG02326,7,operon-adjacent (synteny)
OG01282,OG03319,7,operon-adjacent (synteny)
OG01279,OG11623,7,operon-adjacent (synteny)
OG00181,OG01189,7,operon-adjacent (synteny)
OG00929,OG01612,7,operon-adjacent (synteny)
OG00256,OG13010,7,operon-adjacent (synteny)
OG00257,OG02230,7,operon-adjacent (synteny)
OG01260,OG03710,7,operon-adjacent (synteny)
OG00188,OG01688,7,operon-adjacent (synteny)
OG00178,OG00342,7,operon-adjacent (synteny)
OG00174,OG11582,7,operon-adjacent (synteny)
OG03652,OG11697,7,operon-adjacent (synteny)
OG00030,OG00299,7,operon-adjacent (synteny)
OG00030,OG00099,7,operon-adjacent (synteny)
OG00600,OG05740,7,operon-adjacent (synteny)
OG00024,OG02983,7,operon-adjacent (synteny)
OG03709,OG05954,7,operon-adjacent (synteny)
OG03690,OG05305,7,operon-adjacent (synteny)
OG03655,OG04225,7,operon-adjacent (synteny)
OG03652,OG03827,7,operon-adjacent (synteny)
OG00399,OG01598,7,operon-adjacent (synteny)
OG00606,OG00645,7,operon-adjacent (synteny)
OG00605,OG06920,7,operon-adjacent (synteny)
OG03560,OG03890,7,operon-adjacent (synteny)
OG03550,OG03733,7,operon-adjacent (synteny)
OG03544,OG03727,7,operon-adjacent (synteny)
OG03516,OG15709,7,operon-adjacent (synteny)
OG00165,OG01298,7,operon-adjacent (synteny)
OG00916,OG01881,7,operon-adjacent (synteny)
OG00265,OG02125,7,operon-adjacent (synteny)
OG00265,OG01037,7,operon-adjacent (synteny)
OG00174,OG03584,7,operon-adjacent (synteny)
OG00174,OG01638,7,operon-adjacent (synteny)
OG00259,OG03027,7,operon-adjacent (synteny)
OG00258,OG01044,7,operon-adjacent (synteny)
OG00171,OG02924,7,operon-adjacent (synteny)
OG00168,OG01508,7,operon-adjacent (synteny)
OG00174,OG01784,7,operon-adjacent (synteny)
OG00174,OG02266,7,operon-adjacent (synteny)
OG03429,OG11485,7,operon-adjacent (synteny)
OG03437,OG15164,7,operon-adjacent (synteny)
OG03409,OG03586,7,operon-adjacent (synteny)
OG03385,OG03614,7,operon-adjacent (synteny)
OG00032,OG00686,7,operon-adjacent (synteny)
OG00613,OG00633,7,operon-adjacent (synteny)
OG00609,OG01750,7,operon-adjacent (synteny)
OG00611,OG01218,7,operon-adjacent (synteny)
OG00398,OG06926,7,operon-adjacent (synteny)
OG00619,OG00663,7,operon-adjacent (synteny)
OG03307,OG03342,7,operon-adjacent (synteny)
OG03296,OG13346,7,operon-adjacent (synteny)
OG00032,OG01885,7,operon-adjacent (synteny)
OG00032,OG02095,7,operon-adjacent (synteny)
OG00629,OG01858,7,operon-adjacent (synteny)
OG00032,OG00250,7,operon-adjacent (synteny)
OG00395,OG01294,7,operon-adjacent (synteny)
OG00391,OG12484,7,operon-adjacent (synteny)
OG00633,OG01890,7,operon-adjacent (synteny)
OG00627,OG04026,7,operon-adjacent (synteny)
OG00032,OG01336,7,operon-adjacent (synteny)
OG00032,OG01457,7,operon-adjacent (synteny)
OG03218,OG03593,7,operon-adjacent (synteny)
OG03184,OG11524,7,operon-adjacent (synteny)
OG03058,OG12786,7,operon-adjacent (synteny)
OG00032,OG01665,7,operon-adjacent (synteny)
OG01364,OG02267,7,operon-adjacent (synteny)
OG00162,OG00582,7,operon-adjacent (synteny)
OG00156,OG12186,7,operon-adjacent (synteny)
OG00156,OG07009,7,operon-adjacent (synteny)
OG01365,OG02552,7,operon-adjacent (synteny)
OG00895,OG12293,7,operon-adjacent (synteny)
OG00894,OG03674,7,operon-adjacent (synteny)
OG00267,OG02624,7,operon-adjacent (synteny)
OG00156,OG11583,7,operon-adjacent (synteny)
OG00156,OG11607,7,operon-adjacent (synteny)
OG01351,OG11198,7,operon-adjacent (synteny)
OG01343,OG02176,7,operon-adjacent (synteny)
OG00642,OG06875,7,operon-adjacent (synteny)
OG00642,OG12421,7,operon-adjacent (synteny)
OG00638,OG01967,7,operon-adjacent (synteny)
OG00034,OG00099,7,operon-adjacent (synteny)
OG00032,OG03624,7,operon-adjacent (synteny)
OG03100,OG04114,7,operon-adjacent (synteny)
OG03002,OG03243,7,operon-adjacent (synteny)
OG02990,OG11386,7,operon-adjacent (synteny)
OG00036,OG00102,7,operon-adjacent (synteny)
OG00036,OG00666,7,operon-adjacent (synteny)
OG02954,OG12786,7,operon-adjacent (synteny)
OG00034,OG01439,7,operon-adjacent (synteny)
OG03010,OG03690,7,operon-adjacent (synteny)
OG00034,OG03750,7,operon-adjacent (synteny)
OG00151,OG01679,7,operon-adjacent (synteny)
OG00151,OG01172,7,operon-adjacent (synteny)
OG00150,OG00501,7,operon-adjacent (synteny)
OG00151,OG00166,7,operon-adjacent (synteny)
OG00151,OG00481,7,operon-adjacent (synteny)
OG00887,OG01045,7,operon-adjacent (synteny)
OG00885,OG01076,7,operon-adjacent (synteny)
OG00881,OG09112,7,operon-adjacent (synteny)
OG01371,OG01823,7,operon-adjacent (synteny)
OG01369,OG02319,7,operon-adjacent (synteny)
OG00151,OG02477,7,operon-adjacent (synteny)
OG01383,OG15904,7,operon-adjacent (synteny)
OG00156,OG00776,7,operon-adjacent (synteny)
OG00156,OG00916,7,operon-adjacent (synteny)
OG00156,OG00975,7,operon-adjacent (synteny)
OG00156,OG00411,7,operon-adjacent (synteny)
OG00156,OG00199,7,operon-adjacent (synteny)
OG00151,OG16198,7,operon-adjacent (synteny)
OG00039,OG00427,7,operon-adjacent (synteny)
OG02909,OG04079,7,operon-adjacent (synteny)
OG00036,OG00099,7,operon-adjacent (synteny)
OG00039,OG07662,7,operon-adjacent (synteny)
OG00038,OG00788,7,operon-adjacent (synteny)
OG02859,OG03163,7,operon-adjacent (synteny)
OG02815,OG03593,7,operon-adjacent (synteny)
OG02807,OG11429,7,operon-adjacent (synteny)
OG02802,OG03035,7,operon-adjacent (synteny)
OG00045,OG04977,7,operon-adjacent (synteny)
OG00044,OG00257,7,operon-adjacent (synteny)
OG02856,OG03360,7,operon-adjacent (synteny)
OG02774,OG09257,7,operon-adjacent (synteny)
OG00045,OG01077,7,operon-adjacent (synteny)
OG00045,OG00554,7,operon-adjacent (synteny)
OG00045,OG00192,7,operon-adjacent (synteny)
OG00045,OG00355,7,operon-adjacent (synteny)
OG02682,OG03790,7,operon-adjacent (synteny)
OG00674,OG01146,7,operon-adjacent (synteny)
OG00669,OG01857,7,operon-adjacent (synteny)
OG00386,OG01011,7,operon-adjacent (synteny)
OG00382,OG01770,7,operon-adjacent (synteny)
OG02659,OG16742,7,operon-adjacent (synteny)
OG02716,OG11754,7,operon-adjacent (synteny)
OG02687,OG05476,7,operon-adjacent (synteny)
OG00053,OG01071,7,operon-adjacent (synteny)
OG00053,OG01311,7,operon-adjacent (synteny)
OG00053,OG00339,7,operon-adjacent (synteny)
OG02667,OG04663,7,operon-adjacent (synteny)
OG00875,OG02070,7,operon-adjacent (synteny)
OG00284,OG01703,7,operon-adjacent (synteny)
OG01446,OG01586,7,operon-adjacent (synteny)
OG00144,OG12333,7,operon-adjacent (synteny)
OG00143,OG16582,7,operon-adjacent (synteny)
OG00273,OG03608,7,operon-adjacent (synteny)
OG00274,OG00274,7,operon-adjacent (synteny)
OG00878,OG01682,7,operon-adjacent (synteny)
OG00875,OG03554,7,operon-adjacent (synteny)
OG01421,OG03067,7,operon-adjacent (synteny)
OG01420,OG03287,7,operon-adjacent (synteny)
OG01390,OG03668,7,operon-adjacent (synteny)
OG00148,OG01273,7,operon-adjacent (synteny)
OG00147,OG00156,7,operon-adjacent (synteny)
OG02628,OG07054,7,operon-adjacent (synteny)
OG02596,OG12892,7,operon-adjacent (synteny)
OG00684,OG02324,7,operon-adjacent (synteny)
OG00682,OG04225,7,operon-adjacent (synteny)
OG00677,OG01551,7,operon-adjacent (synteny)
OG00679,OG01358,7,operon-adjacent (synteny)
OG00679,OG01943,7,operon-adjacent (synteny)
OG02513,OG06980,7,operon-adjacent (synteny)
OG00368,OG01462,7,operon-adjacent (synteny)
OG00689,OG01245,7,operon-adjacent (synteny)
OG00687,OG06046,7,operon-adjacent (synteny)
OG02564,OG02821,7,operon-adjacent (synteny)
OG02542,OG03730,7,operon-adjacent (synteny)
OG02532,OG03269,7,operon-adjacent (synteny)
OG00143,OG01630,7,operon-adjacent (synteny)
OG00143,OG01699,7,operon-adjacent (synteny)
OG01490,OG05045,7,operon-adjacent (synteny)
OG01478,OG16566,7,operon-adjacent (synteny)
OG00873,OG03410,7,operon-adjacent (synteny)
OG00873,OG11721,7,operon-adjacent (synteny)
OG00863,OG03748,7,operon-adjacent (synteny)
OG01491,OG12868,7,operon-adjacent (synteny)
OG00143,OG01930,7,operon-adjacent (synteny)
OG00143,OG03750,7,operon-adjacent (synteny)
OG00143,OG04162,7,operon-adjacent (synteny)
OG01451,OG01620,7,operon-adjacent (synteny)
OG01457,OG02875,7,operon-adjacent (synteny)
OG00148,OG04806,7,operon-adjacent (synteny)
OG00148,OG10694,7,operon-adjacent (synteny)
OG00143,OG06610,7,operon-adjacent (synteny)
OG00143,OG06955,7,operon-adjacent (synteny)
OG00143,OG04236,7,operon-adjacent (synteny)
OG00368,OG01524,7,operon-adjacent (synteny)
OG00053,OG00053,7,operon-adjacent (synteny)
OG02566,OG06460,7,operon-adjacent (synteny)
OG02567,OG11561,7,operon-adjacent (synteny)
OG02475,OG11783,7,operon-adjacent (synteny)
OG02477,OG02583,7,operon-adjacent (synteny)
OG00365,OG03629,7,operon-adjacent (synteny)
OG00693,OG14039,7,operon-adjacent (synteny)
OG02502,OG04071,7,operon-adjacent (synteny)
OG02507,OG11186,7,operon-adjacent (synteny)
OG02499,OG02725,7,operon-adjacent (synteny)
OG02495,OG02495,7,operon-adjacent (synteny)
OG00055,OG03488,7,operon-adjacent (synteny)
OG00055,OG03792,7,operon-adjacent (synteny)
OG00053,OG14550,7,operon-adjacent (synteny)
OG00053,OG03775,7,operon-adjacent (synteny)
OG00053,OG04319,7,operon-adjacent (synteny)
OG00143,OG00524,7,operon-adjacent (synteny)
OG00143,OG00537,7,operon-adjacent (synteny)
OG01520,OG02085,7,operon-adjacent (synteny)
OG01518,OG11161,7,operon-adjacent (synteny)
OG00294,OG13611,7,operon-adjacent (synteny)
OG00294,OG00391,7,operon-adjacent (synteny)
OG00849,OG04536,7,operon-adjacent (synteny)
OG01504,OG12387,7,operon-adjacent (synteny)
OG01498,OG01611,7,operon-adjacent (synteny)
OG01493,OG01899,7,operon-adjacent (synteny)
OG00143,OG01279,7,operon-adjacent (synteny)
OG01509,OG03776,7,operon-adjacent (synteny)
OG00055,OG00534,7,operon-adjacent (synteny)
OG00055,OG00255,7,operon-adjacent (synteny)
OG00055,OG00055,7,operon-adjacent (synteny)
OG02461,OG16184,7,operon-adjacent (synteny)
OG02452,OG11452,7,operon-adjacent (synteny)
OG00703,OG04819,7,operon-adjacent (synteny)
OG00703,OG05224,7,operon-adjacent (synteny)
OG00366,OG01515,7,operon-adjacent (synteny)
OG00055,OG00366,7,operon-adjacent (synteny)
OG02409,OG04576,7,operon-adjacent (synteny)
OG02411,OG02707,7,operon-adjacent (synteny)
OG00363,OG02324,7,operon-adjacent (synteny)
OG00363,OG00725,7,operon-adjacent (synteny)
OG00055,OG01260,7,operon-adjacent (synteny)
OG02431,OG04700,7,operon-adjacent (synteny)
OG02431,OG11716,7,operon-adjacent (synteny)
OG02433,OG12035,7,operon-adjacent (synteny)
OG02409,OG02601,7,operon-adjacent (synteny)
OG00841,OG04615,7,operon-adjacent (synteny)
OG00135,OG01692,7,operon-adjacent (synteny)
OG00135,OG01870,7,operon-adjacent (synteny)
OG01591,OG01637,7,operon-adjacent (synteny)
OG01576,OG02810,7,operon-adjacent (synteny)
OG01577,OG11528,7,operon-adjacent (synteny)
OG01547,OG02520,7,operon-adjacent (synteny)
OG01545,OG04295,7,operon-adjacent (synteny)
OG00843,OG11748,7,operon-adjacent (synteny)
OG00135,OG13469,7,operon-adjacent (synteny)
OG00135,OG11599,7,operon-adjacent (synteny)
OG01563,OG01693,7,operon-adjacent (synteny)
OG01515,OG02839,7,operon-adjacent (synteny)
OG01515,OG11703,7,operon-adjacent (synteny)
OG00143,OG01398,7,operon-adjacent (synteny)
OG01541,OG02586,7,operon-adjacent (synteny)
OG00707,OG01163,7,operon-adjacent (synteny)
OG00710,OG00948,7,operon-adjacent (synteny)
OG00055,OG03104,7,operon-adjacent (synteny)
OG00055,OG01630,7,operon-adjacent (synteny)
OG00055,OG00965,7,operon-adjacent (synteny)
OG00713,OG02410,7,operon-adjacent (synteny)
OG00711,OG11691,7,operon-adjacent (synteny)
OG00711,OG06728,7,operon-adjacent (synteny)
OG00711,OG00940,7,operon-adjacent (synteny)
OG02378,OG07073,7,operon-adjacent (synteny)
OG02369,OG02772,7,operon-adjacent (synteny)
OG02349,OG06955,7,operon-adjacent (synteny)
OG00361,OG11623,7,operon-adjacent (synteny)
OG00361,OG01693,7,operon-adjacent (synteny)
OG00061,OG00582,7,operon-adjacent (synteny)
OG02396,OG04857,7,operon-adjacent (synteny)
OG02393,OG02414,7,operon-adjacent (synteny)
OG02393,OG03800,7,operon-adjacent (synteny)
OG02389,OG11492,7,operon-adjacent (synteny)
OG02391,OG02760,7,operon-adjacent (synteny)
OG01630,OG02060,7,operon-adjacent (synteny)
OG01627,OG04858,7,operon-adjacent (synteny)
OG01620,OG03849,7,operon-adjacent (synteny)
OG01623,OG11310,7,operon-adjacent (synteny)
OG01615,OG09148,7,operon-adjacent (synteny)
OG00299,OG04159,7,operon-adjacent (synteny)
OG00299,OG06946,7,operon-adjacent (synteny)
OG00838,OG13398,7,operon-adjacent (synteny)
OG00835,OG01684,7,operon-adjacent (synteny)
OG00830,OG06818,7,operon-adjacent (synteny)
OG00305,OG03333,7,operon-adjacent (synteny)
OG00305,OG06323,7,operon-adjacent (synteny)
OG00135,OG06769,7,operon-adjacent (synteny)
OG00135,OG04990,7,operon-adjacent (synteny)
OG00135,OG01157,7,operon-adjacent (synteny)
OG00300,OG00582,7,operon-adjacent (synteny)
OG00300,OG01732,7,operon-adjacent (synteny)
OG00299,OG16198,7,operon-adjacent (synteny)
OG01597,OG05929,7,operon-adjacent (synteny)
OG01593,OG05476,7,operon-adjacent (synteny)
OG00122,OG00485,7,operon-adjacent (synteny)
OG01673,OG11435,7,operon-adjacent (synteny)
OG01675,OG02764,7,operon-adjacent (synteny)
OG01660,OG03961,7,operon-adjacent (synteny)
OG01653,OG11292,7,operon-adjacent (synteny)
OG00120,OG00993,7,operon-adjacent (synteny)
OG00119,OG00224,7,operon-adjacent (synteny)
OG00830,OG01590,7,operon-adjacent (synteny)
OG00826,OG02384,7,operon-adjacent (synteny)
OG00824,OG01899,7,operon-adjacent (synteny)
OG00128,OG00519,7,operon-adjacent (synteny)
OG00128,OG00863,7,operon-adjacent (synteny)
OG00130,OG00818,7,operon-adjacent (synteny)
OG01604,OG07096,7,operon-adjacent (synteny)
OG00135,OG00650,7,operon-adjacent (synteny)
OG00128,OG01902,7,operon-adjacent (synteny)
OG00059,OG00288,7,operon-adjacent (synteny)
OG00057,OG01784,7,operon-adjacent (synteny)
OG02340,OG04556,7,operon-adjacent (synteny)
OG00355,OG12929,7,operon-adjacent (synteny)
OG00718,OG11464,7,operon-adjacent (synteny)
OG00718,OG02188,7,operon-adjacent (synteny)
OG00718,OG02278,7,operon-adjacent (synteny)
OG00059,OG03775,7,operon-adjacent (synteny)
OG02301,OG02579,7,operon-adjacent (synteny)
OG00361,OG00745,7,operon-adjacent (synteny)
OG00060,OG12480,7,operon-adjacent (synteny)
OG00060,OG00956,7,operon-adjacent (synteny)
OG02315,OG04164,7,operon-adjacent (synteny)
OG02311,OG07031,7,operon-adjacent (synteny)
OG00101,OG11698,7,operon-adjacent (synteny)
OG01782,OG12590,7,operon-adjacent (synteny)
OG01757,OG03827,7,operon-adjacent (synteny)
OG01756,OG06305,7,operon-adjacent (synteny)
OG01755,OG15866,7,operon-adjacent (synteny)
OG01748,OG02191,7,operon-adjacent (synteny)
OG01748,OG08789,7,operon-adjacent (synteny)
OG00306,OG01905,7,operon-adjacent (synteny)
OG00817,OG01915,7,operon-adjacent (synteny)
OG00816,OG01183,7,operon-adjacent (synteny)
OG00810,OG03708,7,operon-adjacent (synteny)
OG00809,OG00877,7,operon-adjacent (synteny)
OG00806,OG01311,7,operon-adjacent (synteny)
OG01698,OG02085,7,operon-adjacent (synteny)
OG01688,OG01996,7,operon-adjacent (synteny)
OG01732,OG02353,7,operon-adjacent (synteny)
OG01684,OG12409,7,operon-adjacent (synteny)
OG01679,OG03385,7,operon-adjacent (synteny)
OG00112,OG11416,7,operon-adjacent (synteny)
OG01708,OG02395,7,operon-adjacent (synteny)
OG01708,OG11471,7,operon-adjacent (synteny)
OG02290,OG03668,7,operon-adjacent (synteny)
OG00355,OG01622,7,operon-adjacent (synteny)
OG00725,OG01082,7,operon-adjacent (synteny)
OG00725,OG02819,7,operon-adjacent (synteny)
OG00724,OG09236,7,operon-adjacent (synteny)
OG00067,OG00067,7,operon-adjacent (synteny)
OG02248,OG02445,7,operon-adjacent (synteny)
OG02244,OG11125,7,operon-adjacent (synteny)
OG02245,OG12484,7,operon-adjacent (synteny)
OG02248,OG02320,7,operon-adjacent (synteny)
OG02179,OG06919,7,operon-adjacent (synteny)
OG00070,OG02369,7,operon-adjacent (synteny)
OG02231,OG12973,7,operon-adjacent (synteny)
OG02261,OG04029,7,operon-adjacent (synteny)
OG02264,OG03907,7,operon-adjacent (synteny)
OG01824,OG02277,7,operon-adjacent (synteny)
OG01803,OG11716,7,operon-adjacent (synteny)
OG01872,OG02294,7,operon-adjacent (synteny)
OG01864,OG04492,7,operon-adjacent (synteny)
OG00322,OG00638,7,operon-adjacent (synteny)
OG00322,OG13488,7,operon-adjacent (synteny)
OG00316,OG01362,7,operon-adjacent (synteny)
OG01828,OG04078,7,operon-adjacent (synteny)
OG01823,OG04885,7,operon-adjacent (synteny)
OG01803,OG02223,7,operon-adjacent (synteny)
OG01794,OG11988,7,operon-adjacent (synteny)
OG01783,OG09240,7,operon-adjacent (synteny)
OG00102,OG02036,7,operon-adjacent (synteny)
OG00102,OG00210,7,operon-adjacent (synteny)
OG00109,OG00222,7,operon-adjacent (synteny)
OG00109,OG00885,7,operon-adjacent (synteny)
OG00110,OG01468,7,operon-adjacent (synteny)
OG00101,OG06114,7,operon-adjacent (synteny)
OG00071,OG01240,7,operon-adjacent (synteny)
OG02219,OG11161,7,operon-adjacent (synteny)
OG02220,OG03608,7,operon-adjacent (synteny)
OG02184,OG03788,7,operon-adjacent (synteny)
OG00739,OG02779,7,operon-adjacent (synteny)
OG00741,OG11952,7,operon-adjacent (synteny)
OG00737,OG00955,7,operon-adjacent (synteny)
OG00074,OG01509,7,operon-adjacent (synteny)
OG00355,OG00395,7,operon-adjacent (synteny)
OG00352,OG03104,7,operon-adjacent (synteny)
OG00075,OG00099,7,operon-adjacent (synteny)
OG00074,OG00391,7,operon-adjacent (synteny)
OG00074,OG00074,7,operon-adjacent (synteny)
OG00072,OG01310,7,operon-adjacent (synteny)
OG02160,OG02682,7,operon-adjacent (synteny)
OG00789,OG00840,7,operon-adjacent (synteny)
OG01942,OG11463,7,operon-adjacent (synteny)
OG00099,OG00754,7,operon-adjacent (synteny)
OG00099,OG00378,7,operon-adjacent (synteny)
OG01923,OG02092,7,operon-adjacent (synteny)
OG01919,OG11340,7,operon-adjacent (synteny)
OG00098,OG01764,7,operon-adjacent (synteny)
OG01893,OG08853,7,operon-adjacent (synteny)
OG01890,OG02340,7,operon-adjacent (synteny)
OG01888,OG02340,7,operon-adjacent (synteny)
OG01866,OG11227,7,operon-adjacent (synteny)
OG01861,OG06000,7,operon-adjacent (synteny)
OG01856,OG02076,7,operon-adjacent (synteny)
OG00099,OG06043,7,operon-adjacent (synteny)
OG00098,OG04567,7,operon-adjacent (synteny)
OG00098,OG00519,7,operon-adjacent (synteny)
OG02143,OG09112,7,operon-adjacent (synteny)
OG02127,OG03377,7,operon-adjacent (synteny)
OG00749,OG01695,7,operon-adjacent (synteny)
OG00074,OG00736,7,operon-adjacent (synteny)
OG02096,OG14576,7,operon-adjacent (synteny)
OG02100,OG11773,7,operon-adjacent (synteny)
OG02094,OG02393,7,operon-adjacent (synteny)
OG02095,OG16483,7,operon-adjacent (synteny)
OG00348,OG05045,7,operon-adjacent (synteny)
OG00348,OG05063,7,operon-adjacent (synteny)
OG00349,OG00493,7,operon-adjacent (synteny)
OG02114,OG04671,7,operon-adjacent (synteny)
OG02109,OG02667,7,operon-adjacent (synteny)
OG02101,OG02279,7,operon-adjacent (synteny)
OG02103,OG12256,7,operon-adjacent (synteny)
OG02096,OG02240,7,operon-adjacent (synteny)
OG00079,OG02851,7,operon-adjacent (synteny)
OG00079,OG01270,7,operon-adjacent (synteny)
OG01996,OG09201,7,operon-adjacent (synteny)
OG01996,OG16008,7,operon-adjacent (synteny)
OG01997,OG04499,7,operon-adjacent (synteny)
OG01989,OG11469,7,operon-adjacent (synteny)
OG01986,OG02432,7,operon-adjacent (synteny)
OG00779,OG02565,7,operon-adjacent (synteny)
OG00779,OG01396,7,operon-adjacent (synteny)
OG00087,OG02351,7,operon-adjacent (synteny)
OG00093,OG02349,7,operon-adjacent (synteny)
OG00093,OG02468,7,operon-adjacent (synteny)
OG00331,OG01765,7,operon-adjacent (synteny)
OG00331,OG11431,7,operon-adjacent (synteny)
OG00779,OG12553,7,operon-adjacent (synteny)
OG01932,OG12035,7,operon-adjacent (synteny)
OG01931,OG02361,7,operon-adjacent (synteny)
OG01931,OG09201,7,operon-adjacent (synteny)
OG01978,OG11219,7,operon-adjacent (synteny)
OG00075,OG04314,7,operon-adjacent (synteny)
OG00075,OG04746,7,operon-adjacent (synteny)
OG00074,OG06846,7,operon-adjacent (synteny)
OG02114,OG02440,7,operon-adjacent (synteny)
OG00075,OG01195,7,operon-adjacent (synteny)
OG00075,OG00493,7,operon-adjacent (synteny)
OG00075,OG00355,7,operon-adjacent (synteny)
OG00764,OG11706,7,operon-adjacent (synteny)
OG00766,OG02772,7,operon-adjacent (synteny)
OG00762,OG01224,7,operon-adjacent (synteny)
OG02058,OG09244,7,operon-adjacent (synteny)
OG02038,OG12480,7,operon-adjacent (synteny)
OG00345,OG00425,7,operon-adjacent (synteny)
OG00769,OG02100,7,operon-adjacent (synteny)
OG00075,OG01536,7,operon-adjacent (synteny)
OG00075,OG02085,7,operon-adjacent (synteny)
OG02065,OG04459,7,operon-adjacent (synteny)
OG02058,OG02751,7,operon-adjacent (synteny)
OG00776,OG01698,7,operon-adjacent (synteny)
OG00771,OG02349,7,operon-adjacent (synteny)
OG00772,OG01072,7,operon-adjacent (synteny)
OG00346,OG01164,7,operon-adjacent (synteny)
OG02029,OG02567,7,operon-adjacent (synteny)
OG02029,OG02649,7,operon-adjacent (synteny)
OG02012,OG11407,7,operon-adjacent (synteny)
OG02014,OG11380,7,operon-adjacent (synteny)
OG00341,OG02598,7,operon-adjacent (synteny)
OG00341,OG03539,7,operon-adjacent (synteny)
OG00078,OG00433,7,operon-adjacent (synteny)
OG00078,OG01076,7,operon-adjacent (synteny)
OG00079,OG00143,7,operon-adjacent (synteny)
OG00076,OG00299,7,operon-adjacent (synteny)
OG02028,OG04690,7,operon-adjacent (synteny)
OG02028,OG12333,7,operon-adjacent (synteny)
OG00479,OG01579,7,operon-adjacent (synteny)
OG00474,OG12241,7,operon-adjacent (synteny)
OG00001,OG01073,7,operon-adjacent (synteny)
OG00003,OG04121,7,operon-adjacent (synteny)
OG00009,OG12005,7,operon-adjacent (synteny)
OG00009,OG13513,7,operon-adjacent (synteny)
OG00010,OG01094,7,operon-adjacent (synteny)
OG00463,OG00796,7,operon-adjacent (synteny)
OG00461,OG04348,7,operon-adjacent (synteny)
OG12166,OG12922,7,operon-adjacent (synteny)
OG11904,OG12597,7,operon-adjacent (synteny)
OG11756,OG15788,7,operon-adjacent (synteny)
OG11664,OG11682,7,operon-adjacent (synteny)
OG11630,OG14610,7,operon-adjacent (synteny)
OG12909,OG13037,7,operon-adjacent (synteny)
OG12623,OG12628,7,operon-adjacent (synteny)
OG12256,OG13037,7,operon-adjacent (synteny)
OG16038,OG16507,7,operon-adjacent (synteny)
OG15902,OG16290,7,operon-adjacent (synteny)
OG00003,OG00231,7,operon-adjacent (synteny)
OG00003,OG00451,7,operon-adjacent (synteny)
OG00466,OG00494,7,operon-adjacent (synteny)
OG00473,OG01240,7,operon-adjacent (synteny)
OG12975,OG16273,7,operon-adjacent (synteny)
OG00005,OG04996,7,operon-adjacent (synteny)
OG00004,OG01794,7,operon-adjacent (synteny)
OG00004,OG11988,7,operon-adjacent (synteny)
OG14890,OG15508,7,operon-adjacent (synteny)
OG14473,OG14566,7,operon-adjacent (synteny)
OG14050,OG14185,7,operon-adjacent (synteny)
OG14002,OG14039,7,operon-adjacent (synteny)
OG13982,OG14143,7,operon-adjacent (synteny)
OG14940,OG15427,6,operon-adjacent (synteny)
OG14851,OG15427,6,operon-adjacent (synteny)
OG14574,OG16211,6,operon-adjacent (synteny)
OG14445,OG14457,6,operon-adjacent (synteny)
OG13751,OG13765,6,operon-adjacent (synteny)
OG11237,OG11535,6,operon-adjacent (synteny)
OG00231,OG09480,6,operon-adjacent (synteny)
OG01038,OG16465,6,operon-adjacent (synteny)
OG01041,OG03089,6,operon-adjacent (synteny)
OG00235,OG01523,6,operon-adjacent (synteny)
OG00235,OG01132,6,operon-adjacent (synteny)
OG01034,OG13405,6,operon-adjacent (synteny)
OG01032,OG02059,6,operon-adjacent (synteny)
OG00495,OG01294,6,operon-adjacent (synteny)
OG00490,OG00752,6,operon-adjacent (synteny)
OG11297,OG16534,6,operon-adjacent (synteny)
OG00016,OG00619,6,operon-adjacent (synteny)
OG00016,OG01310,6,operon-adjacent (synteny)
OG00014,OG01290,6,operon-adjacent (synteny)
OG00014,OG11786,6,operon-adjacent (synteny)
OG00014,OG14619,6,operon-adjacent (synteny)
OG09133,OG11619,6,operon-adjacent (synteny)
OG08928,OG10743,6,operon-adjacent (synteny)
OG00442,OG03334,6,operon-adjacent (synteny)
OG00443,OG00762,6,operon-adjacent (synteny)
OG00436,OG02452,6,operon-adjacent (synteny)
OG00498,OG04099,6,operon-adjacent (synteny)
OG00498,OG09157,6,operon-adjacent (synteny)
OG00495,OG00652,6,operon-adjacent (synteny)
OG00224,OG01336,6,operon-adjacent (synteny)
OG01069,OG01735,6,operon-adjacent (synteny)
OG01067,OG06217,6,operon-adjacent (synteny)
OG10580,OG11170,6,operon-adjacent (synteny)
OG10580,OG16465,6,operon-adjacent (synteny)
OG09852,OG14604,6,operon-adjacent (synteny)
OG09387,OG11518,6,operon-adjacent (synteny)
OG09290,OG11279,6,operon-adjacent (synteny)
OG02121,OG02328,6,operon-adjacent (synteny)
OG01932,OG11656,6,operon-adjacent (synteny)
OG01929,OG12905,6,operon-adjacent (synteny)
OG01977,OG02411,6,operon-adjacent (synteny)
OG00089,OG01870,6,operon-adjacent (synteny)
OG01957,OG02142,6,operon-adjacent (synteny)
OG01956,OG02174,6,operon-adjacent (synteny)
OG00779,OG03759,6,operon-adjacent (synteny)
OG00075,OG00772,6,operon-adjacent (synteny)
OG00075,OG00900,6,operon-adjacent (synteny)
OG00075,OG00474,6,operon-adjacent (synteny)
OG00075,OG00466,6,operon-adjacent (synteny)
OG02085,OG04080,6,operon-adjacent (synteny)
OG02085,OG16435,6,operon-adjacent (synteny)
OG00075,OG06852,6,operon-adjacent (synteny)
OG00075,OG10053,6,operon-adjacent (synteny)
OG02056,OG02522,6,operon-adjacent (synteny)
OG02047,OG06722,6,operon-adjacent (synteny)
OG00345,OG00768,6,operon-adjacent (synteny)
OG00770,OG01075,6,operon-adjacent (synteny)
OG00770,OG04215,6,operon-adjacent (synteny)
OG00762,OG01354,6,operon-adjacent (synteny)
OG00352,OG00593,6,operon-adjacent (synteny)
OG00075,OG01026,6,operon-adjacent (synteny)
OG00774,OG01785,6,operon-adjacent (synteny)
OG00772,OG11283,6,operon-adjacent (synteny)
OG00772,OG13578,6,operon-adjacent (synteny)
OG00075,OG02871,6,operon-adjacent (synteny)
OG00075,OG02036,6,operon-adjacent (synteny)
OG02072,OG12909,6,operon-adjacent (synteny)
OG02064,OG02324,6,operon-adjacent (synteny)
OG02053,OG02516,6,operon-adjacent (synteny)
OG01908,OG05835,6,operon-adjacent (synteny)
OG01904,OG12973,6,operon-adjacent (synteny)
OG01899,OG04754,6,operon-adjacent (synteny)
OG00099,OG00901,6,operon-adjacent (synteny)
OG00099,OG00803,6,operon-adjacent (synteny)
OG00094,OG02351,6,operon-adjacent (synteny)
OG01921,OG16447,6,operon-adjacent (synteny)
OG00099,OG00192,6,operon-adjacent (synteny)
OG02158,OG11501,6,operon-adjacent (synteny)
OG02143,OG16720,6,operon-adjacent (synteny)
OG02148,OG02231,6,operon-adjacent (synteny)
OG02142,OG11504,6,operon-adjacent (synteny)
OG02143,OG02193,6,operon-adjacent (synteny)
OG00075,OG00235,6,operon-adjacent (synteny)
OG01853,OG01886,6,operon-adjacent (synteny)
OG01854,OG02763,6,operon-adjacent (synteny)
OG02108,OG02711,6,operon-adjacent (synteny)
OG00348,OG03104,6,operon-adjacent (synteny)
OG00758,OG03238,6,operon-adjacent (synteny)
OG00758,OG05066,6,operon-adjacent (synteny)
OG00752,OG02235,6,operon-adjacent (synteny)
OG00743,OG03054,6,operon-adjacent (synteny)
OG00743,OG00904,6,operon-adjacent (synteny)
OG00074,OG00711,6,operon-adjacent (synteny)
OG00342,OG06235,6,operon-adjacent (synteny)
OG00079,OG04437,6,operon-adjacent (synteny)
OG00079,OG02579,6,operon-adjacent (synteny)
OG00079,OG02727,6,operon-adjacent (synteny)
OG00079,OG02797,6,operon-adjacent (synteny)
OG00079,OG01200,6,operon-adjacent (synteny)
OG02110,OG09818,6,operon-adjacent (synteny)
OG02110,OG02555,6,operon-adjacent (synteny)
OG00101,OG01926,6,operon-adjacent (synteny)
OG00101,OG00381,6,operon-adjacent (synteny)
OG00101,OG00958,6,operon-adjacent (synteny)
OG01790,OG02150,6,operon-adjacent (synteny)
OG00102,OG02666,6,operon-adjacent (synteny)
OG00326,OG00896,6,operon-adjacent (synteny)
OG00316,OG04396,6,operon-adjacent (synteny)
OG01836,OG04442,6,operon-adjacent (synteny)
OG00732,OG06826,6,operon-adjacent (synteny)
OG00355,OG03691,6,operon-adjacent (synteny)
OG00355,OG01730,6,operon-adjacent (synteny)
OG02220,OG11738,6,operon-adjacent (synteny)
OG02204,OG02525,6,operon-adjacent (synteny)
OG02198,OG05096,6,operon-adjacent (synteny)
OG02184,OG03819,6,operon-adjacent (synteny)
OG00106,OG00307,6,operon-adjacent (synteny)
OG02168,OG02608,6,operon-adjacent (synteny)
OG00074,OG05832,6,operon-adjacent (synteny)
OG00074,OG01298,6,operon-adjacent (synteny)
OG00074,OG01663,6,operon-adjacent (synteny)
OG00355,OG01037,6,operon-adjacent (synteny)
OG00355,OG00421,6,operon-adjacent (synteny)
OG00742,OG00880,6,operon-adjacent (synteny)
OG00735,OG00827,6,operon-adjacent (synteny)
OG00098,OG04893,6,operon-adjacent (synteny)
OG00326,OG11640,6,operon-adjacent (synteny)
OG00780,OG01806,6,operon-adjacent (synteny)
OG00093,OG00112,6,operon-adjacent (synteny)
OG01947,OG16272,6,operon-adjacent (synteny)
OG01942,OG04616,6,operon-adjacent (synteny)
OG00074,OG00611,6,operon-adjacent (synteny)
OG00074,OG00180,6,operon-adjacent (synteny)
OG01703,OG05245,6,operon-adjacent (synteny)
OG01694,OG09215,6,operon-adjacent (synteny)
OG01689,OG11847,6,operon-adjacent (synteny)
OG00102,OG11648,6,operon-adjacent (synteny)
OG00102,OG10885,6,operon-adjacent (synteny)
OG01719,OG16578,6,operon-adjacent (synteny)
OG00306,OG02679,6,operon-adjacent (synteny)
OG00806,OG06043,6,operon-adjacent (synteny)
OG02278,OG04104,6,operon-adjacent (synteny)
OG02278,OG02326,6,operon-adjacent (synteny)
OG02267,OG09244,6,operon-adjacent (synteny)
OG02267,OG12053,6,operon-adjacent (synteny)
OG00067,OG02914,6,operon-adjacent (synteny)
OG00067,OG01838,6,operon-adjacent (synteny)
OG01679,OG03792,6,operon-adjacent (synteny)
OG00112,OG06253,6,operon-adjacent (synteny)
OG02240,OG04134,6,operon-adjacent (synteny)
OG02235,OG03184,6,operon-adjacent (synteny)
OG00071,OG00079,6,operon-adjacent (synteny)
OG00355,OG01535,6,operon-adjacent (synteny)
OG00727,OG04981,6,operon-adjacent (synteny)
OG00724,OG00724,6,operon-adjacent (synteny)
OG00061,OG11346,6,operon-adjacent (synteny)
OG00061,OG02581,6,operon-adjacent (synteny)
OG01831,OG02539,6,operon-adjacent (synteny)
OG01825,OG02722,6,operon-adjacent (synteny)
OG01822,OG11391,6,operon-adjacent (synteny)
OG00101,OG04082,6,operon-adjacent (synteny)
OG01876,OG04860,6,operon-adjacent (synteny)
OG00068,OG06533,6,operon-adjacent (synteny)
OG02262,OG03446,6,operon-adjacent (synteny)
OG02251,OG16666,6,operon-adjacent (synteny)
OG01641,OG11226,6,operon-adjacent (synteny)
OG01634,OG01923,6,operon-adjacent (synteny)
OG01634,OG02443,6,operon-adjacent (synteny)
OG01634,OG04338,6,operon-adjacent (synteny)
OG01630,OG05665,6,operon-adjacent (synteny)
OG00302,OG09125,6,operon-adjacent (synteny)
OG00828,OG01185,6,operon-adjacent (synteny)
OG00827,OG01021,6,operon-adjacent (synteny)
OG02334,OG02810,6,operon-adjacent (synteny)
OG02334,OG14545,6,operon-adjacent (synteny)
OG02325,OG05747,6,operon-adjacent (synteny)
OG01616,OG03039,6,operon-adjacent (synteny)
OG01649,OG02306,6,operon-adjacent (synteny)
OG01649,OG03690,6,operon-adjacent (synteny)
OG00128,OG11231,6,operon-adjacent (synteny)
OG00128,OG01930,6,operon-adjacent (synteny)
OG00361,OG01279,6,operon-adjacent (synteny)
OG00361,OG00748,6,operon-adjacent (synteny)
OG00355,OG06525,6,operon-adjacent (synteny)
OG00718,OG01750,6,operon-adjacent (synteny)
OG00361,OG11890,6,operon-adjacent (synteny)
OG00361,OG10816,6,operon-adjacent (synteny)
OG00059,OG00366,6,operon-adjacent (synteny)
OG00058,OG00255,6,operon-adjacent (synteny)
OG01756,OG15901,6,operon-adjacent (synteny)
OG02267,OG02267,6,operon-adjacent (synteny)
OG00061,OG00294,6,operon-adjacent (synteny)
OG00060,OG04431,6,operon-adjacent (synteny)
OG02312,OG05707,6,operon-adjacent (synteny)
OG02305,OG03631,6,operon-adjacent (synteny)
OG02305,OG03718,6,operon-adjacent (synteny)
OG02299,OG02641,6,operon-adjacent (synteny)
OG00711,OG01039,6,operon-adjacent (synteny)
OG00711,OG01318,6,operon-adjacent (synteny)
OG00055,OG02826,6,operon-adjacent (synteny)
OG01515,OG16708,6,operon-adjacent (synteny)
OG00143,OG00235,6,operon-adjacent (synteny)
OG00143,OG00255,6,operon-adjacent (synteny)
OG00143,OG00189,6,operon-adjacent (synteny)
OG01534,OG01572,6,operon-adjacent (synteny)
OG00055,OG11774,6,operon-adjacent (synteny)
OG02391,OG16751,6,operon-adjacent (synteny)
OG02392,OG05536,6,operon-adjacent (synteny)
OG02369,OG02406,6,operon-adjacent (synteny)
OG00711,OG02158,6,operon-adjacent (synteny)
OG00711,OG02944,6,operon-adjacent (synteny)
OG00711,OG01551,6,operon-adjacent (synteny)
OG00711,OG01831,6,operon-adjacent (synteny)
OG01596,OG01636,6,operon-adjacent (synteny)
OG00135,OG03542,6,operon-adjacent (synteny)
OG00135,OG03373,6,operon-adjacent (synteny)
OG00830,OG06952,6,operon-adjacent (synteny)
OG01629,OG13320,6,operon-adjacent (synteny)
OG01624,OG04586,6,operon-adjacent (synteny)
OG01616,OG02450,6,operon-adjacent (synteny)
OG00057,OG00463,6,operon-adjacent (synteny)
OG00309,OG00580,6,operon-adjacent (synteny)
OG00122,OG04651,6,operon-adjacent (synteny)
OG00117,OG00793,6,operon-adjacent (synteny)
OG01574,OG02176,6,operon-adjacent (synteny)
OG01566,OG09001,6,operon-adjacent (synteny)
OG00133,OG11530,6,operon-adjacent (synteny)
OG00134,OG01531,6,operon-adjacent (synteny)
OG01602,OG01618,6,operon-adjacent (synteny)
OG02453,OG09101,6,operon-adjacent (synteny)
OG01478,OG06731,6,operon-adjacent (synteny)
OG01475,OG05074,6,operon-adjacent (synteny)
OG00143,OG01373,6,operon-adjacent (synteny)
OG00143,OG01025,6,operon-adjacent (synteny)
OG01513,OG01513,6,operon-adjacent (synteny)
OG01513,OG02983,6,operon-adjacent (synteny)
OG01509,OG11475,6,operon-adjacent (synteny)
OG00710,OG00955,6,operon-adjacent (synteny)
OG00363,OG01602,6,operon-adjacent (synteny)
OG00703,OG02532,6,operon-adjacent (synteny)
OG00703,OG01989,6,operon-adjacent (synteny)
OG00366,OG04746,6,operon-adjacent (synteny)
OG00366,OG01448,6,operon-adjacent (synteny)
OG00055,OG00481,6,operon-adjacent (synteny)
OG00055,OG00305,6,operon-adjacent (synteny)
OG00840,OG04634,6,operon-adjacent (synteny)
OG01584,OG03746,6,operon-adjacent (synteny)
OG01577,OG06235,6,operon-adjacent (synteny)
OG02414,OG06952,6,operon-adjacent (synteny)
OG02412,OG02609,6,operon-adjacent (synteny)
OG02409,OG03034,6,operon-adjacent (synteny)
OG02409,OG04726,6,operon-adjacent (synteny)
OG02400,OG06829,6,operon-adjacent (synteny)
OG01521,OG01790,6,operon-adjacent (synteny)
OG00135,OG12569,6,operon-adjacent (synteny)
OG00135,OG11435,6,operon-adjacent (synteny)
OG01551,OG03389,6,operon-adjacent (synteny)
OG00299,OG00556,6,operon-adjacent (synteny)
OG00297,OG01183,6,operon-adjacent (synteny)
OG00844,OG02544,6,operon-adjacent (synteny)
OG00843,OG01765,6,operon-adjacent (synteny)
OG00370,OG04583,6,operon-adjacent (synteny)
OG00370,OG09104,6,operon-adjacent (synteny)
OG02565,OG16340,6,operon-adjacent (synteny)
OG02568,OG03099,6,operon-adjacent (synteny)
OG00143,OG13208,6,operon-adjacent (synteny)
OG00143,OG13321,6,operon-adjacent (synteny)
OG01433,OG06389,6,operon-adjacent (synteny)
OG01471,OG01811,6,operon-adjacent (synteny)
OG00053,OG02779,6,operon-adjacent (synteny)
OG02497,OG11613,6,operon-adjacent (synteny)
OG02485,OG09665,6,operon-adjacent (synteny)
OG02486,OG06389,6,operon-adjacent (synteny)
OG02483,OG04682,6,operon-adjacent (synteny)
OG00365,OG02993,6,operon-adjacent (synteny)
OG00365,OG03114,6,operon-adjacent (synteny)
OG00366,OG00367,6,operon-adjacent (synteny)
OG00848,OG03238,6,operon-adjacent (synteny)
OG00848,OG03631,6,operon-adjacent (synteny)
OG00143,OG00555,6,operon-adjacent (synteny)
OG00143,OG00265,6,operon-adjacent (synteny)
OG00143,OG00353,6,operon-adjacent (synteny)
OG02447,OG02709,6,operon-adjacent (synteny)
OG02451,OG02676,6,operon-adjacent (synteny)
OG00053,OG11293,6,operon-adjacent (synteny)
OG01497,OG02184,6,operon-adjacent (synteny)
OG01496,OG02240,6,operon-adjacent (synteny)
OG01490,OG05063,6,operon-adjacent (synteny)
OG00854,OG02014,6,operon-adjacent (synteny)
OG00856,OG01026,6,operon-adjacent (synteny)
OG00294,OG05148,6,operon-adjacent (synteny)
OG00853,OG01434,6,operon-adjacent (synteny)
OG00853,OG03651,6,operon-adjacent (synteny)
OG00049,OG05045,6,operon-adjacent (synteny)
OG02598,OG06855,6,operon-adjacent (synteny)
OG02587,OG02684,6,operon-adjacent (synteny)
OG02574,OG15912,6,operon-adjacent (synteny)
OG01394,OG03428,6,operon-adjacent (synteny)
OG01394,OG11322,6,operon-adjacent (synteny)
OG01392,OG03036,6,operon-adjacent (synteny)
OG01385,OG01823,6,operon-adjacent (synteny)
OG00366,OG06955,6,operon-adjacent (synteny)
OG00366,OG11250,6,operon-adjacent (synteny)
OG00685,OG03408,6,operon-adjacent (synteny)
OG00680,OG02196,6,operon-adjacent (synteny)
OG00050,OG02196,6,operon-adjacent (synteny)
OG00051,OG01766,6,operon-adjacent (synteny)
OG00051,OG11667,6,operon-adjacent (synteny)
OG00049,OG01490,6,operon-adjacent (synteny)
OG01478,OG13321,6,operon-adjacent (synteny)
OG01479,OG03322,6,operon-adjacent (synteny)
OG02555,OG04189,6,operon-adjacent (synteny)
OG02563,OG04319,6,operon-adjacent (synteny)
OG02544,OG11338,6,operon-adjacent (synteny)
OG02532,OG02705,6,operon-adjacent (synteny)
OG02525,OG02694,6,operon-adjacent (synteny)
OG00368,OG01045,6,operon-adjacent (synteny)
OG01463,OG12668,6,operon-adjacent (synteny)
OG01462,OG01838,6,operon-adjacent (synteny)
OG01451,OG11254,6,operon-adjacent (synteny)
OG00873,OG01623,6,operon-adjacent (synteny)
OG00873,OG02983,6,operon-adjacent (synteny)
OG00143,OG02826,6,operon-adjacent (synteny)
OG00143,OG01848,6,operon-adjacent (synteny)
OG01482,OG04548,6,operon-adjacent (synteny)
OG00674,OG01109,6,operon-adjacent (synteny)
OG00381,OG01311,6,operon-adjacent (synteny)
OG00045,OG00231,6,operon-adjacent (synteny)
OG02765,OG02897,6,operon-adjacent (synteny)
OG02760,OG16751,6,operon-adjacent (synteny)
OG00045,OG05074,6,operon-adjacent (synteny)
OG00045,OG00064,6,operon-adjacent (synteny)
OG00045,OG00105,6,operon-adjacent (synteny)
OG02681,OG04316,6,operon-adjacent (synteny)
OG02665,OG06586,6,operon-adjacent (synteny)
OG02637,OG16156,6,operon-adjacent (synteny)
OG00045,OG03217,6,operon-adjacent (synteny)
OG00045,OG01730,6,operon-adjacent (synteny)
OG02745,OG05071,6,operon-adjacent (synteny)
OG02687,OG04337,6,operon-adjacent (synteny)
OG02682,OG02770,6,operon-adjacent (synteny)
OG01409,OG05788,6,operon-adjacent (synteny)
OG00880,OG04314,6,operon-adjacent (synteny)
OG00879,OG02683,6,operon-adjacent (synteny)
OG00874,OG06818,6,operon-adjacent (synteny)
OG00143,OG13511,6,operon-adjacent (synteny)
OG00143,OG12441,6,operon-adjacent (synteny)
OG00047,OG01190,6,operon-adjacent (synteny)
OG00046,OG04147,6,operon-adjacent (synteny)
OG00148,OG01680,6,operon-adjacent (synteny)
OG00148,OG00255,6,operon-adjacent (synteny)
OG01429,OG01500,6,operon-adjacent (synteny)
OG01429,OG01987,6,operon-adjacent (synteny)
OG01422,OG04326,6,operon-adjacent (synteny)
OG01420,OG02911,6,operon-adjacent (synteny)
OG01415,OG06252,6,operon-adjacent (synteny)
OG01413,OG01439,6,operon-adjacent (synteny)
OG01379,OG11264,6,operon-adjacent (synteny)
OG00892,OG11528,6,operon-adjacent (synteny)
OG00887,OG01841,6,operon-adjacent (synteny)
OG00885,OG00885,6,operon-adjacent (synteny)
OG00275,OG01831,6,operon-adjacent (synteny)
OG00148,OG11240,6,operon-adjacent (synteny)
OG01393,OG04752,6,operon-adjacent (synteny)
OG00034,OG03236,6,operon-adjacent (synteny)
OG00034,OG03108,6,operon-adjacent (synteny)
OG00156,OG00524,6,operon-adjacent (synteny)
OG01372,OG11378,6,operon-adjacent (synteny)
OG00151,OG13718,6,operon-adjacent (synteny)
OG00151,OG14237,6,operon-adjacent (synteny)
OG00151,OG09658,6,operon-adjacent (synteny)
OG00151,OG02395,6,operon-adjacent (synteny)
OG01382,OG01766,6,operon-adjacent (synteny)
OG00657,OG01878,6,operon-adjacent (synteny)
OG00655,OG01326,6,operon-adjacent (synteny)
OG00650,OG13630,6,operon-adjacent (synteny)
OG02924,OG07032,6,operon-adjacent (synteny)
OG00039,OG02319,6,operon-adjacent (synteny)
OG00037,OG00398,6,operon-adjacent (synteny)
OG00036,OG00994,6,operon-adjacent (synteny)
OG02896,OG05245,6,operon-adjacent (synteny)
OG02875,OG03467,6,operon-adjacent (synteny)
OG02856,OG03727,6,operon-adjacent (synteny)
OG02850,OG06549,6,operon-adjacent (synteny)
OG02843,OG03392,6,operon-adjacent (synteny)
OG02832,OG04847,6,operon-adjacent (synteny)
OG02792,OG03362,6,operon-adjacent (synteny)
OG00662,OG03470,6,operon-adjacent (synteny)
OG00659,OG01292,6,operon-adjacent (synteny)
OG00895,OG06593,6,operon-adjacent (synteny)
OG00267,OG02699,6,operon-adjacent (synteny)
OG00156,OG06980,6,operon-adjacent (synteny)
OG00156,OG02496,6,operon-adjacent (synteny)
OG01365,OG01558,6,operon-adjacent (synteny)
OG01365,OG01620,6,operon-adjacent (synteny)
OG01365,OG01630,6,operon-adjacent (synteny)
OG01363,OG02540,6,operon-adjacent (synteny)
OG00032,OG06091,6,operon-adjacent (synteny)
OG01354,OG01627,6,operon-adjacent (synteny)
OG01354,OG11279,6,operon-adjacent (synteny)
OG01340,OG11610,6,operon-adjacent (synteny)
OG00265,OG00403,6,operon-adjacent (synteny)
OG00908,OG10770,6,operon-adjacent (synteny)
OG00899,OG01370,6,operon-adjacent (synteny)
OG00898,OG03322,6,operon-adjacent (synteny)
OG00034,OG00727,6,operon-adjacent (synteny)
OG00034,OG00924,6,operon-adjacent (synteny)
OG03002,OG13665,6,operon-adjacent (synteny)
OG03002,OG06268,6,operon-adjacent (synteny)
OG00650,OG01105,6,operon-adjacent (synteny)
OG00389,OG00663,6,operon-adjacent (synteny)
OG00386,OG02007,6,operon-adjacent (synteny)
OG00635,OG12868,6,operon-adjacent (synteny)
OG00034,OG04265,6,operon-adjacent (synteny)
OG02971,OG03023,6,operon-adjacent (synteny)
OG02967,OG03122,6,operon-adjacent (synteny)
OG02967,OG03810,6,operon-adjacent (synteny)
OG02960,OG02960,6,operon-adjacent (synteny)
OG02954,OG03058,6,operon-adjacent (synteny)
OG00034,OG02820,6,operon-adjacent (synteny)
OG00034,OG01554,6,operon-adjacent (synteny)
OG03316,OG11272,6,operon-adjacent (synteny)
OG03294,OG03652,6,operon-adjacent (synteny)
OG03270,OG03855,6,operon-adjacent (synteny)
OG03271,OG04388,6,operon-adjacent (synteny)
OG03239,OG03996,6,operon-adjacent (synteny)
OG00032,OG02993,6,operon-adjacent (synteny)
OG00032,OG01541,6,operon-adjacent (synteny)
OG00619,OG13320,6,operon-adjacent (synteny)
OG00034,OG00045,6,operon-adjacent (synteny)
OG00391,OG01301,6,operon-adjacent (synteny)
OG00635,OG02143,6,operon-adjacent (synteny)
OG00398,OG03546,6,operon-adjacent (synteny)
OG00032,OG00093,6,operon-adjacent (synteny)
OG00032,OG00115,6,operon-adjacent (synteny)
OG03341,OG06770,6,operon-adjacent (synteny)
OG03348,OG06440,6,operon-adjacent (synteny)
OG03069,OG03948,6,operon-adjacent (synteny)
OG03051,OG03569,6,operon-adjacent (synteny)
OG03051,OG08464,6,operon-adjacent (synteny)
OG00032,OG01730,6,operon-adjacent (synteny)
OG00032,OG01249,6,operon-adjacent (synteny)
OG03211,OG03333,6,operon-adjacent (synteny)
OG03200,OG03340,6,operon-adjacent (synteny)
OG03134,OG16529,6,operon-adjacent (synteny)
OG01364,OG02046,6,operon-adjacent (synteny)
OG01358,OG01677,6,operon-adjacent (synteny)
OG01359,OG02663,6,operon-adjacent (synteny)
OG00162,OG16637,6,operon-adjacent (synteny)
OG01379,OG01656,6,operon-adjacent (synteny)
OG03100,OG04981,6,operon-adjacent (synteny)
OG03099,OG11546,6,operon-adjacent (synteny)
OG03087,OG14672,6,operon-adjacent (synteny)
OG00165,OG01259,6,operon-adjacent (synteny)
OG01333,OG09207,6,operon-adjacent (synteny)
OG01326,OG01363,6,operon-adjacent (synteny)
OG01328,OG01328,6,operon-adjacent (synteny)
OG01320,OG01565,6,operon-adjacent (synteny)
OG01314,OG06467,6,operon-adjacent (synteny)
OG01355,OG04593,6,operon-adjacent (synteny)
OG00029,OG00054,6,operon-adjacent (synteny)
OG00258,OG16582,6,operon-adjacent (synteny)
OG00918,OG01387,6,operon-adjacent (synteny)
OG00916,OG02745,6,operon-adjacent (synteny)
OG00916,OG02444,6,operon-adjacent (synteny)
OG00914,OG02882,6,operon-adjacent (synteny)
OG00265,OG01716,6,operon-adjacent (synteny)
OG00168,OG01311,6,operon-adjacent (synteny)
OG00165,OG01172,6,operon-adjacent (synteny)
OG03377,OG04624,6,operon-adjacent (synteny)
OG00032,OG00255,6,operon-adjacent (synteny)
OG00032,OG00488,6,operon-adjacent (synteny)
OG01311,OG02520,6,operon-adjacent (synteny)
OG00170,OG13299,6,operon-adjacent (synteny)
OG00171,OG02871,6,operon-adjacent (synteny)
OG00171,OG07032,6,operon-adjacent (synteny)
OG00261,OG11412,6,operon-adjacent (synteny)
OG00619,OG01875,6,operon-adjacent (synteny)
OG00617,OG00998,6,operon-adjacent (synteny)
OG00613,OG03634,6,operon-adjacent (synteny)
OG00615,OG01272,6,operon-adjacent (synteny)
OG00613,OG01973,6,operon-adjacent (synteny)
OG00031,OG00302,6,operon-adjacent (synteny)
OG00031,OG00718,6,operon-adjacent (synteny)
OG03467,OG07077,6,operon-adjacent (synteny)
OG00924,OG03601,6,operon-adjacent (synteny)
OG00922,OG03467,6,operon-adjacent (synteny)
OG00261,OG03669,6,operon-adjacent (synteny)
OG00261,OG11254,6,operon-adjacent (synteny)
OG00174,OG00194,6,operon-adjacent (synteny)
OG01294,OG16819,6,operon-adjacent (synteny)
OG01311,OG02296,6,operon-adjacent (synteny)
OG00021,OG06359,6,operon-adjacent (synteny)
OG01259,OG01889,6,operon-adjacent (synteny)
OG00176,OG00188,6,operon-adjacent (synteny)
OG00176,OG01638,6,operon-adjacent (synteny)
OG00174,OG12436,6,operon-adjacent (synteny)
OG01282,OG01719,6,operon-adjacent (synteny)
OG00255,OG09239,6,operon-adjacent (synteny)
OG00255,OG02540,6,operon-adjacent (synteny)
OG00927,OG12409,6,operon-adjacent (synteny)
OG03733,OG16529,6,operon-adjacent (synteny)
OG03719,OG13209,6,operon-adjacent (synteny)
OG03631,OG11694,6,operon-adjacent (synteny)
OG00030,OG00346,6,operon-adjacent (synteny)
OG00028,OG00435,6,operon-adjacent (synteny)
OG00022,OG04396,6,operon-adjacent (synteny)
OG00021,OG02574,6,operon-adjacent (synteny)
OG01258,OG01837,6,operon-adjacent (synteny)
OG03619,OG04061,6,operon-adjacent (synteny)
OG03577,OG12789,6,operon-adjacent (synteny)
OG03539,OG11401,6,operon-adjacent (synteny)
OG03488,OG03951,6,operon-adjacent (synteny)
OG03493,OG04907,6,operon-adjacent (synteny)
OG03498,OG03608,6,operon-adjacent (synteny)
OG00607,OG00607,6,operon-adjacent (synteny)
OG00605,OG02758,6,operon-adjacent (synteny)
OG00942,OG04354,6,operon-adjacent (synteny)
OG00940,OG01476,6,operon-adjacent (synteny)
OG00941,OG02983,6,operon-adjacent (synteny)
OG00937,OG02602,6,operon-adjacent (synteny)
OG00931,OG12421,6,operon-adjacent (synteny)
OG01276,OG04033,6,operon-adjacent (synteny)
OG01272,OG13586,6,operon-adjacent (synteny)
OG01259,OG14584,6,operon-adjacent (synteny)
OG00583,OG16662,6,operon-adjacent (synteny)
OG00411,OG02638,6,operon-adjacent (synteny)
OG04279,OG04309,6,operon-adjacent (synteny)
OG04192,OG04821,6,operon-adjacent (synteny)
OG01217,OG16191,6,operon-adjacent (synteny)
OG00188,OG03647,6,operon-adjacent (synteny)
OG00188,OG00803,6,operon-adjacent (synteny)
OG01243,OG01624,6,operon-adjacent (synteny)
OG03906,OG11750,6,operon-adjacent (synteny)
OG00598,OG01371,6,operon-adjacent (synteny)
OG00594,OG00633,6,operon-adjacent (synteny)
OG00589,OG00939,6,operon-adjacent (synteny)
OG00586,OG12574,6,operon-adjacent (synteny)
OG00587,OG02047,6,operon-adjacent (synteny)
OG00584,OG04912,6,operon-adjacent (synteny)
OG00584,OG09290,6,operon-adjacent (synteny)
OG00021,OG15912,6,operon-adjacent (synteny)
OG03762,OG06761,6,operon-adjacent (synteny)
OG03771,OG04647,6,operon-adjacent (synteny)
OG03737,OG14588,6,operon-adjacent (synteny)
OG00027,OG04099,6,operon-adjacent (synteny)
OG00027,OG00477,6,operon-adjacent (synteny)
OG00024,OG16191,6,operon-adjacent (synteny)
OG03982,OG04543,6,operon-adjacent (synteny)
OG01203,OG05799,6,operon-adjacent (synteny)
OG00953,OG02340,6,operon-adjacent (synteny)
OG00189,OG01298,6,operon-adjacent (synteny)
OG00189,OG00194,6,operon-adjacent (synteny)
OG01231,OG01876,6,operon-adjacent (synteny)
OG01217,OG16180,6,operon-adjacent (synteny)
OG01170,OG03187,6,operon-adjacent (synteny)
OG00245,OG14589,6,operon-adjacent (synteny)
OG04369,OG09867,6,operon-adjacent (synteny)
OG00019,OG13611,6,operon-adjacent (synteny)
OG00019,OG12973,6,operon-adjacent (synteny)
OG00019,OG11764,6,operon-adjacent (synteny)
OG01192,OG02462,6,operon-adjacent (synteny)
OG00189,OG11222,6,operon-adjacent (synteny)
OG00189,OG02267,6,operon-adjacent (synteny)
OG01215,OG02510,6,operon-adjacent (synteny)
OG04693,OG05318,6,operon-adjacent (synteny)
OG04693,OG05551,6,operon-adjacent (synteny)
OG04662,OG06589,6,operon-adjacent (synteny)
OG04504,OG04708,6,operon-adjacent (synteny)
OG04451,OG06240,6,operon-adjacent (synteny)
OG04454,OG13460,6,operon-adjacent (synteny)
OG04413,OG11479,6,operon-adjacent (synteny)
OG04425,OG05700,6,operon-adjacent (synteny)
OG04125,OG04279,6,operon-adjacent (synteny)
OG04105,OG11508,6,operon-adjacent (synteny)
OG00583,OG00756,6,operon-adjacent (synteny)
OG00580,OG05347,6,operon-adjacent (synteny)
OG00578,OG01706,6,operon-adjacent (synteny)
OG00567,OG12910,6,operon-adjacent (synteny)
OG00019,OG05044,6,operon-adjacent (synteny)
OG04662,OG06593,6,operon-adjacent (synteny)
OG04944,OG11366,6,operon-adjacent (synteny)
OG04944,OG16650,6,operon-adjacent (synteny)
OG04955,OG05145,6,operon-adjacent (synteny)
OG00019,OG04910,6,operon-adjacent (synteny)
OG00019,OG04987,6,operon-adjacent (synteny)
OG00019,OG02284,6,operon-adjacent (synteny)
OG00019,OG01885,6,operon-adjacent (synteny)
OG05492,OG05915,6,operon-adjacent (synteny)
OG00019,OG05002,6,operon-adjacent (synteny)
OG00413,OG05511,6,operon-adjacent (synteny)
OG00413,OG01073,6,operon-adjacent (synteny)
OG00567,OG01492,6,operon-adjacent (synteny)
OG00019,OG02942,6,operon-adjacent (synteny)
OG05250,OG06077,6,operon-adjacent (synteny)
OG04985,OG11402,6,operon-adjacent (synteny)
OG04941,OG05175,6,operon-adjacent (synteny)
OG00193,OG01476,6,operon-adjacent (synteny)
OG01186,OG14020,6,operon-adjacent (synteny)
OG00194,OG01845,6,operon-adjacent (synteny)
OG00019,OG04806,6,operon-adjacent (synteny)
OG04888,OG04989,6,operon-adjacent (synteny)
OG04852,OG15755,6,operon-adjacent (synteny)
OG04858,OG09290,6,operon-adjacent (synteny)
OG04805,OG10743,6,operon-adjacent (synteny)
OG00246,OG00345,6,operon-adjacent (synteny)
OG00974,OG06867,6,operon-adjacent (synteny)
OG00974,OG06930,6,operon-adjacent (synteny)
OG00969,OG04147,6,operon-adjacent (synteny)
OG00194,OG00807,6,operon-adjacent (synteny)
OG00194,OG00666,6,operon-adjacent (synteny)
OG00194,OG00249,6,operon-adjacent (synteny)
OG00194,OG00450,6,operon-adjacent (synteny)
OG00980,OG03415,6,operon-adjacent (synteny)
OG00245,OG09290,6,operon-adjacent (synteny)
OG00245,OG09432,6,operon-adjacent (synteny)
OG00245,OG03260,6,operon-adjacent (synteny)
OG00978,OG07001,6,operon-adjacent (synteny)
OG00977,OG01784,6,operon-adjacent (synteny)
OG00975,OG14573,6,operon-adjacent (synteny)
OG01177,OG04910,6,operon-adjacent (synteny)
OG05595,OG06531,6,operon-adjacent (synteny)
OG00199,OG00886,6,operon-adjacent (synteny)
OG00194,OG12436,6,operon-adjacent (synteny)
OG00194,OG04236,6,operon-adjacent (synteny)
OG01162,OG14561,6,operon-adjacent (synteny)
OG01160,OG02041,6,operon-adjacent (synteny)
OG01160,OG03389,6,operon-adjacent (synteny)
OG00201,OG01096,6,operon-adjacent (synteny)
OG00555,OG00725,6,operon-adjacent (synteny)
OG00555,OG01674,6,operon-adjacent (synteny)
OG00553,OG06388,6,operon-adjacent (synteny)
OG00425,OG01012,6,operon-adjacent (synteny)
OG05750,OG06030,6,operon-adjacent (synteny)
OG05711,OG06077,6,operon-adjacent (synteny)
OG05730,OG11518,6,operon-adjacent (synteny)
OG05674,OG05842,6,operon-adjacent (synteny)
OG05462,OG15848,6,operon-adjacent (synteny)
OG05422,OG11704,6,operon-adjacent (synteny)
OG05422,OG15981,6,operon-adjacent (synteny)
OG05379,OG16627,6,operon-adjacent (synteny)
OG00019,OG03389,6,operon-adjacent (synteny)
OG00019,OG02851,6,operon-adjacent (synteny)
OG00019,OG02854,6,operon-adjacent (synteny)
OG00556,OG04927,6,operon-adjacent (synteny)
OG00203,OG00975,6,operon-adjacent (synteny)
OG01133,OG03041,6,operon-adjacent (synteny)
OG00215,OG01074,6,operon-adjacent (synteny)
OG00216,OG00960,6,operon-adjacent (synteny)
OG00245,OG01032,6,operon-adjacent (synteny)
OG00245,OG01310,6,operon-adjacent (synteny)
OG00245,OG00660,6,operon-adjacent (synteny)
OG00200,OG01430,6,operon-adjacent (synteny)
OG06354,OG10946,6,operon-adjacent (synteny)
OG06309,OG06495,6,operon-adjacent (synteny)
OG06273,OG16821,6,operon-adjacent (synteny)
OG06278,OG06562,6,operon-adjacent (synteny)
OG00019,OG00605,6,operon-adjacent (synteny)
OG01106,OG01473,6,operon-adjacent (synteny)
OG01106,OG02340,6,operon-adjacent (synteny)
OG00209,OG06709,6,operon-adjacent (synteny)
OG05975,OG15998,6,operon-adjacent (synteny)
OG05958,OG14556,6,operon-adjacent (synteny)
OG05868,OG06179,6,operon-adjacent (synteny)
OG00019,OG01645,6,operon-adjacent (synteny)
OG00426,OG00779,6,operon-adjacent (synteny)
OG00529,OG08620,6,operon-adjacent (synteny)
OG06480,OG16708,6,operon-adjacent (synteny)
OG06427,OG06709,6,operon-adjacent (synteny)
OG01177,OG11181,6,operon-adjacent (synteny)
OG01172,OG05026,6,operon-adjacent (synteny)
OG05580,OG12490,6,operon-adjacent (synteny)
OG05553,OG09833,6,operon-adjacent (synteny)
OG05530,OG05711,6,operon-adjacent (synteny)
OG05532,OG13665,6,operon-adjacent (synteny)
OG00019,OG01249,6,operon-adjacent (synteny)
OG00019,OG01081,6,operon-adjacent (synteny)
OG00244,OG01164,6,operon-adjacent (synteny)
OG00238,OG05135,6,operon-adjacent (synteny)
OG00992,OG01301,6,operon-adjacent (synteny)
OG00991,OG01750,6,operon-adjacent (synteny)
OG00220,OG01246,6,operon-adjacent (synteny)
OG00218,OG01116,6,operon-adjacent (synteny)
OG01096,OG02795,6,operon-adjacent (synteny)
OG00224,OG00885,6,operon-adjacent (synteny)
OG00527,OG03492,6,operon-adjacent (synteny)
OG00523,OG00537,6,operon-adjacent (synteny)
OG00019,OG00148,6,operon-adjacent (synteny)
OG00019,OG00076,6,operon-adjacent (synteny)
OG00231,OG00975,6,operon-adjacent (synteny)
OG01077,OG01295,6,operon-adjacent (synteny)
OG01074,OG06904,6,operon-adjacent (synteny)
OG01075,OG01246,6,operon-adjacent (synteny)
OG06575,OG10285,6,operon-adjacent (synteny)
OG00019,OG00416,6,operon-adjacent (synteny)
OG00019,OG00265,6,operon-adjacent (synteny)
OG06853,OG06896,6,operon-adjacent (synteny)
OG06853,OG06940,6,operon-adjacent (synteny)
OG00428,OG01827,6,operon-adjacent (synteny)
OG00427,OG01068,6,operon-adjacent (synteny)
OG00426,OG04110,6,operon-adjacent (synteny)
OG00200,OG05437,6,operon-adjacent (synteny)
OG00197,OG00982,6,operon-adjacent (synteny)
OG06775,OG11724,6,operon-adjacent (synteny)
OG06802,OG11336,6,operon-adjacent (synteny)
OG06764,OG06874,6,operon-adjacent (synteny)
OG06746,OG12447,6,operon-adjacent (synteny)
OG06679,OG06702,6,operon-adjacent (synteny)
OG06606,OG11474,6,operon-adjacent (synteny)
OG01011,OG01782,6,operon-adjacent (synteny)
OG01011,OG07088,6,operon-adjacent (synteny)
OG01008,OG02874,6,operon-adjacent (synteny)
OG01005,OG01072,6,operon-adjacent (synteny)
OG01002,OG02522,6,operon-adjacent (synteny)
OG01073,OG02188,6,operon-adjacent (synteny)
OG01074,OG03199,6,operon-adjacent (synteny)
OG00230,OG00369,6,operon-adjacent (synteny)
OG01059,OG01382,6,operon-adjacent (synteny)
OG01059,OG05450,6,operon-adjacent (synteny)
OG01046,OG12574,6,operon-adjacent (synteny)
OG01047,OG01365,6,operon-adjacent (synteny)
OG01047,OG04080,6,operon-adjacent (synteny)
OG00236,OG00873,6,operon-adjacent (synteny)
OG00235,OG04731,6,operon-adjacent (synteny)
OG01016,OG02085,6,operon-adjacent (synteny)
OG07073,OG11188,6,operon-adjacent (synteny)
OG07019,OG09151,6,operon-adjacent (synteny)
OG07022,OG11536,6,operon-adjacent (synteny)
OG07053,OG12266,6,operon-adjacent (synteny)
OG00019,OG00218,6,operon-adjacent (synteny)
OG00501,OG03420,6,operon-adjacent (synteny)
OG00501,OG05983,6,operon-adjacent (synteny)
OG11180,OG11445,6,operon-adjacent (synteny)
OG07000,OG16566,6,operon-adjacent (synteny)
OG06921,OG11405,6,operon-adjacent (synteny)
OG06926,OG13208,6,operon-adjacent (synteny)
OG00018,OG01032,6,operon-adjacent (synteny)
OG00017,OG12033,6,operon-adjacent (synteny)
OG08854,OG08929,6,operon-adjacent (synteny)
OG08613,OG10826,6,operon-adjacent (synteny)
OG08620,OG16159,6,operon-adjacent (synteny)
OG00487,OG01861,6,operon-adjacent (synteny)
OG11542,OG15998,6,operon-adjacent (synteny)
OG11546,OG14604,6,operon-adjacent (synteny)
OG11506,OG16818,6,operon-adjacent (synteny)
OG00003,OG11605,6,operon-adjacent (synteny)
OG00001,OG11173,6,operon-adjacent (synteny)
OG00003,OG00790,6,operon-adjacent (synteny)
OG13308,OG13731,6,operon-adjacent (synteny)
OG00013,OG00283,6,operon-adjacent (synteny)
OG00013,OG01381,6,operon-adjacent (synteny)
OG11353,OG11723,6,operon-adjacent (synteny)
OG11359,OG11489,6,operon-adjacent (synteny)
OG11298,OG13720,6,operon-adjacent (synteny)
OG11273,OG11401,6,operon-adjacent (synteny)
OG00449,OG16500,6,operon-adjacent (synteny)
OG00443,OG05801,6,operon-adjacent (synteny)
OG11205,OG16432,6,operon-adjacent (synteny)
OG11206,OG15788,6,operon-adjacent (synteny)
OG11207,OG11287,6,operon-adjacent (synteny)
OG00016,OG13016,6,operon-adjacent (synteny)
OG00016,OG02758,6,operon-adjacent (synteny)
OG11383,OG11460,6,operon-adjacent (synteny)
OG00014,OG00143,6,operon-adjacent (synteny)
OG00014,OG00032,6,operon-adjacent (synteny)
OG01026,OG11481,6,operon-adjacent (synteny)
OG01025,OG03655,6,operon-adjacent (synteny)
OG00238,OG04955,6,operon-adjacent (synteny)
OG00236,OG02160,6,operon-adjacent (synteny)
OG00231,OG00477,6,operon-adjacent (synteny)
OG00231,OG00231,6,operon-adjacent (synteny)
OG00231,OG00345,6,operon-adjacent (synteny)
OG01063,OG02230,6,operon-adjacent (synteny)
OG00481,OG03289,6,operon-adjacent (synteny)
OG00003,OG04655,6,operon-adjacent (synteny)
OG00003,OG06006,6,operon-adjacent (synteny)
OG00079,OG00975,6,operon-adjacent (synteny)
OG02028,OG03162,6,operon-adjacent (synteny)
OG00339,OG09504,6,operon-adjacent (synteny)
OG00340,OG00897,6,operon-adjacent (synteny)
OG00338,OG10718,6,operon-adjacent (synteny)
OG12213,OG12831,6,operon-adjacent (synteny)
OG11648,OG14592,6,operon-adjacent (synteny)
OG11650,OG16269,6,operon-adjacent (synteny)
OG11663,OG11680,6,operon-adjacent (synteny)
OG11632,OG11722,6,operon-adjacent (synteny)
OG00009,OG15769,6,operon-adjacent (synteny)
OG00481,OG01124,6,operon-adjacent (synteny)
OG00481,OG01252,6,operon-adjacent (synteny)
OG00472,OG04202,6,operon-adjacent (synteny)
OG00003,OG00192,6,operon-adjacent (synteny)
OG00003,OG04780,6,operon-adjacent (synteny)
OG00231,OG11186,6,operon-adjacent (synteny)
OG12860,OG14890,6,operon-adjacent (synteny)
OG12793,OG16666,6,operon-adjacent (synteny)
OG12558,OG14457,6,operon-adjacent (synteny)
OG12420,OG12624,6,operon-adjacent (synteny)
OG12982,OG15709,6,operon-adjacent (synteny)
OG00466,OG06776,6,operon-adjacent (synteny)
OG00467,OG01654,6,operon-adjacent (synteny)
OG00463,OG02500,6,operon-adjacent (synteny)
OG00474,OG02763,6,operon-adjacent (synteny)
OG00474,OG04159,6,operon-adjacent (synteny)
OG00474,OG01396,6,operon-adjacent (synteny)
OG00474,OG01518,6,operon-adjacent (synteny)
OG01489,OG13614,5,operon-adjacent (synteny)
OG00294,OG01254,5,operon-adjacent (synteny)
OG01481,OG02231,5,operon-adjacent (synteny)
OG00294,OG02113,5,operon-adjacent (synteny)
OG00856,OG03624,5,operon-adjacent (synteny)
OG00857,OG01378,5,operon-adjacent (synteny)
OG00292,OG03256,5,operon-adjacent (synteny)
OG02311,OG06712,5,operon-adjacent (synteny)
OG00143,OG02992,5,operon-adjacent (synteny)
OG00850,OG01931,5,operon-adjacent (synteny)
OG00850,OG03786,5,operon-adjacent (synteny)
OG01493,OG01558,5,operon-adjacent (synteny)
OG02574,OG02659,5,operon-adjacent (synteny)
OG00053,OG00812,5,operon-adjacent (synteny)
OG02577,OG02756,5,operon-adjacent (synteny)
OG00873,OG01685,5,operon-adjacent (synteny)
OG00854,OG01569,5,operon-adjacent (synteny)
OG00847,OG16835,5,operon-adjacent (synteny)
OG00143,OG00903,5,operon-adjacent (synteny)
OG00299,OG01038,5,operon-adjacent (synteny)
OG01513,OG03397,5,operon-adjacent (synteny)
OG01511,OG06860,5,operon-adjacent (synteny)
OG02537,OG11540,5,operon-adjacent (synteny)
OG02534,OG11504,5,operon-adjacent (synteny)
OG00143,OG01660,5,operon-adjacent (synteny)
OG02553,OG03669,5,operon-adjacent (synteny)
OG02544,OG03331,5,operon-adjacent (synteny)
OG02544,OG02665,5,operon-adjacent (synteny)
OG02569,OG13633,5,operon-adjacent (synteny)
OG02565,OG06766,5,operon-adjacent (synteny)
OG00053,OG00194,5,operon-adjacent (synteny)
OG00053,OG00156,5,operon-adjacent (synteny)
OG00053,OG00099,5,operon-adjacent (synteny)
OG05414,OG16934,5,operon-adjacent (synteny)
OG00880,OG01277,5,operon-adjacent (synteny)
OG00143,OG10978,5,operon-adjacent (synteny)
OG01478,OG11354,5,operon-adjacent (synteny)
OG00874,OG05145,5,operon-adjacent (synteny)
OG02592,OG03134,5,operon-adjacent (synteny)
OG00877,OG13715,5,operon-adjacent (synteny)
OG00878,OG01186,5,operon-adjacent (synteny)
OG00863,OG02392,5,operon-adjacent (synteny)
OG00284,OG02076,5,operon-adjacent (synteny)
OG00284,OG03942,5,operon-adjacent (synteny)
OG02590,OG02956,5,operon-adjacent (synteny)
OG00282,OG03987,5,operon-adjacent (synteny)
OG00282,OG06548,5,operon-adjacent (synteny)
OG00284,OG00455,5,operon-adjacent (synteny)
OG02599,OG03014,5,operon-adjacent (synteny)
OG02624,OG03022,5,operon-adjacent (synteny)
OG00284,OG00955,5,operon-adjacent (synteny)
OG00865,OG06855,5,operon-adjacent (synteny)
OG02575,OG02905,5,operon-adjacent (synteny)
OG00866,OG03228,5,operon-adjacent (synteny)
OG00869,OG02425,5,operon-adjacent (synteny)
OG02574,OG09188,5,operon-adjacent (synteny)
OG00860,OG04932,5,operon-adjacent (synteny)
OG00143,OG04319,5,operon-adjacent (synteny)
OG00143,OG11159,5,operon-adjacent (synteny)
OG00143,OG06946,5,operon-adjacent (synteny)
OG05300,OG05474,5,operon-adjacent (synteny)
OG00019,OG03241,5,operon-adjacent (synteny)
OG01477,OG02476,5,operon-adjacent (synteny)
OG00019,OG02914,5,operon-adjacent (synteny)
OG00019,OG02948,5,operon-adjacent (synteny)
OG00019,OG03014,5,operon-adjacent (synteny)
OG00019,OG03051,5,operon-adjacent (synteny)
OG00143,OG03800,5,operon-adjacent (synteny)
OG00143,OG00657,5,operon-adjacent (synteny)
OG00143,OG00638,5,operon-adjacent (synteny)
OG00143,OG00587,5,operon-adjacent (synteny)
OG00143,OG00569,5,operon-adjacent (synteny)
OG00143,OG00451,5,operon-adjacent (synteny)
OG01524,OG10039,5,operon-adjacent (synteny)
OG00143,OG00762,5,operon-adjacent (synteny)
OG01509,OG03418,5,operon-adjacent (synteny)
OG01528,OG04585,5,operon-adjacent (synteny)
OG00834,OG01229,5,operon-adjacent (synteny)
OG00835,OG09236,5,operon-adjacent (synteny)
OG00143,OG01038,5,operon-adjacent (synteny)
OG00299,OG02882,5,operon-adjacent (synteny)
OG00830,OG02041,5,operon-adjacent (synteny)
OG00143,OG00992,5,operon-adjacent (synteny)
OG00143,OG00922,5,operon-adjacent (synteny)
OG00143,OG00670,5,operon-adjacent (synteny)
OG02485,OG02761,5,operon-adjacent (synteny)
OG02479,OG02828,5,operon-adjacent (synteny)
OG00808,OG03646,5,operon-adjacent (synteny)
OG02495,OG12053,5,operon-adjacent (synteny)
OG02492,OG03629,5,operon-adjacent (synteny)
OG00827,OG03993,5,operon-adjacent (synteny)
OG02492,OG03024,5,operon-adjacent (synteny)
OG00308,OG01053,5,operon-adjacent (synteny)
OG00824,OG02885,5,operon-adjacent (synteny)
OG02507,OG02739,5,operon-adjacent (synteny)
OG02513,OG04398,5,operon-adjacent (synteny)
OG00309,OG01383,5,operon-adjacent (synteny)
OG00309,OG13579,5,operon-adjacent (synteny)
OG00313,OG01838,5,operon-adjacent (synteny)
OG02507,OG11394,5,operon-adjacent (synteny)
OG00143,OG00407,5,operon-adjacent (synteny)
OG00824,OG01636,5,operon-adjacent (synteny)
OG00019,OG02161,5,operon-adjacent (synteny)
OG00844,OG05967,5,operon-adjacent (synteny)
OG00053,OG11495,5,operon-adjacent (synteny)
OG00843,OG02184,5,operon-adjacent (synteny)
OG00053,OG06712,5,operon-adjacent (synteny)
OG00302,OG00859,5,operon-adjacent (synteny)
OG00299,OG07085,5,operon-adjacent (synteny)
OG00305,OG00896,5,operon-adjacent (synteny)
OG02527,OG03071,5,operon-adjacent (synteny)
OG05487,OG05674,5,operon-adjacent (synteny)
OG01502,OG01586,5,operon-adjacent (synteny)
OG05420,OG06025,5,operon-adjacent (synteny)
OG01496,OG04948,5,operon-adjacent (synteny)
OG01509,OG02199,5,operon-adjacent (synteny)
OG00848,OG02247,5,operon-adjacent (synteny)
OG01505,OG03493,5,operon-adjacent (synteny)
OG00054,OG00292,5,operon-adjacent (synteny)
OG00305,OG01188,5,operon-adjacent (synteny)
OG00305,OG01693,5,operon-adjacent (synteny)
OG00305,OG02235,5,operon-adjacent (synteny)
OG00303,OG03415,5,operon-adjacent (synteny)
OG01515,OG02176,5,operon-adjacent (synteny)
OG01513,OG08395,5,operon-adjacent (synteny)
OG05530,OG12558,5,operon-adjacent (synteny)
OG00019,OG01990,5,operon-adjacent (synteny)
OG01519,OG02124,5,operon-adjacent (synteny)
OG01518,OG03952,5,operon-adjacent (synteny)
OG01516,OG03154,5,operon-adjacent (synteny)
OG00053,OG03713,5,operon-adjacent (synteny)
OG00053,OG03439,5,operon-adjacent (synteny)
OG00019,OG02396,5,operon-adjacent (synteny)
OG00053,OG03128,5,operon-adjacent (synteny)
OG00053,OG01631,5,operon-adjacent (synteny)
OG01519,OG02144,5,operon-adjacent (synteny)
OG00019,OG03627,5,operon-adjacent (synteny)
OG00019,OG03652,5,operon-adjacent (synteny)
OG04908,OG05142,5,operon-adjacent (synteny)
OG01409,OG16746,5,operon-adjacent (synteny)
OG04891,OG05009,5,operon-adjacent (synteny)
OG01414,OG03003,5,operon-adjacent (synteny)
OG01413,OG02882,5,operon-adjacent (synteny)
OG02621,OG12612,5,operon-adjacent (synteny)
OG01411,OG13518,5,operon-adjacent (synteny)
OG00918,OG01060,5,operon-adjacent (synteny)
OG00918,OG02895,5,operon-adjacent (synteny)
OG01411,OG02634,5,operon-adjacent (synteny)
OG00146,OG04700,5,operon-adjacent (synteny)
OG00917,OG02420,5,operon-adjacent (synteny)
OG00917,OG03467,5,operon-adjacent (synteny)
OG00045,OG13760,5,operon-adjacent (synteny)
OG01413,OG01990,5,operon-adjacent (synteny)
OG02663,OG11338,5,operon-adjacent (synteny)
OG02663,OG03627,5,operon-adjacent (synteny)
OG02663,OG03351,5,operon-adjacent (synteny)
OG00019,OG03923,5,operon-adjacent (synteny)
OG00019,OG04236,5,operon-adjacent (synteny)
OG00019,OG04828,5,operon-adjacent (synteny)
OG00916,OG02452,5,operon-adjacent (synteny)
OG00019,OG03564,5,operon-adjacent (synteny)
OG00913,OG01612,5,operon-adjacent (synteny)
OG00914,OG01306,5,operon-adjacent (synteny)
OG02681,OG05047,5,operon-adjacent (synteny)
OG00265,OG01997,5,operon-adjacent (synteny)
OG00265,OG02235,5,operon-adjacent (synteny)
OG00265,OG00869,5,operon-adjacent (synteny)
OG01411,OG02204,5,operon-adjacent (synteny)
OG00019,OG03496,5,operon-adjacent (synteny)
OG00912,OG03839,5,operon-adjacent (synteny)
OG01398,OG02092,5,operon-adjacent (synteny)
OG00261,OG02434,5,operon-adjacent (synteny)
OG00258,OG10650,5,operon-adjacent (synteny)
OG00149,OG05620,5,operon-adjacent (synteny)
OG04761,OG06219,5,operon-adjacent (synteny)
OG01405,OG04326,5,operon-adjacent (synteny)
OG01404,OG03526,5,operon-adjacent (synteny)
OG00916,OG03554,5,operon-adjacent (synteny)
OG01403,OG02078,5,operon-adjacent (synteny)
OG00019,OG09133,5,operon-adjacent (synteny)
OG00019,OG05851,5,operon-adjacent (synteny)
OG02723,OG02850,5,operon-adjacent (synteny)
OG02720,OG03412,5,operon-adjacent (synteny)
OG02715,OG13572,5,operon-adjacent (synteny)
OG02734,OG13766,5,operon-adjacent (synteny)
OG00929,OG01782,5,operon-adjacent (synteny)
OG01403,OG02155,5,operon-adjacent (synteny)
OG00046,OG12614,5,operon-adjacent (synteny)
OG00047,OG01739,5,operon-adjacent (synteny)
OG04809,OG13326,5,operon-adjacent (synteny)
OG04821,OG13257,5,operon-adjacent (synteny)
OG04786,OG16650,5,operon-adjacent (synteny)
OG00047,OG01371,5,operon-adjacent (synteny)
OG04794,OG11603,5,operon-adjacent (synteny)
OG00260,OG03929,5,operon-adjacent (synteny)
OG00926,OG01842,5,operon-adjacent (synteny)
OG02694,OG03434,5,operon-adjacent (synteny)
OG00927,OG06210,5,operon-adjacent (synteny)
OG00261,OG03599,5,operon-adjacent (synteny)
OG00921,OG02311,5,operon-adjacent (synteny)
OG00922,OG03022,5,operon-adjacent (synteny)
OG00148,OG11666,5,operon-adjacent (synteny)
OG00923,OG11231,5,operon-adjacent (synteny)
OG02694,OG14598,5,operon-adjacent (synteny)
OG00274,OG01598,5,operon-adjacent (synteny)
OG00274,OG03746,5,operon-adjacent (synteny)
OG01467,OG06951,5,operon-adjacent (synteny)
OG05195,OG05213,5,operon-adjacent (synteny)
OG01467,OG02445,5,operon-adjacent (synteny)
OG05135,OG11746,5,operon-adjacent (synteny)
OG05135,OG16644,5,operon-adjacent (synteny)
OG00019,OG04867,5,operon-adjacent (synteny)
OG00144,OG01872,5,operon-adjacent (synteny)
OG00144,OG00835,5,operon-adjacent (synteny)
OG00893,OG01030,5,operon-adjacent (synteny)
OG00893,OG03266,5,operon-adjacent (synteny)
OG00887,OG01914,5,operon-adjacent (synteny)
OG00889,OG02393,5,operon-adjacent (synteny)
OG00891,OG01169,5,operon-adjacent (synteny)
OG00885,OG04080,5,operon-adjacent (synteny)
OG00265,OG02885,5,operon-adjacent (synteny)
OG02624,OG13243,5,operon-adjacent (synteny)
OG01445,OG13714,5,operon-adjacent (synteny)
OG01445,OG01631,5,operon-adjacent (synteny)
OG05230,OG06447,5,operon-adjacent (synteny)
OG05230,OG10946,5,operon-adjacent (synteny)
OG01444,OG12213,5,operon-adjacent (synteny)
OG01461,OG01688,5,operon-adjacent (synteny)
OG01468,OG01665,5,operon-adjacent (synteny)
OG01457,OG10508,5,operon-adjacent (synteny)
OG01451,OG02203,5,operon-adjacent (synteny)
OG00885,OG03728,5,operon-adjacent (synteny)
OG01449,OG03270,5,operon-adjacent (synteny)
OG01465,OG03651,5,operon-adjacent (synteny)
OG01465,OG02235,5,operon-adjacent (synteny)
OG00276,OG01855,5,operon-adjacent (synteny)
OG00278,OG03238,5,operon-adjacent (synteny)
OG01458,OG01607,5,operon-adjacent (synteny)
OG00265,OG06828,5,operon-adjacent (synteny)
OG00265,OG09290,5,operon-adjacent (synteny)
OG00909,OG01707,5,operon-adjacent (synteny)
OG00262,OG07045,5,operon-adjacent (synteny)
OG00265,OG00600,5,operon-adjacent (synteny)
OG00148,OG01294,5,operon-adjacent (synteny)
OG00904,OG16327,5,operon-adjacent (synteny)
OG01443,OG13633,5,operon-adjacent (synteny)
OG01435,OG14570,5,operon-adjacent (synteny)
OG00901,OG05437,5,operon-adjacent (synteny)
OG00903,OG03045,5,operon-adjacent (synteny)
OG00148,OG05886,5,operon-adjacent (synteny)
OG00904,OG11359,5,operon-adjacent (synteny)
OG02659,OG03474,5,operon-adjacent (synteny)
OG04955,OG16754,5,operon-adjacent (synteny)
OG04961,OG05025,5,operon-adjacent (synteny)
OG00906,OG03818,5,operon-adjacent (synteny)
OG01443,OG13526,5,operon-adjacent (synteny)
OG05047,OG05213,5,operon-adjacent (synteny)
OG00049,OG00537,5,operon-adjacent (synteny)
OG04997,OG05082,5,operon-adjacent (synteny)
OG00048,OG03481,5,operon-adjacent (synteny)
OG00052,OG00220,5,operon-adjacent (synteny)
OG04976,OG05120,5,operon-adjacent (synteny)
OG02637,OG15264,5,operon-adjacent (synteny)
OG04981,OG11774,5,operon-adjacent (synteny)
OG02635,OG02840,5,operon-adjacent (synteny)
OG00052,OG01516,5,operon-adjacent (synteny)
OG02644,OG03008,5,operon-adjacent (synteny)
OG00895,OG06891,5,operon-adjacent (synteny)
OG02641,OG03257,5,operon-adjacent (synteny)
OG00265,OG16563,5,operon-adjacent (synteny)
OG00267,OG02211,5,operon-adjacent (synteny)
OG04976,OG05124,5,operon-adjacent (synteny)
OG01643,OG02654,5,operon-adjacent (synteny)
OG00743,OG13544,5,operon-adjacent (synteny)
OG00355,OG01051,5,operon-adjacent (synteny)
OG01616,OG05002,5,operon-adjacent (synteny)
OG00353,OG04791,5,operon-adjacent (synteny)
OG01616,OG02774,5,operon-adjacent (synteny)
OG01615,OG06396,5,operon-adjacent (synteny)
OG00816,OG02758,5,operon-adjacent (synteny)
OG00353,OG00605,5,operon-adjacent (synteny)
OG00353,OG03790,5,operon-adjacent (synteny)
OG00757,OG13290,5,operon-adjacent (synteny)
OG00759,OG01172,5,operon-adjacent (synteny)
OG00754,OG03698,5,operon-adjacent (synteny)
OG00752,OG02544,5,operon-adjacent (synteny)
OG02375,OG13533,5,operon-adjacent (synteny)
OG00748,OG01141,5,operon-adjacent (synteny)
OG01613,OG05170,5,operon-adjacent (synteny)
OG00355,OG03041,5,operon-adjacent (synteny)
OG00355,OG03200,5,operon-adjacent (synteny)
OG02346,OG03710,5,operon-adjacent (synteny)
OG06875,OG07070,5,operon-adjacent (synteny)
OG00059,OG11757,5,operon-adjacent (synteny)
OG06831,OG07056,5,operon-adjacent (synteny)
OG00019,OG00684,5,operon-adjacent (synteny)
OG00130,OG01610,5,operon-adjacent (synteny)
OG00019,OG00502,5,operon-adjacent (synteny)
OG02351,OG16180,5,operon-adjacent (synteny)
OG02351,OG03403,5,operon-adjacent (synteny)
OG00019,OG00457,5,operon-adjacent (synteny)
OG06746,OG11551,5,operon-adjacent (synteny)
OG01630,OG11441,5,operon-adjacent (synteny)
OG06728,OG07056,5,operon-adjacent (synteny)
OG06679,OG06861,5,operon-adjacent (synteny)
OG00059,OG03652,5,operon-adjacent (synteny)
OG01604,OG03524,5,operon-adjacent (synteny)
OG00347,OG01554,5,operon-adjacent (synteny)
OG00347,OG01645,5,operon-adjacent (synteny)
OG00019,OG00728,5,operon-adjacent (synteny)
OG06523,OG12745,5,operon-adjacent (synteny)
OG00055,OG12208,5,operon-adjacent (synteny)
OG06496,OG06702,5,operon-adjacent (synteny)
OG02369,OG02687,5,operon-adjacent (synteny)
OG02403,OG12973,5,operon-adjacent (synteny)
OG00343,OG03039,5,operon-adjacent (synteny)
OG00343,OG14134,5,operon-adjacent (synteny)
OG00764,OG01038,5,operon-adjacent (synteny)
OG00764,OG01379,5,operon-adjacent (synteny)
OG00768,OG01073,5,operon-adjacent (synteny)
OG00768,OG01264,5,operon-adjacent (synteny)
OG02401,OG02690,5,operon-adjacent (synteny)
OG00055,OG11273,5,operon-adjacent (synteny)
OG00748,OG05423,5,operon-adjacent (synteny)
OG02388,OG02631,5,operon-adjacent (synteny)
OG06629,OG09103,5,operon-adjacent (synteny)
OG02385,OG02579,5,operon-adjacent (synteny)
OG06651,OG16851,5,operon-adjacent (synteny)
OG02380,OG03825,5,operon-adjacent (synteny)
OG02400,OG02490,5,operon-adjacent (synteny)
OG01605,OG01856,5,operon-adjacent (synteny)
OG06606,OG12778,5,operon-adjacent (synteny)
OG00019,OG00960,5,operon-adjacent (synteny)
OG02400,OG04627,5,operon-adjacent (synteny)
OG00134,OG11271,5,operon-adjacent (synteny)
OG00761,OG03289,5,operon-adjacent (synteny)
OG00762,OG00771,5,operon-adjacent (synteny)
OG00135,OG00888,5,operon-adjacent (synteny)
OG00348,OG00752,5,operon-adjacent (synteny)
OG06606,OG11609,5,operon-adjacent (synteny)
OG02314,OG03083,5,operon-adjacent (synteny)
OG02320,OG03839,5,operon-adjacent (synteny)
OG00715,OG03177,5,operon-adjacent (synteny)
OG00717,OG13755,5,operon-adjacent (synteny)
OG01660,OG06887,5,operon-adjacent (synteny)
OG00718,OG01714,5,operon-adjacent (synteny)
OG00361,OG10436,5,operon-adjacent (synteny)
OG00059,OG01154,5,operon-adjacent (synteny)
OG00361,OG03072,5,operon-adjacent (synteny)
OG00361,OG03163,5,operon-adjacent (synteny)
OG01675,OG05924,5,operon-adjacent (synteny)
OG00361,OG03674,5,operon-adjacent (synteny)
OG00361,OG05055,5,operon-adjacent (synteny)
OG00121,OG03128,5,operon-adjacent (synteny)
OG00724,OG01755,5,operon-adjacent (synteny)
OG00724,OG03816,5,operon-adjacent (synteny)
OG01672,OG03173,5,operon-adjacent (synteny)
OG00711,OG01888,5,operon-adjacent (synteny)
OG07097,OG16686,5,operon-adjacent (synteny)
OG07099,OG14516,5,operon-adjacent (synteny)
OG02319,OG03378,5,operon-adjacent (synteny)
OG00019,OG00247,5,operon-adjacent (synteny)
OG07064,OG12780,5,operon-adjacent (synteny)
OG07086,OG11292,5,operon-adjacent (synteny)
OG00718,OG02003,5,operon-adjacent (synteny)
OG00019,OG00174,5,operon-adjacent (synteny)
OG00019,OG00176,5,operon-adjacent (synteny)
OG00019,OG00221,5,operon-adjacent (synteny)
OG02317,OG02995,5,operon-adjacent (synteny)
OG00019,OG00245,5,operon-adjacent (synteny)
OG06971,OG11382,5,operon-adjacent (synteny)
OG00019,OG00098,5,operon-adjacent (synteny)
OG02314,OG04907,5,operon-adjacent (synteny)
OG00019,OG00156,5,operon-adjacent (synteny)
OG01649,OG01875,5,operon-adjacent (synteny)
OG00019,OG00253,5,operon-adjacent (synteny)
OG00128,OG02950,5,operon-adjacent (synteny)
OG00731,OG01398,5,operon-adjacent (synteny)
OG00128,OG02417,5,operon-adjacent (synteny)
OG00728,OG01504,5,operon-adjacent (synteny)
OG00729,OG03771,5,operon-adjacent (synteny)
OG00725,OG02565,5,operon-adjacent (synteny)
OG00128,OG09290,5,operon-adjacent (synteny)
OG01654,OG01879,5,operon-adjacent (synteny)
OG00725,OG03655,5,operon-adjacent (synteny)
OG00727,OG02875,5,operon-adjacent (synteny)
OG01649,OG11380,5,operon-adjacent (synteny)
OG00355,OG03455,5,operon-adjacent (synteny)
OG00355,OG03542,5,operon-adjacent (synteny)
OG00355,OG03927,5,operon-adjacent (synteny)
OG00727,OG03099,5,operon-adjacent (synteny)
OG00361,OG00825,5,operon-adjacent (synteny)
OG01678,OG02599,5,operon-adjacent (synteny)
OG00721,OG01962,5,operon-adjacent (synteny)
OG00060,OG01657,5,operon-adjacent (synteny)
OG00060,OG00896,5,operon-adjacent (synteny)
OG00360,OG13732,5,operon-adjacent (synteny)
OG00061,OG00711,5,operon-adjacent (synteny)
OG00019,OG00397,5,operon-adjacent (synteny)
OG00355,OG12845,5,operon-adjacent (synteny)
OG00061,OG00194,5,operon-adjacent (synteny)
OG06926,OG14237,5,operon-adjacent (synteny)
OG00019,OG00402,5,operon-adjacent (synteny)
OG02325,OG02611,5,operon-adjacent (synteny)
OG02340,OG02666,5,operon-adjacent (synteny)
OG02340,OG02581,5,operon-adjacent (synteny)
OG02337,OG02666,5,operon-adjacent (synteny)
OG00719,OG02637,5,operon-adjacent (synteny)
OG00136,OG03711,5,operon-adjacent (synteny)
OG00135,OG16604,5,operon-adjacent (synteny)
OG01571,OG11356,5,operon-adjacent (synteny)
OG01547,OG01813,5,operon-adjacent (synteny)
OG00798,OG16747,5,operon-adjacent (synteny)
OG01545,OG09155,5,operon-adjacent (synteny)
OG01545,OG04285,5,operon-adjacent (synteny)
OG00057,OG00400,5,operon-adjacent (synteny)
OG00329,OG01997,5,operon-adjacent (synteny)
OG00798,OG04318,5,operon-adjacent (synteny)
OG01541,OG04167,5,operon-adjacent (synteny)
OG00327,OG01495,5,operon-adjacent (synteny)
OG01551,OG01630,5,operon-adjacent (synteny)
OG01549,OG10876,5,operon-adjacent (synteny)
OG01561,OG13229,5,operon-adjacent (synteny)
OG01560,OG02292,5,operon-adjacent (synteny)
OG00803,OG01273,5,operon-adjacent (synteny)
OG00055,OG01571,5,operon-adjacent (synteny)
OG00055,OG01328,5,operon-adjacent (synteny)
OG00798,OG03300,5,operon-adjacent (synteny)
OG00055,OG03330,5,operon-adjacent (synteny)
OG00055,OG02452,5,operon-adjacent (synteny)
OG02451,OG06104,5,operon-adjacent (synteny)
OG00055,OG03800,5,operon-adjacent (synteny)
OG05886,OG06531,5,operon-adjacent (synteny)
OG00795,OG06801,5,operon-adjacent (synteny)
OG00788,OG01699,5,operon-adjacent (synteny)
OG02454,OG04308,5,operon-adjacent (synteny)
OG00790,OG03819,5,operon-adjacent (synteny)
OG00790,OG13703,5,operon-adjacent (synteny)
OG05965,OG14484,5,operon-adjacent (synteny)
OG00135,OG16327,5,operon-adjacent (synteny)
OG00135,OG16023,5,operon-adjacent (synteny)
OG02463,OG02770,5,operon-adjacent (synteny)
OG01539,OG02746,5,operon-adjacent (synteny)
OG01538,OG01800,5,operon-adjacent (synteny)
OG05724,OG05894,5,operon-adjacent (synteny)
OG01536,OG02509,5,operon-adjacent (synteny)
OG00137,OG02647,5,operon-adjacent (synteny)
OG05695,OG05699,5,operon-adjacent (synteny)
OG05700,OG06561,5,operon-adjacent (synteny)
OG00019,OG01717,5,operon-adjacent (synteny)
OG00306,OG02922,5,operon-adjacent (synteny)
OG01541,OG03936,5,operon-adjacent (synteny)
OG00307,OG00722,5,operon-adjacent (synteny)
OG00817,OG01717,5,operon-adjacent (synteny)
OG00143,OG00231,5,operon-adjacent (synteny)
OG00817,OG02310,5,operon-adjacent (synteny)
OG00817,OG03313,5,operon-adjacent (synteny)
OG00305,OG07662,5,operon-adjacent (synteny)
OG00306,OG01876,5,operon-adjacent (synteny)
OG00019,OG01810,5,operon-adjacent (synteny)
OG01565,OG07464,5,operon-adjacent (synteny)
OG01563,OG02003,5,operon-adjacent (synteny)
OG00055,OG00076,5,operon-adjacent (synteny)
OG00055,OG00075,5,operon-adjacent (synteny)
OG00055,OG00059,5,operon-adjacent (synteny)
OG00326,OG00965,5,operon-adjacent (synteny)
OG00019,OG01535,5,operon-adjacent (synteny)
OG02468,OG02859,5,operon-adjacent (synteny)
OG00806,OG06443,5,operon-adjacent (synteny)
OG00320,OG01133,5,operon-adjacent (synteny)
OG00055,OG00650,5,operon-adjacent (synteny)
OG00804,OG03348,5,operon-adjacent (synteny)
OG00804,OG06475,5,operon-adjacent (synteny)
OG00019,OG01515,5,operon-adjacent (synteny)
OG00019,OG01530,5,operon-adjacent (synteny)
OG00326,OG02229,5,operon-adjacent (synteny)
OG06306,OG06661,5,operon-adjacent (synteny)
OG06323,OG11405,5,operon-adjacent (synteny)
OG00135,OG06896,5,operon-adjacent (synteny)
OG06273,OG06890,5,operon-adjacent (synteny)
OG00135,OG05644,5,operon-adjacent (synteny)
OG00776,OG01881,5,operon-adjacent (synteny)
OG01597,OG01723,5,operon-adjacent (synteny)
OG06043,OG06043,5,operon-adjacent (synteny)
OG01602,OG03228,5,operon-adjacent (synteny)
OG00772,OG09125,5,operon-adjacent (synteny)
OG01600,OG05595,5,operon-adjacent (synteny)
OG00774,OG02453,5,operon-adjacent (synteny)
OG00346,OG02545,5,operon-adjacent (synteny)
OG02420,OG03649,5,operon-adjacent (synteny)
OG02414,OG04411,5,operon-adjacent (synteny)
OG00345,OG00891,5,operon-adjacent (synteny)
OG00772,OG02760,5,operon-adjacent (synteny)
OG02410,OG02547,5,operon-adjacent (synteny)
OG00762,OG03566,5,operon-adjacent (synteny)
OG00762,OG03642,5,operon-adjacent (synteny)
OG02409,OG02841,5,operon-adjacent (synteny)
OG02408,OG02827,5,operon-adjacent (synteny)
OG02406,OG03166,5,operon-adjacent (synteny)
OG06364,OG06513,5,operon-adjacent (synteny)
OG06299,OG06680,5,operon-adjacent (synteny)
OG00135,OG03731,5,operon-adjacent (synteny)
OG00135,OG03147,5,operon-adjacent (synteny)
OG06397,OG13562,5,operon-adjacent (synteny)
OG06341,OG06707,5,operon-adjacent (synteny)
OG06358,OG06427,5,operon-adjacent (synteny)
OG06358,OG06709,5,operon-adjacent (synteny)
OG06362,OG06502,5,operon-adjacent (synteny)
OG06292,OG06502,5,operon-adjacent (synteny)
OG00135,OG03964,5,operon-adjacent (synteny)
OG00780,OG13236,5,operon-adjacent (synteny)
OG00786,OG01002,5,operon-adjacent (synteny)
OG01576,OG02029,5,operon-adjacent (synteny)
OG00787,OG02960,5,operon-adjacent (synteny)
OG01574,OG11771,5,operon-adjacent (synteny)
OG00336,OG02919,5,operon-adjacent (synteny)
OG00337,OG04732,5,operon-adjacent (synteny)
OG00345,OG00904,5,operon-adjacent (synteny)
OG00331,OG01331,5,operon-adjacent (synteny)
OG00332,OG02316,5,operon-adjacent (synteny)
OG00336,OG01422,5,operon-adjacent (synteny)
OG01578,OG02445,5,operon-adjacent (synteny)
OG01577,OG13492,5,operon-adjacent (synteny)
OG01588,OG11640,5,operon-adjacent (synteny)
OG01584,OG13229,5,operon-adjacent (synteny)
OG06201,OG11469,5,operon-adjacent (synteny)
OG01580,OG02679,5,operon-adjacent (synteny)
OG00345,OG01284,5,operon-adjacent (synteny)
OG02412,OG13728,5,operon-adjacent (synteny)
OG02411,OG11858,5,operon-adjacent (synteny)
OG00345,OG03473,5,operon-adjacent (synteny)
OG00779,OG01989,5,operon-adjacent (synteny)
OG02433,OG13741,5,operon-adjacent (synteny)
OG00779,OG01183,5,operon-adjacent (synteny)
OG00779,OG01478,5,operon-adjacent (synteny)
OG00019,OG01038,5,operon-adjacent (synteny)
OG00341,OG00659,5,operon-adjacent (synteny)
OG00339,OG00699,5,operon-adjacent (synteny)
OG06260,OG06707,5,operon-adjacent (synteny)
OG06227,OG06709,5,operon-adjacent (synteny)
OG06227,OG09103,5,operon-adjacent (synteny)
OG02434,OG02553,5,operon-adjacent (synteny)
OG00055,OG01172,5,operon-adjacent (synteny)
OG00019,OG01184,5,operon-adjacent (synteny)
OG00779,OG01574,5,operon-adjacent (synteny)
OG03034,OG03850,5,operon-adjacent (synteny)
OG00027,OG13747,5,operon-adjacent (synteny)
OG03033,OG03893,5,operon-adjacent (synteny)
OG03031,OG03931,5,operon-adjacent (synteny)
OG03029,OG03181,5,operon-adjacent (synteny)
OG03028,OG03229,5,operon-adjacent (synteny)
OG03027,OG11739,5,operon-adjacent (synteny)
OG02731,OG03620,5,operon-adjacent (synteny)
OG03608,OG03884,5,operon-adjacent (synteny)
OG00183,OG13766,5,operon-adjacent (synteny)
OG00188,OG01365,5,operon-adjacent (synteny)
OG01105,OG01134,5,operon-adjacent (synteny)
OG01106,OG02764,5,operon-adjacent (synteny)
OG00188,OG00190,5,operon-adjacent (synteny)
OG01257,OG14533,5,operon-adjacent (synteny)
OG00220,OG00940,5,operon-adjacent (synteny)
OG03620,OG03750,5,operon-adjacent (synteny)
OG01273,OG12589,5,operon-adjacent (synteny)
OG01273,OG11242,5,operon-adjacent (synteny)
OG01272,OG11117,5,operon-adjacent (synteny)
OG00180,OG00906,5,operon-adjacent (synteny)
OG00030,OG00288,5,operon-adjacent (synteny)
OG00180,OG00803,5,operon-adjacent (synteny)
OG03631,OG03718,5,operon-adjacent (synteny)
OG00222,OG01083,5,operon-adjacent (synteny)
OG00030,OG00235,5,operon-adjacent (synteny)
OG03008,OG11616,5,operon-adjacent (synteny)
OG03008,OG03212,5,operon-adjacent (synteny)
OG03007,OG06974,5,operon-adjacent (synteny)
OG03018,OG03363,5,operon-adjacent (synteny)
OG03018,OG03053,5,operon-adjacent (synteny)
OG03024,OG03824,5,operon-adjacent (synteny)
OG00221,OG12982,5,operon-adjacent (synteny)
OG00030,OG00216,5,operon-adjacent (synteny)
OG01120,OG03044,5,operon-adjacent (synteny)
OG00034,OG00585,5,operon-adjacent (synteny)
OG01113,OG03214,5,operon-adjacent (synteny)
OG03045,OG03194,5,operon-adjacent (synteny)
OG03059,OG03098,5,operon-adjacent (synteny)
OG03559,OG03739,5,operon-adjacent (synteny)
OG03053,OG03317,5,operon-adjacent (synteny)
OG00220,OG01696,5,operon-adjacent (synteny)
OG03051,OG11650,5,operon-adjacent (synteny)
OG03523,OG12786,5,operon-adjacent (synteny)
OG03525,OG03716,5,operon-adjacent (synteny)
OG03497,OG03682,5,operon-adjacent (synteny)
OG03497,OG04006,5,operon-adjacent (synteny)
OG03504,OG04010,5,operon-adjacent (synteny)
OG01133,OG01621,5,operon-adjacent (synteny)
OG01133,OG04080,5,operon-adjacent (synteny)
OG03567,OG03703,5,operon-adjacent (synteny)
OG01257,OG01918,5,operon-adjacent (synteny)
OG00188,OG03699,5,operon-adjacent (synteny)
OG00188,OG02679,5,operon-adjacent (synteny)
OG00218,OG00322,5,operon-adjacent (synteny)
OG00218,OG00382,5,operon-adjacent (synteny)
OG00218,OG01364,5,operon-adjacent (synteny)
OG01261,OG02188,5,operon-adjacent (synteny)
OG00034,OG01004,5,operon-adjacent (synteny)
OG01131,OG02549,5,operon-adjacent (synteny)
OG01131,OG02686,5,operon-adjacent (synteny)
OG00210,OG02566,5,operon-adjacent (synteny)
OG01122,OG06554,5,operon-adjacent (synteny)
OG01124,OG01364,5,operon-adjacent (synteny)
OG01126,OG01196,5,operon-adjacent (synteny)
OG01116,OG03430,5,operon-adjacent (synteny)
OG00034,OG01641,5,operon-adjacent (synteny)
OG00034,OG00407,5,operon-adjacent (synteny)
OG00036,OG00339,5,operon-adjacent (synteny)
OG03790,OG04167,5,operon-adjacent (synteny)
OG03790,OG06628,5,operon-adjacent (synteny)
OG03747,OG10470,5,operon-adjacent (synteny)
OG03002,OG03334,5,operon-adjacent (synteny)
OG03757,OG03910,5,operon-adjacent (synteny)
OG00027,OG02316,5,operon-adjacent (synteny)
OG03637,OG03663,5,operon-adjacent (synteny)
OG02997,OG03873,5,operon-adjacent (synteny)
OG02993,OG11434,5,operon-adjacent (synteny)
OG00027,OG00027,5,operon-adjacent (synteny)
OG01073,OG02545,5,operon-adjacent (synteny)
OG01075,OG01739,5,operon-adjacent (synteny)
OG01076,OG11447,5,operon-adjacent (synteny)
OG03002,OG06297,5,operon-adjacent (synteny)
OG00230,OG00660,5,operon-adjacent (synteny)
OG00027,OG02788,5,operon-adjacent (synteny)
OG00034,OG04221,5,operon-adjacent (synteny)
OG01289,OG01392,5,operon-adjacent (synteny)
OG00022,OG03003,5,operon-adjacent (synteny)
OG00024,OG00711,5,operon-adjacent (synteny)
OG00176,OG11172,5,operon-adjacent (synteny)
OG00175,OG01613,5,operon-adjacent (synteny)
OG00180,OG00515,5,operon-adjacent (synteny)
OG00231,OG00702,5,operon-adjacent (synteny)
OG01071,OG10186,5,operon-adjacent (synteny)
OG01065,OG01467,5,operon-adjacent (synteny)
OG01065,OG01841,5,operon-adjacent (synteny)
OG01065,OG02442,5,operon-adjacent (synteny)
OG01067,OG02680,5,operon-adjacent (synteny)
OG01293,OG01685,5,operon-adjacent (synteny)
OG00034,OG13669,5,operon-adjacent (synteny)
OG00231,OG00619,5,operon-adjacent (synteny)
OG01071,OG01515,5,operon-adjacent (synteny)
OG01265,OG02399,5,operon-adjacent (synteny)
OG03693,OG03868,5,operon-adjacent (synteny)
OG01264,OG04411,5,operon-adjacent (synteny)
OG01264,OG02746,5,operon-adjacent (synteny)
OG01272,OG05254,5,operon-adjacent (synteny)
OG01270,OG03683,5,operon-adjacent (synteny)
OG01085,OG05101,5,operon-adjacent (synteny)
OG00230,OG01347,5,operon-adjacent (synteny)
OG01081,OG03831,5,operon-adjacent (synteny)
OG01081,OG05123,5,operon-adjacent (synteny)
OG01269,OG03923,5,operon-adjacent (synteny)
OG01078,OG01962,5,operon-adjacent (synteny)
OG01080,OG02720,5,operon-adjacent (synteny)
OG01080,OG03646,5,operon-adjacent (synteny)
OG01276,OG01564,5,operon-adjacent (synteny)
OG01274,OG03400,5,operon-adjacent (synteny)
OG01085,OG06152,5,operon-adjacent (synteny)
OG00224,OG11655,5,operon-adjacent (synteny)
OG00180,OG16262,5,operon-adjacent (synteny)
OG00224,OG16642,5,operon-adjacent (synteny)
OG00181,OG11171,5,operon-adjacent (synteny)
OG00181,OG02942,5,operon-adjacent (synteny)
OG00224,OG01641,5,operon-adjacent (synteny)
OG00181,OG01172,5,operon-adjacent (synteny)
OG03679,OG03870,5,operon-adjacent (synteny)
OG00024,OG02813,5,operon-adjacent (synteny)
OG00024,OG10053,5,operon-adjacent (synteny)
OG01279,OG16008,5,operon-adjacent (synteny)
OG03733,OG13308,5,operon-adjacent (synteny)
OG01279,OG03114,5,operon-adjacent (synteny)
OG03710,OG03977,5,operon-adjacent (synteny)
OG03716,OG03871,5,operon-adjacent (synteny)
OG01284,OG03264,5,operon-adjacent (synteny)
OG00181,OG01014,5,operon-adjacent (synteny)
OG03356,OG03490,5,operon-adjacent (synteny)
OG03202,OG03765,5,operon-adjacent (synteny)
OG03367,OG03543,5,operon-adjacent (synteny)
OG03218,OG03734,5,operon-adjacent (synteny)
OG00032,OG00711,5,operon-adjacent (synteny)
OG03214,OG03408,5,operon-adjacent (synteny)
OG03351,OG03821,5,operon-adjacent (synteny)
OG01252,OG01714,5,operon-adjacent (synteny)
OG00194,OG01282,5,operon-adjacent (synteny)
OG03229,OG03952,5,operon-adjacent (synteny)
OG03226,OG03709,5,operon-adjacent (synteny)
OG01176,OG03111,5,operon-adjacent (synteny)
OG03226,OG03598,5,operon-adjacent (synteny)
OG01175,OG12045,5,operon-adjacent (synteny)
OG01176,OG02590,5,operon-adjacent (synteny)
OG01172,OG03036,5,operon-adjacent (synteny)
OG00032,OG00426,5,operon-adjacent (synteny)
OG03184,OG03278,5,operon-adjacent (synteny)
OG03402,OG03430,5,operon-adjacent (synteny)
OG00192,OG03113,5,operon-adjacent (synteny)
OG03409,OG04971,5,operon-adjacent (synteny)
OG00192,OG01641,5,operon-adjacent (synteny)
OG01170,OG02214,5,operon-adjacent (synteny)
OG01212,OG03197,5,operon-adjacent (synteny)
OG03203,OG03663,5,operon-adjacent (synteny)
OG01169,OG03021,5,operon-adjacent (synteny)
OG01209,OG01807,5,operon-adjacent (synteny)
OG00189,OG01555,5,operon-adjacent (synteny)
OG00194,OG04102,5,operon-adjacent (synteny)
OG01216,OG03842,5,operon-adjacent (synteny)
OG03187,OG10826,5,operon-adjacent (synteny)
OG03373,OG03503,5,operon-adjacent (synteny)
OG03373,OG03682,5,operon-adjacent (synteny)
OG01212,OG01285,5,operon-adjacent (synteny)
OG03256,OG03556,5,operon-adjacent (synteny)
OG03255,OG03389,5,operon-adjacent (synteny)
OG03247,OG13735,5,operon-adjacent (synteny)
OG00194,OG00235,5,operon-adjacent (synteny)
OG03300,OG03757,5,operon-adjacent (synteny)
OG03289,OG04274,5,operon-adjacent (synteny)
OG03296,OG05636,5,operon-adjacent (synteny)
OG01190,OG03890,5,operon-adjacent (synteny)
OG03279,OG03630,5,operon-adjacent (synteny)
OG03268,OG03447,5,operon-adjacent (synteny)
OG01190,OG01889,5,operon-adjacent (synteny)
OG00194,OG00624,5,operon-adjacent (synteny)
OG00194,OG01038,5,operon-adjacent (synteny)
OG01187,OG02351,5,operon-adjacent (synteny)
OG00194,OG00582,5,operon-adjacent (synteny)
OG01189,OG03450,5,operon-adjacent (synteny)
OG03271,OG05594,5,operon-adjacent (synteny)
OG03333,OG03651,5,operon-adjacent (synteny)
OG03333,OG13972,5,operon-adjacent (synteny)
OG01196,OG12892,5,operon-adjacent (synteny)
OG01196,OG01576,5,operon-adjacent (synteny)
OG01195,OG02007,5,operon-adjacent (synteny)
OG03323,OG03434,5,operon-adjacent (synteny)
OG01195,OG01988,5,operon-adjacent (synteny)
OG03236,OG08402,5,operon-adjacent (synteny)
OG03316,OG03863,5,operon-adjacent (synteny)
OG00192,OG01133,5,operon-adjacent (synteny)
OG00192,OG00488,5,operon-adjacent (synteny)
OG01183,OG15708,5,operon-adjacent (synteny)
OG00032,OG01821,5,operon-adjacent (synteny)
OG00194,OG02843,5,operon-adjacent (synteny)
OG00194,OG02911,5,operon-adjacent (synteny)
OG00194,OG01748,5,operon-adjacent (synteny)
OG03316,OG03751,5,operon-adjacent (synteny)
OG01149,OG13307,5,operon-adjacent (synteny)
OG00188,OG12542,5,operon-adjacent (synteny)
OG00188,OG12442,5,operon-adjacent (synteny)
OG01141,OG02400,5,operon-adjacent (synteny)
OG01141,OG05423,5,operon-adjacent (synteny)
OG00189,OG00922,5,operon-adjacent (synteny)
OG00189,OG00686,5,operon-adjacent (synteny)
OG00195,OG02298,5,operon-adjacent (synteny)
OG01141,OG01211,5,operon-adjacent (synteny)
OG00189,OG01077,5,operon-adjacent (synteny)
OG01134,OG01239,5,operon-adjacent (synteny)
OG01239,OG02649,5,operon-adjacent (synteny)
OG01134,OG03045,5,operon-adjacent (synteny)
OG01239,OG01393,5,operon-adjacent (synteny)
OG01154,OG02452,5,operon-adjacent (synteny)
OG00209,OG16803,5,operon-adjacent (synteny)
OG01137,OG09267,5,operon-adjacent (synteny)
OG01133,OG05157,5,operon-adjacent (synteny)
OG01132,OG02275,5,operon-adjacent (synteny)
OG00216,OG00790,5,operon-adjacent (synteny)
OG00183,OG01157,5,operon-adjacent (synteny)
OG01132,OG01770,5,operon-adjacent (synteny)
OG03095,OG03316,5,operon-adjacent (synteny)
OG03469,OG06290,5,operon-adjacent (synteny)
OG01149,OG02764,5,operon-adjacent (synteny)
OG00031,OG06543,5,operon-adjacent (synteny)
OG00032,OG00032,5,operon-adjacent (synteny)
OG00032,OG00034,5,operon-adjacent (synteny)
OG03096,OG03560,5,operon-adjacent (synteny)
OG03467,OG11409,5,operon-adjacent (synteny)
OG00030,OG03681,5,operon-adjacent (synteny)
OG00031,OG01767,5,operon-adjacent (synteny)
OG00030,OG03467,5,operon-adjacent (synteny)
OG03092,OG03317,5,operon-adjacent (synteny)
OG03425,OG03615,5,operon-adjacent (synteny)
OG03431,OG05144,5,operon-adjacent (synteny)
OG01217,OG03438,5,operon-adjacent (synteny)
OG01217,OG03308,5,operon-adjacent (synteny)
OG00192,OG00231,5,operon-adjacent (synteny)
OG01164,OG01192,5,operon-adjacent (synteny)
OG01227,OG03398,5,operon-adjacent (synteny)
OG00032,OG11220,5,operon-adjacent (synteny)
OG01225,OG02251,5,operon-adjacent (synteny)
OG03137,OG03260,5,operon-adjacent (synteny)
OG01162,OG02096,5,operon-adjacent (synteny)
OG01163,OG01296,5,operon-adjacent (synteny)
OG03136,OG03987,5,operon-adjacent (synteny)
OG03135,OG03832,5,operon-adjacent (synteny)
OG01157,OG01753,5,operon-adjacent (synteny)
OG01157,OG02164,5,operon-adjacent (synteny)
OG01158,OG01576,5,operon-adjacent (synteny)
OG03110,OG03198,5,operon-adjacent (synteny)
OG01150,OG02582,5,operon-adjacent (synteny)
OG00206,OG00502,5,operon-adjacent (synteny)
OG00202,OG00353,5,operon-adjacent (synteny)
OG00034,OG00061,5,operon-adjacent (synteny)
OG03113,OG03158,5,operon-adjacent (synteny)
OG00202,OG13457,5,operon-adjacent (synteny)
OG01217,OG06803,5,operon-adjacent (synteny)
OG00030,OG01323,5,operon-adjacent (synteny)
OG00030,OG01554,5,operon-adjacent (synteny)
OG03125,OG03508,5,operon-adjacent (synteny)
OG00189,OG03389,5,operon-adjacent (synteny)
OG03466,OG03862,5,operon-adjacent (synteny)
OG00192,OG00192,5,operon-adjacent (synteny)
OG00191,OG02552,5,operon-adjacent (synteny)
OG03448,OG03568,5,operon-adjacent (synteny)
OG03132,OG03503,5,operon-adjacent (synteny)
OG00019,OG09480,5,operon-adjacent (synteny)
OG00019,OG11138,5,operon-adjacent (synteny)
OG00162,OG04754,5,operon-adjacent (synteny)
OG04342,OG04471,5,operon-adjacent (synteny)
OG04319,OG04435,5,operon-adjacent (synteny)
OG00162,OG00959,5,operon-adjacent (synteny)
OG01357,OG01889,5,operon-adjacent (synteny)
OG02950,OG03134,5,operon-adjacent (synteny)
OG04300,OG14443,5,operon-adjacent (synteny)
OG04302,OG04803,5,operon-adjacent (synteny)
OG04302,OG13698,5,operon-adjacent (synteny)
OG04309,OG04666,5,operon-adjacent (synteny)
OG04313,OG15857,5,operon-adjacent (synteny)
OG00975,OG02534,5,operon-adjacent (synteny)
OG01365,OG03485,5,operon-adjacent (synteny)
OG00978,OG00997,5,operon-adjacent (synteny)
OG04341,OG04509,5,operon-adjacent (synteny)
OG00045,OG01240,5,operon-adjacent (synteny)
OG00045,OG00991,5,operon-adjacent (synteny)
OG00156,OG03099,5,operon-adjacent (synteny)
OG00156,OG02431,5,operon-adjacent (synteny)
OG00156,OG02349,5,operon-adjacent (synteny)
OG00156,OG02340,5,operon-adjacent (synteny)
OG01365,OG12003,5,operon-adjacent (synteny)
OG01370,OG02094,5,operon-adjacent (synteny)
OG00973,OG03686,5,operon-adjacent (synteny)
OG01365,OG06396,5,operon-adjacent (synteny)
OG00255,OG00366,5,operon-adjacent (synteny)
OG00255,OG00393,5,operon-adjacent (synteny)
OG00255,OG00424,5,operon-adjacent (synteny)
OG00966,OG04651,5,operon-adjacent (synteny)
OG00968,OG03541,5,operon-adjacent (synteny)
OG00252,OG01520,5,operon-adjacent (synteny)
OG00973,OG01748,5,operon-adjacent (synteny)
OG00245,OG03739,5,operon-adjacent (synteny)
OG02828,OG02986,5,operon-adjacent (synteny)
OG00245,OG04729,5,operon-adjacent (synteny)
OG02837,OG03466,5,operon-adjacent (synteny)
OG02833,OG02985,5,operon-adjacent (synteny)
OG02832,OG04069,5,operon-adjacent (synteny)
OG01348,OG04348,5,operon-adjacent (synteny)
OG00245,OG14456,5,operon-adjacent (synteny)
OG04242,OG11904,5,operon-adjacent (synteny)
OG04242,OG12902,5,operon-adjacent (synteny)
OG04229,OG04759,5,operon-adjacent (synteny)
OG04194,OG11932,5,operon-adjacent (synteny)
OG04207,OG13747,5,operon-adjacent (synteny)
OG01351,OG10003,5,operon-adjacent (synteny)
OG04211,OG04615,5,operon-adjacent (synteny)
OG01351,OG04216,5,operon-adjacent (synteny)
OG04281,OG04817,5,operon-adjacent (synteny)
OG00246,OG10501,5,operon-adjacent (synteny)
OG00247,OG00249,5,operon-adjacent (synteny)
OG00156,OG01694,5,operon-adjacent (synteny)
OG00975,OG01588,5,operon-adjacent (synteny)
OG01365,OG03897,5,operon-adjacent (synteny)
OG02802,OG02922,5,operon-adjacent (synteny)
OG00245,OG06870,5,operon-adjacent (synteny)
OG02830,OG02995,5,operon-adjacent (synteny)
OG00980,OG03530,5,operon-adjacent (synteny)
OG00980,OG05717,5,operon-adjacent (synteny)
OG02797,OG02810,5,operon-adjacent (synteny)
OG00245,OG04754,5,operon-adjacent (synteny)
OG02796,OG11559,5,operon-adjacent (synteny)
OG02809,OG04041,5,operon-adjacent (synteny)
OG02832,OG03729,5,operon-adjacent (synteny)
OG00245,OG02835,5,operon-adjacent (synteny)
OG02797,OG14610,5,operon-adjacent (synteny)
OG00943,OG01577,5,operon-adjacent (synteny)
OG00943,OG13623,5,operon-adjacent (synteny)
OG00936,OG01044,5,operon-adjacent (synteny)
OG00936,OG02314,5,operon-adjacent (synteny)
OG01393,OG02761,5,operon-adjacent (synteny)
OG01393,OG02184,5,operon-adjacent (synteny)
OG01384,OG03630,5,operon-adjacent (synteny)
OG00045,OG01295,5,operon-adjacent (synteny)
OG00045,OG02267,5,operon-adjacent (synteny)
OG00045,OG01497,5,operon-adjacent (synteny)
OG04634,OG06937,5,operon-adjacent (synteny)
OG04672,OG04817,5,operon-adjacent (synteny)
OG00045,OG04528,5,operon-adjacent (synteny)
OG02758,OG02758,5,operon-adjacent (synteny)
OG04616,OG16627,5,operon-adjacent (synteny)
OG00957,OG03266,5,operon-adjacent (synteny)
OG04722,OG12780,5,operon-adjacent (synteny)
OG02730,OG13693,5,operon-adjacent (synteny)
OG00255,OG04006,5,operon-adjacent (synteny)
OG02738,OG03935,5,operon-adjacent (synteny)
OG00255,OG04651,5,operon-adjacent (synteny)
OG00255,OG09290,5,operon-adjacent (synteny)
OG02738,OG03792,5,operon-adjacent (synteny)
OG02738,OG03356,5,operon-adjacent (synteny)
OG01396,OG03825,5,operon-adjacent (synteny)
OG00255,OG00537,5,operon-adjacent (synteny)
OG00943,OG15710,5,operon-adjacent (synteny)
OG00943,OG15896,5,operon-adjacent (synteny)
OG00944,OG00948,5,operon-adjacent (synteny)
OG00151,OG09011,5,operon-adjacent (synteny)
OG00945,OG01251,5,operon-adjacent (synteny)
OG00151,OG04351,5,operon-adjacent (synteny)
OG00940,OG01242,5,operon-adjacent (synteny)
OG00255,OG02875,5,operon-adjacent (synteny)
OG01378,OG01478,5,operon-adjacent (synteny)
OG04439,OG04752,5,operon-adjacent (synteny)
OG04445,OG16675,5,operon-adjacent (synteny)
OG04454,OG12192,5,operon-adjacent (synteny)
OG00965,OG03954,5,operon-adjacent (synteny)
OG00965,OG04163,5,operon-adjacent (synteny)
OG00965,OG06052,5,operon-adjacent (synteny)
OG02746,OG02850,5,operon-adjacent (synteny)
OG02771,OG03581,5,operon-adjacent (synteny)
OG00965,OG02256,5,operon-adjacent (synteny)
OG00965,OG02875,5,operon-adjacent (synteny)
OG00961,OG02533,5,operon-adjacent (synteny)
OG00961,OG03652,5,operon-adjacent (synteny)
OG00961,OG11726,5,operon-adjacent (synteny)
OG00045,OG00922,5,operon-adjacent (synteny)
OG00045,OG01396,5,operon-adjacent (synteny)
OG00045,OG00255,5,operon-adjacent (synteny)
OG00255,OG01977,5,operon-adjacent (synteny)
OG00255,OG02304,5,operon-adjacent (synteny)
OG00255,OG01184,5,operon-adjacent (synteny)
OG00255,OG01336,5,operon-adjacent (synteny)
OG00255,OG01396,5,operon-adjacent (synteny)
OG00255,OG00798,5,operon-adjacent (synteny)
OG00255,OG00891,5,operon-adjacent (synteny)
OG01379,OG01502,5,operon-adjacent (synteny)
OG04589,OG11169,5,operon-adjacent (synteny)
OG00155,OG01820,5,operon-adjacent (synteny)
OG00156,OG01136,5,operon-adjacent (synteny)
OG04583,OG06310,5,operon-adjacent (synteny)
OG04583,OG14496,5,operon-adjacent (synteny)
OG00156,OG00703,5,operon-adjacent (synteny)
OG04492,OG14606,5,operon-adjacent (synteny)
OG01379,OG03631,5,operon-adjacent (synteny)
OG00156,OG00218,5,operon-adjacent (synteny)
OG01311,OG02136,5,operon-adjacent (synteny)
OG00172,OG01792,5,operon-adjacent (synteny)
OG00172,OG00305,5,operon-adjacent (synteny)
OG03921,OG06780,5,operon-adjacent (synteny)
OG03925,OG03929,5,operon-adjacent (synteny)
OG02916,OG04014,5,operon-adjacent (synteny)
OG03938,OG11478,5,operon-adjacent (synteny)
OG01348,OG13469,5,operon-adjacent (synteny)
OG02911,OG03982,5,operon-adjacent (synteny)
OG03916,OG11453,5,operon-adjacent (synteny)
OG03919,OG04151,5,operon-adjacent (synteny)
OG03921,OG05498,5,operon-adjacent (synteny)
OG02911,OG03737,5,operon-adjacent (synteny)
OG02900,OG03274,5,operon-adjacent (synteny)
OG01041,OG09188,5,operon-adjacent (synteny)
OG02895,OG03868,5,operon-adjacent (synteny)
OG02915,OG04022,5,operon-adjacent (synteny)
OG04041,OG11334,5,operon-adjacent (synteny)
OG02893,OG03863,5,operon-adjacent (synteny)
OG04026,OG05303,5,operon-adjacent (synteny)
OG00231,OG15182,5,operon-adjacent (synteny)
OG02886,OG03059,5,operon-adjacent (synteny)
OG02884,OG13514,5,operon-adjacent (synteny)
OG00174,OG00355,5,operon-adjacent (synteny)
OG01312,OG01951,5,operon-adjacent (synteny)
OG01036,OG01609,5,operon-adjacent (synteny)
OG00174,OG02882,5,operon-adjacent (synteny)
OG00174,OG02466,5,operon-adjacent (synteny)
OG01029,OG02259,5,operon-adjacent (synteny)
OG01029,OG03917,5,operon-adjacent (synteny)
OG01025,OG13521,5,operon-adjacent (synteny)
OG03979,OG04070,5,operon-adjacent (synteny)
OG01314,OG04037,5,operon-adjacent (synteny)
OG00174,OG00196,5,operon-adjacent (synteny)
OG03844,OG04025,5,operon-adjacent (synteny)
OG01044,OG09249,5,operon-adjacent (synteny)
OG01045,OG01289,5,operon-adjacent (synteny)
OG00231,OG11322,5,operon-adjacent (synteny)
OG00231,OG12272,5,operon-adjacent (synteny)
OG01305,OG04026,5,operon-adjacent (synteny)
OG00231,OG03821,5,operon-adjacent (synteny)
OG01037,OG13972,5,operon-adjacent (synteny)
OG01305,OG03088,5,operon-adjacent (synteny)
OG00231,OG02011,5,operon-adjacent (synteny)
OG01063,OG02802,5,operon-adjacent (synteny)
OG00231,OG00485,5,operon-adjacent (synteny)
OG00231,OG00515,5,operon-adjacent (synteny)
OG02942,OG11171,5,operon-adjacent (synteny)
OG02951,OG03138,5,operon-adjacent (synteny)
OG03804,OG03974,5,operon-adjacent (synteny)
OG00231,OG04040,5,operon-adjacent (synteny)
OG01038,OG01418,5,operon-adjacent (synteny)
OG00235,OG00237,5,operon-adjacent (synteny)
OG00235,OG00424,5,operon-adjacent (synteny)
OG00235,OG00536,5,operon-adjacent (synteny)
OG00235,OG00806,5,operon-adjacent (synteny)
OG02930,OG03156,5,operon-adjacent (synteny)
OG02928,OG03171,5,operon-adjacent (synteny)
OG03840,OG16166,5,operon-adjacent (synteny)
OG03868,OG16786,5,operon-adjacent (synteny)
OG03872,OG03977,5,operon-adjacent (synteny)
OG01298,OG02699,5,operon-adjacent (synteny)
OG03863,OG04515,5,operon-adjacent (synteny)
OG03867,OG04054,5,operon-adjacent (synteny)
OG03868,OG05395,5,operon-adjacent (synteny)
OG03828,OG03994,5,operon-adjacent (synteny)
OG03832,OG09378,5,operon-adjacent (synteny)
OG03884,OG16849,5,operon-adjacent (synteny)
OG04144,OG04181,5,operon-adjacent (synteny)
OG00042,OG00292,5,operon-adjacent (synteny)
OG02878,OG03914,5,operon-adjacent (synteny)
OG01002,OG01611,5,operon-adjacent (synteny)
OG02878,OG03382,5,operon-adjacent (synteny)
OG01003,OG12793,5,operon-adjacent (synteny)
OG00240,OG13544,5,operon-adjacent (synteny)
OG00019,OG14851,5,operon-adjacent (synteny)
OG02877,OG03707,5,operon-adjacent (synteny)
OG02876,OG04026,5,operon-adjacent (synteny)
OG02876,OG03029,5,operon-adjacent (synteny)
OG00244,OG02138,5,operon-adjacent (synteny)
OG01336,OG02985,5,operon-adjacent (synteny)
OG00996,OG02738,5,operon-adjacent (synteny)
OG00166,OG00921,5,operon-adjacent (synteny)
OG01016,OG02503,5,operon-adjacent (synteny)
OG00243,OG00666,5,operon-adjacent (synteny)
OG00991,OG01365,5,operon-adjacent (synteny)
OG00989,OG02531,5,operon-adjacent (synteny)
OG00245,OG00913,5,operon-adjacent (synteny)
OG00245,OG01277,5,operon-adjacent (synteny)
OG01354,OG03505,5,operon-adjacent (synteny)
OG00245,OG01854,5,operon-adjacent (synteny)
OG00161,OG02507,5,operon-adjacent (synteny)
OG02857,OG03011,5,operon-adjacent (synteny)
OG00161,OG00527,5,operon-adjacent (synteny)
OG00160,OG01033,5,operon-adjacent (synteny)
OG00158,OG03884,5,operon-adjacent (synteny)
OG04168,OG04257,5,operon-adjacent (synteny)
OG04168,OG04347,5,operon-adjacent (synteny)
OG02848,OG03363,5,operon-adjacent (synteny)
OG04125,OG04549,5,operon-adjacent (synteny)
OG02865,OG03031,5,operon-adjacent (synteny)
OG04183,OG09131,5,operon-adjacent (synteny)
OG01331,OG01899,5,operon-adjacent (synteny)
OG00020,OG00075,5,operon-adjacent (synteny)
OG01329,OG01917,5,operon-adjacent (synteny)
OG01325,OG01817,5,operon-adjacent (synteny)
OG00019,OG15755,5,operon-adjacent (synteny)
OG01333,OG03021,5,operon-adjacent (synteny)
OG01017,OG02230,5,operon-adjacent (synteny)
OG00165,OG04039,5,operon-adjacent (synteny)
OG01019,OG01844,5,operon-adjacent (synteny)
OG01333,OG02809,5,operon-adjacent (synteny)
OG01019,OG02325,5,operon-adjacent (synteny)
OG01019,OG16823,5,operon-adjacent (synteny)
OG00237,OG00571,5,operon-adjacent (synteny)
OG00236,OG00398,5,operon-adjacent (synteny)
OG01331,OG13576,5,operon-adjacent (synteny)
OG01331,OG12576,5,operon-adjacent (synteny)
OG01018,OG03642,5,operon-adjacent (synteny)
OG00235,OG06043,5,operon-adjacent (synteny)
OG01014,OG02394,5,operon-adjacent (synteny)
OG01014,OG03173,5,operon-adjacent (synteny)
OG01336,OG09290,5,operon-adjacent (synteny)
OG01008,OG02310,5,operon-adjacent (synteny)
OG00167,OG00260,5,operon-adjacent (synteny)
OG01010,OG03954,5,operon-adjacent (synteny)
OG01011,OG03264,5,operon-adjacent (synteny)
OG00019,OG15804,5,operon-adjacent (synteny)
OG00166,OG03971,5,operon-adjacent (synteny)
OG01007,OG02030,5,operon-adjacent (synteny)
OG01339,OG14537,5,operon-adjacent (synteny)
OG04123,OG04398,5,operon-adjacent (synteny)
OG01323,OG03091,5,operon-adjacent (synteny)
OG04092,OG04157,5,operon-adjacent (synteny)
OG04102,OG14813,5,operon-adjacent (synteny)
OG04105,OG04175,5,operon-adjacent (synteny)
OG01004,OG11471,5,operon-adjacent (synteny)
OG02231,OG03681,5,operon-adjacent (synteny)
OG11489,OG13523,5,operon-adjacent (synteny)
OG11539,OG11673,5,operon-adjacent (synteny)
OG01955,OG02112,5,operon-adjacent (synteny)
OG11533,OG16849,5,operon-adjacent (synteny)
OG00071,OG04768,5,operon-adjacent (synteny)
OG00071,OG12447,5,operon-adjacent (synteny)
OG02220,OG13510,5,operon-adjacent (synteny)
OG11594,OG11714,5,operon-adjacent (synteny)
OG01951,OG02331,5,operon-adjacent (synteny)
OG00398,OG01172,5,operon-adjacent (synteny)
OG00084,OG01506,5,operon-adjacent (synteny)
OG00624,OG11362,5,operon-adjacent (synteny)
OG00075,OG00352,5,operon-adjacent (synteny)
OG00624,OG00711,5,operon-adjacent (synteny)
OG00398,OG13698,5,operon-adjacent (synteny)
OG01805,OG02051,5,operon-adjacent (synteny)
OG14371,OG16709,5,operon-adjacent (synteny)
OG00634,OG02230,5,operon-adjacent (synteny)
OG00633,OG00803,5,operon-adjacent (synteny)
OG00629,OG13754,5,operon-adjacent (synteny)
OG00628,OG02196,5,operon-adjacent (synteny)
OG01807,OG13690,5,operon-adjacent (synteny)
OG14428,OG16621,5,operon-adjacent (synteny)
OG00071,OG01631,5,operon-adjacent (synteny)
OG00527,OG01450,5,operon-adjacent (synteny)
OG00519,OG05939,5,operon-adjacent (synteny)
OG00521,OG00798,5,operon-adjacent (synteny)
OG00635,OG06875,5,operon-adjacent (synteny)
OG01958,OG02947,5,operon-adjacent (synteny)
OG00635,OG01808,5,operon-adjacent (synteny)
OG00433,OG00711,5,operon-adjacent (synteny)
OG00393,OG00992,5,operon-adjacent (synteny)
OG01934,OG13695,5,operon-adjacent (synteny)
OG01942,OG02727,5,operon-adjacent (synteny)
OG00434,OG03171,5,operon-adjacent (synteny)
OG11510,OG16675,5,operon-adjacent (synteny)
OG00435,OG00438,5,operon-adjacent (synteny)
OG00635,OG16763,5,operon-adjacent (synteny)
OG01942,OG02174,5,operon-adjacent (synteny)
OG00102,OG00278,5,operon-adjacent (synteny)
OG00430,OG12306,5,operon-adjacent (synteny)
OG14618,OG16049,5,operon-adjacent (synteny)
OG00642,OG01511,5,operon-adjacent (synteny)
OG00637,OG03624,5,operon-adjacent (synteny)
OG01947,OG15897,5,operon-adjacent (synteny)
OG02232,OG16272,5,operon-adjacent (synteny)
OG11474,OG11537,5,operon-adjacent (synteny)
OG02230,OG03917,5,operon-adjacent (synteny)
OG01783,OG02184,5,operon-adjacent (synteny)
OG11706,OG14555,5,operon-adjacent (synteny)
OG11890,OG12719,5,operon-adjacent (synteny)
OG02094,OG04381,5,operon-adjacent (synteny)
OG02203,OG03247,5,operon-adjacent (synteny)
OG02205,OG03121,5,operon-adjacent (synteny)
OG00549,OG01077,5,operon-adjacent (synteny)
OG02195,OG03561,5,operon-adjacent (synteny)
OG11957,OG14631,5,operon-adjacent (synteny)
OG00422,OG11603,5,operon-adjacent (synteny)
OG00542,OG03928,5,operon-adjacent (synteny)
OG01831,OG02698,5,operon-adjacent (synteny)
OG00009,OG00143,5,operon-adjacent (synteny)
OG01831,OG16269,5,operon-adjacent (synteny)
OG01833,OG02079,5,operon-adjacent (synteny)
OG00093,OG06830,5,operon-adjacent (synteny)
OG01823,OG02223,5,operon-adjacent (synteny)
OG01828,OG14561,5,operon-adjacent (synteny)
OG01829,OG01925,5,operon-adjacent (synteny)
OG00399,OG03824,5,operon-adjacent (synteny)
OG00533,OG01605,5,operon-adjacent (synteny)
OG00093,OG03899,5,operon-adjacent (synteny)
OG00399,OG03571,5,operon-adjacent (synteny)
OG00399,OG15952,5,operon-adjacent (synteny)
OG00399,OG13612,5,operon-adjacent (synteny)
OG00543,OG02664,5,operon-adjacent (synteny)
OG11617,OG14582,5,operon-adjacent (synteny)
OG00101,OG01364,5,operon-adjacent (synteny)
OG00101,OG02758,5,operon-adjacent (synteny)
OG00101,OG03398,5,operon-adjacent (synteny)
OG11641,OG16616,5,operon-adjacent (synteny)
OG00531,OG00615,5,operon-adjacent (synteny)
OG11631,OG11746,5,operon-adjacent (synteny)
OG11705,OG11735,5,operon-adjacent (synteny)
OG00100,OG01446,5,operon-adjacent (synteny)
OG11692,OG14441,5,operon-adjacent (synteny)
OG00531,OG03500,5,operon-adjacent (synteny)
OG02096,OG04022,5,operon-adjacent (synteny)
OG00075,OG00502,5,operon-adjacent (synteny)
OG00101,OG01097,5,operon-adjacent (synteny)
OG00619,OG02279,5,operon-adjacent (synteny)
OG00075,OG01032,5,operon-adjacent (synteny)
OG00618,OG01787,5,operon-adjacent (synteny)
OG00528,OG01445,5,operon-adjacent (synteny)
OG00397,OG00912,5,operon-adjacent (synteny)
OG00075,OG00896,5,operon-adjacent (synteny)
OG02211,OG03469,5,operon-adjacent (synteny)
OG00427,OG02694,5,operon-adjacent (synteny)
OG02096,OG06779,5,operon-adjacent (synteny)
OG11726,OG16668,5,operon-adjacent (synteny)
OG00101,OG00189,5,operon-adjacent (synteny)
OG02248,OG03199,5,operon-adjacent (synteny)
OG02235,OG04326,5,operon-adjacent (synteny)
OG11207,OG11367,5,operon-adjacent (synteny)
OG11246,OG14601,5,operon-adjacent (synteny)
OG11246,OG11740,5,operon-adjacent (synteny)
OG11234,OG16760,5,operon-adjacent (synteny)
OG00075,OG02746,5,operon-adjacent (synteny)
OG02235,OG09179,5,operon-adjacent (synteny)
OG00501,OG06135,5,operon-adjacent (synteny)
OG00501,OG06380,5,operon-adjacent (synteny)
OG00652,OG03437,5,operon-adjacent (synteny)
OG00391,OG04601,5,operon-adjacent (synteny)
OG00516,OG04069,5,operon-adjacent (synteny)
OG00650,OG12569,5,operon-adjacent (synteny)
OG00075,OG05753,5,operon-adjacent (synteny)
OG00659,OG09187,5,operon-adjacent (synteny)
OG02239,OG02532,5,operon-adjacent (synteny)
OG00656,OG02827,5,operon-adjacent (synteny)
OG00070,OG03842,5,operon-adjacent (synteny)
OG00661,OG02941,5,operon-adjacent (synteny)
OG00428,OG13495,5,operon-adjacent (synteny)
OG00661,OG01551,5,operon-adjacent (synteny)
OG00075,OG04792,5,operon-adjacent (synteny)
OG00663,OG04014,5,operon-adjacent (synteny)
OG02237,OG02747,5,operon-adjacent (synteny)
OG00666,OG05791,5,operon-adjacent (synteny)
OG00082,OG02178,5,operon-adjacent (synteny)
OG00666,OG02550,5,operon-adjacent (synteny)
OG00082,OG01653,5,operon-adjacent (synteny)
OG00667,OG02253,5,operon-adjacent (synteny)
OG00503,OG02736,5,operon-adjacent (synteny)
OG00380,OG03241,5,operon-adjacent (synteny)
OG00380,OG02916,5,operon-adjacent (synteny)
OG00503,OG11450,5,operon-adjacent (synteny)
OG00102,OG16851,5,operon-adjacent (synteny)
OG00504,OG00734,5,operon-adjacent (synteny)
OG02247,OG03204,5,operon-adjacent (synteny)
OG01977,OG02756,5,operon-adjacent (synteny)
OG01977,OG02436,5,operon-adjacent (synteny)
OG01976,OG02289,5,operon-adjacent (synteny)
OG00016,OG13732,5,operon-adjacent (synteny)
OG02240,OG06779,5,operon-adjacent (synteny)
OG11205,OG11324,5,operon-adjacent (synteny)
OG00017,OG00032,5,operon-adjacent (synteny)
OG00503,OG01630,5,operon-adjacent (synteny)
OG00502,OG00503,5,operon-adjacent (synteny)
OG00502,OG01172,5,operon-adjacent (synteny)
OG00502,OG02452,5,operon-adjacent (synteny)
OG00075,OG02807,5,operon-adjacent (synteny)
OG00504,OG04571,5,operon-adjacent (synteny)
OG02078,OG03693,5,operon-adjacent (synteny)
OG00101,OG16263,5,operon-adjacent (synteny)
OG02078,OG03645,5,operon-adjacent (synteny)
OG00391,OG01249,5,operon-adjacent (synteny)
OG01780,OG03267,5,operon-adjacent (synteny)
OG00091,OG16254,5,operon-adjacent (synteny)
OG00391,OG00959,5,operon-adjacent (synteny)
OG01780,OG13547,5,operon-adjacent (synteny)
OG00650,OG02391,5,operon-adjacent (synteny)
OG01782,OG03361,5,operon-adjacent (synteny)
OG00091,OG02963,5,operon-adjacent (synteny)
OG00075,OG03710,5,operon-adjacent (synteny)
OG00647,OG01773,5,operon-adjacent (synteny)
OG11353,OG12118,5,operon-adjacent (synteny)
OG00414,OG01473,5,operon-adjacent (synteny)
OG01791,OG14484,5,operon-adjacent (synteny)
OG00014,OG00019,5,operon-adjacent (synteny)
OG01794,OG03478,5,operon-adjacent (synteny)
OG00013,OG04068,5,operon-adjacent (synteny)
OG01957,OG02430,5,operon-adjacent (synteny)
OG01785,OG03130,5,operon-adjacent (synteny)
OG01956,OG03647,5,operon-adjacent (synteny)
OG11406,OG11579,5,operon-adjacent (synteny)
OG11397,OG16299,5,operon-adjacent (synteny)
OG00093,OG02568,5,operon-adjacent (synteny)
OG00075,OG03497,5,operon-adjacent (synteny)
OG00662,OG03592,5,operon-adjacent (synteny)
OG00662,OG01927,5,operon-adjacent (synteny)
OG00513,OG11383,5,operon-adjacent (synteny)
OG00016,OG00128,5,operon-adjacent (synteny)
OG00071,OG00143,5,operon-adjacent (synteny)
OG00071,OG00224,5,operon-adjacent (synteny)
OG00513,OG13596,5,operon-adjacent (synteny)
OG00513,OG13756,5,operon-adjacent (synteny)
OG02078,OG02333,5,operon-adjacent (synteny)
OG00069,OG13715,5,operon-adjacent (synteny)
OG02076,OG04541,5,operon-adjacent (synteny)
OG02079,OG02497,5,operon-adjacent (synteny)
OG00507,OG01927,5,operon-adjacent (synteny)
OG02076,OG03472,5,operon-adjacent (synteny)
OG00016,OG00537,5,operon-adjacent (synteny)
OG02075,OG02268,5,operon-adjacent (synteny)
OG02074,OG02611,5,operon-adjacent (synteny)
OG11298,OG14516,5,operon-adjacent (synteny)
OG11287,OG11780,5,operon-adjacent (synteny)
OG00101,OG09658,5,operon-adjacent (synteny)
OG02089,OG02231,5,operon-adjacent (synteny)
OG00646,OG02394,5,operon-adjacent (synteny)
OG00645,OG11888,5,operon-adjacent (synteny)
OG00390,OG14520,5,operon-adjacent (synteny)
OG00514,OG01808,5,operon-adjacent (synteny)
OG00565,OG02329,5,operon-adjacent (synteny)
OG00585,OG00667,5,operon-adjacent (synteny)
OG02143,OG16763,5,operon-adjacent (synteny)
OG00582,OG02084,5,operon-adjacent (synteny)
OG02145,OG02666,5,operon-adjacent (synteny)
OG00098,OG02574,5,operon-adjacent (synteny)
OG00582,OG01171,5,operon-adjacent (synteny)
OG01911,OG03501,5,operon-adjacent (synteny)
OG00582,OG05101,5,operon-adjacent (synteny)
OG02154,OG02443,5,operon-adjacent (synteny)
OG02154,OG04029,5,operon-adjacent (synteny)
OG00399,OG13016,5,operon-adjacent (synteny)
OG00422,OG11233,5,operon-adjacent (synteny)
OG02138,OG02204,5,operon-adjacent (synteny)
OG02138,OG02349,5,operon-adjacent (synteny)
OG00416,OG05274,5,operon-adjacent (synteny)
OG00583,OG00978,5,operon-adjacent (synteny)
OG02138,OG02694,5,operon-adjacent (synteny)
OG00407,OG01407,5,operon-adjacent (synteny)
OG02142,OG03743,5,operon-adjacent (synteny)
OG02143,OG16621,5,operon-adjacent (synteny)
OG00407,OG00793,5,operon-adjacent (synteny)
OG00417,OG03729,5,operon-adjacent (synteny)
OG00407,OG00725,5,operon-adjacent (synteny)
OG00582,OG03524,5,operon-adjacent (synteny)
OG01894,OG11117,5,operon-adjacent (synteny)
OG01892,OG05578,5,operon-adjacent (synteny)
OG01901,OG03975,5,operon-adjacent (synteny)
OG13562,OG13705,5,operon-adjacent (synteny)
OG13517,OG13613,5,operon-adjacent (synteny)
OG01899,OG03770,5,operon-adjacent (synteny)
OG01899,OG02142,5,operon-adjacent (synteny)
OG00074,OG00809,5,operon-adjacent (synteny)
OG12745,OG13608,5,operon-adjacent (synteny)
OG00003,OG13627,5,operon-adjacent (synteny)
OG00003,OG12745,5,operon-adjacent (synteny)
OG00565,OG02137,5,operon-adjacent (synteny)
OG13524,OG16487,5,operon-adjacent (synteny)
OG01908,OG06056,5,operon-adjacent (synteny)
OG00074,OG01377,5,operon-adjacent (synteny)
OG00565,OG06525,5,operon-adjacent (synteny)
OG00407,OG04891,5,operon-adjacent (synteny)
OG00407,OG01617,5,operon-adjacent (synteny)
OG00407,OG01609,5,operon-adjacent (synteny)
OG00410,OG00575,5,operon-adjacent (synteny)
OG01908,OG02112,5,operon-adjacent (synteny)
OG00407,OG10643,5,operon-adjacent (synteny)
OG02155,OG03710,5,operon-adjacent (synteny)
OG02158,OG11760,5,operon-adjacent (synteny)
OG00074,OG00916,5,operon-adjacent (synteny)
OG00569,OG00975,5,operon-adjacent (synteny)
OG00571,OG00991,5,operon-adjacent (synteny)
OG00571,OG02773,5,operon-adjacent (synteny)
OG00414,OG03975,5,operon-adjacent (synteny)
OG00414,OG16822,5,operon-adjacent (synteny)
OG00567,OG02409,5,operon-adjacent (synteny)
OG00580,OG01393,5,operon-adjacent (synteny)
OG01882,OG03583,5,operon-adjacent (synteny)
OG00567,OG02590,5,operon-adjacent (synteny)
OG00579,OG01797,5,operon-adjacent (synteny)
OG00582,OG00939,5,operon-adjacent (synteny)
OG00099,OG00361,5,operon-adjacent (synteny)
OG00581,OG03698,5,operon-adjacent (synteny)
OG00581,OG03402,5,operon-adjacent (synteny)
OG00413,OG02155,5,operon-adjacent (synteny)
OG00581,OG01090,5,operon-adjacent (synteny)
OG00413,OG03776,5,operon-adjacent (synteny)
OG00099,OG01025,5,operon-adjacent (synteny)
OG00099,OG01365,5,operon-adjacent (synteny)
OG00412,OG02178,5,operon-adjacent (synteny)
OG00099,OG00885,5,operon-adjacent (synteny)
OG00411,OG13959,5,operon-adjacent (synteny)
OG00099,OG01592,5,operon-adjacent (synteny)
OG00099,OG01867,5,operon-adjacent (synteny)
OG00582,OG00602,5,operon-adjacent (synteny)
OG13492,OG13630,5,operon-adjacent (synteny)
OG13499,OG13589,5,operon-adjacent (synteny)
OG13499,OG13651,5,operon-adjacent (synteny)
OG00003,OG13646,5,operon-adjacent (synteny)
OG00099,OG00638,5,operon-adjacent (synteny)
OG00075,OG00194,5,operon-adjacent (synteny)
OG13508,OG13595,5,operon-adjacent (synteny)
OG13460,OG16813,5,operon-adjacent (synteny)
OG00099,OG00329,5,operon-adjacent (synteny)
OG02128,OG03840,5,operon-adjacent (synteny)
OG00005,OG11661,5,operon-adjacent (synteny)
OG02135,OG02986,5,operon-adjacent (synteny)
OG02125,OG11272,5,operon-adjacent (synteny)
OG13451,OG13606,5,operon-adjacent (synteny)
OG01876,OG04038,5,operon-adjacent (synteny)
OG01876,OG04997,5,operon-adjacent (synteny)
OG13207,OG15501,5,operon-adjacent (synteny)
OG00075,OG00245,5,operon-adjacent (synteny)
OG13263,OG13326,5,operon-adjacent (synteny)
OG01862,OG04726,5,operon-adjacent (synteny)
OG00573,OG01937,5,operon-adjacent (synteny)
OG01863,OG02750,5,operon-adjacent (synteny)
OG00572,OG01364,5,operon-adjacent (synteny)
OG01867,OG01917,5,operon-adjacent (synteny)
OG01869,OG13614,5,operon-adjacent (synteny)
OG00605,OG16432,5,operon-adjacent (synteny)
OG14050,OG14380,5,operon-adjacent (synteny)
OG02186,OG02837,5,operon-adjacent (synteny)
OG00098,OG00151,5,operon-adjacent (synteny)
OG00605,OG05536,5,operon-adjacent (synteny)
OG02186,OG03210,5,operon-adjacent (synteny)
OG01932,OG02433,5,operon-adjacent (synteny)
OG00555,OG05009,5,operon-adjacent (synteny)
OG12007,OG12420,5,operon-adjacent (synteny)
OG00426,OG00762,5,operon-adjacent (synteny)
OG00550,OG13486,5,operon-adjacent (synteny)
OG13606,OG13705,5,operon-adjacent (synteny)
OG12141,OG12171,5,operon-adjacent (synteny)
OG12118,OG16010,5,operon-adjacent (synteny)
OG12118,OG12817,5,operon-adjacent (synteny)
OG12118,OG12171,5,operon-adjacent (synteny)
OG02176,OG06311,5,operon-adjacent (synteny)
OG02103,OG13741,5,operon-adjacent (synteny)
OG12179,OG12666,5,operon-adjacent (synteny)
OG00074,OG00156,5,operon-adjacent (synteny)
OG00099,OG03025,5,operon-adjacent (synteny)
OG00099,OG03072,5,operon-adjacent (synteny)
OG00424,OG09154,5,operon-adjacent (synteny)
OG00099,OG03703,5,operon-adjacent (synteny)
OG00074,OG00624,5,operon-adjacent (synteny)
OG00536,OG00605,5,operon-adjacent (synteny)
OG00095,OG00711,5,operon-adjacent (synteny)
OG01819,OG01892,5,operon-adjacent (synteny)
OG00095,OG00288,5,operon-adjacent (synteny)
OG14329,OG14345,5,operon-adjacent (synteny)
OG00611,OG03316,5,operon-adjacent (synteny)
OG00611,OG00863,5,operon-adjacent (synteny)
OG01821,OG03455,5,operon-adjacent (synteny)
OG14330,OG14352,5,operon-adjacent (synteny)
OG00602,OG05134,5,operon-adjacent (synteny)
OG00094,OG01311,5,operon-adjacent (synteny)
OG02184,OG12274,5,operon-adjacent (synteny)
OG14348,OG14354,5,operon-adjacent (synteny)
OG14314,OG14348,5,operon-adjacent (synteny)
OG01809,OG03096,5,operon-adjacent (synteny)
OG01931,OG02029,5,operon-adjacent (synteny)
OG00604,OG13759,5,operon-adjacent (synteny)
OG14321,OG14329,5,operon-adjacent (synteny)
OG14326,OG14339,5,operon-adjacent (synteny)
OG00605,OG04147,5,operon-adjacent (synteny)
OG01817,OG02797,5,operon-adjacent (synteny)
OG14314,OG14333,5,operon-adjacent (synteny)
OG14048,OG14334,5,operon-adjacent (synteny)
OG02181,OG16629,5,operon-adjacent (synteny)
OG14345,OG14352,5,operon-adjacent (synteny)
OG00559,OG13703,5,operon-adjacent (synteny)
OG00561,OG01101,5,operon-adjacent (synteny)
OG00585,OG16637,5,operon-adjacent (synteny)
OG00585,OG03524,5,operon-adjacent (synteny)
OG00074,OG01802,5,operon-adjacent (synteny)
OG00585,OG02941,5,operon-adjacent (synteny)
OG00098,OG03564,5,operon-adjacent (synteny)
OG00098,OG03324,5,operon-adjacent (synteny)
OG00074,OG02051,5,operon-adjacent (synteny)
OG00590,OG02036,5,operon-adjacent (synteny)
OG00590,OG01684,5,operon-adjacent (synteny)
OG00405,OG01072,5,operon-adjacent (synteny)
OG00074,OG02816,5,operon-adjacent (synteny)
OG00555,OG06925,5,operon-adjacent (synteny)
OG00591,OG03679,5,operon-adjacent (synteny)
OG00591,OG02731,5,operon-adjacent (synteny)
OG00401,OG01172,5,operon-adjacent (synteny)
OG01858,OG13728,5,operon-adjacent (synteny)
OG00596,OG01709,5,operon-adjacent (synteny)
OG00594,OG01387,5,operon-adjacent (synteny)
OG01916,OG03440,5,operon-adjacent (synteny)
OG12643,OG14552,5,operon-adjacent (synteny)
OG01920,OG11250,5,operon-adjacent (synteny)
OG01854,OG03698,5,operon-adjacent (synteny)
OG00594,OG00766,5,operon-adjacent (synteny)
OG00099,OG03786,5,operon-adjacent (synteny)
OG00424,OG11750,5,operon-adjacent (synteny)
OG00405,OG00563,5,operon-adjacent (synteny)
OG00403,OG00707,5,operon-adjacent (synteny)
OG02110,OG03900,5,operon-adjacent (synteny)
OG00402,OG05700,5,operon-adjacent (synteny)
OG00424,OG02417,5,operon-adjacent (synteny)
OG02115,OG03410,5,operon-adjacent (synteny)
OG01846,OG02532,5,operon-adjacent (synteny)
OG00405,OG01572,5,operon-adjacent (synteny)
OG13858,OG14051,5,operon-adjacent (synteny)
OG01835,OG01899,5,operon-adjacent (synteny)
OG00559,OG03392,5,operon-adjacent (synteny)
OG01843,OG03267,5,operon-adjacent (synteny)
OG02167,OG02708,5,operon-adjacent (synteny)
OG02168,OG03508,5,operon-adjacent (synteny)
OG13749,OG16813,5,operon-adjacent (synteny)
OG02170,OG05318,5,operon-adjacent (synteny)
OG02170,OG11361,5,operon-adjacent (synteny)
OG00074,OG09011,5,operon-adjacent (synteny)
OG02164,OG05437,5,operon-adjacent (synteny)
OG00563,OG02712,5,operon-adjacent (synteny)
OG00563,OG03565,5,operon-adjacent (synteny)
OG02167,OG02463,5,operon-adjacent (synteny)
OG12515,OG16698,5,operon-adjacent (synteny)
OG02114,OG04782,5,operon-adjacent (synteny)
OG00488,OG01560,5,operon-adjacent (synteny)
OG00463,OG00488,5,operon-adjacent (synteny)
OG02289,OG09306,5,operon-adjacent (synteny)
OG00699,OG11768,5,operon-adjacent (synteny)
OG02039,OG02579,5,operon-adjacent (synteny)
OG00699,OG03496,5,operon-adjacent (synteny)
OG00699,OG01075,5,operon-adjacent (synteny)
OG00699,OG00914,5,operon-adjacent (synteny)
OG00486,OG00502,5,operon-adjacent (synteny)
OG10483,OG10588,5,operon-adjacent (synteny)
OG00455,OG11354,5,operon-adjacent (synteny)
OG00079,OG01748,5,operon-adjacent (synteny)
OG00079,OG01428,5,operon-adjacent (synteny)
OG02005,OG02722,5,operon-adjacent (synteny)
OG02005,OG02494,5,operon-adjacent (synteny)
OG00481,OG01915,5,operon-adjacent (synteny)
OG00455,OG01153,5,operon-adjacent (synteny)
OG00455,OG01285,5,operon-adjacent (synteny)
OG00079,OG03472,5,operon-adjacent (synteny)
OG09665,OG11637,5,operon-adjacent (synteny)
OG01709,OG02481,5,operon-adjacent (synteny)
OG09204,OG14333,5,operon-adjacent (synteny)
OG01701,OG05173,5,operon-adjacent (synteny)
OG02029,OG12126,5,operon-adjacent (synteny)
OG00079,OG00162,5,operon-adjacent (synteny)
OG00079,OG00156,5,operon-adjacent (synteny)
OG00077,OG00194,5,operon-adjacent (synteny)
OG01696,OG02232,5,operon-adjacent (synteny)
OG01696,OG02340,5,operon-adjacent (synteny)
OG00487,OG15896,5,operon-adjacent (synteny)
OG00693,OG13840,5,operon-adjacent (synteny)
OG00370,OG16827,5,operon-adjacent (synteny)
OG02036,OG02278,5,operon-adjacent (synteny)
OG00079,OG00583,5,operon-adjacent (synteny)
OG00003,OG04740,5,operon-adjacent (synteny)
OG00486,OG01371,5,operon-adjacent (synteny)
OG00486,OG02293,5,operon-adjacent (synteny)
OG00697,OG03768,5,operon-adjacent (synteny)
OG00012,OG00314,5,operon-adjacent (synteny)
OG01698,OG03711,5,operon-adjacent (synteny)
OG00112,OG01792,5,operon-adjacent (synteny)
OG00079,OG13827,5,operon-adjacent (synteny)
OG00079,OG03867,5,operon-adjacent (synteny)
OG02012,OG03415,5,operon-adjacent (synteny)
OG00379,OG03500,5,operon-adjacent (synteny)
OG00115,OG00364,5,operon-adjacent (synteny)
OG00379,OG01421,5,operon-adjacent (synteny)
OG02012,OG02544,5,operon-adjacent (synteny)
OG02011,OG02545,5,operon-adjacent (synteny)
OG00493,OG00929,5,operon-adjacent (synteny)
OG00678,OG00958,5,operon-adjacent (synteny)
OG00678,OG00734,5,operon-adjacent (synteny)
OG00380,OG00860,5,operon-adjacent (synteny)
OG00380,OG00764,5,operon-adjacent (synteny)
OG00102,OG05052,5,operon-adjacent (synteny)
OG00679,OG02743,5,operon-adjacent (synteny)
OG01979,OG03870,5,operon-adjacent (synteny)
OG01989,OG11669,5,operon-adjacent (synteny)
OG01735,OG09137,5,operon-adjacent (synteny)
OG01742,OG09187,5,operon-adjacent (synteny)
OG09831,OG11391,5,operon-adjacent (synteny)
OG00495,OG12643,5,operon-adjacent (synteny)
OG00453,OG01090,5,operon-adjacent (synteny)
OG10152,OG10159,5,operon-adjacent (synteny)
OG00685,OG02959,5,operon-adjacent (synteny)
OG00453,OG02855,5,operon-adjacent (synteny)
OG00686,OG01622,5,operon-adjacent (synteny)
OG01719,OG11572,5,operon-adjacent (synteny)
OG01714,OG01844,5,operon-adjacent (synteny)
OG01712,OG05886,5,operon-adjacent (synteny)
OG00688,OG00973,5,operon-adjacent (synteny)
OG01714,OG13501,5,operon-adjacent (synteny)
OG00687,OG01146,5,operon-adjacent (synteny)
OG00488,OG01611,5,operon-adjacent (synteny)
OG00115,OG01563,5,operon-adjacent (synteny)
OG00488,OG02294,5,operon-adjacent (synteny)
OG00079,OG01947,5,operon-adjacent (synteny)
OG00115,OG03487,5,operon-adjacent (synteny)
OG00443,OG05665,5,operon-adjacent (synteny)
OG00079,OG02093,5,operon-adjacent (synteny)
OG15871,OG16005,5,operon-adjacent (synteny)
OG15789,OG16604,5,operon-adjacent (synteny)
OG00122,OG02142,5,operon-adjacent (synteny)
OG00124,OG03784,5,operon-adjacent (synteny)
OG00363,OG01335,5,operon-adjacent (synteny)
OG02293,OG11067,5,operon-adjacent (synteny)
OG02301,OG03482,5,operon-adjacent (synteny)
OG00474,OG03213,5,operon-adjacent (synteny)
OG00709,OG13590,5,operon-adjacent (synteny)
OG02034,OG04803,5,operon-adjacent (synteny)
OG00363,OG11928,5,operon-adjacent (synteny)
OG00363,OG10689,5,operon-adjacent (synteny)
OG00711,OG01105,5,operon-adjacent (synteny)
OG00061,OG03095,5,operon-adjacent (synteny)
OG00474,OG00830,5,operon-adjacent (synteny)
OG00474,OG00964,5,operon-adjacent (synteny)
OG00474,OG01294,5,operon-adjacent (synteny)
OG01693,OG02100,5,operon-adjacent (synteny)
OG00019,OG00044,5,operon-adjacent (synteny)
OG00067,OG00143,5,operon-adjacent (synteny)
OG00711,OG01833,5,operon-adjacent (synteny)
OG00002,OG00874,5,operon-adjacent (synteny)
OG00711,OG01683,5,operon-adjacent (synteny)
OG02306,OG03768,5,operon-adjacent (synteny)
OG00001,OG02663,5,operon-adjacent (synteny)
OG00711,OG03305,5,operon-adjacent (synteny)
OG02306,OG13744,5,operon-adjacent (synteny)
OG02307,OG02952,5,operon-adjacent (synteny)
OG02307,OG03255,5,operon-adjacent (synteny)
OG07464,OG14367,5,operon-adjacent (synteny)
OG01684,OG03315,5,operon-adjacent (synteny)
OG00003,OG00605,5,operon-adjacent (synteny)
OG00003,OG00094,5,operon-adjacent (synteny)
OG01679,OG02953,5,operon-adjacent (synteny)
OG00361,OG02096,5,operon-adjacent (synteny)
OG01679,OG03096,5,operon-adjacent (synteny)
OG00715,OG01679,5,operon-adjacent (synteny)
OG01681,OG04343,5,operon-adjacent (synteny)
OG15388,OG15424,5,operon-adjacent (synteny)
OG01683,OG06752,5,operon-adjacent (synteny)
OG00466,OG11655,5,operon-adjacent (synteny)
OG02022,OG03649,5,operon-adjacent (synteny)
OG00366,OG01889,5,operon-adjacent (synteny)
OG00118,OG00245,5,operon-adjacent (synteny)
OG00468,OG03105,5,operon-adjacent (synteny)
OG00463,OG02486,5,operon-adjacent (synteny)
OG00110,OG01665,5,operon-adjacent (synteny)
OG00465,OG00857,5,operon-adjacent (synteny)
OG00701,OG01873,5,operon-adjacent (synteny)
OG00472,OG01509,5,operon-adjacent (synteny)
OG00465,OG02453,5,operon-adjacent (synteny)
OG00110,OG04318,5,operon-adjacent (synteny)
OG02028,OG03042,5,operon-adjacent (synteny)
OG00703,OG02082,5,operon-adjacent (synteny)
OG02035,OG03629,5,operon-adjacent (synteny)
OG02035,OG03171,5,operon-adjacent (synteny)
OG09162,OG12628,5,operon-adjacent (synteny)
OG01705,OG02670,5,operon-adjacent (synteny)
OG01707,OG01918,5,operon-adjacent (synteny)
OG00465,OG00909,5,operon-adjacent (synteny)
OG00472,OG03530,5,operon-adjacent (synteny)
OG00017,OG06752,5,operon-adjacent (synteny)
OG16010,OG16498,5,operon-adjacent (synteny)
OG09105,OG09250,5,operon-adjacent (synteny)
OG09103,OG09223,5,operon-adjacent (synteny)
OG00119,OG11344,5,operon-adjacent (synteny)
OG00476,OG01234,5,operon-adjacent (synteny)
OG00120,OG13635,5,operon-adjacent (synteny)
OG08928,OG12141,5,operon-adjacent (synteny)
OG00701,OG01753,5,operon-adjacent (synteny)
OG00000,OG00218,5,operon-adjacent (synteny)
OG16663,OG16670,5,operon-adjacent (synteny)
OG00480,OG01968,5,operon-adjacent (synteny)
OG00366,OG00873,5,operon-adjacent (synteny)
OG00366,OG00502,5,operon-adjacent (synteny)
OG02016,OG02661,5,operon-adjacent (synteny)
OG00365,OG02137,5,operon-adjacent (synteny)
OG00119,OG00156,5,operon-adjacent (synteny)
OG02014,OG04715,5,operon-adjacent (synteny)
OG00121,OG00414,5,operon-adjacent (synteny)
OG00665,OG02267,5,operon-adjacent (synteny)
OG00067,OG01290,5,operon-adjacent (synteny)
OG11178,OG16156,5,operon-adjacent (synteny)
OG00381,OG02577,5,operon-adjacent (synteny)
OG01723,OG02947,5,operon-adjacent (synteny)
OG02061,OG02327,5,operon-adjacent (synteny)
OG02051,OG02245,5,operon-adjacent (synteny)
OG01996,OG13005,5,operon-adjacent (synteny)
OG02063,OG03515,5,operon-adjacent (synteny)
OG02003,OG02730,5,operon-adjacent (synteny)
OG00438,OG00904,5,operon-adjacent (synteny)
OG01756,OG02797,5,operon-adjacent (synteny)
OG01987,OG02396,5,operon-adjacent (synteny)
OG00383,OG04923,5,operon-adjacent (synteny)
OG01999,OG02959,5,operon-adjacent (synteny)
OG00075,OG01576,5,operon-adjacent (synteny)
OG02063,OG03021,5,operon-adjacent (synteny)
OG00384,OG01443,5,operon-adjacent (synteny)
OG00075,OG01679,5,operon-adjacent (synteny)
OG10588,OG10700,5,operon-adjacent (synteny)
OG10576,OG11229,5,operon-adjacent (synteny)
OG00668,OG00721,5,operon-adjacent (synteny)
OG02251,OG11501,5,operon-adjacent (synteny)
OG02259,OG02566,5,operon-adjacent (synteny)
OG02265,OG13754,5,operon-adjacent (synteny)
OG10799,OG13451,5,operon-adjacent (synteny)
OG00676,OG01843,5,operon-adjacent (synteny)
OG00067,OG00978,5,operon-adjacent (synteny)
OG00498,OG13680,5,operon-adjacent (synteny)
OG02003,OG13693,5,operon-adjacent (synteny)
OG00498,OG15306,5,operon-adjacent (synteny)
OG00016,OG02641,5,operon-adjacent (synteny)
OG10720,OG10816,5,operon-adjacent (synteny)
OG11169,OG11190,5,operon-adjacent (synteny)
OG00694,OG00846,5,operon-adjacent (synteny)
OG01968,OG13508,5,operon-adjacent (synteny)
OG00669,OG02078,5,operon-adjacent (synteny)
OG00085,OG00766,5,operon-adjacent (synteny)
OG00668,OG01653,5,operon-adjacent (synteny)
OG10700,OG10791,5,operon-adjacent (synteny)
OG00666,OG13684,5,operon-adjacent (synteny)
OG00382,OG04039,5,operon-adjacent (synteny)
OG01737,OG13655,5,operon-adjacent (synteny)
OG00669,OG03405,5,operon-adjacent (synteny)
OG00032,OG00975,4,operon-adjacent (synteny)
OG00165,OG04690,4,operon-adjacent (synteny)
OG01917,OG03121,4,operon-adjacent (synteny)
OG01915,OG06129,4,operon-adjacent (synteny)
OG01190,OG11912,4,operon-adjacent (synteny)
OG02848,OG03157,4,operon-adjacent (synteny)
OG01919,OG02018,4,operon-adjacent (synteny)
OG01190,OG06680,4,operon-adjacent (synteny)
OG00165,OG03126,4,operon-adjacent (synteny)
OG01919,OG02213,4,operon-adjacent (synteny)
OG03210,OG05555,4,operon-adjacent (synteny)
OG01190,OG05980,4,operon-adjacent (synteny)
OG00165,OG02731,4,operon-adjacent (synteny)
OG03043,OG03291,4,operon-adjacent (synteny)
OG02016,OG06217,4,operon-adjacent (synteny)
OG02850,OG05445,4,operon-adjacent (synteny)
OG00034,OG00380,4,operon-adjacent (synteny)
OG03225,OG14825,4,operon-adjacent (synteny)
OG01899,OG04325,4,operon-adjacent (synteny)
OG02865,OG03198,4,operon-adjacent (synteny)
OG02873,OG03239,4,operon-adjacent (synteny)
OG16647,OG16743,4,operon-adjacent (synteny)
OG02865,OG03828,4,operon-adjacent (synteny)
OG01899,OG15523,4,operon-adjacent (synteny)
OG00041,OG12247,4,operon-adjacent (synteny)
OG02070,OG10458,4,operon-adjacent (synteny)
OG01900,OG02896,4,operon-adjacent (synteny)
OG02059,OG02444,4,operon-adjacent (synteny)
OG02843,OG06026,4,operon-adjacent (synteny)
OG00164,OG01701,4,operon-adjacent (synteny)
OG01899,OG02012,4,operon-adjacent (synteny)
OG01276,OG05334,4,operon-adjacent (synteny)
OG01190,OG12982,4,operon-adjacent (synteny)
OG03010,OG05865,4,operon-adjacent (synteny)
OG02069,OG02556,4,operon-adjacent (synteny)
OG02063,OG02671,4,operon-adjacent (synteny)
OG02844,OG05873,4,operon-adjacent (synteny)
OG01922,OG10665,4,operon-adjacent (synteny)
OG01927,OG03340,4,operon-adjacent (synteny)
OG00165,OG00953,4,operon-adjacent (synteny)
OG00093,OG03428,4,operon-adjacent (synteny)
OG16690,OG16703,4,operon-adjacent (synteny)
OG00166,OG02311,4,operon-adjacent (synteny)
OG16116,OG16599,4,operon-adjacent (synteny)
OG02021,OG03104,4,operon-adjacent (synteny)
OG02063,OG11579,4,operon-adjacent (synteny)
OG00074,OG13513,4,operon-adjacent (synteny)
OG01329,OG02338,4,operon-adjacent (synteny)
OG00075,OG06054,4,operon-adjacent (synteny)
OG02048,OG06504,4,operon-adjacent (synteny)
OG00034,OG00863,4,operon-adjacent (synteny)
OG02112,OG05661,4,operon-adjacent (synteny)
OG01328,OG03754,4,operon-adjacent (synteny)
OG02113,OG02732,4,operon-adjacent (synteny)
OG01323,OG13864,4,operon-adjacent (synteny)
OG01331,OG06109,4,operon-adjacent (synteny)
OG00034,OG00650,4,operon-adjacent (synteny)
OG01331,OG02592,4,operon-adjacent (synteny)
OG16648,OG16661,4,operon-adjacent (synteny)
OG01209,OG05452,4,operon-adjacent (synteny)
OG01335,OG02340,4,operon-adjacent (synteny)
OG02115,OG02759,4,operon-adjacent (synteny)
OG02029,OG11529,4,operon-adjacent (synteny)
OG02029,OG05290,4,operon-adjacent (synteny)
OG02029,OG03563,4,operon-adjacent (synteny)
OG00192,OG09867,4,operon-adjacent (synteny)
OG02110,OG03748,4,operon-adjacent (synteny)
OG01203,OG01676,4,operon-adjacent (synteny)
OG01208,OG11551,4,operon-adjacent (synteny)
OG02111,OG02520,4,operon-adjacent (synteny)
OG01331,OG16290,4,operon-adjacent (synteny)
OG00192,OG01996,4,operon-adjacent (synteny)
OG00192,OG02387,4,operon-adjacent (synteny)
OG01331,OG02341,4,operon-adjacent (synteny)
OG01919,OG05464,4,operon-adjacent (synteny)
OG03216,OG04084,4,operon-adjacent (synteny)
OG02014,OG10333,4,operon-adjacent (synteny)
OG00099,OG00231,4,operon-adjacent (synteny)
OG03225,OG12413,4,operon-adjacent (synteny)
OG00167,OG14682,4,operon-adjacent (synteny)
OG01915,OG04868,4,operon-adjacent (synteny)
OG00075,OG02606,4,operon-adjacent (synteny)
OG01276,OG14857,4,operon-adjacent (synteny)
OG03199,OG05252,4,operon-adjacent (synteny)
OG02027,OG15072,4,operon-adjacent (synteny)
OG01277,OG02793,4,operon-adjacent (synteny)
OG02026,OG02597,4,operon-adjacent (synteny)
OG02022,OG05486,4,operon-adjacent (synteny)
OG00074,OG11649,4,operon-adjacent (synteny)
OG00098,OG04866,4,operon-adjacent (synteny)
OG00098,OG04956,4,operon-adjacent (synteny)
OG00166,OG02716,4,operon-adjacent (synteny)
OG03041,OG14955,4,operon-adjacent (synteny)
OG01337,OG05809,4,operon-adjacent (synteny)
OG01337,OG03534,4,operon-adjacent (synteny)
OG01323,OG05603,4,operon-adjacent (synteny)
OG02116,OG10656,4,operon-adjacent (synteny)
OG03204,OG03946,4,operon-adjacent (synteny)
OG01323,OG04993,4,operon-adjacent (synteny)
OG02118,OG06198,4,operon-adjacent (synteny)
OG03188,OG07081,4,operon-adjacent (synteny)
OG01323,OG02383,4,operon-adjacent (synteny)
OG01213,OG16759,4,operon-adjacent (synteny)
OG01216,OG06072,4,operon-adjacent (synteny)
OG00075,OG02605,4,operon-adjacent (synteny)
OG02797,OG06085,4,operon-adjacent (synteny)
OG00003,OG00045,4,operon-adjacent (synteny)
OG02133,OG04038,4,operon-adjacent (synteny)
OG02133,OG05356,4,operon-adjacent (synteny)
OG00003,OG00019,4,operon-adjacent (synteny)
OG02135,OG03933,4,operon-adjacent (synteny)
OG01186,OG15467,4,operon-adjacent (synteny)
OG02810,OG02924,4,operon-adjacent (synteny)
OG00186,OG16773,4,operon-adjacent (synteny)
OG00085,OG02795,4,operon-adjacent (synteny)
OG15307,OG15381,4,operon-adjacent (synteny)
OG02809,OG05602,4,operon-adjacent (synteny)
OG02137,OG02329,4,operon-adjacent (synteny)
OG00192,OG14681,4,operon-adjacent (synteny)
OG02807,OG13209,4,operon-adjacent (synteny)
OG03012,OG03812,4,operon-adjacent (synteny)
OG00193,OG02163,4,operon-adjacent (synteny)
OG15294,OG15383,4,operon-adjacent (synteny)
OG01255,OG14842,4,operon-adjacent (synteny)
OG02121,OG06908,4,operon-adjacent (synteny)
OG15849,OG16152,4,operon-adjacent (synteny)
OG02124,OG05719,4,operon-adjacent (synteny)
OG15818,OG16374,4,operon-adjacent (synteny)
OG01977,OG04417,4,operon-adjacent (synteny)
OG00079,OG15513,4,operon-adjacent (synteny)
OG02821,OG05940,4,operon-adjacent (synteny)
OG03258,OG07989,4,operon-adjacent (synteny)
OG15784,OG16267,4,operon-adjacent (synteny)
OG02819,OG14879,4,operon-adjacent (synteny)
OG02841,OG14675,4,operon-adjacent (synteny)
OG15209,OG15381,4,operon-adjacent (synteny)
OG02802,OG05931,4,operon-adjacent (synteny)
OG01259,OG02220,4,operon-adjacent (synteny)
OG00084,OG15242,4,operon-adjacent (synteny)
OG00163,OG01501,4,operon-adjacent (synteny)
OG00163,OG01227,4,operon-adjacent (synteny)
OG00089,OG00574,4,operon-adjacent (synteny)
OG00163,OG00853,4,operon-adjacent (synteny)
OG00099,OG00916,4,operon-adjacent (synteny)
OG00001,OG01570,4,operon-adjacent (synteny)
OG00000,OG15330,4,operon-adjacent (synteny)
OG00188,OG00299,4,operon-adjacent (synteny)
OG01365,OG01889,4,operon-adjacent (synteny)
OG00000,OG03034,4,operon-adjacent (synteny)
OG01365,OG01748,4,operon-adjacent (synteny)
OG00188,OG00606,4,operon-adjacent (synteny)
OG01364,OG15226,4,operon-adjacent (synteny)
OG01185,OG02841,4,operon-adjacent (synteny)
OG00186,OG03442,4,operon-adjacent (synteny)
OG00185,OG02486,4,operon-adjacent (synteny)
OG02802,OG03298,4,operon-adjacent (synteny)
OG02133,OG02565,4,operon-adjacent (synteny)
OG00085,OG04742,4,operon-adjacent (synteny)
OG01365,OG05462,4,operon-adjacent (synteny)
OG01365,OG05587,4,operon-adjacent (synteny)
OG00188,OG01025,4,operon-adjacent (synteny)
OG00194,OG00711,4,operon-adjacent (synteny)
OG00085,OG11402,4,operon-adjacent (synteny)
OG00099,OG01047,4,operon-adjacent (synteny)
OG00183,OG02164,4,operon-adjacent (synteny)
OG00194,OG00694,4,operon-adjacent (synteny)
OG00088,OG13700,4,operon-adjacent (synteny)
OG01357,OG02154,4,operon-adjacent (synteny)
OG01364,OG02312,4,operon-adjacent (synteny)
OG00183,OG15005,4,operon-adjacent (synteny)
OG02067,OG02184,4,operon-adjacent (synteny)
OG00074,OG15367,4,operon-adjacent (synteny)
OG00075,OG03467,4,operon-adjacent (synteny)
OG01200,OG02872,4,operon-adjacent (synteny)
OG01201,OG01815,4,operon-adjacent (synteny)
OG01354,OG15459,4,operon-adjacent (synteny)
OG01354,OG03691,4,operon-adjacent (synteny)
OG01202,OG02391,4,operon-adjacent (synteny)
OG00075,OG11691,4,operon-adjacent (synteny)
OG16351,OG16480,4,operon-adjacent (synteny)
OG01192,OG01588,4,operon-adjacent (synteny)
OG01902,OG03801,4,operon-adjacent (synteny)
OG01906,OG02326,4,operon-adjacent (synteny)
OG00075,OG03371,4,operon-adjacent (synteny)
OG01260,OG04042,4,operon-adjacent (synteny)
OG00075,OG00135,4,operon-adjacent (synteny)
OG00158,OG00885,4,operon-adjacent (synteny)
OG02067,OG02431,4,operon-adjacent (synteny)
OG01190,OG04794,4,operon-adjacent (synteny)
OG00034,OG00422,4,operon-adjacent (synteny)
OG15261,OG15519,4,operon-adjacent (synteny)
OG03014,OG03890,4,operon-adjacent (synteny)
OG00075,OG05552,4,operon-adjacent (synteny)
OG00034,OG00515,4,operon-adjacent (synteny)
OG15273,OG15276,4,operon-adjacent (synteny)
OG01906,OG15221,4,operon-adjacent (synteny)
OG15274,OG15537,4,operon-adjacent (synteny)
OG01906,OG04401,4,operon-adjacent (synteny)
OG01906,OG02396,4,operon-adjacent (synteny)
OG03025,OG04320,4,operon-adjacent (synteny)
OG15280,OG15385,4,operon-adjacent (synteny)
OG01353,OG15096,4,operon-adjacent (synteny)
OG03026,OG03719,4,operon-adjacent (synteny)
OG03238,OG05062,4,operon-adjacent (synteny)
OG00032,OG01452,4,operon-adjacent (synteny)
OG15208,OG15316,4,operon-adjacent (synteny)
OG00188,OG02085,4,operon-adjacent (synteny)
OG00032,OG01598,4,operon-adjacent (synteny)
OG01264,OG02337,4,operon-adjacent (synteny)
OG01348,OG02763,4,operon-adjacent (synteny)
OG01347,OG01592,4,operon-adjacent (synteny)
OG15206,OG15277,4,operon-adjacent (synteny)
OG00032,OG01608,4,operon-adjacent (synteny)
OG00075,OG00206,4,operon-adjacent (synteny)
OG01340,OG09729,4,operon-adjacent (synteny)
OG15188,OG15507,4,operon-adjacent (synteny)
OG00032,OG01058,4,operon-adjacent (synteny)
OG00032,OG01163,4,operon-adjacent (synteny)
OG02065,OG04341,4,operon-adjacent (synteny)
OG01355,OG02990,4,operon-adjacent (synteny)
OG01355,OG11361,4,operon-adjacent (synteny)
OG01356,OG04025,4,operon-adjacent (synteny)
OG03023,OG03691,4,operon-adjacent (synteny)
OG01351,OG01817,4,operon-adjacent (synteny)
OG01351,OG01850,4,operon-adjacent (synteny)
OG00192,OG01571,4,operon-adjacent (synteny)
OG00032,OG01380,4,operon-adjacent (synteny)
OG00074,OG15308,4,operon-adjacent (synteny)
OG01351,OG07085,4,operon-adjacent (synteny)
OG16387,OG16618,4,operon-adjacent (synteny)
OG00074,OG15162,4,operon-adjacent (synteny)
OG00074,OG14759,4,operon-adjacent (synteny)
OG01353,OG01458,4,operon-adjacent (synteny)
OG00192,OG00355,4,operon-adjacent (synteny)
OG16424,OG16695,4,operon-adjacent (synteny)
OG00075,OG02167,4,operon-adjacent (synteny)
OG00189,OG00524,4,operon-adjacent (synteny)
OG02939,OG15118,4,operon-adjacent (synteny)
OG02939,OG03331,4,operon-adjacent (synteny)
OG02959,OG04292,4,operon-adjacent (synteny)
OG02957,OG05433,4,operon-adjacent (synteny)
OG02090,OG05624,4,operon-adjacent (synteny)
OG00079,OG02575,4,operon-adjacent (synteny)
OG00079,OG02469,4,operon-adjacent (synteny)
OG01246,OG03085,4,operon-adjacent (synteny)
OG02091,OG05422,4,operon-adjacent (synteny)
OG00093,OG00148,4,operon-adjacent (synteny)
OG01997,OG03089,4,operon-adjacent (synteny)
OG00188,OG04348,4,operon-adjacent (synteny)
OG00079,OG02331,4,operon-adjacent (synteny)
OG01252,OG10390,4,operon-adjacent (synteny)
OG00075,OG05485,4,operon-adjacent (synteny)
OG01997,OG15339,4,operon-adjacent (synteny)
OG00188,OG04933,4,operon-adjacent (synteny)
OG02989,OG14789,4,operon-adjacent (synteny)
OG02988,OG03862,4,operon-adjacent (synteny)
OG02988,OG03331,4,operon-adjacent (synteny)
OG00091,OG03781,4,operon-adjacent (synteny)
OG00174,OG09239,4,operon-adjacent (synteny)
OG00075,OG00402,4,operon-adjacent (synteny)
OG01287,OG09681,4,operon-adjacent (synteny)
OG00075,OG00451,4,operon-adjacent (synteny)
OG00177,OG02849,4,operon-adjacent (synteny)
OG00177,OG01079,4,operon-adjacent (synteny)
OG00176,OG11377,4,operon-adjacent (synteny)
OG01997,OG15340,4,operon-adjacent (synteny)
OG00091,OG03247,4,operon-adjacent (synteny)
OG02983,OG05607,4,operon-adjacent (synteny)
OG01269,OG01329,4,operon-adjacent (synteny)
OG00034,OG00044,4,operon-adjacent (synteny)
OG01234,OG02110,4,operon-adjacent (synteny)
OG00075,OG01038,4,operon-adjacent (synteny)
OG02091,OG16674,4,operon-adjacent (synteny)
OG01305,OG05690,4,operon-adjacent (synteny)
OG02081,OG02796,4,operon-adjacent (synteny)
OG02093,OG02306,4,operon-adjacent (synteny)
OG01305,OG03127,4,operon-adjacent (synteny)
OG01234,OG14786,4,operon-adjacent (synteny)
OG01235,OG02477,4,operon-adjacent (synteny)
OG00075,OG00684,4,operon-adjacent (synteny)
OG02003,OG15299,4,operon-adjacent (synteny)
OG01284,OG14626,4,operon-adjacent (synteny)
OG02003,OG15075,4,operon-adjacent (synteny)
OG00189,OG00255,4,operon-adjacent (synteny)
OG02944,OG13252,4,operon-adjacent (synteny)
OG01305,OG05908,4,operon-adjacent (synteny)
OG01305,OG15276,4,operon-adjacent (synteny)
OG01305,OG15406,4,operon-adjacent (synteny)
OG01287,OG04281,4,operon-adjacent (synteny)
OG00189,OG00236,4,operon-adjacent (synteny)
OG00173,OG04237,4,operon-adjacent (synteny)
OG01285,OG02041,4,operon-adjacent (synteny)
OG00075,OG00878,4,operon-adjacent (synteny)
OG00079,OG02638,4,operon-adjacent (synteny)
OG00173,OG05336,4,operon-adjacent (synteny)
OG01287,OG01598,4,operon-adjacent (synteny)
OG01285,OG06121,4,operon-adjacent (synteny)
OG00174,OG00174,4,operon-adjacent (synteny)
OG00075,OG00711,4,operon-adjacent (synteny)
OG01303,OG14951,4,operon-adjacent (synteny)
OG02089,OG05802,4,operon-adjacent (synteny)
OG00034,OG06600,4,operon-adjacent (synteny)
OG00034,OG05305,4,operon-adjacent (synteny)
OG00093,OG01183,4,operon-adjacent (synteny)
OG00180,OG14722,4,operon-adjacent (synteny)
OG00036,OG00045,4,operon-adjacent (synteny)
OG01254,OG01365,4,operon-adjacent (synteny)
OG03104,OG04527,4,operon-adjacent (synteny)
OG00034,OG15077,4,operon-adjacent (synteny)
OG02008,OG02739,4,operon-adjacent (synteny)
OG02007,OG05242,4,operon-adjacent (synteny)
OG00093,OG00461,4,operon-adjacent (synteny)
OG01253,OG04084,4,operon-adjacent (synteny)
OG01987,OG02712,4,operon-adjacent (synteny)
OG01935,OG02534,4,operon-adjacent (synteny)
OG00180,OG15301,4,operon-adjacent (synteny)
OG00181,OG00912,4,operon-adjacent (synteny)
OG01957,OG11441,4,operon-adjacent (synteny)
OG03092,OG03727,4,operon-adjacent (synteny)
OG00093,OG00329,4,operon-adjacent (synteny)
OG03093,OG03671,4,operon-adjacent (synteny)
OG01963,OG02067,4,operon-adjacent (synteny)
OG03005,OG03183,4,operon-adjacent (synteny)
OG01253,OG03315,4,operon-adjacent (synteny)
OG03093,OG03909,4,operon-adjacent (synteny)
OG03002,OG06462,4,operon-adjacent (synteny)
OG03085,OG05630,4,operon-adjacent (synteny)
OG01955,OG09257,4,operon-adjacent (synteny)
OG03002,OG05737,4,operon-adjacent (synteny)
OG03002,OG05705,4,operon-adjacent (synteny)
OG03085,OG03337,4,operon-adjacent (synteny)
OG01956,OG02275,4,operon-adjacent (synteny)
OG03001,OG04054,4,operon-adjacent (synteny)
OG01954,OG03341,4,operon-adjacent (synteny)
OG01249,OG15081,4,operon-adjacent (synteny)
OG01954,OG05670,4,operon-adjacent (synteny)
OG00189,OG00224,4,operon-adjacent (synteny)
OG00174,OG14759,4,operon-adjacent (synteny)
OG00079,OG13951,4,operon-adjacent (synteny)
OG03104,OG11634,4,operon-adjacent (synteny)
OG03105,OG05283,4,operon-adjacent (synteny)
OG00181,OG01080,4,operon-adjacent (synteny)
OG00180,OG00502,4,operon-adjacent (synteny)
OG01999,OG14664,4,operon-adjacent (synteny)
OG00179,OG00398,4,operon-adjacent (synteny)
OG01955,OG02634,4,operon-adjacent (synteny)
OG01249,OG01249,4,operon-adjacent (synteny)
OG00178,OG04588,4,operon-adjacent (synteny)
OG01941,OG02515,4,operon-adjacent (synteny)
OG01950,OG03400,4,operon-adjacent (synteny)
OG00034,OG11203,4,operon-adjacent (synteny)
OG00093,OG01465,4,operon-adjacent (synteny)
OG01290,OG02581,4,operon-adjacent (synteny)
OG00093,OG01754,4,operon-adjacent (synteny)
OG00181,OG01739,4,operon-adjacent (synteny)
OG01948,OG17011,4,operon-adjacent (synteny)
OG00177,OG03788,4,operon-adjacent (synteny)
OG01293,OG02121,4,operon-adjacent (synteny)
OG00177,OG02901,4,operon-adjacent (synteny)
OG00079,OG06803,4,operon-adjacent (synteny)
OG01947,OG12442,4,operon-adjacent (synteny)
OG01947,OG02232,4,operon-adjacent (synteny)
OG03096,OG03099,4,operon-adjacent (synteny)
OG01943,OG15223,4,operon-adjacent (synteny)
OG00090,OG14664,4,operon-adjacent (synteny)
OG00183,OG01803,4,operon-adjacent (synteny)
OG00174,OG00995,4,operon-adjacent (synteny)
OG02029,OG16896,4,operon-adjacent (synteny)
OG02051,OG02176,4,operon-adjacent (synteny)
OG00168,OG04584,4,operon-adjacent (synteny)
OG01932,OG14449,4,operon-adjacent (synteny)
OG00168,OG04235,4,operon-adjacent (synteny)
OG03143,OG03313,4,operon-adjacent (synteny)
OG01932,OG15350,4,operon-adjacent (synteny)
OG00075,OG12576,4,operon-adjacent (synteny)
OG03151,OG03921,4,operon-adjacent (synteny)
OG03156,OG15872,4,operon-adjacent (synteny)
OG03156,OG16185,4,operon-adjacent (synteny)
OG03157,OG03291,4,operon-adjacent (synteny)
OG00000,OG01701,4,operon-adjacent (synteny)
OG00075,OG11212,4,operon-adjacent (synteny)
OG00032,OG05048,4,operon-adjacent (synteny)
OG00168,OG09662,4,operon-adjacent (synteny)
OG03057,OG11781,4,operon-adjacent (synteny)
OG02051,OG13710,4,operon-adjacent (synteny)
OG00168,OG09544,4,operon-adjacent (synteny)
OG01929,OG02394,4,operon-adjacent (synteny)
OG02053,OG06104,4,operon-adjacent (synteny)
OG01269,OG02077,4,operon-adjacent (synteny)
OG01929,OG05578,4,operon-adjacent (synteny)
OG00076,OG00863,4,operon-adjacent (synteny)
OG01309,OG15413,4,operon-adjacent (synteny)
OG00172,OG04858,4,operon-adjacent (synteny)
OG00172,OG00626,4,operon-adjacent (synteny)
OG01225,OG05385,4,operon-adjacent (synteny)
OG00076,OG00194,4,operon-adjacent (synteny)
OG02918,OG03258,4,operon-adjacent (synteny)
OG00174,OG01754,4,operon-adjacent (synteny)
OG00192,OG04332,4,operon-adjacent (synteny)
OG01331,OG15368,4,operon-adjacent (synteny)
OG02111,OG02866,4,operon-adjacent (synteny)
OG02111,OG14780,4,operon-adjacent (synteny)
OG00044,OG00916,4,operon-adjacent (synteny)
OG02049,OG02276,4,operon-adjacent (synteny)
OG03174,OG03891,4,operon-adjacent (synteny)
OG03176,OG05728,4,operon-adjacent (synteny)
OG00044,OG00102,4,operon-adjacent (synteny)
OG01274,OG02077,4,operon-adjacent (synteny)
OG00042,OG04091,4,operon-adjacent (synteny)
OG02104,OG02341,4,operon-adjacent (synteny)
OG02035,OG02243,4,operon-adjacent (synteny)
OG03178,OG06888,4,operon-adjacent (synteny)
OG00044,OG09099,4,operon-adjacent (synteny)
OG03174,OG03303,4,operon-adjacent (synteny)
OG01931,OG15517,4,operon-adjacent (synteny)
OG03173,OG05336,4,operon-adjacent (synteny)
OG03172,OG15422,4,operon-adjacent (synteny)
OG02887,OG03002,4,operon-adjacent (synteny)
OG01276,OG01580,4,operon-adjacent (synteny)
OG02107,OG03118,4,operon-adjacent (synteny)
OG02893,OG03316,4,operon-adjacent (synteny)
OG00044,OG06205,4,operon-adjacent (synteny)
OG03171,OG14703,4,operon-adjacent (synteny)
OG00044,OG14855,4,operon-adjacent (synteny)
OG00044,OG16339,4,operon-adjacent (synteny)
OG02878,OG05396,4,operon-adjacent (synteny)
OG00034,OG02286,4,operon-adjacent (synteny)
OG00044,OG01385,4,operon-adjacent (synteny)
OG00044,OG01699,4,operon-adjacent (synteny)
OG00044,OG03144,4,operon-adjacent (synteny)
OG02107,OG02811,4,operon-adjacent (synteny)
OG01246,OG09200,4,operon-adjacent (synteny)
OG00093,OG10405,4,operon-adjacent (synteny)
OG00093,OG14881,4,operon-adjacent (synteny)
OG03126,OG16893,4,operon-adjacent (synteny)
OG02936,OG03369,4,operon-adjacent (synteny)
OG00093,OG15437,4,operon-adjacent (synteny)
OG02038,OG09616,4,operon-adjacent (synteny)
OG01265,OG02350,4,operon-adjacent (synteny)
OG02925,OG03992,4,operon-adjacent (synteny)
OG02003,OG05517,4,operon-adjacent (synteny)
OG02074,OG02325,4,operon-adjacent (synteny)
OG02093,OG02998,4,operon-adjacent (synteny)
OG00039,OG09922,4,operon-adjacent (synteny)
OG01301,OG03041,4,operon-adjacent (synteny)
OG00034,OG00059,4,operon-adjacent (synteny)
OG02036,OG06071,4,operon-adjacent (synteny)
OG02038,OG03731,4,operon-adjacent (synteny)
OG01265,OG06571,4,operon-adjacent (synteny)
OG01303,OG14507,4,operon-adjacent (synteny)
OG00034,OG00130,4,operon-adjacent (synteny)
OG02082,OG04864,4,operon-adjacent (synteny)
OG00034,OG00194,4,operon-adjacent (synteny)
OG01303,OG13207,4,operon-adjacent (synteny)
OG00034,OG00255,4,operon-adjacent (synteny)
OG02099,OG05655,4,operon-adjacent (synteny)
OG02100,OG14979,4,operon-adjacent (synteny)
OG01246,OG03916,4,operon-adjacent (synteny)
OG02100,OG16823,4,operon-adjacent (synteny)
OG01302,OG14660,4,operon-adjacent (synteny)
OG01302,OG03372,4,operon-adjacent (synteny)
OG01301,OG03780,4,operon-adjacent (synteny)
OG01294,OG06150,4,operon-adjacent (synteny)
OG01269,OG03690,4,operon-adjacent (synteny)
OG01228,OG01324,4,operon-adjacent (synteny)
OG01228,OG02292,4,operon-adjacent (synteny)
OG02056,OG02107,4,operon-adjacent (synteny)
OG00079,OG00863,4,operon-adjacent (synteny)
OG01245,OG14776,4,operon-adjacent (synteny)
OG00079,OG00574,4,operon-adjacent (synteny)
OG00094,OG02121,4,operon-adjacent (synteny)
OG01242,OG02547,4,operon-adjacent (synteny)
OG01247,OG01419,4,operon-adjacent (synteny)
OG00079,OG00292,4,operon-adjacent (synteny)
OG00095,OG13652,4,operon-adjacent (synteny)
OG01217,OG14867,4,operon-adjacent (synteny)
OG01220,OG03807,4,operon-adjacent (synteny)
OG00079,OG00194,4,operon-adjacent (synteny)
OG02003,OG02841,4,operon-adjacent (synteny)
OG00036,OG13653,4,operon-adjacent (synteny)
OG01246,OG09432,4,operon-adjacent (synteny)
OG00036,OG15129,4,operon-adjacent (synteny)
OG02043,OG03037,4,operon-adjacent (synteny)
OG03123,OG03164,4,operon-adjacent (synteny)
OG00037,OG00502,4,operon-adjacent (synteny)
OG02919,OG03443,4,operon-adjacent (synteny)
OG00098,OG00143,4,operon-adjacent (synteny)
OG00036,OG01409,4,operon-adjacent (synteny)
OG00093,OG06253,4,operon-adjacent (synteny)
OG01269,OG14787,4,operon-adjacent (synteny)
OG00093,OG04944,4,operon-adjacent (synteny)
OG00036,OG01597,4,operon-adjacent (synteny)
OG01246,OG09833,4,operon-adjacent (synteny)
OG02046,OG15226,4,operon-adjacent (synteny)
OG01269,OG04498,4,operon-adjacent (synteny)
OG00036,OG01164,4,operon-adjacent (synteny)
OG00055,OG03425,4,operon-adjacent (synteny)
OG00055,OG03450,4,operon-adjacent (synteny)
OG00055,OG01644,4,operon-adjacent (synteny)
OG00055,OG01997,4,operon-adjacent (synteny)
OG00135,OG00964,4,operon-adjacent (synteny)
OG02267,OG02495,4,operon-adjacent (synteny)
OG00135,OG02124,4,operon-adjacent (synteny)
OG00135,OG02520,4,operon-adjacent (synteny)
OG00135,OG02905,4,operon-adjacent (synteny)
OG00135,OG03041,4,operon-adjacent (synteny)
OG00194,OG00371,4,operon-adjacent (synteny)
OG01588,OG14963,4,operon-adjacent (synteny)
OG00067,OG03190,4,operon-adjacent (synteny)
OG00067,OG03087,4,operon-adjacent (synteny)
OG01579,OG05030,4,operon-adjacent (synteny)
OG00067,OG02991,4,operon-adjacent (synteny)
OG00067,OG01884,4,operon-adjacent (synteny)
OG01583,OG05033,4,operon-adjacent (synteny)
OG01583,OG05185,4,operon-adjacent (synteny)
OG01723,OG12146,4,operon-adjacent (synteny)
OG01723,OG06652,4,operon-adjacent (synteny)
OG01574,OG12612,4,operon-adjacent (synteny)
OG01584,OG14773,4,operon-adjacent (synteny)
OG02251,OG05385,4,operon-adjacent (synteny)
OG02250,OG13473,4,operon-adjacent (synteny)
OG01567,OG04354,4,operon-adjacent (synteny)
OG01571,OG01854,4,operon-adjacent (synteny)
OG00135,OG14564,4,operon-adjacent (synteny)
OG00135,OG14704,4,operon-adjacent (synteny)
OG00135,OG15173,4,operon-adjacent (synteny)
OG00135,OG15411,4,operon-adjacent (synteny)
OG02263,OG02311,4,operon-adjacent (synteny)
OG00135,OG11335,4,operon-adjacent (synteny)
OG00067,OG01212,4,operon-adjacent (synteny)
OG00135,OG13969,4,operon-adjacent (synteny)
OG02453,OG03751,4,operon-adjacent (synteny)
OG02260,OG15244,4,operon-adjacent (synteny)
OG02260,OG02497,4,operon-adjacent (synteny)
OG02454,OG11648,4,operon-adjacent (synteny)
OG02454,OG14811,4,operon-adjacent (synteny)
OG00055,OG03461,4,operon-adjacent (synteny)
OG02256,OG14879,4,operon-adjacent (synteny)
OG02449,OG16704,4,operon-adjacent (synteny)
OG02253,OG12514,4,operon-adjacent (synteny)
OG00055,OG02708,4,operon-adjacent (synteny)
OG00135,OG11787,4,operon-adjacent (synteny)
OG02413,OG05760,4,operon-adjacent (synteny)
OG01744,OG06733,4,operon-adjacent (synteny)
OG02419,OG03608,4,operon-adjacent (synteny)
OG00115,OG01516,4,operon-adjacent (synteny)
OG02420,OG05486,4,operon-adjacent (synteny)
OG00113,OG01069,4,operon-adjacent (synteny)
OG01593,OG02333,4,operon-adjacent (synteny)
OG00113,OG00244,4,operon-adjacent (synteny)
OG00112,OG11717,4,operon-adjacent (synteny)
OG01598,OG05331,4,operon-adjacent (synteny)
OG01577,OG05718,4,operon-adjacent (synteny)
OG00135,OG06833,4,operon-adjacent (synteny)
OG01711,OG03866,4,operon-adjacent (synteny)
OG00115,OG06711,4,operon-adjacent (synteny)
OG00115,OG05630,4,operon-adjacent (synteny)
OG01592,OG03625,4,operon-adjacent (synteny)
OG00115,OG02508,4,operon-adjacent (synteny)
OG00115,OG01541,4,operon-adjacent (synteny)
OG01593,OG01621,4,operon-adjacent (synteny)
OG01714,OG06101,4,operon-adjacent (synteny)
OG01714,OG06040,4,operon-adjacent (synteny)
OG01714,OG05289,4,operon-adjacent (synteny)
OG00135,OG06229,4,operon-adjacent (synteny)
OG01720,OG10597,4,operon-adjacent (synteny)
OG02444,OG06014,4,operon-adjacent (synteny)
OG02446,OG05513,4,operon-adjacent (synteny)
OG00055,OG00806,4,operon-adjacent (synteny)
OG00055,OG01154,4,operon-adjacent (synteny)
OG00055,OG01179,4,operon-adjacent (synteny)
OG01732,OG05989,4,operon-adjacent (synteny)
OG01727,OG15172,4,operon-adjacent (synteny)
OG01724,OG03140,4,operon-adjacent (synteny)
OG02434,OG04424,4,operon-adjacent (synteny)
OG00102,OG05115,4,operon-adjacent (synteny)
OG02443,OG02547,4,operon-adjacent (synteny)
OG01741,OG03567,4,operon-adjacent (synteny)
OG02443,OG04295,4,operon-adjacent (synteny)
OG02420,OG05950,4,operon-adjacent (synteny)
OG02421,OG02481,4,operon-adjacent (synteny)
OG02424,OG13533,4,operon-adjacent (synteny)
OG02426,OG03955,4,operon-adjacent (synteny)
OG01735,OG01986,4,operon-adjacent (synteny)
OG00102,OG09119,4,operon-adjacent (synteny)
OG02430,OG04425,4,operon-adjacent (synteny)
OG00102,OG05216,4,operon-adjacent (synteny)
OG02439,OG02573,4,operon-adjacent (synteny)
OG00069,OG02221,4,operon-adjacent (synteny)
OG02235,OG02762,4,operon-adjacent (synteny)
OG00053,OG01610,4,operon-adjacent (synteny)
OG02486,OG04637,4,operon-adjacent (synteny)
OG02489,OG10217,4,operon-adjacent (synteny)
OG00070,OG16872,4,operon-adjacent (synteny)
OG02492,OG13522,4,operon-adjacent (synteny)
OG00070,OG14673,4,operon-adjacent (synteny)
OG02479,OG02552,4,operon-adjacent (synteny)
OG00070,OG05634,4,operon-adjacent (synteny)
OG01574,OG05472,4,operon-adjacent (synteny)
OG02485,OG05524,4,operon-adjacent (synteny)
OG02485,OG11637,4,operon-adjacent (synteny)
OG02486,OG02622,4,operon-adjacent (synteny)
OG02238,OG15536,4,operon-adjacent (synteny)
OG01541,OG01637,4,operon-adjacent (synteny)
OG00141,OG01387,4,operon-adjacent (synteny)
OG00142,OG00265,4,operon-adjacent (synteny)
OG00142,OG00979,4,operon-adjacent (synteny)
OG00142,OG01444,4,operon-adjacent (synteny)
OG00143,OG00151,4,operon-adjacent (synteny)
OG02235,OG06828,4,operon-adjacent (synteny)
OG00070,OG05543,4,operon-adjacent (synteny)
OG01778,OG10258,4,operon-adjacent (synteny)
OG00102,OG00218,4,operon-adjacent (synteny)
OG01526,OG12529,4,operon-adjacent (synteny)
OG00101,OG15002,4,operon-adjacent (synteny)
OG00101,OG12278,4,operon-adjacent (synteny)
OG01530,OG01628,4,operon-adjacent (synteny)
OG01533,OG02235,4,operon-adjacent (synteny)
OG01533,OG05630,4,operon-adjacent (synteny)
OG01533,OG15351,4,operon-adjacent (synteny)
OG00143,OG00752,4,operon-adjacent (synteny)
OG00070,OG00070,4,operon-adjacent (synteny)
OG01525,OG16185,4,operon-adjacent (synteny)
OG00143,OG00447,4,operon-adjacent (synteny)
OG00101,OG11950,4,operon-adjacent (synteny)
OG01782,OG05970,4,operon-adjacent (synteny)
OG01519,OG02530,4,operon-adjacent (synteny)
OG00143,OG00299,4,operon-adjacent (synteny)
OG00143,OG00398,4,operon-adjacent (synteny)
OG00070,OG02450,4,operon-adjacent (synteny)
OG00143,OG00421,4,operon-adjacent (synteny)
OG00143,OG00424,4,operon-adjacent (synteny)
OG00070,OG02170,4,operon-adjacent (synteny)
OG01525,OG02930,4,operon-adjacent (synteny)
OG00106,OG14697,4,operon-adjacent (synteny)
OG00135,OG11202,4,operon-adjacent (synteny)
OG01554,OG04738,4,operon-adjacent (synteny)
OG01554,OG13224,4,operon-adjacent (synteny)
OG00105,OG14260,4,operon-adjacent (synteny)
OG01561,OG14843,4,operon-adjacent (synteny)
OG01561,OG15818,4,operon-adjacent (synteny)
OG01549,OG04218,4,operon-adjacent (synteny)
OG01549,OG05756,4,operon-adjacent (synteny)
OG01751,OG02507,4,operon-adjacent (synteny)
OG00143,OG00216,4,operon-adjacent (synteny)
OG01551,OG04072,4,operon-adjacent (synteny)
OG01551,OG05411,4,operon-adjacent (synteny)
OG01748,OG02438,4,operon-adjacent (synteny)
OG01541,OG04606,4,operon-adjacent (synteny)
OG01543,OG01705,4,operon-adjacent (synteny)
OG01761,OG06020,4,operon-adjacent (synteny)
OG01544,OG02779,4,operon-adjacent (synteny)
OG01756,OG03096,4,operon-adjacent (synteny)
OG01755,OG02286,4,operon-adjacent (synteny)
OG02253,OG06065,4,operon-adjacent (synteny)
OG01572,OG05341,4,operon-adjacent (synteny)
OG01748,OG02552,4,operon-adjacent (synteny)
OG00136,OG05840,4,operon-adjacent (synteny)
OG00137,OG00534,4,operon-adjacent (synteny)
OG01538,OG15450,4,operon-adjacent (synteny)
OG02247,OG02818,4,operon-adjacent (synteny)
OG02471,OG02651,4,operon-adjacent (synteny)
OG02473,OG05039,4,operon-adjacent (synteny)
OG02473,OG14974,4,operon-adjacent (synteny)
OG02474,OG02534,4,operon-adjacent (synteny)
OG02240,OG15391,4,operon-adjacent (synteny)
OG02474,OG05710,4,operon-adjacent (synteny)
OG02475,OG15229,4,operon-adjacent (synteny)
OG01565,OG11460,4,operon-adjacent (synteny)
OG02240,OG02647,4,operon-adjacent (synteny)
OG00105,OG00143,4,operon-adjacent (synteny)
OG00104,OG01331,4,operon-adjacent (synteny)
OG02468,OG05707,4,operon-adjacent (synteny)
OG00055,OG00135,4,operon-adjacent (synteny)
OG00055,OG00172,4,operon-adjacent (synteny)
OG02463,OG03652,4,operon-adjacent (synteny)
OG00104,OG00677,4,operon-adjacent (synteny)
OG00102,OG15105,4,operon-adjacent (synteny)
OG01563,OG02508,4,operon-adjacent (synteny)
OG01744,OG16753,4,operon-adjacent (synteny)
OG00055,OG00265,4,operon-adjacent (synteny)
OG02342,OG03629,4,operon-adjacent (synteny)
OG00057,OG01466,4,operon-adjacent (synteny)
OG00059,OG00075,4,operon-adjacent (synteny)
OG01653,OG11647,4,operon-adjacent (synteny)
OG01653,OG13550,4,operon-adjacent (synteny)
OG01654,OG01899,4,operon-adjacent (synteny)
OG00128,OG05990,4,operon-adjacent (synteny)
OG00128,OG09079,4,operon-adjacent (synteny)
OG01695,OG06949,4,operon-adjacent (synteny)
OG01649,OG02093,4,operon-adjacent (synteny)
OG01716,OG05227,4,operon-adjacent (synteny)
OG00128,OG01485,4,operon-adjacent (synteny)
OG00128,OG02008,4,operon-adjacent (synteny)
OG01694,OG06495,4,operon-adjacent (synteny)
OG00128,OG02758,4,operon-adjacent (synteny)
OG01694,OG04706,4,operon-adjacent (synteny)
OG01646,OG02586,4,operon-adjacent (synteny)
OG00061,OG10605,4,operon-adjacent (synteny)
OG00128,OG01137,4,operon-adjacent (synteny)
OG00061,OG05859,4,operon-adjacent (synteny)
OG02338,OG14680,4,operon-adjacent (synteny)
OG02338,OG15298,4,operon-adjacent (synteny)
OG01694,OG13686,4,operon-adjacent (synteny)
OG00128,OG15086,4,operon-adjacent (synteny)
OG00128,OG15192,4,operon-adjacent (synteny)
OG00128,OG15390,4,operon-adjacent (synteny)
OG02350,OG03247,4,operon-adjacent (synteny)
OG00110,OG01604,4,operon-adjacent (synteny)
OG00118,OG02538,4,operon-adjacent (synteny)
OG02359,OG02506,4,operon-adjacent (synteny)
OG00059,OG02881,4,operon-adjacent (synteny)
OG00116,OG14861,4,operon-adjacent (synteny)
OG00059,OG05861,4,operon-adjacent (synteny)
OG02342,OG02492,4,operon-adjacent (synteny)
OG00116,OG02497,4,operon-adjacent (synteny)
OG02343,OG08804,4,operon-adjacent (synteny)
OG02343,OG10258,4,operon-adjacent (synteny)
OG00119,OG00703,4,operon-adjacent (synteny)
OG00059,OG00821,4,operon-adjacent (synteny)
OG00059,OG01004,4,operon-adjacent (synteny)
OG00118,OG02686,4,operon-adjacent (synteny)
OG00059,OG01171,4,operon-adjacent (synteny)
OG02340,OG03460,4,operon-adjacent (synteny)
OG01688,OG12789,4,operon-adjacent (synteny)
OG02340,OG05864,4,operon-adjacent (synteny)
OG00116,OG10559,4,operon-adjacent (synteny)
OG00122,OG01985,4,operon-adjacent (synteny)
OG01665,OG01800,4,operon-adjacent (synteny)
OG01672,OG02918,4,operon-adjacent (synteny)
OG00122,OG01294,4,operon-adjacent (synteny)
OG00128,OG00235,4,operon-adjacent (synteny)
OG00127,OG12413,4,operon-adjacent (synteny)
OG01661,OG02908,4,operon-adjacent (synteny)
OG00124,OG13487,4,operon-adjacent (synteny)
OG02320,OG02664,4,operon-adjacent (synteny)
OG01679,OG14966,4,operon-adjacent (synteny)
OG00061,OG03104,4,operon-adjacent (synteny)
OG02313,OG03766,4,operon-adjacent (synteny)
OG01679,OG05597,4,operon-adjacent (synteny)
OG02314,OG13543,4,operon-adjacent (synteny)
OG01684,OG16921,4,operon-adjacent (synteny)
OG01684,OG03884,4,operon-adjacent (synteny)
OG01684,OG02131,4,operon-adjacent (synteny)
OG02317,OG05308,4,operon-adjacent (synteny)
OG02306,OG09208,4,operon-adjacent (synteny)
OG02319,OG02659,4,operon-adjacent (synteny)
OG02308,OG03457,4,operon-adjacent (synteny)
OG02311,OG13532,4,operon-adjacent (synteny)
OG02323,OG05480,4,operon-adjacent (synteny)
OG00061,OG02592,4,operon-adjacent (synteny)
OG00067,OG00194,4,operon-adjacent (synteny)
OG02326,OG15421,4,operon-adjacent (synteny)
OG02332,OG03119,4,operon-adjacent (synteny)
OG02332,OG04536,4,operon-adjacent (synteny)
OG00060,OG12001,4,operon-adjacent (synteny)
OG00061,OG00355,4,operon-adjacent (synteny)
OG00060,OG00151,4,operon-adjacent (synteny)
OG00061,OG14760,4,operon-adjacent (synteny)
OG00060,OG00215,4,operon-adjacent (synteny)
OG00067,OG00515,4,operon-adjacent (synteny)
OG01661,OG14773,4,operon-adjacent (synteny)
OG01678,OG02152,4,operon-adjacent (synteny)
OG00067,OG00346,4,operon-adjacent (synteny)
OG00067,OG00224,4,operon-adjacent (synteny)
OG01678,OG05242,4,operon-adjacent (synteny)
OG01679,OG01940,4,operon-adjacent (synteny)
OG02301,OG02745,4,operon-adjacent (synteny)
OG01679,OG02479,4,operon-adjacent (synteny)
OG02293,OG05720,4,operon-adjacent (synteny)
OG01673,OG01805,4,operon-adjacent (synteny)
OG02293,OG03161,4,operon-adjacent (synteny)
OG00122,OG16819,4,operon-adjacent (synteny)
OG00067,OG00361,4,operon-adjacent (synteny)
OG01611,OG02615,4,operon-adjacent (synteny)
OG01611,OG04927,4,operon-adjacent (synteny)
OG01611,OG15483,4,operon-adjacent (synteny)
OG02272,OG16340,4,operon-adjacent (synteny)
OG01612,OG02990,4,operon-adjacent (synteny)
OG01613,OG02469,4,operon-adjacent (synteny)
OG02272,OG06610,4,operon-adjacent (synteny)
OG01608,OG14807,4,operon-adjacent (synteny)
OG00135,OG00135,4,operon-adjacent (synteny)
OG02290,OG05081,4,operon-adjacent (synteny)
OG00128,OG15000,4,operon-adjacent (synteny)
OG00135,OG00891,4,operon-adjacent (synteny)
OG00131,OG01632,4,operon-adjacent (synteny)
OG00132,OG14926,4,operon-adjacent (synteny)
OG00134,OG04214,4,operon-adjacent (synteny)
OG02400,OG03403,4,operon-adjacent (synteny)
OG00055,OG04327,4,operon-adjacent (synteny)
OG00055,OG05401,4,operon-adjacent (synteny)
OG00055,OG06210,4,operon-adjacent (synteny)
OG02388,OG05645,4,operon-adjacent (synteny)
OG02394,OG04291,4,operon-adjacent (synteny)
OG02286,OG17004,4,operon-adjacent (synteny)
OG02289,OG05931,4,operon-adjacent (synteny)
OG01714,OG14987,4,operon-adjacent (synteny)
OG00067,OG12642,4,operon-adjacent (synteny)
OG00067,OG11397,4,operon-adjacent (synteny)
OG00067,OG04023,4,operon-adjacent (synteny)
OG00067,OG15320,4,operon-adjacent (synteny)
OG02400,OG06056,4,operon-adjacent (synteny)
OG00067,OG14969,4,operon-adjacent (synteny)
OG00067,OG14878,4,operon-adjacent (synteny)
OG02401,OG02983,4,operon-adjacent (synteny)
OG00067,OG14760,4,operon-adjacent (synteny)
OG01611,OG01854,4,operon-adjacent (synteny)
OG00067,OG14559,4,operon-adjacent (synteny)
OG02404,OG14538,4,operon-adjacent (synteny)
OG00055,OG14696,4,operon-adjacent (synteny)
OG00055,OG15266,4,operon-adjacent (synteny)
OG00055,OG15441,4,operon-adjacent (synteny)
OG00055,OG06803,4,operon-adjacent (synteny)
OG00055,OG06912,4,operon-adjacent (synteny)
OG02280,OG02328,4,operon-adjacent (synteny)
OG02278,OG02823,4,operon-adjacent (synteny)
OG02274,OG02736,4,operon-adjacent (synteny)
OG00055,OG12812,4,operon-adjacent (synteny)
OG00067,OG14751,4,operon-adjacent (synteny)
OG01623,OG03509,4,operon-adjacent (synteny)
OG01623,OG13739,4,operon-adjacent (synteny)
OG01623,OG15391,4,operon-adjacent (synteny)
OG01613,OG06109,4,operon-adjacent (synteny)
OG01709,OG01915,4,operon-adjacent (synteny)
OG01616,OG02738,4,operon-adjacent (synteny)
OG01704,OG01856,4,operon-adjacent (synteny)
OG01631,OG15504,4,operon-adjacent (synteny)
OG01641,OG09102,4,operon-adjacent (synteny)
OG01703,OG16613,4,operon-adjacent (synteny)
OG02398,OG05826,4,operon-adjacent (synteny)
OG01703,OG14778,4,operon-adjacent (synteny)
OG01643,OG04733,4,operon-adjacent (synteny)
OG01630,OG02611,4,operon-adjacent (synteny)
OG01630,OG03497,4,operon-adjacent (synteny)
OG00111,OG02324,4,operon-adjacent (synteny)
OG00111,OG00259,4,operon-adjacent (synteny)
OG01630,OG05810,4,operon-adjacent (synteny)
OG01630,OG16857,4,operon-adjacent (synteny)
OG00128,OG16856,4,operon-adjacent (synteny)
OG00128,OG16985,4,operon-adjacent (synteny)
OG00128,OG14840,4,operon-adjacent (synteny)
OG01641,OG12143,4,operon-adjacent (synteny)
OG02286,OG15077,4,operon-adjacent (synteny)
OG02286,OG03807,4,operon-adjacent (synteny)
OG02285,OG03412,4,operon-adjacent (synteny)
OG02378,OG13331,4,operon-adjacent (synteny)
OG02381,OG06080,4,operon-adjacent (synteny)
OG02285,OG03100,4,operon-adjacent (synteny)
OG01701,OG02070,4,operon-adjacent (synteny)
OG01701,OG01797,4,operon-adjacent (synteny)
OG02359,OG03184,4,operon-adjacent (synteny)
OG01696,OG02653,4,operon-adjacent (synteny)
OG01703,OG02896,4,operon-adjacent (synteny)
OG01621,OG01742,4,operon-adjacent (synteny)
OG02378,OG02554,4,operon-adjacent (synteny)
OG01628,OG12559,4,operon-adjacent (synteny)
OG00128,OG11669,4,operon-adjacent (synteny)
OG00128,OG14692,4,operon-adjacent (synteny)
OG01627,OG01762,4,operon-adjacent (synteny)
OG01627,OG05073,4,operon-adjacent (synteny)
OG01701,OG14556,4,operon-adjacent (synteny)
OG01627,OG05075,4,operon-adjacent (synteny)
OG01701,OG11181,4,operon-adjacent (synteny)
OG01620,OG06142,4,operon-adjacent (synteny)
OG01701,OG03710,4,operon-adjacent (synteny)
OG02378,OG02515,4,operon-adjacent (synteny)
OG01398,OG03800,4,operon-adjacent (synteny)
OG01399,OG04512,4,operon-adjacent (synteny)
OG00148,OG14780,4,operon-adjacent (synteny)
OG00149,OG01158,4,operon-adjacent (synteny)
OG01859,OG03254,4,operon-adjacent (synteny)
OG01397,OG14833,4,operon-adjacent (synteny)
OG01856,OG13281,4,operon-adjacent (synteny)
OG00148,OG12967,4,operon-adjacent (synteny)
OG00074,OG02416,4,operon-adjacent (synteny)
OG02685,OG16674,4,operon-adjacent (synteny)
OG00143,OG01026,4,operon-adjacent (synteny)
OG00074,OG01906,4,operon-adjacent (synteny)
OG00047,OG01022,4,operon-adjacent (synteny)
OG00047,OG01554,4,operon-adjacent (synteny)
OG02160,OG03325,4,operon-adjacent (synteny)
OG00074,OG05096,4,operon-adjacent (synteny)
OG00047,OG01747,4,operon-adjacent (synteny)
OG02682,OG05043,4,operon-adjacent (synteny)
OG00045,OG15457,4,operon-adjacent (synteny)
OG00074,OG03488,4,operon-adjacent (synteny)
OG00047,OG00299,4,operon-adjacent (synteny)
OG00047,OG00620,4,operon-adjacent (synteny)
OG02691,OG16820,4,operon-adjacent (synteny)
OG02727,OG05039,4,operon-adjacent (synteny)
OG02730,OG02965,4,operon-adjacent (synteny)
OG00099,OG11926,4,operon-adjacent (synteny)
OG01852,OG05115,4,operon-adjacent (synteny)
OG01852,OG02455,4,operon-adjacent (synteny)
OG00099,OG16733,4,operon-adjacent (synteny)
OG02713,OG03267,4,operon-adjacent (synteny)
OG00099,OG13972,4,operon-adjacent (synteny)
OG01856,OG03748,4,operon-adjacent (synteny)
OG01855,OG06309,4,operon-adjacent (synteny)
OG00151,OG01580,4,operon-adjacent (synteny)
OG01854,OG04862,4,operon-adjacent (synteny)
OG02694,OG15204,4,operon-adjacent (synteny)
OG02696,OG04738,4,operon-adjacent (synteny)
OG02705,OG06504,4,operon-adjacent (synteny)
OG02708,OG03278,4,operon-adjacent (synteny)
OG02708,OG05303,4,operon-adjacent (synteny)
OG01854,OG03429,4,operon-adjacent (synteny)
OG01861,OG13559,4,operon-adjacent (synteny)
OG01404,OG01783,4,operon-adjacent (synteny)
OG01861,OG06060,4,operon-adjacent (synteny)
OG00151,OG01457,4,operon-adjacent (synteny)
OG02725,OG15527,4,operon-adjacent (synteny)
OG02679,OG03300,4,operon-adjacent (synteny)
OG01851,OG12642,4,operon-adjacent (synteny)
OG02680,OG06335,4,operon-adjacent (synteny)
OG02665,OG06053,4,operon-adjacent (synteny)
OG00099,OG03467,4,operon-adjacent (synteny)
OG02668,OG15486,4,operon-adjacent (synteny)
OG02670,OG03498,4,operon-adjacent (synteny)
OG00099,OG03322,4,operon-adjacent (synteny)
OG02671,OG05819,4,operon-adjacent (synteny)
OG00074,OG00445,4,operon-adjacent (synteny)
OG00045,OG08099,4,operon-adjacent (synteny)
OG02664,OG05859,4,operon-adjacent (synteny)
OG02651,OG02761,4,operon-adjacent (synteny)
OG02654,OG15184,4,operon-adjacent (synteny)
OG02655,OG05900,4,operon-adjacent (synteny)
OG01439,OG01439,4,operon-adjacent (synteny)
OG01439,OG02387,4,operon-adjacent (synteny)
OG01439,OG03287,4,operon-adjacent (synteny)
OG01439,OG03795,4,operon-adjacent (synteny)
OG00148,OG05690,4,operon-adjacent (synteny)
OG02174,OG05581,4,operon-adjacent (synteny)
OG02173,OG06732,4,operon-adjacent (synteny)
OG00074,OG00244,4,operon-adjacent (synteny)
OG00045,OG14622,4,operon-adjacent (synteny)
OG00045,OG14677,4,operon-adjacent (synteny)
OG01422,OG04695,4,operon-adjacent (synteny)
OG01427,OG02082,4,operon-adjacent (synteny)
OG01430,OG02049,4,operon-adjacent (synteny)
OG02163,OG16663,4,operon-adjacent (synteny)
OG01415,OG03415,4,operon-adjacent (synteny)
OG02169,OG11361,4,operon-adjacent (synteny)
OG01411,OG05671,4,operon-adjacent (synteny)
OG02168,OG05398,4,operon-adjacent (synteny)
OG01413,OG15120,4,operon-adjacent (synteny)
OG02678,OG10217,4,operon-adjacent (synteny)
OG01841,OG03469,4,operon-adjacent (synteny)
OG01405,OG06021,4,operon-adjacent (synteny)
OG01406,OG12155,4,operon-adjacent (synteny)
OG01409,OG13710,4,operon-adjacent (synteny)
OG01409,OG14944,4,operon-adjacent (synteny)
OG01841,OG01914,4,operon-adjacent (synteny)
OG01410,OG11485,4,operon-adjacent (synteny)
OG01849,OG03872,4,operon-adjacent (synteny)
OG01848,OG15471,4,operon-adjacent (synteny)
OG01851,OG14677,4,operon-adjacent (synteny)
OG02671,OG16942,4,operon-adjacent (synteny)
OG01843,OG02378,4,operon-adjacent (synteny)
OG01888,OG14913,4,operon-adjacent (synteny)
OG01888,OG10405,4,operon-adjacent (synteny)
OG01887,OG09229,4,operon-adjacent (synteny)
OG01885,OG11442,4,operon-adjacent (synteny)
OG00156,OG09095,4,operon-adjacent (synteny)
OG02777,OG05778,4,operon-adjacent (synteny)
OG02781,OG03884,4,operon-adjacent (synteny)
OG02786,OG04536,4,operon-adjacent (synteny)
OG00045,OG01172,4,operon-adjacent (synteny)
OG00045,OG00366,4,operon-adjacent (synteny)
OG02726,OG05691,4,operon-adjacent (synteny)
OG02761,OG03601,4,operon-adjacent (synteny)
OG01861,OG16737,4,operon-adjacent (synteny)
OG01876,OG05599,4,operon-adjacent (synteny)
OG02770,OG05720,4,operon-adjacent (synteny)
OG02771,OG06388,4,operon-adjacent (synteny)
OG02773,OG03184,4,operon-adjacent (synteny)
OG01874,OG11928,4,operon-adjacent (synteny)
OG00099,OG00343,4,operon-adjacent (synteny)
OG00045,OG00317,4,operon-adjacent (synteny)
OG01878,OG03392,4,operon-adjacent (synteny)
OG01877,OG14849,4,operon-adjacent (synteny)
OG00045,OG00573,4,operon-adjacent (synteny)
OG00099,OG01645,4,operon-adjacent (synteny)
OG00163,OG14798,4,operon-adjacent (synteny)
OG00099,OG01493,4,operon-adjacent (synteny)
OG00162,OG00619,4,operon-adjacent (synteny)
OG01885,OG10336,4,operon-adjacent (synteny)
OG00162,OG02266,4,operon-adjacent (synteny)
OG00162,OG03343,4,operon-adjacent (synteny)
OG01885,OG02115,4,operon-adjacent (synteny)
OG01884,OG04993,4,operon-adjacent (synteny)
OG01369,OG02450,4,operon-adjacent (synteny)
OG00156,OG14859,4,operon-adjacent (synteny)
OG00156,OG15152,4,operon-adjacent (synteny)
OG00156,OG16646,4,operon-adjacent (synteny)
OG01883,OG13486,4,operon-adjacent (synteny)
OG01365,OG05816,4,operon-adjacent (synteny)
OG01882,OG11380,4,operon-adjacent (synteny)
OG01365,OG06548,4,operon-adjacent (synteny)
OG01881,OG15804,4,operon-adjacent (synteny)
OG01365,OG11545,4,operon-adjacent (synteny)
OG01890,OG06018,4,operon-adjacent (synteny)
OG01365,OG12942,4,operon-adjacent (synteny)
OG00156,OG13672,4,operon-adjacent (synteny)
OG01369,OG05956,4,operon-adjacent (synteny)
OG00045,OG04584,4,operon-adjacent (synteny)
OG02148,OG13635,4,operon-adjacent (synteny)
OG00045,OG05226,4,operon-adjacent (synteny)
OG00045,OG02210,4,operon-adjacent (synteny)
OG02144,OG05473,4,operon-adjacent (synteny)
OG01392,OG03423,4,operon-adjacent (synteny)
OG02159,OG02717,4,operon-adjacent (synteny)
OG02158,OG16713,4,operon-adjacent (synteny)
OG01393,OG04439,4,operon-adjacent (synteny)
OG02157,OG05778,4,operon-adjacent (synteny)
OG01877,OG04583,4,operon-adjacent (synteny)
OG00151,OG12982,4,operon-adjacent (synteny)
OG00074,OG01767,4,operon-adjacent (synteny)
OG00151,OG09079,4,operon-adjacent (synteny)
OG01379,OG13543,4,operon-adjacent (synteny)
OG01380,OG02240,4,operon-adjacent (synteny)
OG00151,OG02648,4,operon-adjacent (synteny)
OG02737,OG11409,4,operon-adjacent (synteny)
OG00074,OG00862,4,operon-adjacent (synteny)
OG00074,OG00850,4,operon-adjacent (synteny)
OG02738,OG05978,4,operon-adjacent (synteny)
OG02743,OG05562,4,operon-adjacent (synteny)
OG02157,OG05228,4,operon-adjacent (synteny)
OG01379,OG01422,4,operon-adjacent (synteny)
OG01876,OG14117,4,operon-adjacent (synteny)
OG01379,OG02184,4,operon-adjacent (synteny)
OG00099,OG00617,4,operon-adjacent (synteny)
OG00099,OG00605,4,operon-adjacent (synteny)
OG00099,OG00502,4,operon-adjacent (synteny)
OG00099,OG00372,4,operon-adjacent (synteny)
OG00153,OG14806,4,operon-adjacent (synteny)
OG00155,OG14884,4,operon-adjacent (synteny)
OG00156,OG00194,4,operon-adjacent (synteny)
OG00156,OG00208,4,operon-adjacent (synteny)
OG00045,OG03104,4,operon-adjacent (synteny)
OG01371,OG05933,4,operon-adjacent (synteny)
OG01376,OG04901,4,operon-adjacent (synteny)
OG01376,OG15181,4,operon-adjacent (synteny)
OG01377,OG01691,4,operon-adjacent (synteny)
OG02758,OG05831,4,operon-adjacent (synteny)
OG02758,OG10429,4,operon-adjacent (synteny)
OG02154,OG05568,4,operon-adjacent (synteny)
OG02751,OG04742,4,operon-adjacent (synteny)
OG02754,OG02788,4,operon-adjacent (synteny)
OG02154,OG05399,4,operon-adjacent (synteny)
OG02754,OG05356,4,operon-adjacent (synteny)
OG01371,OG02384,4,operon-adjacent (synteny)
OG02227,OG02745,4,operon-adjacent (synteny)
OG00143,OG02205,4,operon-adjacent (synteny)
OG02221,OG03652,4,operon-adjacent (synteny)
OG00143,OG02225,4,operon-adjacent (synteny)
OG00143,OG02942,4,operon-adjacent (synteny)
OG00071,OG06731,4,operon-adjacent (synteny)
OG00071,OG03974,4,operon-adjacent (synteny)
OG00143,OG01851,4,operon-adjacent (synteny)
OG00143,OG01897,4,operon-adjacent (synteny)
OG02564,OG05435,4,operon-adjacent (synteny)
OG02173,OG02346,4,operon-adjacent (synteny)
OG02230,OG05463,4,operon-adjacent (synteny)
OG02229,OG04167,4,operon-adjacent (synteny)
OG02545,OG06001,4,operon-adjacent (synteny)
OG02550,OG11361,4,operon-adjacent (synteny)
OG02227,OG15123,4,operon-adjacent (synteny)
OG02235,OG02272,4,operon-adjacent (synteny)
OG02534,OG15244,4,operon-adjacent (synteny)
OG02540,OG09955,4,operon-adjacent (synteny)
OG01511,OG03468,4,operon-adjacent (synteny)
OG02231,OG14483,4,operon-adjacent (synteny)
OG02231,OG11574,4,operon-adjacent (synteny)
OG02566,OG15326,4,operon-adjacent (synteny)
OG00143,OG05263,4,operon-adjacent (synteny)
OG00101,OG01780,4,operon-adjacent (synteny)
OG00143,OG06852,4,operon-adjacent (synteny)
OG00143,OG09267,4,operon-adjacent (synteny)
OG01804,OG13670,4,operon-adjacent (synteny)
OG00143,OG03957,4,operon-adjacent (synteny)
OG00143,OG04104,4,operon-adjacent (synteny)
OG02579,OG15101,4,operon-adjacent (synteny)
OG02581,OG03824,4,operon-adjacent (synteny)
OG02581,OG05397,4,operon-adjacent (synteny)
OG00143,OG03023,4,operon-adjacent (synteny)
OG01804,OG04763,4,operon-adjacent (synteny)
OG01809,OG01956,4,operon-adjacent (synteny)
OG02576,OG14442,4,operon-adjacent (synteny)
OG01805,OG02325,4,operon-adjacent (synteny)
OG00053,OG01565,4,operon-adjacent (synteny)
OG00053,OG00711,4,operon-adjacent (synteny)
OG00053,OG00729,4,operon-adjacent (synteny)
OG00053,OG00762,4,operon-adjacent (synteny)
OG00143,OG03539,4,operon-adjacent (synteny)
OG01493,OG01592,4,operon-adjacent (synteny)
OG00071,OG01445,4,operon-adjacent (synteny)
OG02574,OG05939,4,operon-adjacent (synteny)
OG02520,OG10188,4,operon-adjacent (synteny)
OG02521,OG03217,4,operon-adjacent (synteny)
OG00053,OG05839,4,operon-adjacent (synteny)
OG01785,OG03425,4,operon-adjacent (synteny)
OG00053,OG11223,4,operon-adjacent (synteny)
OG00053,OG13398,4,operon-adjacent (synteny)
OG00053,OG14899,4,operon-adjacent (synteny)
OG01784,OG02990,4,operon-adjacent (synteny)
OG01799,OG14920,4,operon-adjacent (synteny)
OG01794,OG01963,4,operon-adjacent (synteny)
OG00102,OG02324,4,operon-adjacent (synteny)
OG01763,OG05099,4,operon-adjacent (synteny)
OG01762,OG14984,4,operon-adjacent (synteny)
OG01762,OG02609,4,operon-adjacent (synteny)
OG00143,OG01602,4,operon-adjacent (synteny)
OG01513,OG11658,4,operon-adjacent (synteny)
OG01775,OG03402,4,operon-adjacent (synteny)
OG01515,OG02521,4,operon-adjacent (synteny)
OG01767,OG02332,4,operon-adjacent (synteny)
OG01516,OG02698,4,operon-adjacent (synteny)
OG01780,OG04038,4,operon-adjacent (synteny)
OG00143,OG00970,4,operon-adjacent (synteny)
OG01518,OG02311,4,operon-adjacent (synteny)
OG01509,OG02810,4,operon-adjacent (synteny)
OG01509,OG03042,4,operon-adjacent (synteny)
OG00102,OG00684,4,operon-adjacent (synteny)
OG01509,OG06201,4,operon-adjacent (synteny)
OG01509,OG12649,4,operon-adjacent (synteny)
OG01509,OG13532,4,operon-adjacent (synteny)
OG00102,OG00402,4,operon-adjacent (synteny)
OG01505,OG04651,4,operon-adjacent (synteny)
OG01509,OG02037,4,operon-adjacent (synteny)
OG01509,OG02605,4,operon-adjacent (synteny)
OG01493,OG14971,4,operon-adjacent (synteny)
OG02516,OG05401,4,operon-adjacent (synteny)
OG01497,OG09095,4,operon-adjacent (synteny)
OG01500,OG05472,4,operon-adjacent (synteny)
OG02524,OG06009,4,operon-adjacent (synteny)
OG00102,OG03306,4,operon-adjacent (synteny)
OG02530,OG02850,4,operon-adjacent (synteny)
OG02533,OG06049,4,operon-adjacent (synteny)
OG00053,OG15218,4,operon-adjacent (synteny)
OG00054,OG01603,4,operon-adjacent (synteny)
OG00054,OG01915,4,operon-adjacent (synteny)
OG01791,OG05998,4,operon-adjacent (synteny)
OG02514,OG14800,4,operon-adjacent (synteny)
OG01782,OG15443,4,operon-adjacent (synteny)
OG01810,OG02607,4,operon-adjacent (synteny)
OG01809,OG04912,4,operon-adjacent (synteny)
OG00047,OG05022,4,operon-adjacent (synteny)
OG00047,OG05146,4,operon-adjacent (synteny)
OG00048,OG15487,4,operon-adjacent (synteny)
OG01823,OG01938,4,operon-adjacent (synteny)
OG00049,OG00079,4,operon-adjacent (synteny)
OG01822,OG05316,4,operon-adjacent (synteny)
OG00146,OG01073,4,operon-adjacent (synteny)
OG01443,OG06117,4,operon-adjacent (synteny)
OG01476,OG05602,4,operon-adjacent (synteny)
OG01820,OG15054,4,operon-adjacent (synteny)
OG01443,OG14510,4,operon-adjacent (synteny)
OG01443,OG15509,4,operon-adjacent (synteny)
OG00143,OG15337,4,operon-adjacent (synteny)
OG00143,OG16622,4,operon-adjacent (synteny)
OG01829,OG05746,4,operon-adjacent (synteny)
OG00144,OG14875,4,operon-adjacent (synteny)
OG00143,OG12273,4,operon-adjacent (synteny)
OG00143,OG12342,4,operon-adjacent (synteny)
OG00143,OG12497,4,operon-adjacent (synteny)
OG00143,OG14969,4,operon-adjacent (synteny)
OG01443,OG14442,4,operon-adjacent (synteny)
OG01436,OG01802,4,operon-adjacent (synteny)
OG00148,OG00977,4,operon-adjacent (synteny)
OG00148,OG01022,4,operon-adjacent (synteny)
OG00074,OG00569,4,operon-adjacent (synteny)
OG02188,OG14903,4,operon-adjacent (synteny)
OG00148,OG04317,4,operon-adjacent (synteny)
OG00148,OG04731,4,operon-adjacent (synteny)
OG02188,OG09211,4,operon-adjacent (synteny)
OG02188,OG05914,4,operon-adjacent (synteny)
OG00146,OG13576,4,operon-adjacent (synteny)
OG02637,OG05688,4,operon-adjacent (synteny)
OG00147,OG00798,4,operon-adjacent (synteny)
OG02637,OG14960,4,operon-adjacent (synteny)
OG02639,OG02661,4,operon-adjacent (synteny)
OG02641,OG05898,4,operon-adjacent (synteny)
OG02179,OG02649,4,operon-adjacent (synteny)
OG01818,OG02990,4,operon-adjacent (synteny)
OG02645,OG02832,4,operon-adjacent (synteny)
OG00052,OG03091,4,operon-adjacent (synteny)
OG02634,OG06029,4,operon-adjacent (synteny)
OG02635,OG15253,4,operon-adjacent (synteny)
OG01811,OG02746,4,operon-adjacent (synteny)
OG00146,OG16862,4,operon-adjacent (synteny)
OG02608,OG06078,4,operon-adjacent (synteny)
OG02618,OG04601,4,operon-adjacent (synteny)
OG02618,OG05983,4,operon-adjacent (synteny)
OG02209,OG05564,4,operon-adjacent (synteny)
OG02208,OG02560,4,operon-adjacent (synteny)
OG02608,OG03985,4,operon-adjacent (synteny)
OG02583,OG04523,4,operon-adjacent (synteny)
OG00071,OG00975,4,operon-adjacent (synteny)
OG00071,OG00762,4,operon-adjacent (synteny)
OG02590,OG05752,4,operon-adjacent (synteny)
OG01439,OG05226,4,operon-adjacent (synteny)
OG02220,OG02426,4,operon-adjacent (synteny)
OG02219,OG05876,4,operon-adjacent (synteny)
OG00101,OG00936,4,operon-adjacent (synteny)
OG02598,OG02602,4,operon-adjacent (synteny)
OG01477,OG02763,4,operon-adjacent (synteny)
OG01478,OG06064,4,operon-adjacent (synteny)
OG00101,OG00135,4,operon-adjacent (synteny)
OG01473,OG15045,4,operon-adjacent (synteny)
OG01473,OG16822,4,operon-adjacent (synteny)
OG00101,OG05886,4,operon-adjacent (synteny)
OG01476,OG02719,4,operon-adjacent (synteny)
OG02220,OG05397,4,operon-adjacent (synteny)
OG01439,OG07257,4,operon-adjacent (synteny)
OG01439,OG09205,4,operon-adjacent (synteny)
OG01439,OG14996,4,operon-adjacent (synteny)
OG01834,OG02985,4,operon-adjacent (synteny)
OG01834,OG02753,4,operon-adjacent (synteny)
OG01833,OG02119,4,operon-adjacent (synteny)
OG01470,OG01922,4,operon-adjacent (synteny)
OG01473,OG01901,4,operon-adjacent (synteny)
OG00143,OG03754,4,operon-adjacent (synteny)
OG01461,OG02795,4,operon-adjacent (synteny)
OG01830,OG11930,4,operon-adjacent (synteny)
OG00047,OG04919,4,operon-adjacent (synteny)
OG02199,OG03496,4,operon-adjacent (synteny)
OG01465,OG10491,4,operon-adjacent (synteny)
OG02206,OG03440,4,operon-adjacent (synteny)
OG02204,OG02219,4,operon-adjacent (synteny)
OG02203,OG03127,4,operon-adjacent (synteny)
OG02214,OG03788,4,operon-adjacent (synteny)
OG02213,OG05867,4,operon-adjacent (synteny)
OG02213,OG05863,4,operon-adjacent (synteny)
OG01447,OG04416,4,operon-adjacent (synteny)
OG02624,OG04108,4,operon-adjacent (synteny)
OG00047,OG04898,4,operon-adjacent (synteny)
OG01463,OG03303,4,operon-adjacent (synteny)
OG00684,OG01952,4,operon-adjacent (synteny)
OG00684,OG02064,4,operon-adjacent (synteny)
OG00684,OG05115,4,operon-adjacent (synteny)
OG00684,OG15086,4,operon-adjacent (synteny)
OG00685,OG02544,4,operon-adjacent (synteny)
OG09984,OG13442,4,operon-adjacent (synteny)
OG09897,OG10183,4,operon-adjacent (synteny)
OG09882,OG10247,4,operon-adjacent (synteny)
OG09738,OG10069,4,operon-adjacent (synteny)
OG09795,OG10235,4,operon-adjacent (synteny)
OG09708,OG10050,4,operon-adjacent (synteny)
OG09561,OG10229,4,operon-adjacent (synteny)
OG09585,OG10232,4,operon-adjacent (synteny)
OG09660,OG10088,4,operon-adjacent (synteny)
OG00231,OG01856,4,operon-adjacent (synteny)
OG00699,OG09228,4,operon-adjacent (synteny)
OG00693,OG14793,4,operon-adjacent (synteny)
OG00693,OG15290,4,operon-adjacent (synteny)
OG00697,OG14915,4,operon-adjacent (synteny)
OG00698,OG01876,4,operon-adjacent (synteny)
OG00369,OG03443,4,operon-adjacent (synteny)
OG00370,OG14496,4,operon-adjacent (synteny)
OG00691,OG05022,4,operon-adjacent (synteny)
OG00368,OG00431,4,operon-adjacent (synteny)
OG00368,OG01300,4,operon-adjacent (synteny)
OG00368,OG09158,4,operon-adjacent (synteny)
OG00368,OG10734,4,operon-adjacent (synteny)
OG09474,OG10256,4,operon-adjacent (synteny)
OG09478,OG15723,4,operon-adjacent (synteny)
OG09480,OG15981,4,operon-adjacent (synteny)
OG09513,OG09874,4,operon-adjacent (synteny)
OG10694,OG12181,4,operon-adjacent (synteny)
OG10453,OG10598,4,operon-adjacent (synteny)
OG10202,OG13537,4,operon-adjacent (synteny)
OG10333,OG10350,4,operon-adjacent (synteny)
OG10422,OG10697,4,operon-adjacent (synteny)
OG00679,OG00988,4,operon-adjacent (synteny)
OG00683,OG01164,4,operon-adjacent (synteny)
OG00380,OG00515,4,operon-adjacent (synteny)
OG00378,OG00666,4,operon-adjacent (synteny)
OG00378,OG01602,4,operon-adjacent (synteny)
OG00379,OG01183,4,operon-adjacent (synteny)
OG00379,OG02718,4,operon-adjacent (synteny)
OG00373,OG00674,4,operon-adjacent (synteny)
OG00373,OG01053,4,operon-adjacent (synteny)
OG00686,OG01730,4,operon-adjacent (synteny)
OG00376,OG11597,4,operon-adjacent (synteny)
OG00377,OG05147,4,operon-adjacent (synteny)
OG00377,OG07514,4,operon-adjacent (synteny)
OG00688,OG11560,4,operon-adjacent (synteny)
OG00689,OG11984,4,operon-adjacent (synteny)
OG00366,OG06711,4,operon-adjacent (synteny)
OG00366,OG15483,4,operon-adjacent (synteny)
OG00686,OG02875,4,operon-adjacent (synteny)
OG00686,OG11418,4,operon-adjacent (synteny)
OG00687,OG02378,4,operon-adjacent (synteny)
OG00685,OG03850,4,operon-adjacent (synteny)
OG00685,OG04584,4,operon-adjacent (synteny)
OG00685,OG05676,4,operon-adjacent (synteny)
OG00685,OG05882,4,operon-adjacent (synteny)
OG00686,OG01457,4,operon-adjacent (synteny)
OG00373,OG01403,4,operon-adjacent (synteny)
OG08807,OG10291,4,operon-adjacent (synteny)
OG08807,OG14970,4,operon-adjacent (synteny)
OG00017,OG04915,4,operon-adjacent (synteny)
OG00017,OG04957,4,operon-adjacent (synteny)
OG00710,OG02065,4,operon-adjacent (synteny)
OG00711,OG00711,4,operon-adjacent (synteny)
OG00711,OG00762,4,operon-adjacent (synteny)
OG00363,OG15305,4,operon-adjacent (synteny)
OG00363,OG03238,4,operon-adjacent (synteny)
OG00363,OG03631,4,operon-adjacent (synteny)
OG00363,OG03665,4,operon-adjacent (synteny)
OG00363,OG03993,4,operon-adjacent (synteny)
OG00363,OG04710,4,operon-adjacent (synteny)
OG00363,OG05064,4,operon-adjacent (synteny)
OG09249,OG12902,4,operon-adjacent (synteny)
OG00363,OG00847,4,operon-adjacent (synteny)
OG00363,OG03135,4,operon-adjacent (synteny)
OG08410,OG08592,4,operon-adjacent (synteny)
OG08655,OG08892,4,operon-adjacent (synteny)
OG08214,OG08420,4,operon-adjacent (synteny)
OG07629,OG07629,4,operon-adjacent (synteny)
OG08099,OG12497,4,operon-adjacent (synteny)
OG08099,OG14900,4,operon-adjacent (synteny)
OG08176,OG08180,4,operon-adjacent (synteny)
OG07323,OG07987,4,operon-adjacent (synteny)
OG07587,OG07856,4,operon-adjacent (synteny)
OG00712,OG06630,4,operon-adjacent (synteny)
OG00712,OG15487,4,operon-adjacent (synteny)
OG00714,OG16835,4,operon-adjacent (synteny)
OG00361,OG01617,4,operon-adjacent (synteny)
OG00363,OG05965,4,operon-adjacent (synteny)
OG09252,OG14884,4,operon-adjacent (synteny)
OG09279,OG09450,4,operon-adjacent (synteny)
OG09204,OG14322,4,operon-adjacent (synteny)
OG09205,OG13690,4,operon-adjacent (synteny)
OG09208,OG15315,4,operon-adjacent (synteny)
OG09211,OG14903,4,operon-adjacent (synteny)
OG09222,OG15127,4,operon-adjacent (synteny)
OG09154,OG12245,4,operon-adjacent (synteny)
OG09203,OG14860,4,operon-adjacent (synteny)
OG00703,OG00916,4,operon-adjacent (synteny)
OG00703,OG02602,4,operon-adjacent (synteny)
OG00703,OG03054,4,operon-adjacent (synteny)
OG00703,OG05943,4,operon-adjacent (synteny)
OG00701,OG02002,4,operon-adjacent (synteny)
OG00018,OG05597,4,operon-adjacent (synteny)
OG00702,OG01517,4,operon-adjacent (synteny)
OG00702,OG15343,4,operon-adjacent (synteny)
OG00366,OG04590,4,operon-adjacent (synteny)
OG00366,OG06460,4,operon-adjacent (synteny)
OG00700,OG00843,4,operon-adjacent (synteny)
OG00363,OG16890,4,operon-adjacent (synteny)
OG00364,OG05630,4,operon-adjacent (synteny)
OG00365,OG02738,4,operon-adjacent (synteny)
OG00366,OG01630,4,operon-adjacent (synteny)
OG09110,OG11103,4,operon-adjacent (synteny)
OG08928,OG14658,4,operon-adjacent (synteny)
OG09047,OG09968,4,operon-adjacent (synteny)
OG00017,OG05235,4,operon-adjacent (synteny)
OG00017,OG06567,4,operon-adjacent (synteny)
OG00018,OG01631,4,operon-adjacent (synteny)
OG00701,OG05428,4,operon-adjacent (synteny)
OG00636,OG01045,4,operon-adjacent (synteny)
OG00391,OG12897,4,operon-adjacent (synteny)
OG00634,OG05926,4,operon-adjacent (synteny)
OG00391,OG04528,4,operon-adjacent (synteny)
OG11385,OG11735,4,operon-adjacent (synteny)
OG11428,OG11656,4,operon-adjacent (synteny)
OG00013,OG00192,4,operon-adjacent (synteny)
OG00013,OG03771,4,operon-adjacent (synteny)
OG00013,OG15125,4,operon-adjacent (synteny)
OG11358,OG14951,4,operon-adjacent (synteny)
OG11358,OG15502,4,operon-adjacent (synteny)
OG00013,OG00034,4,operon-adjacent (synteny)
OG11319,OG11430,4,operon-adjacent (synteny)
OG11331,OG14632,4,operon-adjacent (synteny)
OG10650,OG14990,4,operon-adjacent (synteny)
OG00650,OG00833,4,operon-adjacent (synteny)
OG00650,OG02368,4,operon-adjacent (synteny)
OG00650,OG05381,4,operon-adjacent (synteny)
OG00391,OG01026,4,operon-adjacent (synteny)
OG00391,OG01136,4,operon-adjacent (synteny)
OG00646,OG15502,4,operon-adjacent (synteny)
OG00387,OG00798,4,operon-adjacent (synteny)
OG00387,OG01930,4,operon-adjacent (synteny)
OG00389,OG03598,4,operon-adjacent (synteny)
OG00389,OG05361,4,operon-adjacent (synteny)
OG00646,OG15133,4,operon-adjacent (synteny)
OG00386,OG01679,4,operon-adjacent (synteny)
OG11299,OG15471,4,operon-adjacent (synteny)
OG00016,OG00646,4,operon-adjacent (synteny)
OG00016,OG00961,4,operon-adjacent (synteny)
OG00648,OG03635,4,operon-adjacent (synteny)
OG00009,OG01588,4,operon-adjacent (synteny)
OG11603,OG16640,4,operon-adjacent (synteny)
OG11610,OG17004,4,operon-adjacent (synteny)
OG00007,OG15026,4,operon-adjacent (synteny)
OG00009,OG00711,4,operon-adjacent (synteny)
OG00624,OG16159,4,operon-adjacent (synteny)
OG00627,OG11529,4,operon-adjacent (synteny)
OG00398,OG04969,4,operon-adjacent (synteny)
OG00398,OG05675,4,operon-adjacent (synteny)
OG00624,OG15157,4,operon-adjacent (synteny)
OG00398,OG04649,4,operon-adjacent (synteny)
OG00397,OG01394,4,operon-adjacent (synteny)
OG11577,OG11745,4,operon-adjacent (synteny)
OG00006,OG01679,4,operon-adjacent (synteny)
OG00395,OG06446,4,operon-adjacent (synteny)
OG00006,OG01940,4,operon-adjacent (synteny)
OG00006,OG03006,4,operon-adjacent (synteny)
OG11517,OG17033,4,operon-adjacent (synteny)
OG11500,OG16862,4,operon-adjacent (synteny)
OG11513,OG16387,4,operon-adjacent (synteny)
OG11434,OG11470,4,operon-adjacent (synteny)
OG11445,OG16664,4,operon-adjacent (synteny)
OG11447,OG16206,4,operon-adjacent (synteny)
OG11480,OG12169,4,operon-adjacent (synteny)
OG00636,OG15112,4,operon-adjacent (synteny)
OG00636,OG15298,4,operon-adjacent (synteny)
OG00637,OG00856,4,operon-adjacent (synteny)
OG00642,OG16795,4,operon-adjacent (synteny)
OG00643,OG01619,4,operon-adjacent (synteny)
OG00395,OG00944,4,operon-adjacent (synteny)
OG00006,OG01829,4,operon-adjacent (synteny)
OG00666,OG05608,4,operon-adjacent (synteny)
OG00666,OG09301,4,operon-adjacent (synteny)
OG00666,OG14617,4,operon-adjacent (synteny)
OG00666,OG00963,4,operon-adjacent (synteny)
OG00666,OG01070,4,operon-adjacent (synteny)
OG00666,OG02104,4,operon-adjacent (synteny)
OG00016,OG01803,4,operon-adjacent (synteny)
OG00016,OG02210,4,operon-adjacent (synteny)
OG00016,OG02449,4,operon-adjacent (synteny)
OG00016,OG02655,4,operon-adjacent (synteny)
OG10959,OG11779,4,operon-adjacent (synteny)
OG11103,OG11111,4,operon-adjacent (synteny)
OG00676,OG01586,4,operon-adjacent (synteny)
OG00668,OG01328,4,operon-adjacent (synteny)
OG00016,OG00975,4,operon-adjacent (synteny)
OG00668,OG05431,4,operon-adjacent (synteny)
OG00669,OG00904,4,operon-adjacent (synteny)
OG00670,OG01181,4,operon-adjacent (synteny)
OG00384,OG15264,4,operon-adjacent (synteny)
OG00386,OG01113,4,operon-adjacent (synteny)
OG00386,OG01400,4,operon-adjacent (synteny)
OG00380,OG12353,4,operon-adjacent (synteny)
OG00381,OG02250,4,operon-adjacent (synteny)
OG00381,OG02709,4,operon-adjacent (synteny)
OG00382,OG01365,4,operon-adjacent (synteny)
OG10694,OG12282,4,operon-adjacent (synteny)
OG10735,OG10841,4,operon-adjacent (synteny)
OG10563,OG14860,4,operon-adjacent (synteny)
OG10625,OG16066,4,operon-adjacent (synteny)
OG10630,OG12940,4,operon-adjacent (synteny)
OG00668,OG03315,4,operon-adjacent (synteny)
OG00016,OG01184,4,operon-adjacent (synteny)
OG00016,OG00194,4,operon-adjacent (synteny)
OG00016,OG00329,4,operon-adjacent (synteny)
OG00015,OG00923,4,operon-adjacent (synteny)
OG00016,OG00071,4,operon-adjacent (synteny)
OG00662,OG01305,4,operon-adjacent (synteny)
OG00662,OG14746,4,operon-adjacent (synteny)
OG00660,OG02537,4,operon-adjacent (synteny)
OG00660,OG04689,4,operon-adjacent (synteny)
OG00655,OG02540,4,operon-adjacent (synteny)
OG00658,OG01173,4,operon-adjacent (synteny)
OG00650,OG06600,4,operon-adjacent (synteny)
OG00650,OG16808,4,operon-adjacent (synteny)
OG00654,OG01307,4,operon-adjacent (synteny)
OG00654,OG01454,4,operon-adjacent (synteny)
OG00667,OG05926,4,operon-adjacent (synteny)
OG11229,OG14765,4,operon-adjacent (synteny)
OG11229,OG15135,4,operon-adjacent (synteny)
OG11234,OG16743,4,operon-adjacent (synteny)
OG00017,OG00143,4,operon-adjacent (synteny)
OG00016,OG03724,4,operon-adjacent (synteny)
OG00016,OG06220,4,operon-adjacent (synteny)
OG00016,OG13453,4,operon-adjacent (synteny)
OG00016,OG14908,4,operon-adjacent (synteny)
OG00667,OG13612,4,operon-adjacent (synteny)
OG00667,OG13711,4,operon-adjacent (synteny)
OG00667,OG13735,4,operon-adjacent (synteny)
OG00380,OG04215,4,operon-adjacent (synteny)
OG00667,OG00727,4,operon-adjacent (synteny)
OG00667,OG02174,4,operon-adjacent (synteny)
OG00667,OG02542,4,operon-adjacent (synteny)
OG11223,OG13222,4,operon-adjacent (synteny)
OG00346,OG15305,4,operon-adjacent (synteny)
OG00019,OG00745,4,operon-adjacent (synteny)
OG06513,OG06861,4,operon-adjacent (synteny)
OG06527,OG06540,4,operon-adjacent (synteny)
OG06481,OG06686,4,operon-adjacent (synteny)
OG06486,OG12514,4,operon-adjacent (synteny)
OG06490,OG14866,4,operon-adjacent (synteny)
OG06490,OG15231,4,operon-adjacent (synteny)
OG06492,OG14674,4,operon-adjacent (synteny)
OG06400,OG06434,4,operon-adjacent (synteny)
OG06400,OG06631,4,operon-adjacent (synteny)
OG06425,OG11315,4,operon-adjacent (synteny)
OG06427,OG16808,4,operon-adjacent (synteny)
OG06437,OG06716,4,operon-adjacent (synteny)
OG00361,OG02990,4,operon-adjacent (synteny)
OG00342,OG10679,4,operon-adjacent (synteny)
OG00342,OG14626,4,operon-adjacent (synteny)
OG00762,OG14939,4,operon-adjacent (synteny)
OG00770,OG01364,4,operon-adjacent (synteny)
OG00762,OG04930,4,operon-adjacent (synteny)
OG00762,OG05048,4,operon-adjacent (synteny)
OG00762,OG06102,4,operon-adjacent (synteny)
OG00762,OG03655,4,operon-adjacent (synteny)
OG00762,OG03804,4,operon-adjacent (synteny)
OG00762,OG04061,4,operon-adjacent (synteny)
OG06364,OG14872,4,operon-adjacent (synteny)
OG06390,OG13969,4,operon-adjacent (synteny)
OG06390,OG15052,4,operon-adjacent (synteny)
OG06341,OG15231,4,operon-adjacent (synteny)
OG06305,OG13483,4,operon-adjacent (synteny)
OG06445,OG06703,4,operon-adjacent (synteny)
OG00749,OG06530,4,operon-adjacent (synteny)
OG00749,OG15349,4,operon-adjacent (synteny)
OG00750,OG01719,4,operon-adjacent (synteny)
OG00752,OG01021,4,operon-adjacent (synteny)
OG00752,OG01217,4,operon-adjacent (synteny)
OG00745,OG01915,4,operon-adjacent (synteny)
OG00748,OG02100,4,operon-adjacent (synteny)
OG06607,OG09222,4,operon-adjacent (synteny)
OG06619,OG10226,4,operon-adjacent (synteny)
OG06631,OG14765,4,operon-adjacent (synteny)
OG06667,OG15525,4,operon-adjacent (synteny)
OG06578,OG14030,4,operon-adjacent (synteny)
OG06584,OG06611,4,operon-adjacent (synteny)
OG06591,OG15470,4,operon-adjacent (synteny)
OG00346,OG14959,4,operon-adjacent (synteny)
OG00019,OG00977,4,operon-adjacent (synteny)
OG06567,OG06704,4,operon-adjacent (synteny)
OG00019,OG00807,4,operon-adjacent (synteny)
OG00019,OG00843,4,operon-adjacent (synteny)
OG00019,OG00881,4,operon-adjacent (synteny)
OG00019,OG00891,4,operon-adjacent (synteny)
OG00019,OG00901,4,operon-adjacent (synteny)
OG00019,OG00920,4,operon-adjacent (synteny)
OG00762,OG01217,4,operon-adjacent (synteny)
OG00762,OG01506,4,operon-adjacent (synteny)
OG00762,OG02902,4,operon-adjacent (synteny)
OG00761,OG02884,4,operon-adjacent (synteny)
OG00762,OG00806,4,operon-adjacent (synteny)
OG00348,OG16776,4,operon-adjacent (synteny)
OG00346,OG06102,4,operon-adjacent (synteny)
OG06606,OG15136,4,operon-adjacent (synteny)
OG00780,OG14729,4,operon-adjacent (synteny)
OG00787,OG00850,4,operon-adjacent (synteny)
OG00787,OG02107,4,operon-adjacent (synteny)
OG00788,OG01358,4,operon-adjacent (synteny)
OG00337,OG11649,4,operon-adjacent (synteny)
OG00337,OG15180,4,operon-adjacent (synteny)
OG00330,OG13579,4,operon-adjacent (synteny)
OG00335,OG14828,4,operon-adjacent (synteny)
OG00779,OG09188,4,operon-adjacent (synteny)
OG00779,OG09261,4,operon-adjacent (synteny)
OG00779,OG13510,4,operon-adjacent (synteny)
OG00779,OG15122,4,operon-adjacent (synteny)
OG06093,OG15452,4,operon-adjacent (synteny)
OG06178,OG14315,4,operon-adjacent (synteny)
OG06272,OG06540,4,operon-adjacent (synteny)
OG06064,OG06138,4,operon-adjacent (synteny)
OG06013,OG06031,4,operon-adjacent (synteny)
OG06013,OG06156,4,operon-adjacent (synteny)
OG06047,OG16758,4,operon-adjacent (synteny)
OG05984,OG06114,4,operon-adjacent (synteny)
OG05989,OG06073,4,operon-adjacent (synteny)
OG05990,OG06091,4,operon-adjacent (synteny)
OG00798,OG02924,4,operon-adjacent (synteny)
OG00326,OG03187,4,operon-adjacent (synteny)
OG00326,OG03302,4,operon-adjacent (synteny)
OG00326,OG03790,4,operon-adjacent (synteny)
OG00796,OG05696,4,operon-adjacent (synteny)
OG00796,OG05898,4,operon-adjacent (synteny)
OG00797,OG12179,4,operon-adjacent (synteny)
OG00798,OG01930,4,operon-adjacent (synteny)
OG06063,OG06159,4,operon-adjacent (synteny)
OG06273,OG07036,4,operon-adjacent (synteny)
OG00776,OG00861,4,operon-adjacent (synteny)
OG00776,OG01756,4,operon-adjacent (synteny)
OG00776,OG05567,4,operon-adjacent (synteny)
OG00338,OG10423,4,operon-adjacent (synteny)
OG00772,OG05357,4,operon-adjacent (synteny)
OG00772,OG05717,4,operon-adjacent (synteny)
OG00773,OG04425,4,operon-adjacent (synteny)
OG00346,OG01830,4,operon-adjacent (synteny)
OG00346,OG02653,4,operon-adjacent (synteny)
OG00346,OG03300,4,operon-adjacent (synteny)
OG00772,OG01699,4,operon-adjacent (synteny)
OG00344,OG08327,4,operon-adjacent (synteny)
OG00345,OG01883,4,operon-adjacent (synteny)
OG00345,OG03264,4,operon-adjacent (synteny)
OG00019,OG01035,4,operon-adjacent (synteny)
OG00779,OG01018,4,operon-adjacent (synteny)
OG00342,OG00428,4,operon-adjacent (synteny)
OG00342,OG00528,4,operon-adjacent (synteny)
OG00342,OG00650,4,operon-adjacent (synteny)
OG00339,OG14668,4,operon-adjacent (synteny)
OG06248,OG11759,4,operon-adjacent (synteny)
OG06260,OG15135,4,operon-adjacent (synteny)
OG06268,OG06462,4,operon-adjacent (synteny)
OG06270,OG06653,4,operon-adjacent (synteny)
OG06236,OG06362,4,operon-adjacent (synteny)
OG06236,OG06653,4,operon-adjacent (synteny)
OG00019,OG01133,4,operon-adjacent (synteny)
OG00019,OG01240,4,operon-adjacent (synteny)
OG00019,OG01328,4,operon-adjacent (synteny)
OG06210,OG16360,4,operon-adjacent (synteny)
OG00779,OG03257,4,operon-adjacent (synteny)
OG00361,OG06078,4,operon-adjacent (synteny)
OG00721,OG03103,4,operon-adjacent (synteny)
OG00722,OG13217,4,operon-adjacent (synteny)
OG00361,OG01162,4,operon-adjacent (synteny)
OG00721,OG00885,4,operon-adjacent (synteny)
OG00721,OG01398,4,operon-adjacent (synteny)
OG00355,OG13600,4,operon-adjacent (synteny)
OG00355,OG15459,4,operon-adjacent (synteny)
OG00359,OG00725,4,operon-adjacent (synteny)
OG00359,OG01678,4,operon-adjacent (synteny)
OG00361,OG00426,4,operon-adjacent (synteny)
OG00361,OG00502,4,operon-adjacent (synteny)
OG00718,OG14622,4,operon-adjacent (synteny)
OG00355,OG13224,4,operon-adjacent (synteny)
OG00749,OG01809,4,operon-adjacent (synteny)
OG06945,OG11411,4,operon-adjacent (synteny)
OG06949,OG15352,4,operon-adjacent (synteny)
OG00019,OG00401,4,operon-adjacent (synteny)
OG00019,OG00414,4,operon-adjacent (synteny)
OG06905,OG16640,4,operon-adjacent (synteny)
OG06926,OG06926,4,operon-adjacent (synteny)
OG00019,OG00322,4,operon-adjacent (synteny)
OG00019,OG00337,4,operon-adjacent (synteny)
OG00019,OG00342,4,operon-adjacent (synteny)
OG00019,OG00364,4,operon-adjacent (synteny)
OG06887,OG15387,4,operon-adjacent (synteny)
OG00019,OG00299,4,operon-adjacent (synteny)
OG00729,OG03925,4,operon-adjacent (synteny)
OG00729,OG05275,4,operon-adjacent (synteny)
OG00731,OG01417,4,operon-adjacent (synteny)
OG06932,OG07070,4,operon-adjacent (synteny)
OG00711,OG06495,4,operon-adjacent (synteny)
OG00711,OG06766,4,operon-adjacent (synteny)
OG00711,OG09103,4,operon-adjacent (synteny)
OG00711,OG13230,4,operon-adjacent (synteny)
OG00711,OG13487,4,operon-adjacent (synteny)
OG00711,OG14861,4,operon-adjacent (synteny)
OG00711,OG15037,4,operon-adjacent (synteny)
OG00712,OG02240,4,operon-adjacent (synteny)
OG00711,OG02002,4,operon-adjacent (synteny)
OG00711,OG01482,4,operon-adjacent (synteny)
OG00711,OG01819,4,operon-adjacent (synteny)
OG00711,OG01855,4,operon-adjacent (synteny)
OG07112,OG16883,4,operon-adjacent (synteny)
OG07219,OG07523,4,operon-adjacent (synteny)
OG00361,OG03492,4,operon-adjacent (synteny)
OG07064,OG14709,4,operon-adjacent (synteny)
OG00019,OG00236,4,operon-adjacent (synteny)
OG06965,OG14556,4,operon-adjacent (synteny)
OG00019,OG00115,4,operon-adjacent (synteny)
OG00718,OG02812,4,operon-adjacent (synteny)
OG00718,OG04747,4,operon-adjacent (synteny)
OG00718,OG05954,4,operon-adjacent (synteny)
OG00718,OG13664,4,operon-adjacent (synteny)
OG00715,OG14794,4,operon-adjacent (synteny)
OG00718,OG01623,4,operon-adjacent (synteny)
OG00718,OG01660,4,operon-adjacent (synteny)
OG00361,OG10672,4,operon-adjacent (synteny)
OG00361,OG14825,4,operon-adjacent (synteny)
OG00361,OG15308,4,operon-adjacent (synteny)
OG00361,OG03488,4,operon-adjacent (synteny)
OG07265,OG07514,4,operon-adjacent (synteny)
OG00019,OG00428,4,operon-adjacent (synteny)
OG06745,OG11691,4,operon-adjacent (synteny)
OG06757,OG15753,4,operon-adjacent (synteny)
OG06766,OG16883,4,operon-adjacent (synteny)
OG06770,OG14594,4,operon-adjacent (synteny)
OG06711,OG10694,4,operon-adjacent (synteny)
OG06722,OG15464,4,operon-adjacent (synteny)
OG06723,OG07067,4,operon-adjacent (synteny)
OG06726,OG06750,4,operon-adjacent (synteny)
OG06679,OG15049,4,operon-adjacent (synteny)
OG06695,OG14618,4,operon-adjacent (synteny)
OG06702,OG15128,4,operon-adjacent (synteny)
OG00742,OG06811,4,operon-adjacent (synteny)
OG00743,OG05227,4,operon-adjacent (synteny)
OG00355,OG01701,4,operon-adjacent (synteny)
OG00355,OG00762,4,operon-adjacent (synteny)
OG00742,OG01240,4,operon-adjacent (synteny)
OG00742,OG06072,4,operon-adjacent (synteny)
OG00353,OG10868,4,operon-adjacent (synteny)
OG00353,OG14636,4,operon-adjacent (synteny)
OG00353,OG14733,4,operon-adjacent (synteny)
OG00355,OG00383,4,operon-adjacent (synteny)
OG00355,OG00686,4,operon-adjacent (synteny)
OG00742,OG01120,4,operon-adjacent (synteny)
OG00353,OG01271,4,operon-adjacent (synteny)
OG00353,OG01403,4,operon-adjacent (synteny)
OG00353,OG03467,4,operon-adjacent (synteny)
OG00757,OG15269,4,operon-adjacent (synteny)
OG00752,OG11767,4,operon-adjacent (synteny)
OG00754,OG13226,4,operon-adjacent (synteny)
OG00743,OG05611,4,operon-adjacent (synteny)
OG00727,OG13511,4,operon-adjacent (synteny)
OG00729,OG03729,4,operon-adjacent (synteny)
OG00727,OG03100,4,operon-adjacent (synteny)
OG00727,OG03104,4,operon-adjacent (synteny)
OG00727,OG04068,4,operon-adjacent (synteny)
OG00727,OG04829,4,operon-adjacent (synteny)
OG00727,OG04874,4,operon-adjacent (synteny)
OG00727,OG05005,4,operon-adjacent (synteny)
OG00725,OG15110,4,operon-adjacent (synteny)
OG00734,OG14643,4,operon-adjacent (synteny)
OG00736,OG03609,4,operon-adjacent (synteny)
OG00741,OG01249,4,operon-adjacent (synteny)
OG00731,OG03800,4,operon-adjacent (synteny)
OG00732,OG05325,4,operon-adjacent (synteny)
OG00734,OG04152,4,operon-adjacent (synteny)
OG00019,OG00424,4,operon-adjacent (synteny)
OG00355,OG05198,4,operon-adjacent (synteny)
OG00355,OG05775,4,operon-adjacent (synteny)
OG00355,OG01704,4,operon-adjacent (synteny)
OG00355,OG02059,4,operon-adjacent (synteny)
OG06834,OG07018,4,operon-adjacent (synteny)
OG06858,OG06898,4,operon-adjacent (synteny)
OG06860,OG16754,4,operon-adjacent (synteny)
OG06821,OG11731,4,operon-adjacent (synteny)
OG06834,OG06880,4,operon-adjacent (synteny)
OG00019,OG00701,4,operon-adjacent (synteny)
OG00019,OG00515,4,operon-adjacent (synteny)
OG00019,OG00548,4,operon-adjacent (synteny)
OG00019,OG00555,4,operon-adjacent (synteny)
OG00019,OG00564,4,operon-adjacent (synteny)
OG06776,OG14620,4,operon-adjacent (synteny)
OG00355,OG03473,4,operon-adjacent (synteny)
OG00514,OG14697,4,operon-adjacent (synteny)
OG00515,OG04969,4,operon-adjacent (synteny)
OG00516,OG00594,4,operon-adjacent (synteny)
OG00516,OG02203,4,operon-adjacent (synteny)
OG00513,OG14907,4,operon-adjacent (synteny)
OG00514,OG01339,4,operon-adjacent (synteny)
OG00513,OG02707,4,operon-adjacent (synteny)
OG00513,OG03331,4,operon-adjacent (synteny)
OG00513,OG04373,4,operon-adjacent (synteny)
OG00513,OG04398,4,operon-adjacent (synteny)
OG14706,OG14783,4,operon-adjacent (synteny)
OG14711,OG14826,4,operon-adjacent (synteny)
OG14711,OG15031,4,operon-adjacent (synteny)
OG14714,OG14914,4,operon-adjacent (synteny)
OG11648,OG14989,4,operon-adjacent (synteny)
OG14717,OG15137,4,operon-adjacent (synteny)
OG14719,OG15484,4,operon-adjacent (synteny)
OG14676,OG15175,4,operon-adjacent (synteny)
OG14676,OG15518,4,operon-adjacent (synteny)
OG14681,OG15199,4,operon-adjacent (synteny)
OG14690,OG15178,4,operon-adjacent (synteny)
OG14701,OG15290,4,operon-adjacent (synteny)
OG14703,OG14893,4,operon-adjacent (synteny)
OG14663,OG15037,4,operon-adjacent (synteny)
OG14663,OG15286,4,operon-adjacent (synteny)
OG14668,OG14725,4,operon-adjacent (synteny)
OG14642,OG15323,4,operon-adjacent (synteny)
OG00524,OG00573,4,operon-adjacent (synteny)
OG00524,OG00916,4,operon-adjacent (synteny)
OG00524,OG02465,4,operon-adjacent (synteny)
OG14714,OG15118,4,operon-adjacent (synteny)
OG14805,OG15148,4,operon-adjacent (synteny)
OG14805,OG15169,4,operon-adjacent (synteny)
OG14810,OG14973,4,operon-adjacent (synteny)
OG14818,OG15251,4,operon-adjacent (synteny)
OG14819,OG15367,4,operon-adjacent (synteny)
OG14768,OG15250,4,operon-adjacent (synteny)
OG14774,OG15133,4,operon-adjacent (synteny)
OG14774,OG15158,4,operon-adjacent (synteny)
OG14782,OG15306,4,operon-adjacent (synteny)
OG14751,OG14813,4,operon-adjacent (synteny)
OG14752,OG14808,4,operon-adjacent (synteny)
OG14755,OG14833,4,operon-adjacent (synteny)
OG14755,OG15439,4,operon-adjacent (synteny)
OG14720,OG15201,4,operon-adjacent (synteny)
OG00514,OG12663,4,operon-adjacent (synteny)
OG14727,OG15425,4,operon-adjacent (synteny)
OG14737,OG15340,4,operon-adjacent (synteny)
OG14745,OG14955,4,operon-adjacent (synteny)
OG00503,OG03955,4,operon-adjacent (synteny)
OG00505,OG13756,4,operon-adjacent (synteny)
OG00505,OG15309,4,operon-adjacent (synteny)
OG00502,OG11630,4,operon-adjacent (synteny)
OG00502,OG15721,4,operon-adjacent (synteny)
OG00503,OG00729,4,operon-adjacent (synteny)
OG00502,OG04492,4,operon-adjacent (synteny)
OG00501,OG05230,4,operon-adjacent (synteny)
OG00501,OG05700,4,operon-adjacent (synteny)
OG00501,OG06354,4,operon-adjacent (synteny)
OG00516,OG05756,4,operon-adjacent (synteny)
OG00428,OG13350,4,operon-adjacent (synteny)
OG14725,OG15446,4,operon-adjacent (synteny)
OG00428,OG03499,4,operon-adjacent (synteny)
OG00428,OG04774,4,operon-adjacent (synteny)
OG00528,OG05315,4,operon-adjacent (synteny)
OG00530,OG01725,4,operon-adjacent (synteny)
OG00427,OG01485,4,operon-adjacent (synteny)
OG00427,OG02319,4,operon-adjacent (synteny)
OG00428,OG02419,4,operon-adjacent (synteny)
OG00428,OG02601,4,operon-adjacent (synteny)
OG00426,OG01037,4,operon-adjacent (synteny)
OG00427,OG00589,4,operon-adjacent (synteny)
OG00542,OG04690,4,operon-adjacent (synteny)
OG00542,OG09450,4,operon-adjacent (synteny)
OG00543,OG01012,4,operon-adjacent (synteny)
OG00544,OG06860,4,operon-adjacent (synteny)
OG00524,OG14964,4,operon-adjacent (synteny)
OG00542,OG02406,4,operon-adjacent (synteny)
OG00533,OG03467,4,operon-adjacent (synteny)
OG00534,OG04292,4,operon-adjacent (synteny)
OG00534,OG05933,4,operon-adjacent (synteny)
OG00536,OG15439,4,operon-adjacent (synteny)
OG00537,OG00725,4,operon-adjacent (synteny)
OG00537,OG01409,4,operon-adjacent (synteny)
OG14331,OG16593,4,operon-adjacent (synteny)
OG14319,OG15472,4,operon-adjacent (synteny)
OG14326,OG14330,4,operon-adjacent (synteny)
OG14328,OG14346,4,operon-adjacent (synteny)
OG00555,OG03041,4,operon-adjacent (synteny)
OG00555,OG04114,4,operon-adjacent (synteny)
OG00555,OG04624,4,operon-adjacent (synteny)
OG00555,OG04840,4,operon-adjacent (synteny)
OG00541,OG00752,4,operon-adjacent (synteny)
OG00521,OG00783,4,operon-adjacent (synteny)
OG00522,OG03797,4,operon-adjacent (synteny)
OG00522,OG07265,4,operon-adjacent (synteny)
OG00433,OG01873,4,operon-adjacent (synteny)
OG00434,OG00844,4,operon-adjacent (synteny)
OG00434,OG02243,4,operon-adjacent (synteny)
OG00430,OG02795,4,operon-adjacent (synteny)
OG00431,OG05574,4,operon-adjacent (synteny)
OG14586,OG16718,4,operon-adjacent (synteny)
OG14627,OG15038,4,operon-adjacent (synteny)
OG14634,OG15172,4,operon-adjacent (synteny)
OG14642,OG14748,4,operon-adjacent (synteny)
OG14492,OG14497,4,operon-adjacent (synteny)
OG14497,OG14499,4,operon-adjacent (synteny)
OG14510,OG14892,4,operon-adjacent (synteny)
OG00428,OG03476,4,operon-adjacent (synteny)
OG14564,OG16319,4,operon-adjacent (synteny)
OG14460,OG14958,4,operon-adjacent (synteny)
OG14464,OG14482,4,operon-adjacent (synteny)
OG14466,OG14499,4,operon-adjacent (synteny)
OG14476,OG14627,4,operon-adjacent (synteny)
OG14476,OG15414,4,operon-adjacent (synteny)
OG14483,OG16836,4,operon-adjacent (synteny)
OG14372,OG14416,4,operon-adjacent (synteny)
OG14393,OG14428,4,operon-adjacent (synteny)
OG14460,OG14800,4,operon-adjacent (synteny)
OG00530,OG01807,4,operon-adjacent (synteny)
OG00531,OG03371,4,operon-adjacent (synteny)
OG00531,OG12628,4,operon-adjacent (synteny)
OG00428,OG02763,4,operon-adjacent (synteny)
OG00428,OG03034,4,operon-adjacent (synteny)
OG14533,OG15181,4,operon-adjacent (synteny)
OG00476,OG02052,4,operon-adjacent (synteny)
OG00478,OG04672,4,operon-adjacent (synteny)
OG00479,OG01171,4,operon-adjacent (synteny)
OG00479,OG02954,4,operon-adjacent (synteny)
OG00468,OG12296,4,operon-adjacent (synteny)
OG00474,OG04734,4,operon-adjacent (synteny)
OG00474,OG05306,4,operon-adjacent (synteny)
OG00474,OG05390,4,operon-adjacent (synteny)
OG00474,OG05718,4,operon-adjacent (synteny)
OG00465,OG06337,4,operon-adjacent (synteny)
OG00466,OG00880,4,operon-adjacent (synteny)
OG00468,OG00916,4,operon-adjacent (synteny)
OG00463,OG02622,4,operon-adjacent (synteny)
OG14965,OG15128,4,operon-adjacent (synteny)
OG14798,OG14940,4,operon-adjacent (synteny)
OG14972,OG15343,4,operon-adjacent (synteny)
OG14976,OG14996,4,operon-adjacent (synteny)
OG14976,OG15140,4,operon-adjacent (synteny)
OG14980,OG15162,4,operon-adjacent (synteny)
OG14983,OG15501,4,operon-adjacent (synteny)
OG14986,OG15246,4,operon-adjacent (synteny)
OG14950,OG15043,4,operon-adjacent (synteny)
OG14960,OG15509,4,operon-adjacent (synteny)
OG14965,OG15049,4,operon-adjacent (synteny)
OG00003,OG05480,4,operon-adjacent (synteny)
OG00003,OG06057,4,operon-adjacent (synteny)
OG00003,OG06871,4,operon-adjacent (synteny)
OG00003,OG09854,4,operon-adjacent (synteny)
OG14941,OG15426,4,operon-adjacent (synteny)
OG14941,OG15429,4,operon-adjacent (synteny)
OG14968,OG15167,4,operon-adjacent (synteny)
OG15031,OG15084,4,operon-adjacent (synteny)
OG00002,OG02404,4,operon-adjacent (synteny)
OG16896,OG16942,4,operon-adjacent (synteny)
OG16890,OG16913,4,operon-adjacent (synteny)
OG16875,OG16913,4,operon-adjacent (synteny)
OG15139,OG15143,4,operon-adjacent (synteny)
OG15154,OG15369,4,operon-adjacent (synteny)
OG15175,OG15307,4,operon-adjacent (synteny)
OG15054,OG15402,4,operon-adjacent (synteny)
OG15071,OG15537,4,operon-adjacent (synteny)
OG15088,OG15321,4,operon-adjacent (synteny)
OG15097,OG15328,4,operon-adjacent (synteny)
OG16351,OG16982,4,operon-adjacent (synteny)
OG15038,OG15208,4,operon-adjacent (synteny)
OG00474,OG15351,4,operon-adjacent (synteny)
OG15046,OG15209,4,operon-adjacent (synteny)
OG14989,OG15288,4,operon-adjacent (synteny)
OG15027,OG15314,4,operon-adjacent (synteny)
OG00474,OG01325,4,operon-adjacent (synteny)
OG00474,OG01551,4,operon-adjacent (synteny)
OG00474,OG01850,4,operon-adjacent (synteny)
OG00474,OG02507,4,operon-adjacent (synteny)
OG00474,OG04342,4,operon-adjacent (synteny)
OG00472,OG05763,4,operon-adjacent (synteny)
OG00473,OG01308,4,operon-adjacent (synteny)
OG00474,OG01200,4,operon-adjacent (synteny)
OG16264,OG16580,4,operon-adjacent (synteny)
OG00472,OG01075,4,operon-adjacent (synteny)
OG00472,OG01630,4,operon-adjacent (synteny)
OG15106,OG15199,4,operon-adjacent (synteny)
OG15043,OG15484,4,operon-adjacent (synteny)
OG14907,OG15523,4,operon-adjacent (synteny)
OG14908,OG15425,4,operon-adjacent (synteny)
OG14843,OG15027,4,operon-adjacent (synteny)
OG14854,OG15123,4,operon-adjacent (synteny)
OG14869,OG14872,4,operon-adjacent (synteny)
OG14869,OG15084,4,operon-adjacent (synteny)
OG14870,OG15137,4,operon-adjacent (synteny)
OG14830,OG15090,4,operon-adjacent (synteny)
OG14830,OG15370,4,operon-adjacent (synteny)
OG14835,OG15167,4,operon-adjacent (synteny)
OG14839,OG15201,4,operon-adjacent (synteny)
OG00500,OG01584,4,operon-adjacent (synteny)
OG00500,OG03891,4,operon-adjacent (synteny)
OG00500,OG14987,4,operon-adjacent (synteny)
OG14944,OG15535,4,operon-adjacent (synteny)
OG00501,OG01515,4,operon-adjacent (synteny)
OG00501,OG03346,4,operon-adjacent (synteny)
OG00438,OG12085,4,operon-adjacent (synteny)
OG00441,OG01712,4,operon-adjacent (synteny)
OG00442,OG03043,4,operon-adjacent (synteny)
OG00443,OG04407,4,operon-adjacent (synteny)
OG00498,OG13716,4,operon-adjacent (synteny)
OG00436,OG03190,4,operon-adjacent (synteny)
OG00437,OG13714,4,operon-adjacent (synteny)
OG00437,OG15210,4,operon-adjacent (synteny)
OG00438,OG01163,4,operon-adjacent (synteny)
OG00498,OG13454,4,operon-adjacent (synteny)
OG00435,OG01177,4,operon-adjacent (synteny)
OG00436,OG03104,4,operon-adjacent (synteny)
OG14790,OG15097,4,operon-adjacent (synteny)
OG00501,OG00773,4,operon-adjacent (synteny)
OG00003,OG00797,4,operon-adjacent (synteny)
OG00003,OG01017,4,operon-adjacent (synteny)
OG00003,OG01598,4,operon-adjacent (synteny)
OG00003,OG02393,4,operon-adjacent (synteny)
OG00003,OG02706,4,operon-adjacent (synteny)
OG00486,OG02065,4,operon-adjacent (synteny)
OG00486,OG11067,4,operon-adjacent (synteny)
OG00487,OG15229,4,operon-adjacent (synteny)
OG00460,OG15169,4,operon-adjacent (synteny)
OG00481,OG06159,4,operon-adjacent (synteny)
OG00485,OG01365,4,operon-adjacent (synteny)
OG00457,OG14719,4,operon-adjacent (synteny)
OG00458,OG15026,4,operon-adjacent (synteny)
OG00460,OG01526,4,operon-adjacent (synteny)
OG00460,OG12529,4,operon-adjacent (synteny)
OG14886,OG15404,4,operon-adjacent (synteny)
OG00489,OG05724,4,operon-adjacent (synteny)
OG00492,OG00695,4,operon-adjacent (synteny)
OG00453,OG02791,4,operon-adjacent (synteny)
OG00489,OG02245,4,operon-adjacent (synteny)
OG00447,OG03329,4,operon-adjacent (synteny)
OG00448,OG00975,4,operon-adjacent (synteny)
OG00450,OG06527,4,operon-adjacent (synteny)
OG00488,OG05143,4,operon-adjacent (synteny)
OG00446,OG02029,4,operon-adjacent (synteny)
OG14910,OG14926,4,operon-adjacent (synteny)
OG14932,OG15011,4,operon-adjacent (synteny)
OG14938,OG15120,4,operon-adjacent (synteny)
OG14870,OG15342,4,operon-adjacent (synteny)
OG14881,OG15292,4,operon-adjacent (synteny)
OG14885,OG15311,4,operon-adjacent (synteny)
OG00481,OG01420,4,operon-adjacent (synteny)
OG00591,OG01539,4,operon-adjacent (synteny)
OG00585,OG03322,4,operon-adjacent (synteny)
OG12462,OG13223,4,operon-adjacent (synteny)
OG12462,OG15088,4,operon-adjacent (synteny)
OG12501,OG15508,4,operon-adjacent (synteny)
OG12551,OG12800,4,operon-adjacent (synteny)
OG12551,OG14986,4,operon-adjacent (synteny)
OG12353,OG13605,4,operon-adjacent (synteny)
OG12387,OG14786,4,operon-adjacent (synteny)
OG12442,OG13506,4,operon-adjacent (synteny)
OG12278,OG14811,4,operon-adjacent (synteny)
OG12292,OG13217,4,operon-adjacent (synteny)
OG12330,OG15239,4,operon-adjacent (synteny)
OG12233,OG13597,4,operon-adjacent (synteny)
OG00426,OG00565,4,operon-adjacent (synteny)
OG12266,OG14807,4,operon-adjacent (synteny)
OG00596,OG14991,4,operon-adjacent (synteny)
OG00597,OG01884,4,operon-adjacent (synteny)
OG00599,OG03247,4,operon-adjacent (synteny)
OG00600,OG00743,4,operon-adjacent (synteny)
OG00600,OG02659,4,operon-adjacent (synteny)
OG00405,OG01979,4,operon-adjacent (synteny)
OG00402,OG05588,4,operon-adjacent (synteny)
OG00405,OG00481,4,operon-adjacent (synteny)
OG00405,OG00771,4,operon-adjacent (synteny)
OG00401,OG01900,4,operon-adjacent (synteny)
OG00401,OG09486,4,operon-adjacent (synteny)
OG00402,OG01164,4,operon-adjacent (synteny)
OG00402,OG04523,4,operon-adjacent (synteny)
OG12141,OG14946,4,operon-adjacent (synteny)
OG12233,OG15349,4,operon-adjacent (synteny)
OG00584,OG13758,4,operon-adjacent (synteny)
OG00585,OG01479,4,operon-adjacent (synteny)
OG00411,OG01602,4,operon-adjacent (synteny)
OG00411,OG02332,4,operon-adjacent (synteny)
OG00583,OG05445,4,operon-adjacent (synteny)
OG00583,OG14864,4,operon-adjacent (synteny)
OG00584,OG00891,4,operon-adjacent (synteny)
OG00407,OG14939,4,operon-adjacent (synteny)
OG12910,OG14621,4,operon-adjacent (synteny)
OG00003,OG11651,4,operon-adjacent (synteny)
OG00003,OG13212,4,operon-adjacent (synteny)
OG12789,OG15345,4,operon-adjacent (synteny)
OG12817,OG16599,4,operon-adjacent (synteny)
OG12665,OG15132,4,operon-adjacent (synteny)
OG00590,OG06143,4,operon-adjacent (synteny)
OG12675,OG14898,4,operon-adjacent (synteny)
OG12691,OG15492,4,operon-adjacent (synteny)
OG12698,OG13226,4,operon-adjacent (synteny)
OG12737,OG15221,4,operon-adjacent (synteny)
OG12589,OG15277,4,operon-adjacent (synteny)
OG12590,OG15299,4,operon-adjacent (synteny)
OG12597,OG13514,4,operon-adjacent (synteny)
OG12624,OG14709,4,operon-adjacent (synteny)
OG12628,OG12675,4,operon-adjacent (synteny)
OG12663,OG15091,4,operon-adjacent (synteny)
OG00594,OG15185,4,operon-adjacent (synteny)
OG00596,OG02599,4,operon-adjacent (synteny)
OG00592,OG02085,4,operon-adjacent (synteny)
OG00592,OG05126,4,operon-adjacent (synteny)
OG00590,OG00729,4,operon-adjacent (synteny)
OG12668,OG15411,4,operon-adjacent (synteny)
OG00399,OG01309,4,operon-adjacent (synteny)
OG00399,OG01722,4,operon-adjacent (synteny)
OG00399,OG01955,4,operon-adjacent (synteny)
OG00399,OG02227,4,operon-adjacent (synteny)
OG00399,OG02414,4,operon-adjacent (synteny)
OG11950,OG15292,4,operon-adjacent (synteny)
OG11956,OG12823,4,operon-adjacent (synteny)
OG11971,OG12394,4,operon-adjacent (synteny)
OG11971,OG12492,4,operon-adjacent (synteny)
OG11982,OG12047,4,operon-adjacent (synteny)
OG11984,OG12698,4,operon-adjacent (synteny)
OG11912,OG14752,4,operon-adjacent (synteny)
OG11912,OG14826,4,operon-adjacent (synteny)
OG11926,OG13223,4,operon-adjacent (synteny)
OG12141,OG16809,4,operon-adjacent (synteny)
OG11871,OG11878,4,operon-adjacent (synteny)
OG11767,OG15191,4,operon-adjacent (synteny)
OG00620,OG12370,4,operon-adjacent (synteny)
OG00395,OG14696,4,operon-adjacent (synteny)
OG00396,OG02253,4,operon-adjacent (synteny)
OG00397,OG00914,4,operon-adjacent (synteny)
OG00619,OG03579,4,operon-adjacent (synteny)
OG00617,OG01382,4,operon-adjacent (synteny)
OG00617,OG01467,4,operon-adjacent (synteny)
OG00613,OG02265,4,operon-adjacent (synteny)
OG00614,OG01943,4,operon-adjacent (synteny)
OG00614,OG15223,4,operon-adjacent (synteny)
OG11691,OG16747,4,operon-adjacent (synteny)
OG11695,OG14598,4,operon-adjacent (synteny)
OG11625,OG12261,4,operon-adjacent (synteny)
OG11930,OG15045,4,operon-adjacent (synteny)
OG12155,OG15069,4,operon-adjacent (synteny)
OG12187,OG13642,4,operon-adjacent (synteny)
OG12113,OG16999,4,operon-adjacent (synteny)
OG12128,OG12713,4,operon-adjacent (synteny)
OG12045,OG15204,4,operon-adjacent (synteny)
OG12053,OG15126,4,operon-adjacent (synteny)
OG12068,OG14722,4,operon-adjacent (synteny)
OG12006,OG15136,4,operon-adjacent (synteny)
OG12006,OG15342,4,operon-adjacent (synteny)
OG12007,OG14750,4,operon-adjacent (synteny)
OG00605,OG05034,4,operon-adjacent (synteny)
OG00605,OG05429,4,operon-adjacent (synteny)
OG00605,OG15393,4,operon-adjacent (synteny)
OG00606,OG01167,4,operon-adjacent (synteny)
OG00605,OG02440,4,operon-adjacent (synteny)
OG00606,OG04052,4,operon-adjacent (synteny)
OG00605,OG02648,4,operon-adjacent (synteny)
OG00605,OG03801,4,operon-adjacent (synteny)
OG00603,OG14541,4,operon-adjacent (synteny)
OG00605,OG00690,4,operon-adjacent (synteny)
OG00605,OG01196,4,operon-adjacent (synteny)
OG00605,OG01713,4,operon-adjacent (synteny)
OG00600,OG02866,4,operon-adjacent (synteny)
OG00600,OG03187,4,operon-adjacent (synteny)
OG00607,OG01574,4,operon-adjacent (synteny)
OG00612,OG02029,4,operon-adjacent (synteny)
OG00612,OG14982,4,operon-adjacent (synteny)
OG00399,OG03533,4,operon-adjacent (synteny)
OG00399,OG03988,4,operon-adjacent (synteny)
OG00399,OG04616,4,operon-adjacent (synteny)
OG00606,OG03005,4,operon-adjacent (synteny)
OG00605,OG02506,4,operon-adjacent (synteny)
OG13711,OG15186,4,operon-adjacent (synteny)
OG13720,OG15266,4,operon-adjacent (synteny)
OG13571,OG14905,4,operon-adjacent (synteny)
OG13589,OG14970,4,operon-adjacent (synteny)
OG13608,OG15385,4,operon-adjacent (synteny)
OG13550,OG13603,4,operon-adjacent (synteny)
OG13552,OG14733,4,operon-adjacent (synteny)
OG13555,OG15106,4,operon-adjacent (synteny)
OG13559,OG13565,4,operon-adjacent (synteny)
OG13565,OG13619,4,operon-adjacent (synteny)
OG13518,OG14633,4,operon-adjacent (synteny)
OG13521,OG15002,4,operon-adjacent (synteny)
OG13523,OG15422,4,operon-adjacent (synteny)
OG13539,OG14538,4,operon-adjacent (synteny)
OG00582,OG02199,4,operon-adjacent (synteny)
OG00566,OG05277,4,operon-adjacent (synteny)
OG00567,OG01634,4,operon-adjacent (synteny)
OG00565,OG01282,4,operon-adjacent (synteny)
OG00419,OG02129,4,operon-adjacent (synteny)
OG00420,OG01093,4,operon-adjacent (synteny)
OG00421,OG04252,4,operon-adjacent (synteny)
OG00422,OG02052,4,operon-adjacent (synteny)
OG00422,OG02174,4,operon-adjacent (synteny)
OG00416,OG03602,4,operon-adjacent (synteny)
OG00416,OG05747,4,operon-adjacent (synteny)
OG00417,OG03221,4,operon-adjacent (synteny)
OG00419,OG01334,4,operon-adjacent (synteny)
OG13501,OG15109,4,operon-adjacent (synteny)
OG13512,OG13738,4,operon-adjacent (synteny)
OG13465,OG14694,4,operon-adjacent (synteny)
OG00565,OG12803,4,operon-adjacent (synteny)
OG00553,OG02580,4,operon-adjacent (synteny)
OG00554,OG03408,4,operon-adjacent (synteny)
OG00554,OG15330,4,operon-adjacent (synteny)
OG00555,OG00880,4,operon-adjacent (synteny)
OG00424,OG05453,4,operon-adjacent (synteny)
OG00424,OG05466,4,operon-adjacent (synteny)
OG00424,OG11956,4,operon-adjacent (synteny)
OG00424,OG00918,4,operon-adjacent (synteny)
OG00424,OG01410,4,operon-adjacent (synteny)
OG13960,OG14211,4,operon-adjacent (synteny)
OG13864,OG13995,4,operon-adjacent (synteny)
OG13734,OG14633,4,operon-adjacent (synteny)
OG13734,OG14984,4,operon-adjacent (synteny)
OG13738,OG15260,4,operon-adjacent (synteny)
OG13680,OG14946,4,operon-adjacent (synteny)
OG13751,OG14873,4,operon-adjacent (synteny)
OG00563,OG01331,4,operon-adjacent (synteny)
OG00563,OG02871,4,operon-adjacent (synteny)
OG00416,OG01162,4,operon-adjacent (synteny)
OG00559,OG03737,4,operon-adjacent (synteny)
OG00559,OG13597,4,operon-adjacent (synteny)
OG00556,OG12932,4,operon-adjacent (synteny)
OG00559,OG01572,4,operon-adjacent (synteny)
OG00559,OG02539,4,operon-adjacent (synteny)
OG00555,OG05162,4,operon-adjacent (synteny)
OG00555,OG16864,4,operon-adjacent (synteny)
OG00556,OG00556,4,operon-adjacent (synteny)
OG00556,OG05146,4,operon-adjacent (synteny)
OG13652,OG15350,4,operon-adjacent (synteny)
OG13658,OG14757,4,operon-adjacent (synteny)
OG13744,OG15328,4,operon-adjacent (synteny)
OG00573,OG03440,4,operon-adjacent (synteny)
OG13373,OG14873,4,operon-adjacent (synteny)
OG13186,OG13230,4,operon-adjacent (synteny)
OG13212,OG16023,4,operon-adjacent (synteny)
OG13225,OG14685,4,operon-adjacent (synteny)
OG13225,OG15311,4,operon-adjacent (synteny)
OG13230,OG14897,4,operon-adjacent (synteny)
OG13236,OG15467,4,operon-adjacent (synteny)
OG00005,OG14699,4,operon-adjacent (synteny)
OG00006,OG00071,4,operon-adjacent (synteny)
OG00006,OG01387,4,operon-adjacent (synteny)
OG12998,OG14783,4,operon-adjacent (synteny)
OG13093,OG14828,4,operon-adjacent (synteny)
OG13117,OG14030,4,operon-adjacent (synteny)
OG13483,OG14913,4,operon-adjacent (synteny)
OG00003,OG14950,4,operon-adjacent (synteny)
OG00003,OG16774,4,operon-adjacent (synteny)
OG00005,OG00036,4,operon-adjacent (synteny)
OG00407,OG00421,4,operon-adjacent (synteny)
OG00407,OG01036,4,operon-adjacent (synteny)
OG00407,OG01133,4,operon-adjacent (synteny)
OG00582,OG16786,4,operon-adjacent (synteny)
OG00583,OG01165,4,operon-adjacent (synteny)
OG00583,OG01848,4,operon-adjacent (synteny)
OG00583,OG02326,4,operon-adjacent (synteny)
OG00582,OG02947,4,operon-adjacent (synteny)
OG00582,OG04189,4,operon-adjacent (synteny)
OG00582,OG04270,4,operon-adjacent (synteny)
OG00582,OG06174,4,operon-adjacent (synteny)
OG00582,OG01723,4,operon-adjacent (synteny)
OG00003,OG14557,4,operon-adjacent (synteny)
OG13452,OG13748,4,operon-adjacent (synteny)
OG13454,OG14767,4,operon-adjacent (synteny)
OG13457,OG14974,4,operon-adjacent (synteny)
OG13373,OG15315,4,operon-adjacent (synteny)
OG13382,OG14293,4,operon-adjacent (synteny)
OG13418,OG14894,4,operon-adjacent (synteny)
OG13418,OG14982,4,operon-adjacent (synteny)
OG00567,OG14508,4,operon-adjacent (synteny)
OG00414,OG14875,4,operon-adjacent (synteny)
OG00567,OG13498,4,operon-adjacent (synteny)
OG00413,OG05308,4,operon-adjacent (synteny)
OG00413,OG09727,4,operon-adjacent (synteny)
OG00414,OG00957,4,operon-adjacent (synteny)
OG00414,OG01072,4,operon-adjacent (synteny)
OG00567,OG02092,4,operon-adjacent (synteny)
OG00572,OG05677,4,operon-adjacent (synteny)
OG00411,OG13972,4,operon-adjacent (synteny)
OG00412,OG04613,4,operon-adjacent (synteny)
OG00412,OG05325,4,operon-adjacent (synteny)
OG00581,OG00850,4,operon-adjacent (synteny)
OG00581,OG02253,4,operon-adjacent (synteny)
OG00581,OG10450,4,operon-adjacent (synteny)
OG00579,OG02723,4,operon-adjacent (synteny)
OG00579,OG04152,4,operon-adjacent (synteny)
OG00580,OG04029,4,operon-adjacent (synteny)
OG00580,OG04515,4,operon-adjacent (synteny)
OG00581,OG00616,4,operon-adjacent (synteny)
OG00574,OG05010,4,operon-adjacent (synteny)
OG00574,OG05185,4,operon-adjacent (synteny)
OG00579,OG00666,4,operon-adjacent (synteny)
OG00572,OG01156,4,operon-adjacent (synteny)
OG00411,OG13672,4,operon-adjacent (synteny)
OG03901,OG04052,4,operon-adjacent (synteny)
OG01038,OG11184,4,operon-adjacent (synteny)
OG01039,OG14959,4,operon-adjacent (synteny)
OG01043,OG01387,4,operon-adjacent (synteny)
OG01043,OG01709,4,operon-adjacent (synteny)
OG01038,OG06201,4,operon-adjacent (synteny)
OG00235,OG00864,4,operon-adjacent (synteny)
OG01037,OG03379,4,operon-adjacent (synteny)
OG01037,OG13537,4,operon-adjacent (synteny)
OG00232,OG10187,4,operon-adjacent (synteny)
OG00235,OG00261,4,operon-adjacent (synteny)
OG03877,OG05882,4,operon-adjacent (synteny)
OG03877,OG15154,4,operon-adjacent (synteny)
OG03883,OG05218,4,operon-adjacent (synteny)
OG00791,OG02798,4,operon-adjacent (synteny)
OG03876,OG05351,4,operon-adjacent (synteny)
OG03876,OG15452,4,operon-adjacent (synteny)
OG03877,OG03962,4,operon-adjacent (synteny)
OG03877,OG05601,4,operon-adjacent (synteny)
OG03855,OG13718,4,operon-adjacent (synteny)
OG03868,OG05248,4,operon-adjacent (synteny)
OG01043,OG07112,4,operon-adjacent (synteny)
OG01043,OG10689,4,operon-adjacent (synteny)
OG01043,OG11787,4,operon-adjacent (synteny)
OG00231,OG13228,4,operon-adjacent (synteny)
OG00231,OG02473,4,operon-adjacent (synteny)
OG00231,OG02727,4,operon-adjacent (synteny)
OG00231,OG01846,4,operon-adjacent (synteny)
OG16647,OG16693,4,operon-adjacent (synteny)
OG00231,OG02319,4,operon-adjacent (synteny)
OG03890,OG04491,4,operon-adjacent (synteny)
OG04028,OG06201,4,operon-adjacent (synteny)
OG04037,OG14639,4,operon-adjacent (synteny)
OG04037,OG15160,4,operon-adjacent (synteny)
OG04038,OG04548,4,operon-adjacent (synteny)
OG04003,OG04301,4,operon-adjacent (synteny)
OG04004,OG15476,4,operon-adjacent (synteny)
OG04012,OG04947,4,operon-adjacent (synteny)
OG00231,OG14673,4,operon-adjacent (synteny)
OG00231,OG15270,4,operon-adjacent (synteny)
OG00231,OG15345,4,operon-adjacent (synteny)
OG00231,OG15414,4,operon-adjacent (synteny)
OG00231,OG15458,4,operon-adjacent (synteny)
OG01032,OG05505,4,operon-adjacent (synteny)
OG01035,OG14837,4,operon-adjacent (synteny)
OG03900,OG15529,4,operon-adjacent (synteny)
OG00231,OG13959,4,operon-adjacent (synteny)
OG01027,OG06583,4,operon-adjacent (synteny)
OG01029,OG04642,4,operon-adjacent (synteny)
OG01025,OG05010,4,operon-adjacent (synteny)
OG01027,OG01723,4,operon-adjacent (synteny)
OG03981,OG11555,4,operon-adjacent (synteny)
OG03983,OG05131,4,operon-adjacent (synteny)
OG03989,OG16934,4,operon-adjacent (synteny)
OG03991,OG06156,4,operon-adjacent (synteny)
OG03957,OG15453,4,operon-adjacent (synteny)
OG03962,OG15274,4,operon-adjacent (synteny)
OG03967,OG05178,4,operon-adjacent (synteny)
OG03974,OG04239,4,operon-adjacent (synteny)
OG03921,OG05758,4,operon-adjacent (synteny)
OG03932,OG15225,4,operon-adjacent (synteny)
OG00231,OG13721,4,operon-adjacent (synteny)
OG01067,OG01181,4,operon-adjacent (synteny)
OG01067,OG02251,4,operon-adjacent (synteny)
OG01067,OG02859,4,operon-adjacent (synteny)
OG00231,OG01133,4,operon-adjacent (synteny)
OG00231,OG01172,4,operon-adjacent (synteny)
OG00231,OG00556,4,operon-adjacent (synteny)
OG00231,OG00725,4,operon-adjacent (synteny)
OG00231,OG00761,4,operon-adjacent (synteny)
OG00231,OG00916,4,operon-adjacent (synteny)
OG03788,OG14785,4,operon-adjacent (synteny)
OG03746,OG04597,4,operon-adjacent (synteny)
OG03750,OG04072,4,operon-adjacent (synteny)
OG03736,OG14839,4,operon-adjacent (synteny)
OG03737,OG09325,4,operon-adjacent (synteny)
OG00230,OG05816,4,operon-adjacent (synteny)
OG01074,OG07099,4,operon-adjacent (synteny)
OG00225,OG14980,4,operon-adjacent (synteny)
OG00225,OG15490,4,operon-adjacent (synteny)
OG00227,OG00427,4,operon-adjacent (synteny)
OG00227,OG05284,4,operon-adjacent (synteny)
OG00224,OG12441,4,operon-adjacent (synteny)
OG00224,OG15519,4,operon-adjacent (synteny)
OG00225,OG13571,4,operon-adjacent (synteny)
OG00225,OG14706,4,operon-adjacent (synteny)
OG01071,OG13465,4,operon-adjacent (synteny)
OG00224,OG03389,4,operon-adjacent (synteny)
OG00224,OG03985,4,operon-adjacent (synteny)
OG00224,OG05531,4,operon-adjacent (synteny)
OG03736,OG14686,4,operon-adjacent (synteny)
OG00024,OG01950,4,operon-adjacent (synteny)
OG00025,OG01712,4,operon-adjacent (synteny)
OG01057,OG01809,4,operon-adjacent (synteny)
OG01057,OG02164,4,operon-adjacent (synteny)
OG01057,OG02510,4,operon-adjacent (synteny)
OG01051,OG15160,4,operon-adjacent (synteny)
OG01051,OG15352,4,operon-adjacent (synteny)
OG01057,OG01610,4,operon-adjacent (synteny)
OG01046,OG01653,4,operon-adjacent (synteny)
OG01046,OG02446,4,operon-adjacent (synteny)
OG01046,OG15364,4,operon-adjacent (synteny)
OG01050,OG14745,4,operon-adjacent (synteny)
OG03800,OG05568,4,operon-adjacent (synteny)
OG03810,OG03976,4,operon-adjacent (synteny)
OG03819,OG03955,4,operon-adjacent (synteny)
OG03819,OG12274,4,operon-adjacent (synteny)
OG01071,OG09843,4,operon-adjacent (synteny)
OG00024,OG01304,4,operon-adjacent (synteny)
OG03790,OG14441,4,operon-adjacent (synteny)
OG03793,OG04947,4,operon-adjacent (synteny)
OG03793,OG14961,4,operon-adjacent (synteny)
OG03796,OG12580,4,operon-adjacent (synteny)
OG00022,OG03790,4,operon-adjacent (synteny)
OG00024,OG00353,4,operon-adjacent (synteny)
OG00024,OG00701,4,operon-adjacent (synteny)
OG00020,OG06734,4,operon-adjacent (synteny)
OG00020,OG11342,4,operon-adjacent (synteny)
OG00021,OG15180,4,operon-adjacent (synteny)
OG01069,OG02230,4,operon-adjacent (synteny)
OG01070,OG13299,4,operon-adjacent (synteny)
OG01070,OG15112,4,operon-adjacent (synteny)
OG01071,OG02176,4,operon-adjacent (synteny)
OG03822,OG12227,4,operon-adjacent (synteny)
OG00245,OG05645,4,operon-adjacent (synteny)
OG00245,OG06088,4,operon-adjacent (synteny)
OG00245,OG06129,4,operon-adjacent (synteny)
OG00245,OG03189,4,operon-adjacent (synteny)
OG00245,OG03819,4,operon-adjacent (synteny)
OG00245,OG04021,4,operon-adjacent (synteny)
OG00978,OG02694,4,operon-adjacent (synteny)
OG00978,OG05309,4,operon-adjacent (synteny)
OG00978,OG15529,4,operon-adjacent (synteny)
OG00245,OG02810,4,operon-adjacent (synteny)
OG04259,OG10759,4,operon-adjacent (synteny)
OG04272,OG15105,4,operon-adjacent (synteny)
OG04219,OG04824,4,operon-adjacent (synteny)
OG04225,OG15110,4,operon-adjacent (synteny)
OG04080,OG05962,4,operon-adjacent (synteny)
OG04196,OG15069,4,operon-adjacent (synteny)
OG04207,OG14491,4,operon-adjacent (synteny)
OG04219,OG04376,4,operon-adjacent (synteny)
OG00991,OG15708,4,operon-adjacent (synteny)
OG00992,OG03400,4,operon-adjacent (synteny)
OG00993,OG02414,4,operon-adjacent (synteny)
OG00245,OG01889,4,operon-adjacent (synteny)
OG00245,OG01992,4,operon-adjacent (synteny)
OG00245,OG02205,4,operon-adjacent (synteny)
OG00245,OG02326,4,operon-adjacent (synteny)
OG00991,OG01037,4,operon-adjacent (synteny)
OG00245,OG00600,4,operon-adjacent (synteny)
OG00245,OG01724,4,operon-adjacent (synteny)
OG00982,OG15536,4,operon-adjacent (synteny)
OG00988,OG11717,4,operon-adjacent (synteny)
OG04189,OG05248,4,operon-adjacent (synteny)
OG00248,OG14729,4,operon-adjacent (synteny)
OG00250,OG01996,4,operon-adjacent (synteny)
OG00019,OG11562,4,operon-adjacent (synteny)
OG00019,OG11658,4,operon-adjacent (synteny)
OG04341,OG11463,4,operon-adjacent (synteny)
OG04325,OG14897,4,operon-adjacent (synteny)
OG04326,OG04695,4,operon-adjacent (synteny)
OG04326,OG05660,4,operon-adjacent (synteny)
OG04327,OG06003,4,operon-adjacent (synteny)
OG04317,OG04319,4,operon-adjacent (synteny)
OG00247,OG01031,4,operon-adjacent (synteny)
OG00975,OG02111,4,operon-adjacent (synteny)
OG00976,OG05529,4,operon-adjacent (synteny)
OG00978,OG02115,4,operon-adjacent (synteny)
OG00245,OG05639,4,operon-adjacent (synteny)
OG00245,OG14699,4,operon-adjacent (synteny)
OG00245,OG15301,4,operon-adjacent (synteny)
OG00246,OG10306,4,operon-adjacent (synteny)
OG00245,OG13207,4,operon-adjacent (synteny)
OG00245,OG13212,4,operon-adjacent (synteny)
OG00245,OG13378,4,operon-adjacent (synteny)
OG00975,OG01673,4,operon-adjacent (synteny)
OG00245,OG11191,4,operon-adjacent (synteny)
OG00245,OG11953,4,operon-adjacent (synteny)
OG00245,OG10106,4,operon-adjacent (synteny)
OG00979,OG13590,4,operon-adjacent (synteny)
OG00980,OG05924,4,operon-adjacent (synteny)
OG00245,OG04820,4,operon-adjacent (synteny)
OG00245,OG05381,4,operon-adjacent (synteny)
OG00245,OG05603,4,operon-adjacent (synteny)
OG00245,OG14635,4,operon-adjacent (synteny)
OG01005,OG02478,4,operon-adjacent (synteny)
OG01008,OG02152,4,operon-adjacent (synteny)
OG04111,OG04253,4,operon-adjacent (synteny)
OG04115,OG16693,4,operon-adjacent (synteny)
OG04117,OG04671,4,operon-adjacent (synteny)
OG04120,OG04621,4,operon-adjacent (synteny)
OG04125,OG04257,4,operon-adjacent (synteny)
OG04091,OG04674,4,operon-adjacent (synteny)
OG04102,OG15416,4,operon-adjacent (synteny)
OG00019,OG16712,4,operon-adjacent (synteny)
OG00020,OG04829,4,operon-adjacent (synteny)
OG00020,OG06497,4,operon-adjacent (synteny)
OG00019,OG15393,4,operon-adjacent (synteny)
OG00019,OG15441,4,operon-adjacent (synteny)
OG04159,OG04528,4,operon-adjacent (synteny)
OG00019,OG15507,4,operon-adjacent (synteny)
OG01021,OG01767,4,operon-adjacent (synteny)
OG01021,OG03454,4,operon-adjacent (synteny)
OG01023,OG02125,4,operon-adjacent (synteny)
OG00238,OG00469,4,operon-adjacent (synteny)
OG01019,OG02163,4,operon-adjacent (synteny)
OG00236,OG12831,4,operon-adjacent (synteny)
OG00236,OG02610,4,operon-adjacent (synteny)
OG00236,OG02635,4,operon-adjacent (synteny)
OG00236,OG02751,4,operon-adjacent (synteny)
OG00019,OG14547,4,operon-adjacent (synteny)
OG00019,OG14829,4,operon-adjacent (synteny)
OG00019,OG15129,4,operon-adjacent (synteny)
OG04072,OG05985,4,operon-adjacent (synteny)
OG04080,OG05379,4,operon-adjacent (synteny)
OG00019,OG15457,4,operon-adjacent (synteny)
OG04163,OG05008,4,operon-adjacent (synteny)
OG04163,OG16152,4,operon-adjacent (synteny)
OG04144,OG04257,4,operon-adjacent (synteny)
OG04147,OG04495,4,operon-adjacent (synteny)
OG04148,OG06851,4,operon-adjacent (synteny)
OG04148,OG10876,4,operon-adjacent (synteny)
OG04125,OG04349,4,operon-adjacent (synteny)
OG04132,OG04216,4,operon-adjacent (synteny)
OG04139,OG13522,4,operon-adjacent (synteny)
OG04139,OG14855,4,operon-adjacent (synteny)
OG04140,OG11407,4,operon-adjacent (synteny)
OG04144,OG04146,4,operon-adjacent (synteny)
OG01000,OG03546,4,operon-adjacent (synteny)
OG01000,OG09261,4,operon-adjacent (synteny)
OG01000,OG10202,4,operon-adjacent (synteny)
OG01010,OG02590,4,operon-adjacent (synteny)
OG01003,OG03127,4,operon-adjacent (synteny)
OG00243,OG01106,4,operon-adjacent (synteny)
OG00243,OG02951,4,operon-adjacent (synteny)
OG00243,OG14483,4,operon-adjacent (synteny)
OG00244,OG02398,4,operon-adjacent (synteny)
OG00239,OG01730,4,operon-adjacent (synteny)
OG00239,OG05659,4,operon-adjacent (synteny)
OG00239,OG13350,4,operon-adjacent (synteny)
OG00998,OG02240,4,operon-adjacent (synteny)
OG00238,OG06932,4,operon-adjacent (synteny)
OG00235,OG04327,4,operon-adjacent (synteny)
OG00235,OG05795,4,operon-adjacent (synteny)
OG01012,OG02009,4,operon-adjacent (synteny)
OG01014,OG09606,4,operon-adjacent (synteny)
OG01015,OG02611,4,operon-adjacent (synteny)
OG01002,OG01067,4,operon-adjacent (synteny)
OG01164,OG03855,4,operon-adjacent (synteny)
OG01164,OG05425,4,operon-adjacent (synteny)
OG01164,OG09580,4,operon-adjacent (synteny)
OG01160,OG04616,4,operon-adjacent (synteny)
OG01161,OG06047,4,operon-adjacent (synteny)
OG01161,OG16758,4,operon-adjacent (synteny)
OG00196,OG00581,4,operon-adjacent (synteny)
OG00200,OG00455,4,operon-adjacent (synteny)
OG00200,OG01799,4,operon-adjacent (synteny)
OG00200,OG14920,4,operon-adjacent (synteny)
OG00201,OG02793,4,operon-adjacent (synteny)
OG00201,OG03602,4,operon-adjacent (synteny)
OG01157,OG01756,4,operon-adjacent (synteny)
OG03415,OG05273,4,operon-adjacent (synteny)
OG03724,OG05493,4,operon-adjacent (synteny)
OG03415,OG13739,4,operon-adjacent (synteny)
OG03415,OG14867,4,operon-adjacent (synteny)
OG03417,OG15897,4,operon-adjacent (synteny)
OG03420,OG03946,4,operon-adjacent (synteny)
OG03403,OG05612,4,operon-adjacent (synteny)
OG03405,OG03526,4,operon-adjacent (synteny)
OG03405,OG05980,4,operon-adjacent (synteny)
OG03408,OG14938,4,operon-adjacent (synteny)
OG03395,OG03442,4,operon-adjacent (synteny)
OG03400,OG05728,4,operon-adjacent (synteny)
OG03400,OG14727,4,operon-adjacent (synteny)
OG03389,OG11710,4,operon-adjacent (synteny)
OG03389,OG16642,4,operon-adjacent (synteny)
OG03392,OG05128,4,operon-adjacent (synteny)
OG01170,OG06041,4,operon-adjacent (synteny)
OG03415,OG05372,4,operon-adjacent (synteny)
OG01137,OG02654,4,operon-adjacent (synteny)
OG01137,OG15775,4,operon-adjacent (synteny)
OG01133,OG14750,4,operon-adjacent (synteny)
OG01134,OG02352,4,operon-adjacent (synteny)
OG01134,OG05552,4,operon-adjacent (synteny)
OG01134,OG05895,4,operon-adjacent (synteny)
OG01151,OG01901,4,operon-adjacent (synteny)
OG01154,OG03341,4,operon-adjacent (synteny)
OG01156,OG01163,4,operon-adjacent (synteny)
OG00210,OG02043,4,operon-adjacent (synteny)
OG01150,OG02121,4,operon-adjacent (synteny)
OG01150,OG02280,4,operon-adjacent (synteny)
OG00205,OG00434,4,operon-adjacent (synteny)
OG00205,OG02035,4,operon-adjacent (synteny)
OG01163,OG01844,4,operon-adjacent (synteny)
OG00202,OG00524,4,operon-adjacent (synteny)
OG00202,OG03073,4,operon-adjacent (synteny)
OG00202,OG04072,4,operon-adjacent (synteny)
OG00203,OG02029,4,operon-adjacent (synteny)
OG00203,OG04040,4,operon-adjacent (synteny)
OG03449,OG14829,4,operon-adjacent (synteny)
OG03460,OG15011,4,operon-adjacent (synteny)
OG03461,OG14636,4,operon-adjacent (synteny)
OG03467,OG05133,4,operon-adjacent (synteny)
OG03443,OG05555,4,operon-adjacent (synteny)
OG03443,OG07009,4,operon-adjacent (synteny)
OG03447,OG03567,4,operon-adjacent (synteny)
OG03449,OG04398,4,operon-adjacent (synteny)
OG03437,OG04538,4,operon-adjacent (synteny)
OG03440,OG04683,4,operon-adjacent (synteny)
OG00207,OG01454,4,operon-adjacent (synteny)
OG03308,OG06148,4,operon-adjacent (synteny)
OG03316,OG16954,4,operon-adjacent (synteny)
OG03317,OG03909,4,operon-adjacent (synteny)
OG03317,OG05772,4,operon-adjacent (synteny)
OG01183,OG12869,4,operon-adjacent (synteny)
OG01183,OG13000,4,operon-adjacent (synteny)
OG01183,OG15075,4,operon-adjacent (synteny)
OG01183,OG15440,4,operon-adjacent (synteny)
OG01181,OG01957,4,operon-adjacent (synteny)
OG01183,OG01184,4,operon-adjacent (synteny)
OG01183,OG01498,4,operon-adjacent (synteny)
OG01183,OG02962,4,operon-adjacent (synteny)
OG00194,OG02724,4,operon-adjacent (synteny)
OG00194,OG02897,4,operon-adjacent (synteny)
OG00194,OG15521,4,operon-adjacent (synteny)
OG01180,OG16681,4,operon-adjacent (synteny)
OG00194,OG02133,4,operon-adjacent (synteny)
OG00194,OG02424,4,operon-adjacent (synteny)
OG00194,OG02524,4,operon-adjacent (synteny)
OG03296,OG15766,4,operon-adjacent (synteny)
OG03298,OG04272,4,operon-adjacent (synteny)
OG03298,OG15370,4,operon-adjacent (synteny)
OG03300,OG14767,4,operon-adjacent (synteny)
OG03281,OG05232,4,operon-adjacent (synteny)
OG03296,OG05742,4,operon-adjacent (synteny)
OG03261,OG03477,4,operon-adjacent (synteny)
OG03267,OG06045,4,operon-adjacent (synteny)
OG01190,OG02745,4,operon-adjacent (synteny)
OG01190,OG03302,4,operon-adjacent (synteny)
OG01187,OG14915,4,operon-adjacent (synteny)
OG00194,OG03213,4,operon-adjacent (synteny)
OG00195,OG00326,4,operon-adjacent (synteny)
OG00194,OG06026,4,operon-adjacent (synteny)
OG00194,OG15210,4,operon-adjacent (synteny)
OG00194,OG04292,4,operon-adjacent (synteny)
OG00194,OG05513,4,operon-adjacent (synteny)
OG00194,OG05571,4,operon-adjacent (synteny)
OG00194,OG05588,4,operon-adjacent (synteny)
OG00194,OG05682,4,operon-adjacent (synteny)
OG03372,OG14635,4,operon-adjacent (synteny)
OG03377,OG06894,4,operon-adjacent (synteny)
OG03361,OG05556,4,operon-adjacent (synteny)
OG03369,OG03967,4,operon-adjacent (synteny)
OG03369,OG05178,4,operon-adjacent (synteny)
OG00032,OG00565,4,operon-adjacent (synteny)
OG00032,OG00825,4,operon-adjacent (synteny)
OG03325,OG13659,4,operon-adjacent (synteny)
OG00032,OG00151,4,operon-adjacent (synteny)
OG00032,OG00231,4,operon-adjacent (synteny)
OG00194,OG01389,4,operon-adjacent (synteny)
OG00194,OG01497,4,operon-adjacent (synteny)
OG01176,OG06947,4,operon-adjacent (synteny)
OG01176,OG11612,4,operon-adjacent (synteny)
OG01177,OG01233,4,operon-adjacent (synteny)
OG01177,OG01482,4,operon-adjacent (synteny)
OG01175,OG03839,4,operon-adjacent (synteny)
OG01175,OG05624,4,operon-adjacent (synteny)
OG01172,OG01701,4,operon-adjacent (synteny)
OG00032,OG00099,4,operon-adjacent (synteny)
OG03337,OG04396,4,operon-adjacent (synteny)
OG03318,OG05939,4,operon-adjacent (synteny)
OG03322,OG09325,4,operon-adjacent (synteny)
OG00032,OG00916,4,operon-adjacent (synteny)
OG01095,OG15269,4,operon-adjacent (synteny)
OG01095,OG16893,4,operon-adjacent (synteny)
OG01098,OG01547,4,operon-adjacent (synteny)
OG01092,OG03901,4,operon-adjacent (synteny)
OG01095,OG04413,4,operon-adjacent (synteny)
OG00223,OG02099,4,operon-adjacent (synteny)
OG00224,OG00406,4,operon-adjacent (synteny)
OG00224,OG00582,4,operon-adjacent (synteny)
OG00224,OG00711,4,operon-adjacent (synteny)
OG00221,OG01190,4,operon-adjacent (synteny)
OG00221,OG04167,4,operon-adjacent (synteny)
OG00221,OG05071,4,operon-adjacent (synteny)
OG00223,OG00564,4,operon-adjacent (synteny)
OG03621,OG04491,4,operon-adjacent (synteny)
OG01136,OG09755,4,operon-adjacent (synteny)
OG00027,OG16626,4,operon-adjacent (synteny)
OG00027,OG16735,4,operon-adjacent (synteny)
OG00029,OG01603,4,operon-adjacent (synteny)
OG03614,OG10470,4,operon-adjacent (synteny)
OG03598,OG04292,4,operon-adjacent (synteny)
OG03598,OG05342,4,operon-adjacent (synteny)
OG03601,OG16703,4,operon-adjacent (synteny)
OG03609,OG03713,4,operon-adjacent (synteny)
OG03574,OG04852,4,operon-adjacent (synteny)
OG03574,OG05156,4,operon-adjacent (synteny)
OG03579,OG04892,4,operon-adjacent (synteny)
OG03584,OG03652,4,operon-adjacent (synteny)
OG01102,OG11485,4,operon-adjacent (synteny)
OG01102,OG15182,4,operon-adjacent (synteny)
OG01106,OG05963,4,operon-adjacent (synteny)
OG00027,OG14746,4,operon-adjacent (synteny)
OG03698,OG13222,4,operon-adjacent (synteny)
OG03698,OG15186,4,operon-adjacent (synteny)
OG03702,OG03922,4,operon-adjacent (synteny)
OG03705,OG05881,4,operon-adjacent (synteny)
OG03714,OG05109,4,operon-adjacent (synteny)
OG03722,OG05758,4,operon-adjacent (synteny)
OG03678,OG12800,4,operon-adjacent (synteny)
OG03678,OG14961,4,operon-adjacent (synteny)
OG03683,OG04104,4,operon-adjacent (synteny)
OG03690,OG03690,4,operon-adjacent (synteny)
OG03698,OG12146,4,operon-adjacent (synteny)
OG01085,OG16961,4,operon-adjacent (synteny)
OG01088,OG01270,4,operon-adjacent (synteny)
OG01082,OG03416,4,operon-adjacent (synteny)
OG00030,OG00079,4,operon-adjacent (synteny)
OG01085,OG01987,4,operon-adjacent (synteny)
OG01085,OG05404,4,operon-adjacent (synteny)
OG01082,OG03306,4,operon-adjacent (synteny)
OG01076,OG16206,4,operon-adjacent (synteny)
OG01078,OG01765,4,operon-adjacent (synteny)
OG01080,OG05985,4,operon-adjacent (synteny)
OG03655,OG04768,4,operon-adjacent (synteny)
OG03655,OG05033,4,operon-adjacent (synteny)
OG03656,OG04280,4,operon-adjacent (synteny)
OG03647,OG05377,4,operon-adjacent (synteny)
OG03651,OG15309,4,operon-adjacent (synteny)
OG03651,OG15372,4,operon-adjacent (synteny)
OG03655,OG03804,4,operon-adjacent (synteny)
OG00030,OG00355,4,operon-adjacent (synteny)
OG00030,OG00075,4,operon-adjacent (synteny)
OG01082,OG15090,4,operon-adjacent (synteny)
OG03497,OG05713,4,operon-adjacent (synteny)
OG01133,OG03102,4,operon-adjacent (synteny)
OG01133,OG04872,4,operon-adjacent (synteny)
OG01133,OG05090,4,operon-adjacent (synteny)
OG01132,OG06801,4,operon-adjacent (synteny)
OG00216,OG01466,4,operon-adjacent (synteny)
OG00216,OG11932,4,operon-adjacent (synteny)
OG00216,OG12296,4,operon-adjacent (synteny)
OG00217,OG00424,4,operon-adjacent (synteny)
OG01132,OG01261,4,operon-adjacent (synteny)
OG00212,OG00487,4,operon-adjacent (synteny)
OG00213,OG01553,4,operon-adjacent (synteny)
OG00214,OG01465,4,operon-adjacent (synteny)
OG00215,OG06676,4,operon-adjacent (synteny)
OG00218,OG14923,4,operon-adjacent (synteny)
OG03469,OG14785,4,operon-adjacent (synteny)
OG03475,OG04930,4,operon-adjacent (synteny)
OG03476,OG05789,4,operon-adjacent (synteny)
OG00031,OG06951,4,operon-adjacent (synteny)
OG00032,OG00037,4,operon-adjacent (synteny)
OG00031,OG01043,4,operon-adjacent (synteny)
OG00030,OG01856,4,operon-adjacent (synteny)
OG00030,OG02490,4,operon-adjacent (synteny)
OG01149,OG01691,4,operon-adjacent (synteny)
OG01149,OG15101,4,operon-adjacent (synteny)
OG00201,OG05546,4,operon-adjacent (synteny)
OG01141,OG02100,4,operon-adjacent (synteny)
OG01135,OG01190,4,operon-adjacent (synteny)
OG01135,OG02301,4,operon-adjacent (synteny)
OG01136,OG02590,4,operon-adjacent (synteny)
OG03469,OG06082,4,operon-adjacent (synteny)
OG00219,OG00353,4,operon-adjacent (synteny)
OG00218,OG02634,4,operon-adjacent (synteny)
OG00218,OG04835,4,operon-adjacent (synteny)
OG00218,OG06062,4,operon-adjacent (synteny)
OG00218,OG06065,4,operon-adjacent (synteny)
OG00218,OG06706,4,operon-adjacent (synteny)
OG00218,OG00231,4,operon-adjacent (synteny)
OG00218,OG01860,4,operon-adjacent (synteny)
OG00218,OG02225,4,operon-adjacent (synteny)
OG01126,OG11899,4,operon-adjacent (synteny)
OG01127,OG02795,4,operon-adjacent (synteny)
OG01127,OG13243,4,operon-adjacent (synteny)
OG01124,OG01501,4,operon-adjacent (synteny)
OG01124,OG02478,4,operon-adjacent (synteny)
OG01116,OG01813,4,operon-adjacent (synteny)
OG03533,OG03609,4,operon-adjacent (synteny)
OG01120,OG01394,4,operon-adjacent (synteny)
OG01109,OG04993,4,operon-adjacent (synteny)
OG01110,OG02085,4,operon-adjacent (synteny)
OG01110,OG02503,4,operon-adjacent (synteny)
OG01114,OG03315,4,operon-adjacent (synteny)
OG03554,OG03776,4,operon-adjacent (synteny)
OG03557,OG05143,4,operon-adjacent (synteny)
OG03563,OG11529,4,operon-adjacent (synteny)
OG03565,OG06966,4,operon-adjacent (synteny)
OG03539,OG04791,4,operon-adjacent (synteny)
OG03539,OG05803,4,operon-adjacent (synteny)
OG03539,OG14844,4,operon-adjacent (synteny)
OG03541,OG05772,4,operon-adjacent (synteny)
OG03509,OG03587,4,operon-adjacent (synteny)
OG03524,OG05655,4,operon-adjacent (synteny)
OG01118,OG04986,4,operon-adjacent (synteny)
OG05453,OG05573,4,operon-adjacent (synteny)
OG05461,OG05553,4,operon-adjacent (synteny)
OG05461,OG05671,4,operon-adjacent (synteny)
OG05423,OG10959,4,operon-adjacent (synteny)
OG05423,OG14713,4,operon-adjacent (synteny)
OG05428,OG06141,4,operon-adjacent (synteny)
OG05429,OG05667,4,operon-adjacent (synteny)
OG05431,OG05713,4,operon-adjacent (synteny)
OG00847,OG16875,4,operon-adjacent (synteny)
OG00848,OG02939,4,operon-adjacent (synteny)
OG00848,OG05064,4,operon-adjacent (synteny)
OG00848,OG05066,4,operon-adjacent (synteny)
OG00848,OG10885,4,operon-adjacent (synteny)
OG00299,OG02129,4,operon-adjacent (synteny)
OG00255,OG00358,4,operon-adjacent (synteny)
OG00847,OG02324,4,operon-adjacent (synteny)
OG00299,OG00564,4,operon-adjacent (synteny)
OG00299,OG01554,4,operon-adjacent (synteny)
OG00845,OG12323,4,operon-adjacent (synteny)
OG00295,OG02287,4,operon-adjacent (synteny)
OG00297,OG13000,4,operon-adjacent (synteny)
OG05400,OG06113,4,operon-adjacent (synteny)
OG05403,OG05810,4,operon-adjacent (synteny)
OG05414,OG16909,4,operon-adjacent (synteny)
OG05418,OG05862,4,operon-adjacent (synteny)
OG05376,OG05510,4,operon-adjacent (synteny)
OG05387,OG06083,4,operon-adjacent (synteny)
OG05389,OG06134,4,operon-adjacent (synteny)
OG05392,OG05435,4,operon-adjacent (synteny)
OG05393,OG06031,4,operon-adjacent (synteny)
OG00846,OG02375,4,operon-adjacent (synteny)
OG00305,OG00448,4,operon-adjacent (synteny)
OG00305,OG00581,4,operon-adjacent (synteny)
OG05529,OG06142,4,operon-adjacent (synteny)
OG05532,OG14731,4,operon-adjacent (synteny)
OG05533,OG05551,4,operon-adjacent (synteny)
OG05533,OG05784,4,operon-adjacent (synteny)
OG05534,OG05867,4,operon-adjacent (synteny)
OG05508,OG05611,4,operon-adjacent (synteny)
OG05511,OG05511,4,operon-adjacent (synteny)
OG00019,OG02245,4,operon-adjacent (synteny)
OG00019,OG02317,4,operon-adjacent (synteny)
OG00019,OG02403,4,operon-adjacent (synteny)
OG00019,OG01919,4,operon-adjacent (synteny)
OG00844,OG01944,4,operon-adjacent (synteny)
OG05452,OG06143,4,operon-adjacent (synteny)
OG00841,OG15421,4,operon-adjacent (synteny)
OG00843,OG02170,4,operon-adjacent (synteny)
OG00843,OG02404,4,operon-adjacent (synteny)
OG00843,OG03237,4,operon-adjacent (synteny)
OG00300,OG05857,4,operon-adjacent (synteny)
OG00302,OG01520,4,operon-adjacent (synteny)
OG00841,OG02326,4,operon-adjacent (synteny)
OG00299,OG03524,4,operon-adjacent (synteny)
OG05489,OG06170,4,operon-adjacent (synteny)
OG00019,OG01873,4,operon-adjacent (synteny)
OG00019,OG01899,4,operon-adjacent (synteny)
OG05464,OG06162,4,operon-adjacent (synteny)
OG05471,OG05988,4,operon-adjacent (synteny)
OG05476,OG06094,4,operon-adjacent (synteny)
OG05483,OG05803,4,operon-adjacent (synteny)
OG00844,OG15258,4,operon-adjacent (synteny)
OG05305,OG05347,4,operon-adjacent (synteny)
OG05305,OG05650,4,operon-adjacent (synteny)
OG05307,OG05312,4,operon-adjacent (synteny)
OG05307,OG05418,4,operon-adjacent (synteny)
OG05284,OG15125,4,operon-adjacent (synteny)
OG05289,OG05422,4,operon-adjacent (synteny)
OG05302,OG06202,4,operon-adjacent (synteny)
OG00019,OG03357,4,operon-adjacent (synteny)
OG00019,OG03467,4,operon-adjacent (synteny)
OG05282,OG05387,4,operon-adjacent (synteny)
OG00019,OG03001,4,operon-adjacent (synteny)
OG00019,OG03108,4,operon-adjacent (synteny)
OG00019,OG03162,4,operon-adjacent (synteny)
OG00878,OG14701,4,operon-adjacent (synteny)
OG05396,OG05406,4,operon-adjacent (synteny)
OG00880,OG04954,4,operon-adjacent (synteny)
OG00880,OG05832,4,operon-adjacent (synteny)
OG00874,OG15253,4,operon-adjacent (synteny)
OG00876,OG02542,4,operon-adjacent (synteny)
OG00876,OG15184,4,operon-adjacent (synteny)
OG00874,OG02533,4,operon-adjacent (synteny)
OG00281,OG01176,4,operon-adjacent (synteny)
OG00019,OG02607,4,operon-adjacent (synteny)
OG00019,OG02753,4,operon-adjacent (synteny)
OG00019,OG02839,4,operon-adjacent (synteny)
OG05266,OG17033,4,operon-adjacent (synteny)
OG05271,OG05376,4,operon-adjacent (synteny)
OG05277,OG05906,4,operon-adjacent (synteny)
OG05280,OG05372,4,operon-adjacent (synteny)
OG05280,OG05849,4,operon-adjacent (synteny)
OG00880,OG02725,4,operon-adjacent (synteny)
OG05397,OG11770,4,operon-adjacent (synteny)
OG05347,OG06023,4,operon-adjacent (synteny)
OG05351,OG05532,4,operon-adjacent (synteny)
OG05353,OG05523,4,operon-adjacent (synteny)
OG05368,OG05495,4,operon-adjacent (synteny)
OG05316,OG06018,4,operon-adjacent (synteny)
OG05319,OG05476,4,operon-adjacent (synteny)
OG05328,OG05393,4,operon-adjacent (synteny)
OG05328,OG05695,4,operon-adjacent (synteny)
OG00294,OG01389,4,operon-adjacent (synteny)
OG00859,OG03899,4,operon-adjacent (synteny)
OG00290,OG05175,4,operon-adjacent (synteny)
OG00853,OG14898,4,operon-adjacent (synteny)
OG00288,OG00521,4,operon-adjacent (synteny)
OG00288,OG00783,4,operon-adjacent (synteny)
OG05304,OG05415,4,operon-adjacent (synteny)
OG00850,OG05984,4,operon-adjacent (synteny)
OG00851,OG12043,4,operon-adjacent (synteny)
OG00852,OG01511,4,operon-adjacent (synteny)
OG00852,OG01734,4,operon-adjacent (synteny)
OG00873,OG15464,4,operon-adjacent (synteny)
OG00278,OG05230,4,operon-adjacent (synteny)
OG00278,OG14672,4,operon-adjacent (synteny)
OG00278,OG14958,4,operon-adjacent (synteny)
OG00869,OG03795,4,operon-adjacent (synteny)
OG00865,OG16690,4,operon-adjacent (synteny)
OG00866,OG00964,4,operon-adjacent (synteny)
OG00859,OG14806,4,operon-adjacent (synteny)
OG00861,OG02434,4,operon-adjacent (synteny)
OG00862,OG13509,4,operon-adjacent (synteny)
OG00863,OG02249,4,operon-adjacent (synteny)
OG00288,OG06121,4,operon-adjacent (synteny)
OG00329,OG01885,4,operon-adjacent (synteny)
OG05842,OG05917,4,operon-adjacent (synteny)
OG05849,OG06887,4,operon-adjacent (synteny)
OG05849,OG15387,4,operon-adjacent (synteny)
OG05850,OG05962,4,operon-adjacent (synteny)
OG05782,OG06125,4,operon-adjacent (synteny)
OG05784,OG06935,4,operon-adjacent (synteny)
OG05798,OG05946,4,operon-adjacent (synteny)
OG05798,OG06216,4,operon-adjacent (synteny)
OG05801,OG16735,4,operon-adjacent (synteny)
OG05807,OG06192,4,operon-adjacent (synteny)
OG00019,OG01756,4,operon-adjacent (synteny)
OG05782,OG05889,4,operon-adjacent (synteny)
OG00019,OG01541,4,operon-adjacent (synteny)
OG00303,OG14731,4,operon-adjacent (synteny)
OG00019,OG01593,4,operon-adjacent (synteny)
OG00806,OG14778,4,operon-adjacent (synteny)
OG00806,OG16613,4,operon-adjacent (synteny)
OG00807,OG03917,4,operon-adjacent (synteny)
OG00807,OG05463,4,operon-adjacent (synteny)
OG00807,OG15005,4,operon-adjacent (synteny)
OG00326,OG00725,4,operon-adjacent (synteny)
OG00326,OG02240,4,operon-adjacent (synteny)
OG00322,OG00674,4,operon-adjacent (synteny)
OG00322,OG15122,4,operon-adjacent (synteny)
OG00324,OG10187,4,operon-adjacent (synteny)
OG00326,OG00355,4,operon-adjacent (synteny)
OG00806,OG01037,4,operon-adjacent (synteny)
OG00019,OG01452,4,operon-adjacent (synteny)
OG00019,OG01466,4,operon-adjacent (synteny)
OG00019,OG01591,4,operon-adjacent (synteny)
OG00792,OG15258,4,operon-adjacent (synteny)
OG00795,OG04617,4,operon-adjacent (synteny)
OG00795,OG06134,4,operon-adjacent (synteny)
OG00789,OG01243,4,operon-adjacent (synteny)
OG00790,OG02601,4,operon-adjacent (synteny)
OG00790,OG05495,4,operon-adjacent (synteny)
OG05959,OG06049,4,operon-adjacent (synteny)
OG05960,OG06066,4,operon-adjacent (synteny)
OG05960,OG06085,4,operon-adjacent (synteny)
OG05978,OG06140,4,operon-adjacent (synteny)
OG05980,OG06948,4,operon-adjacent (synteny)
OG05950,OG06081,4,operon-adjacent (synteny)
OG05953,OG06097,4,operon-adjacent (synteny)
OG05912,OG06118,4,operon-adjacent (synteny)
OG00328,OG02660,4,operon-adjacent (synteny)
OG05925,OG06662,4,operon-adjacent (synteny)
OG05855,OG05891,4,operon-adjacent (synteny)
OG05889,OG05919,4,operon-adjacent (synteny)
OG05895,OG05996,4,operon-adjacent (synteny)
OG00803,OG03602,4,operon-adjacent (synteny)
OG00803,OG06010,4,operon-adjacent (synteny)
OG00804,OG01719,4,operon-adjacent (synteny)
OG00798,OG15109,4,operon-adjacent (synteny)
OG00799,OG00929,4,operon-adjacent (synteny)
OG00801,OG13738,4,operon-adjacent (synteny)
OG00803,OG00946,4,operon-adjacent (synteny)
OG00329,OG12021,4,operon-adjacent (synteny)
OG00330,OG05524,4,operon-adjacent (synteny)
OG00798,OG14508,4,operon-adjacent (synteny)
OG00327,OG07045,4,operon-adjacent (synteny)
OG05917,OG06173,4,operon-adjacent (synteny)
OG00822,OG15188,4,operon-adjacent (synteny)
OG00307,OG14660,4,operon-adjacent (synteny)
OG00307,OG14973,4,operon-adjacent (synteny)
OG00308,OG00945,4,operon-adjacent (synteny)
OG05640,OG05719,4,operon-adjacent (synteny)
OG05642,OG06014,4,operon-adjacent (synteny)
OG05663,OG06062,4,operon-adjacent (synteny)
OG05668,OG05919,4,operon-adjacent (synteny)
OG05682,OG05910,4,operon-adjacent (synteny)
OG05613,OG05959,4,operon-adjacent (synteny)
OG05615,OG05999,4,operon-adjacent (synteny)
OG05617,OG05885,4,operon-adjacent (synteny)
OG05634,OG17018,4,operon-adjacent (synteny)
OG05568,OG06498,4,operon-adjacent (synteny)
OG00019,OG01497,4,operon-adjacent (synteny)
OG05574,OG05906,4,operon-adjacent (synteny)
OG05581,OG05881,4,operon-adjacent (synteny)
OG05587,OG05920,4,operon-adjacent (synteny)
OG05535,OG06060,4,operon-adjacent (synteny)
OG05538,OG05927,4,operon-adjacent (synteny)
OG05543,OG05630,4,operon-adjacent (synteny)
OG05547,OG05672,4,operon-adjacent (synteny)
OG05553,OG05636,4,operon-adjacent (synteny)
OG00834,OG11529,4,operon-adjacent (synteny)
OG00839,OG13763,4,operon-adjacent (synteny)
OG00830,OG01852,4,operon-adjacent (synteny)
OG00830,OG05357,4,operon-adjacent (synteny)
OG00831,OG04450,4,operon-adjacent (synteny)
OG00831,OG15443,4,operon-adjacent (synteny)
OG00305,OG04780,4,operon-adjacent (synteny)
OG05573,OG05761,4,operon-adjacent (synteny)
OG05753,OG11651,4,operon-adjacent (synteny)
OG05761,OG05862,4,operon-adjacent (synteny)
OG05769,OG06140,4,operon-adjacent (synteny)
OG05729,OG15337,4,operon-adjacent (synteny)
OG05741,OG05874,4,operon-adjacent (synteny)
OG05742,OG05876,4,operon-adjacent (synteny)
OG05743,OG06625,4,operon-adjacent (synteny)
OG05688,OG06117,4,operon-adjacent (synteny)
OG05702,OG05840,4,operon-adjacent (synteny)
OG05702,OG06173,4,operon-adjacent (synteny)
OG00305,OG10491,4,operon-adjacent (synteny)
OG00306,OG01692,4,operon-adjacent (synteny)
OG00306,OG03310,4,operon-adjacent (synteny)
OG00306,OG05030,4,operon-adjacent (synteny)
OG00306,OG15769,4,operon-adjacent (synteny)
OG00313,OG02941,4,operon-adjacent (synteny)
OG00811,OG09128,4,operon-adjacent (synteny)
OG00815,OG03294,4,operon-adjacent (synteny)
OG00816,OG05831,4,operon-adjacent (synteny)
OG00816,OG06082,4,operon-adjacent (synteny)
OG00808,OG01699,4,operon-adjacent (synteny)
OG00808,OG04218,4,operon-adjacent (synteny)
OG00809,OG06652,4,operon-adjacent (synteny)
OG00810,OG01845,4,operon-adjacent (synteny)
OG00827,OG03454,4,operon-adjacent (synteny)
OG00827,OG13555,4,operon-adjacent (synteny)
OG00829,OG12143,4,operon-adjacent (synteny)
OG00824,OG03790,4,operon-adjacent (synteny)
OG00825,OG04937,4,operon-adjacent (synteny)
OG00826,OG02625,4,operon-adjacent (synteny)
OG00826,OG05315,4,operon-adjacent (synteny)
OG00817,OG01800,4,operon-adjacent (synteny)
OG00019,OG06123,4,operon-adjacent (synteny)
OG00019,OG06548,4,operon-adjacent (synteny)
OG00928,OG14768,4,operon-adjacent (synteny)
OG00929,OG01657,4,operon-adjacent (synteny)
OG00929,OG03161,4,operon-adjacent (synteny)
OG00929,OG03705,4,operon-adjacent (synteny)
OG00929,OG05368,4,operon-adjacent (synteny)
OG00255,OG12803,4,operon-adjacent (synteny)
OG00255,OG15437,4,operon-adjacent (synteny)
OG00257,OG00711,4,operon-adjacent (synteny)
OG00257,OG02251,4,operon-adjacent (synteny)
OG00255,OG04038,4,operon-adjacent (synteny)
OG00255,OG11378,4,operon-adjacent (synteny)
OG00255,OG02800,4,operon-adjacent (synteny)
OG00019,OG02602,4,operon-adjacent (synteny)
OG00255,OG03171,4,operon-adjacent (synteny)
OG00255,OG03467,4,operon-adjacent (synteny)
OG00945,OG06105,4,operon-adjacent (synteny)
OG00943,OG15323,4,operon-adjacent (synteny)
OG00945,OG01098,4,operon-adjacent (synteny)
OG00945,OG01571,4,operon-adjacent (synteny)
OG00939,OG01247,4,operon-adjacent (synteny)
OG00942,OG09985,4,operon-adjacent (synteny)
OG00934,OG03415,4,operon-adjacent (synteny)
OG00019,OG05167,4,operon-adjacent (synteny)
OG00019,OG05232,4,operon-adjacent (synteny)
OG00019,OG05269,4,operon-adjacent (synteny)
OG04721,OG09876,4,operon-adjacent (synteny)
OG04724,OG13755,4,operon-adjacent (synteny)
OG04724,OG15068,4,operon-adjacent (synteny)
OG00255,OG03104,4,operon-adjacent (synteny)
OG04857,OG05042,4,operon-adjacent (synteny)
OG04809,OG15811,4,operon-adjacent (synteny)
OG04791,OG12053,4,operon-adjacent (synteny)
OG04805,OG13749,4,operon-adjacent (synteny)
OG00924,OG02308,4,operon-adjacent (synteny)
OG00927,OG01116,4,operon-adjacent (synteny)
OG00927,OG01590,4,operon-adjacent (synteny)
OG00927,OG01811,4,operon-adjacent (synteny)
OG00922,OG06731,4,operon-adjacent (synteny)
OG00922,OG12075,4,operon-adjacent (synteny)
OG00261,OG01962,4,operon-adjacent (synteny)
OG00258,OG09104,4,operon-adjacent (synteny)
OG00258,OG11859,4,operon-adjacent (synteny)
OG00258,OG12342,4,operon-adjacent (synteny)
OG00019,OG05981,4,operon-adjacent (synteny)
OG00259,OG01551,4,operon-adjacent (synteny)
OG04763,OG13553,4,operon-adjacent (synteny)
OG04772,OG13586,4,operon-adjacent (synteny)
OG04780,OG13675,4,operon-adjacent (synteny)
OG04786,OG15000,4,operon-adjacent (synteny)
OG04731,OG14621,4,operon-adjacent (synteny)
OG04746,OG15504,4,operon-adjacent (synteny)
OG04747,OG14802,4,operon-adjacent (synteny)
OG04748,OG04775,4,operon-adjacent (synteny)
OG04759,OG12192,4,operon-adjacent (synteny)
OG00019,OG07009,4,operon-adjacent (synteny)
OG00019,OG08973,4,operon-adjacent (synteny)
OG00019,OG05790,4,operon-adjacent (synteny)
OG00019,OG05802,4,operon-adjacent (synteny)
OG00019,OG05963,4,operon-adjacent (synteny)
OG00259,OG00306,4,operon-adjacent (synteny)
OG00964,OG03689,4,operon-adjacent (synteny)
OG00965,OG01196,4,operon-adjacent (synteny)
OG00965,OG01732,4,operon-adjacent (synteny)
OG00961,OG06003,4,operon-adjacent (synteny)
OG00961,OG16487,4,operon-adjacent (synteny)
OG00963,OG01709,4,operon-adjacent (synteny)
OG00959,OG02003,4,operon-adjacent (synteny)
OG00960,OG00992,4,operon-adjacent (synteny)
OG00960,OG05215,4,operon-adjacent (synteny)
OG00960,OG12845,4,operon-adjacent (synteny)
OG00961,OG01192,4,operon-adjacent (synteny)
OG00961,OG02221,4,operon-adjacent (synteny)
OG04408,OG04709,4,operon-adjacent (synteny)
OG04412,OG04594,4,operon-adjacent (synteny)
OG04631,OG04684,4,operon-adjacent (synteny)
OG04435,OG05851,4,operon-adjacent (synteny)
OG04358,OG15173,4,operon-adjacent (synteny)
OG04369,OG11512,4,operon-adjacent (synteny)
OG04381,OG04729,4,operon-adjacent (synteny)
OG04388,OG16695,4,operon-adjacent (synteny)
OG00019,OG13605,4,operon-adjacent (synteny)
OG00019,OG13727,4,operon-adjacent (synteny)
OG00019,OG12187,4,operon-adjacent (synteny)
OG00019,OG12288,4,operon-adjacent (synteny)
OG00968,OG14789,4,operon-adjacent (synteny)
OG00973,OG02438,4,operon-adjacent (synteny)
OG00973,OG05564,4,operon-adjacent (synteny)
OG00255,OG00387,4,operon-adjacent (synteny)
OG00250,OG06149,4,operon-adjacent (synteny)
OG00252,OG02492,4,operon-adjacent (synteny)
OG04425,OG13651,4,operon-adjacent (synteny)
OG04631,OG12541,4,operon-adjacent (synteny)
OG04661,OG11833,4,operon-adjacent (synteny)
OG04606,OG05002,4,operon-adjacent (synteny)
OG04606,OG14824,4,operon-adjacent (synteny)
OG04616,OG15476,4,operon-adjacent (synteny)
OG00957,OG02048,4,operon-adjacent (synteny)
OG00957,OG05462,4,operon-adjacent (synteny)
OG00958,OG14643,4,operon-adjacent (synteny)
OG00959,OG00965,4,operon-adjacent (synteny)
OG00255,OG01630,4,operon-adjacent (synteny)
OG00948,OG03143,4,operon-adjacent (synteny)
OG00948,OG04136,4,operon-adjacent (synteny)
OG00948,OG09178,4,operon-adjacent (synteny)
OG00255,OG01072,4,operon-adjacent (synteny)
OG00255,OG01133,4,operon-adjacent (synteny)
OG00964,OG03474,4,operon-adjacent (synteny)
OG00255,OG01034,4,operon-adjacent (synteny)
OG04584,OG05167,4,operon-adjacent (synteny)
OG04587,OG14675,4,operon-adjacent (synteny)
OG04588,OG14682,4,operon-adjacent (synteny)
OG04519,OG05522,4,operon-adjacent (synteny)
OG04554,OG15721,4,operon-adjacent (synteny)
OG04577,OG05148,4,operon-adjacent (synteny)
OG04469,OG11180,4,operon-adjacent (synteny)
OG04498,OG05729,4,operon-adjacent (synteny)
OG04501,OG13547,4,operon-adjacent (synteny)
OG04515,OG11722,4,operon-adjacent (synteny)
OG04515,OG12651,4,operon-adjacent (synteny)
OG04435,OG06842,4,operon-adjacent (synteny)
OG04458,OG04652,4,operon-adjacent (synteny)
OG00965,OG08620,4,operon-adjacent (synteny)
OG00255,OG01194,4,operon-adjacent (synteny)
OG00891,OG01310,4,operon-adjacent (synteny)
OG00891,OG15440,4,operon-adjacent (synteny)
OG00892,OG11129,4,operon-adjacent (synteny)
OG00887,OG05939,4,operon-adjacent (synteny)
OG00887,OG06096,4,operon-adjacent (synteny)
OG00888,OG03037,4,operon-adjacent (synteny)
OG00891,OG01003,4,operon-adjacent (synteny)
OG00891,OG01190,4,operon-adjacent (synteny)
OG05069,OG05147,4,operon-adjacent (synteny)
OG05091,OG06337,4,operon-adjacent (synteny)
OG05021,OG05151,4,operon-adjacent (synteny)
OG05053,OG05091,4,operon-adjacent (synteny)
OG05055,OG05125,4,operon-adjacent (synteny)
OG05055,OG15472,4,operon-adjacent (synteny)
OG04834,OG05060,4,operon-adjacent (synteny)
OG05002,OG14964,4,operon-adjacent (synteny)
OG05002,OG15198,4,operon-adjacent (synteny)
OG05015,OG15924,4,operon-adjacent (synteny)
OG05015,OG16580,4,operon-adjacent (synteny)
OG04980,OG05145,4,operon-adjacent (synteny)
OG00896,OG01551,4,operon-adjacent (synteny)
OG00896,OG03270,4,operon-adjacent (synteny)
OG00898,OG02059,4,operon-adjacent (synteny)
OG00269,OG00377,4,operon-adjacent (synteny)
OG00894,OG01317,4,operon-adjacent (synteny)
OG00894,OG03557,4,operon-adjacent (synteny)
OG00895,OG06382,4,operon-adjacent (synteny)
OG00265,OG15369,4,operon-adjacent (synteny)
OG00265,OG15490,4,operon-adjacent (synteny)
OG00268,OG03095,4,operon-adjacent (synteny)
OG05002,OG05861,4,operon-adjacent (synteny)
OG05248,OG05395,4,operon-adjacent (synteny)
OG05254,OG05423,4,operon-adjacent (synteny)
OG05261,OG05642,4,operon-adjacent (synteny)
OG05262,OG06033,4,operon-adjacent (synteny)
OG05226,OG06198,4,operon-adjacent (synteny)
OG05228,OG06150,4,operon-adjacent (synteny)
OG05236,OG05361,4,operon-adjacent (synteny)
OG05237,OG05893,4,operon-adjacent (synteny)
OG05240,OG05639,4,operon-adjacent (synteny)
OG00885,OG02565,4,operon-adjacent (synteny)
OG00885,OG03456,4,operon-adjacent (synteny)
OG00882,OG03523,4,operon-adjacent (synteny)
OG00883,OG15413,4,operon-adjacent (synteny)
OG00885,OG01078,4,operon-adjacent (synteny)
OG00891,OG01222,4,operon-adjacent (synteny)
OG00276,OG01329,4,operon-adjacent (synteny)
OG00278,OG03083,4,operon-adjacent (synteny)
OG00880,OG15192,4,operon-adjacent (synteny)
OG00270,OG01154,4,operon-adjacent (synteny)
OG00270,OG01563,4,operon-adjacent (synteny)
OG00270,OG04536,4,operon-adjacent (synteny)
OG05189,OG11513,4,operon-adjacent (synteny)
OG05131,OG05216,4,operon-adjacent (synteny)
OG05115,OG14923,4,operon-adjacent (synteny)
OG05115,OG15450,4,operon-adjacent (synteny)
OG05122,OG16909,4,operon-adjacent (synteny)
OG05122,OG16929,4,operon-adjacent (synteny)
OG00265,OG02463,4,operon-adjacent (synteny)
OG00265,OG03214,4,operon-adjacent (synteny)
OG00265,OG04108,4,operon-adjacent (synteny)
OG00274,OG15402,4,operon-adjacent (synteny)
OG00265,OG00977,4,operon-adjacent (synteny)
OG00265,OG00978,4,operon-adjacent (synteny)
OG04915,OG15535,4,operon-adjacent (synteny)
OG00019,OG03780,4,operon-adjacent (synteny)
OG04912,OG13758,4,operon-adjacent (synteny)
OG04912,OG14425,4,operon-adjacent (synteny)
OG04915,OG04957,4,operon-adjacent (synteny)
OG04915,OG14639,4,operon-adjacent (synteny)
OG04889,OG04906,4,operon-adjacent (synteny)
OG04906,OG05133,4,operon-adjacent (synteny)
OG04882,OG15063,4,operon-adjacent (synteny)
OG04884,OG12113,4,operon-adjacent (synteny)
OG04885,OG05437,4,operon-adjacent (synteny)
OG04885,OG16954,4,operon-adjacent (synteny)
OG00268,OG03751,4,operon-adjacent (synteny)
OG00919,OG14971,4,operon-adjacent (synteny)
OG00258,OG02035,4,operon-adjacent (synteny)
OG00916,OG14678,4,operon-adjacent (synteny)
OG00917,OG06081,4,operon-adjacent (synteny)
OG00916,OG04554,4,operon-adjacent (synteny)
OG00916,OG10202,4,operon-adjacent (synteny)
OG00916,OG11138,4,operon-adjacent (synteny)
OG00916,OG11522,4,operon-adjacent (synteny)
OG00916,OG02901,4,operon-adjacent (synteny)
OG00916,OG04004,4,operon-adjacent (synteny)
OG04862,OG12353,4,operon-adjacent (synteny)
OG04864,OG05161,4,operon-adjacent (synteny)
OG04871,OG05100,4,operon-adjacent (synteny)
OG04880,OG05052,4,operon-adjacent (synteny)
OG04880,OG05062,4,operon-adjacent (synteny)
OG00918,OG01653,4,operon-adjacent (synteny)
OG00265,OG05205,4,operon-adjacent (synteny)
OG00265,OG05696,4,operon-adjacent (synteny)
OG00265,OG15250,4,operon-adjacent (synteny)
OG00265,OG15273,4,operon-adjacent (synteny)
OG00264,OG15072,4,operon-adjacent (synteny)
OG00265,OG00452,4,operon-adjacent (synteny)
OG00265,OG00609,4,operon-adjacent (synteny)
OG00905,OG00928,4,operon-adjacent (synteny)
OG00905,OG14685,4,operon-adjacent (synteny)
OG00907,OG08264,4,operon-adjacent (synteny)
OG00908,OG01879,4,operon-adjacent (synteny)
OG00903,OG11501,4,operon-adjacent (synteny)
OG00904,OG01602,4,operon-adjacent (synteny)
OG00904,OG02998,4,operon-adjacent (synteny)
OG00898,OG02543,4,operon-adjacent (synteny)
OG00912,OG03118,4,operon-adjacent (synteny)
OG00898,OG04294,4,operon-adjacent (synteny)
OG00899,OG02094,4,operon-adjacent (synteny)
OG00900,OG02710,4,operon-adjacent (synteny)
OG04955,OG05128,4,operon-adjacent (synteny)
OG04933,OG06926,4,operon-adjacent (synteny)
OG04936,OG15677,4,operon-adjacent (synteny)
OG00019,OG04921,4,operon-adjacent (synteny)
OG00019,OG04983,4,operon-adjacent (synteny)
OG04916,OG05161,4,operon-adjacent (synteny)
OG00019,OG04266,4,operon-adjacent (synteny)
OG00916,OG02163,4,operon-adjacent (synteny)
OG00916,OG02267,4,operon-adjacent (synteny)
OG00916,OG01163,4,operon-adjacent (synteny)
OG00265,OG01833,4,operon-adjacent (synteny)
OG00265,OG01885,4,operon-adjacent (synteny)
OG00898,OG03554,4,operon-adjacent (synteny)
OG17050,OG17059,3,operon-adjacent (synteny)
OG00000,OG04207,3,operon-adjacent (synteny)
OG00003,OG00003,3,operon-adjacent (synteny)
OG00003,OG00099,3,operon-adjacent (synteny)
OG00003,OG00128,3,operon-adjacent (synteny)
OG00003,OG00143,3,operon-adjacent (synteny)
OG00003,OG00194,3,operon-adjacent (synteny)
OG00474,OG15271,3,operon-adjacent (synteny)
OG15934,OG16497,3,operon-adjacent (synteny)
OG15935,OG16556,3,operon-adjacent (synteny)
OG15945,OG16521,3,operon-adjacent (synteny)
OG15954,OG16031,3,operon-adjacent (synteny)
OG15954,OG16328,3,operon-adjacent (synteny)
OG16161,OG16497,3,operon-adjacent (synteny)
OG16238,OG16476,3,operon-adjacent (synteny)
OG00464,OG12998,3,operon-adjacent (synteny)
OG00464,OG15261,3,operon-adjacent (synteny)
OG00466,OG01200,3,operon-adjacent (synteny)
OG00466,OG01403,3,operon-adjacent (synteny)
OG00466,OG02886,3,operon-adjacent (synteny)
OG00468,OG03971,3,operon-adjacent (synteny)
OG00472,OG00916,3,operon-adjacent (synteny)
OG00474,OG06973,3,operon-adjacent (synteny)
OG00003,OG05194,3,operon-adjacent (synteny)
OG00003,OG10213,3,operon-adjacent (synteny)
OG14947,OG15036,3,operon-adjacent (synteny)
OG14948,OG15478,3,operon-adjacent (synteny)
OG14949,OG15185,3,operon-adjacent (synteny)
OG14953,OG15200,3,operon-adjacent (synteny)
OG14963,OG15198,3,operon-adjacent (synteny)
OG00463,OG02027,3,operon-adjacent (synteny)
OG00455,OG07662,3,operon-adjacent (synteny)
OG00457,OG13982,3,operon-adjacent (synteny)
OG00457,OG14185,3,operon-adjacent (synteny)
OG00463,OG01329,3,operon-adjacent (synteny)
OG00485,OG03821,3,operon-adjacent (synteny)
OG00485,OG06105,3,operon-adjacent (synteny)
OG00488,OG01317,3,operon-adjacent (synteny)
OG00003,OG04495,3,operon-adjacent (synteny)
OG02013,OG02120,3,operon-adjacent (synteny)
OG01977,OG05210,3,operon-adjacent (synteny)
OG01977,OG05368,3,operon-adjacent (synteny)
OG01977,OG13761,3,operon-adjacent (synteny)
OG01977,OG15183,3,operon-adjacent (synteny)
OG01979,OG02670,3,operon-adjacent (synteny)
OG01979,OG16915,3,operon-adjacent (synteny)
OG01986,OG02052,3,operon-adjacent (synteny)
OG00079,OG01920,3,operon-adjacent (synteny)
OG00079,OG03707,3,operon-adjacent (synteny)
OG00079,OG06222,3,operon-adjacent (synteny)
OG00079,OG14016,3,operon-adjacent (synteny)
OG02006,OG03571,3,operon-adjacent (synteny)
OG02006,OG05629,3,operon-adjacent (synteny)
OG02009,OG10384,3,operon-adjacent (synteny)
OG02010,OG02468,3,operon-adjacent (synteny)
OG00076,OG04819,3,operon-adjacent (synteny)
OG00079,OG00189,3,operon-adjacent (synteny)
OG00079,OG00727,3,operon-adjacent (synteny)
OG02039,OG02657,3,operon-adjacent (synteny)
OG02047,OG03673,3,operon-adjacent (synteny)
OG02047,OG16512,3,operon-adjacent (synteny)
OG00079,OG01396,3,operon-adjacent (synteny)
OG00079,OG01520,3,operon-adjacent (synteny)
OG02031,OG13655,3,operon-adjacent (synteny)
OG02035,OG05781,3,operon-adjacent (synteny)
OG00075,OG11336,3,operon-adjacent (synteny)
OG00075,OG12869,3,operon-adjacent (synteny)
OG00075,OG13722,3,operon-adjacent (synteny)
OG00075,OG14452,3,operon-adjacent (synteny)
OG00075,OG14865,3,operon-adjacent (synteny)
OG00076,OG00355,3,operon-adjacent (synteny)
OG01972,OG11780,3,operon-adjacent (synteny)
OG00080,OG02176,3,operon-adjacent (synteny)
OG00082,OG00559,3,operon-adjacent (synteny)
OG00082,OG10522,3,operon-adjacent (synteny)
OG00085,OG00143,3,operon-adjacent (synteny)
OG00085,OG00869,3,operon-adjacent (synteny)
OG00085,OG00997,3,operon-adjacent (synteny)
OG00088,OG03126,3,operon-adjacent (synteny)
OG02072,OG16164,3,operon-adjacent (synteny)
OG02072,OG16761,3,operon-adjacent (synteny)
OG00075,OG01977,3,operon-adjacent (synteny)
OG00075,OG02406,3,operon-adjacent (synteny)
OG00075,OG02430,3,operon-adjacent (synteny)
OG01967,OG05100,3,operon-adjacent (synteny)
OG01968,OG02027,3,operon-adjacent (synteny)
OG01972,OG02601,3,operon-adjacent (synteny)
OG02003,OG02601,3,operon-adjacent (synteny)
OG02003,OG03034,3,operon-adjacent (synteny)
OG02053,OG10226,3,operon-adjacent (synteny)
OG02063,OG02446,3,operon-adjacent (synteny)
OG02063,OG02749,3,operon-adjacent (synteny)
OG02069,OG02191,3,operon-adjacent (synteny)
OG02072,OG13890,3,operon-adjacent (synteny)
OG02072,OG13942,3,operon-adjacent (synteny)
OG01989,OG03028,3,operon-adjacent (synteny)
OG01989,OG06753,3,operon-adjacent (synteny)
OG01993,OG10227,3,operon-adjacent (synteny)
OG01994,OG02274,3,operon-adjacent (synteny)
OG01994,OG05826,3,operon-adjacent (synteny)
OG01997,OG02115,3,operon-adjacent (synteny)
OG01997,OG15282,3,operon-adjacent (synteny)
OG02000,OG02624,3,operon-adjacent (synteny)
OG01967,OG04492,3,operon-adjacent (synteny)
OG01967,OG04887,3,operon-adjacent (synteny)
OG01933,OG05028,3,operon-adjacent (synteny)
OG01933,OG17071,3,operon-adjacent (synteny)
OG01934,OG08890,3,operon-adjacent (synteny)
OG01935,OG03855,3,operon-adjacent (synteny)
OG01937,OG15176,3,operon-adjacent (synteny)
OG01939,OG05739,3,operon-adjacent (synteny)
OG00093,OG01201,3,operon-adjacent (synteny)
OG01955,OG02991,3,operon-adjacent (synteny)
OG01955,OG06773,3,operon-adjacent (synteny)
OG01955,OG06910,3,operon-adjacent (synteny)
OG01955,OG13992,3,operon-adjacent (synteny)
OG01958,OG06011,3,operon-adjacent (synteny)
OG01959,OG02097,3,operon-adjacent (synteny)
OG01966,OG02173,3,operon-adjacent (synteny)
OG02075,OG09900,3,operon-adjacent (synteny)
OG02076,OG03852,3,operon-adjacent (synteny)
OG02078,OG14526,3,operon-adjacent (synteny)
OG02084,OG05638,3,operon-adjacent (synteny)
OG00091,OG05764,3,operon-adjacent (synteny)
OG00093,OG00093,3,operon-adjacent (synteny)
OG00093,OG00143,3,operon-adjacent (synteny)
OG00093,OG00474,3,operon-adjacent (synteny)
OG00089,OG00493,3,operon-adjacent (synteny)
OG01973,OG06898,3,operon-adjacent (synteny)
OG01973,OG14169,3,operon-adjacent (synteny)
OG01977,OG02139,3,operon-adjacent (synteny)
OG01977,OG03795,3,operon-adjacent (synteny)
OG00075,OG03342,3,operon-adjacent (synteny)
OG00075,OG03389,3,operon-adjacent (synteny)
OG02072,OG16935,3,operon-adjacent (synteny)
OG01931,OG03275,3,operon-adjacent (synteny)
OG01931,OG04183,3,operon-adjacent (synteny)
OG01932,OG02103,3,operon-adjacent (synteny)
OG01932,OG13943,3,operon-adjacent (synteny)
OG01932,OG14105,3,operon-adjacent (synteny)
OG01932,OG15100,3,operon-adjacent (synteny)
OG02102,OG06016,3,operon-adjacent (synteny)
OG02103,OG16739,3,operon-adjacent (synteny)
OG00075,OG01057,3,operon-adjacent (synteny)
OG02092,OG03986,3,operon-adjacent (synteny)
OG02102,OG02712,3,operon-adjacent (synteny)
OG00093,OG14838,3,operon-adjacent (synteny)
OG00094,OG01183,3,operon-adjacent (synteny)
OG00095,OG05035,3,operon-adjacent (synteny)
OG01928,OG05043,3,operon-adjacent (synteny)
OG01931,OG02567,3,operon-adjacent (synteny)
OG00091,OG02592,3,operon-adjacent (synteny)
OG00075,OG00255,3,operon-adjacent (synteny)
OG00075,OG00398,3,operon-adjacent (synteny)
OG00075,OG00457,3,operon-adjacent (synteny)
OG00075,OG00531,3,operon-adjacent (synteny)
OG00075,OG00540,3,operon-adjacent (synteny)
OG00075,OG00583,3,operon-adjacent (synteny)
OG00075,OG00916,3,operon-adjacent (synteny)
OG01941,OG02356,3,operon-adjacent (synteny)
OG01941,OG06190,3,operon-adjacent (synteny)
OG01941,OG10017,3,operon-adjacent (synteny)
OG01942,OG02119,3,operon-adjacent (synteny)
OG01942,OG06001,3,operon-adjacent (synteny)
OG01949,OG05291,3,operon-adjacent (synteny)
OG01950,OG03979,3,operon-adjacent (synteny)
OG00091,OG00235,3,operon-adjacent (synteny)
OG01926,OG03577,3,operon-adjacent (synteny)
OG01927,OG03063,3,operon-adjacent (synteny)
OG00093,OG03733,3,operon-adjacent (synteny)
OG01890,OG14002,3,operon-adjacent (synteny)
OG01890,OG14160,3,operon-adjacent (synteny)
OG01891,OG17001,3,operon-adjacent (synteny)
OG01897,OG04790,3,operon-adjacent (synteny)
OG01899,OG01954,3,operon-adjacent (synteny)
OG00099,OG00101,3,operon-adjacent (synteny)
OG00099,OG00128,3,operon-adjacent (synteny)
OG00099,OG00224,3,operon-adjacent (synteny)
OG01911,OG09832,3,operon-adjacent (synteny)
OG01915,OG03089,3,operon-adjacent (synteny)
OG01919,OG06301,3,operon-adjacent (synteny)
OG01919,OG14000,3,operon-adjacent (synteny)
OG01920,OG16672,3,operon-adjacent (synteny)
OG00074,OG11635,3,operon-adjacent (synteny)
OG00074,OG11682,3,operon-adjacent (synteny)
OG00074,OG11855,3,operon-adjacent (synteny)
OG00098,OG03972,3,operon-adjacent (synteny)
OG00098,OG11384,3,operon-adjacent (synteny)
OG00098,OG11439,3,operon-adjacent (synteny)
OG00098,OG12143,3,operon-adjacent (synteny)
OG00098,OG15717,3,operon-adjacent (synteny)
OG02107,OG02869,3,operon-adjacent (synteny)
OG02109,OG14117,3,operon-adjacent (synteny)
OG02110,OG04056,3,operon-adjacent (synteny)
OG02111,OG02779,3,operon-adjacent (synteny)
OG02112,OG05427,3,operon-adjacent (synteny)
OG02113,OG06917,3,operon-adjacent (synteny)
OG02114,OG03019,3,operon-adjacent (synteny)
OG02114,OG06230,3,operon-adjacent (synteny)
OG00099,OG00711,3,operon-adjacent (synteny)
OG00099,OG00961,3,operon-adjacent (synteny)
OG00099,OG01190,3,operon-adjacent (synteny)
OG00099,OG01271,3,operon-adjacent (synteny)
OG00099,OG01522,3,operon-adjacent (synteny)
OG00099,OG01955,3,operon-adjacent (synteny)
OG01881,OG02973,3,operon-adjacent (synteny)
OG01885,OG16578,3,operon-adjacent (synteny)
OG00075,OG00218,3,operon-adjacent (synteny)
OG00075,OG00231,3,operon-adjacent (synteny)
OG02124,OG05897,3,operon-adjacent (synteny)
OG02124,OG14184,3,operon-adjacent (synteny)
OG02125,OG04519,3,operon-adjacent (synteny)
OG02135,OG14559,3,operon-adjacent (synteny)
OG02137,OG09371,3,operon-adjacent (synteny)
OG00099,OG00666,3,operon-adjacent (synteny)
OG00098,OG01576,3,operon-adjacent (synteny)
OG00074,OG13848,3,operon-adjacent (synteny)
OG00074,OG14140,3,operon-adjacent (synteny)
OG00074,OG15741,3,operon-adjacent (synteny)
OG00074,OG17032,3,operon-adjacent (synteny)
OG00075,OG00115,3,operon-adjacent (synteny)
OG00075,OG00151,3,operon-adjacent (synteny)
OG00075,OG00189,3,operon-adjacent (synteny)
OG01899,OG10455,3,operon-adjacent (synteny)
OG01900,OG02800,3,operon-adjacent (synteny)
OG01906,OG12737,3,operon-adjacent (synteny)
OG01908,OG14523,3,operon-adjacent (synteny)
OG01909,OG12975,3,operon-adjacent (synteny)
OG01911,OG02150,3,operon-adjacent (synteny)
OG00098,OG00961,3,operon-adjacent (synteny)
OG00098,OG01509,3,operon-adjacent (synteny)
OG00099,OG05905,3,operon-adjacent (synteny)
OG00099,OG13375,3,operon-adjacent (synteny)
OG00099,OG13405,3,operon-adjacent (synteny)
OG00099,OG14153,3,operon-adjacent (synteny)
OG00099,OG14795,3,operon-adjacent (synteny)
OG00099,OG15480,3,operon-adjacent (synteny)
OG01852,OG02038,3,operon-adjacent (synteny)
OG01855,OG04400,3,operon-adjacent (synteny)
OG02158,OG02251,3,operon-adjacent (synteny)
OG02158,OG13829,3,operon-adjacent (synteny)
OG00074,OG00762,3,operon-adjacent (synteny)
OG00074,OG00843,3,operon-adjacent (synteny)
OG00099,OG03877,3,operon-adjacent (synteny)
OG00099,OG04216,3,operon-adjacent (synteny)
OG00099,OG04656,3,operon-adjacent (synteny)
OG00099,OG04933,3,operon-adjacent (synteny)
OG01876,OG01922,3,operon-adjacent (synteny)
OG01876,OG12169,3,operon-adjacent (synteny)
OG00099,OG00255,3,operon-adjacent (synteny)
OG00099,OG00398,3,operon-adjacent (synteny)
OG00099,OG00402,3,operon-adjacent (synteny)
OG02139,OG02900,3,operon-adjacent (synteny)
OG02143,OG12025,3,operon-adjacent (synteny)
OG02143,OG12736,3,operon-adjacent (synteny)
OG01889,OG13848,3,operon-adjacent (synteny)
OG01890,OG04977,3,operon-adjacent (synteny)
OG01866,OG02828,3,operon-adjacent (synteny)
OG01867,OG02832,3,operon-adjacent (synteny)
OG01867,OG03607,3,operon-adjacent (synteny)
OG01867,OG06202,3,operon-adjacent (synteny)
OG01868,OG12475,3,operon-adjacent (synteny)
OG01873,OG06930,3,operon-adjacent (synteny)
OG01845,OG04568,3,operon-adjacent (synteny)
OG01846,OG16238,3,operon-adjacent (synteny)
OG01848,OG11334,3,operon-adjacent (synteny)
OG01850,OG02599,3,operon-adjacent (synteny)
OG01851,OG01874,3,operon-adjacent (synteny)
OG00099,OG02029,3,operon-adjacent (synteny)
OG00099,OG02492,3,operon-adjacent (synteny)
OG00099,OG02624,3,operon-adjacent (synteny)
OG02164,OG05620,3,operon-adjacent (synteny)
OG02165,OG06071,3,operon-adjacent (synteny)
OG02167,OG09894,3,operon-adjacent (synteny)
OG02167,OG10048,3,operon-adjacent (synteny)
OG01836,OG08573,3,operon-adjacent (synteny)
OG01836,OG10246,3,operon-adjacent (synteny)
OG01843,OG02213,3,operon-adjacent (synteny)
OG01843,OG16905,3,operon-adjacent (synteny)
OG00074,OG03299,3,operon-adjacent (synteny)
OG00074,OG04868,3,operon-adjacent (synteny)
OG00074,OG05034,3,operon-adjacent (synteny)
OG00074,OG06075,3,operon-adjacent (synteny)
OG02160,OG08058,3,operon-adjacent (synteny)
OG02163,OG05921,3,operon-adjacent (synteny)
OG02163,OG06080,3,operon-adjacent (synteny)
OG02163,OG11617,3,operon-adjacent (synteny)
OG01856,OG03316,3,operon-adjacent (synteny)
OG01856,OG10667,3,operon-adjacent (synteny)
OG01856,OG12408,3,operon-adjacent (synteny)
OG01859,OG03301,3,operon-adjacent (synteny)
OG01859,OG07027,3,operon-adjacent (synteny)
OG00074,OG02180,3,operon-adjacent (synteny)
OG00074,OG02324,3,operon-adjacent (synteny)
OG00074,OG02492,3,operon-adjacent (synteny)
OG01823,OG09099,3,operon-adjacent (synteny)
OG01827,OG04165,3,operon-adjacent (synteny)
OG01828,OG02393,3,operon-adjacent (synteny)
OG01829,OG02943,3,operon-adjacent (synteny)
OG01834,OG14819,3,operon-adjacent (synteny)
OG02193,OG03436,3,operon-adjacent (synteny)
OG02195,OG06221,3,operon-adjacent (synteny)
OG02196,OG04597,3,operon-adjacent (synteny)
OG00074,OG00411,3,operon-adjacent (synteny)
OG00074,OG00582,3,operon-adjacent (synteny)
OG00074,OG00605,3,operon-adjacent (synteny)
OG01811,OG01842,3,operon-adjacent (synteny)
OG01818,OG04602,3,operon-adjacent (synteny)
OG01820,OG13940,3,operon-adjacent (synteny)
OG01822,OG04178,3,operon-adjacent (synteny)
OG01822,OG05114,3,operon-adjacent (synteny)
OG00072,OG06811,3,operon-adjacent (synteny)
OG00074,OG00127,3,operon-adjacent (synteny)
OG00074,OG00143,3,operon-adjacent (synteny)
OG00074,OG00245,3,operon-adjacent (synteny)
OG00074,OG00337,3,operon-adjacent (synteny)
OG00074,OG00343,3,operon-adjacent (synteny)
OG00074,OG00361,3,operon-adjacent (synteny)
OG00074,OG00407,3,operon-adjacent (synteny)
OG00099,OG02803,3,operon-adjacent (synteny)
OG00099,OG02892,3,operon-adjacent (synteny)
OG00099,OG02942,3,operon-adjacent (synteny)
OG00099,OG03599,3,operon-adjacent (synteny)
OG00071,OG13773,3,operon-adjacent (synteny)
OG00071,OG13802,3,operon-adjacent (synteny)
OG00071,OG14174,3,operon-adjacent (synteny)
OG00072,OG03515,3,operon-adjacent (synteny)
OG01804,OG17015,3,operon-adjacent (synteny)
OG01806,OG14011,3,operon-adjacent (synteny)
OG01807,OG14386,3,operon-adjacent (synteny)
OG00071,OG01583,3,operon-adjacent (synteny)
OG00071,OG02404,3,operon-adjacent (synteny)
OG00071,OG03014,3,operon-adjacent (synteny)
OG00071,OG03052,3,operon-adjacent (synteny)
OG00071,OG03178,3,operon-adjacent (synteny)
OG00101,OG02774,3,operon-adjacent (synteny)
OG00101,OG06136,3,operon-adjacent (synteny)
OG01803,OG11531,3,operon-adjacent (synteny)
OG01803,OG13279,3,operon-adjacent (synteny)
OG01804,OG03284,3,operon-adjacent (synteny)
OG01804,OG04629,3,operon-adjacent (synteny)
OG01804,OG09895,3,operon-adjacent (synteny)
OG01804,OG16831,3,operon-adjacent (synteny)
OG02219,OG05980,3,operon-adjacent (synteny)
OG00071,OG00267,3,operon-adjacent (synteny)
OG00071,OG00515,3,operon-adjacent (synteny)
OG00100,OG00985,3,operon-adjacent (synteny)
OG00101,OG00235,3,operon-adjacent (synteny)
OG00101,OG00500,3,operon-adjacent (synteny)
OG00101,OG01227,3,operon-adjacent (synteny)
OG00101,OG01700,3,operon-adjacent (synteny)
OG02196,OG16885,3,operon-adjacent (synteny)
OG02203,OG02306,3,operon-adjacent (synteny)
OG02203,OG02455,3,operon-adjacent (synteny)
OG02203,OG02618,3,operon-adjacent (synteny)
OG02203,OG03237,3,operon-adjacent (synteny)
OG02203,OG06652,3,operon-adjacent (synteny)
OG02208,OG02667,3,operon-adjacent (synteny)
OG02211,OG05746,3,operon-adjacent (synteny)
OG01797,OG04901,3,operon-adjacent (synteny)
OG00099,OG16820,3,operon-adjacent (synteny)
OG01763,OG01763,3,operon-adjacent (synteny)
OG01764,OG09690,3,operon-adjacent (synteny)
OG01764,OG11384,3,operon-adjacent (synteny)
OG01765,OG02028,3,operon-adjacent (synteny)
OG01765,OG03776,3,operon-adjacent (synteny)
OG01765,OG14175,3,operon-adjacent (synteny)
OG00102,OG03631,3,operon-adjacent (synteny)
OG00102,OG04047,3,operon-adjacent (synteny)
OG01784,OG04278,3,operon-adjacent (synteny)
OG01785,OG02952,3,operon-adjacent (synteny)
OG01785,OG06139,3,operon-adjacent (synteny)
OG01791,OG01804,3,operon-adjacent (synteny)
OG01794,OG01833,3,operon-adjacent (synteny)
OG01794,OG13954,3,operon-adjacent (synteny)
OG02235,OG02569,3,operon-adjacent (synteny)
OG00102,OG00501,3,operon-adjacent (synteny)
OG00102,OG00848,3,operon-adjacent (synteny)
OG00102,OG01082,3,operon-adjacent (synteny)
OG00102,OG02247,3,operon-adjacent (synteny)
OG00102,OG02386,3,operon-adjacent (synteny)
OG00102,OG02889,3,operon-adjacent (synteny)
OG00102,OG03493,3,operon-adjacent (synteny)
OG00071,OG03655,3,operon-adjacent (synteny)
OG00071,OG06926,3,operon-adjacent (synteny)
OG02227,OG12005,3,operon-adjacent (synteny)
OG02229,OG02745,3,operon-adjacent (synteny)
OG02230,OG04196,3,operon-adjacent (synteny)
OG02232,OG05918,3,operon-adjacent (synteny)
OG02233,OG06395,3,operon-adjacent (synteny)
OG02233,OG06658,3,operon-adjacent (synteny)
OG01749,OG03894,3,operon-adjacent (synteny)
OG01749,OG04690,3,operon-adjacent (synteny)
OG01751,OG15163,3,operon-adjacent (synteny)
OG01753,OG08551,3,operon-adjacent (synteny)
OG01753,OG16711,3,operon-adjacent (synteny)
OG01756,OG03790,3,operon-adjacent (synteny)
OG01756,OG09375,3,operon-adjacent (synteny)
OG01758,OG04799,3,operon-adjacent (synteny)
OG00102,OG12117,3,operon-adjacent (synteny)
OG00102,OG14021,3,operon-adjacent (synteny)
OG00102,OG16310,3,operon-adjacent (synteny)
OG00105,OG14520,3,operon-adjacent (synteny)
OG00105,OG16701,3,operon-adjacent (synteny)
OG00108,OG01403,3,operon-adjacent (synteny)
OG00109,OG00239,3,operon-adjacent (synteny)
OG01745,OG10656,3,operon-adjacent (synteny)
OG00101,OG09999,3,operon-adjacent (synteny)
OG00070,OG00345,3,operon-adjacent (synteny)
OG00070,OG03784,3,operon-adjacent (synteny)
OG00071,OG00192,3,operon-adjacent (synteny)
OG02235,OG06144,3,operon-adjacent (synteny)
OG02238,OG09107,3,operon-adjacent (synteny)
OG02240,OG07249,3,operon-adjacent (synteny)
OG02242,OG02411,3,operon-adjacent (synteny)
OG01765,OG14364,3,operon-adjacent (synteny)
OG01768,OG03686,3,operon-adjacent (synteny)
OG01768,OG15486,3,operon-adjacent (synteny)
OG01774,OG04586,3,operon-adjacent (synteny)
OG01774,OG05208,3,operon-adjacent (synteny)
OG01780,OG02713,3,operon-adjacent (synteny)
OG01782,OG03984,3,operon-adjacent (synteny)
OG01782,OG04721,3,operon-adjacent (synteny)
OG01739,OG13823,3,operon-adjacent (synteny)
OG01741,OG13646,3,operon-adjacent (synteny)
OG01742,OG02163,3,operon-adjacent (synteny)
OG00102,OG04713,3,operon-adjacent (synteny)
OG00102,OG11055,3,operon-adjacent (synteny)
OG00112,OG14599,3,operon-adjacent (synteny)
OG00115,OG00412,3,operon-adjacent (synteny)
OG01714,OG04661,3,operon-adjacent (synteny)
OG01723,OG03647,3,operon-adjacent (synteny)
OG01723,OG05294,3,operon-adjacent (synteny)
OG01724,OG05506,3,operon-adjacent (synteny)
OG01727,OG04752,3,operon-adjacent (synteny)
OG01727,OG05660,3,operon-adjacent (synteny)
OG01729,OG06713,3,operon-adjacent (synteny)
OG01730,OG16772,3,operon-adjacent (synteny)
OG01737,OG06468,3,operon-adjacent (synteny)
OG02267,OG03104,3,operon-adjacent (synteny)
OG00067,OG00838,3,operon-adjacent (synteny)
OG00067,OG01014,3,operon-adjacent (synteny)
OG00067,OG02905,3,operon-adjacent (synteny)
OG00067,OG02910,3,operon-adjacent (synteny)
OG00067,OG03115,3,operon-adjacent (synteny)
OG01723,OG02671,3,operon-adjacent (synteny)
OG01723,OG02674,3,operon-adjacent (synteny)
OG01762,OG02598,3,operon-adjacent (synteny)
OG02248,OG05389,3,operon-adjacent (synteny)
OG02251,OG02685,3,operon-adjacent (synteny)
OG02251,OG14196,3,operon-adjacent (synteny)
OG02253,OG02874,3,operon-adjacent (synteny)
OG02256,OG05511,3,operon-adjacent (synteny)
OG02257,OG02484,3,operon-adjacent (synteny)
OG02265,OG15207,3,operon-adjacent (synteny)
OG01709,OG15485,3,operon-adjacent (synteny)
OG01709,OG16682,3,operon-adjacent (synteny)
OG01685,OG13879,3,operon-adjacent (synteny)
OG00116,OG03171,3,operon-adjacent (synteny)
OG00117,OG11701,3,operon-adjacent (synteny)
OG00119,OG00401,3,operon-adjacent (synteny)
OG00119,OG00803,3,operon-adjacent (synteny)
OG00119,OG01303,3,operon-adjacent (synteny)
OG02277,OG09711,3,operon-adjacent (synteny)
OG01696,OG02896,3,operon-adjacent (synteny)
OG01701,OG01856,3,operon-adjacent (synteny)
OG01701,OG03491,3,operon-adjacent (synteny)
OG01701,OG05929,3,operon-adjacent (synteny)
OG01703,OG13879,3,operon-adjacent (synteny)
OG01706,OG03095,3,operon-adjacent (synteny)
OG01709,OG09305,3,operon-adjacent (synteny)
OG00067,OG13601,3,operon-adjacent (synteny)
OG00067,OG13928,3,operon-adjacent (synteny)
OG00067,OG14032,3,operon-adjacent (synteny)
OG00067,OG14190,3,operon-adjacent (synteny)
OG02267,OG14367,3,operon-adjacent (synteny)
OG02267,OG15341,3,operon-adjacent (synteny)
OG02271,OG06027,3,operon-adjacent (synteny)
OG02272,OG02637,3,operon-adjacent (synteny)
OG01714,OG11869,3,operon-adjacent (synteny)
OG01714,OG14124,3,operon-adjacent (synteny)
OG01716,OG06301,3,operon-adjacent (synteny)
OG01717,OG02734,3,operon-adjacent (synteny)
OG01717,OG04715,3,operon-adjacent (synteny)
OG01718,OG04325,3,operon-adjacent (synteny)
OG01718,OG05914,3,operon-adjacent (synteny)
OG00067,OG03637,3,operon-adjacent (synteny)
OG00122,OG00957,3,operon-adjacent (synteny)
OG00124,OG00776,3,operon-adjacent (synteny)
OG00124,OG11191,3,operon-adjacent (synteny)
OG00124,OG11378,3,operon-adjacent (synteny)
OG00124,OG16064,3,operon-adjacent (synteny)
OG00125,OG04602,3,operon-adjacent (synteny)
OG00128,OG00255,3,operon-adjacent (synteny)
OG00128,OG00342,3,operon-adjacent (synteny)
OG00067,OG00151,3,operon-adjacent (synteny)
OG00067,OG00326,3,operon-adjacent (synteny)
OG00067,OG00391,3,operon-adjacent (synteny)
OG02290,OG11678,3,operon-adjacent (synteny)
OG02290,OG13936,3,operon-adjacent (synteny)
OG02297,OG02665,3,operon-adjacent (synteny)
OG02297,OG06498,3,operon-adjacent (synteny)
OG02300,OG02675,3,operon-adjacent (synteny)
OG01693,OG04042,3,operon-adjacent (synteny)
OG00061,OG04498,3,operon-adjacent (synteny)
OG00061,OG04583,3,operon-adjacent (synteny)
OG00061,OG05969,3,operon-adjacent (synteny)
OG00062,OG00231,3,operon-adjacent (synteny)
OG00065,OG02021,3,operon-adjacent (synteny)
OG00067,OG00115,3,operon-adjacent (synteny)
OG00067,OG00127,3,operon-adjacent (synteny)
OG00119,OG01385,3,operon-adjacent (synteny)
OG00119,OG01536,3,operon-adjacent (synteny)
OG00119,OG05284,3,operon-adjacent (synteny)
OG00121,OG00810,3,operon-adjacent (synteny)
OG01688,OG04803,3,operon-adjacent (synteny)
OG01690,OG12847,3,operon-adjacent (synteny)
OG01691,OG02333,3,operon-adjacent (synteny)
OG01693,OG03778,3,operon-adjacent (synteny)
OG01661,OG01806,3,operon-adjacent (synteny)
OG01661,OG07388,3,operon-adjacent (synteny)
OG01661,OG13814,3,operon-adjacent (synteny)
OG01665,OG02395,3,operon-adjacent (synteny)
OG01666,OG02466,3,operon-adjacent (synteny)
OG01673,OG02767,3,operon-adjacent (synteny)
OG01673,OG03289,3,operon-adjacent (synteny)
OG01673,OG10512,3,operon-adjacent (synteny)
OG00059,OG12576,3,operon-adjacent (synteny)
OG00059,OG13975,3,operon-adjacent (synteny)
OG00060,OG00099,3,operon-adjacent (synteny)
OG01656,OG16694,3,operon-adjacent (synteny)
OG01657,OG01672,3,operon-adjacent (synteny)
OG01660,OG02012,3,operon-adjacent (synteny)
OG01660,OG08739,3,operon-adjacent (synteny)
OG01661,OG01668,3,operon-adjacent (synteny)
OG02307,OG04616,3,operon-adjacent (synteny)
OG02307,OG05592,3,operon-adjacent (synteny)
OG02307,OG05775,3,operon-adjacent (synteny)
OG02310,OG04001,3,operon-adjacent (synteny)
OG02310,OG06139,3,operon-adjacent (synteny)
OG02311,OG05169,3,operon-adjacent (synteny)
OG02322,OG02736,3,operon-adjacent (synteny)
OG00059,OG12370,3,operon-adjacent (synteny)
OG01679,OG03916,3,operon-adjacent (synteny)
OG01679,OG13783,3,operon-adjacent (synteny)
OG01682,OG15444,3,operon-adjacent (synteny)
OG01683,OG04651,3,operon-adjacent (synteny)
OG01684,OG02781,3,operon-adjacent (synteny)
OG01684,OG03742,3,operon-adjacent (synteny)
OG02306,OG02634,3,operon-adjacent (synteny)
OG02306,OG11486,3,operon-adjacent (synteny)
OG00128,OG00975,3,operon-adjacent (synteny)
OG00128,OG02029,3,operon-adjacent (synteny)
OG00128,OG03651,3,operon-adjacent (synteny)
OG00128,OG03972,3,operon-adjacent (synteny)
OG00128,OG04684,3,operon-adjacent (synteny)
OG00128,OG05261,3,operon-adjacent (synteny)
OG00128,OG10981,3,operon-adjacent (synteny)
OG00128,OG11666,3,operon-adjacent (synteny)
OG02330,OG06220,3,operon-adjacent (synteny)
OG02338,OG02338,3,operon-adjacent (synteny)
OG02338,OG02461,3,operon-adjacent (synteny)
OG02340,OG03345,3,operon-adjacent (synteny)
OG01643,OG11157,3,operon-adjacent (synteny)
OG01645,OG06200,3,operon-adjacent (synteny)
OG01648,OG14782,3,operon-adjacent (synteny)
OG00128,OG00961,3,operon-adjacent (synteny)
OG00060,OG03382,3,operon-adjacent (synteny)
OG00061,OG00143,3,operon-adjacent (synteny)
OG00061,OG00474,3,operon-adjacent (synteny)
OG00061,OG00502,3,operon-adjacent (synteny)
OG00061,OG00725,3,operon-adjacent (synteny)
OG00061,OG00762,3,operon-adjacent (synteny)
OG00061,OG01246,3,operon-adjacent (synteny)
OG02329,OG09371,3,operon-adjacent (synteny)
OG01674,OG01861,3,operon-adjacent (synteny)
OG01674,OG06925,3,operon-adjacent (synteny)
OG01677,OG06847,3,operon-adjacent (synteny)
OG01678,OG03705,3,operon-adjacent (synteny)
OG00122,OG00261,3,operon-adjacent (synteny)
OG00060,OG00156,3,operon-adjacent (synteny)
OG00060,OG00355,3,operon-adjacent (synteny)
OG00060,OG00929,3,operon-adjacent (synteny)
OG01631,OG05063,3,operon-adjacent (synteny)
OG01631,OG14117,3,operon-adjacent (synteny)
OG01635,OG06688,3,operon-adjacent (synteny)
OG01637,OG06037,3,operon-adjacent (synteny)
OG01614,OG01634,3,operon-adjacent (synteny)
OG01617,OG01856,3,operon-adjacent (synteny)
OG01619,OG01856,3,operon-adjacent (synteny)
OG01623,OG14743,3,operon-adjacent (synteny)
OG00128,OG15379,3,operon-adjacent (synteny)
OG00128,OG15444,3,operon-adjacent (synteny)
OG00128,OG16005,3,operon-adjacent (synteny)
OG00128,OG16250,3,operon-adjacent (synteny)
OG00129,OG00368,3,operon-adjacent (synteny)
OG00129,OG02715,3,operon-adjacent (synteny)
OG00130,OG00194,3,operon-adjacent (synteny)
OG01630,OG02527,3,operon-adjacent (synteny)
OG00059,OG02512,3,operon-adjacent (synteny)
OG00059,OG05395,3,operon-adjacent (synteny)
OG02346,OG06732,3,operon-adjacent (synteny)
OG02349,OG02565,3,operon-adjacent (synteny)
OG02351,OG02865,3,operon-adjacent (synteny)
OG02352,OG15775,3,operon-adjacent (synteny)
OG00128,OG14823,3,operon-adjacent (synteny)
OG00128,OG14865,3,operon-adjacent (synteny)
OG01649,OG03583,3,operon-adjacent (synteny)
OG01649,OG10246,3,operon-adjacent (synteny)
OG01651,OG01784,3,operon-adjacent (synteny)
OG00059,OG00096,3,operon-adjacent (synteny)
OG00059,OG00265,3,operon-adjacent (synteny)
OG00059,OG00502,3,operon-adjacent (synteny)
OG00059,OG00582,3,operon-adjacent (synteny)
OG00059,OG00918,3,operon-adjacent (synteny)
OG00130,OG12515,3,operon-adjacent (synteny)
OG00130,OG13927,3,operon-adjacent (synteny)
OG00132,OG14838,3,operon-adjacent (synteny)
OG00134,OG12925,3,operon-adjacent (synteny)
OG00134,OG14007,3,operon-adjacent (synteny)
OG00134,OG14031,3,operon-adjacent (synteny)
OG00134,OG14397,3,operon-adjacent (synteny)
OG00135,OG00502,3,operon-adjacent (synteny)
OG02387,OG03156,3,operon-adjacent (synteny)
OG02393,OG05830,3,operon-adjacent (synteny)
OG02393,OG06965,3,operon-adjacent (synteny)
OG02396,OG05781,3,operon-adjacent (synteny)
OG02396,OG06718,3,operon-adjacent (synteny)
OG00055,OG04348,3,operon-adjacent (synteny)
OG00055,OG04393,3,operon-adjacent (synteny)
OG00055,OG06003,3,operon-adjacent (synteny)
OG01628,OG15242,3,operon-adjacent (synteny)
OG00128,OG12709,3,operon-adjacent (synteny)
OG00128,OG13837,3,operon-adjacent (synteny)
OG02361,OG02821,3,operon-adjacent (synteny)
OG02375,OG02669,3,operon-adjacent (synteny)
OG02376,OG03769,3,operon-adjacent (synteny)
OG02384,OG05954,3,operon-adjacent (synteny)
OG02385,OG05060,3,operon-adjacent (synteny)
OG01624,OG13798,3,operon-adjacent (synteny)
OG01624,OG17061,3,operon-adjacent (synteny)
OG01625,OG01625,3,operon-adjacent (synteny)
OG01627,OG01701,3,operon-adjacent (synteny)
OG01627,OG05941,3,operon-adjacent (synteny)
OG01627,OG13812,3,operon-adjacent (synteny)
OG01627,OG14876,3,operon-adjacent (synteny)
OG01628,OG13509,3,operon-adjacent (synteny)
OG00135,OG04242,3,operon-adjacent (synteny)
OG00135,OG04377,3,operon-adjacent (synteny)
OG00135,OG05398,3,operon-adjacent (synteny)
OG00135,OG06047,3,operon-adjacent (synteny)
OG00135,OG06273,3,operon-adjacent (synteny)
OG01596,OG09610,3,operon-adjacent (synteny)
OG01598,OG05300,3,operon-adjacent (synteny)
OG01598,OG05864,3,operon-adjacent (synteny)
OG00056,OG00478,3,operon-adjacent (synteny)
OG02400,OG12266,3,operon-adjacent (synteny)
OG02405,OG09367,3,operon-adjacent (synteny)
OG02406,OG02406,3,operon-adjacent (synteny)
OG02406,OG04250,3,operon-adjacent (synteny)
OG02406,OG05693,3,operon-adjacent (synteny)
OG00135,OG03244,3,operon-adjacent (synteny)
OG00135,OG03690,3,operon-adjacent (synteny)
OG00055,OG06270,3,operon-adjacent (synteny)
OG00055,OG06794,3,operon-adjacent (synteny)
OG00055,OG06953,3,operon-adjacent (synteny)
OG00055,OG13794,3,operon-adjacent (synteny)
OG00055,OG13918,3,operon-adjacent (synteny)
OG00055,OG13997,3,operon-adjacent (synteny)
OG00055,OG14742,3,operon-adjacent (synteny)
OG00055,OG14853,3,operon-adjacent (synteny)
OG00135,OG00904,3,operon-adjacent (synteny)
OG00135,OG00916,3,operon-adjacent (synteny)
OG01604,OG02342,3,operon-adjacent (synteny)
OG01605,OG03467,3,operon-adjacent (synteny)
OG01608,OG09533,3,operon-adjacent (synteny)
OG01611,OG01833,3,operon-adjacent (synteny)
OG01612,OG04355,3,operon-adjacent (synteny)
OG01613,OG03294,3,operon-adjacent (synteny)
OG01590,OG01843,3,operon-adjacent (synteny)
OG01590,OG05071,3,operon-adjacent (synteny)
OG01590,OG10096,3,operon-adjacent (synteny)
OG01592,OG02248,3,operon-adjacent (synteny)
OG00135,OG01497,3,operon-adjacent (synteny)
OG00055,OG01365,3,operon-adjacent (synteny)
OG00055,OG01445,3,operon-adjacent (synteny)
OG00055,OG01592,3,operon-adjacent (synteny)
OG01574,OG14618,3,operon-adjacent (synteny)
OG01576,OG01678,3,operon-adjacent (synteny)
OG01576,OG05235,3,operon-adjacent (synteny)
OG01577,OG05858,3,operon-adjacent (synteny)
OG01577,OG09476,3,operon-adjacent (synteny)
OG01579,OG14198,3,operon-adjacent (synteny)
OG01583,OG10718,3,operon-adjacent (synteny)
OG01588,OG11766,3,operon-adjacent (synteny)
OG02411,OG14641,3,operon-adjacent (synteny)
OG02430,OG05411,3,operon-adjacent (synteny)
OG02431,OG04199,3,operon-adjacent (synteny)
OG02433,OG16748,3,operon-adjacent (synteny)
OG02435,OG05275,3,operon-adjacent (synteny)
OG02442,OG05198,3,operon-adjacent (synteny)
OG02446,OG14620,3,operon-adjacent (synteny)
OG00055,OG01217,3,operon-adjacent (synteny)
OG01598,OG11297,3,operon-adjacent (synteny)
OG01598,OG15282,3,operon-adjacent (synteny)
OG01598,OG16333,3,operon-adjacent (synteny)
OG01602,OG04873,3,operon-adjacent (synteny)
OG01602,OG06722,3,operon-adjacent (synteny)
OG01602,OG12208,3,operon-adjacent (synteny)
OG01602,OG13035,3,operon-adjacent (synteny)
OG01602,OG13936,3,operon-adjacent (synteny)
OG01572,OG02165,3,operon-adjacent (synteny)
OG01572,OG03127,3,operon-adjacent (synteny)
OG01572,OG14070,3,operon-adjacent (synteny)
OG01541,OG13955,3,operon-adjacent (synteny)
OG01547,OG02262,3,operon-adjacent (synteny)
OG01554,OG03269,3,operon-adjacent (synteny)
OG01561,OG14057,3,operon-adjacent (synteny)
OG01561,OG14122,3,operon-adjacent (synteny)
OG00135,OG15100,3,operon-adjacent (synteny)
OG00135,OG16118,3,operon-adjacent (synteny)
OG00135,OG16821,3,operon-adjacent (synteny)
OG00136,OG01656,3,operon-adjacent (synteny)
OG01566,OG09477,3,operon-adjacent (synteny)
OG01570,OG03577,3,operon-adjacent (synteny)
OG01571,OG15485,3,operon-adjacent (synteny)
OG01572,OG01693,3,operon-adjacent (synteny)
OG02453,OG02697,3,operon-adjacent (synteny)
OG02461,OG10689,3,operon-adjacent (synteny)
OG02461,OG16923,3,operon-adjacent (synteny)
OG00135,OG13195,3,operon-adjacent (synteny)
OG00135,OG13697,3,operon-adjacent (synteny)
OG00135,OG13870,3,operon-adjacent (synteny)
OG00135,OG14027,3,operon-adjacent (synteny)
OG00135,OG14043,3,operon-adjacent (synteny)
OG00055,OG02158,3,operon-adjacent (synteny)
OG00055,OG02431,3,operon-adjacent (synteny)
OG00055,OG02477,3,operon-adjacent (synteny)
OG00055,OG02574,3,operon-adjacent (synteny)
OG00055,OG03984,3,operon-adjacent (synteny)
OG02447,OG06221,3,operon-adjacent (synteny)
OG02452,OG04342,3,operon-adjacent (synteny)
OG02452,OG05888,3,operon-adjacent (synteny)
OG00137,OG01328,3,operon-adjacent (synteny)
OG00137,OG02755,3,operon-adjacent (synteny)
OG00137,OG06973,3,operon-adjacent (synteny)
OG00140,OG01013,3,operon-adjacent (synteny)
OG00141,OG00918,3,operon-adjacent (synteny)
OG00143,OG00172,3,operon-adjacent (synteny)
OG00143,OG00250,3,operon-adjacent (synteny)
OG00143,OG00258,3,operon-adjacent (synteny)
OG02468,OG06658,3,operon-adjacent (synteny)
OG02469,OG06132,3,operon-adjacent (synteny)
OG02477,OG05683,3,operon-adjacent (synteny)
OG01534,OG14135,3,operon-adjacent (synteny)
OG01536,OG01856,3,operon-adjacent (synteny)
OG01539,OG03432,3,operon-adjacent (synteny)
OG01539,OG05392,3,operon-adjacent (synteny)
OG00136,OG15291,3,operon-adjacent (synteny)
OG00055,OG00156,3,operon-adjacent (synteny)
OG00055,OG00174,3,operon-adjacent (synteny)
OG00055,OG00176,3,operon-adjacent (synteny)
OG00055,OG00188,3,operon-adjacent (synteny)
OG00055,OG00231,3,operon-adjacent (synteny)
OG00055,OG00235,3,operon-adjacent (synteny)
OG00055,OG00245,3,operon-adjacent (synteny)
OG00055,OG00363,3,operon-adjacent (synteny)
OG01564,OG02274,3,operon-adjacent (synteny)
OG01564,OG11221,3,operon-adjacent (synteny)
OG01565,OG16831,3,operon-adjacent (synteny)
OG02464,OG05114,3,operon-adjacent (synteny)
OG02466,OG10748,3,operon-adjacent (synteny)
OG02466,OG12186,3,operon-adjacent (synteny)
OG00055,OG00061,3,operon-adjacent (synteny)
OG00055,OG00154,3,operon-adjacent (synteny)
OG01521,OG01958,3,operon-adjacent (synteny)
OG01526,OG16885,3,operon-adjacent (synteny)
OG01530,OG05149,3,operon-adjacent (synteny)
OG00143,OG00965,3,operon-adjacent (synteny)
OG00143,OG01022,3,operon-adjacent (synteny)
OG00143,OG01058,3,operon-adjacent (synteny)
OG00143,OG01098,3,operon-adjacent (synteny)
OG00143,OG01141,3,operon-adjacent (synteny)
OG02510,OG09280,3,operon-adjacent (synteny)
OG02512,OG05437,3,operon-adjacent (synteny)
OG02512,OG11757,3,operon-adjacent (synteny)
OG01519,OG03986,3,operon-adjacent (synteny)
OG01519,OG09784,3,operon-adjacent (synteny)
OG00143,OG00502,3,operon-adjacent (synteny)
OG00143,OG00666,3,operon-adjacent (synteny)
OG00143,OG00901,3,operon-adjacent (synteny)
OG02497,OG03389,3,operon-adjacent (synteny)
OG02497,OG10582,3,operon-adjacent (synteny)
OG02499,OG10702,3,operon-adjacent (synteny)
OG02503,OG02555,3,operon-adjacent (synteny)
OG02503,OG03207,3,operon-adjacent (synteny)
OG02505,OG02735,3,operon-adjacent (synteny)
OG02510,OG03886,3,operon-adjacent (synteny)
OG02510,OG07616,3,operon-adjacent (synteny)
OG01541,OG02227,3,operon-adjacent (synteny)
OG01541,OG03187,3,operon-adjacent (synteny)
OG01541,OG04043,3,operon-adjacent (synteny)
OG02479,OG03603,3,operon-adjacent (synteny)
OG02481,OG16682,3,operon-adjacent (synteny)
OG02486,OG03274,3,operon-adjacent (synteny)
OG02492,OG05263,3,operon-adjacent (synteny)
OG02497,OG03104,3,operon-adjacent (synteny)
OG01504,OG02468,3,operon-adjacent (synteny)
OG01505,OG03631,3,operon-adjacent (synteny)
OG01508,OG02929,3,operon-adjacent (synteny)
OG01509,OG03270,3,operon-adjacent (synteny)
OG01509,OG07095,3,operon-adjacent (synteny)
OG01511,OG04884,3,operon-adjacent (synteny)
OG01513,OG01677,3,operon-adjacent (synteny)
OG01513,OG02052,3,operon-adjacent (synteny)
OG00053,OG13552,3,operon-adjacent (synteny)
OG02527,OG03437,3,operon-adjacent (synteny)
OG02529,OG03569,3,operon-adjacent (synteny)
OG02533,OG03817,3,operon-adjacent (synteny)
OG02533,OG14150,3,operon-adjacent (synteny)
OG01497,OG13549,3,operon-adjacent (synteny)
OG01500,OG01987,3,operon-adjacent (synteny)
OG01500,OG05638,3,operon-adjacent (synteny)
OG01518,OG03931,3,operon-adjacent (synteny)
OG01518,OG09637,3,operon-adjacent (synteny)
OG01518,OG13788,3,operon-adjacent (synteny)
OG00053,OG01827,3,operon-adjacent (synteny)
OG00053,OG02311,3,operon-adjacent (synteny)
OG00053,OG04492,3,operon-adjacent (synteny)
OG00053,OG05619,3,operon-adjacent (synteny)
OG00053,OG11395,3,operon-adjacent (synteny)
OG00143,OG01172,3,operon-adjacent (synteny)
OG00143,OG01331,3,operon-adjacent (synteny)
OG00143,OG01396,3,operon-adjacent (synteny)
OG00143,OG01405,3,operon-adjacent (synteny)
OG00143,OG01574,3,operon-adjacent (synteny)
OG00143,OG01580,3,operon-adjacent (synteny)
OG00143,OG01598,3,operon-adjacent (synteny)
OG01513,OG09110,3,operon-adjacent (synteny)
OG00143,OG02729,3,operon-adjacent (synteny)
OG00143,OG02971,3,operon-adjacent (synteny)
OG00143,OG03184,3,operon-adjacent (synteny)
OG00143,OG03311,3,operon-adjacent (synteny)
OG00143,OG03371,3,operon-adjacent (synteny)
OG00143,OG03461,3,operon-adjacent (synteny)
OG00143,OG03503,3,operon-adjacent (synteny)
OG01491,OG11575,3,operon-adjacent (synteny)
OG00053,OG00257,3,operon-adjacent (synteny)
OG01489,OG09968,3,operon-adjacent (synteny)
OG00143,OG01612,3,operon-adjacent (synteny)
OG00143,OG01856,3,operon-adjacent (synteny)
OG00143,OG01899,3,operon-adjacent (synteny)
OG00143,OG02434,3,operon-adjacent (synteny)
OG00143,OG02446,3,operon-adjacent (synteny)
OG00143,OG02586,3,operon-adjacent (synteny)
OG02564,OG03199,3,operon-adjacent (synteny)
OG02564,OG05722,3,operon-adjacent (synteny)
OG02565,OG07112,3,operon-adjacent (synteny)
OG02566,OG05594,3,operon-adjacent (synteny)
OG02570,OG02600,3,operon-adjacent (synteny)
OG00052,OG03415,3,operon-adjacent (synteny)
OG00053,OG00102,3,operon-adjacent (synteny)
OG00053,OG00230,3,operon-adjacent (synteny)
OG01513,OG03566,3,operon-adjacent (synteny)
OG02534,OG14139,3,operon-adjacent (synteny)
OG02539,OG13367,3,operon-adjacent (synteny)
OG02540,OG14134,3,operon-adjacent (synteny)
OG02542,OG02832,3,operon-adjacent (synteny)
OG02544,OG16806,3,operon-adjacent (synteny)
OG02551,OG02580,3,operon-adjacent (synteny)
OG02552,OG14868,3,operon-adjacent (synteny)
OG00143,OG04265,3,operon-adjacent (synteny)
OG00143,OG04984,3,operon-adjacent (synteny)
OG00143,OG05439,3,operon-adjacent (synteny)
OG00143,OG05629,3,operon-adjacent (synteny)
OG00143,OG05954,3,operon-adjacent (synteny)
OG00143,OG10096,3,operon-adjacent (synteny)
OG01476,OG04041,3,operon-adjacent (synteny)
OG01478,OG03322,3,operon-adjacent (synteny)
OG02575,OG03629,3,operon-adjacent (synteny)
OG02579,OG02657,3,operon-adjacent (synteny)
OG02579,OG03778,3,operon-adjacent (synteny)
OG02579,OG04470,3,operon-adjacent (synteny)
OG02582,OG03366,3,operon-adjacent (synteny)
OG02583,OG04129,3,operon-adjacent (synteny)
OG00143,OG03916,3,operon-adjacent (synteny)
OG00143,OG04102,3,operon-adjacent (synteny)
OG00053,OG00734,3,operon-adjacent (synteny)
OG00053,OG00779,3,operon-adjacent (synteny)
OG00053,OG01000,3,operon-adjacent (synteny)
OG00053,OG01038,3,operon-adjacent (synteny)
OG00053,OG01133,3,operon-adjacent (synteny)
OG02573,OG09396,3,operon-adjacent (synteny)
OG02574,OG05800,3,operon-adjacent (synteny)
OG02575,OG03060,3,operon-adjacent (synteny)
OG01491,OG16795,3,operon-adjacent (synteny)
OG01491,OG17021,3,operon-adjacent (synteny)
OG01493,OG03770,3,operon-adjacent (synteny)
OG01493,OG09103,3,operon-adjacent (synteny)
OG00053,OG00306,3,operon-adjacent (synteny)
OG00053,OG00366,3,operon-adjacent (synteny)
OG00053,OG00445,3,operon-adjacent (synteny)
OG00053,OG00667,3,operon-adjacent (synteny)
OG01450,OG04702,3,operon-adjacent (synteny)
OG01451,OG02896,3,operon-adjacent (synteny)
OG01460,OG14634,3,operon-adjacent (synteny)
OG01464,OG01570,3,operon-adjacent (synteny)
OG01465,OG14070,3,operon-adjacent (synteny)
OG01465,OG14093,3,operon-adjacent (synteny)
OG01467,OG03230,3,operon-adjacent (synteny)
OG01470,OG05377,3,operon-adjacent (synteny)
OG02624,OG10019,3,operon-adjacent (synteny)
OG02625,OG05243,3,operon-adjacent (synteny)
OG02626,OG02666,3,operon-adjacent (synteny)
OG02631,OG04689,3,operon-adjacent (synteny)
OG01445,OG05182,3,operon-adjacent (synteny)
OG01447,OG04674,3,operon-adjacent (synteny)
OG01447,OG06387,3,operon-adjacent (synteny)
OG01448,OG04858,3,operon-adjacent (synteny)
OG02598,OG06162,3,operon-adjacent (synteny)
OG02602,OG05278,3,operon-adjacent (synteny)
OG02602,OG13780,3,operon-adjacent (synteny)
OG02603,OG09410,3,operon-adjacent (synteny)
OG02606,OG14593,3,operon-adjacent (synteny)
OG02611,OG13811,3,operon-adjacent (synteny)
OG02611,OG16945,3,operon-adjacent (synteny)
OG02618,OG13178,3,operon-adjacent (synteny)
OG01478,OG03778,3,operon-adjacent (synteny)
OG01478,OG07662,3,operon-adjacent (synteny)
OG01478,OG11220,3,operon-adjacent (synteny)
OG01479,OG05650,3,operon-adjacent (synteny)
OG02587,OG10781,3,operon-adjacent (synteny)
OG02587,OG13441,3,operon-adjacent (synteny)
OG02598,OG02634,3,operon-adjacent (synteny)
OG02598,OG02687,3,operon-adjacent (synteny)
OG00146,OG11500,3,operon-adjacent (synteny)
OG00146,OG13682,3,operon-adjacent (synteny)
OG00146,OG14832,3,operon-adjacent (synteny)
OG00148,OG00194,3,operon-adjacent (synteny)
OG00148,OG00361,3,operon-adjacent (synteny)
OG00148,OG00711,3,operon-adjacent (synteny)
OG00148,OG01856,3,operon-adjacent (synteny)
OG00148,OG02586,3,operon-adjacent (synteny)
OG00050,OG02224,3,operon-adjacent (synteny)
OG00050,OG09756,3,operon-adjacent (synteny)
OG00052,OG00067,3,operon-adjacent (synteny)
OG00052,OG00143,3,operon-adjacent (synteny)
OG00052,OG00613,3,operon-adjacent (synteny)
OG00052,OG01696,3,operon-adjacent (synteny)
OG02637,OG11178,3,operon-adjacent (synteny)
OG02640,OG03956,3,operon-adjacent (synteny)
OG00143,OG15022,3,operon-adjacent (synteny)
OG00143,OG15773,3,operon-adjacent (synteny)
OG00143,OG16946,3,operon-adjacent (synteny)
OG01443,OG14716,3,operon-adjacent (synteny)
OG00047,OG06425,3,operon-adjacent (synteny)
OG00047,OG11196,3,operon-adjacent (synteny)
OG00049,OG05502,3,operon-adjacent (synteny)
OG00050,OG00645,3,operon-adjacent (synteny)
OG01441,OG02851,3,operon-adjacent (synteny)
OG01441,OG13603,3,operon-adjacent (synteny)
OG01443,OG02637,3,operon-adjacent (synteny)
OG00143,OG11441,3,operon-adjacent (synteny)
OG00143,OG13549,3,operon-adjacent (synteny)
OG00143,OG14062,3,operon-adjacent (synteny)
OG00143,OG14073,3,operon-adjacent (synteny)
OG00143,OG14854,3,operon-adjacent (synteny)
OG01413,OG04132,3,operon-adjacent (synteny)
OG01417,OG13495,3,operon-adjacent (synteny)
OG01418,OG11686,3,operon-adjacent (synteny)
OG01419,OG03230,3,operon-adjacent (synteny)
OG01420,OG03908,3,operon-adjacent (synteny)
OG01421,OG12553,3,operon-adjacent (synteny)
OG01421,OG13986,3,operon-adjacent (synteny)
OG01421,OG14172,3,operon-adjacent (synteny)
OG02665,OG04583,3,operon-adjacent (synteny)
OG02665,OG06033,3,operon-adjacent (synteny)
OG02671,OG03359,3,operon-adjacent (synteny)
OG02671,OG05379,3,operon-adjacent (synteny)
OG02672,OG09310,3,operon-adjacent (synteny)
OG02679,OG09257,3,operon-adjacent (synteny)
OG02681,OG06478,3,operon-adjacent (synteny)
OG01409,OG14372,3,operon-adjacent (synteny)
OG02646,OG02782,3,operon-adjacent (synteny)
OG02654,OG03406,3,operon-adjacent (synteny)
OG02654,OG14180,3,operon-adjacent (synteny)
OG02656,OG06654,3,operon-adjacent (synteny)
OG02659,OG14161,3,operon-adjacent (synteny)
OG02660,OG10204,3,operon-adjacent (synteny)
OG02663,OG03821,3,operon-adjacent (synteny)
OG02663,OG04236,3,operon-adjacent (synteny)
OG01430,OG05239,3,operon-adjacent (synteny)
OG01430,OG06541,3,operon-adjacent (synteny)
OG01433,OG04199,3,operon-adjacent (synteny)
OG01433,OG10001,3,operon-adjacent (synteny)
OG01437,OG01513,3,operon-adjacent (synteny)
OG01439,OG02662,3,operon-adjacent (synteny)
OG01439,OG03741,3,operon-adjacent (synteny)
OG01439,OG05201,3,operon-adjacent (synteny)
OG00151,OG00579,3,operon-adjacent (synteny)
OG00151,OG00916,3,operon-adjacent (synteny)
OG00151,OG01190,3,operon-adjacent (synteny)
OG00151,OG01436,3,operon-adjacent (synteny)
OG00151,OG01709,3,operon-adjacent (synteny)
OG00151,OG01773,3,operon-adjacent (synteny)
OG00151,OG01899,3,operon-adjacent (synteny)
OG01399,OG13850,3,operon-adjacent (synteny)
OG02686,OG10257,3,operon-adjacent (synteny)
OG02689,OG02729,3,operon-adjacent (synteny)
OG01396,OG14008,3,operon-adjacent (synteny)
OG01398,OG02176,3,operon-adjacent (synteny)
OG00148,OG11175,3,operon-adjacent (synteny)
OG00148,OG13093,3,operon-adjacent (synteny)
OG00150,OG01133,3,operon-adjacent (synteny)
OG00151,OG00319,3,operon-adjacent (synteny)
OG00045,OG15044,3,operon-adjacent (synteny)
OG00045,OG15416,3,operon-adjacent (synteny)
OG00046,OG04677,3,operon-adjacent (synteny)
OG00047,OG00245,3,operon-adjacent (synteny)
OG00047,OG00800,3,operon-adjacent (synteny)
OG02681,OG10091,3,operon-adjacent (synteny)
OG02684,OG13441,3,operon-adjacent (synteny)
OG02685,OG03247,3,operon-adjacent (synteny)
OG01422,OG05660,3,operon-adjacent (synteny)
OG01427,OG02679,3,operon-adjacent (synteny)
OG00146,OG02405,3,operon-adjacent (synteny)
OG00146,OG03447,3,operon-adjacent (synteny)
OG00045,OG07102,3,operon-adjacent (synteny)
OG00045,OG07173,3,operon-adjacent (synteny)
OG00045,OG10348,3,operon-adjacent (synteny)
OG00045,OG13265,3,operon-adjacent (synteny)
OG00151,OG13790,3,operon-adjacent (synteny)
OG00151,OG13971,3,operon-adjacent (synteny)
OG00151,OG14040,3,operon-adjacent (synteny)
OG00151,OG14125,3,operon-adjacent (synteny)
OG01384,OG03623,3,operon-adjacent (synteny)
OG01392,OG01716,3,operon-adjacent (synteny)
OG01393,OG15960,3,operon-adjacent (synteny)
OG00045,OG01509,3,operon-adjacent (synteny)
OG00151,OG02912,3,operon-adjacent (synteny)
OG00151,OG04901,3,operon-adjacent (synteny)
OG00151,OG04924,3,operon-adjacent (synteny)
OG00151,OG05071,3,operon-adjacent (synteny)
OG00151,OG05085,3,operon-adjacent (synteny)
OG00151,OG08420,3,operon-adjacent (synteny)
OG00151,OG09911,3,operon-adjacent (synteny)
OG00151,OG13722,3,operon-adjacent (synteny)
OG02730,OG09375,3,operon-adjacent (synteny)
OG02736,OG03094,3,operon-adjacent (synteny)
OG02737,OG05274,3,operon-adjacent (synteny)
OG02744,OG04883,3,operon-adjacent (synteny)
OG01380,OG06389,3,operon-adjacent (synteny)
OG01382,OG01630,3,operon-adjacent (synteny)
OG01383,OG06359,3,operon-adjacent (synteny)
OG00151,OG02462,3,operon-adjacent (synteny)
OG01403,OG01478,3,operon-adjacent (synteny)
OG01403,OG01718,3,operon-adjacent (synteny)
OG02698,OG07010,3,operon-adjacent (synteny)
OG02699,OG04597,3,operon-adjacent (synteny)
OG02703,OG09637,3,operon-adjacent (synteny)
OG02709,OG09924,3,operon-adjacent (synteny)
OG02716,OG03709,3,operon-adjacent (synteny)
OG02724,OG03781,3,operon-adjacent (synteny)
OG00156,OG01331,3,operon-adjacent (synteny)
OG00156,OG01588,3,operon-adjacent (synteny)
OG01377,OG09505,3,operon-adjacent (synteny)
OG01377,OG09679,3,operon-adjacent (synteny)
OG01379,OG03718,3,operon-adjacent (synteny)
OG01379,OG06664,3,operon-adjacent (synteny)
OG01379,OG10120,3,operon-adjacent (synteny)
OG02773,OG04037,3,operon-adjacent (synteny)
OG02760,OG05569,3,operon-adjacent (synteny)
OG01372,OG03714,3,operon-adjacent (synteny)
OG01372,OG04032,3,operon-adjacent (synteny)
OG00152,OG00187,3,operon-adjacent (synteny)
OG00152,OG13313,3,operon-adjacent (synteny)
OG00155,OG13940,3,operon-adjacent (synteny)
OG00156,OG00265,3,operon-adjacent (synteny)
OG00156,OG00799,3,operon-adjacent (synteny)
OG00045,OG06770,3,operon-adjacent (synteny)
OG02747,OG13861,3,operon-adjacent (synteny)
OG02751,OG10173,3,operon-adjacent (synteny)
OG02758,OG03127,3,operon-adjacent (synteny)
OG02758,OG04529,3,operon-adjacent (synteny)
OG02758,OG15107,3,operon-adjacent (synteny)
OG02759,OG04183,3,operon-adjacent (synteny)
OG02760,OG03728,3,operon-adjacent (synteny)
OG00045,OG01896,3,operon-adjacent (synteny)
OG00045,OG01989,3,operon-adjacent (synteny)
OG00045,OG02245,3,operon-adjacent (synteny)
OG00045,OG02875,3,operon-adjacent (synteny)
OG00045,OG03270,3,operon-adjacent (synteny)
OG00045,OG03415,3,operon-adjacent (synteny)
OG00045,OG04879,3,operon-adjacent (synteny)
OG00045,OG05141,3,operon-adjacent (synteny)
OG01368,OG03554,3,operon-adjacent (synteny)
OG01369,OG13812,3,operon-adjacent (synteny)
OG01369,OG14051,3,operon-adjacent (synteny)
OG00162,OG00397,3,operon-adjacent (synteny)
OG00162,OG01955,3,operon-adjacent (synteny)
OG00162,OG03186,3,operon-adjacent (synteny)
OG00162,OG05283,3,operon-adjacent (synteny)
OG00162,OG06148,3,operon-adjacent (synteny)
OG00156,OG11211,3,operon-adjacent (synteny)
OG00156,OG12589,3,operon-adjacent (synteny)
OG00156,OG14014,3,operon-adjacent (synteny)
OG00156,OG14797,3,operon-adjacent (synteny)
OG00156,OG14936,3,operon-adjacent (synteny)
OG00156,OG15132,3,operon-adjacent (synteny)
OG01365,OG14544,3,operon-adjacent (synteny)
OG01368,OG02315,3,operon-adjacent (synteny)
OG00045,OG01475,3,operon-adjacent (synteny)
OG02779,OG05704,3,operon-adjacent (synteny)
OG02792,OG05439,3,operon-adjacent (synteny)
OG02795,OG13878,3,operon-adjacent (synteny)
OG02795,OG16760,3,operon-adjacent (synteny)
OG00156,OG02373,3,operon-adjacent (synteny)
OG00156,OG03587,3,operon-adjacent (synteny)
OG00156,OG07173,3,operon-adjacent (synteny)
OG00045,OG00391,3,operon-adjacent (synteny)
OG00045,OG00585,3,operon-adjacent (synteny)
OG00045,OG00665,3,operon-adjacent (synteny)
OG00045,OG00667,3,operon-adjacent (synteny)
OG00045,OG00718,3,operon-adjacent (synteny)
OG00045,OG01037,3,operon-adjacent (synteny)
OG00045,OG01275,3,operon-adjacent (synteny)
OG00045,OG01282,3,operon-adjacent (synteny)
OG01355,OG09805,3,operon-adjacent (synteny)
OG00158,OG09744,3,operon-adjacent (synteny)
OG00161,OG00966,3,operon-adjacent (synteny)
OG00161,OG01905,3,operon-adjacent (synteny)
OG02843,OG14080,3,operon-adjacent (synteny)
OG02850,OG05321,3,operon-adjacent (synteny)
OG02852,OG03632,3,operon-adjacent (synteny)
OG02853,OG03065,3,operon-adjacent (synteny)
OG02832,OG13767,3,operon-adjacent (synteny)
OG02833,OG14121,3,operon-adjacent (synteny)
OG02841,OG15491,3,operon-adjacent (synteny)
OG01343,OG06428,3,operon-adjacent (synteny)
OG01345,OG01759,3,operon-adjacent (synteny)
OG01346,OG13313,3,operon-adjacent (synteny)
OG01347,OG01498,3,operon-adjacent (synteny)
OG01353,OG02494,3,operon-adjacent (synteny)
OG02797,OG05239,3,operon-adjacent (synteny)
OG02803,OG09038,3,operon-adjacent (synteny)
OG02807,OG03184,3,operon-adjacent (synteny)
OG02810,OG05569,3,operon-adjacent (synteny)
OG02813,OG03730,3,operon-adjacent (synteny)
OG02819,OG10224,3,operon-adjacent (synteny)
OG02820,OG08240,3,operon-adjacent (synteny)
OG02832,OG03963,3,operon-adjacent (synteny)
OG00162,OG15143,3,operon-adjacent (synteny)
OG01364,OG09803,3,operon-adjacent (synteny)
OG01365,OG03568,3,operon-adjacent (synteny)
OG01365,OG03789,3,operon-adjacent (synteny)
OG01365,OG03967,3,operon-adjacent (synteny)
OG01365,OG05583,3,operon-adjacent (synteny)
OG00156,OG02320,3,operon-adjacent (synteny)
OG02796,OG12778,3,operon-adjacent (synteny)
OG01338,OG05525,3,operon-adjacent (synteny)
OG01340,OG03577,3,operon-adjacent (synteny)
OG01317,OG08807,3,operon-adjacent (synteny)
OG01318,OG02232,3,operon-adjacent (synteny)
OG01320,OG04380,3,operon-adjacent (synteny)
OG01323,OG09396,3,operon-adjacent (synteny)
OG01323,OG12966,3,operon-adjacent (synteny)
OG01328,OG03362,3,operon-adjacent (synteny)
OG00165,OG01616,3,operon-adjacent (synteny)
OG00165,OG09424,3,operon-adjacent (synteny)
OG00168,OG00752,3,operon-adjacent (synteny)
OG01336,OG03104,3,operon-adjacent (synteny)
OG01337,OG03299,3,operon-adjacent (synteny)
OG01338,OG01338,3,operon-adjacent (synteny)
OG01338,OG02567,3,operon-adjacent (synteny)
OG01338,OG03353,3,operon-adjacent (synteny)
OG02871,OG05630,3,operon-adjacent (synteny)
OG02873,OG05218,3,operon-adjacent (synteny)
OG00041,OG10326,3,operon-adjacent (synteny)
OG00164,OG00430,3,operon-adjacent (synteny)
OG00164,OG04901,3,operon-adjacent (synteny)
OG00164,OG09805,3,operon-adjacent (synteny)
OG00165,OG00411,3,operon-adjacent (synteny)
OG00165,OG01279,3,operon-adjacent (synteny)
OG02855,OG03487,3,operon-adjacent (synteny)
OG02859,OG02859,3,operon-adjacent (synteny)
OG02862,OG03610,3,operon-adjacent (synteny)
OG02865,OG03286,3,operon-adjacent (synteny)
OG02865,OG03423,3,operon-adjacent (synteny)
OG02865,OG03844,3,operon-adjacent (synteny)
OG02865,OG13931,3,operon-adjacent (synteny)
OG02869,OG05987,3,operon-adjacent (synteny)
OG00174,OG00474,3,operon-adjacent (synteny)
OG00174,OG00565,3,operon-adjacent (synteny)
OG00174,OG01276,3,operon-adjacent (synteny)
OG00174,OG01471,3,operon-adjacent (synteny)
OG00174,OG02085,3,operon-adjacent (synteny)
OG00174,OG03248,3,operon-adjacent (synteny)
OG00168,OG09965,3,operon-adjacent (synteny)
OG00168,OG11019,3,operon-adjacent (synteny)
OG02878,OG16638,3,operon-adjacent (synteny)
OG02879,OG04498,3,operon-adjacent (synteny)
OG02880,OG09417,3,operon-adjacent (synteny)
OG02881,OG05739,3,operon-adjacent (synteny)
OG02887,OG09461,3,operon-adjacent (synteny)
OG02892,OG13784,3,operon-adjacent (synteny)
OG00174,OG00235,3,operon-adjacent (synteny)
OG00174,OG00366,3,operon-adjacent (synteny)
OG00044,OG00329,3,operon-adjacent (synteny)
OG00044,OG01003,3,operon-adjacent (synteny)
OG00044,OG01102,3,operon-adjacent (synteny)
OG00044,OG01547,3,operon-adjacent (synteny)
OG00044,OG01892,3,operon-adjacent (synteny)
OG00044,OG05740,3,operon-adjacent (synteny)
OG00044,OG14551,3,operon-adjacent (synteny)
OG00045,OG00180,3,operon-adjacent (synteny)
OG01331,OG02101,3,operon-adjacent (synteny)
OG01331,OG03084,3,operon-adjacent (synteny)
OG01331,OG03449,3,operon-adjacent (synteny)
OG01331,OG05166,3,operon-adjacent (synteny)
OG01331,OG05952,3,operon-adjacent (synteny)
OG01331,OG10787,3,operon-adjacent (synteny)
OG00044,OG00053,3,operon-adjacent (synteny)
OG00044,OG00067,3,operon-adjacent (synteny)
OG01303,OG14085,3,operon-adjacent (synteny)
OG01304,OG01641,3,operon-adjacent (synteny)
OG01304,OG03717,3,operon-adjacent (synteny)
OG01304,OG04025,3,operon-adjacent (synteny)
OG01308,OG16765,3,operon-adjacent (synteny)
OG00173,OG05085,3,operon-adjacent (synteny)
OG02938,OG11721,3,operon-adjacent (synteny)
OG02939,OG03122,3,operon-adjacent (synteny)
OG02931,OG03307,3,operon-adjacent (synteny)
OG01294,OG07437,3,operon-adjacent (synteny)
OG01298,OG14507,3,operon-adjacent (synteny)
OG01299,OG15319,3,operon-adjacent (synteny)
OG01301,OG01303,3,operon-adjacent (synteny)
OG01301,OG01574,3,operon-adjacent (synteny)
OG01302,OG02076,3,operon-adjacent (synteny)
OG01303,OG03936,3,operon-adjacent (synteny)
OG00036,OG01955,3,operon-adjacent (synteny)
OG00036,OG05448,3,operon-adjacent (synteny)
OG00036,OG13813,3,operon-adjacent (synteny)
OG00037,OG01637,3,operon-adjacent (synteny)
OG00039,OG02656,3,operon-adjacent (synteny)
OG00039,OG03661,3,operon-adjacent (synteny)
OG02924,OG03046,3,operon-adjacent (synteny)
OG02926,OG13891,3,operon-adjacent (synteny)
OG00170,OG02526,3,operon-adjacent (synteny)
OG00170,OG05866,3,operon-adjacent (synteny)
OG00171,OG02807,3,operon-adjacent (synteny)
OG00171,OG13819,3,operon-adjacent (synteny)
OG02911,OG02971,3,operon-adjacent (synteny)
OG02919,OG03742,3,operon-adjacent (synteny)
OG00036,OG01382,3,operon-adjacent (synteny)
OG00036,OG01610,3,operon-adjacent (synteny)
OG01289,OG03211,3,operon-adjacent (synteny)
OG01289,OG11584,3,operon-adjacent (synteny)
OG01290,OG01301,3,operon-adjacent (synteny)
OG01290,OG04964,3,operon-adjacent (synteny)
OG01292,OG01962,3,operon-adjacent (synteny)
OG01292,OG02730,3,operon-adjacent (synteny)
OG01294,OG01518,3,operon-adjacent (synteny)
OG00034,OG04935,3,operon-adjacent (synteny)
OG00034,OG03023,3,operon-adjacent (synteny)
OG01289,OG01628,3,operon-adjacent (synteny)
OG00174,OG03592,3,operon-adjacent (synteny)
OG00174,OG04085,3,operon-adjacent (synteny)
OG00174,OG04828,3,operon-adjacent (synteny)
OG00174,OG05038,3,operon-adjacent (synteny)
OG00174,OG15079,3,operon-adjacent (synteny)
OG00174,OG16855,3,operon-adjacent (synteny)
OG02965,OG03099,3,operon-adjacent (synteny)
OG02973,OG03197,3,operon-adjacent (synteny)
OG02981,OG02985,3,operon-adjacent (synteny)
OG02983,OG06145,3,operon-adjacent (synteny)
OG02987,OG03176,3,operon-adjacent (synteny)
OG02989,OG06966,3,operon-adjacent (synteny)
OG02989,OG13213,3,operon-adjacent (synteny)
OG02990,OG11191,3,operon-adjacent (synteny)
OG02942,OG11288,3,operon-adjacent (synteny)
OG02944,OG06957,3,operon-adjacent (synteny)
OG02953,OG03577,3,operon-adjacent (synteny)
OG02955,OG11338,3,operon-adjacent (synteny)
OG02958,OG04055,3,operon-adjacent (synteny)
OG02960,OG04857,3,operon-adjacent (synteny)
OG02960,OG10475,3,operon-adjacent (synteny)
OG02963,OG03019,3,operon-adjacent (synteny)
OG01282,OG01282,3,operon-adjacent (synteny)
OG01282,OG02082,3,operon-adjacent (synteny)
OG01282,OG06789,3,operon-adjacent (synteny)
OG01285,OG03341,3,operon-adjacent (synteny)
OG01285,OG11560,3,operon-adjacent (synteny)
OG01264,OG09829,3,operon-adjacent (synteny)
OG01268,OG14098,3,operon-adjacent (synteny)
OG01272,OG02380,3,operon-adjacent (synteny)
OG00180,OG10643,3,operon-adjacent (synteny)
OG00180,OG16662,3,operon-adjacent (synteny)
OG00180,OG16854,3,operon-adjacent (synteny)
OG00181,OG00615,3,operon-adjacent (synteny)
OG00183,OG00380,3,operon-adjacent (synteny)
OG01279,OG01989,3,operon-adjacent (synteny)
OG01279,OG03006,3,operon-adjacent (synteny)
OG01279,OG03100,3,operon-adjacent (synteny)
OG03000,OG03799,3,operon-adjacent (synteny)
OG03002,OG03186,3,operon-adjacent (synteny)
OG03002,OG03304,3,operon-adjacent (synteny)
OG03002,OG03896,3,operon-adjacent (synteny)
OG03002,OG05825,3,operon-adjacent (synteny)
OG03002,OG05836,3,operon-adjacent (synteny)
OG03002,OG06281,3,operon-adjacent (synteny)
OG00180,OG03287,3,operon-adjacent (synteny)
OG00034,OG05896,3,operon-adjacent (synteny)
OG00034,OG10480,3,operon-adjacent (synteny)
OG00034,OG11986,3,operon-adjacent (synteny)
OG00034,OG16733,3,operon-adjacent (synteny)
OG00036,OG00059,3,operon-adjacent (synteny)
OG00036,OG00231,3,operon-adjacent (synteny)
OG00036,OG00355,3,operon-adjacent (synteny)
OG00036,OG00711,3,operon-adjacent (synteny)
OG01259,OG12608,3,operon-adjacent (synteny)
OG01259,OG14178,3,operon-adjacent (synteny)
OG01260,OG02244,3,operon-adjacent (synteny)
OG01260,OG05763,3,operon-adjacent (synteny)
OG01264,OG01539,3,operon-adjacent (synteny)
OG03040,OG16263,3,operon-adjacent (synteny)
OG00034,OG00564,3,operon-adjacent (synteny)
OG00034,OG00761,3,operon-adjacent (synteny)
OG03033,OG03567,3,operon-adjacent (synteny)
OG03035,OG03742,3,operon-adjacent (synteny)
OG00183,OG02917,3,operon-adjacent (synteny)
OG00186,OG15603,3,operon-adjacent (synteny)
OG00188,OG00365,3,operon-adjacent (synteny)
OG00188,OG00366,3,operon-adjacent (synteny)
OG00188,OG00564,3,operon-adjacent (synteny)
OG01259,OG03136,3,operon-adjacent (synteny)
OG03010,OG11483,3,operon-adjacent (synteny)
OG03011,OG03709,3,operon-adjacent (synteny)
OG03014,OG14095,3,operon-adjacent (synteny)
OG03021,OG03556,3,operon-adjacent (synteny)
OG03023,OG04113,3,operon-adjacent (synteny)
OG03025,OG03981,3,operon-adjacent (synteny)
OG03025,OG06945,3,operon-adjacent (synteny)
OG03025,OG11555,3,operon-adjacent (synteny)
OG01272,OG11584,3,operon-adjacent (synteny)
OG01276,OG02819,3,operon-adjacent (synteny)
OG01279,OG01478,3,operon-adjacent (synteny)
OG00180,OG00893,3,operon-adjacent (synteny)
OG03006,OG16453,3,operon-adjacent (synteny)
OG03009,OG03388,3,operon-adjacent (synteny)
OG03009,OG13429,3,operon-adjacent (synteny)
OG03010,OG03543,3,operon-adjacent (synteny)
OG01254,OG01954,3,operon-adjacent (synteny)
OG01254,OG14983,3,operon-adjacent (synteny)
OG01255,OG01404,3,operon-adjacent (synteny)
OG03073,OG03469,3,operon-adjacent (synteny)
OG03079,OG13862,3,operon-adjacent (synteny)
OG03082,OG13789,3,operon-adjacent (synteny)
OG03085,OG04619,3,operon-adjacent (synteny)
OG03087,OG14565,3,operon-adjacent (synteny)
OG01245,OG04327,3,operon-adjacent (synteny)
OG01245,OG14857,3,operon-adjacent (synteny)
OG01246,OG03866,3,operon-adjacent (synteny)
OG01248,OG02603,3,operon-adjacent (synteny)
OG01248,OG03545,3,operon-adjacent (synteny)
OG01249,OG17032,3,operon-adjacent (synteny)
OG01251,OG01530,3,operon-adjacent (synteny)
OG01252,OG05732,3,operon-adjacent (synteny)
OG03051,OG03429,3,operon-adjacent (synteny)
OG03060,OG04413,3,operon-adjacent (synteny)
OG03060,OG15981,3,operon-adjacent (synteny)
OG03061,OG09759,3,operon-adjacent (synteny)
OG01240,OG05619,3,operon-adjacent (synteny)
OG01243,OG11507,3,operon-adjacent (synteny)
OG01243,OG14146,3,operon-adjacent (synteny)
OG01245,OG02253,3,operon-adjacent (synteny)
OG00034,OG01038,3,operon-adjacent (synteny)
OG00034,OG01133,3,operon-adjacent (synteny)
OG00034,OG01803,3,operon-adjacent (synteny)
OG00034,OG02099,3,operon-adjacent (synteny)
OG00034,OG02406,3,operon-adjacent (synteny)
OG00034,OG02805,3,operon-adjacent (synteny)
OG03044,OG03719,3,operon-adjacent (synteny)
OG03045,OG05130,3,operon-adjacent (synteny)
OG00189,OG01396,3,operon-adjacent (synteny)
OG01232,OG04043,3,operon-adjacent (synteny)
OG01232,OG04985,3,operon-adjacent (synteny)
OG01232,OG11542,3,operon-adjacent (synteny)
OG01234,OG02213,3,operon-adjacent (synteny)
OG01239,OG13212,3,operon-adjacent (synteny)
OG01240,OG01767,3,operon-adjacent (synteny)
OG00032,OG03299,3,operon-adjacent (synteny)
OG00188,OG12943,3,operon-adjacent (synteny)
OG00188,OG16339,3,operon-adjacent (synteny)
OG00189,OG00299,3,operon-adjacent (synteny)
OG00189,OG00355,3,operon-adjacent (synteny)
OG00189,OG00398,3,operon-adjacent (synteny)
OG00189,OG01038,3,operon-adjacent (synteny)
OG00189,OG01183,3,operon-adjacent (synteny)
OG00189,OG01337,3,operon-adjacent (synteny)
OG03102,OG04977,3,operon-adjacent (synteny)
OG03104,OG11859,3,operon-adjacent (synteny)
OG03104,OG14942,3,operon-adjacent (synteny)
OG03107,OG03268,3,operon-adjacent (synteny)
OG00032,OG03023,3,operon-adjacent (synteny)
OG00032,OG03126,3,operon-adjacent (synteny)
OG00032,OG03286,3,operon-adjacent (synteny)
OG01231,OG14891,3,operon-adjacent (synteny)
OG03087,OG16298,3,operon-adjacent (synteny)
OG03088,OG13178,3,operon-adjacent (synteny)
OG03094,OG05729,3,operon-adjacent (synteny)
OG03095,OG06138,3,operon-adjacent (synteny)
OG03096,OG03126,3,operon-adjacent (synteny)
OG03099,OG14604,3,operon-adjacent (synteny)
OG03100,OG04961,3,operon-adjacent (synteny)
OG03101,OG03712,3,operon-adjacent (synteny)
OG00189,OG10457,3,operon-adjacent (synteny)
OG00189,OG12635,3,operon-adjacent (synteny)
OG00189,OG14265,3,operon-adjacent (synteny)
OG00189,OG15518,3,operon-adjacent (synteny)
OG00189,OG17023,3,operon-adjacent (synteny)
OG00192,OG00194,3,operon-adjacent (synteny)
OG01217,OG02046,3,operon-adjacent (synteny)
OG01219,OG11049,3,operon-adjacent (synteny)
OG03130,OG03796,3,operon-adjacent (synteny)
OG00189,OG02490,3,operon-adjacent (synteny)
OG00189,OG02526,3,operon-adjacent (synteny)
OG00189,OG02682,3,operon-adjacent (synteny)
OG00189,OG02751,3,operon-adjacent (synteny)
OG00189,OG03181,3,operon-adjacent (synteny)
OG00189,OG05500,3,operon-adjacent (synteny)
OG00189,OG08551,3,operon-adjacent (synteny)
OG03119,OG05139,3,operon-adjacent (synteny)
OG03121,OG05916,3,operon-adjacent (synteny)
OG03121,OG14168,3,operon-adjacent (synteny)
OG03122,OG03976,3,operon-adjacent (synteny)
OG03122,OG13896,3,operon-adjacent (synteny)
OG03125,OG14004,3,operon-adjacent (synteny)
OG03127,OG03559,3,operon-adjacent (synteny)
OG03127,OG03890,3,operon-adjacent (synteny)
OG00032,OG03584,3,operon-adjacent (synteny)
OG00032,OG04858,3,operon-adjacent (synteny)
OG00032,OG12523,3,operon-adjacent (synteny)
OG00034,OG00036,3,operon-adjacent (synteny)
OG00034,OG00224,3,operon-adjacent (synteny)
OG03108,OG06924,3,operon-adjacent (synteny)
OG03111,OG05689,3,operon-adjacent (synteny)
OG03114,OG14192,3,operon-adjacent (synteny)
OG00192,OG11585,3,operon-adjacent (synteny)
OG00192,OG14123,3,operon-adjacent (synteny)
OG01208,OG06389,3,operon-adjacent (synteny)
OG01209,OG02183,3,operon-adjacent (synteny)
OG01209,OG08837,3,operon-adjacent (synteny)
OG01213,OG02371,3,operon-adjacent (synteny)
OG01213,OG02758,3,operon-adjacent (synteny)
OG01216,OG02223,3,operon-adjacent (synteny)
OG03176,OG12514,3,operon-adjacent (synteny)
OG03177,OG13783,3,operon-adjacent (synteny)
OG03187,OG04039,3,operon-adjacent (synteny)
OG00192,OG03023,3,operon-adjacent (synteny)
OG00192,OG03257,3,operon-adjacent (synteny)
OG00192,OG05205,3,operon-adjacent (synteny)
OG00192,OG10563,3,operon-adjacent (synteny)
OG00192,OG11208,3,operon-adjacent (synteny)
OG03153,OG03639,3,operon-adjacent (synteny)
OG03158,OG03887,3,operon-adjacent (synteny)
OG03161,OG03161,3,operon-adjacent (synteny)
OG03161,OG05272,3,operon-adjacent (synteny)
OG03166,OG04973,3,operon-adjacent (synteny)
OG03166,OG13198,3,operon-adjacent (synteny)
OG03166,OG14048,3,operon-adjacent (synteny)
OG03174,OG12668,3,operon-adjacent (synteny)
OG01225,OG01630,3,operon-adjacent (synteny)
OG01231,OG01541,3,operon-adjacent (synteny)
OG01231,OG08613,3,operon-adjacent (synteny)
OG03132,OG10090,3,operon-adjacent (synteny)
OG03134,OG03733,3,operon-adjacent (synteny)
OG03137,OG03438,3,operon-adjacent (synteny)
OG03138,OG14207,3,operon-adjacent (synteny)
OG03141,OG04082,3,operon-adjacent (synteny)
OG01197,OG01672,3,operon-adjacent (synteny)
OG01197,OG06446,3,operon-adjacent (synteny)
OG01199,OG01606,3,operon-adjacent (synteny)
OG01200,OG03683,3,operon-adjacent (synteny)
OG00192,OG00299,3,operon-adjacent (synteny)
OG00192,OG00407,3,operon-adjacent (synteny)
OG00192,OG00555,3,operon-adjacent (synteny)
OG00192,OG00940,3,operon-adjacent (synteny)
OG03229,OG03797,3,operon-adjacent (synteny)
OG03229,OG06012,3,operon-adjacent (synteny)
OG00032,OG00986,3,operon-adjacent (synteny)
OG01190,OG03804,3,operon-adjacent (synteny)
OG01190,OG11205,3,operon-adjacent (synteny)
OG01191,OG03378,3,operon-adjacent (synteny)
OG01192,OG02174,3,operon-adjacent (synteny)
OG01196,OG17001,3,operon-adjacent (synteny)
OG03190,OG05740,3,operon-adjacent (synteny)
OG03191,OG09967,3,operon-adjacent (synteny)
OG03194,OG03456,3,operon-adjacent (synteny)
OG03203,OG03894,3,operon-adjacent (synteny)
OG03206,OG03851,3,operon-adjacent (synteny)
OG03207,OG13356,3,operon-adjacent (synteny)
OG03217,OG13937,3,operon-adjacent (synteny)
OG03221,OG03639,3,operon-adjacent (synteny)
OG01216,OG05704,3,operon-adjacent (synteny)
OG01217,OG01396,3,operon-adjacent (synteny)
OG00189,OG02189,3,operon-adjacent (synteny)
OG03187,OG05102,3,operon-adjacent (synteny)
OG03187,OG13805,3,operon-adjacent (synteny)
OG03187,OG16744,3,operon-adjacent (synteny)
OG03188,OG09769,3,operon-adjacent (synteny)
OG03188,OG13366,3,operon-adjacent (synteny)
OG00194,OG00565,3,operon-adjacent (synteny)
OG00194,OG00770,3,operon-adjacent (synteny)
OG00194,OG01046,3,operon-adjacent (synteny)
OG01187,OG03778,3,operon-adjacent (synteny)
OG01188,OG01190,3,operon-adjacent (synteny)
OG01189,OG04748,3,operon-adjacent (synteny)
OG01189,OG06128,3,operon-adjacent (synteny)
OG01190,OG01775,3,operon-adjacent (synteny)
OG03244,OG11259,3,operon-adjacent (synteny)
OG03248,OG03565,3,operon-adjacent (synteny)
OG03257,OG06530,3,operon-adjacent (synteny)
OG03258,OG03853,3,operon-adjacent (synteny)
OG00194,OG00231,3,operon-adjacent (synteny)
OG00194,OG00236,3,operon-adjacent (synteny)
OG00194,OG00339,3,operon-adjacent (synteny)
OG00194,OG00540,3,operon-adjacent (synteny)
OG00032,OG02463,3,operon-adjacent (synteny)
OG00032,OG02971,3,operon-adjacent (synteny)
OG03231,OG03253,3,operon-adjacent (synteny)
OG03232,OG09533,3,operon-adjacent (synteny)
OG03238,OG03718,3,operon-adjacent (synteny)
OG03238,OG09772,3,operon-adjacent (synteny)
OG03239,OG13796,3,operon-adjacent (synteny)
OG03243,OG14133,3,operon-adjacent (synteny)
OG00192,OG01476,3,operon-adjacent (synteny)
OG00032,OG00992,3,operon-adjacent (synteny)
OG00032,OG01022,3,operon-adjacent (synteny)
OG00032,OG01307,3,operon-adjacent (synteny)
OG00032,OG01372,3,operon-adjacent (synteny)
OG00032,OG01439,3,operon-adjacent (synteny)
OG00032,OG01605,3,operon-adjacent (synteny)
OG00032,OG02229,3,operon-adjacent (synteny)
OG00194,OG02337,3,operon-adjacent (synteny)
OG00194,OG03437,3,operon-adjacent (synteny)
OG00194,OG03866,3,operon-adjacent (synteny)
OG01183,OG01190,3,operon-adjacent (synteny)
OG01183,OG01311,3,operon-adjacent (synteny)
OG01183,OG01440,3,operon-adjacent (synteny)
OG01183,OG02665,3,operon-adjacent (synteny)
OG01183,OG04845,3,operon-adjacent (synteny)
OG03289,OG08169,3,operon-adjacent (synteny)
OG03294,OG03980,3,operon-adjacent (synteny)
OG03300,OG09306,3,operon-adjacent (synteny)
OG03302,OG06422,3,operon-adjacent (synteny)
OG03306,OG12270,3,operon-adjacent (synteny)
OG00194,OG01654,3,operon-adjacent (synteny)
OG00194,OG01899,3,operon-adjacent (synteny)
OG00194,OG01924,3,operon-adjacent (synteny)
OG03272,OG04157,3,operon-adjacent (synteny)
OG03272,OG13861,3,operon-adjacent (synteny)
OG03275,OG11721,3,operon-adjacent (synteny)
OG03277,OG04239,3,operon-adjacent (synteny)
OG03277,OG05572,3,operon-adjacent (synteny)
OG03281,OG04056,3,operon-adjacent (synteny)
OG03285,OG03343,3,operon-adjacent (synteny)
OG03285,OG03672,3,operon-adjacent (synteny)
OG01190,OG02131,3,operon-adjacent (synteny)
OG01190,OG03025,3,operon-adjacent (synteny)
OG01190,OG03799,3,operon-adjacent (synteny)
OG03269,OG03269,3,operon-adjacent (synteny)
OG03269,OG11804,3,operon-adjacent (synteny)
OG03270,OG09895,3,operon-adjacent (synteny)
OG03270,OG14523,3,operon-adjacent (synteny)
OG03271,OG05288,3,operon-adjacent (synteny)
OG01172,OG02732,3,operon-adjacent (synteny)
OG01172,OG03743,3,operon-adjacent (synteny)
OG01172,OG06213,3,operon-adjacent (synteny)
OG01172,OG11664,3,operon-adjacent (synteny)
OG01172,OG14581,3,operon-adjacent (synteny)
OG01172,OG15152,3,operon-adjacent (synteny)
OG01177,OG04648,3,operon-adjacent (synteny)
OG01178,OG01763,3,operon-adjacent (synteny)
OG00032,OG00053,3,operon-adjacent (synteny)
OG00032,OG00055,3,operon-adjacent (synteny)
OG00032,OG00060,3,operon-adjacent (synteny)
OG00032,OG00112,3,operon-adjacent (synteny)
OG01171,OG09305,3,operon-adjacent (synteny)
OG01172,OG01794,3,operon-adjacent (synteny)
OG01172,OG02127,3,operon-adjacent (synteny)
OG01172,OG02178,3,operon-adjacent (synteny)
OG03329,OG11248,3,operon-adjacent (synteny)
OG03333,OG14203,3,operon-adjacent (synteny)
OG03337,OG05729,3,operon-adjacent (synteny)
OG03339,OG14212,3,operon-adjacent (synteny)
OG03341,OG14120,3,operon-adjacent (synteny)
OG03341,OG14594,3,operon-adjacent (synteny)
OG03345,OG06957,3,operon-adjacent (synteny)
OG03348,OG06475,3,operon-adjacent (synteny)
OG01183,OG13986,3,operon-adjacent (synteny)
OG01184,OG02990,3,operon-adjacent (synteny)
OG03313,OG09392,3,operon-adjacent (synteny)
OG03315,OG11952,3,operon-adjacent (synteny)
OG03317,OG14010,3,operon-adjacent (synteny)
OG03326,OG05183,3,operon-adjacent (synteny)
OG03329,OG04218,3,operon-adjacent (synteny)
OG03329,OG06480,3,operon-adjacent (synteny)
OG00194,OG11175,3,operon-adjacent (synteny)
OG00194,OG12273,3,operon-adjacent (synteny)
OG00194,OG12342,3,operon-adjacent (synteny)
OG00194,OG13207,3,operon-adjacent (synteny)
OG00194,OG14557,3,operon-adjacent (synteny)
OG00194,OG15435,3,operon-adjacent (synteny)
OG00194,OG15994,3,operon-adjacent (synteny)
OG00194,OG16692,3,operon-adjacent (synteny)
OG03360,OG04881,3,operon-adjacent (synteny)
OG03376,OG14175,3,operon-adjacent (synteny)
OG03377,OG13192,3,operon-adjacent (synteny)
OG03381,OG05117,3,operon-adjacent (synteny)
OG03382,OG05687,3,operon-adjacent (synteny)
OG01164,OG10142,3,operon-adjacent (synteny)
OG00194,OG03919,3,operon-adjacent (synteny)
OG00194,OG09455,3,operon-adjacent (synteny)
OG00032,OG00236,3,operon-adjacent (synteny)
OG00032,OG00361,3,operon-adjacent (synteny)
OG00032,OG00366,3,operon-adjacent (synteny)
OG00032,OG00762,3,operon-adjacent (synteny)
OG00032,OG00960,3,operon-adjacent (synteny)
OG03353,OG04912,3,operon-adjacent (synteny)
OG03357,OG04985,3,operon-adjacent (synteny)
OG03357,OG13987,3,operon-adjacent (synteny)
OG01179,OG02531,3,operon-adjacent (synteny)
OG00194,OG01081,3,operon-adjacent (synteny)
OG00194,OG01148,3,operon-adjacent (synteny)
OG00194,OG01249,3,operon-adjacent (synteny)
OG00194,OG01515,3,operon-adjacent (synteny)
OG00194,OG01579,3,operon-adjacent (synteny)
OG00032,OG00174,3,operon-adjacent (synteny)
OG00032,OG00179,3,operon-adjacent (synteny)
OG01157,OG16161,3,operon-adjacent (synteny)
OG01158,OG01446,3,operon-adjacent (synteny)
OG00196,OG00337,3,operon-adjacent (synteny)
OG00197,OG02059,3,operon-adjacent (synteny)
OG01158,OG01673,3,operon-adjacent (synteny)
OG01160,OG01396,3,operon-adjacent (synteny)
OG01163,OG01679,3,operon-adjacent (synteny)
OG01164,OG01597,3,operon-adjacent (synteny)
OG03399,OG16393,3,operon-adjacent (synteny)
OG03400,OG14046,3,operon-adjacent (synteny)
OG03402,OG04413,3,operon-adjacent (synteny)
OG03412,OG05594,3,operon-adjacent (synteny)
OG03414,OG03541,3,operon-adjacent (synteny)
OG03425,OG03607,3,operon-adjacent (synteny)
OG01157,OG01381,3,operon-adjacent (synteny)
OG01157,OG03440,3,operon-adjacent (synteny)
OG03384,OG04958,3,operon-adjacent (synteny)
OG03385,OG09944,3,operon-adjacent (synteny)
OG03386,OG04539,3,operon-adjacent (synteny)
OG03389,OG04422,3,operon-adjacent (synteny)
OG03389,OG06515,3,operon-adjacent (synteny)
OG03392,OG14080,3,operon-adjacent (synteny)
OG03395,OG13797,3,operon-adjacent (synteny)
OG03399,OG16233,3,operon-adjacent (synteny)
OG00195,OG00804,3,operon-adjacent (synteny)
OG01169,OG04141,3,operon-adjacent (synteny)
OG01170,OG02224,3,operon-adjacent (synteny)
OG01170,OG03973,3,operon-adjacent (synteny)
OG01170,OG05839,3,operon-adjacent (synteny)
OG01170,OG09279,3,operon-adjacent (synteny)
OG01171,OG02583,3,operon-adjacent (synteny)
OG01171,OG02881,3,operon-adjacent (synteny)
OG01150,OG03634,3,operon-adjacent (synteny)
OG01150,OG13967,3,operon-adjacent (synteny)
OG01153,OG02708,3,operon-adjacent (synteny)
OG01153,OG13212,3,operon-adjacent (synteny)
OG01154,OG01997,3,operon-adjacent (synteny)
OG01133,OG13102,3,operon-adjacent (synteny)
OG01133,OG14162,3,operon-adjacent (synteny)
OG01141,OG03139,3,operon-adjacent (synteny)
OG00030,OG01508,3,operon-adjacent (synteny)
OG00203,OG05194,3,operon-adjacent (synteny)
OG00203,OG11214,3,operon-adjacent (synteny)
OG00203,OG11675,3,operon-adjacent (synteny)
OG00206,OG00998,3,operon-adjacent (synteny)
OG00206,OG14599,3,operon-adjacent (synteny)
OG00208,OG07068,3,operon-adjacent (synteny)
OG01150,OG01341,3,operon-adjacent (synteny)
OG03449,OG06230,3,operon-adjacent (synteny)
OG03457,OG04606,3,operon-adjacent (synteny)
OG03467,OG03999,3,operon-adjacent (synteny)
OG03467,OG06005,3,operon-adjacent (synteny)
OG00030,OG00912,3,operon-adjacent (synteny)
OG00030,OG01090,3,operon-adjacent (synteny)
OG00030,OG01190,3,operon-adjacent (synteny)
OG00030,OG01377,3,operon-adjacent (synteny)
OG01164,OG02545,3,operon-adjacent (synteny)
OG03429,OG03924,3,operon-adjacent (synteny)
OG03436,OG13808,3,operon-adjacent (synteny)
OG03442,OG13782,3,operon-adjacent (synteny)
OG03443,OG03997,3,operon-adjacent (synteny)
OG03446,OG14089,3,operon-adjacent (synteny)
OG03448,OG05333,3,operon-adjacent (synteny)
OG03449,OG03788,3,operon-adjacent (synteny)
OG00215,OG06054,3,operon-adjacent (synteny)
OG00216,OG00711,3,operon-adjacent (synteny)
OG00216,OG01328,3,operon-adjacent (synteny)
OG01132,OG02188,3,operon-adjacent (synteny)
OG01132,OG02518,3,operon-adjacent (synteny)
OG01133,OG01153,3,operon-adjacent (synteny)
OG01133,OG01177,3,operon-adjacent (synteny)
OG01133,OG01212,3,operon-adjacent (synteny)
OG00030,OG14121,3,operon-adjacent (synteny)
OG03467,OG09107,3,operon-adjacent (synteny)
OG03467,OG13925,3,operon-adjacent (synteny)
OG03468,OG15015,3,operon-adjacent (synteny)
OG03475,OG14005,3,operon-adjacent (synteny)
OG03478,OG14052,3,operon-adjacent (synteny)
OG00210,OG15703,3,operon-adjacent (synteny)
OG00213,OG00758,3,operon-adjacent (synteny)
OG00030,OG02693,3,operon-adjacent (synteny)
OG00030,OG02832,3,operon-adjacent (synteny)
OG00030,OG02953,3,operon-adjacent (synteny)
OG00030,OG03613,3,operon-adjacent (synteny)
OG00030,OG04406,3,operon-adjacent (synteny)
OG00030,OG04867,3,operon-adjacent (synteny)
OG00030,OG05303,3,operon-adjacent (synteny)
OG00030,OG05626,3,operon-adjacent (synteny)
OG01143,OG02832,3,operon-adjacent (synteny)
OG01145,OG10142,3,operon-adjacent (synteny)
OG01146,OG01571,3,operon-adjacent (synteny)
OG01146,OG11284,3,operon-adjacent (synteny)
OG01149,OG01302,3,operon-adjacent (synteny)
OG01149,OG02579,3,operon-adjacent (synteny)
OG00201,OG11483,3,operon-adjacent (synteny)
OG00030,OG01979,3,operon-adjacent (synteny)
OG01125,OG02256,3,operon-adjacent (synteny)
OG01126,OG01709,3,operon-adjacent (synteny)
OG01127,OG02000,3,operon-adjacent (synteny)
OG00218,OG00796,3,operon-adjacent (synteny)
OG00218,OG01536,3,operon-adjacent (synteny)
OG00218,OG03034,3,operon-adjacent (synteny)
OG00218,OG09229,3,operon-adjacent (synteny)
OG00218,OG11537,3,operon-adjacent (synteny)
OG01108,OG01260,3,operon-adjacent (synteny)
OG01109,OG01146,3,operon-adjacent (synteny)
OG01109,OG09103,3,operon-adjacent (synteny)
OG01114,OG13925,3,operon-adjacent (synteny)
OG01116,OG05482,3,operon-adjacent (synteny)
OG01118,OG01173,3,operon-adjacent (synteny)
OG01120,OG03105,3,operon-adjacent (synteny)
OG01122,OG13880,3,operon-adjacent (synteny)
OG03505,OG05301,3,operon-adjacent (synteny)
OG03526,OG14169,3,operon-adjacent (synteny)
OG03541,OG03671,3,operon-adjacent (synteny)
OG03546,OG05199,3,operon-adjacent (synteny)
OG03546,OG13781,3,operon-adjacent (synteny)
OG03550,OG15766,3,operon-adjacent (synteny)
OG03550,OG17022,3,operon-adjacent (synteny)
OG03557,OG16776,3,operon-adjacent (synteny)
OG01133,OG01285,3,operon-adjacent (synteny)
OG01133,OG01365,3,operon-adjacent (synteny)
OG01133,OG04840,3,operon-adjacent (synteny)
OG03485,OG04539,3,operon-adjacent (synteny)
OG03488,OG14183,3,operon-adjacent (synteny)
OG03491,OG14109,3,operon-adjacent (synteny)
OG03498,OG05404,3,operon-adjacent (synteny)
OG03505,OG03963,3,operon-adjacent (synteny)
OG00224,OG00231,3,operon-adjacent (synteny)
OG00224,OG00235,3,operon-adjacent (synteny)
OG00224,OG00362,3,operon-adjacent (synteny)
OG00224,OG00853,3,operon-adjacent (synteny)
OG00224,OG01217,3,operon-adjacent (synteny)
OG01090,OG13475,3,operon-adjacent (synteny)
OG01092,OG01581,3,operon-adjacent (synteny)
OG01094,OG01612,3,operon-adjacent (synteny)
OG03614,OG11641,3,operon-adjacent (synteny)
OG03616,OG15055,3,operon-adjacent (synteny)
OG03621,OG03890,3,operon-adjacent (synteny)
OG03621,OG03974,3,operon-adjacent (synteny)
OG00028,OG00236,3,operon-adjacent (synteny)
OG00028,OG00317,3,operon-adjacent (synteny)
OG01090,OG12559,3,operon-adjacent (synteny)
OG00220,OG11579,3,operon-adjacent (synteny)
OG03569,OG08464,3,operon-adjacent (synteny)
OG03581,OG05578,3,operon-adjacent (synteny)
OG03586,OG04971,3,operon-adjacent (synteny)
OG03586,OG14000,3,operon-adjacent (synteny)
OG03603,OG13817,3,operon-adjacent (synteny)
OG03607,OG03799,3,operon-adjacent (synteny)
OG03610,OG06147,3,operon-adjacent (synteny)
OG03613,OG14202,3,operon-adjacent (synteny)
OG00218,OG14595,3,operon-adjacent (synteny)
OG00220,OG11406,3,operon-adjacent (synteny)
OG01102,OG02214,3,operon-adjacent (synteny)
OG01102,OG02470,3,operon-adjacent (synteny)
OG01102,OG16055,3,operon-adjacent (synteny)
OG01105,OG06061,3,operon-adjacent (synteny)
OG01105,OG13776,3,operon-adjacent (synteny)
OG03569,OG03820,3,operon-adjacent (synteny)
OG01078,OG01953,3,operon-adjacent (synteny)
OG01080,OG03739,3,operon-adjacent (synteny)
OG01080,OG11216,3,operon-adjacent (synteny)
OG01080,OG11299,3,operon-adjacent (synteny)
OG01080,OG14910,3,operon-adjacent (synteny)
OG01081,OG05301,3,operon-adjacent (synteny)
OG01082,OG03238,3,operon-adjacent (synteny)
OG01082,OG03346,3,operon-adjacent (synteny)
OG03651,OG13727,3,operon-adjacent (synteny)
OG03651,OG13827,3,operon-adjacent (synteny)
OG03655,OG03774,3,operon-adjacent (synteny)
OG03655,OG03974,3,operon-adjacent (synteny)
OG03656,OG04300,3,operon-adjacent (synteny)
OG03656,OG15032,3,operon-adjacent (synteny)
OG03669,OG04039,3,operon-adjacent (synteny)
OG03673,OG04004,3,operon-adjacent (synteny)
OG00030,OG00034,3,operon-adjacent (synteny)
OG00030,OG00053,3,operon-adjacent (synteny)
OG00030,OG00074,3,operon-adjacent (synteny)
OG00030,OG00556,3,operon-adjacent (synteny)
OG00030,OG00616,3,operon-adjacent (synteny)
OG00030,OG00703,3,operon-adjacent (synteny)
OG03634,OG06965,3,operon-adjacent (synteny)
OG03635,OG11530,3,operon-adjacent (synteny)
OG01095,OG02107,3,operon-adjacent (synteny)
OG01095,OG11440,3,operon-adjacent (synteny)
OG01095,OG14148,3,operon-adjacent (synteny)
OG01100,OG02010,3,operon-adjacent (synteny)
OG01100,OG06717,3,operon-adjacent (synteny)
OG01101,OG01663,3,operon-adjacent (synteny)
OG01101,OG04520,3,operon-adjacent (synteny)
OG00030,OG00030,3,operon-adjacent (synteny)
OG01073,OG02310,3,operon-adjacent (synteny)
OG01073,OG04001,3,operon-adjacent (synteny)
OG01074,OG14186,3,operon-adjacent (synteny)
OG01075,OG02796,3,operon-adjacent (synteny)
OG01075,OG11696,3,operon-adjacent (synteny)
OG00024,OG11276,3,operon-adjacent (synteny)
OG00025,OG04747,3,operon-adjacent (synteny)
OG00026,OG00071,3,operon-adjacent (synteny)
OG00024,OG03253,3,operon-adjacent (synteny)
OG00024,OG03539,3,operon-adjacent (synteny)
OG00224,OG04611,3,operon-adjacent (synteny)
OG00224,OG10572,3,operon-adjacent (synteny)
OG00224,OG11321,3,operon-adjacent (synteny)
OG00224,OG12181,3,operon-adjacent (synteny)
OG00224,OG15004,3,operon-adjacent (synteny)
OG00230,OG05292,3,operon-adjacent (synteny)
OG03727,OG06291,3,operon-adjacent (synteny)
OG03729,OG13984,3,operon-adjacent (synteny)
OG03729,OG15388,3,operon-adjacent (synteny)
OG03732,OG03885,3,operon-adjacent (synteny)
OG03732,OG04050,3,operon-adjacent (synteny)
OG03734,OG14212,3,operon-adjacent (synteny)
OG03735,OG16992,3,operon-adjacent (synteny)
OG00024,OG01576,3,operon-adjacent (synteny)
OG01082,OG03856,3,operon-adjacent (synteny)
OG01085,OG11821,3,operon-adjacent (synteny)
OG01085,OG12514,3,operon-adjacent (synteny)
OG01085,OG16807,3,operon-adjacent (synteny)
OG01086,OG11603,3,operon-adjacent (synteny)
OG01088,OG01865,3,operon-adjacent (synteny)
OG01090,OG11328,3,operon-adjacent (synteny)
OG03688,OG05740,3,operon-adjacent (synteny)
OG01068,OG13765,3,operon-adjacent (synteny)
OG01070,OG02063,3,operon-adjacent (synteny)
OG00020,OG06705,3,operon-adjacent (synteny)
OG00020,OG06961,3,operon-adjacent (synteny)
OG00020,OG10561,3,operon-adjacent (synteny)
OG00020,OG11196,3,operon-adjacent (synteny)
OG00021,OG03935,3,operon-adjacent (synteny)
OG00022,OG11212,3,operon-adjacent (synteny)
OG00231,OG00762,3,operon-adjacent (synteny)
OG00231,OG00801,3,operon-adjacent (synteny)
OG00231,OG01306,3,operon-adjacent (synteny)
OG00231,OG01386,3,operon-adjacent (synteny)
OG00231,OG01451,3,operon-adjacent (synteny)
OG01063,OG03298,3,operon-adjacent (synteny)
OG01063,OG04033,3,operon-adjacent (synteny)
OG01065,OG01364,3,operon-adjacent (synteny)
OG03747,OG05675,3,operon-adjacent (synteny)
OG03766,OG05117,3,operon-adjacent (synteny)
OG03769,OG14196,3,operon-adjacent (synteny)
OG03776,OG14364,3,operon-adjacent (synteny)
OG03783,OG04845,3,operon-adjacent (synteny)
OG03788,OG03973,3,operon-adjacent (synteny)
OG03788,OG05423,3,operon-adjacent (synteny)
OG03790,OG09032,3,operon-adjacent (synteny)
OG00026,OG00338,3,operon-adjacent (synteny)
OG00027,OG00218,3,operon-adjacent (synteny)
OG00027,OG00231,3,operon-adjacent (synteny)
OG00027,OG00885,3,operon-adjacent (synteny)
OG00027,OG02680,3,operon-adjacent (synteny)
OG00027,OG05146,3,operon-adjacent (synteny)
OG03737,OG05162,3,operon-adjacent (synteny)
OG03742,OG06165,3,operon-adjacent (synteny)
OG00231,OG00420,3,operon-adjacent (synteny)
OG01043,OG02425,3,operon-adjacent (synteny)
OG00231,OG01701,3,operon-adjacent (synteny)
OG00231,OG01743,3,operon-adjacent (synteny)
OG00231,OG02100,3,operon-adjacent (synteny)
OG00231,OG03488,3,operon-adjacent (synteny)
OG00231,OG04970,3,operon-adjacent (synteny)
OG00231,OG05072,3,operon-adjacent (synteny)
OG01059,OG01834,3,operon-adjacent (synteny)
OG01061,OG12847,3,operon-adjacent (synteny)
OG01062,OG04924,3,operon-adjacent (synteny)
OG01063,OG01127,3,operon-adjacent (synteny)
OG01063,OG01533,3,operon-adjacent (synteny)
OG00230,OG06021,3,operon-adjacent (synteny)
OG00231,OG00353,3,operon-adjacent (synteny)
OG00231,OG00360,3,operon-adjacent (synteny)
OG01046,OG02518,3,operon-adjacent (synteny)
OG01051,OG01354,3,operon-adjacent (synteny)
OG01051,OG03079,3,operon-adjacent (synteny)
OG01051,OG04958,3,operon-adjacent (synteny)
OG01051,OG14012,3,operon-adjacent (synteny)
OG01051,OG14319,3,operon-adjacent (synteny)
OG01056,OG12496,3,operon-adjacent (synteny)
OG01057,OG01212,3,operon-adjacent (synteny)
OG00024,OG00970,3,operon-adjacent (synteny)
OG00024,OG01091,3,operon-adjacent (synteny)
OG00024,OG01458,3,operon-adjacent (synteny)
OG03792,OG11774,3,operon-adjacent (synteny)
OG03795,OG03927,3,operon-adjacent (synteny)
OG03797,OG14173,3,operon-adjacent (synteny)
OG03801,OG06904,3,operon-adjacent (synteny)
OG01046,OG01623,3,operon-adjacent (synteny)
OG00235,OG01678,3,operon-adjacent (synteny)
OG00235,OG01741,3,operon-adjacent (synteny)
OG00235,OG02819,3,operon-adjacent (synteny)
OG00235,OG03023,3,operon-adjacent (synteny)
OG01038,OG01267,3,operon-adjacent (synteny)
OG01038,OG01279,3,operon-adjacent (synteny)
OG01038,OG03516,3,operon-adjacent (synteny)
OG01038,OG10450,3,operon-adjacent (synteny)
OG03868,OG05706,3,operon-adjacent (synteny)
OG03876,OG05577,3,operon-adjacent (synteny)
OG03895,OG05822,3,operon-adjacent (synteny)
OG03898,OG04794,3,operon-adjacent (synteny)
OG03900,OG04400,3,operon-adjacent (synteny)
OG00234,OG04085,3,operon-adjacent (synteny)
OG00235,OG00255,3,operon-adjacent (synteny)
OG00235,OG01304,3,operon-adjacent (synteny)
OG01044,OG16582,3,operon-adjacent (synteny)
OG03824,OG05484,3,operon-adjacent (synteny)
OG03839,OG06076,3,operon-adjacent (synteny)
OG03839,OG11261,3,operon-adjacent (synteny)
OG03843,OG14565,3,operon-adjacent (synteny)
OG03852,OG13813,3,operon-adjacent (synteny)
OG03856,OG13831,3,operon-adjacent (synteny)
OG03863,OG12651,3,operon-adjacent (synteny)
OG00231,OG06015,3,operon-adjacent (synteny)
OG00231,OG06424,3,operon-adjacent (synteny)
OG00231,OG10233,3,operon-adjacent (synteny)
OG00231,OG13442,3,operon-adjacent (synteny)
OG01043,OG04218,3,operon-adjacent (synteny)
OG01043,OG04541,3,operon-adjacent (synteny)
OG01043,OG11710,3,operon-adjacent (synteny)
OG01043,OG16923,3,operon-adjacent (synteny)
OG01030,OG01482,3,operon-adjacent (synteny)
OG01030,OG02307,3,operon-adjacent (synteny)
OG01032,OG06220,3,operon-adjacent (synteny)
OG01034,OG05074,3,operon-adjacent (synteny)
OG01037,OG01821,3,operon-adjacent (synteny)
OG00231,OG15087,3,operon-adjacent (synteny)
OG00231,OG16387,3,operon-adjacent (synteny)
OG03991,OG13859,3,operon-adjacent (synteny)
OG03989,OG11138,3,operon-adjacent (synteny)
OG01025,OG03756,3,operon-adjacent (synteny)
OG01025,OG05700,3,operon-adjacent (synteny)
OG01025,OG10467,3,operon-adjacent (synteny)
OG01026,OG01735,3,operon-adjacent (synteny)
OG01027,OG02063,3,operon-adjacent (synteny)
OG01027,OG03359,3,operon-adjacent (synteny)
OG01029,OG02659,3,operon-adjacent (synteny)
OG03928,OG10480,3,operon-adjacent (synteny)
OG03942,OG14006,3,operon-adjacent (synteny)
OG03951,OG10947,3,operon-adjacent (synteny)
OG03964,OG14183,3,operon-adjacent (synteny)
OG03974,OG03974,3,operon-adjacent (synteny)
OG03974,OG10730,3,operon-adjacent (synteny)
OG03984,OG16855,3,operon-adjacent (synteny)
OG03989,OG04213,3,operon-adjacent (synteny)
OG01038,OG10694,3,operon-adjacent (synteny)
OG01038,OG11994,3,operon-adjacent (synteny)
OG01038,OG16698,3,operon-adjacent (synteny)
OG01041,OG04211,3,operon-adjacent (synteny)
OG03908,OG13831,3,operon-adjacent (synteny)
OG03908,OG13896,3,operon-adjacent (synteny)
OG03917,OG05488,3,operon-adjacent (synteny)
OG03924,OG04194,3,operon-adjacent (synteny)
OG00238,OG00307,3,operon-adjacent (synteny)
OG01019,OG01391,3,operon-adjacent (synteny)
OG01020,OG02641,3,operon-adjacent (synteny)
OG01022,OG12009,3,operon-adjacent (synteny)
OG01025,OG02942,3,operon-adjacent (synteny)
OG01025,OG03014,3,operon-adjacent (synteny)
OG01025,OG03386,3,operon-adjacent (synteny)
OG00019,OG15339,3,operon-adjacent (synteny)
OG00236,OG00979,3,operon-adjacent (synteny)
OG00236,OG01081,3,operon-adjacent (synteny)
OG00236,OG02182,3,operon-adjacent (synteny)
OG00236,OG02968,3,operon-adjacent (synteny)
OG00236,OG05438,3,operon-adjacent (synteny)
OG00236,OG13642,3,operon-adjacent (synteny)
OG00236,OG14831,3,operon-adjacent (synteny)
OG00237,OG04492,3,operon-adjacent (synteny)
OG04047,OG05929,3,operon-adjacent (synteny)
OG04065,OG05505,3,operon-adjacent (synteny)
OG00019,OG14102,3,operon-adjacent (synteny)
OG00019,OG14728,3,operon-adjacent (synteny)
OG00019,OG15146,3,operon-adjacent (synteny)
OG00019,OG15157,3,operon-adjacent (synteny)
OG00019,OG15270,3,operon-adjacent (synteny)
OG00236,OG00889,3,operon-adjacent (synteny)
OG04018,OG06549,3,operon-adjacent (synteny)
OG04023,OG05278,3,operon-adjacent (synteny)
OG04023,OG14956,3,operon-adjacent (synteny)
OG04028,OG05427,3,operon-adjacent (synteny)
OG04029,OG05399,3,operon-adjacent (synteny)
OG04032,OG14155,3,operon-adjacent (synteny)
OG04033,OG14544,3,operon-adjacent (synteny)
OG04038,OG13212,3,operon-adjacent (synteny)
OG00235,OG14155,3,operon-adjacent (synteny)
OG00995,OG02682,3,operon-adjacent (synteny)
OG00995,OG03331,3,operon-adjacent (synteny)
OG00995,OG03932,3,operon-adjacent (synteny)
OG00999,OG14541,3,operon-adjacent (synteny)
OG00238,OG11575,3,operon-adjacent (synteny)
OG00239,OG00960,3,operon-adjacent (synteny)
OG00239,OG01417,3,operon-adjacent (synteny)
OG01011,OG05679,3,operon-adjacent (synteny)
OG01011,OG05918,3,operon-adjacent (synteny)
OG01011,OG11714,3,operon-adjacent (synteny)
OG01012,OG02406,3,operon-adjacent (synteny)
OG01015,OG16945,3,operon-adjacent (synteny)
OG01016,OG02163,3,operon-adjacent (synteny)
OG00235,OG03132,3,operon-adjacent (synteny)
OG00235,OG06821,3,operon-adjacent (synteny)
OG04113,OG05088,3,operon-adjacent (synteny)
OG04117,OG04642,3,operon-adjacent (synteny)
OG01004,OG01708,3,operon-adjacent (synteny)
OG01004,OG06515,3,operon-adjacent (synteny)
OG01006,OG01560,3,operon-adjacent (synteny)
OG01008,OG01073,3,operon-adjacent (synteny)
OG01008,OG02340,3,operon-adjacent (synteny)
OG01008,OG02430,3,operon-adjacent (synteny)
OG00019,OG15473,3,operon-adjacent (synteny)
OG00019,OG15474,3,operon-adjacent (synteny)
OG00019,OG16017,3,operon-adjacent (synteny)
OG00019,OG16721,3,operon-adjacent (synteny)
OG04082,OG14199,3,operon-adjacent (synteny)
OG04092,OG13917,3,operon-adjacent (synteny)
OG04105,OG09942,3,operon-adjacent (synteny)
OG04110,OG13808,3,operon-adjacent (synteny)
OG00988,OG05097,3,operon-adjacent (synteny)
OG00245,OG01203,3,operon-adjacent (synteny)
OG00245,OG01928,3,operon-adjacent (synteny)
OG00245,OG01938,3,operon-adjacent (synteny)
OG00245,OG02449,3,operon-adjacent (synteny)
OG00991,OG02361,3,operon-adjacent (synteny)
OG00991,OG02406,3,operon-adjacent (synteny)
OG00991,OG05675,3,operon-adjacent (synteny)
OG04181,OG11885,3,operon-adjacent (synteny)
OG04182,OG04708,3,operon-adjacent (synteny)
OG04183,OG14560,3,operon-adjacent (synteny)
OG00981,OG01513,3,operon-adjacent (synteny)
OG00981,OG02148,3,operon-adjacent (synteny)
OG00981,OG03409,3,operon-adjacent (synteny)
OG00982,OG03933,3,operon-adjacent (synteny)
OG00984,OG10707,3,operon-adjacent (synteny)
OG04157,OG17042,3,operon-adjacent (synteny)
OG04163,OG05336,3,operon-adjacent (synteny)
OG04165,OG08241,3,operon-adjacent (synteny)
OG04167,OG04369,3,operon-adjacent (synteny)
OG04174,OG09107,3,operon-adjacent (synteny)
OG04174,OG09217,3,operon-adjacent (synteny)
OG04174,OG11182,3,operon-adjacent (synteny)
OG04178,OG04300,3,operon-adjacent (synteny)
OG00239,OG01424,3,operon-adjacent (synteny)
OG00239,OG01509,3,operon-adjacent (synteny)
OG00239,OG07095,3,operon-adjacent (synteny)
OG00244,OG05598,3,operon-adjacent (synteny)
OG01002,OG09858,3,operon-adjacent (synteny)
OG04144,OG14137,3,operon-adjacent (synteny)
OG04146,OG11881,3,operon-adjacent (synteny)
OG04150,OG04658,3,operon-adjacent (synteny)
OG00245,OG04033,3,operon-adjacent (synteny)
OG00245,OG06664,3,operon-adjacent (synteny)
OG00979,OG02406,3,operon-adjacent (synteny)
OG00975,OG00990,3,operon-adjacent (synteny)
OG00975,OG01259,3,operon-adjacent (synteny)
OG00245,OG10110,3,operon-adjacent (synteny)
OG00245,OG11987,3,operon-adjacent (synteny)
OG00245,OG12796,3,operon-adjacent (synteny)
OG04265,OG14125,3,operon-adjacent (synteny)
OG04280,OG04280,3,operon-adjacent (synteny)
OG04280,OG14859,3,operon-adjacent (synteny)
OG00978,OG02174,3,operon-adjacent (synteny)
OG00978,OG02905,3,operon-adjacent (synteny)
OG00978,OG03162,3,operon-adjacent (synteny)
OG00245,OG02659,3,operon-adjacent (synteny)
OG00245,OG03713,3,operon-adjacent (synteny)
OG04237,OG06549,3,operon-adjacent (synteny)
OG04237,OG14180,3,operon-adjacent (synteny)
OG04240,OG11777,3,operon-adjacent (synteny)
OG04240,OG13966,3,operon-adjacent (synteny)
OG04249,OG04407,3,operon-adjacent (synteny)
OG04257,OG11881,3,operon-adjacent (synteny)
OG04257,OG14142,3,operon-adjacent (synteny)
OG04258,OG14126,3,operon-adjacent (synteny)
OG00991,OG09457,3,operon-adjacent (synteny)
OG00992,OG01420,3,operon-adjacent (synteny)
OG04186,OG13367,3,operon-adjacent (synteny)
OG04225,OG16631,3,operon-adjacent (synteny)
OG04228,OG13730,3,operon-adjacent (synteny)
OG04229,OG09383,3,operon-adjacent (synteny)
OG04231,OG12032,3,operon-adjacent (synteny)
OG04236,OG12019,3,operon-adjacent (synteny)
OG00250,OG00265,3,operon-adjacent (synteny)
OG00250,OG03790,3,operon-adjacent (synteny)
OG00250,OG03820,3,operon-adjacent (synteny)
OG00252,OG01254,3,operon-adjacent (synteny)
OG00252,OG02596,3,operon-adjacent (synteny)
OG00255,OG00299,3,operon-adjacent (synteny)
OG00255,OG00355,3,operon-adjacent (synteny)
OG00966,OG04907,3,operon-adjacent (synteny)
OG00019,OG09478,3,operon-adjacent (synteny)
OG00019,OG09984,3,operon-adjacent (synteny)
OG00019,OG11211,3,operon-adjacent (synteny)
OG00019,OG11766,3,operon-adjacent (synteny)
OG00019,OG11849,3,operon-adjacent (synteny)
OG00248,OG13939,3,operon-adjacent (synteny)
OG00249,OG01877,3,operon-adjacent (synteny)
OG00249,OG02942,3,operon-adjacent (synteny)
OG04314,OG04404,3,operon-adjacent (synteny)
OG04325,OG04878,3,operon-adjacent (synteny)
OG04326,OG13824,3,operon-adjacent (synteny)
OG04342,OG04386,3,operon-adjacent (synteny)
OG04346,OG13347,3,operon-adjacent (synteny)
OG04347,OG11849,3,operon-adjacent (synteny)
OG04348,OG06453,3,operon-adjacent (synteny)
OG04348,OG11629,3,operon-adjacent (synteny)
OG00245,OG13546,3,operon-adjacent (synteny)
OG00245,OG13600,3,operon-adjacent (synteny)
OG00245,OG14085,3,operon-adjacent (synteny)
OG00245,OG14150,3,operon-adjacent (synteny)
OG00245,OG16736,3,operon-adjacent (synteny)
OG00975,OG14471,3,operon-adjacent (synteny)
OG00976,OG01620,3,operon-adjacent (synteny)
OG04313,OG17055,3,operon-adjacent (synteny)
OG00960,OG01346,3,operon-adjacent (synteny)
OG00960,OG02992,3,operon-adjacent (synteny)
OG00961,OG03565,3,operon-adjacent (synteny)
OG00962,OG16986,3,operon-adjacent (synteny)
OG00964,OG13927,3,operon-adjacent (synteny)
OG00965,OG03184,3,operon-adjacent (synteny)
OG00965,OG05135,3,operon-adjacent (synteny)
OG00965,OG06057,3,operon-adjacent (synteny)
OG00019,OG14097,3,operon-adjacent (synteny)
OG04351,OG04627,3,operon-adjacent (synteny)
OG04373,OG16961,3,operon-adjacent (synteny)
OG04389,OG09489,3,operon-adjacent (synteny)
OG04393,OG04769,3,operon-adjacent (synteny)
OG04396,OG06100,3,operon-adjacent (synteny)
OG04398,OG04566,3,operon-adjacent (synteny)
OG04435,OG05158,3,operon-adjacent (synteny)
OG00019,OG13199,3,operon-adjacent (synteny)
OG00019,OG13205,3,operon-adjacent (synteny)
OG00019,OG13295,3,operon-adjacent (synteny)
OG00019,OG13475,3,operon-adjacent (synteny)
OG00019,OG13762,3,operon-adjacent (synteny)
OG00019,OG13779,3,operon-adjacent (synteny)
OG00019,OG13871,3,operon-adjacent (synteny)
OG00019,OG14062,3,operon-adjacent (synteny)
OG00966,OG05320,3,operon-adjacent (synteny)
OG00968,OG11910,3,operon-adjacent (synteny)
OG00968,OG12205,3,operon-adjacent (synteny)
OG00973,OG01285,3,operon-adjacent (synteny)
OG00019,OG11966,3,operon-adjacent (synteny)
OG00019,OG12103,3,operon-adjacent (synteny)
OG00019,OG12199,3,operon-adjacent (synteny)
OG00019,OG12879,3,operon-adjacent (synteny)
OG00954,OG01886,3,operon-adjacent (synteny)
OG00956,OG01259,3,operon-adjacent (synteny)
OG04603,OG06021,3,operon-adjacent (synteny)
OG04608,OG14054,3,operon-adjacent (synteny)
OG04617,OG06838,3,operon-adjacent (synteny)
OG04629,OG14781,3,operon-adjacent (synteny)
OG04635,OG09248,3,operon-adjacent (synteny)
OG04666,OG11885,3,operon-adjacent (synteny)
OG00255,OG00752,3,operon-adjacent (synteny)
OG00255,OG00898,3,operon-adjacent (synteny)
OG00255,OG00977,3,operon-adjacent (synteny)
OG00255,OG01269,3,operon-adjacent (synteny)
OG00255,OG01372,3,operon-adjacent (synteny)
OG00255,OG02276,3,operon-adjacent (synteny)
OG00948,OG13878,3,operon-adjacent (synteny)
OG00953,OG02729,3,operon-adjacent (synteny)
OG04556,OG09983,3,operon-adjacent (synteny)
OG04583,OG16827,3,operon-adjacent (synteny)
OG04586,OG05208,3,operon-adjacent (synteny)
OG04587,OG11523,3,operon-adjacent (synteny)
OG04588,OG11617,3,operon-adjacent (synteny)
OG04597,OG16618,3,operon-adjacent (synteny)
OG00255,OG00686,3,operon-adjacent (synteny)
OG00255,OG00701,3,operon-adjacent (synteny)
OG00965,OG12700,3,operon-adjacent (synteny)
OG00247,OG04567,3,operon-adjacent (synteny)
OG04445,OG11510,3,operon-adjacent (synteny)
OG04462,OG05302,3,operon-adjacent (synteny)
OG04462,OG05519,3,operon-adjacent (synteny)
OG04493,OG13448,3,operon-adjacent (synteny)
OG04518,OG13322,3,operon-adjacent (synteny)
OG04552,OG04612,3,operon-adjacent (synteny)
OG00255,OG00574,3,operon-adjacent (synteny)
OG00255,OG02465,3,operon-adjacent (synteny)
OG00255,OG02830,3,operon-adjacent (synteny)
OG00255,OG02945,3,operon-adjacent (synteny)
OG00255,OG03988,3,operon-adjacent (synteny)
OG00255,OG04548,3,operon-adjacent (synteny)
OG00255,OG04877,3,operon-adjacent (synteny)
OG00255,OG12552,3,operon-adjacent (synteny)
OG00940,OG01611,3,operon-adjacent (synteny)
OG00940,OG02874,3,operon-adjacent (synteny)
OG00945,OG02520,3,operon-adjacent (synteny)
OG00945,OG03476,3,operon-adjacent (synteny)
OG00946,OG08867,3,operon-adjacent (synteny)
OG00947,OG13553,3,operon-adjacent (synteny)
OG00948,OG02249,3,operon-adjacent (synteny)
OG00255,OG00430,3,operon-adjacent (synteny)
OG00019,OG05637,3,operon-adjacent (synteny)
OG00019,OG05775,3,operon-adjacent (synteny)
OG00929,OG16722,3,operon-adjacent (synteny)
OG00932,OG16999,3,operon-adjacent (synteny)
OG00935,OG01652,3,operon-adjacent (synteny)
OG00936,OG01367,3,operon-adjacent (synteny)
OG00937,OG04348,3,operon-adjacent (synteny)
OG00940,OG00946,3,operon-adjacent (synteny)
OG04701,OG09704,3,operon-adjacent (synteny)
OG04710,OG09114,3,operon-adjacent (synteny)
OG04713,OG16328,3,operon-adjacent (synteny)
OG04717,OG09728,3,operon-adjacent (synteny)
OG04721,OG15412,3,operon-adjacent (synteny)
OG00019,OG05101,3,operon-adjacent (synteny)
OG00019,OG05354,3,operon-adjacent (synteny)
OG00019,OG05442,3,operon-adjacent (synteny)
OG00920,OG01740,3,operon-adjacent (synteny)
OG00922,OG01967,3,operon-adjacent (synteny)
OG00923,OG14506,3,operon-adjacent (synteny)
OG00927,OG01311,3,operon-adjacent (synteny)
OG04790,OG14153,3,operon-adjacent (synteny)
OG04791,OG05936,3,operon-adjacent (synteny)
OG04803,OG09740,3,operon-adjacent (synteny)
OG04805,OG06644,3,operon-adjacent (synteny)
OG04780,OG04786,3,operon-adjacent (synteny)
OG00259,OG11739,3,operon-adjacent (synteny)
OG00260,OG02256,3,operon-adjacent (synteny)
OG00260,OG02338,3,operon-adjacent (synteny)
OG00261,OG00807,3,operon-adjacent (synteny)
OG00261,OG01365,3,operon-adjacent (synteny)
OG00261,OG02637,3,operon-adjacent (synteny)
OG00261,OG03212,3,operon-adjacent (synteny)
OG00019,OG09356,3,operon-adjacent (synteny)
OG00019,OG09420,3,operon-adjacent (synteny)
OG04725,OG04788,3,operon-adjacent (synteny)
OG04728,OG05146,3,operon-adjacent (synteny)
OG04753,OG13540,3,operon-adjacent (synteny)
OG04759,OG07064,3,operon-adjacent (synteny)
OG04772,OG09486,3,operon-adjacent (synteny)
OG04772,OG11117,3,operon-adjacent (synteny)
OG00255,OG14632,3,operon-adjacent (synteny)
OG00257,OG03144,3,operon-adjacent (synteny)
OG00927,OG16628,3,operon-adjacent (synteny)
OG00927,OG16911,3,operon-adjacent (synteny)
OG00928,OG03151,3,operon-adjacent (synteny)
OG00019,OG06115,3,operon-adjacent (synteny)
OG00019,OG06839,3,operon-adjacent (synteny)
OG00019,OG09038,3,operon-adjacent (synteny)
OG00916,OG16670,3,operon-adjacent (synteny)
OG00916,OG17011,3,operon-adjacent (synteny)
OG00917,OG00922,3,operon-adjacent (synteny)
OG00918,OG01539,3,operon-adjacent (synteny)
OG00918,OG03126,3,operon-adjacent (synteny)
OG00258,OG01713,3,operon-adjacent (synteny)
OG04881,OG05086,3,operon-adjacent (synteny)
OG04883,OG05333,3,operon-adjacent (synteny)
OG00916,OG03147,3,operon-adjacent (synteny)
OG00916,OG03161,3,operon-adjacent (synteny)
OG00916,OG03443,3,operon-adjacent (synteny)
OG00916,OG06296,3,operon-adjacent (synteny)
OG00916,OG10625,3,operon-adjacent (synteny)
OG00916,OG10768,3,operon-adjacent (synteny)
OG00916,OG11635,3,operon-adjacent (synteny)
OG00916,OG14593,3,operon-adjacent (synteny)
OG04828,OG13909,3,operon-adjacent (synteny)
OG04835,OG14595,3,operon-adjacent (synteny)
OG04840,OG10529,3,operon-adjacent (synteny)
OG04863,OG05089,3,operon-adjacent (synteny)
OG04865,OG05053,3,operon-adjacent (synteny)
OG04868,OG16854,3,operon-adjacent (synteny)
OG00916,OG02670,3,operon-adjacent (synteny)
OG00916,OG02788,3,operon-adjacent (synteny)
OG04806,OG04806,3,operon-adjacent (synteny)
OG04806,OG05701,3,operon-adjacent (synteny)
OG04809,OG07064,3,operon-adjacent (synteny)
OG04809,OG08301,3,operon-adjacent (synteny)
OG04813,OG06477,3,operon-adjacent (synteny)
OG04824,OG11869,3,operon-adjacent (synteny)
OG04828,OG05272,3,operon-adjacent (synteny)
OG04828,OG06106,3,operon-adjacent (synteny)
OG00916,OG01513,3,operon-adjacent (synteny)
OG00916,OG01581,3,operon-adjacent (synteny)
OG00916,OG02145,3,operon-adjacent (synteny)
OG00916,OG02205,3,operon-adjacent (synteny)
OG00916,OG02466,3,operon-adjacent (synteny)
OG00019,OG03936,3,operon-adjacent (synteny)
OG00019,OG04020,3,operon-adjacent (synteny)
OG00019,OG04078,3,operon-adjacent (synteny)
OG00265,OG01613,3,operon-adjacent (synteny)
OG00265,OG01738,3,operon-adjacent (synteny)
OG00265,OG01950,3,operon-adjacent (synteny)
OG00909,OG06337,3,operon-adjacent (synteny)
OG00914,OG03827,3,operon-adjacent (synteny)
OG00914,OG09378,3,operon-adjacent (synteny)
OG00916,OG01274,3,operon-adjacent (synteny)
OG00916,OG01457,3,operon-adjacent (synteny)
OG04913,OG13964,3,operon-adjacent (synteny)
OG04915,OG12007,3,operon-adjacent (synteny)
OG00019,OG03516,3,operon-adjacent (synteny)
OG00019,OG03585,3,operon-adjacent (synteny)
OG00265,OG00759,3,operon-adjacent (synteny)
OG00265,OG01290,3,operon-adjacent (synteny)
OG00265,OG01473,3,operon-adjacent (synteny)
OG00265,OG01571,3,operon-adjacent (synteny)
OG04884,OG11743,3,operon-adjacent (synteny)
OG04884,OG16986,3,operon-adjacent (synteny)
OG04886,OG04992,3,operon-adjacent (synteny)
OG04888,OG09427,3,operon-adjacent (synteny)
OG04894,OG14116,3,operon-adjacent (synteny)
OG04898,OG05191,3,operon-adjacent (synteny)
OG04906,OG13825,3,operon-adjacent (synteny)
OG04907,OG15281,3,operon-adjacent (synteny)
OG00265,OG00605,3,operon-adjacent (synteny)
OG00265,OG11223,3,operon-adjacent (synteny)
OG00265,OG13941,3,operon-adjacent (synteny)
OG00267,OG00502,3,operon-adjacent (synteny)
OG00268,OG03799,3,operon-adjacent (synteny)
OG00893,OG15475,3,operon-adjacent (synteny)
OG00896,OG01043,3,operon-adjacent (synteny)
OG00896,OG01535,3,operon-adjacent (synteny)
OG00898,OG02262,3,operon-adjacent (synteny)
OG00898,OG13432,3,operon-adjacent (synteny)
OG00900,OG02212,3,operon-adjacent (synteny)
OG00902,OG14298,3,operon-adjacent (synteny)
OG00904,OG11489,3,operon-adjacent (synteny)
OG00905,OG01186,3,operon-adjacent (synteny)
OG00906,OG05125,3,operon-adjacent (synteny)
OG00908,OG03577,3,operon-adjacent (synteny)
OG04927,OG13722,3,operon-adjacent (synteny)
OG04933,OG05166,3,operon-adjacent (synteny)
OG04933,OG12873,3,operon-adjacent (synteny)
OG04940,OG05020,3,operon-adjacent (synteny)
OG04962,OG05255,3,operon-adjacent (synteny)
OG04962,OG06218,3,operon-adjacent (synteny)
OG04973,OG14074,3,operon-adjacent (synteny)
OG04974,OG05001,3,operon-adjacent (synteny)
OG00019,OG04221,3,operon-adjacent (synteny)
OG00019,OG04829,3,operon-adjacent (synteny)
OG00019,OG04858,3,operon-adjacent (synteny)
OG00019,OG04879,3,operon-adjacent (synteny)
OG00019,OG04968,3,operon-adjacent (synteny)
OG04918,OG05020,3,operon-adjacent (synteny)
OG04919,OG14198,3,operon-adjacent (synteny)
OG04926,OG12665,3,operon-adjacent (synteny)
OG00885,OG14173,3,operon-adjacent (synteny)
OG00886,OG02100,3,operon-adjacent (synteny)
OG00887,OG01203,3,operon-adjacent (synteny)
OG00893,OG13431,3,operon-adjacent (synteny)
OG00893,OG14046,3,operon-adjacent (synteny)
OG00265,OG02380,3,operon-adjacent (synteny)
OG00265,OG02520,3,operon-adjacent (synteny)
OG00265,OG02527,3,operon-adjacent (synteny)
OG05088,OG11485,3,operon-adjacent (synteny)
OG05089,OG05194,3,operon-adjacent (synteny)
OG05091,OG11394,3,operon-adjacent (synteny)
OG05095,OG13920,3,operon-adjacent (synteny)
OG00885,OG04492,3,operon-adjacent (synteny)
OG00885,OG04888,3,operon-adjacent (synteny)
OG00885,OG05230,3,operon-adjacent (synteny)
OG00885,OG06416,3,operon-adjacent (synteny)
OG04993,OG13948,3,operon-adjacent (synteny)
OG05008,OG13601,3,operon-adjacent (synteny)
OG05018,OG11745,3,operon-adjacent (synteny)
OG05024,OG13961,3,operon-adjacent (synteny)
OG05024,OG13988,3,operon-adjacent (synteny)
OG05044,OG09420,3,operon-adjacent (synteny)
OG05058,OG13899,3,operon-adjacent (synteny)
OG05074,OG15475,3,operon-adjacent (synteny)
OG00896,OG01856,3,operon-adjacent (synteny)
OG00896,OG03855,3,operon-adjacent (synteny)
OG00896,OG12604,3,operon-adjacent (synteny)
OG00898,OG01331,3,operon-adjacent (synteny)
OG00898,OG01485,3,operon-adjacent (synteny)
OG04981,OG05005,3,operon-adjacent (synteny)
OG04985,OG13915,3,operon-adjacent (synteny)
OG04986,OG05224,3,operon-adjacent (synteny)
OG00269,OG11633,3,operon-adjacent (synteny)
OG00270,OG02726,3,operon-adjacent (synteny)
OG00274,OG04621,3,operon-adjacent (synteny)
OG00274,OG06780,3,operon-adjacent (synteny)
OG00278,OG03087,3,operon-adjacent (synteny)
OG00881,OG04949,3,operon-adjacent (synteny)
OG00882,OG01171,3,operon-adjacent (synteny)
OG00882,OG04058,3,operon-adjacent (synteny)
OG05184,OG13823,3,operon-adjacent (synteny)
OG05184,OG13971,3,operon-adjacent (synteny)
OG05194,OG14557,3,operon-adjacent (synteny)
OG05195,OG06478,3,operon-adjacent (synteny)
OG05198,OG10423,3,operon-adjacent (synteny)
OG05199,OG15480,3,operon-adjacent (synteny)
OG05219,OG15362,3,operon-adjacent (synteny)
OG05222,OG07047,3,operon-adjacent (synteny)
OG05135,OG14591,3,operon-adjacent (synteny)
OG05135,OG16632,3,operon-adjacent (synteny)
OG05135,OG16720,3,operon-adjacent (synteny)
OG05135,OG16953,3,operon-adjacent (synteny)
OG05138,OG13834,3,operon-adjacent (synteny)
OG05139,OG14678,3,operon-adjacent (synteny)
OG05153,OG13876,3,operon-adjacent (synteny)
OG05173,OG14007,3,operon-adjacent (synteny)
OG00265,OG04341,3,operon-adjacent (synteny)
OG05095,OG13931,3,operon-adjacent (synteny)
OG05097,OG05156,3,operon-adjacent (synteny)
OG05103,OG16730,3,operon-adjacent (synteny)
OG05104,OG05220,3,operon-adjacent (synteny)
OG05124,OG05142,3,operon-adjacent (synteny)
OG05130,OG05149,3,operon-adjacent (synteny)
OG05135,OG06903,3,operon-adjacent (synteny)
OG00284,OG09733,3,operon-adjacent (synteny)
OG00285,OG02507,3,operon-adjacent (synteny)
OG00874,OG03406,3,operon-adjacent (synteny)
OG00874,OG10163,3,operon-adjacent (synteny)
OG00877,OG01997,3,operon-adjacent (synteny)
OG00879,OG10173,3,operon-adjacent (synteny)
OG00880,OG01151,3,operon-adjacent (synteny)
OG00880,OG13933,3,operon-adjacent (synteny)
OG00019,OG02796,3,operon-adjacent (synteny)
OG00019,OG02798,3,operon-adjacent (synteny)
OG00019,OG02869,3,operon-adjacent (synteny)
OG00282,OG01641,3,operon-adjacent (synteny)
OG00282,OG02121,3,operon-adjacent (synteny)
OG00283,OG03006,3,operon-adjacent (synteny)
OG00283,OG03622,3,operon-adjacent (synteny)
OG00284,OG01311,3,operon-adjacent (synteny)
OG05250,OG05310,3,operon-adjacent (synteny)
OG05262,OG09374,3,operon-adjacent (synteny)
OG05264,OG11276,3,operon-adjacent (synteny)
OG05266,OG09050,3,operon-adjacent (synteny)
OG05266,OG11751,3,operon-adjacent (synteny)
OG05276,OG06029,3,operon-adjacent (synteny)
OG00019,OG02763,3,operon-adjacent (synteny)
OG00019,OG02795,3,operon-adjacent (synteny)
OG00882,OG09900,3,operon-adjacent (synteny)
OG00883,OG16707,3,operon-adjacent (synteny)
OG00885,OG01394,3,operon-adjacent (synteny)
OG00885,OG01586,3,operon-adjacent (synteny)
OG00885,OG01917,3,operon-adjacent (synteny)
OG00885,OG02164,3,operon-adjacent (synteny)
OG00885,OG02896,3,operon-adjacent (synteny)
OG05226,OG09326,3,operon-adjacent (synteny)
OG00874,OG02408,3,operon-adjacent (synteny)
OG00278,OG13079,3,operon-adjacent (synteny)
OG00278,OG16298,3,operon-adjacent (synteny)
OG00850,OG04485,3,operon-adjacent (synteny)
OG00853,OG00875,3,operon-adjacent (synteny)
OG00288,OG03162,3,operon-adjacent (synteny)
OG00290,OG00695,3,operon-adjacent (synteny)
OG00290,OG02006,3,operon-adjacent (synteny)
OG00869,OG01482,3,operon-adjacent (synteny)
OG00869,OG02545,3,operon-adjacent (synteny)
OG00873,OG01913,3,operon-adjacent (synteny)
OG00873,OG03248,3,operon-adjacent (synteny)
OG00873,OG03366,3,operon-adjacent (synteny)
OG00873,OG03439,3,operon-adjacent (synteny)
OG00873,OG05438,3,operon-adjacent (synteny)
OG00873,OG10183,3,operon-adjacent (synteny)
OG05300,OG05668,3,operon-adjacent (synteny)
OG05304,OG08610,3,operon-adjacent (synteny)
OG05310,OG05686,3,operon-adjacent (synteny)
OG05313,OG05726,3,operon-adjacent (synteny)
OG00861,OG04424,3,operon-adjacent (synteny)
OG00862,OG02324,3,operon-adjacent (synteny)
OG00863,OG01911,3,operon-adjacent (synteny)
OG00869,OG00997,3,operon-adjacent (synteny)
OG00019,OG02990,3,operon-adjacent (synteny)
OG00019,OG03178,3,operon-adjacent (synteny)
OG00019,OG03304,3,operon-adjacent (synteny)
OG00019,OG03412,3,operon-adjacent (synteny)
OG05282,OG05625,3,operon-adjacent (synteny)
OG05284,OG14416,3,operon-adjacent (synteny)
OG05288,OG05910,3,operon-adjacent (synteny)
OG05291,OG06035,3,operon-adjacent (synteny)
OG00296,OG02758,3,operon-adjacent (synteny)
OG00299,OG00305,3,operon-adjacent (synteny)
OG00299,OG01328,3,operon-adjacent (synteny)
OG00299,OG01351,3,operon-adjacent (synteny)
OG00299,OG01497,3,operon-adjacent (synteny)
OG00299,OG01579,3,operon-adjacent (synteny)
OG00299,OG01652,3,operon-adjacent (synteny)
OG00847,OG02453,3,operon-adjacent (synteny)
OG05390,OG05977,3,operon-adjacent (synteny)
OG05406,OG06005,3,operon-adjacent (synteny)
OG05417,OG09326,3,operon-adjacent (synteny)
OG05420,OG06011,3,operon-adjacent (synteny)
OG00845,OG15216,3,operon-adjacent (synteny)
OG00846,OG01030,3,operon-adjacent (synteny)
OG00846,OG02065,3,operon-adjacent (synteny)
OG00295,OG06377,3,operon-adjacent (synteny)
OG05314,OG05324,3,operon-adjacent (synteny)
OG05314,OG05824,3,operon-adjacent (synteny)
OG05319,OG05969,3,operon-adjacent (synteny)
OG05321,OG06935,3,operon-adjacent (synteny)
OG05330,OG08381,3,operon-adjacent (synteny)
OG05331,OG06006,3,operon-adjacent (synteny)
OG05349,OG05628,3,operon-adjacent (synteny)
OG05367,OG05958,3,operon-adjacent (synteny)
OG00290,OG09133,3,operon-adjacent (synteny)
OG00290,OG11619,3,operon-adjacent (synteny)
OG00293,OG04335,3,operon-adjacent (synteny)
OG00294,OG00305,3,operon-adjacent (synteny)
OG00294,OG00355,3,operon-adjacent (synteny)
OG00294,OG00426,3,operon-adjacent (synteny)
OG00294,OG00482,3,operon-adjacent (synteny)
OG00294,OG12056,3,operon-adjacent (synteny)
OG00299,OG13910,3,operon-adjacent (synteny)
OG00300,OG02151,3,operon-adjacent (synteny)
OG00300,OG05038,3,operon-adjacent (synteny)
OG00300,OG05675,3,operon-adjacent (synteny)
OG00842,OG01133,3,operon-adjacent (synteny)
OG00842,OG01206,3,operon-adjacent (synteny)
OG00843,OG01957,3,operon-adjacent (synteny)
OG00843,OG03816,3,operon-adjacent (synteny)
OG00019,OG01839,3,operon-adjacent (synteny)
OG00019,OG01890,3,operon-adjacent (synteny)
OG00299,OG04889,3,operon-adjacent (synteny)
OG00299,OG06486,3,operon-adjacent (synteny)
OG00299,OG11390,3,operon-adjacent (synteny)
OG00299,OG12496,3,operon-adjacent (synteny)
OG00299,OG12735,3,operon-adjacent (synteny)
OG00299,OG13882,3,operon-adjacent (synteny)
OG05448,OG05766,3,operon-adjacent (synteny)
OG05462,OG11324,3,operon-adjacent (synteny)
OG05466,OG05976,3,operon-adjacent (synteny)
OG05484,OG05941,3,operon-adjacent (synteny)
OG05488,OG05522,3,operon-adjacent (synteny)
OG05489,OG09328,3,operon-adjacent (synteny)
OG05494,OG09366,3,operon-adjacent (synteny)
OG05494,OG09425,3,operon-adjacent (synteny)
OG00847,OG04280,3,operon-adjacent (synteny)
OG00847,OG12163,3,operon-adjacent (synteny)
OG00848,OG01082,3,operon-adjacent (synteny)
OG00848,OG01870,3,operon-adjacent (synteny)
OG05425,OG05598,3,operon-adjacent (synteny)
OG05437,OG11757,3,operon-adjacent (synteny)
OG05442,OG05800,3,operon-adjacent (synteny)
OG05446,OG06047,3,operon-adjacent (synteny)
OG00305,OG00838,3,operon-adjacent (synteny)
OG00305,OG01482,3,operon-adjacent (synteny)
OG00305,OG05139,3,operon-adjacent (synteny)
OG00305,OG05553,3,operon-adjacent (synteny)
OG00305,OG06415,3,operon-adjacent (synteny)
OG00305,OG07079,3,operon-adjacent (synteny)
OG00830,OG02414,3,operon-adjacent (synteny)
OG00833,OG15491,3,operon-adjacent (synteny)
OG05520,OG05637,3,operon-adjacent (synteny)
OG05520,OG06169,3,operon-adjacent (synteny)
OG05523,OG06132,3,operon-adjacent (synteny)
OG05531,OG05647,3,operon-adjacent (synteny)
OG05534,OG06213,3,operon-adjacent (synteny)
OG00829,OG12479,3,operon-adjacent (synteny)
OG00303,OG13776,3,operon-adjacent (synteny)
OG00303,OG14152,3,operon-adjacent (synteny)
OG00019,OG02195,3,operon-adjacent (synteny)
OG00019,OG02297,3,operon-adjacent (synteny)
OG00019,OG02304,3,operon-adjacent (synteny)
OG00019,OG02340,3,operon-adjacent (synteny)
OG00019,OG02461,3,operon-adjacent (synteny)
OG05504,OG05806,3,operon-adjacent (synteny)
OG05510,OG05846,3,operon-adjacent (synteny)
OG05514,OG09452,3,operon-adjacent (synteny)
OG00843,OG04858,3,operon-adjacent (synteny)
OG00843,OG10350,3,operon-adjacent (synteny)
OG00844,OG02436,3,operon-adjacent (synteny)
OG00845,OG07257,3,operon-adjacent (synteny)
OG00019,OG01904,3,operon-adjacent (synteny)
OG00019,OG01922,3,operon-adjacent (synteny)
OG00019,OG01989,3,operon-adjacent (synteny)
OG00019,OG02059,3,operon-adjacent (synteny)
OG00826,OG11506,3,operon-adjacent (synteny)
OG00826,OG16755,3,operon-adjacent (synteny)
OG00828,OG10257,3,operon-adjacent (synteny)
OG00829,OG04112,3,operon-adjacent (synteny)
OG00808,OG01549,3,operon-adjacent (synteny)
OG00809,OG01723,3,operon-adjacent (synteny)
OG00810,OG01704,3,operon-adjacent (synteny)
OG00813,OG11645,3,operon-adjacent (synteny)
OG00307,OG15144,3,operon-adjacent (synteny)
OG00308,OG00772,3,operon-adjacent (synteny)
OG00308,OG01303,3,operon-adjacent (synteny)
OG00308,OG01641,3,operon-adjacent (synteny)
OG00312,OG04314,3,operon-adjacent (synteny)
OG00821,OG01328,3,operon-adjacent (synteny)
OG00824,OG06792,3,operon-adjacent (synteny)
OG00825,OG02586,3,operon-adjacent (synteny)
OG05612,OG05743,3,operon-adjacent (synteny)
OG05617,OG09328,3,operon-adjacent (synteny)
OG05622,OG09685,3,operon-adjacent (synteny)
OG05626,OG09425,3,operon-adjacent (synteny)
OG05640,OG12478,3,operon-adjacent (synteny)
OG05644,OG05683,3,operon-adjacent (synteny)
OG05670,OG05888,3,operon-adjacent (synteny)
OG00307,OG14537,3,operon-adjacent (synteny)
OG00838,OG01070,3,operon-adjacent (synteny)
OG00838,OG01095,3,operon-adjacent (synteny)
OG05540,OG05648,3,operon-adjacent (synteny)
OG05541,OG06106,3,operon-adjacent (synteny)
OG05546,OG05771,3,operon-adjacent (synteny)
OG05562,OG05780,3,operon-adjacent (synteny)
OG05577,OG06093,3,operon-adjacent (synteny)
OG05605,OG13945,3,operon-adjacent (synteny)
OG00319,OG02400,3,operon-adjacent (synteny)
OG00326,OG00563,3,operon-adjacent (synteny)
OG00326,OG01307,3,operon-adjacent (synteny)
OG00806,OG01915,3,operon-adjacent (synteny)
OG00806,OG11103,3,operon-adjacent (synteny)
OG00806,OG13918,3,operon-adjacent (synteny)
OG00806,OG13984,3,operon-adjacent (synteny)
OG00807,OG04608,3,operon-adjacent (synteny)
OG00019,OG01418,3,operon-adjacent (synteny)
OG00019,OG01470,3,operon-adjacent (synteny)
OG00804,OG02796,3,operon-adjacent (synteny)
OG00804,OG02881,3,operon-adjacent (synteny)
OG00804,OG03762,3,operon-adjacent (synteny)
OG00804,OG06537,3,operon-adjacent (synteny)
OG00804,OG09241,3,operon-adjacent (synteny)
OG00318,OG03002,3,operon-adjacent (synteny)
OG05729,OG13839,3,operon-adjacent (synteny)
OG05730,OG09387,3,operon-adjacent (synteny)
OG05734,OG05879,3,operon-adjacent (synteny)
OG05753,OG10003,3,operon-adjacent (synteny)
OG05760,OG06200,3,operon-adjacent (synteny)
OG05766,OG05848,3,operon-adjacent (synteny)
OG05770,OG08855,3,operon-adjacent (synteny)
OG05771,OG06195,3,operon-adjacent (synteny)
OG00814,OG01997,3,operon-adjacent (synteny)
OG00816,OG03051,3,operon-adjacent (synteny)
OG00817,OG02560,3,operon-adjacent (synteny)
OG00817,OG05747,3,operon-adjacent (synteny)
OG00820,OG10268,3,operon-adjacent (synteny)
OG05686,OG16052,3,operon-adjacent (synteny)
OG05697,OG08855,3,operon-adjacent (synteny)
OG05712,OG06095,3,operon-adjacent (synteny)
OG00803,OG01631,3,operon-adjacent (synteny)
OG00803,OG01888,3,operon-adjacent (synteny)
OG00803,OG02856,3,operon-adjacent (synteny)
OG00804,OG00819,3,operon-adjacent (synteny)
OG00804,OG01674,3,operon-adjacent (synteny)
OG05871,OG09343,3,operon-adjacent (synteny)
OG05879,OG06164,3,operon-adjacent (synteny)
OG05884,OG05993,3,operon-adjacent (synteny)
OG00329,OG00981,3,operon-adjacent (synteny)
OG00329,OG01370,3,operon-adjacent (synteny)
OG00329,OG01709,3,operon-adjacent (synteny)
OG00329,OG05791,3,operon-adjacent (synteny)
OG00330,OG01393,3,operon-adjacent (synteny)
OG00330,OG02537,3,operon-adjacent (synteny)
OG00801,OG03480,3,operon-adjacent (synteny)
OG00801,OG16744,3,operon-adjacent (synteny)
OG05774,OG16884,3,operon-adjacent (synteny)
OG05793,OG11267,3,operon-adjacent (synteny)
OG05815,OG06178,3,operon-adjacent (synteny)
OG05833,OG09461,3,operon-adjacent (synteny)
OG05835,OG09366,3,operon-adjacent (synteny)
OG05836,OG05968,3,operon-adjacent (synteny)
OG05843,OG14041,3,operon-adjacent (synteny)
OG00329,OG00336,3,operon-adjacent (synteny)
OG00019,OG01571,3,operon-adjacent (synteny)
OG00019,OG01630,3,operon-adjacent (synteny)
OG00019,OG01631,3,operon-adjacent (synteny)
OG00019,OG01641,3,operon-adjacent (synteny)
OG00019,OG01661,3,operon-adjacent (synteny)
OG00019,OG01674,3,operon-adjacent (synteny)
OG00019,OG01753,3,operon-adjacent (synteny)
OG00019,OG01796,3,operon-adjacent (synteny)
OG00326,OG05102,3,operon-adjacent (synteny)
OG00326,OG13855,3,operon-adjacent (synteny)
OG05992,OG06110,3,operon-adjacent (synteny)
OG05995,OG06101,3,operon-adjacent (synteny)
OG05997,OG06003,3,operon-adjacent (synteny)
OG06000,OG09476,3,operon-adjacent (synteny)
OG06007,OG06144,3,operon-adjacent (synteny)
OG06009,OG06128,3,operon-adjacent (synteny)
OG00791,OG03717,3,operon-adjacent (synteny)
OG00793,OG06387,3,operon-adjacent (synteny)
OG00795,OG01132,3,operon-adjacent (synteny)
OG00796,OG01653,3,operon-adjacent (synteny)
OG00797,OG05930,3,operon-adjacent (synteny)
OG00798,OG00921,3,operon-adjacent (synteny)
OG00798,OG01931,3,operon-adjacent (synteny)
OG00326,OG03345,3,operon-adjacent (synteny)
OG05942,OG13534,3,operon-adjacent (synteny)
OG05942,OG15517,3,operon-adjacent (synteny)
OG05952,OG06041,3,operon-adjacent (synteny)
OG05954,OG13195,3,operon-adjacent (synteny)
OG05968,OG06038,3,operon-adjacent (synteny)
OG05975,OG08985,3,operon-adjacent (synteny)
OG00788,OG09832,3,operon-adjacent (synteny)
OG00789,OG04634,3,operon-adjacent (synteny)
OG05891,OG06016,3,operon-adjacent (synteny)
OG05897,OG05995,3,operon-adjacent (synteny)
OG05908,OG05912,3,operon-adjacent (synteny)
OG05916,OG06092,3,operon-adjacent (synteny)
OG05922,OG08032,3,operon-adjacent (synteny)
OG05930,OG06043,3,operon-adjacent (synteny)
OG05942,OG06907,3,operon-adjacent (synteny)
OG05942,OG13284,3,operon-adjacent (synteny)
OG00338,OG06773,3,operon-adjacent (synteny)
OG00780,OG13939,3,operon-adjacent (synteny)
OG06216,OG08325,3,operon-adjacent (synteny)
OG00019,OG01051,3,operon-adjacent (synteny)
OG00019,OG01074,3,operon-adjacent (synteny)
OG00019,OG01106,3,operon-adjacent (synteny)
OG00019,OG01109,3,operon-adjacent (synteny)
OG00019,OG01211,3,operon-adjacent (synteny)
OG00779,OG14088,3,operon-adjacent (synteny)
OG00779,OG14172,3,operon-adjacent (synteny)
OG00331,OG03651,3,operon-adjacent (synteny)
OG00331,OG13759,3,operon-adjacent (synteny)
OG00335,OG00708,3,operon-adjacent (synteny)
OG00337,OG01509,3,operon-adjacent (synteny)
OG00337,OG13762,3,operon-adjacent (synteny)
OG00338,OG04984,3,operon-adjacent (synteny)
OG06090,OG09356,3,operon-adjacent (synteny)
OG06092,OG16498,3,operon-adjacent (synteny)
OG06100,OG09131,3,operon-adjacent (synteny)
OG06152,OG13830,3,operon-adjacent (synteny)
OG06157,OG06176,3,operon-adjacent (synteny)
OG06178,OG15127,3,operon-adjacent (synteny)
OG00779,OG04971,3,operon-adjacent (synteny)
OG00779,OG13810,3,operon-adjacent (synteny)
OG06038,OG06190,3,operon-adjacent (synteny)
OG06046,OG14456,3,operon-adjacent (synteny)
OG06047,OG09131,3,operon-adjacent (synteny)
OG06054,OG14102,3,operon-adjacent (synteny)
OG06059,OG06061,3,operon-adjacent (synteny)
OG06079,OG06838,3,operon-adjacent (synteny)
OG06083,OG08294,3,operon-adjacent (synteny)
OG06090,OG06985,3,operon-adjacent (synteny)
OG00779,OG01693,3,operon-adjacent (synteny)
OG00779,OG02983,3,operon-adjacent (synteny)
OG00779,OG03104,3,operon-adjacent (synteny)
OG00779,OG03222,3,operon-adjacent (synteny)
OG00779,OG03394,3,operon-adjacent (synteny)
OG00779,OG03728,3,operon-adjacent (synteny)
OG00345,OG02390,3,operon-adjacent (synteny)
OG00346,OG02533,3,operon-adjacent (synteny)
OG00341,OG01225,3,operon-adjacent (synteny)
OG00341,OG05248,3,operon-adjacent (synteny)
OG00342,OG00424,3,operon-adjacent (synteny)
OG00342,OG00559,3,operon-adjacent (synteny)
OG00342,OG00916,3,operon-adjacent (synteny)
OG00342,OG02704,3,operon-adjacent (synteny)
OG00779,OG01000,3,operon-adjacent (synteny)
OG00779,OG01299,3,operon-adjacent (synteny)
OG06248,OG13154,3,operon-adjacent (synteny)
OG06260,OG15265,3,operon-adjacent (synteny)
OG00339,OG02490,3,operon-adjacent (synteny)
OG00339,OG05201,3,operon-adjacent (synteny)
OG00339,OG05217,3,operon-adjacent (synteny)
OG00339,OG06774,3,operon-adjacent (synteny)
OG00340,OG01900,3,operon-adjacent (synteny)
OG00340,OG04828,3,operon-adjacent (synteny)
OG00019,OG01245,3,operon-adjacent (synteny)
OG00019,OG01273,3,operon-adjacent (synteny)
OG00019,OG01301,3,operon-adjacent (synteny)
OG00019,OG01338,3,operon-adjacent (synteny)
OG00019,OG01354,3,operon-adjacent (synteny)
OG00019,OG01384,3,operon-adjacent (synteny)
OG06221,OG06388,3,operon-adjacent (synteny)
OG06237,OG14895,3,operon-adjacent (synteny)
OG00762,OG04075,3,operon-adjacent (synteny)
OG00762,OG04154,3,operon-adjacent (synteny)
OG00762,OG04761,3,operon-adjacent (synteny)
OG00762,OG10733,3,operon-adjacent (synteny)
OG00762,OG14174,3,operon-adjacent (synteny)
OG00768,OG00810,3,operon-adjacent (synteny)
OG00768,OG00961,3,operon-adjacent (synteny)
OG00770,OG12479,3,operon-adjacent (synteny)
OG06356,OG06400,3,operon-adjacent (synteny)
OG06356,OG15530,3,operon-adjacent (synteny)
OG06377,OG06600,3,operon-adjacent (synteny)
OG06388,OG13567,3,operon-adjacent (synteny)
OG06388,OG14597,3,operon-adjacent (synteny)
OG00762,OG03545,3,operon-adjacent (synteny)
OG00762,OG03994,3,operon-adjacent (synteny)
OG00762,OG04039,3,operon-adjacent (synteny)
OG06278,OG14157,3,operon-adjacent (synteny)
OG06281,OG14010,3,operon-adjacent (synteny)
OG06284,OG06354,3,operon-adjacent (synteny)
OG06291,OG06696,3,operon-adjacent (synteny)
OG06299,OG06497,3,operon-adjacent (synteny)
OG06311,OG14580,3,operon-adjacent (synteny)
OG06318,OG06445,3,operon-adjacent (synteny)
OG06328,OG10781,3,operon-adjacent (synteny)
OG00772,OG00835,3,operon-adjacent (synteny)
OG00772,OG01684,3,operon-adjacent (synteny)
OG00772,OG03705,3,operon-adjacent (synteny)
OG00775,OG05996,3,operon-adjacent (synteny)
OG00775,OG13079,3,operon-adjacent (synteny)
OG00776,OG15804,3,operon-adjacent (synteny)
OG00779,OG00978,3,operon-adjacent (synteny)
OG06273,OG13830,3,operon-adjacent (synteny)
OG00348,OG14597,3,operon-adjacent (synteny)
OG00349,OG01753,3,operon-adjacent (synteny)
OG00349,OG01856,3,operon-adjacent (synteny)
OG00349,OG02431,3,operon-adjacent (synteny)
OG00352,OG00363,3,operon-adjacent (synteny)
OG00762,OG00776,3,operon-adjacent (synteny)
OG00762,OG00888,3,operon-adjacent (synteny)
OG00762,OG01065,3,operon-adjacent (synteny)
OG00019,OG00727,3,operon-adjacent (synteny)
OG00019,OG00746,3,operon-adjacent (synteny)
OG00346,OG06205,3,operon-adjacent (synteny)
OG00347,OG12257,3,operon-adjacent (synteny)
OG00347,OG12709,3,operon-adjacent (synteny)
OG00348,OG00582,3,operon-adjacent (synteny)
OG00348,OG01679,3,operon-adjacent (synteny)
OG00348,OG14482,3,operon-adjacent (synteny)
OG06508,OG16803,3,operon-adjacent (synteny)
OG06511,OG12425,3,operon-adjacent (synteny)
OG06515,OG16740,3,operon-adjacent (synteny)
OG06520,OG06579,3,operon-adjacent (synteny)
OG06549,OG16985,3,operon-adjacent (synteny)
OG06559,OG10618,3,operon-adjacent (synteny)
OG06561,OG13253,3,operon-adjacent (synteny)
OG06562,OG14157,3,operon-adjacent (synteny)
OG00342,OG08423,3,operon-adjacent (synteny)
OG00343,OG01501,3,operon-adjacent (synteny)
OG00344,OG03101,3,operon-adjacent (synteny)
OG06400,OG15074,3,operon-adjacent (synteny)
OG06477,OG12865,3,operon-adjacent (synteny)
OG06482,OG11350,3,operon-adjacent (synteny)
OG06483,OG06604,3,operon-adjacent (synteny)
OG06496,OG14895,3,operon-adjacent (synteny)
OG00753,OG06428,3,operon-adjacent (synteny)
OG00758,OG04675,3,operon-adjacent (synteny)
OG00761,OG01176,3,operon-adjacent (synteny)
OG00761,OG01596,3,operon-adjacent (synteny)
OG00346,OG05182,3,operon-adjacent (synteny)
OG00346,OG05339,3,operon-adjacent (synteny)
OG00741,OG01328,3,operon-adjacent (synteny)
OG00353,OG00975,3,operon-adjacent (synteny)
OG00745,OG01338,3,operon-adjacent (synteny)
OG00745,OG01705,3,operon-adjacent (synteny)
OG00746,OG15474,3,operon-adjacent (synteny)
OG00752,OG03615,3,operon-adjacent (synteny)
OG00752,OG03699,3,operon-adjacent (synteny)
OG00752,OG12149,3,operon-adjacent (synteny)
OG00752,OG16806,3,operon-adjacent (synteny)
OG00753,OG01343,3,operon-adjacent (synteny)
OG00019,OG00964,3,operon-adjacent (synteny)
OG00019,OG01004,3,operon-adjacent (synteny)
OG06565,OG07009,3,operon-adjacent (synteny)
OG06591,OG15225,3,operon-adjacent (synteny)
OG06600,OG15216,3,operon-adjacent (synteny)
OG06628,OG11692,3,operon-adjacent (synteny)
OG06666,OG06681,3,operon-adjacent (synteny)
OG00743,OG13975,3,operon-adjacent (synteny)
OG00762,OG01239,3,operon-adjacent (synteny)
OG00762,OG02865,3,operon-adjacent (synteny)
OG00762,OG02923,3,operon-adjacent (synteny)
OG00762,OG03315,3,operon-adjacent (synteny)
OG00019,OG00873,3,operon-adjacent (synteny)
OG00019,OG00885,3,operon-adjacent (synteny)
OG00019,OG00936,3,operon-adjacent (synteny)
OG00019,OG00961,3,operon-adjacent (synteny)
OG00019,OG00476,3,operon-adjacent (synteny)
OG00019,OG00485,3,operon-adjacent (synteny)
OG00019,OG00540,3,operon-adjacent (synteny)
OG00019,OG00571,3,operon-adjacent (synteny)
OG00019,OG00602,3,operon-adjacent (synteny)
OG00019,OG00619,3,operon-adjacent (synteny)
OG00019,OG00624,3,operon-adjacent (synteny)
OG00019,OG00645,3,operon-adjacent (synteny)
OG06736,OG06785,3,operon-adjacent (synteny)
OG06745,OG11193,3,operon-adjacent (synteny)
OG06751,OG07106,3,operon-adjacent (synteny)
OG06769,OG06824,3,operon-adjacent (synteny)
OG06785,OG06840,3,operon-adjacent (synteny)
OG00019,OG00417,3,operon-adjacent (synteny)
OG00019,OG00448,3,operon-adjacent (synteny)
OG00019,OG00474,3,operon-adjacent (synteny)
OG00743,OG06437,3,operon-adjacent (synteny)
OG00743,OG10216,3,operon-adjacent (synteny)
OG06676,OG14868,3,operon-adjacent (synteny)
OG06688,OG14877,3,operon-adjacent (synteny)
OG06691,OG06692,3,operon-adjacent (synteny)
OG06707,OG14741,3,operon-adjacent (synteny)
OG06722,OG16512,3,operon-adjacent (synteny)
OG06735,OG14299,3,operon-adjacent (synteny)
OG00353,OG05710,3,operon-adjacent (synteny)
OG00355,OG00565,3,operon-adjacent (synteny)
OG00355,OG00960,3,operon-adjacent (synteny)
OG00355,OG00991,3,operon-adjacent (synteny)
OG00355,OG01052,3,operon-adjacent (synteny)
OG00742,OG01765,3,operon-adjacent (synteny)
OG00743,OG01289,3,operon-adjacent (synteny)
OG00743,OG01628,3,operon-adjacent (synteny)
OG00736,OG14452,3,operon-adjacent (synteny)
OG00738,OG03095,3,operon-adjacent (synteny)
OG00725,OG03621,3,operon-adjacent (synteny)
OG00725,OG03934,3,operon-adjacent (synteny)
OG00725,OG04227,3,operon-adjacent (synteny)
OG00725,OG09038,3,operon-adjacent (synteny)
OG00727,OG01301,3,operon-adjacent (synteny)
OG00727,OG02929,3,operon-adjacent (synteny)
OG00733,OG04335,3,operon-adjacent (synteny)
OG00734,OG03621,3,operon-adjacent (synteny)
OG00734,OG04571,3,operon-adjacent (synteny)
OG00734,OG05405,3,operon-adjacent (synteny)
OG00734,OG10571,3,operon-adjacent (synteny)
OG00736,OG00779,3,operon-adjacent (synteny)
OG00736,OG04050,3,operon-adjacent (synteny)
OG00736,OG05899,3,operon-adjacent (synteny)
OG06846,OG11940,3,operon-adjacent (synteny)
OG06880,OG06911,3,operon-adjacent (synteny)
OG00355,OG01719,3,operon-adjacent (synteny)
OG00355,OG02085,3,operon-adjacent (synteny)
OG00355,OG02760,3,operon-adjacent (synteny)
OG00355,OG03082,3,operon-adjacent (synteny)
OG00355,OG03839,3,operon-adjacent (synteny)
OG00355,OG04266,3,operon-adjacent (synteny)
OG00019,OG00667,3,operon-adjacent (synteny)
OG00019,OG00703,3,operon-adjacent (synteny)
OG06803,OG11663,3,operon-adjacent (synteny)
OG06806,OG10490,3,operon-adjacent (synteny)
OG06824,OG06940,3,operon-adjacent (synteny)
OG06833,OG13657,3,operon-adjacent (synteny)
OG06838,OG16718,3,operon-adjacent (synteny)
OG06846,OG06846,3,operon-adjacent (synteny)
OG00355,OG11261,3,operon-adjacent (synteny)
OG00355,OG11279,3,operon-adjacent (synteny)
OG00355,OG15908,3,operon-adjacent (synteny)
OG00361,OG00711,3,operon-adjacent (synteny)
OG00361,OG00796,3,operon-adjacent (synteny)
OG00361,OG00991,3,operon-adjacent (synteny)
OG00724,OG09400,3,operon-adjacent (synteny)
OG00725,OG01873,3,operon-adjacent (synteny)
OG06910,OG09257,3,operon-adjacent (synteny)
OG06924,OG13983,3,operon-adjacent (synteny)
OG06947,OG11612,3,operon-adjacent (synteny)
OG06950,OG16691,3,operon-adjacent (synteny)
OG06955,OG14551,3,operon-adjacent (synteny)
OG06962,OG06999,3,operon-adjacent (synteny)
OG00719,OG14716,3,operon-adjacent (synteny)
OG00720,OG16681,3,operon-adjacent (synteny)
OG06905,OG11333,3,operon-adjacent (synteny)
OG00019,OG00254,3,operon-adjacent (synteny)
OG00019,OG00290,3,operon-adjacent (synteny)
OG00019,OG00318,3,operon-adjacent (synteny)
OG00019,OG00361,3,operon-adjacent (synteny)
OG00019,OG00373,3,operon-adjacent (synteny)
OG00019,OG00387,3,operon-adjacent (synteny)
OG00019,OG00411,3,operon-adjacent (synteny)
OG00727,OG14168,3,operon-adjacent (synteny)
OG00728,OG12323,3,operon-adjacent (synteny)
OG00729,OG01015,3,operon-adjacent (synteny)
OG00729,OG02832,3,operon-adjacent (synteny)
OG00355,OG01190,3,operon-adjacent (synteny)
OG00355,OG01382,3,operon-adjacent (synteny)
OG00355,OG01630,3,operon-adjacent (synteny)
OG06891,OG06962,3,operon-adjacent (synteny)
OG00711,OG01124,3,operon-adjacent (synteny)
OG00711,OG01885,3,operon-adjacent (synteny)
OG00711,OG02346,3,operon-adjacent (synteny)
OG00711,OG02678,3,operon-adjacent (synteny)
OG00711,OG03707,3,operon-adjacent (synteny)
OG00711,OG03710,3,operon-adjacent (synteny)
OG00711,OG05691,3,operon-adjacent (synteny)
OG00711,OG05698,3,operon-adjacent (synteny)
OG00019,OG00151,3,operon-adjacent (synteny)
OG07060,OG12327,3,operon-adjacent (synteny)
OG07068,OG16048,3,operon-adjacent (synteny)
OG07071,OG16765,3,operon-adjacent (synteny)
OG07088,OG11594,3,operon-adjacent (synteny)
OG07096,OG14567,3,operon-adjacent (synteny)
OG07203,OG12794,3,operon-adjacent (synteny)
OG07249,OG08421,3,operon-adjacent (synteny)
OG00718,OG03159,3,operon-adjacent (synteny)
OG00718,OG03799,3,operon-adjacent (synteny)
OG00718,OG03853,3,operon-adjacent (synteny)
OG06968,OG07012,3,operon-adjacent (synteny)
OG06988,OG07021,3,operon-adjacent (synteny)
OG06999,OG07062,3,operon-adjacent (synteny)
OG00019,OG00122,3,operon-adjacent (synteny)
OG00019,OG00129,3,operon-adjacent (synteny)
OG00725,OG02859,3,operon-adjacent (synteny)
OG00361,OG04906,3,operon-adjacent (synteny)
OG00361,OG10476,3,operon-adjacent (synteny)
OG00361,OG12030,3,operon-adjacent (synteny)
OG00361,OG12632,3,operon-adjacent (synteny)
OG00361,OG13803,3,operon-adjacent (synteny)
OG00363,OG00501,3,operon-adjacent (synteny)
OG00715,OG03418,3,operon-adjacent (synteny)
OG00703,OG15108,3,operon-adjacent (synteny)
OG00363,OG01587,3,operon-adjacent (synteny)
OG00363,OG02305,3,operon-adjacent (synteny)
OG00363,OG02559,3,operon-adjacent (synteny)
OG00363,OG05115,3,operon-adjacent (synteny)
OG00363,OG06612,3,operon-adjacent (synteny)
OG00363,OG12117,3,operon-adjacent (synteny)
OG00363,OG14021,3,operon-adjacent (synteny)
OG08327,OG09649,3,operon-adjacent (synteny)
OG08548,OG08892,3,operon-adjacent (synteny)
OG08551,OG11574,3,operon-adjacent (synteny)
OG08551,OG16711,3,operon-adjacent (synteny)
OG08610,OG08852,3,operon-adjacent (synteny)
OG08691,OG08927,3,operon-adjacent (synteny)
OG08804,OG09610,3,operon-adjacent (synteny)
OG00703,OG10748,3,operon-adjacent (synteny)
OG08099,OG15412,3,operon-adjacent (synteny)
OG08171,OG16153,3,operon-adjacent (synteny)
OG08180,OG09235,3,operon-adjacent (synteny)
OG08230,OG09063,3,operon-adjacent (synteny)
OG08245,OG08548,3,operon-adjacent (synteny)
OG08251,OG08564,3,operon-adjacent (synteny)
OG08264,OG08464,3,operon-adjacent (synteny)
OG08294,OG08985,3,operon-adjacent (synteny)
OG00361,OG01653,3,operon-adjacent (synteny)
OG07267,OG07508,3,operon-adjacent (synteny)
OG07339,OG10099,3,operon-adjacent (synteny)
OG07382,OG08023,3,operon-adjacent (synteny)
OG07422,OG08023,3,operon-adjacent (synteny)
OG07508,OG08691,3,operon-adjacent (synteny)
OG07719,OG07900,3,operon-adjacent (synteny)
OG07823,OG08060,3,operon-adjacent (synteny)
OG00366,OG06377,3,operon-adjacent (synteny)
OG00702,OG05374,3,operon-adjacent (synteny)
OG00702,OG06176,3,operon-adjacent (synteny)
OG00703,OG00703,3,operon-adjacent (synteny)
OG00703,OG00992,3,operon-adjacent (synteny)
OG00703,OG02113,3,operon-adjacent (synteny)
OG00703,OG04078,3,operon-adjacent (synteny)
OG09149,OG14494,3,operon-adjacent (synteny)
OG09119,OG13891,3,operon-adjacent (synteny)
OG09130,OG14325,3,operon-adjacent (synteny)
OG09130,OG14335,3,operon-adjacent (synteny)
OG09131,OG14560,3,operon-adjacent (synteny)
OG09145,OG12405,3,operon-adjacent (synteny)
OG00366,OG00461,3,operon-adjacent (synteny)
OG00366,OG03683,3,operon-adjacent (synteny)
OG00366,OG04551,3,operon-adjacent (synteny)
OG00017,OG04840,3,operon-adjacent (synteny)
OG00018,OG00489,3,operon-adjacent (synteny)
OG00018,OG01679,3,operon-adjacent (synteny)
OG08936,OG09981,3,operon-adjacent (synteny)
OG08974,OG12595,3,operon-adjacent (synteny)
OG09103,OG09420,3,operon-adjacent (synteny)
OG09110,OG12785,3,operon-adjacent (synteny)
OG09114,OG09160,3,operon-adjacent (synteny)
OG00709,OG01594,3,operon-adjacent (synteny)
OG00710,OG02293,3,operon-adjacent (synteny)
OG00710,OG02681,3,operon-adjacent (synteny)
OG00710,OG03771,3,operon-adjacent (synteny)
OG00711,OG01012,3,operon-adjacent (synteny)
OG08837,OG16951,3,operon-adjacent (synteny)
OG08867,OG09898,3,operon-adjacent (synteny)
OG00017,OG03686,3,operon-adjacent (synteny)
OG00698,OG02165,3,operon-adjacent (synteny)
OG00699,OG02791,3,operon-adjacent (synteny)
OG00699,OG13862,3,operon-adjacent (synteny)
OG00363,OG16233,3,operon-adjacent (synteny)
OG09482,OG10378,3,operon-adjacent (synteny)
OG09490,OG10111,3,operon-adjacent (synteny)
OG09509,OG10002,3,operon-adjacent (synteny)
OG09510,OG10368,3,operon-adjacent (synteny)
OG00367,OG07553,3,operon-adjacent (synteny)
OG00368,OG01066,3,operon-adjacent (synteny)
OG00368,OG05765,3,operon-adjacent (synteny)
OG00368,OG11912,3,operon-adjacent (synteny)
OG00368,OG16815,3,operon-adjacent (synteny)
OG00370,OG13744,3,operon-adjacent (synteny)
OG00693,OG01661,3,operon-adjacent (synteny)
OG00695,OG03506,3,operon-adjacent (synteny)
OG09293,OG10579,3,operon-adjacent (synteny)
OG09362,OG09363,3,operon-adjacent (synteny)
OG09362,OG09383,3,operon-adjacent (synteny)
OG09411,OG09466,3,operon-adjacent (synteny)
OG09421,OG11165,3,operon-adjacent (synteny)
OG09428,OG09465,3,operon-adjacent (synteny)
OG09477,OG09884,3,operon-adjacent (synteny)
OG09478,OG12143,3,operon-adjacent (synteny)
OG09160,OG09193,3,operon-adjacent (synteny)
OG09193,OG14501,3,operon-adjacent (synteny)
OG09193,OG16333,3,operon-adjacent (synteny)
OG09194,OG14717,3,operon-adjacent (synteny)
OG09222,OG14775,3,operon-adjacent (synteny)
OG09222,OG15214,3,operon-adjacent (synteny)
OG09279,OG15365,3,operon-adjacent (synteny)
OG09290,OG16874,3,operon-adjacent (synteny)
OG09873,OG10231,3,operon-adjacent (synteny)
OG09888,OG10117,3,operon-adjacent (synteny)
OG09892,OG10285,3,operon-adjacent (synteny)
OG09892,OG13769,3,operon-adjacent (synteny)
OG09915,OG10021,3,operon-adjacent (synteny)
OG09948,OG10313,3,operon-adjacent (synteny)
OG09949,OG13860,3,operon-adjacent (synteny)
OG09949,OG14191,3,operon-adjacent (synteny)
OG09749,OG09836,3,operon-adjacent (synteny)
OG09766,OG10385,3,operon-adjacent (synteny)
OG09803,OG13806,3,operon-adjacent (synteny)
OG09811,OG09890,3,operon-adjacent (synteny)
OG09839,OG10979,3,operon-adjacent (synteny)
OG09858,OG10002,3,operon-adjacent (synteny)
OG09859,OG10324,3,operon-adjacent (synteny)
OG09863,OG10034,3,operon-adjacent (synteny)
OG09678,OG10359,3,operon-adjacent (synteny)
OG09698,OG10352,3,operon-adjacent (synteny)
OG09710,OG09836,3,operon-adjacent (synteny)
OG09710,OG09956,3,operon-adjacent (synteny)
OG09716,OG10006,3,operon-adjacent (synteny)
OG09732,OG13819,3,operon-adjacent (synteny)
OG09732,OG14203,3,operon-adjacent (synteny)
OG09734,OG10229,3,operon-adjacent (synteny)
OG09525,OG09956,3,operon-adjacent (synteny)
OG09525,OG10157,3,operon-adjacent (synteny)
OG09545,OG09838,3,operon-adjacent (synteny)
OG09587,OG09903,3,operon-adjacent (synteny)
OG09588,OG09654,3,operon-adjacent (synteny)
OG09638,OG10067,3,operon-adjacent (synteny)
OG09651,OG09979,3,operon-adjacent (synteny)
OG09671,OG10075,3,operon-adjacent (synteny)
OG00367,OG06370,3,operon-adjacent (synteny)
OG00374,OG01324,3,operon-adjacent (synteny)
OG00374,OG01823,3,operon-adjacent (synteny)
OG00379,OG00745,3,operon-adjacent (synteny)
OG00379,OG11637,3,operon-adjacent (synteny)
OG00380,OG00807,3,operon-adjacent (synteny)
OG00380,OG02592,3,operon-adjacent (synteny)
OG00677,OG01331,3,operon-adjacent (synteny)
OG00684,OG00862,3,operon-adjacent (synteny)
OG00685,OG05071,3,operon-adjacent (synteny)
OG00686,OG03126,3,operon-adjacent (synteny)
OG00686,OG10508,3,operon-adjacent (synteny)
OG00687,OG06045,3,operon-adjacent (synteny)
OG00688,OG01285,3,operon-adjacent (synteny)
OG00690,OG01323,3,operon-adjacent (synteny)
OG00367,OG03616,3,operon-adjacent (synteny)
OG10114,OG11066,3,operon-adjacent (synteny)
OG10122,OG10374,3,operon-adjacent (synteny)
OG10127,OG10324,3,operon-adjacent (synteny)
OG10131,OG10299,3,operon-adjacent (synteny)
OG10141,OG10236,3,operon-adjacent (synteny)
OG10171,OG10392,3,operon-adjacent (synteny)
OG10180,OG10377,3,operon-adjacent (synteny)
OG00683,OG06098,3,operon-adjacent (synteny)
OG09950,OG10186,3,operon-adjacent (synteny)
OG09965,OG10147,3,operon-adjacent (synteny)
OG09972,OG15057,3,operon-adjacent (synteny)
OG09972,OG15466,3,operon-adjacent (synteny)
OG10025,OG10395,3,operon-adjacent (synteny)
OG10028,OG10117,3,operon-adjacent (synteny)
OG10053,OG10592,3,operon-adjacent (synteny)
OG10053,OG14040,3,operon-adjacent (synteny)
OG00667,OG16687,3,operon-adjacent (synteny)
OG00670,OG05526,3,operon-adjacent (synteny)
OG00672,OG00699,3,operon-adjacent (synteny)
OG00672,OG01183,3,operon-adjacent (synteny)
OG00674,OG02880,3,operon-adjacent (synteny)
OG00674,OG16843,3,operon-adjacent (synteny)
OG00676,OG02277,3,operon-adjacent (synteny)
OG10738,OG12604,3,operon-adjacent (synteny)
OG10598,OG14055,3,operon-adjacent (synteny)
OG10697,OG13882,3,operon-adjacent (synteny)
OG10730,OG10854,3,operon-adjacent (synteny)
OG10733,OG10854,3,operon-adjacent (synteny)
OG10735,OG13916,3,operon-adjacent (synteny)
OG00381,OG02714,3,operon-adjacent (synteny)
OG00381,OG02856,3,operon-adjacent (synteny)
OG00386,OG01195,3,operon-adjacent (synteny)
OG10285,OG13769,3,operon-adjacent (synteny)
OG10418,OG10457,3,operon-adjacent (synteny)
OG10422,OG13997,3,operon-adjacent (synteny)
OG10453,OG14016,3,operon-adjacent (synteny)
OG10470,OG13512,3,operon-adjacent (synteny)
OG10476,OG10707,3,operon-adjacent (synteny)
OG10479,OG10677,3,operon-adjacent (synteny)
OG10480,OG14770,3,operon-adjacent (synteny)
OG00679,OG01509,3,operon-adjacent (synteny)
OG00679,OG13999,3,operon-adjacent (synteny)
OG00682,OG01190,3,operon-adjacent (synteny)
OG00682,OG01399,3,operon-adjacent (synteny)
OG00683,OG02175,3,operon-adjacent (synteny)
OG10186,OG14481,3,operon-adjacent (synteny)
OG10209,OG10215,3,operon-adjacent (synteny)
OG10245,OG12492,3,operon-adjacent (synteny)
OG00666,OG00762,3,operon-adjacent (synteny)
OG00666,OG02586,3,operon-adjacent (synteny)
OG00666,OG04122,3,operon-adjacent (synteny)
OG00666,OG15497,3,operon-adjacent (synteny)
OG00667,OG04750,3,operon-adjacent (synteny)
OG00667,OG11629,3,operon-adjacent (synteny)
OG00380,OG03651,3,operon-adjacent (synteny)
OG00380,OG04932,3,operon-adjacent (synteny)
OG11191,OG16635,3,operon-adjacent (synteny)
OG11193,OG11691,3,operon-adjacent (synteny)
OG00016,OG01743,3,operon-adjacent (synteny)
OG00016,OG02567,3,operon-adjacent (synteny)
OG00016,OG03431,3,operon-adjacent (synteny)
OG00663,OG14092,3,operon-adjacent (synteny)
OG00665,OG01271,3,operon-adjacent (synteny)
OG00665,OG03805,3,operon-adjacent (synteny)
OG10962,OG10965,3,operon-adjacent (synteny)
OG10962,OG10968,3,operon-adjacent (synteny)
OG10986,OG11058,3,operon-adjacent (synteny)
OG11158,OG11423,3,operon-adjacent (synteny)
OG11174,OG11426,3,operon-adjacent (synteny)
OG11185,OG16676,3,operon-adjacent (synteny)
OG11191,OG11378,3,operon-adjacent (synteny)
OG11191,OG12095,3,operon-adjacent (synteny)
OG10738,OG12700,3,operon-adjacent (synteny)
OG10780,OG15078,3,operon-adjacent (synteny)
OG10819,OG13700,3,operon-adjacent (synteny)
OG10841,OG14201,3,operon-adjacent (synteny)
OG10850,OG13910,3,operon-adjacent (synteny)
OG10850,OG14201,3,operon-adjacent (synteny)
OG10851,OG14443,3,operon-adjacent (synteny)
OG10892,OG10968,3,operon-adjacent (synteny)
OG00660,OG06870,3,operon-adjacent (synteny)
OG00660,OG11540,3,operon-adjacent (synteny)
OG00661,OG03150,3,operon-adjacent (synteny)
OG00661,OG12786,3,operon-adjacent (synteny)
OG00663,OG03126,3,operon-adjacent (synteny)
OG11258,OG11400,3,operon-adjacent (synteny)
OG11270,OG16936,3,operon-adjacent (synteny)
OG00014,OG11261,3,operon-adjacent (synteny)
OG00650,OG10245,3,operon-adjacent (synteny)
OG00650,OG16634,3,operon-adjacent (synteny)
OG00656,OG00908,3,operon-adjacent (synteny)
OG00658,OG01729,3,operon-adjacent (synteny)
OG00660,OG01298,3,operon-adjacent (synteny)
OG00660,OG01950,3,operon-adjacent (synteny)
OG00660,OG02267,3,operon-adjacent (synteny)
OG00660,OG02947,3,operon-adjacent (synteny)
OG11207,OG14666,3,operon-adjacent (synteny)
OG11207,OG15259,3,operon-adjacent (synteny)
OG11209,OG11433,3,operon-adjacent (synteny)
OG11241,OG11343,3,operon-adjacent (synteny)
OG11241,OG11729,3,operon-adjacent (synteny)
OG11244,OG11860,3,operon-adjacent (synteny)
OG11250,OG14679,3,operon-adjacent (synteny)
OG11250,OG15102,3,operon-adjacent (synteny)
OG00016,OG03980,3,operon-adjacent (synteny)
OG00016,OG09435,3,operon-adjacent (synteny)
OG00016,OG13858,3,operon-adjacent (synteny)
OG00017,OG00034,3,operon-adjacent (synteny)
OG00017,OG00426,3,operon-adjacent (synteny)
OG00017,OG01552,3,operon-adjacent (synteny)
OG00017,OG02073,3,operon-adjacent (synteny)
OG11205,OG15848,3,operon-adjacent (synteny)
OG00391,OG00727,3,operon-adjacent (synteny)
OG00391,OG00768,3,operon-adjacent (synteny)
OG00650,OG00975,3,operon-adjacent (synteny)
OG00650,OG02091,3,operon-adjacent (synteny)
OG11309,OG16861,3,operon-adjacent (synteny)
OG11324,OG15848,3,operon-adjacent (synteny)
OG11328,OG16629,3,operon-adjacent (synteny)
OG11343,OG11588,3,operon-adjacent (synteny)
OG00646,OG00937,3,operon-adjacent (synteny)
OG00646,OG01525,3,operon-adjacent (synteny)
OG00646,OG04033,3,operon-adjacent (synteny)
OG00386,OG13864,3,operon-adjacent (synteny)
OG00389,OG00416,3,operon-adjacent (synteny)
OG00389,OG01565,3,operon-adjacent (synteny)
OG00390,OG00999,3,operon-adjacent (synteny)
OG00391,OG00455,3,operon-adjacent (synteny)
OG00016,OG01323,3,operon-adjacent (synteny)
OG00016,OG01365,3,operon-adjacent (synteny)
OG11284,OG11708,3,operon-adjacent (synteny)
OG11291,OG14127,3,operon-adjacent (synteny)
OG11298,OG11349,3,operon-adjacent (synteny)
OG11298,OG16664,3,operon-adjacent (synteny)
OG11304,OG11423,3,operon-adjacent (synteny)
OG11305,OG16118,3,operon-adjacent (synteny)
OG00016,OG00019,3,operon-adjacent (synteny)
OG00016,OG00143,3,operon-adjacent (synteny)
OG00016,OG00189,3,operon-adjacent (synteny)
OG00016,OG00192,3,operon-adjacent (synteny)
OG00016,OG00360,3,operon-adjacent (synteny)
OG00016,OG00424,3,operon-adjacent (synteny)
OG00016,OG00468,3,operon-adjacent (synteny)
OG00016,OG00523,3,operon-adjacent (synteny)
OG00635,OG13963,3,operon-adjacent (synteny)
OG00636,OG02928,3,operon-adjacent (synteny)
OG11443,OG11699,3,operon-adjacent (synteny)
OG11470,OG11480,3,operon-adjacent (synteny)
OG11482,OG16915,3,operon-adjacent (synteny)
OG11494,OG15808,3,operon-adjacent (synteny)
OG11503,OG16376,3,operon-adjacent (synteny)
OG11503,OG16476,3,operon-adjacent (synteny)
OG00391,OG05456,3,operon-adjacent (synteny)
OG00391,OG13513,3,operon-adjacent (synteny)
OG00393,OG01950,3,operon-adjacent (synteny)
OG00393,OG03060,3,operon-adjacent (synteny)
OG00393,OG06055,3,operon-adjacent (synteny)
OG00395,OG03936,3,operon-adjacent (synteny)
OG00395,OG14145,3,operon-adjacent (synteny)
OG00635,OG12663,3,operon-adjacent (synteny)
OG11367,OG15042,3,operon-adjacent (synteny)
OG11428,OG14981,3,operon-adjacent (synteny)
OG11428,OG15500,3,operon-adjacent (synteny)
OG11433,OG11645,3,operon-adjacent (synteny)
OG00634,OG04790,3,operon-adjacent (synteny)
OG00391,OG01899,3,operon-adjacent (synteny)
OG00391,OG02540,3,operon-adjacent (synteny)
OG00391,OG04834,3,operon-adjacent (synteny)
OG11349,OG11445,3,operon-adjacent (synteny)
OG11362,OG16159,3,operon-adjacent (synteny)
OG00012,OG00209,3,operon-adjacent (synteny)
OG00012,OG06267,3,operon-adjacent (synteny)
OG00013,OG00014,3,operon-adjacent (synteny)
OG00013,OG02992,3,operon-adjacent (synteny)
OG00014,OG00299,3,operon-adjacent (synteny)
OG00014,OG00660,3,operon-adjacent (synteny)
OG00629,OG02412,3,operon-adjacent (synteny)
OG00007,OG00067,3,operon-adjacent (synteny)
OG00008,OG01035,3,operon-adjacent (synteny)
OG00008,OG05949,3,operon-adjacent (synteny)
OG00008,OG15126,3,operon-adjacent (synteny)
OG00009,OG00079,3,operon-adjacent (synteny)
OG00009,OG11218,3,operon-adjacent (synteny)
OG00009,OG15741,3,operon-adjacent (synteny)
OG00398,OG01056,3,operon-adjacent (synteny)
OG00398,OG01271,3,operon-adjacent (synteny)
OG00398,OG01419,3,operon-adjacent (synteny)
OG00398,OG01856,3,operon-adjacent (synteny)
OG00398,OG02461,3,operon-adjacent (synteny)
OG00624,OG03737,3,operon-adjacent (synteny)
OG00624,OG05002,3,operon-adjacent (synteny)
OG00628,OG01526,3,operon-adjacent (synteny)
OG00397,OG00982,3,operon-adjacent (synteny)
OG00397,OG01439,3,operon-adjacent (synteny)
OG00397,OG02518,3,operon-adjacent (synteny)
OG00397,OG03437,3,operon-adjacent (synteny)
OG00397,OG14799,3,operon-adjacent (synteny)
OG00398,OG00502,3,operon-adjacent (synteny)
OG00398,OG00779,3,operon-adjacent (synteny)
OG00398,OG00896,3,operon-adjacent (synteny)
OG11517,OG11751,3,operon-adjacent (synteny)
OG11539,OG14981,3,operon-adjacent (synteny)
OG11539,OG15013,3,operon-adjacent (synteny)
OG11539,OG15500,3,operon-adjacent (synteny)
OG11545,OG16263,3,operon-adjacent (synteny)
OG11572,OG17039,3,operon-adjacent (synteny)
OG11589,OG14595,3,operon-adjacent (synteny)
OG11600,OG14567,3,operon-adjacent (synteny)
OG00619,OG02266,3,operon-adjacent (synteny)
OG00619,OG06205,3,operon-adjacent (synteny)
OG00621,OG00906,3,operon-adjacent (synteny)
OG00622,OG04147,3,operon-adjacent (synteny)
OG00396,OG01126,3,operon-adjacent (synteny)
OG11727,OG13356,3,operon-adjacent (synteny)
OG11727,OG16184,3,operon-adjacent (synteny)
OG11732,OG14586,3,operon-adjacent (synteny)
OG00615,OG04651,3,operon-adjacent (synteny)
OG00615,OG12408,3,operon-adjacent (synteny)
OG00616,OG01407,3,operon-adjacent (synteny)
OG00616,OG06204,3,operon-adjacent (synteny)
OG00617,OG03473,3,operon-adjacent (synteny)
OG00619,OG00916,3,operon-adjacent (synteny)
OG00619,OG01424,3,operon-adjacent (synteny)
OG00619,OG01465,3,operon-adjacent (synteny)
OG11673,OG14930,3,operon-adjacent (synteny)
OG11696,OG16805,3,operon-adjacent (synteny)
OG00613,OG02163,3,operon-adjacent (synteny)
OG00613,OG03108,3,operon-adjacent (synteny)
OG00614,OG06363,3,operon-adjacent (synteny)
OG00615,OG00762,3,operon-adjacent (synteny)
OG00615,OG01409,3,operon-adjacent (synteny)
OG00615,OG03045,3,operon-adjacent (synteny)
OG00010,OG01612,3,operon-adjacent (synteny)
OG00012,OG00099,3,operon-adjacent (synteny)
OG11622,OG11711,3,operon-adjacent (synteny)
OG11659,OG16538,3,operon-adjacent (synteny)
OG11659,OG16911,3,operon-adjacent (synteny)
OG11664,OG12878,3,operon-adjacent (synteny)
OG11664,OG14797,3,operon-adjacent (synteny)
OG11671,OG14572,3,operon-adjacent (synteny)
OG00611,OG03034,3,operon-adjacent (synteny)
OG00600,OG03688,3,operon-adjacent (synteny)
OG00600,OG03924,3,operon-adjacent (synteny)
OG00600,OG13954,3,operon-adjacent (synteny)
OG00602,OG01541,3,operon-adjacent (synteny)
OG00602,OG04186,3,operon-adjacent (synteny)
OG00602,OG10554,3,operon-adjacent (synteny)
OG00605,OG01323,3,operon-adjacent (synteny)
OG00399,OG10326,3,operon-adjacent (synteny)
OG00399,OG16707,3,operon-adjacent (synteny)
OG00400,OG00866,3,operon-adjacent (synteny)
OG00400,OG09649,3,operon-adjacent (synteny)
OG00401,OG00406,3,operon-adjacent (synteny)
OG00401,OG00585,3,operon-adjacent (synteny)
OG00607,OG03159,3,operon-adjacent (synteny)
OG00609,OG00761,3,operon-adjacent (synteny)
OG11912,OG14834,3,operon-adjacent (synteny)
OG11940,OG12616,3,operon-adjacent (synteny)
OG11943,OG12319,3,operon-adjacent (synteny)
OG11949,OG12021,3,operon-adjacent (synteny)
OG11953,OG13295,3,operon-adjacent (synteny)
OG00399,OG00860,3,operon-adjacent (synteny)
OG00399,OG02844,3,operon-adjacent (synteny)
OG00399,OG03083,3,operon-adjacent (synteny)
OG11740,OG14601,3,operon-adjacent (synteny)
OG11779,OG15401,3,operon-adjacent (synteny)
OG11794,OG15527,3,operon-adjacent (synteny)
OG11818,OG14149,3,operon-adjacent (synteny)
OG11819,OG11833,3,operon-adjacent (synteny)
OG11819,OG11860,3,operon-adjacent (synteny)
OG11824,OG15660,3,operon-adjacent (synteny)
OG11911,OG14167,3,operon-adjacent (synteny)
OG00402,OG04907,3,operon-adjacent (synteny)
OG00405,OG02034,3,operon-adjacent (synteny)
OG00405,OG03608,3,operon-adjacent (synteny)
OG00406,OG00711,3,operon-adjacent (synteny)
OG00406,OG01418,3,operon-adjacent (synteny)
OG00406,OG02340,3,operon-adjacent (synteny)
OG00406,OG11321,3,operon-adjacent (synteny)
OG00597,OG02148,3,operon-adjacent (synteny)
OG12133,OG13854,3,operon-adjacent (synteny)
OG12163,OG12925,3,operon-adjacent (synteny)
OG12165,OG12172,3,operon-adjacent (synteny)
OG12169,OG15158,3,operon-adjacent (synteny)
OG00401,OG02844,3,operon-adjacent (synteny)
OG00401,OG03448,3,operon-adjacent (synteny)
OG00402,OG01303,3,operon-adjacent (synteny)
OG00402,OG04425,3,operon-adjacent (synteny)
OG12025,OG12172,3,operon-adjacent (synteny)
OG12030,OG12731,3,operon-adjacent (synteny)
OG12035,OG14148,3,operon-adjacent (synteny)
OG12035,OG16748,3,operon-adjacent (synteny)
OG12043,OG15061,3,operon-adjacent (synteny)
OG12080,OG12738,3,operon-adjacent (synteny)
OG12085,OG15052,3,operon-adjacent (synteny)
OG12095,OG16649,3,operon-adjacent (synteny)
OG00605,OG01509,3,operon-adjacent (synteny)
OG00605,OG02953,3,operon-adjacent (synteny)
OG00605,OG03141,3,operon-adjacent (synteny)
OG00605,OG04178,3,operon-adjacent (synteny)
OG00605,OG09995,3,operon-adjacent (synteny)
OG00605,OG14927,3,operon-adjacent (synteny)
OG11987,OG12266,3,operon-adjacent (synteny)
OG12001,OG12861,3,operon-adjacent (synteny)
OG00590,OG02278,3,operon-adjacent (synteny)
OG00590,OG15365,3,operon-adjacent (synteny)
OG00593,OG01784,3,operon-adjacent (synteny)
OG00593,OG03041,3,operon-adjacent (synteny)
OG00594,OG01331,3,operon-adjacent (synteny)
OG00594,OG01890,3,operon-adjacent (synteny)
OG00595,OG05138,3,operon-adjacent (synteny)
OG00595,OG13956,3,operon-adjacent (synteny)
OG12444,OG12725,3,operon-adjacent (synteny)
OG12475,OG13041,3,operon-adjacent (synteny)
OG12505,OG12740,3,operon-adjacent (synteny)
OG00585,OG14689,3,operon-adjacent (synteny)
OG00586,OG01770,3,operon-adjacent (synteny)
OG00587,OG01239,3,operon-adjacent (synteny)
OG00587,OG01867,3,operon-adjacent (synteny)
OG00587,OG03039,3,operon-adjacent (synteny)
OG12272,OG15267,3,operon-adjacent (synteny)
OG12282,OG12794,3,operon-adjacent (synteny)
OG12292,OG15070,3,operon-adjacent (synteny)
OG12330,OG13452,3,operon-adjacent (synteny)
OG12348,OG12762,3,operon-adjacent (synteny)
OG12394,OG12934,3,operon-adjacent (synteny)
OG12399,OG15108,3,operon-adjacent (synteny)
OG12422,OG12632,3,operon-adjacent (synteny)
OG00597,OG02576,3,operon-adjacent (synteny)
OG00597,OG03886,3,operon-adjacent (synteny)
OG12204,OG12482,3,operon-adjacent (synteny)
OG12205,OG12655,3,operon-adjacent (synteny)
OG12240,OG12745,3,operon-adjacent (synteny)
OG12240,OG14877,3,operon-adjacent (synteny)
OG12257,OG12716,3,operon-adjacent (synteny)
OG12266,OG16736,3,operon-adjacent (synteny)
OG00584,OG14425,3,operon-adjacent (synteny)
OG00585,OG01407,3,operon-adjacent (synteny)
OG00585,OG01643,3,operon-adjacent (synteny)
OG00585,OG02473,3,operon-adjacent (synteny)
OG00585,OG02820,3,operon-adjacent (synteny)
OG00582,OG00975,3,operon-adjacent (synteny)
OG00582,OG01439,3,operon-adjacent (synteny)
OG00582,OG01602,3,operon-adjacent (synteny)
OG00407,OG13215,3,operon-adjacent (synteny)
OG00407,OG15773,3,operon-adjacent (synteny)
OG00407,OG16453,3,operon-adjacent (synteny)
OG00410,OG00759,3,operon-adjacent (synteny)
OG00411,OG00916,3,operon-adjacent (synteny)
OG00411,OG01298,3,operon-adjacent (synteny)
OG00583,OG05139,3,operon-adjacent (synteny)
OG00583,OG13659,3,operon-adjacent (synteny)
OG12966,OG15039,3,operon-adjacent (synteny)
OG00003,OG12380,3,operon-adjacent (synteny)
OG00003,OG13041,3,operon-adjacent (synteny)
OG00407,OG01606,3,operon-adjacent (synteny)
OG00407,OG02805,3,operon-adjacent (synteny)
OG00407,OG03622,3,operon-adjacent (synteny)
OG00407,OG03783,3,operon-adjacent (synteny)
OG00407,OG04537,3,operon-adjacent (synteny)
OG12591,OG12762,3,operon-adjacent (synteny)
OG12716,OG12736,3,operon-adjacent (synteny)
OG12719,OG12878,3,operon-adjacent (synteny)
OG12740,OG12779,3,operon-adjacent (synteny)
OG12860,OG14552,3,operon-adjacent (synteny)
OG12865,OG12924,3,operon-adjacent (synteny)
OG12898,OG14159,3,operon-adjacent (synteny)
OG12910,OG13496,3,operon-adjacent (synteny)
OG00574,OG10467,3,operon-adjacent (synteny)
OG00575,OG16982,3,operon-adjacent (synteny)
OG00579,OG00888,3,operon-adjacent (synteny)
OG00579,OG03410,3,operon-adjacent (synteny)
OG00411,OG16646,3,operon-adjacent (synteny)
OG00414,OG01917,3,operon-adjacent (synteny)
OG00414,OG10158,3,operon-adjacent (synteny)
OG00567,OG03986,3,operon-adjacent (synteny)
OG13290,OG15177,3,operon-adjacent (synteny)
OG13297,OG16633,3,operon-adjacent (synteny)
OG13353,OG16031,3,operon-adjacent (synteny)
OG00572,OG01756,3,operon-adjacent (synteny)
OG00572,OG02819,3,operon-adjacent (synteny)
OG00573,OG03574,3,operon-adjacent (synteny)
OG00573,OG04647,3,operon-adjacent (synteny)
OG00574,OG03756,3,operon-adjacent (synteny)
OG00003,OG14043,3,operon-adjacent (synteny)
OG00004,OG01449,3,operon-adjacent (synteny)
OG00005,OG09504,3,operon-adjacent (synteny)
OG00006,OG00345,3,operon-adjacent (synteny)
OG13213,OG15218,3,operon-adjacent (synteny)
OG13243,OG13841,3,operon-adjacent (synteny)
OG13243,OG13900,3,operon-adjacent (synteny)
OG13263,OG13670,3,operon-adjacent (synteny)
OG00582,OG01858,3,operon-adjacent (synteny)
OG00582,OG05585,3,operon-adjacent (synteny)
OG00582,OG05942,3,operon-adjacent (synteny)
OG00582,OG11900,3,operon-adjacent (synteny)
OG00582,OG15462,3,operon-adjacent (synteny)
OG00583,OG02256,3,operon-adjacent (synteny)
OG00583,OG02565,3,operon-adjacent (synteny)
OG00407,OG00842,3,operon-adjacent (synteny)
OG00564,OG13475,3,operon-adjacent (synteny)
OG00565,OG02113,3,operon-adjacent (synteny)
OG00565,OG03183,3,operon-adjacent (synteny)
OG00565,OG04746,3,operon-adjacent (synteny)
OG00565,OG04971,3,operon-adjacent (synteny)
OG00565,OG05775,3,operon-adjacent (synteny)
OG00566,OG04503,3,operon-adjacent (synteny)
OG00566,OG06022,3,operon-adjacent (synteny)
OG13480,OG16513,3,operon-adjacent (synteny)
OG13496,OG13498,3,operon-adjacent (synteny)
OG13516,OG14418,3,operon-adjacent (synteny)
OG00417,OG02859,3,operon-adjacent (synteny)
OG00417,OG14081,3,operon-adjacent (synteny)
OG00422,OG01303,3,operon-adjacent (synteny)
OG00422,OG02884,3,operon-adjacent (synteny)
OG00564,OG03524,3,operon-adjacent (synteny)
OG13426,OG14929,3,operon-adjacent (synteny)
OG13426,OG15401,3,operon-adjacent (synteny)
OG13429,OG13990,3,operon-adjacent (synteny)
OG13453,OG14795,3,operon-adjacent (synteny)
OG13470,OG13724,3,operon-adjacent (synteny)
OG13475,OG15239,3,operon-adjacent (synteny)
OG13476,OG13761,3,operon-adjacent (synteny)
OG13480,OG16418,3,operon-adjacent (synteny)
OG00568,OG10016,3,operon-adjacent (synteny)
OG00568,OG14776,3,operon-adjacent (synteny)
OG00569,OG00960,3,operon-adjacent (synteny)
OG00572,OG00600,3,operon-adjacent (synteny)
OG13375,OG14022,3,operon-adjacent (synteny)
OG13419,OG13835,3,operon-adjacent (synteny)
OG13419,OG14119,3,operon-adjacent (synteny)
OG13422,OG13427,3,operon-adjacent (synteny)
OG00416,OG03524,3,operon-adjacent (synteny)
OG13748,OG14927,3,operon-adjacent (synteny)
OG13767,OG14027,3,operon-adjacent (synteny)
OG13768,OG14214,3,operon-adjacent (synteny)
OG13773,OG13800,3,operon-adjacent (synteny)
OG13778,OG13884,3,operon-adjacent (synteny)
OG13778,OG14044,3,operon-adjacent (synteny)
OG13779,OG13953,3,operon-adjacent (synteny)
OG00559,OG00885,3,operon-adjacent (synteny)
OG00559,OG01809,3,operon-adjacent (synteny)
OG00559,OG02168,3,operon-adjacent (synteny)
OG00559,OG02948,3,operon-adjacent (synteny)
OG00559,OG02960,3,operon-adjacent (synteny)
OG00559,OG06433,3,operon-adjacent (synteny)
OG00416,OG02301,3,operon-adjacent (synteny)
OG00416,OG03247,3,operon-adjacent (synteny)
OG13657,OG15321,3,operon-adjacent (synteny)
OG13719,OG14932,3,operon-adjacent (synteny)
OG13730,OG13797,3,operon-adjacent (synteny)
OG00555,OG13864,3,operon-adjacent (synteny)
OG00556,OG00717,3,operon-adjacent (synteny)
OG00556,OG01022,3,operon-adjacent (synteny)
OG00556,OG15176,3,operon-adjacent (synteny)
OG00559,OG00590,3,operon-adjacent (synteny)
OG13517,OG14713,3,operon-adjacent (synteny)
OG13526,OG15543,3,operon-adjacent (synteny)
OG13553,OG14992,3,operon-adjacent (synteny)
OG13553,OG17039,3,operon-adjacent (synteny)
OG13567,OG14491,3,operon-adjacent (synteny)
OG13595,OG15543,3,operon-adjacent (synteny)
OG13619,OG13679,3,operon-adjacent (synteny)
OG13627,OG15163,3,operon-adjacent (synteny)
OG13844,OG14048,3,operon-adjacent (synteny)
OG13850,OG14154,3,operon-adjacent (synteny)
OG13853,OG13956,3,operon-adjacent (synteny)
OG13853,OG13964,3,operon-adjacent (synteny)
OG13856,OG14188,3,operon-adjacent (synteny)
OG13857,OG14143,3,operon-adjacent (synteny)
OG13860,OG14054,3,operon-adjacent (synteny)
OG13866,OG14057,3,operon-adjacent (synteny)
OG13817,OG14069,3,operon-adjacent (synteny)
OG13825,OG13902,3,operon-adjacent (synteny)
OG13829,OG14138,3,operon-adjacent (synteny)
OG13832,OG14143,3,operon-adjacent (synteny)
OG13836,OG14090,3,operon-adjacent (synteny)
OG13837,OG13857,3,operon-adjacent (synteny)
OG13839,OG14135,3,operon-adjacent (synteny)
OG13840,OG14028,3,operon-adjacent (synteny)
OG13801,OG14103,3,operon-adjacent (synteny)
OG13802,OG14109,3,operon-adjacent (synteny)
OG13803,OG14116,3,operon-adjacent (synteny)
OG13805,OG13933,3,operon-adjacent (synteny)
OG13806,OG13991,3,operon-adjacent (synteny)
OG13809,OG14001,3,operon-adjacent (synteny)
OG13811,OG14052,3,operon-adjacent (synteny)
OG13814,OG14011,3,operon-adjacent (synteny)
OG13780,OG13965,3,operon-adjacent (synteny)
OG13782,OG14162,3,operon-adjacent (synteny)
OG13784,OG13976,3,operon-adjacent (synteny)
OG13786,OG13898,3,operon-adjacent (synteny)
OG13788,OG13992,3,operon-adjacent (synteny)
OG13790,OG13804,3,operon-adjacent (synteny)
OG13796,OG14103,3,operon-adjacent (synteny)
OG13800,OG14154,3,operon-adjacent (synteny)
OG13921,OG13953,3,operon-adjacent (synteny)
OG13928,OG14004,3,operon-adjacent (synteny)
OG13935,OG14024,3,operon-adjacent (synteny)
OG13937,OG14049,3,operon-adjacent (synteny)
OG13943,OG14148,3,operon-adjacent (synteny)
OG13944,OG14095,3,operon-adjacent (synteny)
OG13949,OG14145,3,operon-adjacent (synteny)
OG13961,OG14146,3,operon-adjacent (synteny)
OG13901,OG13967,3,operon-adjacent (synteny)
OG13902,OG14106,3,operon-adjacent (synteny)
OG13903,OG14156,3,operon-adjacent (synteny)
OG13904,OG14130,3,operon-adjacent (synteny)
OG13906,OG13949,3,operon-adjacent (synteny)
OG13906,OG14024,3,operon-adjacent (synteny)
OG13909,OG14133,3,operon-adjacent (synteny)
OG13916,OG13945,3,operon-adjacent (synteny)
OG13890,OG14105,3,operon-adjacent (synteny)
OG13892,OG13963,3,operon-adjacent (synteny)
OG13892,OG14096,3,operon-adjacent (synteny)
OG13893,OG14031,3,operon-adjacent (synteny)
OG13893,OG14050,3,operon-adjacent (synteny)
OG13894,OG14077,3,operon-adjacent (synteny)
OG13898,OG14047,3,operon-adjacent (synteny)
OG13901,OG13921,3,operon-adjacent (synteny)
OG13869,OG13900,3,operon-adjacent (synteny)
OG13869,OG13944,3,operon-adjacent (synteny)
OG13870,OG14028,3,operon-adjacent (synteny)
OG13876,OG13998,3,operon-adjacent (synteny)
OG13881,OG14152,3,operon-adjacent (synteny)
OG13884,OG13903,3,operon-adjacent (synteny)
OG13885,OG14088,3,operon-adjacent (synteny)
OG13885,OG14130,3,operon-adjacent (synteny)
OG00550,OG14014,3,operon-adjacent (synteny)
OG00555,OG03014,3,operon-adjacent (synteny)
OG00555,OG04790,3,operon-adjacent (synteny)
OG00555,OG04906,3,operon-adjacent (synteny)
OG14048,OG14344,3,operon-adjacent (synteny)
OG14059,OG14074,3,operon-adjacent (synteny)
OG14065,OG14193,3,operon-adjacent (synteny)
OG14072,OG14137,3,operon-adjacent (synteny)
OG00424,OG00900,3,operon-adjacent (synteny)
OG00424,OG01519,3,operon-adjacent (synteny)
OG00424,OG03337,3,operon-adjacent (synteny)
OG00424,OG03906,3,operon-adjacent (synteny)
OG00424,OG04408,3,operon-adjacent (synteny)
OG00424,OG05413,3,operon-adjacent (synteny)
OG00424,OG14842,3,operon-adjacent (synteny)
OG00424,OG15191,3,operon-adjacent (synteny)
OG13995,OG15295,3,operon-adjacent (synteny)
OG14006,OG14018,3,operon-adjacent (synteny)
OG14018,OG14089,3,operon-adjacent (synteny)
OG14022,OG14106,3,operon-adjacent (synteny)
OG14023,OG14156,3,operon-adjacent (synteny)
OG14033,OG14111,3,operon-adjacent (synteny)
OG14033,OG14147,3,operon-adjacent (synteny)
OG14044,OG14148,3,operon-adjacent (synteny)
OG13966,OG13976,3,operon-adjacent (synteny)
OG13968,OG14184,3,operon-adjacent (synteny)
OG13979,OG14151,3,operon-adjacent (synteny)
OG13979,OG14182,3,operon-adjacent (synteny)
OG13987,OG14191,3,operon-adjacent (synteny)
OG13988,OG14110,3,operon-adjacent (synteny)
OG13989,OG14202,3,operon-adjacent (synteny)
OG13991,OG14192,3,operon-adjacent (synteny)
OG00550,OG00600,3,operon-adjacent (synteny)
OG00550,OG02163,3,operon-adjacent (synteny)
OG00424,OG00451,3,operon-adjacent (synteny)
OG00424,OG00646,3,operon-adjacent (synteny)
OG00527,OG03884,3,operon-adjacent (synteny)
OG00426,OG00807,3,operon-adjacent (synteny)
OG00426,OG00848,3,operon-adjacent (synteny)
OG00426,OG01593,3,operon-adjacent (synteny)
OG00540,OG00568,3,operon-adjacent (synteny)
OG00540,OG02389,3,operon-adjacent (synteny)
OG00540,OG05021,3,operon-adjacent (synteny)
OG00540,OG13709,3,operon-adjacent (synteny)
OG00542,OG05977,3,operon-adjacent (synteny)
OG00545,OG00895,3,operon-adjacent (synteny)
OG00545,OG01067,3,operon-adjacent (synteny)
OG00545,OG04555,3,operon-adjacent (synteny)
OG14193,OG14200,3,operon-adjacent (synteny)
OG14316,OG14346,3,operon-adjacent (synteny)
OG14328,OG14337,3,operon-adjacent (synteny)
OG14331,OG14344,3,operon-adjacent (synteny)
OG14357,OG14391,3,operon-adjacent (synteny)
OG14371,OG15935,3,operon-adjacent (synteny)
OG00538,OG01728,3,operon-adjacent (synteny)
OG00538,OG14349,3,operon-adjacent (synteny)
OG14072,OG14163,3,operon-adjacent (synteny)
OG14081,OG14199,3,operon-adjacent (synteny)
OG14082,OG14122,3,operon-adjacent (synteny)
OG14082,OG14159,3,operon-adjacent (synteny)
OG14119,OG14126,3,operon-adjacent (synteny)
OG14120,OG14207,3,operon-adjacent (synteny)
OG14138,OG14186,3,operon-adjacent (synteny)
OG14141,OG14147,3,operon-adjacent (synteny)
OG00434,OG00964,3,operon-adjacent (synteny)
OG00434,OG05866,3,operon-adjacent (synteny)
OG00519,OG00580,3,operon-adjacent (synteny)
OG00520,OG03919,3,operon-adjacent (synteny)
OG00522,OG06422,3,operon-adjacent (synteny)
OG00524,OG01799,3,operon-adjacent (synteny)
OG00524,OG02430,3,operon-adjacent (synteny)
OG00524,OG05129,3,operon-adjacent (synteny)
OG14588,OG16863,3,operon-adjacent (synteny)
OG14592,OG15901,3,operon-adjacent (synteny)
OG14641,OG14900,3,operon-adjacent (synteny)
OG00428,OG14999,3,operon-adjacent (synteny)
OG00428,OG15080,3,operon-adjacent (synteny)
OG00430,OG01365,3,operon-adjacent (synteny)
OG00430,OG02555,3,operon-adjacent (synteny)
OG00431,OG06568,3,operon-adjacent (synteny)
OG14380,OG16392,3,operon-adjacent (synteny)
OG14445,OG15924,3,operon-adjacent (synteny)
OG14449,OG16560,3,operon-adjacent (synteny)
OG14466,OG16560,3,operon-adjacent (synteny)
OG14475,OG14501,3,operon-adjacent (synteny)
OG14487,OG14723,3,operon-adjacent (synteny)
OG14492,OG16164,3,operon-adjacent (synteny)
OG14573,OG16365,3,operon-adjacent (synteny)
OG00426,OG03023,3,operon-adjacent (synteny)
OG00426,OG10568,3,operon-adjacent (synteny)
OG00427,OG01476,3,operon-adjacent (synteny)
OG00427,OG14211,3,operon-adjacent (synteny)
OG00428,OG00863,3,operon-adjacent (synteny)
OG00531,OG05462,3,operon-adjacent (synteny)
OG00531,OG06059,3,operon-adjacent (synteny)
OG00531,OG14771,3,operon-adjacent (synteny)
OG00516,OG07001,3,operon-adjacent (synteny)
OG00428,OG05868,3,operon-adjacent (synteny)
OG00428,OG07437,3,operon-adjacent (synteny)
OG00501,OG04710,3,operon-adjacent (synteny)
OG00501,OG05622,3,operon-adjacent (synteny)
OG00501,OG13102,3,operon-adjacent (synteny)
OG00502,OG00515,3,operon-adjacent (synteny)
OG00502,OG01924,3,operon-adjacent (synteny)
OG00509,OG14190,3,operon-adjacent (synteny)
OG00510,OG15251,3,operon-adjacent (synteny)
OG00513,OG09991,3,operon-adjacent (synteny)
OG00513,OG10154,3,operon-adjacent (synteny)
OG00515,OG01421,3,operon-adjacent (synteny)
OG00515,OG03345,3,operon-adjacent (synteny)
OG00515,OG13952,3,operon-adjacent (synteny)
OG00516,OG05678,3,operon-adjacent (synteny)
OG14656,OG15259,3,operon-adjacent (synteny)
OG14666,OG14930,3,operon-adjacent (synteny)
OG14674,OG15001,3,operon-adjacent (synteny)
OG14674,OG15434,3,operon-adjacent (synteny)
OG14689,OG15445,3,operon-adjacent (synteny)
OG14695,OG15183,3,operon-adjacent (synteny)
OG14718,OG15389,3,operon-adjacent (synteny)
OG00509,OG11911,3,operon-adjacent (synteny)
OG14649,OG14891,3,operon-adjacent (synteny)
OG14649,OG15040,3,operon-adjacent (synteny)
OG14651,OG15040,3,operon-adjacent (synteny)
OG14651,OG15346,3,operon-adjacent (synteny)
OG14654,OG14911,3,operon-adjacent (synteny)
OG14655,OG14742,3,operon-adjacent (synteny)
OG14655,OG15499,3,operon-adjacent (synteny)
OG14656,OG15236,3,operon-adjacent (synteny)
OG00436,OG03414,3,operon-adjacent (synteny)
OG00438,OG03855,3,operon-adjacent (synteny)
OG00438,OG04616,3,operon-adjacent (synteny)
OG00498,OG16696,3,operon-adjacent (synteny)
OG00500,OG03150,3,operon-adjacent (synteny)
OG00501,OG00798,3,operon-adjacent (synteny)
OG14820,OG14929,3,operon-adjacent (synteny)
OG14820,OG15236,3,operon-adjacent (synteny)
OG14781,OG14992,3,operon-adjacent (synteny)
OG14787,OG14882,3,operon-adjacent (synteny)
OG14802,OG15066,3,operon-adjacent (synteny)
OG00498,OG12898,3,operon-adjacent (synteny)
OG00498,OG13219,3,operon-adjacent (synteny)
OG00435,OG05025,3,operon-adjacent (synteny)
OG00435,OG11725,3,operon-adjacent (synteny)
OG00436,OG02267,3,operon-adjacent (synteny)
OG14741,OG15104,3,operon-adjacent (synteny)
OG14743,OG15364,3,operon-adjacent (synteny)
OG14747,OG15415,3,operon-adjacent (synteny)
OG14748,OG14847,3,operon-adjacent (synteny)
OG14756,OG15267,3,operon-adjacent (synteny)
OG14761,OG15200,3,operon-adjacent (synteny)
OG14770,OG15058,3,operon-adjacent (synteny)
OG14775,OG15431,3,operon-adjacent (synteny)
OG00502,OG03651,3,operon-adjacent (synteny)
OG00502,OG03741,3,operon-adjacent (synteny)
OG00502,OG10125,3,operon-adjacent (synteny)
OG00502,OG17071,3,operon-adjacent (synteny)
OG00503,OG01679,3,operon-adjacent (synteny)
OG00503,OG02262,3,operon-adjacent (synteny)
OG00503,OG16864,3,operon-adjacent (synteny)
OG14732,OG14953,3,operon-adjacent (synteny)
OG00490,OG01018,3,operon-adjacent (synteny)
OG00491,OG09950,3,operon-adjacent (synteny)
OG00495,OG15508,3,operon-adjacent (synteny)
OG00498,OG04548,3,operon-adjacent (synteny)
OG00480,OG09613,3,operon-adjacent (synteny)
OG00481,OG03956,3,operon-adjacent (synteny)
OG00481,OG04327,3,operon-adjacent (synteny)
OG00453,OG09632,3,operon-adjacent (synteny)
OG00451,OG04794,3,operon-adjacent (synteny)
OG00451,OG05949,3,operon-adjacent (synteny)
OG00452,OG01851,3,operon-adjacent (synteny)
OG00453,OG00581,3,operon-adjacent (synteny)
OG00453,OG01023,3,operon-adjacent (synteny)
OG00453,OG05936,3,operon-adjacent (synteny)
OG00489,OG03046,3,operon-adjacent (synteny)
OG00489,OG03238,3,operon-adjacent (synteny)
OG14937,OG15312,3,operon-adjacent (synteny)
OG00003,OG00641,3,operon-adjacent (synteny)
OG00003,OG00703,3,operon-adjacent (synteny)
OG00003,OG00718,3,operon-adjacent (synteny)
OG00488,OG14092,3,operon-adjacent (synteny)
OG00445,OG01005,3,operon-adjacent (synteny)
OG00445,OG03631,3,operon-adjacent (synteny)
OG00451,OG02071,3,operon-adjacent (synteny)
OG14832,OG15445,3,operon-adjacent (synteny)
OG14835,OG14847,3,operon-adjacent (synteny)
OG14840,OG14942,3,operon-adjacent (synteny)
OG14853,OG15488,3,operon-adjacent (synteny)
OG14864,OG15424,3,operon-adjacent (synteny)
OG14878,OG17017,3,operon-adjacent (synteny)
OG14885,OG15177,3,operon-adjacent (synteny)
OG14936,OG15206,3,operon-adjacent (synteny)
OG16866,OG17074,3,operon-adjacent (synteny)
OG00000,OG02484,3,operon-adjacent (synteny)
OG16881,OG16928,3,operon-adjacent (synteny)
OG16884,OG16935,3,operon-adjacent (synteny)
OG00000,OG00582,3,operon-adjacent (synteny)
OG00000,OG00515,3,operon-adjacent (synteny)
OG17021,OG17034,3,operon-adjacent (synteny)
OG15313,OG15319,3,operon-adjacent (synteny)
OG15057,OG15488,3,operon-adjacent (synteny)
OG15058,OG15287,3,operon-adjacent (synteny)
OG15079,OG15271,3,operon-adjacent (synteny)
OG15087,OG15499,3,operon-adjacent (synteny)
OG15104,OG15431,3,operon-adjacent (synteny)
OG15139,OG15288,3,operon-adjacent (synteny)
OG15144,OG15661,3,operon-adjacent (synteny)
OG15146,OG15207,3,operon-adjacent (synteny)
OG15009,OG15016,3,operon-adjacent (synteny)
OG15013,OG15042,3,operon-adjacent (synteny)
OG15014,OG15320,3,operon-adjacent (synteny)
OG15016,OG15470,3,operon-adjacent (synteny)
OG15032,OG15055,3,operon-adjacent (synteny)
OG15036,OG15331,3,operon-adjacent (synteny)
OG15039,OG15497,3,operon-adjacent (synteny)
OG15044,OG15046,3,operon-adjacent (synteny)
OG16262,OG16662,3,operon-adjacent (synteny)
OG16333,OG16534,3,operon-adjacent (synteny)
OG00472,OG12408,3,operon-adjacent (synteny)
OG00474,OG00916,3,operon-adjacent (synteny)
OG00474,OG01840,3,operon-adjacent (synteny)
OG00474,OG04471,3,operon-adjacent (synteny)
OG15004,OG15291,3,operon-adjacent (synteny)
OG15007,OG15287,3,operon-adjacent (synteny)
OG02016,OG02639,3,operon-adjacent (synteny)
OG02021,OG14093,3,operon-adjacent (synteny)
OG02027,OG02500,3,operon-adjacent (synteny)
OG02027,OG05189,3,operon-adjacent (synteny)
OG02028,OG15386,3,operon-adjacent (synteny)
OG02029,OG02453,3,operon-adjacent (synteny)
OG02029,OG02667,3,operon-adjacent (synteny)
OG02029,OG04913,3,operon-adjacent (synteny)
OG16701,OG16740,3,operon-adjacent (synteny)
OG16737,OG16776,3,operon-adjacent (synteny)
OG16753,OG17061,3,operon-adjacent (synteny)
OG16755,OG16818,3,operon-adjacent (synteny)
OG16762,OG16773,3,operon-adjacent (synteny)
OG02013,OG03135,3,operon-adjacent (synteny)
OG02013,OG06118,3,operon-adjacent (synteny)
OG02015,OG05565,3,operon-adjacent (synteny)
OG15249,OG15661,3,operon-adjacent (synteny)
OG15257,OG15331,3,operon-adjacent (synteny)
OG15260,OG15633,3,operon-adjacent (synteny)
OG16435,OG16668,3,operon-adjacent (synteny)
OG16447,OG16928,3,operon-adjacent (synteny)
OG16459,OG16593,3,operon-adjacent (synteny)
OG16632,OG16648,3,operon-adjacent (synteny)
OG16649,OG16691,3,operon-adjacent (synteny)
OG15316,OG15341,3,operon-adjacent (synteny)
OG15389,OG15633,3,operon-adjacent (synteny)
OG15465,OG15531,3,operon-adjacent (synteny)
OG15575,OG15651,3,operon-adjacent (synteny)
OG15857,OG17055,3,operon-adjacent (synteny)
OG15871,OG16881,3,operon-adjacent (synteny)
OG15934,OG16255,3,operon-adjacent (synteny)
OG15195,OG15368,3,operon-adjacent (synteny)
