k,kmer,pct_ess,pct_non,enrichment,z,n_ess,n_non
6,CTGAAG,1.623228166438043,0.8910849275729549,1.821539072545808,5.639253175131231,142,211
5,CAAGA,5.15546410608139,3.762827822120866,1.370093807214087,5.588245333384352,451,891
6,GGTTTT,2.0804755372656607,1.2753916972845136,1.6311948887594867,5.306644927195319,182,302
5,TCAAG,4.583904892546868,3.3785210524093077,1.356767989496187,5.101350164358515,401,800
6,GCTTTT,2.6406035665294922,1.7526077959373283,1.5066422210538946,5.079258439396531,231,415
5,AGAAG,3.6465477823502512,2.5887917564086322,1.4085748364423554,5.05994967356835,319,613
5,AAGGC,5.441243712848651,4.1598040457789605,1.3080454868592375,4.9376460244426905,476,985
5,CAAGG,5.807041609510746,4.484986697073356,1.2947668577510592,4.922800879364057,508,1062
6,CGGACA,1.80612711476909,1.1275814012416066,1.6017175709206408,4.768541181640683,158,267
6,GTCAAG,0.9945130315500686,0.5236707631234427,1.8989472142714032,4.680452683599149,87,124
6,TCTGCC,1.6918152720621855,1.0515646775623972,1.6087972793607508,4.6533500037884465,148,249
5,CCTTG,4.743941472336534,3.661472190548588,1.2956296436219568,4.4398352235698715,415,867
5,CCGAA,6.115683584819387,4.886186072046962,1.2516220897924966,4.418759025031021,535,1157
5,GAAGC,5.761316872427984,4.573672874699101,1.2596639645791365,4.399771091269019,504,1083
6,GCTGAA,1.7261088248742569,1.1149119472950715,1.5481527611088828,4.3460040445282075,151,264
6,GCCTTG,2.034750800182899,1.3683010262257698,1.4870281161621792,4.314590324017026,178,324
6,GCAAGA,1.954732510288066,1.304953756493095,1.497894244250167,4.300503436217466,171,309
6,GGCTTT,2.2062185642432555,1.5161113222686768,1.4551524130171942,4.2639431040878835,193,359
6,CTCCGG,2.1147690900777323,1.444317749904979,1.4641671983170097,4.237952315539066,185,342
5,AAGGG,4.035208047553727,3.087123611639005,1.3070993731521068,4.215523807803748,353,731
6,ATGGCA,2.137631458619113,1.4738798091135605,1.4503125791829725,4.160816868657136,187,349
6,GCCTGG,2.983539094650206,2.187592381435027,1.3638293573491689,4.154622623105174,261,518
5,GCCTT,5.8413351623228165,4.717260019426496,1.2382847902783087,4.114236831386935,511,1117
5,GGACA,4.4467306812985825,3.475653532666075,1.2793860783010247,4.091760510041014,389,823
5,GCTTT,5.635573845450389,4.54833396680603,1.2390360916699934,4.048444115534112,493,1077
6,CCTTGT,1.0402377686328304,0.6123569407491871,1.6986300577477964,4.023361387374776,91,145
6,TTGTCA,1.0173754000914494,0.5954643354871405,1.7084223138701005,4.018266575022832,89,141
6,TCAAGG,1.4060356652949246,0.8995312302039782,1.5630133971406306,3.9977114152309734,123,213
6,GGCCTT,1.703246456332876,1.1402508551881414,1.4937038443767805,3.9843563412047542,149,270
5,CTGAA,4.789666209419296,3.805059335275983,1.2587557543295098,3.9823211934028224,419,901
5,AAGAA,5.944215820759031,4.848177710207357,1.2260675184187824,3.965801547265405,520,1148
6,CCGCCC,6.698673982624601,5.540774525951265,1.2089741341822835,3.9423566290197107,586,1312
6,AGAAGA,1.2231367169638776,0.7643903881076058,1.6000681447308147,3.90795568074994,107,181
6,GTTTCC,1.440329218106996,0.937539592043583,1.5362290909320333,3.9000998630967625,126,222
5,CGAAA,4.881115683584819,3.9148612694792853,1.2468107211272748,3.860824121448215,427,927
5,GGTTT,4.972565157750343,3.999324295789518,1.2433452392099098,3.85087953301004,435,947
6,GATCGA,2.2062185642432555,1.5794585920013513,1.3967943800348548,3.821873332199799,193,374
5,TCCCA,3.589391860996799,2.774610414291144,1.293645579195985,3.8209312180410873,314,657
5,CCTGG,7.21307727480567,6.051775835128172,1.191891154299087,3.801957255593527,631,1433
6,GAGGTG,1.2459990855052583,0.798175598631699,1.5609885704149802,3.7509353822100238,109,189
6,TTTTGC,1.7604023776863282,1.2162675788673507,1.4473440498353807,3.7506940591053888,154,288
5,GTCTG,3.909465020576132,3.0786773090079818,1.2698433917702998,3.7155614863653885,342,729
6,GAAAAG,1.8632830361225423,1.3091769078086068,1.4232153832464418,3.693934746421033,163,310
6,AAGAAG,1.4631915866483767,0.9797711051986994,1.4933510937151768,3.6875174317288724,128,232
6,CCGAAA,1.4974851394604483,1.0135563157227923,1.4774091733376002,3.6368829384965693,131,240
6,AAGGCT,0.8802011888431641,0.5236707631234427,1.680699364725125,3.6306536372033054,77,124
6,GTCTGC,1.4860539551897578,1.005110013091769,1.478451205055875,3.6289836825344093,130,238
5,GCAAG,7.007315957933242,5.912411841716288,1.185184257643554,3.626660331054575,613,1400
5,GGCCT,7.1216278006401454,6.01799062460408,1.1833865996507276,3.6263027548661007,623,1425
6,CAAGAA,1.7489711934156378,1.2247138814983742,1.4280301846970533,3.609655010562062,153,290
5,CTCCG,5.292638317329676,4.349845854976984,1.2167365971403983,3.5954860570394502,463,1030
6,TCAAGA,1.188843164151806,0.7686135394231176,1.5466660897426765,3.5922239839464383,104,182
5,AAAGC,5.658436213991769,4.691921111533427,1.2059912092216631,3.56042599404188,495,1111
6,GAAGCT,0.9259259259259258,0.565902276278559,1.6360816285307314,3.5456217816220894,81,134
6,TGGTTT,1.2345679012345678,0.8108450525782339,1.5225050048818891,3.537330356184038,108,192
6,CCGTCT,1.4517604023776864,0.9882174078297226,1.46902239187092,3.5310468407792577,127,234
6,TCTCCG,1.337448559670782,0.8953080788884666,1.4937865663789582,3.526247534820465,117,212
6,CCTGGC,3.280749885688157,2.559229697200051,1.2819176401061032,3.523892716422306,287,606
6,GGCTGA,1.7832647462277091,1.2669453946534905,1.4074987003251143,3.504671547514966,156,300
6,GATCAA,1.4060356652949246,0.9544321973056294,1.4731149659110947,3.4980850552427065,123,226
5,GATCG,8.036122542295383,6.9048524008615235,1.1638346038841212,3.4956637082037614,703,1635
5,GCCTG,10.768175582990398,9.468305249377085,1.1372850336859874,3.4913387787623247,942,2242
6,CACCCG,2.892089620484682,2.2256007432746316,1.2994512533744578,3.476712530876542,253,527
6,GGACAA,1.314586191129401,0.8826386249419317,1.4893266862723762,3.471164284050171,115,209
5,TCCGC,9.499314128943759,8.29004603234934,1.1458681296898368,3.4443798160543317,831,1963
5,TCGGT,4.035208047553727,3.2518265129439587,1.2408976744989773,3.4243093096630246,353,770
6,AAGAAC,1.3488797439414724,0.9164238354660247,1.4718436026877106,3.4183024912406297,118,217
6,GCTAAA,0.7887517146776405,0.47299294733730307,1.6674349493424376,3.3874091590312565,69,112
6,TCCCAT,1.2345679012345678,0.8277376578402804,1.4914372275062409,3.3740991587439133,108,196
6,CGCAAG,2.5034293552812072,1.9046412432957474,1.3143671688178418,3.3643834300811752,219,451
5,CGCAA,7.5217192501143115,6.469867815363825,1.1625744462364591,3.3500589404507597,658,1532
6,ATGGCT,1.5432098765432098,1.0853498880864902,1.4218158696057988,3.348626787248367,135,257
6,GGGCTT,1.9661636945587562,1.444317749904979,1.3612846385251822,3.339384207360655,172,342
6,TTGACG,1.4060356652949246,0.9755479538831876,1.4412326287349326,3.3111494808716873,123,231
5,GGCTT,6.332876085962506,5.380294775961823,1.1770467316369728,3.3010324642866427,554,1274
6,CTTTTT,5.13260173754001,4.278052282613285,1.199747320449455,3.291678605380603,449,1013
6,AGTCAA,0.6515775034293553,0.3758604670805355,1.7333670970510784,3.2915703043861364,57,89
6,AAAAGC,2.57201646090535,1.9764348156594451,1.3013261595633452,3.291559657581716,225,468
6,GAGAAG,0.903063557384545,0.5701254275940707,1.5838710686670476,3.2864763729000854,79,135
6,AAATGG,1.3717421124828533,0.9502090459901178,1.4435747173736984,3.2838312753594017,120,225
5,CGCCC,15.580704160951075,14.134887453017441,1.1022863807088128,3.279586774807911,1363,3347
6,AAGCGC,2.58344764517604,1.9891042696059802,1.2987844861643028,3.2754837797403007,226,471
6,CAAGAG,0.8687700045724738,0.5447865197010009,1.5945889155952222,3.267075320962515,76,129
5,GCAAA,5.3955189757658895,4.527218210228472,1.191791414965196,3.258939115566602,472,1072
6,TCATCG,2.1719250114311843,1.6343595591030027,1.3288949239118524,3.2499612063603815,190,387
5,AGGTG,3.989483310470965,3.2518265129439587,1.2268368595018488,3.229989382161996,349,770
5,TGATC,5.761316872427984,4.873516618100426,1.1821645656390576,3.221482398685139,504,1154
6,AGGTGT,0.7658893461362597,0.4687697960217915,1.6336930905667875,3.2140494418258734,67,111
6,CAAGGC,2.0233196159122087,1.5118881709531653,1.3382509564454028,3.2089216234755082,177,358
6,CGTCTG,1.4517604023776864,1.0262257696693273,1.414619456398783,3.202300348289752,127,243
6,GTCCGC,2.8463648834019204,2.2340470459056547,1.2740723080955716,3.198133349543765,249,529
6,AGGCCC,1.7489711934156378,1.2796148486000254,1.3667663505890209,3.185896136384591,153,303
6,ACTTCG,1.0516689529035208,0.7010431183749314,1.500077409789387,3.154312599296315,92,166
5,TCTGC,4.801097393689986,4.007770598420541,1.1979422178904893,3.15321154531333,420,949
6,CCCCCG,2.6177411979881113,2.0397820853921194,1.2833296673052026,3.152203251105565,229,483
6,GTAAGG,0.5372656607224509,0.2998437434013261,1.7915548250108126,3.151428786718463,47,71
5,CGTCT,4.103795153177869,3.3742979010937963,1.2161859014455911,3.141968568098905,359,799
6,ACTGAA,1.0859625057155922,0.7306051775835128,1.486321075905426,3.13715562072873,95,173
6,CTTTTG,1.188843164151806,0.8150682038937455,1.4585249504000293,3.135927894743955,104,193
5,GCCGC,21.30772748056699,19.73478609738587,1.079703595724805,3.1336228303212654,1864,4673
5,AAAAG,8.127572016460906,7.10334051269057,1.1441880877217887,3.13119160643184,711,1682
5,CGCCT,9.487882944673068,8.387178512606107,1.131234992424849,3.1240451693146336,830,1986
6,TCGTCA,1.7146776406035666,1.2584990920224672,1.3624494499261537,3.1235816606171136,150,298
5,CCCCG,10.08230452674897,8.953080788884666,1.1261254256438373,3.113908672659379,882,2120
6,AGGTGA,1.3031550068587106,0.9122006841505131,1.4285366979333505,3.113338054380831,114,216
5,TCTCC,3.475080018289895,2.8126187761307486,1.2355234543107954,3.108174606789396,304,666
6,GCCGCC,9.099222679469593,8.028210650787617,1.133404407884603,3.0998870682774373,796,1901
6,GGTCTG,1.131687242798354,0.7728366907386292,1.464269009816059,3.089027689159057,99,183
6,AAAGCG,1.703246456332876,1.2542759407069555,1.3579234112007,3.081015080426965,149,297
6,CGGTCT,1.3946044810242342,0.9924405591452341,1.4051863857587237,3.080413167553444,122,235
5,AAGCG,6.058527663465935,5.186029815448288,1.1682367929585329,3.079601858599999,530,1228
5,CGGTT,5.807041609510746,4.962202795726171,1.1702513628374713,3.043974893755255,508,1175
5,GGCCC,9.510745313214448,8.437856328392247,1.127150336297916,3.038275658177989,832,1998
5,GAACT,3.063557384545039,2.4578740656277716,1.2464156670272168,3.029982835395413,268,582
5,TCGTC,5.852766346593507,5.008657460196799,1.168526604273536,3.028620567968075,512,1186
6,AGGAAG,1.2002743484224965,0.8361839604713037,1.4353669389354338,3.0245623553766126,105,198
6,ATCTCC,0.9945130315500686,0.6672579078508383,1.490374235248255,3.020552225749227,87,158
6,TAAGGG,0.5258344764517604,0.2998437434013261,1.7534437307733992,3.0124418525739207,46,71
6,TAGACT,0.3429355281207133,0.1689260526204654,2.0294831642964084,2.9966029673011487,30,40
5,AGGAA,4.298125285779607,3.585455466869378,1.198761342697196,2.9875732225260783,376,849
5,CTCGT,3.040695016003658,2.4452046116812367,1.2435240180212148,2.9875559705188306,266,579
6,CCGCCT,3.5665294924554183,2.9224207103340514,1.2203949418882798,2.9720628775919193,312,692
6,GGAACC,1.314586191129401,0.937539592043583,1.4021231636177458,2.9715611419679187,115,222
5,CCGCC,19.490169181527207,18.049748722496727,1.0798023563064651,2.9687117962192766,1705,4274
6,CGCGCC,8.058984910836763,7.090671058744034,1.1365597399874652,2.9653831942092426,705,1679
6,CATTCA,1.1774119798811158,0.8235145065247689,1.429688246810529,2.964218254282515,103,195
5,ATCTC,3.052126200274348,2.462097216943283,1.239635143468955,2.951670676806493,267,583
6,GCCGCA,4.721079103795153,3.9824316905274717,1.1854718231180856,2.949301507120804,413,943
6,GTAAGA,0.5029721079103796,0.2871742894547912,1.7511908527043765,2.9398516130715504,44,68
5,CCGCA,11.259716506630086,10.135563157227924,1.1109106855628395,2.9384777963945052,985,2400
6,CTCTCG,0.823045267489712,0.5363402170699776,1.5344585310656045,2.9341450489736762,72,127
6,GCGAGG,2.05761316872428,1.5836817433168628,1.2992403640257133,2.920477122901056,180,375
6,GGAAGC,1.4517604023776864,1.0600109801934203,1.3695362367747481,2.9170553839443727,127,251
6,AAAGGG,1.3717421124828533,0.9924405591452341,1.3821521950339941,2.9133782579243404,120,235
6,CCACAC,1.29172382258802,0.9248701380970481,1.3966113816881747,2.9126922827089636,113,219
6,TCTCTC,0.6858710562414266,0.4307614341821867,1.5920920319625742,2.8919644438629852,60,102
6,GCAAAG,1.3831732967535437,1.005110013091769,1.3761037780542482,2.887824469817838,121,238
5,CGAGG,5.589849108367627,4.801723045736729,1.1641305927194945,2.8863065983452674,489,1137
5,AGGCC,6.481481481481481,5.633683854892521,1.1504845852140229,2.8844010154153676,567,1334
6,CGGCTT,2.732053040695016,2.187592381435027,1.2488744139168448,2.881933696690817,239,518
5,GTCCG,7.110196616369456,6.22492503906415,1.142211729551275,2.8775771018385417,622,1474
5,AAAGG,4.812528577960676,4.0837873220997505,1.1784430368383032,2.877492596615385,421,967
6,TACTCT,0.3886602652034751,0.2069344144600701,1.8777567305287484,2.8745525473936033,34,49
6,TGATCC,1.6117969821673523,1.2035981249208159,1.3391206223515466,2.8653300987826293,141,285
6,CGCCTG,4.160951074531321,3.4883229866126104,1.1928172387637712,2.8592775283243967,364,826
6,CCGCAA,2.58344764517604,2.0608978419696777,1.2535421399116877,2.8460948574533553,226,488
6,CTGCCT,1.6575217192501144,1.2458296380759322,1.3304296395179678,2.8441262572781727,145,295
5,GATCT,3.3493369913123003,2.7534946577135857,1.2163870894830486,2.8312208377981785,293,652
5,AAGCT,3.0864197530864197,2.5169981840449345,1.2262214373085893,2.8228580630214615,270,596
6,CAAGAC,1.5660722450845908,1.1698129143967229,1.3387083994129625,2.821016299715077,137,277
6,CGTCCT,1.3488797439414724,0.9839942565142109,1.370783067792442,2.818398387027909,118,233
6,TCATGG,1.7261088248742569,1.3091769078086068,1.318444413537765,2.8148806399029533,151,310
5,TTCCC,5.509830818472794,4.75104522995059,1.159705829183861,2.7943723153564197,482,1125
5,TTTCC,5.749885688157294,4.974872249672706,1.155782464622908,2.793962138947734,503,1178
5,CCATC,7.898948331047097,6.993538578487267,1.129461902041222,2.792795648498613,691,1656
6,GGCTCC,1.4974851394604483,1.1149119472950715,1.3431112940928285,2.7874905946889936,131,264
6,TTCGGT,1.0173754000914494,0.7094894210059546,1.4338931359052929,2.7751551713910487,89,168
6,CTCCCA,0.8687700045724738,0.5870180328561172,1.4798898278523909,2.7747786261012677,76,139
6,AGGGCC,1.3717421124828533,1.0093331644072807,1.3590222323321146,2.768249321110675,120,239
6,AAGGAA,1.4746227709190671,1.098019342033025,1.3429530966905745,2.7648159256293394,129,260
6,CTGATC,2.4119798811156836,1.9215338485577937,1.255223456292662,2.763735511849854,211,455
5,ATGGC,8.139003200731596,7.230035052155919,1.1257193872616025,2.76241846433212,712,1712
6,CTGCGA,1.131687242798354,0.8066219012627222,1.402945973112696,2.7596782697868627,99,191
6,AAGCTA,0.5372656607224509,0.3251826512943959,1.6519960673712968,2.7463953669864103,47,77
5,CTTTT,8.287608596250571,7.382068499514338,1.1226658666482359,2.7268275061319147,725,1748
6,GCTTTA,0.7544581618655692,0.49833185523037293,1.5138642403118796,2.72531687634661,66,118
6,AAGGCA,1.1774119798811158,0.8488534144178386,1.3870160127556388,2.724942890377351,103,201
6,TGTGGC,1.1774119798811158,0.8488534144178386,1.3870160127556388,2.724942890377351,103,201
6,AAGGGC,1.3946044810242342,1.0346720723003504,1.3478373821239067,2.719541017021385,122,245
5,CGGTC,7.064471879286695,6.229148190379661,1.1340970311950473,2.7170322545265115,618,1475
6,AGAAGG,1.0402377686328304,0.7348283288990245,1.4155635695678397,2.7112992083225933,91,174
6,ACACCC,1.5546410608139003,1.1740360657122344,1.3241574858453817,2.7095712625137414,136,278
5,CACCC,7.087334247828076,6.2544870982727305,1.1331578146518009,2.7041710801192815,620,1481
5,AAGCC,6.115683584819387,5.342286414122218,1.144766235675643,2.699625668759313,535,1265
6,CCCGTC,2.3090992226794693,1.8412939735630727,1.2540495167425796,2.6921903907818283,202,436
6,AAAGCC,2.137631458619113,1.6892605262046538,1.265408671186237,2.687950838481361,187,400
5,CGCAG,8.836305441243713,7.918408716584316,1.1159178776600924,2.678978490242979,773,1875
6,GAAGAA,1.646090534979424,1.2584990920224672,1.3079546500658354,2.671648506241506,144,298
6,GCAAGG,1.9775948788294466,1.5498965327927698,1.275935034039111,2.6713039831469785,173,367
6,AGGAAA,1.6117969821673523,1.2289370328138858,1.3115121344040441,2.6689870010697954,141,291
5,CGAAG,4.903978052126201,4.218928164196123,1.1623714896581177,2.668539929547161,429,999
6,CCTTGG,0.9945130315500686,0.7010431183749314,1.4185592149222324,2.66587784827853,87,166
6,GAAGTC,0.903063557384545,0.6250263946957219,1.4447695138903176,2.6653327474257598,79,148
6,GCGAAA,1.4746227709190671,1.11068879597956,1.327635619171481,2.6616849866701298,129,263
5,ACCCG,7.3502514860539545,6.516322479834452,1.1279734407644926,2.6582472840001965,643,1543
6,AGCCGC,2.9492455418381343,2.4240888551036783,1.2166319202519376,2.6546514570552615,258,574
5,GAGGA,3.86374028349337,3.260272815574982,1.1850915530382262,2.6527220603071067,338,772
6,GCCTAG,0.4458161865569273,0.26183538156172137,1.7023900471111173,2.6389143532275123,39,62
6,TAACTA,0.7087334247828074,0.4687697960217915,1.5117916120787258,2.632813099584041,62,111
6,GCGGTT,2.0804755372656607,1.6470290130495377,1.263152746859597,2.631710767336494,182,390
6,GGCCCT,1.6346593507087332,1.2542759407069555,1.3032451417932946,2.6278339897466796,143,297
5,GAAGT,2.8120713305898493,2.3058406182693525,1.2195332821278075,2.62114732188646,246,546
6,AAGCCG,2.366255144032922,1.9046412432957474,1.2423499267220415,2.616698051396637,207,451
6,TTTCCC,1.771833561957019,1.3767473288567929,1.2869499216214983,2.6121647629400138,155,326
5,CTTGT,2.674897119341564,2.183369230119515,1.2251132658256623,2.6118755548799517,234,517
6,TCCCTC,0.9830818472793781,0.6968199670594197,1.4107528751512315,2.6106586101235196,86,165
5,AAGGA,4.469593049839964,3.830398243169053,1.1668698863942282,2.6061701036727074,391,907
6,CCTCGG,1.6117969821673523,1.237383335444909,1.302560556573339,2.60416665444257,141,293
6,GGTGTA,0.6058527663465935,0.3885299210270704,1.559202556368235,2.6033383524606384,53,92
6,CAAAGC,1.2345679012345678,0.9122006841505131,1.3533563250412624,2.5905680640070248,108,216
6,CGAACT,0.9602194787379973,0.6799273617973732,1.4121777044379316,2.587085476660349,84,161
5,CAAAG,3.555098308184728,2.994214282697749,1.187316351101811,2.5683204490285116,311,709
6,GATCTC,1.1774119798811158,0.8657460196798852,1.3599554113749435,2.5681622476804913,103,205
6,CCATCA,1.8747142203932328,1.4738798091135605,1.2719402320176496,2.5674686364813604,164,349
6,CCTAAG,0.28577960676726105,0.1478102960429072,1.932790444042722,2.565931730206373,25,35
6,CGTAAG,0.4458161865569273,0.26605853287723297,1.675378135491183,2.5657095446720746,39,63
6,GTCCAT,1.0173754000914494,0.7306051775835128,1.3924568092651313,2.5602423756797186,89,173
5,CTTCG,5.544124371284865,4.843954558891845,1.1445420987482013,2.5597211252086978,485,1147
5,TTCGG,5.372656607224508,4.683474808902402,1.1471486687929333,2.559285166766323,470,1109
6,TCCGCG,2.5148605395518975,2.048228388023143,1.2278112016887608,2.557344711696162,220,485
6,CCCTGG,1.9775948788294466,1.5667891380548165,1.2621792000451395,2.556506588338777,173,371
5,CGGCC,17.329675354366714,16.14510747920098,1.0733696285223804,2.5528833541009024,1516,3823
6,AATACC,1.0059442158207592,0.7221588749524895,1.3929136085547402,2.548106041470863,88,171
6,CTCGTA,0.3772290809327846,0.21538071709109335,1.751103699795424,2.544883885367091,33,51
6,TTTTTT,6.664380429812529,5.903965539085265,1.1287951303543755,2.5376557408213767,583,1398
5,CCCAT,5.544124371284865,4.852400861522868,1.1425498994233898,2.5273766047559834,485,1149
6,GGCAAG,2.274805669867398,1.8370708222475611,1.2382657302843076,2.526912416943725,199,435
6,CGACAA,1.771833561957019,1.3894167828033277,1.2752156604990201,2.5206692277140093,155,329
6,AAGGGA,0.9373571101966164,0.6672579078508383,1.4047291553277708,2.5186445591091466,82,158
6,CGCAGG,2.7434842249657065,2.263609105114236,1.2119862127016774,2.5095341312030093,240,536
5,GAAGG,4.149519890260631,3.5558934076607964,1.1669368906367952,2.5082962902221704,363,842
6,TCCGAA,0.9259259259259258,0.658811605219815,1.4053871848516017,2.5064091232875945,81,156
5,TTTGC,4.755372656607224,4.126018835254867,1.1525292524235993,2.480789351846754,416,977
5,GTAAG,1.646090534979424,1.283837999915537,1.2821417662595216,2.4804440685716567,144,304
6,ACCTGA,1.2345679012345678,0.9248701380970481,1.3348192015957019,2.4774284909843494,108,219
6,AGAAGC,0.9373571101966164,0.6714810591663499,1.395895696284682,2.474153535923303,82,159
5,ACAAG,4.103795153177869,3.5221081971367036,1.16514837382811,2.469703129404332,359,834
5,TCTCG,3.417924096936443,2.888635499809958,1.1832250121761945,2.4673816852872448,299,684
6,CTAGGG,0.28577960676726105,0.15203344735841884,1.879137111076849,2.466955634240537,25,36
6,CGAAAA,1.6918152720621855,1.3260695130706535,1.27579110768779,2.4666663458348888,148,314
6,CGAAAG,1.1202560585276635,0.8277376578402804,1.3533523727955612,2.4665694023849207,98,196
6,CATGGC,3.6465477823502512,3.0997930655855397,1.1763785734529635,2.465374265502327,319,734
5,GACGC,7.933241883859169,7.128679420583639,1.1128611808288578,2.464859878831325,694,1688
6,AACGGC,2.2862368541380884,1.8581865788251193,1.2303467507060182,2.459628261398259,200,440
5,GCTCC,4.8353909465020575,4.206258710249589,1.149566948420131,2.4581213279323184,423,996
6,GCTCGT,0.9602194787379973,0.6925968157439081,1.3863489147220651,2.4552754833465302,84,164
6,TCGGCC,3.1435756744398717,2.6394695721947716,1.1909804187604502,2.4527248334689404,275,625
6,TTCAAG,1.1774119798811158,0.8784154736264199,1.3403429025791311,2.4519671431704286,103,208
6,CTGTCC,1.4060356652949246,1.0769035854554667,1.305599799558947,2.450792397270982,123,255
6,CATCTC,0.823045267489712,0.578571730225094,1.4224736141326995,2.441736956359112,72,137
6,AAGCTC,0.823045267489712,0.578571730225094,1.4224736141326995,2.441736956359112,72,137
6,CGATCT,1.520347508001829,1.178259217027746,1.2903090042754153,2.4411940344636522,133,279
5,ATCGG,6.584362139917696,5.857510874614637,1.1240866422952476,2.4360230277421793,576,1387
5,GAAAG,4.298125285779607,3.712150006334727,1.1578490884086334,2.42808871135912,376,879
6,GAGGAA,1.1545496113397347,0.8615228683643734,1.340087007592564,2.426305602638847,101,204
6,CGAGGA,1.3488797439414724,1.0304489209848389,1.3089914670448897,2.422337450191478,118,244
6,ATGAAC,1.8175582990397805,1.444317749904979,1.2584020787333547,2.4187286776934767,159,342
6,AGCTAA,0.4343850022862369,0.26605853287723297,1.6324293555023666,2.4143776094636986,38,63
6,CGCCCT,3.017832647462277,2.533890789306981,1.1909801172906587,2.4017988387209472,264,600
6,GAAGGC,1.5432098765432098,1.2035981249208159,1.2821403012858685,2.400628907300497,135,285
6,GCACCC,2.1490626428898034,1.7441614933063052,1.2321332845661774,2.3994416674305237,188,413
6,GGCCTG,3.475080018289895,2.956205920858144,1.175514345038126,2.3942018583288656,304,700
6,CAAGGG,1.2231367169638776,0.9248701380970481,1.3224607655772076,2.389604149534165,107,219
6,ATCATG,2.263374485596708,1.8497402761940962,1.2236053645959273,2.384104289071984,198,438
5,TTGTC,3.417924096936443,2.9055281050720048,1.176346033743964,2.3839400543119162,299,688
6,AATGGC,1.4060356652949246,1.0853498880864902,1.2954404258807035,2.3816813841705846,123,257
6,TTCCCA,1.2459990855052583,0.9459858946746061,1.3171098866597497,2.378459500491997,109,224
6,GCAGCT,1.211705532693187,0.9164238354660247,1.3221756879645368,2.3765400944216406,106,217
5,GCGCA,11.191129401005945,10.279150301955319,1.088720390326243,2.375212058427901,979,2434
6,ATCGTC,2.0461819844535896,1.6554753156805608,1.235994499961737,2.3742508398547524,179,392
6,GCCGAG,2.1490626428898034,1.7483846446218168,1.2291572874262502,2.372479646844747,188,414
6,CGTACT,0.4686785550983082,0.2956205920858144,1.5852076846994627,2.3681584123697133,41,70
6,CTAGAC,0.3200731595793324,0.1815955065670003,1.7621413188953488,2.3678956423249775,28,43
6,AAGGCG,1.8518518518518516,1.4823261117445838,1.2492709330871095,2.3669268939986514,162,351
6,CGGCCT,3.60082304526749,3.0786773090079818,1.1695951619273657,2.3641972616683717,315,729
6,GAAGCA,1.2002743484224965,0.9079775328350016,1.3218853071663932,2.363407898087151,105,215
6,GTCTTT,1.0973936899862824,0.8192913552092571,1.3394011091391163,2.3609806152681534,96,194
5,CCGGC,20.713305898491083,19.53629798555682,1.0602469254467695,2.358297353212513,1812,4626
6,AAAAGA,2.5605852766346593,2.124245111702352,1.2053998488892628,2.3556882007918407,224,503
5,CCCTC,4.903978052126201,4.299168039190844,1.1406774379782998,2.3411727039445553,429,1018
5,TGGTT,3.1778692272519433,2.694370539296423,1.179441074194031,2.3324155165849763,278,638
6,GGCCGC,6.744398719707362,6.039106381181638,1.1167855996316731,2.3323630154505355,590,1430
6,AGATCG,1.3603109282121628,1.0515646775623972,1.2935786066005315,2.329658422900768,119,249
6,GTCCTT,0.7658893461362597,0.5405633683854892,1.41675835820657,2.329377000733276,67,128
6,TAGGTA,0.411522633744856,0.25338907893069806,1.623827880401074,2.3263138178864615,36,60
6,CCCTTG,1.2002743484224965,0.9122006841505131,1.3157661385952184,2.3256662566217745,105,216
5,GAGGT,3.0064014631915867,2.5381139406224924,1.1844948981937462,2.324106520112247,263,601
6,CGATCG,2.6977594878829447,2.255162802483213,1.1962506032167957,2.323364601457158,236,534
6,GGCACC,2.57201646090535,2.141137716964399,1.2012288222494985,2.318427946606513,225,507
6,AAAGGC,1.440329218106996,1.123358249926095,1.2821386270488935,2.3182140863810115,126,266
5,GAAGA,4.492455418381344,3.9190844207947975,1.1462985499085723,2.31820415901487,393,928
6,GGAGGA,1.3488797439414724,1.0431183749313737,1.2930943092621547,2.3164894616880356,118,247
6,TCCCAA,0.8344764517604023,0.5996874868026522,1.3914535900196308,2.3122727327887724,73,142
6,TGTCCA,0.9830818472793781,0.7263820262680012,1.3533464170202052,2.3093320568974582,86,172
6,AGATGG,0.8687700045724738,0.6292495460112336,1.3805841445017342,2.3062128321229487,76,149
6,GGCAAA,1.4860539551897578,1.1655897630812113,1.2749137911801498,2.303501498935133,130,276
6,CTCGTC,1.337448559670782,1.0346720723003504,1.2926021057925772,2.3032532390707265,117,245
6,CGAGGT,1.0402377686328304,0.7770598420541408,1.338640666099105,2.293868772972267,91,184
6,CTTGGG,0.7773205304069501,0.5532328223320241,1.404978159673426,2.293317952443873,68,131
6,CCCTCT,0.8573388203017833,0.6208032433802103,1.3809540044176098,2.292702920814101,75,147
6,TGGCCC,1.8632830361225423,1.503441868322142,1.2393289973374408,2.2917478291143056,163,356
6,GAAAGG,1.2345679012345678,0.9459858946746061,1.3050272794302844,2.2912420372775433,108,224
5,TGGCA,4.903978052126201,4.3118374931373795,1.1373258679958225,2.2898687066245897,429,1021
5,GTCAA,3.0864197530864197,2.6183538156172137,1.1787566137991534,2.289767024755488,270,620
6,CGAGGG,1.3831732967535437,1.0769035854554667,1.2843720442848432,2.2865399112116016,121,255
5,GGCCG,16.872427983539097,15.824147979222095,1.066245170430433,2.2792415717966565,1476,3747
6,ATCGGT,1.188843164151806,0.9079775328350016,1.3092969720767644,2.274500738562673,104,215
6,GAAGCC,1.7375400091449476,1.3936399341188395,1.2467462304892134,2.2714163989774283,152,330
5,GCCCT,6.4586191129401005,5.78571730225094,1.1163019458681096,2.2704278659562145,565,1370
6,GACGCC,3.040695016003658,2.5803454537776087,1.1783992610857659,2.268180997923593,266,611
6,CCCCCC,1.2459990855052583,0.9586553486211411,1.2997049636253588,2.267931448281397,109,227
5,CACAT,3.155006858710562,2.6859242366653997,1.1746382685762773,2.2676849663372964,276,636
6,CATCGG,2.754915409236397,2.3185100722158873,1.1882185117066444,2.262394373182064,241,549
6,TCGCAA,1.1774119798811158,0.8995312302039782,1.3088829515335212,2.260879713393616,103,213
5,TGAAG,4.823959762231367,4.244267072089193,1.1365793015298353,2.2588866682286795,422,1005
6,CAAGGA,1.6689529035208046,1.3345158157016765,1.250586786013245,2.2555140805927145,146,316
6,CGCAGT,1.3260173754000915,1.0304489209848389,1.2868068156655716,2.254587610059424,116,244
6,CCAAGA,0.9716506630086876,0.7221588749524895,1.3454326373941887,2.2531673234788268,85,171
6,ATTGTC,0.6973022405121171,0.4898855525993497,1.4233118442215937,2.249995523752936,61,116
5,TCGGC,10.219478737997257,9.392288525697875,1.0880702720118702,2.2426230565700664,894,2224
6,CCCCGC,3.9666209419295844,3.4460914734574937,1.1510448483438018,2.2372918695187103,347,816
5,ACCCC,4.309556470050297,3.7670509734363784,1.144009491639526,2.236031909832167,377,892
6,GCCCTG,2.937814357567444,2.4916592761518643,1.1790522405938815,2.2357720746586036,257,590
6,TTTGCG,1.3946044810242342,1.0937961907175136,1.2749879676511289,2.2311555594815475,122,259
6,TTTCGG,1.3946044810242342,1.0937961907175136,1.2749879676511289,2.2311555594815475,122,259
5,GCGAA,5.018289894833105,4.434308881287217,1.1316930912731644,2.2299478814824463,439,1050
6,AACGGT,0.8802011888431641,0.6461421512732801,1.3621847276732435,2.229170282915289,77,153
5,AGATC,3.2693187014174665,2.7999493221842138,1.167628968359427,2.225704652520519,286,663
5,GTTTC,4.0580704160951075,3.534777651083238,1.1480370232478938,2.2226715937584083,355,837
5,GCCCC,9.979423868312757,9.168461505975758,1.0884503377992765,2.222387361993017,873,2171
6,TGAAGC,1.5546410608139003,1.237383335444909,1.256373331488079,2.219277421570367,136,293
6,ATCGAA,1.3831732967535437,1.0853498880864902,1.2743778519265208,2.2176609039342856,121,257
6,CTACAC,0.5715592135345221,0.3885299210270704,1.4709603728496825,2.2154680184886404,50,92
6,TCCGCA,2.091906721536351,1.7230457367287468,1.2140625583462585,2.2039370443472506,183,408
6,TGAGGT,0.7430269775948789,0.5321170657544659,1.3962855109529961,2.2029223275414562,65,126
6,ACAGGC,1.5089163237311385,1.1993749736053043,1.2580640337959157,2.1984259320776025,132,284
6,TCGGAC,1.02880658436214,0.7770598420541408,1.3239317431052504,2.198200383993165,90,184
5,GCTAA,1.7946959304983996,1.456987203851514,1.2317697429187637,2.186323502932859,157,345
6,CGTCCC,1.6346593507087332,1.3134000591241184,1.2445826243805733,2.1853727770413434,143,311
6,ACTGGA,1.0173754000914494,0.7686135394231176,1.3236080124919039,2.1840249372570324,89,182
5,TAAGG,1.9204389574759946,1.5710122893703282,1.2224071891422288,2.1824373626368887,168,372
6,GCAAAA,1.9204389574759946,1.5710122893703282,1.2224071891422288,2.1824373626368887,168,372
5,AGGCA,3.9666209419295844,3.458760927404029,1.146828688746014,2.1801318720478085,347,819
5,CTTGG,2.9949702789208965,2.555006545884539,1.1721899753045517,2.1798584028844057,262,605
6,GCCGAA,2.2862368541380884,1.9046412432957474,1.2003398688328246,2.174466467508733,200,451
5,TCGAA,3.635116598079561,3.1504708813716795,1.1538279045151585,2.1743738556225907,318,746
6,GTCATT,1.0059442158207592,0.7601672367920942,1.3232770888111753,2.1697614490137163,88,180
6,GTACTC,0.40009144947416553,0.25338907893069806,1.5787325085652888,2.1694442571868255,35,60
6,TGAAGT,0.9716506630086876,0.7306051775835128,1.3298806315049347,2.168501966497649,85,173
6,CGCCCC,4.62962962962963,4.0837873220997505,1.1336575337365653,2.1672740126877037,405,967
6,GGCGCG,6.4586191129401005,5.815279361459521,1.110627305888969,2.167016041457686,565,1377
6,TTCCCG,2.05761316872428,1.6977068288356771,1.2119830912303606,2.166690253737942,180,402
6,TTTAAC,1.2802926383173296,1.0008868617762574,1.2791303135040804,2.164255238380888,112,237
6,GTCATC,1.954732510288066,1.6047974998944212,1.2180419686719341,2.164059205667196,171,380
6,CAAAGT,0.5258344764517604,0.3547447105029773,1.482153913767717,2.1640172384091803,46,84
6,CGAGAT,1.0631001371742113,0.8108450525782339,1.3110631032201059,2.1600833144814864,93,192
5,AAGAT,3.920896204846822,3.4207525655644244,1.1462043831754194,2.1586281292097427,343,810
6,CGTGAT,1.211705532693187,0.9417627433590946,1.2866052312159184,2.152901932317203,106,223
6,GTAGGG,0.3772290809327846,0.23649647366865154,1.5948212375355442,2.149971008631233,33,56
6,TCTTTC,1.1774119798811158,0.9122006841505131,1.2907060142978557,2.1477290944651353,103,216
6,GGACAT,0.9830818472793781,0.7432746315300477,1.3225926815066962,2.1409635574635453,86,176
6,TGGCTA,0.7658893461362597,0.5574559736475357,1.3738339867926643,2.1331111783114225,67,132
6,GAACTT,0.6858710562414266,0.4898855525993497,1.399982208867962,2.1319915276060293,60,116
5,CATCG,9.453589391860996,8.695468558638456,1.0871847341677732,2.1279779488758366,827,2059
6,TTGTGC,0.8344764517604023,0.6165800920646987,1.353337755668693,2.126353616997461,73,146
6,GTCCCC,0.9373571101966164,0.705266269690443,1.32903592144834,2.1250456101704684,82,167
6,GAGGAC,0.903063557384545,0.6757042104818616,1.3364278342399964,2.1244979579454726,79,160
5,GGTCC,3.8180155464106083,3.33206638793868,1.1458358022669277,2.1241759651729053,334,789
6,ATCAAG,1.4174668495656149,1.1275814012416066,1.257063252089497,2.1227964159489074,124,267
6,TCCTGA,1.440329218106996,1.1486971578191647,1.2538586192548171,2.1169543450145656,126,272
5,CGATC,8.104709647919524,7.403184256091897,1.0947586729835974,2.116809039442514,709,1753
6,GGGAAC,1.02880658436214,0.7855061446851641,1.3096977299922723,2.1168035819628934,90,186
6,CTGGTC,1.6803840877914953,1.364077874910258,1.2318658136146987,2.1152672423219228,147,323
6,CGAAGG,1.3260173754000915,1.0473415262468855,1.2660538485157606,2.1141510614906522,116,248
6,CACATA,0.48010973936899864,0.32095949997888423,1.4957032556288836,2.1124867134687038,42,76
6,CGCAAA,1.80612711476909,1.478102960429072,1.2219073856033977,2.1112457179810256,158,350
6,CGGTTT,1.954732510288066,1.6132438025254443,1.2116651808672603,2.108069617621193,171,382
6,AAGACG,1.1431184270690442,0.8868617762574433,1.2889151005952952,2.104826314802734,100,210
6,ACCGAA,1.4288980338363055,1.1402508551881414,1.2531213769296832,2.103130360784564,125,270
6,CCGATC,3.0064014631915867,2.5803454537776087,1.1651094809193734,2.102713495081508,263,611
6,TAGATC,0.30864197530864196,0.18581865788251192,1.660629324807982,2.1002146684514558,27,44
6,CGCAAC,2.240512117055327,1.875079184087166,1.1948789406736364,2.099821496241218,196,444
6,TGCAGT,0.9487882944673068,0.7179357236369779,1.3215056900804598,2.097062517026918,83,170
6,GAACTG,1.2231367169638776,0.9586553486211411,1.27585907992389,2.093659940216599,107,227
6,GCCTGT,1.7375400091449476,1.4189788420119092,1.2244844738023126,2.0912777525615254,152,336
6,GCCCCC,2.652034750800183,2.255162802483213,1.1759759208017726,2.0886379090515144,232,534
6,CTCTTT,1.188843164151806,0.9290932894125596,1.2795434251397377,2.087370223982371,104,220
6,TGCACG,1.3031550068587106,1.0304489209848389,1.2646221642862538,2.0859315821557765,114,244
5,CGCCG,21.93644261545496,20.8708138012585,1.051058081325227,2.0853084588838477,1919,4942
5,GGGCT,5.544124371284865,4.970649098357194,1.1153699898305471,2.0785485786712474,485,1177
6,CTGTTC,1.4060356652949246,1.123358249926095,1.2516136361875712,2.075262623442477,123,266
6,AGGTAG,0.5029721079103796,0.34207525655644244,1.47021766849292,2.075235003466567,44,81
6,GTAACA,0.4458161865569273,0.2956205920858144,1.507896976033133,2.0740114926588205,39,70
5,CCGAG,5.086877000457248,4.539887664175008,1.1204825600295187,2.0683217141822863,445,1075
6,TTTTTG,2.7434842249657065,2.3438489801089575,1.1704965629576853,2.065410327228586,240,555
6,GCCTTT,1.6117969821673523,1.3091769078086068,1.2311352721138678,2.0653176039488867,141,310
6,CCCCTT,1.314586191129401,1.0431183749313737,1.2602214672607597,2.065084816829223,115,247
6,CCGGCC,7.48742569730224,6.828835677182313,1.0964410929100548,2.0621524438400525,655,1617
6,CATCGT,1.6346593507087332,1.330292664386165,1.228779588515697,2.061528309434539,143,315
6,CAGGCC,3.0292638317329676,2.60990751298619,1.1606724565581725,2.0593677585101022,265,618
6,TTTGCC,1.6575217192501144,1.3514084209637232,1.2264975145830836,2.0579186285828723,145,320
5,TGTCC,4.206675811614083,3.712150006334727,1.1332145745667663,2.0554510014665017,368,879
6,GACAAG,1.4974851394604483,1.2078212762363276,1.2398035939284575,2.054815843697245,131,286
6,CAGAAG,0.9487882944673068,0.7221588749524895,1.313778656620488,2.0546748277235105,83,171
6,TCGGTC,1.131687242798354,0.8826386249419317,1.2821317781045383,2.052188367965838,99,209
6,GCGATC,2.423411065386374,2.0524515393386547,1.1807309190234732,2.0429610001244214,212,486
6,TCGAAC,1.211705532693187,0.9544321973056294,1.2695281899487165,2.0426619391049754,106,226
5,CGTCC,6.367169638774577,5.764601545673381,1.1045271968248633,2.0395453985497136,557,1365
6,CCCCGG,3.292181069958848,2.8590734406013767,1.1514800127922196,2.0371755996439025,288,677
6,CCATGG,2.274805669867398,1.9173106972422822,1.18644673941753,2.034074494991102,199,454
6,GCAGTT,1.0859625057155922,0.8446302631023269,1.2856914841987037,2.031537826974008,95,200
6,CGCACC,3.3493369913123003,2.913974407703028,1.1493999543932167,2.0295273147555664,293,690
6,ACCCGG,2.1490626428898034,1.8032856117234681,1.1917377120669614,2.0260611458593,188,427
6,GCTCCA,1.0516689529035208,0.8150682038937455,1.2902477646694563,2.026033809976125,92,193
6,ACCGGC,3.920896204846822,3.450314624773006,1.1363840672060608,2.025127046587057,343,817
6,CACATC,1.3031550068587106,1.0388952236158622,1.2543416728357846,2.015765973114516,114,246
6,TGATCG,2.366255144032922,2.0059968748680266,1.1795816910330392,2.006658905618042,207,475
5,TTTTG,5.829903978052126,5.262046539127497,1.107913649819943,2.00540709611804,510,1246
5,CGTCG,8.24188385916781,7.572110308712361,1.0884515251359075,2.0017268873772927,721,1793
5,CCTGA,6.138545953360768,5.557667131213311,1.1045165816475375,2.000143497230824,537,1316
6,CATTCC,1.3717421124828533,1.1022424933485366,1.2444790260381504,1.9989328515400155,120,261
6,GAGCGA,1.314586191129401,1.0515646775623972,1.2501001689784321,1.995390751628619,115,249
5,CTCTC,2.3319615912208507,1.9764348156594451,1.1798737734062066,1.9946700680076102,204,468
6,TGTTTC,0.8687700045724738,0.658811605219815,1.3186442577265214,1.991060688655431,76,156
5,AGGAC,3.2007315957933242,2.783056716922167,1.1500723535730515,1.9907763489637234,280,659
6,TCGACA,1.4974851394604483,1.2162675788673507,1.2311945545728535,1.9901948941146166,131,288
6,CACTTG,0.6172839506172839,0.44343088812872167,1.3919750960796817,1.989240124866519,54,105
6,GCTCCG,1.7946959304983996,1.4865492630600954,1.2072759695881596,1.9813910667951722,157,352
6,CGAAAT,1.0173754000914494,0.7897292960006757,1.2882219047121533,1.9806050872700063,89,187
6,CCGCAT,3.3607681755829906,2.9350901642805862,1.1450257010542748,1.9785410628548936,294,695
6,TGCTTG,1.131687242798354,0.8910849275729549,1.2699802339348953,1.9762456228353864,99,211
6,CATGGT,0.9487882944673068,0.7306051775835128,1.2985925426248368,1.9704178375065093,83,173
5,TGTGG,2.983539094650206,2.5845686050931205,1.1543604037944784,1.9701345757394846,261,612
6,CCGTCC,2.5148605395518975,2.149584019595422,1.1699210286845887,1.969389026150025,220,509
6,AGGCTG,1.4517604023776864,1.178259217027746,1.2321034039516496,1.9659306903179017,127,279
5,GGAAC,4.229538180155465,3.754381519489843,1.1265571978977766,1.9658887644615506,370,889
6,ATCGGC,3.1092821216278006,2.7028168419274463,1.1503802386352753,1.9649741022080207,272,640
6,CAAAAG,1.3946044810242342,1.1275814012416066,1.2367894686288416,1.960337073078,122,267
6,GGTTCC,0.9716506630086876,0.751720934161071,1.2925294027533671,1.959794297021173,85,178
6,TTAACT,0.9716506630086876,0.751720934161071,1.2925294027533671,1.959794297021173,85,178
6,TCCAGT,0.594421582075903,0.42653828286667517,1.393502660101629,1.958054764191318,52,101
6,TATGAG,0.5486968449931412,0.3885299210270704,1.4121322505039808,1.952470235542656,48,92
5,GGAAG,3.943758573388203,3.4883229866126104,1.130556296791817,1.9510628854959597,345,826
6,ATGATC,1.3603109282121628,1.098019342033025,1.238855264759784,1.950534966863887,119,260
6,AGGAGG,1.3031550068587106,1.0473415262468855,1.24422697993313,1.9460006057084716,114,248
6,GCACCT,1.3031550068587106,1.0473415262468855,1.24422697993313,1.9460006057084716,114,248
6,GTTGGT,0.8344764517604023,0.6334726973267453,1.3172544449622892,1.9439553280529012,73,150
6,AAAGCT,0.8344764517604023,0.6334726973267453,1.3172544449622892,1.9439553280529012,73,150
6,TCTCGT,0.6973022405121171,0.5152244604924194,1.3533264845330897,1.9426582207477103,61,122
6,CACCAT,1.931870141746685,1.6174669538409563,1.1943679593349568,1.9425927210067766,169,383
6,ATGTGG,0.7315957933241883,0.5447865197010009,1.3428406959410495,1.9411188553470022,64,129
6,TAATGG,0.7315957933241883,0.5447865197010009,1.3428406959410495,1.9411188553470022,64,129
6,CTGGGC,2.06904435299497,1.7441614933063052,1.1862581160768726,1.9363517121196365,181,413
5,GCACC,8.013260173754002,7.373622196883314,1.0867456028030247,1.9354898304081576,701,1746
6,CCTTGA,0.8916323731138546,0.6841505131128849,1.3032249973143097,1.9347449132274581,78,162
6,TGCGAC,1.0402377686328304,0.8150682038937455,1.2762246658585754,1.9315091323623135,91,193
6,GGCCGA,2.960676726108825,2.5718991511465856,1.151157738442069,1.9251704144242114,259,609
6,GTTCTC,0.720164609053498,0.5363402170699776,1.342674516440181,1.9250343341081237,63,127
6,CCGAAG,1.623228166438043,1.3387389670171883,1.2124894826258836,1.9248245926342498,142,317
6,TTGCTT,0.9144947416552356,0.705266269690443,1.296623868981734,1.9233961329375748,80,167
6,TGCCTT,1.1202560585276635,0.8868617762574433,1.2631390534719917,1.9231948980371745,98,210
5,GCCGA,10.173754000914496,9.464082098061574,1.0749850220018773,1.920442752297591,890,2241
6,GGAGGC,1.6689529035208046,1.3809704801723046,1.2085211634619626,1.9198276748941743,146,327
6,CCTGGT,1.440329218106996,1.1740360657122344,1.226799227254149,1.9187913871839504,126,278
6,GTCGCA,1.1431184270690442,0.9079775328350016,1.258943631718249,1.9161462904542936,100,215
5,CCCGC,14.780521262002743,13.944845643819418,1.0599267748708443,1.9151915516612894,1293,3302
6,CAGTTT,0.7773205304069501,0.5870180328561172,1.3241298800261336,1.9097916888056732,68,139
5,CCCTT,4.286694101508917,3.821951940538029,1.1215949359666382,1.9076048964870052,375,905
6,TTGAGG,0.8344764517604023,0.6376958486422568,1.308532273355264,1.8988889351488132,73,151
6,AAGACC,1.3717421124828533,1.1149119472950715,1.2303384872339984,1.897593944324477,120,264
6,GTAAAG,0.5486968449931412,0.39275307234258205,1.3969518978702822,1.8942653308572623,48,93
5,CCCGT,5.509830818472794,4.98754170361924,1.1047166468422458,1.8924869807342712,482,1181
6,GACCGA,1.8404206675811614,1.5414502301617468,1.1939414179115302,1.8915711341690973,161,365
6,TCAAGC,1.4174668495656149,1.157143460450188,1.2249512725819653,1.88968499949186,124,274
5,GGTCT,2.880658436213992,2.5043287300983996,1.150265687976198,1.888033883045565,252,593
5,GTCCT,3.052126200274348,2.6648084800878413,1.1453399706145782,1.8865292882952178,267,631
6,CCAGAC,1.1202560585276635,0.8910849275729549,1.2571532841997577,1.8853668778317125,98,211
6,GTCTCT,0.40009144947416553,0.2702816841927446,1.480098219925594,1.8805712845559754,35,64
6,AAGCGG,1.80612711476909,1.5118881709531653,1.1946039985421548,1.8792932198631387,158,358
6,CTGAAA,1.3831732967535437,1.1275814012416066,1.226652576898514,1.87880276864418,121,267
6,GGGGGT,0.6515775034293553,0.4814392499683263,1.3533216730977173,1.877535302449368,57,114
6,TCCGTT,1.2231367169638776,0.9839942565142109,1.2430076782449073,1.8764721766043084,107,233
6,TGTCAC,0.720164609053498,0.5405633683854892,1.3321868119238924,1.8759079631168478,63,128
6,CCACAT,0.8802011888431641,0.6799273617973732,1.2945084834769724,1.8753029103441017,77,161
5,TCCGG,8.539094650205762,7.901516111322268,1.0806896373983423,1.8705297386625794,747,1871
6,AAGCAG,1.0516689529035208,0.831960809155792,1.2640529890725707,1.8684318507761244,92,197
5,GACCG,8.344764517604023,7.715697453439757,1.0815297534649286,1.8655350969864435,730,1827
6,AGAGCG,0.903063557384545,0.7010431183749314,1.288130103134785,1.864640894845552,79,166
6,TTGCCA,1.131687242798354,0.9037543815194898,1.2521787424382245,1.8632752864659003,99,214
6,AACCCC,1.0745313214449017,0.8530765657333503,1.259564977058646,1.8610861890198585,94,202
6,AAGTTC,0.7087334247828074,0.5321170657544659,1.3318502362902847,1.8593051552213185,62,126
5,GAGGG,3.86374028349337,3.4334220195109593,1.125328528996503,1.85881413744631,338,813
6,GCTGTT,1.7146776406035666,1.4316482959584442,1.1976809369664076,1.8561481192569769,150,339
6,ATCCTG,1.7146776406035666,1.4316482959584442,1.1976809369664076,1.8561481192569769,150,339
6,AGCATG,1.2574302697759487,1.017779467038304,1.2354412388678497,1.8510778289596037,110,241
5,CCGTC,8.26474622770919,7.643903881076058,1.0812195226862882,1.849103299353926,723,1810
5,CCCGA,7.178783721993598,6.600785506144685,1.0875637390333253,1.8404863144956451,628,1563
5,GCGGT,7.70461819844536,7.107563664006081,1.084001517610185,1.8380484180715186,674,1683
6,TCCACA,0.823045267489712,0.6334726973267453,1.2992120256488902,1.8374977285678236,72,150
6,GGCGCA,3.5093735711019662,3.104016216901052,1.1305870418104373,1.8370990913782816,307,735
6,GCCGGG,5.4526748971193415,4.949533341779636,1.101652288280166,1.8304130953104383,477,1172
6,AGTCCG,0.9373571101966164,0.7348283288990245,1.27557623421728,1.8290430945203495,82,174
6,GAATTA,0.9945130315500686,0.7855061446851641,1.2660453820007547,1.8283158364026069,87,186
6,GTCCCT,0.720164609053498,0.5447865197010009,1.321861677636535,1.827049586985375,63,129
6,CCCAAG,1.211705532693187,0.9797711051986994,1.2366989150552161,1.8252326482298387,106,232
6,CCGAAT,1.211705532693187,0.9797711051986994,1.2366989150552161,1.8252326482298387,106,232
5,CCCGG,11.785550983081846,11.064656446640484,1.0651523185275573,1.822804352514026,1031,2620
6,GGATCT,0.903063557384545,0.705266269690443,1.280417842748431,1.8219752053922165,79,167
6,CTTCGG,1.8289894833104712,1.5414502301617468,1.1865260356249012,1.8209498491850002,160,365
6,AAGGTG,1.1545496113397347,0.9290932894125596,1.2426366230751726,1.8201461128811747,101,220
6,GGGTGC,1.6117969821673523,1.3429621183326999,1.2001656216529946,1.818908972009593,141,318
5,GCCCA,6.595793324188386,6.047552683812661,1.090653459952018,1.8176295795438464,577,1432
5,ACGGC,8.516232281664381,7.897292960006758,1.0783726129359394,1.8167958260474821,745,1870
6,CCCATG,2.1262002743484225,1.8159550656700032,1.170834692484371,1.8164168330959334,186,430
6,TCCCGG,2.1033379058070416,1.7948393090924448,1.1718713246469483,1.8163417244241866,184,425
5,GAACG,5.315500685871057,4.822838802314287,1.1021497273240055,1.8143211324342379,465,1142
6,CTTGTA,0.49154092363968904,0.3505215591874657,1.4021982127368986,1.8116527114969352,43,83
6,CGGGCT,2.4119798811156836,2.082013598547236,1.1584765993549424,1.8096123876412271,211,493
6,TCGGTT,0.8344764517604023,0.6461421512732801,1.2914299231581385,1.8093807937414685,73,153
6,CAAGGT,0.8916323731138546,0.6968199670594197,1.2795333973231175,1.8054393980187573,78,165
6,CTCTCC,0.9487882944673068,0.7474977828455593,1.2692497439673793,1.803934655585871,83,177
6,TCCTCG,1.1659807956104253,0.9417627433590946,1.2380580969278718,1.799087564320939,102,223
6,TTTTGT,1.4974851394604483,1.2416064867604206,1.2060701586311338,1.7982103026775569,131,294
6,AAGGGG,1.108824874256973,0.8910849275729549,1.2443263344646203,1.7942014281085112,97,211
6,CGAAGT,0.6973022405121171,0.5278939144389544,1.320852800459217,1.792930598450114,61,125
6,AGGTAA,0.594421582075903,0.43920773681320996,1.3533146181049134,1.7928807287620236,52,104
6,CGGTCC,1.8289894833104712,1.5456733814772583,1.1832843709357026,1.7925269290796322,160,366
6,CCGGAG,1.8518518518518516,1.5667891380548165,1.1819290892212837,1.7918917402015118,162,371
6,TTGGTT,0.6630086877000457,0.49833185523037293,1.3303898632112106,1.7914060228634328,58,118
6,TCGTCG,2.1262002743484225,1.8201782169855147,1.1681182879118874,1.7902668323124795,186,431
6,CTCGGT,0.8802011888431641,0.6883736644283964,1.2786272508680951,1.7887700017570363,77,163
5,GCAGC,9.064929126657521,8.437856328392247,1.0743157198094622,1.7869718139145518,793,1998
6,CACGGC,2.629172382258802,2.288948013007306,1.1486313818313125,1.7837133396353924,230,542
5,GCTGA,6.047096479195244,5.532328223320242,1.0930456275429217,1.7788314688800018,529,1310
6,CGCTCC,2.1833561957018746,1.875079184087166,1.164398695458417,1.7782171912532398,191,444
6,AGAAGT,0.5829903978052127,0.4307614341821867,1.3533130411450494,1.775475278803604,51,102
5,CATGG,6.938728852309099,6.389627940369104,1.0859349438762296,1.7754245127409984,607,1513
6,TTCACC,1.4517604023776864,1.2035981249208159,1.2061665398649646,1.770923727268184,127,285
6,CTTTGC,1.2231367169638776,0.9966637104607459,1.2272083184072244,1.769353393731999,107,236
6,GAAACC,1.4974851394604483,1.2458296380759322,1.2019821133504323,1.7664823647602346,131,295
6,ATCGGA,1.0059442158207592,0.8023987499472106,1.2536396049052263,1.7645938123882086,88,190
6,CCTGCT,2.4805669867398263,2.1538071709109334,1.151705616770243,1.7640921109347203,217,510
6,CTCCGC,1.8518518518518516,1.5710122893703282,1.1787520627148036,1.7637191263039087,162,372
6,GAAGCG,1.9890260631001373,1.6977068288356771,1.171585618173206,1.7627301536546476,174,402
6,AAGGCC,1.5889346136259717,1.330292664386165,1.1944102340335307,1.7594170493297927,139,315
5,CCCTG,7.030178326474623,6.48253726931036,1.0844781274060893,1.7591780661320948,615,1535
6,TTGCAC,0.8001828989483311,0.6208032433802103,1.2889011411690716,1.7584798984509342,70,147
6,GATTAC,0.6744398719707362,0.5110013091769079,1.3197772337093687,1.758178945592811,59,121
6,CTCCAT,0.7658893461362597,0.5912411841716289,1.2953424632672659,1.752691701253919,67,140
6,CCGCCG,8.013260173754002,7.432746315300477,1.078101151810248,1.7519909129342333,701,1760
6,TCGATG,1.7489711934156378,1.478102960429072,1.1832415711763573,1.7518821304363623,153,350
6,GCATTC,1.337448559670782,1.1022424933485366,1.213369318284892,1.7513979172608949,117,261
6,TGTCAT,1.2345679012345678,1.0093331644072807,1.2231299156487894,1.749616657975183,108,239
6,CTCATC,1.3603109282121628,1.123358249926095,1.2109136483724745,1.748480933427374,119,266
5,CATCC,7.5217192501143115,6.959753367963175,1.0807439255456037,1.7475719160082324,658,1648
6,CTTTCG,1.1545496113397347,0.937539592043583,1.2314428924904708,1.7465796782919516,101,222
6,ATCTGC,1.2574302697759487,1.0304489209848389,1.220252861527618,1.745855120353031,110,244
6,CGACGC,3.1207133058984913,2.7577178090290975,1.1316241760717283,1.7418992231698842,273,653
6,ATCGCC,3.7379972565157753,3.340512690569703,1.1189855283338115,1.7412223041671788,327,791
6,TCGCCG,4.252400548696845,3.830398243169053,1.110169037743419,1.7328218682700591,372,907
6,GGCCCC,2.32053040695016,2.010220026183538,1.1543586974834679,1.7321786563491537,203,476
6,CCGAGA,0.9830818472793781,0.7855061446851641,1.2514945993369153,1.7314672352031275,86,186
6,GCGAAG,1.5889346136259717,1.3345158157016765,1.1906307380229375,1.7288131113511096,139,316
6,CGGTTG,1.6117969821673523,1.3556315722792347,1.1889499478554273,1.7276334174872787,141,321
6,CGGTTC,1.6346593507087332,1.3767473288567929,1.1873207119238753,1.726572503182016,143,326
6,CTTCCG,1.6346593507087332,1.3767473288567929,1.1873207119238753,1.726572503182016,143,326
6,CCCATC,2.1147690900777323,1.8201782169855147,1.1618383774212695,1.7247641729603065,185,431
5,AGGGG,3.5779606767261085,3.192702394526796,1.1206646182863476,1.7245603827109475,313,756
6,GCCCAC,1.703246456332876,1.4400945985894675,1.1827196533031998,1.7240537157688935,149,341
6,CGATTG,1.29172382258802,1.0642341315089319,1.2137389794655657,1.7234926496223586,113,252
5,AAGAG,2.892089620484682,2.546560243253516,1.1356794170508318,1.7226354396336339,253,603
6,CCCGGA,1.9775948788294466,1.6934836775201654,1.1677574040659695,1.7220537037827799,173,401
6,GGACGC,1.8175582990397805,1.5456733814772583,1.1758892479457037,1.7218129149659973,159,366
6,CGCTTT,1.8632830361225423,1.5879048946323748,1.1734113933911507,1.7215153244874815,163,376
6,CTTGGT,0.5829903978052127,0.4349845854976984,1.340177099444258,1.7206327827729644,51,103
6,CGTCTC,1.02880658436214,0.8277376578402804,1.2428844890270176,1.718785582393231,90,196
6,CAAGCA,1.5089163237311385,1.2627222433379788,1.1949554513249645,1.718227157168358,132,299
6,ACCGCC,3.85230909922268,3.4545377760885168,1.1151412532704184,1.7153553479286463,337,818
6,TTACTC,0.4686785550983082,0.3378521052409308,1.387115356964885,1.7149471018476086,41,80
6,ATTCAC,0.8001828989483311,0.6250263946957219,1.2801937427995915,1.7131636591204802,70,148
5,TTCCG,6.001371742112483,5.506989315427171,1.0897720008463243,1.712770222010448,525,1304
6,CTCGCA,0.9945130315500686,0.798175598631699,1.2459519409774091,1.7082080978842318,87,189
6,AGAACA,1.0745313214449017,0.8699691709953968,1.2351102156802969,1.7077292546435432,94,206
6,GGTTTG,1.1774119798811158,0.9628784999366526,1.2227811731607463,1.7058666418444732,103,228
5,CGGCT,8.390489254686786,7.812829933696524,1.0739363242589524,1.7048797132429903,734,1850
6,TCGTAA,0.5372656607224509,0.3969762236580937,1.3533060624278392,1.7041104777680303,47,94
6,ACGAGG,0.8802011888431641,0.6968199670594197,1.2631309625946032,1.702981279594161,77,165
6,TGTTCC,1.0173754000914494,0.8192913552092571,1.241745343812671,1.70214192955889,89,194
6,GAAAGT,0.7315957933241883,0.565902276278559,1.2927435524377342,1.6999609992168474,64,134
6,CTCCAA,0.7315957933241883,0.565902276278559,1.2927435524377342,1.6999609992168474,64,134
5,GACAA,4.606767261088248,4.1766966510410075,1.1029666143646357,1.695835507063659,403,989
6,CCAAGG,1.2459990855052583,1.0262257696693273,1.2141360202879248,1.6951563003838177,109,243
6,AATTGC,0.903063557384545,0.7179357236369779,1.2578253806229331,1.6950478940385927,79,170
6,CATCAT,1.8175582990397805,1.5498965327927698,1.172685396763269,1.693482723990165,159,367
6,CCGCTG,3.8866026520347505,3.492546137928122,1.1128246316818076,1.6909004824070168,340,827
6,TAGGGG,0.411522633744856,0.29139744077030283,1.4120969043745761,1.689973083461885,36,69
6,TGCCCA,1.4631915866483767,1.2247138814983742,1.1947052599193775,1.689713373853413,128,290
6,CAGCTT,1.0059442158207592,0.8108450525782339,1.2405824693328449,1.685371391615588,88,192
6,CCGTCG,2.686328303612254,2.360741585371004,1.1379112941159433,1.6837425615679793,235,559
5,GGCAA,6.492912665752172,5.988428565395498,1.084241745672187,1.6815812467214448,568,1418
6,CCTTTT,1.7146776406035666,1.456987203851514,1.176853132791847,1.679856149509877,150,345
6,GCTGTG,1.3831732967535437,1.1529203091346762,1.1996955177586321,1.6797622153235185,121,273
5,TAAGA,1.8289894833104712,1.562565986739305,1.1704929260840262,1.6793805593872568,160,370
6,ATGCAG,1.4060356652949246,1.1740360657122344,1.1975917496767792,1.6778500727790115,123,278
6,TCCGGC,4.069501600365798,3.669918493179611,1.1088776822048105,1.6750867786553396,356,869
6,CGCCTA,0.9716506630086876,0.7812829933696525,1.2436291437801705,1.6744145932182406,85,185
6,CCCGAA,1.4746227709190671,1.237383335444909,1.1917112163687151,1.6730587530433798,129,293
6,CAGGAA,1.4746227709190671,1.237383335444909,1.1917112163687151,1.6730587530433798,129,293
6,CCTCCG,1.5660722450845908,1.3218463617551417,1.1847471957978626,1.6686145469378482,137,313
6,CAAAAA,2.7777777777777777,2.4494277629967485,1.134046251584153,1.6686127115531597,243,580
6,CATCCC,1.931870141746685,1.6596984669960724,1.1639787481206636,1.6668912166970042,169,393
6,CCGGTC,2.880658436213992,2.546560243253516,1.1311907208060252,1.6665926952740266,252,603
6,CCTTCG,1.703246456332876,1.4485409012204906,1.175823804848941,1.6653742951761537,149,343
6,AAGTAG,0.4343850022862369,0.3125131973478609,1.3898485603688793,1.6602810209119958,38,74
6,GGCGGT,3.0978509373571104,2.7534946577135857,1.1250569972885758,1.6550600621758793,271,652
6,GTATGT,0.3886602652034751,0.2745048355082563,1.415708009962507,1.6537848488945912,34,65
5,CATTC,3.8866026520347505,3.5009924405591453,1.1101399686019204,1.6532941491048887,340,829
6,AGCGAA,1.0631001371742113,0.8657460196798852,1.2279321184236551,1.6530230410699986,93,205
6,AGACCG,1.623228166438043,1.3767473288567929,1.179018277782407,1.651783393083585,142,326
6,GGTCCG,1.8289894833104712,1.5667891380548165,1.167338159980583,1.651229120481624,160,371
6,ATGAGC,1.6689529035208046,1.4189788420119092,1.1761523420041222,1.6510469867946143,146,336
6,ATTCTG,0.8459076360310928,0.6714810591663499,1.2597252773645267,1.6505803826700112,74,159
5,TTGGT,2.629172382258802,2.314286920900376,1.1360556692205661,1.644645368122236,230,548
6,AGGACG,1.108824874256973,0.9079775328350016,1.2211786264493625,1.6444636534062778,97,215
6,GTGACC,1.108824874256973,0.9079775328350016,1.2211786264493625,1.6444636534062778,97,215
6,TCTCTT,0.8687700045724738,0.6925968157439081,1.254329433634494,1.642795090286615,76,164
6,TGGCAC,1.131687242798354,0.9290932894125596,1.218032088365463,1.6406425180749793,99,220
6,CTTCGA,1.1545496113397347,0.9502090459901178,1.2150253817027665,1.6371028384498147,101,225
6,GCGCCA,3.8294467306812985,3.450314624773006,1.1098801585137714,1.6370242625232203,335,817
5,CCCCC,4.869684499314129,4.44275518391824,1.0960934574102799,1.6360060341166478,426,1052
5,CAGTT,2.8692272519433013,2.542337091938004,1.1285735489943316,1.6324954576459412,251,602
6,AACCGG,2.05761316872428,1.7821698551459098,1.1545463571541024,1.6309446941159143,180,422
6,GCACGA,1.4174668495656149,1.190928670974281,1.1902037995491932,1.6283598817006677,124,282
6,GGGCAA,1.440329218106996,1.2120444275518392,1.1883313451485498,1.6271269309164764,126,287
6,CCCGAG,1.440329218106996,1.2120444275518392,1.1883313451485498,1.6271269309164764,126,287
5,TCCCG,6.9615912208504795,6.457198361417289,1.078112057272584,1.624471376616648,609,1529
6,TTGGTG,1.1202560585276635,0.9206469867815363,1.2167903611000228,1.624049530039394,98,218
6,GTCTGA,0.8001828989483311,0.6334726973267453,1.263127187022092,1.6231742760901762,70,150
6,GTAGTC,0.411522633744856,0.2956205920858144,1.391930913033639,1.6228755256727532,36,70
6,AGGGGA,0.9373571101966164,0.7559440854765827,1.239950325920052,1.6227033534950794,82,179
6,CTGTTG,1.337448559670782,1.1191350986105832,1.195055946093196,1.617179201132814,117,265
6,GCAGAT,1.188843164151806,0.9839942565142109,1.208159844731943,1.6144451518362704,104,233
6,AGCTCG,0.7658893461362597,0.6039106381181638,1.2681719456510758,1.6139689909940158,67,143
6,TGTCGG,1.4060356652949246,1.1824823683432577,1.18903824624483,1.6127989027924095,123,280
6,TTGGGT,0.5829903978052127,0.44343088812872167,1.314655672044171,1.6120569333939359,51,105
6,TTTGCT,0.9830818472793781,0.798175598631699,1.2316320941847922,1.611649864463601,86,189
6,GGGCCT,1.4288980338363055,1.2035981249208159,1.1871730995097385,1.611640681765012,125,285
5,CCTTC,5.109739368998628,4.679251657586891,1.0919972985389468,1.6102845681523055,447,1108
6,TACGAT,0.5486968449931412,0.4138688289201402,1.3256960588668163,1.6096063550593382,48,98
6,TCTGCG,1.2345679012345678,1.0262257696693273,1.2029980516150993,1.609247689442526,108,243
5,CCTCG,5.738454503886603,5.283162295705055,1.08617634005256,1.609175845447699,502,1251
6,CCTGTC,1.7489711934156378,1.4992187170066305,1.1665773084642304,1.607469570143623,153,355
6,CGAAAC,1.108824874256973,0.9122006841505131,1.2155256414057676,1.6073373189419617,97,216
6,AGCAAG,1.2574302697759487,1.0473415262468855,1.2005732427678686,1.6069709034120454,110,248
6,ACAAGG,1.2574302697759487,1.0473415262468855,1.2005732427678686,1.6069709034120454,110,248
5,AAGTC,2.297668038408779,2.010220026183538,1.1429861954720426,1.6068767327706133,201,476
6,AGCCCC,1.6803840877914953,1.4358714472739558,1.1702768122456209,1.6067889296143834,147,340
6,GGCTAC,0.9259259259259258,0.7474977828455593,1.2386686359625367,1.6051816048984107,81,177
6,ACTATA,0.40009144947416553,0.2871742894547912,1.3930639258865676,1.6038665761907585,35,68
6,GTGGTT,0.9487882944673068,0.7686135394231176,1.2343847815915947,1.5995172616039948,83,182
6,GATCTT,0.6973022405121171,0.5447865197010009,1.2799036410275064,1.5971656203218576,61,129
6,GAGGGG,1.2002743484224965,0.9966637104607459,1.204271720393626,1.5953461820012298,105,236
5,CGAGA,3.2578875171467763,2.9181975590185396,1.1164000418937672,1.589022409926829,285,691
6,GAACCC,1.2688614540466392,1.0600109801934203,1.19700812250347,1.5887479723462163,111,251
6,TACCTG,0.7773205304069501,0.6165800920646987,1.2606544955976744,1.5866901550563306,68,146
5,CAAGC,6.344307270233196,5.874403479876684,1.0799903842028835,1.5812931020500416,555,1391
6,GCGACA,1.8175582990397805,1.5667891380548165,1.1600426953602323,1.580704627301928,159,371
6,GGCACT,0.7430269775948789,0.5870180328561172,1.2657198995912873,1.5770333646221004,65,139
6,CATCTG,1.131687242798354,0.937539592043583,1.2070599966151458,1.5673860410108746,99,222
6,CCGAAC,1.8289894833104712,1.5794585920013513,1.157975077703801,1.5670954680201465,160,374
6,CGCCGA,4.12665752171925,3.750158368174332,1.1003928573935033,1.5636808241655549,361,888
6,GGACAG,1.1774119798811158,0.9797711051986994,1.2017008906924942,1.5622316195877286,103,232
6,CAGCAA,1.5546410608139003,1.3260695130706535,1.1723546993732388,1.5616600680526287,136,314
5,AAGCA,4.023776863283037,3.653025887917564,1.1014886939953816,1.5591201361197609,352,865
5,TGGGC,5.258344764517604,4.835508256260821,1.0874422587291521,1.5580952482982804,460,1145
6,TGGGCA,1.0745313214449017,0.8868617762574433,1.2115869592253847,1.5564616073175344,94,210
6,GTACAC,0.411522633744856,0.2998437434013261,1.3723327883992669,1.5564421267318058,36,71
5,AGGGC,4.9497027892089625,4.539887664175008,1.0902678939565853,1.5554786130293314,433,1075
5,TACAC,1.6117969821673523,1.3809704801723046,1.167135932096854,1.546876367430839,141,327
6,GGAATT,0.9144947416552356,0.7432746315300477,1.2303281587276858,1.5462936085480323,80,176
6,GCGCCC,4.743941472336534,4.345622703661473,1.0916576587685771,1.5433871936120949,415,1029
6,TGACCG,2.7434842249657065,2.440981460365725,1.1239216181481548,1.541830987163105,240,578
6,TCCAAC,0.9373571101966164,0.7643903881076058,1.2262510095348176,1.5413068406016102,82,181
6,GTCGCG,2.240512117055327,1.9679885130284218,1.1384712131709747,1.5402462172451372,196,466
6,AGCTTT,0.720164609053498,0.5701254275940707,1.2631225725806048,1.5393526637810833,63,135
6,AAAAAG,3.943758573388203,3.5812323155538666,1.1012266458099604,1.53919943393288,345,848
6,ACCCGC,3.0064014631915867,2.6901473879809115,1.1175557596017334,1.5387320655321763,263,637
5,TCTCT,2.0461819844535896,1.7863930064614217,1.1454184130878533,1.538252825024809,179,423
6,TGTCCG,1.7604023776863282,1.5203344735841884,1.157894278427019,1.5362368451186066,154,360
6,GGTCGC,1.9775948788294466,1.7230457367287468,1.1477235132670442,1.5337182234303544,173,408
5,TCGCC,10.81390032007316,10.22847248616918,1.0572345588493,1.5336859701718546,946,2422
6,CAAGAT,0.9830818472793781,0.8066219012627222,1.2187370216929179,1.5325167170205791,86,191
5,AACGG,5.018289894833105,4.611681236538705,1.0881673777309464,1.5322419571766468,439,1092
6,AAGGAG,1.4174668495656149,1.2035981249208159,1.1776763793321254,1.5317150416486542,124,285
6,GTGAAA,1.5546410608139003,1.330292664386165,1.168633218171906,1.5311300598340982,136,315
5,TTCAC,3.5208047553726565,3.180032940580261,1.107156468348841,1.5309670996073572,308,753
6,TCGCTT,1.131687242798354,0.9417627433590946,1.2016477462118371,1.5309329458301142,99,223
6,CATAAG,0.4686785550983082,0.3505215591874657,1.3369929566928538,1.5300887469566595,41,83
5,CTTTA,2.5034293552812072,2.2171544406436086,1.1291123424492955,1.528175135501138,219,525
6,CTCCTT,0.594421582075903,0.46032349339076817,1.2912494488445312,1.524847938047553,52,109
6,GTACTG,0.594421582075903,0.46032349339076817,1.2912494488445312,1.524847938047553,52,109
6,TTGGCG,1.7261088248742569,1.490772414375607,1.157851475571913,1.5205876524263482,151,353
6,CCTCAA,0.9487882944673068,0.7770598420541408,1.2209692821482694,1.518861092144887,83,184
6,CCAGGG,1.3831732967535437,1.1740360657122344,1.1781200979585325,1.5162452301678448,121,278
6,GGTGAT,1.8747142203932328,1.630136407787491,1.1500259787092324,1.5138625388022644,164,386
6,TAAGAT,0.6172839506172839,0.4814392499683263,1.2821051464816065,1.512349133041065,54,114
6,AGGGAT,0.8916323731138546,0.7263820262680012,1.2274665316838713,1.510042086927113,78,172
6,AGATCA,0.9144947416552356,0.7474977828455593,1.2233780819601157,1.5052405933644692,80,177
6,AAGTCC,0.6401463191586648,0.5025550065458845,1.2737291200146843,1.501008375704801,56,119
6,AGAGGG,0.6973022405121171,0.5532328223320241,1.2603666588454154,1.5008828751355892,61,131
6,GAAAGC,1.3946044810242342,1.1867055196587695,1.1751752565367575,1.4998625444311662,122,281
6,TGAACG,1.4860539551897578,1.271168545969002,1.1690322708778758,1.4997190233522635,130,301
6,AAACCC,1.4860539551897578,1.271168545969002,1.1690322708778758,1.4997190233522635,130,301
5,GGAGG,4.652491998171011,4.269605979982263,1.0896750314855026,1.4965008344388553,407,1011
6,TGGCCG,4.149519890260631,3.788166730013937,1.0953874650334787,1.4944745921200235,363,897
6,CCTCTT,0.8802011888431641,0.7179357236369779,1.22598522589417,1.4916744616832707,77,170
6,ACTCTC,0.411522633744856,0.3040668947168377,1.3532788771376765,1.4906587444537078,36,72
5,TGGCT,4.492455418381344,4.117572532623845,1.0910424233076685,1.4905559518276699,393,975
5,GGTGT,3.4979423868312756,3.1673634866337257,1.1043670752930694,1.4885671879625517,306,750
6,CCCTCG,1.6346593507087332,1.410532539380886,1.1588839085097347,1.4879510471949642,143,334
5,GGTGA,5.212620027434842,4.810169348367753,1.083664894815849,1.4873765287246878,456,1139
6,GCAACA,1.6117969821673523,1.3894167828033277,1.1600413914507577,1.4871461005173399,141,329
6,TGTTGG,0.903063557384545,0.739051480214536,1.2218923746488406,1.486971493486222,79,175
6,TCGCGC,3.475080018289895,3.146247730056168,1.1045123795734608,1.4854687943227867,304,745
6,CTTCTG,0.823045267489712,0.6672579078508383,1.2334389954868024,1.483713494537147,72,158
5,ATCGT,4.11522633744856,3.7586046708053553,1.0948788739411106,1.4805565809924357,360,890
5,TGACC,6.4014631915866484,5.958866506186917,1.0742740683204384,1.4805322258771176,560,1411
5,GATCA,4.766803840877915,4.383631065501077,1.0874079111267378,1.4793399117442232,417,1038
6,ACGGCG,3.0292638317329676,2.7239325985050042,1.1120879512952724,1.4776362999352453,265,645
6,GGGATC,1.1202560585276635,0.937539592043583,1.1948685486774833,1.477380241488771,98,222
6,GCCCCG,4.515317786922726,4.142911440516913,1.0898878392571727,1.4765886050502957,395,981
5,TGCCT,4.069501600365798,3.7163731576502386,1.095017084137593,1.4740026564388424,356,880
6,GTCCTC,0.7087334247828074,0.565902276278559,1.252350837603264,1.472812475914021,62,134
6,CTGCGG,2.7206218564243256,2.4325351577347014,1.1184257728799307,1.4718637198787772,238,576
6,AAAAGG,2.034750800182899,1.7863930064614217,1.1390197402526694,1.47176672454356,178,423
6,ACCCCT,0.7887517146776405,0.6376958486422568,1.236840466047172,1.4707558002821777,69,151
6,CCTGGA,1.2345679012345678,1.0431183749313737,1.1835181692575039,1.4705051495667592,108,247
6,CGAGAA,0.8116140832190215,0.658811605219815,1.2319013306014408,1.4648022032756167,71,156
6,TTTGAC,0.9144947416552356,0.751720934161071,1.2165060855558614,1.4643515144986028,80,178
5,TCGGA,2.9949702789208965,2.694370539296423,1.1115617095234471,1.4625660015374469,262,638
5,CTCCA,3.0749885688157295,2.7703872629756323,1.1099450302157103,1.4624508613590141,269,656
6,GAGGGT,0.5258344764517604,0.40542252628911696,1.2969303610936667,1.457519837259511,46,96
6,CCGACT,0.9602194787379973,0.7939524473161874,1.2093904904943933,1.457091704199175,84,188
6,GCCATC,3.1092821216278006,2.8041724734997255,1.108801712747727,1.4565125881639944,272,664
6,TTCGAC,1.2002743484224965,1.0135563157227923,1.184202505132683,1.4545727587978794,105,240
5,GTCCC,3.463648834019204,3.1420245787406564,1.102358848994922,1.45424786497943,303,744
5,CCAAG,3.9323273891175123,3.5896786181848896,1.0954512262112357,1.4542183353314684,344,850
6,TCACAT,0.6973022405121171,0.5574559736475357,1.2508201390968978,1.453130351592101,61,132
5,TTTCG,4.812528577960676,4.434308881287217,1.0852920212814634,1.4526294290837973,421,1050
6,ACGCAG,1.4288980338363055,1.2247138814983742,1.1667062689460566,1.4518810295693068,125,290
6,TGCTGC,2.983539094650206,2.6859242366653997,1.1108012555963693,1.4503935299801074,261,636
6,CGCCAT,4.38957475994513,4.028886354998099,1.0895233622470784,1.4494064840700704,384,954
6,GCACGT,1.02880658436214,0.8572997170488619,1.2000314018105795,1.448620948380086,90,203
6,CTTTAA,0.903063557384545,0.7432746315300477,1.2149507382645173,1.4458625493785786,79,176
6,AAGATT,1.0745313214449017,0.8995312302039782,1.194524251010322,1.444344429531766,94,213
6,CTCCAC,0.9259259259259258,0.7643903881076058,1.2112983241269777,1.4421655271032563,81,181
6,GCACAT,0.9487882944673068,0.7855061446851641,1.2078422513453977,1.4388234454538016,83,186
6,GCACTT,0.7430269775948789,0.5996874868026522,1.2389837966716195,1.4384917261504104,65,142
6,GCCCAT,1.9433013260173753,1.7061531314667007,1.1389876977672249,1.4374017106309986,170,404
6,TTTGGC,0.9716506630086876,0.8066219012627222,1.204567102352935,1.435811108498457,85,191
5,GAATT,3.7379972565157753,3.408083111617889,1.0968005926011626,1.4353580868801368,327,807
6,TTCGGG,1.3717421124828533,1.1740360657122344,1.1683842720994093,1.435146308446452,120,278
6,ACGCTC,1.3260173754000915,1.131804552557118,1.1715805651671085,1.4349446696322934,116,268
6,CTTGTT,0.6858710562414266,0.5490096710165125,1.2492423507521841,1.4332312634287236,60,130
6,AACGCC,2.4805669867398263,2.2129312893280964,1.1209362464518011,1.4314977779470164,217,524
6,ACCTCC,0.8687700045724738,0.7137125723214663,1.2172242942523812,1.431174145756674,76,169
6,GTAGAT,0.3772290809327846,0.27872798682376787,1.3532683186902394,1.426998413233207,33,66
6,GGGCGA,2.229080932784637,1.9764348156594451,1.1278227507674332,1.4268480362893636,195,468
6,CCCAGA,0.7887517146776405,0.6419189999577685,1.2287046251427614,1.426421081936424,69,152
5,AGCCG,7.647462277091907,7.183580387685291,1.064574405370516,1.424458760331951,669,1701
6,GCGCAC,2.857796067672611,2.5718991511465856,1.111157469238889,1.4229145073750102,250,609
6,TGCGGT,1.4974851394604483,1.2922843025465602,1.1587769493250213,1.4223967159345958,131,306
6,AACAAG,1.337448559670782,1.144474006503653,1.16859945453122,1.4185157320504405,117,271
6,GGACGA,1.314586191129401,1.123358249926095,1.1702136605573779,1.4183760816861855,115,266
6,TTACCG,0.8573388203017833,0.705266269690443,1.2155937378152186,1.412231330515679,75,167
6,GGACAC,1.0516689529035208,0.8826386249419317,1.191484005781109,1.4087778365696348,92,209
6,CGGCGC,8.619112940100594,8.133789433675409,1.059666843320476,1.4087430765615623,754,1926
5,GGTAG,2.1490626428898034,1.9046412432957474,1.1283226267370243,1.4055511249429453,188,451
6,GCGCAT,2.8006401463191586,2.521221335360446,1.1108223719999448,1.404263493170363,245,597
6,AGGCCT,0.8001828989483311,0.6545884539043034,1.222387372460534,1.4018500944064713,70,155
6,TTGCGT,0.9259259259259258,0.7686135394231176,1.204643704624825,1.4018110217950885,81,182
5,GAAAC,4.64106081390032,4.282275433928798,1.083781860209851,1.4013613737906565,406,1014
5,TCGCA,4.412437128486511,4.0626715655221926,1.086090383700754,1.400515872222921,386,962
6,GTTTCA,0.9487882944673068,0.7897292960006757,1.2013840196508678,1.3990332955181246,83,187
6,ACATGC,0.9487882944673068,0.7897292960006757,1.2013840196508678,1.3990332955181246,83,187
6,AAGATC,0.9487882944673068,0.7897292960006757,1.2013840196508678,1.3990332955181246,83,187
6,TCCCAG,0.720164609053498,0.5827948815406057,1.235668097050056,1.3988761262927516,63,138
5,AGGTA,1.80612711476909,1.5836817433168628,1.1404520366463924,1.3982818673195723,158,375
5,GGCTG,8.27617741197988,7.804383631065501,1.060451633089013,1.3953965460245497,724,1848
5,CTGCC,8.916323731138547,8.429410025761223,1.0577629902437127,1.3909516929387633,780,1996
6,TCACGG,1.0402377686328304,0.8741923223109084,1.1899198266811204,1.3907839984274972,91,207
6,CGGAGA,1.0402377686328304,0.8741923223109084,1.1899198266811204,1.3907839984274972,91,207
6,GTCGTG,1.0402377686328304,0.8741923223109084,1.1899198266811204,1.3907839984274972,91,207
6,CTGTGG,0.8687700045724738,0.7179357236369779,1.2100651485297884,1.3893836623920095,76,170
6,CAGGCA,1.6918152720621855,1.478102960429072,1.1445757567493169,1.3890301221042425,148,350
5,AGAGG,2.423411065386374,2.1664766248574687,1.118590054734763,1.388991027664974,212,513
6,CCATTT,1.0859625057155922,0.9164238354660247,1.184980099468294,1.3881198481313177,95,217
6,TCCTCA,0.7658893461362597,0.6250263946957219,1.2253351524360163,1.3872609461637864,67,148
6,TTTAAG,1.131687242798354,0.9586553486211411,1.180475545118015,1.3862690680883647,99,227
6,GAAATC,1.3603109282121628,1.1698129143967229,1.1628309350817554,1.3862675649694656,119,277
5,GGCGC,17.123914037494284,16.478736433126397,1.0391518907895052,1.3841174201202975,1498,3902
5,TTCGA,3.8751714677640603,3.551670256345285,1.091081682673826,1.3807663537151043,339,841
5,CCAGA,3.2693187014174665,2.9730985261201908,1.0996301366003371,1.3761505292732916,286,704
5,AACCC,4.515317786922726,4.168250348409983,1.0832625402145315,1.373262208545388,395,987
6,GCGTAC,0.7315957933241883,0.5954643354871405,1.228575570640407,1.3727604864874676,64,141
5,GTCGC,7.1216278006401454,6.68947168377043,1.0646014628885987,1.371455497365105,623,1584
6,GGAACG,1.3488797439414724,1.1613666117656996,1.1614451334857652,1.3696805200320181,118,275
6,CGAACC,1.6117969821673523,1.4063093880653743,1.1461079511028025,1.3684535751602522,141,333
6,GAAGAT,1.1431184270690442,0.971324802567676,1.1768470642784519,1.3680667985843615,100,230
5,TCGAT,5.315500685871057,4.941087039148613,1.075774028336915,1.3676132312471554,465,1170
6,GTGCCT,0.7544581618655692,0.6165800920646987,1.223581191569267,1.367375041028949,66,146
6,ACGGCC,2.526291723822588,2.267832256429748,1.1139626047736166,1.3671939217335285,221,537
6,CGTCGC,3.1207133058984913,2.833734532708307,1.1012687120147122,1.364316635307549,273,671
5,CGCAC,8.104709647919524,7.64812703239157,1.0596978376288055,1.3630824544143225,709,1811
6,GATCGG,2.091906721536351,1.8581865788251193,1.1257718510021197,1.3608200480633728,183,440
6,TCTAGG,0.21719250114311844,0.1478102960429072,1.4690829979819944,1.3600322182194444,19,35
6,CTTGTC,0.9487882944673068,0.7939524473161874,1.1949944838964328,1.359393881565433,83,188
6,GGCAGC,2.937814357567444,2.66058532877233,1.104194594451735,1.3584244846827092,257,630
6,GAAGTG,0.8001828989483311,0.658811605219815,1.2145527451764246,1.3581939296089673,70,156
6,ATCTCT,0.5029721079103796,0.39275307234258205,1.2805604520554252,1.3581625536141673,44,93
6,CCCGCG,4.13808870598994,3.8092824865914947,1.0863148346367943,1.357801576479741,362,902
6,CAGCCG,3.0749885688157295,2.7915030195531907,1.1015493776432121,1.3575139706706436,269,661
6,GCCGCT,3.8866026520347505,3.5685628616073313,1.089120155856968,1.3546974743762774,340,845
6,AGACGC,1.3603109282121628,1.1740360657122344,1.1586484462402862,1.3538482268758294,119,278
6,GCATAT,0.6401463191586648,0.5152244604924194,1.2424139901041686,1.351324845380968,56,122
6,AGCACT,0.6401463191586648,0.5152244604924194,1.2424139901041686,1.351324845380968,56,122
6,GCATCT,0.8459076360310928,0.7010431183749314,1.20661190826763,1.3508452673457705,74,166
6,GCCCGT,2.2062185642432555,1.9679885130284218,1.1210464110926872,1.3494237561887856,193,466
6,GACCGC,3.0864197530864197,2.8041724734997255,1.1006490211824709,1.3487726837081533,270,664
6,ACACAA,0.7430269775948789,0.6081337894336754,1.2217785175775948,1.3472774451567737,65,144
6,ACTGTC,0.5829903978052127,0.4645466447062798,1.2549114567991886,1.3468403200853534,51,110
5,CCCCT,4.5038866026520346,4.164027197094472,1.081616000057515,1.3456725119003248,394,986
6,AGAGTT,0.4343850022862369,0.33362895392541914,1.3019098198573877,1.3430716068979367,38,79
6,CCGGCG,7.841792409693644,7.398961104776385,1.0598496618214701,1.3422392169819977,686,1752
6,GTCACC,1.440329218106996,1.2500527893914437,1.1522025390257906,1.3418664731018781,126,296
5,TGGCC,8.379058070416095,7.922631867899827,1.0576096995489082,1.3411696759767093,733,1876
5,CTCTT,2.7434842249657065,2.47898982220533,1.106690124896358,1.3409409128826058,240,587
6,CACCCC,1.7604023776863282,1.5498965327927698,1.135810526307611,1.3381308047208778,154,367
6,TAAAGG,0.6858710562414266,0.5574559736475357,1.2303178311476035,1.3377995192106953,60,132
6,TCTCCA,0.6858710562414266,0.5574559736475357,1.2303178311476035,1.3377995192106953,60,132
6,CACCTT,0.9830818472793781,0.8277376578402804,1.1876505471427456,1.3372210235515467,86,196
6,TCGGTG,1.3260173754000915,1.144474006503653,1.1586121717467632,1.3361896575749606,116,271
6,ACAAGT,0.49154092363968904,0.3843067697115588,1.2789601078269093,1.33602930990376,43,91
6,GTCCGT,1.0059442158207592,0.8488534144178386,1.1850405437271774,1.3359243394372258,88,201
5,TTTTT,10.996799268404207,10.481861565099877,1.049126081993931,1.3357983527884045,962,2482
6,CCCGTG,1.3031550068587106,1.123358249926095,1.1600386636036037,1.3353214247550718,114,266
5,TGTCA,3.1321444901691815,2.8506271379703536,1.0987528229023213,1.3349283278294408,274,675
6,CCTGTG,0.8116140832190215,0.6714810591663499,1.2086613702694684,1.3346221368615179,71,159
6,TCAACA,1.0973936899862824,0.9333164407280712,1.1757814005613936,1.3328707405482594,96,221
6,AGGCAG,1.1202560585276635,0.9544321973056294,1.1737226483193623,1.3325734639453894,98,226
6,CCGGAC,2.5948788294467304,2.3396258287934457,1.1090952612960272,1.3306853607169755,227,554
5,GTACT,1.4974851394604483,1.304953756493095,1.1475275497345934,1.3300803845577305,131,309
6,TCCGTC,1.4746227709190671,1.283837999915537,1.1485934453346507,1.3284797486652222,129,304
6,TATAGT,0.4572473708276178,0.3547447105029773,1.2888662485044438,1.3273709769517017,40,84
6,TAAGGC,0.4572473708276178,0.3547447105029773,1.2888662485044438,1.3273709769517017,40,84
6,TAGGTG,0.51440329218107,0.40542252628911696,1.2687415835791456,1.3238007715895663,45,96
5,TCCTC,3.3150434385002288,3.0279994932218424,1.0947934326203321,1.3225741091825274,290,717
6,GCGGTC,2.263374485596708,2.0271126314455845,1.1165451766066825,1.3197849975970706,198,480
6,CCGTTT,1.703246456332876,1.4992187170066305,1.1360802990131307,1.3182918041223821,149,355
5,GGAAA,5.201188843164152,4.843954558891845,1.0737469572089275,1.317527792819639,455,1147
6,CTTCGC,1.8289894833104712,1.6174669538409563,1.1307658573064001,1.3175277404020753,160,383
6,GTTCCC,0.9945130315500686,0.8404071117868154,1.1833487398287956,1.317334496346115,87,199
6,TCTGTC,0.6744398719707362,0.5490096710165125,1.2284246801226921,1.3169722445792371,59,130
6,CCGCAG,2.8006401463191586,2.5381139406224924,1.103429502728317,1.3163276172124065,245,601
6,GCTTCC,1.6803840877914953,1.478102960429072,1.1368425938639088,1.316034163574023,147,350
5,CGTAA,1.931870141746685,1.7145994340977238,1.1267106662126412,1.3157953725314924,169,406
6,CGTTTC,1.5089163237311385,1.31762321043963,1.1451694193256925,1.315641920389637,132,312
6,TGCAAA,1.0631001371742113,0.9037543815194898,1.176295826974741,1.3151430545974854,93,214
6,GGTCCC,0.8001828989483311,0.6630347565353267,1.2068179070111793,1.3147358852568483,70,157
6,AAAGAG,1.108824874256973,0.9459858946746061,1.1721185999061672,1.3146259691405746,97,224
6,CTGCTG,3.383630544124371,3.0955699142700284,1.0930527600912738,1.3134534262240598,296,733
6,CCTAGG,0.24005486968449932,0.1689260526204654,1.4208157024393635,1.3119751384904603,21,40
5,TCCGT,3.783721993598537,3.4798766839815873,1.0873124555734976,1.3103073210199119,331,824
5,AATGG,3.5322359396433476,3.239157058997424,1.0904771913151696,1.3078024337125504,309,767
6,TGTTGC,1.3260173754000915,1.1486971578191647,1.1543529389623013,1.3034439729020055,116,272
6,GAGATC,0.9144947416552356,0.7686135394231176,1.1897731661414404,1.3024059210311996,80,182
6,AGACGG,0.9144947416552356,0.7686135394231176,1.1897731661414404,1.3024059210311996,80,182
6,GGTTGA,0.9144947416552356,0.7686135394231176,1.1897731661414404,1.3024059210311996,80,182
6,AGCTTC,0.7430269775948789,0.6123569407491871,1.2133538346154586,1.3020068507857898,65,145
6,CTGACT,0.5029721079103796,0.3969762236580937,1.2669408993462037,1.3014024298261466,44,94
5,GCTTC,5.532693187014175,5.169137210186241,1.070330681693525,1.3008082132653092,484,1224
6,CCTCGT,0.9602194787379973,0.8108450525782339,1.1841979622230359,1.29961261380557,84,192
6,GGTCGT,1.0059442158207592,0.8530765657333503,1.1791746939931607,1.297786869884932,88,202
6,TCGAAG,1.0059442158207592,0.8530765657333503,1.1791746939931607,1.297786869884932,88,202
6,AGGTCG,1.02880658436214,0.8741923223109084,1.1768450415332012,1.2971954487185386,90,207
6,AACATC,1.1431184270690442,0.9797711051986994,1.1667028663297723,1.2969216445872696,100,232
6,CCGAGT,0.5829903978052127,0.4687697960217915,1.2436083594049905,1.2948234427534915,51,111
6,CGAATA,0.5829903978052127,0.4687697960217915,1.2436083594049905,1.2948234427534915,51,111
6,GGGACA,0.7887517146776405,0.6545884539043034,1.2049268777740623,1.2946455461009951,69,155
6,CTTCCC,1.703246456332876,1.503441868322142,1.1328892744661,1.2897459491910994,149,356
6,ATTCCA,0.8802011888431641,0.739051480214536,1.190961815550528,1.284724154571903,77,175
6,AAATCG,1.2459990855052583,1.0769035854554667,1.157005512640221,1.282828892456419,109,255
6,GGTTTC,1.2459990855052583,1.0769035854554667,1.157005512640221,1.282828892456419,109,255
6,CCGGGC,5.086877000457248,4.742598927319565,1.0725911719073127,1.2827288480733294,445,1123
6,CAGAGG,0.6287151348879744,0.5110013091769079,1.2303140758935567,1.280527765749538,55,121
6,GCGAGA,0.9716506630086876,0.8235145065247689,1.1798610336636461,1.2796797077572915,85,195
6,ACGCCT,1.440329218106996,1.2584990920224672,1.1444702504848803,1.2793136023047575,126,298
6,GATCGC,2.629172382258802,2.381857341948562,1.1038284926244413,1.278967587300969,230,564
6,CTCTCT,0.49154092363968904,0.3885299210270704,1.2650619446397267,1.2786706885081722,43,92
6,CAACGT,1.0631001371742113,0.9079775328350016,1.170825286090847,1.2782275483938565,93,215
6,TTTCCG,1.8404206675811614,1.6343595591030027,1.126072931771555,1.2777410845612005,161,387
5,GGGTG,4.652491998171011,4.324506947083914,1.0758415863222568,1.2763531619675246,407,1024
6,CGGCCG,6.995884773662551,6.596562354829174,1.0605340090721862,1.2761424378492836,612,1562
5,CATCT,3.017832647462277,2.7534946577135857,1.0959974224994251,1.2751762192360838,264,652
6,TTGGTA,0.40009144947416553,0.30829004603234933,1.2976795283210485,1.2734970326525306,35,73
6,TGCGTA,0.5715592135345221,0.46032349339076817,1.24159436201781,1.2727676732351834,50,109
6,TACACC,0.5715592135345221,0.46032349339076817,1.24159436201781,1.2727676732351834,50,109
6,CGAAGC,1.7946959304983996,1.5921280459478864,1.1272229094733224,1.2721599805944965,157,377
6,GAGGCC,1.520347508001829,1.3345158157016765,1.139239839745531,1.2710434999094096,133,316
6,CGGGGG,1.646090534979424,1.4527640525360024,1.1330657759106688,1.2691420468900385,144,344
6,CCATCC,2.400548696844993,2.1664766248574687,1.1080377538010793,1.2671057826817862,210,513
6,AAGGAC,0.8459076360310928,0.7094894210059546,1.1922495051176831,1.2668563559764376,74,168
6,CAAGTC,0.6973022405121171,0.5743485789095824,1.2140377156749613,1.2646421500653107,61,136
6,AGCGGT,1.211705532693187,1.0473415262468855,1.1569195056026074,1.264226086347291,106,248
6,TGGTTG,0.8916323731138546,0.751720934161071,1.186096758676859,1.2635441225757134,78,178
6,GAAGAC,1.1431184270690442,0.9839942565142109,1.1616960667146576,1.261512516053625,100,233
6,AAGCAT,1.0059442158207592,0.8572997170488619,1.1733666291418035,1.2597834213696975,88,203
5,CCGGG,10.928212162780063,10.443853203260273,1.0463769752787278,1.2588935951479876,956,2473
6,TTCCGC,2.091906721536351,1.875079184087166,1.1156303031140655,1.2585096755345124,183,444
6,GTAGAA,0.48010973936899864,0.3800836183960471,1.2630995028006486,1.2555912161728822,42,90
5,CTGCG,8.436213991769549,8.00709489421006,1.0535916888784338,1.2554582963650647,738,1896
5,CCGGA,7.864654778235025,7.449638920562523,1.0557087788039106,1.2546260893794214,688,1764
6,GGAAAC,1.314586191129401,1.144474006503653,1.1486248889623067,1.253655442305983,115,271
5,CTCGG,4.309556470050297,3.999324295789518,1.0775692077950776,1.2529425426371459,377,947
6,CGCGAA,1.3946044810242342,1.2204907301828625,1.1426471187564131,1.243993400931666,122,289
6,GTCTAG,0.205761316872428,0.1435871447273956,1.4327051822415275,1.2419179456825251,18,34
6,AGCTGG,1.0402377686328304,0.8910849275729549,1.1673646360537953,1.2410690415662187,91,211
6,GAAGGA,0.9945130315500686,0.8488534144178386,1.1715755124586134,1.2408411630169232,87,201
5,CTGTG,3.063557384545039,2.8041724734997255,1.092496329617215,1.2408103227811147,268,664
6,GGAACT,0.7087334247828074,0.5870180328561172,1.207309919156441,1.2394634469419978,62,139
6,TAAGAA,0.7087334247828074,0.5870180328561172,1.207309919156441,1.2394634469419978,62,139
5,ACATC,4.069501600365798,3.7712741247518897,1.0790766086176953,1.2386019476166852,356,893
5,TCGCG,7.818930041152264,7.411630558722919,1.0549533579509298,1.2343083264790988,684,1755
6,TTAGGT,0.411522633744856,0.32095949997888423,1.2820758575028242,1.233757490192144,36,76
6,GCTCCT,0.7544581618655692,0.6292495460112336,1.1989492431477828,1.233092315059621,66,149
5,TCCCT,3.0749885688157295,2.8168419274462604,1.0916407395034569,1.2323236418569672,269,667
6,ATTCAA,1.211705532693187,1.0515646775623972,1.152273684328709,1.2300262981738292,106,249
6,CGTCGT,1.5089163237311385,1.330292664386165,1.1342638636897395,1.2244341751632348,132,315
6,TGATCA,1.0973936899862824,0.9459858946746061,1.160035992676702,1.224229482460662,96,224
6,GCGGCT,2.892089620484682,2.6436927235102834,1.0939547547602713,1.2225180058703744,253,626
5,TCCAT,3.920896204846822,3.6319101313400064,1.0795664282467727,1.2220508660572693,343,860
6,GATTGT,0.6744398719707362,0.5574559736475357,1.2098155231983092,1.2218792342676328,59,132
6,TCGGTA,0.6744398719707362,0.5574559736475357,1.2098155231983092,1.2218792342676328,59,132
6,CTACCT,0.49154092363968904,0.39275307234258205,1.251462590601711,1.2217512430447686,43,93
6,GGTAGA,0.49154092363968904,0.39275307234258205,1.251462590601711,1.2217512430447686,43,93
6,CTCAAG,0.9602194787379973,0.8192913552092571,1.1719912257223533,1.2217461769685782,84,194
6,GGTAGG,0.5715592135345221,0.4645466447062798,1.23030956975034,1.2206325734887116,50,110
6,ATCCCG,1.8175582990397805,1.6216901051564678,1.120772838149987,1.2200202954783073,159,384
6,CCTGGG,1.4631915866483767,1.2880611512310485,1.1359538247601726,1.2194748857734456,128,305
6,GATCGT,1.29172382258802,1.1275814012416066,1.145557443055892,1.219059207042237,113,267
6,CGTTCG,1.5660722450845908,1.3851936314878162,1.1305705949160465,1.2159990125120088,137,328
6,GGTGAA,1.4174668495656149,1.2458296380759322,1.1377583502666644,1.2146876646906726,124,295
6,CCAGTT,0.7430269775948789,0.6208032433802103,1.1968482779205338,1.2121266552966965,65,147
6,AAGCTG,1.1774119798811158,1.0220026183538158,1.1520486874180993,1.2106716232563433,103,242
6,GTTGGA,0.6172839506172839,0.5067781578613961,1.2180125362318435,1.208968022440479,54,120
6,TCCTTG,0.7887517146776405,0.6630347565353267,1.1895798054669098,1.207798308231466,69,157
6,ACACTG,0.7887517146776405,0.6630347565353267,1.1895798054669098,1.207798308231466,69,157
6,CCCTTC,1.6003657978966621,1.4189788420119092,1.127820210205932,1.205451662066736,140,336
6,AAGAGG,0.8344764517604023,0.705266269690443,1.1831816853486123,1.2048703558753475,73,167
6,TTCCGT,1.0631001371742113,0.9164238354660247,1.1600354470144314,1.2047614710312904,93,217
5,CTGGA,4.481024234110654,4.1766966510410075,1.0728614793812856,1.204567392712267,392,989
6,CGCATA,0.6401463191586648,0.5278939144389544,1.2126017017430772,1.2042257039247544,56,125
6,CTCGTG,0.6401463191586648,0.5278939144389544,1.2126017017430772,1.2042257039247544,56,125
6,GCGACG,2.7777777777777777,2.5381139406224924,1.0944222365654914,1.2030787241981815,243,601
6,TCGTCT,0.903063557384545,0.7686135394231176,1.1749026276580554,1.2026286169925096,79,182
5,AAGAC,3.635116598079561,3.3616284471472615,1.0813534332805435,1.2001154651530779,318,796
6,AGATTC,0.6630086877000457,0.5490096710165125,1.2076070094932,1.2001094381967266,58,130
5,GTAGA,1.4060356652949246,1.237383335444909,1.1362865462664031,1.1978033154434944,123,293
6,CTCACT,0.4229538180155464,0.33362895392541914,1.267656920502287,1.1957974461003364,37,79
6,TAGGAG,0.4229538180155464,0.33362895392541914,1.267656920502287,1.1957974461003364,37,79
6,CCTTCC,1.7375400091449476,1.5498965327927698,1.1210605781253482,1.1950592874245507,152,367
6,CCCCGA,1.9204389574759946,1.7230457367287468,1.114553990727437,1.194397559147472,168,408
6,AGGTTT,0.7087334247828074,0.5912411841716289,1.1986877351959948,1.1935111757589014,62,140
6,AAGCCC,1.8175582990397805,1.6259132564719794,1.117861918901953,1.192636239754578,159,385
6,GTCCCA,0.5829903978052127,0.4772160986528147,1.2216022033426843,1.1917778515298367,51,113
6,TCAAGT,0.5829903978052127,0.4772160986528147,1.2216022033426843,1.1917778515298367,51,113
6,GCCTGC,4.0580704160951075,3.7712741247518897,1.0760455690303825,1.191583824366314,355,893
6,CATCCT,1.5889346136259717,1.410532539380886,1.1264695583467719,1.189312998383117,139,334
6,AGGGTC,0.5029721079103796,0.40542252628911696,1.2405528060646247,1.1891509800456743,44,96
6,CGACAG,1.4631915866483767,1.2922843025465602,1.1322418446007545,1.18871481890517,128,306
6,CATGCT,1.440329218106996,1.271168545969002,1.1330644675150474,1.1860416139834922,126,301
6,ATCCAG,1.0516689529035208,0.9079775328350016,1.158236951001218,1.1859416796632034,92,215
6,GTTAGG,0.3886602652034751,0.3040668947168377,1.278114982123183,1.1844874225839142,34,72
6,TGGACC,0.9602194787379973,0.8235145065247689,1.1659817440443752,1.1830270671487702,84,195
6,CCCGCA,3.2007315957933242,2.947759618227121,1.0858154764229728,1.1821947323151456,280,698
6,ATCATC,1.3946044810242342,1.2289370328138858,1.1347945129294046,1.180814393739204,122,291
6,GGCCCA,1.520347508001829,1.3471852696482114,1.1285267806712025,1.1805058641137811,133,319
6,ACGAAA,1.2231367169638776,1.0684572828244436,1.1447553974182652,1.179890243807338,107,253
6,AGGCCG,2.8120713305898493,2.576122302462097,1.0915872158634197,1.176323012118453,246,610
6,CGTTAG,0.3543667123914037,0.2745048355082563,1.2908247290523271,1.174853673111634,31,65
5,GGTTC,3.2693187014174665,3.0153300392753075,1.0842296650341787,1.1742276953502067,286,714
6,CCAGCC,2.732053040695016,2.5001055787828874,1.0927713560358672,1.1731742223962724,239,592
6,TCATCC,1.6803840877914953,1.4992187170066305,1.120831794287581,1.1728631119404005,147,355
6,GGAGAA,1.131687242798354,0.9839942565142109,1.1500801222103365,1.172631595500987,99,233
6,GACGCT,1.4517604023776864,1.283837999915537,1.130787002544668,1.1719568226281216,127,304
6,CCTGAT,2.0233196159122087,1.8244013683010263,1.1090260884794045,1.1711674436554644,177,432
6,AGTACT,0.411522633744856,0.3251826512943959,1.2654306404196098,1.1710267765500555,36,77
6,AACTAT,0.7430269775948789,0.6250263946957219,1.1887627588602994,1.1675123290920617,65,148
6,ACCTTC,0.9945130315500686,0.8572997170488619,1.1600342428074153,1.1648876517120295,87,203
5,TCCGA,3.9551897576588932,3.678364795810634,1.075255569161225,1.1641328030836515,346,871
6,GCCCTC,1.7146776406035666,1.5330039275307235,1.1185005855183308,1.163676439102407,150,363
6,AACGTC,0.9259259259259258,0.7939524473161874,1.166202470700512,1.1629350511071863,81,188
6,AACTGG,0.9259259259259258,0.7939524473161874,1.166202470700512,1.1629350511071863,81,188
5,CACCT,3.692272519433013,3.4249757168799357,1.078041136794655,1.1629286984967395,323,811
6,ATTACA,0.8573388203017833,0.7306051775835128,1.173440187104444,1.1627042433556554,75,173
6,ACCCCC,0.903063557384545,0.7728366907386292,1.1684832253485977,1.1626463149591417,79,183
6,TCCATG,1.4631915866483767,1.296507453862072,1.1285540448574622,1.1580262060463047,128,307
6,ACATGT,0.51440329218107,0.41809198023565186,1.2303040624814146,1.1577067393348637,45,99
6,TTTTCC,1.931870141746685,1.7399383419907937,1.1103032014434238,1.1564340642128101,169,412
6,TGAGTA,0.6401463191586648,0.5321170657544659,1.202979686964862,1.1557501055342305,56,126
6,CGATTC,1.2688614540466392,1.1149119472950715,1.1380698270767742,1.1508654506677578,111,264
6,TGGTCC,0.6858710562414266,0.5743485789095824,1.1941383118111915,1.149971121000216,60,136
6,GGTAGT,0.4572473708276178,0.36741416444951225,1.2444346778107556,1.1495377324417406,40,87
6,AGAACG,1.0059442158207592,0.8699691709953968,1.1562807295767084,1.1465667946564257,88,206
5,ACCTG,4.435299497027892,4.147134591832426,1.0694836279006206,1.1449605028781422,388,982
6,ACCATC,1.4746227709190671,1.3091769078086068,1.1263643024051913,1.1442464145359874,129,310
6,ACCGTC,1.577503429355281,1.4063093880653743,1.1217241883783198,1.1436455281204196,138,333
6,CCATCT,0.9373571101966164,0.8066219012627222,1.1620573443329862,1.143623812854266,82,191
6,TCTTTG,0.7773205304069501,0.658811605219815,1.1798555743263925,1.1435846988390417,68,156
6,GGCGAA,1.7604023776863282,1.5794585920013513,1.1145533863708819,1.1426878996437262,154,374
6,GTTCAC,0.8687700045724738,0.7432746315300477,1.168818476875012,1.1422406649014953,76,176
5,GCCGG,18.975765889346135,18.42138603826175,1.0300941981517087,1.1394189228284992,1660,4362
6,TCGCCT,1.7375400091449476,1.5583428354237931,1.1149847589195818,1.1391097401425787,152,369
6,CTAGCT,0.24005486968449932,0.17737235525148864,1.3531959349059517,1.1377176356407652,21,42
5,CAAAA,6.081390032007316,5.747708940411335,1.058053615743898,1.1375065122874506,532,1361
6,GGGTGA,1.131687242798354,0.9882174078297226,1.1451657471901475,1.137407295560474,99,234
6,AGGGGC,1.2802926383173296,1.1275814012416066,1.1354205513255642,1.135639202493529,112,267
6,GCGCGT,2.58344764517604,2.3649647366865154,1.0923792508088475,1.1354566206048462,226,560
6,GCAGCA,2.034750800182899,1.8412939735630727,1.105059986834588,1.1344543191969219,178,436
6,AAGTCT,0.4229538180155464,0.3378521052409308,1.2518158977407328,1.1344003261884374,37,80
6,TCCGTA,0.4229538180155464,0.3378521052409308,1.2518158977407328,1.1344003261884374,37,80
5,TGGTC,3.680841335162323,3.4207525655644244,1.0760303943572573,1.1325316832601655,322,810
6,GTCCGA,1.0173754000914494,0.8826386249419317,1.1526349604996393,1.1285449557849927,89,209
6,AGTATG,0.4458161865569273,0.35896786181848894,1.2418716180796507,1.124653206946743,39,85
6,GTCAAA,0.720164609053498,0.6081337894336754,1.184190391204892,1.1242917510469017,63,144
6,CCTGAA,1.440329218106996,1.2796148486000254,1.1255860785571004,1.1242272230058596,126,303
6,GTCGGA,0.7430269775948789,0.6292495460112336,1.1807857530123878,1.1231120956443976,65,149
6,GTAGTA,0.33150434385002286,0.2576122302462097,1.2867233484930811,1.1225777316180519,29,61
6,GAACTC,0.7658893461362597,0.6503653025887918,1.1776021612339551,1.1222698667734163,67,154
6,AAGGGT,0.5486968449931412,0.4518771907597449,1.2142135846958308,1.1219517738584324,48,107
5,CGGAC,5.989940557841793,5.663245914101102,1.057685800707892,1.121504865629605,524,1341
6,GTTCGG,1.29172382258802,1.1402508551881414,1.1328301432061345,1.1206031441568842,113,270
6,TCACCC,1.520347508001829,1.3556315722792347,1.1214959798020168,1.1204834577624643,133,321
5,GCCTA,2.1604938271604937,1.9637653617129103,1.1001741103453213,1.1185069075270053,189,465
6,TTCGAT,1.2688614540466392,1.1191350986105832,1.13377560766449,1.1178228693061958,111,265
6,TGGCTG,2.0804755372656607,1.8877486380337007,1.1020881098988402,1.1168801197006633,182,447
6,AGGCAA,1.0973936899862824,0.9586553486211411,1.1447067195658116,1.116619262162264,96,227
5,GGGAC,3.0064014631915867,2.774610414291144,1.0835370234337258,1.1158059484333622,263,657
5,GTCTC,2.3319615912208507,2.1284682630178637,1.095601034619616,1.1129182246835418,204,504
5,ATCGC,8.2533150434385,7.876177203429199,1.047882753522832,1.1124792963888843,722,1865
6,GATCAT,1.2231367169638776,1.0769035854554667,1.1357777573661172,1.1124111278632096,107,255
6,GCGGGT,2.1719250114311843,1.9764348156594451,1.0989055159681145,1.1081529683706568,190,468
6,TGCTGT,1.5317786922725194,1.3683010262257698,1.1194661966146304,1.1072625607866042,134,324
6,CCTGAC,1.8747142203932328,1.6934836775201654,1.10701009066079,1.107031815746711,164,401
6,ACGCTT,0.9602194787379973,0.831960809155792,1.1541457885900628,1.106011269837571,84,197
6,GGGTTT,1.1545496113397347,1.0135563157227923,1.1390937869473112,1.1047218264328342,101,240
5,GTCAT,4.62962962962963,4.345622703661473,1.0653532094279434,1.104109124797807,405,1029
6,AAACGG,1.4060356652949246,1.2500527893914437,1.1247710497685734,1.1039009176301104,123,296
5,TACTC,1.4060356652949246,1.2500527893914437,1.1247710497685734,1.1039009176301104,123,296
6,AATGTC,0.7087334247828074,0.5996874868026522,1.181807624166115,1.1023027093682418,62,142
6,TCTCGA,0.7087334247828074,0.5996874868026522,1.181807624166115,1.1023027093682418,62,142
6,TGGGCG,2.2062185642432555,2.010220026183538,1.0974961874263414,1.1020534352305649,193,476
6,GCTCGA,1.3831732967535437,1.2289370328138858,1.125493585483371,1.1006534200727143,121,291
6,ACAAAG,0.7773205304069501,0.6630347565353267,1.1723417039226403,1.1003958485009795,68,157
6,GCCAGG,2.1833561957018746,1.9891042696059802,1.0976530812164262,1.097871119935157,191,471
6,ACTCGG,0.5601280292638318,0.4645466447062798,1.2057076827014912,1.0936495603273495,49,110
6,TGGGTC,0.5601280292638318,0.4645466447062798,1.2057076827014912,1.0936495603273495,49,110
6,GCATGA,1.9433013260173753,1.7610540985683518,1.1034817041831677,1.092558755302373,170,417
6,CCGCGT,2.4691358024691357,2.263609105114236,1.0907920089602359,1.091416369434222,216,536
6,AGAACT,0.5829903978052127,0.485662401283838,1.2003613212223572,1.090019528513389,51,115
6,GACCCG,2.05761316872428,1.8708560327716541,1.0998190939185042,1.0873810522922327,180,443
6,CCGAGG,1.577503429355281,1.4147556906963976,1.1150278008768362,1.0849537588815361,138,335
6,GAACGC,1.8975765889346137,1.7188225854132353,1.1039918871497085,1.0843910644708612,166,407
6,GGGGTC,0.6744398719707362,0.5701254275940707,1.182935448558994,1.0811418326220266,59,135
6,CTCCTC,0.8344764517604023,0.7179357236369779,1.1623049164366432,1.0800504253770715,73,170
6,CAACGG,1.6346593507087332,1.469656657798049,1.1122653141492738,1.0799396286157894,143,348
6,TGAACT,0.8116140832190215,0.6968199670594197,1.1647163542235177,1.0794085276939607,71,165
5,CGAAC,5.018289894833105,4.729929473373031,1.0609637684254092,1.0773276342136104,439,1120
5,CTCGA,3.680841335162323,3.4334220195109593,1.0720599181381116,1.0759905608857474,322,813
5,CCTGT,4.13808870598994,3.8768529076396807,1.0673817311103997,1.0722820736332204,362,918
6,ATGTCC,1.2802926383173296,1.1360277038726296,1.1269795058715277,1.0700420197738874,112,269
6,ACGTGA,0.9602194787379973,0.8361839604713037,1.1483174664701101,1.067712305765776,84,198
5,GTTCG,4.206675811614083,3.9444233286878667,1.066485215341204,1.0676991284407888,368,934
6,GGCATC,2.6977594878829447,2.487436124836353,1.0845508778532527,1.0675610263961837,236,589
6,GTTACC,0.5715592135345221,0.4772160986528147,1.1976533269001046,1.0662198315013196,50,113
5,TGAAC,4.332418838591678,4.066894716837704,1.0652875502037613,1.0654712586353121,379,963
6,CAATGG,0.9144947416552356,0.7939524473161874,1.1518064641025518,1.0641681099108422,80,188
6,CCCGCC,5.829903978052126,5.5238819206892185,1.05539881588257,1.0632139646294319,510,1308
6,AGCGAG,0.8916323731138546,0.7728366907386292,1.1536939361252245,1.0626037048249861,78,183
6,GCCAGA,1.211705532693187,1.0726804341399552,1.129593245858075,1.060479425334884,106,254
6,TCCGCC,3.3493369913123003,3.1166856708475863,1.0746446323341334,1.0598111411859803,293,738
6,GGTCCA,0.6401463191586648,0.5405633683854892,1.1841866059292065,1.0596142969612259,56,128
6,TAAGCG,0.4686785550983082,0.3843067697115588,1.2194856907698532,1.059088082132794,41,91
6,AAGCGT,0.823045267489712,0.7094894210059546,1.160030354346002,1.0588954444049272,72,168
6,AGCTAG,0.2743484224965706,0.21115756577558173,1.2991176031447618,1.0584505097699777,24,50
6,CTCCGA,0.8001828989483311,0.6883736644283964,1.1624016143199374,1.0580390466704048,70,163
5,GCAGT,3.5322359396433476,3.2940580260990755,1.072303123182685,1.0566748241064485,309,780
6,TGGGGC,1.29172382258802,1.1486971578191647,1.1245012348745467,1.0553980572362935,113,272
5,GGTCG,5.692729766803841,5.392964229908357,1.055583528049429,1.053276916876133,498,1277
6,ACTAGA,0.205761316872428,0.15203344735841884,1.3531627689171402,1.0531754280481966,18,36
6,GACGCA,1.5546410608139003,1.3978630854343512,1.1121474358035983,1.0517503805287636,136,331
6,AGGCAT,0.9716506630086876,0.8488534144178386,1.1446454499214849,1.0497004389813713,85,201
6,AGAAAG,0.9716506630086876,0.8488534144178386,1.1446454499214849,1.0497004389813713,85,201
6,GCTGCC,3.543667123914038,3.30672748004561,1.071651649594118,1.0493229766602328,310,783
5,GCTGT,5.109739368998628,4.827061953629799,1.0585597537609588,1.0462752231516244,447,1143
6,TTTCGA,1.0973936899862824,0.9671016512521644,1.1347103146127167,1.045441186661556,96,229
6,CTGGCT,1.5089163237311385,1.3556315722792347,1.1130642337953403,1.0438565469764884,132,321
5,GGGTC,3.166438042981253,2.9435364669116093,1.0757232010729594,1.043739393179921,277,697
6,AAACAT,1.2002743484224965,1.0642341315089319,1.127817207854358,1.0420131013727651,105,252
6,TTTGTC,0.8802011888431641,0.7643903881076058,1.1514875824956181,1.041861243299173,77,181
5,TGCAG,4.869684499314129,4.594788631276659,1.0598264484945945,1.0414157684718792,426,1088
6,AAAGGA,1.3031550068587106,1.1613666117656996,1.1220770305893337,1.0409326701621837,114,275
6,GAGCGG,1.80612711476909,1.6385827104185142,1.1022433466133208,1.0407755724838905,158,388
6,CCGCGA,2.6177411979881113,2.4156425524726552,1.0836590162758015,1.040673422169503,229,572
6,CTTAGC,0.3543667123914037,0.2829511381392795,1.2523062607046755,1.0398560213443442,31,67
6,GGGTCT,0.5829903978052127,0.4898855525993497,1.190015490685279,1.039612079475429,51,116
6,GCCTTC,1.7261088248742569,1.562565986739305,1.1046562986094066,1.0395992078534264,151,370
6,ACGATT,0.7887517146776405,0.6799273617973732,1.160029373807305,1.03643942151026,69,161
6,GCCCGA,2.5377229080932784,2.3396258287934457,1.0846667916650679,1.0359599012935505,222,554
6,TGGAGA,0.7658893461362597,0.658811605219815,1.1625069889013766,1.0355744128107514,67,156
6,GACCTT,0.7658893461362597,0.658811605219815,1.1625069889013766,1.0355744128107514,67,156
6,GCTCTC,0.720164609053498,0.6165800920646987,1.1679712355266558,1.0345747276703916,63,146
6,CTATGG,0.4572473708276178,0.3758604670805355,1.2164772918256008,1.033382988979821,40,89
5,TGCGA,3.543667123914038,3.3109506313611217,1.0702847882628874,1.0301654115580812,310,784
5,GTTTT,6.2871513488797435,5.979982262764475,1.0513653613141554,1.0287340678154395,550,1416
5,CCTGC,9.739368998628258,9.362726466489296,1.0402274391698931,1.0283883197033254,852,2217
6,AAAACC,1.8747142203932328,1.7061531314667007,1.098790200479595,1.0269671269465401,164,404
5,CTGGG,4.160951074531321,3.9106381181637735,1.0640065759466089,1.0236218385472171,364,926
6,AACACC,1.188843164151806,1.0557878288779088,1.1260127559338335,1.0234115693444197,104,250
6,TGCAGC,1.5546410608139003,1.4020862367498628,1.1087978330308286,1.0223412391671216,136,332
6,TACCCT,0.5258344764517604,0.43920773681320996,1.1971891965002732,1.020350097445822,46,104
6,CTTTAC,0.5486968449931412,0.46032349339076817,1.1919392751910887,1.0175633793652616,48,109
6,AAGCAA,1.1431184270690442,1.0135563157227923,1.1278166074009681,1.0166312440969536,100,240
6,ACGACC,1.3488797439414724,1.2078212762363276,1.116777864981945,1.0164053055362063,118,286
5,GCGCC,18.587105624142662,18.096203386967353,1.0271272108274248,1.0162486418160923,1626,4285
6,AAGAGA,0.8001828989483311,0.6925968157439081,1.1553148228188155,1.0159138825518206,70,164
6,AGCGGA,1.2459990855052583,1.11068879597956,1.1218145969921975,1.0155490739716981,109,263
5,AAGGT,2.709190672153635,2.508551881413911,1.0799787297018832,1.0148171287072656,237,594
6,TCGGCT,1.4288980338363055,1.283837999915537,1.1129805597546854,1.014722203149409,125,304
5,CTGTC,4.332418838591678,4.079564170784239,1.0619792848681544,1.0135491337709814,379,966
6,ACATCC,1.1202560585276635,0.9924405591452341,1.1287760970619707,1.0133020750673216,98,235
6,CCGTAA,0.4229538180155464,0.34629840787195404,1.2212926168296014,1.013219980944407,37,82
6,CCCCCT,1.3260173754000915,1.1867055196587695,1.1173838960416842,1.012520456850385,116,281
6,TGTGCA,0.6401463191586648,0.5447865197010009,1.1750085495049343,1.0119473787325566,56,129
6,TGAAAG,1.2231367169638776,1.0895730394020018,1.1225722512462764,1.0118964751435466,107,258
6,TCCAGA,0.6630086877000457,0.565902276278559,1.1715654079343234,1.0116328073609095,58,134
5,CCACA,3.4293552812071333,3.205371848473331,1.0698753392080105,1.0071959095008922,300,759
6,CCGGGA,1.8404206675811614,1.6765910722581192,1.0977100659946863,1.0068864412066902,161,397
6,AGCGTC,1.0745313214449017,0.9502090459901178,1.1308229948766337,1.0067842975872843,94,225
6,CGGTAC,0.9259259259259258,0.8108450525782339,1.141909581890679,1.0066854081445962,81,192
6,CGCCGC,9.236396890717877,8.877064065205456,1.040478335521684,1.0048557962303246,808,2102
6,ACCCCG,1.6803840877914953,1.5245576248997001,1.1022042328368944,1.002938192738741,147,361
6,CATCGC,3.406492912665752,3.1842560918957727,1.0697901912840635,1.0025492817123967,298,754
6,TGAGCA,1.2574302697759487,1.123358249926095,1.119338675788507,1.000951165115654,110,266
6,TTCCAG,1.02880658436214,0.9079775328350016,1.1330602808219605,1.0004827603959832,90,215
6,GAATGA,0.8573388203017833,0.7474977828455593,1.1469253119480092,0.9997571752310859,75,177
5,GCGAC,7.007315957933242,6.693694835085941,1.04685251498947,0.9971695833544111,613,1585
6,GAATTG,0.8116140832190215,0.705266269690443,1.1507696328820063,0.9958084246988304,71,167
6,GAGGCG,1.8518518518518516,1.6892605262046538,1.096244302577898,0.9957761140308614,162,400
6,GATCTA,0.30864197530864196,0.24494277629967484,1.2599513438872658,0.9957046235477173,27,58
6,AAGAAA,2.217649748513946,2.0397820853921194,1.0871950709286393,0.9943064388240958,194,483
6,ACGCGC,2.7663465935070874,2.567675999831074,1.077370687197436,0.9938667120835167,242,608
6,AAAGTC,0.6058527663465935,0.5152244604924194,1.175866493446816,0.9886804884686892,53,122
6,TCCCCG,1.5889346136259717,1.4400945985894675,1.103347155434605,0.9850845266527702,139,341
6,CTGACC,2.1719250114311843,1.9975505722370033,1.087289760089981,0.9847997229262291,190,473
6,AAACGA,1.1202560585276635,0.9966637104607459,1.1239936273460318,0.9783689100159568,98,236
6,CTGGAT,0.9945130315500686,0.8784154736264199,1.1321519784329013,0.9773106899734002,87,208
6,TCCATC,1.3031550068587106,1.1698129143967229,1.1139760838786423,0.9764481715448439,114,277
6,CTGAAT,0.823045267489712,0.7179357236369779,1.1463848390722617,0.9761064068979556,72,170
6,CGCCTT,2.1833561957018746,2.010220026183538,1.0861236854149159,0.9749314778853362,191,476
6,TGTAAG,0.3543667123914037,0.2871742894547912,1.2338964028564303,0.9734255419104384,31,68
6,ACCCGA,1.3603109282121628,1.2247138814983742,1.1107082869994145,0.9711379557698046,119,290
6,CCCCTC,1.3603109282121628,1.2247138814983742,1.1107082869994145,0.9711379557698046,119,290
5,CCATT,3.3950617283950617,3.180032940580261,1.0676162889516077,0.9709250363918498,297,753
6,TACAAG,0.5029721079103796,0.42231513155116346,1.190942441060369,0.9695343487622335,44,100
6,GTTGCT,1.0516689529035208,0.9333164407280712,1.1267949727595687,0.9674924001321189,92,221
6,GTCACA,0.6630086877000457,0.5701254275940707,1.1628886675535912,0.9651418478371987,58,135
6,GGCATA,0.6630086877000457,0.5701254275940707,1.1628886675535912,0.9651418478371987,58,135
6,AAGTGG,0.5715592135345221,0.485662401283838,1.1768288612368196,0.9648923941508188,50,115
6,ATCTCA,0.6401463191586648,0.5490096710165125,1.1659716682342163,0.9645434134310372,56,130
6,TGTGGA,0.6172839506172839,0.5278939144389544,1.1693012622566215,0.9642744436208157,54,125
5,CTGTT,4.172382258802012,3.9359770260568436,1.0600611296933888,0.9642440964891221,365,932
6,TTGATC,1.02880658436214,0.9122006841505131,1.127815206364998,0.9639505065558314,90,216
5,TGAGG,2.6634659350708736,2.474766670889818,1.0762462343529844,0.9612120335895934,233,586
6,CCCGAC,2.343392775491541,2.1664766248574687,1.0816570014668698,0.9609558566376252,205,513
6,CCAGGT,0.8573388203017833,0.751720934161071,1.1404827683583556,0.9594318545236924,75,178
6,ATTATG,1.108824874256973,0.9882174078297226,1.1220331297129496,0.9590123359248375,97,234
6,AACTGA,0.9373571101966164,0.8277376578402804,1.1324166052584739,0.9503223592587617,82,196
6,GAGTCA,0.4458161865569273,0.37163731576502385,1.1995464744755193,0.9492192738429981,39,88
6,GAACCT,0.720164609053498,0.6250263946957219,1.1521903652845826,0.9457305356030841,63,148
6,TCACCG,2.0461819844535896,1.8835254867181892,1.0863528864322145,0.9455699095896011,179,446
6,TACACG,0.3429355281207133,0.27872798682376787,1.2302765300870875,0.9445616441566687,30,66
6,GAATCC,1.0173754000914494,0.9037543815194898,1.1257072166657518,0.9438696184376164,89,214
5,TCTTT,5.224051211705532,4.9664259470416825,1.051872328345995,0.941568146066365,457,1176
6,GTACGT,0.28577960676726105,0.22805017103762829,1.253032620870188,0.9359432174537436,25,54
6,ATGGCC,2.1719250114311843,2.0059968748680266,1.082711926149665,0.9357174837631299,190,475
5,GCGAG,5.109739368998628,4.85662401283838,1.0521164792339768,0.9349076754770976,447,1150
6,GCCCCT,1.5317786922725194,1.3936399341188395,1.0991137261493586,0.9296559249116605,134,330
6,GCACCA,1.7832647462277091,1.6343595591030027,1.0911036227818487,0.9274979607070072,156,387
5,AGCTC,2.0118884316415184,1.8539634275096077,1.0851777785963,0.9253527157430373,176,439
6,AGCCTT,0.7315957933241883,0.6376958486422568,1.1472257069120568,0.9247550528512919,64,151
6,AGACAC,0.7315957933241883,0.6376958486422568,1.1472257069120568,0.9247550528512919,64,151
6,CCCATT,0.8802011888431641,0.7770598420541408,1.1327157441851425,0.922578792657462,77,184
5,GGACC,3.8751714677640603,3.6572490392330756,1.0595848047843641,0.9208046390493472,339,866
6,CGGGAG,1.4860539551897578,1.3514084209637232,1.0996261156330958,0.9199331947413125,130,320
6,ACGTCC,0.8573388203017833,0.7559440854765827,1.1341121989748588,0.9192681592489325,75,179
6,GTCTGT,0.6630086877000457,0.5743485789095824,1.1543395040836517,0.9188962570904693,58,136
5,TAGGT,1.3260173754000915,1.1993749736053043,1.1055815290702844,0.9170234986472382,116,284
6,GGTAAG,0.48010973936899864,0.40542252628911696,1.1841752510355825,0.9169990067515766,42,96
6,CACTGT,0.5029721079103796,0.42653828286667517,1.1791536955617976,0.9156106338888734,44,101
6,GCGCAG,3.3950617283950617,3.192702394526796,1.063379849067752,0.9124594243193452,297,756
6,AATCCC,0.9373571101966164,0.831960809155792,1.1266689884694356,0.9120858948288479,82,197
6,ACCGTT,1.0402377686328304,0.9290932894125596,1.119613949526623,0.9114575103454486,91,220
6,CCCTCA,1.0402377686328304,0.9290932894125596,1.119613949526623,0.9114575103454486,91,220
6,CAGCCT,1.440329218106996,1.3091769078086068,1.100171559978022,0.9101400895353138,126,310
6,AGGGCG,1.9433013260173753,1.7906161577769333,1.0852648632098074,0.9100270393488223,170,424
6,TAGCAC,0.3543667123914037,0.29139744077030283,1.216019981014928,0.9076855461712949,31,69
6,ACTAGG,0.21719250114311844,0.1689260526204654,1.2855562664711313,0.9052131566703786,19,40
6,TTCACG,0.8916323731138546,0.7897292960006757,1.12901911543313,0.9046535449048713,78,187
5,CCATG,9.625057155921352,9.295156045441107,1.0354913419132812,0.9042047732142905,842,2201
6,TTCCCT,0.9945130315500686,0.8868617762574433,1.1213707942938222,0.9031813531416636,87,210
5,CTAGG,0.9945130315500686,0.8868617762574433,1.1213707942938222,0.9031813531416636,87,210
6,TCGCAG,1.1774119798811158,1.0600109801934203,1.1107440653678309,0.903004310842986,103,251
6,TTGTAC,0.3772290809327846,0.3125131973478609,1.207015839810854,0.901929873858942,33,74
6,TACACA,0.3772290809327846,0.3125131973478609,1.207015839810854,0.901929873858942,33,74
6,TTGCGA,0.8687700045724738,0.7686135394231176,1.1302910122079008,0.9010311528993642,76,182
5,CGATT,4.412437128486511,4.18514295367203,1.0543084779857423,0.9009070488739173,386,991
6,GGGGCT,1.5317786922725194,1.3978630854343512,1.0957933784042375,0.9002791564854349,134,331
6,GGGTCG,1.0745313214449017,0.9628784999366526,1.1159452900719942,0.9000049148295082,94,228
6,AGGACC,0.6973022405121171,0.6081337894336754,1.1466022648321892,0.8991817778687063,61,144
6,CGCGTA,0.6973022405121171,0.6081337894336754,1.1466022648321892,0.8991817778687063,61,144
6,ACAAGC,1.1545496113397347,1.0388952236158622,1.111313685660053,0.8983998036003356,101,246
6,GTTCGA,0.8459076360310928,0.7474977828455593,1.1316347579455879,0.8974807625185578,74,177
6,TGCTAA,0.40009144947416553,0.33362895392541914,1.1991511217920854,0.8974805181143921,35,79
5,AGGGA,2.7206218564243256,2.542337091938004,1.0701235696456983,0.8970359537006034,238,602
6,CAAGCT,1.0516689529035208,0.9417627433590946,1.1166902612077558,0.8956178226779712,92,223
6,TAGAAG,0.4229538180155464,0.3547447105029773,1.192222415872807,0.8941235612203385,37,84
6,CAGTTG,0.823045267489712,0.7263820262680012,1.1330566176816208,0.8940105201747689,72,172
6,GACAAC,1.29172382258802,1.1698129143967229,1.1042051136380195,0.8938688318604014,113,277
5,GGCAC,6.43575674439872,6.165800920646987,1.0437820567060632,0.8921109074804263,563,1460
6,CTGAGG,0.5829903978052127,0.5025550065458845,1.1600210685496986,0.8902258123364907,51,119
6,GTAACC,0.4686785550983082,0.3969762236580937,1.180575736264568,0.8900376385528853,41,94
5,ATCCC,4.401005944215821,4.1766966510410075,1.0537036662100627,0.8900032049524504,385,989
6,ACATCA,1.108824874256973,0.9966637104607459,1.1125253283392325,0.8891968545741679,97,236
6,GGAGCT,0.5372656607224509,0.46032349339076817,1.1671117317777282,0.8887617519215848,47,109
6,TCTCGC,1.188843164151806,1.0726804341399552,1.108281924534705,0.8885298852964472,104,254
6,TAGTAC,0.24005486968449932,0.19004180919802355,1.263030317726648,0.8869312329743189,21,45
6,ATCCAC,1.0059442158207592,0.8995312302039782,1.1182851173281894,0.886895609018701,88,213
6,GGCTTG,1.771833561957019,1.630136407787491,1.0869181632140303,0.8842028823614151,155,386
6,CGAGAC,0.9830818472793781,0.8784154736264199,1.119140045673762,0.8825662731107268,86,208
5,CGGAG,4.4467306812985825,4.223151315511635,1.0529401044559579,0.8825172120520038,389,1000
5,TCATG,5.738454503886603,5.4858735588496135,1.0460412253773155,0.8814304305990057,502,1299
6,GGACCA,0.7315957933241883,0.6419189999577685,1.1396793449606923,0.8811311254984787,64,152
5,CGCGC,17.20393232738912,16.79124963047426,1.0245771010667237,0.8800931848967684,1505,3976
6,TAGGGC,0.3429355281207133,0.2829511381392795,1.2119206811029233,0.8778877296719685,30,67
5,TTCGC,5.486968449931413,5.240930782549938,1.0469445186623705,0.8771805527173545,480,1241
5,TCGTA,1.5546410608139003,1.423201993327421,1.0923479824399027,0.8762352798783765,136,337
6,CGTCCG,2.629172382258802,2.4578740656277716,1.0696908559884584,0.8762296385733515,230,582
6,CTTGCA,0.8344764517604023,0.739051480214536,1.1291006973539028,0.8754661900243492,73,175
6,GCTTGG,1.0402377686328304,0.9333164407280712,1.1145483658091129,0.8754322375813951,91,221
6,GCGTCT,1.2002743484224965,1.0853498880864902,1.1058772602930602,0.874242705621705,105,257
6,TTCGTC,1.1202560585276635,1.0093331644072807,1.109886318412685,0.8742000663099172,98,239
5,CTCCC,4.240969364426155,4.024663203682588,1.053743822877741,0.8736011720122436,371,953
6,AGATTG,0.6630086877000457,0.578571730225094,1.145915124352294,0.8728931688986035,58,137
6,CGTAGA,0.36579789666209417,0.3040668947168377,1.2029510871086895,0.8726101834680143,32,72
6,AGGGCT,0.8116140832190215,0.7179357236369779,1.13046476170788,0.8717394579214036,71,170
6,TTTCGT,1.0173754000914494,0.9122006841505131,1.1152851442163167,0.8708625020102683,89,216
5,GCATA,2.1033379058070416,1.9510959077663752,1.0780249678849239,0.8708109644069377,184,462
6,AATTAT,2.3090992226794693,2.149584019595422,1.0742040233029544,0.8705977249062696,202,509
6,GAACGA,1.0973936899862824,0.9882174078297226,1.1104668209743505,0.869417868356799,96,234
6,TGTAGC,0.411522633744856,0.34629840787195404,1.1882925105620348,0.8657562255689923,36,82
6,GACCAC,1.5089163237311385,1.3809704801723046,1.0926425156396589,0.8656683863876926,132,327
6,ACCCGT,0.8916323731138546,0.7939524473161874,1.1230144509066309,0.8655440642633868,78,188
6,CTCTTG,0.5715592135345221,0.4941087039148613,1.156716199059504,0.8648152003700126,50,117
6,GAGGTA,0.4572473708276178,0.3885299210270704,1.1768197611211741,0.862584948092707,40,92
6,GTAGCA,0.4572473708276178,0.3885299210270704,1.1768197611211741,0.862584948092707,40,92
6,AATAGG,0.5258344764517604,0.4518771907597449,1.163630570754462,0.8625778518650263,46,107
6,TCGACC,1.7375400091449476,1.6005743485789097,1.0855674739135022,0.8625529726596202,152,379
5,CCTTT,4.103795153177869,3.8937455129017273,1.0539440097405435,0.8618579446691739,359,922
6,ACGATC,1.29172382258802,1.1740360657122344,1.1002334910855462,0.8618133471044376,113,278
6,ATGGTT,0.7430269775948789,0.6545884539043034,1.1350848990281759,0.8610818970501835,65,155
5,TAGGG,1.211705532693187,1.098019342033025,1.1035280832497556,0.8601379144651976,106,260
6,CGCCCA,2.7434842249657065,2.5718991511465856,1.0667127256798001,0.8588608417404854,240,609
5,ACGAT,4.492455418381344,4.2738291312977745,1.0511534656675938,0.8582598019770713,393,1012
6,CGGAGC,1.6575217192501144,1.5245576248997001,1.0872091492404148,0.857453009639137,145,361
6,GCTGGG,1.7146776406035666,1.5794585920013513,1.085605592148936,0.8571284730511516,150,374
6,AACCCG,1.7146776406035666,1.5794585920013513,1.085605592148936,0.8571284730511516,150,374
6,CTTGGC,1.2688614540466392,1.1529203091346762,1.1005542955257874,0.8566330762670639,111,273
6,CAGACC,1.2688614540466392,1.1529203091346762,1.1005542955257874,0.8566330762670639,111,273
5,GGTAA,2.240512117055327,2.0862367498627474,1.0739455733609296,0.854434073837953,196,494
6,CCTGCG,2.903520804755373,2.728155749820516,1.0642773519111592,0.853237489579604,254,646
5,TTGCG,5.475537265660722,5.236707631234427,1.0456059590583047,0.8519497136559415,479,1240
5,AGACC,3.8065843621399176,3.6065712234469363,1.0554564378900684,0.8512695613117452,333,854
6,CGTCAT,1.8404206675811614,1.701929980151189,1.0813679482999885,0.8466952803740565,161,403
6,ATCCTC,0.9830818472793781,0.8826386249419317,1.1137859152181697,0.8455322978483228,86,209
6,GTTTGG,0.7773205304069501,0.6883736644283964,1.1291942895918925,0.8453044452845941,68,163
6,TTGTTG,1.0631001371742113,0.9586553486211411,1.1089378940136085,0.8445033439184991,93,227
6,ATTGCC,1.5317786922725194,1.4063093880653743,1.0892125047456758,0.8417150950257642,134,333
6,GTTTTC,1.5889346136259717,1.4612103551670257,1.0874039234768493,0.8410289002236354,139,346
6,TCTTAT,0.5829903978052127,0.5067781578613961,1.1503561334451038,0.8410287990057038,51,120
6,TGGCAA,1.337448559670782,1.2204907301828625,1.095820676493584,0.8406946615937916,117,289
6,AAACCG,1.646090534979424,1.5161113222686768,1.0857263171707898,0.8406606325350763,144,359
6,GTATAC,0.2514860539551898,0.20271126314455848,1.240493501467253,0.8399466894113036,22,48
6,GTGATC,1.0402377686328304,0.937539592043583,1.1095284131138459,0.8395234163701504,91,222
6,GAGTAA,0.3772290809327846,0.31673634866337264,1.1909273747302378,0.8391736090501762,33,75
6,GTGTAT,0.3772290809327846,0.31673634866337264,1.1909273747302378,0.8391736090501762,33,75
6,TGGCAG,1.2574302697759487,1.144474006503653,1.0986884750400239,0.8378193118323555,110,271
6,CTAAGT,0.19433013260173754,0.15203344735841884,1.2780235771800386,0.8368732171332546,17,36
6,GGCCTC,1.5089163237311385,1.3851936314878162,1.089311528928667,0.8361976778714688,132,328
6,CATGAT,1.5089163237311385,1.3851936314878162,1.089311528928667,0.8361976778714688,132,328
6,ATTTCG,1.1774119798811158,1.0684572828244436,1.1019643015942764,0.8357072298494268,103,253
6,AGTTCT,0.49154092363968904,0.42231513155116346,1.16388094771681,0.8350177307130968,43,100
6,TGACTA,0.4686785550983082,0.4011993749736053,1.1681517199700129,0.8345436317776445,41,95
6,TGGCAT,1.0973936899862824,0.9924405591452341,1.1057419063372413,0.8345366182715651,96,235
5,TCTAG,0.7087334247828074,0.6250263946957219,1.1339041684967242,0.8340636404734508,62,148
6,CACCTG,1.2345679012345678,1.123358249926095,1.0989886818809589,0.832456958461106,108,266
6,TCCGAT,1.2345679012345678,1.123358249926095,1.0989886818809589,0.832456958461106,108,266
6,CAGTGC,0.9144947416552356,0.8192913552092571,1.1161879312500989,0.8312962413112821,80,194
6,ACAGAA,0.9144947416552356,0.8192913552092571,1.1161879312500989,0.8312962413112821,80,194
6,CGTACC,0.8116140832190215,0.7221588749524895,1.1238547719782832,0.8307314323587133,71,171
6,TCGAGA,0.8116140832190215,0.7221588749524895,1.1238547719782832,0.8307314323587133,71,171
5,AGCGA,4.0009144947416555,3.800836183960471,1.0526392186286875,0.8306485204032868,350,900
6,TCGGAA,0.6858710562414266,0.6039106381181638,1.1356936665529866,0.8305310502494724,60,143
6,TTCAGC,1.1545496113397347,1.0473415262468855,1.1023523341460304,0.8304254215190714,101,248
6,GTGTAG,0.2743484224965706,0.22382701972211666,1.2256154832817796,0.8296259869185372,24,53
6,GGACCT,0.6630086877000457,0.5827948815406057,1.1376128161349315,0.8271297660864099,58,138
6,TGACCT,0.8916323731138546,0.798175598631699,1.1170733198438574,0.826583228135016,78,189
6,GGATCA,1.0516689529035208,0.9502090459901178,1.1067651700691672,0.8242028792840524,92,225
6,ATATCC,0.6401463191586648,0.5616791249630475,1.1396762369922142,0.8238774719284009,56,133
6,CGGTAG,0.7658893461362597,0.6799273617973732,1.1264095963898884,0.8222564110854252,67,161
6,CTTTCT,0.8687700045724738,0.7770598420541408,1.1180068211912884,0.8218923937513563,76,184
6,CTGGAC,1.188843164151806,1.0811267367709785,1.0996242727982444,0.8216577883899745,104,256
6,CGCGCA,3.7951531778692273,3.602348072131425,1.0535205787501407,0.821257583646471,332,853
6,ATAAGG,0.6172839506172839,0.5405633683854892,1.1419008327878677,0.8207945368212445,54,128
5,GACCT,3.543667123914038,3.3574052958317493,1.05547625742051,0.820554499294107,310,795
6,TTCGGC,2.194787379972565,2.048228388023143,1.0715505349661572,0.8192863548393747,192,485
6,GGTGGC,2.229080932784637,2.082013598547236,1.0706336745218967,0.8156706459390621,195,493
6,AGTGCT,0.5715592135345221,0.49833185523037293,1.1469154861105413,0.8152348329902799,50,118
6,ACTTAT,0.720164609053498,0.6376958486422568,1.1293027550850339,0.8140600560364424,63,151
6,TGCTCG,1.5317786922725194,1.410532539380886,1.085951620643068,0.812527187861634,134,334
6,GACGGT,1.1431184270690442,1.0388952236158622,1.1003115328003814,0.8107591737398915,100,246
6,TCAAAG,0.6973022405121171,0.6165800920646987,1.1308979314982484,0.8100917759433932,61,146
6,AGAATC,0.6973022405121171,0.6165800920646987,1.1308979314982484,0.8100917759433932,61,146
5,TCATC,5.601280292638317,5.371848473330799,1.042709236778152,0.8089443835980314,490,1272
6,GACCAT,1.3946044810242342,1.2796148486000254,1.0898556678857048,0.8081000096898475,122,303
6,AAGCCT,0.8001828989483311,0.7137125723214663,1.1211386994006638,0.8079985927311966,70,169
6,TTCCAA,0.8001828989483311,0.7137125723214663,1.1211386994006638,0.8079985927311966,70,169
5,AGAAC,3.189300411522634,3.0153300392753075,1.0576933870066296,0.8070311458020646,279,714
6,AACTAC,0.4572473708276178,0.39275307234258205,1.1641690062405683,0.806536514353938,40,93
6,TGGTAG,0.4572473708276178,0.39275307234258205,1.1641690062405683,0.806536514353938,40,93
5,CTAAG,0.8802011888431641,0.7897292960006757,1.1145461345895824,0.8046794114459308,77,187
6,TTTCCA,1.0973936899862824,0.9966637104607459,1.1010570293324333,0.7997614482421335,96,236
6,GACGAG,1.0173754000914494,0.9206469867815363,1.1050542816849465,0.7983375548603634,89,218
6,TGCGGC,3.5208047553726565,3.340512690569703,1.053969759892221,0.7963443130782577,308,791
6,TCGGCA,2.194787379972565,2.0524515393386547,1.069345805893757,0.7951038383405044,192,486
6,GGGTCC,0.7315957933241883,0.6503653025887918,1.1248805899593826,0.7944959014465567,64,154
5,GGCGA,8.299039780521262,8.028210650787617,1.0337342613551053,0.7933168111372834,726,1901
6,ATCTCG,0.9144947416552356,0.8235145065247689,1.11046458556729,0.7929871742532031,80,195
5,AGGCT,3.0864197530864197,2.9181975590185396,1.057643948454816,0.7928486330619039,270,691
6,AAACGC,1.7832647462277091,1.6554753156805608,1.0771873253586277,0.7923950656612055,156,392
6,CGCCCG,6.138545953360768,5.903965539085265,1.0397320139355783,0.7914942431692791,537,1398
6,GTCTCC,0.7087334247828074,0.6292495460112336,1.1262952826062023,0.7901171127699139,62,149
6,CTGCAG,1.3831732967535437,1.271168545969002,1.088104713311512,0.7898793398660384,121,301
5,TGCTG,7.864654778235025,7.601672367920942,1.0345948809811583,0.7897185147908394,688,1800
6,CGCCGG,7.933241883859169,7.669242788969129,1.0344226490006094,0.7895797618727445,694,1816
6,TCCTAA,0.28577960676726105,0.23649647366865154,1.2083003703919506,0.7891053008995582,25,56
6,GCAACG,2.0233196159122087,1.8877486380337007,1.0718124192518488,0.7887326897180471,177,447
6,GTGTTG,0.9716506630086876,0.8784154736264199,1.1061281129146225,0.7875046088890986,85,208
6,AGGTGC,0.9716506630086876,0.8784154736264199,1.1061281129146225,0.7875046088890986,85,208
6,TTCGCG,1.703246456332876,1.5794585920013513,1.0783686435934494,0.7854058093329872,149,374
5,CGCGT,6.824417009602195,6.579669749567127,1.0371969338366542,0.7853497243823144,597,1558
6,CTCGAA,0.7887517146776405,0.705266269690443,1.1183575804154,0.7850132417258785,69,167
6,CTGGCA,1.3031550068587106,1.1951518222897928,1.0903601923501038,0.7849686101667561,114,283
6,ACTAAG,0.205761316872428,0.16470290130495374,1.2491364851125961,0.7833987247453578,18,39
5,CGTGA,3.8294467306812985,3.644579585286541,1.050722468482843,0.7833245520538787,335,863
6,ATGTCG,1.2231367169638776,1.1191350986105832,1.0929220487120193,0.7805670032964255,107,265
6,CTCTGT,0.3772290809327846,0.32095949997888423,1.1752621584397944,0.7770118557500761,33,76
6,GCAGGA,1.771833561957019,1.6470290130495377,1.0757709614236075,0.7759769782677973,155,390
6,CACGAT,1.2574302697759487,1.1529203091346762,1.0906401733025028,0.7731689191850871,110,273
6,CAGGAC,1.2574302697759487,1.1529203091346762,1.0906401733025028,0.7731689191850871,110,273
6,TCCATT,0.823045267489712,0.739051480214536,1.1136354178047467,0.7721383429260992,72,175
5,GAGTA,1.5432098765432098,1.4274251446429327,1.0811087162525872,0.7718760403767967,135,338
6,GCTCCC,1.3717421124828533,1.2627222433379788,1.0863303364507626,0.7715406764484194,120,299
6,CTAGGT,0.2286236854138089,0.18581865788251192,1.2302352438362958,0.7708499682160105,20,44
6,GACTCG,0.594421582075903,0.5236707631234427,1.1350797408594295,0.7696495086356431,52,124
5,ATGTC,3.8866026520347505,3.7037037037037033,1.0493813827520484,0.7691454700475479,340,877
6,CCATTC,0.9602194787379973,0.8699691709953968,1.1037277388409823,0.7661899971933214,84,206
6,GATTCA,0.9602194787379973,0.8699691709953968,1.1037277388409823,0.7661899971933214,84,206
6,AGCCTG,1.520347508001829,1.4063093880653743,1.0810845838375147,0.7658370316836848,133,333
6,GGGAGG,1.3488797439414724,1.2416064867604206,1.0863917989676648,0.7655182664749802,118,294
5,GGTTG,3.86374028349337,3.6825879471261453,1.0491902487987315,0.763915151626841,338,872
6,CGGGCA,2.6634659350708736,2.5127750327294227,1.059967527385464,0.7635274361124145,233,595
5,AAACC,4.778235025148605,4.577896026014612,1.0437612872522302,0.7618423851697429,418,1084
6,GCACTC,0.6744398719707362,0.5996874868026522,1.1246314516606108,0.7612254088897364,59,142
5,GAGGC,4.812528577960676,4.611681236538705,1.043550925579617,0.7611293582483567,421,1092
6,GGCTGT,1.3260173754000915,1.2204907301828625,1.0864553880410182,0.7594511521252457,116,289
6,TGCCAG,1.0745313214449017,0.9797711051986994,1.0967068176043284,0.7591846421847382,94,232
6,TCGATT,1.0745313214449017,0.9797711051986994,1.0967068176043284,0.7591846421847382,94,232
6,GGGGGG,0.7544581618655692,0.6757042104818616,1.1165336796696703,0.756611444098965,66,160
6,CCCGGT,2.1833561957018746,2.048228388023143,1.0659697968689212,0.755930956251877,191,485
6,CAGATG,0.9144947416552356,0.8277376578402804,1.104799634316338,0.7548186350340207,80,196
6,TCCCTT,0.8344764517604023,0.751720934161071,1.1100734414793532,0.7547159418848111,73,178
6,CGACCG,2.8006401463191586,2.647915874825795,1.0576749833508496,0.7545798072619552,245,627
6,GACTCC,0.6287151348879744,0.5574559736475357,1.1278062914011315,0.7521627783515209,55,132
5,GCATC,8.413351623228166,8.154905190252967,1.0316917557923935,0.7518514176518383,736,1931
6,TCCGGG,1.8289894833104712,1.7061531314667007,1.0719918689545085,0.7509888303289524,160,404
5,CGGCG,19.250114311842704,18.88170953165252,1.0195110950342239,0.7508516026304967,1684,4471
6,TTCTGC,1.108824874256973,1.0135563157227923,1.0939850687619392,0.7508258853888584,97,240
6,GGAAGA,0.9716506630086876,0.8826386249419317,1.1008362334576798,0.7505660123378758,85,209
6,GTTGTG,0.8116140832190215,0.7306051775835128,1.1108640093442474,0.7492280721259695,71,173
6,AGTCGA,0.6058527663465935,0.5363402170699776,1.129581166856377,0.7477764029704493,53,127
6,ATCGTA,0.3886602652034751,0.33362895392541914,1.1648982224369846,0.7463881416960043,34,79
6,ATCTAG,0.19433013260173754,0.15625659867393046,1.2435044907008144,0.7463186378769485,17,37
6,CATGAA,2.5377229080932784,2.394526795895097,1.059798926681874,0.7428098708108143,222,567
6,CGCATC,3.61225422953818,3.4418683221419824,1.0495024623847102,0.742245210961014,316,815
6,GAAACG,1.3717421124828533,1.2669453946534905,1.082709521120214,0.7407812863057369,120,300
6,GTTTTT,2.57201646090535,2.42831200641919,1.0591763070295714,0.7404328686813533,225,575
5,GTTCC,3.715134887974394,3.543223953714261,1.0485168549378412,0.7385861114027482,325,839
5,CCTCT,2.606310013717421,2.462097216943283,1.0585707740150776,0.7381240611081817,228,583
6,TCCCAC,0.8459076360310928,0.7643903881076058,1.1066295262720987,0.7376151712059407,74,181
6,GAGGAG,1.1202560585276635,1.0262257696693273,1.0916183648868447,0.7367535597565376,98,243
6,GGGACC,0.6630086877000457,0.5912411841716289,1.1213639527389778,0.736310986602262,58,140
6,TACCCC,0.5372656607224509,0.47299294733730307,1.135856418378021,0.7354133345116817,47,112
6,GTACCC,0.5372656607224509,0.47299294733730307,1.135856418378021,0.7354133345116817,47,112
6,TCAGCA,0.9830818472793781,0.8953080788884666,1.0980265539929808,0.7351863918212383,86,212
6,GGACCC,0.9830818472793781,0.8953080788884666,1.0980265539929808,0.7351863918212383,86,212
6,CTCGGC,2.05761316872428,1.9299801511888173,1.0661283509168509,0.7350849119153654,180,457
6,TGCTGG,2.4577046181984454,2.3185100722158873,1.0600336156780041,0.7334811559514371,215,549
5,CCTCA,3.5665294924554183,3.399636808986866,1.049089883377851,0.7314061859306584,312,805
5,GCTCG,5.909922267946959,5.6970311246251955,1.0373681311988006,0.7306467316211935,517,1349
5,ACCGG,8.024691358024691,7.779044723172432,1.0315775890015941,0.7301794731620974,702,1842
6,GATCTG,1.1545496113397347,1.0600109801934203,1.089178051083921,0.7291956969743095,101,251
6,CGGTGT,1.211705532693187,1.1149119472950715,1.0868094603227605,0.72840635851379,106,264
6,AGTTGT,0.49154092363968904,0.4307614341821867,1.1410650493072494,0.7280853318253441,43,102
6,GCCACC,2.903520804755373,2.7534946577135857,1.0544837442292103,0.7275993715823873,254,652
5,GTGGC,5.749885688157294,5.540774525951265,1.0377397396794739,0.7270805054907923,503,1312
6,ACAATG,0.8802011888431641,0.798175598631699,1.1027534730512405,0.7268306373644906,77,189
5,CTCCT,2.343392775491541,2.208708138012585,1.0609761595681828,0.7266395676862827,205,523
6,CTAAGA,0.24005486968449932,0.19848811182904685,1.209311410802047,0.7262457449316823,21,47
6,TGTGCC,1.0745313214449017,0.9839942565142109,1.0920003996887298,0.7242516118845662,94,233
6,AGGACA,0.9373571101966164,0.8530765657333503,1.0987844109276754,0.7229602344344258,82,202
6,TATGGC,0.9373571101966164,0.8530765657333503,1.0987844109276754,0.7229602344344258,82,202
6,CGGGAC,1.2459990855052583,1.1486971578191647,1.0846989627575405,0.7217079578615895,109,272
6,AAAGAA,2.0461819844535896,1.9215338485577937,1.0648657058103683,0.7195564256687277,179,455
6,AGTATC,0.4229538180155464,0.36741416444951225,1.1511224843516583,0.7192176669368257,37,87
5,GATTG,3.7494284407864655,3.5812323155538666,1.0469646797372354,0.7190677613721146,328,848
6,CCGGAA,1.5089163237311385,1.4020862367498628,1.0761882296241176,0.7189526288522333,132,332
6,TTGCCC,1.8975765889346137,1.7779467038303982,1.0672816326176922,0.7171723827896727,166,421
6,TTCAAC,1.108824874256973,1.017779467038304,1.0894461575922947,0.7164915166845806,97,241
6,TCCAAG,0.6744398719707362,0.6039106381181638,1.1167681981104025,0.7164509620625045,59,143
6,GAAGTT,0.6744398719707362,0.6039106381181638,1.1167681981104025,0.7164509620625045,59,143
5,GAACC,4.343850022862369,4.164027197094472,1.0431837975298566,0.7154861036722056,380,986
6,ACAGCA,1.2231367169638776,1.1275814012416066,1.0847360926739256,0.7152768357335183,107,267
6,CGTGTA,0.30864197530864196,0.26183538156172137,1.1786951937071217,0.7150639892557893,27,62
6,ACCTAA,0.30864197530864196,0.26183538156172137,1.1786951937071217,0.7150639892557893,27,62
6,GCTAAT,0.3543667123914037,0.3040668947168377,1.1653691396014427,0.7144547059356038,31,72
6,GTCCAA,0.5486968449931412,0.485662401283838,1.129763941265745,0.712384513006408,48,115
6,CTCGCG,1.7832647462277091,1.6681447696270957,1.0690066462047692,0.711922036147528,156,395
6,GAGGAT,0.8116140832190215,0.7348283288990245,1.1044806021221518,0.7087295639418766,71,174
6,ACGGTT,0.8116140832190215,0.7348283288990245,1.1044806021221518,0.7087295639418766,71,174
6,GGGGAC,0.7315957933241883,0.658811605219815,1.1104612326263283,0.708663421242185,64,156
6,TTTTCA,2.3090992226794693,2.1791460788040036,1.0596321567992844,0.7058667863167416,202,516
6,AATGGT,0.6287151348879744,0.5616791249630475,1.119328054294179,0.7057126504282831,55,133
6,ACAACC,0.8687700045724738,0.7897292960006757,1.1000731537460349,0.7043319277624852,76,187
6,GTGGCA,0.8687700045724738,0.7897292960006757,1.1000731537460349,0.7043319277624852,76,187
6,CCCTCC,1.4974851394604483,1.3936399341188395,1.074508308759383,0.7011021370590189,131,330
6,AAATCT,0.9259259259259258,0.8446302631023269,1.0962386058302627,0.7010358018269228,81,200
6,ACGCAA,1.440329218106996,1.3387389670171883,1.075879365325123,0.6994766702051344,126,317
6,CGTGAA,0.9830818472793781,0.8995312302039782,1.0928720727674783,0.6986532341346646,86,213
5,TTACC,2.4119798811156836,2.280501710376283,1.0576506498882297,0.6986472745180081,211,540
5,ACTCT,1.3260173754000915,1.2289370328138858,1.0789889482532027,0.6969680719571096,116,291
6,GCCTAC,0.7658893461362597,0.6925968157439081,1.1058075174109767,0.6965338358492488,67,164
6,TGGACA,0.903063557384545,0.8235145065247689,1.0965852959480187,0.6946058270430923,79,195
6,ACGCCC,2.4805669867398263,2.348072131424469,1.0564246775363024,0.6941996989508457,217,556
6,GATGCA,1.4174668495656149,1.31762321043963,1.0757698113951217,0.6928715052514911,124,312
6,TGTCCT,0.7430269775948789,0.6714810591663499,1.1065335560793519,0.6904021570531788,65,159
6,GGTTCG,1.0745313214449017,0.9882174078297226,1.0873342034971525,0.6894258879951327,94,234
6,GGGCTG,2.1147690900777323,1.9933274209214917,1.0609210387504864,0.6889153908311764,185,472
6,CAAAGG,0.8802011888431641,0.8023987499472106,1.0969502306403236,0.6881276553330419,77,190
5,GGGGT,2.8692272519433013,2.728155749820516,1.0517075798821522,0.6874965696568435,251,646
5,CGCAT,7.898948331047097,7.669242788969129,1.02995113771787,0.6873896103487543,691,1816
6,ATGGTG,0.9945130315500686,0.9122006841505131,1.090225019918954,0.6837830263202419,87,216
6,GACTTA,0.36579789666209417,0.31673634866337264,1.1548482306581802,0.6837591229013202,32,75
6,TTGGCC,1.2231367169638776,1.131804552557118,1.0806889275252303,0.6827630355455917,107,268
6,AGAGTC,0.2743484224965706,0.2322733223531399,1.1810668269375981,0.6821460162430988,24,55
6,CTGTGT,0.51440329218107,0.45610034207525657,1.1278011976944013,0.679998366477311,45,108
6,ACACCT,0.6172839506172839,0.5532328223320241,1.1157551580174043,0.6797033104280732,54,131
6,TGCCGC,4.481024234110654,4.307614341821867,1.0402556619423948,0.6791412022229886,392,1020
5,TGTTG,3.8866026520347505,3.7248194602812617,1.043432668404936,0.6790084117769055,340,882
6,CACATG,0.7773205304069501,0.705266269690443,1.1021515541820972,0.6789553389055845,68,167
5,CCCAC,4.618198445358939,4.44275518391824,1.039488854391597,0.6771234310390533,404,1052
6,AAGATG,1.02880658436214,0.9459858946746061,1.087540349299911,0.6759631650845837,90,224
6,GGCTCT,0.594421582075903,0.5321170657544659,1.11706598741458,0.6739704466737301,52,126
6,CTAATT,0.594421582075903,0.5321170657544659,1.11706598741458,0.6739704466737301,52,126
6,TTCGCC,2.0118884316415184,1.8961949406647238,1.0610102829975592,0.6725601825079986,176,449
6,ACATTC,0.6744398719707362,0.6081337894336754,1.1090141384594865,0.6719006763071041,59,144
6,GGCCGG,6.149977137631459,5.950420203555893,1.033536048488049,0.6713760082594797,538,1409
6,GGTGCT,1.29172382258802,1.1993749736053043,1.0769910594342287,0.6711926868249417,113,284
6,AGAGGT,0.4686785550983082,0.4138688289201402,1.13240061171065,0.670531387165038,41,98
6,ACGGCT,1.2345679012345678,1.144474006503653,1.0787139094711105,0.6699844799961823,108,271
6,TCCCGC,2.5148605395518975,2.3860804932640733,1.053969113674073,0.6696860264348725,220,565
6,GCCCTT,1.440329218106996,1.3429621183326999,1.0724963487877754,0.6696542072302121,126,318
6,TGGGCC,1.1774119798811158,1.0895730394020018,1.0806103641210751,0.6691146601808463,103,258
6,GAAACA,1.1774119798811158,1.0895730394020018,1.0806103641210751,0.6691146601808463,103,258
6,TCCCGT,1.0631001371742113,0.9797711051986994,1.0850408094834212,0.6686179978318653,93,232
6,CGGCTC,2.0804755372656607,1.9637653617129103,1.0594288069987416,0.667066432860644,182,465
6,GCAAAT,0.8687700045724738,0.7939524473161874,1.0942224377107101,0.6654458754789863,76,188
6,AGTGCC,0.5486968449931412,0.4898855525993497,1.1200265846243844,0.6626372971167734,48,116
6,TATCGC,1.0973936899862824,1.0135563157227923,1.0827078892155961,0.6617071932567896,96,240
6,CGGCCA,3.3950617283950617,3.247603361628447,1.0454038901793903,0.6609754322753154,297,769
6,ACATCG,1.3603109282121628,1.2669453946534905,1.0736875994756334,0.6607539293878562,119,300
5,TTGCT,3.463648834019204,3.315173782676633,1.0447851553372156,0.6590007683834816,303,785
6,TACCTC,0.40009144947416553,0.3505215591874657,1.1413771885607196,0.65796781091904,35,83
6,TTGGGC,0.903063557384545,0.8277376578402804,1.09099114884527,0.6565433925514701,79,196
6,GCCCAG,1.8175582990397805,1.7103762827822122,1.0626620885284823,0.6552823802838461,159,405
6,GACCCA,1.0745313214449017,0.9924405591452341,1.082707715612512,0.6547067295863718,94,235
6,GAACGG,1.4860539551897578,1.3894167828033277,1.0695473229128374,0.6538371451383826,130,329
5,TGTAG,1.337448559670782,1.2458296380759322,1.0735345871828967,0.6538065486090688,117,295
6,TGGATG,1.2231367169638776,1.1360277038726296,1.0766718501752277,0.6503360525440336,107,269
6,ATCCGC,2.6406035665294922,2.5127750327294227,1.0508694352624552,0.6484504898848111,231,595
6,GGCTTC,1.703246456332876,1.6005743485789097,1.0641430331192097,0.648390187688634,149,379
6,ACCCCA,0.9373571101966164,0.8615228683643734,1.088013264987035,0.6482493529342555,82,204
6,TCTGGG,0.5829903978052127,0.5236707631234427,1.113254955904802,0.6471285636446147,51,124
6,ATGACC,2.137631458619113,2.022889480130073,1.0567190188659124,0.6465879211952659,187,479
6,AGGGAC,0.48010973936899864,0.42653828286667517,1.1255664544268398,0.6461914654925303,42,101
5,CTGGT,4.4467306812985825,4.282275433928798,1.038402809353618,0.646040070229085,389,1014
6,GAACAA,1.2002743484224965,1.1149119472950715,1.0765573869719578,0.6432424228073182,105,264
6,ATGGGC,1.2002743484224965,1.1149119472950715,1.0765573869719578,0.6432424228073182,105,264
6,TTCATT,1.2002743484224965,1.1149119472950715,1.0765573869719578,0.6432424228073182,105,264
5,CGACA,6.149977137631459,5.958866506186917,1.0320711034784507,0.642650940191689,538,1411
6,TTCCGG,1.8632830361225423,1.7568309472528398,1.0605897966770705,0.6424854182452769,163,416
6,AGGTTC,0.4572473708276178,0.40542252628911696,1.1277976960065403,0.6409398261440825,40,96
6,GGCAGA,1.02880658436214,0.9502090459901178,1.0827073452617009,0.640485705733892,90,225
5,TCCTG,5.304069501600366,5.126905697031125,1.0345550239337222,0.6392238541987955,464,1214
6,CATCAC,1.4746227709190671,1.3809704801723046,1.067811376820594,0.6356928473415888,129,327
6,CATCCA,1.4746227709190671,1.3809704801723046,1.067811376820594,0.6356928473415888,129,327
6,TAAACC,0.5372656607224509,0.4814392499683263,1.1159332510440148,0.6348098482365546,47,114
6,GGTGCA,1.0059442158207592,0.9290932894125596,1.0827071474620582,0.6332601987505413,88,220
6,CCCGGC,5.829903978052126,5.646353308839055,1.032507249980397,0.6329847335127569,510,1337
6,CGGTCG,2.2519433013260173,2.1369145656488873,1.0538268374610738,0.6312831027638596,197,506
6,TGCGAG,0.7544581618655692,0.6883736644283964,1.0959869648638474,0.6307494117173217,66,163
6,ACAAAA,1.9090077732053041,1.8032856117234681,1.058624268040377,0.630120310411329,167,427
5,CTTCC,5.086877000457248,4.915748131255543,1.0348116672103125,0.6298432579080053,445,1164
6,AGTCTG,0.51440329218107,0.46032349339076817,1.117456644951007,0.6287014897159872,45,109
6,TGTGGT,0.6744398719707362,0.6123569407491871,1.1013670138926115,0.627572054114384,59,145
6,CACGTC,1.0973936899862824,1.017779467038304,1.0782157667249443,0.6274517044677996,96,241
6,AGGAAC,0.8687700045724738,0.798175598631699,1.0884336262586238,0.6267080582252219,76,189
6,GAGCAT,0.8687700045724738,0.798175598631699,1.0884336262586238,0.6267080582252219,76,189
6,TACGGC,1.0402377686328304,0.9628784999366526,1.0803333290424102,0.6264693652946673,91,228
5,TACCT,1.8518518518518516,1.7483846446218168,1.0591753593880797,0.6260649646402943,162,414
5,GAAAA,8.036122542295383,7.825499387643059,1.0269146354443988,0.6247269758392987,703,1853
6,CGGGTG,1.886145404663923,1.7821698551459098,1.0583388364101018,0.6233257896614961,165,422
6,GGCTAA,0.49154092363968904,0.43920773681320996,1.1191264856979533,0.6226460010895614,43,104
6,GGTTAC,0.49154092363968904,0.43920773681320996,1.1191264856979533,0.6226460010895614,43,104
6,GATACT,0.49154092363968904,0.43920773681320996,1.1191264856979533,0.6226460010895614,43,104
6,ACAAGA,1.131687242798354,1.0515646775623972,1.0761864184900354,0.6215044812167728,99,249
6,CCCCAT,1.4288980338363055,1.3387389670171883,1.0673412329938254,0.6214619558001236,125,317
6,AAGTCA,0.6515775034293553,0.5912411841716289,1.1020330071247237,0.6205903225540463,57,140
6,AGACCT,0.5715592135345221,0.5152244604924194,1.1093189967894632,0.6198735422476723,50,122
5,GGCTC,4.332418838591678,4.1766966510410075,1.0372826834918716,0.619160389294016,379,989
6,TGGTCA,0.903063557384545,0.831960809155792,1.0854537882884951,0.6186201403411334,79,197
6,GATCCT,0.903063557384545,0.831960809155792,1.0854537882884951,0.6186201403411334,79,197
6,GAAGTA,0.4686785550983082,0.41809198023565186,1.1209649568940816,0.6166615384229365,41,99
6,CACTAG,0.18289894833104708,0.15203344735841884,1.2028843854429372,0.6165328501836935,16,36
6,AACCTC,0.7087334247828074,0.6461421512732801,1.0968542107416002,0.6164177906429629,62,153
6,TCGTAG,0.3200731595793324,0.27872798682376787,1.1482820043516526,0.6146492198286087,28,66
6,ATACCG,1.108824874256973,1.0304489209848389,1.0760526275620517,0.6140974708644387,97,244
6,TCTGAC,0.7658893461362597,0.7010431183749314,1.0924864354536135,0.6136330446707002,67,166
6,AACTCG,0.6287151348879744,0.5701254275940707,1.1027483245373833,0.6135594789630585,55,135
5,GGGCA,5.909922267946959,5.730816335149289,1.0312525820171488,0.6134620482222467,517,1357
6,TTACCT,0.5486968449931412,0.4941087039148613,1.1104556448436895,0.6131971694542685,48,117
6,ATGAGT,0.823045267489712,0.7559440854765827,1.088753001712633,0.6119511212510651,72,179
6,CCTCAC,0.9945130315500686,0.9206469867815363,1.0802240418149296,0.6116219852388403,87,218
5,AGTGC,2.217649748513946,2.107352506440306,1.052336762862544,0.6095720968738414,194,499
6,AGGATC,0.6858710562414266,0.6250263946957219,1.0973317749210072,0.6091499816550561,60,148
6,GTTCAG,1.02880658436214,0.9544321973056294,1.077917106690008,0.6051212366726377,90,226
6,CCGGGT,1.8175582990397805,1.7188225854132353,1.0574404655942133,0.6025953891492102,159,407
6,CCGAGC,1.9433013260173753,1.8412939735630727,1.0553968101985909,0.6020432668626011,170,436
6,CCTATC,0.6630086877000457,0.6039106381181638,1.0978427296678182,0.6018127295389818,58,143
6,ACGTCG,1.1202560585276635,1.0431183749313737,1.0739420292528532,0.6009187844025028,98,247
6,CCCCGT,1.3603109282121628,1.2753916972845136,1.0665776430442,0.5995684278909469,119,302
6,TGCCTA,0.40009144947416553,0.3547447105029773,1.1277931941183825,0.5993865522369652,35,84
6,GGTAAA,0.7773205304069501,0.7137125723214663,1.0891101677834247,0.5968514381322138,68,169
6,CGACGT,1.3031550068587106,1.2204907301828625,1.0677248111358866,0.5963716775412203,114,289
6,GTAGGT,0.3772290809327846,0.33362895392541914,1.1306453230818838,0.5939721941123662,33,79
6,ACTATG,0.48010973936899864,0.4307614341821867,1.1145340503275245,0.5931895676169714,42,102
5,CACGG,5.544124371284865,5.376071624646311,1.0312588135892349,0.5931654181919039,485,1273
5,AGCCT,3.280749885688157,3.1504708813716795,1.0413509199512938,0.5929122110114154,287,746
6,GTGCTG,1.954732510288066,1.8539634275096077,1.0543503966926375,0.5928191519800793,171,439
5,GGCAT,6.652949245541838,6.469867815363825,1.0282971160603398,0.5927434953784598,582,1532
6,CCCACG,1.520347508001829,1.4316482959584442,1.0619516798404902,0.5919278900948207,133,339
6,CAACCA,1.0402377686328304,0.9671016512521644,1.0756162040107997,0.5913525848903906,91,229
6,CTGGAG,1.0402377686328304,0.9671016512521644,1.0756162040107997,0.5913525848903906,91,229
6,TGATCT,0.6973022405121171,0.6376958486422568,1.093456851430988,0.5911331123676865,61,151
6,GACCGG,2.4691358024691357,2.356518434055492,1.0477876973150213,0.5896806911992073,216,558
6,ATTTGT,0.7544581618655692,0.6925968157439081,1.08930508227503,0.5891653484833745,66,164
6,AAGTAC,0.3543667123914037,0.3125131973478609,1.133882751587644,0.5888133215056546,31,74
6,TCTCCC,0.9259259259259258,0.8572997170488619,1.0800399248010868,0.5886770235535497,81,203
6,CATGAG,1.3717421124828533,1.2880611512310485,1.0649615625900795,0.5880755001370235,120,305
6,CCACTT,0.6172839506172839,0.5616791249630475,1.0989798715961439,0.5869263604257515,54,133
6,CGGAGG,1.2231367169638776,1.144474006503653,1.068726626686654,0.5857404505774182,107,271
6,GGTACC,0.5372656607224509,0.485662401283838,1.1062314812802079,0.5849829978159391,47,115
5,TCCAA,2.606310013717421,2.4916592761518643,1.046011963781115,0.5843651052691607,228,590
5,AGCTA,1.4060356652949246,1.3218463617551417,1.0636858695446654,0.5842372131095798,123,313
6,CTTAAT,0.6744398719707362,0.6165800920646987,1.0938246274698409,0.5834626387895321,59,146
6,CTCGTT,0.6744398719707362,0.6165800920646987,1.0938246274698409,0.5834626387895321,59,146
6,TCTCGG,0.7315957933241883,0.6714810591663499,1.0895122537143325,0.5813839551896751,64,159
6,TTGTGG,0.7315957933241883,0.6714810591663499,1.0895122537143325,0.5813839551896751,64,159
5,TGTTC,3.5665294924554183,3.4334220195109593,1.038767036351617,0.5813391688204028,312,813
6,TTGTCC,0.7887517146776405,0.7263820262680012,1.0858516606804955,0.5803914437392385,69,172
6,AGAATT,0.7887517146776405,0.7263820262680012,1.0858516606804955,0.5803914437392385,69,172
6,GGTGTT,1.108824874256973,1.0346720723003504,1.0716610004672595,0.5801668937936594,97,245
6,CTACGG,0.594421582075903,0.5405633683854892,1.0996150596465288,0.5793759792000548,52,128
6,TGCGTC,1.2002743484224965,1.123358249926095,1.0684636910196363,0.5780495655471282,105,266
5,GGGGG,3.406492912665752,3.2771654208370284,1.0394620133622539,0.5776152020883579,298,776
5,ACCGA,5.201188843164152,5.042442670720892,1.0314813741418605,0.57751356409901,455,1194
5,ACGCC,9.202103337905806,8.995312302039782,1.0229885000178516,0.5760563854283245,805,2130
6,CGCTTC,2.263374485596708,2.1580303222264456,1.0488126978641326,0.5757367012407654,198,511
6,TCCTAT,0.28577960676726105,0.24916592761518647,1.1468860164819572,0.5757090145764802,25,59
6,AGGCTC,0.6515775034293553,0.5954643354871405,1.0942184825360928,0.5757026511664989,57,141
6,ACACGG,0.9373571101966164,0.8699691709953968,1.0774512434731194,0.5740625335836675,82,206
6,TCTGCA,0.9373571101966164,0.8699691709953968,1.0774512434731194,0.5740625335836675,82,206
6,TATCCG,0.9373571101966164,0.8699691709953968,1.0774512434731194,0.5740625335836675,82,206
6,ACGCCG,3.680841335162323,3.5474471050297733,1.0376018206899695,0.573580285887491,322,840
5,ATCGA,5.589849108367627,5.4267494404324506,1.0300542091180955,0.5732304185191394,489,1285
5,ACCAT,4.561042524005487,4.413193124709658,1.0335009243931774,0.5728800332845305,399,1045
6,TGTTCG,1.0859625057155922,1.0135563157227923,1.0714307096692535,0.572327154706182,95,240
6,AAGATA,0.823045267489712,0.7601672367920942,1.082705169517666,0.5723067062198607,72,180
6,GCCGAT,3.1207133058984913,2.998437434013261,1.0407785043795754,0.5700127463166363,273,710
5,GCAAC,5.909922267946959,5.743485789095823,1.0289777997513532,0.569639671558412,517,1360
5,CCGTT,5.601280292638317,5.439418894378986,1.0297565651305292,0.5682752040914878,490,1288
6,CTACAA,0.6287151348879744,0.5743485789095824,1.0946412924923423,0.5678505054184179,55,136
6,GTTTTG,0.9716506630086876,0.9037543815194898,1.0751186063567628,0.5677511227156736,85,214
6,CTGCCG,3.692272519433013,3.560116558976308,1.0371202027369661,0.5673166093651074,323,843
6,CAAGCG,1.9890260631001373,1.8919717893492123,1.0512952385301972,0.5655372602651676,174,448
5,AGCAA,4.0009144947416555,3.864183453693146,1.0353832845563733,0.5644151308548927,350,915
6,GTCGAA,0.7430269775948789,0.6841505131128849,1.0860451886461076,0.5644042951630094,65,162
6,ACGGAG,0.8001828989483311,0.739051480214536,1.0827048587064343,0.5642406475789173,70,175
6,GTATGA,0.5486968449931412,0.49833185523037293,1.101046891835374,0.564059924759037,48,118
6,ACTTTG,0.5486968449931412,0.49833185523037293,1.101046891835374,0.564059924759037,48,118
6,CGTCTT,1.1545496113397347,1.0811267367709785,1.0679070097619203,0.5623895563890751,101,256
6,TCGTGC,1.1545496113397347,1.0811267367709785,1.0679070097619203,0.5623895563890751,101,256
6,TCCCGA,1.4288980338363055,1.3471852696482114,1.0606499351168814,0.5619895883703079,125,319
5,AGGGT,2.05761316872428,1.9595422103973987,1.0500453387901831,0.5618100362682149,180,464
6,TTGGAG,0.6058527663465935,0.5532328223320241,1.0950963721848315,0.559903523145612,53,131
6,GAAGGT,0.6630086877000457,0.6081337894336754,1.090220075273135,0.5574308908303722,58,144
6,GCGAAC,1.2802926383173296,1.2035981249208159,1.0637157372007695,0.5574167634831274,112,285
6,CGGAAC,1.2802926383173296,1.2035981249208159,1.0637157372007695,0.5574167634831274,112,285
6,CCACGG,1.7146776406035666,1.6259132564719794,1.0545901970837448,0.556942586229024,150,385
6,TCAGGT,0.8344764517604023,0.7728366907386292,1.0797474900083592,0.5566704076449175,73,183
6,TAAGGA,0.5258344764517604,0.4772160986528147,1.1018578211297858,0.5562952216038468,46,113
6,CCAGAG,0.5258344764517604,0.4772160986528147,1.1018578211297858,0.5562952216038468,46,113
5,TTGCC,6.675811614083218,6.5036530258879175,1.0264706527923233,0.5561578546032916,584,1540
5,CGCGA,7.556012802926383,7.373622196883314,1.0247352152919675,0.5560944094541305,661,1746
6,TTGGAC,0.4458161865569273,0.4011993749736053,1.1111808648748993,0.5558804336696939,39,95
6,GTAGGA,0.3429355281207133,0.3040668947168377,1.127787192094196,0.5547781786826281,30,72
6,TGGTAC,0.3429355281207133,0.3040668947168377,1.127787192094196,0.5547781786826281,30,72
5,CAAGT,2.034750800182899,1.9384264538198404,1.0496894670553774,0.5547669014557342,178,459
5,CAGGC,8.413351623228166,8.222475611301153,1.0232136523821893,0.5537717304786425,736,1947
6,CCATCG,2.686328303612254,2.576122302462097,1.0427781410962993,0.5528999196851704,235,610
5,TGCAC,3.4865112025605853,3.3616284471472615,1.0371483769069147,0.5511195192181819,305,796
6,CTTTCC,1.3488797439414724,1.271168545969002,1.0611288607893907,0.5499671823272928,118,301
5,GGGCC,7.750342935528121,7.567887157396849,1.0241088910877632,0.5497299984756895,678,1792
6,TTATCG,0.8687700045724738,0.8066219012627222,1.0770378282930886,0.5496720825310694,76,191
6,ACATAA,0.6401463191586648,0.5870180328561172,1.090489958286748,0.5492300951575653,56,139
6,AGAGGA,0.6401463191586648,0.5870180328561172,1.090489958286748,0.5492300951575653,56,139
6,CCTTAC,0.5029721079103796,0.45610034207525657,1.1027438200109698,0.5484611217988576,44,108
6,GCATAA,0.6973022405121171,0.6419189999577685,1.086264176851451,0.5479686166256675,61,152
6,TTGGAA,0.6973022405121171,0.6419189999577685,1.086264176851451,0.5479686166256675,61,152
6,TTCGGA,0.7544581618655692,0.6968199670594197,1.0827041805809463,0.5477632264139025,66,165
6,ACCGGA,1.3831732967535437,1.304953756493095,1.0599358761057,0.5465323233035816,121,309
6,TGGTGG,1.3831732967535437,1.304953756493095,1.0599358761057,0.5465323233035816,121,309
6,GGCCAC,1.886145404663923,1.7948393090924448,1.050868625534556,0.5460056654954737,165,425
6,CAAAGA,0.9602194787379973,0.8953080788884666,1.072493649968079,0.5455096657633255,84,212
6,GGAAAA,1.7604023776863282,1.6723679209426074,1.0526374560859166,0.5449066077100012,154,396
6,CAGTGG,0.5601280292638318,0.5110013091769079,1.096119339169839,0.5437143229130172,49,121
6,TCGTAC,0.2972107910379515,0.26183538156172137,1.1350539559234554,0.5434834180351978,26,62
6,CCTCCT,0.8459076360310928,0.7855061446851641,1.0768852073708448,0.5413088903700656,74,186
6,AACTTC,0.6172839506172839,0.565902276278559,1.0907799782653829,0.5409137211721354,54,134
6,AAGAGC,0.7887517146776405,0.7306051775835128,1.0795759204641493,0.5399814832802297,69,173
6,ACCCAC,0.9945130315500686,0.9290932894125596,1.0704048801072032,0.5399348049918024,87,220
6,GAACCG,1.703246456332876,1.6174669538409563,1.053029954827053,0.539704271615416,149,383
6,ATTGGA,0.6744398719707362,0.6208032433802103,1.0863848420222884,0.5395700135822825,59,147
6,GGCCAG,2.217649748513946,2.1200219603868407,1.046048194373352,0.5384140723218173,194,502
5,AGCTT,2.3548239597622316,2.255162802483213,1.0441904851041237,0.5334073011188618,206,534
6,GATGAA,1.80612711476909,1.7188225854132353,1.0507902625148569,0.5332925130805147,158,407
5,GTACC,2.1604938271604937,2.0651209932851895,1.0461804495428806,0.5327632587122232,189,489
5,ATCCT,3.4522176497485138,3.33206638793868,1.0360580018587129,0.5325785037675166,302,789
5,AGTCA,2.0004572473708278,1.908864394611259,1.0479803882241714,0.5316229329715068,175,452
6,ACTCGC,0.7658893461362597,0.7094894210059546,1.0794824774167988,0.5314471330398821,67,168
6,CTCGAC,1.2459990855052583,1.1740360657122344,1.0612901876490533,0.5296599008810567,109,278
6,TGCATA,0.51440329218107,0.4687697960217915,1.0973265852193166,0.5271141611854081,45,111
6,GATGGG,1.0973936899862824,1.0304489209848389,1.0649603018723925,0.5252935683784661,96,244
5,AAACG,4.903978052126201,4.763714683897124,1.0294434980233806,0.524349785119797,429,1128
6,CACAAA,0.8001828989483311,0.7432746315300477,1.0765539540960014,0.5242005763915923,70,176
6,CCGACG,2.6977594878829447,2.593014907724144,1.040393343097445,0.5239937605500027,236,614
6,TTTGTA,0.6287151348879744,0.578571730225094,1.0866525908279214,0.5223827395862309,55,137
6,ACCGAC,1.6918152720621855,1.6090206512099328,1.0514533330922065,0.5223745506168772,148,381
6,GTGTGG,0.6858710562414266,0.6334726973267453,1.0827029938881008,0.522101500265224,60,150
6,TCTTTA,0.6858710562414266,0.6334726973267453,1.0827029938881008,0.522101500265224,60,150
5,ACTCG,2.240512117055327,2.1453608682799103,1.0443500276244622,0.5218317373012428,196,508
6,TATCTC,0.49154092363968904,0.4476540394442333,1.0980156075195426,0.5186540309399488,43,106
6,GGCTGC,3.0064014631915867,2.8970818024409812,1.0377331034795605,0.518383363529287,263,686
6,GCGGTA,1.0745313214449017,1.0093331644072807,1.0645888795182432,0.5168811930947108,94,239
6,CCATTA,0.5486968449931412,0.5025550065458845,1.0917962376707069,0.5152214421591795,48,119
6,ATTACC,0.720164609053498,0.6672579078508383,1.0792778516299306,0.5139674364473993,63,158
6,TTGCTG,1.5432098765432098,1.4654335064825375,1.0530703458615187,0.5137030644594559,135,347
6,GACAGC,1.4174668495656149,1.3429621183326999,1.055473779072413,0.5135574005137352,124,318
6,TGTAGG,0.30864197530864196,0.2745048355082563,1.1243136878387539,0.5129632309214073,27,65
6,CGTCAA,1.108824874256973,1.0431183749313737,1.0629844152523882,0.5126029184960074,97,247
5,CCTCC,4.549611339734796,4.41741627602517,1.029925201278166,0.5122233357640598,398,1046
5,AGTCT,1.4517604023776864,1.3767473288567929,1.0544817656603782,0.5108328595110294,127,326
6,TGACCA,1.4517604023776864,1.3767473288567929,1.0544817656603782,0.5108328595110294,127,326
6,GGGTAA,0.4686785550983082,0.42653828286667517,1.0987728338593608,0.5100846107231001,41,101
6,CTCGAT,1.1431184270690442,1.0769035854554667,1.061480613906754,0.5085897439950393,100,255
6,TATGTG,0.3886602652034751,0.3505215591874657,1.1087745605386972,0.508386484059943,34,83
6,GCAAGC,2.4577046181984454,2.360741585371004,1.0410713846402377,0.5077123451193166,215,559
6,TCGAAA,0.7544581618655692,0.7010431183749314,1.0761827964801824,0.5065412653408213,66,166
6,AACTAG,0.28577960676726105,0.25338907893069806,1.1277787902074403,0.5063077531238136,25,60
5,ATGCA,4.38957475994513,4.261159677351239,1.030135474558479,0.5061870742770729,384,1009
6,ATGGTC,0.6973022405121171,0.6461421512732801,1.079165509612824,0.5050080164284871,61,153
6,ACCATT,0.6973022405121171,0.6461421512732801,1.079165509612824,0.5050080164284871,61,153
6,CGGCCC,4.606767261088248,4.476540394442333,1.0290903121920605,0.501463526529652,403,1060
6,CTACGT,0.4458161865569273,0.40542252628911696,1.099608918492019,0.5014045885975988,39,96
6,TCGCAC,1.211705532693187,1.144474006503653,1.0587393439021975,0.5012769438460323,106,271
6,TGACGA,1.5889346136259717,1.5118881709531653,1.0509570406389066,0.5012615465484921,139,358
6,TCGGGT,0.9373571101966164,0.8784154736264199,1.0670923146372044,0.5003915608475161,82,208
6,TCATGC,1.623228166438043,1.5456733814772583,1.0501721571157265,0.49916204490133953,142,366
6,CCGGTT,2.0118884316415184,1.9257569998733053,1.044723690166964,0.4979814489461537,176,456
6,CAATAC,0.7315957933241883,0.6799273617973732,1.0759799302637632,0.49748735668999583,64,161
6,AGTTTC,0.5029721079103796,0.46032349339076817,1.0926291015376466,0.4974188810895968,44,109
6,GTCGAT,1.3717421124828533,1.3007306051775835,1.0545893577708187,0.49731103402235743,120,308
6,CTTGAT,0.8802011888431641,0.8235145065247689,1.068826716709476,0.4967773456853401,77,195
6,CGCACG,2.6406035665294922,2.542337091938004,1.0386505038425882,0.4964437182226719,231,602
6,TGTCAA,0.5601280292638318,0.5152244604924194,1.087136497903679,0.49552663119114937,49,122
6,ATCCGA,1.0631001371742113,1.0008868617762574,1.0621519400240238,0.49543117068612724,93,237
5,CTTTC,4.035208047553727,3.9148612694792853,1.0307402218797552,0.4939816578113739,353,927
6,CCTTTC,1.188843164151806,1.123358249926095,1.0582886940658622,0.4927974071065543,104,266
6,GTGCCG,2.880658436213992,2.7788335656066554,1.03664170740444,0.49277672465716726,252,658
5,CGACG,8.196159122085048,8.028210650787617,1.020919528229884,0.49272770484855916,717,1901
5,GCCAT,8.447645176040238,8.277376578402803,1.02057010926273,0.49265140126822854,739,1960
6,TTGTAG,0.4229538180155464,0.3843067697115588,1.1005368566557414,0.4926134423694644,37,91
6,AGGGTG,0.7658893461362597,0.7137125723214663,1.0730959019748052,0.49061795575779793,67,169
5,TTTTC,7.48742569730224,7.327167532412686,1.0218714772158435,0.4902102516657374,655,1735
6,AGTTTG,0.48010973936899864,0.43920773681320996,1.09310558209718,0.48829705550814145,42,104
5,GTCGG,5.578417924096937,5.439418894378986,1.0255535521462362,0.48826704785785596,488,1288
5,GTCGT,3.635116598079561,3.5221081971367036,1.0320845318101084,0.4879499555153946,318,834
6,GCTTCG,1.8632830361225423,1.7821698551459098,1.0455111669775687,0.48708278767813845,163,422
6,GAGAGG,0.6515775034293553,0.6039106381181638,1.078917261225234,0.48661008669950584,57,143
6,CCCCTG,1.5432098765432098,1.469656657798049,1.050044487538064,0.4853141123905412,135,348
5,ACACC,4.606767261088248,4.480763545757845,1.0281204089443194,0.4850435656709324,403,1061
6,CTAAGG,0.19433013260173754,0.1689260526204654,1.1502968305028987,0.4847124173106986,17,40
6,CCCACA,0.8001828989483311,0.7474977828455593,1.0704725419359027,0.48432389542322873,70,177
6,TCTGTT,0.8001828989483311,0.7474977828455593,1.0704725419359027,0.48432389542322873,70,177
6,GTGATA,0.8001828989483311,0.7474977828455593,1.0704725419359027,0.48432389542322873,70,177
6,GCTTGT,0.8001828989483311,0.7474977828455593,1.0704725419359027,0.48432389542322873,70,177
6,GTCTTA,0.3200731595793324,0.2871742894547912,1.1145207605838274,0.4839775862467382,28,68
5,CCGAC,8.047553726566074,7.884623506060222,1.0206640372843288,0.4819747066172911,704,1867
6,TCTAGC,0.17146776406035666,0.1478102960429072,1.1599447006081756,0.4818972062906021,15,35
6,GCCACA,1.108824874256973,1.0473415262468855,1.0586985969807692,0.4789682166317347,97,248
5,AATAC,3.0064014631915867,2.9055281050720048,1.0347165413025499,0.47784374326428514,263,688
6,GATTGA,1.0173754000914494,0.9586553486211411,1.061246126610671,0.4777552000017934,89,227
5,GAGAA,3.040695016003658,2.939313315596098,1.0344904542241962,0.47758163580489554,266,696
5,TCACC,5.258344764517604,5.126905697031125,1.0256366142839652,0.4747800371041654,460,1214
6,CACGCA,1.7489711934156378,1.6723679209426074,1.0458025361884709,0.4745752326764988,153,396
6,CGGAAA,1.3031550068587106,1.237383335444909,1.0531495411129352,0.4721939971932834,114,293
5,CAGCC,7.933241883859169,7.77482157185692,1.0203758083651526,0.471665213789533,694,1841
6,GCAGCG,3.463648834019204,3.3574052958317493,1.031643595117885,0.46948048083978594,303,795
6,TGGAAG,0.8116140832190215,0.7601672367920942,1.0676694245618217,0.46918630061731836,71,180
6,TACGTA,0.2743484224965706,0.24494277629967484,1.1200020936790815,0.4679610161806493,24,58
6,ATAGTC,0.2743484224965706,0.24494277629967484,1.1200020936790815,0.4679610161806493,24,58
6,GCATAC,0.49154092363968904,0.4518771907597449,1.087756049842409,0.4671870819331384,43,107
6,TGAGCT,0.49154092363968904,0.4518771907597449,1.087756049842409,0.4671870819331384,43,107
6,CGCGTG,1.954732510288066,1.875079184087166,1.0424777145975386,0.46672420319459357,171,444
5,GCACT,2.7892089620484684,2.694370539296423,1.03519742426904,0.46598744521975266,244,638
6,AGTCTC,0.3543667123914037,0.32095949997888423,1.1040530257311079,0.4655883719436992,31,76
5,GTGCT,3.715134887974394,3.6065712234469363,1.030100793169526,0.4635599747750447,325,854
6,GAAATG,1.1545496113397347,1.0937961907175136,1.0555385612800896,0.4634253329726124,101,259
5,GACCA,4.618198445358939,4.497656151019891,1.0268005401563876,0.46326720706209523,404,1065
6,TTATGT,0.6973022405121171,0.6503653025887918,1.0721590186848102,0.46224915953879836,61,154
6,AGCAAA,1.0631001371742113,1.005110013091769,1.0576895607158543,0.46110946531174796,93,238
6,CACCCT,1.4746227709190671,1.4063093880653743,1.048572900204871,0.46071982603423617,129,333
6,GAGTTA,0.411522633744856,0.3758604670805355,1.094856161184312,0.4599678361539642,36,89
6,CATTAC,0.6401463191586648,0.5954643354871405,1.075024612806905,0.45957736567623053,56,141
6,CACATT,0.6401463191586648,0.5954643354871405,1.075024612806905,0.45957736567623053,56,141
6,CTTGTG,0.5258344764517604,0.485662401283838,1.0826990212946703,0.4568022302743539,46,115
6,ACTTCA,0.7315957933241883,0.6841505131128849,1.0693390495177841,0.4558202013439643,64,162
6,GGAAAT,1.131687242798354,1.0726804341399552,1.0550036212262803,0.45449348627059116,99,254
6,TTCGCT,0.9144947416552356,0.8615228683643734,1.0614791868180322,0.45439381267267487,80,204
5,CATCA,5.555555555555555,5.4267494404324506,1.0237349711903636,0.4530633263912506,486,1285
6,CAGATT,0.6744398719707362,0.6292495460112336,1.071804812200017,0.4524256611821079,59,149
6,GGGGAA,0.9487882944673068,0.8953080788884666,1.0597271979556282,0.45019712147309476,83,212
6,AGGCAC,0.7658893461362597,0.7179357236369779,1.0667844522503536,0.4499623854279546,67,170
5,CCAGG,5.315500685871057,5.190252966763799,1.0241308673820984,0.44988353231961375,465,1229
6,GATGTA,0.6172839506172839,0.5743485789095824,1.0747418886285722,0.44962512206992544,54,136
6,ATCGCT,1.2002743484224965,1.1402508551881414,1.0526359873904354,0.44871182798450737,105,270
5,GCTTG,5.1440329218107,5.021326914143334,1.0244364818537441,0.44768759662415253,450,1189
6,CTCCCT,0.7087334247828074,0.6630347565353267,1.0689130946570229,0.44595296890549097,62,157
6,CCCTGA,1.3946044810242342,1.330292664386165,1.048340477484324,0.44579212325613266,122,315
6,TAGTCT,0.205761316872428,0.1815955065670003,1.1330016947695762,0.44573976667790255,18,43
6,TCCGCT,1.5889346136259717,1.5203344735841884,1.0451187744250954,0.44542883088783475,139,360
5,CAGAT,3.2007315957933242,3.104016216901052,1.0311571385007057,0.44391945002806965,280,735
6,GCTTTC,1.3031550068587106,1.2416064867604206,1.0495676883019822,0.4413398094027028,114,294
6,CCTCTA,0.36579789666209417,0.33362895392541914,1.096392423726783,0.4402059924477257,32,79
6,AGAAAA,2.091906721536351,2.0144431774990497,1.0384521636977115,0.4384567344349364,183,477
6,GCCTAA,0.28577960676726105,0.2576122302462097,1.1092977872805694,0.4377336193074914,25,61
6,TTATAA,1.3717421124828533,1.3091769078086068,1.0477860751236836,0.4371529998095626,120,310
6,GTAATC,0.4229538180155464,0.3885299210270704,1.0885775776026214,0.4370859183048853,37,92
6,GGTTGG,0.9602194787379973,0.9079775328350016,1.0575302702841876,0.43684901129668274,84,215
6,GGTAAC,0.48010973936899864,0.44343088812872167,1.0826973999376388,0.43639498058929677,42,105
6,GTCTAC,0.48010973936899864,0.44343088812872167,1.0826973999376388,0.43639498058929677,42,105
6,GCGATT,1.2459990855052583,1.1867055196587695,1.0499606421307655,0.4347492051890267,109,281
6,CAGTTC,0.7773205304069501,0.7306051775835128,1.0639318760241003,0.43471743664815754,68,173
6,ACGAAG,0.7773205304069501,0.7306051775835128,1.0639318760241003,0.43471743664815754,68,173
6,GGTCTT,0.7773205304069501,0.7306051775835128,1.0639318760241003,0.43471743664815754,68,173
6,GGAAAG,0.9945130315500686,0.9417627433590946,1.0560063433476978,0.43327731922719587,87,223
6,CGCGAC,2.5034293552812072,2.419865703788167,1.0345309238731075,0.43267355375184363,219,573
5,TTCCA,3.60082304526749,3.5009924405591453,1.0285141299189464,0.4324998328454616,315,829
6,CTTTGG,0.6287151348879744,0.5870180328561172,1.071019964808466,0.43215953049579725,55,139
5,ACGCA,5.1440329218107,5.025550065458845,1.0235756279901347,0.43215481613806,450,1190
6,GTCGCC,2.674897119341564,2.5887917564086322,1.033259545409646,0.4314911427501446,234,613
6,CCGCGC,7.544581618655692,7.403184256091897,1.0190992750882752,0.43061599801359673,660,1753
6,TTGTCG,1.02880658436214,0.9755479538831876,1.0545879589732927,0.4299657175945243,90,231
6,GTGCAC,0.5715592135345221,0.5321170657544659,1.0741091376394392,0.42906400389304655,50,126
5,TCGAC,5.475537265660722,5.354955868068753,1.0225172996440568,0.42687000071714964,479,1268
6,ACATCT,0.51440329218107,0.4772160986528147,1.077908944687206,0.4268365084109568,45,113
6,ACAGTA,0.40009144947416553,0.36741416444951225,1.088914355378927,0.4265997827328113,35,87
6,TGTATG,0.4572473708276178,0.42231513155116346,1.0826964676861328,0.425831724548692,40,100
6,TCACTG,0.6630086877000457,0.6208032433802103,1.0679742693725807,0.42560306924994407,58,147
6,TTGCGG,1.646090534979424,1.5794585920013513,1.0421839008160172,0.4247666900280625,144,374
6,ATCCCA,0.7544581618655692,0.7094894210059546,1.0633729020309581,0.4246308329057163,66,168
6,TTTTTC,3.2693187014174665,3.1758097892647497,1.0294431889938427,0.42457560737871897,286,752
5,CGGAA,4.355281207133059,4.248490223404704,1.0251356280820076,0.42181784831026997,381,1006
6,AACGCG,1.4860539551897578,1.423201993327421,1.044159259353948,0.42164452401976205,130,337
6,CCTCCC,1.4860539551897578,1.423201993327421,1.044159259353948,0.42164452401976205,130,337
6,GTTTGC,1.131687242798354,1.0769035854554667,1.0508667362697024,0.4213752768372461,99,255
6,TCCGAG,0.6973022405121171,0.6545884539043034,1.0652429202822893,0.41968992707245856,61,155
6,GTTGGG,0.6973022405121171,0.6545884539043034,1.0652429202822893,0.41968992707245856,61,155
6,AGTACG,0.3200731595793324,0.29139744077030283,1.0983738269991392,0.4196768807645216,28,69
6,TGTCTA,0.3200731595793324,0.29139744077030283,1.0983738269991392,0.4196768807645216,28,69
6,TAGCTC,0.24005486968449932,0.21538071709109335,1.1145074739238736,0.41898140392541794,21,51
5,ACGTC,3.383630544124371,3.2898348747835633,1.028509886338397,0.4187312574427188,296,779
5,TTGGG,2.732053040695016,2.647915874825795,1.031773663696316,0.4171027055991282,239,627
6,AATGCA,0.823045267489712,0.7770598420541408,1.0591711292158705,0.4152956646587592,72,184
6,TAGGCC,0.4343850022862369,0.4011993749736053,1.0826954373273427,0.41500443927751174,38,95
6,CCGTGA,1.0745313214449017,1.0220026183538158,1.051392787913691,0.4145957694068503,94,242
6,AAATAC,1.0745313214449017,1.0220026183538158,1.051392787913691,0.4145957694068503,94,242
6,GTATCG,0.9487882944673068,0.8995312302039782,1.054752505926412,0.4139520134376722,83,213
5,GCACG,7.087334247828076,6.955530216647662,1.0189492579500492,0.4131204715171325,620,1647
6,CTGGTT,0.8573388203017833,0.8108450525782339,1.0573328212259658,0.41121650972909374,75,192
6,CTGGGG,0.9830818472793781,0.9333164407280712,1.053315331056832,0.41073343005752183,86,221
6,CACAGG,0.9830818472793781,0.9333164407280712,1.053315331056832,0.41073343005752183,86,221
6,AGCGCA,1.9661636945587562,1.8961949406647238,1.0368976114388122,0.40803109776788377,172,449
6,GACCGT,1.1774119798811158,1.123358249926095,1.0481136971120881,0.40731811381614735,103,266
6,TACTCC,0.3543667123914037,0.3251826512943959,1.0897190827142973,0.4048501854478226,31,77
5,GACAG,3.8294467306812985,3.7332657629122847,1.025762535437724,0.40415110716505354,335,884
6,GACTAT,0.411522633744856,0.3800836183960471,1.0826942925143557,0.4038918883566517,36,90
6,GCGCGA,2.960676726108825,2.8759660458634233,1.0294536630572997,0.4035506508561253,259,681
6,TTTTAT,3.7608596250571558,3.6656953418640987,1.0259600644111968,0.4033948645733786,329,868
6,AACCGC,1.80612711476909,1.7399383419907937,1.0380386863789273,0.4025630547110877,158,412
6,GAGGGC,1.2802926383173296,1.2247138814983742,1.045377308061665,0.40145852466650017,112,290
5,ATCTG,3.5208047553726565,3.4291988681954475,1.0267127161259682,0.4009434276827185,308,812
6,GTAGCC,0.5601280292638318,0.5236707631234427,1.0696053859955463,0.3999988180085047,49,124
6,TGGGCT,0.8687700045724738,0.8235145065247689,1.054947427090205,0.39732431659190043,76,195
6,TTTAGA,0.8687700045724738,0.8235145065247689,1.054947427090205,0.39732431659190043,76,195
6,CTGTGA,0.5029721079103796,0.4687697960217915,1.0729462895217043,0.3963383756872008,44,111
6,GGCGAC,2.4577046181984454,2.381857341948562,1.0318424158628452,0.3959018921452396,215,564
6,TACCGA,0.7773205304069501,0.7348283288990245,1.057818157005299,0.39460650874098824,68,174
6,TGCCTC,0.7773205304069501,0.7348283288990245,1.057818157005299,0.39460650874098824,68,174
6,AGCTGA,0.7773205304069501,0.7348283288990245,1.057818157005299,0.39460650874098824,68,174
5,TTGAC,3.4293552812071333,3.340512690569703,1.026594699495762,0.3938007248513132,300,791
6,GGTCTC,0.594421582075903,0.5574559736475357,1.0662993675532484,0.39333326520707274,52,132
6,CATTTG,0.6858710562414266,0.6461421512732801,1.0614768084840478,0.3930826885090692,60,153
6,ACCTGG,1.0631001371742113,1.0135563157227923,1.0488763505765675,0.3927759726015585,93,240
6,GAGTAT,0.3886602652034751,0.35896786181848894,1.082693013054997,0.3924698378832444,34,85
6,TCTTCC,1.2574302697759487,1.2035981249208159,1.0447222968455436,0.3922297760234934,110,285
6,CGTGCT,1.2574302697759487,1.2035981249208159,1.0447222968455436,0.3922297760234934,110,285
5,GCCAC,7.144490169181528,7.018877486380337,1.0178961512620506,0.3921193162602338,625,1662
6,TTTCTT,1.9204389574759946,1.8539634275096077,1.03585396755044,0.3920187385920971,168,439
6,GACCTG,1.520347508001829,1.4612103551670257,1.0404685785094872,0.39179624436873967,133,346
5,CGACC,7.327389117512574,7.200472992947338,1.0176258368173678,0.3915580123778957,641,1705
6,CGAAGA,1.0973936899862824,1.0473415262468855,1.0477851626894537,0.39047712894756365,96,248
6,CAGGTT,0.720164609053498,0.6799273617973732,1.0591700415550547,0.3882804625292702,63,161
6,CCCAAA,0.9716506630086876,0.9248701380970481,1.050575173170327,0.38798032425771767,85,219
6,GTACGC,0.6287151348879744,0.5912411841716289,1.0633711158962154,0.38739855828704617,55,140
6,TTCACA,0.6287151348879744,0.5912411841716289,1.0633711158962154,0.38739855828704617,55,140
6,GAGACG,0.8459076360310928,0.8023987499472106,1.054216764931714,0.38697880354509695,74,190
6,CGCCAC,3.3036122542295385,3.2180413024198655,1.0265901785435363,0.38620302242383436,289,762
6,ACCGCA,1.7604023776863282,1.6977068288356771,1.0369273746493566,0.3860032127904469,154,402
6,ACCCAT,1.0059442158207592,0.9586553486211411,1.0493231847599367,0.38535358878981135,88,227
6,AGGCCA,1.2002743484224965,1.1486971578191647,1.0448966906405341,0.38455852400130874,105,272
6,TTCTCC,0.7544581618655692,0.7137125723214663,1.0570816361661857,0.3839389271741781,66,169
6,GATATC,1.0402377686328304,0.9924405591452341,1.0481564295254178,0.38293398664256456,91,235
6,GTTCCT,0.6630086877000457,0.6250263946957219,1.0607593813452902,0.3820916207967853,58,148
6,TACGTG,0.36579789666209417,0.3378521052409308,1.0826915737105423,0.38071042875243993,32,80
6,CGATAC,1.0745313214449017,1.0262257696693273,1.0470664901955429,0.3807033426256819,94,243
6,GTCTCG,0.7887517146776405,0.7474977828455593,1.0551819879334814,0.38000339539152234,69,177
6,CAGAGC,0.6973022405121171,0.658811605219815,1.05841547635128,0.3773282328241254,61,156
5,AAGTG,2.0461819844535896,1.9806579669749567,1.0330802746075545,0.3742246171773302,179,469
6,AAAGAT,1.211705532693187,1.1613666117656996,1.0433408247964706,0.3733738959492915,106,275
6,TTATAG,0.4572473708276178,0.42653828286667517,1.071979213291882,0.3730265061434063,40,101
6,CTGGAA,1.2459990855052583,1.1951518222897928,1.0425410463864053,0.37187898474267256,109,283
5,TCGTG,3.0864197530864197,3.006883736644284,1.0264504311988385,0.3709554396199243,270,712
6,GTGCTT,0.6401463191586648,0.6039106381181638,1.0599917927826499,0.3708366628544645,56,143
6,GGGTTC,0.6401463191586648,0.6039106381181638,1.0599917927826499,0.3708366628544645,56,143
6,CCAATA,0.5486968449931412,0.5152244604924194,1.064953999017895,0.370458578201281,48,122
6,AGAGTA,0.28577960676726105,0.26183538156172137,1.091412718139789,0.3699649710298908,25,62
6,AGCTCT,0.28577960676726105,0.26183538156172137,1.091412718139789,0.3699649710298908,25,62
6,GTAAGC,0.40009144947416553,0.37163731576502385,1.0765436573150693,0.36995943982304963,35,88
6,ACTCCG,0.6744398719707362,0.6376958486422568,1.0576109477769418,0.36612043016111173,59,151
6,CGGGTT,1.4174668495656149,1.364077874910258,1.0391363733698358,0.36597215276332556,124,323
6,GCTTCA,1.1545496113397347,1.1064656446640482,1.0434533341131196,0.3652814152444994,101,262
6,CCTAGA,0.205761316872428,0.18581865788251192,1.107265506415814,0.36487059457761717,18,44
6,AATCTC,0.5829903978052127,0.5490096710165125,1.0618833150867566,0.3645397596530231,51,130
6,CAATCC,1.188843164151806,1.1402508551881414,1.0426117179134728,0.3637364675507501,104,270
5,AGATG,3.0292638317329676,2.9519827695426324,1.0261784876046374,0.3636837966985766,265,699
6,TACGGA,0.4343850022862369,0.40542252628911696,1.0714201409774982,0.3608432146111774,38,96
6,TGAAAC,1.29172382258802,1.2416064867604206,1.0403616606355615,0.3598069598113703,113,294
5,ATTCA,3.6694101508916326,3.585455466869378,1.0234146939847948,0.35980550679425605,321,849
6,TGACGC,1.7946959304983996,1.735715190675282,1.0339786978129695,0.35934319899729955,157,411
6,GTGGCC,1.8289894833104712,1.769500401199375,1.033617240406804,0.35904291035526414,160,419
6,GCCTCG,1.9661636945587562,1.9046412432957474,1.0322996372759574,0.35821039690252116,172,451
6,AGCCTA,0.2629172382258802,0.24071962498416316,1.0921752670413667,0.3576298283043726,23,57
6,GAGCGT,0.903063557384545,0.8615228683643734,1.0482121477335307,0.35696034279819655,79,204
6,TTTCAC,0.903063557384545,0.8615228683643734,1.0482121477335307,0.35696034279819655,79,204
5,AACCG,5.464106081390032,5.363402170699776,1.0187757751344617,0.3564055628240474,478,1270
6,GGATAA,0.7773205304069501,0.739051480214536,1.0517742996081219,0.35466145273538574,68,175
5,TTTGT,3.326474622770919,3.247603361628447,1.024285241710907,0.3545021001061911,291,769
5,CCCAA,3.9666209419295844,3.881076058955192,1.0220409694574435,0.35298881331866283,347,919
6,GATGTC,1.2002743484224965,1.1529203091346762,1.0410695621860804,0.3526089572407215,105,273
6,AGCGAT,1.2002743484224965,1.1529203091346762,1.0410695621860804,0.3526089572407215,105,273
6,CGCATG,2.3891175125743027,2.322733223531399,1.0285790165089768,0.3509324707684134,209,550
6,TGCAGA,1.0059442158207592,0.9628784999366526,1.0447213680128262,0.35038916333095044,88,228
6,GGCCAA,1.2688614540466392,1.2204907301828625,1.039628945778189,0.35025465247837717,111,289
6,GCTGAT,1.8747142203932328,1.8159550656700032,1.032355381636818,0.35021358147383347,164,430
5,CAACG,5.818472793781436,5.718146881202753,1.017544872521765,0.34458077829944317,509,1354
6,CCACCT,1.1431184270690442,1.098019342033025,1.041069384091281,0.34401451450015835,100,260
6,GCTGCG,3.383630544124371,3.30672748004561,1.0232558440205355,0.3427026433374883,296,783
6,ATCAGT,0.5372656607224509,0.5067781578613961,1.0601475963961173,0.340424563053763,47,120
6,GTGCTC,0.7887517146776405,0.751720934161071,1.0492547877213485,0.3404166716717943,69,178
6,GCCAAC,1.5546410608139003,1.503441868322142,1.0340523889427127,0.33476230650693073,136,356
6,ACTCCA,0.48010973936899864,0.4518771907597449,1.0624645428717248,0.333651509063241,42,107
6,CACCGA,1.7946959304983996,1.7399383419907937,1.0314691850094275,0.3333253765306113,157,412
6,CCCCAA,1.1545496113397347,1.11068879597956,1.039486188120484,0.33274641356015117,101,263
5,TCGGG,5.086877000457248,4.995988006250264,1.0181920322646996,0.3326635678203727,445,1183
6,ATCCTA,0.21719250114311844,0.19848811182904685,1.0941868530890364,0.3317034973464026,19,47
6,TAGCGT,0.33150434385002286,0.30829004603234933,1.0752757688399528,0.3313413602393564,29,73
5,CTTTG,2.9492455418381343,2.880189197178935,1.0239754899358147,0.32897543441079485,258,682
6,AGGATA,0.51440329218107,0.485662401283838,1.0591665613091332,0.32783128191749206,45,115
6,CATGGG,0.9945130315500686,0.9544321973056294,1.041990028579,0.3276474813222761,87,226
6,ACTCGT,0.4229538180155464,0.3969762236580937,1.0654221854890535,0.32732438959641474,37,94
6,TAAGCA,0.4229538180155464,0.3969762236580937,1.0654221854890535,0.32732438959641474,37,94
6,GATGGC,2.2519433013260173,2.1918155327505384,1.0274316084160537,0.32704164502518396,197,519
6,TTAAGA,0.6401463191586648,0.6081337894336754,1.052631948900432,0.32680185204648243,56,144
5,ACTGG,3.2007315957933242,3.129355124794121,1.0228079547885827,0.32668210041394985,280,741
6,CTGAAC,1.0631001371742113,1.0220026183538158,1.0402087990798679,0.32485103848579394,93,242
6,GGCGAG,1.703246456332876,1.6512521643650493,1.031485889618111,0.3247442046985417,149,391
6,ACGTCT,0.5486968449931412,0.5194476118079311,1.056297502905322,0.3227755472838712,48,123
6,TGGGAC,0.5486968449931412,0.5194476118079311,1.056297502905322,0.3227755472838712,48,123
6,GCGCCT,2.9263831732967533,2.8590734406013767,1.0235416752756417,0.32181966923798794,256,677
6,GGGTAC,0.36579789666209417,0.34207525655644244,1.0693289174219955,0.3217495068419532,32,81
6,GATGAG,1.2002743484224965,1.157143460450188,1.0372703665618728,0.3207434381231723,105,274
5,CTCGC,6.024234110653864,5.929304446978335,1.01600998287845,0.3206112944699169,527,1404
6,AAGGTT,0.4572473708276178,0.4307614341821867,1.0614720523680745,0.32059756541581896,40,102
6,CAGGCT,1.3031550068587106,1.2584990920224672,1.0354806507642438,0.3186713950113346,114,298
6,GTACTA,0.19433013260173754,0.17737235525148864,1.095551655502733,0.3180346521275081,17,42
6,TGTAGA,0.30864197530864196,0.2871742894547912,1.074728879826293,0.3174655434550602,27,68
6,GCGTTC,1.4060356652949246,1.3598547235947465,1.0339577052816207,0.31726299621263515,123,322
6,TCCTGG,1.4060356652949246,1.3598547235947465,1.0339577052816207,0.31726299621263515,123,322
6,TCAGCC,1.7146776406035666,1.663921618311584,1.0305020209674214,0.3158624442361655,150,394
5,GCGTA,2.549154092363969,2.487436124836353,1.0248108829099623,0.31570136498590906,223,589
6,TGAGGA,0.6172839506172839,0.5870180328561172,1.0515499713301837,0.3144905094973302,54,139
6,CAATTA,0.8116140832190215,0.7770598420541408,1.0444622062220161,0.31266674430235836,71,184
5,TCTGT,2.274805669867398,2.2171544406436086,1.0260011788304526,0.3118735615752997,199,525
5,TGCGG,7.773205304069501,7.669242788969129,1.0135555963478255,0.31173339211330625,680,1816
6,GTGCAA,0.6515775034293553,0.6208032433802103,1.049563696722873,0.31108495061181207,57,147
6,TGGAGG,0.8459076360310928,0.8108450525782339,1.0432366944485136,0.31069035666780204,74,192
5,AGCGG,6.527206218564244,6.43185945352422,1.0148239064205824,0.31006260627083854,571,1523
6,AAGTGC,0.5258344764517604,0.49833185523037293,1.0551782975602069,0.3098769275080653,46,118
6,CCAGAT,0.8802011888431641,0.8446302631023269,1.042109212010708,0.3089258473001296,77,200
6,GTCGGG,1.3488797439414724,1.304953756493095,1.033658374017032,0.3079796763079346,118,309
6,TGAAGA,1.4174668495656149,1.3725241775412813,1.0327421538682477,0.307396926961327,124,325
6,GGGCAC,1.4174668495656149,1.3725241775412813,1.0327421538682477,0.307396926961327,124,325
6,GACCTC,0.9144947416552356,0.8784154736264199,1.0410684491189257,0.3073510818103674,80,208
6,GCCCCA,1.7261088248742569,1.6765910722581192,1.0295330209812883,0.3070490467612107,151,397
6,CCTTGC,1.6918152720621855,1.6428058617340258,1.0298309303470572,0.30694073337953887,148,389
6,TTTTCG,1.520347508001829,1.4738798091135605,1.0315253293165623,0.30691326039851935,133,349
6,GGTCCT,0.5601280292638318,0.5321170657544659,1.0526307127518688,0.3055766388205402,49,126
5,AGATT,2.7777777777777777,2.715486295873981,1.0229385020827515,0.3053961264960912,243,643
6,TGTGCG,1.0516689529035208,1.0135563157227923,1.0375991710302244,0.3026012518969973,92,240
6,CACTCC,0.594421582075903,0.565902276278559,1.0503872634309126,0.30183366541577644,52,134
6,TCGTGT,0.4686785550983082,0.44343088812872167,1.0569242585924685,0.3014121722496075,41,105
6,CTTGAC,0.7887517146776405,0.7559440854765827,1.0433938044504072,0.30099008336173777,69,179
6,GATCCG,1.9775948788294466,1.9257569998733053,1.026916785077787,0.3004079694338926,173,456
5,GTCAC,3.463648834019204,3.3954136576713543,1.0200956860219628,0.30033993530312236,303,804
6,CTGTGC,1.188843164151806,1.1486971578191647,1.0349461226112826,0.29972093997241056,104,272
6,AGAGGC,0.6287151348879744,0.5996874868026522,1.0483965549866052,0.2985644087984147,55,142
6,GCGTCC,1.703246456332876,1.6554753156805608,1.0288547070011598,0.2980961791789689,149,392
6,ATGCAA,1.4288980338363055,1.3851936314878162,1.031548836546336,0.29762338452484405,125,328
5,TGGGT,2.297668038408779,2.242493348536678,1.0246030738957215,0.29687828592992127,201,531
6,GGTTCT,0.5029721079103796,0.4772160986528147,1.0539600682446266,0.29656419434008247,44,113
6,AGGGGG,0.8916323731138546,0.8572997170488619,1.0400427657979225,0.2960603338162762,78,203
6,TTCTGT,0.6630086877000457,0.6334726973267453,1.0466181552613025,0.29570134070915893,58,150
5,GTTTG,3.406492912665752,3.340512690569703,1.019750934396647,0.292720842753068,298,791
6,AATCTT,0.7315957933241883,0.7010431183749314,1.0435755185333206,0.29098263313211753,64,166
6,GGTCAA,0.7315957933241883,0.7010431183749314,1.0435755185333206,0.29098263313211753,64,166
5,CATGA,8.058984910836763,7.960640229739431,1.0123537106172538,0.2899431607225112,705,1885
6,TGAATT,1.2002743484224965,1.1613666117656996,1.0334987990723628,0.2889614653395601,105,275
6,TCACGT,0.5715592135345221,0.5447865197010009,1.049134439677848,0.2888042734320728,50,129
6,CCCTGC,2.629172382258802,2.5718991511465856,1.0222679821207112,0.28833614750360687,230,609
6,CCAACC,1.5089163237311385,1.4654335064825375,1.0296702989431918,0.2880829339242034,132,347
6,CCGATT,1.337448559670782,1.296507453862072,1.0315755595008829,0.28805190142216747,117,307
5,CGCCA,11.796982167352537,11.681236538705182,1.0099085946427313,0.28768252394744304,1032,2766
6,CTGGCC,3.166438042981253,3.104016216901052,1.020109371466291,0.2869241691741972,277,735
6,ACCAAG,0.8344764517604023,0.8023987499472106,1.0399722763621773,0.2858444713429208,73,190
6,ACTCTG,0.3543667123914037,0.33362895392541914,1.0621395243716822,0.28506204864361895,31,79
6,GAACTA,0.3543667123914037,0.33362895392541914,1.0621395243716822,0.28506204864361895,31,79
5,CGGGT,5.41838134430727,5.338063262806706,1.015046014433499,0.285027342309879,474,1264
5,ACTCC,2.034750800182899,1.9848811182904682,1.0251235044166969,0.2848186563199646,178,470
6,TCCTCC,0.8687700045724738,0.8361839604713037,1.0389652864833203,0.28453458423852707,76,198
6,AGGCGG,2.423411065386374,2.369187888002027,1.0228858542935753,0.28409943410088684,212,561
5,GGCCA,7.190214906264289,7.099117361375058,1.0128320546127898,0.2830637657635022,629,1681
5,TGCCA,3.8980338363054408,3.830398243169053,1.0176571267868357,0.28101297389613855,341,907
5,TAGTC,1.0402377686328304,1.005110013091769,1.0349456880488261,0.2801579289036639,91,238
6,CGGCGA,3.3950617283950617,3.33206638793868,1.0189052205449294,0.2798507929421054,297,789
6,TCCCTG,1.0745313214449017,1.0388952236158622,1.0342986156423515,0.2796247305192223,94,246
5,GCCTC,5.3955189757658895,5.316947506229148,1.014777274313365,0.2793604364963418,472,1259
6,GGGGTG,1.108824874256973,1.0726804341399552,1.0336922999029103,0.27918192209860637,97,254
6,ACGGTA,0.51440329218107,0.4898855525993497,1.05003767856349,0.27879461231215424,45,116
5,GTAGT,1.314586191129401,1.2753916972845136,1.030728929030531,0.2780376745712835,115,302
6,GTAGCG,0.7430269775948789,0.7137125723214663,1.0410673703575661,0.2768100704941902,65,169
6,AACTTA,0.7773205304069501,0.7474977828455593,1.0398914339310603,0.27526281485299786,68,177
6,CGCAGC,3.4407864654778235,3.3785210524093077,1.0184292384681952,0.2747832108658029,301,800
5,CTCAA,2.937814357567444,2.880189197178935,1.0200067272567455,0.27466053672352475,257,682
5,ATGAG,3.589391860996799,3.526331348452215,1.0178822459062649,0.27262610949542954,314,835
6,CTTGAG,0.5829903978052127,0.5574559736475357,1.045797059603954,0.27243664216799807,51,132
6,CCCACT,0.5829903978052127,0.5574559736475357,1.045797059603954,0.27243664216799807,51,132
6,AGTGGC,0.5829903978052127,0.5574559736475357,1.045797059603954,0.27243664216799807,51,132
6,GTATTG,0.6172839506172839,0.5912411841716289,1.044040170281961,0.269913954964239,54,140
6,TGAGAA,0.6172839506172839,0.5912411841716289,1.044040170281961,0.269913954964239,54,140
6,TACCGT,0.6172839506172839,0.5912411841716289,1.044040170281961,0.269913954964239,54,140
6,CATGCG,2.091906721536351,2.0440052367076316,1.0234339621896733,0.2697337334358649,183,484
6,GCAGTC,0.9830818472793781,0.9502090459901178,1.0345916956467678,0.26957849666837413,86,225
6,ACCACC,1.5317786922725194,1.490772414375607,1.027504887407878,0.2694684136983239,134,353
6,TCCACG,1.0516689529035208,1.017779467038304,1.0332942032555428,0.26867075210840613,92,241
6,GCGCAA,2.377686328303612,2.3269563748469104,1.021800053494638,0.2681777294778444,208,551
6,GGGCCC,1.3260173754000915,1.2880611512310485,1.029465431505033,0.2679882213382092,116,305
6,TCCGGA,1.2574302697759487,1.2204907301828625,1.0302636573256232,0.26781171594239217,110,289
6,CGCTGA,1.9890260631001373,1.942649605135352,1.023871557014963,0.2677174278499773,174,460
6,ACTTTT,1.8175582990397805,1.7737235525148867,1.0247120106522127,0.26456207439192586,159,420
6,CGATGA,2.2062185642432555,2.1580303222264456,1.022328698837379,0.26427560723324506,193,511
6,CCCGGG,2.1719250114311843,2.124245111702352,1.0224445168848406,0.26350918581476307,190,503
6,GACAGA,0.7887517146776405,0.7601672367920942,1.037597934650133,0.26172217359900224,69,180
6,TAGCAA,0.5258344764517604,0.5025550065458845,1.0463130170847126,0.2615019447577181,46,119
5,GTCCA,2.892089620484682,2.8379576840238183,1.0190735857010895,0.2598980883745129,253,672
6,ATTCGC,0.9259259259259258,0.8953080788884666,1.0341942939307263,0.25861153729630715,81,212
6,CTCAAC,0.9259259259259258,0.8953080788884666,1.0341942939307263,0.25861153729630715,81,212
6,TCATTC,0.9602194787379973,0.9290932894125596,1.0334980780426384,0.2581490705844063,84,220
6,GCCAAG,1.2345679012345678,1.1993749736053043,1.0293402767074689,0.25738868464629977,108,284
6,TTAAAC,1.0973936899862824,1.0642341315089319,1.031155214791749,0.2572161054523297,96,252
5,AGTCC,2.1490626428898034,2.1031293551247945,1.021839409788137,0.2551200687926689,188,498
6,TGGTTC,0.6287151348879744,0.6039106381181638,1.0410663243400657,0.2544859802949698,55,143
5,GTGCC,5.5669867398262465,5.494319861480637,1.013225577982318,0.2544514354190123,487,1301
6,TAGTCG,0.30864197530864196,0.29139744077030283,1.0591584423272096,0.2536855572917723,27,69
6,GGCCCG,4.103795153177869,4.041555808944635,1.0153994667471418,0.25209807523147576,359,957
5,ACTAG,0.6973022405121171,0.6714810591663499,1.0384483466192742,0.25140799381818935,61,159
5,CGTAC,1.9775948788294466,1.9342033025043288,1.0224326641374901,0.2510694986606747,173,458
6,GACTGT,0.4686785550983082,0.4476540394442333,1.0469555019094214,0.25014396008903117,41,106
6,ACCACG,1.4517604023776864,1.4147556906963976,1.0261544070710666,0.24956756079206222,127,335
6,GAGATG,0.8001828989483311,0.7728366907386292,1.03537962233824,0.2484126904591763,70,183
6,ACGGCA,1.80612711476909,1.7652772498838634,1.0231394535575409,0.24717656830217716,158,418
5,GTGAA,3.7494284407864655,3.691034249757169,1.0158201211546662,0.24703338002693448,328,874
5,CAGGT,3.3493369913123003,3.2940580260990755,1.016780908740643,0.24700344954187647,293,780
6,AGGCGA,1.1431184270690442,1.11068879597956,1.0291951370115198,0.24635949068265392,100,263
5,TAGAC,1.0745313214449017,1.0431183749313737,1.030111573250993,0.24612920418814196,94,247
6,TTAGAT,0.5372656607224509,0.5152244604924194,1.0427715001321107,0.2446598023201205,47,122
6,TCTTGG,0.5372656607224509,0.5152244604924194,1.0427715001321107,0.2446598023201205,47,122
5,TGAAA,6.927297668038408,6.8499514337598715,1.0112913362806801,0.24438511572481275,606,1622
6,GGTGCC,1.9890260631001373,1.9468727564508637,1.0216506915721384,0.24315058122333083,174,461
6,GAGAAT,0.5715592135345221,0.5490096710165125,1.0410656444572646,0.24257513165926758,50,130
6,TCACGA,0.5715592135345221,0.5490096710165125,1.0410656444572646,0.24257513165926758,50,130
6,AGATAG,0.3772290809327846,0.35896786181848894,1.050857292050066,0.24239098161913636,33,85
6,AGCAGG,1.3260173754000915,1.2922843025465602,1.0261014257036876,0.2378922066302,116,306
6,TCGGGG,1.188843164151806,1.157143460450188,1.0273924241397625,0.23604321057237385,104,274
5,CCTAA,1.1202560585276635,1.0895730394020018,1.0281580052145736,0.23534571349031627,98,258
6,TAGAAA,0.8116140832190215,0.7855061446851641,1.0332328593793272,0.23532601533788897,71,186
6,TCTTGT,0.4458161865569273,0.42653828286667517,1.045185592724403,0.23500191067444534,39,101
6,ACCCTC,0.9144947416552356,0.8868617762574433,1.0311546293622598,0.2345931245017108,80,210
6,TGGAAC,0.9830818472793781,0.9544321973056294,1.0300143358753306,0.23457272439399024,86,226
5,ACTGA,2.937814357567444,2.888635499809958,1.0170243546910824,0.2341608748099869,257,684
5,GGTGC,6.2871513488797435,6.216478736433126,1.0113684094488227,0.2336025169319137,550,1472
6,GACAGT,0.48010973936899864,0.46032349339076817,1.0429740147109254,0.23228679858716106,42,109
6,GTCCTG,1.337448559670782,1.304953756493095,1.0248992066541427,0.22809553712887906,117,309
6,TCGTCC,1.3031550068587106,1.271168545969002,1.0251610574265624,0.22744436939438759,114,301
6,GAAAAA,3.3150434385002288,3.264495966890494,1.015483530618302,0.22688539153930273,290,773
6,CAGCAT,1.1659807956104253,1.1360277038726296,1.0263641944789277,0.22510725328373268,102,269
6,CGTTAC,0.6515775034293553,0.6292495460112336,1.0354778319292268,0.22461322801128814,57,149
6,CAAACG,1.131687242798354,1.1022424933485366,1.0267110717653407,0.22460369602770563,99,261
6,CCCTTT,1.0973936899862824,1.0684572828244436,1.027079883902296,0.22413914112733502,96,253
6,GTTCTT,0.6858710562414266,0.6630347565353267,1.0344368915684838,0.22386693664336804,60,157
6,CTTTAT,0.720164609053498,0.6968199670594197,1.0334968763954038,0.2232996561416216,63,165
6,ACCATG,2.1262002743484225,2.0862367498627474,1.0191548773170505,0.22291917759470892,186,494
5,ACCTC,2.9949702789208965,2.947759618227121,1.016015233697651,0.2226210585104208,262,698
6,GTTGTC,0.8573388203017833,0.831960809155792,1.030500188047241,0.22240181468138925,75,197
6,CATGTC,1.4860539551897578,1.4527640525360024,1.0229132950159012,0.22169555540496566,130,344
6,CGCTGT,1.80612711476909,1.769500401199375,1.0206977312758805,0.22143424154678917,158,419
5,TTGTA,1.954732510288066,1.9173106972422822,1.0195168479552168,0.21754397070532527,171,454
6,CATCCG,2.6406035665294922,2.5972380590396553,1.016696135236963,0.2174381600946167,231,615
6,CGCTAA,0.4572473708276178,0.43920773681320996,1.0410637748956333,0.21684478647170916,40,104
6,GCCGGC,8.584819387288523,8.509649900755944,1.0088333367501083,0.21508595548010076,751,2015
6,AGTCCA,0.49154092363968904,0.47299294733730307,1.0392057763844909,0.21493502614439294,43,112
6,GCCTCA,1.1774119798811158,1.1486971578191647,1.024995554582031,0.21466062042342562,103,272
5,ATGGT,2.754915409236397,2.7112631445584694,1.016099748484645,0.21436678653685814,241,642
6,GCGTAA,0.5601280292638318,0.5405633683854892,1.0361863999345209,0.21223171502250693,49,128
6,TGGGTT,0.5601280292638318,0.5405633683854892,1.0361863999345209,0.21223171502250693,49,128
6,CGAATC,1.0402377686328304,1.0135563157227923,1.0263219914838815,0.21215803000520317,91,240
6,TAAACG,0.594421582075903,0.5743485789095824,1.0349430809010325,0.21131586265983984,52,136
6,CTCAGG,0.9716506630086876,0.9459858946746061,1.0271273131525849,0.21114135948416785,85,224
6,ACGAGC,0.7315957933241883,0.7094894210059546,1.0311537512592768,0.20963738067789978,64,168
6,CTTGCG,1.646090534979424,1.6132438025254443,1.020359412793828,0.20781964764817404,144,382
6,TTAGGC,0.36579789666209417,0.3505215591874657,1.0435693044946524,0.20538931922738543,32,83
6,CGCATT,1.5089163237311385,1.478102960429072,1.0208451505827876,0.20351835836805052,132,350
6,GAGTAG,0.40009144947416553,0.3843067697115588,1.0410624395986856,0.2027831993366101,35,91
6,CATGTA,0.40009144947416553,0.3843067697115588,1.0410624395986856,0.2027831993366101,35,91
6,CGACCT,1.4746227709190671,1.444317749904979,1.0209807869060608,0.2024498136805221,129,342
6,CACAGT,0.4343850022862369,0.41809198023565186,1.038960627703582,0.20076906244296452,38,99
5,GTTGG,3.1092821216278006,3.066007855061447,1.0141137457036673,0.20025741949475492,272,726
6,CGCGTT,1.623228166438043,1.5921280459478864,1.0195324536389774,0.19806970407022575,142,377
6,CTCGAG,0.5029721079103796,0.485662401283838,1.035634101323596,0.19805899578817993,44,115
6,GACTGA,0.8802011888431641,0.8572997170488619,1.0267103794635346,0.1978352174685048,77,203
6,TTCTCG,0.8116140832190215,0.7897292960006757,1.027708249528297,0.19688070090031715,71,187
6,GCATCG,3.5208047553726565,3.475653532666075,1.0129903407368324,0.19669043840031772,308,823
6,GTGGTA,0.5715592135345221,0.5532328223320241,1.0331200146871125,0.19660257079867688,50,131
6,ACTTAA,0.7087334247828074,0.6883736644283964,1.0295723154077574,0.19603311078450397,62,163
6,TCGGAT,0.6401463191586648,0.6208032433802103,1.0311531240731653,0.19600955447999607,56,147
6,GACGCG,2.0233196159122087,1.9891042696059802,1.0172005192372755,0.19541269546259904,177,471
5,GGCAG,7.178783721993598,7.116009966637105,1.0088213582492118,0.19493755867725845,628,1685
6,CTGTAG,0.2743484224965706,0.26183538156172137,1.0477714803561227,0.1944582482809772,24,62
5,AGTAC,1.4517604023776864,1.423201993327421,1.0200648978109705,0.19219438870366573,127,337
6,GTGGCG,2.137631458619113,2.1031293551247945,1.0164043466825194,0.19176643555022058,187,498
6,ACGGGG,1.0631001371742113,1.0388952236158622,1.0232964627826797,0.19020494959492762,93,246
5,GTAGG,1.3831732967535437,1.3556315722792347,1.0203150277219009,0.18984373465456997,121,321
5,CACTT,2.2519433013260173,2.2171544406436086,1.0156900624685683,0.1884504506070896,197,525
6,TTCCGA,0.9945130315500686,0.971324802567676,1.0238703283271142,0.1883680527037939,87,230
5,CTGGC,8.74485596707819,8.67857595337641,1.0076371112434488,0.18799672567173484,765,2055
6,GCCTGA,2.217649748513946,2.183369230119515,1.0157000235778704,0.18709527835459172,194,517
6,TCTTCT,0.8916323731138546,0.8699691709953968,1.0248982527373935,0.18582739091092096,78,206
6,ACCGCT,1.5317786922725194,1.503441868322142,1.018846714246807,0.18565024409735936,134,356
6,CACGAA,0.7887517146776405,0.7686135394231176,1.0261972428242068,0.18365665934982325,69,182
6,TCAAAC,0.7887517146776405,0.7686135394231176,1.0261972428242068,0.18365665934982325,69,182
6,CTTCTC,0.7544581618655692,0.7348283288990245,1.02670986026073,0.18304597558239397,66,174
6,ACTCTT,0.4458161865569273,0.4307614341821867,1.0349410533883494,0.1828716530541743,39,102
6,AGCGTT,0.720164609053498,0.7010431183749314,1.0272718795598896,0.18250678244365132,63,166
6,TCTGGA,0.720164609053498,0.7010431183749314,1.0272718795598896,0.18250678244365132,63,166
6,AGCTCA,0.48010973936899864,0.4645466447062798,1.0334944733595501,0.18210861496880906,42,110
6,ACTCCC,0.5486968449931412,0.5321170657544659,1.0311522878642982,0.18138798355087168,48,126
6,TTTACG,0.5486968449931412,0.5321170657544659,1.0311522878642982,0.18138798355087168,48,126
6,CCATAA,0.5486968449931412,0.5321170657544659,1.0311522878642982,0.18138798355087168,48,126
6,TTAAGG,0.5486968449931412,0.5321170657544659,1.0311522878642982,0.18138798355087168,48,126
6,TATGCA,0.5829903978052127,0.565902276278559,1.0301909060136776,0.18133720797134822,51,134
6,CCGCAC,2.960676726108825,2.9224207103340514,1.0130900751667902,0.18122126715088205,259,692
6,CCATGA,3.1092821216278006,3.0702310063769582,1.012718861637307,0.18062662892700274,272,727
6,AGCCGT,1.108824874256973,1.0853498880864902,1.02162696447633,0.18056075983437478,97,257
5,TTGGA,2.4119798811156836,2.3776341906330503,1.0144447140550599,0.17983896079975942,211,563
6,CTATAG,0.21719250114311844,0.2069344144600701,1.0495477368330315,0.17922715624372368,19,49
5,CACTG,3.189300411522634,3.1504708813716795,1.0123246013541676,0.177382593288487,279,746
6,CCTCAT,0.9373571101966164,0.9164238354660247,1.0228398585181886,0.17504478845870083,82,217
6,GCGGAT,1.9090077732053041,1.8793023354026777,1.0158057895550405,0.1744752118467824,167,445
5,CCCAG,4.160951074531321,4.117572532623845,1.0105347235759508,0.1742519799422604,364,975
6,GTCGTC,1.4746227709190671,1.4485409012204906,1.0180043720128311,0.17405550449371618,129,343
6,TGGTCG,1.440329218106996,1.4147556906963976,1.0180750076341785,0.17265751134803528,126,335
6,CTCCTG,0.8344764517604023,0.8150682038937455,1.023808887262716,0.17197692976890586,73,193
6,CAACAC,1.1202560585276635,1.098019342033025,1.0202498177051231,0.17008886718085037,98,260
6,CGTATT,0.7315957933241883,0.7137125723214663,1.0250531045489464,0.1692270426709947,64,169
6,GCAGAG,0.7315957933241883,0.7137125723214663,1.0250531045489464,0.1692270426709947,64,169
6,TTTACC,0.6973022405121171,0.6799273617973732,1.0255502641376377,0.1684120236648042,61,161
6,AGATGA,1.0516689529035208,1.0304489209848389,1.0205909991137567,0.16748434555691097,92,244
6,TCTAGT,0.1600365797896662,0.15203344735841884,1.0526060019687344,0.1630219750206224,14,36
5,GTGTA,1.2002743484224965,1.178259217027746,1.0186828694311747,0.16265916422878854,105,279
6,CTCGGG,0.9144947416552356,0.8953080788884666,1.0214278419182756,0.16233356121370615,80,212
6,AGACCA,0.8459076360310928,0.8277376578402804,1.02194872148993,0.159817455867595,74,196
6,CCACGC,2.892089620484682,2.8590734406013767,1.0115474561334625,0.15810303405714,253,677
6,CCACTG,0.7430269775948789,0.7263820262680012,1.0229117180123288,0.1561842800194338,65,172
6,GTGAAC,0.7087334247828074,0.6925968157439081,1.0232953417312447,0.1550289585889635,62,164
6,GCAAGT,0.7087334247828074,0.6925968157439081,1.0232953417312447,0.1550289585889635,62,164
6,TACCGG,0.9945130315500686,0.9755479538831876,1.0194384435404162,0.15382153016319333,87,231
6,AGCAAC,0.9602194787379973,0.9417627433590946,1.0195959926316631,0.15233068018896082,84,223
5,TGGTG,4.698216735253772,4.6581359010093335,1.0086042946506324,0.1518422706520152,411,1103
6,CGGACG,1.9433013260173753,1.9173106972422822,1.013555066117277,0.15120978591460257,170,454
6,AGCCAG,1.1774119798811158,1.157143460450188,1.0175144817176525,0.15112168431186154,103,274
6,GTAGAG,0.2629172382258802,0.25338907893069806,1.0375880465358707,0.15071710745550987,23,60
6,TAGGGA,0.2629172382258802,0.25338907893069806,1.0375880465358707,0.15071710745550987,23,60
6,TACTAC,0.2972107910379515,0.2871742894547912,1.0349369990687587,0.1492055167931995,26,68
6,ACAGTT,0.4686785550983082,0.45610034207525657,1.0275716869606746,0.1486489871865311,41,108
6,CGAGTT,0.4686785550983082,0.45610034207525657,1.0275716869606746,0.1486489871865311,41,108
6,AGGGGT,0.4686785550983082,0.45610034207525657,1.0275716869606746,0.1486489871865311,41,108
6,CTGAGT,0.40009144947416553,0.3885299210270704,1.0297494552569197,0.14794543944802985,35,92
5,TGTGC,3.3607681755829906,3.327843236623168,1.009893479731713,0.14652666423054633,294,788
6,GTGAGC,0.823045267489712,0.8066219012627222,1.020358150933157,0.1463486525364014,72,191
5,AGCAT,3.2121627800640145,3.180032940580261,1.01010330073745,0.14615757482541022,281,753
6,AATCCG,1.2231367169638776,1.2035981249208159,1.0162321363127047,0.1428983845499282,107,285
6,AAGAAT,1.0059442158207592,0.9882174078297226,1.0179363510655584,0.142891277628781,88,234
5,AGACG,3.2578875171467763,3.2264876050508886,1.0097316161652437,0.1418461362582696,285,764
6,TGGCTT,0.9716506630086876,0.9544321973056294,1.0180386431716615,0.1412026939329578,85,226
5,CTGAC,5.0640146319158665,5.025550065458845,1.0076536499668742,0.14058019727001356,443,1190
6,TTCTGG,0.9373571101966164,0.9206469867815363,1.018148442139887,0.13949973903740484,82,218
6,GCTACA,0.6515775034293553,0.6376958486422568,1.0217650441228958,0.1389770202362117,57,151
6,TCTTGC,0.903063557384545,0.8868617762574433,1.018266605800608,0.13778243892469919,79,210
6,CGCGTC,2.5948788294467304,2.567675999831074,1.010593926268275,0.1372687677117377,227,608
5,GGACG,5.224051211705532,5.186029815448288,1.0073313622316178,0.1369151483753368,457,1228
6,TGTCGC,1.4860539551897578,1.4654335064825375,1.0140702676643074,0.1368966883781582,130,347
6,AGGTCC,0.5829903978052127,0.5701254275940707,1.0225612005157725,0.1361562284119613,51,135
6,GGTGTG,0.8687700045724738,0.8530765657333503,1.0183941278621902,0.1360509061293164,76,202
6,CCCGTA,0.5486968449931412,0.5363402170699776,1.023034492064475,0.13480067640850202,48,127
6,TGGGTG,0.8001828989483311,0.7855061446851641,1.018682076715488,0.13254617868644036,70,186
5,CGCTT,6.1842706904435305,6.144685164069428,1.0064421335029858,0.13163988536108595,541,1455
5,GTGCA,2.903520804755373,2.8759660458634233,1.009580711448397,0.1316073487076507,254,681
6,TTGATG,1.2002743484224965,1.1824823683432577,1.0150450239708584,0.13128755564818503,105,280
5,AAAGA,4.938271604938271,4.903078677309008,1.00717757396689,0.1301433633559117,432,1161
6,TACTGT,0.411522633744856,0.4011993749736053,1.0257245822322292,0.13007572331177228,36,95
6,TTACGA,0.411522633744856,0.4011993749736053,1.0257245822322292,0.13007572331177228,36,95
6,CTACTT,0.411522633744856,0.4011993749736053,1.0257245822322292,0.13007572331177228,36,95
6,TCTAAT,0.411522633744856,0.4011993749736053,1.0257245822322292,0.13007572331177228,36,95
6,AGTACC,0.411522633744856,0.4011993749736053,1.0257245822322292,0.13007572331177228,36,95
6,AGTCTT,0.411522633744856,0.4011993749736053,1.0257245822322292,0.13007572331177228,36,95
6,CACTTC,0.7315957933241883,0.7179357236369779,1.0190242201572086,0.12898930808266412,64,170
6,CTAAAC,0.3429355281207133,0.33362895392541914,1.0278866250165815,0.12851203729570412,30,79
6,CTAGGC,0.3429355281207133,0.33362895392541914,1.0278866250165815,0.12851203729570412,30,79
6,TATGGG,0.3429355281207133,0.33362895392541914,1.0278866250165815,0.12851203729570412,30,79
6,GGTTGC,1.2802926383173296,1.2627222433379788,1.0139135932012946,0.12553549217367008,112,299
5,GCAGA,4.195244627343393,4.164027197094472,1.007496752325602,0.1247783167532403,367,986
6,TCGCTC,1.02880658436214,1.0135563157227923,1.0150448119375386,0.12144447301545541,90,240
6,CGCTCG,2.400548696844993,2.3776341906330503,1.0096371185232618,0.12005932816090369,210,563
6,GGGGAG,0.9945130315500686,0.9797711051986994,1.0150447607579773,0.11938278890450986,87,232
6,GCGAAT,0.7773205304069501,0.7643903881076058,1.0169134138250595,0.11838960155504333,68,181
5,GTAGC,2.034750800182899,2.0144431774990497,1.0100805100186834,0.11537337851448201,178,477
5,ACCAC,4.218106995884774,4.189366104987542,1.0068602753136053,0.11455602781668671,369,992
6,GCCTCT,0.7087334247828074,0.6968199670594197,1.0170944416668894,0.11420534110670526,62,165
6,GAATAC,0.7087334247828074,0.6968199670594197,1.0170944416668894,0.11420534110670526,62,165
6,CAGGTC,1.0745313214449017,1.0600109801934203,1.0136970010902369,0.1131165133194305,94,251
6,GTCTGG,0.8916323731138546,0.8784154736264199,1.015044583600647,0.11298123820476765,78,208
6,AAGAGT,0.4229538180155464,0.4138688289201402,1.0219460704785548,0.11277153864231239,37,98
6,TTCGTA,0.4229538180155464,0.4138688289201402,1.0219460704785548,0.11277153864231239,37,98
6,GGTCGA,1.2231367169638776,1.2078212762363276,1.0126791712579732,0.11187088913093413,107,286
6,AGCAGC,1.3717421124828533,1.3556315722792347,1.0118832817152246,0.11117324787513697,120,321
6,ATTCCC,1.0402377686328304,1.0262257696693273,1.0136525841770665,0.11092033097101402,91,243
6,ATCCCT,0.6401463191586648,0.6292495460112336,1.0173143417938315,0.10988393017076983,56,149
6,CGTAAA,0.6401463191586648,0.6292495460112336,1.0173143417938315,0.10988393017076983,56,149
6,CGGGGT,1.188843164151806,1.1740360657122344,1.0126110583534367,0.10968509000458958,104,278
6,GCGTGA,1.188843164151806,1.1740360657122344,1.0126110583534367,0.10968509000458958,104,278
6,CACCAC,1.6346593507087332,1.6174669538409563,1.010628553474682,0.10877544255870461,143,383
6,AGAAAC,1.0059442158207592,0.9924405591452341,1.0136051434383238,0.10868259635476513,88,235
6,CCAAAA,1.0059442158207592,0.9924405591452341,1.0136051434383238,0.10868259635476513,88,235
6,TAGAAC,0.3200731595793324,0.3125131973478609,1.0241831192528288,0.1079045417960847,28,74
6,AGTAGG,0.3200731595793324,0.3125131973478609,1.0241831192528288,0.1079045417960847,28,74
6,ATGTCA,0.7887517146776405,0.7770598420541408,1.015044360234307,0.10620885764627244,69,184
6,CATAGT,0.21719250114311844,0.21115756577558173,1.0285667182871339,0.10467589775336245,19,50
6,GGAAGG,0.9373571101966164,0.9248701380970481,1.0134998651148435,0.10407226769229681,82,219
6,CGACTC,0.7544581618655692,0.7432746315300477,1.0150442722433277,0.10385655966250538,66,176
6,TTCCTG,1.4974851394604483,1.4823261117445838,1.0102258234631503,0.10012345633758168,131,351
6,TGGCGC,3.2693187014174665,3.247603361628447,1.006686367987171,0.0978270028358455,286,769
6,GGATCG,1.7261088248742569,1.7103762827822122,1.0091977551810627,0.0968619288644627,151,405
6,CGTAGC,0.6172839506172839,0.6081337894336754,1.0150438225277294,0.09387764485920576,54,144
5,CACGA,3.6579789666209424,3.6361332826555173,1.0060077784529464,0.09320365320477564,320,861
6,CCTCGA,1.0973936899862824,1.0853498880864902,1.0110956774992386,0.09276606611752214,96,257
6,CGCGAG,1.6575217192501144,1.6428058617340258,1.0089572128621882,0.09241803089191208,145,389
6,TTGTAT,0.5829903978052127,0.5743485789095824,1.0150436770372628,0.09121710664844715,51,136
6,GCATCC,2.4119798811156836,2.394526795895097,1.0072884364488466,0.09115738670070718,211,567
6,CGTCGG,2.1490626428898034,2.1326914143333755,1.0076759632687966,0.09047773028522102,188,505
6,CATGCA,1.623228166438043,1.6090206512099328,1.008829366037548,0.0901434486862131,142,381
6,CTCCCG,1.623228166438043,1.6090206512099328,1.008829366037548,0.0901434486862131,142,381
6,AGGAAT,0.7315957933241883,0.7221588749524895,1.0130658392703302,0.0889225154427718,64,171
6,GAACGT,0.7315957933241883,0.7221588749524895,1.0130658392703302,0.0889225154427718,64,171
6,CATATC,0.5486968449931412,0.5405633683854892,1.0150435133638513,0.08847849915044902,48,128
6,CTAATC,0.2972107910379515,0.29139744077030283,1.01994305765528,0.0859682042385889,26,69
6,GATTTA,1.1431184270690442,1.131804552557118,1.009995431581547,0.08536933807902475,100,268
6,AGATCT,0.2629172382258802,0.2576122302462097,1.0205850066743136,0.08341529687882765,23,61
6,TTATCC,0.6630086877000457,0.6545884539043034,1.012861436222874,0.08331083227587162,58,155
6,AGTTCC,0.48010973936899864,0.47299294733730307,1.0150431158861084,0.08273584318749858,42,112
6,GACACC,1.6346593507087332,1.6216901051564678,1.0079968705636013,0.0819791697408736,143,384
5,CCACG,6.43575674439872,6.410743696946662,1.003901677943571,0.08157729336904958,563,1518
5,AGCGT,3.2693187014174665,3.2518265129439587,1.005379023297077,0.07876575846722324,286,770
5,CGGGA,5.0640146319158665,5.042442670720892,1.004277992791262,0.07874987950492275,443,1194
6,TTCATG,1.188843164151806,1.178259217027746,1.0089819360438803,0.07830046924149306,104,279
6,TTTCCT,1.0402377686328304,1.0304489209848389,1.009498673424098,0.0773749222654087,91,244
6,TTGCTC,0.594421582075903,0.5870180328561172,1.0126099843736194,0.07732895878150566,52,139
6,GACCCC,0.8916323731138546,0.8826386249419317,1.0101884611342509,0.0767478627372397,78,209
6,TGCACA,0.7430269775948789,0.7348283288990245,1.0111557118884458,0.07661005650104359,65,174
6,TAAGGT,0.411522633744856,0.40542252628911696,1.015042585948456,0.07657241193235728,36,96
6,CCAGGC,2.137631458619113,2.124245111702352,1.0063013993550387,0.0741385429056771,187,503
6,AGAGAC,0.3772290809327846,0.37163731576502385,1.015042248734844,0.07330002059306794,33,88
6,CGAACG,1.4974851394604483,1.4865492630600954,1.007356056786281,0.0721563955866858,131,352
5,GAGCG,5.887059899405578,5.865957177245661,1.0035974286513563,0.07174321793087544,515,1389
6,CCGGCA,4.583904892546868,4.565226572068077,1.004091343780984,0.07148384904889338,401,1081
6,GGTCAC,0.823045267489712,0.8150682038937455,1.009785788451835,0.07081708486592304,72,193
6,CTTTAG,0.3429355281207133,0.3378521052409308,1.015041844098466,0.06987693209994385,30,80
6,TGCTCC,0.7887517146776405,0.7812829933696525,1.0095583361441995,0.06771315789299778,69,185
6,GAACAG,1.0516689529035208,1.0431183749313737,1.0081963452500626,0.0671914092268561,92,247
6,AGTAGT,0.30864197530864196,0.3040668947168377,1.0150413495724555,0.06627979926490067,27,72
6,GACAAA,1.1659807956104253,1.157143460450188,1.0076365392955424,0.06597753159132941,102,274
6,GGAATC,0.903063557384545,0.8953080788884666,1.0086613899058248,0.06572879127630367,79,212
6,GCAGTG,0.903063557384545,0.8953080788884666,1.0086613899058248,0.06572879127630367,79,212
6,TTCGAG,0.7544581618655692,0.7474977828455593,1.0093103259262177,0.06450586367871063,66,177
6,GCGGCG,7.2930955647005025,7.2722665653110345,1.0028641294690537,0.06408506198168332,638,1722
6,CAACAA,1.5089163237311385,1.4992187170066305,1.0064680088459572,0.06372679586508305,132,355
6,GCACAG,1.131687242798354,1.123358249926095,1.0074137092969917,0.06310157583846245,99,266
5,CCGCG,14.40329218106996,14.375607078001604,1.0019258254858796,0.06305552253314671,1260,3404
5,GCCAG,7.258802011888433,7.238481354786942,1.0028072706661024,0.0626557904483953,635,1714
6,TGTCGT,0.8687700045724738,0.8615228683643734,1.0084110304800262,0.06260465618240799,76,204
6,CTTTTC,1.2459990855052583,1.237383335444909,1.0069623160276753,0.062233603378178765,109,293
6,CGTTGT,0.9830818472793781,0.9755479538831876,1.0077219383961242,0.06120108738774217,86,231
6,CGTCGA,1.5889346136259717,1.5794585920013513,1.0059991580385848,0.06069685544751512,139,374
6,GGGTTA,0.4229538180155464,0.41809198023565186,1.0116258513067489,0.06012840924339544,37,99
5,GTTGT,2.9263831732967533,2.913974407703028,1.004258218513887,0.05893159621396764,256,690
6,GAATTT,1.0631001371742113,1.0557878288779088,1.0069252699920532,0.05712847504366292,93,250
6,AGTAGC,0.3886602652034751,0.3843067697115588,1.0113252310701577,0.05615104432581244,34,91
6,CCACCG,2.549154092363969,2.5381139406224924,1.0043495749372366,0.05607079746769063,223,601
6,CTATCG,0.8001828989483311,0.7939524473161874,1.0078463981229475,0.056050610500506165,70,188
5,CCGCT,9.099222679469593,9.079775328350015,1.0021418081654556,0.05408320627891955,796,2150
6,TACATC,0.5029721079103796,0.49833185523037293,1.0093097032850398,0.05260266411277475,44,118
6,TGGATA,0.7658893461362597,0.7601672367920942,1.0075264447384444,0.0526022241689262,67,180
6,TAGGAA,0.3543667123914037,0.3505215591874657,1.0109666764726302,0.05192326982619045,31,83
6,GCAGCC,2.5948788294467304,2.5845686050931205,1.003988992760346,0.05190575618464999,227,612
6,CATGTG,0.6172839506172839,0.6123569407491871,1.0080446632902387,0.05042311458956337,54,145
5,AGTTT,2.5605852766346593,2.5507833945690273,1.0038425441501955,0.04966461655190147,224,604
6,TGACTC,0.4686785550983082,0.4645466447062798,1.0088925863107012,0.04850784924382723,41,110
6,GACCAA,0.8459076360310928,0.8404071117868154,1.0065442923291679,0.04811657517691882,74,199
6,AAGCGA,0.9602194787379973,0.9544321973056294,1.0060629504679923,0.0475352433251486,84,226
6,TCGCGG,2.297668038408779,2.288948013007306,1.0038094550013466,0.04657928229917119,201,542
6,GAGACA,0.6973022405121171,0.6925968157439081,1.0067929065952983,0.04530598783175806,61,164
6,AGCCAC,1.0402377686328304,1.0346720723003504,1.0053786688696644,0.04392863363194269,91,245
6,ATATCT,0.6630086877000457,0.658811605219815,1.0063697200762316,0.04142995701655343,58,156
6,TCGGGA,0.8916323731138546,0.8868617762574433,1.0053785822389563,0.04063963003706429,78,210
6,ACCAGG,1.0059442158207592,1.0008868617762574,1.005052368055588,0.04057934978238211,88,237
6,ATCTGG,1.0059442158207592,1.0008868617762574,1.005052368055588,0.04057934978238211,88,237
6,TGGCGT,1.4288980338363055,1.423201993327421,1.0040019901156523,0.03841529554988709,125,337
6,TGAGGG,0.6287151348879744,0.6250263946957219,1.005900790981715,0.03737918053762789,55,148
6,TAGTGC,0.2514860539551898,0.24916592761518647,1.0093078358610852,0.03714909906377202,22,59
6,TTAGAA,0.7430269775948789,0.739051480214536,1.005378460960653,0.03707106411197282,65,175
6,TGTGAA,0.7430269775948789,0.739051480214536,1.005378460960653,0.03707106411197282,65,175
6,TGCCTG,1.7375400091449476,1.7314920393597704,1.0034927221006475,0.037040253079230416,152,410
5,ATCCG,6.641518061271149,6.630347565353266,1.0016847272839096,0.03587504482984969,581,1570
6,ATAGGA,0.36579789666209417,0.3631910131340006,1.0071757446065202,0.03460256696918398,32,86
5,TCCAG,3.4407864654778235,3.4334220195109593,1.0021448663864732,0.0323165207230703,301,813
6,TCGATC,1.6689529035208046,1.663921618311584,1.0030235696182395,0.0314242323924885,146,394
6,CAAGCC,1.8632830361225423,1.8581865788251193,1.0027425572328275,0.03015239421139658,163,440
6,CACGTG,0.6744398719707362,0.6714810591663499,1.0044057418892354,0.028939436718287734,59,159
5,TACCG,3.4865112025605853,3.4798766839815873,1.0019064836294844,0.028926347704314466,305,824
6,ACGTAA,0.4458161865569273,0.44343088812872167,1.005377975902128,0.028672395899077024,39,105
5,GTTAC,1.8289894833104712,1.8244013683010263,1.0025147227013138,0.027391162664374337,160,432
6,TCGGGC,2.0233196159122087,2.0186663288145614,1.002305015212127,0.026436647066539896,177,478
6,AGCACG,1.0631001371742113,1.0600109801934203,1.002913993948282,0.02409976030223239,93,251
6,CAGATC,1.0631001371742113,1.0600109801934203,1.002913993948282,0.02409976030223239,93,251
6,AGTAAG,0.2972107910379515,0.2956205920858144,1.005377369701991,0.023393528336807044,26,70
6,TAGCTA,0.2972107910379515,0.2956205920858144,1.005377369701991,0.023393528336807044,26,70
6,AACCTG,0.9487882944673068,0.9459858946746061,1.0029620986936545,0.023129305254680297,83,224
5,GGAGA,3.8866026520347505,3.881076058955192,1.0014239480496656,0.022865442369334233,340,919
6,CCGTTG,1.5660722450845908,1.562565986739305,1.0022437669822213,0.02258904876611747,137,370
6,ATCTGA,0.720164609053498,0.7179357236369779,1.0031041427928271,0.02109170867109397,63,170
6,AACGAT,1.02880658436214,1.0262257696693273,1.002514615504241,0.020460311122101477,90,243
6,AATGCT,0.6058527663465935,0.6039106381181638,1.0032153874548975,0.020026378801896824,53,143
6,CAAGTT,0.6058527663465935,0.6039106381181638,1.0032153874548975,0.020026378801896824,53,143
6,GAGCTT,0.49154092363968904,0.4898855525993497,1.0033784078562271,0.018940882880345025,43,116
5,GCGCG,15.283493369913122,15.275138308205582,1.000546967683185,0.018561286287709228,1337,3617
6,TGAACA,1.108824874256973,1.1064656446640482,1.0021320285916169,0.018020900845958875,97,262
6,TAACCC,0.3772290809327846,0.3758604670805355,1.0036403132033453,0.017867162818885177,33,89
6,TCTCAG,0.3772290809327846,0.3758604670805355,1.0036403132033453,0.017867162818885177,33,89
6,GGCGAT,2.5034293552812072,2.5001055787828874,1.001329401280649,0.017012078414913704,219,592
6,CGAGTA,0.2629172382258802,0.26183538156172137,1.0041302425724563,0.016910882699909955,23,62
6,GAAGGG,0.8802011888431641,0.8784154736264199,1.0020326508415076,0.015291242395699277,77,208
6,GCATGG,2.0804755372656607,2.0777904472317243,1.0012922192493419,0.015042706236195415,182,492
6,CTTCGT,0.7658893461362597,0.7643903881076058,1.0019607284172196,0.013752030030433213,67,181
5,TTTGG,3.1321444901691815,3.129355124794121,1.0008913262097803,0.012803067696228191,274,741
5,CAACC,4.881115683584819,4.877739769415938,1.0006920920588758,0.012525215916388775,427,1155
6,GTACCT,0.3429355281207133,0.34207525655644244,1.0025141255768415,0.011772121353950183,30,81
6,GTCCGG,2.32053040695016,2.3185100722158873,1.000871355972478,0.01072866167315582,203,549
6,TTGTCT,0.5372656607224509,0.5363402170699776,1.0017251571060946,0.010124643735937107,47,127
6,CAGTAC,0.5372656607224509,0.5363402170699776,1.0017251571060946,0.010124643735937107,47,127
6,GAGCTA,0.2286236854138089,0.22805017103762829,1.0025137582565564,0.009606399016064361,20,54
6,ACCCTT,0.7315957933241883,0.7306051775835128,1.0013556982639038,0.009295227315173803,64,173
6,AACGAA,1.1202560585276635,1.1191350986105832,1.0010015410689603,0.008515641558966848,98,265
5,ACCTT,2.674897119341564,2.673254782718865,1.0006143354534591,0.008137173631670398,234,633
6,GAGGGA,0.8116140832190215,0.8108450525782339,1.000948314116157,0.006852833729878882,71,192
6,CTGTTT,1.0859625057155922,1.0853498880864902,1.0005643905221475,0.004725244417178385,95,257
6,CAGTCT,0.5029721079103796,0.5025550065458845,1.0008297964987185,0.004713876016585817,44,119
6,CGATTA,0.5029721079103796,0.5025550065458845,1.0008297964987185,0.004713876016585817,44,119
6,TCCAGG,0.8916323731138546,0.8910849275729549,1.0006142894970078,0.004655561089974169,78,211
6,GATTAT,0.8916323731138546,0.8910849275729549,1.0006142894970078,0.004655561089974169,78,211
6,CGTGTT,0.6973022405121171,0.6968199670594197,1.0006920069383751,0.0046333372114631365,61,165
6,CGACCC,1.5546410608139003,1.5541196841082816,1.0003354588228097,0.0033687901466100357,136,368
5,ACGCG,6.229995427526291,6.229148190379661,1.0001360095344956,0.0028017666975474332,545,1475
6,TCATTG,0.7773205304069501,0.7770598420541408,1.0003354372404527,0.002372747538224578,68,184
6,TAGTTG,0.3886602652034751,0.3885299210270704,1.000335394084069,0.0016745103165695953,34,92
6,CTCCTA,0.19433013260173754,0.1942649605135352,1.000335307804607,0.0011829045910174494,17,46
6,CACCTC,1.0516689529035208,1.0515646775623972,1.0000991526513616,0.0008170264039428215,92,249
5,GGGTT,3.040695016003658,3.0406689471683768,1.0000085731062551,0.00012134571553342346,266,720
5,CAGAG,1.9890260631001373,1.9891042696059802,0.9999606845274577,-0.0004476739930215609,174,471
5,AACGC,6.047096479195244,6.047552683812661,0.999924565010382,-0.0015296871295237173,529,1432
6,GCTAAG,0.2743484224965706,0.2745048355082563,0.9994304069285738,-0.002389520431932875,24,65
6,GGCATT,1.211705532693187,1.2120444275518392,0.9997204170963879,-0.0024754409509824865,106,287
6,ATGTAA,0.5486968449931412,0.5490096710165125,0.9994303031982806,-0.0033839520335088523,48,130
6,CGTAAT,0.3543667123914037,0.3547447105029773,0.9989347506095334,-0.005082158922861932,31,84
6,GCGCTT,2.1147690900777323,2.115798809071329,0.9995133420420758,-0.005719206990527728,185,501
5,AGAAA,5.0068587105624145,5.008657460196799,0.9996408790705722,-0.00659129349229551,438,1186
6,GATACG,0.7087334247828074,0.7094894210059546,0.9989346004875955,-0.007200082219139435,62,168
6,ACCTTG,0.7087334247828074,0.7094894210059546,0.9989346004875955,-0.007200082219139435,62,168
6,GGGACT,0.4343850022862369,0.4349845854976984,0.9986219157574253,-0.007283200035057692,38,103
6,GTCTCA,0.4343850022862369,0.4349845854976984,0.9986219157574253,-0.007283200035057692,38,103
5,CCACC,6.9615912208504795,6.963976519278686,0.9996574853217648,-0.007490136760052397,609,1649
5,ATTGC,4.229538180155465,4.231597618142658,0.9995133305417749,-0.00817702543173191,370,1002
5,CTAGA,0.7887517146776405,0.7897292960006757,0.9987622878412017,-0.008828564299718665,69,187
6,GCTACG,0.7887517146776405,0.7897292960006757,0.9987622878412017,-0.008828564299718665,69,187
6,GTTCGC,1.337448559670782,1.3387389670171883,0.9990361743434453,-0.008975195780324763,117,317
6,TCCGGT,1.337448559670782,1.3387389670171883,0.9990361743434453,-0.008975195780324763,117,317
6,GGCAAT,1.2231367169638776,1.2247138814983742,0.99871232310613,-0.0114628532259446,107,290
6,ACAACG,1.2231367169638776,1.2247138814983742,0.99871232310613,-0.0114628532259446,107,290
6,CCTATA,0.3200731595793324,0.32095949997888423,0.9972393266680782,-0.012529031350470126,28,76
6,ATAGAC,0.3200731595793324,0.32095949997888423,0.9972393266680782,-0.012529031350470126,28,76
6,CTTACC,0.40009144947416553,0.4011993749736053,0.9972391546846724,-0.01401352013292547,35,95
5,AGTAG,1.2688614540466392,1.271168545969002,0.9981852049044412,-0.01646375858639953,111,301
6,TGGTCT,0.5601280292638318,0.5616791249630475,0.9972389581059679,-0.01659438496121815,49,133
6,ATTGCA,0.9945130315500686,0.9966637104607459,0.9978423382712407,-0.017309486871173795,87,236
6,GATTGC,1.3488797439414724,1.3514084209637232,0.9981289964731054,-0.0175083583424482,118,320
6,CAGTCA,0.6401463191586648,0.6419189999577685,0.9972388966693816,-0.017747300236737307,56,152
6,CGGCAC,3.155006858710562,3.1589171840027026,0.9987621703003255,-0.017871738071759843,276,748
6,GTTGCG,1.4288980338363055,1.4316482959584442,0.9980790882518231,-0.018508907355761342,125,339
6,TGGTGA,1.2345679012345678,1.237383335444909,0.9977248710106233,-0.020361571757979903,108,293
5,TAAGC,1.5889346136259717,1.5921280459478864,0.9979943624721084,-0.020396333785171892,139,377
6,ACACTA,0.28577960676726105,0.2871742894547912,0.9951451183112244,-0.02084460503088473,25,68
6,CGCCTC,2.297668038408779,2.301617466953841,0.9982841384306438,-0.021054981201942012,201,545
6,GTTCCG,1.314586191129401,1.31762321043963,0.9976952524732294,-0.021293550320399455,115,312
6,TCTCAC,0.4458161865569273,0.4476540394442333,0.9958953962993004,-0.022015876428774492,39,106
6,GGTGGG,1.0402377686328304,1.0431183749313737,0.9972387312495978,-0.022669237678924817,91,247
6,CGGCAG,3.246456332876086,3.2518265129439587,0.9983486157985129,-0.024203600160233252,284,770
6,CCGCTC,2.343392775491541,2.348072131424469,0.9980072347038335,-0.02470509910853284,205,556
6,GGCGTA,0.8459076360310928,0.8488534144178386,0.99653010596728,-0.025675515957194917,74,201
6,ATCGCA,1.3603109282121628,1.364077874910258,0.9972386689687788,-0.02596537591820567,119,323
6,CAGGTA,0.49154092363968904,0.4941087039148613,0.9948042593041532,-0.029289234710995756,43,117
6,GACTCT,0.33150434385002286,0.33362895392541914,0.9936337256614807,-0.029473238154531064,29,79
6,AATTAG,0.6515775034293553,0.6545884539043034,0.9954009415364026,-0.029860430561324394,57,155
5,CACCA,5.304069501600366,5.3127243549136365,0.9983709506027116,-0.030848072928298952,464,1258
6,TCTGCT,0.9716506630086876,0.9755479538831876,0.996005433251832,-0.03170894668158409,85,231
6,GATTCG,0.9716506630086876,0.9755479538831876,0.996005433251832,-0.03170894668158409,85,231
6,TTTATT,3.3036122542295385,3.3109506313611217,0.9977836711217651,-0.03279013017969215,289,784
5,GGTAC,1.80612711476909,1.8117319143544912,0.9969065565403743,-0.033600362235731936,158,429
5,ACTTC,2.674897119341564,2.681701085349888,0.9974629117552778,-0.03367339950225226,234,635
5,ACGAG,2.32053040695016,2.3269563748469104,0.9972385852073854,-0.034079854344469133,203,551
6,ACACAG,0.6172839506172839,0.6208032433802103,0.9943319787737501,-0.035837987864033374,54,147
6,TGGCTC,0.6973022405121171,0.7010431183749314,0.9946646016130277,-0.03586097691206167,61,166
6,CTACGA,0.5372656607224509,0.5405633683854892,0.993900626793182,-0.03597528600353522,47,128
6,CGAGTC,0.5372656607224509,0.5405633683854892,0.993900626793182,-0.03597528600353522,47,128
6,CTTATA,0.3772290809327846,0.3800836183960471,0.9924916873712091,-0.03711457504408966,33,90
6,GTAAAC,0.3772290809327846,0.3800836183960471,0.9924916873712091,-0.03711457504408966,33,90
6,TGGCCT,1.1774119798811158,1.1824823683432577,0.9957124437181949,-0.037510939082439285,103,280
6,TGCCGA,1.931870141746685,1.9384264538198404,0.9966178887782334,-0.038024412776696784,169,459
5,GTAAC,1.577503429355281,1.5836817433168628,0.9960990117561005,-0.0395740157938398,138,375
5,GCGTC,7.0187471422039325,7.031546940326871,0.9981796870304264,-0.040021296710483184,614,1665
6,CACTCG,0.6630086877000457,0.6672579078508383,0.9936327717094463,-0.041751271353561624,58,158
6,AATCCT,0.5829903978052127,0.5870180328561172,0.9931399908953373,-0.04217794860947367,51,139
6,TACGCA,0.5029721079103796,0.5067781578613961,0.9924911936093774,-0.0428834421006419,44,120
6,TTATTA,1.5432098765432098,1.5498965327927698,0.9956860185761112,-0.043289357250552246,135,367
6,CTTATG,0.4229538180155464,0.42653828286667517,0.991598351589445,-0.04400955093484919,37,101
6,AGCCGG,2.4577046181984454,2.4663203682587946,0.9965067795533851,-0.04441946144847221,215,584
6,CTCGCC,2.4577046181984454,2.4663203682587946,0.9965067795533851,-0.04441946144847221,215,584
6,CGAGGC,1.8632830361225423,1.8708560327716541,0.9959523385282908,-0.04469551981180148,163,443
6,CCGACC,2.6177411979881113,2.626800118248237,0.996551478985746,-0.04529210983762741,229,622
6,TCACCA,1.108824874256973,1.1149119472950715,0.994540800165536,-0.04636838496875746,97,264
6,GCTTGA,1.188843164151806,1.1951518222897928,0.9947219004227068,-0.04643278247173283,104,283
5,TACCC,2.263374485596708,2.2720554077452593,0.996179432921287,-0.04658525040781781,198,538
6,CAACCT,0.8687700045724738,0.8741923223109084,0.9937980494623326,-0.04659413323001149,76,207
6,AGCGGG,1.5889346136259717,1.596351197263398,0.9953543311250982,-0.047324352081770146,139,378
6,CACGCT,1.5889346136259717,1.596351197263398,0.9953543311250982,-0.047324352081770146,139,378
6,TCTCCT,0.4686785550983082,0.47299294733730307,0.9908804553877256,-0.05031957507355003,41,112
6,CACGAG,0.4686785550983082,0.47299294733730307,0.9908804553877256,-0.05031957507355003,41,112
6,TGAAGG,0.8344764517604023,0.8404071117868154,0.9929439502138118,-0.051973716322564666,73,199
6,GCTCGC,2.1147690900777323,2.124245111702352,0.9955393210018374,-0.05255628464040482,185,503
5,GACCC,4.652491998171011,4.666582203640356,0.9969806803089454,-0.05341291214552663,407,1105
5,GGCGG,14.529035208047553,14.552979433253094,0.9983546970031079,-0.054279900049980595,1271,3446
6,TAGGCA,0.30864197530864196,0.3125131973478609,0.9876165751412238,-0.05552657193826216,27,74
6,CCGCTA,0.9602194787379973,0.9671016512521644,0.9928844491681158,-0.05625946996362963,84,229
6,GCCCGC,6.081390032007316,6.098230499598801,0.997238511820146,-0.05626642832023778,532,1444
6,GTCGGT,0.8802011888431641,0.8868617762574433,0.9924905586773043,-0.056837909940188364,77,210
6,AGTGGG,0.4343850022862369,0.43920773681320996,0.9890219676940867,-0.05837652519874548,38,104
5,GAGCT,1.886145404663923,1.8961949406647238,0.9947004362110051,-0.0589316992387029,165,449
6,TTCGAA,0.6401463191586648,0.6461421512732801,0.9907220039689429,-0.05988478353194659,56,153
6,TGCGCC,3.4407864654778235,3.4545377760885168,0.9960194638332638,-0.06021307932395939,301,818
6,CGTTTG,1.0059442158207592,1.0135563157227923,0.9924904528448526,-0.06080107499081146,88,240
6,GTGCTA,0.3543667123914037,0.35896786181848894,0.9871858500402046,-0.06159587019895199,31,85
6,TACTCG,0.3543667123914037,0.35896786181848894,0.9871858500402046,-0.06159587019895199,31,85
6,TCACTT,0.5601280292638318,0.565902276278559,0.9897981911792074,-0.061607673547944185,49,134
5,GCGAT,6.8472793781435755,6.8668440390219185,0.9971508926289241,-0.06185558476711247,599,1626
6,GCTGGT,1.8175582990397805,1.8286245196165378,0.9939486672497408,-0.06606561676719731,159,433
6,CGCCAA,1.7375400091449476,1.7483846446218168,0.9937976947580144,-0.06618605462338394,152,414
6,TCGTGA,0.6058527663465935,0.6123569407491871,0.9893801931697642,-0.0667306905765583,53,145
6,CACCGC,3.1778692272519433,3.192702394526796,0.9953541856206698,-0.06747558626828254,278,756
6,AAGTCG,0.5258344764517604,0.5321170657544659,0.9881954380891574,-0.06912981197671872,46,126
6,AAGGTC,0.6515775034293553,0.658811605219815,0.9890211346512157,-0.07157509584072587,57,156
5,GGTGG,5.372656607224508,5.392964229908357,0.9962344927080176,-0.07189098055532753,470,1277
6,TGTGTG,0.4458161865569273,0.4518771907597449,0.9865900219596714,-0.07235759426745848,39,107
6,GGTACG,0.5715592135345221,0.578571730225094,0.9878817016206337,-0.0740193112773222,50,137
6,TTGACT,0.5715592135345221,0.578571730225094,0.9878817016206337,-0.0740193112773222,50,137
6,ATGGGT,0.5715592135345221,0.578571730225094,0.9878817016206337,-0.0740193112773222,50,137
6,GCGTTT,1.5889346136259717,1.6005743485789097,0.9927282304715687,-0.07420122343408753,139,379
6,GCTTCT,0.7773205304069501,0.7855061446851641,0.9895805113878097,-0.07421267566632361,68,186
5,ATCAT,4.743941472336534,4.763714683897124,0.9958492903539199,-0.07423640456344098,415,1128
6,CCTGCA,1.5089163237311385,1.5203344735841884,0.9924902058908639,-0.07465676692975325,132,360
5,GCATT,4.149519890260631,4.168250348409983,0.9955065057915545,-0.07494651171278895,363,987
6,GCCGTT,2.1147690900777323,2.1284682630178637,0.9935641373696378,-0.07592493191952082,185,504
6,GTGGGG,0.6973022405121171,0.705266269690443,0.9887093705489759,-0.07617872133027978,61,167
6,GTATCT,0.36579789666209417,0.37163731576502385,0.9842915444447315,-0.07686350050168668,32,88
6,TCGCCC,2.8006401463191586,2.8168419274462604,0.9942484504315678,-0.07832423066459095,245,667
6,GGGACG,1.108824874256973,1.1191350986105832,0.9907881513308425,-0.07843098334430845,97,265
6,TCCTTC,0.823045267489712,0.831960809155792,0.9892849878663007,-0.0785627234525735,72,197
6,CTAAGC,0.24005486968449932,0.24494277629967484,0.9800528434708974,-0.07924558738883583,21,58
6,CGTGGT,0.9487882944673068,0.9586553486211411,0.9897084755062646,-0.0810454486422005,83,227
6,ATCACG,0.8687700045724738,0.8784154736264199,0.9890207180823684,-0.08273903085083001,76,208
6,CGCCGT,3.2121627800640145,3.230710756366401,0.9942590335054949,-0.08390478953807715,281,765
5,ATTCC,3.772290809327846,3.7923898813294477,0.9947002964726287,-0.08415810294737713,330,898
6,CGTTCT,0.7887517146776405,0.798175598631699,0.9881946987103055,-0.08477947989930325,69,189
6,TGCTGA,1.5660722450845908,1.5794585920013513,0.9915252609276116,-0.08590864107817932,137,374
6,ACTGAG,0.4572473708276178,0.4645466447062798,0.9842906992618526,-0.08597593357954515,40,110
6,TACTTT,1.2002743484224965,1.2120444275518392,0.9902898706937797,-0.08608221564281866,105,287
6,GATGGA,1.1202560585276635,1.131804552557118,0.9897972898833518,-0.08737470674342608,98,268
6,GACATG,1.3260173754000915,1.3387389670171883,0.9904980420121478,-0.08858346892787243,116,317
6,CAGTCC,0.8344764517604023,0.8446302631023269,0.9879798181911537,-0.08882182953274936,73,200
6,TTCCAT,1.0402377686328304,1.0515646775623972,0.9892295432458369,-0.0888785262696434,91,249
6,AACGAC,1.0402377686328304,1.0515646775623972,0.9892295432458369,-0.0888785262696434,91,249
5,CTGCT,5.818472793781436,5.844841420668103,0.9954886413756988,-0.08988967477958908,509,1384
5,GCCCG,14.529035208047553,14.569872038515138,0.9971971922554391,-0.09254171927344357,1271,3450
6,TCTGGC,1.29172382258802,1.304953756493095,0.9898625372025853,-0.09330007331130304,113,309
6,GGCGGC,6.744398719707362,6.7739347100806615,0.9956398229950982,-0.0939900879250701,590,1604
6,CCGTTC,1.7832647462277091,1.7990624604079564,0.9912194065139258,-0.09510461348436881,156,426
6,CAAGTG,0.4229538180155464,0.4307614341821867,0.9818790554288994,-0.09551683731554267,37,102
6,TATCGG,0.9259259259259258,0.937539592043583,0.9876139337372207,-0.0964767500318831,81,222
6,GTCTAA,0.2514860539551898,0.2576122302462097,0.9762286163711859,-0.09690429617522506,22,61
6,GGACCG,1.4631915866483767,1.478102960429072,0.9899124990411553,-0.09889276630334513,128,350
6,TCGATA,0.8459076360310928,0.8572997170488619,0.9867132204603704,-0.09893777594001976,74,203
6,GGTGTC,0.8459076360310928,0.8572997170488619,0.9867132204603704,-0.09893777594001976,74,203
6,GAGCCA,0.8459076360310928,0.8572997170488619,0.9867132204603704,-0.09893777594001976,74,203
6,CCGCCA,4.286694101508917,4.3118374931373795,0.994168887728897,-0.09900855378654151,375,1021
6,TTAGCG,0.4686785550983082,0.4772160986528147,0.9821134389168874,-0.09925270565533198,41,113
6,CCTACA,0.4686785550983082,0.4772160986528147,0.9821134389168874,-0.09925270565533198,41,113
6,TCGCCA,2.1147690900777323,2.1326914143333755,0.9915967758800992,-0.09926046396816413,185,505
6,CACAAT,0.51440329218107,0.5236707631234427,0.982306246177035,-0.10286997010621235,45,124
6,GAGTCG,0.51440329218107,0.5236707631234427,0.982306246177035,-0.10286997010621235,45,124
6,ACCGTA,0.3429355281207133,0.3505215591874657,0.9783640484506078,-0.10288912801209733,30,83
6,GAGGCA,0.8116140832190215,0.8235145065247689,0.9855509789938487,-0.10544992402888649,71,195
6,TAGTAA,0.3886602652034751,0.3969762236580937,0.9790570224074178,-0.10599911508658359,34,94
6,ACTACC,0.3886602652034751,0.3969762236580937,0.9790570224074178,-0.10599911508658359,34,94
6,TGAAAT,1.7604023776863282,1.7779467038303982,0.9901328091628444,-0.10624875945931923,154,421
6,GCTGAC,1.7604023776863282,1.7779467038303982,0.9901328091628444,-0.10624875945931923,154,421
6,GGTTAT,0.5601280292638318,0.5701254275940707,0.9824676385049671,-0.10637750860854213,49,135
6,CGGTTA,0.5601280292638318,0.5701254275940707,0.9824676385049671,-0.10637750860854213,49,135
6,ACTCAA,0.5601280292638318,0.5701254275940707,0.9824676385049671,-0.10637750860854213,49,135
5,AGGCG,6.744398719707362,6.778157861396174,0.9950194958086386,-0.1074063965361878,590,1605
6,TTTGAT,1.188843164151806,1.2035981249208159,0.9877419757798656,-0.10832283348258814,104,285
6,CGAATG,0.7315957933241883,0.7432746315300477,0.984289431316991,-0.10890384735844993,64,176
6,CGTAAC,0.4343850022862369,0.44343088812872167,0.9796048345569577,-0.10911359538973572,38,105
6,CCGGCT,2.903520804755373,2.9266438616495627,0.9920993916833032,-0.1097595576653764,254,693
6,AGTCAT,0.6058527663465935,0.6165800920646987,0.9826047153846185,-0.10978365954288631,53,146
6,TGACGG,1.520347508001829,1.5372270788462352,0.9890201824473981,-0.10981791622065634,133,364
6,ATCGAG,1.108824874256973,1.123358249926095,0.9870637153894433,-0.11040628300287866,97,266
6,CACGGG,1.108824874256973,1.123358249926095,0.9870637153894433,-0.11040628300287866,97,266
6,CGGATT,1.108824874256973,1.123358249926095,0.9870637153894433,-0.11040628300287866,97,266
6,ATCACC,1.440329218106996,1.456987203851514,0.9885676123567031,-0.11128209113277708,126,345
6,TTACGG,0.48010973936899864,0.4898855525993497,0.9800487725025957,-0.11220728401970476,42,116
6,GCGAGT,0.48010973936899864,0.4898855525993497,0.9800487725025957,-0.11220728401970476,42,116
6,AATACG,0.6515775034293553,0.6630347565353267,0.982722586935675,-0.11309606278742419,57,157
6,TAGACC,0.2629172382258802,0.2702816841927446,0.9727627779638556,-0.11378889963630341,23,64
5,ACCGT,3.840877914951989,3.8684066050086576,0.9928838973620916,-0.11420091993519708,336,916
6,ACACGC,1.2802926383173296,1.296507453862072,0.9874944297933466,-0.11475330003608802,112,307
5,ATGGG,2.9949702789208965,3.019553190590819,0.9918590281339187,-0.11493840487031862,262,715
6,AAACTC,0.5258344764517604,0.5363402170699776,0.9804158221477142,-0.11526601620123547,46,127
6,GAGCTG,0.823045267489712,0.8361839604713037,0.9842891964899253,-0.11556384183252237,72,198
6,GGACGT,0.6973022405121171,0.7094894210059546,0.9828250251017548,-0.11632163707212893,61,168
6,GGGCGC,3.8866026520347505,3.9148612694792853,0.9927818909308666,-0.11656101751049922,340,927
6,AGGACT,0.40009144947416553,0.40964567760462856,0.9766825407742749,-0.11993072210773002,35,97
6,TCGAAT,0.6172839506172839,0.6292495460112336,0.9809873615230413,-0.12125119340474205,54,149
6,TTGCAG,1.1659807956104253,1.1824823683432577,0.9860461535918632,-0.12223708093821399,102,280
6,AGGTAT,0.4458161865569273,0.45610034207525657,0.9774569315938111,-0.12235808091149801,39,108
6,ACTTGG,0.4458161865569273,0.45610034207525657,0.9774569315938111,-0.12235808091149801,39,108
6,GTTACG,0.4458161865569273,0.45610034207525657,0.9774569315938111,-0.12235808091149801,39,108
6,CACTGG,0.7887517146776405,0.8023987499472106,0.9829943220840309,-0.12253660781829871,69,190
6,CCAAGC,1.4174668495656149,1.4358714472739558,0.9871831729361471,-0.12386055538547487,124,340
6,GGTATG,0.5372656607224509,0.5490096710165125,0.9786126325687887,-0.1273955864325644,47,130
6,AAAGTA,0.8802011888431641,0.8953080788884666,0.9831284858809228,-0.12847131674475232,77,212
6,TGGAAA,1.3831732967535437,1.4020862367498628,0.986511820255662,-0.1287955654475242,121,332
6,CCATGC,2.983539094650206,3.0111068879597953,0.9908449354908763,-0.1290865339205616,261,713
6,CTCTTC,0.7544581618655692,0.7686135394231176,0.9815856273740524,-0.12986699663522025,66,182
6,TTACCC,0.5829903978052127,0.5954643354871405,0.9790552641609662,-0.12995068411334065,51,141
6,GAGTCT,0.3200731595793324,0.3294058026099075,0.9716768477014538,-0.1306768866826014,28,78
6,TCGCAT,0.9259259259259258,0.9417627433590946,0.9831856419156281,-0.13134469043553354,81,223
6,AGTGCG,0.6287151348879744,0.6419189999577685,0.9794338406329678,-0.1325081493671334,55,152
6,GCGTTA,0.6287151348879744,0.6419189999577685,0.9794338406329678,-0.1325081493671334,55,152
6,TCGTGG,0.8001828989483311,0.8150682038937455,0.9817395908300728,-0.13264298507664207,70,193
6,GCTACT,0.411522633744856,0.42231513155116346,0.9744504943118965,-0.13347539639016548,36,100
6,CTCAGA,0.4572473708276178,0.4687697960217915,0.9754251067312552,-0.1352711000995056,40,111
6,GCACGC,2.914951989026063,2.9435364669116093,0.9902893994530729,-0.13533756927535256,255,697
6,GTGGTC,0.8459076360310928,0.8615228683643734,0.981876952311023,-0.13537291158049872,74,204
5,ATTAC,2.674897119341564,2.7028168419274463,0.9896705210634696,-0.13779215916005194,234,640
6,CTGCCC,2.5948788294467304,2.6225769669327255,0.9894389824460965,-0.13872122192380593,227,621
6,AAAACG,1.771833561957019,1.7948393090924448,0.9871829944227707,-0.13873228294939002,155,425
6,GCATGT,0.7658893461362597,0.7812829933696525,0.9802994851897034,-0.14011074213218405,67,185
6,GACTGG,0.9373571101966164,0.9544321973056294,0.9821115650606536,-0.14070062082144,82,226
6,CAACGC,2.0233196159122087,2.048228388023143,0.9878394635076194,-0.1407791525327849,177,485
6,CGGCAA,2.6406035665294922,2.669031631403353,0.9893493207530893,-0.14116769850806934,231,632
6,GGAAGT,0.594421582075903,0.6081337894336754,0.9774556961550266,-0.14139429865500577,52,144
6,TTCCTC,0.8116140832190215,0.8277376578402804,0.9805232650767263,-0.14260578147880257,71,196
5,AACTT,2.9721079103795156,3.0026605853287722,0.9898251378752823,-0.14327728003660664,260,711
6,CTGTCA,0.8573388203017833,0.8741923223109084,0.9807232643144134,-0.14507692427019162,75,207
6,ACTCCT,0.33150434385002286,0.34207525655644244,0.9691067296542645,-0.14530818444373067,29,81
6,ACAGAG,0.33150434385002286,0.34207525655644244,0.9691067296542645,-0.14530818444373067,29,81
6,GGGGGC,1.7832647462277091,1.8075087630389797,0.9865877963710958,-0.14570706701788413,156,428
6,ATGAAG,1.4517604023776864,1.4738798091135605,0.9849934126647389,-0.14699996195223058,127,349
6,TCCCCC,1.3260173754000915,1.3471852696482114,0.9842884838682701,-0.14706244593518933,116,319
6,GACCAG,0.903063557384545,0.9206469867815363,0.9809030823348617,-0.14752290173000315,79,218
6,AGCAGA,0.903063557384545,0.9206469867815363,0.9809030823348617,-0.14752290173000315,79,218
6,GCTCAT,0.7315957933241883,0.7474977828455593,0.9787292179213751,-0.14797859171617023,64,177
6,CGACTG,1.0745313214449017,1.0937961907175136,0.98238875915641,-0.14838554731785633,94,259
6,AACGTA,0.51440329218107,0.5278939144389544,0.9744492845675702,-0.14930865593392775,45,125
6,CCTACC,0.5601280292638318,0.5743485789095824,0.9752448693097231,-0.1509068603331351,49,136
5,CTGAT,5.1440329218107,5.186029815448288,0.9919020743536946,-0.15152878592028582,450,1228
6,GTTGCA,0.9945130315500686,1.0135563157227923,0.9812132732985096,-0.15233682766532536,87,240
6,AGCAAT,0.823045267489712,0.8404071117868154,0.979343608098456,-0.15242972053583242,72,199
6,AAAGTG,0.6058527663465935,0.6208032433802103,0.9759214061240427,-0.1526228519125878,53,147
5,ACTGT,1.7946959304983996,1.8201782169855147,0.9860008836839704,-0.15263687755135869,157,431
6,AGCGCC,2.7892089620484684,2.821065078761772,0.9887081699142236,-0.15400194669690903,244,668
5,CAGCT,2.9949702789208965,3.0279994932218424,0.9890924276514431,-0.1542765197396373,262,717
6,CGTGAG,0.6515775034293553,0.6672579078508383,0.9765037557253495,-0.15442536487785966,57,158
5,CGAGT,1.7146776406035666,1.7399383419907937,0.9854826754229301,-0.1547069191110958,150,412
6,AGCATT,0.6973022405121171,0.7137125723214663,0.9770103071230878,-0.15629143989476793,61,169
6,ACTGCG,1.0859625057155922,1.1064656446640482,0.9814713758308656,-0.15704576108645676,95,262
6,GGAGCA,1.0859625057155922,1.1064656446640482,0.9814713758308656,-0.15704576108645676,95,262
6,CGTCTA,0.3886602652034751,0.4011993749736053,0.9687537271371156,-0.15921115237004915,34,95
6,GTTTTA,1.131687242798354,1.1529203091346762,0.9815848288463735,-0.15936127940467176,99,273
6,GTTAGC,0.3429355281207133,0.3547447105029773,0.9667201397323212,-0.15946604224585983,30,84
6,ACTACA,0.3429355281207133,0.3547447105029773,0.9667201397323212,-0.15946604224585983,30,84
6,TTAGCC,0.3429355281207133,0.3547447105029773,0.9667201397323212,-0.15946604224585983,30,84
6,CACCTA,0.4343850022862369,0.4476540394442333,0.9703653434942399,-0.15949999467355408,38,106
6,GCCTTA,0.4343850022862369,0.4476540394442333,0.9703653434942399,-0.15949999467355408,38,106
5,GTTCT,2.3090992226794693,2.3396258287934457,0.9869529131412298,-0.1616874042381467,202,554
6,GGGCAT,1.3488797439414724,1.3725241775412813,0.9827742844788279,-0.16279839360432538,118,325
5,TCGCT,4.240969364426155,4.282275433928798,0.9903544025646654,-0.16326894602675038,371,1014
5,CACCG,8.721993598536807,8.779931584948688,0.9934011642382697,-0.16375894271204453,763,2079
6,CCTGTT,1.2231367169638776,1.2458296380759322,0.9817863542060858,-0.1639163441473676,107,295
6,GCCGGA,3.0978509373571104,3.133578276109633,0.9885989129691778,-0.16414353310514318,271,742
6,GAAACT,0.6630086877000457,0.6799273617973732,0.9751205980115125,-0.1651018122188615,58,161
6,TTAGAC,0.205761316872428,0.21538071709109335,0.955358417455986,-0.1668484072181014,18,51
6,GTCCTA,0.205761316872428,0.21538071709109335,0.955358417455986,-0.1668484072181014,18,51
6,GGGGCC,1.8632830361225423,1.8919717893492123,0.9848373865155837,-0.16863888901783142,163,448
6,ACGCAC,1.188843164151806,1.2120444275518392,0.9808593242911716,-0.1699000728592209,104,287
6,AAACCA,1.0173754000914494,1.0388952236158622,0.9792878513439932,-0.17010119395497933,89,246
5,GTGAT,4.13808870598994,4.180919802356518,0.9897558255183491,-0.17125952243364384,362,990
6,AGCTCC,0.4458161865569273,0.46032349339076817,0.9684913844708435,-0.17202253950310148,39,109
6,TTAAGC,0.4458161865569273,0.46032349339076817,0.9684913844708435,-0.17202253950310148,39,109
6,GATAGG,0.40009144947416553,0.4138688289201402,0.9667187998625072,-0.17229367333712875,35,98
6,GTACCA,0.40009144947416553,0.4138688289201402,0.9667187998625072,-0.17229367333712875,35,98
6,CCGTAG,0.40009144947416553,0.4138688289201402,0.9667187998625072,-0.17229367333712875,35,98
6,ACAGTG,0.40009144947416553,0.4138688289201402,0.9667187998625072,-0.17229367333712875,35,98
6,GTGTCT,0.40009144947416553,0.4138688289201402,0.9667187998625072,-0.17229367333712875,35,98
6,GAGTTT,0.5372656607224509,0.5532328223320241,0.9711436571893935,-0.17272255171031742,47,131
6,TCTAGA,0.1600365797896662,0.1689260526204654,0.9474076765505505,-0.17425173263679555,14,40
6,TATCTG,0.6287151348879744,0.6461421512732801,0.9730333028401668,-0.17447162070968456,55,153
6,TATATC,0.6287151348879744,0.6461421512732801,0.9730333028401668,-0.17447162070968456,55,153
5,GATCC,4.721079103795153,4.767937835212636,0.9901723239124858,-0.17598027378164907,413,1129
6,GGGTGT,0.720164609053498,0.739051480214536,0.9744479018623405,-0.1768508894948647,63,175
6,CGCACT,0.9830818472793781,1.005110013091769,0.9780860063812558,-0.1770200561285728,86,238
6,ACTGTA,0.2629172382258802,0.2745048355082563,0.9578026466251804,-0.178023860955524,23,65
5,GCCAA,4.401005944215821,4.4469783352337515,0.9896623383821024,-0.17848565594582969,385,1053
5,GAAAT,4.686785550983082,4.734152624688543,0.9899948149242296,-0.17849550480461396,410,1121
5,TGGAA,4.035208047553727,4.079564170784239,0.9891275062422636,-0.1794669946448929,353,966
6,GGTGGA,0.8573388203017833,0.8784154736264199,0.9760087853232289,-0.18111229190608083,75,208
6,CACGGA,0.903063557384545,0.9248701380970481,0.9764245570593598,-0.18265025742752206,79,219
5,GTCTT,2.9721079103795156,3.0111068879597953,0.9870487219804737,-0.18270410778785884,260,713
6,TACTTC,0.5486968449931412,0.565902276278559,0.9696018337619722,-0.18407216931771067,48,134
5,CGTTT,5.029721079103795,5.080451032560497,0.9900148717862334,-0.1848726253819554,440,1203
6,CATAAC,0.411522633744856,0.42653828286667517,0.9648047310219661,-0.18502876794743606,36,101
6,CCAAAG,0.6858710562414266,0.705266269690443,0.9725033443156728,-0.18592729493083027,60,167
6,TAAAAG,1.211705532693187,1.237383335444909,0.9792499809765195,-0.18616410741231915,106,293
6,CGCGGT,1.9775948788294466,2.010220026183538,0.983771167312088,-0.18618997981507804,173,476
5,TGCTT,3.063557384545039,3.104016216901052,0.9869660703630471,-0.18677622652280743,268,735
6,AATACT,0.7315957933241883,0.751720934161071,0.9732314705238428,-0.18689338941597747,64,178
6,TGCCAA,0.7315957933241883,0.751720934161071,0.9732314705238428,-0.18689338941597747,64,178
6,ACCACA,0.7315957933241883,0.751720934161071,0.9732314705238428,-0.18689338941597747,64,178
6,CAGCGA,1.3488797439414724,1.3767473288567929,0.9797598583871611,-0.1916627436490212,118,326
6,GGGAAG,0.9144947416552356,0.937539592043583,0.9754224857995584,-0.19175129472070893,80,222
6,GACACG,1.2231367169638776,1.2500527893914437,0.9784697737300825,-0.1941828309874822,107,296
6,GCTTGC,2.1604938271604937,2.19603868406605,0.9838148395802825,-0.19426305175495864,189,520
5,CCGTA,2.1604938271604937,2.19603868406605,0.9838148395802825,-0.19426305175495864,189,520
6,TGCACC,1.0059442158207592,1.0304489209848389,0.9762216963551211,-0.19455894444813746,88,244
6,ATCTAT,0.5601280292638318,0.578571730225094,0.9681275237791763,-0.19519864559566907,49,137
6,GTGAGG,0.6058527663465935,0.6250263946957219,0.9693283974059981,-0.1952506672147863,53,148
6,GTTGTA,0.51440329218107,0.5321170657544659,0.966717013201587,-0.19547770443795942,45,126
6,GCGTAG,0.51440329218107,0.5321170657544659,0.966717013201587,-0.19547770443795942,45,126
6,TGCGAT,1.0516689529035208,1.0769035854554667,0.9765695928103393,-0.19602186631018284,92,255
6,AACATG,1.0516689529035208,1.0769035854554667,0.9765695928103393,-0.19602186631018284,92,255
6,CATTGG,0.6973022405121171,0.7179357236369779,0.9712639880640638,-0.19608982076282366,61,170
6,CCTTTG,0.7430269775948789,0.7643903881076058,0.9720553576015398,-0.1967853286087539,65,181
6,GCGGAC,1.6575217192501144,1.6892605262046538,0.9812125319242279,-0.1973372263271106,145,400
6,GTAATG,0.4229538180155464,0.43920773681320996,0.9630010640933132,-0.1974380531242897,37,104
6,ACGTGT,0.4229538180155464,0.43920773681320996,0.9630010640933132,-0.1974380531242897,37,104
6,CAGTAT,0.4229538180155464,0.43920773681320996,0.9630010640933132,-0.1974380531242897,37,104
6,CCCAGG,1.314586191129401,1.3429621183326999,0.9788722153532815,-0.19758833181964763,115,318
6,CATTAG,0.2286236854138089,0.24071962498416316,0.9497717863685332,-0.19863078324571742,20,57
6,ACTTGT,0.3772290809327846,0.39275307234258205,0.9604839760645681,-0.1994341787034709,33,93
6,CTGCCA,1.188843164151806,1.2162675788673507,0.97745384274293,-0.20057251573919146,104,288
6,AGGTGG,0.9259259259259258,0.9502090459901178,0.9744471336281014,-0.20074220810569102,81,225
6,CGGAAG,0.9259259259259258,0.9502090459901178,0.9744471336281014,-0.20074220810569102,81,225
5,GGGGC,7.681755829903978,7.74948266396385,0.9912605830537422,-0.20267130541747058,672,1835
6,CTGATT,1.108824874256973,1.1360277038726296,0.9760565387826275,-0.20581378439450404,97,269
6,CCAAAT,0.6172839506172839,0.6376958486422568,0.9679961886418266,-0.2058352089084044,54,151
6,TGGGGA,0.5715592135345221,0.5912411841716289,0.9667163878249442,-0.20611230550260762,50,140
6,CTCAAA,0.5715592135345221,0.5912411841716289,0.9667163878249442,-0.20611230550260762,50,140
5,CCGAT,7.613168724279835,7.681912242915663,0.9910513656497719,-0.20654639051704615,666,1819
5,CCTAG,0.8459076360310928,0.8699691709953968,0.9723452620016676,-0.20785646638979016,74,206
6,CACACT,0.4343850022862369,0.4518771907597449,0.961298514988987,-0.20954117849230283,38,107
6,TAATCC,0.4343850022862369,0.4518771907597449,0.961298514988987,-0.20954117849230283,38,107
6,TGCCAC,0.9373571101966164,0.9628784999366526,0.9734974459536582,-0.2096261406095496,82,228
6,GTGTAA,0.3886602652034751,0.40542252628911696,0.9586650309194137,-0.21201631636402649,34,96
6,GGCACA,1.0745313214449017,1.1022424933485366,0.974861558843243,-0.21284681018375054,94,261
6,CACCGG,2.6177411979881113,2.66058532877233,0.9838973326455004,-0.21323607120186305,229,630
6,CTAGAA,0.24005486968449932,0.25338907893069806,0.9473973028643012,-0.21350296821482337,21,60
6,GGAGTA,0.3429355281207133,0.35896786181848894,0.9553501290352738,-0.2155536370731093,30,85
6,ACCTGC,1.4288980338363055,1.4612103551670257,0.9778881185530045,-0.21585939273721014,125,346
6,CACGTT,0.720164609053498,0.7432746315300477,0.9689120108538226,-0.21594535799101758,63,176
6,ATGCTC,0.7658893461362597,0.7897292960006757,0.9698163261541068,-0.216138509225645,67,187
6,GACGAT,1.646090534979424,1.6808142235736308,0.9793423792200509,-0.21648232848987445,144,398
6,GTACCG,0.8116140832190215,0.8361839604713037,0.9706201739915764,-0.21650692062588184,71,198
5,GCTGC,10.356652949245541,10.43963005194476,0.9920517961397132,-0.2170962403112842,906,2472
5,AGTTC,2.034750800182899,2.073567295916213,0.981281232621184,-0.21825597726385848,178,491
6,CCAACG,1.3488797439414724,1.3809704801723046,0.9767638678173552,-0.22046330699280464,118,327
6,GAGCTC,0.2972107910379515,0.3125131973478609,0.9510500310296188,-0.22058017619646048,26,74
6,TACACT,0.2972107910379515,0.3125131973478609,0.9510500310296188,-0.22058017619646048,26,74
6,ATAAGA,0.4458161865569273,0.4645466447062798,0.9596888122130038,-0.22135605656688656,39,110
5,AACTA,1.8289894833104712,1.8666328814561424,0.9798346091614845,-0.22289268770616721,160,442
6,CGCGGA,1.440329218106996,1.4738798091135605,0.9772380932227683,-0.2231997983937609,126,349
6,GGGCCA,1.1774119798811158,1.2078212762363276,0.9748251008128924,-0.2232483838470652,103,286
6,AGTCAC,0.40009144947416553,0.41809198023565186,0.9569562985130824,-0.22426844256437317,35,99
6,CCTCTC,0.7315957933241883,0.7559440854765827,0.967795142346698,-0.22564972537796368,64,179
5,AAATC,4.401005944215821,4.459647789180286,0.9868508606906572,-0.22744810796261358,385,1056
6,CCCTGT,1.0059442158207592,1.0346720723003504,0.9722375030708668,-0.22775012986420182,88,245
6,AGTAGA,0.2514860539551898,0.26605853287723297,0.9452488756813038,-0.2277875525120412,22,63
6,ATACAG,0.3543667123914037,0.37163731576502385,0.9535408401546189,-0.22828030517791878,31,88
6,GTGGAG,0.5486968449931412,0.5701254275940707,0.9624208574995643,-0.22862983140591625,48,135
6,CCCGAT,2.0118884316415184,2.0524515393386547,0.9802377153899843,-0.22925417199477974,176,486
6,TTGCCG,2.7777777777777777,2.825288230077284,0.9831844516821653,-0.2296796627292288,243,669
6,CACAGA,0.5029721079103796,0.5236707631234427,0.9604814612224072,-0.23043661708589555,44,124
5,TGAGC,4.160951074531321,4.218928164196123,0.9862581885191449,-0.23092409266045344,364,999
6,GGATTA,0.4572473708276178,0.4772160986528147,0.9581645624743078,-0.23289906046126532,40,113
6,ATCGAC,1.7604023776863282,1.7990624604079564,0.9785121779870495,-0.23313311684299876,154,426
6,CAGCAC,1.3260173754000915,1.3598547235947465,0.9751187685828149,-0.23428710441749864,116,322
6,TGACTG,0.7887517146776405,0.8150682038937455,0.9677164920191916,-0.23494974576143643,69,193
6,TCTGGT,0.7887517146776405,0.8150682038937455,0.9677164920191916,-0.23494974576143643,69,193
6,GTGAAG,0.8802011888431641,0.9079775328350016,0.9694119246567854,-0.2350087085233758,77,215
6,GACACA,0.7430269775948789,0.7686135394231176,0.9667150888906676,-0.23521222333394348,65,182
6,AGATGC,0.6973022405121171,0.7221588749524895,0.9655848681097792,-0.2357184463164826,61,171
6,GCTCAA,1.0173754000914494,1.0473415262468855,0.9713911226502463,-0.23616756197961225,89,248
6,TCTCTG,0.411522633744856,0.4307614341821867,0.9553480564491745,-0.2362112624721331,36,102
6,CTCCGT,0.6058527663465935,0.6292495460112336,0.9628238713876462,-0.23766946533028926,53,149
6,CCTTAG,0.205761316872428,0.21960386840660498,0.9369945024884194,-0.23838144953361884,18,52
5,CACGT,2.8006401463191586,2.8506271379703536,0.9824651784503008,-0.24062957949963204,245,675
6,CACACC,1.29172382258802,1.3260695130706535,0.9741015834370161,-0.24080903473929005,113,314
6,GTGGCT,0.8916323731138546,0.9206469867815363,0.9684879623998531,-0.24383624819059427,78,218
6,TGCTTC,0.8459076360310928,0.8741923223109084,0.9676484791664941,-0.2439069568645859,74,207
6,GGATAT,0.8001828989483311,0.8277376578402804,0.9667147796056582,-0.24416335092778269,70,196
6,GTGTTC,0.7087334247828074,0.7348283288990245,0.9644932667715925,-0.24537025916240637,62,174
6,GTGCCA,0.7087334247828074,0.7348283288990245,0.9644932667715925,-0.24537025916240637,62,174
6,CACTGA,0.7087334247828074,0.7348283288990245,0.9644932667715925,-0.24537025916240637,62,174
6,TTCAGT,0.7087334247828074,0.7348283288990245,0.9644932667715925,-0.24537025916240637,62,174
6,CGGGTA,0.6630086877000457,0.6883736644283964,0.9631576659516672,-0.24641060146012272,58,163
6,CGAGCT,0.6630086877000457,0.6883736644283964,0.9631576659516672,-0.24641060146012272,58,163
6,GGGTGG,1.211705532693187,1.2458296380759322,0.9726115309084047,-0.24678979102957718,106,295
6,TTCCCC,1.2574302697759487,1.2922843025465602,0.9730312162551543,-0.2475404641391062,110,306
6,ATACGG,0.6172839506172839,0.6419189999577685,0.9616287845965539,-0.24782195034520435,54,152
5,GATGG,5.201188843164152,5.27049284175852,0.9868508153304354,-0.24831419225071658,455,1248
5,GTTGC,4.995427526291723,5.06355842729845,0.9865451230597567,-0.24878834871364616,437,1199
6,AGAGAT,0.5258344764517604,0.5490096710165125,0.9577949619392967,-0.25210700559214755,46,130
6,ATCCGT,0.9945130315500686,1.0262257696693273,0.9691007094857648,-0.25254222465521636,87,243
6,GACGTG,0.903063557384545,0.9333164407280712,0.967589082403639,-0.25255763986412977,79,221
6,TAGATG,0.3772290809327846,0.3969762236580937,0.9502686347135392,-0.25269147774945455,33,94
6,ACTATC,0.3772290809327846,0.3969762236580937,0.9502686347135392,-0.25269147774945455,33,94
6,AAATGC,0.8573388203017833,0.8868617762574433,0.9667145115540009,-0.2528077666150241,75,210
6,TGCCAT,1.131687242798354,1.1655897630812113,0.9709163438192642,-0.25344179469874173,99,276
5,GATTC,3.589391860996799,3.6488027366020526,0.983718153128801,-0.2537842684497451,314,864
5,CTACA,1.8404206675811614,1.8835254867181892,0.9771160353048054,-0.2541972487302085,161,446
6,TTCTAG,0.1600365797896662,0.17314920393597702,0.924313509970548,-0.25469062204027426,14,41
6,GGTAAT,0.48010973936899864,0.5025550065458845,0.9553465759127241,-0.25522824157444385,42,119
6,ATTGCT,0.6744398719707362,0.7010431183749314,0.9620573236661658,-0.2561482580737338,59,166
6,GAGCCT,0.6744398719707362,0.7010431183749314,0.9620573236661658,-0.2561482580737338,59,166
6,ACCGAT,1.4060356652949246,1.444317749904979,0.973496528540602,-0.25736031561200273,123,342
5,AGGTT,1.9775948788294466,2.022889480130073,0.9776100658231232,-0.2579106734282148,173,479
5,AATCC,3.475080018289895,3.534777651083238,0.9831118248816761,-0.2589576345252432,304,837
6,TGTACG,0.33150434385002286,0.3505215591874657,0.9457614204285854,-0.25907486732733714,29,83
6,AGCTAT,0.4343850022862369,0.45610034207525657,0.9523995539103796,-0.25924247752599144,38,108
5,AATTA,5.647005029721079,5.722370032518265,0.9868299873360769,-0.25976831517274657,494,1355
6,AGAGCC,0.5829903978052127,0.6081337894336754,0.9586616329686752,-0.2599275891950302,51,144
6,GAGCAC,0.9602194787379973,0.9924405591452341,0.967536761988865,-0.2609321433881058,84,235
6,GCTTTG,0.9144947416552356,0.9459858946746061,0.966714277005259,-0.2611759441088449,80,224
5,GTCTA,1.2345679012345678,1.271168545969002,0.9712093523823198,-0.2621316331636659,108,301
5,TGGTA,1.6803840877914953,1.7230457367287468,0.975241996061087,-0.26289113375289075,147,408
6,TGGTGT,0.7773205304069501,0.8066219012627222,0.9636784735732252,-0.2630967472545695,68,191
6,TGTCTG,0.7773205304069501,0.8066219012627222,0.9636784735732252,-0.2630967472545695,68,191
6,CGCAGA,1.3260173754000915,1.364077874910258,0.9721000463281444,-0.2632316655199782,116,323
6,GCAATC,1.3717421124828533,1.410532539380886,0.9725013950726972,-0.2638726573000794,120,334
5,GGGGA,3.4865112025605853,3.5474471050297733,0.9828230885552466,-0.26388378213968655,305,840
6,TTGCGC,2.034750800182899,2.082013598547236,0.9773005668867856,-0.26535955305710146,178,493
5,TCTGG,3.326474622770919,3.3869673550403308,0.9821400858239822,-0.26790119565849513,291,802
6,AAGCCA,1.0631001371742113,1.098019342033025,0.9682009017397276,-0.26896135403554555,93,260
6,CGGGAA,1.29172382258802,1.330292664386165,0.9710094298994498,-0.27010707593101263,113,315
6,CACCGT,1.29172382258802,1.330292664386165,0.9710094298994498,-0.27010707593101263,113,315
5,GAGTC,1.7375400091449476,1.7821698551459098,0.9749589850986351,-0.27051024827968084,152,422
6,TAGCTT,0.3429355281207133,0.3631910131340006,0.9442444644073371,-0.27116142291550055,30,86
5,CGTAG,1.4746227709190671,1.5161113222686768,0.9726366959933189,-0.27236240124399874,129,359
6,ACCCTG,1.520347508001829,1.562565986739305,0.9729830436601681,-0.27305453156649784,133,370
5,TCTCA,1.8747142203932328,1.9215338485577937,0.9756355102717931,-0.27346635758485005,164,455
5,ACGGT,3.2121627800640145,3.272942269521517,0.9814302766501124,-0.27368459890660884,281,775
6,TGAGGC,0.6973022405121171,0.7263820262680012,0.9599717753441618,-0.27517895932870995,61,172
6,GTTCCA,0.6973022405121171,0.7263820262680012,0.9599717753441618,-0.27517895932870995,61,172
6,TGTACC,0.40009144947416553,0.42231513155116346,0.9473890009683372,-0.27586151131297404,35,100
6,GAGGTC,0.6515775034293553,0.6799273617973732,0.9583107093028042,-0.2772831491730198,57,161
6,TCGCGT,0.9830818472793781,1.017779467038304,0.9659118580514405,-0.27756374760102415,86,241
6,CGGTCA,1.5317786922725194,1.5752354406858398,0.9724142888612973,-0.2799698460454939,134,373
6,GGTTAG,0.2972107910379515,0.31673634866337264,0.9383733662258357,-0.2800633157020772,26,75
6,TCTCAA,0.4572473708276178,0.4814392499683263,0.9497613556064229,-0.2812412544981605,40,114
6,ATGTAG,0.3543667123914037,0.3758604670805355,0.9428297478827009,-0.2829194471591096,31,89
6,TGTACA,0.3543667123914037,0.3758604670805355,0.9428297478827009,-0.2829194471591096,31,89
6,GGAGTC,0.5601280292638318,0.5870180328561172,0.954200003938773,-0.2830809251086035,49,139
6,GTATTC,0.5601280292638318,0.5870180328561172,0.954200003938773,-0.2830809251086035,49,139
6,CACGCG,2.06904435299497,2.1200219603868407,0.9759553420301496,-0.2837446769209976,181,502
6,ATGCAC,0.7087334247828074,0.739051480214536,0.9589826223131842,-0.2844828780933462,62,175
6,GAGCAG,1.2688614540466392,1.3091769078086068,0.9692078478421763,-0.28464545624968474,111,310
6,CGCTAC,1.0859625057155922,1.123358249926095,0.966713721481895,-0.2848627333519583,95,266
6,GACAAT,0.6630086877000457,0.6925968157439081,0.9572856011874592,-0.2867931685814744,58,164
6,ACGATA,0.6630086877000457,0.6925968157439081,0.9572856011874592,-0.2867931685814744,58,164
5,TTGCA,3.4979423868312756,3.5643397102918195,0.9813722972312224,-0.2869317184764111,306,844
6,AGACTG,0.51440329218107,0.5405633683854892,0.9516148536518432,-0.2870209609378152,45,128
6,CTGGGA,0.51440329218107,0.5405633683854892,0.9516148536518432,-0.2870209609378152,45,128
6,TATGTT,0.6172839506172839,0.6461421512732801,0.9553446017113905,-0.2896081369188877,54,153
6,GATGAT,1.2802926383173296,1.3218463617551417,0.9685662560600102,-0.29202253807427386,112,313
6,ATAGGG,0.30864197530864196,0.3294058026099075,0.9369849418832625,-0.29211448805932977,27,78
5,TTGTG,2.4348422496570645,2.4916592761518643,0.9771980274986494,-0.29221451171426016,213,590
6,GTGGGC,1.0973936899862824,1.1360277038726296,0.9659950076433675,-0.2926965114009436,96,269
6,AGGCGC,2.263374485596708,2.3185100722158873,0.9762204144285086,-0.29374370206557526,198,549
6,GGAGCG,1.6003657978966621,1.6470290130495377,0.9716699695147242,-0.2941380823192955,140,390
6,AACCAT,0.8687700045724738,0.9037543815194898,0.9612942331615376,-0.29700374818989983,76,214
6,GGGCTC,0.8687700045724738,0.9037543815194898,0.9612942331615376,-0.29700374818989983,76,214
6,CGAGTG,0.4229538180155464,0.4476540394442333,0.9448352906891793,-0.29793986061030325,37,106
6,GTCACT,0.4229538180155464,0.4476540394442333,0.9448352906891793,-0.29793986061030325,37,106
6,GGGGCA,1.29172382258802,1.3345158157016765,0.9679368454875095,-0.29933803512799956,113,316
6,GCAGGT,1.1545496113397347,1.1951518222897928,0.9660304128444878,-0.2999901104633963,101,283
6,CAGGGT,0.7773205304069501,0.8108450525782339,0.9586599337838003,-0.3004416197738049,68,192
6,GAGGTT,0.5829903978052127,0.6123569407491871,0.9520512529288151,-0.3028149761119084,51,145
6,TCTTCG,0.9716506630086876,1.0093331644072807,0.9626696420057493,-0.30281951613473773,85,239
5,CGAAT,3.063557384545039,3.129355124794121,0.9789746976309779,-0.3028765009975945,268,741
5,AGCCC,5.269775948788294,5.354955868068753,0.9840935517053386,-0.30302198472397135,461,1268
5,GGGAG,3.6694101508916326,3.7417120655433083,0.9806772992910382,-0.305259483783435,321,886
6,GCGTCG,2.549154092363969,2.60990751298619,0.976722894351859,-0.3055025738488471,223,618
6,AACGAG,0.6401463191586648,0.6714810591663499,0.953341834794177,-0.308593995982025,56,159
6,TAGCGA,0.4343850022862369,0.46032349339076817,0.9436638410574829,-0.30860910141176157,38,109
6,TATAGA,0.4343850022862369,0.46032349339076817,0.9436638410574829,-0.30860910141176157,38,109
6,TACAGG,0.4343850022862369,0.46032349339076817,0.9436638410574829,-0.30860910141176157,38,109
5,CTTGC,5.16689529035208,5.253600236496474,0.9834964040121531,-0.31126626487378783,452,1244
6,TCATCT,0.7430269775948789,0.7770598420541408,0.9562086682588894,-0.31160811457683335,65,184
6,GTTATC,0.594421582075903,0.6250263946957219,0.9510422006181395,-0.3124310865656112,52,148
5,CGGCA,11.85413808870599,11.98108028210651,0.9894048674327935,-0.3128165838638512,1037,2837
6,CCCAGC,1.5432098765432098,1.5921280459478864,0.9692769075829494,-0.3136369656572978,135,377
6,GTTGAC,0.8916323731138546,0.9290932894125596,0.9596844739135083,-0.31376977874877354,78,220
6,AATGAA,1.5889346136259717,1.6385827104185142,0.969702434475639,-0.3138277965256184,139,388
6,GCAGGG,1.6346593507087332,1.6850373748891423,0.9701045001249687,-0.31407815300802105,143,399
6,CTAAAG,0.33150434385002286,0.3547447105029773,0.934505528855109,-0.3152084454391226,29,84
6,CTACTC,0.33150434385002286,0.3547447105029773,0.934505528855109,-0.3152084454391226,29,84
6,GTTTGA,0.8459076360310928,0.8826386249419317,0.9583897340922913,-0.31563045058215167,74,209
6,CCATAG,0.2743484224965706,0.2956205920858144,0.9280666610356614,-0.3162381862422103,24,70
6,GATCCC,1.0859625057155922,1.1275814012416066,0.9630933919099927,-0.3165994055858118,95,267
6,TTCACT,0.5486968449931412,0.578571730225094,0.9483733459377187,-0.3170288944853777,48,137
6,AAGTAT,0.6515775034293553,0.6841505131128849,0.9523960756195212,-0.31786550749994963,57,162
6,AGACGT,0.4458161865569273,0.47299294733730307,0.9425551343909605,-0.31905004944283843,39,112
6,CCCATA,0.4458161865569273,0.47299294733730307,0.9425551343909605,-0.31905004944283843,39,112
6,TGTATC,0.4458161865569273,0.47299294733730307,0.9425551343909605,-0.31905004944283843,39,112
6,AATTGG,0.6058527663465935,0.6376958486422568,0.9500732368148036,-0.3218892563933317,53,151
6,AGATTT,0.903063557384545,0.9417627433590946,0.958912074771605,-0.3220076889286113,79,223
6,ACTGGT,0.5029721079103796,0.5321170657544659,0.9452385883140166,-0.322564400645663,44,126
6,GGGCGG,4.012345679012346,4.092233624730774,0.9804786332092648,-0.32311318119601723,351,969
6,TCGTTG,0.8573388203017833,0.8953080788884666,0.9575955818560211,-0.3240094552950445,75,212
5,CTAAA,2.4577046181984454,2.521221335360446,0.9748081625807842,-0.3249023762568813,215,597
6,AGTGAG,0.3429355281207133,0.36741416444951225,0.9333940329470982,-0.3262986387780499,30,87
6,GACGTC,1.0059442158207592,1.0473415262468855,0.9604776883589311,-0.3267385021429663,88,248
6,CGGACC,1.5660722450845908,1.6174669538409563,0.968227152122311,-0.3270116335315069,137,383
6,TGCATT,0.7658893461362597,0.8023987499472106,0.954505344944958,-0.32908046378503525,67,190
5,TTCGT,2.9949702789208965,3.066007855061447,0.976831351179221,-0.3303427289241402,262,726
6,GGGAGC,1.1545496113397347,1.1993749736053043,0.9626291808900053,-0.33076769514586857,101,284
6,GATTCT,0.6172839506172839,0.6503653025887918,0.949142019044141,-0.33119594118263357,54,154
6,ATACCC,0.6172839506172839,0.6503653025887918,0.949142019044141,-0.33119594118263357,54,154
6,TAGACA,0.2286236854138089,0.24916592761518647,0.917589048780504,-0.3330427885994807,20,59
6,CATTTC,1.0631001371742113,1.1064656446640482,0.9608107230701142,-0.3330862358802155,93,262
6,TCATGA,1.6689529035208046,1.7230457367287468,0.9686080915531654,-0.33362825732067963,146,408
6,ACGACG,1.4860539551897578,1.5372270788462352,0.9667129237748918,-0.33392431542433626,130,364
6,GATCAC,1.0173754000914494,1.0600109801934203,0.9597819653804625,-0.3345473641288872,89,251
5,TCCCC,4.469593049839964,4.556780269437054,0.9808669057684368,-0.33496866236895256,391,1079
6,CTAAAT,0.6744398719707362,0.7094894210059546,0.9506058743300736,-0.3359936129495972,59,168
6,GATTGG,0.6744398719707362,0.7094894210059546,0.9506058743300736,-0.3359936129495972,59,168
6,TCTCAT,0.5715592135345221,0.6039106381181638,0.9464389821271447,-0.33616082884253917,50,143
6,GGGCCG,3.8751714677640603,3.957092782634402,0.9792981238544045,-0.3367635138833142,339,937
6,AGTGCA,0.411522633744856,0.43920773681320996,0.93698016049254,-0.3374875309482903,36,104
6,ATTCCG,1.1659807956104253,1.2120444275518392,0.9619982314859555,-0.33817393421154224,102,287
6,CAAGTA,0.2972107910379515,0.32095949997888423,0.9260301939593918,-0.3389690950904593,26,76
6,CACTTA,0.2972107910379515,0.32095949997888423,0.9260301939593918,-0.3389690950904593,26,76
5,TCCTA,0.8802011888431641,0.9206469867815363,0.9560728424648446,-0.34047323127736123,77,218
6,GCCATA,0.5258344764517604,0.5574559736475357,0.9432855198574821,-0.34206115138712784,46,132
5,AACGA,3.7608596250571558,3.8430676971155875,0.9786092935470572,-0.3427476604423954,329,910
6,TGATGT,0.9830818472793781,1.0262257696693273,0.9579627408129392,-0.34409007223418386,86,243
6,TAAACT,0.6858710562414266,0.7221588749524895,0.9497578777229286,-0.34486043019816986,60,171
6,AATTCC,0.7887517146776405,0.8277376578402804,0.9529062941345903,-0.3461011451535526,69,196
6,GCAGAA,1.131687242798354,1.178259217027746,0.9604772691074088,-0.34678552276936325,99,279
6,ACTCAG,0.4229538180155464,0.4518771907597449,0.9360070080183025,-0.34767238524618516,37,107
5,ACCGC,8.74485596707819,8.868617762574434,0.9860451308960905,-0.34853535068011127,765,2100
6,CCTTTA,0.48010973936899864,0.5110013091769079,0.9395588129921681,-0.34912144247832677,42,121
5,TGACT,2.240512117055327,2.3058406182693525,0.9716694780878373,-0.3491912381686181,196,546
6,GCCACT,0.7430269775948789,0.7812829933696525,0.9510406342352071,-0.3495798647366368,65,185
6,CACAAG,0.7430269775948789,0.7812829933696525,0.9510406342352071,-0.3495798647366368,65,185
5,TATCG,3.475080018289895,3.5558934076607964,0.9772740328492167,-0.34981638747302596,304,842
6,GCGTGT,1.0402377686328304,1.0853498880864902,0.9584392426137823,-0.3499311874884089,91,257
6,TCGCGA,0.9945130315500686,1.0388952236158622,0.95728354562465,-0.35185535035735555,87,246
5,GGATC,4.0009144947416555,4.088010473415263,0.9786952971941468,-0.35252248647725104,350,968
6,GCGTGG,1.7946959304983996,1.8539634275096077,0.9680337273623822,-0.3526612698999593,157,439
6,GCCCAA,1.188843164151806,1.237383335444909,0.9607750909424154,-0.35279062325138905,104,293
6,TTATGC,0.594421582075903,0.6292495460112336,0.944660381252251,-0.35466334656554094,52,149
5,TGCTC,3.5322359396433476,3.6150175260779593,0.9771012737933249,-0.35551002729410625,309,856
6,TAAGAC,0.2514860539551898,0.2745048355082563,0.9161748863217872,-0.35566583496939946,22,65
6,CGTAGT,0.2514860539551898,0.2745048355082563,0.9161748863217872,-0.35566583496939946,22,65
6,TAACGG,0.4343850022862369,0.4645466447062798,0.9350869251641551,-0.35764614232720326,38,110
6,AAGGTA,0.4343850022862369,0.4645466447062798,0.9350869251641551,-0.35764614232720326,38,110
6,TAAGCC,0.3772290809327846,0.40542252628911696,0.9304762534048926,-0.3579768425950279,33,96
6,CTGGGT,0.6515775034293553,0.6883736644283964,0.9465540035876447,-0.3582659094138048,57,163
6,GGAGAC,1.2459990855052583,1.296507453862072,0.9610457519688249,-0.35872075487623056,109,307
6,GCTAGC,0.49154092363968904,0.5236707631234427,0.9386566762677794,-0.3587629533679031,43,124
6,TGGAAT,0.8573388203017833,0.8995312302039782,0.9531003276835683,-0.35942754762288814,75,213
6,TTACTT,1.0631001371742113,1.11068879597956,0.9571577792487704,-0.3650158028687956,93,263
6,TAGTCA,0.2629172382258802,0.2871742894547912,0.9155613567961558,-0.36649125218093803,23,68
6,GTGTCC,0.6630086877000457,0.7010431183749314,0.9457536846927348,-0.36702377378050216,58,166
6,TCGTTT,1.0173754000914494,1.0642341315089319,0.9559736646319424,-0.3671512402723525,89,252
6,ATACTG,0.4458161865569273,0.4772160986528147,0.934215686031728,-0.36742014527626476,39,113
6,CCCAGT,0.4458161865569273,0.4772160986528147,0.934215686031728,-0.36742014527626476,39,113
6,GGGGTA,0.3886602652034751,0.41809198023565186,0.9296215221162492,-0.36805971087534245,34,99
6,TCCGAC,1.1659807956104253,1.2162675788673507,0.958658234459232,-0.36871014148587916,102,288
6,ATCGAT,1.4060356652949246,1.4612103551670257,0.9622430035638839,-0.369362783947514,123,346
6,GAACAC,0.9716506630086876,1.017779467038304,0.9546814671840901,-0.3695673244417869,85,241
6,TGTAAC,0.33150434385002286,0.35896786181848894,0.9235144080303431,-0.3708553543179101,29,85
6,CGATCC,2.194787379972565,2.263609105114236,0.9695978052187946,-0.37130135656475155,192,536
6,CTGCGC,3.6579789666209424,3.74593521685882,0.9765201752930577,-0.37135226186598624,320,887
6,GGGGGA,0.9259259259259258,0.971324802567676,0.9532656809649583,-0.37230051700870176,81,230
6,ATTATA,1.0745313214449017,1.123358249926095,0.9565387245281208,-0.37245039633456584,94,266
5,GCATG,6.527206218564244,6.643017019299801,0.9825667980258213,-0.3725003433130461,571,1573
6,GGGGTT,0.6172839506172839,0.6545884539043034,0.9430194574769875,-0.37258750101832955,54,155
5,TTGGC,4.0580704160951075,4.151357743147937,0.9775290192446733,-0.3748699843339653,355,983
6,ATGGGG,0.6744398719707362,0.7137125723214663,0.9449817755058486,-0.3756570988021812,59,169
6,TAGGTT,0.2743484224965706,0.2998437434013261,0.9149996575503074,-0.3770264741943523,24,71
6,AAGCTT,0.51440329218107,0.5490096710165125,0.9369772913098048,-0.3775272108276097,45,130
6,TACGGG,0.40009144947416553,0.4307614341821867,0.9288170574694494,-0.37792768314263636,35,102
6,CCTAAA,0.40009144947416553,0.4307614341821867,0.9288170574694494,-0.37792768314263636,35,102
6,GGTTCA,0.7315957933241883,0.7728366907386292,0.9466438869980018,-0.3791194470853779,64,183
5,TGACG,5.532693187014175,5.642130157523544,0.9806039513713487,-0.3800208614904064,484,1336
6,CAACAG,0.9373571101966164,0.9839942565142109,0.9526090656368736,-0.3800427620424319,82,233
5,TCCTT,2.6634659350708736,2.740825203767051,0.9717762204565608,-0.380103832789888,233,649
6,CGACTA,0.3429355281207133,0.37163731576502385,0.9227901358645064,-0.3809742623307197,30,88
5,TGGAC,3.2007315957933242,3.2856117234680515,0.9741668975191966,-0.3818583616662863,280,778
6,TTCAGG,1.0402377686328304,1.0895730394020018,0.9547247027454714,-0.38214713926439864,91,258
6,GGTGAG,0.7887517146776405,0.831960809155792,0.94806978768536,-0.38287677782667884,69,197
6,TAACAA,0.7887517146776405,0.831960809155792,0.94806978768536,-0.38287677782667884,69,197
6,ATCGTG,0.7887517146776405,0.831960809155792,0.94806978768536,-0.38287677782667884,69,197
6,CGGTGG,1.8975765889346137,1.9637653617129103,0.9662966850637023,-0.38297714454758597,166,465
6,TGATTA,0.8916323731138546,0.937539592043583,0.9510395899242333,-0.3832434328313094,78,222
6,CGATCA,1.7146776406035666,1.7779467038303982,0.9644165346778952,-0.38447418103936415,150,421
6,TGATTG,0.9945130315500686,1.0431183749313737,0.9534082752477375,-0.3847645713403819,87,247
6,ACCTCT,0.4686785550983082,0.5025550065458845,0.9326049656197268,-0.3864097513394836,41,119
6,ATCTAA,0.4686785550983082,0.5025550065458845,0.9326049656197268,-0.3864097513394836,41,119
5,TGTCG,4.435299497027892,4.535664512859496,0.9778725250071834,-0.38660065071354316,388,1074
6,TGACCC,1.29172382258802,1.3471852696482114,0.9588346667853996,-0.3866319303289408,113,319
6,ACGGTG,1.0973936899862824,1.1486971578191647,0.9553415783772701,-0.3871125745150262,96,272
6,GGAGGG,1.0973936899862824,1.1486971578191647,0.9553415783772701,-0.3871125745150262,96,272
5,CTTGA,2.903520804755373,2.9857679800667256,0.9724545171251963,-0.38763946029913204,254,707
6,AGGAGC,0.9487882944673068,0.9966637104607459,0.9519691422440439,-0.38770378748564616,83,236
6,AATCGT,0.5829903978052127,0.6208032433802103,0.9391002608246274,-0.38794736144808645,51,147
6,TTCTCT,0.6973022405121171,0.739051480214536,0.943517342764028,-0.39256790214644627,61,175
6,TCAGGC,2.0118884316415184,2.082013598547236,0.9663202012826551,-0.3942972322631126,176,493
6,TCGTTC,0.8573388203017833,0.9037543815194898,0.9486470805842903,-0.3947250724142009,75,214
5,CTTCT,2.652034750800183,2.7323789011360278,0.9705966072409774,-0.3954243054092994,232,647
6,TCGCTA,0.48010973936899864,0.5152244604924194,0.9318590057031898,-0.3956438117093501,42,122
6,TCAGTG,0.5372656607224509,0.5743485789095824,0.9354460615821834,-0.39565198926388645,47,136
5,TCCAC,3.235025148605396,3.323620085307657,0.9733446456294889,-0.3964050806094459,283,787
6,AGTAAC,0.2972107910379515,0.3251826512943959,0.9140075250089851,-0.3973101318833394,26,77
5,AGGAG,3.8980338363054408,3.9951011444740065,0.9757040247390735,-0.39738718725280847,341,946
6,TTTTGA,1.646090534979424,1.7103762827822122,0.9624164635020704,-0.3982652794896195,144,405
6,GTTCGT,0.6515775034293553,0.6925968157439081,0.9407831660515128,-0.39848620904162696,57,164
6,CCGTAC,0.6515775034293553,0.6925968157439081,0.9407831660515128,-0.39848620904162696,57,164
6,TGCTTT,0.8116140832190215,0.8572997170488619,0.9467160614572062,-0.39891748710241487,71,203
6,AGACTA,0.2286236854138089,0.25338907893069806,0.9023019310285164,-0.3989998084429287,20,60
5,ATGAA,6.95016003657979,7.0780016047975,0.9819384383898841,-0.3993192572246703,608,1676
6,GAAAAC,1.5546410608139003,1.6174669538409563,0.9611602518969157,-0.400124045942369,136,383
5,TAACT,1.931870141746685,2.001773723552515,0.9650809234451715,-0.4007551559100527,169,474
6,GTGGAT,0.7087334247828074,0.751720934161071,0.9428221436448405,-0.40085367029929386,62,178
6,AGTCTA,0.14860539551897575,0.1689260526204654,0.8797779585664344,-0.4020601989247289,13,40
6,GCTGTA,0.6058527663465935,0.6461421512732801,0.9376559005826143,-0.4053003431307007,53,153
6,TCAGCT,0.6058527663465935,0.6461421512732801,0.9376559005826143,-0.4053003431307007,53,153
6,AGTTGC,0.6058527663465935,0.6461421512732801,0.9376559005826143,-0.4053003431307007,53,153
6,TTTCGC,1.3717421124828533,1.4316482959584442,0.9581587185089063,-0.40531906110817445,120,339
6,CCTTCT,0.6630086877000457,0.705266269690443,0.9400912918490666,-0.4068753810264806,58,167
6,AACGCA,1.3260173754000915,1.3851936314878162,0.957282517769053,-0.4069919813688307,116,328
5,TCGAG,3.3493369913123003,3.4418683221419824,0.9731167395602006,-0.4071031254251412,293,815
6,TGCGCA,1.8518518518518516,1.9215338485577937,0.9637381508666497,-0.4076482871429647,162,455
5,TGGCG,9.247828074988568,9.396511677013388,0.9841768919334468,-0.40805882998361953,809,2225
5,ACTTA,1.80612711476909,1.875079184087166,0.9632290770379677,-0.4082764258883774,158,444
6,AGACTC,0.24005486968449932,0.26605853287723297,0.9023000956924873,-0.40887842081882414,21,63
6,TAGAGT,0.1600365797896662,0.1815955065670003,0.881345845119267,-0.4113465049932768,14,43
6,CCAGCT,0.7773205304069501,0.8235145065247689,0.943913110136035,-0.41163462268968476,68,195
6,GACACT,0.5601280292638318,0.5996874868026522,0.9340442099755965,-0.41319258785540564,49,142
6,CTGTCG,1.337448559670782,1.3978630854343512,0.9567838905096708,-0.4136750956329028,117,331
6,TCGGAG,0.6172839506172839,0.658811605219815,0.9369753783761673,-0.4137849203594542,54,156
5,ACTAC,1.5317786922725194,1.596351197263398,0.959552471693737,-0.4140041374543692,134,378
6,TCTTTT,2.652034750800183,2.7366020524515395,0.9690988277019045,-0.41597914336335967,232,648
5,CCAAC,4.298125285779607,4.404746822078636,0.9757944962434099,-0.41658757458483897,376,1043
6,CAGCCC,2.1033379058070416,2.1791460788040036,0.9652135783405579,-0.41690965950421227,184,516
6,GCAGAC,1.2459990855052583,1.304953756493095,0.954825867751028,-0.4177182766691619,109,309
5,GCGGA,5.818472793781436,5.94197390092487,0.9792158244406535,-0.4186338380442662,509,1407
6,TATCCT,0.3886602652034751,0.42231513155116346,0.9203275076247782,-0.4193056616228891,34,100
6,ACGCGA,0.9487882944673068,1.0008868617762574,0.9479527960871521,-0.4212504512220441,83,237
6,ATACGC,0.5715592135345221,0.6123569407491871,0.9333867828083405,-0.42175912606555016,50,145
6,GAATCT,0.51440329218107,0.5532328223320241,0.9298260855242476,-0.4223997579634449,45,131
6,AGATGT,0.51440329218107,0.5532328223320241,0.9298260855242476,-0.4223997579634449,45,131
6,CCTCGC,2.06904435299497,2.1453608682799103,0.9644288477066814,-0.4229690546039981,181,508
6,ATACCT,0.4572473708276178,0.4941087039148613,0.9254134279804314,-0.42443499068509677,40,117
6,ATTTCC,1.0059442158207592,1.0600109801934203,0.9489989582385077,-0.4248627522454287,88,251
6,GGGAGA,0.7430269775948789,0.7897292960006757,0.9408703644670117,-0.42507772147300055,65,187
6,TACAAT,0.7430269775948789,0.7897292960006757,0.9408703644670117,-0.42507772147300055,65,187
6,AGTTAC,0.33150434385002286,0.3631910131340006,0.9127788243077456,-0.42602511522335723,29,86
6,CGTACA,0.33150434385002286,0.3631910131340006,0.9127788243077456,-0.42602511522335723,29,86
5,TAGGA,1.211705532693187,1.271168545969002,0.9532254507009057,-0.42690230186202144,106,301
6,ACGGGA,0.8001828989483311,0.8488534144178386,0.9426699808930237,-0.42730673909969885,70,201
6,CTAATG,0.2629172382258802,0.29139744077030283,0.9022969036394911,-0.42795901472442816,23,69
6,CCACCA,1.5089163237311385,1.5752354406858398,0.9579015901998442,-0.4280923341042676,132,373
6,AGTGGT,0.40009144947416553,0.4349845854976984,0.9198014887527716,-0.42841297400941913,35,103
6,CTTAGA,0.18289894833104708,0.2069344144600701,0.883905938093888,-0.4295044280417983,16,49
6,CTTCAC,0.8573388203017833,0.9079775328350016,0.9442352544775278,-0.42990296636280395,75,215
6,ACCTGT,0.6973022405121171,0.7432746315300477,0.9381571699274858,-0.43137193079760616,61,176
6,GTTTCG,0.9144947416552356,0.9671016512521644,0.9456091606865822,-0.4327915321879642,80,229
6,AACCAA,0.7544581618655692,0.8023987499472106,0.9402608563754213,-0.4329527932581958,66,190
6,CAGACA,0.7544581618655692,0.8023987499472106,0.9402608563754213,-0.4329527932581958,66,190
5,GAACA,4.035208047553727,4.142911440516913,0.9740035975015919,-0.433420659404697,353,981
6,TTAGGA,0.3429355281207133,0.3758604670805355,0.9124244652223786,-0.43519701953163964,30,89
6,AGGGTA,0.2743484224965706,0.3040668947168377,0.9022955070507154,-0.43719052957312343,24,72
6,CGTGCA,0.8687700045724738,0.9206469867815363,0.9436577225298363,-0.4374363346177684,76,218
6,ACGCGT,0.8687700045724738,0.9206469867815363,0.9436577225298363,-0.4374363346177684,76,218
6,CCGTAT,0.6515775034293553,0.6968199670594197,0.935082268024318,-0.438528232663567,57,165
6,TAATTC,0.6515775034293553,0.6968199670594197,0.935082268024318,-0.438528232663567,57,165
5,TACGG,2.194787379972565,2.2762785590607715,0.9642013940239231,-0.4387722326221566,192,539
6,CGGCGG,6.058527663465935,6.191139828540057,0.9785806770943015,-0.44099578322807914,530,1466
6,GTCGGC,2.6177411979881113,2.707039993242958,0.9670136027402584,-0.44170017394787725,229,641
6,CCACGA,0.9830818472793781,1.0388952236158622,0.9462813927649782,-0.4431390426207069,86,246
6,ACATGA,1.29172382258802,1.3556315722792347,0.9528610596684903,-0.4444988374841406,113,321
5,GACTA,1.29172382258802,1.3556315722792347,0.9528610596684903,-0.4444988374841406,113,321
6,GTGCAT,0.6630086877000457,0.7094894210059546,0.9344962989442329,-0.446553526921038,58,168
6,ACCTTT,0.6058527663465935,0.6503653025887918,0.9315681619526169,-0.44670812447064195,53,154
6,TAGTCC,0.205761316872428,0.2322733223531399,0.8859077057028889,-0.4471019993424909,18,55
6,GTGGAA,0.720164609053498,0.7686135394231176,0.936974011923898,-0.4471817669617987,63,182
5,ACACG,3.406492912665752,3.5094387431901684,0.9706668488204695,-0.4488414423746044,298,831
6,GGATTT,1.2002743484224965,1.2627222433379788,0.9505489428580102,-0.4499720771413753,105,299
6,CTTCAT,0.9945130315500686,1.0515646775623972,0.9457511056237377,-0.45029421406793735,87,249
6,ACCTCG,0.9945130315500686,1.0515646775623972,0.9457511056237377,-0.45029421406793735,87,249
6,CAACTT,0.49154092363968904,0.5321170657544659,0.9237601634264461,-0.4503997425325452,43,126
6,CATTTT,1.4060356652949246,1.4738798091135605,0.9539721348968567,-0.4527530739079407,123,349
5,TATCC,2.366255144032922,2.45365091431226,0.9643827864639498,-0.4536337760438196,207,581
6,CGAGCA,1.2574302697759487,1.3218463617551417,0.9512717808809822,-0.45374464278841203,110,313
6,AAAATG,1.703246456332876,1.7779467038303982,0.9579874660566579,-0.4543302218490046,149,421
6,CTTATC,0.4343850022862369,0.47299294733730307,0.9183924738925779,-0.4547512772546675,38,112
6,TAAGAG,0.21719250114311844,0.24494277629967484,0.8867533433321078,-0.455694975786782,19,58
6,CGGCAT,3.2007315957933242,3.3025043287300986,0.9691840975161843,-0.4570208190975036,280,782
6,TGCAAG,1.0631001371742113,1.123358249926095,0.9463637275743467,-0.46027969398268875,93,266
6,GTGACT,0.3772290809327846,0.4138688289201402,0.9114915292464596,-0.4616702755421595,33,98
6,CGGTAA,0.6858710562414266,0.7348283288990245,0.9333849700270237,-0.46229374156344105,60,174
6,AACTTG,0.4458161865569273,0.485662401283838,0.9179718013959092,-0.46322980334099106,39,115
6,GAAATT,1.2231367169638776,1.2880611512310485,0.9495991365636782,-0.4633106300500451,107,305
6,ATCCGG,2.05761316872428,2.141137716964399,0.9609923981917662,-0.46357686836186757,180,507
5,AAATG,4.252400548696845,4.370961611554542,0.972875911301664,-0.465118474706292,372,1035
6,ATCCCC,1.1774119798811158,1.2416064867604206,0.9483013839713549,-0.4665665465932022,103,294
6,AAATTG,0.9144947416552356,0.971324802567676,0.9414982397379325,-0.46678752454424777,80,230
6,TCAACG,1.2802926383173296,1.3471852696482114,0.9503500610911094,-0.4668541809925887,112,319
5,GGGAA,3.3607681755829906,3.467207230035052,0.9693020988939058,-0.4668717777189749,294,821
6,GACTAC,0.51440329218107,0.5574559736475357,0.9227832119081878,-0.46702288788763574,45,132
6,AATTGT,0.51440329218107,0.5574559736475357,0.9227832119081878,-0.46702288788763574,45,132
6,TATTAT,1.5317786922725194,1.6047974998944212,0.9545025102059755,-0.46726022403922385,134,380
6,AAATTA,2.629172382258802,2.7239325985050042,0.9652132590857363,-0.4674100237271022,230,645
6,AGCGTG,0.9716506630086876,1.0304489209848389,0.9429447192861442,-0.46893967246175317,85,244
6,TACCAC,0.3886602652034751,0.42653828286667517,0.9112174898870081,-0.47017803629061783,34,101
6,ACAATA,0.7544581618655692,0.8066219012627222,0.9353386348932594,-0.47018208356576635,66,191
6,TAACTT,0.8116140832190215,0.8657460196798852,0.9374808739308209,-0.4709678172019664,71,205
6,GGGAGT,0.4572473708276178,0.49833185523037293,0.9175725147347051,-0.47156981230681244,40,118
6,ACACGT,0.4572473708276178,0.49833185523037293,0.9175725147347051,-0.47156981230681244,40,118
6,AAGTTT,0.8687700045724738,0.9248701380970481,0.9393492490038762,-0.4722516234024372,76,219
6,GCGGAG,1.0859625057155922,1.1486971578191647,0.9453910103480186,-0.474004161473307,95,272
6,AGACAG,0.5258344764517604,0.5701254275940707,0.9223272954887589,-0.47514618461870906,46,135
6,ATTGGT,0.5258344764517604,0.5701254275940707,0.9223272954887589,-0.47514618461870906,46,135
6,GAATGT,0.5258344764517604,0.5701254275940707,0.9223272954887589,-0.47514618461870906,46,135
5,TACGA,1.646090534979424,1.7230457367287468,0.9553402825373226,-0.4754805947027062,144,408
5,TGGGG,3.1092821216278006,3.213818151104354,0.9674739602685173,-0.4757534699661402,272,761
6,CATGAC,2.7892089620484684,2.888635499809958,0.9655812940409286,-0.47661685547894117,244,684
6,GGTGAC,1.0402377686328304,1.1022424933485366,0.9437518510899845,-0.47825505728757567,91,261
6,TTTGTG,0.594421582075903,0.6419189999577685,0.9260186725237263,-0.4801328081446185,52,152
6,CAGAAT,0.594421582075903,0.6419189999577685,0.9260186725237263,-0.4801328081446185,52,152
6,AGGTTA,0.33150434385002286,0.36741416444951225,0.9022899684607325,-0.4807269756320485,29,87
6,CACTGC,1.0973936899862824,1.1613666117656996,0.9449205675553917,-0.4807773712430622,96,275
5,GCAGG,7.475994513031551,7.635457578445036,0.9791157274664989,-0.48116983683951947,654,1808
5,TTCTC,2.709190672153635,2.808395624815237,0.9646768356037128,-0.48216090047647686,237,665
6,TCAACC,0.9945130315500686,1.0557878288779088,0.9419684594783551,-0.48291592382172993,87,250
6,CCATGT,1.2574302697759487,1.3260695130706535,0.9482424813583784,-0.48292942148651274,110,314
6,AGTTCA,0.5372656607224509,0.5827948815406057,0.921891198121658,-0.4831509286376194,47,138
6,GTGCGA,0.7773205304069501,0.831960809155792,0.9343313876250466,-0.48507388849337657,68,197
6,GGATGT,0.720164609053498,0.7728366907386292,0.9318545977746289,-0.4851796906088924,63,183
6,ACCGAG,0.8344764517604023,0.8910849275729549,0.9364795408213202,-0.4855886634934602,73,211
6,ATGTGC,0.6630086877000457,0.7137125723214663,0.928967509697229,-0.4860599309683658,58,169
5,AACGT,2.857796067672611,2.960429072173656,0.9653328840896365,-0.48617930410427573,250,701
6,AAAAAC,2.4919981710105166,2.5887917564086322,0.9626119612152538,-0.48957526133828205,218,613
6,TTTCAT,1.4746227709190671,1.5498965327927698,0.9514361740293218,-0.49021429836787567,129,367
6,AAGTGA,0.5486968449931412,0.5954643354871405,0.921473654973403,-0.4910419218071604,48,141
5,TATAG,1.3260173754000915,1.3978630854343512,0.9486068618099904,-0.492489869636585,116,331
6,GCGTAT,0.7315957933241883,0.7855061446851641,0.9313773807324528,-0.4926277071723098,64,186
6,TTCTTG,0.7315957933241883,0.7855061446851641,0.9313773807324528,-0.4926277071723098,64,186
6,ATTAGT,0.4229538180155464,0.4645466447062798,0.9104850381153063,-0.49486012191202716,37,110
6,CTGCTT,0.9602194787379973,1.0220026183538158,0.9395528995754601,-0.49498420962251194,84,242
6,ACCTCA,0.6172839506172839,0.6672579078508383,0.9251167077730589,-0.4956055877580819,54,158
6,GTGTCA,0.49154092363968904,0.5363402170699776,0.9164878172725731,-0.4958201453574002,43,127
6,GAGTGC,0.49154092363968904,0.5363402170699776,0.9164878172725731,-0.4958201453574002,43,127
5,GGCTA,2.4119798811156836,2.508551881413911,0.9615044235456862,-0.4960758342713853,211,594
6,TCTATG,0.2743484224965706,0.30829004603234933,0.8899393026057063,-0.4967448170503708,24,73
6,TAGCCA,0.3543667123914037,0.39275307234258205,0.9022882531571396,-0.4970889530929249,31,93
5,TCACA,2.32053040695016,2.4156425524726552,0.9606281946620752,-0.4977072882735861,203,572
6,CTTGCC,1.9890260631001373,2.0777904472317243,0.9572814898639899,-0.5002003570759694,174,492
6,GCACAA,0.9144947416552356,0.9755479538831876,0.9374229075303715,-0.5006763197441153,80,231
6,CCTAAC,0.18289894833104708,0.21115756577558173,0.8662361873725568,-0.501138106095471,16,50
6,GGCTCG,1.29172382258802,1.364077874910258,0.9469614236875102,-0.5021057083095333,113,323
6,TGAGCG,1.4974851394604483,1.5752354406858398,0.9506452408691178,-0.5023708306133011,131,373
6,TCGAGT,0.4343850022862369,0.4772160986528147,0.9102668095891484,-0.5028289987861713,38,113
5,GAGAT,2.6634659350708736,2.766164111660121,0.9628747753490483,-0.5029464441506997,233,655
6,GTGATT,1.02880658436214,1.0937961907175136,0.940588872228593,-0.503404395342747,90,259
6,GGTACT,0.28577960676726105,0.32095949997888423,0.8904256276050485,-0.5046000594658916,25,76
6,CTGCAC,1.3488797439414724,1.423201993327421,0.9477818131820382,-0.5050306040741855,118,337
6,TGAGTC,0.36579789666209417,0.40542252628911696,0.9022874758903715,-0.5050741533906152,32,96
6,CAACCG,1.5546410608139003,1.6343595591030027,0.9512263868230229,-0.5057957175824525,136,387
6,GGCAGT,0.8687700045724738,0.9290932894125596,0.9350799392037985,-0.5069515528419009,76,220
5,GTACG,1.6575217192501144,1.7399383419907937,0.9526351685754317,-0.5069739407379804,145,412
6,TCGACG,1.6117969821673523,1.6934836775201654,0.951766956403109,-0.509269802044312,141,401
5,GTATG,1.7146776406035666,1.7990624604079564,0.953097720933297,-0.510600224374057,150,426
6,ACTACG,0.4458161865569273,0.4898855525993497,0.9100598664417011,-0.5106783720268395,39,116
6,CAAATG,0.6401463191586648,0.6925968157439081,0.9242807309155664,-0.5106843852218041,56,164
6,ATTAGC,0.2972107910379515,0.33362895392541914,0.8908750275961784,-0.5123464404505758,26,79
6,TGTAGT,0.2972107910379515,0.33362895392541914,0.8908750275961784,-0.5123464404505758,26,79
6,GACCTA,0.2972107910379515,0.33362895392541914,0.8908750275961784,-0.5123464404505758,26,79
5,TCAAC,3.7951531778692273,3.9190844207947975,0.968378307928557,-0.5125514706877753,332,928
6,CCACCC,1.9661636945587562,2.056674690654166,0.9559937233248322,-0.5126879992873518,172,487
6,TTCGCA,0.823045267489712,0.8826386249419317,0.9324903705713117,-0.513890602205017,72,209
6,AGGGAA,0.5829903978052127,0.6334726973267453,0.9203212200675087,-0.5140760259162948,51,150
6,GCAACT,0.7658893461362597,0.8235145065247689,0.9300338205167638,-0.5144689579055518,67,195
6,ATGCGA,0.7658893461362597,0.8235145065247689,0.9300338205167638,-0.5144689579055518,67,195
5,CAGCA,5.235482395976223,5.380294775961823,0.9730851757137631,-0.5147393623769244,458,1274
6,AGCCCG,2.06904435299497,2.162253473541957,0.9568945957784092,-0.5151323640681703,181,512
6,GACGGA,0.9945130315500686,1.0600109801934203,0.9382159510965528,-0.5154430739212618,87,251
6,AAAGGT,0.7087334247828074,0.7643903881076058,0.9271973013780201,-0.5158053144346381,62,181
6,ACCAGA,0.6515775034293553,0.705266269690443,0.9238852656157636,-0.5180846210424565,57,167
6,TATCCC,0.5258344764517604,0.5743485789095824,0.9155466577184135,-0.5190277380306958,46,136
6,ATACAC,0.30864197530864196,0.34629840787195404,0.8912915541539331,-0.5199877811586685,27,82
6,GCGGAA,1.1659807956104253,1.237383335444909,0.9423002009083115,-0.520250535849079,102,293
6,ATACGA,0.3886602652034751,0.4307614341821867,0.9022860584897244,-0.52068300765729,34,102
6,TGATTC,0.8916323731138546,0.9544321973056294,0.9342087942459764,-0.5208384514554719,78,226
6,TCCAAA,0.594421582075903,0.6461421512732801,0.919967199453838,-0.5215543479875786,52,153
6,CCTCAG,0.720164609053498,0.7770598420541408,0.9267908222711805,-0.5230266708368124,63,184
6,TGGCCA,1.440329218106996,1.5203344735841884,0.9473800042900944,-0.5262784404675637,126,360
6,GAGTAC,0.3200731595793324,0.35896786181848894,0.8916786870254123,-0.5275277628661479,28,85
6,TTAGTC,0.2286236854138089,0.26183538156172137,0.8732065292214577,-0.5285304384877193,20,62
6,CGGAAT,0.7887517146776405,0.8488534144178386,0.9292049496244595,-0.5286357883826984,69,201
6,AATGGG,0.6058527663465935,0.658811605219815,0.9196267929511512,-0.5289388597615198,53,156
6,CTTCAG,0.7315957933241883,0.7897292960006757,0.926397383623464,-0.5301674438189097,64,187
6,GCTGAG,0.7315957933241883,0.7897292960006757,0.926397383623464,-0.5301674438189097,64,187
6,CTACCC,0.48010973936899864,0.5278939144389544,0.9094986253378865,-0.5335598324733196,42,125
6,CCAACT,0.48010973936899864,0.5278939144389544,0.9094986253378865,-0.5335598324733196,42,125
5,TAGAA,2.0118884316415184,2.107352506440306,0.954701672039084,-0.5344314289060108,176,499
6,TGAACC,0.9716506630086876,1.0388952236158622,0.9352792399053066,-0.5346962759144325,85,246
6,AATGGA,0.8573388203017833,0.9206469867815363,0.9312426025948277,-0.5347280700928763,75,218
6,GAGAGT,0.33150434385002286,0.37163731576502385,0.8920394315743939,-0.534969919487548,29,88
6,ATGCTA,0.33150434385002286,0.37163731576502385,0.8920394315743939,-0.534969919487548,29,88
6,GCGTCA,1.6117969821673523,1.6977068288356771,0.9493995163588546,-0.5351137131494996,141,402
6,TGGTAA,0.411522633744856,0.45610034207525657,0.9022847985435161,-0.5358447758188163,36,108
5,ATCAA,4.583904892546868,4.725706322057519,0.9699942359362468,-0.5361913958915532,401,1119
6,GTCGTT,0.7430269775948789,0.8023987499472106,0.9260163678058848,-0.5372301095048061,65,190
6,GTCGCT,1.1431184270690442,1.2162675788673507,0.939862626175534,-0.5377041734729536,100,288
5,CGGTA,3.0292638317329676,3.146247730056168,0.962819145129546,-0.5382356977053506,265,745
5,TTAAG,2.217649748513946,2.3185100722158873,0.9564996611933331,-0.5387600694035617,194,549
6,TCCTGC,1.771833561957019,1.8624097301406308,0.9513687543652333,-0.5389582503925235,155,441
6,GTGCGT,0.6858710562414266,0.7432746315300477,0.9227797494643173,-0.5397655451304878,60,176
6,ACGATG,1.623228166438043,1.7103762827822122,0.9490503801652155,-0.5408721710764395,142,405
6,GTCAAT,0.5601280292638318,0.6123569407491871,0.9147223126878661,-0.5413139226935477,49,145
6,TCAGTT,0.5601280292638318,0.6123569407491871,0.9147223126878661,-0.5413139226935477,49,145
6,CGGGTC,1.4174668495656149,1.4992187170066305,0.945473989943758,-0.5416235496320775,124,355
6,AAGTGT,0.3429355281207133,0.3843067697115588,0.8923763969560459,-0.5423176348773852,30,91
6,CACGTA,0.3429355281207133,0.3843067697115588,0.8923763969560459,-0.5423176348773852,30,91
6,AGTCCC,0.3429355281207133,0.3843067697115588,0.8923763969560459,-0.5423176348773852,30,91
6,ATGTTC,0.8116140832190215,0.8741923223109084,0.9284241237227366,-0.5425086381452213,71,207
5,GAGCA,3.9666209419295844,4.1006799273617975,0.967308905182225,-0.5426060720470662,347,971
6,TATCTA,0.4229538180155464,0.4687697960217915,0.9022842196384181,-0.543269745151306,37,111
6,ACACAT,0.6287151348879744,0.6841505131128849,0.9189837973628747,-0.5434395442604146,55,162
6,TCTATT,0.6287151348879744,0.6841505131128849,0.9189837973628747,-0.5434395442604146,55,162
5,ACATG,3.555098308184728,3.6825879471261453,0.9653813625341495,-0.5434863688197166,311,872
6,CCCGCT,2.423411065386374,2.5296676379914693,0.9579974970786413,-0.543852797013187,212,599
6,GGAGAG,0.7544581618655692,0.8150682038937455,0.9256471955865485,-0.5442170261271133,66,193
5,TTCTG,3.280749885688157,3.403859960302378,0.9638332776971663,-0.5452115477255983,287,806
6,ATATGG,0.6973022405121171,0.7559440854765827,0.9224359450844724,-0.5468285817697158,61,179
5,AAAAA,9.510745313214448,9.71324802567676,0.9791521201621721,-0.5479143422284984,832,2300
6,AGTCGG,0.5029721079103796,0.5532328223320241,0.9091672996916746,-0.5483031732396461,44,131
6,GTGGAC,0.5029721079103796,0.5532328223320241,0.9091672996916746,-0.5483031732396461,44,131
6,ACCATA,0.3543667123914037,0.3969762236580937,0.892691859325782,-0.5495741434164141,31,94
6,CTCTGA,0.3543667123914037,0.3969762236580937,0.892691859325782,-0.5495741434164141,31,94
5,AACAC,3.292181069958848,3.416529414248912,0.9636049658264152,-0.549725581658172,288,809
5,ATTAT,4.938271604938271,5.08889733519152,0.970401688125942,-0.5498692492803006,432,1205
6,GGCCAT,1.8975765889346137,1.9933274209214917,0.9519667327829695,-0.5510401396122404,166,472
6,CAACCC,1.3831732967535437,1.4654335064825375,0.943870126909327,-0.5512641456240356,121,347
6,CACACG,0.8916323731138546,0.9586553486211411,0.9300937662525927,-0.5549603402325942,78,227
6,CCTAGT,0.1371742112482853,0.16470290130495374,0.8329599185530785,-0.5552368914538461,12,39
6,AACACT,0.51440329218107,0.565902276278559,0.9090127615102669,-0.5555334393038559,45,134
6,ATAACG,0.5829903978052127,0.6376958486422568,0.9142273331607575,-0.5557096077945538,51,151
6,GGATAC,0.5829903978052127,0.6376958486422568,0.9142273331607575,-0.5557096077945538,51,151
6,CCTCTG,0.5829903978052127,0.6376958486422568,0.9142273331607575,-0.5557096077945538,51,151
6,CATTCT,0.5829903978052127,0.6376958486422568,0.9142273331607575,-0.5557096077945538,51,151
6,AGATCC,0.6515775034293553,0.7094894210059546,0.9183867235583923,-0.5576025039792256,57,168
5,GTGGT,3.3150434385002288,3.4418683221419824,0.9631533844091775,-0.5587120558524602,290,815
6,TTATTT,3.6465477823502512,3.7797204273829133,0.964767467769661,-0.5606958966737653,319,895
6,AGCATC,0.9602194787379973,1.0304489209848389,0.9318523935964853,-0.5609523836481076,84,244
6,TGCCCT,1.131687242798354,1.2078212762363276,0.9369710303678117,-0.5617953205428954,99,286
6,GCAGTA,0.5258344764517604,0.578571730225094,0.9088649902548036,-0.5626741471218585,46,137
6,ATGCAT,0.8459076360310928,0.9122006841505131,0.9273342119860964,-0.5628021845357066,74,216
6,TGTATA,0.3772290809327846,0.42231513155116346,0.8932660142812191,-0.563825748413555,33,100
6,TACGTT,0.3772290809327846,0.42231513155116346,0.8932660142812191,-0.563825748413555,33,100
6,GGTTGT,0.6630086877000457,0.7221588749524895,0.9181038969492279,-0.5645642663458001,58,171
6,ATTCGG,0.7887517146776405,0.8530765657333503,0.9246054642857904,-0.5647452483816335,69,202
6,GTCAAC,0.7887517146776405,0.8530765657333503,0.9246054642857904,-0.5647452483816335,69,202
6,AGCGTA,0.4572473708276178,0.5067781578613961,0.902282656560391,-0.5649700096537275,40,120
6,AGGGTT,0.4572473708276178,0.5067781578613961,0.902282656560391,-0.5649700096537275,40,120
6,TGCCCC,1.7261088248742569,1.8201782169855147,0.9483214207402635,-0.5663118774890176,151,431
6,TATTGC,0.7315957933241883,0.7939524473161874,0.9214703585351851,-0.5675612111434107,64,188
6,CATTGA,0.9144947416552356,0.9839942565142109,0.929377176628231,-0.568135405011504,80,233
6,TTACAC,0.2972107910379515,0.3378521052409308,0.8797423848743137,-0.5690649897714404,26,80
6,GACATT,0.6744398719707362,0.7348283288990245,0.9178308216547394,-0.5714496273285131,59,174
6,GCCAAA,0.8001828989483311,0.8657460196798852,0.924278544635692,-0.5714506427641284,70,205
6,TAGATT,0.4686785550983082,0.5194476118079311,0.9022821863564037,-0.5720239965137052,41,123
6,TATGTC,0.4686785550983082,0.5194476118079311,0.9022821863564037,-0.5720239965137052,41,123
6,GTGGGT,0.4686785550983082,0.5194476118079311,0.9022821863564037,-0.5720239965137052,41,123
6,GCCATG,3.86374028349337,4.00354744710503,0.9650800512635667,-0.572574648391022,338,948
6,TGTACT,0.30864197530864196,0.3505215591874657,0.8805561643845405,-0.5756784175310797,27,83
6,GCTTAC,0.5486968449931412,0.6039106381181638,0.9085880452419763,-0.5766997700677103,48,143
6,GGCTTA,0.5486968449931412,0.6039106381181638,0.9085880452419763,-0.5766997700677103,48,143
6,ATGGGA,0.5486968449931412,0.6039106381181638,0.9085880452419763,-0.5766997700677103,48,143
6,CGTCAC,1.4860539551897578,1.5752354406858398,0.9433888915383913,-0.5767950308669254,130,373
6,TCCTGT,0.6858710562414266,0.7474977828455593,0.9175670019116899,-0.5782609835018669,60,177
6,CGCGAT,2.05761316872428,2.162253473541957,0.95160814080675,-0.5787168789571959,180,512
6,ATCGCG,2.05761316872428,2.162253473541957,0.95160814080675,-0.5787168789571959,180,512
5,ACCCA,3.5093735711019662,3.644579585286541,0.9629031822905922,-0.5794538925596647,307,863
5,CAACA,4.38957475994513,4.539887664175008,0.9668913408254399,-0.5795641220526735,384,1075
6,GCAAAC,1.108824874256973,1.1867055196587695,0.934377921140619,-0.5799170161060598,97,281
6,CGTATC,0.8802011888431641,0.9502090459901178,0.9263314840131684,-0.582520477344416,77,225
6,TAAATG,0.823045267489712,0.8910849275729549,0.9236525910861829,-0.5846667679342888,72,211
6,AATCGG,0.823045267489712,0.8910849275729549,0.9236525910861829,-0.5846667679342888,72,211
6,TGTTGT,0.823045267489712,0.8910849275729549,0.9236525910861829,-0.5846667679342888,72,211
6,GACAGG,1.0631001371742113,1.1402508551881414,0.9323447536668866,-0.5860939812502555,93,270
6,GCATTT,0.9487882944673068,1.0220026183538158,0.9283689107416369,-0.5874592982671039,83,242
6,GTGCAG,0.8916323731138546,0.9628784999366526,0.9260148312475461,-0.5889731129928651,78,228
6,TCACAC,0.5715592135345221,0.6292495460112336,0.9083334009814608,-0.5904039819402389,50,149
6,GATCCA,0.8344764517604023,0.9037543815194898,0.9233527754297957,-0.5911810006499005,73,214
6,GCCGCG,6.538637402834933,6.723256894294523,0.9725405784101304,-0.5912652903841449,572,1592
6,TCTACG,0.4229538180155464,0.47299294733730307,0.8942298133941953,-0.5913611003203042,37,112
5,GGAGC,4.561042524005487,4.717260019426496,0.9668845509399978,-0.5914431335545783,399,1117
6,TGTCCC,0.7087334247828074,0.7728366907386292,0.9170653085512558,-0.591670683324758,62,183
5,CATGC,7.2473708276177415,7.441192617931501,0.9739532094401581,-0.5921936533572971,634,1762
6,TAACCG,0.5029721079103796,0.5574559736475357,0.9022809039588935,-0.5926925103347432,44,132
6,TTTTGG,1.0173754000914494,1.0937961907175136,0.9301389004966387,-0.5927901046647057,89,259
5,TGCCC,7.1216278006401454,7.314498078466151,0.9736321427702491,-0.5939886489078492,623,1732
6,GGTCTA,0.3429355281207133,0.3885299210270704,0.8826791493926656,-0.5952317670520045,30,92
6,CGACCA,1.577503429355281,1.6723679209426074,0.9432787377267837,-0.5957647731012667,138,396
6,CTTAAA,0.8459076360310928,0.9164238354660247,0.9230612487027393,-0.5976348921089143,74,217
5,ACAGT,1.6346593507087332,1.7314920393597704,0.944078809298038,-0.5977651509335419,143,410
6,GTCCAG,0.720164609053498,0.7855061446851641,0.9168265980686137,-0.5982732586647511,63,186
6,TTTTAC,1.2002743484224965,1.283837999915537,0.9349161318548578,-0.5984778846909756,105,304
6,GCGCGG,5.8984910836762685,6.077114743021243,0.9706076439786671,-0.5997973922804796,516,1439
6,GCTAAC,0.3543667123914037,0.4011993749736053,0.8832974444944454,-0.6016515567435519,31,95
6,TGCGCG,3.189300411522634,3.323620085307657,0.9595875493911847,-0.6020818376732197,279,787
6,GCTTAG,0.2514860539551898,0.29139744077030283,0.8630815189675616,-0.6030071005792756,22,69
6,TTACAT,0.6630086877000457,0.7263820262680012,0.9127668183430364,-0.6035655129216542,58,172
5,GCGGC,17.363968907178783,17.652772498838633,0.9836398528523417,-0.6064702223436506,1519,4180
5,AGCTG,3.1092821216278006,3.2433802103129357,0.9586561101070517,-0.6083037114380696,272,768
6,TTTTTA,5.658436213991769,5.836395118037079,0.9695092858905431,-0.6090759210421326,495,1382
6,CCCAAC,1.1659807956104253,1.2500527893914437,0.932750624968054,-0.6102778012578854,102,296
6,TAGCCG,0.6058527663465935,0.6672579078508383,0.9079876917889621,-0.6104036927286098,53,158
6,TATAAC,0.4572473708276178,0.5110013091769079,0.8948272340842622,-0.6112434774988442,40,121
6,AACCAC,0.7430269775948789,0.8108450525782339,0.9163715534514437,-0.6112837033464982,65,192
6,AAGGAT,0.7430269775948789,0.8108450525782339,0.9163715534514437,-0.6112837033464982,65,192
6,CTGCTC,1.3946044810242342,1.4865492630600954,0.938153010047169,-0.6123102771443336,122,352
5,CACGC,8.196159122085048,8.408294269183665,0.9747710275817962,-0.612859122812351,717,1991
5,GACAC,4.069501600365798,4.223151315511635,0.9636181454365514,-0.6134988470934741,356,1000
6,AAACAC,0.8116140832190215,0.8826386249419317,0.9195406888108217,-0.6135481502480852,71,209
6,GTTTAG,0.2743484224965706,0.31673634866337264,0.8662150780817208,-0.6140795077192528,24,75
6,AAGACT,0.3772290809327846,0.42653828286667517,0.8844238693195292,-0.6143428806814062,33,101
6,CTGGTA,0.3772290809327846,0.42653828286667517,0.8844238693195292,-0.6143428806814062,33,101
6,ACGCCA,1.931870141746685,2.0397820853921194,0.9470989306596655,-0.6144582633991875,169,483
5,AGCAC,3.5093735711019662,3.653025887917564,0.9606768774953207,-0.615146459745637,307,865
6,GAGAAA,0.8802011888431641,0.9544321973056294,0.9222331015423071,-0.6166499342666322,77,226
6,AGCCAA,0.6172839506172839,0.6799273617973732,0.9078810431766787,-0.616931258190354,54,161
5,GTCGA,4.12665752171925,4.282275433928798,0.9636608432374696,-0.6172383453492359,361,1014
6,TGAATG,0.7544581618655692,0.8235145065247689,0.9161545308974924,-0.6176952411852955,66,195
6,GCCGAC,2.892089620484682,3.0237763419063306,0.9564510229480384,-0.6181644055794396,253,716
6,TTATAC,0.5486968449931412,0.6081337894336754,0.902279443409621,-0.6192007518880203,48,144
6,GGGCTA,0.5486968449931412,0.6081337894336754,0.902279443409621,-0.6192007518880203,48,144
6,ACCAGC,1.188843164151806,1.2753916972845136,0.9321449654929412,-0.6221121757475511,104,302
5,TACGT,1.3603109282121628,1.4527640525360024,0.9363649171700127,-0.6228593487507685,119,344
6,AGGGAG,0.6973022405121171,0.7643903881076058,0.9122446159701804,-0.6230183130337017,61,181
6,CGTTGG,0.8344764517604023,0.9079775328350016,0.91905858429827,-0.6261389993961912,73,215
6,TCCAAT,0.40009144947416553,0.4518771907597449,0.8854239940769337,-0.6268376611205931,35,107
6,TGGCGG,3.1092821216278006,3.247603361628447,0.9574095215607099,-0.6271695655803593,272,769
6,CCGACA,1.9090077732053041,2.0186663288145614,0.9456804118217832,-0.6277135505479432,167,478
6,CGCACA,1.314586191129401,1.4063093880653743,0.9347820074906172,-0.6280542929813873,115,333
6,TTGGGG,0.7087334247828074,0.7770598420541408,0.9120818992773261,-0.6293768716089624,62,184
6,GGAGGT,0.7087334247828074,0.7770598420541408,0.9120818992773261,-0.6293768716089624,62,184
6,TCAGAA,0.7773205304069501,0.8488534144178386,0.9157399183558955,-0.6303395121458015,68,201
6,ATAGGT,0.30864197530864196,0.3547447105029773,0.8700763071006845,-0.6308786852867122,27,84
6,ACTACT,0.30864197530864196,0.3547447105029773,0.8700763071006845,-0.6308786852867122,27,84
6,ATGCGG,1.6003657978966621,1.701929980151189,0.9403276185267282,-0.6326211580732678,140,403
6,CATTGC,1.3260173754000915,1.4189788420119092,0.9344916830131714,-0.633749930211478,116,336
5,CTTAT,2.0804755372656607,2.19603868406605,0.9473789393908268,-0.6346575334091656,182,520
6,ACTTAG,0.14860539551897575,0.1815955065670003,0.8184318827066897,-0.6350401114255791,13,43
6,CAGGGA,0.720164609053498,0.7897292960006757,0.9119244027799165,-0.635675549607982,63,187
6,TTTGCA,0.720164609053498,0.7897292960006757,0.9119244027799165,-0.635675549607982,63,187
6,TTTGGG,0.720164609053498,0.7897292960006757,0.9119244027799165,-0.635675549607982,63,187
6,CAAATC,0.6515775034293553,0.7179357236369779,0.9075836786065372,-0.6361262489871328,57,170
6,ATGTCT,0.5829903978052127,0.6461421512732801,0.9022784983250619,-0.6383763598959036,51,153
6,GCCGTA,0.8573388203017833,0.9333164407280712,0.9186026546018143,-0.6385092051675542,75,221
6,AGTTTT,0.9830818472793781,1.0642341315089319,0.9237530002777397,-0.638636532981846,86,252
5,ACGTG,2.6977594878829447,2.8295113813927952,0.9534381666767966,-0.6389725845312557,236,670
6,TGTGTC,0.4229538180155464,0.4772160986528147,0.8863179331465686,-0.6391389490922297,37,113
6,GCGCCG,8.516232281664381,8.741923223109085,0.9741832141502322,-0.6406642788090947,745,2070
6,CAGGGC,1.886145404663923,1.9975505722370033,0.9442319046577166,-0.6411298765676322,165,473
6,CATCAG,1.108824874256973,1.1951518222897928,0.9277750960735289,-0.6411362763631182,97,283
6,GGATGA,1.108824874256973,1.1951518222897928,0.9277750960735289,-0.6411362763631182,97,283
6,CTTAGG,0.19433013260173754,0.2322733223531399,0.8367145188304371,-0.6442973411658162,17,55
6,TTTATG,1.29172382258802,1.3851936314878162,0.9325270781766254,-0.6450027188613361,113,328
5,GGAAT,3.063557384545039,3.205371848473331,0.9557586306690437,-0.6472319289079218,268,759
6,TGCTAG,0.205761316872428,0.24494277629967484,0.840103593262713,-0.6476187428721898,18,58
6,GCACCG,2.8692272519433013,3.006883736644284,0.9542210744197095,-0.6481358087086135,251,712
6,GACGGC,2.674897119341564,2.808395624815237,0.9524661871308929,-0.6498869237477619,234,665
6,ACGGAA,0.8802011888431641,0.9586553486211411,0.9181708244018583,-0.6506697051287847,77,227
6,TACGAG,0.21719250114311844,0.2576122302462097,0.8431594454618021,-0.6512096873586958,19,61
6,AGTTGG,0.4458161865569273,0.5025550065458845,0.8871217450337325,-0.6512510764503663,39,119
6,GTTTAC,0.4458161865569273,0.5025550065458845,0.8871217450337325,-0.6512510764503663,39,119
5,AGAGT,1.188843164151806,1.2796148486000254,0.9290688198644244,-0.6516763766258489,104,303
5,ACCCT,3.463648834019204,3.6150175260779593,0.9581289706442891,-0.6516790211432967,303,856
6,GCCATT,0.9487882944673068,1.0304489209848389,0.9207600679068263,-0.6532445074081206,83,244
6,TCCACT,0.3543667123914037,0.40542252628911696,0.8740986983758504,-0.6533283949469384,31,96
6,CTGCGT,1.0745313214449017,1.1613666117656996,0.9252365161071759,-0.6543412766441217,94,275
6,TCAGGA,0.823045267489712,0.8995312302039782,0.9149807608425019,-0.6549562801311092,72,213
5,TCACG,3.475080018289895,3.627686980024494,0.9579338691673763,-0.6559212021616373,304,859
6,CCTCCA,0.8916323731138546,0.971324802567676,0.9179633572838805,-0.6566745005360933,78,230
6,TACAGC,0.4572473708276178,0.5152244604924194,0.8874940079316214,-0.6572377808247777,40,122
6,GACATA,0.36579789666209417,0.41809198023565186,0.8749519693225827,-0.6589189418268037,32,99
6,TGTCTC,0.36579789666209417,0.41809198023565186,0.8749519693225827,-0.6589189418268037,32,99
6,CAGGTG,0.9602194787379973,1.0431183749313737,0.9205354332463423,-0.6591719935677035,84,247
6,GCCAAT,0.7658893461362597,0.8404071117868154,0.911341897521676,-0.6603036316244713,67,199
6,GCGACC,1.7146776406035666,1.8244013683010263,0.9398609781259664,-0.6605533302899461,150,432
6,GATAAT,0.8344764517604023,0.9122006841505131,0.9148041498374151,-0.6609788280836524,73,216
6,AGGAGT,0.5486968449931412,0.6123569407491871,0.8960578425673914,-0.6614864980124734,48,145
6,TAATAC,0.4686785550983082,0.5278939144389544,0.8878484055946585,-0.6631791506677818,41,125
6,ACATAG,0.2514860539551898,0.2956205920858144,0.8507559523693319,-0.6631895761358861,22,70
6,TCAGAG,0.3772290809327846,0.4307614341821867,0.8757550595099994,-0.6644945612682605,33,102
6,GCAATG,1.2802926383173296,1.3767473288567929,0.9299452535383496,-0.6678445965675995,112,326
6,ATTGCG,1.0402377686328304,1.1275814012416066,0.9225458249886817,-0.6680923206206792,91,267
6,TATACC,0.3886602652034751,0.44343088812872167,0.8765122691762766,-0.6700530056759787,34,105
6,CAGAGT,0.2743484224965706,0.32095949997888423,0.8548210612507053,-0.6718864651435633,24,76
6,AGCCCA,0.8573388203017833,0.937539592043583,0.9144652461112459,-0.672875029165838,75,222
6,GAAGAG,0.720164609053498,0.7939524473161874,0.9070743519372249,-0.6729322644526573,63,188
6,CTGTAC,0.49154092363968904,0.5532328223320241,0.8885085138591017,-0.6749287155238012,43,131
6,ACAATC,0.6515775034293553,0.7221588749524895,0.9022769065623775,-0.6751354762740825,57,171
6,ATTTGG,0.6515775034293553,0.7221588749524895,0.9022769065623775,-0.6751354762740825,57,171
6,CCTATG,0.40009144947416553,0.45610034207525657,0.8772274208600843,-0.6755923910514363,35,108
6,GCCACG,2.4348422496570645,2.567675999831074,0.9482689494010582,-0.6758363382562236,213,608
6,CGTGCC,1.9661636945587562,2.0862367498627474,0.9424479028556199,-0.6766293229638516,172,494
6,CGTGAC,0.9945130315500686,1.0811267367709785,0.9198931155924087,-0.6766822043941948,87,256
5,GCTGG,8.607681755829905,8.847502005996875,0.9728943220994319,-0.6771947261072062,753,2095
6,TCCTTT,0.8001828989483311,0.8784154736264199,0.910949121527532,-0.6782205470001289,70,208
6,ATATCA,0.8001828989483311,0.8784154736264199,0.910949121527532,-0.6782205470001289,70,208
6,GTTTAA,0.8001828989483311,0.8784154736264199,0.910949121527532,-0.6782205470001289,70,208
5,GACTC,1.8632830361225423,1.9806579669749567,0.9407424163833248,-0.6786203008111517,163,469
6,CCCACC,1.5889346136259717,1.6977068288356771,0.9359336920064698,-0.6787483261251023,139,402
6,TTGCCT,0.8687700045724738,0.9502090459901178,0.9143025716094353,-0.6787510736341045,76,225
6,TTATGA,1.0631001371742113,1.1529203091346762,0.9221000955066665,-0.6795700949988172,93,273
6,GTAGCT,0.2972107910379515,0.34629840787195404,0.8582914478863664,-0.6809583735580621,26,82
5,CAGAA,3.4979423868312756,3.6572490392330756,0.9564420429406963,-0.6821812930778681,306,866
6,AAAATC,1.5432098765432098,1.6512521643650493,0.9345734422049325,-0.6835781981570245,135,391
5,ACGCT,4.366712391403749,4.5441108154905185,0.9609616650085764,-0.684221719721512,382,1076
6,TGATAT,0.8802011888431641,0.9628784999366526,0.9141441775710182,-0.684580598618309,77,228
6,AACCAG,0.7430269775948789,0.8192913552092571,0.9069255769791449,-0.6847771655633841,65,194
6,AACGGG,1.0745313214449017,1.1655897630812113,0.9218844974707342,-0.6852473499296174,94,276
6,AACTCA,0.51440329218107,0.578571730225094,0.8891108124133461,-0.6865055223871883,45,137
6,GCACTA,0.3200731595793324,0.37163731576502385,0.8612887272842813,-0.6902925283485964,28,88
6,TTGCAA,0.8916323731138546,0.9755479538831876,0.9139898972417873,-0.690364688856817,78,231
6,TCTGAT,0.7544581618655692,0.831960809155792,0.9068545875044196,-0.6906262603027259,66,197
6,GCAGGC,3.0292638317329676,3.180032940580261,0.9525903125232924,-0.6910363229542684,265,753
6,GGTCAT,0.9602194787379973,1.0473415262468855,0.9168239511936697,-0.6917191407932736,84,248
6,AACTCC,0.4343850022862369,0.4941087039148613,0.8791528737646168,-0.6920817215696464,38,117
6,ACTGTG,0.4343850022862369,0.4941087039148613,0.8791528737646168,-0.6920817215696464,38,117
6,GTTGAG,0.5258344764517604,0.5912411841716289,0.8893926053679273,-0.6922309566071155,46,140
6,GCACTG,1.02880658436214,1.1191350986105832,0.919294423164019,-0.6938045129696104,90,265
6,ATGCCC,1.5089163237311385,1.6174669538409563,0.932892650995335,-0.6939707635100991,132,383
5,TTAGA,1.7375400091449476,1.8539634275096077,0.9372063454587198,-0.6956276080465607,152,439
5,TGGAT,3.4865112025605853,3.6488027366020526,0.9555231953941866,-0.6958208981376752,305,864
6,ATGATT,1.2802926383173296,1.3809704801723046,0.9271015901792251,-0.696301843998738,112,327
6,AACAGT,0.4458161865569273,0.5067781578613961,0.8797305222981443,-0.6975315687509906,39,120
6,AGCCGA,1.1659807956104253,1.2627222433379788,0.9233926641394598,-0.6996462295727742,102,299
6,GTGTGT,0.3429355281207133,0.3969762236580937,0.8639034716319034,-0.6998067230978838,30,94
6,GACGAC,1.6918152720621855,1.8075087630389797,0.9359963874138958,-0.7000444225431156,148,428
6,CGGCTA,0.8459076360310928,0.9290932894125596,0.9104754044940884,-0.7014368561634688,74,220
6,CCAACA,0.9144947416552356,1.0008868617762574,0.9136930529060906,-0.7018007045085681,80,237
6,ATTATC,0.7773205304069501,0.8572997170488619,0.9067189024540421,-0.702183757663566,68,203
6,TTTGGT,0.6287151348879744,0.7010431183749314,0.896842767772442,-0.7026374242046355,55,166
5,CGTTC,4.618198445358939,4.80594619705224,0.960935092174425,-0.705095928665056,404,1138
5,CCAAA,3.017832647462277,3.171586637949238,0.9515229566984034,-0.7057242361901785,264,751
6,CCGGGG,2.5148605395518975,2.6563621774568182,0.9467330500295742,-0.7082796488859552,220,629
6,CTATGC,0.4686785550983082,0.5321170657544659,0.8808033136513052,-0.7083567115787361,41,126
6,AGGATT,0.720164609053498,0.798175598631699,0.9022756179546045,-0.7100447008138187,63,189
6,CGGCTG,2.7777777777777777,2.9266438616495627,0.949135937099777,-0.7106472261372601,243,693
6,TATCCA,0.48010973936899864,0.5447865197010009,0.8813022932417328,-0.713730956159791,42,129
6,ATCTTT,1.0059442158207592,1.098019342033025,0.9161519857743323,-0.7142195632528521,88,260
6,CTTACG,0.3772290809327846,0.4349845854976984,0.8672545374163358,-0.7142868132908525,33,103
6,ATGCTG,1.4974851394604483,1.6090206512099328,0.930685426437341,-0.7151056528455856,131,381
5,AAGTA,1.954732510288066,2.082013598547236,0.9388692872723282,-0.7183044130796845,171,493
5,CGCTC,6.881572930955647,7.111786815321593,0.967629703573181,-0.718793304278932,602,1684
6,TCTACC,0.3886602652034751,0.4476540394442333,0.8682451322739976,-0.719147158696783,34,106
6,GAATTC,0.8116140832190215,0.8953080788884666,0.9065297738062176,-0.7191849266103597,71,212
6,GGTAGC,0.5829903978052127,0.6545884539043034,0.8906379734175724,-0.720257128701696,51,155
5,ATACG,1.9090077732053041,2.035558934076608,0.9378328271240052,-0.7222207407209713,167,482
5,GTGTT,2.709190672153635,2.8590734406013767,0.9475782873751736,-0.7238076774517772,237,677
6,GATTCC,1.02880658436214,1.123358249926095,0.9158387367130243,-0.7252327126842619,90,266
6,ATCTTC,0.7544581618655692,0.8361839604713037,0.9022750614998327,-0.7268894841904615,66,198
6,CTAAAA,1.0973936899862824,1.1951518222897928,0.9182112668807892,-0.7269796874958591,96,283
6,TTGTGT,0.411522633744856,0.47299294733730307,0.8700671528958128,-0.7288933479754067,36,112
6,ACGAGA,0.51440329218107,0.5827948815406057,0.8826690857556083,-0.7296963049798296,45,138
6,GCGGCC,5.4526748971193415,5.663245914101102,0.9628186199155764,-0.7315879375836312,477,1341
6,CACGAC,1.108824874256973,1.2078212762363276,0.9180439951452712,-0.7323793890260346,97,286
6,CAAACT,0.4229538180155464,0.485662401283838,0.8709068814248345,-0.7337726521063134,37,115
6,TACGCT,0.5258344764517604,0.5954643354871405,0.8830859155150274,-0.7349649829803959,46,141
6,ACCGGG,1.771833561957019,1.8961949406647238,0.9344187573141383,-0.7351669099791845,155,449
6,TCGAGC,0.9945130315500686,1.0895730394020018,0.9127628156202701,-0.740537461075946,87,258
5,TGCAA,4.103795153177869,4.290721736559821,0.9564357144485288,-0.7414201449579843,359,1016
6,AACACA,0.7087334247828074,0.7897292960006757,0.8974514219363688,-0.74160583070871,62,187
6,ACATTG,0.6287151348879744,0.705266269690443,0.8914732131491575,-0.7419983608277522,55,167
6,GAGTTG,0.4458161865569273,0.5110013091769079,0.8724614446303092,-0.7435302679679724,39,121
6,AACTCT,0.3200731595793324,0.3758604670805355,0.8516138999017343,-0.743641200197046,28,89
6,CATACG,0.3200731595793324,0.3758604670805355,0.8516138999017343,-0.743641200197046,28,89
6,GCTGCA,1.7946959304983996,1.9215338485577937,0.9339947523537914,-0.7449838905138432,157,455
5,AGCCA,3.772290809327846,3.9528696313188902,0.9543181863679548,-0.7451328690715721,330,936
6,ACAGAT,0.5486968449931412,0.6208032433802103,0.8838685428755045,-0.7454221998065883,48,147
6,TGCGGA,1.0059442158207592,1.1022424933485366,0.912642143336726,-0.7459189074994397,88,261
6,TTGAGC,0.720164609053498,0.8023987499472106,0.8975273906668116,-0.7470141392311452,63,190
6,CCAGTC,0.720164609053498,0.8023987499472106,0.8975273906668116,-0.7470141392311452,63,190
6,AGACTT,0.33150434385002286,0.3885299210270704,0.8532650882198147,-0.7475235200342026,29,92
6,AGTGTT,0.4572473708276178,0.5236707631234427,0.873182321403896,-0.7484041813180582,40,124
6,TGGGAG,0.4572473708276178,0.5236707631234427,0.873182321403896,-0.7484041813180582,40,124
6,ATTAGA,0.4572473708276178,0.5236707631234427,0.873182321403896,-0.7484041813180582,40,124
6,CTTATT,0.8001828989483311,0.8868617762574433,0.9022743937457419,-0.7487787115341834,70,210
6,CGAGCC,1.3946044810242342,1.5076650196376538,0.925014483595998,-0.7490501705211476,122,357
6,CGCTTG,1.6918152720621855,1.8159550656700032,0.9316431555658704,-0.7498746134941051,148,430
6,GCATTG,1.337448559670782,1.4485409012204906,0.9233127123111651,-0.75083362921392,117,343
6,CATCTA,0.3429355281207133,0.4011993749736053,0.8548120169468886,-0.7514825393304888,30,95
6,CAGCTG,0.8802011888431641,0.971324802567676,0.9061959160568545,-0.7520789443510042,77,230
6,GTTTCT,0.7315957933241883,0.8150682038937455,0.8976009979647864,-0.7523853231272293,64,193
5,CCGGT,7.773205304069501,8.028210650787617,0.9682367364928637,-0.7530116035907775,680,1901
6,TCATTT,1.1545496113397347,1.2584990920224672,0.9174085844002208,-0.7536338866057067,101,298
6,GGGTCA,0.7430269775948789,0.8277376578402804,0.8976723522503186,-0.7577201533528181,65,196
6,GTGTTT,0.7430269775948789,0.8277376578402804,0.8976723522503186,-0.7577201533528181,65,196
5,GAATC,3.3607681755829906,3.534777651083238,0.9507735506922217,-0.7580304135808994,294,837
6,TACGAC,0.48010973936899864,0.5490096710165125,0.874524279421329,-0.7581331662011098,42,130
6,AACCCA,0.823045267489712,0.9122006841505131,0.9022740876887339,-0.7594947252828406,72,216
5,TGCGT,3.5665294924554183,3.74593521685882,0.9521078382829942,-0.7598783500353746,312,887
6,GCATCA,1.5432098765432098,1.663921618311584,0.9274578284079892,-0.7616043314330756,135,394
5,AGAGC,2.1147690900777323,2.255162802483213,0.9377484024252531,-0.7620583743063586,185,534
6,CTCTGG,0.49154092363968904,0.5616791249630475,0.8751498619177566,-0.7629852627060424,43,133
6,CCATAT,0.49154092363968904,0.5616791249630475,0.8751498619177566,-0.7629852627060424,43,133
6,TGGGGG,0.7544581618655692,0.8404071117868154,0.8977415554063201,-0.7630193751730268,66,199
6,ACGGAC,0.7544581618655692,0.8404071117868154,0.8977415554063201,-0.7630193751730268,66,199
6,TCACTC,0.3772290809327846,0.43920773681320996,0.8589174496902199,-0.763725513533037,33,104
6,AATTTG,0.8344764517604023,0.9248701380970481,0.9022739409483924,-0.7647984015061497,73,219
6,ACGCGG,1.6117969821673523,1.735715190675282,0.9286109436225628,-0.7656493925878475,141,411
6,TCGGCG,3.383630544124371,3.560116558976308,0.9504282922321211,-0.7662120625351664,296,843
5,GGGCG,11.156835848193873,11.461632670298577,0.9734074392701079,-0.7671247403137106,976,2714
6,CTCTAC,0.3886602652034751,0.4518771907597449,0.8601324871062493,-0.7679026123919862,34,107
6,CTCACG,0.6858710562414266,0.7686135394231176,0.8923623964737434,-0.768393287572944,60,182
6,ATCAAA,1.188843164151806,1.296507453862072,0.9169646222612886,-0.769230834832727,104,307
6,GTCATA,0.40009144947416553,0.4645466447062798,0.861281264017609,-0.772117084682892,35,110
6,AGTTTA,0.51440329218107,0.5870180328561172,0.8763200300256445,-0.7726585403626953,45,139
6,ATACTT,0.7773205304069501,0.8657460196798852,0.8978738860454344,-0.7735138530810911,68,205
6,GGAGAT,0.6973022405121171,0.7812829933696525,0.8925229323262144,-0.7735740526090317,61,185
6,CGCCAG,2.892089620484682,3.0575615524304234,0.9458828489980476,-0.7736707581276236,253,724
5,ATATC,2.9492455418381343,3.1166856708475863,0.9462779457132456,-0.7756043446041638,258,738
6,GGGTAG,0.411522633744856,0.4772160986528147,0.862369056703989,-0.776363622197013,36,113
6,GGCGCC,5.269775948788294,5.490096710165125,0.9598701516525071,-0.7770279338683483,461,1300
6,GTGTAC,0.18289894833104708,0.22805017103762829,0.8020986681656508,-0.7775455190060812,16,54
5,GCACA,3.920896204846822,4.113349381308332,0.9532136757690457,-0.7792407259321983,343,974
6,TTCCTA,0.24005486968449932,0.29139744077030283,0.823866134295632,-0.7800024139783925,21,69
6,TGGATT,0.8687700045724738,0.9628784999366526,0.9022735238944902,-0.7805009588020961,76,228
6,ACGTTC,0.6287151348879744,0.7094894210059546,0.886167572786711,-0.7811874176735509,55,168
6,ATAGCT,0.2514860539551898,0.3040668947168377,0.827131612036222,-0.7816818892776188,22,72
6,TCGAGG,1.0173754000914494,1.1191350986105832,0.9090810334259012,-0.7826973081771051,89,265
6,CGATGG,1.8289894833104712,1.9637653617129103,0.9313721393380625,-0.783491695260555,160,465
6,GCATAG,0.2629172382258802,0.31673634866337264,0.8301359340096633,-0.7836403562932653,23,75
5,TTATG,3.1778692272519433,3.3531821445162384,0.9477190079125936,-0.7837049197778266,278,794
6,ATTTGC,0.720164609053498,0.8066219012627222,0.8928288768733107,-0.7838418434629337,63,191
6,ACCTAC,0.4343850022862369,0.5025550065458845,0.8643801347407354,-0.7849345831976864,38,119
6,CAATCA,0.8802011888431641,0.9755479538831876,0.902273392097495,-0.7856679704647566,77,231
6,TAGGAT,0.2743484224965706,0.3294058026099075,0.8329092244286886,-0.7858427319770027,24,78
5,AAAGT,2.8235025148605395,2.9899911313822374,0.9443198855130763,-0.7870641643744661,247,708
6,ACTTTA,0.5486968449931412,0.6250263946957219,0.8778974134667057,-0.7870770084826162,48,148
6,CGAGCG,1.954732510288066,2.094683052493771,0.9331909134747399,-0.7880628832383372,171,496
6,CCTACT,0.28577960676726105,0.34207525655644244,0.8354771459639564,-0.7882590413158596,25,81
6,GTTCTA,0.28577960676726105,0.34207525655644244,0.8354771459639564,-0.7882590413158596,25,81
6,CCCTAT,0.4458161865569273,0.5152244604924194,0.8653115090458371,-0.7892510954610439,39,122
6,ACGTAT,0.4458161865569273,0.5152244604924194,0.8653115090458371,-0.7892510954610439,39,122
6,TTACAA,0.8916323731138546,0.9882174078297226,0.9022732636795682,-0.7908024967058552,78,234
6,CTATGT,0.2972107910379515,0.3547447105029773,0.8378616962234722,-0.7908635340747542,26,84
6,TGCGAA,0.6515775034293553,0.7348283288990245,0.8867225249101707,-0.7911722585042061,57,174
5,ACACT,1.7946959304983996,1.9299801511888173,0.9299074597461195,-0.7933230951990888,157,457
5,CTAAT,1.3717421124828533,1.490772414375607,0.9201606383316141,-0.7935125521469001,120,353
6,TACCCA,0.4572473708276178,0.5278939144389544,0.8661981858514307,-0.793583729331933,40,125
6,AGTACA,0.30864197530864196,0.36741416444951225,0.8400818394880011,-0.7936339784620112,27,87
5,CAGTG,2.194787379972565,2.3438489801089575,0.9364057829750786,-0.794149639910622,192,555
6,AGTTAA,0.5715592135345221,0.6503653025887918,0.8788465906780444,-0.7966199116471904,50,154
5,AACTC,1.9204389574759946,2.0608978419696777,0.9318490870619022,-0.7973909544343113,168,488
6,AGCTGT,0.4686785550983082,0.5405633683854892,0.8670433073691656,-0.797929514958879,41,128
6,TTATTG,1.0516689529035208,1.157143460450188,0.908857115074441,-0.7980091726498951,92,274
5,ATCTA,1.5089163237311385,1.6343595591030027,0.9232509396312577,-0.798919879284097,132,387
6,GCCAGT,0.8344764517604023,0.9290932894125596,0.8981731371392334,-0.7991746058892727,73,220
6,TTAGCA,0.33150434385002286,0.39275307234258205,0.8440925302497111,-0.7995980770089677,29,93
6,TCTGTA,0.33150434385002286,0.39275307234258205,0.8440925302497111,-0.7995980770089677,29,93
6,AGGCTT,0.6744398719707362,0.7601672367920942,0.8872404850916896,-0.8010561869751399,59,180
6,CATAAT,0.5829903978052127,0.6630347565353267,0.8792939776700576,-0.801368902601478,51,157
6,CTATCC,0.48010973936899864,0.5532328223320241,0.8678497280265287,-0.8022857951475535,42,131
6,CAACAT,0.9945130315500686,1.098019342033025,0.9057422025812532,-0.8040339051493597,87,260
6,TTTACT,0.8459076360310928,0.9417627433590946,0.8982281569115469,-0.8042130610247963,74,223
6,GCGGTG,2.3891175125743027,2.546560243253516,0.9381767822793392,-0.8053551821889741,209,603
6,ACGTGC,0.6858710562414266,0.7728366907386292,0.8874867301045096,-0.8059609034913123,60,183
6,CCTTCA,0.9259259259259258,1.0262257696693273,0.9022728974488119,-0.8060173561593919,81,243
6,TACGTC,0.3543667123914037,0.41809198023565186,0.8476171929257494,-0.8060247050573285,31,99
6,TATCGT,0.594421582075903,0.6757042104818616,0.8797245901323958,-0.8061023592225878,52,160
6,TGCGGG,1.8289894833104712,1.9679885130284218,0.9293735882315252,-0.8074091474290239,160,466
6,GCCGTG,2.2862368541380884,2.440981460365725,0.9366081760317608,-0.8082303920170204,200,578
6,CGTTCA,1.0059442158207592,1.11068879597956,0.9057025237039497,-0.8090537057282371,88,263
6,GTGATG,1.2802926383173296,1.3978630854343512,0.9158987470112688,-0.8095046914614213,112,331
6,ACTGGG,0.5029721079103796,0.578571730225094,0.8693566345718887,-0.8110205623274006,44,137
5,AGGTC,2.5148605395518975,2.6774779340343766,0.9392669799016983,-0.8116514894098069,220,634
6,TCGTAT,0.3772290809327846,0.44343088812872167,0.8507391278311063,-0.812816397083989,33,105
6,AACTTT,1.0859625057155922,1.1951518222897928,0.9086474376880497,-0.8130485094427552,95,283
5,AACAA,4.469593049839964,4.683474808902402,0.9543336515825692,-0.8138580664754135,391,1109
6,AACACG,0.8687700045724738,0.9671016512521644,0.8983338722050486,-0.8142008570040238,76,229
6,GGTGCG,2.0233196159122087,2.1706997761729805,0.9321078977994939,-0.8156678764005804,177,514
5,GTTAG,1.0973936899862824,1.2078212762363276,0.908580477534001,-0.818003593766626,96,286
5,CCCCA,4.435299497027892,4.64968959837831,0.9538925156043211,-0.8186546158655296,388,1101
6,CAGCCA,1.4974851394604483,1.6259132564719794,0.921016562134194,-0.8202656195318285,131,385
6,GAATCA,0.720164609053498,0.8108450525782339,0.8881792998965393,-0.8205290607738618,63,192
6,TTTGGA,0.720164609053498,0.8108450525782339,0.8881792998965393,-0.8205290607738618,63,192
6,TATCAG,0.411522633744856,0.4814392499683263,0.8548059867849419,-0.8235266209297899,36,114
6,GTTACA,0.411522633744856,0.4814392499683263,0.8548059867849419,-0.8235266209297899,36,114
6,CTCTGC,0.8116140832190215,0.9079775328350016,0.8938819141190124,-0.8237379625718374,71,215
6,ATGTTA,0.5372656607224509,0.6165800920646987,0.871384803299396,-0.8241493325974396,47,146
6,TCTGTG,0.4229538180155464,0.4941087039148613,0.8560225966567094,-0.8272069010266501,37,117
6,CAAAAT,1.0516689529035208,1.1613666117656996,0.9055524646589601,-0.8288425146393851,92,275
5,AGACT,1.3260173754000915,1.4485409012204906,0.9154217406693596,-0.8289815436067968,116,343
5,TGTAC,1.3946044810242342,1.5203344735841884,0.917306536556248,-0.8304306619366378,122,360
6,TTAACG,0.4343850022862369,0.5067781578613961,0.8571783880358977,-0.8309323405939202,38,120
6,TACGCG,0.5601280292638318,0.6419189999577685,0.8726035044144848,-0.8329013846178023,49,152
6,AGTAAA,0.5601280292638318,0.6419189999577685,0.8726035044144848,-0.8329013846178023,49,152
5,CATAA,2.240512117055327,2.3987499472106086,0.9340359615492911,-0.8338291256906494,196,568
6,GGACTT,0.4458161865569273,0.5194476118079311,0.8582778101995698,-0.8346978920591668,39,123
6,TTACAG,0.4458161865569273,0.5194476118079311,0.8582778101995698,-0.8346978920591668,39,123
5,TCTTG,2.4119798811156836,2.576122302462097,0.9362856143316738,-0.8351297230556964,211,610
6,AGAATG,0.5715592135345221,0.6545884539043034,0.8731774787311007,-0.8372734870667538,50,155
6,ATCAGA,0.5715592135345221,0.6545884539043034,0.8731774787311007,-0.8372734870667538,50,155
6,TAGTAG,0.21719250114311844,0.2702816841927446,0.8036509639766096,-0.8397685070674327,19,64
6,ACGTAG,0.21719250114311844,0.2702816841927446,0.8036509639766096,-0.8397685070674327,19,64
6,CACTCT,0.2629172382258802,0.32095949997888423,0.8192164948963621,-0.840865943380637,23,76
6,TACTCA,0.2743484224965706,0.33362895392541914,0.8223692288859769,-0.8420160670109165,24,79
6,TAGGGT,0.19433013260173754,0.24494277629967484,0.793453843193318,-0.8421069970038675,17,58
6,GTCCCG,1.29172382258802,1.4147556906963976,0.9130428149546327,-0.8424334903298741,113,335
5,ACACA,2.263374485596708,2.4240888551036783,0.9337038576146341,-0.8425862185926125,198,574
6,GTACGA,0.28577960676726105,0.34629840787195404,0.8252913416187995,-0.8434361338020279,25,82
5,CTACG,2.1604938271604937,2.3185100722158873,0.9318487196493638,-0.8468543856828943,189,549
5,CTCTG,2.0461819844535896,2.2002618353815615,0.9299752211430019,-0.847367449277731,179,521
6,AGCACC,1.0973936899862824,1.2120444275518392,0.9054149530703068,-0.8481907973499669,96,287
6,GGCCTA,0.49154092363968904,0.5701254275940707,0.862186952472551,-0.8500769504175564,43,135
6,ACTGTT,0.49154092363968904,0.5701254275940707,0.862186952472551,-0.8500769504175564,43,135
6,ATGAGG,0.6058527663465935,0.6925968157439081,0.8747734255077273,-0.8503621366219277,53,164
6,TAGCCC,0.3429355281207133,0.40964567760462856,0.8371913283529859,-0.8536468535456797,30,97
6,ATTGAC,0.8001828989483311,0.8995312302039782,0.8895677162817909,-0.8537030852864291,70,213
5,CGTGT,2.629172382258802,2.8041724734997255,0.9375951898773504,-0.8542329554161908,230,664
6,ACCAAA,0.6172839506172839,0.705266269690443,0.8752671869158544,-0.8547130317861406,54,167
5,CATGT,3.2235939643347047,3.416529414248912,0.9435304721344439,-0.855199285394533,282,809
6,CTAGCG,0.3543667123914037,0.42231513155116346,0.839143027594101,-0.8561676081114467,31,100
6,TGGGTA,0.3543667123914037,0.42231513155116346,0.839143027594101,-0.8561676081114467,31,100
6,TACCCG,0.720164609053498,0.8150682038937455,0.8835778991539054,-0.8570770222166729,63,193
5,ATACC,2.58344764517604,2.7577178090290975,0.9368086741326797,-0.85769353720349,226,653
6,CCCCTA,0.36579789666209417,0.4349845854976984,0.8409810617481179,-0.8588110862459043,32,103
6,GCGCGC,5.978509373571102,6.237594493010685,0.9584646026300443,-0.8607704643919188,523,1477
5,GCTAC,2.5377229080932784,2.7112631445584694,0.9359952071291243,-0.8612785428445026,222,642
5,TCGTT,3.0864197530864197,3.2771654208370284,0.9417973086531723,-0.8628690724527113,270,776
6,TGTTCA,0.823045267489712,0.9248701380970481,0.889915504929898,-0.8629803654630015,72,219
6,ATTTTA,3.040695016003658,3.230710756366401,0.941186360114621,-0.8655906110263429,266,765
6,ATTGAG,0.5372656607224509,0.6208032433802103,0.865457970225797,-0.8658050737566625,47,147
6,GTCGAG,0.9144947416552356,1.0220026183538158,0.8948169442401676,-0.8665935719721899,80,242
6,TCAGTA,0.40009144947416553,0.47299294733730307,0.8459044923974302,-0.8673621629125564,35,112
6,ATCGTT,0.8344764517604023,0.937539592043583,0.8900823502359207,-0.8675867997776667,73,222
6,GCCTAT,0.6515775034293553,0.7432746315300477,0.8766474880748121,-0.8677202953283162,57,176
6,CAGCTC,0.6515775034293553,0.7432746315300477,0.8766474880748121,-0.8677202953283162,57,176
6,CGCTGC,4.240969364426155,4.463870940495799,0.9500665261846694,-0.8682896918619032,371,1057
5,CCAGT,2.1604938271604937,2.322733223531399,0.9301545221898225,-0.8689126894846914,189,550
6,CACCCA,1.0745313214449017,1.190928670974281,0.9022715805538382,-0.8689961019329951,94,282
6,ACTGGC,1.0745313214449017,1.190928670974281,0.9022715805538382,-0.8689961019329951,94,282
6,TTGTAA,0.5486968449931412,0.6334726973267453,0.8661939621273114,-0.8697723677553795,48,150
6,GGCGGG,3.840877914951989,4.054225262891169,0.947377841168313,-0.8705178161246653,336,960
6,AACCCT,0.7544581618655692,0.8530765657333503,0.8844103227530479,-0.8706202335191866,66,202
6,TAGCGG,0.6630086877000457,0.7559440854765827,0.8770767478222465,-0.872039088910387,58,179
5,GGGTA,1.6918152720621855,1.8370708222475611,0.9209351964300889,-0.8737236721896001,148,435
6,AATCCA,0.7658893461362597,0.8657460196798852,0.8846715567503056,-0.8751003093344218,67,205
6,AACAAT,0.9373571101966164,1.0473415262468855,0.8949970826110389,-0.8758533874396693,82,248
6,ATGCCA,0.8573388203017833,0.9628784999366526,0.8904028702179623,-0.8767365263840052,75,228
6,TCCCCT,0.8573388203017833,0.9628784999366526,0.8904028702179623,-0.8767365263840052,75,228
5,ATCCA,3.4979423868312756,3.7037037037037033,0.9444459444039456,-0.8771573272863779,306,877
6,TCACAA,0.5715592135345221,0.658811605219815,0.8675810366761029,-0.8777355214871932,50,156
6,GGATAG,0.4458161865569273,0.5236707631234427,0.851357536449268,-0.8798744202206942,39,124
6,CCCCAG,0.7887517146776405,0.8910849275729549,0.8851717418807702,-0.8840092728202817,69,211
6,ATGACT,0.7887517146776405,0.8910849275729549,0.8851717418807702,-0.8840092728202817,69,211
6,GCGACT,0.6973022405121171,0.7939524473161874,0.878282338741304,-0.8849384027526698,61,188
6,GTAAAT,0.6973022405121171,0.7939524473161874,0.878282338741304,-0.8849384027526698,61,188
5,GTGGA,2.4919981710105166,2.669031631403353,0.9336737617920488,-0.8856250940505396,218,632
6,GTACGG,0.4686785550983082,0.5490096710165125,0.853706608791837,-0.8864820400670692,41,130
5,AACCA,3.1092821216278006,3.30672748004561,0.9402916058943946,-0.8894858577175163,272,783
5,CGACT,2.7892089620484684,2.9773216774357025,0.9368202640516657,-0.8920124838982537,244,705
5,ACAAT,2.8463648834019204,3.0364457958528654,0.9374022572916417,-0.8927252619607586,249,719
6,TCAAAA,1.3488797439414724,1.4823261117445838,0.9099811000724576,-0.8933466057298977,118,351
6,CCAGAA,0.720164609053498,0.8192913552092571,0.8790239297430177,-0.8934869429079595,63,194
5,TAAAC,2.400548696844993,2.576122302462097,0.931848425716481,-0.8938200970531461,210,610
5,AGTGG,1.6803840877914953,1.8286245196165378,0.9189378005080138,-0.8939389540982516,147,433
6,ATGAAA,2.686328303612254,2.8717428945479115,0.9354370702911151,-0.8949212655686243,235,680
6,GCTGGA,1.5546410608139003,1.6977068288356771,0.9157349554778922,-0.8951866445831477,136,402
6,TGAGAG,0.2743484224965706,0.3378521052409308,0.8120926552622375,-0.8976682461689546,24,80
6,ATGCTT,0.6287151348879744,0.7221588749524895,0.8706229257886766,-0.8977403910535391,55,171
6,CACTAA,0.2514860539551898,0.3125131973478609,0.8047838545831989,-0.8977745874830533,22,74
6,CGGTGC,2.4691358024691357,2.647915874825795,0.93248527168727,-0.8979687179112692,216,627
6,AAAGCA,0.9945130315500686,1.11068879597956,0.8954114725949854,-0.8986158950230261,87,263
6,ACATAC,0.2286236854138089,0.2871742894547912,0.796185714523553,-0.8995311399462446,20,68
6,ATCTTA,0.3200731595793324,0.3885299210270704,0.8238510270469639,-0.9010872871313791,28,92
6,GACATC,1.1545496113397347,1.2796148486000254,0.9022710118608777,-0.9011651179652479,101,303
6,CCATTG,0.7430269775948789,0.8446302631023269,0.8797210305520448,-0.9019921185128507,65,200
6,GTAGTT,0.33150434385002286,0.4011993749736053,0.8263265893993319,-0.9025244931028416,29,95
6,TGGGAA,0.5258344764517604,0.6123569407491871,0.8587289023264424,-0.9037141344923179,46,145
5,GACGA,5.109739368998628,5.363402170699776,0.9527057520202229,-0.9053597455932829,447,1270
6,CGTGGA,0.7544581618655692,0.8572997170488619,0.8800541297852659,-0.9062279064924159,66,203
6,TGTTCT,0.5372656607224509,0.6250263946957219,0.8596112166788473,-0.9072537366771065,47,148
5,AATTG,2.7777777777777777,2.9688753748046794,0.9356351694094218,-0.9075589622825506,243,703
6,AGCTTG,0.6630086877000457,0.7601672367920942,0.8722047401358453,-0.9097629608659249,58,180
6,GATATA,0.6744398719707362,0.7728366907386292,0.8726974408811367,-0.9137682621121845,59,183
6,GATAGC,0.5601280292638318,0.6503653025887918,0.8612727335865202,-0.9144030631165874,49,154
6,ACCCAA,0.7773205304069501,0.8826386249419317,0.8806916435293521,-0.9146650224203192,68,209
6,ATGGAA,1.337448559670782,1.4738798091135605,0.9074402182450333,-0.9162208493122783,117,349
5,TCTGA,2.4119798811156836,2.593014907724144,0.9301862690044284,-0.9188990515379639,211,614
6,CGGCGT,3.2007315957933242,3.408083111617889,0.9391606879578328,-0.9207302210557903,280,807
6,CCTGAG,0.6973022405121171,0.798175598631699,0.8736359243693708,-0.9217712344793287,61,189
6,TGATGG,1.211705532693187,1.3429621183326999,0.90227065163415,-0.92349017743433,106,318
6,ATTATT,2.2519433013260173,2.42831200641919,0.9273728244519608,-0.9246580797872385,197,575
6,GACTTT,0.4458161865569273,0.5278939144389544,0.8445479661082027,-0.9247843661224133,39,125
5,TTTCA,4.881115683584819,5.135351999662148,0.9504938774436885,-0.9265006572649206,427,1216
6,TCTAAA,0.720164609053498,0.8235145065247689,0.8745166620396787,-0.9297600222981598,63,195
5,TGGAG,2.674897119341564,2.8675197432323998,0.9328283938812226,-0.9306997389763662,234,679
6,TCTGAA,0.6172839506172839,0.7137125723214663,0.8649104464627507,-0.9325842368805768,54,169
6,AGCACA,0.7315957933241883,0.8361839604713037,0.8749370165031353,-0.9337477761217255,64,198
6,GACTTC,0.7315957933241883,0.8361839604713037,0.8749370165031353,-0.9337477761217255,64,198
6,ACACCA,1.0859625057155922,1.2120444275518392,0.8959844066676989,-0.9339646792380265,95,287
5,GGATA,2.57201646090535,2.7619409603446092,0.9312376238563952,-0.9347384091691895,225,654
6,GCGGGG,2.5148605395518975,2.7028168419274463,0.9304616777475413,-0.9349329449641098,220,640
5,TTACG,1.8518518518518516,2.0144431774990497,0.9192912182457929,-0.9349853206345085,162,477
5,AGTAT,1.7261088248742569,1.8835254867181892,0.9164288957895782,-0.9359112451117969,151,446
5,GTGGG,2.754915409236397,2.9519827695426324,0.9332446358417087,-0.9388032451598355,241,699
6,GATGTG,0.8459076360310928,0.9586553486211411,0.8824019988496551,-0.9396921874095735,74,227
5,ACTTT,3.3150434385002288,3.5305544997677267,0.9389600253206095,-0.9408290437069483,290,836
6,CTGACG,1.5432098765432098,1.6934836775201654,0.9112687474663226,-0.9420116190866231,135,401
5,CTATG,1.6803840877914953,1.8370708222475611,0.9147130290996142,-0.9432776886927337,147,435
6,CGATAG,0.5258344764517604,0.6165800920646987,0.8528481512851922,-0.945367463737806,46,146
6,AATTAC,0.7658893461362597,0.8741923223109084,0.8761249831310599,-0.9456791441751684,67,207
6,TTGCAT,0.6630086877000457,0.7643903881076058,0.8673865597466607,-0.9473338942211713,58,181
6,TTAATG,0.8687700045724738,0.9839942565142109,0.8829133986109458,-0.9479378455256698,76,233
6,TCCTCT,0.5372656607224509,0.6292495460112336,0.8538429305752755,-0.9484976859395188,47,149
6,GGCAAC,1.6346593507087332,1.7906161577769333,0.9129081365626304,-0.9509974923525141,143,424
5,CGGGC,12.299954275262918,12.694792854427975,0.9688978407543363,-0.9513368102185118,1076,3006
6,ACCGGT,1.0516689529035208,1.178259217027746,0.8925707353963486,-0.9513671209275912,92,279
6,AATCGA,0.8802011888431641,0.9966637104607459,0.8831593482032488,-0.9520423562974111,77,236
6,TGAGCC,0.8802011888431641,0.9966637104607459,0.8831593482032488,-0.9520423562974111,77,236
6,GTACAG,0.3200731595793324,0.39275307234258205,0.8149946687959968,-0.9527294051910201,28,93
6,CAACTA,0.3200731595793324,0.39275307234258205,0.8149946687959968,-0.9527294051910201,28,93
6,TCGTTA,0.3200731595793324,0.39275307234258205,0.8149946687959968,-0.9527294051910201,28,93
6,CTACAT,0.33150434385002286,0.40542252628911696,0.8177211433468083,-0.9533909352445646,29,96
6,TAGAGG,0.2629172382258802,0.3294058026099075,0.7982173186104974,-0.9536735469935205,23,78
6,ACCTTA,0.3429355281207133,0.41809198023565186,0.8202824165289162,-0.9542739132699629,30,99
6,GATATG,0.6858710562414266,0.7897292960006757,0.8685054602492738,-0.9547483420911157,60,187
6,ATAACT,0.5601280292638318,0.6545884539043034,0.8557169840446291,-0.9548634633984764,49,155
6,AGACAT,0.5601280292638318,0.6545884539043034,0.8557169840446291,-0.9548634633984764,49,155
6,GGTCGG,1.5089163237311385,1.6596984669960724,0.9091563546640564,-0.954884308947057,132,393
6,TACCTA,0.2514860539551898,0.31673634866337264,0.7940567899376061,-0.954955665957817,22,75
6,GAGCCG,1.646090534979424,1.8032856117234681,0.9128333531541182,-0.9552448750174569,144,427
6,GTTACT,0.3543667123914037,0.4307614341821867,0.8226930615505494,-0.9553578234899813,31,102
6,CTTGGA,0.3543667123914037,0.4307614341821867,0.8226930615505494,-0.9553578234899813,31,102
6,CTCACA,0.36579789666209417,0.44343088812872167,0.824965986485936,-0.9566244287282377,32,105
6,GTACAT,0.24005486968449932,0.3040668947168377,0.7895496645289752,-0.9567089280997636,21,72
6,TACCTT,0.3772290809327846,0.45610034207525657,0.8271126654932209,-0.9580574654812187,33,108
6,CTATAT,0.3772290809327846,0.45610034207525657,0.8271126654932209,-0.9580574654812187,33,108
6,CATCTT,0.6973022405121171,0.8023987499472106,0.8690384135277385,-0.95846190572015,61,190
6,CAGTTA,0.3886602652034751,0.4687697960217915,0.8291433325455811,-0.9596423867464219,34,111
6,TAACGA,0.3886602652034751,0.4687697960217915,0.8291433325455811,-0.9596423867464219,34,111
5,AACAT,3.4293552812071333,3.653025887917564,0.9387728171508668,-0.960565590988331,300,865
6,CGATAT,0.9945130315500686,1.1191350986105832,0.888654253949666,-0.9612353589923297,87,265
6,GAGATT,0.5829903978052127,0.6799273617973732,0.8574513770505535,-0.9613507449548394,51,161
6,CAATGT,0.5829903978052127,0.6799273617973732,0.8574513770505535,-0.9613507449548394,51,161
6,AGCTTA,0.21719250114311844,0.27872798682376787,0.7793066385421966,-0.9618828581478974,19,66
6,TGCTCA,0.7087334247828074,0.8150682038937455,0.8695548003430242,-0.9621785364083891,62,193
6,AGCCTC,0.7087334247828074,0.8150682038937455,0.8695548003430242,-0.9621785364083891,62,193
6,GTATGC,0.411522633744856,0.4941087039148613,0.8328923195488023,-0.9632170020121265,36,117
6,CACTTT,0.594421582075903,0.6925968157439081,0.8582709903717809,-0.9646336682056028,52,164
6,ACGTTG,0.6058527663465935,0.705266269690443,0.8590611606825513,-0.9679398126457998,53,167
6,GGAATA,0.6058527663465935,0.705266269690443,0.8590611606825513,-0.9679398126457998,53,167
6,ATGATG,1.1774119798811158,1.3134000591241184,0.8964689203488246,-0.9681149651303375,103,311
5,CGAGC,5.2812071330589845,5.557667131213311,0.9502570022047735,-0.9706166112723827,462,1316
6,CTGGTG,1.5546410608139003,1.7103762827822122,0.9089521301546505,-0.9718016777163264,136,405
5,CCATA,1.6918152720621855,1.8539634275096077,0.9125444399357897,-0.9720662935174899,148,439
6,ATTGAA,1.188843164151806,1.3260695130706535,0.8965242772011028,-0.9723055531224722,104,314
6,TGCAAT,0.9373571101966164,1.0600109801934203,0.8843009153867782,-0.9723814528231172,82,251
6,TAATGT,0.4686785550983082,0.5574559736475357,0.8407739801110102,-0.9740407398841342,41,132
6,CAGATA,0.4686785550983082,0.5574559736475357,0.8407739801110102,-0.9740407398841342,41,132
6,GTTCTG,0.6287151348879744,0.7306051775835128,0.860559298303462,-0.974613853745984,55,173
5,CACAC,3.040695016003658,3.25604966425947,0.9338621775836617,-0.9782698429667263,266,771
6,ACGTTT,0.7658893461362597,0.8784154736264199,0.8719133232501142,-0.9807819878693259,67,208
6,TGTCTT,0.6515775034293553,0.7559440854765827,0.8619570154015047,-0.9813584740826098,57,179
5,TGCGC,9.990855052583447,10.36361332826555,0.9640323633165866,-0.981716419474104,874,2454
5,AGGAT,2.652034750800183,2.8548502892858654,0.9289600455577759,-0.9825655593427405,232,676
6,TTACGC,0.51440329218107,0.6081337894336754,0.8458972538505669,-0.9841366944579958,45,144
6,ATGGAT,1.1431184270690442,1.2796148486000254,0.8933384091930286,-0.9847373395161872,100,303
6,GCCTCC,1.4517604023776864,1.6047974998944212,0.9046436937394429,-0.985940600605923,127,380
6,GATAAC,0.5258344764517604,0.6208032433802103,0.8470473975760893,-0.9868121671824077,46,147
6,GGGCAG,1.6689529035208046,1.8328476709320494,0.910584044481802,-0.9883397879918604,146,434
6,AAACTT,0.9830818472793781,1.11068879597956,0.8851204214860212,-0.988433419656135,86,263
6,CGGATC,1.6003657978966621,1.7610540985683518,0.9087596589064445,-0.9884508526676936,140,417
6,ACTAGC,0.1600365797896662,0.21538071709109335,0.7431596754988024,-0.9889782003608864,14,51
6,ATTAAG,0.5372656607224509,0.6334726973267453,0.8481515428139123,-0.9895392462241128,47,150
6,GGAGTG,0.5372656607224509,0.6334726973267453,0.8481515428139123,-0.9895392462241128,47,150
6,CCCGTT,1.314586191129401,1.4612103551670257,0.8996625436074012,-0.9899206652161288,115,346
5,GATGA,5.555555555555555,5.844841420668103,0.9505066271340867,-0.9918374565916482,486,1384
6,TATGCC,0.5486968449931412,0.6461421512732801,0.8492123949387331,-0.9923140639685561,48,153
6,TAAGTT,0.5486968449931412,0.6461421512732801,0.8492123949387331,-0.9923140639685561,48,153
6,CAAAAC,0.9945130315500686,1.123358249926095,0.885313745851702,-0.9924161943416809,87,266
5,AGACA,2.5148605395518975,2.715486295873981,0.9261206478221992,-0.9962646563210517,220,643
6,TTCTTC,1.1774119798811158,1.31762321043963,0.893595840577373,-0.9969922907805315,103,312
5,AGTTG,2.0233196159122087,2.2044849866970733,0.9178233672650161,-0.9970219108793199,177,522
6,ATTCAG,0.7087334247828074,0.8192913552092571,0.865073106124954,-0.998451765202832,62,194
6,ATGGAC,1.0173754000914494,1.1486971578191647,0.8856876021725091,-1.0003457785015608,89,272
6,CACGCC,3.1092821216278006,3.33206638793868,0.9331413139760117,-1.0008908226166229,272,789
5,TATGT,1.8404206675811614,2.0144431774990497,0.9136168875099873,-1.001488824389193,161,477
5,ATTGT,2.229080932784637,2.419865703788167,0.9211622004787591,-1.0027760442950664,195,573
6,GGTACA,0.33150434385002286,0.40964567760462856,0.8092930858687282,-1.003868934783633,29,97
6,TCCATA,0.33150434385002286,0.40964567760462856,0.8092930858687282,-1.003868934783633,29,97
6,AGAGAG,0.3429355281207133,0.42231513155116346,0.8120815342505419,-1.0040275012884283,30,100
6,ATGTAC,0.3429355281207133,0.42231513155116346,0.8120815342505419,-1.0040275012884283,30,100
6,GTCGTA,0.3543667123914037,0.4349845854976984,0.8147075860799,-1.004417318798439,31,103
6,CTATCT,0.36579789666209417,0.4476540394442333,0.8171850266638764,-1.0050181086212746,32,106
6,TATAAG,0.2972107910379515,0.37163731576502385,0.7997873187040562,-1.0050232905340615,26,88
6,TCCTTA,0.2972107910379515,0.37163731576502385,0.7997873187040562,-1.0050232905340615,26,88
6,CAGCTA,0.3772290809327846,0.46032349339076817,0.8195261239906798,-1.0058117517351575,33,109
6,TTACCA,0.3886602652034751,0.47299294733730307,0.8217418318990476,-1.006782010560124,34,112
6,GTAGGC,0.3886602652034751,0.47299294733730307,0.8217418318990476,-1.006782010560124,34,112
6,AACCTA,0.2743484224965706,0.34629840787195404,0.7922912353512327,-1.0074530928602787,24,82
5,GAGTT,1.7946959304983996,1.9679885130284218,0.9119487861532375,-1.0089845819531853,157,466
6,GTATAA,0.411522633744856,0.49833185523037293,0.8258353261843706,-1.0091954498694797,36,118
6,CAGTAG,0.2629172382258802,0.33362895392541914,0.7881163295308761,-1.0092795504202745,23,79
6,CAGGGG,0.8573388203017833,0.9797711051986994,0.8750526633070896,-1.0104816942195654,75,232
6,GGGAAA,0.8573388203017833,0.9797711051986994,0.8750526633070896,-1.0104816942195654,75,232
6,AATCTA,0.4343850022862369,0.5236707631234427,0.8295327514946403,-1.0121580032935538,38,124
6,TGTAAT,0.4343850022862369,0.5236707631234427,0.8295327514946403,-1.0121580032935538,38,124
6,CGAATT,0.7544581618655692,0.8699691709953968,0.8672392805302159,-1.012288074836398,66,206
6,ACGGTC,0.7544581618655692,0.8699691709953968,0.8672392805302159,-1.012288074836398,66,206
6,TGGTAT,0.4458161865569273,0.5363402170699776,0.8312504774390514,-1.0138188865040156,39,127
6,TCTGAG,0.24005486968449932,0.30829004603234933,0.7787374228651586,-1.0144037407953232,21,73
6,AGTTCG,0.4572473708276178,0.5490096710165125,0.8328889381623451,-1.015587379492609,40,130
5,ACGGA,3.0978509373571104,3.323620085307657,0.9320733569145765,-1.0156892939836872,271,787
5,AGCAG,3.8751714677640603,4.126018835254867,0.939205006567555,-1.0160476351475884,339,977
5,CAGAC,3.326474622770919,3.560116558976308,0.9343742347312238,-1.0165064085704423,291,843
5,CGCTG,11.099679926840421,11.503864183453693,0.964865654119941,-1.016666924526587,971,2724
6,CATAGA,0.2286236854138089,0.2956205920858144,0.7734452437030023,-1.017824932177948,20,70
6,CGTTTA,0.48010973936899864,0.5743485789095824,0.8359490422633342,-1.019415550094365,42,136
6,GCATTA,0.49154092363968904,0.5870180328561172,0.8373800430690802,-1.0214610911001734,43,139
6,CTTCCA,0.8916323731138546,1.017779467038304,0.8760687311126374,-1.0215620079733412,78,241
6,GACTAA,0.21719250114311844,0.2829511381392795,0.7676793054836488,-1.021918606851594,19,67
6,CTAACC,0.21719250114311844,0.2829511381392795,0.7676793054836488,-1.021918606851594,19,67
6,TTCTAT,0.5029721079103796,0.5996874868026522,0.8387505891330894,-1.023585830614745,44,142
6,GAATCG,1.0859625057155922,1.2247138814983742,0.8867163592128458,-1.023850571336949,95,290
6,ATCAGG,1.1774119798811158,1.3218463617551417,0.8907411177543836,-1.0258024992989694,103,313
6,CGTGGG,0.8001828989483311,0.9206469867815363,0.8691670029197852,-1.0262061770561421,70,218
6,TTCTTT,1.9775948788294466,2.162253473541957,0.9146029560051355,-1.0263525094219792,173,512
6,CCTGCC,3.017832647462277,3.2433802103129357,0.9304612489592167,-1.0269693874877603,264,768
6,GGCATG,2.0461819844535896,2.2340470459056547,0.9159119531561941,-1.027446219085566,179,529
6,CCGTGC,2.0461819844535896,2.2340470459056547,0.9159119531561941,-1.027446219085566,179,529
6,TTTGTT,1.0973936899862824,1.237383335444909,0.8868755308059996,-1.0277272363984058,96,293
6,GTCTTG,0.6858710562414266,0.798175598631699,0.8593160775767539,-1.0282709747966285,60,189
5,AACCT,2.4348422496570645,2.6394695721947716,0.9224770111410392,-1.0307732161533056,213,625
6,CAGACG,1.0173754000914494,1.1529203091346762,0.8824436066135286,-1.0311046723103232,89,273
6,CTCCCC,1.108824874256973,1.2500527893914437,0.8870314762060255,-1.031592411688232,97,296
6,TATACG,0.19433013260173754,0.2576122302462097,0.7544466648555461,-1.0325060068055134,17,61
5,TGTCT,2.1262002743484225,2.3185100722158873,0.9170581547229822,-1.032695703006142,186,549
6,TACCGC,1.02880658436214,1.1655897630812113,0.8826590203919102,-1.0348873279520512,90,276
6,ATACAA,0.5601280292638318,0.6630347565353267,0.8448177745815184,-1.0352139142726904,49,157
6,GGCGTT,1.8747142203932328,2.056674690654166,0.9115311603707744,-1.0368749790416019,164,487
6,GGAGCC,1.29172382258802,1.444317749904979,0.894356097931504,-1.036898155365922,113,342
6,CTCTTA,0.18289894833104708,0.24494277629967484,0.7468040931239233,-1.03923771173785,16,58
6,TAAATC,0.8459076360310928,0.971324802567676,0.8708935923757765,-1.0401634661487231,74,230
5,CCACT,2.1490626428898034,2.3438489801089575,0.916898217976528,-1.040479513720189,188,555
5,TTAGG,1.3031550068587106,1.456987203851514,0.8944248521391313,-1.040812784856108,114,345
6,TTCGTT,0.7544581618655692,0.8741923223109084,0.8630501979831406,-1.0473906625004268,66,207
5,TAGGC,1.4060356652949246,1.5667891380548165,0.8974059690276134,-1.048978243028104,123,371
5,TTCAG,3.4865112025605853,3.7332657629122847,0.9339056026058337,-1.0493541922185938,305,884
6,GTTGTT,0.7658893461362597,0.8868617762574433,0.8636103230607867,-1.0506195635003683,67,210
6,TGGAGC,0.7658893461362597,0.8868617762574433,0.8636103230607867,-1.0506195635003683,67,210
6,AGTGAA,0.6401463191586648,0.751720934161071,0.8515941630078336,-1.0535767912095455,56,178
6,TAACGT,0.3886602652034751,0.4772160986528147,0.8144713038188295,-1.0536131834128215,34,113
6,TGGCGA,1.4974851394604483,1.663921618311584,0.8999793770588075,-1.0540212431660578,131,394
6,CGTTAA,0.40009144947416553,0.4898855525993497,0.8167413250271752,-1.0541658468161708,35,116
6,GAGAGA,0.411522633744856,0.5025550065458845,0.8188969141547411,-1.0548884206552622,36,119
6,ACGTAC,0.30864197530864196,0.3885299210270704,0.7944369658741129,-1.0559471625928027,27,92
6,CTAGCA,0.1600365797896662,0.21960386840660498,0.7288746481846288,-1.0563658417233865,14,52
6,CGAGAG,0.4343850022862369,0.5278939144389544,0.8228977463649748,-1.05679207946815,38,125
6,TAACTG,0.2972107910379515,0.3758604670805355,0.7908033345810899,-1.0574395496740994,26,89
6,TAAGCT,0.2972107910379515,0.3758604670805355,0.7908033345810899,-1.0574395496740994,26,89
6,GGATGC,1.5089163237311385,1.6765910722581192,0.8999966354558319,-1.057907150367681,132,397
6,TAATCT,0.4458161865569273,0.5405633683854892,0.8247575342278268,-1.05795046978957,39,128
6,CGTGTG,0.6630086877000457,0.7770598420541408,0.8532462073019083,-1.0591432366514268,58,184
6,GTGCGG,1.80612711476909,1.9891042696059802,0.9080148994084283,-1.0603789476773915,158,471
6,ATTGTG,0.4686785550983082,0.565902276278559,0.8282273318413264,-1.0606310604757587,41,134
6,ATTAAA,2.400548696844993,2.60990751298619,0.9197861250975239,-1.0607886583200061,210,618
6,CGTGTC,0.9144947416552356,1.0473415262468855,0.8731702140284083,-1.0611036923054036,80,248
6,GAGACC,0.9144947416552356,1.0473415262468855,0.8731702140284083,-1.0611036923054036,80,248
6,TAGCAG,0.2743484224965706,0.3505215591874657,0.7827482803184734,-1.061606884759649,24,83
6,AATTCG,0.6744398719707362,0.7897292960006757,0.8540324794057262,-1.0619684146091695,59,187
5,TTGTT,3.189300411522634,3.4291988681954475,0.9300444592631694,-1.0633659537688396,279,812
6,CCGTTA,0.49154092363968904,0.5912411841716289,0.8313997685251647,-1.063740620695772,43,140
6,TGACTT,0.5029721079103796,0.6039106381181638,0.8328861714716398,-1.0654378188319327,44,143
5,CACAA,2.8463648834019204,3.0744541576924704,0.925813870046857,-1.0664406929086478,249,728
6,TTTACA,0.823045267489712,0.9502090459901178,0.8661869219945023,-1.0668891247427115,72,225
5,GACTG,3.2007315957933242,3.4418683221419824,0.9299422005724342,-1.0669687355845228,280,815
6,GCTCTT,0.51440329218107,0.6165800920646987,0.8343114992709885,-1.0672213167046207,45,146
6,ATTCAT,0.9373571101966164,1.0726804341399552,0.8738573899776358,-1.0680727736927857,82,254
6,CTGCAA,1.131687242798354,1.2796148486000254,0.8844058065251799,-1.0685161342495593,99,303
6,TATGAC,0.5372656607224509,0.6419189999577685,0.836993392341657,-1.0710243043375907,47,152
6,ATCAAT,1.0516689529035208,1.1951518222897928,0.8799559501098304,-1.0726210211625335,92,283
6,ATGCGC,2.1147690900777323,2.314286920900376,0.9137923615879127,-1.0728293644092937,185,548
6,CCGATA,0.9602194787379973,1.098019342033025,0.874512853002016,-1.0750323456337614,84,260
6,CGGATG,1.6346593507087332,1.8117319143544912,0.9022687688394957,-1.0751124909564642,143,429
6,AATTAA,2.3891175125743027,2.601461210355167,0.9183783579891727,-1.0778158577726957,209,616
6,GATTTG,0.7430269775948789,0.8657460196798852,0.858266898160048,-1.079398383782934,65,205
6,TTGTTC,0.594421582075903,0.705266269690443,0.8428551344492482,-1.081683983905391,52,167
6,TAATTA,1.6575217192501144,1.8370708222475611,0.9022686944386643,-1.0827406218854672,145,435
6,TGAAAA,2.7777777777777777,3.006883736644284,0.9238087136706025,-1.0830835995623571,243,712
5,GTACA,1.3488797439414724,1.5118881709531653,0.8921893503247902,-1.083312624734593,118,358
5,TCACT,1.80612711476909,1.9933274209214917,0.9060912355334887,-1.0840084265850574,158,472
6,CGGGCC,3.4865112025605853,3.7417120655433083,0.9317975198880899,-1.084396238771483,305,886
6,TGTGCT,0.6172839506172839,0.7306051775835128,0.8449152538634129,-1.086325203043437,54,173
6,GCAATT,0.7773205304069501,0.9037543815194898,0.8601170125435595,-1.0883574365203894,68,214
5,ATTGG,2.549154092363969,2.7703872629756323,0.9201464761927659,-1.088828153100587,223,656
6,AAATCC,0.903063557384545,1.0388952236158622,0.8692663227472768,-1.0898902167066915,79,246
6,GGATTG,0.7887517146776405,0.9164238354660247,0.8606996175680834,-1.0913720199365813,69,217
5,GGTCA,3.7379972565157753,4.00354744710503,0.9336729334693868,-1.0920386507319768,327,948
6,TGTTTA,0.6630086877000457,0.7812829933696525,0.8486346558944697,-1.0961164925479874,58,185
5,AGAAT,2.57201646090535,2.7957261708687025,0.919984399497254,-1.0961793892806113,225,662
5,ATGCT,3.246456332876086,3.4967692892436335,0.9284179831549582,-1.0993707544594393,284,828
6,TACGAA,0.3886602652034751,0.4814392499683263,0.8073283023742013,-1.1001405536236109,34,114
6,GTGTGC,0.6858710562414266,0.8066219012627222,0.8503191188533618,-1.1012267263538966,60,191
6,ATTACG,0.4458161865569273,0.5447865197010009,0.8183652383281895,-1.1018294921493768,39,129
6,TGTGTT,0.4458161865569273,0.5447865197010009,0.8183652383281895,-1.1018294921493768,39,129
6,GTATAG,0.18289894833104708,0.24916592761518647,0.734151474619341,-1.1025681104217515,16,59
6,CTATGA,0.4572473708276178,0.5574559736475357,0.8202716721617159,-1.1026348433133053,40,132
6,AGCCAT,0.9487882944673068,1.0895730394020018,0.8708009284950688,-1.1030877736249458,83,258
6,TCGCTG,1.646090534979424,1.8286245196165378,0.9001850838225819,-1.1035463055591566,144,433
6,CTCAAT,0.4686785550983082,0.5701254275940707,0.8220933904617456,-1.103570767448639,41,135
6,TACAGA,0.3200731595793324,0.40542252628911696,0.7895323658322873,-1.1052422631078005,28,96
6,AGGTTG,0.49154092363968904,0.5954643354871405,0.8255043063274642,-1.105799056239772,43,141
6,AACGTG,0.7087334247828074,0.831960809155792,0.8519009872631655,-1.1064575838721995,62,197
6,CCGTGT,0.7087334247828074,0.831960809155792,0.8519009872631655,-1.1064575838721995,62,197
6,GCTGCT,2.217649748513946,2.42831200641919,0.9132510227472168,-1.1065506029164864,194,575
6,CGTTTT,1.8747142203932328,2.069344144600701,0.905950627024523,-1.1065755743187737,164,490
6,TCTACA,0.30864197530864196,0.39275307234258205,0.7858968073422825,-1.107143233788802,27,93
6,ACTTGC,0.51440329218107,0.6208032433802103,0.8286368249263818,-1.1084508196626988,45,147
5,GTGTG,2.1604938271604937,2.369187888002027,0.911916968006146,-1.1096777739692472,189,561
6,AAGCAC,0.8573388203017833,0.9924405591452341,0.8638829037275826,-1.1096909843809932,75,235
6,CTTTGA,0.5372656607224509,0.6461421512732801,0.8315236938099569,-1.1114722598307283,47,153
6,CAAATT,0.7430269775948789,0.8699691709953968,0.8541010328462845,-1.1144992855093656,65,206
6,GAAAGA,0.8916323731138546,1.0304489209848389,0.8652984394585315,-1.1189647843724324,78,244
5,ATGAT,4.4467306812985825,4.742598927319565,0.9376160598521907,-1.1215723337570145,389,1123
6,AAATTC,1.0173754000914494,1.1655897630812113,0.8728526511222042,-1.1228920482928924,89,276
5,GAGAC,2.7206218564243256,2.956205920858144,0.9203113376150753,-1.1234519652636945,238,700
6,GGGGCG,3.0292638317329676,3.2771654208370284,0.924357182812265,-1.1240235551991,265,776
6,AATACA,0.6172839506172839,0.7348283288990245,0.8400600797933174,-1.1243530424819355,54,174
6,TGCAAC,1.02880658436214,1.178259217027746,0.87316886862176,-1.1261898946264635,90,279
6,TTGGAT,0.6287151348879744,0.7474977828455593,0.8411142318995837,-1.1264301003052481,55,177
6,TTCATC,1.314586191129401,1.4823261117445838,0.8868477023669131,-1.1264780844367737,115,351
5,TACAA,2.4119798811156836,2.63524642087926,0.9152800034201631,-1.126629957898597,211,624
5,CTCAT,2.606310013717421,2.8379576840238183,0.9183780965375004,-1.1270801742833867,228,672
5,TAGAT,1.4860539551897578,1.663921618311584,0.8931097642215119,-1.1274701314108342,130,394
5,TTTAC,2.857796067672611,3.0997930655855397,0.9219337593933363,-1.1275606025886085,250,734
6,GGACTA,0.24005486968449932,0.31673634866337264,0.7579776458655486,-1.128066616438019,21,75
5,GATTA,2.2862368541380884,2.5043287300983996,0.9129175155438574,-1.128535671509177,200,593
6,CCACAG,0.6515775034293553,0.7728366907386292,0.8431188624343905,-1.1307282276514037,57,183
6,GGCTGG,2.297668038408779,2.5169981840449345,0.9128638894476118,-1.132163167835847,201,596
6,AACGTT,0.6630086877000457,0.7855061446851641,0.8440726847494175,-1.1329437525084247,58,186
6,ATTTAG,0.6630086877000457,0.7855061446851641,0.8440726847494175,-1.1329437525084247,58,186
6,ACGAGT,0.2286236854138089,0.3040668947168377,0.7519677170217285,-1.1336506989588035,20,72
6,TTGAAG,0.823045267489712,0.9586553486211411,0.8585561151481864,-1.1339763257312085,72,227
6,GATGAC,1.5089163237311385,1.6892605262046538,0.8932470602478916,-1.1346829208434772,132,400
6,GTGCGC,2.240512117055327,2.4578740656277716,0.9115686566379902,-1.1352804933689211,196,582
5,CACTC,1.9661636945587562,2.1706997761729805,0.9057784675218589,-1.1360227353843848,172,514
6,ATCGGG,1.3488797439414724,1.5203344735841884,0.8872330688224017,-1.1370939230368913,118,360
5,TCATT,3.4293552812071333,3.69525740107268,0.9280442752875915,-1.1372433612960988,300,875
6,ATACTC,0.21719250114311844,0.29139744077030283,0.7454353649517728,-1.1400335662764856,19,69
5,TAATG,2.3891175125743027,2.614130664301702,0.9139275830552989,-1.1401067493822845,209,619
6,AACAAA,1.3603109282121628,1.5330039275307235,0.8873572781222298,-1.1406153680280442,119,363
6,AGCGGC,2.526291723822588,2.7577178090290975,0.9160836207349085,-1.1421567627855769,221,653
6,TCATGT,0.7087334247828074,0.8361839604713037,0.8475989715064378,-1.1421921299176754,62,198
6,CTGACA,0.8573388203017833,0.9966637104607459,0.8602227501896504,-1.142555333421191,75,236
6,CATCAA,1.2802926383173296,1.4485409012204906,0.8838578541021376,-1.1432716656242692,112,343
6,GTGCCC,1.188843164151806,1.3514084209637232,0.8797156907864501,-1.14377055540824,104,320
6,ATAAGC,0.4229538180155464,0.5236707631234427,0.8077079665400124,-1.1452663313854432,37,124
6,GAGTCC,0.411522633744856,0.5110013091769079,0.8053640762684503,-1.145434175710277,36,121
6,TTTAGG,0.4572473708276178,0.5616791249630475,0.8141053138236509,-1.1457956846207138,40,133
6,TTCTCA,0.4572473708276178,0.5616791249630475,0.8141053138236509,-1.1457956846207138,40,133
6,ACTTGA,0.40009144947416553,0.49833185523037293,0.8029010290467868,-1.1457964873998427,35,118
6,TACTTA,0.40009144947416553,0.49833185523037293,0.8029010290467868,-1.1457964873998427,35,118
6,ACTAAT,0.40009144947416553,0.49833185523037293,0.8029010290467868,-1.1457964873998427,35,118
6,CAGTGA,0.4686785550983082,0.5743485789095824,0.8160496383995642,-1.1462774907977784,41,136
6,CCTACG,0.4686785550983082,0.5743485789095824,0.8160496383995642,-1.1462774907977784,41,136
6,ATCTTG,0.3886602652034751,0.485662401283838,0.8003095014682226,-1.1463686659504313,34,115
6,CTGTAT,0.3886602652034751,0.485662401283838,0.8003095014682226,-1.1463686659504313,34,115
5,GTAAA,2.606310013717421,2.84218083533933,0.9170135411359698,-1.1470090392801326,228,673
6,CCAGTG,0.3772290809327846,0.47299294733730307,0.797579171400665,-1.1471676888099507,33,112
6,TATGCG,0.3772290809327846,0.47299294733730307,0.797579171400665,-1.1471676888099507,33,112
6,GGACTC,0.3772290809327846,0.47299294733730307,0.797579171400665,-1.1471676888099507,33,112
6,AGTCCT,0.3772290809327846,0.47299294733730307,0.797579171400665,-1.1471676888099507,33,112
5,GACGG,5.92135345221765,6.267156552219266,0.9448238480233961,-1.1483413515169822,518,1484
5,TGTGT,1.5546410608139003,1.7399383419907937,0.8935096562499346,-1.1489890099387707,136,412
5,CTGCA,4.869684499314129,5.186029815448288,0.9390016587722431,-1.149206805815493,426,1228
6,CCTTAA,0.3543667123914037,0.4476540394442333,0.7916549738588159,-1.1495233439234387,31,106
6,CTAGTC,0.1371742112482853,0.19848811182904685,0.6912509010934995,-1.1499116092296684,12,47
6,ACCTAG,0.1371742112482853,0.19848811182904685,0.6912509010934995,-1.1499116092296684,12,47
6,CTGTAA,0.3429355281207133,0.4349845854976984,0.7884341104116821,-1.151123861028195,30,103
5,AAGTT,2.5605852766346593,2.7957261708687025,0.9158957389110562,-1.1528240472880318,224,662
6,CGCGGC,5.989940557841793,6.338950124582963,0.9449429236428176,-1.1528244857615308,524,1501
6,CCCTTA,0.33150434385002286,0.42231513155116346,0.7850200409069827,-1.1530396034949406,29,100
6,TGGTGC,1.2231367169638776,1.3894167828033277,0.8803324523335494,-1.153911461161001,107,329
6,AGCGCG,2.629172382258802,2.8675197432323998,0.9168832054751684,-1.1540869553510151,230,679
6,GTATCC,0.5601280292638318,0.6757042104818616,0.8289797852315514,-1.1543442947342848,49,160
6,TGCGCT,1.7375400091449476,1.9342033025043288,0.8983286162491877,-1.156959690218009,152,458
5,TTATT,6.424325560128029,6.786604164027198,0.9466193611592177,-1.1589968400869908,562,1607
6,ATAATG,0.7887517146776405,0.9248701380970481,0.8528401968744141,-1.1595619029427944,69,219
6,GGGAAT,0.6058527663465935,0.7263820262680012,0.8340918900078278,-1.1605109957902102,53,172
6,GCCAGC,3.0292638317329676,3.2856117234680515,0.9219810155881508,-1.1612424409810194,265,778
5,CGTCA,5.658436213991769,6.001098019342033,0.9429011000393831,-1.1615266457356992,495,1421
6,TGTTAT,0.6287151348879744,0.751720934161071,0.8363894995683325,-1.1639909633281194,55,178
6,GAGGCT,0.6401463191586648,0.7643903881076058,0.8374811889309809,-1.165817194318907,56,181
5,TGCCG,11.488340192043896,11.95996452552895,0.9605667400473998,-1.16703176981952,1005,2832
6,CTCTCA,0.2743484224965706,0.35896786181848894,0.7643358030056893,-1.1684875996130404,24,85
6,CACTAC,0.2743484224965706,0.35896786181848894,0.7643358030056893,-1.1684875996130404,24,85
6,GGCACG,2.1490626428898034,2.369187888002027,0.907092233819736,-1.1712228001987837,188,561
6,AACCGT,0.6744398719707362,0.8023987499472106,0.8405494363886652,-1.1716035468405868,59,190
6,CCGCTT,2.0804755372656607,2.2973943156383294,0.9055846289167422,-1.1718764054031874,182,544
6,ATGCGT,0.8459076360310928,0.9882174078297226,0.8560080287251721,-1.1726483802507466,74,234
6,CATAGC,0.2629172382258802,0.34629840787195404,0.7592911290836658,-1.173042297624314,23,82
5,ACGAC,4.183813443072702,4.484986697073356,0.9328500708364952,-1.1731887971557857,366,1062
6,TCTTAG,0.17146776406035666,0.24071962498416316,0.7124326519138102,-1.1759367137114327,15,57
6,CTACTA,0.17146776406035666,0.24071962498416316,0.7124326519138102,-1.1759367137114327,15,57
6,GTAGTG,0.2514860539551898,0.33362895392541914,0.7538634301757754,-1.1782102907573344,22,79
5,CTACC,2.034750800182899,2.2509396511677013,0.9039604429568102,-1.179909614748766,178,533
6,AATTCT,0.720164609053498,0.8530765657333503,0.8442151812203054,-1.1799376051925008,63,202
6,AATCAG,0.720164609053498,0.8530765657333503,0.8442151812203054,-1.1799376051925008,63,202
6,TATAGC,0.24005486968449932,0.32095949997888423,0.7480073621876757,-1.18406109041154,21,76
6,CAGAAA,1.131687242798354,1.296507453862072,0.8728834925537525,-1.1847301901096055,99,307
5,TTACA,2.343392775491541,2.576122302462097,0.9096624826405172,-1.1883274998281539,205,610
6,TACTGC,0.4572473708276178,0.565902276278559,0.8080309744240912,-1.188718734968605,40,134
6,TTGGGA,0.4458161865569273,0.5532328223320241,0.8058733705288097,-1.1888431242043451,39,131
6,GTGGGA,0.4458161865569273,0.5532328223320241,0.8058733705288097,-1.1888431242043451,39,131
6,CATACC,0.4343850022862369,0.5405633683854892,0.8036146476571575,-1.1891387544221328,38,128
6,CCCTAC,0.4343850022862369,0.5405633683854892,0.8036146476571575,-1.1891387544221328,38,128
6,TAATGC,0.4229538180155464,0.5278939144389544,0.8012475266217468,-1.189618114527943,37,125
6,CTCAGT,0.411522633744856,0.5152244604924194,0.7987640123884845,-1.1902948688810278,36,122
6,CTTACT,0.411522633744856,0.5152244604924194,0.7987640123884845,-1.1902948688810278,36,122
6,ATATAG,0.411522633744856,0.5152244604924194,0.7987640123884845,-1.1902948688810278,36,122
6,GCGGGA,1.440329218106996,1.6259132564719794,0.8858656055685228,-1.1910099626787982,126,385
6,TACAAA,0.7773205304069501,0.9164238354660247,0.8482272913411525,-1.1911542981525567,68,217
6,CTTCTT,0.9259259259259258,1.0769035854554667,0.859816938802769,-1.1916284856177553,81,255
6,CTATAA,0.3886602652034751,0.4898855525993497,0.7934116896735438,-1.1923019646049138,34,116
6,AATGTT,0.7887517146776405,0.9290932894125596,0.8489640677198135,-1.1934863394225526,69,220
6,GCTTAA,0.3772290809327846,0.4772160986528147,0.7905224273762498,-1.1936668938186574,33,113
6,CGACGG,2.0804755372656607,2.301617466953841,0.903923077934997,-1.1938883383508898,182,545
6,CTGTCT,0.5715592135345221,0.6925968157439081,0.8252661200998881,-1.1947782014152684,50,164
6,TTACGT,0.36579789666209417,0.4645466447062798,0.7874756028710627,-1.1952987970424402,32,110
6,CTACCA,0.36579789666209417,0.4645466447062798,0.7874756028710627,-1.1952987970424402,32,110
6,GATGGT,0.8001828989483311,0.9417627433590946,0.8496810226235004,-1.1958444095838652,70,223
6,TTCGTG,0.594421582075903,0.7179357236369779,0.8279832917846289,-1.19720355307403,52,170
6,GCTAGA,0.21719250114311844,0.2956205920858144,0.7347898893698376,-1.1981453699114686,19,70
6,CGTATA,0.21719250114311844,0.2956205920858144,0.7347898893698376,-1.1981453699114686,19,70
6,TCAATC,0.8116140832190215,0.9544321973056294,0.8503789453202913,-1.1982271566016713,71,226
6,TTAAGT,0.6058527663465935,0.7306051775835128,0.8292712094233639,-1.1985316338085399,53,173
6,ATGGTA,0.3429355281207133,0.43920773681320996,0.7808547388878998,-1.199454537856955,30,104
5,ATAGG,1.29172382258802,1.469656657798049,0.878937214357237,-1.2012985155005234,113,348
6,TGGATC,0.6287151348879744,0.7559440854765827,0.831717550560021,-1.2013975536210715,55,179
5,GAGAG,1.80612711476909,2.0144431774990497,0.8965938953025703,-1.2016179929224668,158,477
6,ATGTGT,0.33150434385002286,0.42653828286667517,0.7772493870496134,-1.2020302975195294,29,101
6,CTCTAA,0.14860539551897575,0.21538071709109335,0.6901099900095066,-1.2025165612578015,13,51
5,GCGTG,6.024234110653864,6.389627940369104,0.9428154323430971,-1.2027951393108671,527,1513
6,TCGACT,0.6515775034293553,0.7812829933696525,0.8340052304172216,-1.2045182111906683,57,185
6,ATTACT,0.6515775034293553,0.7812829933696525,0.8340052304172216,-1.2045182111906683,57,185
6,GCCGTC,2.9263831732967533,3.188479243211284,0.9178016132192568,-1.2053104964261212,256,755
6,GTTGAT,0.8459076360310928,0.9924405591452341,0.8523658083652179,-1.2055110021945226,74,235
6,GGCTCA,0.9830818472793781,1.1402508551881414,0.86217486732815,-1.2055219257715504,86,270
6,CCTAAT,0.205761316872428,0.2829511381392795,0.7272937258818966,-1.2065812933598492,18,67
5,TCTTC,3.6694101508916326,3.9613159339499133,0.9263127659591094,-1.2077159949557346,321,938
6,GCTCTG,0.6744398719707362,0.8066219012627222,0.836149199513379,-1.207866919350674,59,191
5,ACAGG,3.372199359853681,3.653025887917564,0.9231270597619712,-1.208524560804312,295,865
5,ACAAA,3.9666209419295844,4.269605979982263,0.929038430404068,-1.208918746024282,347,1011
5,CGGGG,7.133058984910837,7.529878795557245,0.9473013375707598,-1.2098719503624344,624,1783
6,GAGCAA,0.8687700045724738,1.017779467038304,0.8536079493779367,-1.210468565772775,76,241
6,GGTGGT,1.3260173754000915,1.5076650196376538,0.8795252298125235,-1.2109495101532204,116,357
5,AACTG,2.9492455418381343,3.213818151104354,0.9176791079214919,-1.2120683168532316,258,761
6,AATGCG,0.720164609053498,0.8572997170488619,0.8400569707821017,-1.2151573392200559,63,203
6,CGACAC,1.6117969821673523,1.8117319143544912,0.8896503971460452,-1.2160131343468634,141,429
6,CTGAGA,0.28577960676726105,0.3758604670805355,0.7603980519207676,-1.2164126026061117,25,89
6,AAACTG,0.7315957933241883,0.8699691709953968,0.840962785162353,-1.2170890326329926,64,206
6,CTTGCT,0.7430269775948789,0.8826386249419317,0.8418425982478825,-1.2190599727115459,65,209
5,TACTT,2.5148605395518975,2.7619409603446092,0.91054425899539,-1.2194155784490797,220,654
5,GTATC,2.3090992226794693,2.546560243253516,0.9067559085656927,-1.2198015317527475,202,603
6,TTGAAC,0.7544581618655692,0.8953080788884666,0.8426975137439632,-1.2210681824197607,66,212
5,CACAG,2.857796067672611,3.120908822163098,0.9156962477574383,-1.22294169559645,250,739
6,ACTGCC,0.9259259259259258,1.0811267367709785,0.8564585895197607,-1.2231610093480842,81,256
6,TACAGT,0.2629172382258802,0.3505215591874657,0.7501456522964511,-1.2266471444046978,23,83
6,CATACA,0.2629172382258802,0.3505215591874657,0.7501456522964511,-1.2266471444046978,23,83
6,ATGACA,1.188843164151806,1.364077874910258,0.8715455557656074,-1.2286287146242922,104,323
6,TGATGC,1.3946044810242342,1.5836817433168628,0.880616591843867,-1.2301302646307586,122,375
6,CTGGCG,3.0749885688157295,3.348958993200726,0.9181948048866225,-1.2302920846068655,269,793
6,CGGAGT,0.49154092363968904,0.6081337894336754,0.8083091274778641,-1.2306742367577013,43,144
6,TGGGGT,0.5029721079103796,0.6208032433802103,0.8102262522766742,-1.2307284989169245,44,147
6,TACTGG,0.4686785550983082,0.5827948815406057,0.8042248610235088,-1.2310036094925998,41,138
6,GATAAG,0.4572473708276178,0.5701254275940707,0.8020466094563429,-1.231407022887796,40,135
5,GACGT,3.017832647462277,3.2898348747835633,0.9173229143816469,-1.2321557562613497,264,779
6,TAACCT,0.2514860539551898,0.3378521052409308,0.7444429256501615,-1.232716368863546,22,80
6,CTATAC,0.2514860539551898,0.3378521052409308,0.7444429256501615,-1.232716368863546,22,80
6,GGGATA,0.5601280292638318,0.6841505131128849,0.818746962592935,-1.232857384061288,49,162
6,GTTTGT,0.5715592135345221,0.6968199670594197,0.8202652249247182,-1.233605782607013,50,165
5,TAGCT,1.0973936899862824,1.2669453946534905,0.8661834016502805,-1.2338397868712159,96,300
6,CAACGA,1.211705532693187,1.3894167828033277,0.8721057188301021,-1.2346363225864343,106,329
6,TGCACT,0.411522633744856,0.5194476118079311,0.7922712459643192,-1.2348859074744925,36,123
5,ACTAT,1.8404206675811614,2.056674690654166,0.8948576992630028,-1.2350826782552342,161,487
6,CGTACG,0.40009144947416553,0.5067781578613961,0.7895219852491578,-1.2362917701980711,35,120
6,TAATTG,0.6058527663465935,0.7348283288990245,0.8245059314210331,-1.2363915210622045,53,174
6,TGTCAG,0.6058527663465935,0.7348283288990245,0.8245059314210331,-1.2363915210622045,53,174
6,GATCAG,1.108824874256973,1.2796148486000254,0.8665406011894821,-1.2366981167944398,97,303
6,TCACTA,0.24005486968449932,0.3251826512943959,0.738295967303673,-1.2395144507026667,21,77
6,TTTCTA,0.6401463191586648,0.7728366907386292,0.8283295732110174,-1.2398893087132326,56,183
6,ATAAAC,0.6515775034293553,0.7855061446851641,0.8295219020855783,-1.2411942870763237,57,186
5,ACGAA,3.3036122542295385,3.5896786181848896,0.9203108619271915,-1.2419539244061504,289,850
6,ATATCG,0.8687700045724738,1.0220026183538158,0.850080988904875,-1.2428356760127095,76,242
6,CTCATG,0.6744398719707362,0.8108450525782339,0.8317947927867304,-1.2439915469876444,59,192
6,GTAACT,0.2286236854138089,0.3125131973478609,0.7316507663599888,-1.247125592313028,20,74
6,CTAGCC,0.3429355281207133,0.44343088812872167,0.7734197037955954,-1.2474441362011908,30,105
5,CCTAC,1.80612711476909,2.022889480130073,0.8928504732772778,-1.2484132031405784,158,479
6,ACAGGA,0.903063557384545,1.0600109801934203,0.8519518939609136,-1.2498400851103413,79,251
5,CTTCA,3.3950617283950617,3.686811098441657,0.9208688893610945,-1.2503534635267515,297,873
6,AATTTC,0.9144947416552356,1.0726804341399552,0.852546068654266,-1.2522131503853247,80,254
6,CCAGTA,0.3200731595793324,0.41809198023565186,0.7656128637352497,-1.2542837707431647,28,99
6,GGCGGA,1.9890260631001373,2.2171544406436086,0.8971122243068993,-1.2554771914677223,174,525
6,CGTAGG,0.21719250114311844,0.2998437434013261,0.7244441863632411,-1.2556474503775035,19,71
6,CGATGC,2.9721079103795156,3.247603361628447,0.9151722246237434,-1.2561607066367282,260,769
6,GGCCGT,2.217649748513946,2.4578740656277716,0.902267350793845,-1.2562666785656096,194,582
6,TTTCTC,0.7658893461362597,0.9122006841505131,0.8396237769453272,-1.257257561314637,67,216
6,ACCAAC,0.7658893461362597,0.9122006841505131,0.8396237769453272,-1.257257561314637,67,216
6,AACAGC,1.0745313214449017,1.2458296380759322,0.8625136513362315,-1.2575783371273586,94,295
6,ATGACG,1.5889346136259717,1.7948393090924448,0.8852859846439141,-1.2588466206182571,139,425
6,CGGGGA,0.9602194787379973,1.123358249926095,0.8547887549903795,-1.2618732797159422,84,266
6,ACCCTA,0.2972107910379515,0.39275307234258205,0.7567989458885682,-1.2628638769465237,26,93
6,CAATGC,0.9716506630086876,1.1360277038726296,0.8553181651115074,-1.2643263421828452,85,269
6,GCTGGC,3.692272519433013,3.999324295789518,0.9232260061329927,-1.2650898994213446,323,947
6,TGCATC,1.108824874256973,1.283837999915537,0.8636903606949268,-1.2657167777517717,97,304
5,CGTAT,2.194787379972565,2.436758309050213,0.9007037347313154,-1.2710063972615797,192,577
6,CCACTC,0.5258344764517604,0.6503653025887918,0.8085511623119478,-1.2712804944837526,46,154
6,CCAATT,0.5029721079103796,0.6250263946957219,0.8047526263152721,-1.2715341755875909,44,148
6,CGCTTA,0.48010973936899864,0.5996874868026522,0.8006331407960865,-1.2723693141783101,42,142
6,TTAAAT,2.7663465935070874,3.0364457958528654,0.9110505091954604,-1.273005530319912,242,719
6,GTCAGA,0.594421582075903,0.7263820262680012,0.818356904340786,-1.2733888573522287,52,172
6,TATAAA,1.3603109282121628,1.5541196841082816,0.8753015690910422,-1.2735937200509753,119,368
6,ACAGGT,0.4572473708276178,0.5743485789095824,0.7961502345357945,-1.2738635198199364,40,136
6,TATACT,0.4572473708276178,0.5743485789095824,0.7961502345357945,-1.2738635198199364,40,136
6,CGATGT,1.1431184270690442,1.3218463617551417,0.8647994049858413,-1.2739045607357968,100,313
6,ACAGCG,1.1431184270690442,1.3218463617551417,0.8647994049858413,-1.2739045607357968,100,313
6,CGACTT,0.6058527663465935,0.739051480214536,0.8197951063707779,-1.2740922312178853,53,175
6,CCAATG,0.6172839506172839,0.751720934161071,0.8211848361288313,-1.274882042636709,54,178
6,ACTCGA,0.4458161865569273,0.5616791249630475,0.7937571311256156,-1.274885681869404,39,133
6,TAAGTG,0.19433013260173754,0.2745048355082563,0.7080360848048205,-1.2758990294889974,17,65
6,TTGGTC,0.4343850022862369,0.5490096710165125,0.7912535969033612,-1.2761080671620728,38,130
6,GAGCCC,1.02880658436214,1.1993749736053043,0.8577974588911339,-1.2767852506354955,90,284
6,GGGATG,1.02880658436214,1.1993749736053043,0.8577974588911339,-1.2767852506354955,90,284
5,ACAGA,2.217649748513946,2.462097216943283,0.9007197852604153,-1.2775491845355258,194,583
6,ATCACA,0.6515775034293553,0.7897292960006757,0.8250865177186311,-1.2777262005572232,57,187
6,AGATAA,0.6515775034293553,0.7897292960006757,0.8250865177186311,-1.2777262005572232,57,187
5,TGTAA,1.8289894833104712,2.0524515393386547,0.8911296248862115,-1.2781834909068956,160,486
6,TTCCAC,0.6630086877000457,0.8023987499472106,0.8263049478191286,-1.2788192099604416,58,190
6,CTCGCT,0.8916323731138546,1.0515646775623972,0.8479246209740143,-1.2793791070866158,78,249
6,GTTAAG,0.2629172382258802,0.3547447105029773,0.7412178635918355,-1.27977763571727,23,84
6,TAGGCG,0.40009144947416553,0.5110013091769079,0.7829982868144972,-1.2811237924954708,35,121
6,GCGATG,2.377686328303612,2.6310232695637485,0.9037152898951251,-1.2813607297833067,208,623
5,TGTAT,1.8404206675811614,2.0651209932851895,0.8911979267910731,-1.2813861582207278,161,489
6,CCCCCA,1.0516689529035208,1.2247138814983742,0.8587173682395245,-1.2818479356522332,92,290
6,TTGAGA,0.3886602652034751,0.49833185523037293,0.7799667319092032,-1.2833014123513866,34,118
6,GCACGG,1.8518518518518516,2.0777904472317243,0.8912653957859616,-1.2845821728664382,162,492
6,CTCGGA,0.3772290809327846,0.485662401283838,0.7767770414826852,-1.2857641564477131,33,115
5,AATCG,3.6465477823502512,3.957092782634402,0.9215239142133952,-1.286304550522221,319,937
6,AGTTAG,0.18289894833104708,0.26183538156172137,0.6986415780867923,-1.2879209839782055,16,62
6,ACTGAC,0.7430269775948789,0.8910849275729549,0.8338639429402205,-1.2881587853592893,65,211
6,TCCCCA,0.7430269775948789,0.8910849275729549,0.8338639429402205,-1.2881587853592893,65,211
6,GCGCTG,4.195244627343393,4.527218210228472,0.9266732384449896,-1.2884447694457677,367,1072
6,AAATCA,1.3260173754000915,1.5203344735841884,0.8721963349554784,-1.2913821053528955,116,360
6,TTTCAA,1.4288980338363055,1.630136407787491,0.8765587782300234,-1.2914737191879453,125,386
6,ACAGTC,0.3543667123914037,0.46032349339076817,0.7698710371639587,-1.2916366003195192,31,109
6,CTATTT,1.0973936899862824,1.2753916972845136,0.8604475374656033,-1.2920858378259992,96,302
5,TCAAA,3.4979423868312756,3.805059335275983,0.9192893328808707,-1.296651155021695,306,901
6,ACACCG,1.3488797439414724,1.5456733814772583,0.8726892053557586,-1.2971493234270455,118,366
6,GGATGG,1.2459990855052583,1.4358714472739558,0.8677742777343167,-1.2986806946188088,109,340
5,ATGCG,5.42981252857796,5.806833058828498,0.9350740698349641,-1.299185457996472,475,1375
6,TGGACG,1.0059442158207592,1.178259217027746,0.8537670018471715,-1.3019603188608193,88,279
6,TAAAAT,2.6634659350708736,2.9350901642805862,0.9074594101209494,-1.3020737613169462,233,695
6,TGTTGA,0.8459076360310928,1.005110013091769,0.8416227703790868,-1.303490107255778,74,238
6,GATGCG,2.2519433013260173,2.5043287300983996,0.8992243517496838,-1.3084060287304542,197,593
5,GATGT,3.3607681755829906,3.6656953418640987,0.9168182787514675,-1.311152746536246,294,868
6,ACGTGG,0.6172839506172839,0.7559440854765827,0.816597818139279,-1.3121262973280217,54,179
6,GTCATG,1.3031550068587106,1.4992187170066305,0.869231466316009,-1.3125336631558036,114,355
6,TTGGCA,0.6287151348879744,0.7686135394231176,0.8180097040568192,-1.312706247023167,55,182
6,TAACAC,0.2972107910379515,0.3969762236580937,0.7487499208563891,-1.3131991804462255,26,94
6,AGGCTA,0.2972107910379515,0.3969762236580937,0.7487499208563891,-1.3131991804462255,26,94
6,TATACA,0.2972107910379515,0.3969762236580937,0.7487499208563891,-1.3131991804462255,26,94
6,ATAAAA,2.8463648834019204,3.129355124794121,0.9095720404647701,-1.3146882047457724,249,741
6,TGATGA,1.3260173754000915,1.5245576248997001,0.8697804370914619,-1.3180849288091723,116,361
5,CTGAG,2.137631458619113,2.3860804932640733,0.8958800328196862,-1.319348517109696,187,565
6,CCGATG,2.5148605395518975,2.783056716922167,0.9036359771839001,-1.3199627689976823,220,659
5,TAGCG,2.06904435299497,2.314286920900376,0.8940356231316767,-1.3222257538899775,181,548
6,GTTAGA,0.205761316872428,0.29139744077030283,0.7062199802798431,-1.3231735763017871,18,69
6,ACGTTA,0.411522633744856,0.5278939144389544,0.779597306878519,-1.3232739493476429,36,125
6,TAGTTT,0.411522633744856,0.5278939144389544,0.779597306878519,-1.3232739493476429,36,125
6,AATCAT,1.108824874256973,1.2922843025465602,0.8580457624499986,-1.3235464145999156,97,306
6,CGACAT,1.3488797439414724,1.5498965327927698,0.8703114590268746,-1.323639932569536,118,367
6,TTATGG,0.7773205304069501,0.9333164407280712,0.8328764059486212,-1.3266132172572769,68,221
6,ATTGGC,0.7887517146776405,0.9459858946746061,0.8338055974811418,-1.3280676774820628,69,224
6,TATGTA,0.3772290809327846,0.4898855525993497,0.7700820543199123,-1.3313711878271406,33,116
6,CCGTGG,1.2688614540466392,1.4654335064825375,0.8658699705149046,-1.3314165746470084,111,347
6,CACCAA,0.8344764517604023,0.9966637104607459,0.8372861521760521,-1.3342975805289505,73,236
6,GCCCTA,0.36579789666209417,0.4772160986528147,0.7665735509336701,-1.3346929908734806,32,113
6,ACTTCT,0.3543667123914037,0.4645466447062798,0.762873715822214,-1.3383671716596828,31,110
6,GTACAA,0.3543667123914037,0.4645466447062798,0.762873715822214,-1.3383671716596828,31,110
6,TTTTCT,1.7946959304983996,2.0271126314455845,0.8853515919632706,-1.338572208370395,157,480
6,AAAATT,2.8006401463191586,3.087123611639005,0.9072035260938703,-1.3401298318476567,245,731
6,AGCGAC,0.8802011888431641,1.0473415262468855,0.8404299111544621,-1.3411056759264854,77,248
5,CGTGG,4.458161865569274,4.814392499683263,0.9260086843758868,-1.3428170404658122,390,1140
6,TAGACG,0.24005486968449932,0.33362895392541914,0.7196105308206746,-1.348845898564216,21,79
6,CCTAGC,0.24005486968449932,0.33362895392541914,0.7196105308206746,-1.348845898564216,21,79
6,GTGAAT,0.6058527663465935,0.7474977828455593,0.8105331238947411,-1.3490223012997966,53,177
6,TATGAT,0.6287151348879744,0.7728366907386292,0.8135402839876443,-1.3495102036885605,55,183
6,ATAACA,0.5486968449931412,0.6841505131128849,0.8020408234646117,-1.3496713409841332,48,162
6,ATCAGC,1.0973936899862824,1.283837999915537,0.8547871392999353,-1.3500518860282122,96,304
6,CCAAAC,0.6744398719707362,0.8235145065247689,0.8189995035625937,-1.351545177700224,59,195
6,GAACCA,0.6744398719707362,0.8235145065247689,0.8189995035625937,-1.351545177700224,59,195
6,TCCGTG,0.6744398719707362,0.8235145065247689,0.8189995035625937,-1.351545177700224,59,195
6,GAGAAC,0.6973022405121171,0.8488534144178386,0.8214846994759469,-1.353026594337897,61,201
6,ACCCAG,0.720164609053498,0.8741923223109084,0.8238258425393832,-1.3547796814830506,63,207
5,ATACT,1.9433013260173753,2.187592381435027,0.888333909515465,-1.3548966805096083,170,518
6,AGACCC,0.7315957933241883,0.8868617762574433,0.8249462523758313,-1.3557503869797343,64,210
6,ATCCAT,0.9716506630086876,1.1486971578191647,0.8458853300555028,-1.3561046235456802,85,272
5,ACATA,1.5889346136259717,1.8117319143544912,0.8770320254525948,-1.3574040443007427,139,429
6,GTAGAC,0.2286236854138089,0.32095949997888423,0.7124027958333324,-1.3583586453929843,20,76
6,CAGCGT,1.1431184270690442,1.3345158157016765,0.8565898992197956,-1.3593433715103387,100,316
5,ATGTG,2.2062185642432555,2.4663203682587946,0.8945427927198146,-1.3593630146852085,193,584
6,TCTTAA,0.4458161865569273,0.5701254275940707,0.7819998284509402,-1.3599820747835405,39,135
6,GTAACG,0.4343850022862369,0.5574559736475357,0.7792670562631271,-1.3620988689160813,38,132
6,CCAGGA,1.0059442158207592,1.1867055196587695,0.8476908803980093,-1.3621142036176344,88,281
6,GAAATA,1.0173754000914494,1.1993749736053043,0.8482673023457818,-1.3641567924662565,89,284
6,AATTCA,0.823045267489712,0.9882174078297226,0.8328754112479743,-1.3654349227672133,72,234
6,ATAGTG,0.21719250114311844,0.30829004603234933,0.70460283637146,-1.3688812603702623,19,73
6,AACGCT,0.8573388203017833,1.0262257696693273,0.8354450854118592,-1.3698045129377916,75,243
6,GTCAGC,1.440329218106996,1.6554753156805608,0.8700475323980507,-1.371517798435676,126,392
6,CACGGT,0.8802011888431641,1.0515646775623972,0.8370550115684895,-1.3729024058875885,77,249
6,AACCGA,0.8802011888431641,1.0515646775623972,0.8370550115684895,-1.3729024058875885,77,249
5,CTAGC,1.0745313214449017,1.2627222433379788,0.8509759208899917,-1.3746314019339818,94,299
6,AATCAA,1.0745313214449017,1.2627222433379788,0.8509759208899917,-1.3746314019339818,94,299
6,CTAGAT,0.1257430269775949,0.19848811182904685,0.6336886222369944,-1.3759874359986952,11,47
6,AGTCAG,0.3772290809327846,0.4941087039148613,0.7635014882250802,-1.3766896364424746,33,117
6,GGTATA,0.2743484224965706,0.3758604670805355,0.7299927692604454,-1.3768050325742496,24,89
6,TAGGAC,0.1600365797896662,0.24071962498416316,0.6649648250228657,-1.3796379919043311,14,57
6,TCACGC,1.3717421124828533,1.5836817433168628,0.8661812893548377,-1.3816115827531907,120,375
6,AAACCT,0.6287151348879744,0.7770598420541408,0.8091194383203449,-1.3861670159592632,55,184
6,GAATGC,0.6515775034293553,0.8023987499472106,0.812060459249592,-1.386470013345419,57,190
6,CGGATA,0.6630086877000457,0.8150682038937455,0.8134624050995,-1.386756367621391,58,193
6,ATTTAC,0.6630086877000457,0.8150682038937455,0.8134624050995,-1.386756367621391,58,193
6,ACGGAT,0.6630086877000457,0.8150682038937455,0.8134624050995,-1.386756367621391,58,193
6,GCTACC,0.6744398719707362,0.8277376578402804,0.8148214394239108,-1.3871269633119714,59,196
6,TGTATT,0.5715592135345221,0.7137125723214663,0.8008533832282724,-1.3872113744675674,50,169
6,TCAGAT,0.5372656607224509,0.6757042104818616,0.795149915297655,-1.3893080497811685,47,160
5,ACCAA,2.8463648834019204,3.146247730056168,0.9046885874089657,-1.3904486924018713,249,745
6,TATTTT,4.035208047553727,4.387854216816589,0.9196331247232788,-1.3905388587242695,353,1039
6,CTTTTA,1.0059442158207592,1.190928670974281,0.8446851367547672,-1.3920742041513192,88,282
6,AATGAC,0.7658893461362597,0.9290932894125596,0.8243595330101037,-1.392695636714469,67,220
6,ACAGCC,1.0173754000914494,1.2035981249208159,0.8452911731156706,-1.3939653733630843,89,285
6,AGGTCT,0.33150434385002286,0.44343088812872167,0.7476465624504253,-1.3944917569154722,29,105
5,GTTCA,3.0749885688157295,3.3869673550403308,0.9078911773749221,-1.39527384254535,269,802
5,GCTCT,2.1833561957018746,2.4494277629967485,0.89137842350096,-1.395830590434355,191,580
5,GCGTT,5.075445816186557,5.468980953587567,0.9280436437601346,-1.396171868243112,444,1295
5,TTAGC,1.440329218106996,1.6596984669960724,0.8678338043737959,-1.3971136292966906,126,393
6,AGGGCA,0.823045267489712,0.9924405591452341,0.8293316176404886,-1.3980858190224053,72,235
5,TTCCT,3.2235939643347047,3.543223953714261,0.9097937435146152,-1.3983644525266095,282,839
6,CGCTCT,0.8344764517604023,1.005110013091769,0.8302508340455728,-1.399306938892021,73,238
6,GCAACC,1.4517604023776864,1.6723679209426074,0.8680946188548798,-1.3997044669854501,127,396
5,TAGTA,1.0516689529035208,1.2416064867604206,0.8470350796407274,-1.3997599498339424,92,294
5,ACTTG,1.7604023776863282,2.001773723552515,0.8794272870329451,-1.3998729141130586,154,474
6,AGGCGT,0.8459076360310928,1.017779467038304,0.8311471676432359,-1.4005712298187545,74,241
6,TATATA,0.8459076360310928,1.017779467038304,0.8311471676432359,-1.4005712298187545,74,241
6,ATAGAG,0.24005486968449932,0.3378521052409308,0.7106180608441234,-1.4027470345211495,21,80
6,TGCGTG,0.8687700045724738,1.0431183749313737,0.8328745212426217,-1.4032224023564865,76,247
6,AATCGC,1.2231367169638776,1.4274251446429327,0.8568932894487447,-1.4034611740447696,107,338
6,ACCACT,0.4229538180155464,0.5490096710165125,0.7704359262738691,-1.4075442280004031,37,130
5,CAGGG,4.229538180155465,4.594788631276659,0.9205094006773105,-1.4087627501863498,370,1088
6,GTCACG,0.9144947416552356,1.0937961907175136,0.8360891549090507,-1.4089710751900024,80,259
6,GCTGTC,1.3831732967535437,1.6005743485789097,0.8641815857058144,-1.4102205349737702,121,379
6,ACGCTA,0.411522633744856,0.5363402170699776,0.7673224725639104,-1.4106273979630615,36,127
6,GGGTAT,0.411522633744856,0.5363402170699776,0.7673224725639104,-1.4106273979630615,36,127
6,TGAGTT,0.411522633744856,0.5363402170699776,0.7673224725639104,-1.4106273979630615,36,127
6,GAGTGG,0.411522633744856,0.5363402170699776,0.7673224725639104,-1.4106273979630615,36,127
5,CAGTA,1.6117969821673523,1.8455171248785844,0.8733647734620973,-1.4118019418902559,141,437
6,GAGTTC,0.40009144947416553,0.5236707631234427,0.7640583966307568,-1.4140040203823263,35,124
6,CGATTT,1.2802926383173296,1.490772414375607,0.8588210674308918,-1.4149997877094413,112,353
6,TTTCAG,0.9716506630086876,1.157143460450188,0.83971151811967,-1.4168808836399813,85,274
6,GCTAGG,0.28577960676726105,0.39275307234258205,0.7277010844348539,-1.4199163355804794,25,93
5,GACAT,3.4407864654778235,3.7754972760674015,0.9113489108832584,-1.4199574827029224,301,894
5,GCGGG,10.196616369455876,10.743696946661599,0.9490794008932087,-1.4206352044910184,892,2544
6,TACCAG,0.3772290809327846,0.49833185523037293,0.7570324347716196,-1.4217237455028364,33,118
6,ACCTAT,0.3772290809327846,0.49833185523037293,0.7570324347716196,-1.4217237455028364,33,118
5,GATAC,2.366255144032922,2.647915874825795,0.8936332922054695,-1.4221234391275148,207,627
6,GGCTAT,0.6401463191586648,0.7939524473161874,0.8063023057515019,-1.4225086486060243,56,188
6,ACACGA,0.6744398719707362,0.831960809155792,0.810685787082225,-1.422575994161309,59,197
6,AGCCCT,0.6744398719707362,0.831960809155792,0.810685787082225,-1.422575994161309,59,197
6,GCAATA,0.6287151348879744,0.7812829933696525,0.8047463794627252,-1.4226780505922483,55,185
6,AGACAA,0.7087334247828074,0.8699691709953968,0.8146862897944901,-1.423416903070623,62,206
6,TCACCT,0.594421582075903,0.7432746315300477,0.7997603857589698,-1.4238314199538369,52,176
5,CTTAA,1.954732510288066,2.2129312893280964,0.883328003410913,-1.424959466606275,171,524
6,TATCGA,0.7544581618655692,0.9206469867815363,0.8195065231797514,-1.4255711396595938,66,218
6,CTTCAA,0.7773205304069501,0.9459858946746061,0.8217229902516767,-1.4270355177346166,68,224
5,CTTAG,0.7773205304069501,0.9459858946746061,0.8217229902516767,-1.4270355177346166,68,224
6,AATGAG,0.5486968449931412,0.6925968157439081,0.7922612498279954,-1.4270959021515979,48,164
6,ATGTAT,0.5486968449931412,0.6925968157439081,0.7922612498279954,-1.4270959021515979,48,164
6,ACGTCA,0.7887517146776405,0.9586553486211411,0.8227872895959831,-1.4278551191214752,69,227
5,GGTTA,1.6803840877914953,1.9215338485577937,0.8745079553280747,-1.4278869858905212,147,455
6,CACACA,0.5372656607224509,0.6799273617973732,0.7902118222157198,-1.4282661844932705,47,161
6,ATATGA,0.8001828989483311,0.971324802567676,0.8238238274676726,-1.428729776568735,70,230
6,AGAGAA,0.5258344764517604,0.6672579078508383,0.788084579900284,-1.4295941186523342,46,158
6,TTAAAG,0.8344764517604023,1.0093331644072807,0.826777325322424,-1.43166200989326,73,239
6,TTGACA,0.5029721079103796,0.6419189999577685,0.7835782242324156,-1.4327597183102265,44,152
5,CAGGA,4.38957475994513,4.767937835212636,0.9206459578669363,-1.4338414570207911,384,1129
6,GGAACA,0.8687700045724738,1.0473415262468855,0.8295164768631469,-1.4350146561902082,76,248
5,ACCTA,1.2574302697759487,1.469656657798049,0.8556044043780334,-1.4374461022745566,110,348
6,GCGGCA,3.6465477823502512,3.9951011444740065,0.9127569928222864,-1.4388012406282842,319,946
6,TTGTTT,0.9259259259259258,1.11068879597956,0.8336651659412002,-1.4414097142790938,81,263
6,TGCTTA,0.33150434385002286,0.4476540394442333,0.7405948682486948,-1.4417606611788345,29,106
6,CAATAG,0.33150434385002286,0.4476540394442333,0.7405948682486948,-1.4417606611788345,29,106
6,CTAGGA,0.1257430269775949,0.20271126314455848,0.620493285365011,-1.4435008615011031,11,48
5,TTGAT,3.86374028349337,4.223151315511635,0.9148970768805116,-1.4442734313294348,338,1000
5,GTGAG,2.034750800182899,2.301617466953841,0.8840575915148607,-1.44463324393735,178,545
6,ATCAAC,0.9602194787379973,1.1486971578191647,0.8359347620262514,-1.4456665323151932,84,272
6,GCTCGG,1.4288980338363055,1.6554753156805608,0.8631428726326981,-1.4457631146527508,125,392
6,CAGACT,0.3200731595793324,0.4349845854976984,0.7358871590752464,-1.447913606965378,28,103
6,CTAACG,0.19433013260173754,0.2871742894547912,0.67681007225095,-1.4512797285718013,17,68
6,TCACAG,0.411522633744856,0.5405633683854892,0.7613288745158187,-1.4539249205354756,36,128
5,ATGAC,5.658436213991769,6.089784196967778,0.9291697561029516,-1.4547008773377845,495,1442
6,ATACGT,0.24005486968449932,0.34207525655644244,0.7018475622736484,-1.4561531873068179,21,81
6,TAAAAC,1.0402377686328304,1.237383335444909,0.8406883057207397,-1.4566132971938552,91,293
6,AGTTAT,0.6515775034293553,0.8108450525782339,0.8036025392318259,-1.4582686909285052,57,192
6,ATTCCT,0.6172839506172839,0.7728366907386292,0.7987509947642712,-1.459595299727427,54,183
5,CGATG,7.990397805212621,8.496980446809408,0.9403815646129364,-1.4627827236235544,699,2012
6,TATTAC,0.5715592135345221,0.7221588749524895,0.7914879738544246,-1.4630154621121576,50,171
6,ATTTTC,1.3946044810242342,1.6216901051564678,0.8599784131064698,-1.4644197955036813,122,384
6,CGACGA,1.8404206675811614,2.0989062038092823,0.8768533719628744,-1.4652474673795481,161,497
6,AGTATT,0.5486968449931412,0.6968199670594197,0.7874603554676897,-1.4655484488901127,48,165
6,TACTGA,0.3772290809327846,0.5025550065458845,0.7506720832757495,-1.4664776657664105,33,119
6,TGCAGG,1.2688614540466392,1.4865492630600954,0.8535715084771435,-1.466569009373549,111,352
6,TGTGTA,0.18289894833104708,0.2745048355082563,0.6664083245014272,-1.4667633046078015,16,65
6,TACATG,0.28577960676726105,0.3969762236580937,0.7199615331625105,-1.469780591300245,25,94
6,TTGACC,0.9259259259259258,1.1149119472950715,0.8305076265526926,-1.4722408677005558,81,264
6,CATTGT,0.5029721079103796,0.6461421512732801,0.7784575904236284,-1.4725781168575596,44,153
5,CCTTA,1.4517604023776864,1.6850373748891423,0.8615679789745317,-1.4759318388727525,127,399
6,ACACTC,0.3543667123914037,0.4772160986528147,0.7426246744910904,-1.4767067286819728,31,113
6,CCATAC,0.3543667123914037,0.4772160986528147,0.7426246744910904,-1.4767067286819728,31,113
6,GATAAA,1.188843164151806,1.4020862367498628,0.8479210057771397,-1.4798143375867363,104,332
6,CACTCA,0.4686785550983082,0.6081337894336754,0.7707210011051613,-1.4798831335510694,41,144
5,TTAAC,2.366255144032922,2.66058532877233,0.8893780555120303,-1.4834971379915383,207,630
5,CGCGG,11.979881115683586,12.593437222855695,0.9512800814961995,-1.4864660042099451,1048,2982
6,CGCGCT,3.372199359853681,3.7205963089657503,0.906362433216455,-1.489457702550782,295,881
6,CGTTGC,1.7489711934156378,2.0059968748680266,0.8718777319917328,-1.4906628142021483,153,475
5,ATCAC,3.383630544124371,3.7332657629122847,0.9063485227562664,-1.4923114014285015,296,884
6,TAAAGA,0.7544581618655692,0.9290932894125596,0.8120572656552487,-1.4928231059836972,66,220
6,AATATC,0.7658893461362597,0.9417627433590946,0.8132706719074657,-1.4930967117460252,67,223
6,GAATAA,0.7773205304069501,0.9544321973056294,0.8144518672092835,-1.4934384208005667,68,226
6,CCCTAA,0.205761316872428,0.3040668947168377,0.676803822007235,-1.493469968577059,18,72
6,GAACAT,0.8001828989483311,0.9797711051986994,0.816722622702553,-1.494315236799734,70,232
6,AAATGA,1.4174668495656149,1.6512521643650493,0.8584279478088638,-1.49460370008611,124,391
6,ATACTA,0.411522633744856,0.5447865197010009,0.7554281834146463,-1.4969741787250337,36,129
6,GATAGT,0.2514860539551898,0.35896786181848894,0.7006643609958279,-1.4979483866748904,22,85
6,GGTATT,0.594421582075903,0.751720934161071,0.790775509249829,-1.4981136589754251,52,178
5,CGTTA,1.8975765889346137,2.1664766248574687,0.8758871332600364,-1.501022626978746,166,513
6,GTTAGT,0.1600365797896662,0.24916592761518647,0.6424326875387597,-1.5030892190284935,14,59
5,CATTG,3.4293552812071333,3.7839435786984246,0.9062938123949257,-1.5036796254920457,300,896
6,CAGTAA,0.3886602652034751,0.5194476118079311,0.7482668698074852,-1.505933768222867,34,123
6,TATTGT,0.5258344764517604,0.6757042104818616,0.7782349803307067,-1.507649092629183,46,160
5,CTGTA,1.4860539551897578,1.7272688880442584,0.8603570236073856,-1.5079454061137554,130,409
5,TAGCC,1.6117969821673523,1.8624097301406308,0.865443522834989,-1.508726405498313,141,441
6,CTTAAG,0.24005486968449932,0.34629840787195404,0.6932909165485323,-1.509074969702282,21,82
6,TACCAA,0.3772290809327846,0.5067781578613961,0.7444177167246646,-1.5109554581752733,33,120
6,GTTATA,0.5029721079103796,0.6503653025887918,0.7734034481288996,-1.512205709498435,44,154
6,GGAGTT,0.5029721079103796,0.6503653025887918,0.7734034481288996,-1.512205709498435,44,154
6,TGCTCT,0.49154092363968904,0.6376958486422568,0.7708437185445732,-1.5147873758828918,43,151
6,ATTGGG,0.49154092363968904,0.6376958486422568,0.7708437185445732,-1.5147873758828918,43,151
5,CCTAT,1.771833561957019,2.035558934076608,0.8704471718199606,-1.5188902188300242,155,482
6,ATAGGC,0.28577960676726105,0.4011993749736053,0.7123848792091049,-1.5192551271036479,25,95
6,TAGGCT,0.2286236854138089,0.33362895392541914,0.6853576314655739,-1.5212252503647894,20,79
6,CTAGTG,0.14860539551897575,0.23649647366865154,0.6285190696765607,-1.5244699320754218,13,56
6,TATAGG,0.14860539551897575,0.23649647366865154,0.6285190696765607,-1.5244699320754218,13,56
6,CATGCC,2.2862368541380884,2.5845686050931205,0.8845764016450056,-1.526034391087114,200,612
6,CATTCG,0.7544581618655692,0.9333164407280712,0.8083831920477089,-1.526281409391897,66,221
6,CTACCG,0.6973022405121171,0.8699691709953968,0.8015480421105586,-1.527161509498544,61,206
6,TTTAAA,4.069501600365798,4.459647789180286,0.912518329004834,-1.5279656092106486,356,1056
5,TTGAG,2.2062185642432555,2.5001055787828874,0.8824548600988653,-1.5282804491930198,193,592
6,AGCTAC,0.2743484224965706,0.3885299210270704,0.7061947823555604,-1.528554739214789,24,92
6,CATACT,0.2743484224965706,0.3885299210270704,0.7061947823555604,-1.528554739214789,24,92
6,AAACGT,0.6630086877000457,0.831960809155792,0.7969473870219115,-1.5287764389464988,58,197
5,AGCGC,8.299039780521262,8.839055703365851,0.9389063909532721,-1.5319477154524859,726,2093
6,AACAGG,0.903063557384545,1.098019342033025,0.8224639370366205,-1.5319846155580739,79,260
6,GGTCAG,1.1774119798811158,1.3978630854343512,0.8423054887141453,-1.5333079417436801,103,331
6,ACACTT,0.33150434385002286,0.45610034207525657,0.726883154759494,-1.5353211743138393,29,108
6,ATAGTA,0.33150434385002286,0.45610034207525657,0.726883154759494,-1.5353211743138393,29,108
6,TGTGGG,0.4229538180155464,0.5616791249630475,0.7530607657295453,-1.5353546136278187,37,133
6,TATTGG,0.5715592135345221,0.7306051775835128,0.7823390761032165,-1.5381715137086773,50,173
6,ACTGCT,0.5715592135345221,0.7306051775835128,0.7823390761032165,-1.5381715137086773,50,173
5,ACGTA,1.3831732967535437,1.6216901051564678,0.8529299151323206,-1.5396347527071534,121,384
6,CGCGGG,3.0064014631915867,3.348958993200726,0.8977152893679683,-1.5425058854524,263,793
6,CCTTAT,0.40009144947416553,0.5363402170699776,0.7460131376055299,-1.5445383369967192,35,127
6,TCCACC,1.0631001371742113,1.2753916972845136,0.8335610019553515,-1.5467908867057214,93,302
5,AATCT,2.297668038408779,2.601461210355167,0.8832265907343715,-1.5493309050063784,201,616
6,ACGCAT,1.0859625057155922,1.3007306051775835,0.8348992569769127,-1.5494191313224022,95,308
6,TTAGTA,0.30864197530864196,0.4307614341821867,0.7165690656316495,-1.550570983944897,27,102
6,TGCCGT,1.5889346136259717,1.8455171248785844,0.8609773891919797,-1.55254331430388,139,437
6,ATCTGT,0.49154092363968904,0.6419189999577685,0.7657731681960017,-1.5545798841591838,43,152
5,TTACT,2.3319615912208507,2.6394695721947716,0.8835007100349956,-1.5571798700761572,204,625
6,GCTATG,0.48010973936899864,0.6292495460112336,0.7630254798982999,-1.557742863341532,42,149
5,GCCGT,8.047553726566074,8.589889775750665,0.9368641798951153,-1.5589903178680236,704,2034
6,AAGACA,0.7887517146776405,0.9755479538831876,0.8085413509431582,-1.5594155695359133,69,231
6,CGCTGG,3.155006858710562,3.5094387431901684,0.8990089836827309,-1.560046517815188,276,831
6,GATACA,0.36579789666209417,0.49833185523037293,0.734098137634036,-1.5610773082800362,32,118
6,ATTGTT,0.6973022405121171,0.8741923223109084,0.7976762722435448,-1.5616160704584814,61,207
6,TAGAGC,0.1600365797896662,0.25338907893069806,0.6317297000138071,-1.5636597671148067,14,60
6,CTGCAT,0.9487882944673068,1.1529203091346762,0.8229588732738217,-1.5657388355870168,83,273
6,CTCCAG,0.6287151348879744,0.798175598631699,0.7877168436136696,-1.5672910966548228,55,189
6,ATTCTC,0.4458161865569273,0.5912411841716289,0.7540759860681479,-1.5687386945869712,39,140
6,CACCAG,1.0402377686328304,1.2542759407069555,0.8293668069291132,-1.5733500058088674,91,297
6,AGATAC,0.2743484224965706,0.39275307234258205,0.6986032229811396,-1.578326323035039,24,93
5,GGATG,4.606767261088248,5.033996368089869,0.9151329105041096,-1.5789526001428005,403,1192
6,CCCCAC,1.0973936899862824,1.31762321043963,0.8328711836381233,-1.5791777678246648,96,312
6,TACTAA,0.411522633744856,0.5532328223320241,0.7438970130310908,-1.5823411071058187,36,131
6,GCCGGT,3.1778692272519433,3.53900080239875,0.8979595113815246,-1.5833405978172423,278,838
5,ATGTA,1.7604023776863282,2.035558934076608,0.8648317005446234,-1.5859469824891153,154,482
6,ATGGCG,2.2862368541380884,2.5972380590396553,0.8802615609396041,-1.587986230518049,200,615
5,TATGG,2.2862368541380884,2.5972380590396553,0.8802615609396041,-1.587986230518049,200,615
6,TAGCCT,0.2629172382258802,0.3800836183960471,0.691816336894054,-1.5891243500012748,23,90
5,CGATA,3.280749885688157,3.6488027366020526,0.8991332799249575,-1.5898508147777168,287,864
6,GCGATA,0.8001828989483311,0.9924405591452341,0.806297426915759,-1.5919224073183125,70,235
6,CAATAA,0.8344764517604023,1.0304489209848389,0.8098368110102367,-1.5919694617209315,73,244
6,TGACAA,0.8573388203017833,1.0557878288779088,0.8120548384509583,-1.5923211351462792,75,250
6,ATGCCT,0.7430269775948789,0.9290932894125596,0.7997549983003938,-1.5933028116686416,65,220
6,TGACAC,0.7315957933241883,0.9164238354660247,0.7983379864334278,-1.593825183566742,64,217
5,CTACT,1.2231367169638776,1.456987203851514,0.8395082420122143,-1.594238291913085,107,345
6,TTGAAT,0.9487882944673068,1.157143460450188,0.8199556332754498,-1.5959163960375244,83,274
6,CATATG,0.3772290809327846,0.5152244604924194,0.7322165157311318,-1.5990984692836867,33,122
5,TTTGA,3.8980338363054408,4.299168039190844,0.9066970937311227,-1.5999734240950803,341,1018
5,AAAAC,5.989940557841793,6.478314117994848,0.9246152605779681,-1.6010454641527254,524,1534
6,AACAGA,0.6287151348879744,0.8023987499472106,0.7835714821105189,-1.6030930978654732,55,190
6,GCTTAT,0.36579789666209417,0.5025550065458845,0.7279304729827524,-1.6055026948461686,32,119
6,TGATAC,0.4572473708276178,0.6081337894336754,0.7519269379188099,-1.6055098300553867,40,144
6,GAGAGC,0.4572473708276178,0.6081337894336754,0.7519269379188099,-1.6055098300553867,40,144
6,CCTGTA,0.2972107910379515,0.42231513155116346,0.7038355608763055,-1.6071950018437549,26,100
5,GAGCC,4.13808870598994,4.552557118121543,0.9089612063070072,-1.608088243494549,362,1078
6,TAGAGA,0.24005486968449932,0.3547447105029773,0.676788641837411,-1.6135062024068054,21,84
6,ATTTTT,4.709647919524463,5.152244604924194,0.9140980040471801,-1.6180704530704706,412,1220
6,TACTTG,0.3429355281207133,0.4772160986528147,0.7186757980485107,-1.6197237171542693,30,113
6,CTAACT,0.1600365797896662,0.2576122302462097,0.6213774939461624,-1.6234903372575196,14,61
6,TGCATG,0.8001828989483311,0.9966637104607459,0.8028812551556544,-1.6242555260253309,70,236
6,CAGAAC,0.8001828989483311,0.9966637104607459,0.8028812551556544,-1.6242555260253309,70,236
6,TTTGAG,0.51440329218107,0.6757042104818616,0.7613200453637586,-1.6265713347646893,45,160
6,TCAATG,0.6973022405121171,0.8826386249419317,0.7900438712059231,-1.6301609791831686,61,209
6,ATACCA,0.40009144947416553,0.5447865197010009,0.7344491651101319,-1.6303051053398296,35,129
5,CGTGC,5.829903978052126,6.322057519320917,0.9221541792078514,-1.6324382979580343,510,1497
6,AACTGT,0.3886602652034751,0.5321170657544659,0.730454339438312,-1.6363315595391914,34,126
5,GAATG,2.686328303612254,3.0322226445373537,0.88593089144118,-1.6368560497528009,235,718
6,AACATA,0.48010973936899864,0.6376958486422568,0.7529207667175503,-1.6374635055222753,42,151
6,ACGGGC,1.3603109282121628,1.6132438025254443,0.8432244423554647,-1.6390930675970623,119,382
6,GCGTGC,2.034750800182899,2.3396258287934457,0.8696962589126243,-1.6404401388851486,178,554
6,CTTTGT,0.4686785550983082,0.6250263946957219,0.7498940359516967,-1.6415963913257765,41,148
6,CGTGGC,1.8175582990397805,2.107352506440306,0.8624907529280381,-1.6427233595002537,159,499
6,TGTGAC,0.3772290809327846,0.5194476118079311,0.7262646817290683,-1.6427713832316464,33,123
5,TACGC,2.3548239597622316,2.681701085349888,0.8781128371625632,-1.6437231381637845,206,635
6,TGTTAC,0.30864197530864196,0.43920773681320996,0.7027920280855798,-1.6451622732500208,27,104
6,CAATTG,0.4572473708276178,0.6123569407491871,0.7467420816035953,-1.646005167703311,40,145
6,GCCCGG,4.515317786922726,4.95797964441066,0.9107190910119899,-1.6487932265738032,395,1174
6,AGTGGA,0.2514860539551898,0.37163731576502385,0.6767845015436061,-1.6516040002494523,22,88
5,TCAGG,4.332418838591678,4.767937835212636,0.9086586533763243,-1.6530392448442794,379,1129
6,CATCGA,1.7489711934156378,2.035558934076608,0.8592162292692864,-1.6531081723430296,153,482
5,ACCAG,3.0978509373571104,3.471430381350564,0.8923876783563921,-1.6544529559939973,271,822
6,CAATCG,0.8687700045724738,1.0769035854554667,0.8067475506175098,-1.6549777347938825,76,255
6,AATATG,0.8344764517604023,1.0388952236158622,0.8032534055892467,-1.6554202284610378,73,246
6,TGATAA,0.9487882944673068,1.1655897630812113,0.8140144355039683,-1.6560311810543045,83,276
6,CAAACC,0.9716506630086876,1.190928670974281,0.8158919148552316,-1.6567986720268975,85,282
6,ACGACA,0.9830818472793781,1.2035981249208159,0.8168010125828316,-1.6572517454543847,86,285
5,ATCAG,3.4293552812071333,3.821951940538029,0.8972811815645734,-1.6588692941064849,300,905
6,CCACGT,0.7430269775948789,0.937539592043583,0.792550766734621,-1.6598671820693258,65,222
5,AGAGA,1.6575217192501144,1.9384264538198404,0.8550936800391828,-1.660578773394973,145,459
5,CAATG,3.4522176497485138,3.8472908484310993,0.8973139942764875,-1.6640328935939712,302,911
6,GTTAAA,0.6973022405121171,0.8868617762574433,0.786282181690876,-1.6642533226370986,61,210
6,TTAGTT,0.51440329218107,0.6799273617973732,0.756592044798303,-1.6651274854146791,45,161
6,TGCCGG,3.7037037037037033,4.113349381308332,0.9004130986840208,-1.6702362205229697,324,974
6,GATGCC,1.9661636945587562,2.2720554077452593,0.8653737714666048,-1.6706363940617044,172,538
5,TATGA,2.8463648834019204,3.2095949997888424,0.8868334479099049,-1.6720006840927089,249,760
6,TCTAAG,0.11431184270690445,0.20271126314455848,0.5641296293557163,-1.6720922399109746,10,48
6,GTGAGT,0.2743484224965706,0.4011993749736053,0.6838994516615481,-1.6766973056539656,24,95
6,ATCTAC,0.2743484224965706,0.4011993749736053,0.6838994516615481,-1.6766973056539656,24,95
6,CCAAGT,0.2743484224965706,0.4011993749736053,0.6838994516615481,-1.6766973056539656,24,95
6,GGTTTA,0.48010973936899864,0.6419189999577685,0.7479681121595879,-1.6770329514144493,42,152
6,ATAATC,0.6058527663465935,0.7855061446851641,0.7713187714302215,-1.6787224304513244,53,186
5,ACAGC,3.909465020576132,4.3329532497149374,0.9022656300919759,-1.6838135974020734,342,1026
6,TATTGA,0.8687700045724738,1.0811267367709785,0.8035964844592208,-1.6860395334835472,76,256
6,TGGGAT,0.4572473708276178,0.6165800920646987,0.7416282391999699,-1.6862955786300058,40,146
6,GTTATT,0.823045267489712,1.0304489209848389,0.7987444853205778,-1.6874674234025608,72,244
6,GTTGAA,0.823045267489712,1.0304489209848389,0.7987444853205778,-1.6874674234025608,72,244
6,GTACTT,0.2629172382258802,0.3885299210270704,0.6767807211827096,-1.6888539841248418,23,92
6,TTGATA,0.7887517146776405,0.9924405591452341,0.7947803315533943,-1.689319734515287,69,235
6,GATTTT,1.6918152720621855,1.9806579669749567,0.8541756742981093,-1.6897654401586404,148,469
5,CCGTG,5.098308184727938,5.57878288779087,0.9138761804599934,-1.691825742304793,446,1321
5,ATCTT,2.4919981710105166,2.8379576840238183,0.8780999008720648,-1.6924254071584572,218,672
6,GATTAG,0.18289894833104708,0.29139744077030283,0.6277892109359838,-1.6959781637837539,16,69
6,CTTCTA,0.18289894833104708,0.29139744077030283,0.6277892109359838,-1.6959781637837539,16,69
6,TAATCG,0.4343850022862369,0.5912411841716289,0.7347450404538938,-1.696769948801604,38,140
5,CATTT,3.7494284407864655,4.168250348409983,0.8995233431414235,-1.6970396946141506,328,987
6,AAATGT,0.6973022405121171,0.8910849275729549,0.7825561439996704,-1.6982269023462784,61,211
6,ACCAAT,0.5258344764517604,0.6968199670594197,0.7546554860106611,-1.6996976525607967,46,165
6,ATAATT,1.6117969821673523,1.8961949406647238,0.8500244068585242,-1.7006848844319444,141,449
6,GCTCTA,0.2514860539551898,0.3758604670805355,0.6691822039398011,-1.7019633630211495,22,89
6,CAGCGG,2.240512117055327,2.5718991511465856,0.8711558540198088,-1.7022853300736551,196,609
6,TAAGTA,0.2972107910379515,0.4307614341821867,0.6900380666519245,-1.7022992683027103,26,102
6,GTATTA,0.4229538180155464,0.578571730225094,0.7310773896816859,-1.7025087544134097,37,137
6,AATGTA,0.4229538180155464,0.578571730225094,0.7310773896816859,-1.7025087544134097,37,137
6,GGAATG,0.6515775034293553,0.8404071117868154,0.7753384763681163,-1.705325480133628,57,199
6,TTAATT,2.754915409236397,3.120908822163098,0.8827323363113598,-1.7086773899301335,241,739
6,TAGTTA,0.3429355281207133,0.485662401283838,0.7061796615260733,-1.7097435950005393,30,115
6,CAGAGA,0.3429355281207133,0.485662401283838,0.7061796615260733,-1.7097435950005393,30,115
5,GGGAT,3.2693187014174665,3.6656953418640987,0.8918715848863864,-1.710054010105172,286,868
6,TATTTG,0.6172839506172839,0.8023987499472106,0.7693269935409822,-1.7120735447036224,54,190
6,TCTACT,0.205761316872428,0.32095949997888423,0.641193663124646,-1.7125692953484377,18,76
6,AGAGCT,0.205761316872428,0.32095949997888423,0.641193663124646,-1.7125692953484377,18,76
6,TTAGCT,0.28577960676726105,0.41809198023565186,0.6836085345447501,-1.713395573122676,25,99
6,TACCAT,0.40009144947416553,0.5532328223320241,0.7232382271985177,-1.7150983581764836,35,131
6,TAACAT,0.40009144947416553,0.5532328223320241,0.7232382271985177,-1.7150983581764836,35,131
6,CTTCCT,0.8687700045724738,1.0853498880864902,0.8004699379574131,-1.7170127757820313,76,257
6,GTCCAC,0.594421582075903,0.7770598420541408,0.7649926693387815,-1.7173466890028142,52,184
6,TTTTAA,4.618198445358939,5.084674183876008,0.9082602842037155,-1.7173792806548644,404,1204
5,TTATA,3.383630544124371,3.788166730013937,0.893213383660533,-1.7175635002171985,296,897
6,TATGGT,0.33150434385002286,0.47299294733730307,0.7009285294071347,-1.7186768778381467,29,112
5,TCTAA,1.3946044810242342,1.663921618311584,0.8381528615231482,-1.7201185659968172,122,394
6,GGTATC,0.5829903978052127,0.7643903881076058,0.7627177618917815,-1.7202378696310914,51,181
6,AGGAGA,1.108824874256973,1.3514084209637232,0.8205090379431224,-1.7208377656954255,97,320
6,CAACTC,0.3886602652034751,0.5405633683854892,0.7190431013744798,-1.7219984482311077,34,128
6,CAGGAT,0.7773205304069501,0.9839942565142109,0.7899858425763749,-1.722515528735977,68,233
6,TAATGA,0.7773205304069501,0.9839942565142109,0.7899858425763749,-1.722515528735977,68,233
6,AGGTCA,0.5715592135345221,0.751720934161071,0.7603661823708266,-1.7233097974257383,50,178
6,TACGCC,0.7658893461362597,0.971324802567676,0.7885215037865948,-1.7235792840375046,67,230
5,TGAGT,1.771833561957019,2.073567295916213,0.8544926977662161,-1.7258906690972786,155,491
6,TATTCG,0.4572473708276178,0.6208032433802103,0.7365839616778438,-1.7263834905350064,40,147
6,TCCCTA,0.19433013260173754,0.30829004603234933,0.6304682498777613,-1.7312924867766146,17,73
5,CGGAT,4.961133973479653,5.4478651970100085,0.910658162097385,-1.7338823333300388,434,1290
6,TGTAAA,0.6630086877000457,0.8572997170488619,0.7733950391101613,-1.7378945385254823,58,203
6,TACATA,0.2629172382258802,0.39275307234258205,0.6695053615274253,-1.7381202919313368,23,93
6,ACTTAC,0.2629172382258802,0.39275307234258205,0.6695053615274253,-1.7381202919313368,23,93
6,AATGAT,1.0631001371742113,1.304953756493095,0.8146791899447986,-1.7469659768262022,93,309
5,TCTAC,1.4288980338363055,1.7061531314667007,0.8375064681100008,-1.749280394548424,125,404
5,ATAAG,1.6803840877914953,1.9806579669749567,0.848404558159095,-1.758036912193556,147,469
6,ACATAT,0.4686785550983082,0.6376958486422568,0.7349978148905272,-1.7607842433622705,41,151
6,TCTTGA,0.4686785550983082,0.6376958486422568,0.7349978148905272,-1.7607842433622705,41,151
6,AACGGA,0.720164609053498,0.9248701380970481,0.778689580763447,-1.7621292309848167,63,219
6,TTGCTA,0.33150434385002286,0.4772160986528147,0.694726921605931,-1.7637599329642875,29,113
6,TATGGA,0.7087334247828074,0.9122006841505131,0.7769734662019203,-1.7639158178393908,62,216
6,TGGTTA,0.3772290809327846,0.5321170657544659,0.7089759145507415,-1.772240246197994,33,126
6,GTGTTA,0.2743484224965706,0.40964567760462856,0.6698018734474392,-1.7735529458182901,24,97
6,ATTGTA,0.3200731595793324,0.4645466447062798,0.6890680546756678,-1.7738249547704144,28,110
6,TCCTAC,0.17146776406035666,0.2829511381392795,0.6061369870766397,-1.7741447568231818,15,67
6,GTTGGC,0.9945130315500686,1.2331601841293973,0.8064908316586915,-1.7747028131148879,87,292
6,GACGAA,0.9830818472793781,1.2204907301828625,0.8054967344640436,-1.7747746438457814,86,289
6,CGAACA,0.9716506630086876,1.2078212762363276,0.804481783810029,-1.7748991828755183,85,286
6,CGCAAT,1.0402377686328304,1.283837999915537,0.8102710323249785,-1.7749109646738641,91,304
6,AGAAAT,0.9487882944673068,1.1824823683432577,0.80238664119156,-1.7753132268686973,83,280
5,GGAGT,1.9433013260173753,2.267832256429748,0.8569044866784251,-1.7761075089898004,170,537
6,TCATCA,1.1774119798811158,1.4358714472739558,0.8200107196535845,-1.7795641382470624,103,340
6,TATTCC,0.51440329218107,0.6925968157439081,0.7427539444201563,-1.779749729707049,45,164
5,TGGGA,1.9775948788294466,2.3058406182693525,0.8576521282294511,-1.7817209210061316,173,546
6,CCACAA,0.6172839506172839,0.8108450525782339,0.7613141588994692,-1.7829543196095172,54,192
6,AATAAG,0.5029721079103796,0.6799273617973732,0.7397821560895946,-1.7844309043042756,44,161
6,AAACTA,0.5029721079103796,0.6799273617973732,0.7397821560895946,-1.7844309043042756,44,161
5,CTATA,1.2574302697759487,1.5245576248997001,0.8247951863020234,-1.784518916803707,110,361
6,GTGAGA,0.30864197530864196,0.4518771907597449,0.6830919383114584,-1.7845661950325051,27,107
6,TAACGC,0.4229538180155464,0.5870180328561172,0.7205600821993873,-1.784741776933832,37,139
6,TAACTC,0.19433013260173754,0.3125131973478609,0.6219511340251737,-1.785586342570964,17,74
6,CTTGAA,0.6058527663465935,0.798175598631699,0.7590771500284358,-1.786018109347634,53,189
5,TAGCA,1.2802926383173296,1.5498965327927698,0.8260616144800851,-1.7861832749664988,112,367
6,AAGTTA,0.594421582075903,0.7855061446851641,0.7567679887663822,-1.789257446511197,52,186
6,TAGCGC,0.594421582075903,0.7855061446851641,0.7567679887663822,-1.789257446511197,52,186
6,GTATGG,0.3543667123914037,0.5067781578613961,0.6993134482001713,-1.789281644189502,31,120
5,ATTTG,2.903520804755373,3.298281177414587,0.8803169338455163,-1.7949127157668654,254,781
5,ATTAG,1.3946044810242342,1.6765910722581192,0.8318195904424339,-1.7959094626384209,122,397
6,AGATTA,0.4686785550983082,0.6419189999577685,0.730163056123174,-1.8001263401072434,41,152
6,GGCAGG,2.3319615912208507,2.6901473879809115,0.8668576732532813,-1.8011608516126005,204,637
5,TACAG,1.4746227709190671,1.7652772498838634,0.8353584317550726,-1.8039049570495853,129,418
6,ACAATT,0.5486968449931412,0.7348283288990245,0.7467351895596112,-1.8041438094024012,48,174
6,AAAAGT,1.1545496113397347,1.4147556906963976,0.8160900217119752,-1.8057172140124702,101,335
6,GATTTC,1.211705532693187,1.478102960429072,0.8197829155621776,-1.8082519713246201,106,350
6,TCTATC,0.33150434385002286,0.4814392499683263,0.68863409134735,-1.8085499823748352,29,114
6,TATTTC,0.8344764517604023,1.0600109801934203,0.7872538511091842,-1.8124130362087,73,251
5,GTGCG,5.464106081390032,5.996874868026522,0.9111604103133731,-1.813943814919418,478,1420
6,AGCATA,0.24005486968449932,0.37163731576502385,0.6460337972534935,-1.8169874180674124,21,88
6,TGTTAG,0.24005486968449932,0.37163731576502385,0.6460337972534935,-1.8169874180674124,21,88
6,CATAGG,0.205761316872428,0.3294058026099075,0.624757789519541,-1.8189427033029149,18,78
6,ATTCTA,0.3200731595793324,0.4687697960217915,0.6828615583599073,-1.8191253423968508,28,111
6,GGGTTG,0.7658893461362597,0.9839942565142109,0.7783698980720537,-1.8207871554702697,67,233
6,GTTCAT,0.6058527663465935,0.8023987499472106,0.7550825049714457,-1.8215054651896725,53,190
6,CATAAA,0.7544581618655692,0.971324802567676,0.7767540625595687,-1.8225280760984353,66,230
6,GCGAGC,1.646090534979424,1.9553190590818867,0.8418607394326756,-1.8235789322272329,144,463
6,GGACGG,1.4860539551897578,1.7821698551459098,0.8338546213407677,-1.8296016515000182,130,422
5,GCAAT,3.989483310470965,4.455424637864774,0.8954239140697238,-1.8297646540842993,349,1055
6,GCTCAC,0.7087334247828074,0.9206469867815363,0.7698460434397174,-1.83062320182297,62,218
6,ACGCTG,1.703246456332876,2.0186663288145614,0.8437561257191648,-1.830758980358264,149,478
5,TGCAT,3.1778692272519433,3.5981249208159127,0.8832047182118136,-1.831523439066601,278,852
6,AATCTG,0.5715592135345221,0.7643903881076058,0.7477650764839416,-1.8325665245516247,50,181
6,TCAACT,0.411522633744856,0.578571730225094,0.7113232118402284,-1.8328154635670328,36,137
6,ATAGCC,0.3543667123914037,0.5110013091769079,0.6935351289986853,-1.83283017259646,31,121
6,ATTGAT,0.9602194787379973,1.2035981249208159,0.7978075722276057,-1.8339628215999761,84,285
6,TAATAG,0.2629172382258802,0.4011993749736053,0.6554140241139913,-1.835493164880383,23,95
5,TACTG,1.7604023776863282,2.082013598547236,0.8455361796372171,-1.838194903328517,154,493
5,AATGC,2.937814357567444,3.344735841885215,0.8783433616615332,-1.8382293598368125,257,792
6,GGGGAT,0.823045267489712,1.0515646775623972,0.7827069645408655,-1.8448749292381776,72,249
6,GTTGCC,1.4060356652949246,1.6977068288356771,0.8282070971873903,-1.8471167169180736,123,402
6,GAGATA,0.3886602652034751,0.5532328223320241,0.7025794413659447,-1.8486694034215845,34,131
6,TTTAGT,0.6287151348879744,0.831960809155792,0.755732186840971,-1.8499126181770877,55,197
6,ATTAGG,0.21719250114311844,0.34629840787195404,0.6272907040133986,-1.8518205220487782,19,82
6,GAATAG,0.21719250114311844,0.34629840787195404,0.6272907040133986,-1.8518205220487782,19,82
6,TAGTGT,0.1600365797896662,0.2745048355082563,0.5831528038946405,-1.855825995863351,14,65
6,CATGTT,0.7315957933241883,0.9502090459901178,0.7699556227646362,-1.8591207285961768,64,225
6,ATTTTG,1.0745313214449017,1.3345158157016765,0.8051990009423892,-1.8597503638116815,94,316
6,CATTAT,0.594421582075903,0.7939524473161874,0.7487182793596602,-1.860602785003515,52,188
6,ATTAAC,0.594421582075903,0.7939524473161874,0.7487182793596602,-1.860602785003515,52,188
6,TCAGAC,0.5029721079103796,0.6883736644283964,0.7307063928553519,-1.8606080124364306,44,163
6,TCTCTA,0.18289894833104708,0.3040668947168377,0.6016399269927414,-1.861540845267207,16,72
6,ATAGTT,0.3200731595793324,0.47299294733730307,0.6767658689087521,-1.8641260419422565,28,112
5,GGATT,3.2578875171467763,3.691034249757169,0.8826521325690366,-1.864801993594497,285,874
5,GCTTA,1.6003657978966621,1.9130875459267707,0.8365441230809275,-1.8654112177739883,140,453
6,GATAGA,0.4229538180155464,0.5954643354871405,0.7103410879523377,-1.8661085484784135,37,141
6,TAATTT,2.5948788294467304,2.9857679800667256,0.8690869277444544,-1.8679386723803375,227,707
6,TGACAG,0.6858710562414266,0.8995312302039782,0.7625024934782364,-1.8690210907584366,60,213
5,TCTTA,1.3717421124828533,1.663921618311584,0.8244136358485572,-1.8697081724497062,120,394
6,GACGTT,0.6744398719707362,0.8868617762574433,0.7605061345675724,-1.8718372867055637,59,210
6,CGATAA,0.6744398719707362,0.8868617762574433,0.7605061345675724,-1.8718372867055637,59,210
6,GTAATT,0.48010973936899864,0.6630347565353267,0.7241510637716315,-1.8720581749998435,42,157
5,TATGC,1.8518518518518516,2.187592381435027,0.8465321119037108,-1.872782836426787,162,518
6,ACGGGT,0.5486968449931412,0.7432746315300477,0.7382507039062961,-1.877632246400046,48,176
6,GGACTG,0.7773205304069501,1.005110013091769,0.7733911523780025,-1.8830761292834464,68,238
5,GTGTC,2.343392775491541,2.719709447189493,0.8616385893920555,-1.8836350168557865,205,644
5,ACGGG,3.783721993598537,4.252713374720217,0.8897220875222315,-1.8846160271510977,331,1007
5,TGTTT,3.6236854138088708,4.0837873220997505,0.887337266677006,-1.8857353893804314,317,967
6,TCCAGC,1.2231367169638776,1.503441868322142,0.8135701058520789,-1.8884238396849393,107,356
6,GTCGAC,1.02880658436214,1.2880611512310485,0.7987405794522304,-1.8889710036579357,90,305
6,CGTTCC,1.2459990855052583,1.5287807762152117,0.8150400638760155,-1.8890962184081401,109,362
5,CTCAC,2.377686328303612,2.7577178090290975,0.8621984819007036,-1.8892858580219294,208,653
6,TAGAAT,0.4458161865569273,0.6250263946957219,0.7133216423759797,-1.891619908460775,39,148
5,AAACT,2.732053040695016,3.1378014274251442,0.8706943490372572,-1.8924077154914174,239,743
5,AATGT,2.274805669867398,2.647915874825795,0.8590981993327579,-1.8927190040738993,199,627
6,AACCTT,0.5029721079103796,0.6925968157439081,0.72625150928421,-1.8984391459121148,44,164
6,TTCTTA,0.5029721079103796,0.6925968157439081,0.72625150928421,-1.8984391459121148,44,164
6,ATTCGT,0.5029721079103796,0.6925968157439081,0.72625150928421,-1.8984391459121148,44,164
6,TTTATA,1.4288980338363055,1.7314920393597704,0.8252509836928191,-1.8985935593695737,125,410
6,AGTGTG,0.2514860539551898,0.39275307234258205,0.6404075000737112,-1.8993254622750886,22,93
6,CCGCGG,2.4691358024691357,2.8590734406013767,0.8636187533799193,-1.904449001977957,216,677
6,AGCTGC,0.8001828989483311,1.0346720723003504,0.7733905082780808,-1.9108354637069156,70,245
5,AGTAA,1.6689529035208046,1.9975505722370033,0.8355079345291958,-1.9192892190183972,146,473
5,CATAC,1.3603109282121628,1.6596984669960724,0.8196241623684918,-1.9195117144104565,119,393
6,AACAAC,0.9487882944673068,1.2035981249208159,0.7883108520499926,-1.9226787904456917,83,285
5,TTTCT,4.229538180155465,4.734152624688543,0.8934120156787628,-1.9256538774102148,370,1121
6,TCATTA,0.51440329218107,0.7094894210059546,0.7250718189283045,-1.930206233239907,45,168
6,GTCTAT,0.2629172382258802,0.40964567760462856,0.6419036309631814,-1.9313670204184938,23,97
6,GATGCT,0.8687700045724738,1.1149119472950715,0.7792472597986791,-1.931394810213972,76,264
6,TTAACC,0.3886602652034751,0.5616791249630475,0.6920162176354396,-1.9319348653166533,34,133
6,TATCAA,0.8573388203017833,1.1022424933485366,0.7778334097392722,-1.9329627571675734,75,261
6,CGTTGA,0.8573388203017833,1.1022424933485366,0.7778334097392722,-1.9329627571675734,75,261
6,CTTAAC,0.2286236854138089,0.36741416444951225,0.6223533880834411,-1.9342898885901332,20,87
6,GTTTAT,0.6744398719707362,0.8953080788884666,0.7533323496568071,-1.9391303412009657,59,212
6,GTGTCG,0.8001828989483311,1.0388952236158622,0.7702469470102319,-1.9421994967442509,70,246
6,CACAAC,0.7887517146776405,1.0262257696693273,0.7686172733749064,-1.9443496204431827,69,243
6,TGCCCG,2.709190672153635,3.12513197347861,0.8669086631473305,-1.9447504972517216,237,740
6,CTCTAT,0.19433013260173754,0.3251826512943959,0.5977267211394229,-1.9452911468661427,17,77
6,GTAAAA,1.0173754000914494,1.283837999915537,0.7924645895349958,-1.9463630523435662,89,304
6,AGAGCA,0.4229538180155464,0.6039106381181638,0.7004078923735505,-1.94663037735585,37,143
5,GATAG,1.7146776406035666,2.0524515393386547,0.8354370683213533,-1.946860734449215,150,486
6,GCATGC,1.7261088248742569,2.0651209932851895,0.8358470258082846,-1.9480046117754977,151,489
6,CTACTG,0.28577960676726105,0.43920773681320996,0.6507502208840331,-1.9481023643948532,25,104
6,ATAGCG,0.48010973936899864,0.6714810591663499,0.7150436016839051,-1.9487901400730787,42,159
6,GGCGTC,1.9433013260173753,2.301617466953841,0.8443266186745884,-1.9502531432615025,170,545
6,AGTCGC,0.5486968449931412,0.751720934161071,0.7299568554918243,-1.9505097406960425,48,178
5,CTCTA,0.9144947416552356,1.1698129143967229,0.7817630956974736,-1.955634054775291,80,277
6,CCAGCG,2.1490626428898034,2.5254444866759576,0.8509700202186753,-1.95605807043226,188,598
6,CTTTCA,0.720164609053498,0.9502090459901178,0.757926710360903,-1.9596962582626978,63,225
6,TATTCA,0.720164609053498,0.9502090459901178,0.757926710360903,-1.9596962582626978,63,225
6,CCCAAT,0.5258344764517604,0.7263820262680012,0.7239469903385355,-1.9615073715752132,46,172
6,TTACTA,0.3543667123914037,0.5236707631234427,0.6767592568122455,-1.9619051683693025,31,124
6,AGGATG,0.7087334247828074,0.937539592043583,0.7559764229216335,-1.9627039831831001,62,222
5,GATAA,3.0292638317329676,3.471430381350564,0.8726306553464251,-1.9634103148651985,265,822
6,CTAACA,0.18289894833104708,0.3125131973478609,0.5853845899135686,-1.9691150049761703,16,74
5,GATGC,6.481481481481481,7.107563664006081,0.9119144894692833,-1.9692076114210941,567,1683
6,GTGTGA,0.4458161865569273,0.6334726973267453,0.7038121883067193,-1.9703262397596677,39,150
5,TTCAA,3.9780521262002746,4.480763545757845,0.8878092549741889,-1.9708147778009197,348,1061
6,CGGGAT,0.9945130315500686,1.2627222433379788,0.7876112705467073,-1.9765893829078374,87,299
6,ACGACT,0.4343850022862369,0.6208032433802103,0.6997628163784286,-1.9782492360077943,38,147
6,CTCATT,0.3772290809327846,0.5532328223320241,0.6819206555333718,-1.9830654749485377,33,131
5,TTCAT,3.9780521262002746,4.484986697073356,0.8869732950304238,-1.9866982522691063,348,1062
5,TCAGT,2.06904435299497,2.4452046116812367,0.8461703883886914,-1.9872481666713766,181,579
5,ATTCG,2.880658436213992,3.3193969339921447,0.8678298228609868,-1.992084603340918,252,786
6,GCTATT,0.5372656607224509,0.7432746315300477,0.7228732834431277,-1.9923619713297527,47,176
6,GTCTTC,0.8573388203017833,1.11068879597956,0.7719188592874151,-1.993764582648274,75,263
6,GTAAGT,0.17146776406035666,0.2998437434013261,0.5719998094135879,-1.9950200909576516,15,71
6,TTCTAC,0.2514860539551898,0.4011993749736053,0.6269285965664346,-1.9956688844540347,22,95
6,CAATTC,0.5258344764517604,0.7306051775835128,0.7197628983430201,-1.9982661555919197,46,173
6,TTGAAA,1.4631915866483767,1.7863930064614217,0.8190860984934819,-1.9987340136225205,128,423
6,CGCGCG,4.858253315043439,5.418303137801427,0.8966393218601976,-2.0038658575710055,425,1283
5,CTAGT,0.51440329218107,0.7179357236369779,0.7165427502339575,-2.0044489381278345,45,170
6,TAGGTC,0.1257430269775949,0.24071962498416316,0.5225613443500321,-2.0088471985081116,11,57
6,TATTAG,0.30864197530864196,0.47299294733730307,0.6526032084103695,-2.0106373985169954,27,112
6,CTACAG,0.30864197530864196,0.47299294733730307,0.6526032084103695,-2.0106373985169954,27,112
6,CAATGA,0.9144947416552356,1.178259217027746,0.7761595347488169,-2.014756627175788,80,279
6,GATACC,0.7544581618655692,0.9966637104607459,0.7570080591284578,-2.0153408136313438,66,236
6,AATCAC,0.5601280292638318,0.7728366907386292,0.724804548647406,-2.017141754294013,49,183
5,AGTTA,1.7489711934156378,2.1031293551247945,0.8316122010915246,-2.018118198820872,153,498
5,TCAGC,4.709647919524463,5.266269690443009,0.8943063621362057,-2.019188266927196,412,1247
5,GTTTA,2.1833561957018746,2.576122302462097,0.8475418420278189,-2.022483858770311,191,610
6,AAAACA,1.4974851394604483,1.8286245196165378,0.818923311519044,-2.0244982209790985,131,433
6,GTTATG,0.3772290809327846,0.5574559736475357,0.6767555165166551,-2.02451701576986,33,132
6,GCTATA,0.2972107910379515,0.46032349339076817,0.6457333200971557,-2.0247102361117637,26,109
6,ACACAC,0.4229538180155464,0.6123569407491871,0.6907486712421717,-2.0263277972391296,37,145
6,TGTTTG,0.7087334247828074,0.9459858946746061,0.7492273468748855,-2.028091220713185,62,224
6,CCCTAG,0.1371742112482853,0.2576122302462097,0.5326647133399066,-2.031082828871494,12,61
6,AAAGAC,0.6973022405121171,0.9333164407280712,0.7471501572954282,-2.0316379487705865,61,221
6,AGCAGT,0.411522633744856,0.5996874868026522,0.6862807957850778,-2.0354471481552228,36,142
6,GACGTA,0.28577960676726105,0.4476540394442333,0.6384746570284525,-2.0396596058193093,25,106
6,ATATGC,0.3200731595793324,0.4898855525993497,0.6534338775517549,-2.0412239003998667,28,116
5,GTTGA,3.0864197530864197,3.551670256345285,0.8690088407526672,-2.044260003525453,270,841
6,GCGGGC,4.286694101508917,4.827061953629799,0.888056821521277,-2.044563448616564,375,1143
6,TAAAGC,0.4343850022862369,0.6292495460112336,0.6903715193567194,-2.0568563263865434,38,149
6,TCAGTC,0.5486968449931412,0.7643903881076058,0.7178597056682618,-2.0587063639247023,48,181
6,ACATGG,0.8116140832190215,1.0684572828244436,0.7596355350023667,-2.064011956221027,71,253
6,ACCGCG,2.0118884316415184,2.3987499472106086,0.8387304232934893,-2.065120339738367,176,568
5,CAATC,3.417924096936443,3.9106381181637735,0.8740099678526475,-2.0654995863762555,299,926
6,CGGGGC,3.326474622770919,3.813505637907006,0.8722911959498306,-2.0669837225981564,291,903
5,TATAC,1.3831732967535437,1.7103762827822122,0.8087065051282386,-2.0701970694095504,121,405
6,ACTTTC,0.4686785550983082,0.6714810591663499,0.6980222993188857,-2.0703216677488694,41,159
6,ACTGAT,0.594421582075903,0.8192913552092571,0.725564869944318,-2.071348681609655,52,194
5,CAGTC,2.549154092363969,2.981544828751214,0.8549824807375395,-2.0716504868351326,223,706
6,GAGACT,0.2629172382258802,0.42231513155116346,0.6226510808456283,-2.072484649379787,23,100
5,GACTT,1.9090077732053041,2.288948013007306,0.8340182304420762,-2.076484670188948,167,542
6,AAGTTG,0.36579789666209417,0.5490096710165125,0.6663475731264094,-2.076918670699884,32,130
6,GACTGC,0.8687700045724738,1.1360277038726296,0.7647643848581673,-2.0819937065543948,76,269
5,GTAAT,1.7375400091449476,2.1031293551247945,0.8261771379859071,-2.084826206031382,152,498
6,AAAGTT,0.7315957933241883,0.9797711051986994,0.7467265739771093,-2.0856433807497425,64,232
6,GGCGCT,2.8120713305898493,3.2687191182060054,0.860301909924348,-2.0910166766113925,246,774
6,AAAAAT,3.4865112025605853,3.990877993158495,0.8736232593959384,-2.0939377522478906,305,945
6,ATTCGA,0.6058527663465935,0.8361839604713037,0.7245777690212991,-2.1005804707901254,53,198
6,TCATAC,0.2743484224965706,0.43920773681320996,0.6247293172832598,-2.101374306606742,24,104
6,GAGTGT,0.21719250114311844,0.36741416444951225,0.5912493235970754,-2.1034233505823745,19,87
6,CAAATA,0.6744398719707362,0.9164238354660247,0.735976355298772,-2.105349753516614,59,217
6,TGCTAT,0.3772290809327846,0.565902276278559,0.6666564725034453,-2.1067317444220692,33,134
6,GGATTC,0.7658893461362597,1.0220026183538158,0.749425089400467,-2.107017050535509,67,242
6,ATAGAT,0.4686785550983082,0.6757042104818616,0.6936603054959659,-2.1082028194238336,41,160
6,ACAGAC,0.4686785550983082,0.6757042104818616,0.6936603054959659,-2.1082028194238336,41,160
6,TTCTAA,0.4686785550983082,0.6757042104818616,0.6936603054959659,-2.1082028194238336,41,160
6,TTAAAA,3.6694101508916326,4.189366104987542,0.8758896859251579,-2.1083646245302896,321,992
6,ACAAAT,0.6515775034293553,0.8910849275729549,0.7312483450591204,-2.1144127400099175,57,211
6,TAATCA,0.6401463191586648,0.8784154736264199,0.7287820628995811,-2.119224843859907,56,208
6,TTATTC,0.8344764517604023,1.1022424933485366,0.7570936045704331,-2.119661729430269,73,261
5,CGGTG,6.607224508459077,7.289159170573082,0.9064466434576792,-2.121494300001204,578,1726
6,CAATTT,0.823045267489712,1.0895730394020018,0.7554057389007655,-2.1224757130085754,72,258
6,CTGAGC,0.823045267489712,1.0895730394020018,0.7554057389007655,-2.1224757130085754,72,258
5,CAAAT,2.7206218564243256,3.180032940580261,0.8555371449119014,-2.1332436109079636,238,753
6,TACATT,0.48010973936899864,0.6925968157439081,0.6932466390123172,-2.137562663771171,42,164
6,CAGCGC,3.246456332876086,3.74593521685882,0.8666646587477722,-2.139742130225385,284,887
5,GATAT,3.2578875171467763,3.7586046708053553,0.8667846512263244,-2.141529594323024,285,890
6,AGTGTA,0.09144947416552354,0.20271126314455848,0.45140231733712693,-2.141723584009775,8,48
6,TAACCA,0.3429355281207133,0.5278939144389544,0.6496959884191514,-2.1433085179121107,30,125
6,GTGGTG,1.0059442158207592,1.3007306051775835,0.773386028754619,-2.1451814744679725,88,308
6,TGCGTT,0.8459076360310928,1.1191350986105832,0.7558801873541363,-2.1470523173984315,74,265
6,AGATAT,0.6515775034293553,0.8953080788884666,0.7277994456319054,-2.147725681052178,57,212
6,ACAGCT,0.4572473708276178,0.6672579078508383,0.685310483995703,-2.154639051241491,40,158
6,GCGCTC,2.2862368541380884,2.715486295873981,0.8419312093347623,-2.1560152973355122,200,643
6,CACTAT,0.33150434385002286,0.5152244604924194,0.6434865201879949,-2.1568395428761677,29,122
6,TATGAA,1.1202560585276635,1.4316482959584442,0.7825090916400722,-2.1584867905531007,98,339
5,CATAG,0.9259259259259258,1.2120444275518392,0.7639567570311855,-2.1589197467427184,81,287
5,CTATC,1.931870141746685,2.3311795261624226,0.8287166425413384,-2.1645150441404755,169,552
6,ATCACT,0.40009144947416553,0.5996874868026522,0.6672220716165763,-2.165159395162993,35,142
6,TTGATT,0.8916323731138546,1.1740360657122344,0.7594795860162314,-2.166100351946127,78,278
6,ACATTA,0.49154092363968904,0.7094894210059546,0.6928526681566232,-2.1665379210603035,43,168
5,TAACC,1.4860539551897578,1.8412939735630727,0.8070809270186051,-2.1680705921943986,130,436
5,TAATT,5.13260173754001,5.756155243042358,0.8916737567785855,-2.1697862276552558,449,1363
5,TAACG,1.646090534979424,2.0186663288145614,0.8154438240239932,-2.1710068556835247,144,478
6,TACTAT,0.3543667123914037,0.5447865197010009,0.6505330918920743,-2.1720123344819235,31,129
6,TCAATT,0.7544581618655692,1.017779467038304,0.7413040407044329,-2.1732940686280897,66,241
6,AGTTGA,0.4343850022862369,0.6419189999577685,0.6767478880139326,-2.173324588220204,38,152
6,CGGGCG,4.343850022862369,4.924194433886566,0.8821466874461135,-2.176831611709114,380,1166
6,TCATAG,0.1600365797896662,0.2998437434013261,0.5338887151761746,-2.1853750342076577,14,71
5,ATTGA,3.543667123914038,4.075341019468728,0.8695419972918664,-2.1864358004887525,310,965
5,GGTAT,2.0233196159122087,2.436758309050213,0.8303394614276338,-2.192654969477214,177,577
6,TGTTTT,1.3488797439414724,1.6934836775201654,0.796523822145428,-2.1947052959801487,118,401
6,CAGCAG,1.337448559670782,1.6808142235736308,0.7957268377604348,-2.1951575195901194,117,398
6,CTGTTA,0.36579789666209417,0.5616791249630475,0.6513198522393692,-2.2003646281181357,32,133
6,CCACTA,0.21719250114311844,0.3758604670805355,0.5779663559588345,-2.2010903561662998,19,89
6,CAATCT,0.4458161865569273,0.658811605219815,0.6767465970009259,-2.20190603164126,39,156
6,ATGAGA,0.4458161865569273,0.658811605219815,0.6767465970009259,-2.20190603164126,39,156
6,TATGCT,0.2972107910379515,0.4772160986528147,0.6228802922781919,-2.202149454637141,26,113
6,TTCCTT,0.6744398719707362,0.9290932894125596,0.7259413941712639,-2.2037375868502593,59,220
6,GACCCT,0.6630086877000457,0.9164238354660247,0.7235040290718407,-2.2087760231849245,58,217
5,ACGTT,2.4119798811156836,2.8632965919168885,0.8423841419399495,-2.2090365985111733,211,678
5,CCAGC,6.755829903978052,7.474977828455594,0.903793921484009,-2.2121871383161653,591,1770
6,CGGTAT,0.6515775034293553,0.9037543815194898,0.7209983341938396,-2.2140073597648313,57,214
6,TACGGT,0.28577960676726105,0.4645466447062798,0.6152623935291216,-2.2190267610894074,25,110
6,TGAATA,0.8001828989483311,1.0769035854554667,0.7430642847951986,-2.2203597831957635,70,255
6,AATGCC,0.7887517146776405,1.0642341315089319,0.7411692356039232,-2.224015037043628,69,252
6,TTAGTG,0.205761316872428,0.3631910131340006,0.5666567832122389,-2.2253770683966803,18,86
6,CTATTG,0.3429355281207133,0.5363402170699776,0.6394664628136278,-2.2269329532480464,30,127
6,GTTAAT,0.5601280292638318,0.798175598631699,0.7017977628579684,-2.2290046893338324,49,189
6,GGCTAG,0.30864197530864196,0.4941087039148613,0.6247198255776366,-2.229396290972497,27,117
6,GTCAGG,0.9830818472793781,1.2880611512310485,0.7632444483671839,-2.233326912786535,86,305
5,ATGGA,3.9551897576588932,4.527218210228472,0.8736496031409483,-2.2357595104743337,346,1072
6,AACTGC,0.7544581618655692,1.0262257696693273,0.7352033673564301,-2.2358036288699354,66,243
5,AATTC,2.960676726108825,3.4629840787195407,0.8549537518602661,-2.238429112931655,259,820
6,GACTTG,0.36579789666209417,0.565902276278559,0.6464601150862102,-2.241057961930835,32,134
6,TGACAT,0.594421582075903,0.8404071117868154,0.7073367657913363,-2.2433452914238723,52,199
6,ATGTTT,0.823045267489712,1.1064656446640482,0.7438738690822249,-2.2435829550081166,72,262
6,CGGACT,0.7315957933241883,1.0008868617762574,0.7309744226070957,-2.244397756286912,64,237
6,TCAGGG,0.720164609053498,0.9882174078297226,0.7287786326005832,-2.248931411473338,63,234
5,TTCTT,4.229538180155465,4.822838802314287,0.8769835889532483,-2.2490739454580275,370,1142
5,CACTA,1.0402377686328304,1.3556315722792347,0.7673626475216113,-2.2506981159046284,91,321
6,TGTGAG,0.24005486968449932,0.40964567760462856,0.586107145994666,-2.251069994180286,21,97
6,TATCAT,0.6401463191586648,0.8953080788884666,0.7150329936194544,-2.252611907397778,56,212
6,GATGTT,0.7087334247828074,0.9755479538831876,0.7265258149331134,-2.253630552769445,62,231
6,TCTATA,0.2629172382258802,0.43920773681320996,0.5987084136824864,-2.2558760637368738,23,104
6,GTGACG,0.8802011888431641,1.1740360657122344,0.7497437601571082,-2.2569170470236566,77,278
6,CTCATA,0.17146776406035666,0.32095949997888423,0.5343799640616161,-2.25861803936764,15,76
6,TTGTTA,0.51440329218107,0.7474977828455593,0.6882086918753708,-2.259349001648679,45,177
6,GGCGTG,2.091906721536351,2.5254444866759576,0.8283388918996176,-2.260119786692915,183,598
5,TCTAT,1.5546410608139003,1.9342033025043288,0.803773151191433,-2.2622492219427826,136,458
6,ACGAAC,0.7658893461362597,1.0431183749313737,0.7342559952384361,-2.26267871548379,67,247
6,CCGGTG,2.137631458619113,2.576122302462097,0.8297930875670481,-2.263451662754248,187,610
6,CCGGAT,1.80612711476909,2.2129312893280964,0.8161778477689229,-2.265922227444519,158,524
5,TTTAG,2.400548696844993,2.8632965919168885,0.8383919655495187,-2.2662272699883417,210,678
6,ATGTTG,0.6058527663465935,0.8572997170488619,0.706733107438221,-2.270824452078264,53,203
6,TATATG,0.411522633744856,0.6250263946957219,0.6584630520124044,-2.27179086180954,36,148
6,TGTTAA,0.5372656607224509,0.7770598420541408,0.6914480543695093,-2.278878352857661,47,184
6,CTCACC,0.903063557384545,1.2035981249208159,0.7503239713395407,-2.279980403404582,79,285
6,CCGGTA,0.8001828989483311,1.0853498880864902,0.7372822160948653,-2.2811944665722064,70,257
6,CGTATG,0.2743484224965706,0.45610034207525657,0.6015962663423355,-2.281465196548692,24,108
6,ATATAC,0.33150434385002286,0.5278939144389544,0.6280457686759234,-2.2831152917692874,29,125
6,AAAAAA,4.172382258802012,4.772160986528147,0.8743197973834037,-2.2858930818990117,365,1130
5,TACTA,1.1545496113397347,1.490772414375607,0.7744791574423987,-2.287162363929949,101,353
5,CTTAC,1.4174668495656149,1.7863930064614217,0.7934914071527469,-2.2896867978084883,124,423
6,GACGGG,1.1202560585276635,1.4527640525360024,0.7711361958278616,-2.291961036932365,98,344
6,AACTAA,0.3886602652034751,0.5996874868026522,0.6481633474480749,-2.2956200340477277,34,142
5,CAAAC,3.166438042981253,3.6994805523881924,0.8559181231875479,-2.30062019087416,277,876
6,TAGTGA,0.2629172382258802,0.44343088812872167,0.5930077143794036,-2.3009118257587584,23,105
6,CACAGC,0.9259259259259258,1.2331601841293973,0.750876366433285,-2.302838913931256,81,292
6,ACGAAT,0.5029721079103796,0.739051480214536,0.6806075904283716,-2.303793546154095,44,175
6,ATAGAA,0.5029721079103796,0.739051480214536,0.6806075904283716,-2.303793546154095,44,175
6,CAAACA,0.6630086877000457,0.9290932894125596,0.7136391268164088,-2.306763453259021,58,220
6,ACCAGT,0.28577960676726105,0.47299294733730307,0.6042778874136043,-2.3069168350946403,25,112
6,CTGATA,0.3772290809327846,0.5870180328561172,0.6426801082862588,-2.308390713205991,33,139
5,CGTTG,4.423868312757202,5.046665822036403,0.8765947279424392,-2.310684716992469,387,1195
6,GCTATC,0.594421582075903,0.8488534144178386,0.7002994180588701,-2.31125630017308,52,201
6,ATCCAA,0.49154092363968904,0.7263820262680012,0.6767420333374103,-2.3127862003361646,43,172
6,TTTAGC,0.4458161865569273,0.6714810591663499,0.6639796945888469,-2.3152473866772563,39,159
5,AGATA,2.0004572473708278,2.436758309050213,0.8209575583204762,-2.3169064011968366,175,577
6,TAAACA,0.5829903978052127,0.8361839604713037,0.6972397240246017,-2.3182641231922596,51,198
6,ACCGTG,0.8687700045724738,1.1698129143967229,0.7426792147349832,-2.3187500682362625,76,277
5,CATTA,2.05761316872428,2.5001055787828874,0.8230175895079734,-2.319879720095864,180,592
5,TGATG,4.755372656607224,5.401410532539381,0.8803968126989028,-2.31988880301641,416,1279
6,ATAACC,0.36579789666209417,0.5743485789095824,0.6369550036256355,-2.32177951723825,32,136
6,AGTATA,0.2743484224965706,0.46032349339076817,0.5960782332704344,-2.3257200862574736,24,109
6,TAAAAA,3.7951531778692273,4.383631065501077,0.8657586702197516,-2.3381887454289147,332,1038
5,CTCAG,2.754915409236397,3.264495966890494,0.8439070063118809,-2.340068749263506,241,773
6,CTGCTA,0.24005486968449932,0.41809198023565186,0.5742694289574173,-2.3434789137333403,21,99
6,CTTACA,0.24005486968449932,0.41809198023565186,0.5742694289574173,-2.3434789137333403,21,99
6,TTAGAG,0.21719250114311844,0.3885299210270704,0.5591244764913063,-2.3446141696618126,19,92
6,AATTGA,0.7887517146776405,1.0811267367709785,0.7295895373744649,-2.3459675128056623,69,256
6,ATTTGA,0.7887517146776405,1.0811267367709785,0.7295895373744649,-2.3459675128056623,69,256
6,CAGGCG,2.652034750800183,3.1546940326871913,0.8406681144065519,-2.347876758973719,232,747
5,AATGA,3.86374028349337,4.459647789180286,0.866380895544668,-2.3481456933493496,338,1056
6,ACTTCC,0.5372656607224509,0.7855061446851641,0.6840140754471862,-2.3490736353273327,47,186
6,CTAATA,0.19433013260173754,0.35896786181848894,0.541485755971174,-2.349900461079905,17,85
5,TGCTA,1.2688614540466392,1.630136407787491,0.7783910652374869,-2.350442613040863,111,386
5,ATTTC,4.0580704160951075,4.670805354955868,0.8688188065701986,-2.360991557114355,355,1106
6,AGACGA,0.51440329218107,0.7601672367920942,0.676740055709869,-2.3663279794121777,45,180
6,TGGACT,0.2743484224965706,0.4645466447062798,0.5906605064802728,-2.369677852208055,24,110
5,ACAAC,3.326474622770919,3.889522361586216,0.8552435978423154,-2.3724752520401315,291,921
6,CGTGCG,1.7946959304983996,2.22137759195912,0.8079288924609723,-2.374937867299629,157,526
6,CGGTGA,1.2688614540466392,1.6343595591030027,0.7763798418744908,-2.375566824464811,111,387
5,TTATC,2.7892089620484684,3.3109506313611217,0.842424134390789,-2.380074269895564,244,784
6,CAGTGT,0.24005486968449932,0.42231513155116346,0.5685280941585102,-2.389170601288743,21,100
5,TCAGA,2.217649748513946,2.6901473879809115,0.8243664721772725,-2.389860385606341,194,637
6,TCAAAT,0.6287151348879744,0.8995312302039782,0.698969882076459,-2.3908110747856366,55,213
6,AATGTG,0.3429355281207133,0.5532328223320241,0.6199442980356529,-2.3913196571208415,30,131
5,GGCGT,6.881572930955647,7.669242788969129,0.8972963029966019,-2.3965128842990993,602,1816
6,GTAATA,0.40009144947416553,0.6250263946957219,0.6401768552245459,-2.399917883559541,35,148
5,TAATC,2.0004572473708278,2.45365091431226,0.8153057572803987,-2.400388282645646,175,581
6,TGAATC,0.7315957933241883,1.0220026183538158,0.7158731228989976,-2.40071733579968,64,242
6,TGAGTG,0.36579789666209417,0.5827948815406057,0.6277253553762849,-2.4016333371865004,32,138
6,TGATTT,1.4288980338363055,1.8201782169855147,0.7850437479842,-2.4090291984940593,125,431
6,ATATTG,0.7087334247828074,0.9966637104607459,0.7111348631012611,-2.4116821198887988,62,236
5,TAAAG,2.2862368541380884,2.7703872629756323,0.8252471991812935,-2.4137300829813166,200,656
6,ACAGGG,0.5372656607224509,0.7939524473161874,0.6767382463698582,-2.4187169842741834,47,188
5,TATCT,1.886145404663923,2.3311795261624226,0.809103062715486,-2.418939816551191,165,552
5,TACCA,1.5546410608139003,1.9637653617129103,0.7916739564355031,-2.42446803558168,136,465
6,CATGGA,1.2574302697759487,1.630136407787491,0.7713790857380199,-2.427218640265117,110,386
5,AACAG,3.0749885688157295,3.6319101313400064,0.8466629931126309,-2.4281651441301166,269,860
6,CTGATG,1.2345679012345678,1.6047974998944212,0.7693126204731398,-2.4304686286316506,108,380
6,TACAAC,0.3429355281207133,0.5574559736475357,0.615248592668772,-2.4318388931686603,30,132
6,TAGTAT,0.24005486968449932,0.42653828286667517,0.562900422509782,-2.434528556664673,21,101
6,TAACAG,0.24005486968449932,0.42653828286667517,0.562900422509782,-2.434528556664673,21,101
6,TTTTAG,1.0631001371742113,1.410532539380886,0.7537045314726968,-2.435963878928185,93,334
6,TTCAGA,0.5601280292638318,0.8235145065247689,0.680206607369881,-2.4359857849476203,49,195
5,AGTCG,1.9433013260173753,2.3987499472106086,0.8101387618167487,-2.440879810651793,170,568
6,ATATGT,0.4686785550983082,0.7137125723214663,0.6567249909506963,-2.4415388317129243,41,169
5,ATAGT,1.1545496113397347,1.5161113222686768,0.7615360697953736,-2.443667023438336,101,359
6,GCACAC,0.9259259259259258,1.2542759407069555,0.7382363579167706,-2.444968962799624,81,297
5,TGATT,4.13808870598994,4.780607289159171,0.8656017730626975,-2.449564194138871,362,1132
6,GAAAAT,1.4746227709190671,1.8793023354026777,0.7846764597124413,-2.452842195776666,129,445
6,GATATT,0.8916323731138546,1.2162675788673507,0.7331109350548558,-2.4561562597649864,78,288
6,AGGTAC,0.17146776406035666,0.3378521052409308,0.5076688720078946,-2.4605025271425887,15,80
6,CCAATC,0.5715592135345221,0.8404071117868154,0.6801360815606243,-2.4615966952362185,50,199
6,GTATTT,0.8001828989483311,1.11068879597956,0.7204636037425942,-2.4616440987409467,70,263
5,CAATA,2.4348422496570645,2.9435364669116093,0.8271885054514716,-2.4618020011770665,213,697
6,GCTCAG,1.2802926383173296,1.663921618311584,0.7694567331501934,-2.473929710783167,112,394
6,TTACTG,0.4343850022862369,0.6757042104818616,0.6429155005951215,-2.47585572211302,38,160
6,GGGATT,0.5486968449931412,0.8150682038937455,0.6732314169906892,-2.478762705173479,48,193
6,TGGAGT,0.28577960676726105,0.4898855525993497,0.5834449714908605,-2.4792962901950757,25,116
6,ATCATT,0.903063557384545,1.2331601841293973,0.7323382113581496,-2.4807838074023105,79,292
6,AGTGAC,0.30864197530864196,0.5194476118079311,0.5942515532585668,-2.4830156674678427,27,123
5,GTGAC,2.686328303612254,3.2264876050508886,0.8325911558722066,-2.4984473061962302,235,764
6,CGTTAT,0.48010973936899864,0.7348283288990245,0.6534102993259049,-2.502770996292337,42,174
6,ATTTAA,2.217649748513946,2.715486295873981,0.8166743777885312,-2.509219684179125,194,643
6,ACTCAT,0.3429355281207133,0.565902276278559,0.6060674002517399,-2.5122060293616006,30,134
6,TAAGTC,0.1257430269775949,0.27872798682376787,0.4513285356004577,-2.5122085161152934,11,66
5,GATTT,4.686785550983082,5.384517927277335,0.8704211913050156,-2.512536130453146,410,1275
6,ATGGAG,0.4343850022862369,0.6799273617973732,0.638922823837344,-2.5128852715296457,38,161
5,GTATT,2.377686328303612,2.89285865112547,0.8219219888879379,-2.5160931392624937,208,685
6,ATCCTT,0.5029721079103796,0.7643903881076058,0.6580489640369025,-2.5170551023649237,44,181
6,ACTGCA,0.6287151348879744,0.9164238354660247,0.6860870503910473,-2.5213534953581362,55,217
6,TGCTAC,0.24005486968449932,0.4349845854976984,0.5519728293977213,-2.524266653142509,21,103
5,GGACT,1.8632830361225423,2.3269563748469104,0.8007468389093617,-2.5254211116035954,163,551
6,TAGATA,0.33150434385002286,0.5532328223320241,0.5992855122030798,-2.5291328511104116,29,131
6,TTATCA,0.720164609053498,1.0262257696693273,0.7017894613379538,-2.530127637428737,63,243
6,GAATAT,0.7087334247828074,1.0135563157227923,0.6992837846399355,-2.536366390462953,62,240
6,AAACAG,0.8916323731138546,1.2289370328138858,0.7255537053039235,-2.54173574857349,78,291
6,TTATAT,1.1774119798811158,1.5583428354237931,0.7555695679789952,-2.542115001913465,103,369
6,CTATCA,0.2972107910379515,0.5110013091769079,0.5817061817289204,-2.5436213474149394,26,121
6,GCGTTG,1.4746227709190671,1.8961949406647238,0.7776863921822837,-2.5465345048550816,129,449
6,AGTAAT,0.4686785550983082,0.7263820262680012,0.6452720620033269,-2.549749945706301,41,172
6,TCTAAC,0.102880658436214,0.24916592761518647,0.41313571983730646,-2.555865787196071,9,59
6,ACTAAC,0.11431184270690445,0.26605853287723297,0.42986351581550647,-2.5590764387144946,10,63
6,TTCAAA,0.9945130315500686,1.3514084209637232,0.7359281053097972,-2.5622560121183717,87,320
5,TTTAT,6.367169638774577,7.183580387685291,0.8863520222433258,-2.563632327681672,557,1701
6,ATAGCA,0.28577960676726105,0.49833185523037293,0.5735580576709505,-2.5638550432571026,25,118
5,ATAAC,2.034750800182899,2.5254444866759576,0.80570776358056,-2.5661104384851288,178,598
5,ATACA,1.5089163237311385,1.9384264538198404,0.7784347336388636,-2.5663144805586984,132,459
6,CGTCAG,1.314586191129401,1.7188225854132353,0.7648315301025296,-2.5672031511248568,115,407
5,TGAAT,3.4407864654778235,4.0626715655221926,0.8469308229579386,-2.569042743861828,301,962
6,CTACGC,0.5601280292638318,0.8404071117868154,0.6665357394452683,-2.5713904499513163,49,199
6,TTAGGG,0.18289894833104708,0.3631910131340006,0.5037255030130557,-2.5733372795231775,16,86
5,TAGAG,0.8116140832190215,1.1402508551881414,0.7118108251737141,-2.574960840330134,71,270
6,AGTGAT,0.411522633744856,0.658811605219815,0.6247008407258776,-2.576201022986735,36,156
6,GAGTGA,0.411522633744856,0.658811605219815,0.6247008407258776,-2.576201022986735,36,156
5,TTTTA,8.52766346593507,9.459858946746062,0.901458823863962,-2.5767676801667223,746,2240
6,ATGATA,0.6744398719707362,0.9797711051986994,0.6883965333725728,-2.5877259422645698,59,232
6,TGTCGA,0.6744398719707362,0.9797711051986994,0.6883965333725728,-2.5877259422645698,59,232
6,TAGCTG,0.19433013260173754,0.3800836183960471,0.5114111266077609,-2.5888021414629967,17,90
5,TAAAA,7.773205304069501,8.674352802060897,0.8961147730520478,-2.5921434909012566,680,2054
5,AATCA,3.5208047553726565,4.155580894463449,0.8472509908216256,-2.593906714464167,308,984
6,CAATAT,0.5258344764517604,0.8023987499472106,0.6553710849846894,-2.600532546907058,46,190
6,CGCTCA,1.5546410608139003,1.9975505722370033,0.7782847923562901,-2.6077104865613454,136,473
6,GTATCA,0.3543667123914037,0.5912411841716289,0.5994284211541141,-2.6139928791398424,31,140
5,GCTAG,1.0859625057155922,1.4654335064825375,0.7410697202838284,-2.61567470279153,95,347
6,AAAACT,0.9144947416552356,1.2669453946534905,0.7218326553369916,-2.617593977481307,80,300
6,CGCTAG,0.2972107910379515,0.5194476118079311,0.5722493651801499,-2.626388840964103,26,123
6,TAAATT,2.217649748513946,2.740825203767051,0.8091245049175121,-2.627782764619603,194,649
5,CCAAT,2.217649748513946,2.740825203767051,0.8091245049175121,-2.627782764619603,194,649
5,CCCTA,1.2345679012345678,1.6385827104185142,0.7534514725667897,-2.631113834149037,108,388
6,ATGTGA,0.48010973936899864,0.751720934161071,0.6387288748548174,-2.6445430465337836,42,178
5,ACTGC,3.2693187014174665,3.897968664217239,0.8387278375646546,-2.6520557990189983,286,923
6,TGATAG,0.3543667123914037,0.5954643354871405,0.5951778695772112,-2.6528923903181862,31,141
6,AAGTAA,0.5029721079103796,0.7812829933696525,0.6438226992129952,-2.6563632029562627,44,185
6,AGAATA,0.5029721079103796,0.7812829933696525,0.6438226992129952,-2.6563632029562627,44,185
5,GCTCA,3.715134887974394,4.383631065501077,0.8475052033215291,-2.6626357779399203,325,1038
6,GCTAGT,0.09144947416552354,0.24071962498416316,0.3801578636771984,-2.667399517318151,8,57
6,CATATA,0.2972107910379515,0.5236707631234427,0.5676353320391063,-2.667403339305403,26,124
6,AATTTT,3.052126200274348,3.6656953418640987,0.8326231869568191,-2.668322814907536,267,868
6,CATTAA,0.5601280292638318,0.8530765657333503,0.6566378540675062,-2.6716397533251124,49,202
6,TTGGCT,0.48010973936899864,0.7559440854765827,0.6351610290903763,-2.6796203227641913,42,179
5,TATAA,3.0292638317329676,3.644579585286541,0.8311742530022163,-2.683908495721588,265,863
6,ATTTCT,0.8802011888431641,1.237383335444909,0.7113640754820119,-2.687923436891111,77,293
5,CGCTA,2.446273433927755,3.006883736644284,0.8135639059550899,-2.6901894354747613,214,712
5,ACATT,2.446273433927755,3.006883736644284,0.8135639059550899,-2.6901894354747613,214,712
6,TCAATA,0.5372656607224509,0.8277376578402804,0.6491196137710952,-2.691972232359696,47,196
5,AAACA,3.8866026520347505,4.577896026014612,0.8489965106890517,-2.696466264095004,340,1084
5,TAGTT,1.2574302697759487,1.6765910722581192,0.7500071364263562,-2.700441004538396,110,397
5,GTATA,1.1202560585276635,1.5203344735841884,0.7368657301531698,-2.7098004338051362,98,360
6,TATAAT,0.9602194787379973,1.3345158157016765,0.7195475038133785,-2.7102971168334804,84,316
6,AACATT,0.6744398719707362,0.9966637104607459,0.6767299660808636,-2.7124842895287307,59,236
5,TTTAA,7.430269775948788,8.357616453397524,0.889043055884989,-2.715455693478943,650,1979
6,TGAGAT,0.3886602652034751,0.6461421512732801,0.6015705791358661,-2.7178019980896173,34,153
5,TAACA,1.7146776406035666,2.2002618353815615,0.7793162074664912,-2.726338882953455,150,521
5,GAATA,2.4348422496570645,3.0026605853287722,0.8109012292068775,-2.727639191765321,213,711
6,CTATTC,0.30864197530864196,0.5447865197010009,0.5666170186740167,-2.7277141554401734,27,129
6,AATAAC,0.6515775034293553,0.971324802567676,0.6708470915163349,-2.72855336348875,57,230
6,TATCAC,0.28577960676726105,0.5152244604924194,0.554756524644858,-2.7298723679152035,25,122
6,TGACGT,0.6058527663465935,0.9164238354660247,0.661142397937185,-2.731686169983638,53,217
6,CATATT,0.5258344764517604,0.8192913552092571,0.6418599282359364,-2.736452253826046,46,194
6,CTATTA,0.3429355281207133,0.5912411841716289,0.5800974755398599,-2.748144826609973,30,140
6,GATTAA,0.5372656607224509,0.8361839604713037,0.6425636340312066,-2.759004428769149,47,198
5,GTTAT,2.3090992226794693,2.8717428945479115,0.8040827118584375,-2.7645428889988737,202,680
6,AGTGTC,0.14860539551897575,0.33362895392541914,0.4455873359798684,-2.7802646288390154,13,79
6,TAAAGT,0.4229538180155464,0.6968199670594197,0.6070335734540327,-2.781990605044408,37,165
5,TATTG,2.6634659350708736,3.2687191182060054,0.8148404175183278,-2.7887443810685055,233,774
5,TACAT,1.5432098765432098,2.0186663288145614,0.7644816809726838,-2.790363751529305,135,478
6,ACTAAA,0.5372656607224509,0.8404071117868154,0.6393350552145564,-2.7923345866100022,47,199
5,TTAAA,7.007315957933242,7.939524473161873,0.8825878329158069,-2.796784480099881,613,1880
6,GTTAAC,0.2514860539551898,0.4772160986528147,0.5270847865078732,-2.801976336022337,22,113
6,AAATAT,2.0233196159122087,2.5634528485155625,0.7893028681206551,-2.8105640932151443,177,607
6,CCTATT,0.36579789666209417,0.6292495460112336,0.5813905785443485,-2.826266828579557,32,149
6,GACTCA,0.2972107910379515,0.5405633683854892,0.5499000088091246,-2.8290809382977766,26,128
6,CCGTCA,1.6689529035208046,2.1706997761729805,0.7688654300781567,-2.8399719897927675,146,514
6,ACAAAC,0.6287151348879744,0.9586553486211411,0.6558661036857018,-2.840164102127899,55,227
5,ATTCT,2.4691358024691357,3.066007855061447,0.8053323363667684,-2.840490858011549,216,726
6,TCTTCA,0.5829903978052127,0.9037543815194898,0.645115418730356,-2.8476105252703974,51,214
6,ATTTCA,0.9373571101966164,1.330292664386165,0.7046469326626612,-2.8558609367713057,82,315
6,ATAATA,0.9945130315500686,1.3978630854343512,0.7114730295192591,-2.8579022930637232,87,331
6,GAGCGC,1.8975765889346137,2.4325351577347014,0.7800909161823314,-2.8594387064877096,166,576
6,AGAACC,0.5029721079103796,0.8066219012627222,0.623600409413635,-2.861241601871291,44,191
6,TTCTGA,0.5029721079103796,0.8066219012627222,0.623600409413635,-2.861241601871291,44,191
6,GTATAT,0.3200731595793324,0.5743485789095824,0.5573573881705561,-2.8649663989703087,28,136
6,TTGTGA,0.411522633744856,0.6925968157439081,0.5942320281966389,-2.8693628410139866,36,164
6,TAAATA,1.5660722450845908,2.0608978419696777,0.7599096967456374,-2.876566269552849,137,488
5,ATGTT,2.8120713305898493,3.4545377760885168,0.8140278410820556,-2.8824400877746608,246,818
6,TTTATC,0.9373571101966164,1.3345158157016765,0.7024172043875763,-2.882971256484928,82,316
6,TCATAA,0.3772290809327846,0.6503653025887918,0.5800910201221338,-2.8830384160153866,33,154
6,ATATAA,1.0631001371742113,1.4823261117445838,0.7172027858595872,-2.8832782151466274,93,351
6,ATGCCG,2.4119798811156836,3.0153300392753075,0.7999124004532947,-2.8968029407098044,211,714
6,CAACTG,0.6630086877000457,1.0093331644072807,0.6569119294682676,-2.905621570768131,58,239
6,AGTCGT,0.2972107910379515,0.5490096710165125,0.5414415493494577,-2.9085379508082614,26,130
6,AGCGCT,1.0631001371742113,1.4865492630600954,0.7151654149989196,-2.909094823019999,93,352
6,TATTTA,1.623228166438043,2.1326914143333755,0.7611284233087696,-2.911878333123871,142,505
6,CCAGCA,1.2802926383173296,1.7399383419907937,0.7358416233819427,-2.9136088754266227,112,412
6,TTAATC,0.6515775034293553,0.9966637104607459,0.6537933680672652,-2.914746892260433,57,236
6,CTCAGC,0.9144947416552356,1.3134000591241184,0.6963035405305691,-2.9211358594289734,80,311
6,TGTGAT,0.5715592135345221,0.8995312302039782,0.6354372706746817,-2.9225593612070626,50,213
5,TAAGT,1.1659807956104253,1.6090206512099328,0.7246695856731586,-2.923237051241275,102,381
6,TAGTTC,0.102880658436214,0.27872798682376787,0.36933400986502296,-2.9257959043469404,9,66
5,TTCTA,1.4060356652949246,1.8877486380337007,0.7448349602643425,-2.929799687467046,123,447
5,ACTCA,1.577503429355281,2.0862367498627474,0.7561595363064308,-2.9413159734213554,138,494
6,ATGAAT,1.02880658436214,1.456987203851514,0.7061393317039875,-2.9747545252284273,90,345
6,CATTTA,0.5829903978052127,0.9206469867815363,0.6332797241546242,-2.9753908640920184,51,218
6,TAGTGG,0.102880658436214,0.2829511381392795,0.3638235094661263,-2.9763316476311714,9,67
5,CTAAC,0.7658893461362597,1.144474006503653,0.6692353153083903,-2.979312255132948,67,271
5,ACTAA,1.29172382258802,1.7652772498838634,0.7317551093812971,-2.982243247972652,113,418
6,CGTCCA,0.7087334247828074,1.0769035854554667,0.6581532636987838,-2.9908060801975003,62,255
6,TATTAA,1.1659807956104253,1.6216901051564678,0.7190084536234875,-2.99767788133382,102,384
5,AGTGA,1.7261088248742569,2.267832256429748,0.7611377367998243,-3.0045278486105946,151,537
5,CAACT,1.931870141746685,2.5043287300983996,0.7714214896707312,-3.0204127519988724,169,593
6,GAATGG,0.5601280292638318,0.8995312302039782,0.6227307483943263,-3.0301418672025906,49,213
6,AATTTA,2.0118884316415184,2.5972380590396553,0.7746347937416489,-3.032674313106742,176,615
6,ACTCAC,0.24005486968449932,0.485662401283838,0.4943875216562374,-3.037532480893597,21,115
6,CTTAGT,0.057155921353452224,0.21538071709109335,0.2657125060951397,-3.0457336675602926,5,51
6,GGATCC,0.3886602652034751,0.6841505131128849,0.5681548756680859,-3.046966492879254,34,162
6,GTCAGT,0.3886602652034751,0.6841505131128849,0.5681548756680859,-3.046966492879254,34,162
6,TTTGAA,1.2231367169638776,1.6977068288356771,0.7204805023683108,-3.0514981325216968,107,402
6,ATACAT,0.2972107910379515,0.565902276278559,0.5252819705827994,-3.0648136260531436,26,134
6,AATAGA,0.4229538180155464,0.7306051775835128,0.5789664983825783,-3.0654631121293763,37,173
5,ATGCC,5.578417924096937,6.507876177203429,0.8571816755626332,-3.0672968665620406,488,1541
5,CATAT,1.8404206675811614,2.4114194011571435,0.763220344276727,-3.0723711485310665,161,571
5,CAATT,2.5948788294467304,3.260272815574982,0.7959147546103846,-3.0777065354120654,227,772
6,ACTATT,0.5715592135345221,0.9206469867815363,0.6208646042196156,-3.081806911724932,50,218
6,TATTCT,0.5715592135345221,0.9206469867815363,0.6208646042196156,-3.081806911724932,50,218
5,CAGCG,7.773205304069501,8.864394611258922,0.8769033819701931,-3.1156422100368353,680,2099
6,GTTCAA,0.5372656607224509,0.8826386249419317,0.6087483265590649,-3.1190729099952192,47,209
6,TTATCT,0.5029721079103796,0.8404071117868154,0.5985340288684885,-3.1272056159447077,44,199
6,ACAACA,0.9259259259259258,1.3598547235947465,0.6809240850887862,-3.1305281483798084,81,322
6,AAACAA,1.0173754000914494,1.469656657798049,0.6922747345236078,-3.135091383231564,89,348
5,GAGTG,1.5660722450845908,2.1115756577558176,0.7416727276901225,-3.1417523129667075,137,500
5,TGATA,2.5948788294467304,3.2771654208370284,0.7918122264213685,-3.1497427762037185,227,776
5,TTAGT,1.2459990855052583,1.7441614933063052,0.7143992401868806,-3.1637035189385396,109,413
6,TCTTAC,0.11431184270690445,0.31673634866337264,0.36110706107291674,-3.1641687750554652,10,75
6,AGAGTG,0.19433013260173754,0.4349845854976984,0.4468789267248496,-3.1677027003630327,17,103
5,ATAGA,1.5089163237311385,2.0524515393386547,0.7351904665046088,-3.177224430995896,132,486
6,ATATTA,1.2345679012345678,1.735715190675282,0.7112899506048489,-3.1916948793344737,108,411
5,ATATG,2.2862368541380884,2.9435364669116093,0.7767048954033569,-3.203277927991805,200,697
6,ATAAGT,0.19433013260173754,0.43920773681320996,0.44258299207784635,-3.209994141916013,17,104
5,TATTA,3.406492912665752,4.193589256303054,0.8123140997024738,-3.2175315655415355,298,993
6,TTTCTG,0.8687700045724738,1.304953756493095,0.6657733447756801,-3.218613012608704,76,309
5,AAATT,6.1842706904435305,7.20891929557836,0.8578657424646794,-3.224139534257907,541,1707
6,GGTTAA,0.30864197530864196,0.5996874868026522,0.5147522782685648,-3.23063792194321,27,142
6,TAATAT,1.0973936899862824,1.5836817433168628,0.6929576594864876,-3.24860113926577,96,375
6,AATATT,1.8289894833104712,2.436758309050213,0.7505932850167948,-3.2593650796362104,160,577
6,TTAACA,0.5258344764517604,0.8868617762574433,0.5929618282660992,-3.260447652981378,46,210
5,TGTGA,1.931870141746685,2.555006545884539,0.7561211663985098,-3.2628315745556122,169,605
5,TGAGA,1.440329218106996,1.9933274209214917,0.7225892465355652,-3.2851188220447844,126,472
6,AATAAT,1.5889346136259717,2.1664766248574687,0.7334310706553057,-3.2885651881815003,139,513
6,TTTAAT,2.7206218564243256,3.4545377760885168,0.7875563323182435,-3.3047576723215557,238,818
5,TTGAA,3.8866026520347505,4.746822078635078,0.818783748216134,-3.3113618661444995,340,1124
6,ATTAAT,1.4174668495656149,1.9722116643439334,0.7187336946755583,-3.314589229563553,124,467
5,GCGCT,8.870598994055785,10.106001098019341,0.8777568033427174,-3.3251738081418822,776,2393
5,TGTTA,1.7146776406035666,2.322733223531399,0.7382267582674719,-3.3440226299641465,150,550
5,ATTTT,8.321902149062643,9.535875670425272,0.87269540492562,-3.35565640342302,728,2258
5,ATTAA,4.618198445358939,5.5618902825288234,0.8303319874300781,-3.3644772206366027,404,1317
5,TGACA,2.9263831732967533,3.6994805523881924,0.7910310728084078,-3.366378630727021,256,876
6,CGCTAT,0.5372656607224509,0.9164238354660247,0.5863084405755979,-3.3723266675624095,47,217
6,ACATTT,0.6058527663465935,1.005110013091769,0.6028121073752915,-3.3837623623268307,53,238
5,TAGTG,0.8116140832190215,1.2627222433379788,0.6427777840477714,-3.3947502911128127,71,299
5,AAAAT,7.647462277091907,8.83483255205034,0.865605054938096,-3.4002662488886557,669,2092
5,ATAGC,1.4174668495656149,1.9891042696059802,0.7126301060304909,-3.4042359699358467,124,471
5,AGTGT,0.9830818472793781,1.4738798091135605,0.6670253155439461,-3.4097840758889255,86,349
5,GTCAG,3.4865112025605853,4.337176401030448,0.8038711117724103,-3.425711018110936,305,1027
6,TTAATA,1.2231367169638776,1.7652772498838634,0.6929038634911313,-3.433307664422107,107,418
6,AAATTT,2.4805669867398263,3.2222644537353773,0.7698281874554033,-3.462689893486037,217,763
6,CAGTCG,0.5829903978052127,0.9882174078297226,0.5899829277373949,-3.4699958747437063,51,234
6,AATAGC,0.33150434385002286,0.658811605219815,0.5032607427507648,-3.47334754337797,29,156
6,ATATTC,0.5486968449931412,0.9459858946746061,0.5800708456623728,-3.4816678538719703,48,224
6,TTGAGT,0.24005486968449932,0.5363402170699776,0.44768244818820435,-3.5132473903369346,21,127
6,ATTCTT,0.8459076360310928,1.3260695130706535,0.6379332564147255,-3.5295699113322616,74,314
6,AAAATA,2.732053040695016,3.5221081971367036,0.7756932264583495,-3.530209876699303,239,834
6,ATCATA,0.2972107910379515,0.6208032433802103,0.4788359445819373,-3.5503649109328315,26,147
6,GTGACA,0.3429355281207133,0.6841505131128849,0.5013303191547928,-3.5547011585360937,30,162
6,ATATAT,0.8687700045724738,1.3598547235947465,0.638896273161068,-3.5647792930530406,76,322
6,GGGCGT,1.3831732967535437,1.9806579669749567,0.6983555385447215,-3.5729270093714596,121,469
5,TCAAT,2.8463648834019204,3.669918493179611,0.7755996022068585,-3.607661873887354,249,869
6,TGAGAC,0.1371742112482853,0.3969762236580937,0.34571249314208896,-3.63778171139331,12,94
6,ACAACT,0.2514860539551898,0.5701254275940707,0.4412045513590945,-3.6689313232984055,22,135
6,CAGGAG,0.8687700045724738,1.3809704801723046,0.6291279243504445,-3.6952099401860248,76,327
5,GCTAT,1.9890260631001373,2.715486295873981,0.7324849393010946,-3.70491305872165,174,643
6,ATTTAT,1.771833561957019,2.4663203682587946,0.7184231790981929,-3.719493613596354,155,584
6,AAATAG,0.7315957933241883,1.2247138814983742,0.5973934524885279,-3.792878770712982,64,290
5,AATTT,6.195701874714221,7.420076861353943,0.8349938270317302,-3.8128459893292077,542,1757
5,ATAAT,3.7494284407864655,4.742598927319565,0.790589598506433,-3.8394311412958597,328,1123
6,GCGCTA,0.5486968449931412,0.9966637104607459,0.5505786770060724,-3.842668935515368,48,236
6,TAGCAT,0.11431184270690445,0.3843067697115588,0.29763222638548703,-3.8726512159231095,10,91
6,AATATA,0.9487882944673068,1.5118881709531653,0.6275765331345963,-3.8857568620176504,83,358
5,GTTAA,1.80612711476909,2.542337091938004,0.7104313890387239,-3.889384626977116,158,602
6,ATAAAG,0.5715592135345221,1.0346720723003504,0.5524494029527632,-3.8984898186544146,50,245
6,TCAGCG,1.3717421124828533,2.035558934076608,0.6739056771831634,-3.9305674513503335,120,482
6,TATCTT,0.36579789666209417,0.7643903881076058,0.4786167391428239,-3.943723298755687,32,181
5,CTATT,2.1262002743484225,2.930867012965075,0.725460322461077,-3.958085147409616,186,694
6,ATATTT,1.646090534979424,2.381857341948562,0.6911083191912902,-4.0239564403623165,144,564
6,AATAGT,0.2286236854138089,0.578571730225094,0.3952563663769078,-4.029430915810995,20,137
6,TTCAAT,0.7087334247828074,1.2331601841293973,0.5747638932194982,-4.033693287715852,62,292
5,TATTT,6.2871513488797435,7.601672367920942,0.8270770347467382,-4.052339263294862,550,1800
5,TATTC,2.3090992226794693,3.1842560918957727,0.7251699106630729,-4.135148782566381,202,754
5,TATCA,2.1604938271604937,3.0153300392753075,0.7165126695095686,-4.1524826675668915,189,714
5,TAAAT,4.89254686785551,6.119346256176359,0.7995244443755609,-4.198800680325608,428,1449
5,ATATA,2.4577046181984454,3.3742979010937963,0.7283683460690153,-4.209130950683182,215,799
6,ATAAAT,1.3031550068587106,2.022889480130073,0.6442223351427979,-4.293275951277263,114,479
6,TCATAT,0.2743484224965706,0.6883736644283964,0.3986331455749012,-4.370166177347302,24,163
5,ATTTA,5.0068587105624145,6.326280670636429,0.791441263375433,-4.450764847866137,438,1498
6,AAATAA,2.1833561957018746,3.12513197347861,0.6986541204720652,-4.5074864167514255,191,740
5,ATAAA,5.109739368998628,6.465644664048313,0.7902940240450619,-4.5281327216128595,447,1531
6,TAATAA,0.9945130315500686,1.6850373748891423,0.5902266760984396,-4.542302531875229,87,399
5,TTAAT,4.972565157750343,6.317834368005405,0.7870713540381762,-4.543453397081659,435,1496
6,AATAAA,2.06904435299497,3.0237763419063306,0.6842688387483886,-4.652782152606007,181,716
5,AATAG,1.577503429355281,2.4494277629967485,0.6440439064161672,-4.736033380528798,138,580
5,TATAT,2.5148605395518975,3.5812323155538666,0.7022416011575707,-4.7756376209323355,220,848
6,TTCATA,0.2286236854138089,0.6799273617973732,0.3363448270805924,-4.841513094831712,20,161
5,AATAT,4.263831732967535,5.642130157523544,0.7557174404312206,-4.930207659542212,373,1336
5,TAATA,2.6977594878829447,3.855737151062123,0.6996819062080454,-5.006222316571729,236,913
6,TATATT,0.8687700045724738,1.6132438025254443,0.5385522932014799,-5.0424500416111995,76,382
5,AAATA,5.555555555555555,7.170910933738756,0.7747381236607597,-5.1513229991617635,486,1698
5,TCATA,1.1202560585276635,2.094683052493771,0.534831546013281,-5.807734455151046,98,496
5,AATAA,4.526748971193416,6.284049157481313,0.7203598860800715,-6.0039782664017425,396,1488
5,ATATT,3.9780521262002746,5.832171966721568,0.6820930417681585,-6.595909913238782,348,1381
