k,kmer,pct_ess,pct_non,enrichment,z,n_ess,n_non
6,AGGTGA,3.1321444901691815,2.1115756577558176,1.483298099622919,5.3438447638328155,274,500
5,CGAAG,5.6698673982624594,4.286498585244309,1.3227194675470895,5.245701220777875,496,1015
5,TCTCC,3.8294467306812985,2.715486295873981,1.4102099191249606,5.2057867069172135,335,643
6,AAGGTG,2.7206218564243256,1.8075087630389797,1.5051497381823964,5.145526551336265,238,428
6,CCTTCC,2.217649748513946,1.4147556906963976,1.5674741693425716,5.065684440947477,194,335
5,CTAAG,2.423411065386374,1.5794585920013513,1.534296402589098,5.0636687145033905,212,374
6,TCCGAT,1.8289894833104712,1.1191350986105832,1.6342317048322559,4.988565691193508,160,265
6,TCCTCC,1.3717421124828533,0.7728366907386292,1.774844083506893,4.975211796256923,120,183
6,TAAGGT,1.5546410608139003,0.9164238354660247,1.6963454747724716,4.915798334825094,136,217
5,GAAGC,6.001371742112483,4.67502850627138,1.2837019846752662,4.848921990019203,525,1107
5,CTTCC,6.0699588477366255,4.742598927319565,1.27987437970625,4.82198084343719,531,1123
6,CCAAGC,2.274805669867398,1.503441868322142,1.5130311418637448,4.753325513095752,199,356
5,CAAGC,7.270233196159122,5.86173402593015,1.2402830179084563,4.65353059287368,636,1388
6,GTGCTC,0.9830818472793781,0.5363402170699776,1.8327892204829301,4.420116819540628,86,127
6,CGAAGC,1.703246456332876,1.0895730394020018,1.5631720660608894,4.4057403055602435,149,258
5,AAGCC,5.989940557841793,4.7932767431057055,1.2496494389799935,4.340989987121864,524,1135
6,CTCTCC,1.211705532693187,0.7137125723214663,1.6976522685109683,4.340525498498263,106,169
6,CTCCTC,0.9830818472793781,0.5490096710165125,1.7905017871189748,4.265033247289296,86,130
6,TCTGGA,1.440329218106996,0.9037543815194898,1.5936518620239006,4.210326136267126,126,214
5,CGCCT,8.516232281664381,7.141348874530175,1.1925216340955263,4.168897401010249,745,1691
5,TAAGG,5.372656607224508,4.290721736559821,1.25215097179314,4.135366377459217,470,1016
5,GTGCT,4.195244627343393,3.247603361628447,1.2917881223116954,4.119405351736712,367,769
5,TCCTC,3.589391860996799,2.7239325985050042,1.3177125203886229,4.0831206012914265,314,645
5,AGATC,3.9666209419295844,3.0575615524304234,1.2973054322433373,4.065618700674344,347,724
6,GAAGCC,1.9775948788294466,1.3556315722792347,1.4587658200690694,4.058549811284523,173,321
5,AGGAA,8.916323731138547,7.546771400819291,1.1814728590937136,4.054247400379841,780,1787
6,CTGGAA,1.8975765889346137,1.2922843025465602,1.4683531711081326,4.039375071303936,166,306
6,AAGGAA,3.7379972565157753,2.8632965919168885,1.3054766032299152,4.034121416569179,327,678
6,GGAAAG,1.931870141746685,1.3218463617551417,1.461458798662313,4.029129733495399,169,313
6,CTAAGG,1.0516689529035208,0.6208032433802103,1.6939337394626388,4.026108152143871,92,147
6,GTTTTC,1.9890260631001373,1.3767473288567929,1.4446961703094012,3.971682919231242,174,326
6,GGAACG,1.931870141746685,1.330292664386165,1.4521803926497778,3.965249220037651,169,315
6,AAGGGA,1.9890260631001373,1.3809704801723046,1.4402784591065698,3.9404118321774297,174,327
5,TCAAG,5.338363054412437,4.307614341821867,1.2392797272055496,3.9384615851898532,467,1020
6,TTTCTC,1.4060356652949246,0.9122006841505131,1.5413072572714828,3.8806111606370766,123,216
5,TTCTC,3.86374028349337,3.006883736644284,1.2849554975662476,3.8689864849565048,338,712
5,CTCTT,2.903520804755373,2.1706997761729805,1.3375811240750735,3.8517506840443563,254,514
6,AGTGCT,0.6973022405121171,0.37163731576502385,1.8760619688579956,3.84869942472071,61,88
5,AAGGT,5.098308184727938,4.113349381308332,1.2394483831247067,3.8470999626485747,446,974
5,GCCTT,5.1440329218107,4.155580894463449,1.2378556131834257,3.8427193248848988,450,984
6,GCCTAA,0.7544581618655692,0.4138688289201402,1.8227414944112446,3.837480623595149,66,98
6,AAGCCG,2.194787379972565,1.5710122893703282,1.397027694851928,3.8135952317723176,192,372
6,GATTTC,1.886145404663923,1.3134000591241184,1.436045161598035,3.8063201697955176,165,311
6,GCCTTC,2.1033379058070416,1.4992187170066305,1.4029291317102524,3.7766266985064503,184,355
5,CCTAA,1.954732510288066,1.3767473288567929,1.4197888678849955,3.760352014650613,171,326
6,TTTCGC,1.886145404663923,1.3218463617551417,1.4268698483042568,3.742451513610775,165,313
6,TCTGGC,1.4288980338363055,0.9459858946746061,1.5104316023311928,3.740599567399401,125,224
5,AAGCA,5.041152263374485,4.092233624730774,1.2318771453307742,3.718852706557733,441,969
6,GATTTG,1.3260173754000915,0.8657460196798852,1.5315856922116182,3.715846651908425,116,205
5,TTCCT,4.481024234110654,3.5896786181848896,1.2483009986773106,3.711948245533519,392,850
6,CTCAAG,1.2345679012345678,0.7939524473161874,1.554894648845443,3.7028933215790043,108,188
6,GTGATC,1.4631915866483767,0.9797711051986994,1.4933510937151768,3.6875174317288724,128,232
6,TCTCCG,1.0745313214449017,0.6714810591663499,1.600151324664915,3.6613046779688516,94,159
6,GAAGAA,2.5034293552812072,1.8624097301406308,1.3441698127892066,3.6282792769267553,219,441
5,AAGCT,3.5208047553726565,2.7577178090290975,1.276699549856126,3.59650785479437,308,653
6,CGCCTT,2.1490626428898034,1.5667891380548165,1.3716111693503974,3.5754702796663267,188,371
5,GAAGA,6.332876085962506,5.308501203598125,1.1929651226522853,3.56545470003774,554,1257
6,AAAGCT,0.9373571101966164,0.5743485789095824,1.6319251968141282,3.5504991744683267,82,136
6,TCTCCC,1.211705532693187,0.7939524473161874,1.5261026356495222,3.522571488567717,106,188
6,GGCGAA,1.7489711934156378,1.237383335444909,1.413409896777963,3.51072030459219,153,293
5,CCTTC,5.235482395976223,4.320283795768402,1.211832708266384,3.5036846386232745,458,1023
6,TTCCGA,1.4631915866483767,1.0008868617762574,1.4618489438030753,3.5024830858193887,128,237
6,TCTAAG,0.6515775034293553,0.3631910131340006,1.7938167470963087,3.478585443801029,57,86
6,TCGCAA,1.3603109282121628,0.9206469867815363,1.477507879735201,3.4650578656521556,119,218
6,CGAAGA,1.4974851394604483,1.0346720723003504,1.4472608795202995,3.4552569531170088,131,245
6,GCGAAG,1.6918152720621855,1.1993749736053043,1.410546538521547,3.4328917339194804,148,284
6,TTTCAA,1.9661636945587562,1.4316482959584442,1.3733305638352415,3.4303228367419694,172,339
6,AGGATT,1.6803840877914953,1.190928670974281,1.4109518341122989,3.423832639991327,147,282
5,TCTGG,4.320987654320987,3.5136618945056797,1.2297610891272082,3.404473784822506,378,832
5,TCGGC,7.441700960219479,6.38118163773808,1.1661922138351681,3.3978942105122005,651,1511
5,TTTTC,7.9675354366712385,6.871067190337429,1.1595752535138013,3.3975242061997872,697,1627
6,GGTGAT,3.017832647462277,2.3522952827399806,1.2829190185873456,3.3861449741303833,264,557
6,CTAGGT,0.40009144947416553,0.19004180919802355,2.1046999140382923,3.3841483752935795,35,45
6,CGATTT,1.954732510288066,1.4316482959584442,1.3653464898866583,3.360198595298952,171,339
6,GTATTC,0.9373571101966164,0.5912411841716289,1.5853066474810789,3.3548483693887494,82,140
6,TGCCTA,0.6515775034293553,0.37163731576502385,1.7530591516975453,3.3534395607147562,57,88
6,CTCTTC,1.0059442158207592,0.6461421512732801,1.556760440089782,3.348197578469795,88,153
6,CCAACC,2.5148605395518975,1.9173106972422822,1.3116441580142648,3.3476593431657578,220,454
5,GGAAC,5.475537265660722,4.582119177330124,1.1949749790997901,3.332780787156843,479,1085
6,AGATCG,1.5089163237311385,1.0600109801934203,1.4234512724845225,3.3210199023116,132,251
5,CTGGA,6.8015546410608145,5.8110562101440095,1.170447737954072,3.313320896943931,595,1376
6,AGGAAC,2.1262002743484225,1.5879048946323748,1.3389758945552013,3.296742180314776,186,376
5,AGGTG,7.373113854595337,6.351619578529499,1.1608216898489598,3.2820378789806397,645,1504
5,GATTT,6.915866483767719,5.929304446978335,1.1663846758323497,3.270834389246435,605,1404
6,TCTGAG,1.0859625057155922,0.7179357236369779,1.5125466184530396,3.267190181681893,95,170
6,GAATTC,1.4974851394604483,1.0600109801934203,1.4126682653425677,3.2406343977324403,131,251
6,CGTGTA,0.5601280292638318,0.3125131973478609,1.7920805455965343,3.219477543893026,49,74
6,CCCCGT,1.3488797439414724,0.9417627433590946,1.4322466340800577,3.189875337598517,118,223
6,AAGTCC,0.8116140832190215,0.5067781578613961,1.601398818690036,3.183965420815279,71,120
5,GCCGC,16.323731138545952,14.890831538494023,1.096226323809749,3.183275076724328,1428,3526
5,AAGCG,5.601280292638317,4.738375776004054,1.182105925496985,3.173135290327866,490,1122
6,GCTTAA,0.7544581618655692,0.4645466447062798,1.6239397625319196,3.15374804183382,66,110
6,CTGTGT,0.5715592135345221,0.3251826512943959,1.757423001994484,3.1527223184291597,50,77
5,CGAAA,4.915409236396891,4.117572532623845,1.1937591436550328,3.1320623906884024,430,975
5,CCAAG,6.081390032007316,5.194476118079311,1.1707384575309565,3.1271339414580432,532,1230
6,AAGCAC,1.2688614540466392,0.8826386249419317,1.4375279592304167,3.1228601751714784,111,209
5,CGTCT,3.463648834019204,2.7999493221842138,1.2370313646179858,3.1202265314885786,303,663
6,AGTTTG,0.8687700045724738,0.5574559736475357,1.5583547583363135,3.1167391092222276,76,132
5,AAAGC,4.366712391403749,3.619240677393471,1.2065215133460667,3.1164115008291744,382,857
5,CCTTT,4.4467306812985825,3.69525740107268,1.203356048864926,3.1032004395776824,389,875
6,TTTAAG,1.6803840877914953,1.2331601841293973,1.3626354839127557,3.0930622176904032,147,292
5,GGTGA,8.27617741197988,7.263820262680013,1.139367877494619,3.0650323508154966,724,1720
5,AAGTC,2.8235025148605395,2.2382701972211665,1.2614546594508416,3.058583813397706,247,530
5,GCCTA,2.652034750800183,2.0862367498627474,1.2711920791188944,3.0566525060534553,232,494
6,TTTGAC,1.131687242798354,0.7770598420541408,1.4563120500499407,3.0473235163195844,99,184
5,GCCTC,4.823959762231367,4.058448414206682,1.1886170300063599,3.0278974163736208,422,961
6,CGCCTC,2.0118884316415184,1.5287807762152117,1.3159877885457187,3.0228860964677313,176,362
6,AGCCCC,1.6003657978966621,1.1740360657122344,1.363100789281875,3.020722837341356,140,278
6,GATCCT,0.9945130315500686,0.6672579078508383,1.490374235248255,3.020552225749227,87,158
5,CCTTA,1.9090077732053041,1.4400945985894675,1.3255901494666709,3.0180427840883475,167,341
6,CTTCCA,1.2802926383173296,0.9037543815194898,1.4165917259424388,3.01668857543779,112,214
6,GTCCTT,0.6744398719707362,0.4138688289201402,1.6294460472550782,3.0003111381845056,59,98
5,AAGGC,5.475537265660722,4.666582203640356,1.1733469361571958,2.9995627598133496,479,1105
6,GCTTGA,1.3031550068587106,0.9248701380970481,1.4089698177066694,2.998985602957759,114,219
5,ATCCT,3.7951531778692273,3.129355124794121,1.212752069138204,2.974990851827173,332,741
6,ACTAAG,0.6172839506172839,0.37163731576502385,1.6608070388272076,2.9734161997177697,54,88
6,AAGATC,1.131687242798354,0.7855061446851641,1.4406547739668252,2.964380341513658,99,186
5,TTTCG,5.0640146319158665,4.2949448878753325,1.179059768667744,2.964347976413869,443,1017
6,CTTCCT,1.3031550068587106,0.9290932894125596,1.4025660986882875,2.9611085192615416,114,220
6,TCCTCT,0.7773205304069501,0.49833185523037293,1.559732834587047,2.9526726574768203,68,118
5,TCTTC,4.275262917238226,3.5727860129228435,1.1966132985420133,2.9506355881034527,374,846
6,TCTCCT,0.6858710562414266,0.42653828286667517,1.6078516246414605,2.9489088817451505,60,101
5,TCTGA,4.435299497027892,3.7205963089657503,1.1920885578164289,2.945775009728679,388,881
6,CCGATC,2.903520804755373,2.3311795261624226,1.2455052138406995,2.938253080236981,254,552
6,TGGTCG,1.3946044810242342,1.0093331644072807,1.3816709517793355,2.934810969821254,122,239
5,TGGCC,6.767261088248742,5.887072933823219,1.1495094783726552,2.9339039486514493,592,1394
6,GCCTGA,3.8180155464106083,3.1589171840027026,1.2086403219791226,2.933201624497913,334,748
5,GAAGT,3.8180155464106083,3.1589171840027026,1.2086403219791226,2.933201624497913,334,748
5,GCCAA,6.092821216278006,5.257823387811985,1.1588075304409284,2.9315733491145766,533,1245
6,TCCAAG,1.2688614540466392,0.9037543815194898,1.4039445733651916,2.9295571308100126,111,214
6,CCTCTT,0.9373571101966164,0.6292495460112336,1.4895650853141047,2.9280929773794306,82,149
6,TTCAAG,1.5317786922725194,1.1275814012416066,1.3584321693927746,2.9232052787728033,134,267
6,AGGGTT,0.9830818472793781,0.6672579078508383,1.473245219264158,2.9209647928579616,86,158
6,TGAAGC,1.520347508001829,1.1191350986105832,1.3584701819030787,2.91239705434403,133,265
6,CCTTAC,0.594421582075903,0.35896786181848894,1.6557359911437506,2.90135387517577,52,85
5,CCTCT,2.903520804755373,2.3396258287934457,1.2410089973032086,2.891398366289015,254,554
5,GGAAA,7.418838591678098,6.51209932851894,1.1392370253760915,2.8872774325250274,649,1542
5,AATTC,4.801097393689986,4.071117868153216,1.1793024960042002,2.886358312507947,420,964
6,AGATCC,0.9945130315500686,0.6799273617973732,1.4626073705640568,2.8861325633434882,87,161
6,TCGTGC,1.2574302697759487,0.8995312302039782,1.3978286074960096,2.880508427325391,110,213
6,GGCCTT,1.314586191129401,0.9502090459901178,1.3834301553550323,2.859147528041285,115,225
5,GACTT,2.9949702789208965,2.42831200641919,1.2333451947214142,2.856098249725174,262,575
6,TCTTCC,1.6346593507087332,1.2247138814983742,1.334700214785983,2.854547829150092,143,290
6,AAGCTC,0.7773205304069501,0.5067781578613961,1.5337424159032962,2.8480987307582053,68,120
6,AAAACT,1.4517604023776864,1.0684572828244436,1.3587108765382088,2.846730255021923,127,253
6,ACGAAA,1.4060356652949246,1.0304489209848389,1.3644530954931846,2.8378204680767443,123,244
6,TTCTCT,0.9373571101966164,0.6376958486422568,1.4698388397984714,2.8356630546692245,82,151
6,AAAAGC,1.4974851394604483,1.11068879597956,1.3482177213894095,2.821791324071635,131,263
5,GAAAA,8.687700045724737,7.736813210017315,1.122902611144231,2.802449316951683,760,1832
6,TCCTTT,1.0859625057155922,0.7643903881076058,1.4206359198367362,2.7977960554273307,95,181
5,TCGTG,3.2578875171467763,2.6774779340343766,1.2167666441132794,2.795476540762158,285,634
6,AAAGGC,1.2459990855052583,0.8995312302039782,1.385122085215654,2.792789007831326,109,213
6,AGGCGG,2.3548239597622316,1.8666328814561424,1.261521658056013,2.7881855603261747,206,442
6,CAAGAA,2.091906721536351,1.6343595591030027,1.2799378913262633,2.782822156266898,183,387
6,TACGCA,0.7544581618655692,0.4941087039148613,1.5268006327860206,2.777769010037566,66,117
6,TTCGGC,1.7832647462277091,1.364077874910258,1.3072816815366013,2.7772023845930485,156,323
6,CTAAGA,0.5829903978052127,0.35896786181848894,1.6239002701388199,2.7705816881132654,51,85
5,ATTTC,5.521262002743485,4.767937835212636,1.1579945867810533,2.770178455401635,483,1129
6,TCAAGA,1.3717421124828533,1.0093331644072807,1.3590222323321146,2.768249321110675,120,239
6,AAGGGC,1.211705532693187,0.8741923223109084,1.3860416038999084,2.7590581727996804,106,207
6,GCAAGA,1.6346593507087332,1.237383335444909,1.321035446607443,2.756923055947806,143,293
6,CGAAGT,0.9487882944673068,0.6545884539043034,1.449373803384666,2.7547973959893737,83,155
6,TTCTAA,1.0402377686328304,0.7306051775835128,1.4237448981452296,2.753948914983157,91,173
6,GATTCT,1.0402377686328304,0.7306051775835128,1.4237448981452296,2.753948914983157,91,173
6,GTGCTA,0.6401463191586648,0.40542252628911696,1.5788181362388773,2.746576162779149,56,96
5,TCGCA,4.663923182441701,3.9782085392119604,1.17236336409583,2.74376206554386,408,942
5,CAAGA,5.589849108367627,4.839731407576334,1.1549883947645467,2.739939907573277,489,1146
6,TAAGGG,1.1431184270690442,0.8192913552092571,1.3952044036113707,2.73056992393062,100,194
6,GGCCGC,5.178326474622771,4.459647789180286,1.161147831540173,2.7269294372462918,453,1056
6,AAGCGA,1.29172382258802,0.9459858946746061,1.3654403155776105,2.7248127801258013,113,224
6,AGAAGT,1.0516689529035208,0.7432746315300477,1.4148572042857066,2.7225581185651513,92,176
5,GTTTG,3.61225422953818,3.019553190590819,1.196281162616358,2.6999681893668455,316,715
5,TTCCG,6.538637402834933,5.739262637780311,1.1392793617522272,2.6997733718592754,572,1359
6,GCCAAG,2.229080932784637,1.769500401199375,1.259708650197962,2.695036035612739,195,419
6,CATTAG,0.5601280292638318,0.34629840787195404,1.6172938920404036,2.694308385012139,49,82
5,CGGAA,4.709647919524463,4.033109506313611,1.167741946494918,2.6908960997427056,412,955
6,GTGGCC,1.8404206675811614,1.4274251446429327,1.2893087554275844,2.6816288251341462,161,338
6,ATTTGC,1.0516689529035208,0.7474977828455593,1.4068647299891708,2.680321220013562,92,177
6,CAAGTC,0.8687700045724738,0.5954643354871405,1.45890200739066,2.6792476755354753,76,141
6,CGACTT,0.9487882944673068,0.6630347565353267,1.430913227086684,2.6646194705795687,83,157
6,CACCTA,0.6058527663465935,0.3843067697115588,1.5763321931121888,2.6630858639159136,53,91
5,TCGAA,4.606767261088248,3.9444233286878667,1.1679148219464857,2.6625449551447136,403,934
6,GAAGAG,1.5660722450845908,1.190928670974281,1.3149744277805138,2.6549153764779962,137,282
6,TTCTCC,1.0973936899862824,0.7897292960006757,1.3895327706169862,2.6437690402913754,96,187
6,TTCCCC,1.7375400091449476,1.3429621183326999,1.2937897550874888,2.6387015271590735,152,318
6,CCGCCT,3.2007315957933242,2.6563621774568182,1.2049227062053116,2.6358573555331857,280,629
6,GGTCCC,0.7658893461362597,0.5152244604924194,1.4864214778477949,2.631891638314799,67,122
6,AACGCG,1.6346593507087332,1.2542759407069555,1.3032451417932946,2.6278339897466796,143,297
6,CTTTTG,1.3031550068587106,0.9671016512521644,1.3474491127796182,2.6254658530761663,114,229
5,TGATC,5.532693187014175,4.818615650998775,1.1481883530246058,2.615885205964762,484,1141
6,GCAGAA,1.4631915866483767,1.1064656446640482,1.3223721463832632,2.615567431878058,128,262
6,AGCCGT,1.1774119798811158,0.8615228683643734,1.366621085761567,2.607156803940292,103,204
5,TCCTA,1.4517604023776864,1.098019342033025,1.3221335303044164,2.6035935609510963,127,260
6,GACCCA,1.2459990855052583,0.9206469867815363,1.353356680385116,2.6026554109200495,109,218
5,GAACG,5.978509373571102,5.240930782549938,1.1407315891898475,2.599208641410116,523,1241
5,TTCGC,5.887059899405578,5.1564677562397065,1.1416818662533463,2.5940842039467342,515,1221
6,CCGTGT,0.9144947416552356,0.6419189999577685,1.4245602415433138,2.584868457981274,80,152
6,CCTAAG,0.48010973936899864,0.29139744077030283,1.647389212406154,2.5823753479166016,42,69
5,CCTGA,8.26474622770919,7.4074074074074066,1.1157391782618342,2.579767243979182,723,1754
5,GCGAA,4.8353909465020575,4.1766966510410075,1.1577032234252727,2.5797054009575064,423,989
6,ACAAGC,1.4288980338363055,1.0811267367709785,1.321645114052512,2.5794896213938454,125,256
5,GAAAG,6.264288980338363,5.515435618058195,1.1357716483288365,2.57787789639432,548,1306
6,AAACTG,1.2574302697759487,0.9333164407280712,1.3472338978677798,2.5771966654173797,110,221
6,CTACCT,0.6973022405121171,0.4645466447062798,1.500930327287676,2.5685396380784766,61,110
6,TACTTC,0.5601280292638318,0.3547447105029773,1.5787977463993539,2.568430852197857,49,84
6,CCCATT,1.2802926383173296,0.9544321973056294,1.3413823461707324,2.564393402593344,112,226
6,CGAGGG,1.6346593507087332,1.2627222433379788,1.2945284732929832,2.563743950955116,143,299
6,CTAAAT,0.9373571101966164,0.6630347565353267,1.4136751255424143,2.5633310796835644,82,157
5,AAGAA,6.893004115226338,6.115123104860847,1.1272040278869255,2.554197638880614,603,1448
6,TAGAGA,0.6172839506172839,0.4011993749736053,1.5384622780882506,2.553681771583747,54,95
6,GTTCGG,1.2345679012345678,0.9164238354660247,1.347120340418399,2.5527339419803203,108,217
6,GCCTCT,0.8802011888431641,0.6165800920646987,1.427484363725508,2.5495426048810024,77,146
5,TCCAA,4.218106995884774,3.610794374762448,1.1681889742793374,2.546905750400952,369,855
5,GTTTT,6.984453589391861,6.203809282486591,1.125831031912249,2.5465552246596403,611,1469
6,CAAGCG,2.1033379058070416,1.6808142235736308,1.2513654036046666,2.5436560649416586,184,398
6,GTTTGA,1.0402377686328304,0.751720934161071,1.3837573833903742,2.542377022840257,91,178
6,CGTCTG,1.2231367169638776,0.9079775328350016,1.347061977345651,2.540417795431084,107,215
6,GCAGAT,0.9945130315500686,0.7137125723214663,1.3933812181471965,2.5359168094511455,87,169
6,CCGAAT,1.3488797439414724,1.017779467038304,1.3252843658066529,2.5290990236963533,118,241
6,AAGACC,1.5089163237311385,1.157143460450188,1.3039748119588463,2.5285487046799546,132,274
6,CCTATA,0.6515775034293553,0.4307614341821867,1.5124990350233993,2.5265944635900217,57,102
5,CGGGC,8.676268861454046,7.817053085012036,1.109914155076405,2.5242912860784466,759,1851
6,TTGTTT,1.440329218106996,1.098019342033025,1.3117237471113374,2.5226801950685545,126,260
6,CTCTTT,1.0973936899862824,0.8023987499472106,1.367595513461519,2.5216877544874627,96,190
6,GATCGT,1.1659807956104253,0.8615228683643734,1.3533540466770655,2.5168741261045295,102,204
6,AAGGAC,1.7946959304983996,1.410532539380886,1.2723341340801053,2.5143424183737393,157,334
6,AAACAC,1.4631915866483767,1.1191350986105832,1.3074032332124903,2.5131438208511843,128,265
6,CACCAA,1.4631915866483767,1.1191350986105832,1.3074032332124903,2.5131438208511843,128,265
6,GCGTCG,1.9890260631001373,1.5836817433168628,1.255934456558626,2.5112030943974473,174,375
6,TCGTCT,0.8802011888431641,0.6208032433802103,1.4177751497170248,2.5031323241966303,77,147
5,TAGAG,2.0804755372656607,1.6681447696270957,1.2471644300318914,2.492829465156984,182,395
6,CGGAAA,1.5317786922725194,1.1824823683432577,1.295367437634479,2.4866811881110698,134,280
6,AGATTT,1.4060356652949246,1.0726804341399552,1.3107394771067198,2.4854900812063345,123,254
5,ATTCT,3.6694101508916326,3.1166856708475863,1.1773379816308436,2.4854598779321107,321,738
6,TCATCC,1.7946959304983996,1.4147556906963976,1.2685363901777105,2.4842124420495217,157,335
5,GCCCT,5.246913580246913,4.586342328645635,1.14402693945927,2.478518526772273,459,1086
5,TTCTG,4.218106995884774,3.627686980024494,1.1627493618316842,2.472185207008648,369,859
6,TCTGAC,1.29172382258802,0.9755479538831876,1.3240675772920112,2.4666155512711088,113,231
6,AGTCCT,0.5829903978052127,0.3800836183960471,1.5337073182300882,2.4647298901249592,51,90
6,AGCTAG,0.3772290809327846,0.21960386840660498,1.7174439561276333,2.4638952348194296,33,52
6,ACTCTA,0.3543667123914037,0.20271126314455848,1.747766405550905,2.4587264247176135,31,48
5,GATCG,6.675811614083218,5.937750749609359,1.1242976449892101,2.4578431753840375,584,1406
5,GATCC,5.555555555555555,4.88196292073145,1.1379729523689108,2.455447349245137,486,1156
6,TCGTGT,0.5715592135345221,0.37163731576502385,1.5378042216667573,2.4546126990498562,50,88
6,GTCAAG,1.211705532693187,0.9079775328350016,1.3344736422560222,2.4520462925569246,106,215
6,GCCCCG,2.9721079103795156,2.4832129735208412,1.1968720584443768,2.448543807961443,260,588
6,TAATCC,1.02880658436214,0.751720934161071,1.368552719950873,2.446159783789434,90,178
6,GAACGT,1.02880658436214,0.751720934161071,1.368552719950873,2.446159783789434,90,178
6,TCGGCC,2.1147690900777323,1.7061531314667007,1.2394814409862995,2.445537007554576,185,404
5,GTTCC,4.492455418381344,3.889522361586216,1.155010692747367,2.443936513864642,393,921
6,CTCCGA,0.823045267489712,0.578571730225094,1.4224736141326995,2.441736956359112,72,137
6,CCTGTT,1.520347508001829,1.178259217027746,1.2903090042754153,2.4411940344636522,133,279
6,GAAAGC,1.4860539551897578,1.1486971578191647,1.2936608913718233,2.4368080523964313,130,272
5,AGAAG,5.486968449931413,4.822838802314287,1.137702275487809,2.4350410578905364,480,1142
5,AGCTT,2.5148605395518975,2.069344144600701,1.2152831213703326,2.4332006114295686,220,490
5,CGCCG,15.614997713763145,14.536086827991046,1.074222414622144,2.4265476400865906,1366,3442
6,TCGCCT,1.5660722450845908,1.2204907301828625,1.2831264455449005,2.425791005173672,137,289
6,CACTAA,0.5372656607224509,0.34629840787195404,1.5512936795052699,2.424742820554668,47,82
6,TTTGGC,0.8916323731138546,0.6376958486422568,1.3981470324903793,2.423719928812004,78,151
6,CTGAAG,1.8175582990397805,1.444317749904979,1.2584020787333547,2.4187286776934767,159,342
5,TTCGG,4.366712391403749,3.7797204273829133,1.1552962568719858,2.412110134411427,382,895
6,GAGATC,1.4288980338363055,1.1022424933485366,1.2963285389602481,2.4073143084537754,125,261
6,TGATCG,2.0233196159122087,1.630136407787491,1.2411817122023021,2.4059138349396796,177,386
6,TTCGTG,0.7887517146776405,0.5532328223320241,1.425636945505999,2.4043089025357873,69,131
6,GCGAAA,1.2345679012345678,0.9333164407280712,1.3227406839668674,2.4026011327723418,108,221
6,TAGAGG,0.9487882944673068,0.6883736644283964,1.3782492250522305,2.3987639293924943,83,163
6,GAAACA,1.6575217192501144,1.304953756493095,1.2701558928150443,2.39835064089712,145,309
6,GTAAAA,1.7946959304983996,1.4274251446429327,1.2572779801698923,2.3941986203712577,157,338
5,GGGTT,3.4979423868312756,2.9773216774357025,1.1748562232017994,2.3941969289960294,306,705
6,TCAAGG,2.0118884316415184,1.6216901051564678,1.2405973037105222,2.3939234032551333,176,384
6,TCCTCA,0.823045267489712,0.5827948815406057,1.4121676026972798,2.393874341514582,72,138
5,TCCGA,4.481024234110654,3.8937455129017273,1.150822296175608,2.3804830310803857,392,922
5,CCCCT,4.172382258802012,3.6065712234469363,1.156879016772237,2.377530208826103,365,854
6,AAGCAT,1.0745313214449017,0.798175598631699,1.3461908685257273,2.3747327229392368,94,189
6,TCGGCG,2.652034750800183,2.2044849866970733,1.2030086237562707,2.3735616202266665,232,522
6,AGTCTA,0.3429355281207133,0.19848811182904685,1.727371920510594,2.372011142164921,30,47
6,CGCCGC,6.778692272519433,6.0602221377591965,1.1185531261257164,2.3715623545951208,593,1435
6,AAACGC,1.4517604023776864,1.1275814012416066,1.2874739272804805,2.364979680572389,127,267
6,TTCACG,1.02880658436214,0.7601672367920942,1.353348578722864,2.3628678374685355,90,180
5,GCTAA,2.686328303612254,2.2382701972211665,1.2001715833008013,2.3595212934376617,235,530
6,AACTAG,0.4572473708276178,0.2871742894547912,1.5920233296742392,2.3593055916584156,40,68
6,CGGTCA,1.4746227709190671,1.1486971578191647,1.2837103233425717,2.357134730593807,129,272
6,CCCCCT,1.4746227709190671,1.1486971578191647,1.2837103233425717,2.357134730593807,129,272
6,TTGAGA,0.9487882944673068,0.6925968157439081,1.3698464795861185,2.3551178041918783,83,164
6,CTACCA,0.6973022405121171,0.4814392499683263,1.4482770419191984,2.3548881877649883,61,114
5,TCCCA,3.4293552812071333,2.9224207103340514,1.1734579909324707,2.3527663095116806,300,692
6,CCTCCA,1.188843164151806,0.8995312302039782,1.3215894738138767,2.350206463076673,104,213
6,GAAGTA,1.0516689529035208,0.7812829933696525,1.346035122120908,2.3482439635008765,92,185
6,CATCCT,1.520347508001829,1.190928670974281,1.2765834652477996,2.342380418787431,133,282
6,AAAGGT,1.577503429355281,1.2416064867604206,1.2705123522960784,2.3415992584199308,138,294
6,GCCTTA,0.51440329218107,0.33362895392541914,1.541680115343093,2.3409598269764933,45,79
5,TCCGC,8.104709647919524,7.3313906837281975,1.1054790897992492,2.3408758470502296,709,1736
6,ACCTGG,1.3946044810242342,1.0811267367709785,1.2899278510161882,2.3342266506026332,122,256
6,ATTAGA,0.8116140832190215,0.578571730225094,1.4027194362912419,2.3331175068574863,71,137
6,GTTTGG,0.8916323731138546,0.6461421512732801,1.3798734288020198,2.333010539638049,78,153
5,CCTCC,4.423868312757202,3.8515139997466106,1.148601161240001,2.3327823841891937,387,912
5,TGGAG,7.578875171467764,6.833058828497824,1.109146642378558,2.331008501460114,663,1618
5,GTCCT,2.58344764517604,2.149584019595422,1.2018266971451335,2.3298298204054793,226,509
6,CAAGCA,1.8175582990397805,1.456987203851514,1.2474602029550257,2.329771045642208,159,345
5,AGCCT,4.13808870598994,3.585455466869378,1.1541276502976756,2.3295163176767653,362,849
5,TAATC,4.092363968907179,3.543223953714261,1.1549787776579914,2.3277668325539613,358,839
6,ACGAAG,1.3260173754000915,1.0220026183538158,1.2974405422577995,2.3254119215276408,116,242
6,TTCAGA,0.9487882944673068,0.6968199670594197,1.3615455709656887,2.311656456680877,83,165
6,CCCGAA,1.4631915866483767,1.144474006503653,1.2784595651602424,2.3107029210385877,128,271
6,GTAGAG,0.48010973936899864,0.30829004603234933,1.5571505810489936,2.310104100729861,42,73
5,CTTCT,2.937814357567444,2.47898982220533,1.18507781817843,2.303234577174103,257,587
6,ATCCCA,1.0745313214449017,0.8066219012627222,1.3320963764127813,2.2941328189868493,94,191
6,AGCGCC,2.5948788294467304,2.1664766248574687,1.1977323117373913,2.2928979552541993,227,513
6,CGCCCT,2.1490626428898034,1.7610540985683518,1.2203149313492017,2.2918665072290287,188,417
6,TGAGTT,0.720164609053498,0.5067781578613961,1.4209817445920632,2.276702536463653,63,120
5,CGTGT,2.7434842249657065,2.3058406182693525,1.189789625643011,2.2744357173027274,240,546
6,CCAAAG,0.8802011888431641,0.6419189999577685,1.371145073434072,2.274305719054113,77,152
6,CTAGGG,0.4343850022862369,0.2745048355082563,1.5822190511760805,2.2709254788821247,38,65
6,GCCTGT,1.5089163237311385,1.190928670974281,1.2669857246146212,2.2637911137083986,132,282
6,TTAAGC,0.6630086877000457,0.46032349339076817,1.4402147093246949,2.263190233213346,58,109
5,GCCTG,9.5679012345679,8.75881582837113,1.092372780153458,2.2622154591365895,837,2074
6,CTTCTA,0.4229538180155464,0.26605853287723297,1.5894805755135502,2.2616044130126025,37,63
5,CTAGG,1.646090534979424,1.3134000591241184,1.2532854669813671,2.260680662642846,144,311
5,CCGTC,6.755829903978052,6.072891591705731,1.112455007052052,2.253758615071492,591,1438
6,GAAGCT,0.9716506630086876,0.7221588749524895,1.3454326373941887,2.2531673234788268,85,171
6,ATTGAA,2.05761316872428,1.6850373748891423,1.221095205285354,2.248659629622009,180,399
6,AAGAAG,2.1833561957018746,1.7990624604079564,1.2135959057342607,2.248165815532365,191,426
5,TTCCC,6.104252400548696,5.456311499641032,1.1187485403090092,2.246501180245256,534,1292
6,GCTTCT,0.9259259259259258,0.6841505131128849,1.3533434146992795,2.240672781603769,81,162
5,CTTCG,4.526748971193416,3.9697622365809364,1.140303794292919,2.2398231511439346,396,940
5,TGCCT,3.85230909922268,3.340512690569703,1.1532043538293855,2.2323737387359555,337,791
6,AGGTCC,0.7658893461362597,0.5490096710165125,1.3949660451586279,2.2307198913322055,67,130
6,ATCTGG,1.4517604023776864,1.144474006503653,1.268472282375786,2.230589017775918,127,271
5,TTTCC,6.881572930955647,6.199586131171079,1.1100034397476417,2.229722531359965,602,1468
6,AGCCCT,1.0516689529035208,0.7939524473161874,1.3245585432780764,2.2262936367599795,92,188
6,GGTGAA,2.857796067672611,2.419865703788167,1.180965524924141,2.2254793332048384,250,573
6,GTCTCC,0.8001828989483311,0.578571730225094,1.3829652584497842,2.2239916639091817,70,137
6,GTAAGG,1.1774119798811158,0.9037543815194898,1.3027673527472137,2.223039497760623,103,214
6,GGTTCC,1.1774119798811158,0.9037543815194898,1.3027673527472137,2.223039497760623,103,214
6,CCGAGT,0.6744398719707362,0.47299294733730307,1.425808344358612,2.223037470263922,59,112
6,AAGCCC,1.3260173754000915,1.0346720723003504,1.2815550505263111,2.219327924671652,116,245
6,CGAAAA,1.4974851394604483,1.1867055196587695,1.2618622972793674,2.2177705987318297,131,281
6,TTCGAC,1.3831732967535437,1.0853498880864902,1.2743778519265208,2.2176609039342856,121,257
5,GGCCT,5.578417924096937,4.9664259470416825,1.1232233524159454,2.216890165472947,488,1176
6,TCGCGA,1.108824874256973,0.8446302631023269,1.312756181108481,2.216561671731247,97,200
6,AGAAGA,1.7946959304983996,1.4527640525360024,1.2353502224558097,2.2158375904289485,157,344
6,CAGAAG,1.1659807956104253,0.8953080788884666,1.302289786192195,2.2091676245115606,102,212
6,GTCTGA,1.2574302697759487,0.9755479538831876,1.288918061859135,2.208626626461726,110,231
6,TGCCGC,3.715134887974394,3.2180413024198655,1.1544660531781936,2.207310060372433,325,762
6,GTGCTG,1.9890260631001373,1.630136407787491,1.2201457737039014,2.201840158512388,174,386
6,CCAATA,0.8573388203017833,0.6292495460112336,1.3624206543663389,2.2010106296727225,75,149
6,TCAACT,0.8573388203017833,0.6292495460112336,1.3624206543663389,2.2010106296727225,75,149
6,AAAACG,1.5660722450845908,1.2500527893914437,1.2527846663022533,2.2005186517994346,137,296
6,CCGCTT,2.1604938271604937,1.7863930064614217,1.2094051414396905,2.197285237040159,189,423
6,TAATCG,0.9259259259259258,0.6883736644283964,1.3450419003241854,2.1970525526139637,81,163
5,GAGAT,4.869684499314129,4.303391190506356,1.1315892803631233,2.193523207015454,426,1019
6,GCCTCC,1.5317786922725194,1.2204907301828625,1.255030580187203,2.192701246271317,134,289
6,TCGAAA,1.211705532693187,0.937539592043583,1.2924001321787832,2.1898798139670212,106,222
5,CCTCA,3.463648834019204,2.9899911313822374,1.1584091192625314,2.178226483470698,303,708
5,TTTCT,4.89254686785551,4.328730098399426,1.1302469158271087,2.178191136136104,428,1025
6,GGGTTA,0.720164609053498,0.5152244604924194,1.3976914823046582,2.174801617798249,63,122
6,CCAAGT,0.720164609053498,0.5152244604924194,1.3976914823046582,2.174801617798249,63,122
5,GAGTT,3.6236854138088708,3.1420245787406564,1.1532914507359415,2.1639315801633527,317,744
6,CCAGCT,0.7887517146776405,0.5743485789095824,1.3732329465851199,2.1620583341854034,69,136
6,CGTAAA,0.7887517146776405,0.5743485789095824,1.3732329465851199,2.1620583341854034,69,136
6,TACGAA,0.7887517146776405,0.5743485789095824,1.3732329465851199,2.1620583341854034,69,136
6,GGAAGA,1.771833561957019,1.4400945985894675,1.230343152024357,2.1604232221230855,155,341
6,ACCGAA,1.6117969821673523,1.296507453862072,1.2431649820970565,2.1588752725489258,141,307
6,ATGCCT,0.8916323731138546,0.6630347565353267,1.344722719365336,2.154037397562617,78,157
6,TTCCTG,1.8175582990397805,1.4823261117445838,1.2261375353815651,2.1534710740448455,159,351
6,TTCCTA,0.51440329218107,0.34629840787195404,1.485293466970136,2.15113002543545,45,82
6,GCTTGG,0.7773205304069501,0.565902276278559,1.3735289821066747,2.1476316031516958,68,134
5,ACGAA,4.458161865569274,3.9275307234258205,1.1351020957694864,2.1461800630592,390,930
6,GGGAAA,1.7261088248742569,1.4020862367498628,1.2310838458059954,2.1379449796059684,151,332
6,CGTTTT,2.1033379058070416,1.7441614933063052,1.205918902572289,2.1354616436449985,184,413
6,AGCGAA,1.1659807956104253,0.9037543815194898,1.2901202001699663,2.1335136767227714,102,214
6,CCGTTT,1.8747142203932328,1.5372270788462352,1.2195285220632959,2.131283323553908,164,364
6,CCTCCG,1.2802926383173296,1.005110013091769,1.2737563510526215,2.128528977417943,112,238
6,GCTGCG,2.8692272519433013,2.4494277629967485,1.1713797635969518,2.1233167845303003,251,580
6,TCTATC,0.7544581618655692,0.5490096710165125,1.3741483745291359,2.1184951857416316,66,130
6,TCGAAG,1.211705532693187,0.9459858946746061,1.280862064971354,2.1160401939257065,106,224
6,ACTAGG,0.48010973936899864,0.32095949997888423,1.4957032556288836,2.1124867134687038,42,76
6,GACTGG,1.2345679012345678,0.9671016512521644,1.2765361800573176,2.1079418755205057,108,229
5,AGGGC,4.538180155464106,4.011993749736053,1.1311500773785932,2.1076804756723893,397,950
6,CGAATC,1.3488797439414724,1.0684572828244436,1.262430910934234,2.107466252021849,118,253
6,TGGCCG,3.2007315957933242,2.7619409603446092,1.1588646373274525,2.0968450921008253,280,654
5,GTCGC,5.875628715134888,5.283162295705055,1.112140262260208,2.0872794487650324,514,1251
6,GCAGGT,1.4974851394604483,1.2035981249208159,1.2441534205754166,2.0872456413404805,131,285
6,CCTTTT,1.577503429355281,1.2753916972845136,1.2368590346091277,2.0871033209179504,138,302
5,AGCAC,4.240969364426155,3.737488914227797,1.1347072836934446,2.0854600576294544,371,885
6,TCCCAG,0.7658893461362597,0.5616791249630475,1.3635062466706016,2.0846924332297405,67,133
6,CCTGAA,2.0804755372656607,1.7314920393597704,1.2015390981093454,2.083440310158928,182,410
6,ATTAGG,0.8001828989483311,0.5912411841716289,1.3533353001100283,2.0819122013063547,70,140
6,CAAGCC,2.1033379058070416,1.7526077959373283,1.200107576792141,2.0818259470917915,184,415
6,AGTCAA,0.903063557384545,0.6799273617973732,1.3281282608943894,2.080719824697881,79,161
6,AGCCTC,1.0631001371742113,0.8192913552092571,1.2975486382849255,2.080534452898662,93,194
5,CTTTC,5.121170553269319,4.569449723383589,1.120738554843255,2.0797204423284645,448,1082
5,CAAGT,2.8463648834019204,2.436758309050213,1.1680879732853056,2.0778583302365865,249,577
6,GAAGTC,0.9945130315500686,0.7601672367920942,1.308241343855331,2.0726833833527842,87,180
6,AGCACA,1.2345679012345678,0.971324802567676,1.2709865940946599,2.071619566351007,108,230
6,TTTTCA,2.3090992226794693,1.942649605135352,1.188624214142402,2.0710963340171125,202,460
5,ACTTC,3.017832647462277,2.5972380590396553,1.1619329401341514,2.070011597493061,264,615
6,AGCTTC,0.7544581618655692,0.5532328223320241,1.3636605880082802,2.06970693445439,66,131
5,CCGCC,15.74074074074074,14.814814814814813,1.0624995781278477,2.068881781460576,1377,3508
5,TTTGC,4.755372656607224,4.227374466827146,1.1248968370887305,2.064363050103809,416,1001
5,GAAAC,5.464106081390032,4.898855525993497,1.1153818507633633,2.062888282150287,478,1160
6,AGTCCA,0.7087334247828074,0.5152244604924194,1.3755089834188738,2.0590358445924566,62,122
5,TCCTT,2.983539094650206,2.567675999831074,1.161954584374373,2.05814140061177,261,608
6,CCCTTA,0.5372656607224509,0.37163731576502385,1.4455521087964198,2.055936788418746,47,88
6,GCCAAC,2.1033379058070416,1.7568309472528398,1.19722286700909,2.055076225215487,184,416
6,GCTAAA,0.9487882944673068,0.7221588749524895,1.313778656620488,2.0546748277235105,83,171
6,CGTGCT,1.3603109282121628,1.0853498880864902,1.2533152779723382,2.0527965028305206,119,257
6,CTAGAG,0.3543667123914037,0.22382701972211666,1.5829564151359712,2.0525901676694382,31,53
6,GTTTCG,1.131687242798354,0.8826386249419317,1.2821317781045383,2.052188367965838,99,209
6,CCAGTT,0.7773205304069501,0.5743485789095824,1.3533335427213502,2.051764019875958,68,136
6,AGGGCT,1.0402377686328304,0.8023987499472106,1.296373070613836,2.05095402852908,91,190
6,CGCGAC,2.194787379972565,1.8412939735630727,1.1919705459475831,2.0501432892723908,192,436
6,CAGCCT,1.4631915866483767,1.178259217027746,1.2418043373389438,2.045612520540068,128,279
6,AGAAAC,1.3260173754000915,1.0557878288779088,1.2559263769612303,2.0445286909759774,116,250
6,AGAGTT,0.6973022405121171,0.5067781578613961,1.37587747606757,2.0439116481964867,61,120
6,TTTTCC,2.423411065386374,2.0524515393386547,1.1807309190234732,2.0429610001244214,212,486
6,GAACCC,1.7946959304983996,1.478102960429072,1.2141742227179895,2.039648347510202,157,350
6,TCGTTT,1.2345679012345678,0.9755479538831876,1.2654850515705507,2.035408055116002,108,231
6,CACGCA,1.7375400091449476,1.4274251446429327,1.2172395110977778,2.031734410103203,152,338
6,CCATCC,2.8006401463191586,2.40297309852612,1.1654827096341513,2.0317206691603285,245,569
6,GCAGCG,2.686328303612254,2.2973943156383294,1.169286158980491,2.0301282969104286,235,544
6,CCTCAA,1.1431184270690442,0.8953080788884666,1.2767568821672932,2.02897936131872,100,212
6,ACTCGG,0.51440329218107,0.3547447105029773,1.449939302890505,2.0272114401047117,45,84
6,GTAACA,0.720164609053498,0.5278939144389544,1.3641532399456728,2.0241040844774663,63,125
6,TTGGAG,1.80612711476909,1.490772414375607,1.2115236001100451,2.0238302456139103,158,353
6,TTAGCT,0.40009144947416553,0.26183538156172137,1.527825095976452,2.0234148519405846,35,62
6,AAGCAG,1.4174668495656149,1.1402508551881414,1.2430971074527206,2.022370947947953,124,270
6,ACAGGC,1.4174668495656149,1.1402508551881414,1.2430971074527206,2.022370947947953,124,270
5,CTGAA,6.127114769090078,5.540774525951265,1.1058208844817956,2.021512967588444,536,1312
6,GGTCAA,1.2231367169638776,0.9671016512521644,1.2647173579369344,2.0208200244314574,107,229
6,CGTTTA,0.7887517146776405,0.5870180328561172,1.3435998735044157,2.0196688659115893,69,139
6,CGTTCC,1.623228166438043,1.3260695130706535,1.2240729035305145,2.017052962239882,142,314
5,CCAAT,3.589391860996799,3.1420245787406564,1.1423773217914373,2.012614049310551,314,744
6,CGGCGA,2.7777777777777777,2.3860804932640733,1.1641524124513727,2.0084464958936517,243,565
6,TGTTCG,1.211705532693187,0.9586553486211411,1.2639361380731557,2.00614383901254,106,227
6,CCGCGT,2.034750800182899,1.701929980151189,1.1955434533545324,2.0053234224522836,178,403
6,AGAATT,1.3717421124828533,1.1022424933485366,1.2444790260381504,1.9989328515400155,120,261
6,CCGTCC,2.1719250114311843,1.8286245196165378,1.1877267396658697,1.9988443715293696,190,433
6,ACAGTC,0.6630086877000457,0.4814392499683263,1.3770605153030875,1.9978802506964555,58,114
5,ATCTG,4.263831732967535,3.7797204273829133,1.1280778584287965,1.9961045946226015,373,895
5,GTCTC,2.446273433927755,2.082013598547236,1.1749471477611384,1.9935376514671448,214,493
6,CCTCGT,0.8001828989483311,0.5996874868026522,1.3342774175141265,1.988368583957959,70,142
6,GTCCCT,0.6515775034293553,0.47299294733730307,1.377483023361847,1.9823086644517858,57,112
6,GAAAGG,2.32053040695016,1.9679885130284218,1.1791290846869789,1.9822597102268453,203,466
5,CTCTC,2.526291723822588,2.1580303222264456,1.1706390933871982,1.9815030031604124,221,511
6,GTCGCG,1.8175582990397805,1.5076650196376538,1.205531548594091,1.9792768805814698,159,357
5,CTGGC,7.6931870141746685,7.05266269690443,1.0908189237036678,1.9772935043363093,673,1670
6,GGTCGC,1.5889346136259717,1.3007306051775835,1.2215538343741874,1.9755884447631566,139,308
6,ATGGTC,0.720164609053498,0.5321170657544659,1.3533286611778552,1.9744319414470188,63,126
6,GGCCAA,1.6117969821673523,1.3218463617551417,1.2193361461559187,1.9723949131855663,141,313
6,AACGAA,1.5089163237311385,1.2289370328138858,1.2278037873897412,1.9721640888496719,132,291
6,TAGGTG,0.9487882944673068,0.7306051775835128,1.2985925426248368,1.9704178375065093,83,173
6,ATAAGG,1.7604023776863282,1.456987203851514,1.2082340528643707,1.9701106451466823,154,345
6,ACTCTT,0.5601280292638318,0.3969762236580937,1.4108828378155964,1.9679753220364957,49,94
6,CAGGAA,1.9775948788294466,1.6554753156805608,1.1945665413696214,1.967640769746004,173,392
5,CTTTT,6.172839506172839,5.5998986443684275,1.10231089294648,1.9663446846960857,540,1326
6,CCTCTC,0.9144947416552356,0.7010431183749314,1.304433742108216,1.9661723863922864,80,166
6,GCCGCC,6.755829903978052,6.1573546180159635,1.097195241067798,1.9660072025802426,591,1458
6,TAATTC,1.0059442158207592,0.7812829933696525,1.2875174202119153,1.965254241112275,88,185
5,GTGAT,6.092821216278006,5.5238819206892185,1.1029944166648906,1.965020774219459,533,1308
6,TAACCT,0.6744398719707362,0.4941087039148613,1.3648886930306696,1.9616987752347321,59,117
6,CCCCTT,1.1774119798811158,0.9333164407280712,1.2615076492145867,1.9615707639762086,103,221
6,GGTGCT,1.3946044810242342,1.1275814012416066,1.2367894686288416,1.960337073078,122,267
6,AAGATT,1.02880658436214,0.8023987499472106,1.2821285820442994,1.9558325141877846,90,190
6,GTCTCT,0.5486968449931412,0.3885299210270704,1.4121322505039808,1.952470235542656,48,92
6,CCGGGG,1.8175582990397805,1.5118881709531653,1.2021643647475888,1.9504453087339149,159,358
5,ATTTG,4.252400548696845,3.7797204273829133,1.1250535919351088,1.9497088279523573,372,895
6,AGGAAG,2.0804755372656607,1.7526077959373283,1.1870635493767474,1.949317832205195,182,415
5,AGCGA,4.332418838591678,3.855737151062123,1.1236259906355874,1.9478801325394055,379,913
6,AATCGC,1.5660722450845908,1.283837999915537,1.219819216494582,1.9476005956637157,137,304
6,TGTGTT,0.6630086877000457,0.485662401283838,1.3650885411211184,1.9457933206377223,58,115
6,GTGAGA,0.9602194787379973,0.7432746315300477,1.2918378405803594,1.9442264072765167,84,176
6,TGGCCT,1.2459990855052583,0.9966637104607459,1.2501449164208227,1.9423750298809517,109,236
5,CCGAA,5.349794238683128,4.822838802314287,1.1092602369567661,1.9388991659575647,468,1142
6,TTTTCT,1.8518518518518516,1.5456733814772583,1.1980746169156997,1.9335642387718717,162,366
6,AAACGG,1.29172382258802,1.0388952236158622,1.2433395199761128,1.931223280160544,113,246
6,CTTGAA,1.0973936899862824,0.8657460196798852,1.2675391063090415,1.93066006412057,96,205
6,ATTTCC,1.6003657978966621,1.31762321043963,1.2145690272562637,1.9275523676594755,140,312
6,GAAAAG,1.7489711934156378,1.4527640525360024,1.2038780850573048,1.927113626343169,153,344
6,CTTCCG,1.646090534979424,1.3598547235947465,1.210474515378038,1.9222518248684097,144,322
5,ACTAG,1.3831732967535437,1.123358249926095,1.2312636422800227,1.9122823409277487,121,266
6,GAGGGC,1.7604023776863282,1.4654335064825375,1.2012706430109217,1.9115009595321582,154,347
5,CGTTC,4.732510288065844,4.244267072089193,1.1150332211337988,1.9076451551098836,414,1005
6,TCGGAA,0.903063557384545,0.6968199670594197,1.2959358320516319,1.9074876565163648,79,165
6,AGGCGC,2.297668038408779,1.9595422103973987,1.1725446748479722,1.9067908284602768,201,464
5,TGAAG,5.544124371284865,5.017103762827822,1.1050426957664563,1.9042250513747463,485,1188
6,TTACCG,0.8687700045724738,0.6672579078508383,1.3019550594231897,1.9028384570209789,76,158
6,ATCAGT,0.594421582075903,0.4307614341821867,1.3798440401247742,1.9026213316157938,52,102
6,TACAAT,1.7489711934156378,1.456987203851514,1.2003888228462398,1.8977594392081685,153,345
6,CGGTTT,1.4746227709190671,1.2078212762363276,1.2208765587059172,1.8971307241783684,129,286
6,CCCTTC,1.29172382258802,1.0431183749313737,1.2383062392598294,1.896355154642062,113,247
6,TTCGGA,0.9830818472793781,0.7686135394231176,1.2789963970417493,1.8933631142379967,86,182
6,ATTCTA,0.7315957933241883,0.5490096710165125,1.332513033270152,1.8923697102798134,64,130
6,CCGGAA,1.646090534979424,1.364077874910258,1.2067271909740644,1.891891522540768,144,323
5,CGCGT,5.68129858253315,5.152244604924194,1.102682180284162,1.8882712457677258,497,1220
6,AATTCC,1.1202560585276635,0.8910849275729549,1.2571532841997577,1.8853668778317125,98,211
6,CTAAGT,0.3429355281207133,0.22382701972211666,1.5319077105853725,1.8840669328706598,30,53
6,GTCCTC,0.6172839506172839,0.4518771907597449,1.3659626265199374,1.8808631739719524,54,107
6,TCCCTA,0.5372656607224509,0.3843067697115588,1.3979089419410209,1.8780075644380014,47,91
5,GCTTT,5.075445816186557,4.577896026014612,1.1086828794399564,1.8766881418596921,444,1084
6,AGGAAA,2.8463648834019204,2.474766670889818,1.1501487804910708,1.8751295154259522,249,586
6,GTTTTT,2.8006401463191586,2.4325351577347014,1.1513194395033084,1.872857818535373,245,576
6,GTCGGC,2.034750800182899,1.7230457367287468,1.1808930358066514,1.8702133446381983,178,408
5,TAAGC,2.732053040695016,2.369187888002027,1.1531536773266442,1.8696517579338032,239,561
6,TTTGCT,0.9945130315500686,0.7812829933696525,1.2728879947346672,1.8686550007051037,87,185
5,CCCGT,4.766803840877915,4.286498585244309,1.1120481066939538,1.8684843353004656,417,1015
6,GGCGCC,4.035208047553727,3.593901769500401,1.1227896663263668,1.8654301833637275,353,851
6,AAACAG,1.4746227709190671,1.2120444275518392,1.216622984356374,1.864885059866233,129,287
6,CCGAAG,1.3717421124828533,1.1191350986105832,1.225696115307549,1.8639947461258874,120,265
6,CGTGGC,1.954732510288066,1.6512521643650493,1.1837768784102487,1.8586383888873304,171,391
6,ACTGGA,1.5432098765432098,1.2753916972845136,1.2099724990988758,1.8564432015694667,135,302
6,TCGGCT,1.2345679012345678,0.9966637104607459,1.2386766174140236,1.8559866035288886,108,236
6,GCGCGT,2.229080932784637,1.9046412432957474,1.1703326846262412,1.855766756425779,195,451
6,CCCCGG,2.1833561957018746,1.8624097301406308,1.172319349728718,1.855598852512273,191,441
5,GGCCG,12.071330589849108,11.330714979517715,1.0653629603581185,1.8533372074762238,1056,2683
6,CTTCAG,0.8001828989483311,0.6123569407491871,1.306676185217831,1.849766839476279,70,145
6,GGGGTC,0.8001828989483311,0.6123569407491871,1.306676185217831,1.849766839476279,70,145
5,CCTAT,2.4919981710105166,2.149584019595422,1.159285805864407,1.8486058380571653,218,509
6,GACTTT,0.8916323731138546,0.6925968157439081,1.2873343039063867,1.8483562541334033,78,164
6,CGCATT,1.6346593507087332,1.3598547235947465,1.2020689529924942,1.8474387245651565,143,322
6,AAGTCG,0.7658893461362597,0.5827948815406057,1.3141123217821555,1.846339195106229,67,138
5,CTAAA,3.2235939643347047,2.833734532708307,1.1375731106127103,1.8449095394395079,282,671
6,GCTCTG,0.7315957933241883,0.5532328223320241,1.3223430163431342,1.843882390121719,64,131
6,CCTACC,0.7315957933241883,0.5532328223320241,1.3223430163431342,1.843882390121719,64,131
6,CGGAGC,2.194787379972565,1.875079184087166,1.1704947445014608,1.8427336611318323,192,444
6,TTTACG,0.8573388203017833,0.6630347565353267,1.2930084147325274,1.8426087463239693,75,157
6,GGCCCA,1.3031550068587106,1.0600109801934203,1.2293571439293347,1.842092012035494,114,251
6,TTTTTC,2.8349336991312297,2.4705435195743064,1.147487962820192,1.8409047070742828,248,585
6,ATCCTG,1.5546410608139003,1.2880611512310485,1.2069460869302657,1.8395754575585053,136,305
5,GAATT,5.029721079103795,4.5441108154905185,1.1068634980485292,1.8385319469094175,440,1076
6,TCCCAA,0.9144947416552356,0.7137125723214663,1.2812813574868596,1.8383804660825516,80,169
5,CTGAG,4.709647919524463,4.240043920773681,1.1107519007668718,1.8366725102544688,412,1004
6,ACCTTC,1.1659807956104253,0.937539592043583,1.2436343404281331,1.8357713039700436,102,222
5,ATTAG,2.4577046181984454,2.1200219603868407,1.1592751096969869,1.8354413445623312,215,502
6,CATATT,0.8802011888431641,0.6841505131128849,1.2865188581859865,1.8319425434534107,77,162
6,ACTTCT,0.5829903978052127,0.42653828286667517,1.3667090395341501,1.8306948957040274,51,101
6,GTTCTG,0.9373571101966164,0.7348283288990245,1.27557623421728,1.8290430945203495,82,174
6,GGACTT,0.720164609053498,0.5447865197010009,1.321861677636535,1.827049586985375,63,129
6,TCCTAC,0.411522633744856,0.2829511381392795,1.454234158713437,1.8262195437545476,36,67
6,TCTTCG,1.0173754000914494,0.8066219012627222,1.2612467797128666,1.8206019529016861,89,191
5,AAGGG,5.498399634202103,4.995988006250264,1.1005610043944996,1.8199444417310184,481,1183
6,CGCGTT,1.5089163237311385,1.2500527893914437,1.2070655175402245,1.8128849367995645,132,296
6,CAGCTT,0.7430269775948789,0.565902276278559,1.3129399098549694,1.8126976300465214,65,134
6,AGTTAA,0.9259259259259258,0.7263820262680012,1.2746714886849964,1.81265485140111,81,172
6,TTCGCA,1.2002743484224965,0.971324802567676,1.235684270413582,1.8097077358081153,105,230
6,CCCTCG,1.2002743484224965,0.971324802567676,1.235684270413582,1.8097077358081153,105,230
6,CGTCTC,0.8344764517604023,0.6461421512732801,1.2914299231581385,1.8093807937414685,73,153
6,GAAGCA,1.4060356652949246,1.157143460450188,1.2150733301598553,1.808951920243087,123,274
6,CGCAAA,1.2231367169638776,0.9924405591452341,1.2324299553232532,1.8049523384169412,107,235
6,GACCAA,1.1431184270690442,0.9206469867815363,1.2416206009700397,1.8044164101892588,100,218
6,CAGTGC,0.8001828989483311,0.6165800920646987,1.2977277996260819,1.80401352235052,70,146
5,GGCCC,6.481481481481481,5.94197390092487,1.090794491881469,1.8034262532395928,567,1407
6,CCGTAC,0.8573388203017833,0.6672579078508383,1.2848260434390928,1.7987157166699135,75,158
6,CCTGAC,2.857796067672611,2.5001055787828874,1.143064431151237,1.7976302084984428,250,592
6,TGGCCC,1.3717421124828533,1.1275814012416066,1.2165156851681862,1.7970638042571911,120,267
6,CCCCTG,1.2688614540466392,1.0346720723003504,1.226319774194982,1.796285656024005,111,245
6,TTGGTT,0.7315957933241883,0.5574559736475357,1.312327062944781,1.7956538308278265,64,132
6,CATCTG,1.188843164151806,0.9628784999366526,1.2346518268372741,1.794081840932407,104,228
6,AGTCTC,0.594421582075903,0.43920773681320996,1.3533146181049134,1.7928807287620236,52,104
5,CCCTT,3.772290809327846,3.3616284471472615,1.1221581007023544,1.7927760887281399,330,796
6,CAAGAT,1.0516689529035208,0.8404071117868154,1.2513504504055755,1.7904743680778705,92,199
5,CTCCG,3.6465477823502512,3.2433802103129357,1.1243009193505815,1.7902380228486685,319,768
6,AAGCCT,0.8802011888431641,0.6883736644283964,1.2786272508680951,1.7887700017570363,77,163
6,ACTCAA,0.8459076360310928,0.658811605219815,1.283947086876489,1.7818962098884032,74,156
6,ATTCTC,0.8459076360310928,0.658811605219815,1.283947086876489,1.7818962098884032,74,156
6,CGCCAA,2.274805669867398,1.9595422103973987,1.1608780714138969,1.7804866869798686,199,464
6,CTCCAA,0.903063557384545,0.7094894210059546,1.2727973820468865,1.7794889091861403,79,168
6,CCTAAC,0.5486968449931412,0.4011993749736053,1.3675497128029102,1.7791490568159294,48,95
6,TCCGCC,3.155006858710562,2.783056716922167,1.1336432618137748,1.776512442157765,276,659
6,ACTAGC,0.4229538180155464,0.2956205920858144,1.4305862673668035,1.7746128776894263,37,70
6,TAGCTT,0.4229538180155464,0.2956205920858144,1.4305862673668035,1.7746128776894263,37,70
6,CCTCCT,0.9259259259259258,0.7306051775835128,1.2673044537447384,1.7708231606048657,81,173
6,TGTCCA,0.7773205304069501,0.5996874868026522,1.2961599691771237,1.769950061098129,68,142
6,TGGCGA,1.3260173754000915,1.0895730394020018,1.2169864972779791,1.7698979402818191,116,258
6,CGGCTT,1.7146776406035666,1.444317749904979,1.1871756911851667,1.7677290635353258,150,342
5,CGTTT,5.178326474622771,4.704590565479961,1.1006943820320052,1.7656039757501751,453,1114
6,CTGGAG,2.674897119341564,2.335402677477934,1.1453624717014854,1.7632606539975848,234,553
6,GCTATA,0.8916323731138546,0.7010431183749314,1.2718264641613537,1.7627052084675654,78,166
6,GACTTC,0.9716506630086876,0.7728366907386292,1.257218960688836,1.7551639468501377,85,183
6,GCGTCT,0.9716506630086876,0.7728366907386292,1.257218960688836,1.7551639468501377,85,183
6,TGAGAG,0.823045267489712,0.6419189999577685,1.282119793252003,1.7478280878868597,72,152
6,CGAAAT,1.0745313214449017,0.8657460196798852,1.241134447718784,1.7458701254865923,94,205
6,GAGTCA,0.8802011888431641,0.6925968157439081,1.27083186877044,1.7457835004678932,77,164
6,GTTCCT,0.8802011888431641,0.6925968157439081,1.27083186877044,1.7457835004678932,77,164
6,TAAGCA,0.6973022405121171,0.5321170657544659,1.3103718114027143,1.7435812859061324,61,126
6,TATTCG,0.7887517146776405,0.6123569407491871,1.2880117150973565,1.7412161748603072,69,145
6,CCTAAT,0.40009144947416553,0.27872798682376787,1.435262844425674,1.740767378172254,35,66
5,GCTTC,4.8353909465020575,4.383631065501077,1.1030537398966427,1.7407221250829923,423,1038
6,ATCTGC,1.0973936899862824,0.8868617762574433,1.2373630063486882,1.7404123163301797,96,210
6,ATAATC,1.6689529035208046,1.4063093880653743,1.1867475556436076,1.740069280147696,146,333
6,TCCTGA,1.6918152720621855,1.4274251446429327,1.1852087358400858,1.7391710469931692,148,338
6,GTGCAG,1.3031550068587106,1.0726804341399552,1.2148385311515548,1.7390560321582043,114,254
6,AGAGAT,0.903063557384545,0.7137125723214663,1.26526709167824,1.737180350018266,79,169
6,TCATTC,1.2231367169638776,1.0008868617762574,1.2220307415356444,1.7338608139804461,107,237
6,TAGATC,0.28577960676726105,0.18581865788251192,1.5376595873875,1.7338217275821455,25,44
6,AAAAAC,2.343392775491541,2.0313357827610963,1.1536140080718187,1.7332092982307894,205,481
6,TTAGGA,0.9259259259259258,0.7348283288990245,1.2600220858449955,1.7291615006476326,81,174
5,GGTGC,5.772748056698674,5.283162295705055,1.092667320604472,1.7289881085545995,505,1251
6,AAGGCT,0.8687700045724738,0.6841505131128849,1.2698127190576634,1.7287204960698905,76,162
6,CTGCAG,1.3946044810242342,1.157143460450188,1.205195387737745,1.72802069781825,122,274
5,ACTAA,2.6177411979881113,2.288948013007306,1.1436375222854516,1.7248727107091846,229,542
5,CTCAA,3.6579789666209424,3.2687191182060054,1.1190827128509242,1.7231354234776828,320,774
6,GTCAAA,0.9487882944673068,0.7559440854765827,1.2550700583407939,1.7216847392473724,83,179
6,TTTTTG,2.7206218564243256,2.3860804932640733,1.1401995214128293,1.7205729886804781,238,565
6,TCCGGC,2.7206218564243256,2.3860804932640733,1.1401995214128293,1.7205729886804781,238,565
5,GGACT,2.674897119341564,2.3438489801089575,1.1412352154598595,1.7172660749001505,234,555
5,TTTCA,5.795610425240055,5.308501203598125,1.0917584883399738,1.7165608026249397,507,1257
6,CCTAGG,0.33150434385002286,0.22382701972211666,1.4808590060347737,1.7135753345161115,29,53
6,AAGTAG,0.7087334247828074,0.5447865197010009,1.3008826593320206,1.712400780904544,62,129
6,TACTAA,0.7087334247828074,0.5447865197010009,1.3008826593320206,1.712400780904544,62,129
6,AAGCTA,0.5372656607224509,0.3969762236580937,1.3533060624278392,1.7041104777680303,47,94
6,GCAAGT,0.8802011888431641,0.6968199670594197,1.2631309625946032,1.702981279594161,77,165
6,CCGGGC,3.1435756744398717,2.787279868237679,1.1278246321078085,1.7017440288191226,275,660
6,TCGCAC,1.2231367169638776,1.005110013091769,1.2168966693850514,1.6984738943394169,107,238
6,GATAGA,0.7887517146776405,0.6165800920646987,1.279191147611878,1.6955982083721144,69,146
6,AGCTTT,0.7887517146776405,0.6165800920646987,1.279191147611878,1.6955982083721144,69,146
6,TGACAC,1.1431184270690442,0.9333164407280712,1.2247678283632182,1.6937660769460245,100,221
6,GCTGAA,1.7946959304983996,1.5287807762152117,1.1739279860274445,1.6935540791017099,157,362
6,AAGGCG,1.7946959304983996,1.5287807762152117,1.1739279860274445,1.6935540791017099,157,362
6,AGGGCC,1.0631001371742113,0.8615228683643734,1.2339506949165517,1.6912095442954136,93,204
6,GGCCTA,0.6630086877000457,0.5067781578613961,1.30822107328083,1.6900020447345871,58,120
6,TAGGAA,0.7544581618655692,0.5870180328561172,1.2851898930695695,1.6884796255666419,66,139
6,CGAGAT,0.9259259259259258,0.739051480214536,1.252822933747153,1.6876683515341906,81,175
6,GTAATC,0.9259259259259258,0.739051480214536,1.252822933747153,1.6876683515341906,81,175
5,CCCTG,5.909922267946959,5.4267494404324506,1.0890337631102598,1.6856853495398965,517,1285
6,GAGTAA,1.0059442158207592,0.8108450525782339,1.2405824693328449,1.685371391615588,88,192
6,AAGCGG,1.5546410608139003,1.3091769078086068,1.187480701401919,1.684473101889987,136,310
5,CCTGT,3.9780521262002746,3.5812323155538666,1.1108022868816179,1.6827680678753074,348,848
5,CGATC,6.927297668038408,6.4065205456311505,1.0812873368569316,1.6827375014971206,606,1517
6,GCGCCT,2.5148605395518975,2.2002618353815615,1.1429758956511722,1.6826878862576906,220,521
6,GACTTG,0.720164609053498,0.5574559736475357,1.2918247549954867,1.6820508532511997,63,132
6,TAACCC,0.720164609053498,0.5574559736475357,1.2918247549954867,1.6820508532511997,63,132
6,CAAACT,0.7773205304069501,0.6081337894336754,1.278160707136649,1.677871812493454,68,144
6,GCCTCA,0.8916323731138546,0.7094894210059546,1.2566878066610458,1.6777780243921472,78,168
6,AAGCTT,0.6858710562414266,0.5278939144389544,1.299202580715989,1.6764355153415231,60,125
5,TTGAA,5.93278463648834,5.45208834832552,1.0881657524378172,1.6735535593503716,519,1291
6,TTCTGG,1.1545496113397347,0.9459858946746061,1.220449028824028,1.673479834711042,101,224
6,AGGGAA,1.4746227709190671,1.237383335444909,1.1917112163687151,1.6730587530433798,129,293
6,TCTAGG,0.40009144947416553,0.2829511381392795,1.4138485791116846,1.6719622708989872,35,67
6,TTGGGC,0.7430269775948789,0.578571730225094,1.2841943692424969,1.6705713894552991,65,137
6,CCAAAC,0.9144947416552356,0.7306051775835128,1.2516604093046895,1.6704510185882087,80,173
6,TCTTCA,1.0745313214449017,0.8741923223109084,1.229144182124878,1.6697189503451038,94,207
6,CTGGCC,2.903520804755373,2.567675999831074,1.1307920959407647,1.668674221133555,254,608
6,GTCCAC,0.8001828989483311,0.6292495460112336,1.2716032036893632,1.6680625311541968,70,149
6,AAGGCA,1.3488797439414724,1.123358249926095,1.2007386514187004,1.6662693069783852,118,266
5,CCCCG,7.4074074074074066,6.875290341652941,1.0773944517056375,1.6647907344693937,648,1628
5,GGAAG,5.635573845450389,5.169137210186241,1.0902331652231032,1.6647807664588476,493,1224
6,GAACGA,1.4631915866483767,1.2289370328138858,1.1906000776056065,1.6578346529329255,128,291
6,TGGAGT,1.2688614540466392,1.0515646775623972,1.206621731356333,1.657533517697154,111,249
6,TGGAAT,1.1431184270690442,0.937539592043583,1.2192514445528082,1.6571185520302338,100,222
6,TCTACT,0.3429355281207133,0.23649647366865154,1.4498759123566967,1.6541104744400632,30,56
6,GCTTAG,0.3886602652034751,0.2745048355082563,1.415708009962507,1.6537848488945912,34,65
6,TTCATC,1.9433013260173753,1.6723679209426074,1.1619961744450493,1.6535376579347159,170,396
6,CGTTTG,1.0631001371742113,0.8657460196798852,1.2279321184236551,1.6530230410699986,93,205
6,TCTCTC,0.7315957933241883,0.5701254275940707,1.2831693535860074,1.6524908559140699,64,135
6,CGCGTC,1.8747142203932328,1.6090206512099328,1.1651172452379623,1.6519597624032156,164,381
6,CCCGTC,1.8518518518518516,1.5879048946323748,1.1662129368188006,1.6515606370999212,162,376
6,ACGTTC,0.7887517146776405,0.6208032433802103,1.270490568519364,1.6501997895418457,69,147
6,CTAACA,0.6058527663465935,0.46032349339076817,1.3160769922578919,1.6497436652222686,53,109
5,GTTCG,4.0009144947416555,3.610794374762448,1.1080397484639446,1.6484049791702224,350,855
5,GCGCC,14.266117969821673,13.556315722792348,1.0523591383993882,1.6474730541022242,1248,3210
5,AGCCC,5.189757658893461,4.746822078635078,1.0933100592175182,1.6453412079488814,454,1124
6,AACTTC,0.8687700045724738,0.6925968157439081,1.254329433634494,1.642795090286615,76,164
6,CGGAAC,1.2574302697759487,1.0431183749313737,1.2054333972584341,1.6415425326023763,110,247
5,AGTCC,2.686328303612254,2.369187888002027,1.1338547405810042,1.6380533708130156,235,561
6,TTTCGA,1.3031550068587106,1.0853498880864902,1.2006588430868819,1.6368765023373197,114,257
6,GTGTTC,0.9716506630086876,0.7855061446851641,1.2369438166730762,1.6342709001292994,85,186
6,GAGATT,1.3717421124828533,1.1486971578191647,1.1941552110793077,1.6312722858027746,120,272
6,CCGAGG,1.9890260631001373,1.7188225854132353,1.1571935117845602,1.6280392632347416,174,407
6,GTGAAG,1.2231367169638776,1.0135563157227923,1.206756864225369,1.6280142502073491,107,240
6,GACCGT,1.0973936899862824,0.8995312302039782,1.2199372955710328,1.6277937211628584,96,213
6,GAAAAA,3.417924096936443,3.061784703745935,1.1163137830613947,1.6276983311156201,299,725
5,AATCG,5.052583447645176,4.6201275391697285,1.093600565082377,1.6271204193101438,442,1094
6,GCCTTT,1.4631915866483767,1.2331601841293973,1.1865230106989686,1.626033350836276,128,292
6,TTTCCC,1.9204389574759946,1.6554753156805608,1.1600432425428586,1.6255904242841517,168,392
6,CAGGTC,1.0173754000914494,0.8277376578402804,1.2290760035559496,1.6238852964600394,89,196
6,CTGAGC,1.8518518518518516,1.5921280459478864,1.163119728084771,1.6236528781056248,162,377
6,CCCGGG,1.623228166438043,1.3809704801723046,1.175412978369876,1.6217757388255396,142,327
5,TTAGG,2.4577046181984454,2.1580303222264456,1.138858294555094,1.6189526761581958,215,511
6,AATCTA,0.8802011888431641,0.705266269690443,1.2480057902818247,1.6179227604187651,77,167
6,GTCCAA,0.8802011888431641,0.705266269690443,1.2480057902818247,1.6179227604187651,77,167
6,GGCATC,2.4348422496570645,2.1369145656488873,1.1394130338637696,1.6171542346597743,213,506
6,TCACGG,0.9602194787379973,0.7770598420541408,1.235678205142124,1.6169647794622792,84,184
5,CGTCG,6.0128029263831735,5.544997677266776,1.0843637526953325,1.6165462592890711,526,1313
5,TGAGA,3.2235939643347047,2.880189197178935,1.1192257942334796,1.6160589151325113,282,682
6,CCTTTG,0.823045267489712,0.6545884539043034,1.2573083618334775,1.6148685212943845,72,155
6,ATCTGA,1.188843164151806,0.9839942565142109,1.208159844731943,1.6144451518362704,104,233
6,AACCTT,0.7658893461362597,0.6039106381181638,1.2681719456510758,1.6139689909940158,67,143
6,GATTCA,1.211705532693187,1.005110013091769,1.2055247330515373,1.6117350244320023,106,238
6,GGTGCC,1.520347508001829,1.2880611512310485,1.180323988616481,1.6083322372204312,133,305
5,TTCCA,4.721079103795153,4.307614341821867,1.095982400216078,1.6079259504403431,413,1020
6,CTTGAG,0.8459076360310928,0.6757042104818616,1.2518531594052555,1.607196932197925,74,160
6,CGGAAG,1.131687242798354,0.9333164407280712,1.212521221412762,1.6039556210028265,99,221
5,GAATA,5.121170553269319,4.691921111533427,1.0914849766299553,1.6036954142712367,448,1111
6,GGCAGA,1.1545496113397347,0.9544321973056294,1.20964972643037,1.6008400514344578,101,226
6,AAGAAT,1.4174668495656149,1.1951518222897928,1.1859984842775009,1.5960643710124145,124,283
6,AATCGG,1.5089163237311385,1.2796148486000254,1.1791816945641937,1.5930557567068027,132,303
6,CCTTTC,1.5317786922725194,1.3007306051775835,1.177615814215406,1.5926029533776205,134,308
6,TTTGCC,1.6918152720621855,1.4485409012204906,1.1679328332071355,1.5922263392436298,148,343
6,CGGGGA,1.646090534979424,1.4063093880653743,1.1704917138272857,1.59187830556549,144,333
6,AACACT,0.8344764517604023,0.6672579078508383,1.250568011470899,1.5891574924613212,73,158
6,CTTTGC,1.2688614540466392,1.0600109801934203,1.19700812250347,1.5887479723462163,111,251
6,AATCTC,0.720164609053498,0.565902276278559,1.2725471950204992,1.5866680638209423,63,134
6,AACCCG,1.954732510288066,1.6934836775201654,1.154258001087041,1.5861965149974557,171,401
6,CTCACT,0.6287151348879744,0.485662401283838,1.2944911611645065,1.5832487911834356,55,115
6,GTCGCC,2.297668038408779,2.0144431774990497,1.1405901169422135,1.5821255772253535,201,477
6,TCACCC,1.3831732967535437,1.1655897630812113,1.186656467752796,1.5814000735594569,121,276
6,AACTGG,1.3831732967535437,1.1655897630812113,1.186656467752796,1.5814000735594569,121,276
6,CGTGAG,0.8001828989483311,0.6376958486422568,1.254763417874195,1.578496689517929,70,151
6,TGAGAA,1.0631001371742113,0.8741923223109084,1.2160693969769587,1.577043461676365,93,207
6,GGCGGG,2.732053040695016,2.4240888551036783,1.127038033750125,1.5743622510872881,239,574
6,TACCTC,0.4572473708276178,0.3378521052409308,1.3532904921588471,1.5715840727576982,40,80
6,AGACTT,0.6515775034293553,0.5067781578613961,1.2856689390185834,1.5707409208427932,57,120
6,AAGAGT,0.7658893461362597,0.6081337894336754,1.2593666439502975,1.5681842269357613,67,144
6,CTGGCA,1.3260173754000915,1.1149119472950715,1.1893301938307876,1.567845860180741,116,264
6,ACCATT,1.131687242798354,0.937539592043583,1.2070599966151458,1.5673860410108746,99,222
6,TGCTTG,0.9259259259259258,0.751720934161071,1.2317107489953625,1.5641850654169605,81,178
6,TTGCCT,1.1774119798811158,0.9797711051986994,1.2017008906924942,1.5622316195877286,103,232
6,ATCGTG,0.9487882944673068,0.7728366907386292,1.22764038224209,1.5591111987578692,83,183
6,ATTCGG,0.9716506630086876,0.7939524473161874,1.2237864970923535,1.5544390269832689,85,188
6,GAGTTC,0.9716506630086876,0.7939524473161874,1.2237864970923535,1.5544390269832689,85,188
6,AGTCGT,0.5486968449931412,0.41809198023565186,1.3123083916719143,1.5539011035908832,48,99
6,TCTCAT,0.6401463191586648,0.49833185523037293,1.2845212689360432,1.5514947020703482,56,118
6,TACCCC,0.6401463191586648,0.49833185523037293,1.2845212689360432,1.5514947020703482,56,118
6,AGCCTA,0.48010973936899864,0.35896786181848894,1.337378781094443,1.550174649639225,42,85
6,TGGTAC,0.48010973936899864,0.35896786181848894,1.337378781094443,1.550174649639225,42,85
5,TTAAG,3.6579789666209424,3.30672748004561,1.1062200821466766,1.5487497839758295,320,783
6,GCCCTT,1.1431184270690442,0.9502090459901178,1.2029964692990334,1.547872105101145,100,225
5,AAGAC,4.652491998171011,4.2569365260357275,1.0929180357547075,1.5475822541162445,407,1008
6,CAATCG,1.520347508001829,1.296507453862072,1.1726351745649986,1.546372652089221,133,307
6,ATTCCT,0.9144947416552356,0.7432746315300477,1.2303281587276858,1.5462936085480323,80,176
5,AACCC,5.3955189757658895,4.970649098357194,1.0854740138763215,1.545663201853297,472,1177
6,GGAGCA,2.5605852766346593,2.267832256429748,1.1290836705439222,1.5456170640045732,224,537
6,CCTCAC,1.1659807956104253,0.971324802567676,1.200381946732504,1.545501742759839,102,230
6,CTGCCC,2.263374485596708,1.9891042696059802,1.1378793622060015,1.542156572728704,198,471
5,GTCCA,3.0292638317329676,2.7112631445584694,1.1172844323021447,1.5414191927956449,265,642
5,CAGAA,4.469593049839964,4.0837873220997505,1.0944702185225446,1.5393756060904618,391,967
6,CTCCGT,0.5715592135345221,0.43920773681320996,1.3012728109033667,1.538644233930135,50,104
6,CGGTGA,1.80612711476909,1.562565986739305,1.1558625644229996,1.538126069207799,158,370
6,GCACCG,2.6977594878829447,2.3987499472106086,1.1246470380608948,1.5368976238944976,236,568
6,AATTCG,1.0859625057155922,0.8995312302039782,1.2072307732906775,1.5362144882511846,95,213
5,GCCGA,8.2533150434385,7.736813210017315,1.0667581268395834,1.5325387108206225,722,1832
6,AATTTC,1.3946044810242342,1.1824823683432577,1.179371956118498,1.5322082622942395,122,280
6,TTAGAG,0.6287151348879744,0.4898855525993497,1.2833340320998048,1.5320331346348126,55,116
6,TCCCCG,1.440329218106996,1.2247138814983742,1.1760392659371635,1.5313441876548637,126,290
6,TTTCTG,1.440329218106996,1.2247138814983742,1.1760392659371635,1.5313441876548637,126,290
6,GCGAGA,1.131687242798354,0.9417627433590946,1.2016477462118371,1.5309329458301142,99,223
6,CGTATT,0.7430269775948789,0.5912411841716289,1.2566805720387575,1.5306200560270549,65,140
5,TCTAA,2.400548696844993,2.1200219603868407,1.1323163203342166,1.5299997377211603,210,502
5,CGGCG,13.317329675354367,12.677900249165926,1.0504361424216337,1.5271589479344725,1165,3002
6,TAGCCA,0.594421582075903,0.46032349339076817,1.2912494488445312,1.524847938047553,52,109
6,TGATCC,1.7946959304983996,1.5541196841082816,1.1547890873149933,1.523539046527992,157,368
6,CTCTGG,0.7658893461362597,0.6123569407491871,1.2506827748564076,1.5226234267612015,67,145
6,CGTGGG,0.8459076360310928,0.6841505131128849,1.2364004408010167,1.5210014566460828,74,162
6,ACCAAA,0.8459076360310928,0.6841505131128849,1.2364004408010167,1.5210014566460828,74,162
6,CTGCCT,1.2688614540466392,1.0684572828244436,1.187546493242254,1.5203495121804858,111,253
5,GTCTG,3.7265660722450846,3.3785210524093077,1.1030139262251932,1.519415575484634,326,800
6,CAGAAA,1.314586191129401,1.11068879597956,1.1835609036459827,1.5182664239241994,115,263
5,AGCAG,4.561042524005487,4.1766966510410075,1.0920192925525083,1.5176201362284745,399,989
6,TTTTGT,1.6346593507087332,1.4063093880653743,1.1623637929191246,1.5175558829941895,143,333
6,TTTCCT,1.4060356652949246,1.1951518222897928,1.1764346550847613,1.5158362788282569,123,283
5,AGTCA,2.8006401463191586,2.5001055787828874,1.1202039424624326,1.5147687662490994,245,592
6,TCTGTG,0.5258344764517604,0.4011993749736053,1.3105788577077966,1.5139556246787982,46,95
6,AAAATC,2.06904435299497,1.8117319143544912,1.1420178310150546,1.5137553847159146,181,429
5,GTTCT,2.880658436213992,2.576122302462097,1.1182103475545762,1.513114356227757,252,610
5,AAACT,3.8180155464106083,3.467207230035052,1.1011760115563827,1.5128313344742774,334,821
5,AGGCC,6.0699588477366255,5.629460703577009,1.0782473388873355,1.5125599263583667,531,1333
6,CTCGTG,0.6172839506172839,0.4814392499683263,1.2821051464816065,1.512349133041065,54,114
6,TGTGGA,0.7315957933241883,0.5827948815406057,1.2552791532330807,1.511551318223166,64,138
6,CGTCTT,0.9945130315500686,0.8192913552092571,1.213843696576544,1.5109867378482176,87,194
6,CTACGA,0.6744398719707362,0.5321170657544659,1.2674149616275734,1.5103134811892824,59,126
6,TCGGTT,0.8916323731138546,0.7263820262680012,1.2274665316838713,1.510042086927113,78,172
6,TAAGCC,0.8116140832190215,0.6545884539043034,1.239847867147006,1.5085895509864677,71,155
5,TTCGT,3.1778692272519433,2.8590734406013767,1.111499282318289,1.5070864583316912,278,677
6,ATCCTA,0.3429355281207133,0.24494277629967484,1.39990059409545,1.5054931233561595,30,58
6,TTCTCG,0.9144947416552356,0.7474977828455593,1.2233780819601157,1.5052405933644692,80,177
5,ACTGG,4.160951074531321,3.79661303264496,1.0959614378947538,1.5051011879110867,364,899
5,CAGTC,3.0749885688157295,2.7619409603446092,1.113339234633241,1.5045829710919434,269,654
5,TCGCG,6.561499771376314,6.106676802229824,1.074478400615594,1.504074571449471,574,1446
6,CTTCGC,1.6689529035208046,1.4400945985894675,1.1589079039426213,1.5039181206977612,146,341
6,GAGCTG,1.2802926383173296,1.0811267367709785,1.1842036408951082,1.5028150758611774,112,256
6,CGAAAG,1.2802926383173296,1.0811267367709785,1.1842036408951082,1.5028150758611774,112,256
6,AGGTTC,0.8344764517604023,0.6757042104818616,1.2349382244383071,1.5024450486701089,73,160
6,GTCTAG,0.2972107910379515,0.2069344144600701,1.436045267224366,1.5020430237570903,26,49
6,CGATCA,1.6003657978966621,1.3767473288567929,1.1624134094994698,1.5017373546194182,140,326
6,TGAGCG,1.577503429355281,1.3556315722792347,1.1636547098353982,1.501162110135626,138,321
6,CCCACG,1.3488797439414724,1.144474006503653,1.1785867373156766,1.500634871620092,118,271
6,AAATCG,1.3717421124828533,1.1655897630812113,1.1768500984830899,1.500185275919059,120,276
6,AGGGGC,1.3946044810242342,1.1867055196587695,1.1751752565367575,1.4998625444311662,122,281
6,CGTGTT,0.7773205304069501,0.6250263946957219,1.2436213492238748,1.4963860567331733,68,148
6,GGAAAA,2.2862368541380884,2.0186663288145614,1.132541603009917,1.4946787173492566,200,478
6,ACTGTA,0.51440329218107,0.39275307234258205,1.3096583135091395,1.4936041413634316,45,93
6,GCTTTT,1.7489711934156378,1.5161113222686768,1.1535800898772723,1.4929721266900093,153,359
5,ATCCC,5.029721079103795,4.632796993116264,1.0856751373011955,1.4929697806471178,440,1097
5,CATCC,7.430269775948788,6.95130706533215,1.0689015484369064,1.492445359966831,650,1646
6,TTACGA,0.6630086877000457,0.5236707631234427,1.2660284505871966,1.4907056742472156,58,124
6,CGATAT,1.02880658436214,0.8530765657333503,1.2059714550149891,1.4868077936706412,90,202
6,ATTCCC,1.5660722450845908,1.3471852696482114,1.1624652034483631,1.4857606103559235,137,319
6,GGTGCA,1.29172382258802,1.0937961907175136,1.1809382220635407,1.4855132153222461,113,259
6,TTGAAG,1.4974851394604483,1.283837999915537,1.1663998881246336,1.4842983690416793,131,304
6,GCCGTG,2.0233196159122087,1.7737235525148867,1.1407107618136259,1.4839583036056796,177,420
5,CGGCT,6.275720164609054,5.836395118037079,1.0752720661436497,1.4837571989713843,549,1382
6,CCAATT,0.9259259259259258,0.7601672367920942,1.218026874120265,1.4826784413275562,81,180
6,CCCTGC,2.0004572473708278,1.7526077959373283,1.1414094534228691,1.4821267279652333,175,415
5,TAGGT,1.9775948788294466,1.7314920393597704,1.142125185306736,1.4803281276571993,173,410
5,AGTTT,3.5093735711019662,3.180032940580261,1.1035619065854563,1.4802850046906493,307,753
5,TCGCC,8.721993598536807,8.209806157354619,1.062386515919352,1.4799595540191757,763,1944
6,ATATGG,0.9487882944673068,0.7812829933696525,1.2143702928256743,1.4787656120744195,83,185
6,TCTACG,0.5372656607224509,0.4138688289201402,1.2980824235587927,1.4781865400794616,47,98
6,AGGACT,0.8459076360310928,0.6883736644283964,1.2288162637760276,1.4781857543577746,74,163
6,GTCGCA,1.1202560585276635,0.937539592043583,1.1948685486774833,1.477380241488771,98,222
5,GGGCT,4.206675811614083,3.8472908484310993,1.093410047832685,1.475703130465223,368,911
6,GCCGGG,3.0864197530864197,2.7788335656066554,1.110684973288527,1.474463103774523,270,658
6,CGAAAC,1.188843164151806,1.0008868617762574,1.1877709983545828,1.472690093109131,104,237
6,AGTTCT,0.594421582075903,0.4645466447062798,1.2795133438480373,1.4722835539878796,52,110
6,GCATAG,0.594421582075903,0.4645466447062798,1.2795133438480373,1.4722835539878796,52,110
5,ACCCA,4.240969364426155,3.881076058955192,1.0927278999983951,1.4717362312084554,371,919
6,ATTTCG,1.211705532693187,1.0220026183538158,1.1856006539195685,1.4715106913338067,106,242
6,ATTTCA,1.5546410608139003,1.3387389670171883,1.1612606886380983,1.4702754969488567,136,317
6,GTCTAC,0.4686785550983082,0.3547447105029773,1.3210808593816559,1.4695098157243407,41,84
5,TACGA,2.3891175125743027,2.1200219603868407,1.1269245624616626,1.4686623656389888,209,502
6,TTAGCC,0.4343850022862369,0.3251826512943959,1.3357152635017346,1.4682181881288707,38,77
6,ACATCA,1.4631915866483767,1.2542759407069555,1.1665494682747806,1.4681735383483197,128,297
6,ATGGCC,1.3260173754000915,1.1275814012416066,1.175968118246875,1.4680373691286812,116,267
6,GGGAGT,1.3717421124828533,1.1698129143967229,1.172601905322378,1.4676241502176426,120,277
6,GATCGA,1.7946959304983996,1.562565986739305,1.1485473835924862,1.4673035516736033,157,370
6,CTCATT,0.7315957933241883,0.5870180328561172,1.2462499061130052,1.4650525460189494,64,139
6,GTAGAA,0.7315957933241883,0.5870180328561172,1.2462499061130052,1.4650525460189494,64,139
6,AGGCCT,0.9144947416552356,0.751720934161071,1.2165060855558614,1.4643515144986028,80,178
6,GCCGAG,1.9433013260173753,1.701929980151189,1.1418138039171,1.464252131535028,170,403
6,CTTTCT,1.0859625057155922,0.9079775328350016,1.1960019562701047,1.4619228549659886,95,215
6,TCCCGT,1.0859625057155922,0.9079775328350016,1.1960019562701047,1.4619228549659886,95,215
6,CCACTC,0.8344764517604023,0.6799273617973732,1.2272689286421388,1.459376169786399,73,161
6,CAAGAC,1.5889346136259717,1.3725241775412813,1.1576618273417978,1.4564141650602294,139,325
6,CGTCGA,1.5660722450845908,1.3514084209637232,1.1588327684764235,1.4555224063672803,137,320
5,TTTGT,3.8751714677640603,3.534777651083238,1.0962957845447667,1.455242916013082,339,837
5,CCGGG,7.395976223136717,6.930191308754592,1.067210005125431,1.4537256091122945,647,1641
6,GTTTTG,1.2231367169638776,1.0346720723003504,1.1821315531299184,1.453666149531442,107,245
6,AGTGCG,0.6973022405121171,0.5574559736475357,1.2508201390968978,1.453130351592101,61,132
6,AGGCAT,1.3603109282121628,1.1613666117656996,1.1712871592098733,1.451356393573897,119,275
6,CTCGCA,0.8802011888431641,0.7221588749524895,1.2188167142993855,1.44994229668696,77,171
5,AGTGC,2.4348422496570645,2.1664766248574687,1.1238662052016049,1.4498115196999302,213,513
6,GCCGAC,2.8006401463191586,2.5127750327294227,1.1145560801235166,1.4483871207397137,245,595
6,CCGACG,2.3090992226794693,2.048228388023143,1.1273579159385156,1.4478819356108625,202,485
6,CGGCTA,1.0516689529035208,0.8784154736264199,1.1972116422285979,1.4463576687091868,92,208
6,GATTAC,0.720164609053498,0.578571730225094,1.2446860135595819,1.4454594946176471,63,137
6,AGCACT,0.6630086877000457,0.5278939144389544,1.255902141229533,1.441591747173796,58,125
6,TTAGGT,0.6630086877000457,0.5278939144389544,1.255902141229533,1.441591747173796,58,125
6,TGCCTC,0.823045267489712,0.6714810591663499,1.2256826726344878,1.4403868830259765,72,159
6,CCTAAA,0.51440329218107,0.3969762236580937,1.295729287040082,1.4365796116456186,45,94
6,GTCGAA,0.9716506630086876,0.8066219012627222,1.204567102352935,1.435811108498457,85,191
5,GTCAA,3.85230909922268,3.517885045821192,1.0950612492792517,1.4332448203415924,337,833
6,CATGGT,0.7658893461362597,0.6208032433802103,1.233669423219949,1.4321641352523529,67,147
6,ATGTCT,0.5715592135345221,0.4476540394442333,1.2767259771549664,1.4312331380258472,50,106
6,ATCCTC,1.0173754000914494,0.8488534144178386,1.1985055749957414,1.4306860880578347,89,201
6,CAGCGC,2.6406035665294922,2.3649647366865154,1.1165459979032752,1.4280743675796799,231,560
6,GAAGTG,1.0631001371742113,0.8910849275729549,1.1930185355240703,1.4266303536442215,93,211
6,GTGTCC,0.7887517146776405,0.6419189999577685,1.2287046251427614,1.426421081936424,69,152
6,TCCTTA,0.411522633744856,0.30829004603234933,1.334746821567898,1.4255116742044494,36,73
6,ACGGCG,2.0804755372656607,1.8370708222475611,1.1324888856662347,1.4239476457365743,182,435
6,CTATAC,0.5372656607224509,0.41809198023565186,1.284973615275081,1.4227214718008052,47,99
6,CGCGCA,3.235025148605396,2.930867012965075,1.1037739880028958,1.4221037527300586,283,694
6,TGCTAA,0.6515775034293553,0.5194476118079311,1.2543171956110744,1.4213780980520236,57,123
5,CGAAT,3.8980338363054408,3.5643397102918195,1.0936175537070039,1.4213774607175038,341,844
6,TTCAGT,0.8116140832190215,0.6630347565353267,1.224056008555449,1.421213166029228,71,157
5,AGCGC,7.624599908550526,7.162464631107733,1.0645209224969077,1.4210302778011275,667,1696
6,TCCCAT,0.9373571101966164,0.7770598420541408,1.206260359154415,1.4203977718589722,82,184
5,AATCT,3.4293552812071333,3.1166856708475863,1.100317969658311,1.4196709882632792,300,738
6,AAGACG,1.2231367169638776,1.0388952236158622,1.177326602818083,1.4190999400121052,107,246
5,AGTCT,2.0118884316415184,1.7737235525148867,1.134266386749103,1.4171600447794237,176,420
6,CACCGA,1.8632830361225423,1.6343595591030027,1.1400606553674377,1.4169669456930394,163,387
6,TCATTT,1.623228166438043,1.410532539380886,1.150780320968994,1.4135211426850383,142,334
6,TGTGCT,0.6744398719707362,0.5405633683854892,1.2476152656412147,1.4131084500545945,59,128
6,GACGTG,1.0059442158207592,0.8404071117868154,1.1969490819441517,1.4126055895115217,88,199
6,GAAGCG,1.6003657978966621,1.3894167828033277,1.1518146579473105,1.4121822101125865,140,329
6,AGCGAC,1.02880658436214,0.8615228683643734,1.1941495776630473,1.4105673162021248,90,204
6,CTTACA,0.4686785550983082,0.35896786181848894,1.3055430600895122,1.4094353334568541,41,85
6,CGGGTT,1.0973936899862824,0.9248701380970481,1.1865179693737673,1.4058820565661325,96,219
6,AATGGA,1.3946044810242342,1.1993749736053043,1.1627624683423963,1.4033126759558459,122,284
6,TCGGAG,1.3946044810242342,1.1993749736053043,1.1627624683423963,1.4033126759558459,122,284
5,GGCGA,6.9044352994970275,6.469867815363825,1.0671668695323742,1.4001973449817338,604,1532
5,GATTC,4.846822130772748,4.480763545757845,1.0816937586420057,1.3995958002654012,424,1061
6,TGGACT,0.5829903978052127,0.46032349339076817,1.2664219054311707,1.3991928318029565,51,109
5,CAATC,5.052583447645176,4.679251657586891,1.0797828026993828,1.398624161267254,442,1108
6,GTGGAC,0.823045267489712,0.6757042104818616,1.2180232894713592,1.3972529193295868,72,160
6,CTGGGA,0.9716506630086876,0.8108450525782339,1.198294089000488,1.3965621759405278,85,192
5,CGCTT,5.738454503886603,5.342286414122218,1.0741556411414086,1.3949691175631231,502,1265
6,CAAGTA,0.7430269775948789,0.6039106381181638,1.2303210087659076,1.3927715840197967,65,143
6,CTTGTT,0.7430269775948789,0.6039106381181638,1.2303210087659076,1.3927715840197967,65,143
6,ACCCGA,1.7375400091449476,1.5203344735841884,1.142857544560096,1.3926049548929378,152,360
6,CCCGTT,1.4288980338363055,1.2331601841293973,1.1587157780862654,1.3885240302750093,125,292
6,TGGAGG,2.6634659350708736,2.394526795895097,1.1123094169149013,1.385700805397039,233,567
6,AGCACG,1.2002743484224965,1.0220026183538158,1.1744166650857453,1.384809434671677,105,242
6,TTTTAC,1.2231367169638776,1.0431183749313737,1.172560555257039,1.384633344848726,107,247
5,TCTCT,2.274805669867398,2.0271126314455845,1.1221840445248144,1.3826433824758657,199,480
6,TAGACG,0.3886602652034751,0.29139744077030283,1.3336661350307168,1.3815136086269693,34,69
6,AGCAGG,1.771833561957019,1.5541196841082816,1.1400792179347854,1.3813449756016527,155,368
5,ATTCC,4.938271604938271,4.573672874699101,1.07971509303753,1.3808125790883703,432,1083
6,AACCTA,0.6287151348879744,0.5025550065458845,1.2509875097216872,1.3802313622554148,55,119
5,TGGAA,4.766803840877915,4.4089699733941465,1.0811585821143828,1.3788062119479338,417,1044
6,ACTTCG,0.8116140832190215,0.6672579078508383,1.2163099795027055,1.3778204605067732,71,158
6,TCTCTT,0.8116140832190215,0.6672579078508383,1.2163099795027055,1.3778204605067732,71,158
6,CGATCC,2.3319615912208507,2.082013598547236,1.120045319740485,1.3774875424426514,204,493
6,GGAGTC,1.7261088248742569,1.5118881709531653,1.141681435104116,1.377444362877148,151,358
6,AGGACA,1.7261088248742569,1.5118881709531653,1.141681435104116,1.377444362877148,151,358
5,CCATT,4.458161865569274,4.113349381308332,1.0838256296109494,1.3729146829396586,390,974
6,ACCTAT,0.6515775034293553,0.5236707631234427,1.2442036656325688,1.3721628927791016,57,124
6,CTTCCC,1.6575217192501144,1.4485409012204906,1.144259918281719,1.3719090100989741,145,343
6,GATCAG,1.0516689529035208,0.8868617762574433,1.185810912102081,1.3713254357741196,92,210
6,CTTTCG,1.211705532693187,1.0346720723003504,1.1710844978636525,1.367417549925451,106,245
6,TCGCGG,2.034750800182899,1.8032856117234681,1.1283503577685878,1.3672052349964088,178,427
5,TCCTG,4.903978052126201,4.5441108154905185,1.0791924607478485,1.36719267486946,429,1076
6,TCCTAA,0.30864197530864196,0.22382701972211666,1.378761596933576,1.3664693439674411,27,53
5,TAGGA,2.983539094650206,2.7028168419274463,1.1038590046013317,1.3651156984403303,261,640
6,GGACCA,0.903063557384545,0.751720934161071,1.2013014221163603,1.3641389735837384,79,178
6,CTTGCA,0.7773205304069501,0.6376958486422568,1.2189175142201492,1.3625351405920205,68,151
6,CTCGAA,0.9487882944673068,0.7939524473161874,1.1949944838964328,1.359393881565433,83,188
5,AACGG,5.0068587105624145,4.645466447062798,1.077792938195537,1.358902228400678,438,1100
5,GCAAG,6.538637402834933,6.127792558807382,1.0670450469039408,1.3577005361297376,572,1451
5,GGCGG,10.642432556012803,10.1271168545969,1.050884236885082,1.3569828526316206,931,2398
6,CAGACC,1.4060356652949246,1.2162675788673507,1.1560121214380614,1.3558391918074655,123,288
6,TGGGAG,1.4060356652949246,1.2162675788673507,1.1560121214380614,1.3558391918074655,123,288
6,GCACAT,0.9945130315500686,0.8361839604713037,1.1893245339651564,1.355786287449316,87,198
5,TCCCG,6.2414266117969825,5.840618269352591,1.0686231254377587,1.3543297241301986,546,1383
5,AAACG,4.606767261088248,4.261159677351239,1.0811045582539658,1.3535349501610427,403,1009
6,TGGAAG,1.29172382258802,1.11068879597956,1.1629788014280542,1.3515662776872757,113,263
6,TTTCAC,1.1545496113397347,0.9839942565142109,1.1733120112189792,1.3501325867495038,101,233
6,ACTGGC,1.1774119798811158,1.005110013091769,1.171408924050995,1.3500340042170333,103,238
5,GCCGT,6.835848193872886,6.419189999577685,1.0649072084798494,1.3477849340117978,598,1520
6,TCGTGG,0.8687700045724738,0.7221588749524895,1.2029897239125351,1.347767237931837,76,171
6,TAAGCG,0.7430269775948789,0.6081337894336754,1.2217785175775948,1.3472774451567737,65,144
5,TTCAG,4.069501600365798,3.74593521685882,1.086375691838343,1.3469496797555083,356,887
6,GCTCTT,0.5829903978052127,0.4645466447062798,1.2549114567991886,1.3468403200853534,51,110
6,TGAATA,1.5089163237311385,1.3134000591241184,1.1488513557718423,1.346182968062229,132,311
6,CTTTTC,1.6575217192501144,1.4527640525360024,1.1409338102602948,1.342830929603382,145,344
6,GCCGCT,2.7206218564243256,2.4578740656277716,1.106896079365039,1.3376113969114571,238,582
6,GCGATA,1.02880658436214,0.8699691709953968,1.182557224944571,1.3348555797172452,90,206
6,GCGTAA,0.8116140832190215,0.6714810591663499,1.2086613702694684,1.3346221368615179,71,159
6,GCTTTG,1.2345679012345678,1.0600109801934203,1.1646591010776053,1.3333475366247363,108,251
6,TCGATT,1.188843164151806,1.017779467038304,1.1680588936637473,1.3326221910271112,104,241
6,AAGGCC,1.520347508001829,1.3260695130706535,1.1464955972946012,1.3317419279632234,133,314
6,ACAATC,1.4517604023776864,1.2627222433379788,1.1496949867940471,1.326943271151276,127,299
6,GTTCCG,1.4517604023776864,1.2627222433379788,1.1496949867940471,1.326943271151276,127,299
5,AAAGG,7.567443987197074,7.1371257232146625,1.0602920911668452,1.3260434486572412,662,1690
6,CGGGCC,2.3090992226794693,2.069344144600701,1.1158548196163223,1.3259738753785069,202,490
5,GCGTC,5.578417924096937,5.207145572025846,1.0712991824440976,1.3236708446493497,488,1233
6,CTCGGT,0.6515775034293553,0.5278939144389544,1.2342519214863052,1.323227889890723,57,125
6,GAAAAC,1.7489711934156378,1.5414502301617468,1.1346183596184973,1.3229089342599294,153,365
6,TGGAGC,1.7261088248742569,1.5203344735841884,1.1353391776266342,1.3205839500498797,151,360
6,GGACAA,1.337448559670782,1.157143460450188,1.1558056756271944,1.320352644866063,117,274
6,GGTAAA,1.29172382258802,1.1149119472950715,1.1585739737783796,1.3183058827590974,113,264
6,TCGCTT,0.9945130315500686,0.8404071117868154,1.1833487398287956,1.317334496346115,87,199
6,CCGCCG,5.441243712848651,5.076227881244985,1.0719054876167977,1.3170118314437258,476,1202
6,CACGGG,1.108824874256973,0.9459858946746061,1.1721185999061672,1.3146259691405746,97,224
6,ATCTAC,0.5372656607224509,0.42653828286667517,1.2595345572642342,1.3129662830897124,47,101
6,GACAAG,1.7832647462277091,1.5752354406858398,1.1320539741372806,1.312515401109155,156,373
5,AACCT,3.280749885688157,2.998437434013261,1.0941500507789383,1.3070726148574185,287,710
6,GGTTTT,1.8404206675811614,1.630136407787491,1.1289900402108317,1.3050988238073884,161,386
6,AGAATA,1.5432098765432098,1.3514084209637232,1.1419165819497583,1.3033190703177182,135,320
5,TCTGC,3.7379972565157753,3.4376451708264706,1.0873689208374617,1.3028735310841124,327,814
6,TCAAGC,1.3031550068587106,1.1275814012416066,1.1556943347862199,1.3022647277154193,114,267
6,GGCTAA,0.6401463191586648,0.5194476118079311,1.2323150075326574,1.3020095287151872,56,123
6,TTGAGC,0.9373571101966164,0.7897292960006757,1.1869110388073203,1.3008792482804947,82,187
6,TGATTC,1.2574302697759487,1.0853498880864902,1.1585336951785168,1.3001876043570768,110,257
6,TTCCGG,1.8975765889346137,1.6850373748891423,1.1261257492787218,1.2982782499687764,166,399
6,TTCCAA,1.188843164151806,1.0220026183538158,1.1632326762519223,1.297863609788721,104,242
6,TATACG,0.411522633744856,0.31673634866337264,1.2991648069464101,1.297073734635276,36,75
6,TTCCTC,1.0516689529035208,0.8953080788884666,1.1746252660676861,1.2967990999709071,92,212
5,TCCCC,4.709647919524463,4.375184762870054,1.0764437459003267,1.2942547208847324,412,1036
6,CAAGGC,1.931870141746685,1.7188225854132353,1.1239424963877778,1.2891196582320001,169,407
5,TTCGA,4.309556470050297,3.990877993158495,1.0798497204038946,1.2879866278839927,377,945
6,ACGCCG,2.754915409236397,2.5001055787828874,1.101915551511389,1.2873031234295031,241,592
6,AGCTAA,0.6058527663465935,0.4898855525993497,1.2366747613925417,1.287249119599119,53,116
5,GAGTC,3.280749885688157,3.0026605853287722,1.09261121306777,1.2868951942531899,287,711
6,TCGCTC,0.8573388203017833,0.7179357236369779,1.1941450711654067,1.2866852293937145,75,170
6,AATTCA,1.5089163237311385,1.3218463617551417,1.141511007850292,1.2851703419824234,132,313
5,GTCCC,3.5093735711019662,3.2222644537353773,1.0890988966297002,1.2846277343805,307,763
6,CGCTCT,0.903063557384545,0.7601672367920942,1.1879553842085764,1.2830647865444182,79,180
6,CCCTTT,1.2459990855052583,1.0769035854554667,1.157005512640221,1.282828892456419,109,255
6,ATCGGC,2.1719250114311843,1.9468727564508637,1.1155908598282436,1.2824271768003086,190,461
6,TAAGTT,0.7315957933241883,0.6039106381181638,1.2113955403233234,1.2813917385986553,64,143
6,GTTAGC,0.4343850022862369,0.3378521052409308,1.285640762546771,1.281333054868896,38,80
6,ACCTAA,0.49154092363968904,0.3885299210270704,1.2650619446397267,1.2786706885081722,43,92
6,TGACTC,0.49154092363968904,0.3885299210270704,1.2650619446397267,1.2786706885081722,43,92
6,TTCCTT,1.0173754000914494,0.8657460196798852,1.1751228012431398,1.2785670554292738,89,205
6,CAGATC,1.108824874256973,0.9502090459901178,1.1669097320878337,1.2785617334298718,97,225
6,CTATAA,1.0859625057155922,0.9290932894125596,1.168823018946043,1.2783159980940935,95,220
5,TTCTA,2.3090992226794693,2.0777904472317243,1.111319042712722,1.2774569107523817,202,492
6,GAAAGA,1.6918152720621855,1.4949955656911187,1.1316435623833088,1.2742091510396454,148,354
6,GCCCTC,1.3717421124828533,1.1951518222897928,1.1477431675065422,1.2739898277086785,120,283
6,GGGCTC,0.8001828989483311,0.6672579078508383,1.1991809635186084,1.2714739772932773,70,158
6,TGACTG,0.8001828989483311,0.6672579078508383,1.1991809635186084,1.2714739772932773,70,158
5,CTCGG,3.3036122542295385,3.0279994932218424,1.091018396728586,1.2705149560024571,289,717
6,CATAAG,0.6744398719707362,0.5532328223320241,1.2190490871802693,1.2692969065355917,59,131
6,TTCTCA,0.823045267489712,0.6883736644283964,1.1956089390479827,1.2689881623683987,72,163
6,GTTCTC,0.823045267489712,0.6883736644283964,1.1956089390479827,1.2689881623683987,72,163
6,GGCACC,1.9775948788294466,1.7652772498838634,1.1202675682829553,1.2685936080911806,173,418
6,GCCGTC,2.5605852766346593,2.3185100722158873,1.1044053104571487,1.2683400697407856,224,549
6,AAGTAC,0.51440329218107,0.40964567760462856,1.2556649656168528,1.26803279195223,45,97
6,TTTGTT,1.2802926383173296,1.11068879597956,1.15268775031909,1.267891054448298,112,263
6,CTGGAT,1.2802926383173296,1.11068879597956,1.15268775031909,1.267891054448298,112,263
5,AAGTA,3.2235939643347047,2.9519827695426324,1.0920066326033782,1.2674181115630536,282,699
6,CAGGCG,2.05761316872428,1.8412939735630727,1.1174757809935874,1.2665008722821676,180,436
6,CGCCTG,3.680841335162323,3.391190506355843,1.0854102083745483,1.2650331971726423,322,803
5,CTGCC,7.4645633287608595,7.056885848219942,1.0577693493099112,1.263232303435654,653,1671
6,GCGACT,0.9144947416552356,0.7728366907386292,1.183272514571971,1.2623152029885691,80,183
6,ATAACC,0.9373571101966164,0.7939524473161874,1.1805984772984723,1.2613426466680644,82,188
6,TGATGT,1.0973936899862824,0.9417627433590946,1.1652373954958022,1.260327585782361,96,223
6,TCGCCG,3.1778692272519433,2.9097512563875165,1.0921414695255889,1.2598614272900834,278,689
5,CCTCG,4.240969364426155,3.931753874741332,1.0786436880758101,1.2588979335984531,371,931
6,AAGCGC,1.9890260631001373,1.7779467038303982,1.1187141815875907,1.2570274830614083,174,421
6,CGGGCA,2.06904435299497,1.8539634275096077,1.1160051604999623,1.2552613273710054,181,439
6,GGCCGA,2.446273433927755,2.2129312893280964,1.105440056688265,1.2505474892761845,214,524
6,CCTTAT,0.5601280292638318,0.4518771907597449,1.2395050916665153,1.2504093426577603,49,107
6,TGCATA,0.5601280292638318,0.4518771907597449,1.2395050916665153,1.2504093426577603,49,107
6,GAATAT,1.2459990855052583,1.0811267367709785,1.1524863778587844,1.2490951999698159,109,256
6,CTGTCC,1.2231367169638776,1.0600109801934203,1.1538760939356505,1.247750394354247,107,251
6,AACGGT,0.8344764517604023,0.7010431183749314,1.1903082692941989,1.2468317144692884,73,166
6,GAACGC,2.0004572473708278,1.7906161577769333,1.1171827755518773,1.2455521005734627,175,424
6,GTCGAC,1.1774119798811158,1.017779467038304,1.1568285027963972,1.2453576557866712,103,241
6,TCTGCT,0.8802011888431641,0.7432746315300477,1.1841958973381803,1.2438395201494978,77,176
5,GGGCA,5.2812071330589845,4.941087039148613,1.0688336813028183,1.2434306279426592,462,1170
6,GCGGGC,2.9492455418381343,2.694370539296423,1.0945918683558011,1.2427787471460583,258,638
6,TCTGCC,1.108824874256973,0.9544321973056294,1.161746955615693,1.2426113453882015,97,226
6,TTCGCC,2.034750800182899,1.8244013683010263,1.1152914629369393,1.2374745148951631,178,432
6,GCAATC,1.4746227709190671,1.296507453862072,1.1373702707989697,1.2360429659610477,129,307
6,CGAACC,1.4746227709190671,1.296507453862072,1.1373702707989697,1.2360429659610477,129,307
5,AGGCG,6.527206218564244,6.153131466700452,1.0607932196095953,1.234764754168565,571,1457
6,CCTGCC,2.960676726108825,2.707039993242958,1.093691768249498,1.2340678095532531,259,641
5,CCAAC,5.909922267946959,5.5534439798978,1.0641893337550772,1.234055158591544,517,1315
6,AACACA,1.2345679012345678,1.0726804341399552,1.150904567181445,1.23149533898396,108,254
6,CTCGGA,0.6287151348879744,0.5152244604924194,1.2202314912183845,1.231113619387722,55,122
6,CACTCA,0.8001828989483311,0.6714810591663499,1.191640067904449,1.2284062507488822,70,159
6,GCATCG,2.6634659350708736,2.4240888551036783,1.0987452274863945,1.2281582121685666,233,574
6,CGGCCT,2.446273433927755,2.2171544406436086,1.103334551544585,1.227102695891532,214,525
6,TACATC,0.6515775034293553,0.5363402170699776,1.2148185066898987,1.2261845548997652,57,127
6,GGACGA,1.5089163237311385,1.330292664386165,1.1342638636897395,1.2244341751632348,132,315
6,TTGCAT,0.9144947416552356,0.7770598420541408,1.1768425131667062,1.2223800193467655,80,184
6,GTTCAG,0.9373571101966164,0.798175598631699,1.174352707014325,1.2219553722834997,82,189
6,TTGTTC,0.9373571101966164,0.798175598631699,1.174352707014325,1.2219553722834997,82,189
6,GTTCAT,0.9830818472793781,0.8404071117868154,1.1697483977134395,1.2217367829439545,86,199
5,TTTTG,6.4014631915866484,6.034883229866126,1.060742498820275,1.2210479683252968,560,1429
6,CAACAC,1.5889346136259717,1.4063093880653743,1.1298521092864808,1.2187364684964788,139,333
6,AGAAGC,1.2688614540466392,1.1064656446640482,1.1467565979168766,1.2172190415624937,111,262
6,CGACCC,1.6918152720621855,1.503441868322142,1.1252864371181475,1.2171438799704006,148,356
5,GGTCG,4.675354366712392,4.362515308923519,1.071709063402628,1.2129755322247404,409,1033
6,CCTTAA,0.51440329218107,0.4138688289201402,1.2428551529427452,1.2126702611542297,45,98
6,ACCGTC,1.3946044810242342,1.2247138814983742,1.1387072779727354,1.2123651379386258,122,290
6,TACCAT,0.7887517146776405,0.6630347565353267,1.1895798054669098,1.207798308231466,69,157
6,GAGTTT,1.0859625057155922,0.937539592043583,1.1582942048644957,1.2057037752322077,95,222
6,TGCAGG,1.6003657978966621,1.4189788420119092,1.127820210205932,1.205451662066736,140,336
6,GCATTG,1.4746227709190671,1.3007306051775835,1.133677794056625,1.2053734731171586,129,308
6,GCAGCC,2.3090992226794693,2.090459901178259,1.1045840979624564,1.204942429961047,202,495
6,GGATTC,1.3031550068587106,1.1402508551881414,1.1428544126830968,1.2036200322862016,114,270
6,GTTCCA,0.9945130315500686,0.8530765657333503,1.1657763134822465,1.2027974616024995,87,202
6,AATTAG,0.9487882944673068,0.8108450525782339,1.1701018354455837,1.202318519358402,83,192
6,AACCCA,1.2802926383173296,1.1191350986105832,1.1439889974026076,1.201587462914374,112,265
6,CCAAGA,1.2802926383173296,1.1191350986105832,1.1439889974026076,1.201587462914374,112,265
6,CGCTTT,2.0461819844535896,1.8412939735630727,1.111267883914088,1.200529823272104,179,436
6,GCTAAG,0.6630086877000457,0.5490096710165125,1.2076070094932,1.2001094381967266,58,130
6,CACGGC,1.8632830361225423,1.6681447696270957,1.1169722033889944,1.1993075750899345,163,395
6,TAAGAC,0.5601280292638318,0.45610034207525657,1.2280307084281281,1.1978131756215566,49,108
6,CTGGTA,0.5601280292638318,0.45610034207525657,1.2280307084281281,1.1978131756215566,49,108
5,GCCCC,7.4645633287608595,7.0780016047975,1.0546137574093808,1.1966158139176295,653,1676
6,ATTCCG,1.3831732967535437,1.2162675788673507,1.1372165131543632,1.1953687901213443,121,288
5,AACGC,5.8984910836762685,5.5534439798978,1.0621309752884713,1.1947893420054663,516,1315
5,CCGTT,5.13260173754001,4.810169348367753,1.0670300072243701,1.1941330556678218,449,1139
5,CCGTG,4.709647919524463,4.400523670763123,1.0702455542415727,1.1938470376992685,412,1042
6,ATCCCC,1.3603109282121628,1.1951518222897928,1.1381793383138024,1.192983341005918,119,283
6,TTGTGC,0.5829903978052127,0.4772160986528147,1.2216022033426843,1.1917778515298367,51,113
6,TTCCGC,2.297668038408779,2.082013598547236,1.1035747713342887,1.1910021744842878,201,493
6,TTTGGA,1.337448559670782,1.1740360657122344,1.1391767945220395,1.190650048911993,117,278
5,CCCAT,4.595336076817558,4.290721736559821,1.0709920754018467,1.1905778553476098,402,1016
6,GAGGCC,2.3548239597622316,2.1369145656488873,1.1019690729375902,1.1884832085876016,206,506
6,GCGGCG,4.961133973479653,4.645466447062798,1.0679502768960367,1.1884382928869996,434,1100
5,GCTTG,3.8294467306812985,3.551670256345285,1.0782078947363676,1.1875428597800008,335,841
6,CGTCAA,1.29172382258802,1.131804552557118,1.1412833526198156,1.1861533737446535,113,268
6,GGAACT,0.8001828989483311,0.6757042104818616,1.1841934195374628,1.1855307791858885,70,160
6,AGTCGC,0.8001828989483311,0.6757042104818616,1.1841934195374628,1.1855307791858885,70,160
6,CGCCGT,2.606310013717421,2.3776341906330503,1.0961738380956232,1.1847608031786032,228,563
6,AGCTTA,0.4458161865569273,0.3547447105029773,1.2566516376272314,1.1841074695573288,39,84
6,CTTCTC,0.8459076360310928,0.7179357236369779,1.178224993801025,1.1835754162723677,74,170
6,CCTTCT,0.8459076360310928,0.7179357236369779,1.178224993801025,1.1835754162723677,74,170
6,GAAGAC,1.5432098765432098,1.3683010262257698,1.1278198766043472,1.1834152482616593,135,324
6,TCTCGC,0.9602194787379973,0.8235145065247689,1.1659817440443752,1.1830270671487702,84,195
6,CCCAAT,0.8916323731138546,0.7601672367920942,1.172919639252732,1.182691333698983,78,180
5,TGAGC,4.549611339734796,4.248490223404704,1.070875537648058,1.1825110649468638,398,1006
5,GCATC,7.533150434385003,7.149795177161197,1.0536169059440692,1.1813250096461545,659,1693
6,ATCGAA,1.703246456332876,1.5203344735841884,1.120302443759711,1.1761287949044732,149,360
6,CCTCGC,1.703246456332876,1.5203344735841884,1.120302443759711,1.1761287949044732,149,360
6,CTATGT,0.3543667123914037,0.2745048355082563,1.2908247290523271,1.174853673111634,31,65
5,TTTGA,4.926840420667581,4.615904387854217,1.067360428346106,1.1742692826184888,431,1093
6,GAGCGA,1.3260173754000915,1.1655897630812113,1.137624621404266,1.1733110854172821,116,276
6,CGACGT,1.0859625057155922,0.9417627433590946,1.1531006119237908,1.169572225563849,95,223
6,GGAATA,1.4060356652949246,1.2416064867604206,1.1324219372997684,1.166426759134264,123,294
5,TTGAG,3.86374028349337,3.5896786181848896,1.0763450046529763,1.165952779830029,338,850
6,AGTTCA,0.7658893461362597,0.6461421512732801,1.1852977163854814,1.1659188486661813,67,153
6,CTTTCC,1.8175582990397805,1.630136407787491,1.114966081211898,1.1653026601057606,159,386
6,AGTAAG,0.9945130315500686,0.8572997170488619,1.1600342428074153,1.1648876517120295,87,203
6,GATAAG,0.9945130315500686,0.8572997170488619,1.1600342428074153,1.1648876517120295,87,203
6,TCTTGG,0.594421582075903,0.4898855525993497,1.2133451260389103,1.163791983015672,52,116
6,CTCTAG,0.28577960676726105,0.21538071709109335,1.326706215881057,1.1636024052736849,25,51
5,CGCAA,6.68724279835391,6.330503821951941,1.056351492912089,1.1626845398595953,585,1499
6,AATAGC,0.8802011888431641,0.751720934161071,1.1708920952373578,1.1625635981095228,77,178
6,CGCATC,2.914951989026063,2.6774779340343766,1.0886898760156267,1.1623519938852007,255,634
6,TTACAA,1.188843164151806,1.0388952236158622,1.144320144239068,1.159842618236832,104,246
6,ACCCAT,1.188843164151806,1.0388952236158622,1.144320144239068,1.159842618236832,104,246
6,TGATTT,2.2519433013260173,2.0440052367076316,1.1017257139624104,1.1590585828601747,197,484
6,AGTGAT,1.1659807956104253,1.017779467038304,1.1455981119290466,1.1578444942004509,102,241
5,AAACA,5.544124371284865,5.21981502597238,1.0621292384452314,1.1562369851748522,485,1236
6,ACATCT,0.6401463191586648,0.5321170657544659,1.202979686964862,1.1557501055342305,56,126
6,AGGTGC,1.440329218106996,1.2753916972845136,1.1293128925681206,1.1550979854109615,126,302
6,CTTCGG,1.1202560585276635,0.9755479538831876,1.1483200001276295,1.1541051304966488,98,231
5,TGTTT,4.572473708276177,4.278052282613285,1.0688197628820837,1.1526803530569938,400,1013
6,ACGCCT,1.2688614540466392,1.1149119472950715,1.1380698270767742,1.1508654506677578,111,264
5,GCTCT,2.343392775491541,2.1326914143333755,1.0987913584714153,1.1507515472135434,205,505
6,TGTTGG,0.6858710562414266,0.5743485789095824,1.1941383118111915,1.149971121000216,60,136
6,CCATTA,0.6858710562414266,0.5743485789095824,1.1941383118111915,1.149971121000216,60,136
6,GTTCGT,0.7315957933241883,0.6165800920646987,1.1865078875408595,1.1460257806816767,64,146
5,TTTAG,2.937814357567444,2.7028168419274463,1.0869421922253522,1.1452347458508019,257,640
6,TTCGAT,1.2002743484224965,1.0515646775623972,1.141404074923184,1.1438188278458548,105,249
6,TCCAAC,1.3488797439414724,1.190928670974281,1.1326173557501222,1.1437310371147844,118,282
6,TTCTGC,0.9373571101966164,0.8066219012627222,1.1620573443329862,1.143623812854266,82,191
6,AGCCTT,0.8916323731138546,0.7643903881076058,1.1664402679034582,1.142504647108146,78,181
6,GTTGAC,0.8687700045724738,0.7432746315300477,1.168818476875012,1.1422406649014953,76,176
6,TGCACC,1.1774119798811158,1.0304489209848389,1.1426065817000055,1.1416046191360076,103,244
6,GTACAC,0.48010973936899864,0.3885299210270704,1.2356478834668758,1.140992090845244,42,92
6,TTCTGA,1.3260173754000915,1.1698129143967229,1.1335180243598875,1.1409878598681837,116,277
6,AGTCAC,0.5829903978052127,0.4814392499683263,1.2108886198654958,1.140740006499095,51,114
6,GACTGT,0.5829903978052127,0.4814392499683263,1.2108886198654958,1.140740006499095,51,114
6,CTGGCG,2.6634659350708736,2.440981460365725,1.091141765777786,1.1387418292711098,233,578
5,TGCTT,3.0064014631915867,2.7703872629756323,1.0851886970822828,1.136735469549741,263,656
5,AGGGA,5.42981252857796,5.11423624308459,1.0617042506581535,1.136072457493688,475,1211
6,GAGGAT,1.7146776406035666,1.5372270788462352,1.1154279815916002,1.1355374312870405,150,364
6,ATCCGC,2.6977594878829447,2.474766670889818,1.0901029617538756,1.1338784972981921,236,586
6,AAGTCT,0.5029721079103796,0.40964567760462856,1.227766723132595,1.1336459185003354,44,97
6,GAGTTA,0.6744398719707362,0.565902276278559,1.1917617653515586,1.1278046824221668,59,134
5,AGAAT,5.018289894833105,4.717260019426496,1.0638132078465374,1.1256902521962378,439,1117
6,GAAGGA,2.652034750800183,2.4325351577347014,1.0902312014884639,1.125494625498289,232,576
6,GATGCC,1.886145404663923,1.701929980151189,1.1082327730187047,1.1223419737964304,165,403
6,TACGTT,0.5486968449931412,0.4518771907597449,1.2142135846958308,1.1219517738584324,48,107
6,TGGTAT,0.7887517146776405,0.6714810591663499,1.1746187655394293,1.1217347885573257,69,159
6,AAGGTC,0.8573388203017833,0.7348283288990245,1.1666971956112895,1.1217176058627565,75,174
6,ATAAGC,0.8116140832190215,0.6925968157439081,1.171817257954762,1.1214799565026947,71,164
6,GAACTG,1.3946044810242342,1.237383335444909,1.127049101249351,1.1179437586125107,122,293
5,TGTCC,3.4979423868312756,3.247603361628447,1.0770818628821153,1.1175865106232443,306,769
6,GTAATG,0.5715592135345221,0.47299294733730307,1.2083443998731689,1.1173633315191034,50,112
6,TATTAG,0.5715592135345221,0.47299294733730307,1.2083443998731689,1.1173633315191034,50,112
6,GGAAGC,1.4746227709190671,1.3134000591241184,1.1227428279694611,1.1137881170262374,129,311
6,ACGTCT,0.594421582075903,0.4941087039148613,1.2029767532753186,1.1134842333859527,52,117
6,AGTAGG,0.594421582075903,0.4941087039148613,1.2029767532753186,1.1134842333859527,52,117
6,TCGCCC,2.05761316872428,1.8666328814561424,1.1023072391156272,1.1128460834549057,180,442
5,AGTCG,2.58344764517604,2.369187888002027,1.0904321329033146,1.1128188063584543,226,561
5,ACAAG,5.601280292638317,5.287385447020567,1.0593656188301428,1.1127215444313985,490,1252
6,ATCTTC,1.0516689529035208,0.9164238354660247,1.1475631207875003,1.1126474078251527,92,217
6,CCCCAT,1.2002743484224965,1.0557878288779088,1.13683889101945,1.1097868724773643,105,250
6,GGCGAG,1.7146776406035666,1.5414502301617468,1.11237221275861,1.1074533437859275,150,365
6,GGTCTG,1.1774119798811158,1.0346720723003504,1.1379433320648549,1.107222315569365,103,245
6,CACATC,1.3031550068587106,1.1529203091346762,1.1302966621956407,1.1057525842338451,114,273
6,TGTAAT,0.9373571101966164,0.8108450525782339,1.1560057086681315,1.1046770698476573,82,192
6,TCACTA,0.51440329218107,0.42231513155116346,1.2180039344039282,1.103135935952403,45,100
6,ACCTCG,0.8916323731138546,0.7686135394231176,1.1600320891746705,1.1024758971326454,78,182
6,GTGTAA,0.8916323731138546,0.7686135394231176,1.1600320891746705,1.1024758971326454,78,182
6,CAGTTT,0.8687700045724738,0.7474977828455593,1.1622158659504305,1.1016356873365956,76,177
6,CCAGAG,0.8459076360310928,0.7263820262680012,1.1645265890157042,1.1009893003918694,74,172
6,CGCAAG,2.263374485596708,2.0651209932851895,1.0959962604273903,1.1003439712521863,198,489
6,AAAGCC,1.0859625057155922,0.9502090459901178,1.1428519072803671,1.0976541029466091,95,225
6,CTCAAC,1.2345679012345678,1.0895730394020018,1.1330627230275765,1.0970160697673534,108,258
6,GCCCTG,2.240512117055327,2.0440052367076316,1.0961334459786436,1.0961283501036647,196,484
5,CTACC,2.606310013717421,2.394526795895097,1.088441012263525,1.0945462164647772,228,567
5,AGTTC,2.606310013717421,2.394526795895097,1.088441012263525,1.0945462164647772,228,567
6,TCGACA,1.211705532693187,1.0684572828244436,1.134057623462268,1.0941972392104131,106,253
5,CCGAT,6.755829903978052,6.419189999577685,1.052441921835984,1.0906238248382225,591,1520
6,CTGAGT,0.5829903978052127,0.485662401283838,1.2003613212223572,1.090019528513389,51,115
5,CTAAC,1.9204389574759946,1.7399383419907937,1.103733700073924,1.0884785576675113,168,412
6,GGAAAT,1.8404206675811614,1.663921618311584,1.1060677621776716,1.0876287327063587,161,394
5,ACTCT,1.7604023776863282,1.5879048946323748,1.1086252842400002,1.0873249668752896,154,376
6,CTCATA,0.28577960676726105,0.21960386840660498,1.3012042475200525,1.0866901794596018,25,52
6,TATCTG,0.9487882944673068,0.8235145065247689,1.1521024544251037,1.0860342681136692,83,195
5,CCGAG,5.0640146319158665,4.772160986528147,1.0611562624532915,1.085761592726865,443,1130
6,CCAGGA,1.9775948788294466,1.7948393090924448,1.1018171304239843,1.0856703673193293,173,425
6,TTCCCG,2.1147690900777323,1.9257569998733053,1.0981444054344955,1.0852557168098291,185,456
6,GTCCCA,0.6287151348879744,0.5278939144389544,1.1909514819998495,1.0845772505112365,55,125
6,CTCTGT,0.48010973936899864,0.39275307234258205,1.2223647291479967,1.0843541635305296,42,93
6,CTAGTG,0.21719250114311844,0.16047974998944212,1.353174987240951,1.082085032180016,19,38
6,TCCAGT,0.6744398719707362,0.5701254275940707,1.182935448558994,1.0811418326220266,59,135
6,ACACGG,0.8573388203017833,0.739051480214536,1.1600312564522155,1.0808985596200946,75,175
6,AAGGGT,0.8573388203017833,0.739051480214536,1.1600312564522155,1.0808985596200946,75,175
6,GCTTTC,1.6346593507087332,1.469656657798049,1.1122653141492738,1.0799396286157894,143,348
6,AGGAAT,2.0118884316415184,1.8286245196165378,1.1002140618005214,1.0789996892599336,176,433
6,CTTTGG,0.7430269775948789,0.6334726973267453,1.1729150904550965,1.0789236839554563,65,150
6,ATCTCC,0.7658893461362597,0.6545884539043034,1.1700058884011193,1.0788224081573599,67,155
6,GACGTA,0.5029721079103796,0.4138688289201402,1.2152415176347213,1.0785457466449477,44,98
6,CAAGCT,1.0745313214449017,0.9417627433590946,1.1409638283517791,1.0785368099161559,94,223
6,AGCCGG,2.263374485596708,2.069344144600701,1.0937596414487645,1.0761387251129033,198,490
6,CGGTGC,1.771833561957019,1.6005743485789097,1.1069919147077945,1.0755363223107344,155,379
6,TACCGC,1.02880658436214,0.8995312302039782,1.1436981618889002,1.0739129144963038,90,213
6,AACTCT,0.5258344764517604,0.4349845854976984,1.2088097211031683,1.0736615965700753,46,103
5,CGATT,4.938271604938271,4.653912749693821,1.0610997155654887,1.0705660994971822,432,1102
6,GGGCAG,1.4860539551897578,1.330292664386165,1.1170791864486564,1.0700798207002493,130,315
5,CTATA,2.58344764517604,2.3776341906330503,1.0865586470320274,1.0676286055072597,226,563
6,GCGGTC,1.646090534979424,1.4823261117445838,1.110470546853843,1.0675626030572636,144,351
6,TTCCCA,1.131687242798354,0.9966637104607459,1.135461926352831,1.0672793871469552,99,236
6,GACTAG,0.36579789666209417,0.29139744077030283,1.2552353656868576,1.06715714688081,32,69
6,AGCCAA,1.2574302697759487,1.1149119472950715,1.1278177537259715,1.0668172039162853,110,264
6,AAGCTG,1.4631915866483767,1.3091769078086068,1.1176333882628013,1.066385372032804,128,310
6,GCTGGA,2.274805669867398,2.082013598547236,1.092594405730158,1.066243317969092,199,493
6,GAGGGT,0.9373571101966164,0.8150682038937455,1.1500167765606457,1.065874737656669,82,193
6,TGTCGG,1.108824874256973,0.9755479538831876,1.1366034949833375,1.0645393694881047,97,231
6,GAGTCG,0.9144947416552356,0.7939524473161874,1.1518064641025518,1.0641681099108422,80,188
6,GATCGC,2.194787379972565,2.0059968748680266,1.0941083690771207,1.063081195941519,192,475
5,TTCAA,5.326931870141747,5.033996368089869,1.0581902849354927,1.0629491929182795,466,1192
5,GGTTT,4.583904892546868,4.3118374931373795,1.0630963226722314,1.0619407615000789,401,1021
6,AAAGCA,1.0859625057155922,0.9544321973056294,1.1377955702083544,1.0618658972702744,95,226
6,ACACGT,0.6172839506172839,0.5194476118079311,1.1883106313758236,1.0612999686601852,54,123
6,AATCCC,1.211705532693187,1.0726804341399552,1.129593245858075,1.060479425334884,106,254
6,ACTTCA,0.8459076360310928,0.7306051775835128,1.1577961426643948,1.0599527904289674,74,173
6,ATGATC,0.8459076360310928,0.7306051775835128,1.1577961426643948,1.0599527904289674,74,173
6,GACTCT,0.4686785550983082,0.3843067697115588,1.2194856907698532,1.059088082132794,41,91
6,AAGTGA,1.314586191129401,1.1698129143967229,1.123747054119265,1.0588207853209106,115,277
6,TGAACG,1.314586191129401,1.1698129143967229,1.123747054119265,1.0588207853209106,115,277
6,GGGTTC,0.8001828989483311,0.6883736644283964,1.1624016143199374,1.0580390466704048,70,163
6,GCCTAT,0.8001828989483311,0.6883736644283964,1.1624016143199374,1.0580390466704048,70,163
6,TTCGCT,1.0402377686328304,0.9122006841505131,1.1403452685136795,1.0567403047289243,91,216
6,TCCGCT,1.4746227709190671,1.3218463617551417,1.1155692950817497,1.0530801769456772,129,313
6,CTACTA,0.33150434385002286,0.26183538156172137,1.2659776692744542,1.0526038382090883,29,62
6,ACCCAA,0.9945130315500686,0.8699691709953968,1.1431424818927767,1.0519511446854937,87,206
6,TTTCCG,2.1262002743484225,1.942649605135352,1.0944798386410082,1.0498938356830905,186,460
6,ATTTAG,0.9716506630086876,0.8488534144178386,1.1446454499214849,1.0497004389813713,85,201
6,TTCTTC,1.3488797439414724,1.2035981249208159,1.1206960582664476,1.0481171109861933,118,285
5,GGCCA,6.218564243255601,5.908188690400777,1.0525322253394782,1.0452124666839022,544,1399
6,CCTGTC,1.3260173754000915,1.1824823683432577,1.1213742153605075,1.0445144321206803,116,280
5,GCGAC,5.68129858253315,5.384517927277335,1.0551163813782196,1.0436203093389682,497,1275
6,TACGAG,0.5601280292638318,0.4687697960217915,1.1948477680097658,1.0420723151744677,49,111
6,CTGCCG,2.7892089620484684,2.5803454537776087,1.0809408731988877,1.041880514554893,244,611
6,TTCGCG,1.5660722450845908,1.410532539380886,1.1102623832652903,1.0390682265159865,137,334
6,GTGCAT,0.8344764517604023,0.7221588749524895,1.1555087527519838,1.0387929682235675,73,171
6,GTGCCG,2.194787379972565,2.010220026183538,1.0918099364206286,1.038538728199942,192,476
6,GATCCC,1.3831732967535437,1.237383335444909,1.1178116562322993,1.0378957044937047,121,293
6,ACGCAT,1.2802926383173296,1.1402508551881414,1.122805873729172,1.0373737737758038,112,270
6,GTGAAA,2.366255144032922,2.174922927488492,1.0879679078902227,1.0364421747701345,207,515
6,TGCTGG,2.423411065386374,2.229823894590143,1.0868133532565298,1.0361189165861013,212,528
6,CTTCGT,0.7658893461362597,0.658811605219815,1.1625069889013766,1.0355744128107514,67,156
6,GGGTCC,0.6515775034293553,0.5532328223320241,1.1777315155151233,1.0353105089405796,57,131
6,TGGGCT,0.7430269775948789,0.6376958486422568,1.16514865873908,1.034944858307153,65,151
6,CTGACT,0.6744398719707362,0.5743485789095824,1.1742389079474216,1.0347247057691233,59,136
6,ATTACG,0.720164609053498,0.6165800920646987,1.1679712355266558,1.0345747276703916,63,146
6,CAATCT,0.720164609053498,0.6165800920646987,1.1679712355266558,1.0345747276703916,63,146
6,AGCCGA,1.3603109282121628,1.2162675788673507,1.1184209048706653,1.0341291841028502,119,288
6,CATAGA,0.4572473708276178,0.3758604670805355,1.2164772918256008,1.033382988979821,40,89
6,ACTTAC,0.4572473708276178,0.3758604670805355,1.2164772918256008,1.033382988979821,40,89
5,TGTTC,3.9323273891175123,3.686811098441657,1.0665913237722568,1.0324703587382846,344,873
5,TCCGG,6.378600823045268,6.068668440390219,1.0510700623527365,1.030907523456941,558,1437
6,TCCTAG,0.2629172382258802,0.20271126314455848,1.2968571574765475,1.029490772957367,23,48
5,CCCAG,3.943758573388203,3.6994805523881924,1.0660285720342868,1.025644748295343,345,876
6,CTTCTT,0.9144947416552356,0.798175598631699,1.1457130134290912,1.024990853933881,80,189
6,TACTTG,0.3200731595793324,0.25338907893069806,1.263064905714795,1.0244882706956786,28,60
6,ATACGT,0.5029721079103796,0.41809198023565186,1.2029692860845815,1.0238439959336634,44,99
5,TTTTT,8.619112940100594,8.264707124456269,1.0428813171689886,1.0233645247735625,754,1957
6,CGTCGC,2.240512117055327,2.056674690654166,1.0893814121870056,1.023251067065647,196,487
6,TGTTTT,1.8518518518518516,1.6850373748891423,1.0989916189911124,1.022534531571595,162,399
5,TCTAT,2.3548239597622316,2.1664766248574687,1.0869331519337118,1.022351082418242,206,513
6,TCCAAT,0.8687700045724738,0.7559440854765827,1.1492319313956008,1.0209141224749962,76,179
6,CCCTAA,0.40009144947416553,0.3251826512943959,1.2302883288785473,1.0204957248322175,35,77
6,AATTCT,1.0402377686328304,0.9164238354660247,1.1350907945605693,1.0202406085365312,91,217
6,CGTTCT,0.8459076360310928,0.7348283288990245,1.151143047239005,1.019085216690002,74,174
6,TTGCTT,0.8459076360310928,0.7348283288990245,1.151143047239005,1.019085216690002,74,174
5,AAATC,5.384087791495199,5.1015667891380545,1.0553781761989354,1.0190756060777841,471,1208
5,CTGAC,6.9615912208504795,6.643017019299801,1.0479555306078676,1.016356075198246,609,1573
6,CATCCC,1.886145404663923,1.7188225854132353,1.097341684070352,1.015916013721614,165,407
6,GTTTGT,0.7544581618655692,0.6503653025887918,1.1600283041424309,1.013500372858182,66,154
5,ATCGT,3.783721993598537,3.5474471050297733,1.066602325937764,1.0121896031992592,331,840
6,TAGCAC,0.3429355281207133,0.2745048355082563,1.2491969687489337,1.011957561104472,30,65
6,TTTAGT,0.6630086877000457,0.565902276278559,1.1715654079343234,1.0116328073609095,58,134
6,GCGCAT,2.229080932784637,2.048228388023143,1.0882927492578647,1.00880743285277,195,485
5,CCGCG,10.81390032007316,10.426960597998226,1.0371091851282823,1.007508174950442,946,2469
5,TGTGT,1.8404206675811614,1.6765910722581192,1.0977100659946863,1.0068864412066902,161,397
5,AGGGT,2.983539094650206,2.774610414291144,1.0752974722273627,1.006813110485018,261,657
6,TGGATA,0.903063557384545,0.7897292960006757,1.1434920962766775,1.0042574911622846,79,187
6,GCGTTC,1.3603109282121628,1.2204907301828625,1.1145512533987156,1.0025946919658615,119,289
6,CTCTAT,0.4686785550983082,0.3885299210270704,1.206233822294025,1.0023025518921507,41,92
5,CGCGA,6.218564243255601,5.920858144347312,1.0502800546213127,1.0018233738543423,544,1402
6,TGCAGA,1.02880658436214,0.9079775328350016,1.1330602808219605,1.0004827603959832,90,215
5,AAAAC,6.161408321902149,5.865957177245661,1.0503662231255668,0.9985706884926986,539,1389
6,CTAATT,0.8116140832190215,0.705266269690443,1.1507696328820063,0.9958084246988304,71,167
6,TCTCAA,0.8116140832190215,0.705266269690443,1.1507696328820063,0.9958084246988304,71,167
5,GGTCC,3.0292638317329676,2.821065078761772,1.0737988551391595,0.99543485219566,265,668
6,CCGTCT,0.9830818472793781,0.8657460196798852,1.1355158133577534,0.9944379480156089,86,205
6,CTTGGT,0.5372656607224509,0.4518771907597449,1.1889220777251466,0.9926785874016463,47,107
6,TTACAT,0.7430269775948789,0.6419189999577685,1.1574844009971061,0.9911734175471516,65,152
6,ATCGTT,1.0859625057155922,0.9628784999366526,1.1278159437485222,0.9906271789363278,95,228
6,TTGAAT,1.3717421124828533,1.2331601841293973,1.1123703903984266,0.988941702206803,120,292
5,CTTAC,1.7489711934156378,1.5921280459478864,1.098505454584164,0.9886490347899631,153,377
6,ACTTGA,0.6287151348879744,0.5363402170699776,1.1721998367731379,0.988272321177738,55,127
6,TTGTCC,0.9144947416552356,0.8023987499472106,1.1396836963489336,0.9859613489679486,80,190
6,TGCTCG,1.1659807956104253,1.0388952236158622,1.1223158385197247,0.985792856981216,102,246
6,ATCCTT,0.8687700045724738,0.7601672367920942,1.1428481493410434,0.9807946366033962,76,180
6,TTGTAC,0.4343850022862369,0.35896786181848894,1.21003589707472,0.9805704621237596,38,85
6,CACAAG,1.4060356652949246,1.2669453946534905,1.1097752860539558,0.9797468804522744,123,300
6,AACGGC,1.4060356652949246,1.2669453946534905,1.1097752860539558,0.9797468804522744,123,300
6,GTCCGA,0.9945130315500686,0.8784154736264199,1.1321519784329013,0.9773106899734002,87,208
6,GAATAC,0.9945130315500686,0.8784154736264199,1.1321519784329013,0.9773106899734002,87,208
6,TGAAGT,0.9716506630086876,0.8572997170488619,1.1333694701386392,0.97412971124362,85,203
6,ACCAAT,0.8001828989483311,0.6968199670594197,1.1483139194950034,0.9739717506369907,70,165
6,GGGCGC,2.8235025148605395,2.626800118248237,1.0748800440663404,0.9734966894415366,247,622
6,TTTTGA,1.931870141746685,1.769500401199375,1.0917550314959588,0.9725818842236602,169,419
6,TACTGG,0.7315957933241883,0.6334726973267453,1.1548726711416972,0.9685860758404191,64,150
6,CAGTCA,0.9259259259259258,0.8150682038937455,1.1359936777497646,0.967986655579469,81,193
5,ATCGC,7.144490169181528,6.837281979813337,1.044930675260676,0.9674524131862151,625,1619
6,TGCTAC,0.5486968449931412,0.4645466447062798,1.1811057956526423,0.9658803008416184,48,110
6,GTTACC,0.5715592135345221,0.485662401283838,1.1768288612368196,0.9648923941508188,50,115
6,GCTTGT,0.6401463191586648,0.5490096710165125,1.1659716682342163,0.9645434134310372,56,130
6,TCCACT,0.6401463191586648,0.5490096710165125,1.1659716682342163,0.9645434134310372,56,130
6,TTGACG,1.2345679012345678,1.1064656446640482,1.1157656187757494,0.9640153099210244,108,262
6,GCCGCA,3.2578875171467763,3.0491152497994003,1.0684675400862929,0.9619321363534886,285,722
6,GTCCGC,2.0004572473708278,1.8370708222475611,1.0889337143529105,0.9611936450744134,175,435
5,AGGAC,5.121170553269319,4.860847164153892,1.0535540462227466,0.9609609378029076,448,1151
5,TTAGC,1.6117969821673523,1.4654335064825375,1.0998704396981722,0.9608411572632289,141,347
6,ATCACC,1.6117969821673523,1.4654335064825375,1.0998704396981722,0.9608411572632289,141,347
5,AATCC,5.029721079103795,4.772160986528147,1.0539702445659882,0.9590502166683151,440,1130
6,CGGCGG,3.909465020576132,3.6825879471261453,1.0616063800971882,0.9552190249098116,342,872
6,CGCACT,1.0859625057155922,0.9671016512521644,1.1228914924923334,0.955175083926899,95,229
6,CTTTAG,0.4229538180155464,0.3505215591874657,1.2065824446047644,0.9534162327854286,37,83
6,TTGAAA,2.06904435299497,1.9046412432957474,1.0863125688478075,0.9505205834681908,181,451
6,TGTACC,0.4686785550983082,0.39275307234258205,1.1932668676942824,0.9459548717867269,41,93
5,GTTTA,3.1321444901691815,2.930867012965075,1.068672720066026,0.9453105324828937,274,694
6,GAGGAA,2.686328303612254,2.5001055787828874,1.0744829650848233,0.9441170324440077,235,592
6,CGAATT,1.1202560585276635,1.0008868617762574,1.1192515119924598,0.9435413290367619,98,237
6,TTAGCG,0.49154092363968904,0.4138688289201402,1.1876278823266975,0.9434910654111023,43,98
5,CTTGG,2.423411065386374,2.24671649985219,1.0786421879783277,0.9432200581365666,212,532
6,GATTTA,1.520347508001829,1.3809704801723046,1.1009195619126806,0.9419997650104948,133,327
6,CCGTTC,1.6575217192501144,1.5118881709531653,1.0963192378715112,0.9419074656352181,145,358
5,AGCTA,1.7146776406035666,1.5667891380548165,1.0943835137770777,0.9400886755642774,150,371
6,TTTAGG,0.9716506630086876,0.8615228683643734,1.1278143822405398,0.9365437059330494,85,204
6,CCTGGT,0.9716506630086876,0.8615228683643734,1.1278143822405398,0.9365437059330494,85,204
6,TTAGTC,0.28577960676726105,0.22805017103762829,1.253032620870188,0.9359432174537436,25,54
6,GGACAT,1.0745313214449017,0.9586553486211411,1.120860835864343,0.9354858613351245,94,227
6,CTACAA,1.0745313214449017,0.9586553486211411,1.120860835864343,0.9354858613351245,94,227
6,TGCCTG,1.6117969821673523,1.469656657798049,1.0967101074964714,0.9321771778805057,141,348
5,CGCAT,6.344307270233196,6.064445289074707,1.046147232450001,0.9317597333993162,555,1436
6,TGCGGA,1.0516689529035208,0.937539592043583,1.1217198610515082,0.931497241655745,92,222
6,AGAGGG,1.2345679012345678,1.11068879597956,1.1115235458832333,0.930991877810525,108,263
6,CGCTTC,2.034750800182899,1.875079184087166,1.085150057898846,0.9304098090583243,178,444
5,AAGTT,3.0978509373571104,2.9013049537564934,1.0677416585182795,0.9277466598762546,271,687
6,GGAATT,1.29172382258802,1.1655897630812113,1.108205513595148,0.9260071197977053,113,276
5,TTGGA,3.680841335162323,3.467207230035052,1.0616138377576396,0.9259249435891769,322,821
6,CTGTAG,0.411522633744856,0.34207525655644244,1.2029585011123038,0.9257290454789399,36,81
6,GTCTCA,0.411522633744856,0.34207525655644244,1.2029585011123038,0.9257290454789399,36,81
6,TCCCGA,1.5089163237311385,1.3725241775412813,1.0993659797208077,0.9248033554087814,132,325
6,CTTCGA,1.0059442158207592,0.8953080788884666,1.1235594580178827,0.923614496840474,88,212
6,CGCACA,1.4288980338363055,1.296507453862072,1.1021053670329406,0.9229190402705175,125,307
6,TGTCCT,0.7087334247828074,0.6165800920646987,1.149434583512452,0.9225986226009523,62,146
6,TCCACA,0.8802011888431641,0.7770598420541408,1.1327157441851425,0.922578792657462,77,184
6,GAAATA,1.7604023776863282,1.6132438025254443,1.0912134009691732,0.9224834052812888,154,382
6,TCCGTA,0.4572473708276178,0.3843067697115588,1.1897484822413253,0.9190703884503465,40,91
6,TCAGAC,0.6630086877000457,0.5743485789095824,1.1543395040836517,0.9188962570904693,58,136
6,AGCAGT,0.6630086877000457,0.5743485789095824,1.1543395040836517,0.9188962570904693,58,136
6,GAGCCT,1.2459990855052583,1.123358249926095,1.109163678834733,0.9168142431066734,109,266
6,TTAGTT,0.6172839506172839,0.5321170657544659,1.160022837189721,0.9161768267408429,54,126
6,GCGAGG,2.0233196159122087,1.8666328814561424,1.0839363446225059,0.9151834867838224,177,442
6,CAGTCT,0.5486968449931412,0.4687697960217915,1.1704674723121533,0.9145314474195146,48,111
5,CAAAG,3.7951531778692273,3.5812323155538666,1.0597322011661119,0.9130560214824249,332,848
6,GGGCCA,1.2231367169638776,1.1022424933485366,1.1096702924406967,0.9122126851186151,107,261
6,ACGATC,1.2231367169638776,1.1022424933485366,1.1096702924406967,0.9122126851186151,107,261
6,GCATAA,0.9373571101966164,0.831960809155792,1.1266689884694356,0.9120858948288479,82,197
5,GCTTA,1.886145404663923,1.735715190675282,1.0866625749081729,0.910231261893881,165,411
6,TTATTC,1.1202560585276635,1.005110013091769,1.1145492423834247,0.9088186171067303,98,238
6,TAATCT,0.9144947416552356,0.8108450525782339,1.127813455113227,0.9083406421912702,80,192
6,GTCCTA,0.3543667123914037,0.29139744077030283,1.216019981014928,0.9076855461712949,31,69
6,TGGTTT,1.2002743484224965,1.0811267367709785,1.1101966938103525,0.9076090085640459,105,256
6,TTTGTC,1.0173754000914494,0.9079775328350016,1.1204719457323316,0.9073053389509689,89,215
5,CGGCC,12.094192958390488,11.727691203175809,1.0312507060251408,0.9071112620436094,1058,2777
5,ACCTA,1.7489711934156378,1.6047974998944212,1.0898335834722785,0.9062695262171442,153,380
6,TAATTT,2.8006401463191586,2.6183538156172137,1.0696160190470945,0.9041765581029391,245,620
5,GACTG,3.9666209419295844,3.750158368174332,1.0577193762414372,0.9038933260628719,347,888
6,ATTCAC,0.9945130315500686,0.8868617762574433,1.1213707942938222,0.9031813531416636,87,210
6,ATTCAT,1.4746227709190671,1.3429621183326999,1.0980302033608194,0.9025109167632689,129,318
6,TGACGG,1.7261088248742569,1.5836817433168628,1.0899284779347902,0.9011290832744359,151,375
5,CTTGA,3.292181069958848,3.0955699142700284,1.0635116666613926,0.8998672028203109,288,733
6,GGCGCG,4.069501600365798,3.8515139997466106,1.0565964296093866,0.8988140664082399,356,912
6,GATTGT,0.6744398719707362,0.5870180328561172,1.1488999387215946,0.8969193220380269,59,139
6,CCTGCA,1.5089163237311385,1.3767473288567929,1.095993936367721,0.8952035055315075,132,326
6,CGAGCT,0.823045267489712,0.7263820262680012,1.1330566176816208,0.8940105201747689,72,172
6,ATTTCT,1.211705532693187,1.0937961907175136,1.1077884199398609,0.8932971127304099,106,259
5,GGTTC,3.4293552812071333,3.230710756366401,1.0614844198006022,0.8908187958620173,300,765
6,CCCTCT,0.8001828989483311,0.705266269690443,1.1345636066487033,0.8906295435407338,70,167
6,CCCATC,2.0804755372656607,1.9257569998733053,1.0803375003453184,0.8903956516740134,182,456
6,CCCTAT,0.5829903978052127,0.5025550065458845,1.1600210685496986,0.8902258123364907,51,119
6,GGCTAG,0.4686785550983082,0.3969762236580937,1.180575736264568,0.8900376385528853,41,94
6,GGACTA,0.4686785550983082,0.3969762236580937,1.180575736264568,0.8900376385528853,41,94
6,CACAGT,0.4686785550983082,0.3969762236580937,1.180575736264568,0.8900376385528853,41,94
6,CAGGCC,1.9661636945587562,1.8159550656700032,1.082711494672292,0.8894097413870796,172,430
6,GTTTAT,1.108824874256973,0.9966637104607459,1.1125253283392325,0.8891968545741679,97,236
6,CCCAGG,1.2688614540466392,1.1486971578191647,1.1046000988160436,0.8889803275090207,111,272
6,GGCCTG,2.732053040695016,2.555006545884539,1.0692912376181112,0.8887484804907776,239,605
6,CTAATC,0.51440329218107,0.43920773681320996,1.1711682928995,0.8886590746933675,45,104
6,CGCCGA,3.0064014631915867,2.821065078761772,1.0656949803558322,0.8870489718044715,263,668
6,TCTAAA,0.903063557384545,0.8023987499472106,1.125439207779397,0.8870466567605743,79,190
6,GCGTGT,0.903063557384545,0.8023987499472106,1.125439207779397,0.8870466567605743,79,190
6,CAAAGA,0.903063557384545,0.8023987499472106,1.125439207779397,0.8870466567605743,79,190
6,TCAAAC,1.0059442158207592,0.8995312302039782,1.1182851173281894,0.886895609018701,88,213
5,CAAGG,8.047553726566074,7.74948266396385,1.03846285348865,0.8868077703681859,704,1835
5,GGCTA,2.674897119341564,2.5001055787828874,1.0699108673470625,0.886685129943441,234,592
6,AACGGA,1.4631915866483767,1.3345158157016765,1.0964140911810256,0.8849834449500203,128,316
5,GTCGA,4.160951074531321,3.9444233286878667,1.0548932603006007,0.8828421819819136,364,934
6,TTCCAT,1.3031550068587106,1.1824823683432577,1.1020416351078441,0.8803418391998379,114,280
6,TGAAAA,2.8349336991312297,2.6563621774568182,1.0672215562449183,0.8798369010576249,248,629
5,GTAAT,3.2007315957933242,3.0111068879597953,1.0629729921885263,0.8796500418916945,280,713
6,TTAAGA,0.9602194787379973,0.8572997170488619,1.1200370838042513,0.8782624988018095,84,203
6,ACGGGT,0.7087334247828074,0.6208032433802103,1.141616559971411,0.8782233689271998,62,147
6,CTATAT,0.7087334247828074,0.6208032433802103,1.141616559971411,0.8782233689271998,62,147
5,TCGTT,3.326474622770919,3.133578276109633,1.061555887256161,0.8778897259387634,291,742
6,AGATCT,0.3429355281207133,0.2829511381392795,1.2119206811029233,0.8778877296719685,30,67
6,AGAGAA,1.3603109282121628,1.237383335444909,1.0993367661981952,0.8772299843408916,119,293
6,AAATCT,1.0402377686328304,0.9333164407280712,1.1145483658091129,0.8754322375813951,91,221
6,ACGAAT,0.9373571101966164,0.8361839604713037,1.1209794214734126,0.8739880238989964,82,198
5,GTAGA,1.8404206675811614,1.6977068288356771,1.084057759882704,0.8732753382646967,161,402
6,GGTTCT,0.6630086877000457,0.578571730225094,1.145915124352294,0.8728931688986035,58,137
6,ACTTGC,0.6630086877000457,0.578571730225094,1.145915124352294,0.8728931688986035,58,137
6,TAGAGT,0.36579789666209417,0.3040668947168377,1.2029510871086895,0.8726101834680143,32,72
6,CAGCGA,1.337448559670782,1.2162675788673507,1.0996252965869673,0.8721118282248529,117,288
6,GGCTTT,1.337448559670782,1.2162675788673507,1.0996252965869673,0.8721118282248529,117,288
5,CGTGC,5.304069501600366,5.06355842729845,1.0474974917354827,0.8714791556902607,464,1199
6,GGTAGA,0.6401463191586648,0.5574559736475357,1.1483085993504258,0.8705115796844309,56,132
6,TGCCCC,1.3946044810242342,1.271168545969002,1.097096664152219,0.8694783017414525,122,301
6,TGATCT,0.7887517146776405,0.6968199670594197,1.131911484766489,0.8680931201402937,69,165
5,TAACC,2.914951989026063,2.7366020524515395,1.0651696579153576,0.8663589701647949,255,648
6,AGAGGC,0.8916323731138546,0.7939524473161874,1.1230144509066309,0.8655440642633868,78,188
6,CTTATA,0.5715592135345221,0.4941087039148613,1.156716199059504,0.8648152003700126,50,117
5,GAGCT,2.674897119341564,2.5043287300983996,1.068106705211157,0.864752256356287,234,593
5,GATCA,4.195244627343393,3.9824316905274717,1.0534365959527958,0.8638791036323611,367,943
5,GGATT,4.675354366712392,4.451201486549263,1.0503567059747498,0.8631436558633173,409,1054
6,GACAGT,0.5258344764517604,0.4518771907597449,1.163630570754462,0.8625778518650263,46,107
6,TTTAGC,0.48010973936899864,0.40964567760462856,1.1719702381640795,0.8620434432851842,42,97
6,TAGGTA,0.48010973936899864,0.40964567760462856,1.1719702381640795,0.8620434432851842,42,97
6,TTCTTG,0.7430269775948789,0.6545884539043034,1.1350848990281759,0.8610818970501835,65,155
5,AAGAT,3.8866026520347505,3.6825879471261453,1.0553983144479597,0.8596426290004427,340,872
5,AACTG,4.172382258802012,3.9613159339499133,1.0532805260470706,0.8589907530010331,365,938
6,GAACGG,1.6003657978966621,1.469656657798049,1.0889325041700701,0.8580741940542944,140,348
6,TTCTGT,0.720164609053498,0.6334726973267453,1.1368302518282982,0.8577404728588642,63,150
6,CGCGGT,1.6575217192501144,1.5245576248997001,1.0872091492404148,0.857453009639137,145,361
6,AGGTGG,1.771833561957019,1.6343595591030027,1.0841097609839074,0.8570717412097273,155,387
6,CCCTGT,1.02880658436214,0.9248701380970481,1.1123673532628,0.8550742511562999,90,219
6,CATTCG,1.02880658436214,0.9248701380970481,1.1123673532628,0.8550742511562999,90,219
5,AGCCG,6.755829903978052,6.490983571941383,1.0408015594162896,0.8548372823363426,591,1537
6,GGCGGC,4.9497027892089625,4.721483170742008,1.0483354015409811,0.8547242221764698,433,1118
5,CTTTG,3.3950617283950617,3.205371848473331,1.0591768977824823,0.8541565446896514,297,759
5,TATTC,3.2121627800640145,3.0279994932218424,1.0608181095946176,0.8522400843498156,281,717
6,CCGATT,1.6346593507087332,1.503441868322142,1.087272250378383,0.8520106480235267,143,356
5,GTGAA,5.475537265660722,5.236707631234427,1.0456059590583047,0.8519497136559415,479,1240
6,TAAAAT,3.1207133058984913,2.939313315596098,1.061712991956562,0.8515286580668174,273,696
6,ACGGGC,1.3031550068587106,1.1867055196587695,1.0981201092099933,0.8484699319597789,114,281
5,ACCAA,4.035208047553727,3.830398243169053,1.05346818909261,0.8470468299239586,353,907
6,CACCGG,2.3090992226794693,2.1538071709109334,1.0720978386932338,0.8469666794540428,202,510
6,CGACAC,1.6117969821673523,1.4823261117445838,1.0873371491482984,0.8465361483027846,141,351
6,AGCCTG,1.7832647462277091,1.6470290130495377,1.0827110275508662,0.8462880257975416,156,390
5,TTAGT,1.7261088248742569,1.5921280459478864,1.0841467271395844,0.8461092724706705,151,377
5,GCATA,2.6406035665294922,2.474766670889818,1.0670084160857236,0.8457603768994783,231,586
6,ATCTAA,0.7773205304069501,0.6883736644283964,1.1291942895918925,0.8453044452845941,68,163
5,CCCGA,6.41289437585734,6.1573546180159635,1.0415008755555741,0.8452512911960226,561,1458
6,GAAGGG,1.4746227709190671,1.3514084209637232,1.091168022369763,0.8427561341547055,129,320
6,TGAGCC,1.4746227709190671,1.3514084209637232,1.091168022369763,0.8427561341547055,129,320
6,GAGCAC,1.4746227709190671,1.3514084209637232,1.091168022369763,0.8427561341547055,129,320
6,AACGCC,1.931870141746685,1.7906161577769333,1.0788812807413934,0.8425917542104325,169,424
5,TTCAC,3.8866026520347505,3.686811098441657,1.0541894144606685,0.8415142260972731,340,873
6,AAGTAA,1.337448559670782,1.2204907301828625,1.095820676493584,0.8406946615937916,117,289
6,TACCGG,1.0402377686328304,0.937539592043583,1.1095284131138459,0.8395234163701504,91,222
5,CCCTC,4.401005944215821,4.189366104987542,1.0505171384430878,0.838859258663025,385,992
6,GGAACC,1.3946044810242342,1.2753916972845136,1.0934641785544517,0.8387528463569403,122,302
6,GCACAA,1.2574302697759487,1.144474006503653,1.0986884750400239,0.8378193118323555,110,271
6,TCCTGC,1.5089163237311385,1.3851936314878162,1.089311528928667,0.8361976778714688,132,328
6,TAGCCC,0.51440329218107,0.44343088812872167,1.1600168239731494,0.8359624256082607,45,105
6,CCTATG,0.51440329218107,0.44343088812872167,1.1600168239731494,0.8359624256082607,45,105
6,TTACGT,0.51440329218107,0.44343088812872167,1.1600168239731494,0.8359624256082607,45,105
6,AAGTGC,0.51440329218107,0.44343088812872167,1.1600168239731494,0.8359624256082607,45,105
6,GCGATT,1.1774119798811158,1.0684572828244436,1.1019643015942764,0.8357072298494268,103,253
6,CATCAT,1.314586191129401,1.1993749736053043,1.0960513725249326,0.8352814951357798,115,284
5,CACTC,2.686328303612254,2.521221335360446,1.0654843021935578,0.834610821705609,235,597
6,ATTCTT,1.0973936899862824,0.9924405591452341,1.1057419063372413,0.8345366182715651,96,235
6,AGAAAA,2.3548239597622316,2.2002618353815615,1.070243958014236,0.8344411125878143,206,521
6,CGGATG,1.2345679012345678,1.123358249926095,1.0989886818809589,0.832456958461106,108,266
6,CCTCAT,0.8116140832190215,0.7221588749524895,1.1238547719782832,0.8307314323587133,71,171
6,GCGACC,1.6003657978966621,1.4738798091135605,1.085812565410356,0.829513739949788,140,349
6,CCGGTG,2.034750800182899,1.8919717893492123,1.0754617301718747,0.8293660728561079,178,448
5,GCTGA,6.218564243255601,5.971535960133451,1.041366936091099,0.8288972285779393,544,1414
6,TTGGCG,1.211705532693187,1.1022424933485366,1.0993003898562772,0.8270698001356411,106,261
6,TGGCGG,2.6977594878829447,2.533890789306981,1.0646682297613166,0.8264196421669365,236,600
6,GACACG,1.4060356652949246,1.2880611512310485,1.0915836609038645,0.8262045097166602,123,305
5,TTTAC,3.4407864654778235,3.25604966425947,1.0567347389605837,0.8258327009673719,301,771
6,ACCCAC,1.131687242798354,1.0262257696693273,1.1027563335596702,0.8251239827183154,99,243
6,TCCCGG,1.4631915866483767,1.3429621183326999,1.089518918503138,0.8250626535595391,128,318
6,GGTTGA,0.9716506630086876,0.8741923223109084,1.1114711157936052,0.8245706774421736,85,207
6,TTTCGT,0.9716506630086876,0.8741923223109084,1.1114711157936052,0.8245706774421736,85,207
5,ACCCC,4.686785550983082,4.472317243126821,1.047953555358873,0.824242930903947,410,1059
6,GCGCAG,2.732053040695016,2.567675999831074,1.0640153350116037,0.823726127947636,239,608
6,ACTTTC,0.8687700045724738,0.7770598420541408,1.1180068211912884,0.8218923937513563,76,184
5,TAGCT,1.2459990855052583,1.1360277038726296,1.0967949124537477,0.8188719439141134,109,269
6,TGCTTC,0.7430269775948789,0.658811605219815,1.1278098180513445,0.8181186516104079,65,156
5,CGTGG,4.343850022862369,4.138688289201402,1.0495704827899166,0.8180252309158894,380,980
6,GAATAG,0.8459076360310928,0.7559440854765827,1.1189924665541169,0.8172280217107886,74,179
6,GAACCA,1.1659807956104253,1.0600109801934203,1.099961058225876,0.8162209064236589,102,251
5,GAAGG,6.481481481481481,6.233371341695173,1.0398028844901748,0.81616376221994,567,1476
6,GTAGCA,0.5715592135345221,0.49833185523037293,1.1469154861105413,0.8152348329902799,50,118
6,GGGCTG,1.8175582990397805,1.6850373748891423,1.0786410212754056,0.8144653073234481,159,399
6,TAGCGC,0.720164609053498,0.6376958486422568,1.1293027550850339,0.8140600560364424,63,151
5,CTTCA,3.8751714677640603,3.6825879471261453,1.0522942816233456,0.8117978110683111,339,872
6,TAGACT,0.5258344764517604,0.45610034207525657,1.1528585753778329,0.8106900385588157,46,108
6,ACAAGG,2.2062185642432555,2.0608978419696777,1.0705098857040511,0.810025960026836,193,488
6,AGTAGC,0.5029721079103796,0.4349845854976984,1.1562627697667327,0.808897021589826,44,103
6,ACATGA,0.8001828989483311,0.7137125723214663,1.1211386994006638,0.8079985927311966,70,169
6,TCCTAT,0.4572473708276178,0.39275307234258205,1.1641690062405683,0.806536514353938,40,93
5,CAGGT,3.7608596250571558,3.5727860129228435,1.0526391302308735,0.8043766892226167,329,846
6,ACGGAA,1.0402377686328304,0.9417627433590946,1.1045534776357442,0.8037302033701651,91,223
6,AAAGTC,0.6515775034293553,0.5743485789095824,1.1344401002198818,0.8024790132522325,57,136
5,TGGTA,2.366255144032922,2.2171544406436086,1.0672456442779898,0.8022657010990674,207,525
6,AAAAGT,1.1774119798811158,1.0726804341399552,1.0976262638730203,0.8022013288809209,103,254
6,AAAAAG,2.732053040695016,2.5718991511465856,1.0622682513238912,0.8021024253071944,239,609
6,CCTAGT,0.18289894833104708,0.1435871447273956,1.2735930460462153,0.8007724375605823,16,34
5,AAAAG,6.721536351165981,6.474090966679336,1.038220278913639,0.7998971796155404,588,1533
6,CTGTTT,1.2345679012345678,1.1275814012416066,1.0948729844042533,0.7997886393261319,108,267
6,CTCCAC,1.0173754000914494,0.9206469867815363,1.1050542816849465,0.7983375548603634,89,218
6,GTATGA,0.6058527663465935,0.5321170657544659,1.1385444123021506,0.795406901073631,53,126
6,CCATTC,1.4631915866483767,1.3471852696482114,1.0861037521997516,0.7952031639632802,128,319
6,CGTGTC,0.8344764517604023,0.7474977828455593,1.1163442039431666,0.7948028747487471,73,177
6,GAATTG,1.0745313214449017,0.9755479538831876,1.101453979550461,0.7942257274417636,94,231
6,AAGTTT,0.9144947416552356,0.8235145065247689,1.11046458556729,0.7929871742532031,80,195
6,CCTTCG,1.3260173754000915,1.2162675788673507,1.0902274924451183,0.7908087851242708,116,288
6,TTCGGT,0.7087334247828074,0.6292495460112336,1.1262952826062023,0.7901171127699139,62,149
6,TGCAGC,1.440329218106996,1.3260695130706535,1.0861576924444465,0.7893497157289998,126,314
6,GCGCCC,3.692272519433013,3.5094387431901684,1.0520962410224453,0.7887842025565677,323,831
6,CATCCG,2.446273433927755,2.2973943156383294,1.0648006470684397,0.7875378977275902,214,544
6,TTATCG,0.9716506630086876,0.8784154736264199,1.1061281129146225,0.7875046088890986,85,208
5,GGAGC,8.76771833561957,8.492757295493899,1.032375563436296,0.7852165921728057,767,2011
6,AGGCCA,1.3031550068587106,1.1951518222897928,1.0903601923501038,0.7849686101667561,114,283
6,GGCCCC,1.5317786922725194,1.4147556906963976,1.0827102031292835,0.7834016239737276,134,335
6,TTTCCA,1.5317786922725194,1.4147556906963976,1.0827102031292835,0.7834016239737276,134,335
6,CGTCCC,1.4746227709190671,1.3598547235947465,1.0843910795948826,0.7832674980733929,129,322
6,TCTTTC,1.1659807956104253,1.0642341315089319,1.0955965435001551,0.7825970523415511,102,252
6,CTATCG,0.8687700045724738,0.7812829933696525,1.1119643144849372,0.7825538804899395,76,185
5,CCGAC,7.647462277091907,7.39051480214536,1.034766725343602,0.7816230283023683,669,1750
6,AGCTGT,0.6630086877000457,0.5870180328561172,1.1294299452433123,0.7816032794318623,58,139
6,GCGGCT,2.091906721536351,1.9553190590818867,1.069850839297125,0.7812695287688624,183,463
6,CCCAAA,0.7658893461362597,0.6841505131128849,1.119457466902754,0.7801636214752119,67,162
6,GCACTC,0.6401463191586648,0.565902276278559,1.1311726930998531,0.7774938358561916,56,134
6,CAGGTT,0.8459076360310928,0.7601672367920942,1.1127766594293547,0.7773423256896103,74,180
6,GAGCTA,0.40009144947416553,0.34207525655644244,1.1695511051897267,0.7766663406672398,35,81
5,GACAC,5.1440329218107,4.932640736517589,1.0428549150633748,0.7759796290408084,450,1168
5,CACGG,4.881115683584819,4.67502850627138,1.0440816069626722,0.7758856160226411,427,1107
5,TCGCT,3.7494284407864655,3.5685628616073313,1.0506816099455447,0.7741828834593005,328,845
5,AACAC,4.526748971193416,4.328730098399426,1.0457442006945958,0.7731720133636513,396,1025
6,TGCTGA,1.2574302697759487,1.1529203091346762,1.0906401733025028,0.7731689191850871,110,273
6,ACGCAA,1.2574302697759487,1.1529203091346762,1.0906401733025028,0.7731689191850871,110,273
6,GAATAA,2.1033379058070416,1.9679885130284218,1.0687720048578246,0.7718495195176068,184,466
5,GAATC,5.086877000457248,4.877739769415938,1.0428749694388486,0.7717829550657396,445,1155
5,TTGTT,3.8180155464106083,3.6361332826555173,1.0500194155921325,0.7716066324092284,334,861
6,GCGGAG,1.80612711476909,1.6808142235736308,1.0745504377546664,0.7715249246917578,158,398
6,AACTGT,0.720164609053498,0.6419189999577685,1.1218742889242785,0.7705864217471274,63,152
6,TATTCT,0.720164609053498,0.6419189999577685,1.1218742889242785,0.7705864217471274,63,152
5,TTAGA,2.4691358024691357,2.322733223531399,1.0630275895206807,0.7704801955618303,216,550
6,CTAACC,0.594421582075903,0.5236707631234427,1.1350797408594295,0.7696495086356431,52,124
6,GCGGTG,1.8975765889346137,1.769500401199375,1.0723757677995738,0.7690945639925079,166,419
6,CCCCCC,1.0402377686328304,0.9459858946746061,1.0996229565293762,0.7680517642059322,91,224
6,AAACTC,0.5715592135345221,0.5025550065458845,1.1372794582567012,0.7659544609596197,50,119
6,GATTGA,1.520347508001829,1.4063093880653743,1.0810845838375147,0.7658370316836848,133,333
6,TGACGT,0.8802011888431641,0.7939524473161874,1.1086184443086704,0.765680801565045,77,188
6,ATTCTG,1.0173754000914494,0.9248701380970481,1.1000089172443053,0.7622536686792032,89,219
5,GCAGC,7.327389117512574,7.082224756113012,1.0346163681901133,0.760574759516491,641,1677
6,ATTACA,0.9373571101966164,0.8488534144178386,1.1042503561157928,0.7605148188264046,82,201
6,CAACCG,2.05761316872428,1.9257569998733053,1.068466230285867,0.759992405251535,180,456
6,AGGTCT,0.5258344764517604,0.46032349339076817,1.1422841883643675,0.7591450747728166,46,109
5,TTCAT,5.052583447645176,4.848177710207357,1.0421604845381427,0.7565679000997722,442,1148
6,GGACTC,0.5029721079103796,0.43920773681320996,1.1451473892987267,0.7560954746174083,44,104
6,TCACGT,0.5029721079103796,0.43920773681320996,1.1451473892987267,0.7560954746174083,44,104
5,CCCGG,7.887517146776406,7.635457578445036,1.0330112851277458,0.7555275750687422,690,1808
6,CTTTTT,2.4919981710105166,2.348072131424469,1.0612927977723414,0.7536173833589869,218,556
6,CTGAAC,1.7375400091449476,1.6174669538409563,1.0742306555032388,0.7533854778769117,152,383
6,TAATGC,0.7315957933241883,0.6545884539043034,1.117624404341704,0.7514803594676672,64,155
6,TAAGTC,0.2972107910379515,0.24916592761518647,1.1927454100222479,0.7510061883357655,26,59
6,TAGCAG,0.4572473708276178,0.3969762236580937,1.1517873485706893,0.7509176527282104,40,94
6,TGTTTC,1.108824874256973,1.0135563157227923,1.0939850687619392,0.7508258853888584,97,240
6,GCGCCG,5.42981252857796,5.21981502597238,1.0402300615164632,0.7507515671158869,475,1236
6,AACCCT,0.9716506630086876,0.8826386249419317,1.1008362334576798,0.7505660123378758,85,209
6,CCTGAG,1.5660722450845908,1.4527640525360024,1.077989535463285,0.7491520663863785,137,344
6,GAGCGG,1.771833561957019,1.6512521643650493,1.0730197956523304,0.7490442524543692,155,391
6,CTCTTA,0.3200731595793324,0.2702816841927446,1.1841525454479134,0.748193792332866,28,64
6,CGGTTC,1.2231367169638776,1.123358249926095,1.0888136849271848,0.7478779808299928,107,266
6,CTTACT,0.411522633744856,0.3547447105029773,1.1600078049955949,0.7473602861280063,36,84
6,GCCTAG,0.411522633744856,0.3547447105029773,1.1600078049955949,0.7473602861280063,36,84
6,TGCCCA,1.02880658436214,0.937539592043583,1.0973369651761833,0.747260334943913,90,222
6,GAGAAG,1.7146776406035666,1.596351197263398,1.0741184218740925,0.7472497300796533,150,378
6,CTTGTA,0.3429355281207133,0.29139744077030283,1.1768045963429983,0.7466391062490535,30,69
6,TAGTCT,0.36579789666209417,0.3125131973478609,1.170449295699249,0.7460993194950758,32,74
6,AATCCT,0.7887517146776405,0.7094894210059546,1.11170162818848,0.7437404908364738,69,168
6,GGGACC,0.5829903978052127,0.5152244604924194,1.1315014956752476,0.7435087074816642,51,122
6,AATACC,0.8687700045724738,0.7855061446851641,1.1059867726985233,0.7433674967429688,76,186
5,CTCCA,3.1321444901691815,2.9730985261201908,1.0534932203994243,0.7432574259949202,274,704
6,TCCGTT,1.2002743484224965,1.1022424933485366,1.0889304872718577,0.7416988368141196,105,261
6,CCCCTC,1.314586191129401,1.2120444275518392,1.0845953347198607,0.7406834459548228,115,287
6,CACGAA,0.9259259259259258,0.8404071117868154,1.1017466871366597,0.7387574626128981,81,199
6,TCCGCG,1.7832647462277091,1.663921618311584,1.0717196979911943,0.7386977939284556,156,394
6,TCTGAA,1.0631001371742113,0.971324802567676,1.0944749756892702,0.7386430124844514,93,230
6,TCGAGC,1.0631001371742113,0.971324802567676,1.0944749756892702,0.7386430124844514,93,230
5,ACCTT,2.857796067672611,2.707039993242958,1.055688318596726,0.7370927108786877,250,641
5,AGATT,3.6579789666209424,3.4883229866126104,1.0486340047234566,0.7343887257014419,320,826
6,TGAAAG,1.6117969821673523,1.4992187170066305,1.0750862801109315,0.7331568649356432,141,355
5,ATAAG,3.8866026520347505,3.712150006334727,1.046993776120232,0.7330476241085623,340,879
6,CTTTAA,1.0402377686328304,0.9502090459901178,1.094736257665434,0.7324872733434835,91,225
6,CTTCTG,0.823045267489712,0.7432746315300477,1.1073087950223384,0.7318471633586974,72,176
6,GGGACT,0.51440329218107,0.4518771907597449,1.1383390637837778,0.7316373752138818,45,107
6,TGCTCC,0.6401463191586648,0.5701254275940707,1.1227951055427858,0.7313576876307207,56,135
6,TAGGAG,1.4974851394604483,1.3894167828033277,1.0777740564162848,0.7303955907324441,131,329
6,AGGGAT,1.1545496113397347,1.0600109801934203,1.089178051083921,0.7291956969743095,101,251
6,CTGATC,2.217649748513946,2.0862367498627474,1.062987434152154,0.7288479528811145,194,494
6,AACAGA,1.211705532693187,1.1149119472950715,1.0868094603227605,0.72840635851379,106,264
6,TAGGAT,0.49154092363968904,0.4307614341821867,1.1410650493072494,0.7280853318253441,43,102
6,TAGAAC,0.49154092363968904,0.4307614341821867,1.1410650493072494,0.7280853318253441,43,102
5,CTCGC,4.846822130772748,4.653912749693821,1.0414501187371303,0.7280802752813328,424,1102
6,GCAACA,1.5889346136259717,1.478102960429072,1.0749772907806443,0.7268503020190704,139,350
6,GTCTGG,0.8802011888431641,0.798175598631699,1.1027534730512405,0.7268306373644906,77,189
6,AGTTAG,0.4686785550983082,0.40964567760462856,1.1440719956798215,0.7247972952142917,41,97
5,TTTGG,3.9666209419295844,3.7923898813294477,1.0459410746111366,0.7247335603517883,347,898
5,TCTAC,1.8289894833104712,1.7103762827822122,1.06934513019691,0.7245389473025801,160,405
6,CACCTT,0.9373571101966164,0.8530765657333503,1.0987844109276754,0.7229602344344258,82,202
6,AGGCCC,1.2459990855052583,1.1486971578191647,1.0846989627575405,0.7217079578615895,109,272
6,GTACCC,0.594421582075903,0.5278939144389544,1.1260008227701657,0.7216726672051139,52,125
5,GACCC,5.326931870141747,5.126905697031125,1.0390142287586008,0.721307192999256,466,1214
5,TCCCT,3.2007315957933242,3.044892098483889,1.0511789496554123,0.7201208717229219,280,721
6,TCTTAC,0.4229538180155464,0.36741416444951225,1.1511224843516583,0.7192176669368257,37,87
6,ATCTCG,0.6744398719707362,0.6039106381181638,1.1167681981104025,0.7164509620625045,59,143
6,CGTAGA,0.3772290809327846,0.3251826512943959,1.1600037057964223,0.715432281730968,33,77
6,GTACTT,0.3772290809327846,0.3251826512943959,1.1600037057964223,0.715432281730968,33,77
6,CTCAGA,0.30864197530864196,0.26183538156172137,1.1786951937071217,0.7150639892557893,27,62
6,TCTGCA,0.8344764517604023,0.7559440854765827,1.103872734133375,0.7147901958902678,73,179
6,GTCTTT,0.8344764517604023,0.7559440854765827,1.103872734133375,0.7147901958902678,73,179
6,TCATAC,0.5486968449931412,0.485662401283838,1.129763941265745,0.712384513006408,48,115
6,CTAGGA,0.5486968449931412,0.485662401283838,1.129763941265745,0.712384513006408,48,115
5,GTGCA,3.406492912665752,3.247603361628447,1.0489236649241374,0.7118927218737897,298,769
6,GCCAAT,1.02880658436214,0.9417627433590946,1.0924166940637325,0.7115544326081819,90,223
5,TGAGT,2.240512117055327,2.1115756577558176,1.06105883677067,0.7110803742867045,196,500
5,CCCAA,4.286694101508917,4.10912622999282,1.0432119969983755,0.7110094554405936,375,973
6,GCGGAA,1.0859625057155922,0.9966637104607459,1.0895887303256342,0.7100609006182927,95,236
6,CCGTGC,1.7261088248742569,1.6132438025254443,1.0699572045165695,0.7094645897761733,151,382
6,GGCCAG,1.7261088248742569,1.6132438025254443,1.0699572045165695,0.7094645897761733,151,382
6,AACAAG,1.9433013260173753,1.8244013683010263,1.0651684672766613,0.7040260032048715,170,432
6,TTTTGC,1.5546410608139003,1.4485409012204906,1.0732411735054694,0.702936175702345,136,343
6,GGGATG,1.1202560585276635,1.0304489209848389,1.0871449532517106,0.7026454382559875,98,244
6,CGGTAG,0.7887517146776405,0.7137125723214663,1.105124433592044,0.7026435961504058,69,169
6,TCGACT,0.7887517146776405,0.7137125723214663,1.105124433592044,0.7026435961504058,69,169
6,ACCCCT,0.7887517146776405,0.7137125723214663,1.105124433592044,0.7026435961504058,69,169
6,AGCGAG,1.2345679012345678,1.1402508551881414,1.0827087958213224,0.7023061972457645,108,270
6,TCGCAG,1.1774119798811158,1.0853498880864902,1.0848146863388777,0.7022469699175218,103,257
6,GACCGA,1.7946959304983996,1.6808142235736308,1.067749862145051,0.7017659137179997,157,398
6,TTCGAA,0.9259259259259258,0.8446302631023269,1.0962386058302627,0.7010358018269228,81,200
6,ACGTAA,0.6058527663465935,0.5405633683854892,1.1207579462171984,0.7004141373617156,53,128
6,TACGTC,0.48010973936899864,0.42231513155116346,1.1368194543732508,0.6995716560303834,42,100
6,TACATT,0.8459076360310928,0.7686135394231176,1.1005499352411312,0.6980451506310765,74,182
6,CTTTGT,0.6858710562414266,0.6165800920646987,1.1123612794840445,0.6970484063677798,60,146
6,ACGTGC,0.6858710562414266,0.6165800920646987,1.1123612794840445,0.6970484063677798,60,146
5,TCACG,3.692272519433013,3.5305544997677267,1.0458039776126282,0.6962353926913687,323,836
6,ATTGGA,1.1545496113397347,1.0642341315089319,1.0848563220487542,0.6956450997059697,101,252
6,AATTGC,0.903063557384545,0.8235145065247689,1.0965852959480187,0.6946058270430923,79,195
6,CACTTA,0.4343850022862369,0.3800836183960471,1.1428293626097867,0.6921509615214814,38,90
6,AGTAAT,0.9602194787379973,0.8784154736264199,1.0931161801554832,0.6921232541964816,84,208
6,CAATAG,0.823045267489712,0.7474977828455593,1.1010536499407453,0.6917198897308797,72,177
5,ACGCA,4.755372656607224,4.573672874699101,1.0397264549171732,0.6916193302633314,416,1083
6,GCGCGA,2.297668038408779,2.1706997761729805,1.058489163132142,0.6910664193710545,201,514
6,CAGTTC,0.7430269775948789,0.6714810591663499,1.1065335560793519,0.6904021570531788,65,159
6,CAGCAG,1.5089163237311385,1.4063093880653743,1.0729566629293537,0.6897992524677189,132,333
6,TTTTCG,1.5089163237311385,1.4063093880653743,1.0729566629293537,0.6897992524677189,132,333
6,TTATTG,1.2459990855052583,1.1529203091346762,1.0807260510792183,0.6894905173615985,109,273
5,GGTTA,2.58344764517604,2.4494277629967485,1.0547125385569553,0.6880236431563791,226,580
6,ATCGCA,1.4517604023776864,1.3514084209637232,1.0742518358430981,0.6878954111632916,127,320
6,AAGTCA,0.6401463191586648,0.5743485789095824,1.114540696356112,0.6854660955111238,56,136
6,TAACAG,0.8001828989483311,0.7263820262680012,1.1015866463475372,0.6853564578194711,70,172
5,AGAGA,3.6465477823502512,3.4883229866126104,1.045357113040722,0.6851947019023874,319,826
6,ATTTGA,1.337448559670782,1.2416064867604206,1.0771857713012443,0.6847644465526674,117,294
6,AATGCG,1.2802926383173296,1.1867055196587695,1.078856322378302,0.6836025395405172,112,281
6,GGTCGA,1.1659807956104253,1.0769035854554667,1.0827083691808579,0.6822954426349986,102,255
6,AGAAGG,1.7261088248742569,1.6174669538409563,1.0671637552778435,0.6822890057432033,151,383
6,GAATCC,1.577503429355281,1.4738798091135605,1.070301926526415,0.6809516493648022,138,349
6,CACAGG,1.577503429355281,1.4738798091135605,1.070301926526415,0.6809516493648022,138,349
6,CAAGTT,0.6973022405121171,0.6292495460112336,1.1081317924708074,0.6780825703693377,61,149
6,CGGCCC,2.9492455418381343,2.808395624815237,1.0501513749134517,0.676958970130306,258,665
6,CGAAGG,1.6117969821673523,1.5076650196376538,1.0690637872436675,0.6768090781587438,141,357
5,TGCAG,4.652491998171011,4.476540394442333,1.0393043863758007,0.676654771147039,407,1060
5,GAGCG,6.41289437585734,6.208032433802104,1.0329989645420259,0.6757523388942569,561,1470
6,TGCGGG,1.4060356652949246,1.3091769078086068,1.073978817550853,0.6744505713145637,123,310
6,GTTGGG,0.594421582075903,0.5321170657544659,1.11706598741458,0.6739704466737301,52,126
5,CGTAA,2.32053040695016,2.19603868406605,1.0566866399591939,0.6739128706088515,203,520
6,ACGGTT,0.6744398719707362,0.6081337894336754,1.1090141384594865,0.6719006763071041,59,144
6,CTAAAA,1.2345679012345678,1.144474006503653,1.0787139094711105,0.6699844799961823,108,271
6,GATCTG,1.0631001371742113,0.9797711051986994,1.0850408094834212,0.6686179978318653,93,232
6,TCAGAA,0.8116140832190215,0.739051480214536,1.0981701382555906,0.6683977573916624,71,175
5,TCGAC,5.1440329218107,4.962202795726171,1.036642287576875,0.6660995659902256,450,1175
6,ATAGAC,0.4458161865569273,0.39275307234258205,1.1350711447868538,0.6660818140526192,39,93
5,GCTGC,7.887517146776406,7.665019637653617,1.0290272715418305,0.6660631864462164,690,1815
6,GAGTTG,0.8687700045724738,0.7939524473161874,1.0942224377107101,0.6654458754789863,76,188
6,GGTTAA,0.9259259259259258,0.8488534144178386,1.0907853248472286,0.6634492290871201,81,201
6,CCTATT,0.5486968449931412,0.4898855525993497,1.1200265846243844,0.6626372971167734,48,116
6,CCGCCA,3.3607681755829906,3.213818151104354,1.0457230139567002,0.6620057802949094,294,761
6,TTGACA,0.6287151348879744,0.565902276278559,1.110976335682618,0.6595125477114566,55,134
6,CGACCG,2.3090992226794693,2.187592381435027,1.0555410999624817,0.6590924823299955,202,518
5,TCGGA,3.463648834019204,3.315173782676633,1.0447851553372156,0.6590007683834816,303,785
5,CTCTG,2.4691358024691357,2.3438489801089575,1.053451172966382,0.6572636866337628,216,555
6,TCTACC,0.5258344764517604,0.4687697960217915,1.1217068809169288,0.6570637868526711,46,111
5,ATTCG,3.7951531778692273,3.6403564339710295,1.042521246087086,0.6569650391964591,332,862
5,GCATT,4.561042524005487,4.3920773681321,1.0384695657100123,0.6557819131620972,399,1040
6,CTGTAA,0.7658893461362597,0.6968199670594197,1.0991066153094606,0.6549932076722822,67,165
6,GAATCT,0.7658893461362597,0.6968199670594197,1.0991066153094606,0.6549932076722822,67,165
6,GCGCCA,2.983539094650206,2.846403986654842,1.0481766787042242,0.6549862420781407,261,674
5,CTCCT,2.1604938271604937,2.0440052367076316,1.0569875700922748,0.6530795571625182,189,484
6,ATTGAG,1.2802926383173296,1.190928670974281,1.075030911951051,0.6519360174502149,112,282
6,GTTGAG,0.823045267489712,0.751720934161071,1.094868778039852,0.6517550323130757,72,178
6,TTAAGG,1.4288980338363055,1.3345158157016765,1.0707186420423223,0.6512989384011904,125,316
6,CTAGCT,0.21719250114311844,0.1815955065670003,1.1959156571821536,0.6512820874454065,19,43
6,CGTTCG,1.1659807956104253,1.0811267367709785,1.0784794307740284,0.6490495459245816,102,256
6,GGTGAG,1.3717421124828533,1.2796148486000254,1.0719904625500067,0.6489411443198074,120,303
6,TCTATA,0.5829903978052127,0.5236707631234427,1.113254955904802,0.6471285636446147,51,124
6,CATTTT,1.7375400091449476,1.6343595591030027,1.0631281755900837,0.6450284142870703,152,387
6,CAAAGC,0.8001828989483311,0.7306051775835128,1.0952199649041985,0.64481704179206,70,173
6,AAGAAA,2.297668038408779,2.1791460788040036,1.0543866802182442,0.644214619450546,201,516
5,GCAGA,4.183813443072702,4.024663203682588,1.0395427585017907,0.6439294753494458,366,953
6,CACGTC,0.8573388203017833,0.7855061446851641,1.0914359900346842,0.6425289683224161,75,186
6,AAAGCG,1.1431184270690442,1.0600109801934203,1.078395043941966,0.6419271313742209,100,251
6,TATTCC,0.720164609053498,0.6545884539043034,1.1001639096552325,0.6413846085009028,63,155
6,GTAGGA,0.5601280292638318,0.5025550065458845,1.114537847963704,0.6409562579775848,49,119
6,GGTTTA,0.7773205304069501,0.7094894210059546,1.0955920528026395,0.6378155987418386,68,168
6,CAATTT,1.2345679012345678,1.1486971578191647,1.0747483947282888,0.6377481184780639,108,272
6,CGCGTG,1.8404206675811614,1.735715190675282,1.0603206363605713,0.6357290128710544,161,411
6,CGGCCA,2.7892089620484684,2.66058532877233,1.0483422943274119,0.6347959974749696,244,630
6,AGCTGG,1.1202560585276635,1.0388952236158622,1.078307227081038,0.6347287080444511,98,246
6,ACCCCA,1.0631001371742113,0.9839942565142109,1.0803844551844084,0.6337677570040132,93,233
6,GATCTA,0.411522633744856,0.3631910131340006,1.1330383050048864,0.6309660926897749,36,86
6,GTTTAG,0.411522633744856,0.3631910131340006,1.1330383050048864,0.6309660926897749,36,86
6,CACTCC,0.7544581618655692,0.6883736644283964,1.0959869648638474,0.6307494117173217,66,163
6,CGTACA,0.51440329218107,0.46032349339076817,1.117456644951007,0.6287014897159872,45,109
6,TGTCGC,1.3031550068587106,1.2162675788673507,1.0714318841614203,0.6276084721920491,114,288
6,GACACT,0.6744398719707362,0.6123569407491871,1.1013670138926115,0.627572054114384,59,145
5,CCAAA,3.2235939643347047,3.087123611639005,1.0442048811045623,0.6269911680448162,282,731
5,ACATC,4.823959762231367,4.6581359010093335,1.0355979956245034,0.6260489035932683,422,1103
6,TCGTTC,0.9259259259259258,0.8530765657333503,1.085386030416761,0.6259966601503337,81,202
6,GATATA,1.2459990855052583,1.1613666117656996,1.0728669019687942,0.6253084389209721,109,275
6,CGCTAA,0.7315957933241883,0.6672579078508383,1.0964068676140275,0.623617215911082,64,158
6,GAGTAC,0.49154092363968904,0.43920773681320996,1.1191264856979533,0.6226460010895614,43,104
6,TAGGCC,0.36579789666209417,0.32095949997888423,1.1396575920854513,0.6220118972489994,32,76
6,CAAAGG,1.6117969821673523,1.5161113222686768,1.0631083929352956,0.6206864288771767,141,359
6,TGACCC,1.6117969821673523,1.5161113222686768,1.0631083929352956,0.6206864288771767,141,359
6,GACACA,1.0745313214449017,0.9966637104607459,1.078120431318835,0.6200934032430179,94,236
6,ACCGAC,1.7375400091449476,1.6385827104185142,1.060388321727737,0.6180641770045993,152,388
5,CATTC,4.709647919524463,4.54833396680603,1.035465822719574,0.615981853474696,412,1077
6,GGAGAT,2.274805669867398,2.162253473541957,1.052050785268275,0.6142843074493894,199,512
6,GGCTTG,1.108824874256973,1.0304489209848389,1.0760526275620517,0.6140974708644387,97,244
5,CGTCC,5.189757658893461,5.021326914143334,1.0335424068954835,0.6138037166458485,454,1189
6,CGCATA,0.7658893461362597,0.7010431183749314,1.0924864354536135,0.6136330446707002,67,166
6,GCTTTA,0.6287151348879744,0.5701254275940707,1.1027483245373833,0.6135594789630585,55,135
5,ATCTA,2.3090992226794693,2.19603868406605,1.0514815113607001,0.612446312688612,202,520
5,GTCGG,4.4467306812985825,4.290721736559821,1.0363587569740993,0.6124433059001707,389,1016
6,AGGCTG,1.3488797439414724,1.2627222433379788,1.0682261506383957,0.6111835812824012,118,299
6,ACTAAC,0.4458161865569273,0.3969762236580937,1.1229989608768107,0.6107704768157238,39,94
5,TCGTC,4.252400548696845,4.1006799273617975,1.0369979916070882,0.6085939178879478,372,971
6,CGGGAT,1.0859625057155922,1.0093331644072807,1.0759132392418538,0.6066052332824099,95,239
6,GCCCCT,1.0859625057155922,1.0093331644072807,1.0759132392418538,0.6066052332824099,95,239
6,CTTCAA,1.0859625057155922,1.0093331644072807,1.0759132392418538,0.6066052332824099,95,239
6,TAAGGC,0.5258344764517604,0.47299294733730307,1.1116937578796384,0.6065177725545107,46,112
6,GGATAG,0.7430269775948789,0.6799273617973732,1.0927898189724716,0.6062158227214655,65,161
6,CATGAC,1.2345679012345678,1.1529203091346762,1.0708119288559337,0.6055966038908221,108,273
6,TTCATG,1.02880658436214,0.9544321973056294,1.077917106690008,0.6051212366726377,90,226
5,CACCC,6.275720164609054,6.094007348283289,1.0298177905213557,0.6048444376755707,549,1443
6,GAAACT,0.8001828989483311,0.7348283288990245,1.0889264537498675,0.6044456240771693,70,174
5,GGCTT,4.160951074531321,4.011993749736053,1.0371270797959464,0.6037855131211536,364,950
6,TCAAAG,0.9144947416552356,0.8446302631023269,1.0827062573753743,0.6035269013268013,80,200
6,ACACTC,0.6630086877000457,0.6039106381181638,1.0978427296678182,0.6018127295389818,58,143
6,ATCCAA,1.2688614540466392,1.1867055196587695,1.0692244289624566,0.6008595849354195,111,281
6,CTTAAC,0.5029721079103796,0.4518771907597449,1.1130475568130935,0.5998446972738267,44,107
5,GGCGC,12.574302697759487,12.327378689978461,1.0200303739305394,0.5989263718360809,1100,2919
6,CCTGTG,0.720164609053498,0.658811605219815,1.0931126472013122,0.59871666418658,63,156
6,GCACGT,0.720164609053498,0.658811605219815,1.0931126472013122,0.59871666418658,63,156
6,CTTAAA,1.0059442158207592,0.9333164407280712,1.0778085449577444,0.5975010944874485,88,221
6,CTGCGA,0.7773205304069501,0.7137125723214663,1.0891101677834247,0.5968514381322138,68,169
6,ATACTT,0.8916323731138546,0.8235145065247689,1.0827060063287475,0.5958701940155916,78,195
6,GGCCCT,1.1545496113397347,1.0769035854554667,1.072094491543806,0.5955626233057826,101,255
6,CATTGA,1.3946044810242342,1.3091769078086068,1.0652479034084632,0.5955312976206529,122,310
6,CCGGCA,3.2121627800640145,3.0829004603234935,1.041927440947238,0.5944432162849526,281,730
6,GTCGTC,1.188843164151806,1.11068879597956,1.0703593414473764,0.590510898024922,104,263
6,GTTAGT,0.3543667123914037,0.3125131973478609,1.133882751587644,0.5888133215056546,31,74
6,ACGTAC,0.3543667123914037,0.3125131973478609,1.133882751587644,0.5888133215056546,31,74
6,GATCAT,0.8116140832190215,0.7474977828455593,1.085763095938324,0.5882281366930439,71,177
6,TGCAAG,0.8687700045724738,0.8023987499472106,1.0827057420707873,0.588117210465596,76,190
6,TAAGGA,2.1833561957018746,2.0777904472317243,1.050804289807863,0.5875858190700981,191,492
6,GCTAAT,0.4572473708276178,0.40964567760462856,1.116173753195564,0.5865668928333662,40,97
6,CCAGAA,1.2231367169638776,1.144474006503653,1.068726626686654,0.5857404505774182,107,271
6,TAGTGA,0.5372656607224509,0.485662401283838,1.1062314812802079,0.5849829978159391,47,115
6,ATAGGC,0.5372656607224509,0.485662401283838,1.1062314812802079,0.5849829978159391,47,115
6,CGCTGC,3.0978509373571104,2.9730985261201908,1.041958991349196,0.5838643503695412,271,704
6,TTTGCA,1.0173754000914494,0.9459858946746061,1.0754577420704456,0.5835854488462132,89,224
5,TGCAT,3.4293552812071333,3.298281177414587,1.0397389194099416,0.5835827377389885,300,781
5,GCACC,6.641518061271149,6.461421512732802,1.0278721580023307,0.5834649548065899,581,1530
6,TAAACC,0.6744398719707362,0.6165800920646987,1.0938246274698409,0.5834626387895321,59,146
6,CCATAA,0.6744398719707362,0.6165800920646987,1.0938246274698409,0.5834626387895321,59,146
5,CATTT,4.846822130772748,4.691921111533427,1.0330137089235512,0.5829972740842423,424,1111
6,CCGGAC,2.0004572473708278,1.9004180919802356,1.052637833763717,0.5815569401474632,175,450
6,ATCTAT,0.7315957933241883,0.6714810591663499,1.0895122537143325,0.5813839551896751,64,159
6,AGATTA,0.7315957933241883,0.6714810591663499,1.0895122537143325,0.5813839551896751,64,159
6,ATGCAC,0.7315957933241883,0.6714810591663499,1.0895122537143325,0.5813839551896751,64,159
6,GGGCAT,1.3488797439414724,1.2669453946534905,1.0646656778310528,0.5805388209467945,118,300
5,CCAGT,2.5148605395518975,2.40297309852612,1.0465601487921452,0.5804005034625916,220,569
6,TTTGTA,0.7887517146776405,0.7263820262680012,1.0858516606804955,0.5803914437392385,69,172
6,GTACCG,0.7887517146776405,0.7263820262680012,1.0858516606804955,0.5803914437392385,69,172
6,TACCTG,0.7887517146776405,0.7263820262680012,1.0858516606804955,0.5803914437392385,69,172
6,GCAATT,0.8459076360310928,0.7812829933696525,1.0827054635304407,0.580264089363059,74,185
6,CTAACG,0.4343850022862369,0.3885299210270704,1.1179916387754725,0.5799948685603765,38,92
6,CTAAGC,0.411522633744856,0.36741416444951225,1.1200184198652927,0.5734964472566199,36,87
6,AGGACC,1.0859625057155922,1.0135563157227923,1.0714307096692535,0.572327154706182,95,240
6,GGACCG,1.3603109282121628,1.2796148486000254,1.063057859882158,0.5690844865717031,119,303
5,ATAGA,2.892089620484682,2.774610414291144,1.0423392674019103,0.5685351535247108,253,657
6,CAGATA,0.6287151348879744,0.5743485789095824,1.0946412924923423,0.5678505054184179,55,136
6,TCTCTG,0.6287151348879744,0.5743485789095824,1.0946412924923423,0.5678505054184179,55,136
6,CCTCTA,0.3886602652034751,0.34629840787195404,1.122292298026901,0.5671007879506919,34,82
5,CGGTG,6.024234110653864,5.857510874614637,1.0284626684168732,0.5654212959820816,527,1387
6,AGGTAT,0.8001828989483311,0.739051480214536,1.0827048587064343,0.5642406475789173,70,175
6,TAGGGT,0.4686785550983082,0.42231513155116346,1.1097579610296917,0.5631813592326383,41,100
6,GGCGGA,1.8975765889346137,1.8032856117234681,1.0522855326105398,0.5624535157292866,166,427
6,CGCAAT,1.2459990855052583,1.1698129143967229,1.0651212326755293,0.561460122617306,109,277
6,CAACTC,0.6058527663465935,0.5532328223320241,1.0950963721848315,0.559903523145612,53,131
6,TGAGGA,1.9661636945587562,1.8708560327716541,1.050940620793698,0.5584499057042831,172,443
6,CCATTT,1.188843164151806,1.1149119472950715,1.066305313621155,0.5578512506730756,104,264
6,GCCGGT,2.549154092363969,2.440981460365725,1.0443134052486875,0.5570170093895341,223,578
6,GGTCAC,0.8344764517604023,0.7728366907386292,1.0797474900083592,0.5566704076449175,73,183
6,CCAGTA,0.5258344764517604,0.4772160986528147,1.1018578211297858,0.5562952216038468,46,113
6,CTATCC,0.7773205304069501,0.7179357236369779,1.0827045296147353,0.5560611818761947,68,170
5,GAGGG,5.875628715134888,5.713923729887242,1.0282996698809366,0.5548352268257375,514,1353
6,AACAGC,1.2231367169638776,1.1486971578191647,1.0647978266990374,0.5535707993718469,107,272
6,GCTACC,0.9259259259259258,0.8615228683643734,1.0747462259025335,0.5514892604171461,81,204
5,CGCGC,13.363054412437128,13.129777439925672,1.0177668811897742,0.5509465228142353,1169,3109
5,GTCTA,1.5660722450845908,1.4823261117445838,1.0564926188742392,0.5497733044274872,137,351
6,TGGTTA,0.6401463191586648,0.5870180328561172,1.090489958286748,0.5492300951575653,56,139
6,CTTACG,0.4229538180155464,0.3800836183960471,1.112761827562071,0.5485823566455142,37,90
6,GTGTGT,0.4229538180155464,0.3800836183960471,1.112761827562071,0.5485823566455142,37,90
6,AGAGCC,0.7544581618655692,0.6968199670594197,1.0827041805809463,0.5477632264139025,66,165
6,ACACAA,1.108824874256973,1.0388952236158622,1.0673050742213663,0.5463355946689014,97,246
6,TGGATT,1.0516689529035208,0.9839942565142109,1.068768510680087,0.5430102682219684,92,233
6,TGAGAT,0.7887517146776405,0.7306051775835128,1.0795759204641493,0.5399814832802297,69,173
6,GGTTAT,0.7887517146776405,0.7306051775835128,1.0795759204641493,0.5399814832802297,69,173
5,TGGTC,2.937814357567444,2.825288230077284,1.0398267842600457,0.5399768750628606,257,669
6,GGAGTA,1.1774119798811158,1.1064656446640482,1.0641139868738712,0.5374990254910051,103,262
6,CGATTC,1.4860539551897578,1.4063093880653743,1.0567008211130318,0.5372414346055558,130,333
6,TTCGTA,0.5372656607224509,0.4898855525993497,1.096696949270753,0.5354668537589522,47,116
6,GGGTTT,1.02880658436214,0.9628784999366526,1.0684626753658821,0.5347280409384392,90,228
6,CGATCG,1.646090534979424,1.562565986739305,1.053450032795814,0.5344883105396914,144,370
6,GCTTCC,1.520347508001829,1.4400945985894675,1.055723656713448,0.534447742610953,133,341
5,GCTCG,4.435299497027892,4.299168039190844,1.0316638684995014,0.5342289144436541,388,1018
5,ATTGA,5.612711476909007,5.460534650956544,1.027867974270318,0.5334268936481695,491,1293
6,TGAAGG,1.6803840877914953,1.596351197263398,1.0526373062152758,0.5321697043379736,147,378
5,TGCCG,8.904892546867856,8.716584315216014,1.021603195073054,0.5321595741805881,779,2064
6,AGGGAC,0.7658893461362597,0.7094894210059546,1.0794824774167988,0.5314471330398821,67,168
5,CAATT,3.7951531778692273,3.669918493179611,1.034123720336111,0.5300104066865986,332,869
5,AGCTC,1.7146776406035666,1.630136407787491,1.051858265716696,0.5299581369933076,150,386
6,ACACCC,1.2459990855052583,1.1740360657122344,1.0612901876490533,0.5296599008810567,109,278
5,CTAAT,2.06904435299497,1.9764348156594451,1.0468544933293407,0.5285177013927796,181,468
6,CGACTA,0.51440329218107,0.4687697960217915,1.0973265852193166,0.5271141611854081,45,111
6,CCCAAG,1.2802926383173296,1.2078212762363276,1.059996759314324,0.5260689263556341,112,286
6,CGTACT,0.4343850022862369,0.39275307234258205,1.1059732833331397,0.5245730558810594,38,93
6,GCCGCG,4.698216735253772,4.561003420752566,1.0300833596267296,0.5236182871182847,411,1080
6,CGCGGC,4.526748971193416,4.3920773681321,1.0306616950486653,0.5232032903331377,396,1040
6,CGCCCG,4.183813443072702,4.054225262891169,1.0319629461818567,0.5229930337717569,366,960
6,CCCGGT,1.314586191129401,1.2416064867604206,1.058773715968403,0.5226762870667249,115,294
6,ACCTCA,0.6858710562414266,0.6334726973267453,1.0827029938881008,0.522101500265224,60,150
6,GCCTAC,0.6858710562414266,0.6334726973267453,1.0827029938881008,0.522101500265224,60,150
5,CCTGG,5.3955189757658895,5.249377085180962,1.0278393234628036,0.5218889016206847,472,1243
6,GACTAT,0.49154092363968904,0.4476540394442333,1.0980156075195426,0.5186540309399488,43,106
5,TCATT,4.263831732967535,4.134465137885891,1.031289045103252,0.5172704687017358,373,979
6,GCAAAG,1.1659807956104253,1.098019342033025,1.0618889504774394,0.5169900722594499,102,260
6,CTCAAA,0.7773205304069501,0.7221588749524895,1.076373800817732,0.5154431782391353,68,171
5,TTACG,2.217649748513946,2.124245111702352,1.0439686735912432,0.514761980034629,194,503
6,CTTATC,0.6630086877000457,0.6123569407491871,1.0827025437721367,0.5132703023647343,58,145
6,GGCTAT,0.8687700045724738,0.8108450525782339,1.071428948003418,0.5113714403594058,76,192
6,GCTTCG,1.3260173754000915,1.2542759407069555,1.0571929294599696,0.5113455879732941,116,297
6,GTAGGT,0.4686785550983082,0.42653828286667517,1.0987728338593608,0.5100846107231001,41,101
6,CCGCGG,1.931870141746685,1.8455171248785844,1.0467881532437457,0.5096520116233996,169,437
6,GCCACA,1.2345679012345678,1.1655897630812113,1.059173667246618,0.5096461202479249,108,276
6,CAAACA,0.9602194787379973,0.8995312302039782,1.0674590282067675,0.5091672575647885,84,213
6,GCGCTT,1.771833561957019,1.6892605262046538,1.0488782793675635,0.5088345042238233,155,400
6,GGAGCG,2.4577046181984454,2.360741585371004,1.0410713846402377,0.5077123451193166,215,559
6,GGTAAC,0.7544581618655692,0.7010431183749314,1.0761827964801824,0.5065412653408213,66,166
6,TGGGGT,0.7544581618655692,0.7010431183749314,1.0761827964801824,0.5065412653408213,66,166
6,GTGCCA,0.6973022405121171,0.6461421512732801,1.079165509612824,0.5050080164284871,61,153
5,CCGCT,7.270233196159122,7.107563664006081,1.0228864982704255,0.5045501519956817,636,1683
6,ACGGAT,0.9945130315500686,0.9333164407280712,1.0655619380072883,0.5042667288218781,87,221
6,TCCGGG,1.3031550068587106,1.2331601841293973,1.0567559251730203,0.5031238529765589,114,292
6,GCCTTG,1.211705532693187,1.144474006503653,1.0587393439021975,0.5012769438460323,106,271
6,AAATTC,1.337448559670782,1.2669453946534905,1.0556437561864722,0.5001349457120274,117,300
6,TTCACA,0.7887517146776405,0.7348283288990245,1.073372305377583,0.4997392472637221,69,174
6,CGTCCT,0.7887517146776405,0.7348283288990245,1.073372305377583,0.4997392472637221,69,174
6,TCGAAC,1.2459990855052583,1.178259217027746,1.0574866029803518,0.4979416588629615,109,279
6,GGGTTG,0.8802011888431641,0.8235145065247689,1.068826716709476,0.4967773456853401,77,195
6,GCTCGG,1.1545496113397347,1.0895730394020018,1.0596294205584744,0.49632149567460515,101,258
6,CGAGTC,0.6172839506172839,0.5701254275940707,1.0827015435319804,0.4951476234945105,54,135
6,CTTAGT,0.24005486968449932,0.21115756577558173,1.1367870722301852,0.49412882521032386,21,50
6,CCTTAG,0.24005486968449932,0.21115756577558173,1.1367870722301852,0.49412882521032386,21,50
5,CAGGC,6.378600823045268,6.229148190379661,1.0239920818850048,0.4927542769981865,558,1475
6,CGCGAA,1.440329218106996,1.3683010262257698,1.0526367566968942,0.492115279200435,126,324
6,TTTCTT,1.6003657978966621,1.5245576248997001,1.049721440249216,0.4912633486804695,140,361
6,GGGCTT,1.0059442158207592,0.9459858946746061,1.0633751348409806,0.49091652966895305,88,224
6,AATCTG,1.0059442158207592,0.9459858946746061,1.0633751348409806,0.49091652966895305,88,224
6,CTGTGG,0.7658893461362597,0.7137125723214663,1.0730959019748052,0.49061795575779793,67,169
6,CGGGCT,1.3488797439414724,1.2796148486000254,1.0541252572143092,0.4890416923733668,118,303
6,GTATCT,0.48010973936899864,0.43920773681320996,1.09310558209718,0.48829705550814145,42,104
6,AAGAGC,0.8573388203017833,0.8023987499472106,1.0684612535012505,0.4877353148853972,75,190
6,GACATT,0.8573388203017833,0.8023987499472106,1.0684612535012505,0.4877353148853972,75,190
6,GAAGGC,1.6689529035208046,1.5921280459478864,1.048249908528136,0.48743622619865384,146,377
6,CGACGA,1.8632830361225423,1.7821698551459098,1.0455111669775687,0.48708278767813845,163,422
6,CCGGTA,1.0402377686328304,0.9797711051986994,1.0617087932416065,0.4866588460325763,91,232
6,AACCTC,0.6515775034293553,0.6039106381181638,1.078917261225234,0.48661008669950584,57,143
6,CACATA,0.5372656607224509,0.4941087039148613,1.0873253677357824,0.48625711231242036,47,117
6,GGCTCT,0.594421582075903,0.5490096710165125,1.0827009857162484,0.48583896810825944,52,130
6,CCGCAC,2.4577046181984454,2.3649647366865154,1.0392124072011066,0.48529359408888056,215,560
6,CTTATG,0.40009144947416553,0.3631910131340006,1.1015726649052948,0.48371179090670297,35,86
6,GACTGA,1.29172382258802,1.2247138814983742,1.0547103050527722,0.4834353191799759,113,290
6,GGATTG,1.0745313214449017,1.0135563157227923,1.0601535301229104,0.48268400770456094,94,240
6,GAGAAT,1.4517604023776864,1.3809704801723046,1.0512572842745505,0.48154986619513696,127,327
6,CGTACG,0.4572473708276178,0.41809198023565186,1.0936301804972486,0.47901933104489286,40,99
6,ACTAAT,0.6858710562414266,0.6376958486422568,1.0755338996039647,0.4788902671035753,60,151
6,GCCCGA,1.8747142203932328,1.7948393090924448,1.0445000624233776,0.47804557664660524,164,425
6,CGTTAC,0.6287151348879744,0.5827948815406057,1.078779647585857,0.4771533440822973,55,138
5,TCGGT,3.1435756744398717,3.0406689471683768,1.0338423369415568,0.47690916664459126,275,720
6,ATGAGT,0.5715592135345221,0.5278939144389544,1.0827003832837097,0.4763526012325765,50,125
6,GGGAAC,1.1431184270690442,1.0811267367709785,1.0573345887498125,0.47549032003395914,100,256
6,TGGTGC,1.2688614540466392,1.2035981249208159,1.0542190170231567,0.47492587737270775,111,285
6,CTTAGA,0.3772290809327846,0.34207525655644244,1.1027363133445727,0.474701893970291,33,81
6,ACGTGG,0.720164609053498,0.6714810591663499,1.072490951349313,0.4718821518289894,63,159
6,CAGTCC,0.720164609053498,0.6714810591663499,1.072490951349313,0.4718821518289894,63,159
6,GGCTGA,1.8175582990397805,1.7399383419907937,1.044608187748427,0.471681859927774,159,412
6,ATTCAG,1.0859625057155922,1.0262257696693273,1.0582044588683683,0.4701045985634121,95,243
6,GACGAA,1.337448559670782,1.271168545969002,1.0521369099486837,0.46962136565613277,117,301
6,GGAGGG,2.1490626428898034,2.0651209932851895,1.040645359444602,0.4692461868699386,188,489
6,ACAGAG,0.8116140832190215,0.7601672367920942,1.0676694245618217,0.46918630061731836,71,180
6,ACGTGA,0.8116140832190215,0.7601672367920942,1.0676694245618217,0.46918630061731836,71,180
5,ACGTG,2.58344764517604,2.4916592761518643,1.0368367722767862,0.4683957091560178,226,590
6,CGCTAT,0.903063557384545,0.8488534144178386,1.0638552623101005,0.468296340040703,79,201
6,CGTTCA,1.1202560585276635,1.0600109801934203,1.0568290296580565,0.46665365328403036,98,251
6,CTCCCT,0.7544581618655692,0.705266269690443,1.0697395017154911,0.4654977106707978,66,167
6,ACTGGG,0.7544581618655692,0.705266269690443,1.0697395017154911,0.4654977106707978,66,167
6,CGATAC,0.9373571101966164,0.8826386249419317,1.0619871881762104,0.46374700130743446,82,209
6,CCAATC,1.1545496113397347,1.0937961907175136,1.0555385612800896,0.4634253329726124,101,259
6,AACCAT,1.0631001371742113,1.005110013091769,1.0576895607158543,0.46110946531174796,93,238
6,TCCCCT,0.7887517146776405,0.739051480214536,1.067239579157278,0.4596631760283698,69,175
6,CGTCCG,1.931870141746685,1.8539634275096077,1.0420194439311723,0.45905982509827675,169,439
6,TGGCAC,0.8802011888431641,0.8277376578402804,1.063374177903134,0.4589317893059234,77,196
5,CAGAT,3.0064014631915867,2.9097512563875165,1.0332148272499875,0.4576051418954583,263,689
6,CTTGGG,0.4686785550983082,0.4307614341821867,1.0880030513477994,0.4573652002719638,41,102
6,CAGAGG,1.0059442158207592,0.9502090459901178,1.0586495204542343,0.4556164650842461,88,225
6,AACTAA,1.0059442158207592,0.9502090459901178,1.0586495204542343,0.4556164650842461,88,225
6,CAGCCC,1.577503429355281,1.5076650196376538,1.0463191603519302,0.455269056604648,138,357
6,ACGGTG,1.2574302697759487,1.1951518222897928,1.0521048755791451,0.454909879376684,110,283
6,AAGGTA,0.9144947416552356,0.8615228683643734,1.0614791868180322,0.45439381267267487,80,204
6,TGTGAA,0.9144947416552356,0.8615228683643734,1.0614791868180322,0.45439381267267487,80,204
6,GAAACC,1.6117969821673523,1.5414502301617468,1.045633772178948,0.45364904352734153,141,365
6,TAGGGA,0.6744398719707362,0.6292495460112336,1.071804812200017,0.4524256611821079,59,149
6,ACCCCG,1.646090534979424,1.5752354406858398,1.0449777821685626,0.45211806312215225,144,373
6,TTTGGT,1.0402377686328304,0.9839942565142109,1.0571525661757657,0.45197724390224486,91,233
6,GGAGCT,1.0402377686328304,0.9839942565142109,1.0571525661757657,0.45197724390224486,91,233
6,CGGGCG,2.9492455418381343,2.8548502892858654,1.033063711444125,0.4510857936369468,258,676
6,GACGAT,1.3260173754000915,1.2627222433379788,1.0501219648260285,0.45006921669891836,116,299
6,TGTTTG,0.7658893461362597,0.7179357236369779,1.0667844522503536,0.4499623854279546,67,170
6,GAGGCT,1.0745313214449017,1.017779467038304,1.0557549849902437,0.44858909659598867,94,241
6,AGACGC,1.2345679012345678,1.1740360657122344,1.05155436178993,0.44609423600252684,108,278
6,GCTTCA,1.108824874256973,1.0515646775623972,1.0544471996789857,0.44543084670326927,97,249
6,TGTTCC,1.108824874256973,1.0515646775623972,1.0544471996789857,0.44543084670326927,97,249
6,ACATTA,0.8001828989483311,0.751720934161071,1.0644594511608496,0.44460911002739123,70,178
6,CAACAA,2.217649748513946,2.1369145656488873,1.0377794256355684,0.44400592004282724,194,506
6,GCAAAA,1.2688614540466392,1.2078212762363276,1.050533241703054,0.443640840141313,111,286
6,ACCTTT,0.6515775034293553,0.6081337894336754,1.0714260120867836,0.44240005018822887,57,144
6,TCAACA,1.3031550068587106,1.2416064867604206,1.0495676883019822,0.4413398094027028,114,294
6,TGGAGA,1.9890260631001373,1.9130875459267707,1.0396921448370506,0.44076209015113205,174,453
6,CAAACG,1.0516689529035208,0.9966637104607459,1.0551838333052366,0.4393502336664833,92,236
6,ATAATT,2.7663465935070874,2.6774779340343766,1.0331899431733105,0.43810626476866976,242,634
6,TTACGC,0.5372656607224509,0.49833185523037293,1.0781125946977905,0.43734955710599327,47,118
6,TGTCTC,0.48010973936899864,0.44343088812872167,1.0826973999376388,0.43639498058929677,42,105
6,TTGTTG,0.8687700045724738,0.8192913552092571,1.0603846367778444,0.43519875356771387,76,194
6,CACAGA,0.7773205304069501,0.7306051775835128,1.0639318760241003,0.43471743664815754,68,173
5,GCACA,4.401005944215821,4.290721736559821,1.0257023513040233,0.4335316586488731,385,1016
6,CTGAAA,1.440329218106996,1.3767473288567929,1.0461793315189096,0.43345936056808665,126,326
6,TAAACA,1.1202560585276635,1.0642341315089319,1.0526356576945513,0.43332784885100106,98,252
6,CCCGAG,1.2802926383173296,1.2204907301828625,1.0489942342307548,0.4324948667852184,112,289
6,GGGCTA,0.6287151348879744,0.5870180328561172,1.071019964808466,0.43215953049579725,55,139
6,GTGATT,1.703246456332876,1.6343595591030027,1.0421465901962597,0.43182681992131117,149,387
6,AGCGGG,1.4746227709190671,1.410532539380886,1.045433682939364,0.4317777270277071,129,334
6,AAGCGT,0.720164609053498,0.6757042104818616,1.0657888747688258,0.42998713598265004,63,160
6,CCCCCA,1.3488797439414724,1.2880611512310485,1.0472134970475562,0.4284039868981647,118,305
6,AGCGCT,1.188843164151806,1.131804552557118,1.0503917149779374,0.4280938972835132,104,268
6,CTCGGC,1.3831732967535437,1.3218463617551417,1.046391394365637,0.42654844592349106,121,313
6,TATTGA,1.3831732967535437,1.3218463617551417,1.046391394365637,0.42654844592349106,121,313
6,CACTGT,0.6630086877000457,0.6208032433802103,1.0679742693725807,0.42560306924994407,58,147
6,GAACCT,0.7544581618655692,0.7094894210059546,1.0633729020309581,0.4246308329057163,66,168
6,AGTCAT,0.7544581618655692,0.7094894210059546,1.0633729020309581,0.4246308329057163,66,168
6,ATTTGG,0.9716506630086876,0.9206469867815363,1.0553938019449125,0.4236964342028674,85,218
6,CCCGTA,0.6058527663465935,0.565902276278559,1.0705836208481478,0.421689942499984,53,134
6,TCAAGT,0.6058527663465935,0.565902276278559,1.0705836208481478,0.421689942499984,53,134
6,AGCAGC,1.29172382258802,1.2331601841293973,1.0474868476354524,0.4214691238264242,113,292
6,GCGACG,1.8175582990397805,1.7483846446218168,1.0395620599990603,0.4196341971085647,159,414
6,ACGCAC,1.3603109282121628,1.3007306051775835,1.0458017537390625,0.4177374185173793,119,308
6,CAAGGT,1.0402377686328304,0.9882174078297226,1.0526352772813554,0.4174025386120729,91,234
6,CCGACC,2.6977594878829447,2.614130664301702,1.0319898411120434,0.4171683338357592,236,619
6,CGGCCG,4.401005944215821,4.2949448878753325,1.0246938179016225,0.416788279901276,385,1017
6,GCCCGC,4.229538180155465,4.126018835254867,1.0250887938602482,0.4146547682080331,370,977
5,GTGCC,4.583904892546868,4.476540394442333,1.0239832751001905,0.41369711025444106,401,1060
6,CGCTGA,2.1604938271604937,2.0862367498627474,1.0355920861302141,0.413319719871879,189,494
6,ATCAAG,1.5317786922725194,1.469656657798049,1.0422668842116627,0.4103081624289882,134,348
5,ACCCG,6.447187928669409,6.322057519320917,1.0197923586949686,0.4099392736712807,564,1497
6,ATAGAA,1.1431184270690442,1.0895730394020018,1.049138948777174,0.409569206552716,100,258
6,ATGTGG,0.6744398719707362,0.6334726973267453,1.0646605745747018,0.4091692926976266,59,150
6,AATCGT,0.6744398719707362,0.6334726973267453,1.0646605745747018,0.4091692926976266,59,150
5,AGCTG,3.6465477823502512,3.551670256345285,1.0267127429865337,0.4083012428913693,319,841
6,GGGCGT,1.4060356652949246,1.3471852696482114,1.043680723728301,0.40565284522734796,123,319
5,AGAGT,2.1719250114311843,2.0989062038092823,1.0347873233958944,0.4052680425348299,190,497
6,ACTGCC,1.0516689529035208,1.0008868617762574,1.0507320256303365,0.4050075291312318,92,237
6,TCGTCG,1.440329218106996,1.3809704801723046,1.0429802380015287,0.4042281220179361,126,327
6,AAGTTG,0.7087334247828074,0.6672579078508383,1.0621488356458337,0.4038264696261879,62,158
6,CTCCCG,1.2459990855052583,1.190928670974281,1.0462376900515156,0.40327404934281214,109,282
6,ACGATT,1.0859625057155922,1.0346720723003504,1.049566889934728,0.40245914944884553,95,245
6,GTCCAG,0.8344764517604023,0.7897292960006757,1.056654211215392,0.4010171386794206,73,187
6,AAACTA,0.9602194787379973,0.9122006841505131,1.05263483347291,0.40087132497176126,84,216
6,GGTTCG,0.9602194787379973,0.9122006841505131,1.05263483347291,0.40087132497176126,84,216
6,GCTCGC,1.5432098765432098,1.4823261117445838,1.0410703537372095,0.4004963498572805,135,351
6,CGAGAA,1.1202560585276635,1.0684572828244436,1.0484754318142906,0.40009699185714453,98,253
6,CCGCAT,1.9775948788294466,1.908864394611259,1.0360040681807394,0.3995504554263922,173,452
5,ACAGA,3.3493369913123003,3.260272815574982,1.0273171752972095,0.3994071412155633,293,772
6,ATGCTT,0.6515775034293553,0.6123569407491871,1.0640380736516624,0.3984108195982399,57,145
6,CTACTC,0.2743484224965706,0.24916592761518647,1.1010266229416665,0.3983385110862455,24,59
6,GGACTG,0.9945130315500686,0.9459858946746061,1.0512925276115155,0.397954299403789,87,224
5,ATCCG,6.767261088248742,6.643017019299801,1.0187026765580047,0.3978206785859025,592,1573
6,GCCGTT,1.646090534979424,1.5836817433168628,1.0394049192231882,0.3974676207410925,144,375
5,ATTAC,2.903520804755373,2.821065078761772,1.0292275438308598,0.39651084393414304,254,668
6,GAGATG,1.188843164151806,1.1360277038726296,1.0464872567574477,0.3958721852806182,104,269
6,GCAACC,1.7832647462277091,1.7188225854132353,1.037489856356144,0.3943258080537636,156,407
6,GGGTGC,1.2231367169638776,1.1698129143967229,1.0455792921942841,0.39398380157488033,107,277
6,CCCATG,0.903063557384545,0.8572997170488619,1.0533751521323107,0.39394051130134955,79,203
6,TGCCTT,0.903063557384545,0.8572997170488619,1.0533751521323107,0.39394051130134955,79,203
6,ACAGAC,0.903063557384545,0.8572997170488619,1.0533751521323107,0.39394051130134955,79,203
6,TGTGTG,0.4458161865569273,0.4138688289201402,1.0771733410946023,0.3936679776381648,39,98
6,GAGCTT,0.6858710562414266,0.6461421512732801,1.0614768084840478,0.3930826885090692,60,153
6,GGAAGG,1.5889346136259717,1.5287807762152117,1.0393450152206587,0.3898178050482072,139,362
6,GATCGG,1.623228166438043,1.562565986739305,1.0388196711347875,0.38893323692221077,142,370
6,CCTTTA,0.5372656607224509,0.5025550065458845,1.0690546273777097,0.388740056840921,47,119
6,TCCATA,0.5372656607224509,0.5025550065458845,1.0690546273777097,0.388740056840921,47,119
6,AGCTCG,0.5372656607224509,0.5025550065458845,1.0690546273777097,0.388740056840921,47,119
6,TCAGTC,0.5372656607224509,0.5025550065458845,1.0690546273777097,0.388740056840921,47,119
5,TCATC,5.784179240969364,5.671692216732126,1.0198327124723285,0.38772060877564685,506,1343
5,TTGAC,3.4407864654778235,3.3531821445162384,1.0261249477932681,0.38762685793857027,301,794
6,GATGCT,0.8459076360310928,0.8023987499472106,1.054216764931714,0.38697880354509695,74,190
5,ATTCA,4.823959762231367,4.721483170742008,1.0217038624087724,0.38509324355884506,422,1118
6,CCGTCG,1.8632830361225423,1.7990624604079564,1.0356947063579929,0.38435550850813155,163,426
6,TAACGG,0.7544581618655692,0.7137125723214663,1.0570816361661857,0.3839389271741781,66,169
5,CGGTC,4.938271604938271,4.835508256260821,1.0212513800191316,0.38184250349203847,432,1145
6,CGGCTC,1.2688614540466392,1.2162675788673507,1.0432384717358731,0.3813056717810697,111,288
6,GAGCAA,1.5660722450845908,1.5076650196376538,1.0387376180546846,0.3811296121794314,137,357
6,GACATC,1.6346593507087332,1.5752354406858398,1.037721432837836,0.37953830908815644,143,373
6,GGAAAC,1.6689529035208046,1.6090206512099328,1.037245344073987,0.37883439444074535,146,381
6,GCCCTA,0.51440329218107,0.4814392499683263,1.0684555666332742,0.37717710869601384,45,114
6,TCGTAT,0.51440329218107,0.4814392499683263,1.0684555666332742,0.37717710869601384,45,114
6,ATCATC,1.440329218106996,1.3851936314878162,1.039800649743812,0.37506093426724907,126,328
5,GGGTC,2.7663465935070874,2.6901473879809115,1.0283242373421149,0.3750244142476894,242,637
5,GGACC,3.8180155464106083,3.729042611596774,1.023858817985976,0.3741581370114413,334,883
5,CTCTA,1.4746227709190671,1.4189788420119092,1.0392113019092502,0.3740793964411451,129,336
5,CTTAA,2.4919981710105166,2.419865703788167,1.0298072270650096,0.3737155885083432,218,573
6,TCTGTA,0.4572473708276178,0.42653828286667517,1.071979213291882,0.3730265061434063,40,101
5,GCGCG,11.534064929126657,11.385615946619367,1.013038177239207,0.3729625554387617,1009,2696
6,GTAATT,1.0173754000914494,0.971324802567676,1.0474052107811662,0.37292607709958786,89,230
5,GCCGG,12.425697302240513,12.272477722876811,1.0124847104515045,0.3726791384410685,1087,2906
6,GTCCCG,1.2459990855052583,1.1951518222897928,1.0425410463864053,0.37187898474267256,109,283
6,CGACTG,1.2459990855052583,1.1951518222897928,1.0425410463864053,0.37187898474267256,109,283
6,CAACCT,1.0516689529035208,1.005110013091769,1.04631762438234,0.3707689381292366,92,238
6,ATCATG,1.0516689529035208,1.005110013091769,1.04631762438234,0.3707689381292366,92,238
6,AACGAT,1.2802926383173296,1.2289370328138858,1.041785238469068,0.3704989608187327,112,291
6,TGGGTT,0.5486968449931412,0.5152244604924194,1.064953999017895,0.370458578201281,48,122
6,GTCGAG,1.0859625057155922,1.0388952236158622,1.0453007685020232,0.3687852930802409,95,246
6,GTCACG,0.9259259259259258,0.8826386249419317,1.0490375064157205,0.36749234267461195,81,209
6,ATGGAG,1.8518518518518516,1.7906161577769333,1.0341962034624956,0.3674108176428127,162,424
6,CCCGAT,1.8518518518518516,1.7906161577769333,1.0341962034624956,0.3674108176428127,162,424
6,CGGACC,1.4174668495656149,1.364077874910258,1.0391363733698358,0.36597215276332556,124,323
6,GGGCAC,1.1545496113397347,1.1064656446640482,1.0434533341131196,0.3652814152444994,101,262
6,CATTTA,0.9945130315500686,0.9502090459901178,1.0466206080505012,0.36274462703147237,87,225
5,CGCAC,7.007315957933242,6.892182946914987,1.016704626305249,0.3624992683724344,613,1632
6,CCCTGA,1.5889346136259717,1.5330039275307235,1.0364819925713273,0.3620947991464327,139,363
5,TGAAT,4.732510288065844,4.637020144431775,1.0205925532787268,0.3619824184811619,414,1098
6,TATTTG,1.02880658436214,0.9839942565142109,1.0455366216714443,0.3606667628066388,90,233
6,ATCGCG,1.8975765889346137,1.8370708222475611,1.0329342083786368,0.3585567930792082,166,435
6,CACCCG,2.137631458619113,2.073567295916213,1.0308941375644325,0.35786953896003515,187,491
6,GCCTCG,1.3946044810242342,1.3429621183326999,1.0384512093570504,0.3567651806660163,122,318
5,AGAGG,5.212620027434842,5.11423624308459,1.0192368627470052,0.3560836311577361,456,1211
6,TACGTA,0.3200731595793324,0.2956205920858144,1.0826880783683204,0.3560448797302405,28,70
6,CGGTAA,0.7773205304069501,0.739051480214536,1.0517742996081219,0.35466145273538574,68,175
6,GAAGTT,0.7773205304069501,0.739051480214536,1.0517742996081219,0.35466145273538574,68,175
6,CATTCC,1.4974851394604483,1.444317749904979,1.0368088730278804,0.3544390823704787,131,342
6,TCGGTC,0.8116140832190215,0.7728366907386292,1.0501689115616133,0.3515648250116437,71,183
6,CCCCAG,0.8116140832190215,0.7728366907386292,1.0501689115616133,0.3515648250116437,71,183
6,GAATCA,1.2345679012345678,1.1867055196587695,1.04032874871492,0.35137936797532004,108,281
5,AGTAA,3.5093735711019662,3.4291988681954475,1.0233793279582855,0.3510622283617835,307,812
6,AGTTTC,0.6858710562414266,0.6503653025887918,1.054585161593286,0.3504819966245087,60,154
5,AGTAG,1.8404206675811614,1.7821698551459098,1.0326834975450352,0.3503832637307372,161,422
6,GCACAG,1.0745313214449017,1.0304489209848389,1.0427756504930747,0.34691113950282787,94,244
6,GTCATT,0.8802011888431641,0.8404071117868154,1.0473453186752357,0.34622315095535733,77,199
5,ATGGT,3.166438042981253,3.0913467629545166,1.0242900123419791,0.34565600678430214,277,732
5,GGGCC,5.315500685871057,5.21981502597238,1.0183308845876953,0.34302923765492455,465,1236
6,ACACTA,0.5372656607224509,0.5067781578613961,1.0601475963961173,0.340424563053763,47,120
6,ATTAGC,0.4458161865569273,0.41809198023565186,1.0662954041004153,0.3403938721397207,39,99
6,TCCCCC,1.3831732967535437,1.3345158157016765,1.036458043190718,0.33728050184741465,121,316
5,AACAG,4.823959762231367,4.734152624688543,1.0189696546978697,0.3371712771536674,422,1121
5,GGAAT,4.972565157750343,4.88196292073145,1.0185581870799238,0.3352465090338665,435,1156
6,GCATTT,1.1202560585276635,1.0769035854554667,1.0402528586326505,0.33391767955290197,98,255
6,CGCTTA,0.48010973936899864,0.4518771907597449,1.0624645428717248,0.333651509063241,42,107
5,ACCGA,5.486968449931413,5.392964229908357,1.0174305767585217,0.3318898977455747,480,1277
6,GATGAT,1.2231367169638776,1.178259217027746,1.0380847362057632,0.33072834938774887,107,279
6,AGCGAT,1.02880658436214,0.9882174078297226,1.0410689685427563,0.3261777838960813,90,234
6,GCGATC,1.6003657978966621,1.5498965327927698,1.0325608890317692,0.3251479435777311,140,367
6,GAGCCC,1.8747142203932328,1.8201782169855147,1.0299602571182953,0.3247747924619561,164,431
6,CCGCTC,1.703246456332876,1.6512521643650493,1.031485889618111,0.3247442046985417,149,391
5,AAGAG,4.743941472336534,4.6581359010093335,1.0184201859138582,0.3246583491869363,415,1103
6,TGAACT,0.8344764517604023,0.798175598631699,1.045474085880773,0.32408867852679424,73,189
5,ACAAT,4.926840420667581,4.839731407576334,1.0179983569169135,0.32367496839640886,431,1146
6,AAGCCA,1.2002743484224965,1.157143460450188,1.0372703665618728,0.3207434381231723,105,274
6,TGGGCA,0.903063557384545,0.8657460196798852,1.0430995082918515,0.3201106017917972,79,205
5,TTCTT,4.0009144947416555,3.923307572110309,1.019780489588443,0.31866881034346256,350,929
6,CCATGT,0.5829903978052127,0.5532328223320241,1.0537788005196855,0.31836118375176786,51,131
6,ACACAG,0.9716506630086876,0.9333164407280712,1.0410687241063759,0.3168989984105412,85,221
6,CCAGTC,0.7773205304069501,0.7432746315300477,1.0457991131696647,0.3148807279795704,68,176
6,ACAGTG,0.6172839506172839,0.5870180328561172,1.0515499713301837,0.3144905094973302,54,139
6,CGAATA,0.8116140832190215,0.7770598420541408,1.0444622062220161,0.31266674430235836,71,184
6,ACCAGA,1.108824874256973,1.0684572828244436,1.0377776578582933,0.31224205395336097,97,253
6,ATAAAC,1.211705532693187,1.1698129143967229,1.0358083219536613,0.30992328588935775,106,277
6,TAACAA,1.2459990855052583,1.2035981249208159,1.0352255766679306,0.3093272848257803,109,285
6,CAACAG,1.3488797439414724,1.304953756493095,1.033658374017032,0.3079796763079346,118,309
6,GCACCA,1.3488797439414724,1.304953756493095,1.033658374017032,0.3079796763079346,118,309
6,TACTAC,0.3429355281207133,0.32095949997888423,1.0684484593767647,0.3077112164062369,30,76
6,ACCCTG,1.4860539551897578,1.4400945985894675,1.0319119073528695,0.30702711528495513,130,341
6,AATCCG,1.5546410608139003,1.5076650196376538,1.0311560757574385,0.3068426651035325,136,357
6,CGCAGC,2.709190672153635,2.647915874825795,1.0231398904781381,0.3041062362860144,237,627
6,GATCCA,1.0859625057155922,1.0473415262468855,1.0368717283981386,0.3017320348562835,95,248
6,TACTGC,0.4686785550983082,0.44343088812872167,1.0569242585924685,0.3014121722496075,41,105
6,TTGTAG,0.4686785550983082,0.44343088812872167,1.0569242585924685,0.3014121722496075,41,105
6,TTTACT,0.823045267489712,0.7897292960006757,1.0421812303718445,0.29914381049051747,72,187
6,CGCTTG,1.29172382258802,1.2500527893914437,1.0333327522445166,0.29844545271518497,113,296
6,TCCAGC,1.3260173754000915,1.283837999915537,1.032851567199763,0.29815525404046794,116,304
6,GCTGCC,2.549154092363969,2.4916592761518643,1.023073985020293,0.29392271086240473,223,590
5,CCTAC,2.091906721536351,2.0397820853921194,1.0255527692102908,0.2937299894195014,183,483
6,CAATTC,0.9602194787379973,0.9248701380970481,1.0382167371518327,0.29365313814418015,84,219
6,GACTTA,0.411522633744856,0.3885299210270704,1.0591635164297708,0.2930759232174492,36,92
6,GAATGC,0.9945130315500686,0.9586553486211411,1.0374002429092022,0.2926620502278394,87,227
6,CGTGCA,0.9945130315500686,0.9586553486211411,1.0374002429092022,0.2926620502278394,87,227
6,GTCATA,0.5372656607224509,0.5110013091769079,1.0513877602619328,0.29239910795219165,47,121
6,AATGCC,1.02880658436214,0.9924405591452341,1.036639334163053,0.29179480900217597,90,235
6,AATCAC,1.0631001371742113,1.0262257696693273,1.0359285215227174,0.29104005748188067,93,243
6,TCCTGT,0.7315957933241883,0.7010431183749314,1.0435755185333206,0.29098263313211753,64,166
6,TTCCAG,1.131687242798354,1.0937961907175136,1.0346386178161813,0.2898290368667832,99,259
6,TTTATT,2.6634659350708736,2.6056843616706784,1.022174349593206,0.28905728478324655,233,617
6,GTTTAC,0.5715592135345221,0.5447865197010009,1.049134439677848,0.2888042734320728,50,129
6,CGAGTT,0.5715592135345221,0.5447865197010009,1.049134439677848,0.2888042734320728,50,129
6,GATTCC,1.6117969821673523,1.5667891380548165,1.0287243321939228,0.28856606512513716,141,371
6,CCTTGC,1.2688614540466392,1.2289370328138858,1.0324843110230344,0.28838355090372764,111,291
6,AGGGCG,1.440329218106996,1.3978630854343512,1.0303771488067945,0.28794049425858287,126,331
5,GGACA,4.355281207133059,4.282275433928798,1.0170479618918613,0.28757734480470687,381,1014
6,TCATGT,0.6058527663465935,0.578571730225094,1.0471442351450064,0.2856907651767924,53,137
5,TGGCG,7.190214906264289,7.099117361375058,1.0128320546127898,0.2830637657635022,629,1681
6,GATGTG,0.9716506630086876,0.937539592043583,1.0363797254878708,0.28153205512323987,85,222
6,TCGCAT,0.9716506630086876,0.937539592043583,1.0363797254878708,0.28153205512323987,85,222
6,GGGTCG,1.0059442158207592,0.971324802567676,1.0356377695541403,0.28079036708827526,88,230
6,AGTGGA,0.6744398719707362,0.6461421512732801,1.0437881073552717,0.28063634090318146,59,153
6,CTTGGA,0.6744398719707362,0.6461421512732801,1.0437881073552717,0.28063634090318146,59,153
6,CGTGCC,1.6918152720621855,1.6470290130495377,1.0271904985327953,0.2802351777321143,148,390
6,CGTTGA,1.0402377686328304,1.005110013091769,1.0349456880488261,0.2801579289036639,91,238
6,GCAGTC,1.0402377686328304,1.005110013091769,1.0349456880488261,0.2801579289036639,91,238
6,CTCCGG,1.0745313214449017,1.0388952236158622,1.0342986156423515,0.2796247305192223,94,246
6,AACCCC,1.1431184270690442,1.1064656446640482,1.033123007732744,0.2788216500179466,100,262
5,CTTAG,1.1431184270690442,1.1064656446640482,1.033123007732744,0.2788216500179466,100,262
6,TACGAC,0.5486968449931412,0.5236707631234427,1.0477806010409183,0.27537186513547685,48,124
6,AACTGC,0.8802011888431641,0.8488534144178386,1.0369251997729723,0.27176281498422394,77,201
6,CACTTT,0.8802011888431641,0.8488534144178386,1.0369251997729723,0.27176281498422394,77,201
5,TGCTA,2.1604938271604937,2.1115756577558176,1.023165569591622,0.2711191907649526,189,500
5,GCGGC,12.985825331504344,12.872165209679462,1.0088298461827383,0.2709856652821681,1136,3048
6,CTGCGT,0.9487882944673068,0.9164238354660247,1.0353121847451199,0.27018553200458306,83,217
6,GATCTC,0.6172839506172839,0.5912411841716289,1.044040170281961,0.269913954964239,54,140
6,ATGACT,0.6172839506172839,0.5912411841716289,1.044040170281961,0.269913954964239,54,140
6,AGTACC,0.4572473708276178,0.4349845854976984,1.051168867093861,0.2685389350513973,40,103
6,GTGATG,1.3260173754000915,1.2880611512310485,1.029465431505033,0.2679882213382092,116,305
6,ACCAAC,1.2231367169638776,1.1867055196587695,1.0306968552990745,0.26779814056609175,107,281
6,AGGCAG,1.2231367169638776,1.1867055196587695,1.0306968552990745,0.26779814056609175,107,281
6,ACTACA,0.6858710562414266,0.658811605219815,1.041066890926264,0.26587619426378517,60,156
5,CTCAT,2.526291723822588,2.474766670889818,1.0208193247494195,0.26435662470472754,221,586
5,GTAAG,2.7777777777777777,2.7239325985050042,1.0197667161921353,0.26369739317001384,243,645
6,GCAGGC,2.4919981710105166,2.440981460365725,1.0208992249841382,0.2635050303465603,218,578
6,ATAGCT,0.36579789666209417,0.34629840787195404,1.0562920854917672,0.26331258189824075,32,82
5,GGTAA,3.4293552812071333,3.3700747497782846,1.0175897500367743,0.2619552480504664,300,798
6,ATGGGA,0.7887517146776405,0.7601672367920942,1.037597934650133,0.26172217359900224,69,180
6,CTCGCT,0.7887517146776405,0.7601672367920942,1.037597934650133,0.26172217359900224,69,180
6,GCTTAT,0.5258344764517604,0.5025550065458845,1.0463130170847126,0.2615019447577181,46,119
6,TGGAAA,1.577503429355281,1.5372270788462352,1.026198946901575,0.26074876004718456,138,364
6,TCCGAG,0.823045267489712,0.7939524473161874,1.0366384113188685,0.2607253869887757,72,188
6,CTTGAT,0.823045267489712,0.7939524473161874,1.0366384113188685,0.2607253869887757,72,188
5,TCCAC,3.9780521262002746,3.9148612694792853,1.0161408638224902,0.25986371073227504,348,927
5,AACAA,6.367169638774577,6.288272308796825,1.0125465424283773,0.2593569622872266,557,1489
6,TGGAAC,0.9259259259259258,0.8953080788884666,1.0341942939307263,0.25861153729630715,81,212
6,GCTATC,0.9602194787379973,0.9290932894125596,1.0334980780426384,0.2581490705844063,84,220
5,GTAAA,3.909465020576132,3.8472908484310993,1.0161600873408498,0.25782656465437226,342,911
6,AGATAA,1.3031550068587106,1.2669453946534905,1.0285779912527306,0.257780444084355,114,300
6,CTCCGC,1.2002743484224965,1.1655897630812113,1.0297545594375002,0.25726254197852416,105,276
6,CTCCTA,0.21719250114311844,0.20271126314455848,1.0714025334393689,0.2548904036845155,19,48
5,ACTTG,2.0461819844535896,2.001773723552515,1.022183347719989,0.25267407315545654,179,474
6,ATTACT,0.6973022405121171,0.6714810591663499,1.0384483466192742,0.25140799381818935,61,159
6,CCTCTG,0.6973022405121171,0.6714810591663499,1.0384483466192742,0.25140799381818935,61,159
6,AGAGTC,0.4686785550983082,0.4476540394442333,1.0469555019094214,0.25014396008903117,41,106
6,CGAGGC,1.9090077732053041,1.8666328814561424,1.0227000296454343,0.24948989970014546,167,442
6,GGATGA,1.3831732967535437,1.3471852696482114,1.0267115123397208,0.24861904690027042,121,319
6,CATTGG,0.8001828989483311,0.7728366907386292,1.03537962233824,0.2484126904591763,70,183
6,TCTGGG,0.8001828989483311,0.7728366907386292,1.03537962233824,0.2484126904591763,70,183
6,GGATTA,0.8344764517604023,0.8066219012627222,1.0345280702731396,0.24774526757815235,73,191
5,TCCGT,3.3493369913123003,3.2940580260990755,1.016780908740643,0.24700344954187647,293,780
6,TCCCTC,0.9373571101966164,0.9079775328350016,1.0323536001049296,0.2464911938468704,82,215
6,AGGGCA,1.0059442158207592,0.9755479538831876,1.0311549486847085,0.24615443300205028,88,231
5,TAATT,6.367169638774577,6.292495460112336,1.0118669917898881,0.2454183885522117,557,1490
6,TGATAA,1.703246456332876,1.663921618311584,1.0236324081301258,0.24494584624063673,149,394
6,CCCAGT,0.5372656607224509,0.5152244604924194,1.0427715001321107,0.2446598023201205,47,122
5,AGAAA,6.447187928669409,6.372735335107056,1.0116828051640068,0.2432549389780618,564,1509
6,CCTGGA,1.5660722450845908,1.5287807762152117,1.0243913517976826,0.24213792231998713,137,362
5,CCGGC,13.511659807956104,13.40850542674944,1.007693147640908,0.24174758464365131,1182,3175
5,CGAGG,6.824417009602195,6.748595802187593,1.0112349422224698,0.24122896086911283,597,1598
6,GACGCC,2.709190672153635,2.66058532877233,1.018267978875853,0.2408215910516068,237,630
6,CAAGGG,1.4288980338363055,1.3936399341188395,1.0252974739794314,0.23958396773424545,125,330
6,GATGTA,0.6401463191586648,0.6165800920646987,1.0382146714272296,0.2393907483661076,56,146
6,CATACT,0.411522633744856,0.39275307234258205,1.0477775604257111,0.23832022807990771,36,93
6,ACTGAA,1.3260173754000915,1.2922843025465602,1.0261014257036876,0.2378922066302,116,306
6,GACCAG,1.29172382258802,1.2584990920224672,1.0263981841208574,0.23738128304946954,113,298
6,TGTCCG,1.2574302697759487,1.2247138814983742,1.026711314079451,0.23690088324460346,110,290
6,TATGGT,0.7430269775948789,0.7179357236369779,1.0349442975215903,0.23643072130847578,65,170
6,ATGCGA,0.7430269775948789,0.7179357236369779,1.0349442975215903,0.23643072130847578,65,170
6,AGGTAA,1.1202560585276635,1.0895730394020018,1.0281580052145736,0.23534571349031627,98,258
6,TGGTAA,0.8116140832190215,0.7855061446851641,1.0332328593793272,0.23532601533788897,71,186
6,CCCAGA,0.8459076360310928,0.8192913552092571,1.0324829895417171,0.2349731055836876,74,194
6,ATCGGT,1.0516689529035208,1.0220026183538158,1.0290248102460449,0.2348415565488616,92,242
6,GTTTAA,1.0516689529035208,1.0220026183538158,1.0290248102460449,0.2348415565488616,92,242
6,TTCGTT,0.8802011888431641,0.8530765657333503,1.031792508373104,0.23473296402904087,77,202
6,TGCTGC,1.931870141746685,1.8919717893492123,1.0210871239781,0.23341028936487423,169,448
6,GGCTTA,0.48010973936899864,0.46032349339076817,1.0429740147109254,0.23228679858716106,42,109
5,CCAGA,4.0009144947416555,3.9444233286878667,1.014321417658488,0.23152999171576463,350,934
6,CACTAG,0.3200731595793324,0.3040668947168377,1.0526232970797023,0.23072611275064167,28,72
5,CAACA,5.852766346593507,5.78571730225094,1.0115885173761852,0.22919343291915054,512,1370
6,GCATAT,0.5486968449931412,0.5278939144389544,1.0393999437972539,0.228243873271924,48,125
6,GCGACA,1.2688614540466392,1.237383335444909,1.0254372060617793,0.22681748409443162,111,293
6,AGGCCG,2.4805669867398263,2.436758309050213,1.0179775235707849,0.2265526542067339,217,577
6,GGCCCG,2.4805669867398263,2.436758309050213,1.0179775235707849,0.2265526542067339,217,577
6,CTTAAT,0.6172839506172839,0.5954643354871405,1.0366368733485294,0.22556702141652707,54,141
6,ATTGCA,1.131687242798354,1.1022424933485366,1.0267110717653407,0.22460369602770563,99,261
6,TTTGCG,1.0973936899862824,1.0684572828244436,1.027079883902296,0.22413914112733502,96,253
6,TCGATG,1.0631001371742113,1.0346720723003504,1.027472779402196,0.22371768044224363,93,245
6,TCCTGG,0.9945130315500686,0.9671016512521644,1.028340915529266,0.22302312666010463,87,229
6,TGCACA,0.823045267489712,0.798175598631699,1.0311542390881563,0.22245423181984608,72,189
6,GTCTTC,0.8916323731138546,0.8657460196798852,1.0298971789967226,0.2224421841221257,78,205
6,TCTATG,0.3886602652034751,0.37163731576502385,1.0457929530249566,0.22223347277584823,34,88
5,ACACA,3.3607681755829906,3.3109506313611217,1.0150458418696513,0.22210101351003522,294,784
6,TTCACC,1.4174668495656149,1.3851936314878162,1.02329702334886,0.22001750241217277,124,328
6,TGCTTA,0.4572473708276178,0.43920773681320996,1.0410637748956333,0.21684478647170916,40,104
5,TACGT,1.6003657978966621,1.5667891380548165,1.0214288675735723,0.2154826284492608,140,371
6,GGCAAG,1.886145404663923,1.8497402761940962,1.0196801469501613,0.2153852609525015,165,438
6,TACACA,0.5258344764517604,0.5067781578613961,1.0375954621338705,0.21342018892280307,46,120
6,GTCGGG,1.108824874256973,1.0811267367709785,1.0256173257134884,0.21334187283521136,97,256
6,GAAGAT,1.0402377686328304,1.0135563157227923,1.0263219914838815,0.21215803000520317,91,240
6,ACCCAG,0.9716506630086876,0.9459858946746061,1.0271273131525849,0.21114135948416785,85,224
6,GGTCCA,0.6287151348879744,0.6081337894336754,1.0338378857140809,0.21062988872201482,55,144
6,AAGTTC,0.6287151348879744,0.6081337894336754,1.0338378857140809,0.21062988872201482,55,144
6,TCCTTG,0.6630086877000457,0.6419189999577685,1.0328490087422093,0.21013936005699788,58,152
6,ATTTGT,0.8687700045724738,0.8446302631023269,1.0285768635558197,0.21002465626247155,76,200
6,AGCTCT,0.33150434385002286,0.31673634866337264,1.0466107984420079,0.20875577235415085,29,75
5,CTGTG,2.58344764517604,2.542337091938004,1.016169742554652,0.2083007986764597,226,602
6,CACAAC,1.3260173754000915,1.296507453862072,1.0227593335593754,0.20786682947651963,116,307
6,TGTAGA,0.36579789666209417,0.3505215591874657,1.0435693044946524,0.20538931922738543,32,83
6,TTGGTC,0.40009144947416553,0.3843067697115588,1.0410624395986856,0.2027831993366101,35,91
6,TAGGCA,0.40009144947416553,0.3843067697115588,1.0410624395986856,0.2027831993366101,35,91
6,GTTCCC,1.1202560585276635,1.0937961907175136,1.0241886460842269,0.2026718976513085,98,259
6,TGCCGG,2.8120713305898493,2.7703872629756323,1.0150457532042383,0.20259500193453925,246,656
6,TCGGGA,1.0859625057155922,1.0600109801934203,1.0244800082321919,0.20187862867885578,95,251
6,GCATCC,2.1604938271604937,2.124245111702352,1.01706347770824,0.20047479327104628,189,503
6,CCTCGG,1.0173754000914494,0.9924405591452341,1.0251222388006884,0.2003783238899178,89,235
6,CGCGCC,5.704160951074531,5.646353308839055,1.010237867750537,0.19991322843496742,499,1337
5,CGAGA,4.069501600365798,4.020440052367076,1.0122027258427229,0.19930308007974504,356,952
6,GTAGGG,0.4686785550983082,0.4518771907597449,1.0371730359010403,0.199224666145102,41,107
6,CGGGAC,0.9144947416552356,0.8910849275729549,1.026268188967283,0.19840152795334873,80,211
6,GTAAGA,0.5372656607224509,0.5194476118079311,1.0342953148269052,0.19720283348954473,47,123
6,ACTCCA,0.5372656607224509,0.5194476118079311,1.0342953148269052,0.19720283348954473,47,123
6,ATGGTA,0.5372656607224509,0.5194476118079311,1.0342953148269052,0.19720283348954473,47,123
6,GTCAGA,0.5372656607224509,0.5194476118079311,1.0342953148269052,0.19720283348954473,47,123
6,GGAGTT,1.5889346136259717,1.5583428354237931,1.0196297082618753,0.19689635619889856,139,369
6,ATGAGC,0.7773205304069501,0.7559440854765827,1.0282740720296655,0.19650944792035985,68,179
6,CTTGGC,0.7430269775948789,0.7221588749524895,1.0288928296571809,0.19622266978971653,65,171
5,CTAGT,0.7430269775948789,0.7221588749524895,1.0288928296571809,0.19622266978971653,65,171
6,TAAGAT,0.7087334247828074,0.6883736644283964,1.0295723154077574,0.19603311078450397,62,163
6,TTACTG,0.6401463191586648,0.6208032433802103,1.0311531240731653,0.19600955447999607,56,147
6,CAGTCG,0.6744398719707362,0.6545884539043034,1.0303219309093459,0.19595597682053106,59,155
5,CTATC,2.9721079103795156,2.930867012965075,1.0140707477197841,0.19506273112474656,260,694
5,GATCT,2.606310013717421,2.567675999831074,1.015045710330219,0.19483835661651291,228,608
6,AGCCAG,1.1659807956104253,1.1402508551881414,1.0225631789595482,0.19311182660823925,102,270
6,TTGCAG,1.131687242798354,1.1064656446640482,1.0227926813523684,0.19212596341444468,99,262
5,CATCT,3.235025148605396,3.192702394526796,1.013255676001481,0.19207629806988036,283,756
6,CTTAGG,0.30864197530864196,0.2956205920858144,1.0440327240351557,0.1905714563107985,27,70
5,CTGTC,3.8294467306812985,3.7839435786984246,1.0120250073860209,0.19030598663292655,335,896
5,TTGGT,2.8349336991312297,2.7957261708687025,1.0140235929797972,0.18974300918698805,248,662
5,CGACT,3.166438042981253,3.12513197347861,1.0132169611258222,0.18941260566948506,277,740
6,CGTCGT,1.02880658436214,1.005110013091769,1.023573751715312,0.1892745793378366,90,238
6,TTCAAC,1.3488797439414724,1.3218463617551417,1.020449681597095,0.18867022045569498,118,313
5,CACGT,2.4348422496570645,2.3987499472106086,1.0150456690667227,0.18815645017746496,213,568
6,ACTAGT,0.18289894833104708,0.17314920393597702,1.056275839505,0.18602610987604026,16,41
6,ACCGTT,0.8916323731138546,0.8699691709953968,1.0248982527373935,0.18582739091092096,78,206
6,CCAGGC,1.5317786922725194,1.503441868322142,1.018846714246807,0.18565024409735936,134,356
5,CAGTT,2.549154092363969,2.5127750327294227,1.0144770667704204,0.1854209878133498,223,595
6,GGCTGC,2.1490626428898034,2.115798809071329,1.0157209001091474,0.18435816009383474,188,501
6,ACTCAG,0.411522633744856,0.3969762236580937,1.036633797795175,0.183989276098175,36,94
6,ACTTGT,0.411522633744856,0.3969762236580937,1.036633797795175,0.183989276098175,36,94
6,AACATG,0.7887517146776405,0.7686135394231176,1.0261972428242068,0.18365665934982325,69,182
6,CGGGAA,1.1774119798811158,1.1529203091346762,1.0212413177395114,0.18284923578186998,103,273
6,CGGTCG,1.4288980338363055,1.4020862367498628,1.0191214236623731,0.1817966840668831,125,332
6,ATAGAG,0.6515775034293553,0.6334726973267453,1.0285757359479035,0.18169182573637518,57,150
6,ATACAC,0.51440329218107,0.49833185523037293,1.0322440004226232,0.18163153526404063,45,118
6,AAGACT,0.5829903978052127,0.565902276278559,1.0301909060136776,0.18133720797134822,51,134
6,GGCCGT,1.646090534979424,1.6174669538409563,1.0176954537000773,0.18093091130749825,144,383
5,TTGCA,3.7037037037037033,3.661472190548588,1.0115337103728628,0.179449604863352,324,867
6,TCAATC,1.0402377686328304,1.017779467038304,1.0220638123881924,0.17831120281071464,91,241
6,CCGCGC,5.361225422953818,5.3127243549136365,1.0091290554326955,0.17263362796101403,469,1258
5,GGAGT,5.887059899405578,5.836395118037079,1.0086806859842863,0.17254348160140012,515,1382
5,CAGCC,6.527206218564244,6.474090966679336,1.0082041527904066,0.17234541985944057,571,1533
6,GTAAGC,0.8344764517604023,0.8150682038937455,1.023808887262716,0.17197692976890586,73,193
6,TTAAGT,0.6973022405121171,0.6799273617973732,1.0255502641376377,0.1684120236648042,61,161
6,TTCTAT,0.6287151348879744,0.6123569407491871,1.0267091334107132,0.166993617393459,55,145
6,GGTTAG,0.3886602652034751,0.3758604670805355,1.0340455958636674,0.16642243238947999,34,89
6,TGTGGT,0.594421582075903,0.578571730225094,1.0273900573035488,0.16641777506062025,52,137
6,AGCTTG,0.5601280292638318,0.5447865197010009,1.0281554213733335,0.1659546476433016,49,129
6,CTCGTT,0.5601280292638318,0.5447865197010009,1.0281554213733335,0.1659546476433016,49,129
6,TTAGGG,0.5258344764517604,0.5110013091769079,1.02902197080798,0.1656276839483455,46,121
6,GGTCGG,1.2688614540466392,1.2458296380759322,1.0184856473968102,0.16555304435932633,111,295
6,TCAGTA,0.49154092363968904,0.4772160986528147,1.030011191802047,0.16546657044923255,43,113
6,CCGTAA,0.49154092363968904,0.4772160986528147,1.030011191802047,0.16546657044923255,43,113
6,GTTCTA,0.49154092363968904,0.4772160986528147,1.030011191802047,0.16546657044923255,43,113
6,GTGTTT,0.9487882944673068,0.9290932894125596,1.0211958106877832,0.16360984208549287,83,220
6,CATTGC,1.4517604023776864,1.4274251446429327,1.0170471657372038,0.16359949242342914,127,338
6,CTGAGG,1.4517604023776864,1.4274251446429327,1.0170471657372038,0.16359949242342914,127,338
6,TAGCTC,0.1600365797896662,0.15203344735841884,1.0526060019687344,0.1630219750206224,14,36
6,GCATCT,0.9144947416552356,0.8953080788884666,1.0214278419182756,0.16233356121370615,80,212
6,CATCTT,0.8802011888431641,0.8615228683643734,1.0216780695645276,0.1610685111460607,77,204
6,GAGTCC,0.8802011888431641,0.8615228683643734,1.0216780695645276,0.1610685111460607,77,204
6,ATCGCC,2.629172382258802,2.5972380590396553,1.0122950199370482,0.1602134598732907,230,615
6,GGCAAC,1.5660722450845908,1.5414502301617468,1.0159722430324316,0.1594027209479397,137,365
6,CTGGGC,1.5317786922725194,1.5076650196376538,1.015992991162947,0.1578235494856788,134,357
6,TCGGGC,1.314586191129401,1.2922843025465602,1.017256390795599,0.15746148582063166,115,306
6,AAGTTA,0.7773205304069501,0.7601672367920942,1.0225621896942887,0.1573710566960859,68,180
6,AATACT,0.7773205304069501,0.7601672367920942,1.0225621896942887,0.1573710566960859,68,180
6,GCTAGT,0.19433013260173754,0.18581865788251192,1.0457806377055727,0.156994642740383,17,44
6,GCAAGC,2.229080932784637,2.2002618353815615,1.0130974355852147,0.15675028769795965,195,521
6,ATGATG,1.2802926383173296,1.2584990920224672,1.017315717477471,0.1558960497489785,112,298
6,AGTTTT,1.2459990855052583,1.2247138814983742,1.0173783170883441,0.15431776010371343,109,290
6,CATCAC,1.8289894833104712,1.8032856117234681,1.0142531200315157,0.15409282402061922,160,427
6,CAATGG,0.9945130315500686,0.9755479538831876,1.0194384435404162,0.15382153016319333,87,231
5,CACAT,3.0864197530864197,3.053338401114912,1.0108341311091877,0.15346108099540176,270,723
6,ACAAGT,0.6401463191586648,0.6250263946957219,1.0241869877695733,0.15284139886052614,56,148
6,TCAGCC,1.211705532693187,1.190928670974281,1.01744446815198,0.1527263814176569,106,282
6,CCAACA,1.3946044810242342,1.3725241775412813,1.0160861974051079,0.1513566471633482,122,325
6,GCCCAG,1.3946044810242342,1.3725241775412813,1.0160861974051079,0.1513566471633482,122,325
5,ACTCA,2.274805669867398,2.24671649985219,1.0125017641703522,0.15124026892206316,199,532
6,CTCATC,1.1774119798811158,1.157143460450188,1.0175144817176525,0.15112168431186154,103,274
6,ATAAGT,0.5715592135345221,0.5574559736475357,1.0252947516546596,0.15088339939527437,50,132
6,ACTGAG,0.9259259259259258,0.9079775328350016,1.0197652650153008,0.15083670878636415,81,215
6,GGAAGT,0.9259259259259258,0.9079775328350016,1.0197652650153008,0.15083670878636415,81,215
6,CAACCC,1.8747142203932328,1.8497402761940962,1.0135005949002898,0.14787478865824705,164,438
5,CCAGG,5.201188843164152,5.160690907555217,1.007847234335661,0.1461615856599145,455,1222
6,AAAGGG,1.4746227709190671,1.4527640525360024,1.015045260666275,0.14572060336731796,129,344
6,TGATGG,1.4746227709190671,1.4527640525360024,1.015045260666275,0.14572060336731796,129,344
6,TCTTTT,1.623228166438043,1.6005743485789097,1.014152671265861,0.14400441725107685,142,379
6,CCCGCG,2.6634659350708736,2.63524642087926,1.010708085270322,0.1406084053089906,233,624
6,ATCGTC,1.3717421124828533,1.3514084209637232,1.0150451829997704,0.14047291313452334,120,320
6,AGTGAG,0.9373571101966164,0.9206469867815363,1.018148442139887,0.13949973903740484,82,218
6,GAGATA,0.9373571101966164,0.9206469867815363,1.018148442139887,0.13949973903740484,82,218
6,GTTATT,0.9373571101966164,0.9206469867815363,1.018148442139887,0.13949973903740484,82,218
6,TGACAG,0.9373571101966164,0.9206469867815363,1.018148442139887,0.13949973903740484,82,218
6,AGAACT,0.6515775034293553,0.6376958486422568,1.0217650441228958,0.1389770202362117,57,151
6,GAAATC,1.520347508001829,1.4992187170066305,1.0140922612087322,0.1387054515917442,133,355
6,CAGGGC,1.337448559670782,1.31762321043963,1.015045154455872,0.13868204429780331,117,312
6,ACCGTG,0.903063557384545,0.8868617762574433,1.018266605800608,0.13778243892469919,79,210
6,CTATCT,0.6172839506172839,0.6039106381181638,1.0221408558974814,0.13755145192059798,54,143
6,CAATCC,1.4860539551897578,1.4654335064825375,1.0140702676643074,0.1368966883781582,130,347
6,GTCTGC,1.0859625057155922,1.0684572828244436,1.016382109946299,0.13578664686418196,95,253
5,TTGGC,3.0864197530864197,3.0575615524304234,1.0094379970317702,0.133805076932139,270,724
6,TGTGTC,0.51440329218107,0.5025550065458845,1.0235714067917154,0.13349674270371217,45,119
6,TAGGTC,0.17146776406035666,0.16470290130495374,1.0410482018328373,0.13260505753445262,15,39
6,TTGCGG,1.2002743484224965,1.1824823683432577,1.0150450239708584,0.13128755564818503,105,280
6,ACCTTA,0.411522633744856,0.4011993749736053,1.0257245822322292,0.13007572331177228,36,95
6,CTAGTT,0.205761316872428,0.19848811182904685,1.0366245742325313,0.1299693442772903,18,47
6,ATACAG,0.7315957933241883,0.7179357236369779,1.0190242201572086,0.12898930808266412,64,170
6,CTCGCC,1.8289894833104712,1.8075087630389797,1.011883500849696,0.12866781289239865,160,428
6,AGCGTC,0.9487882944673068,0.9333164407280712,1.0165755102054637,0.12831781691109348,83,221
6,CTAGCA,0.30864197530864196,0.2998437434013261,1.0293329402625473,0.12810783252553948,27,71
6,GACCCC,1.314586191129401,1.296507453862072,1.0139431076178684,0.12749477998303232,115,307
6,GTGATA,1.646090534979424,1.6259132564719794,1.0124090492049393,0.12730412537073824,144,385
6,CTGAGA,0.6630086877000457,0.6503653025887918,1.0194374474102377,0.1253879551709281,58,154
6,CCCAGC,1.2459990855052583,1.2289370328138858,1.013882456130967,0.12354711401083097,109,291
6,AGCGCG,2.32053040695016,2.2973943156383294,1.0100701408287938,0.1232612461386298,203,544
6,TGAGGC,1.211705532693187,1.1951518222897928,1.0138495588081864,0.12152826724636595,106,283
5,CTTGT,2.137631458619113,2.115798809071329,1.010318380753457,0.12108910147548858,187,501
5,CGACC,6.71010516689529,6.672579078508383,1.0056238413305045,0.12010437604679707,587,1580
6,TCCCGC,2.2519433013260173,2.229823894590143,1.0099193550010996,0.11957780914911982,197,528
6,TCGCGC,2.6634659350708736,2.6394695721947716,1.0090910135989137,0.11949804934035745,233,625
6,GACGGT,0.9945130315500686,0.9797711051986994,1.0150447607579773,0.11938278890450986,87,232
6,CTGCTT,0.7773205304069501,0.7643903881076058,1.0169134138250595,0.11838960155504333,68,181
5,GCGGG,7.21307727480567,7.1751340850542675,1.005288076918694,0.11743126109140856,631,1699
6,CTGAAT,1.1431184270690442,1.1275814012416066,1.0137778505616313,0.11739309380348631,100,267
5,GGTCA,3.5322359396433476,3.5052155918746566,1.0077083923146104,0.11730853808238045,309,830
6,GTGCGC,1.9204389574759946,1.9004180919802356,1.0105344251024195,0.11703157616330401,168,450
5,CCCTA,1.771833561957019,1.7526077959373283,1.0109691792689317,0.11693196252439167,155,415
6,CTCGTC,0.7430269775948789,0.7306051775835128,1.016999742703953,0.11631393905355908,65,173
6,CCGCGA,1.886145404663923,1.8666328814561424,1.01045276665002,0.11506902973967988,165,442
6,GCCAGA,1.2574302697759487,1.2416064867604206,1.0127435776362996,0.11401922388846379,110,294
6,CCCTCA,1.0745313214449017,1.0600109801934203,1.0136970010902369,0.1131165133194305,94,251
6,GTGTCG,0.8916323731138546,0.8784154736264199,1.015044583600647,0.11298123820476765,78,208
6,GGTTTG,0.8916323731138546,0.8784154736264199,1.015044583600647,0.11298123820476765,78,208
5,CATTG,4.298125285779607,4.269605979982263,1.0066794542600948,0.11264951203501442,376,1011
6,TGAAAC,1.2231367169638776,1.2078212762363276,1.0126791712579732,0.11187088913093413,107,286
6,CAGTAG,0.3886602652034751,0.3800836183960471,1.0225592224189246,0.11106435692195066,34,90
5,ACGGC,6.0128029263831735,5.979982262764475,1.0054883297882136,0.11055263473044193,526,1416
6,GCACTT,0.6401463191586648,0.6292495460112336,1.0173143417938315,0.10988393017076983,56,149
6,TTTGAT,1.188843164151806,1.1740360657122344,1.0126110583534367,0.10968509000458958,104,278
5,ACTGT,2.343392775491541,2.322733223531399,1.0088941176451458,0.10949622088945528,205,550
6,GCACGC,2.343392775491541,2.322733223531399,1.0088941176451458,0.10949622088945528,205,550
6,GGATTT,1.4860539551897578,1.469656657798049,1.0111564709060579,0.10874746504336408,130,348
6,CGCCTA,0.823045267489712,0.8108450525782339,1.0150444408936092,0.10851173161120774,72,192
6,CCCGTG,0.9716506630086876,0.9586553486211411,1.0135543592077334,0.10640082175650956,85,227
6,TGGACG,1.1202560585276635,1.1064656446640482,1.0124623549719927,0.10519287755525161,98,262
6,TGCCAA,0.9373571101966164,0.9248701380970481,1.0134998651148435,0.10407226769229681,82,219
6,GCCAGT,0.7544581618655692,0.7432746315300477,1.0150442722433277,0.10385655966250538,66,176
6,CAAAGT,0.5372656607224509,0.5278939144389544,1.017749724054026,0.10312102657937906,47,125
6,CTGTCG,1.2345679012345678,1.2204907301828625,1.0115330804204916,0.10231307011586979,108,289
6,GATGGT,0.903063557384545,0.8910849275729549,1.0134412392321452,0.10169390632880813,79,211
6,TTATAG,0.720164609053498,0.7094894210059546,1.015044175873436,0.10145139810786714,63,168
5,TGCTG,6.115683584819387,6.085561045652266,1.0049497563109668,0.1006437429164621,535,1441
6,ATGAAT,1.2002743484224965,1.1867055196587695,1.0114330684673833,0.09999657615818908,105,281
6,GCACTG,1.2002743484224965,1.1867055196587695,1.0114330684673833,0.09999657615818908,105,281
6,GATCCG,1.9090077732053041,1.8919717893492123,1.0090038781572612,0.09982139315583938,167,448
6,GAATGG,1.0173754000914494,1.005110013091769,1.012201815381798,0.09811701220607225,89,238
6,GCGGGA,1.4631915866483767,1.4485409012204906,1.0101134003710255,0.09787251207608903,128,343
6,ACTTTT,1.314586191129401,1.3007306051775835,1.0106513376120376,0.0975982507656989,115,308
6,GGGCAA,1.314586191129401,1.3007306051775835,1.0106513376120376,0.0975982507656989,115,308
6,CGCGTA,0.6515775034293553,0.6419189999577685,1.0150439527057955,0.09646657521124447,57,152
6,GTGCGG,1.4288980338363055,1.4147556906963976,1.0099956081972903,0.09558306789828735,125,335
6,GCTGAG,1.131687242798354,1.1191350986105832,1.011214930807078,0.09522579383608586,99,265
6,CCAGCC,2.217649748513946,2.2002618353815615,1.0079022971825764,0.09463942135725104,194,521
6,TACCAC,0.40009144947416553,0.39275307234258205,1.0186796989719966,0.09353840406543279,35,93
5,GAGAA,6.938728852309099,6.9090755521770335,1.0042918724395014,0.09340270462390533,607,1636
6,GCCCAC,1.3946044810242342,1.3809704801723046,1.009872052909442,0.09325324408397552,122,327
6,TTGAGT,0.5829903978052127,0.5743485789095824,1.0150436770372628,0.09121710664844715,51,136
5,CCTGC,7.48742569730224,7.458085223193548,1.003933996438899,0.08921854406247151,655,1766
6,CCTGAT,2.0004572473708278,1.9848811182904682,1.007846991055398,0.08916173694339667,175,470
6,GAGGAC,1.7375400091449476,1.7230457367287468,1.0084115186006941,0.08892446634218844,152,408
6,CCATGG,1.02880658436214,1.017779467038304,1.010833421520842,0.08768231235193077,90,241
6,TCACGC,1.440329218106996,1.4274251446429327,1.0090394719227809,0.08684274067395219,126,338
6,TTAGAC,0.2972107910379515,0.29139744077030283,1.01994305765528,0.0859682042385889,26,69
6,GAGAGC,1.1431184270690442,1.131804552557118,1.009995431581547,0.08536933807902475,100,268
6,TTCGTC,0.9945130315500686,0.9839942565142109,1.0106887881584805,0.08505106683417323,87,233
6,CCCGGA,1.7832647462277091,1.769500401199375,1.0077782221449572,0.08335712480612217,156,419
6,CATGTT,0.6630086877000457,0.6545884539043034,1.012861436222874,0.08331083227587162,58,155
6,CACTCG,0.6630086877000457,0.6545884539043034,1.012861436222874,0.08331083227587162,58,155
5,CCTAG,1.108824874256973,1.098019342033025,1.009840034512044,0.08276601140538631,97,260
6,GCTCGA,1.108824874256973,1.098019342033025,1.009840034512044,0.08276601140538631,97,260
6,AGCATA,0.48010973936899864,0.47299294733730307,1.0150431158861084,0.08273584318749858,42,112
6,TTAGTA,0.48010973936899864,0.47299294733730307,1.0150431158861084,0.08273584318749858,42,112
6,GTAAAC,0.6287151348879744,0.6208032433802103,1.0127425514234578,0.0803706771339753,55,147
6,TCATAT,0.6287151348879744,0.6208032433802103,1.0127425514234578,0.0803706771339753,55,147
5,TCAGA,2.3548239597622316,2.3396258287934457,1.0064956888459975,0.08029146409573559,206,554
6,ATTAAG,1.0745313214449017,1.0642341315089319,1.0096747718889474,0.08010251966664839,94,252
6,TGGGCG,1.6003657978966621,1.5879048946323748,1.0078468922270998,0.07958732693315908,140,376
6,TAGAAT,1.3031550068587106,1.2922843025465602,1.0084113558875099,0.07684223790783469,114,306
6,AAACCT,0.7430269775948789,0.7348283288990245,1.0111557118884458,0.07661005650104359,65,174
5,CCCCC,4.458161865569274,4.438532032602728,1.0044224961254637,0.07613621929133241,390,1051
6,GTCGTG,0.8573388203017833,0.8488534144178386,1.0099951372358442,0.07382616156958427,75,201
5,TGACT,2.2519433013260173,2.2382701972211665,1.0061085088256738,0.0738175684858,197,530
6,CTAATG,0.3772290809327846,0.37163731576502385,1.015042248734844,0.07330002059306794,33,88
5,GCAGG,7.304526748971194,7.280712867942059,1.0032707722971412,0.07322584452242613,639,1724
6,TACAGA,0.5258344764517604,0.5194476118079311,1.0122931267484883,0.0708949161069531,46,123
6,TAGCGG,0.6401463191586648,0.6334726973267453,1.0105333166345043,0.06713483522579006,56,150
6,GCGTGG,1.5432098765432098,1.5330039275307235,1.0066570496815075,0.06633389763403377,135,363
6,CACTCT,0.4572473708276178,0.4518771907597449,1.0118815289303558,0.06389293958876761,40,107
6,CGTGTG,0.6058527663465935,0.5996874868026522,1.0102791066496022,0.06373548454600798,53,142
6,GCTCTC,0.6058527663465935,0.5996874868026522,1.0102791066496022,0.06373548454600798,53,142
6,TTGAAC,1.131687242798354,1.123358249926095,1.0074137092969917,0.06310157583846245,99,266
6,AGACCC,1.211705532693187,1.2035981249208159,1.0067354161350917,0.05936957602159307,106,285
6,GTGAGT,0.5372656607224509,0.5321170657544659,1.009673862976728,0.05648892853534521,47,126
6,CCCTGG,1.29172382258802,1.283837999915537,1.0061419030147887,0.055940403430537085,113,304
6,CCTGGC,1.9775948788294466,1.9679885130284218,1.004881063904104,0.05524163710979796,173,466
6,GCTGAT,1.6346593507087332,1.6259132564719794,1.005378857891805,0.05523293334252486,143,385
6,TGCTTT,0.9144947416552356,0.9079775328350016,1.007176929925672,0.054861945097866786,80,215
5,CGACA,5.509830818472794,5.494319861480637,1.0028230381702168,0.054385064378383516,482,1301
5,ACCGT,3.589391860996799,3.577009164238355,1.0034616491110304,0.05326628612856008,314,847
6,GCTGTC,1.2574302697759487,1.2500527893914437,1.0059012629872994,0.05302944148691546,110,296
6,GTTGCT,0.7658893461362597,0.7601672367920942,1.0075264447384444,0.0526022241689262,67,180
6,CCATCT,0.8802011888431641,0.8741923223109084,1.0068728346102518,0.051544180030044726,77,207
6,AGACCA,1.2231367169638776,1.2162675788673507,1.0056472551684772,0.05004965907127923,107,288
6,CATTTC,1.337448559670782,1.330292664386165,1.0053787843816162,0.049885059870878636,117,315
6,CCGGCT,1.8747142203932328,1.8666328814561424,1.004329135152313,0.04769573542739802,164,442
6,AGCTCC,0.3200731595793324,0.31673634866337264,1.0105316543699505,0.0473958032442376,28,75
6,GGTACT,0.3200731595793324,0.31673634866337264,1.0105316543699505,0.0473958032442376,28,75
6,GTACCT,0.3200731595793324,0.31673634866337264,1.0105316543699505,0.0473958032442376,28,75
6,GCCGAA,1.646090534979424,1.6385827104185142,1.004581621880292,0.04723745030397984,144,388
6,AACAAT,1.5317786922725194,1.5245576248997001,1.0047361894597775,0.047073358969573605,134,361
6,TCTCGG,0.5829903978052127,0.578571730225094,1.0076358794620914,0.04651693340369207,51,137
5,AGTGA,3.680841335162323,3.669918493179611,1.0029762362241528,0.04641320027021257,322,869
5,TACCT,1.8404206675811614,1.8328476709320494,1.004131594572616,0.04509898528212206,161,434
6,GGTCCT,0.4343850022862369,0.4307614341821867,1.0084100544086245,0.04417209680020084,38,102
6,GGATCA,0.9259259259259258,0.9206469867815363,1.0057333222048785,0.04414267703970989,81,218
5,GGCAG,5.852766346593507,5.840618269352591,1.0020798944035119,0.04139184283348679,512,1383
5,CTCGT,2.1147690900777323,2.107352506440306,1.0035192174508138,0.04125164911268693,185,499
6,TGCGTG,0.8916323731138546,0.8868617762574433,1.0053785822389563,0.04063963003706429,78,210
5,GTGGC,5.0068587105624145,4.995988006250264,1.0021758432394607,0.03986924133883019,438,1183
6,AGTCGG,0.6287151348879744,0.6250263946957219,1.005900790981715,0.03737918053762789,55,148
6,TCCAGG,1.0859625057155922,1.0811267367709785,1.0044724836892727,0.03735178258153004,95,256
5,AATAG,3.6236854138088708,3.6150175260779593,1.002397677992039,0.03710230740130047,317,856
6,TACACG,0.36579789666209417,0.3631910131340006,1.0071757446065202,0.03460256696918398,32,86
5,GAACT,3.052126200274348,3.044892098483889,1.0023757374589122,0.03364040633998002,267,721
6,TCGACC,1.3603109282121628,1.3556315722792347,1.0034515357085483,0.03232677936877868,119,321
6,AACAAC,1.7832647462277091,1.7779467038303982,1.002990946405319,0.03215130624593977,156,421
6,GTGCCC,1.131687242798354,1.1275814012416066,1.0036409588313036,0.03106437090765188,99,267
6,GGGCCG,2.2862368541380884,2.280501710376283,1.0025147502677525,0.03069568565162043,200,540
6,TCAATT,1.0173754000914494,1.0135563157227923,1.0037676323911955,0.030458728448523962,89,240
6,AGCATT,0.903063557384545,0.8995312302039782,1.0039264168049902,0.02988613796801266,79,213
5,TAAGA,2.7892089620484684,2.783056716922167,1.0022105277395608,0.029885363876181854,244,659
6,CCTATC,0.7887517146776405,0.7855061446851641,1.0041312940516487,0.02936779303330275,69,186
6,TGTCTA,0.33150434385002286,0.3294058026099075,1.006368753519645,0.02924687002845704,29,78
6,CGCCAT,2.366255144032922,2.360741585371004,1.0023354208499557,0.029016481723882236,207,559
6,CCTACA,0.6744398719707362,0.6714810591663499,1.0044057418892354,0.028939436718287734,59,159
6,TCTTCT,0.6744398719707362,0.6714810591663499,1.0044057418892354,0.028939436718287734,59,159
5,GTTCA,3.4865112025605853,3.4798766839815873,1.0019064836294844,0.028926347704314466,305,824
6,CTGTAC,0.5601280292638318,0.5574559736475357,1.0047924437053652,0.02866538194433062,49,132
6,GGTACC,0.5601280292638318,0.5574559736475357,1.0047924437053652,0.02866538194433062,49,132
6,GGGCGA,1.6346593507087332,1.630136407787491,1.0027744092204276,0.0285365190592024,143,386
6,TATAAT,2.446273433927755,2.440981460365725,1.0021678807724987,0.027400633726915792,214,578
5,CGGTT,3.9551897576588932,3.948646480003379,1.0016570518488968,0.02684782427700203,346,935
6,GGAACA,1.29172382258802,1.2880611512310485,1.002843333191248,0.025951544493485443,113,305
6,AACGTG,0.7544581618655692,0.751720934161071,1.0036407974028452,0.025315831881971562,66,178
6,GATCAC,1.1774119798811158,1.1740360657122344,1.0028752324943135,0.02503983403699347,103,278
6,GGCCAT,1.3717421124828533,1.3683010262257698,1.002514676758592,0.02366649407078592,120,324
6,CTAGCG,0.411522633744856,0.40964567760462856,1.0045807832585327,0.023472364201085484,36,97
6,TCGTAG,0.2972107910379515,0.2956205920858144,1.005377369701991,0.023393528336807044,26,70
6,TATGAA,0.9487882944673068,0.9459858946746061,1.0029620986936545,0.023129305254680297,83,224
6,CTTGCC,1.5660722450845908,1.562565986739305,1.0022437669822213,0.02258904876611747,137,370
5,GCGGA,5.16689529035208,5.160690907555217,1.0012022154952607,0.022411275055690887,452,1222
5,TCTCA,2.263374485596708,2.2593859537987244,1.0017652385894578,0.021446775038169087,198,535
6,CACCCA,1.2231367169638776,1.2204907301828625,1.002167791967926,0.019255033574328805,107,289
6,CATTTG,0.8001828989483311,0.798175598631699,1.0025145455029225,0.018023531617972818,70,189
6,TCCAAA,0.8001828989483311,0.798175598631699,1.0025145455029225,0.018023531617972818,70,189
6,TCTAAC,0.3772290809327846,0.3758604670805355,1.0036403132033453,0.017867162818885177,33,89
6,TTGGCT,0.5715592135345221,0.5701254275940707,1.0025144195103697,0.015215173819105645,50,135
6,TGCATG,0.7658893461362597,0.7643903881076058,1.0019607284172196,0.013752030030433213,67,181
5,TGTAA,3.1321444901691815,3.129355124794121,1.0008913262097803,0.012803067696228191,274,741
6,GCCGGC,5.315500685871057,5.3127243549136365,1.0005225715687085,0.009892830543490324,465,1258
6,CAGAGC,0.7315957933241883,0.7306051775835128,1.0013556982639038,0.009295227315173803,64,173
5,CTGGG,3.840877914951989,3.838844545800076,1.0005296688002794,0.008458026140112491,336,909
6,CTGACC,2.674897119341564,2.673254782718865,1.0006143354534591,0.008137173631670398,234,633
6,TAGGCG,0.4229538180155464,0.42231513155116346,1.0015119876554555,0.007870147247764235,37,100
6,GCCAGG,1.6689529035208046,1.6681447696270957,1.000484421655876,0.005042827587747984,146,395
6,TCGGTA,0.5029721079103796,0.5025550065458845,1.0008297964987185,0.004713876016585817,44,119
5,ATGCC,4.62962962962963,4.628573841800752,1.0002280972617563,0.0040161865832379195,405,1096
5,AGCGG,5.486968449931413,5.4858735588496135,1.0001995800872998,0.003843008336166157,480,1299
5,CTAGC,1.5546410608139003,1.5541196841082816,1.0003354588228097,0.0033687901466100357,136,368
6,ACAGGT,0.8573388203017833,0.8572997170488619,1.0000456067947585,0.00033899727440884174,75,203
6,CGGCAG,2.1833561957018746,2.183369230119515,0.999994030409286,-7.128607639472687e-05,191,517
6,CCAATG,0.6630086877000457,0.6630347565353267,0.9999606884799446,-0.00025673377369599945,58,157
6,CACCCC,1.6003657978966621,1.6005743485789097,0.9998697107363327,-0.0013282126006387948,140,379
6,GGCCAC,1.6803840877914953,1.6808142235736308,0.9997441060488971,-0.0026743854081290115,147,398
6,ATTCGA,1.0173754000914494,1.017779467038304,0.9996030306534917,-0.0032177595414351837,89,241
6,GAGCGT,1.0173754000914494,1.017779467038304,0.9996030306534917,-0.0032177595414351837,89,241
6,ACCCCC,1.0173754000914494,1.017779467038304,0.9996030306534917,-0.0032177595414351837,89,241
6,GGTACA,0.5486968449931412,0.5490096710165125,0.9994303031982806,-0.0033839520335088523,48,130
6,GAGACT,0.823045267489712,0.8235145065247689,0.99943026861312,-0.004150208676828484,72,195
6,TTTACC,0.823045267489712,0.8235145065247689,0.99943026861312,-0.004150208676828484,72,195
6,CCGAAA,1.0973936899862824,1.098019342033025,0.9994302513189648,-0.004798893053329275,96,260
5,GTCCG,5.121170553269319,5.122682545715613,0.9997048493796483,-0.005481743863938312,448,1213
6,GTTCGC,1.1774119798811158,1.178259217027746,0.999281002656586,-0.006275995466810918,103,279
6,CAACGA,1.80612711476909,1.8075087630389797,0.9992356486103958,-0.00828981410603108,158,428
6,TCGCGT,0.7887517146776405,0.7897292960006757,0.9987622878412017,-0.008828564299718665,69,187
6,GATACA,0.7887517146776405,0.7897292960006757,0.9987622878412017,-0.008828564299718665,69,187
5,AGTTA,2.3548239597622316,2.356518434055492,0.9992809721468806,-0.008928977457970928,206,558
6,TCTTAG,0.24005486968449932,0.24071962498416316,0.9972396132594777,-0.010846098114743203,21,57
6,TTTGAA,1.771833561957019,1.7737235525148867,0.9989345103941212,-0.011445817326597477,155,420
6,GGACCC,0.9487882944673068,0.9502090459901178,0.9985049584355681,-0.011707150892775261,83,225
6,TACTCG,0.3200731595793324,0.32095949997888423,0.9972393266680782,-0.012529031350470126,28,76
5,AAGTG,2.914951989026063,2.9181975590185396,0.9988878550158647,-0.015413831362686729,255,691
5,GTTAG,1.5432098765432098,1.5456733814772583,0.9984062961857357,-0.015964369480847833,135,366
6,GCTAAC,0.5601280292638318,0.5616791249630475,0.9972389581059679,-0.01659438496121815,49,133
6,ACCGCG,1.8975765889346137,1.9004180919802356,0.9985048797706203,-0.01663636961662379,166,450
6,GTGACA,0.8001828989483311,0.8023987499472106,0.9972388106535676,-0.019858116392514214,70,190
6,AGATGG,0.8001828989483311,0.8023987499472106,0.9972388106535676,-0.019858116392514214,70,190
6,GTGGTC,0.8001828989483311,0.8023987499472106,0.9972388106535676,-0.019858116392514214,70,190
6,ACAATG,1.314586191129401,1.31762321043963,0.9976952524732294,-0.021293550320399455,115,312
6,TCATGA,0.9602194787379973,0.9628784999366526,0.9972387533067143,-0.021771080880969705,84,228
6,TCCCTG,0.9602194787379973,0.9628784999366526,0.9972387533067143,-0.021771080880969705,84,228
6,TTAATC,0.9602194787379973,0.9628784999366526,0.9972387533067143,-0.021771080880969705,84,228
5,CTTAT,2.377686328303612,2.381857341948562,0.9982489133741003,-0.02186760664636154,208,564
5,GGGAC,3.0064014631915867,3.0111068879597953,0.9984373625116815,-0.022011323049137232,263,713
5,CGCGG,8.847736625514404,8.855948308627898,0.9990727599006551,-0.023103735728772473,774,2097
5,AGGTC,2.9721079103795156,2.9773216774357025,0.998248898671055,-0.024523601777342554,260,705
6,CACGGT,0.8459076360310928,0.8488534144178386,0.99653010596728,-0.025675515957194917,74,201
6,GCATCA,1.3603109282121628,1.364077874910258,0.9972386689687788,-0.02596537591820567,119,323
5,TCCAG,3.7608596250571558,3.7670509734363784,0.9983564905089071,-0.025995478119647093,329,892
6,ACCGGA,1.7946959304983996,1.7990624604079564,0.9975730207773639,-0.026265024244753007,157,426
6,ATCCGG,1.7946959304983996,1.7990624604079564,0.9975730207773639,-0.026265024244753007,157,426
6,TGCGCG,2.7434842249657065,2.7492715063980744,0.9978950529534113,-0.028295794884155297,240,651
6,GGCAGC,2.034750800182899,2.0397820853921194,0.9975335411564961,-0.028456821725455637,178,483
6,CCTACG,0.49154092363968904,0.4941087039148613,0.9948042593041532,-0.029289234710995756,43,117
6,AGTCTG,0.5715592135345221,0.5743485789095824,0.9951442731734929,-0.029521208591853892,50,136
5,TGCGG,5.498399634202103,5.506989315427171,0.9984402502423548,-0.03010154828283123,481,1304
6,ATGGTT,0.7315957933241883,0.7348283288990245,0.9956015635161612,-0.030268475220653613,64,174
6,AGTTTA,0.7315957933241883,0.7348283288990245,0.9956015635161612,-0.030268475220653613,64,174
6,CGTGGT,0.8116140832190215,0.8150682038937455,0.9957626896409538,-0.030721804355736883,71,193
6,ACTAAA,0.8916323731138546,0.8953080788884666,0.9958949378933738,-0.031205311844095994,78,212
6,GTGGGG,0.8916323731138546,0.8953080788884666,0.9958949378933738,-0.031205311844095994,78,212
5,TACCG,3.1435756744398717,3.1504708813716795,0.9978114420556043,-0.03155858859002562,275,746
6,AGGATA,1.0516689529035208,1.0557878288779088,0.9960991349064369,-0.03222582851798223,92,250
6,CCGGGT,1.211705532693187,1.2162675788673507,0.9962494510266281,-0.03328144779865423,106,288
6,GGCACG,1.80612711476909,1.8117319143544912,0.9969065565403743,-0.033600362235731936,158,429
6,GACGGA,1.3717421124828533,1.3767473288567929,0.9963647266700981,-0.034347794770908824,120,326
6,GTAACC,0.6973022405121171,0.7010431183749314,0.9946646016130277,-0.03586097691206167,61,166
6,TATAGG,0.4572473708276178,0.46032349339076817,0.9933189278842042,-0.03635353469017671,40,109
6,TTGCAA,1.0173754000914494,1.0220026183538158,0.9954728437445755,-0.03679340530134299,89,242
5,CCGGT,5.909922267946959,5.920858144347312,0.9981530225119403,-0.03704236344909915,517,1402
6,TATAGC,0.3772290809327846,0.3800836183960471,0.9924916873712091,-0.03711457504408966,33,90
6,AGAGCT,0.3772290809327846,0.3800836183960471,0.9924916873712091,-0.03711457504408966,33,90
6,TAGTGC,0.2972107910379515,0.2998437434013261,0.991221846025134,-0.03853396814292461,26,71
6,CTGCTG,2.091906721536351,2.0989062038092823,0.9966653351189584,-0.03904357415797684,183,497
6,TATTGC,0.6630086877000457,0.6672579078508383,0.9936327717094463,-0.041751271353561624,58,158
6,CATGTG,0.5829903978052127,0.5870180328561172,0.9931399908953373,-0.04217794860947367,51,139
6,GGGTCT,0.5029721079103796,0.5067781578613961,0.9924911936093774,-0.0428834421006419,44,120
6,GAACTA,0.4229538180155464,0.42653828286667517,0.991598351589445,-0.04400955093484919,37,101
5,CGATA,3.5665294924554183,3.577009164238355,0.9970703516997174,-0.04511753491769652,312,847
5,AGGCA,4.595336076817558,4.607458085223193,0.9973691035074498,-0.04622916913974136,402,1091
6,GATCAA,1.188843164151806,1.1951518222897928,0.9947219004227068,-0.04643278247173283,104,283
6,CTGACA,1.188843164151806,1.1951518222897928,0.9947219004227068,-0.04643278247173283,104,283
6,ACCCTT,0.7087334247828074,0.7137125723214663,0.9930245729317073,-0.047319211327479085,62,169
6,ATAGTG,0.5486968449931412,0.5532328223320241,0.9918024430219665,-0.048930811662298665,48,131
6,TGCATC,1.1545496113397347,1.1613666117656996,0.9941306961759311,-0.05089417259921116,101,275
6,CCATTG,1.0745313214449017,1.0811267367709785,0.9939000626771646,-0.05101533073955514,94,256
6,CTTTCA,0.9945130315500686,1.0008868617762574,0.9936324536619008,-0.05122059612240926,87,237
6,GGTGGC,1.7946959304983996,1.8032856117234681,0.9952369137420036,-0.0516241705187028,157,427
6,TTATCT,0.8344764517604023,0.8404071117868154,0.9929439502138118,-0.051973716322564666,73,199
6,AACAAA,1.520347508001829,1.5287807762152117,0.9944840249517299,-0.054975565439195274,133,362
6,TTGATT,1.2002743484224965,1.2078212762363276,0.9937521360354327,-0.055265248418814555,105,286
6,TGGCTA,0.51440329218107,0.5194476118079311,0.9902909386700713,-0.05615804207320046,45,123
6,ACCAGT,0.51440329218107,0.5194476118079311,0.9902909386700713,-0.05615804207320046,45,123
6,TGGCGC,2.5605852766346593,2.5718991511465856,0.9956011359852578,-0.0571578654221096,224,609
5,AGGAT,4.743941472336534,4.759491532581612,0.9967329002628417,-0.058399017140893426,415,1127
6,GGGTAA,0.720164609053498,0.7263820262680012,0.9914417466782453,-0.05858569042293136,63,172
6,AGCGCA,1.646090534979424,1.6554753156805608,0.994331408174397,-0.05882976543866428,144,392
6,GCTGAC,1.80612711476909,1.8159550656700032,0.9945882968602127,-0.05886864740343957,158,430
6,CCGGCC,4.62962962962963,4.645466447062798,0.9965909824746599,-0.06016657973727404,405,1100
6,GCACCT,0.8459076360310928,0.8530765657333503,0.9915973668403616,-0.062372333123304535,74,202
6,GGCGTC,1.771833561957019,1.7821698551459098,0.9942004892474352,-0.06249016140448388,155,422
6,CAGCCG,2.0118884316415184,2.022889480130073,0.9945619843322925,-0.06250008438140026,176,479
6,CGCGAT,1.3717421124828533,1.3809704801723046,0.9933179603633986,-0.0632588584366303,120,327
6,GACGCT,1.211705532693187,1.2204907301828625,0.9928025035153599,-0.06401037991279215,106,289
6,TCACAG,0.6858710562414266,0.6925968157439081,0.9902904714593519,-0.06490207925659354,60,164
6,GCGGGG,1.6575217192501144,1.6681447696270957,0.9936321992009867,-0.06634909170952852,145,395
5,TGGAC,3.017832647462277,3.0322226445373537,0.9952544637355791,-0.067114848466142,264,718
6,GGCATA,0.8116140832190215,0.8192913552092571,0.9906305186875264,-0.06815565847390166,71,194
5,GGGAA,5.052583447645176,5.072004729929473,0.9961709618948331,-0.07077600509227021,442,1201
5,GAGCA,5.212620027434842,5.232484479918916,0.9962037015244939,-0.07133222774184862,456,1239
6,ACACCT,0.6515775034293553,0.658811605219815,0.9890211346512157,-0.07157509584072587,57,156
6,ACGGAC,0.8573388203017833,0.8657460196798852,0.9902901911113362,-0.07262590510369184,75,205
6,CCGACA,1.7489711934156378,1.7610540985683518,0.9931392118596912,-0.07348876560007517,153,417
6,TAAAGC,0.5715592135345221,0.578571730225094,0.9878817016206337,-0.0740193112773222,50,137
5,GCGCA,9.01920438957476,9.045990117825923,0.9970389717654504,-0.07466265660487194,789,2142
6,CGAGGA,2.3548239597622316,2.369187888002027,0.9939374491751154,-0.07554566374596644,206,561
6,TAGCTA,0.36579789666209417,0.37163731576502385,0.9842915444447315,-0.07686350050168668,32,88
6,TGAGTC,0.49154092363968904,0.49833185523037293,0.986375406147456,-0.07722062361224513,43,118
6,AGGGTC,0.49154092363968904,0.49833185523037293,0.986375406147456,-0.07722062361224513,43,118
6,CAACTA,0.49154092363968904,0.49833185523037293,0.986375406147456,-0.07722062361224513,43,118
6,ACGGCC,1.6346593507087332,1.6470290130495377,0.9924901678965008,-0.07775515598771211,143,390
6,CAAAAC,1.108824874256973,1.1191350986105832,0.9907881513308425,-0.07843098334430845,97,265
6,ATTTAC,1.108824874256973,1.1191350986105832,0.9907881513308425,-0.07843098334430845,97,265
6,TCGCTA,0.6172839506172839,0.6250263946957219,0.9876145941938564,-0.07864939409815698,54,148
6,AGAGGA,2.0004572473708278,2.0144431774990497,0.9930575178112664,-0.07963687844272539,175,477
6,ATGCCG,1.9204389574759946,1.9342033025043288,0.9928840813069421,-0.07995349396896538,168,458
6,AAGAGA,1.314586191129401,1.3260695130706535,0.9913409848227747,-0.08032799541509812,115,314
6,GGGCCT,0.9487882944673068,0.9586553486211411,0.9897084755062646,-0.0810454486422005,83,227
6,CAGAAC,1.2345679012345678,1.2458296380759322,0.9909611775037668,-0.08124647262624023,108,295
6,GTTAGG,0.411522633744856,0.41809198023565186,0.9842910749099156,-0.08154498633533083,36,99
6,CATATG,0.411522633744856,0.41809198023565186,0.9842910749099156,-0.08154498633533083,36,99
6,CAATCA,1.1545496113397347,1.1655897630812113,0.9905290823586761,-0.08231515537758691,101,276
6,GGTATT,0.8687700045724738,0.8784154736264199,0.9890207180823684,-0.08273903085083001,76,208
6,ACAGAT,0.6630086877000457,0.6714810591663499,0.9873844395242158,-0.08305565571814502,58,159
6,TCTCTA,0.28577960676726105,0.29139744077030283,0.9807276729833503,-0.08351633472450573,25,69
6,TTCCAC,1.0745313214449017,1.0853498880864902,0.9900331035450561,-0.08356328717700812,94,257
5,CGGTA,2.892089620484682,2.9097512563875165,0.9939303990662531,-0.08405103757437271,253,689
6,ATCCGT,0.9945130315500686,1.005110013091769,0.9894579427147698,-0.08502837982751481,87,238
6,GGGTAC,0.4572473708276178,0.4645466447062798,0.9842906992618526,-0.08597593357954515,40,110
6,GAAGGT,0.9144947416552356,0.9248701380970481,0.9887829930778544,-0.08675943437928105,80,219
6,CGATTG,1.1202560585276635,1.131804552557118,0.9897972898833518,-0.08737470674342608,98,268
6,TTACTC,0.33150434385002286,0.3378521052409308,0.981216979292428,-0.0876545688557538,29,80
5,TCAAC,4.938271604938271,4.962202795726171,0.9951774021511726,-0.0881311638264747,432,1175
6,TAAAGG,1.4517604023776864,1.4654335064825375,0.9906702207459807,-0.09105663180102157,127,347
6,GCAGTG,0.7544581618655692,0.7643903881076058,0.9870080430093797,-0.09130499958250904,66,181
6,TTGTCG,0.8802011888431641,0.8910849275729549,0.9877873397618703,-0.09271609584958651,77,211
6,AACGGG,1.337448559670782,1.3514084209637232,0.9896709032097729,-0.09676598378745861,117,320
6,TGAATC,1.0516689529035208,1.0642341315089319,0.9881943289861453,-0.09802602924621136,92,252
5,TCTGT,2.194787379972565,2.2129312893280964,0.9918013317556661,-0.09868674829288056,192,524
6,GCTAGG,0.4686785550983082,0.4772160986528147,0.9821134389168874,-0.09925270565533198,41,113
6,TGGTGA,2.1147690900777323,2.1326914143333755,0.9915967758800992,-0.09926046396816413,185,505
6,CGCACC,2.5605852766346593,2.5803454537776087,0.992342338756271,-0.09971224334019951,224,611
6,CTTCAC,0.9716506630086876,0.9839942565142109,0.9874568991498377,-0.100116143686972,85,233
6,GCACCC,1.5089163237311385,1.5245576248997001,0.9897411058632979,-0.10216736906887966,132,361
6,CTAAAG,0.51440329218107,0.5236707631234427,0.982306246177035,-0.10286997010621235,45,124
6,ATAGCG,0.6858710562414266,0.6968199670594197,0.9842895722098608,-0.1054211351209887,60,165
6,AGACGT,0.5601280292638318,0.5701254275940707,0.9824676385049671,-0.10637750860854213,49,135
6,CTCCCA,0.5601280292638318,0.5701254275940707,0.9824676385049671,-0.10637750860854213,49,135
6,CCGTGG,1.188843164151806,1.2035981249208159,0.9877419757798656,-0.10832283348258814,104,285
6,ATCACT,0.7315957933241883,0.7432746315300477,0.984289431316991,-0.10890384735844993,64,176
6,CGGACT,0.7315957933241883,0.7432746315300477,0.984289431316991,-0.10890384735844993,64,176
6,TATAAG,0.7315957933241883,0.7432746315300477,0.984289431316991,-0.10890384735844993,64,176
6,TGCGTC,0.8573388203017833,0.8699691709953968,0.9854835096855991,-0.10891513419437038,75,206
6,TTCCCT,0.9830818472793781,0.9966637104607459,0.9863740392644416,-0.10947993477146278,86,236
6,AGTTCG,0.6058527663465935,0.6165800920646987,0.9826047153846185,-0.10978365954288631,53,146
6,TGTTCA,0.903063557384545,0.9164238354660247,0.9854228798373952,-0.11227859586494097,79,217
6,TCGAAT,0.903063557384545,0.9164238354660247,0.9854228798373952,-0.11227859586494097,79,217
6,ATGCGG,1.3603109282121628,1.3767473288567929,0.9880622925286296,-0.11291804635171573,119,326
6,TCCATG,0.6515775034293553,0.6630347565353267,0.982722586935675,-0.11309606278742419,57,157
6,TGGGAC,0.5258344764517604,0.5363402170699776,0.9804158221477142,-0.11526601620123547,46,127
6,AACCGA,1.4060356652949246,1.423201993327421,0.987939082420334,-0.1160211063797645,123,337
6,CACGTA,0.3543667123914037,0.3631910131340006,0.9757101045069287,-0.1176273580685518,31,86
6,TTCATT,1.4517604023776864,1.469656657798049,0.9878236609268543,-0.11905723511835017,127,348
6,TCCGTG,0.7430269775948789,0.7559440854765827,0.9829148747674399,-0.11946661616682787,65,179
5,GTCGT,3.0864197530864197,3.112462519532075,0.991633014186147,-0.11999378213362594,270,737
6,ACAACG,1.3717421124828533,1.3894167828033277,0.9872799878783642,-0.12089043879337591,120,329
5,CACCT,3.372199359853681,3.399636808986866,0.9919295372922231,-0.12113717406275246,295,805
6,ACTGTC,0.6172839506172839,0.6292495460112336,0.9809873615230413,-0.12125119340474205,54,149
6,TGAGTA,0.49154092363968904,0.5025550065458845,0.9780881862057211,-0.12485744712161335,43,119
6,CATCGT,1.211705532693187,1.2289370328138858,0.985979673792866,-0.125238776567759,106,291
6,ACCCGT,0.8344764517604023,0.8488534144178386,0.9830650746987158,-0.1255366585660381,73,201
6,GCCCAT,1.3831732967535437,1.4020862367498628,0.986511820255662,-0.1287955654475242,121,332
6,CATGAG,0.7544581618655692,0.7686135394231176,0.9815856273740524,-0.12986699663522025,66,182
6,ATCAGC,1.0516689529035208,1.0684572828244436,0.9842887880783073,-0.130784622222107,92,253
6,GCATTC,1.3031550068587106,1.3218463617551417,0.9858607312390385,-0.13105129252984535,114,313
6,CGGCAA,2.1719250114311843,2.19603868406605,0.9890199681787762,-0.1316975170024778,190,520
6,ATATGC,0.36579789666209417,0.3758604670805355,0.9732350305430231,-0.13190586456374956,32,89
6,TTGCGT,0.6287151348879744,0.6419189999577685,0.9794338406329678,-0.1325081493671334,55,152
6,TGCAAC,1.0973936899862824,1.1149119472950715,0.9842887268147333,-0.13362875938965776,96,264
5,TACTT,2.217649748513946,2.242493348536678,0.9889219327084232,-0.13430483455404987,194,531
6,AAATAG,1.4746227709190671,1.4949955656911187,0.9863735835758204,-0.1344224628152436,129,354
6,CTCTTG,0.4572473708276178,0.4687697960217915,0.9754251067312552,-0.1352711000995056,40,111
6,AGTTGG,0.4572473708276178,0.4687697960217915,0.9754251067312552,-0.1352711000995056,40,111
5,GAACC,5.1440329218107,5.181806664132775,0.9927104549019511,-0.13632966695926121,450,1227
6,CAGGAC,1.3946044810242342,1.4147556906963976,0.985757409886626,-0.1366347465082162,122,335
6,TATTTC,1.0173754000914494,1.0346720723003504,0.9832845583371325,-0.13692212018468394,89,245
6,CATGAA,1.0173754000914494,1.0346720723003504,0.9832845583371325,-0.13692212018468394,89,245
5,CGCCA,9.27069044352995,9.320494953334178,0.9946565095840355,-0.13701192725034872,811,2207
6,AGATAG,0.5029721079103796,0.5152244604924194,0.9762240034747582,-0.1372195469134299,44,122
5,TAAGT,1.8975765889346137,1.9215338485577937,0.9875328696769365,-0.13970960463810808,166,455
6,GAGTGC,0.7658893461362597,0.7812829933696525,0.9802994851897034,-0.14011074213218405,67,185
5,GCGGT,5.315500685871057,5.354955868068753,0.9926321623583871,-0.14020628406436764,465,1268
5,ATCTC,2.4348422496570645,2.462097216943283,0.9889306319174325,-0.14077389332004533,213,583
6,CGGCAC,2.400548696844993,2.42831200641919,0.9885672985058515,-0.14437563120508903,210,575
6,AGAACG,1.2802926383173296,1.3007306051775835,0.9842885255167687,-0.14447077822480103,112,308
6,TTCAAT,1.1545496113397347,1.1740360657122344,0.9834035807760669,-0.1449112843741744,101,278
6,TATTAC,0.6858710562414266,0.7010431183749314,0.9783609626395967,-0.14576228416603723,60,166
6,GCTGGC,3.1435756744398717,3.1758097892647497,0.9898504312264045,-0.1471143897232821,275,752
5,TGCTC,2.857796067672611,2.888635499809958,0.9893242451102303,-0.14737213307719088,250,684
6,CCACCC,2.2862368541380884,2.314286920900376,0.9878801307987971,-0.14934367018642802,200,548
6,TGAAGA,1.4974851394604483,1.5203344735841884,0.9849718389574024,-0.14954847689102357,131,360
6,ACGATA,0.7773205304069501,0.7939524473161874,0.9790543849270268,-0.1502033072858785,68,188
6,CGGATT,1.1202560585276635,1.1402508551881414,0.9824661010516986,-0.1508716182180007,98,270
6,CTATTG,0.5601280292638318,0.5743485789095824,0.9752448693097231,-0.1509068603331351,49,136
6,CCGGCG,4.618198445358939,4.6581359010093335,0.9914264849399875,-0.15163291228314016,404,1103
5,CTGCA,4.618198445358939,4.6581359010093335,0.9914264849399875,-0.15163291228314016,404,1103
6,CGATCT,0.9945130315500686,1.0135563157227923,0.9812132732985096,-0.15233682766532536,87,240
6,GAGCAG,1.29172382258802,1.3134000591241184,0.9834973463567617,-0.1525088545256498,113,311
6,CTAGCC,0.6058527663465935,0.6208032433802103,0.9759214061240427,-0.1526228519125878,53,147
6,AGATCA,0.8687700045724738,0.8868617762574433,0.9796025351156527,-0.15465281915997625,76,210
6,TTTAAC,1.0402377686328304,1.0600109801934203,0.9813479796643723,-0.15470437298030892,91,251
6,GCCGAT,2.091906721536351,2.1200219603868407,0.9867388577752576,-0.15626754872755025,183,502
6,CAGAGA,0.6973022405121171,0.7137125723214663,0.9770103071230878,-0.15629143989476793,61,169
6,GACAGA,0.9144947416552356,0.9333164407280712,0.9798356893540952,-0.1568688460831693,80,221
5,CTGTA,2.217649748513946,2.24671649985219,0.9870631396288232,-0.15702946665359507,194,532
6,CGGACA,1.2574302697759487,1.2796148486000254,0.9826644358715179,-0.15812321779261448,110,303
6,TGCGAT,0.7430269775948789,0.7601672367920942,0.9774549548267557,-0.15820393423587925,65,180
6,AAGTGG,0.7430269775948789,0.7601672367920942,0.9774549548267557,-0.15820393423587925,65,180
5,TGGTT,3.0864197530864197,3.120908822163098,0.9889493843042793,-0.15875816593495257,270,739
6,AGCGGA,1.131687242798354,1.1529203091346762,0.9815848288463735,-0.15936127940467176,99,273
6,AGTAGA,0.4343850022862369,0.4476540394442333,0.9703653434942399,-0.15949999467355408,38,106
6,CACGTG,0.48010973936899864,0.4941087039148613,0.9716739821962459,-0.1601772300274879,42,117
6,GCGCGC,4.606767261088248,4.64968959837831,0.9907689721476793,-0.16312032811786445,403,1101
6,CCGGTC,1.646090534979424,1.6723679209426074,0.9842882571114586,-0.1641224158115477,144,396
6,ACCGGC,2.686328303612254,2.719709447189493,0.9877266609204064,-0.16428968951220244,235,644
5,GTGAG,3.5093735711019662,3.5474471050297733,0.9892676452769786,-0.16473943031727586,307,840
6,TGCATT,0.9259259259259258,0.9459858946746061,0.9787968842347241,-0.16609956507544987,81,224
6,CATCGC,2.526291723822588,2.559229697200051,0.9871302343682029,-0.1669898327840712,221,606
5,ACGGT,3.063557384545039,3.0997930655855397,0.9883106674088913,-0.16736104386080067,268,734
6,TGATCA,0.7544581618655692,0.7728366907386292,0.976222465444748,-0.16827554253287447,66,183
6,ATCGAG,1.314586191129401,1.3387389670171883,0.9819599096808502,-0.1683734352290311,115,317
5,TTACA,2.7777777777777777,2.8126187761307486,0.9876130530187951,-0.16870143452112368,243,666
5,CGTAC,1.9890260631001373,2.0186663288145614,0.9853176341950238,-0.16877377593547008,174,478
6,CAGACA,1.0173754000914494,1.0388952236158622,0.9792878513439932,-0.17010119395497933,89,246
6,GAATTT,1.3603109282121628,1.3851936314878162,0.9820379573614807,-0.1705666112366178,119,328
6,AATAAG,1.5317786922725194,1.5583428354237931,0.9829546887781417,-0.1718076984663538,134,369
6,AACTGA,1.2345679012345678,1.2584990920224672,0.9809858509039254,-0.17201776425790752,108,298
6,CCAGAC,1.2345679012345678,1.2584990920224672,0.9809858509039254,-0.17201776425790752,108,298
6,AGCTCA,0.4458161865569273,0.46032349339076817,0.9684913844708435,-0.17202253950310148,39,109
6,TTGGTA,0.49154092363968904,0.5067781578613961,0.9699390593471308,-0.17220378323087096,43,120
6,GTACGA,0.3543667123914037,0.36741416444951225,0.9644980974334639,-0.17318584768076783,31,87
6,AGCTGC,0.8916323731138546,0.9122006841505131,0.9774544605808219,-0.1734358130720708,78,216
5,CAAAC,3.8180155464106083,3.8599603023776345,0.9891336526682782,-0.17427245133894623,334,914
5,CTGCG,6.218564243255601,6.2713797035347785,0.9915784690733498,-0.17429582800400448,544,1485
6,AACAGT,0.6287151348879744,0.6461421512732801,0.9730333028401668,-0.17447162070968456,55,153
6,ATAGGA,0.9373571101966164,0.9586553486211411,0.9777855336555302,-0.17521837551911137,82,227
6,CGGCGC,5.372656607224508,5.422526289116939,0.990803407936756,-0.17621104545804994,470,1284
6,GAGAGT,0.720164609053498,0.739051480214536,0.9744479018623405,-0.1768508894948647,63,175
6,CCACAT,0.7658893461362597,0.7855061446851641,0.9750297287239704,-0.1781988079795329,67,186
5,GCGAT,4.972565157750343,5.021326914143334,0.9902892629472215,-0.1786813692368004,435,1189
6,CAAGAG,1.02880658436214,1.0515646775623972,0.9783599338403121,-0.17883567150928698,90,249
6,GGGGAC,0.8116140832190215,0.831960809155792,0.9755465878059871,-0.17962439657988963,71,197
6,AGCAGA,0.903063557384545,0.9248701380970481,0.9764245570593598,-0.18265025742752206,79,219
6,AGCAAT,0.903063557384545,0.9248701380970481,0.9764245570593598,-0.18265025742752206,79,219
5,ACTTT,3.5093735711019662,3.551670256345285,0.9880913791741581,-0.1829356766287655,307,841
6,TACTAG,0.21719250114311844,0.22805017103762829,0.9524099857338301,-0.18310519442099055,19,54
6,TTGGGT,0.4572473708276178,0.47299294733730307,0.9667177948893432,-0.1842438918612395,40,112
6,CAGGTA,0.594421582075903,0.6123569407491871,0.9707157230492895,-0.1844744618350337,52,145
6,GAGGGA,1.6803840877914953,1.7103762827822122,0.9824655885073528,-0.18531179681756924,147,405
6,GCCAGC,2.229080932784637,2.263609105114236,0.9847470806864749,-0.18590973196034574,195,536
5,TAGGG,1.9775948788294466,2.010220026183538,0.983771167312088,-0.18618997981507804,173,476
6,GCCCGT,1.5546410608139003,1.5836817433168628,0.9816637092670712,-0.18637239758732638,136,375
6,CAATTG,0.7315957933241883,0.751720934161071,0.9732314705238428,-0.18689338941597747,64,178
6,CATTCT,0.823045267489712,0.8446302631023269,0.9744474697362652,-0.18916148182453935,72,200
5,GTCTT,2.57201646090535,2.60990751298619,0.9854823973140644,-0.19031751698512991,225,618
6,AGCACC,1.131687242798354,1.157143460450188,0.9780027120292121,-0.1908041406350063,99,274
6,CCCGCC,4.515317786922726,4.565226572068077,0.9890678608950547,-0.19137531959211912,395,1081
5,ATCAC,4.515317786922726,4.565226572068077,0.9890678608950547,-0.19137531959211912,395,1081
5,TAGAA,3.280749885688157,3.323620085307657,0.9871017418677929,-0.19147111466122094,287,787
6,GAGTCT,0.5601280292638318,0.578571730225094,0.9681275237791763,-0.19519864559566907,49,137
6,TCGGCA,1.440329218106996,1.469656657798049,0.9800460576004529,-0.19530736086968398,126,348
6,GCGGCC,4.11522633744856,4.164027197094472,0.9882806510617728,-0.19554508407902643,360,986
6,TTGGAT,0.6515775034293553,0.6714810591663499,0.9703631371591965,-0.19556500416223502,57,159
6,AAAAGG,2.2062185642432555,2.242493348536678,0.9838246268245234,-0.19623425771287734,193,531
6,TCCGGA,1.4860539551897578,1.5161113222686768,0.980176004071817,-0.19712063935739982,130,359
6,TGAGCT,0.4229538180155464,0.43920773681320996,0.9630010640933132,-0.1974380531242897,37,104
6,ACATCG,1.314586191129401,1.3429621183326999,0.9788722153532815,-0.19758833181964763,115,318
5,GCTAT,2.880658436213992,2.9224207103340514,0.985710187109235,-0.19854069580439515,252,692
6,AGCTAC,0.33150434385002286,0.34629840787195404,0.9572917666890668,-0.20244481419293728,29,82
6,CGATAA,1.108824874256973,1.1360277038726296,0.9760565387826275,-0.20581378439450404,97,269
6,ATGTTC,0.6630086877000457,0.6841505131128849,0.9691022147478444,-0.20584743360580712,58,162
6,ACCTGT,0.7087334247828074,0.7306051775835128,0.9700676093838058,-0.20609389628863453,62,173
6,TAGAAG,0.5715592135345221,0.5912411841716289,0.9667163878249442,-0.20611230550260762,50,140
6,TCACCT,0.7544581618655692,0.7770598420541408,0.9709175912527438,-0.20653202230096382,66,184
6,GTCTAT,0.48010973936899864,0.49833185523037293,0.9634411090098725,-0.20784949302523967,42,118
6,CGGGGT,0.8459076360310928,0.8699691709953968,0.9723452620016676,-0.20785646638979016,74,206
6,GGGACA,0.8459076360310928,0.8699691709953968,0.9723452620016676,-0.20785646638979016,74,206
5,TACAA,3.8180155464106083,3.8684066050086576,0.986974028031177,-0.2092043765393566,334,916
6,ACCTAC,0.4343850022862369,0.4518771907597449,0.961298514988987,-0.20954117849230283,38,107
6,TGCGGT,0.9830818472793781,1.0093331644072807,0.9739940017293598,-0.21063610943741312,86,239
6,AGCTGA,0.9830818472793781,1.0093331644072807,0.9739940017293598,-0.21063610943741312,86,239
6,CCGATA,0.9830818472793781,1.0093331644072807,0.9739940017293598,-0.21063610943741312,86,239
6,CCCTCC,1.29172382258802,1.3218463617551417,0.9772134936495244,-0.2114435564800805,113,313
6,CAATGC,1.1202560585276635,1.1486971578191647,0.9752427144357733,-0.2140294471151475,98,272
6,GGTGGT,1.6003657978966621,1.6343595591030027,0.9792018340147881,-0.21487605495899592,140,387
5,TGTGG,2.5377229080932784,2.5803454537776087,0.9834824853120094,-0.21532974646347375,222,611
5,GTACC,2.1147690900777323,2.1538071709109334,0.9818756902059566,-0.2154451816086516,185,510
6,CGTATG,0.3429355281207133,0.35896786181848894,0.9553501290352738,-0.2155536370731093,30,85
6,AACTCA,0.6744398719707362,0.6968199670594197,0.9678871374813466,-0.21596292651854784,59,165
6,TGTTCT,0.7658893461362597,0.7897292960006757,0.9698163261541068,-0.216138509225645,67,187
6,CCTTGT,0.6287151348879744,0.6503653025887918,0.9667158761356652,-0.21623614227513765,55,154
6,AGGCTT,0.8116140832190215,0.8361839604713037,0.9706201739915764,-0.21650692062588184,71,198
6,CGTAAG,0.5372656607224509,0.5574559736475357,0.9637878278067765,-0.2177983542094844,47,132
6,TATGGC,0.49154092363968904,0.5110013091769079,0.961924602446121,-0.21926362690499696,43,121
6,CTCTCA,0.49154092363968904,0.5110013091769079,0.961924602446121,-0.21926362690499696,43,121
6,CGATGC,1.7375400091449476,1.7737235525148867,0.9796013852005523,-0.21969173904270384,152,420
6,GAGAAA,2.0804755372656607,2.1200219603868407,0.9813470999027036,-0.21996046293126953,182,502
6,GTCTTA,0.2972107910379515,0.3125131973478609,0.9510500310296188,-0.22058017619646048,26,74
6,CGAACG,1.440329218106996,1.4738798091135605,0.9772380932227683,-0.2231997983937609,126,349
6,GGACAC,1.1774119798811158,1.2078212762363276,0.9748251008128924,-0.2232483838470652,103,286
6,GGTATC,0.7773205304069501,0.8023987499472106,0.9687498335144945,-0.22560957029911188,68,190
6,TTGGAA,0.823045267489712,0.8488534144178386,0.9696000434301519,-0.22576023424241604,72,201
6,TCTTTG,0.6858710562414266,0.7094894210059546,0.9667154497159142,-0.22591791006623047,60,168
6,GTACAA,0.6858710562414266,0.7094894210059546,0.9667154497159142,-0.22591791006623047,60,168
6,GCTGTG,0.8687700045724738,0.8953080788884666,0.9703620338684721,-0.22607182173623733,76,212
6,GCTCGT,0.6401463191586648,0.6630347565353267,0.9654844853914054,-0.22646102395732506,56,157
6,TCATTG,0.9602194787379973,0.9882174078297226,0.9716711161111624,-0.22708498061205254,84,234
6,CGGGTC,1.0516689529035208,1.0811267367709785,0.9727552206529485,-0.22850172890026252,92,256
5,TCTAG,1.1431184270690442,1.1740360657122344,0.9736677549169436,-0.23021977610101685,100,278
6,CTAAAC,0.5029721079103796,0.5236707631234427,0.9604814612224072,-0.23043661708589555,44,124
6,ACCAGG,1.188843164151806,1.2204907301828625,0.9740719266102282,-0.23116810111481573,104,289
5,AGAGC,2.8692272519433013,2.9181975590185396,0.9832195634321444,-0.23304778462503084,251,691
6,GGCTTC,1.2802926383173296,1.3134000591241184,0.974794503755968,-0.23320748536676814,112,311
6,CAGAAT,0.8344764517604023,0.8615228683643734,0.9686099132265215,-0.23489231702006955,73,204
6,ACGTCC,0.6973022405121171,0.7221588749524895,0.9655848681097792,-0.2357184463164826,61,171
6,TTAACC,0.6973022405121171,0.7221588749524895,0.9655848681097792,-0.2357184463164826,61,171
5,TGTCG,3.840877914951989,3.897968664217239,0.9853540934798505,-0.23620433390962775,336,923
6,GGCTCG,1.108824874256973,1.1402508551881414,0.9724418315747362,-0.23744525936259045,97,270
5,AAGGA,11.614083219021492,11.710798597913763,0.9917414211997787,-0.2406308716669662,1016,2773
5,GCCAG,5.761316872427984,5.832171966721568,0.9878512019504788,-0.2420227093432807,504,1381
6,GATTTT,2.423411065386374,2.4705435195743064,0.9809230049521458,-0.24329363611424545,212,585
6,AATCTT,0.8459076360310928,0.8741923223109084,0.9676484791664941,-0.2439069568645859,74,207
5,TGGAT,3.692272519433013,3.750158368174332,0.9845648371236091,-0.24400636744192128,323,888
6,ACGGTA,0.4686785550983082,0.4898855525993497,0.9567191371489641,-0.24418519442880296,41,116
6,ACACCG,1.4746227709190671,1.5118881709531653,0.9753533785845654,-0.24488563088477655,129,358
6,GACACC,1.954732510288066,1.9975505722370033,0.9785657899614602,-0.24528787468648128,171,473
5,GGCAC,5.441243712848651,5.511212466742683,0.9873045205989953,-0.24545661051788206,476,1305
6,CGAGTA,0.3200731595793324,0.3378521052409308,0.9473921144863899,-0.24663494995570848,28,80
6,ACTGCT,0.6172839506172839,0.6419189999577685,0.9616287845965539,-0.24782195034520435,54,152
5,GTGTC,2.606310013717421,2.6563621774568182,0.9811583375196725,-0.24939319925474382,228,629
6,TATCCC,0.5715592135345221,0.5954643354871405,0.9598613944317784,-0.24968540564310185,50,141
5,GCACT,2.8235025148605395,2.8759660458634233,0.981758579195933,-0.25149224479585003,247,681
6,CTTTAC,0.5258344764517604,0.5490096710165125,0.9577949619392967,-0.25210700559214755,46,130
6,TATCCT,0.5258344764517604,0.5490096710165125,0.9577949619392967,-0.25210700559214755,46,130
5,CTCAC,2.9949702789208965,3.0491152497994003,0.9822429817370006,-0.25228303044021744,262,722
6,CAAAAG,1.0402377686328304,1.0726804341399552,0.9697583359328006,-0.2527351899928737,91,254
6,ATCGGA,1.1774119798811158,1.2120444275518392,0.9714287778885636,-0.2539302348180355,103,287
6,TGGTCC,0.48010973936899864,0.5025550065458845,0.9553465759127241,-0.25522824157444385,42,119
6,GTACTG,0.48010973936899864,0.5025550065458845,0.9553465759127241,-0.25522824157444385,42,119
6,TGCTCT,0.48010973936899864,0.5025550065458845,0.9553465759127241,-0.25522824157444385,42,119
6,GTGGCG,1.886145404663923,1.9299801511888173,0.9772886392837652,-0.2554259745194425,165,457
5,CTCCC,3.5093735711019662,3.5685628616073313,0.9834141546005536,-0.2555687137249619,307,845
6,CGTTAA,0.6744398719707362,0.7010431183749314,0.9620573236661658,-0.2561482580737338,59,166
6,ATTTTC,1.6689529035208046,1.7103762827822122,0.9757825468389252,-0.25616941019891887,146,405
6,CGTCGG,1.4060356652949246,1.444317749904979,0.973496528540602,-0.25736031561200273,123,342
6,GACTCA,0.4343850022862369,0.45610034207525657,0.9523995539103796,-0.25924247752599144,38,108
6,GTCACA,0.5829903978052127,0.6081337894336754,0.9586616329686752,-0.2599275891950302,51,144
5,ATGTG,2.629172382258802,2.681701085349888,0.9804129010991758,-0.2605528444157914,230,635
6,GAGAAC,1.8518518518518516,1.8961949406647238,0.9766159325419451,-0.2606585644882626,162,449
6,ACGTTT,0.9602194787379973,0.9924405591452341,0.967536761988865,-0.2609321433881058,84,235
6,ATCGCT,1.0973936899862824,1.131804552557118,0.9695991481851566,-0.26105513575001543,96,268
6,CGCCGG,4.4467306812985825,4.514548756281937,0.984978216768472,-0.26157278528369066,389,1069
6,AGAGGT,1.188843164151806,1.2247138814983742,0.9707133321328089,-0.26168726954827853,104,290
6,ATCCCT,0.823045267489712,0.8530765657333503,0.9648006058185332,-0.26222707283422647,72,202
6,AATATG,0.7773205304069501,0.8066219012627222,0.9636784735732252,-0.2630967472545695,68,191
6,CGTGCG,1.4631915866483767,1.503441868322142,0.9732296901590894,-0.26530647176730154,128,356
6,ACTTCC,0.6858710562414266,0.7137125723214663,0.9609960413144681,-0.2657358468300199,60,169
6,GCTGCT,1.5089163237311385,1.5498965327927698,0.9735610963027165,-0.2660893490996291,132,367
6,CGCTCG,1.5546410608139003,1.596351197263398,0.9738732154662814,-0.2669105171234419,136,378
6,CCTTGG,0.6401463191586648,0.6672579078508383,0.9593747397412526,-0.2676220825914018,56,158
6,GCGTTT,1.108824874256973,1.144474006503653,0.968853798842088,-0.26899209636651344,97,271
6,TTCCGT,0.9716506630086876,1.005110013091769,0.9667140700477416,-0.26929365332304883,85,238
6,CTGATT,1.29172382258802,1.330292664386165,0.9710094298994498,-0.27010707593101263,113,315
6,TGTTTA,0.8802011888431641,0.9122006841505131,0.9649243984321405,-0.2702815342964828,77,216
6,AGACTG,0.8802011888431641,0.9122006841505131,0.9649243984321405,-0.2702815342964828,77,216
6,ATGACG,1.337448559670782,1.3767473288567929,0.9714574242456925,-0.27058277658050783,117,326
6,AGAGCA,0.7887517146776405,0.8192913552092571,0.9627288714513991,-0.272138803883163,69,194
6,TGGGTG,0.7887517146776405,0.8192913552092571,0.9627288714513991,-0.272138803883163,69,194
6,AGTTGA,0.7887517146776405,0.8192913552092571,0.9627288714513991,-0.272138803883163,69,194
5,TGAAA,7.007315957933242,7.094894210059547,0.9876563321218597,-0.27305825201091377,613,1680
6,GCGCGG,3.635116598079561,3.6994805523881924,0.982602364403964,-0.27316380629438636,318,876
6,TTGGCC,0.7430269775948789,0.7728366907386292,0.9614331762213749,-0.2734860233008721,65,183
6,TCTCCA,0.7430269775948789,0.7728366907386292,0.9614331762213749,-0.2734860233008721,65,183
6,CCGAAC,1.5660722450845908,1.6090206512099328,0.9733093934919994,-0.2737883888189471,137,381
6,TTAGAT,0.5029721079103796,0.5278939144389544,0.9527990648243424,-0.2766348563193788,44,125
6,GTTAAA,1.1202560585276635,1.157143460450188,0.9681247696071018,-0.27685231474230876,98,274
6,AAACGA,1.1659807956104253,1.2035981249208159,0.9687485354246396,-0.2768698558128469,102,285
6,AACCTG,1.211705532693187,1.2500527893914437,0.9693259439776768,-0.2769913179101414,106,296
6,TTTCAG,1.2574302697759487,1.296507453862072,0.9698619779103321,-0.2772055032805807,110,307
6,AATGTG,0.6515775034293553,0.6799273617973732,0.9583107093028042,-0.2772831491730198,57,161
6,CCGCTA,0.9373571101966164,0.971324802567676,0.9650331221919843,-0.2781148861559325,82,230
6,CGGGGC,1.8404206675811614,1.8877486380337007,0.9749302091814765,-0.27887673162654203,161,447
6,GTGCTT,0.6058527663465935,0.6334726973267453,0.956406058694307,-0.2798815673471111,53,150
6,AGGCTA,0.4572473708276178,0.4814392499683263,0.9497613556064229,-0.2812412544981605,40,114
5,CCACT,2.549154092363969,2.6056843616706784,0.9783058528793742,-0.2844308328117788,223,617
6,AAACCA,1.2231367169638776,1.2627222433379788,0.9686531286703772,-0.28454136713031714,107,299
6,GAATTA,1.0859625057155922,1.123358249926095,0.966713721481895,-0.2848627333519583,95,266
6,CTGGTC,1.0402377686328304,1.0769035854554667,0.9659557151732876,-0.2852258073699738,91,255
6,TTCGGG,0.9945130315500686,1.0304489209848389,0.9651293706654621,-0.28574484060788635,87,244
5,CGGGG,5.555555555555555,5.6379070062080325,0.9853935175032951,-0.2858922915356081,486,1335
6,ATTCGT,0.6630086877000457,0.6925968157439081,0.9572856011874592,-0.2867931685814744,58,164
6,ATACTA,0.51440329218107,0.5405633683854892,0.9516148536518432,-0.2870209609378152,45,128
6,GTCCCC,0.903063557384545,0.937539592043583,0.9632310378618959,-0.28733940297090454,79,222
6,CGACAA,1.6346593507087332,1.6808142235736308,0.9725418036104353,-0.2880105240034751,143,398
6,CAATTA,0.8116140832190215,0.8446302631023269,0.9609151212813765,-0.2898682298177656,71,200
5,GAGCC,6.275720164609054,6.364289032476034,0.9860836810234207,-0.290488834435596,549,1507
5,GACGT,3.166438042981253,3.230710756366401,0.980106320601262,-0.2912870387982336,277,765
6,GTCGTT,0.7658893461362597,0.798175598631699,0.959555005125072,-0.29157805027203676,67,189
6,CGTAAT,0.4686785550983082,0.4941087039148613,0.9485437050883385,-0.2918885481632586,41,117
6,CGGCGT,2.263374485596708,2.3185100722158873,0.9762204144285086,-0.29374370206557526,198,549
6,GTAGAC,0.36579789666209417,0.3885299210270704,0.9415072717383672,-0.29437118308796656,32,92
6,CTACGT,0.36579789666209417,0.3885299210270704,0.9415072717383672,-0.29437118308796656,32,92
5,ACACG,3.60082304526749,3.669918493179611,0.9811729973457822,-0.29443312784499276,315,869
5,AGACT,2.400548696844993,2.4578740656277716,0.9766777975470066,-0.296817702293029,210,582
6,AATTAC,0.8687700045724738,0.9037543815194898,0.9612942331615376,-0.29700374818989983,76,214
6,TTGACT,0.5258344764517604,0.5532328223320241,0.9504848713568205,-0.29720923716010006,46,131
6,CACTAC,0.5258344764517604,0.5532328223320241,0.9504848713568205,-0.29720923716010006,46,131
6,ATGTGA,0.823045267489712,0.8572997170488619,0.9600484477915944,-0.2985630793606609,72,203
6,GACCCG,1.9204389574759946,1.9722116643439334,0.9737502404899276,-0.29863763408134325,168,467
6,CCACTT,0.6287151348879744,0.658811605219815,0.9543239638011835,-0.2991768470622712,55,156
6,ACAATA,1.1545496113397347,1.1951518222897928,0.9660304128444878,-0.2999901104633963,101,283
6,ATCCCG,1.5660722450845908,1.6132438025254443,0.9707616210710862,-0.3004250876069345,137,382
6,GCCACT,0.7773205304069501,0.8108450525782339,0.9586599337838003,-0.3004416197738049,68,192
6,TTGACC,1.0631001371742113,1.1022424933485366,0.9644916562588235,-0.30106827417136517,93,261
6,CAACTT,0.5829903978052127,0.6123569407491871,0.9520512529288151,-0.3028149761119084,51,145
6,ATAGCC,0.5829903978052127,0.6123569407491871,0.9520512529288151,-0.3028149761119084,51,145
6,AAAGTG,0.9259259259259258,0.9628784999366526,0.9616267922771301,-0.30400495385353776,81,228
5,CAACC,6.4014631915866484,6.495206723256894,0.9855674973231687,-0.30457831185490314,560,1538
6,CTCGGG,0.6858710562414266,0.7179357236369779,0.955343910699682,-0.30538279757039644,60,170
6,ACATGC,0.6858710562414266,0.7179357236369779,0.955343910699682,-0.30538279757039644,60,170
6,TAGTCA,0.3772290809327846,0.4011993749736053,0.9402682995895589,-0.3055366342385989,33,95
5,CTACG,2.0233196159122087,2.0777904472317243,0.9737855133834968,-0.30627660476348556,177,492
6,GCGTCC,1.4860539551897578,1.5330039275307235,0.9693758710692333,-0.3066723861550846,130,363
6,TGGATC,0.8344764517604023,0.8699691709953968,0.959207014317736,-0.3071493806108036,73,206
6,TACCGT,0.5372656607224509,0.565902276278559,0.9494054763447372,-0.3072089957643619,47,134
6,TCACAC,0.7887517146776405,0.8235145065247689,0.9577923997553061,-0.30918887628962766,69,195
6,CCGCAA,1.80612711476909,1.8581865788251193,0.9719852337905044,-0.30926235269049285,158,440
5,CCCGC,10.905349794238683,11.026648084800879,0.9889996316566448,-0.3099211064987322,954,2611
6,GTCAGG,0.9830818472793781,1.0220026183538158,0.9619208772431062,-0.3108767293194609,86,242
6,GCGAAT,0.7430269775948789,0.7770598420541408,0.9562086682588894,-0.31160811457683335,65,184
5,ACCTC,2.606310013717421,2.669031631403353,0.976501114839003,-0.31199010618358397,228,632
6,CTGCAT,0.9373571101966164,0.9755479538831876,0.9608559178189557,-0.3121974374875668,82,231
6,AGATGC,0.594421582075903,0.6250263946957219,0.9510422006181395,-0.3124310865656112,52,148
6,GGTCTC,0.49154092363968904,0.5194476118079311,0.9462865625132375,-0.31253941483154785,43,123
6,TATCGA,0.8916323731138546,0.9290932894125596,0.9596844739135083,-0.31376977874877354,78,220
6,AGAGCG,0.8916323731138546,0.9290932894125596,0.9596844739135083,-0.31376977874877354,78,220
6,GGCGTT,1.2688614540466392,1.3134000591241184,0.9660916611551743,-0.3140949266056384,111,311
6,TGCTAT,0.6973022405121171,0.7306051775835128,0.9544235649437567,-0.31447297915191413,61,173
6,TCCGAC,1.2231367169638776,1.2669453946534905,0.9654245397406668,-0.3145152644801083,107,300
6,TTTAGA,0.8459076360310928,0.8826386249419317,0.9583897340922913,-0.31563045058215167,74,209
6,TACTCA,0.3886602652034751,0.4138688289201402,0.9391051645544835,-0.3164338561478179,34,98
6,CCACAA,1.0402377686328304,1.0811267367709785,0.9621827996408406,-0.3176242740780182,91,256
6,TGGCCA,0.9487882944673068,0.9882174078297226,0.9601048073725633,-0.32029980856041296,83,234
5,GCTAG,1.5546410608139003,1.6047974998944212,0.9687478863392704,-0.32034731594016813,136,380
6,GCAGGG,1.4174668495656149,1.4654335064825375,0.9672701738276538,-0.32043669434164435,124,347
6,GTACGG,0.5029721079103796,0.5321170657544659,0.9452385883140166,-0.322564400645663,44,126
6,TGTGAC,0.5029721079103796,0.5321170657544659,0.9452385883140166,-0.322564400645663,44,126
6,TGGGAA,0.7087334247828074,0.7432746315300477,0.9535345903906541,-0.32343330376907736,62,176
6,GCCATT,1.0973936899862824,1.1402508551881414,0.9624175620977737,-0.3242528620455833,96,270
6,CTGCGC,3.0292638317329676,3.0997930655855397,0.9772478494062988,-0.3262251966368512,265,734
6,TTACTA,0.5601280292638318,0.5912411841716289,0.94738544221069,-0.32667699759021523,49,140
6,CAGGCA,1.4746227709190671,1.5245576248997001,0.9672484804685787,-0.3271509131264869,129,361
6,CTCGCG,1.29172382258802,1.3387389670171883,0.9648836450182552,-0.3285022646485621,113,317
6,GTTTCT,0.7658893461362597,0.8023987499472106,0.954505344944958,-0.32908046378503525,67,190
5,GAGGA,9.053497942386832,9.17268465729127,0.9870064850143735,-0.33055194645474745,792,2172
6,CAGCAC,1.1545496113397347,1.1993749736053043,0.9626291808900053,-0.33076769514586857,101,284
5,AACGA,5.052583447645176,5.143798302293171,0.9822673681928488,-0.33079459313296666,442,1218
6,ACTGTT,0.720164609053498,0.7559440854765827,0.9526754099259561,-0.3322683639552189,63,179
6,TTCTTA,0.720164609053498,0.7559440854765827,0.9526754099259561,-0.3322683639552189,63,179
6,AAACTT,1.0631001371742113,1.1064656446640482,0.9608107230701142,-0.3330862358802155,93,262
5,ACGTA,1.6689529035208046,1.7230457367287468,0.9686080915531654,-0.33362825732067963,146,408
5,CACTA,1.7604023776863282,1.8159550656700032,0.9694102403424757,-0.333872860016251,154,430
6,TCAGGC,1.0173754000914494,1.0600109801934203,0.9597819653804625,-0.3345473641288872,89,251
6,TTAGAA,1.0173754000914494,1.0600109801934203,0.9597819653804625,-0.3345473641288872,89,251
6,ATGTAA,0.823045267489712,0.8615228683643734,0.9553428741420201,-0.3347693225090776,72,204
5,TCTTT,4.0009144947416555,4.0837873220997505,0.9797073668243407,-0.3355511368423249,350,967
6,GACCGC,2.4805669867398263,2.546560243253516,0.9740863522377925,-0.33596222356199484,217,603
6,AGAACC,1.211705532693187,1.2584990920224672,0.9628209176171527,-0.33717381693540754,106,298
6,CAGTTA,0.411522633744856,0.43920773681320996,0.93698016049254,-0.3374875309482903,36,104
6,TAGGTT,0.411522633744856,0.43920773681320996,0.93698016049254,-0.3374875309482903,36,104
6,ACCTCT,0.4686785550983082,0.49833185523037293,0.9405068118722887,-0.3392953429353228,41,118
6,GTTCGA,0.8802011888431641,0.9206469867815363,0.9560728424648446,-0.34047323127736123,77,218
6,TCCGAA,0.7315957933241883,0.7686135394231176,0.9518445504072828,-0.3409825096088239,64,182
6,ACAAGA,1.4517604023776864,1.503441868322142,0.9656268528111367,-0.3410013212171707,127,356
6,TCATCT,0.8344764517604023,0.8741923223109084,0.954573694018575,-0.3430870276758885,73,207
6,AGATTC,0.8344764517604023,0.8741923223109084,0.954573694018575,-0.3430870276758885,73,207
6,CCTGGG,0.9830818472793781,1.0262257696693273,0.9579627408129392,-0.34409007223418386,86,243
6,GTGGAG,1.2231367169638776,1.271168545969002,0.9622174015416128,-0.34441702618571746,107,301
6,TCTTAT,0.5829903978052127,0.6165800920646987,0.945531411356211,-0.3454874187128486,51,146
6,AGCGGT,0.7887517146776405,0.8277376578402804,0.9529062941345903,-0.3461011451535526,69,196
6,TTCATA,0.7887517146776405,0.8277376578402804,0.9529062941345903,-0.3461011451535526,69,196
6,TCTGCG,0.9373571101966164,0.9797711051986994,0.9567147201534407,-0.34617314120006903,82,232
6,TATCTC,0.4229538180155464,0.4518771907597449,0.9360070080183025,-0.34767238524618516,37,107
6,GGTCGT,0.7430269775948789,0.7812829933696525,0.9510406342352071,-0.3495798647366368,65,185
5,GAGTA,2.377686328303612,2.4452046116812367,0.9723886001543165,-0.3506753508295912,208,579
6,GTTAAG,0.5372656607224509,0.5701254275940707,0.9423740764941617,-0.3515499536742032,47,135
5,TCTCG,2.4691358024691357,2.5381139406224924,0.9728241433673475,-0.3517852640534509,216,601
6,CTGCAC,1.188843164151806,1.237383335444909,0.9607750909424154,-0.35279062325138905,104,293
6,AGCGGC,2.1147690900777323,2.1791460788040036,0.9704590549215983,-0.3537964258439422,185,516
6,GGTAAT,0.8001828989483311,0.8404071117868154,0.9521429238677439,-0.35445111779918864,70,199
6,TGCCAG,0.8001828989483311,0.8404071117868154,0.9521429238677439,-0.35445111779918864,70,199
6,ACACAT,0.594421582075903,0.6292495460112336,0.944660381252251,-0.35466334656554094,52,149
5,ACGTT,2.8349336991312297,2.9097512563875165,0.974288184974386,-0.35697421778743677,248,689
6,TCGCTG,1.29172382258802,1.3429621183326999,0.961849645637919,-0.3576001140845414,113,318
6,ATGTGT,0.4343850022862369,0.4645466447062798,0.9350869251641551,-0.35764614232720326,38,110
6,TATGCC,0.3772290809327846,0.40542252628911696,0.9304762534048926,-0.3579768425950279,33,96
6,GTCGCT,0.7544581618655692,0.7939524473161874,0.950262371731106,-0.35806434278496874,66,188
6,CAATAC,0.7544581618655692,0.7939524473161874,0.950262371731106,-0.35806434278496874,66,188
6,GCTAGC,0.49154092363968904,0.5236707631234427,0.9386566762677794,-0.3587629533679031,43,124
5,AGGCT,3.235025148605396,3.315173782676633,0.9758244297982147,-0.3589375119922837,283,785
6,AAATCA,1.623228166438043,1.6808142235736308,0.96574122800082,-0.3596690640155839,142,398
5,ACGGA,4.538180155464106,4.632796993116264,0.9795771764853087,-0.3607211118037508,397,1097
6,CAGATG,0.5486968449931412,0.5827948815406057,0.9415022543046828,-0.36087608259948517,48,138
6,GTGGTA,0.7087334247828074,0.7474977828455593,0.9481481099165325,-0.362223065237049,62,177
6,GTCATG,0.7087334247828074,0.7474977828455593,0.9481481099165325,-0.362223065237049,62,177
6,CGACAG,1.0631001371742113,1.11068879597956,0.9571577792487704,-0.3650158028687956,93,263
6,TGATAT,1.2574302697759487,1.3091769078086068,0.9604769336997865,-0.3657837943574355,110,310
6,TGTGGC,0.7658893461362597,0.8066219012627222,0.9495085542332423,-0.36643966069892053,67,191
6,TAGTCC,0.2629172382258802,0.2871742894547912,0.9155613567961558,-0.36649125218093803,23,68
6,AATAGA,1.0173754000914494,1.0642341315089319,0.9559736646319424,-0.3671512402723525,89,252
6,GAACAA,1.4974851394604483,1.5541196841082816,0.96356078537229,-0.36773480338355236,131,368
6,AGACTA,0.3886602652034751,0.41809198023565186,0.9296215221162492,-0.36805971087534245,34,99
6,TATGCG,0.3886602652034751,0.41809198023565186,0.9296215221162492,-0.36805971087534245,34,99
6,AGCAAG,1.4060356652949246,1.4612103551670257,0.9622430035638839,-0.369362783947514,123,346
5,CAGAG,2.732053040695016,2.808395624815237,0.9728172679189261,-0.37064515014288524,239,665
6,TCACAT,0.720164609053498,0.7601672367920942,0.9473834649150671,-0.37072751990630004,63,180
6,CGGAAT,0.823045267489712,0.8657460196798852,0.9506832032259498,-0.37084685810011936,72,205
6,AGGGAG,2.1033379058070416,2.1706997761729805,0.9689691001881828,-0.3709775983360169,184,514
5,CCGTA,2.2862368541380884,2.356518434055492,0.970176937045996,-0.3717741502842899,200,558
6,CCGTGA,0.9259259259259258,0.971324802567676,0.9532656809649583,-0.37230051700870176,81,230
6,CTCTGC,0.6172839506172839,0.6545884539043034,0.9430194574769875,-0.37258750101832955,54,155
6,TAGTTT,0.6172839506172839,0.6545884539043034,0.9430194574769875,-0.37258750101832955,54,155
6,ACCAAG,1.2688614540466392,1.3218463617551417,0.9599190184704963,-0.3727892324995584,111,313
5,GTTGA,3.6236854138088708,3.712150006334727,0.9761695488248645,-0.37514606742444073,317,879
6,TAAGAG,0.6744398719707362,0.7137125723214663,0.9449817755058486,-0.3756570988021812,59,169
5,ACGGG,4.149519890260631,4.244267072089193,0.9776769586090666,-0.37672025360158995,363,1005
5,CGCCC,10.996799268404207,11.144896321635205,0.9867117898510649,-0.3767316581491598,962,2639
5,GGTAC,1.931870141746685,1.9975505722370033,0.9671211615268789,-0.37683117146271117,169,473
6,GCGGAC,1.2802926383173296,1.3345158157016765,0.9593716957746083,-0.3797382344957798,112,316
5,CGGCA,8.81344307270233,8.948857637569155,0.9848681186847582,-0.3798592595838712,771,2119
5,CTGAT,5.532693187014175,5.642130157523544,0.9806039513713487,-0.3800208614904064,484,1336
6,AGCCCG,1.5660722450845908,1.6259132564719794,0.9631977100129996,-0.38003513580802334,137,385
6,GGAATG,0.9373571101966164,0.9839942565142109,0.9526090656368736,-0.3800427620424319,82,233
6,TAACGC,0.6287151348879744,0.6672579078508383,0.9422457237571559,-0.38134695207392255,55,158
6,AATCAG,1.0402377686328304,1.0895730394020018,0.9547247027454714,-0.38214713926439864,91,258
6,TGCGCT,1.4288980338363055,1.4865492630600954,0.9612206922935396,-0.38273960347445946,125,352
6,GATATT,1.3831732967535437,1.4400945985894675,0.960476659271134,-0.3838892349344608,121,341
6,ACGACT,0.6858710562414266,0.7263820262680012,0.94423678967712,-0.3841703886479442,60,172
5,CACAA,4.12665752171925,4.223151315511635,0.977151775591007,-0.3846069269509845,361,1000
6,GTTTCA,0.9945130315500686,1.0431183749313737,0.9534082752477375,-0.3847645713403819,87,247
6,TTTCGG,0.9945130315500686,1.0431183749313737,0.9534082752477375,-0.3847645713403819,87,247
6,TACGAT,0.5258344764517604,0.5616791249630475,0.9361944100118621,-0.38666589675667107,46,133
6,AGTTCC,0.5829903978052127,0.6208032433802103,0.9391002608246274,-0.38794736144808645,51,147
6,CCGTTG,1.0516689529035208,1.1022424933485366,0.9541217536744039,-0.3895371607532348,92,261
6,TATGTC,0.3543667123914037,0.3843067697115588,0.9221136054845738,-0.3908654570950415,31,91
6,GTGAGG,1.108824874256973,1.1613666117656996,0.9547625932794995,-0.39434335007994575,97,275
6,TAAATC,0.9602194787379973,1.0093331644072807,0.951345282282139,-0.3952857365489864,84,239
6,GTGGGT,0.5372656607224509,0.5743485789095824,0.9354460615821834,-0.39565198926388645,47,136
6,ATCACG,1.0631001371742113,1.1149119472950715,0.9535325067623251,-0.3968575335783025,93,264
6,ACTAGA,0.2972107910379515,0.3251826512943959,0.9140075250089851,-0.3973101318833394,26,77
5,CATCA,5.498399634202103,5.612568098314963,0.9796587893470603,-0.3974797479961464,481,1329
6,GGCAGG,1.9775948788294466,2.048228388023143,0.965516511118676,-0.40039211465532776,173,485
5,GGCAT,5.635573845450389,5.751932091726847,0.9797709323555729,-0.40045409247957553,493,1362
6,TTAGGC,0.36579789666209417,0.3969762236580937,0.9214802470196606,-0.40054286772351194,32,94
6,CACGTT,0.7087334247828074,0.751720934161071,0.9428221436448405,-0.40085367029929386,62,178
6,GACCTG,1.5089163237311385,1.5710122893703282,0.9604764305776791,-0.4012229064613198,132,372
6,GTGAAT,1.0745313214449017,1.1275814012416066,0.9529565001796648,-0.4041099075435587,94,267
6,GAGCGC,2.3548239597622316,2.4325351577347014,0.9680547254587755,-0.40487142772719414,206,576
6,CTGTCT,0.6058527663465935,0.6461421512732801,0.9376559005826143,-0.4053003431307007,53,153
6,AATAGG,0.9259259259259258,0.9755479538831876,0.9491394126746635,-0.4062867887934132,81,231
6,GGTTTC,1.02880658436214,1.0811267367709785,0.9516103786287327,-0.4070019163821826,90,256
6,ATTGGG,0.720164609053498,0.7643903881076058,0.9421499867858601,-0.4090315122644267,63,181
6,GATGCA,0.9830818472793781,1.0346720723003504,0.9501433925383349,-0.4102205582611588,86,245
6,ACCCGG,1.4288980338363055,1.490772414375607,0.9584978701445656,-0.41035311332340896,125,353
6,AATCAA,1.6689529035208046,1.735715190675282,0.961538366807065,-0.41067855835203904,146,411
6,AGACAG,1.0859625057155922,1.1402508551881414,0.9523932926208115,-0.41129587381407895,95,270
6,GATGAG,1.0859625057155922,1.1402508551881414,0.9523932926208115,-0.41129587381407895,95,270
6,CACAAT,0.7773205304069501,0.8235145065247689,0.943913110136035,-0.41163462268968476,68,195
5,GTGGA,3.7608596250571558,3.8599603023776345,0.9743266504776008,-0.412538608410457,329,914
5,AGAAC,4.903978052126201,5.017103762827822,0.9774524384399605,-0.41538414264044843,429,1188
6,GATTAG,0.4458161865569273,0.4814392499683263,0.9260225134010526,-0.4154785458489806,39,114
5,AACTC,2.1033379058070416,2.1791460788040036,0.9652135783405579,-0.41690965950421227,184,516
6,ACTTTA,0.7315957933241883,0.7770598420541408,0.9414997452650349,-0.4171050499665256,64,184
5,ACGTC,3.017832647462277,3.108239368216563,0.9709147843769202,-0.41796383531504977,264,736
6,CATAGT,0.2514860539551898,0.27872798682376787,0.9022984271453487,-0.41852628728576374,22,66
6,ACGTAG,0.2514860539551898,0.27872798682376787,0.9022984271453487,-0.41852628728576374,22,66
5,GAAAT,5.818472793781436,5.94197390092487,0.9792158244406535,-0.4186338380442662,509,1407
6,GATAAA,1.9204389574759946,1.9933274209214917,0.9634356070953397,-0.41882585985807114,168,472
5,ATCGG,5.475537265660722,5.595675493052916,0.9785305490648537,-0.41891753337423343,479,1325
6,AGAATC,1.2002743484224965,1.2584990920224672,0.9537384509737663,-0.4200555477099699,105,298
6,CCAGCG,1.7832647462277091,1.8539634275096077,0.9618682509816497,-0.4210273600176041,156,439
6,TGAATG,0.9487882944673068,1.0008868617762574,0.9479527960871521,-0.4212504512220441,83,237
5,TAAAC,3.4293552812071333,3.526331348452215,0.9725002253942515,-0.421734789431564,300,835
6,ATCTTA,0.51440329218107,0.5532328223320241,0.9298260855242476,-0.4223997579634449,45,131
6,CTGCTA,0.51440329218107,0.5532328223320241,0.9298260855242476,-0.4223997579634449,45,131
6,GGCCGG,3.5208047553726565,3.619240677393471,0.9728028028321155,-0.4227384232601349,308,857
6,GAGCCG,2.06904435299497,2.1453608682799103,0.9644288477066814,-0.4229690546039981,181,508
6,ATCAAC,1.4517604023776864,1.5161113222686768,0.9575580798363229,-0.42330346376480305,127,359
6,ACAGTT,0.4572473708276178,0.4941087039148613,0.9254134279804314,-0.42443499068509677,40,117
6,GTGACT,0.4572473708276178,0.4941087039148613,0.9254134279804314,-0.42443499068509677,40,117
5,GTACT,1.4060356652949246,1.469656657798049,0.9567132476212493,-0.42501399594607625,123,348
5,GGTCT,2.4919981710105166,2.576122302462097,0.9673459346380229,-0.4262439298217732,218,610
6,CCCCAA,1.211705532693187,1.271168545969002,0.9532254507009057,-0.42690230186202144,106,301
6,GGGCCC,0.8001828989483311,0.8488534144178386,0.9426699808930237,-0.42730673909969885,70,201
6,ACGTCA,0.8001828989483311,0.8488534144178386,0.9426699808930237,-0.42730673909969885,70,201
5,CGGGA,5.15546410608139,5.274715993074032,0.9773922185818003,-0.4276319747736242,451,1249
6,TAGCTG,0.2629172382258802,0.29139744077030283,0.9022969036394911,-0.42795901472442816,23,69
6,ACGCGC,2.0804755372656607,2.1580303222264456,0.9640639009785216,-0.42861663630339936,182,511
6,TCTAGT,0.18289894833104708,0.2069344144600701,0.883905938093888,-0.4295044280417983,16,49
6,ATACGA,0.6401463191586648,0.6841505131128849,0.9356899364911979,-0.4303944421186745,56,162
6,CGGTAC,0.6401463191586648,0.6841505131128849,0.9356899364911979,-0.4303944421186745,56,162
6,CTCTCT,0.5258344764517604,0.565902276278559,0.9292091189275019,-0.4310265634223068,46,134
6,AATAAT,2.6406035665294922,2.728155749820516,0.9679090996887725,-0.4313769682046759,231,646
6,TCTGAT,1.0173754000914494,1.0726804341399552,0.9484470146094306,-0.4320786445815756,89,254
6,TAAGCT,0.4686785550983082,0.5067781578613961,0.9248347908226375,-0.4332358595366445,41,120
6,GGGGTT,0.8116140832190215,0.8615228683643734,0.9420758350575186,-0.4350068610623939,71,204
6,TCCTTC,0.8116140832190215,0.8615228683643734,0.9420758350575186,-0.4350068610623939,71,204
6,CCACTA,0.3429355281207133,0.3758604670805355,0.9124244652223786,-0.43519701953163964,30,89
6,ATTCGC,1.0745313214449017,1.131804552557118,0.9494010064869615,-0.43568361670656347,94,268
6,CTGCGG,1.4746227709190671,1.5414502301617468,0.9566491847393985,-0.4360748765105888,129,365
5,GCGAG,4.8353909465020575,4.953756493095147,0.9761063836310011,-0.43732520716267936,423,1173
6,AATACG,0.8687700045724738,0.9206469867815363,0.9436577225298363,-0.4374363346177684,76,218
6,CTAGTC,0.19433013260173754,0.21960386840660498,0.8849645389124716,-0.43837271218956564,17,52
6,CCAACT,0.6515775034293553,0.6968199670594197,0.935082268024318,-0.438528232663567,57,165
6,GGCTAC,0.7087334247828074,0.7559440854765827,0.9375556775052142,-0.4393266058983337,62,179
6,GGTCCG,1.131687242798354,1.190928670974281,0.9502602837197307,-0.43940558184607054,99,282
6,CACCGT,1.131687242798354,1.190928670974281,0.9502602837197307,-0.43940558184607054,99,282
6,TTAACG,0.5372656607224509,0.578571730225094,0.9286191680962612,-0.4395180244856187,47,137
5,GCCCG,9.910836762688614,10.076439038810761,0.9835655600117944,-0.4405708230102246,867,2386
6,GCGGGT,1.440329218106996,1.5076650196376538,0.955340652784981,-0.444290750418136,126,357
6,CATTCA,1.29172382258802,1.3556315722792347,0.9528610596684903,-0.4444988374841406,113,321
6,TACGGA,0.6058527663465935,0.6503653025887918,0.9315681619526169,-0.44670812447064195,53,154
6,TATTGG,0.720164609053498,0.7686135394231176,0.936974011923898,-0.4471817669617987,63,182
6,ACGAGC,0.7773205304069501,0.8277376578402804,0.9390978086635224,-0.44842241225657153,68,196
6,AATTTG,1.0973936899862824,1.157143460450188,0.9483688847628815,-0.44963839852238313,96,274
6,TTTTAG,1.0973936899862824,1.157143460450188,0.9483688847628815,-0.44963839852238313,96,274
6,ATCATT,1.2002743484224965,1.2627222433379788,0.9505489428580102,-0.4499720771413753,105,299
5,TGCCC,5.441243712848651,5.570336585159846,0.9768253582394044,-0.45120282751809476,476,1319
5,ATACT,2.686328303612254,2.7788335656066554,0.9667119562916909,-0.45179417592718174,235,658
6,ATGGGC,0.8916323731138546,0.9459858946746061,0.9425490625463285,-0.4522640831365137,78,224
6,TTCTAC,0.36579789666209417,0.4011993749736053,0.9117828720420021,-0.4530099363481959,32,95
6,AAACCG,1.2574302697759487,1.3218463617551417,0.9512717808809822,-0.45374464278841203,110,313
6,TCTTGT,0.4343850022862369,0.47299294733730307,0.9183924738925779,-0.4547512772546675,38,112
6,TACAAG,0.6172839506172839,0.6630347565353267,0.9310082823028663,-0.45479026989544136,54,157
6,GGTAGG,0.6172839506172839,0.6630347565353267,0.9310082823028663,-0.45479026989544136,54,157
5,TGTCT,2.1833561957018746,2.267832256429748,0.9627519470705629,-0.455758350737907,191,537
6,CACCTC,0.8459076360310928,0.8995312302039782,0.9403938054032128,-0.45759522797247254,74,213
6,GCGTAG,0.5029721079103796,0.5447865197010009,0.9232603298507616,-0.45877590567439397,44,129
6,ACGGCA,1.4174668495656149,1.4865492630600954,0.9535314648780827,-0.4591041828796855,124,352
6,TAATTG,0.903063557384545,0.9586553486211411,0.942016708103327,-0.4595628113638071,79,227
6,GTGGTT,0.903063557384545,0.9586553486211411,0.942016708103327,-0.4595628113638071,79,227
6,AAATAC,1.1659807956104253,1.2289370328138858,0.9487759640087314,-0.45986076127864894,102,291
6,CCGTTA,0.6287151348879744,0.6757042104818616,0.9304693950332403,-0.46276262708618954,55,160
5,GTACA,1.8175582990397805,1.8961949406647238,0.958531428872885,-0.4633608708077467,159,449
6,AAAATG,1.771833561957019,1.8497402761940962,0.9578846264514446,-0.46472002536825296,155,438
5,CAGAC,3.85230909922268,3.965539085265425,0.9714472286538989,-0.4654677239625042,337,939
6,GAAACG,1.1774119798811158,1.2416064867604206,0.9483013839713549,-0.4665665465932022,103,294
5,TAGCC,2.2062185642432555,2.2931711643228176,0.9620835941984043,-0.4666219301359791,193,543
6,GATAAT,1.4860539551897578,1.5583428354237931,0.9536146731911551,-0.4693802576674756,130,369
6,GAGGTG,2.3548239597622316,2.4452046116812367,0.9630391029864924,-0.470000294261073,206,579
6,CGAACA,1.131687242798354,1.1951518222897928,0.9469027544590084,-0.4701203373524193,99,283
6,TACAGC,0.3886602652034751,0.42653828286667517,0.9112174898870081,-0.47017803629061783,34,101
6,GCTAGA,0.3886602652034751,0.42653828286667517,0.9112174898870081,-0.47017803629061783,34,101
6,GCCGTA,0.7544581618655692,0.8066219012627222,0.9353386348932594,-0.47018208356576635,66,191
6,GTGGAA,1.02880658436214,1.0895730394020018,0.944234230964171,-0.4713606460765566,90,258
6,CCACCT,1.02880658436214,1.0895730394020018,0.944234230964171,-0.4713606460765566,90,258
6,GACAGG,1.440329218106996,1.5118881709531653,0.9526722799682631,-0.4716750420992503,126,358
6,TTGAGG,1.440329218106996,1.5118881709531653,0.9526722799682631,-0.4716750420992503,126,358
5,CGACG,6.8015546410608145,6.95130706533215,0.9784572500410489,-0.4718887256428235,595,1646
6,TAACTG,0.5258344764517604,0.5701254275940707,0.9223272954887589,-0.47514618461870906,46,135
6,GGAGGA,3.2007315957933242,3.30672748004561,0.9679463519364416,-0.4757689540994368,280,783
6,GGCAAA,1.1431184270690442,1.2078212762363276,0.9464345479790818,-0.4768328569157085,100,286
6,TTGATG,1.1431184270690442,1.2078212762363276,0.9464345479790818,-0.4768328569157085,100,286
5,ATAGC,2.229080932784637,2.3185100722158873,0.9614298495021271,-0.47738512974881775,195,549
6,CGTGAT,1.0402377686328304,1.1022424933485366,0.9437518510899845,-0.47825505728757567,91,261
6,ACGAGA,1.0402377686328304,1.1022424933485366,0.9437518510899845,-0.47825505728757567,91,261
6,CTTCAT,1.0402377686328304,1.1022424933485366,0.9437518510899845,-0.47825505728757567,91,261
6,TGACTT,0.6515775034293553,0.7010431183749314,0.9294500457193039,-0.47839377925950066,57,166
6,CTTAAG,0.40009144947416553,0.43920773681320996,0.9109592568917666,-0.47854094955583304,35,104
6,TTTCAT,1.5546410608139003,1.630136407787491,0.9536905527241593,-0.4794518637769703,136,386
6,TGTTGC,0.8802011888431641,0.937539592043583,0.9388481419865707,-0.47946576863625534,77,222
6,ATTGCC,1.3031550068587106,1.3725241775412813,0.949462371552548,-0.4797667547593575,114,325
6,CTATGC,0.4686785550983082,0.5110013091769079,0.9171930235382151,-0.47977766959039053,41,121
6,ATTAGT,0.4686785550983082,0.5110013091769079,0.9171930235382151,-0.47977766959039053,41,121
6,GGTTAC,0.4686785550983082,0.5110013091769079,0.9171930235382151,-0.47977766959039053,41,121
6,GGGGCA,1.2002743484224965,1.2669453946534905,0.9473806964515056,-0.4798162849704344,105,300
6,TTCAGG,1.4060356652949246,1.478102960429072,0.951246684614115,-0.4804348336421596,123,350
6,AAAGAT,1.0973936899862824,1.1613666117656996,0.9449205675553917,-0.4807773712430622,96,275
6,TATCTA,0.5372656607224509,0.5827948815406057,0.921891198121658,-0.4831509286376194,47,138
5,AACTA,2.57201646090535,2.669031631403353,0.9636529089249167,-0.48339416199298313,225,632
5,GAGGC,6.927297668038408,7.082224756113012,0.9781248257585363,-0.4840201184584733,606,1677
6,CAGACG,0.8916323731138546,0.9502090459901178,0.9383603964169017,-0.4866066382079434,78,225
6,CCAGGG,1.108824874256973,1.1740360657122344,0.9444602773395738,-0.4874930022598247,97,278
6,CCGTCA,1.3717421124828533,1.444317749904979,0.9497543993578725,-0.4894653675555478,120,342
6,CCGAGC,1.4746227709190671,1.5498965327927698,0.9514361740293218,-0.49021429836787567,129,367
6,TGTAAG,0.5486968449931412,0.5954643354871405,0.921473654973403,-0.4910419218071604,48,141
6,CAGGTG,1.3260173754000915,1.3978630854343512,0.9486068618099904,-0.492489869636585,116,331
6,TCCCTT,0.7315957933241883,0.7855061446851641,0.9313773807324528,-0.4926277071723098,64,186
6,TAAACG,0.7315957933241883,0.7855061446851641,0.9313773807324528,-0.4926277071723098,64,186
6,AATTGA,1.4288980338363055,1.503441868322142,0.9504211781152309,-0.4928563979827102,125,356
6,CTGGAC,1.1202560585276635,1.1867055196587695,0.9440098145564646,-0.4941523262471844,98,281
5,TCACC,5.086877000457248,5.224038177287892,0.9737447264647483,-0.4943339180078107,445,1237
6,AGAGTA,0.4229538180155464,0.4645466447062798,0.9104850381153063,-0.49486012191202716,37,110
5,GCACG,5.704160951074531,5.8490645719836145,0.9752266124288683,-0.4950765938850927,499,1385
6,GCGGCA,2.8349336991312297,2.939313315596098,0.9644896429123986,-0.496227806492386,248,696
6,AAACAA,1.5889346136259717,1.6681447696270957,0.9525188644716508,-0.4974529439593812,139,395
6,CGGATC,1.0745313214449017,1.1402508551881414,0.9423690231438491,-0.49857575547408206,94,270
5,TCTTA,1.8404206675811614,1.9257569998733053,0.9556891647210786,-0.4992280837869405,161,456
6,TCAGGA,1.8404206675811614,1.9257569998733053,0.9556891647210786,-0.4992280837869405,161,456
6,CAAGGA,3.715134887974394,3.8346213944845644,0.968840889801792,-0.499334120336567,325,908
6,GGTGTG,0.8573388203017833,0.9164238354660247,0.9355335749296706,-0.4999035550147613,75,217
5,ACGCC,7.670324645633288,7.838168841589595,0.9785865732155382,-0.5004463943544695,671,1856
6,AATGCT,0.6287151348879744,0.6799273617973732,0.9246909318853872,-0.5031924697795818,55,161
6,GCTCAG,0.5029721079103796,0.5490096710165125,0.916159620680313,-0.5036653757088666,44,130
6,TCTAGC,0.28577960676726105,0.32095949997888423,0.8904256276050485,-0.5046000594658916,25,76
6,GATGGC,1.5546410608139003,1.6343595591030027,0.9512263868230229,-0.5057957175824525,136,387
6,ATTGTG,0.5715592135345221,0.6208032433802103,0.9206896881749197,-0.5065003755906653,50,147
6,AACAGG,1.80612711476909,1.8919717893492123,0.9546292719634867,-0.5066517960078051,158,448
6,GGTCAT,0.8687700045724738,0.9290932894125596,0.9350799392037985,-0.5069515528419009,76,220
6,CCCCGA,1.5089163237311385,1.5879048946323748,0.9502592396482994,-0.5083902507734659,132,376
5,CTTTA,2.5377229080932784,2.6394695721947716,0.9614533122470829,-0.509872821723831,222,625
6,CTACCC,0.51440329218107,0.5616791249630475,0.9158462273138269,-0.5113997510639373,45,133
6,AGTCCC,0.51440329218107,0.5616791249630475,0.9158462273138269,-0.5113997510639373,45,133
6,TTTTTT,3.337905807041609,3.4545377760885168,0.9662390164739751,-0.5126907640854459,292,818
5,TACTA,1.623228166438043,1.7061531314667007,0.9513993770916189,-0.5151248010068856,142,404
5,GCCCA,5.2812071330589845,5.4267494404324506,0.9731810677685085,-0.5152340750197487,462,1285
6,TGTCCC,0.7087334247828074,0.7643903881076058,0.9271973013780201,-0.5158053144346381,62,181
6,AAGAGG,1.8747142203932328,1.9637653617129103,0.9546551698218222,-0.5160641808328782,164,465
5,CCTTG,3.3036122542295385,3.4207525655644244,0.9657569833572882,-0.5174050275906817,289,810
6,AAGGTT,0.6515775034293553,0.705266269690443,0.9238852656157636,-0.5180846210424565,57,167
6,TGTTAG,0.3886602652034751,0.4307614341821867,0.9022860584897244,-0.52068300765729,34,102
6,CGCAGT,0.9487882944673068,1.0135563157227923,0.9361045551131377,-0.5212778197749239,83,240
6,CACATT,0.7773205304069501,0.8361839604713037,0.9296131064965303,-0.5215902047255758,68,198
6,TCACGA,0.720164609053498,0.7770598420541408,0.9267908222711805,-0.5230266708368124,63,184
6,CAGTGA,0.720164609053498,0.7770598420541408,0.9267908222711805,-0.5230266708368124,63,184
6,GCCTGC,2.6634659350708736,2.7703872629756323,0.9614070314151452,-0.5233423023129863,233,656
6,TGTGTA,0.3200731595793324,0.35896786181848894,0.8916786870254123,-0.5275277628661479,28,85
6,AACCGT,0.8459076360310928,0.9079775328350016,0.9316469193878989,-0.5278519502489274,74,215
6,TTGATC,0.9602194787379973,1.0262257696693273,0.9356868034672884,-0.5280175874724218,84,243
6,TACCTT,0.40009144947416553,0.44343088812872167,0.9022854105214468,-0.528317344822537,35,105
6,TCAGTG,0.40009144947416553,0.44343088812872167,0.9022854105214468,-0.528317344822537,35,105
6,CTCCAG,0.6058527663465935,0.658811605219815,0.9196267929511512,-0.5289388597615198,53,156
6,AACACC,1.3946044810242342,1.4738798091135605,0.9462168154548861,-0.5295912975505093,122,349
6,CTGGGT,0.5486968449931412,0.5996874868026522,0.914985485807095,-0.5339810192888738,48,142
5,GTGGT,3.6236854138088708,3.750158368174332,0.9662762023441521,-0.5343960411924061,317,888
6,ACAGAA,0.9716506630086876,1.0388952236158622,0.9352792399053066,-0.5346962759144325,85,246
6,CGAGAG,0.8573388203017833,0.9206469867815363,0.9312426025948277,-0.5347280700928763,75,218
6,TGCCCT,0.8573388203017833,0.9206469867815363,0.9312426025948277,-0.5347280700928763,75,218
6,AACGCA,1.2459990855052583,1.3218463617551417,0.942624543291468,-0.534889779899975,109,313
6,GTCGTA,0.33150434385002286,0.37163731576502385,0.8920394315743939,-0.534969919487548,29,88
6,ACAGCA,1.02880658436214,1.098019342033025,0.9369715521604903,-0.53535851033011,90,260
6,CCCTAG,0.24005486968449932,0.2745048355082563,0.8745471260183939,-0.5353678647985655,21,65
6,TGGGGA,0.8001828989483311,0.8615228683643734,0.928808795973017,-0.5356079013706032,70,204
6,GGGACG,1.0859625057155922,1.157143460450188,0.9384909423407715,-0.5363791221485362,95,274
6,TGAATT,1.2574302697759487,1.3345158157016765,0.9422413963488063,-0.5410978766867981,110,316
6,CGGTCT,0.9830818472793781,1.0515646775623972,0.9348814962182128,-0.5413153682855593,86,249
6,TAAGAA,0.8687700045724738,0.9333164407280712,0.9308492615522705,-0.5415369973068782,76,221
6,TCAGCA,0.8116140832190215,0.8741923223109084,0.9284241237227366,-0.5425086381452213,71,207
5,TGGGA,3.040695016003658,3.1589171840027026,0.9625762820798434,-0.5428935555907395,266,748
5,TGATG,5.052583447645176,5.202922420710334,0.9711054535404763,-0.5430496775049035,442,1232
6,AATCGA,1.314586191129401,1.3936399341188395,0.9432794160128457,-0.5430990889160678,115,330
6,TGGCTT,0.6287151348879744,0.6841505131128849,0.9189837973628747,-0.5434395442604146,55,162
6,TTCAGC,0.8802011888431641,0.9459858946746061,0.9304664553168633,-0.5482805167463721,77,224
6,CTCTAA,0.2629172382258802,0.2998437434013261,0.8768885633128941,-0.5489600377599149,23,71
6,CCGGGA,1.4860539551897578,1.5710122893703282,0.9459247217685375,-0.550019552746782,130,372
6,GCTATT,0.6401463191586648,0.6968199670594197,0.9186798332958037,-0.5505618166231321,56,165
5,ATCAT,4.218106995884774,4.358292157608007,0.9678355786597758,-0.5510735124416268,369,1032
6,CCTCGA,0.7658893461362597,0.8277376578402804,0.9252893231924545,-0.5511304414962049,67,196
6,TGATGC,1.3831732967535437,1.4654335064825375,0.943870126909327,-0.5512641456240356,121,347
6,CGGAGT,0.9487882944673068,1.017779467038304,0.9322206854493894,-0.5544184361470634,83,241
6,AGGGTG,0.9487882944673068,1.017779467038304,0.9322206854493894,-0.5544184361470634,83,241
6,TATACT,0.9487882944673068,1.017779467038304,0.9322206854493894,-0.5544184361470634,83,241
6,TGTAAA,1.0631001371742113,1.1360277038726296,0.9358104142255875,-0.5547678278273152,93,269
5,CGGGT,4.092363968907179,4.231597618142658,0.9670974484002498,-0.5551553695453298,358,1002
5,GTTTC,4.092363968907179,4.231597618142658,0.9670974484002498,-0.5551553695453298,358,1002
5,GATAA,5.269775948788294,5.4267494404324506,0.9710746551259313,-0.5558516450883432,461,1285
5,ACAGT,2.0118884316415184,2.1115756577558176,0.9527923591162472,-0.557669523817339,176,500
6,CAAATC,0.7773205304069501,0.8404071117868154,0.924942239637032,-0.5579724998847255,68,199
6,ACCGAG,1.0173754000914494,1.0895730394020018,0.9337437591828707,-0.5608290896136889,89,258
6,CGTAGT,0.28577960676726105,0.3251826512943959,0.8788652134679227,-0.562405913533731,25,77
6,TGTCTT,0.594421582075903,0.6503653025887918,0.9139943048610927,-0.5627787359161988,52,154
6,TAGGGG,0.594421582075903,0.6503653025887918,0.9139943048610927,-0.5627787359161988,52,154
6,AGTGCA,0.594421582075903,0.6503653025887918,0.9139943048610927,-0.5627787359161988,52,154
6,TCCACC,1.4060356652949246,1.490772414375607,0.943162977419385,-0.5631389231888356,123,353
6,GTATTG,0.6630086877000457,0.7221588749524895,0.9181038969492279,-0.5645642663458001,58,171
6,GAGAGG,1.4631915866483767,1.5498965327927698,0.9440611999381902,-0.5652201874830397,128,367
5,CACAG,3.5665294924554183,3.6994805523881924,0.9640632071527812,-0.5656196306604357,312,876
5,TTACT,2.229080932784637,2.335402677477934,0.9544758626403664,-0.5660763558135158,195,553
6,GGCGCT,2.377686328303612,2.487436124836353,0.955880119513858,-0.5665189203766475,208,589
6,TGAGGT,1.0859625057155922,1.1613666117656996,0.9350785418312838,-0.567442874225999,95,275
6,GATGGG,0.9144947416552356,0.9839942565142109,0.929377176628231,-0.568135405011504,80,233
5,AGGTA,2.8692272519433013,2.9899911313822374,0.9596119736380374,-0.5697477690738451,251,708
5,CCGGA,7.304526748971194,7.49187043371764,0.974994070464653,-0.5705423801114932,639,1774
6,GCCAAA,0.8001828989483311,0.8657460196798852,0.924278544635692,-0.5714506427641284,70,205
6,CAGTAT,0.4686785550983082,0.5194476118079311,0.9022821863564037,-0.5720239965137052,41,123
6,CATCTA,0.4686785550983082,0.5194476118079311,0.9022821863564037,-0.5720239965137052,41,123
5,CAGCG,6.344307270233196,6.520545631149964,0.9729722529200399,-0.5724819415532056,555,1544
6,CACCCT,1.1545496113397347,1.2331601841293973,0.9362579171846397,-0.5742070913605656,101,292
6,GCTGTA,0.7430269775948789,0.8066219012627222,0.9211687155532765,-0.5743275362443541,65,191
6,GTGGTG,1.211705532693187,1.2922843025465602,0.9376510766227988,-0.5750223479159565,106,306
5,CACCG,7.670324645633288,7.863507749482664,0.9754332731230032,-0.5753723415364874,671,1862
6,ACTCGT,0.30864197530864196,0.3505215591874657,0.8805561643845405,-0.5756784175310797,27,83
6,TCTGTC,0.6172839506172839,0.6757042104818616,0.9135544600662922,-0.5766741221993579,54,160
6,TCGTTA,0.40009144947416553,0.4476540394442333,0.8937751850790581,-0.5777477593027547,35,106
5,AGGTT,3.1778692272519433,3.30672748004561,0.9610326654259299,-0.5789145022459565,278,783
6,CTGACG,1.9090077732053041,2.010220026183538,0.9496536612778121,-0.5802468367782135,167,476
6,TCGTCA,0.9373571101966164,1.0093331644072807,0.928696562834918,-0.5810745698866773,82,239
6,CGACGC,2.366255144032922,2.47898982220533,0.9545257791135127,-0.5829972943272942,207,587
6,AGTAAC,0.6287151348879744,0.6883736644283964,0.9133466788595996,-0.5835057350643275,55,163
6,GAGTAG,0.5601280292638318,0.6165800920646987,0.9084581073278035,-0.5835906629360684,49,146
6,AATAGT,0.823045267489712,0.8910849275729549,0.9236525910861829,-0.5846667679342888,72,211
6,CGGCTG,2.274805669867398,2.3860804932640733,0.9533669713121904,-0.5863590812208455,199,565
5,GTAGG,1.8747142203932328,1.9764348156594451,0.9485358950116572,-0.5881124739067446,164,468
5,TGGGC,3.9551897576588932,4.1006799273617975,0.9645213417252303,-0.5890880448936815,346,971
6,TGCGAC,0.6401463191586648,0.7010431183749314,0.9131464067458729,-0.5902632967456596,56,166
6,GTTGGT,0.5715592135345221,0.6292495460112336,0.9083334009814608,-0.5904039819402389,50,149
6,CGTCTA,0.4229538180155464,0.47299294733730307,0.8942298133941953,-0.5913611003203042,37,112
6,TCAGTT,0.5029721079103796,0.5574559736475357,0.9022809039588935,-0.5926925103347432,44,132
5,TATTG,3.4522176497485138,3.5896786181848896,0.96170767530342,-0.5935317451978523,302,850
6,TCCAGA,0.7773205304069501,0.8446302631023269,0.9203180759167106,-0.5942218987434676,68,200
6,TTTGTG,0.7773205304069501,0.8446302631023269,0.9203180759167106,-0.5942218987434676,68,200
6,TCGTAC,0.3429355281207133,0.3885299210270704,0.8826791493926656,-0.5952317670520045,30,92
6,CATTAA,0.903063557384545,0.9755479538831876,0.9257064023860794,-0.5953682165115969,79,231
6,ACGGCT,0.903063557384545,0.9755479538831876,0.9257064023860794,-0.5953682165115969,79,231
5,ACGAT,4.023776863283037,4.172473499725495,0.9643633272242559,-0.5971023641606165,352,988
6,GGGTCA,0.5829903978052127,0.6419189999577685,0.9082136164873125,-0.5971423152318492,51,152
6,CTCTGA,0.5829903978052127,0.6419189999577685,0.9082136164873125,-0.5971423152318492,51,152
6,CATTAC,0.5829903978052127,0.6419189999577685,0.9082136164873125,-0.5971423152318492,51,152
6,AGGTTA,0.720164609053498,0.7855061446851641,0.9168265980686137,-0.5982732586647511,63,186
6,TCACTG,0.720164609053498,0.7855061446851641,0.9168265980686137,-0.5982732586647511,63,186
6,CGTAAC,0.51440329218107,0.5701254275940707,0.9022805144833563,-0.5994269871927004,45,135
6,GTCCTG,0.9144947416552356,0.9882174078297226,0.9254058811567664,-0.6017072177712304,80,234
5,TATCT,2.5605852766346593,2.681701085349888,0.9548378851150225,-0.6027957327677859,224,635
6,GTTCTT,0.594421582075903,0.6545884539043034,0.9080984681040442,-0.6038081120223971,52,155
6,AACGTT,0.7315957933241883,0.798175598631699,0.9165954647472213,-0.604810306418243,64,189
6,TTGCCG,2.217649748513946,2.3311795261624226,0.9513015164529152,-0.6052438490723129,194,552
6,GATACT,0.5258344764517604,0.5827948815406057,0.902280141938633,-0.6060882824241579,46,138
6,TGTGCC,0.8001828989483311,0.8699691709953968,0.9197922712659418,-0.6071663118948537,70,206
6,TGGCAT,0.8001828989483311,0.8699691709953968,0.9197922712659418,-0.6071663118948537,70,206
5,GACCA,4.378143575674439,4.535664512859496,0.9652713590534819,-0.6077533482876116,383,1074
6,TAGGGC,0.2629172382258802,0.3040668947168377,0.8647135595434686,-0.608523813410823,23,72
5,GACTA,1.6575217192501144,1.7568309472528398,0.9434757363924822,-0.6087428188813856,145,416
5,TCATA,2.229080932784637,2.3438489801089575,0.9510364567239916,-0.6102500031103117,195,555
6,GCTACG,0.6058527663465935,0.6672579078508383,0.9079876917889621,-0.6104036927286098,53,158
6,CGCGCG,3.4979423868312756,3.6403564339710295,0.9608801671650805,-0.6108482282341555,306,862
5,ACACT,2.7777777777777777,2.9055281050720048,0.9560334899462086,-0.6114330805721673,243,688
6,GTGCCT,0.5372656607224509,0.5954643354871405,0.9022797852442153,-0.612678783620899,47,141
6,TTGGCA,0.5372656607224509,0.5954643354871405,0.9022797852442153,-0.612678783620899,47,141
6,ACTGCA,0.8116140832190215,0.8826386249419317,0.9195406888108217,-0.6135481502480852,71,209
6,TACTCT,0.2743484224965706,0.31673634866337264,0.8662150780817208,-0.6140795077192528,24,75
6,ACGTGT,0.3772290809327846,0.42653828286667517,0.8844238693195292,-0.6143428806814062,33,101
6,CCCCTA,0.3772290809327846,0.42653828286667517,0.8844238693195292,-0.6143428806814062,33,101
6,TCCTCG,0.7544581618655692,0.8235145065247689,0.9161545308974924,-0.6176952411852955,66,195
6,ACCCGC,2.400548696844993,2.521221335360446,0.9521391276775907,-0.6191281638037891,210,597
5,TCATG,3.1435756744398717,3.28138857215254,0.9580029323026812,-0.6216981557504522,275,777
5,CGGAC,4.743941472336534,4.911524979940031,0.9658802314329904,-0.6225105029309271,415,1163
6,GGTGTC,0.8916323731138546,0.9671016512521644,0.9219715164458152,-0.6228775694167237,78,229
6,GTTTGC,0.8916323731138546,0.9671016512521644,0.9219715164458152,-0.6228775694167237,78,229
6,ACGCGT,0.6973022405121171,0.7643903881076058,0.9122446159701804,-0.6230183130337017,61,181
6,GGCGAC,1.7946959304983996,1.9004180919802356,0.9443719257775235,-0.6234635272000968,157,450
6,TCATGG,0.7658893461362597,0.8361839604713037,0.9159440839981816,-0.6240466318332021,67,198
6,CTTGTG,0.48010973936899864,0.5363402170699776,0.8951784823141927,-0.6241646287457117,42,127
6,CACTGC,1.0173754000914494,1.098019342033025,0.9265617689674113,-0.624661651421094,89,260
5,CATGA,3.772290809327846,3.923307572110309,0.9615087752146958,-0.6248089983280721,330,929
6,GTATAC,0.2972107910379515,0.34207525655644244,0.8688845418865334,-0.6252653828444068,26,81
6,AATGAT,1.1431184270690442,1.2289370328138858,0.930174109116664,-0.6284393706208463,100,291
6,CCGGAT,1.4288980338363055,1.5245576248997001,0.9372583132756197,-0.6292534171703253,125,361
6,GTGTGA,0.6401463191586648,0.705266269690443,0.9076792393824604,-0.6297905984665266,56,167
5,AATAC,3.406492912665752,3.551670256345285,0.9591253563148765,-0.6302858162863151,298,841
6,AGTCTT,0.49154092363968904,0.5490096710165125,0.895341950050821,-0.6305308504109747,43,130
5,TGTAC,1.5432098765432098,1.6428058617340258,0.9393781545792914,-0.631320480295338,135,389
6,TCCCAC,0.8459076360310928,0.9206469867815363,0.9188274826598192,-0.6323509782604548,74,218
6,TGGGTC,0.411522633744856,0.4645466447062798,0.8858831510664578,-0.6330122440430574,36,110
6,CGACCT,1.1545496113397347,1.2416064867604206,0.9298893286385135,-0.6343105748331503,101,294
6,AGTGAA,0.9144947416552356,0.9924405591452341,0.9214683805394062,-0.6351748789865111,80,235
6,ACTCCG,0.5029721079103796,0.5616791249630475,0.8954980446157919,-0.6368365386151714,44,133
5,CGAGT,1.931870141746685,2.0440052367076316,0.945142210416936,-0.638026137762368,169,484
5,GTAAC,2.446273433927755,2.5718991511465856,0.9511563924261689,-0.6384061495752194,214,609
6,ATTGCG,0.8573388203017833,0.9333164407280712,0.9186026546018143,-0.6385092051675542,75,221
6,AATGGC,0.9830818472793781,1.0642341315089319,0.9237530002777397,-0.638636532981846,86,252
6,TATGTA,0.4229538180155464,0.4772160986528147,0.8863179331465686,-0.6391389490922297,37,113
6,TGTCGA,0.7315957933241883,0.8023987499472106,0.9117718792363482,-0.6419160099036123,64,190
6,ACTCAT,0.51440329218107,0.5743485789095824,0.8956472538546437,-0.6430833734730543,45,136
6,CCCGCT,1.9433013260173753,2.056674690654166,0.9448780825863178,-0.6431454405333884,170,487
6,TGTGCA,0.4343850022862369,0.4898855525993497,0.8867302310880698,-0.6452183521838206,38,116
6,AGACAC,1.2345679012345678,1.3260695130706535,0.9310030799726199,-0.6452872065471427,108,314
6,GCCCCC,2.05761316872428,2.174922927488492,0.9460650472776073,-0.6474145691078038,180,515
5,ATTGG,3.166438042981253,3.3109506313611217,0.9563544613268382,-0.6492438889744012,277,784
6,GCTCAA,0.8802011888431641,0.9586553486211411,0.9181708244018583,-0.6506697051287847,77,227
6,CCACGG,1.4174668495656149,1.5161113222686768,0.9349401556008287,-0.6508696088200642,124,359
6,CTTAGC,0.21719250114311844,0.2576122302462097,0.8431594454618021,-0.6512096873586958,19,61
6,ACTACC,0.4458161865569273,0.5025550065458845,0.8871217450337325,-0.6512510764503663,39,119
6,GTTGAA,1.131687242798354,1.2204907301828625,0.9272454843473993,-0.6527759326213872,99,289
6,GAAATT,1.5889346136259717,1.6934836775201654,0.9382675534241804,-0.6529890363216371,139,401
6,CAGGGT,0.6858710562414266,0.7559440854765827,0.9073162126637303,-0.6547784797291102,60,179
6,CTGATA,0.6858710562414266,0.7559440854765827,0.9073162126637303,-0.6547784797291102,60,179
6,CGGTGG,1.703246456332876,1.8117319143544912,0.940123883919847,-0.6553135665803684,149,429
6,GTGTGG,0.5372656607224509,0.5996874868026522,0.8959267616385936,-0.6554068460241055,47,142
6,CTGTTC,1.3717421124828533,1.469656657798049,0.9333804376420456,-0.6561711712767793,120,348
6,AAGAAC,1.314586191129401,1.410532539380886,0.9319834573689935,-0.6562496459867545,115,334
6,AATCCA,1.2574302697759487,1.3514084209637232,0.9304642503664452,-0.6566402351306155,110,320
5,TTACC,2.3891175125743027,2.5169981840449345,0.9491951993445367,-0.6569037670450212,209,596
6,AAGGAT,1.5432098765432098,1.6470290130495377,0.9369696388784297,-0.6574735062900522,135,390
6,TGTAGG,0.36579789666209417,0.41809198023565186,0.8749519693225827,-0.6589189418268037,32,99
6,ATAGAT,0.6287151348879744,0.6968199670594197,0.9022773985672895,-0.6631028610298028,55,165
6,GTACGC,0.6287151348879744,0.6968199670594197,0.9022773985672895,-0.6631028610298028,55,165
5,GGGCG,7.807498856881573,8.03243380210313,0.9719970123048018,-0.6637463507536983,683,1902
6,CATGCA,0.9716506630086876,1.0557878288779088,0.9203161893071221,-0.6650534263957526,85,250
5,TTGCC,5.704160951074531,5.899742387769754,0.9668497183754164,-0.6662349362570945,499,1397
6,GGAATC,1.3946044810242342,1.4949955656911187,0.9328530650677984,-0.667173663497988,122,354
6,TAGTCG,0.2629172382258802,0.30829004603234933,0.852872009358857,-0.6674825585280887,23,73
6,ACGCTG,1.623228166438043,1.7314920393597704,0.9374772634310814,-0.6689264599594671,142,410
6,GTCTGT,0.48010973936899864,0.5405633683854892,0.8881861939398351,-0.6690758900691365,42,128
5,TAACA,3.0749885688157295,3.2222644537353773,0.9542957083116637,-0.6705806235104138,269,763
5,AATGC,3.5665294924554183,3.7248194602812617,0.9575051301071913,-0.6717904543618896,312,882
6,AACGTC,0.7887517146776405,0.8657460196798852,0.9110762153405632,-0.6722983156387932,69,205
6,GCATGA,1.0516689529035208,1.1402508551881414,0.9223204841899242,-0.6738520389480682,92,270
5,TCAGT,1.9090077732053041,2.0271126314455845,0.9417402711445906,-0.6750378543835494,167,480
6,TACGGC,0.6515775034293553,0.7221588749524895,0.9022769065623775,-0.6751354762740825,57,171
6,CATACG,0.40009144947416553,0.45610034207525657,0.8772274208600843,-0.6755923910514363,35,108
6,CGTTAG,0.28577960676726105,0.33362895392541914,0.8566221282410776,-0.676383442464333,25,79
6,CTGCTC,0.9945130315500686,1.0811267367709785,0.9198931155924087,-0.6766822043941948,87,256
6,ACAAAT,0.9945130315500686,1.0811267367709785,0.9198931155924087,-0.6766822043941948,87,256
6,ATTTTA,2.5948788294467304,2.7323789011360278,0.9496793656367734,-0.6786038688045667,227,647
6,GGTAAG,0.6630086877000457,0.7348283288990245,0.902276673282455,-0.6810742733108658,58,174
6,TATATG,0.6630086877000457,0.7348283288990245,0.902276673282455,-0.6810742733108658,58,174
6,ATTGGT,0.6630086877000457,0.7348283288990245,0.902276673282455,-0.6810742733108658,58,174
6,CACGCC,2.5605852766346593,2.6985936906119345,0.9488610306322013,-0.685320308025422,224,639
6,GGCCTC,0.9487882944673068,1.0346720723003504,0.9170022267395372,-0.6859902108124316,83,245
6,TTGGAC,0.4229538180155464,0.4814392499683263,0.878544828990312,-0.6866079481295041,37,114
6,ACTCTC,0.4229538180155464,0.4814392499683263,0.878544828990312,-0.6866079481295041,37,114
5,CGGAT,4.13808870598994,4.3118374931373795,0.9597051702572296,-0.687244552362684,362,1021
6,ATCCAG,1.1431184270690442,1.237383335444909,0.9238253108742075,-0.6885534214424834,100,293
6,CTATTC,0.4343850022862369,0.4941087039148613,0.8791528737646168,-0.6920817215696464,38,117
6,TGTACG,0.4343850022862369,0.4941087039148613,0.8791528737646168,-0.6920817215696464,38,117
6,CCATAT,0.5258344764517604,0.5912411841716289,0.8893926053679273,-0.6922309566071155,46,140
6,GGGAGC,1.7375400091449476,1.8539634275096077,0.9372063454587198,-0.6956276080465607,152,439
6,ACATTC,0.8344764517604023,0.9164238354660247,0.9105889224758081,-0.6957014027086093,73,217
6,ACAAAC,0.8344764517604023,0.9164238354660247,0.9105889224758081,-0.6957014027086093,73,217
6,TAACCG,0.8344764517604023,0.9164238354660247,0.9105889224758081,-0.6957014027086093,73,217
5,TAGTC,1.2802926383173296,1.3809704801723046,0.9271015901792251,-0.696301843998738,112,327
6,AGGAGC,3.1435756744398717,3.298281177414587,0.9530965359510147,-0.6966250277552049,275,781
6,ATTGTT,0.9716506630086876,1.0600109801934203,0.916649936812643,-0.6974056379178767,85,251
6,CGTATA,0.4458161865569273,0.5067781578613961,0.8797305222981443,-0.6975315687509906,39,120
6,GACCTT,0.6973022405121171,0.7728366907386292,0.9022760193278827,-0.6985964083620255,61,183
6,GCTCCA,0.6973022405121171,0.7728366907386292,0.9022760193278827,-0.6985964083620255,61,183
6,TCCGCA,1.520347508001829,1.630136407787491,0.9326546142257586,-0.6992209209486647,133,386
6,GCTCAC,0.7773205304069501,0.8572997170488619,0.9067189024540421,-0.702183757663566,68,203
6,CGTGAC,0.9830818472793781,1.0726804341399552,0.9164800326243757,-0.7030506209177529,86,254
6,TTGCTA,0.5486968449931412,0.6165800920646987,0.8899214553135997,-0.7035594982251051,48,146
6,TAGTTA,0.5486968449931412,0.6165800920646987,0.8899214553135997,-0.7035594982251051,48,146
6,GCGCTG,3.3150434385002288,3.475653532666075,0.9537912879447897,-0.7050914244271467,290,823
5,GATAT,4.0009144947416555,4.1766966510410075,0.9579146003539482,-0.7061184499703536,350,989
6,GATATC,0.7887517146776405,0.8699691709953968,0.9066540235820102,-0.7078944244658614,69,206
6,ACATAT,0.7887517146776405,0.8699691709953968,0.9066540235820102,-0.7078944244658614,69,206
6,GTCCGT,0.7887517146776405,0.8699691709953968,0.9066540235820102,-0.7078944244658614,69,206
6,TCTCAC,0.5601280292638318,0.6292495460112336,0.8901699108460658,-0.7091640323196146,49,149
6,CGGCAT,2.2062185642432555,2.3396258287934457,0.9429816678055027,-0.7107486502697803,193,554
6,CGCGAG,1.3717421124828533,1.478102960429072,0.9280471959578906,-0.7112778957986927,120,350
5,GTGTT,2.937814357567444,3.0913467629545166,0.950336390318318,-0.7136148931155539,257,732
6,AGTCGA,0.5715592135345221,0.6419189999577685,0.8904085604508986,-0.714729679026687,50,152
6,ACCATC,1.440329218106996,1.5498965327927698,0.9293112517559271,-0.7156824203274967,126,367
6,ATGGAA,1.0745313214449017,1.1698129143967229,0.9185566790661901,-0.7160722460853267,94,277
6,TCATCA,1.3831732967535437,1.490772414375607,0.9278280846942044,-0.716561006212996,121,353
6,GACGGG,1.3260173754000915,1.4316482959584442,0.9262224227145728,-0.71777762459088,116,339
6,GGGGCC,1.1431184270690442,1.2416064867604206,0.9206833009720927,-0.7184989130475247,100,294
6,GTAAAT,0.9487882944673068,1.0388952236158622,0.9132749341859634,-0.7186388729168917,83,246
6,GTCAAC,0.9487882944673068,1.0388952236158622,0.9132749341859634,-0.7186388729168917,83,246
6,GTTAAC,0.49154092363968904,0.5574559736475357,0.881778596009599,-0.7190791356516842,43,132
6,GGTCTA,0.3886602652034751,0.4476540394442333,0.8682451322739976,-0.719147158696783,34,106
6,CCCGCA,2.0118884316415184,2.141137716964399,0.9396380493866344,-0.7194099249165445,176,507
6,GTAGCT,0.24005486968449932,0.2871742894547912,0.8359775952810874,-0.7198430301196537,21,68
6,TGTATA,0.5829903978052127,0.6545884539043034,0.8906379734175724,-0.720257128701696,51,155
6,ATGTAT,0.5829903978052127,0.6545884539043034,0.8906379734175724,-0.720257128701696,51,155
6,TCTCGA,0.5829903978052127,0.6545884539043034,0.8906379734175724,-0.720257128701696,51,155
5,GGCAA,5.41838134430727,5.625237552261497,0.9632277697058256,-0.7209239490762092,474,1332
5,GGCTG,6.481481481481481,6.706364289032477,0.9664677544143848,-0.7216082864551377,567,1588
6,CCCAAC,1.3946044810242342,1.503441868322142,0.9276126660713722,-0.7218134603434728,122,356
6,CGCCAG,2.1262002743484225,2.2593859537987244,0.9410548761206566,-0.7219524961980539,186,535
6,ATCAAT,1.337448559670782,1.444317749904979,0.9260122701751432,-0.7230659229821412,117,342
5,AAAGT,3.2693187014174665,3.4334220195109593,0.9522055437067312,-0.7248391340120957,286,813
5,CCCAC,4.538180155464106,4.729929473373031,0.9594612847576642,-0.7257398766202613,397,1120
6,ATGTGC,0.594421582075903,0.6672579078508383,0.8908586758048652,-0.7257470605676802,52,158
6,GAACTT,0.594421582075903,0.6672579078508383,0.8908586758048652,-0.7257470605676802,52,158
6,CCTAGA,0.2629172382258802,0.3125131973478609,0.8413503986948038,-0.7258502415040939,23,74
6,GTCAAT,0.7544581618655692,0.8361839604713037,0.9022750614998327,-0.7268894841904615,66,198
6,TGACCG,2.034750800182899,2.1664766248574687,0.939200938862139,-0.7290297655350028,178,513
6,GCGAAC,1.1659807956104253,1.2669453946534905,0.9203149315177639,-0.7292912129612379,102,300
6,TGATGA,1.29172382258802,1.3978630854343512,0.9240757757109492,-0.7299858379485432,113,331
6,TGGTCA,0.6858710562414266,0.7643903881076058,0.8972919305623405,-0.7306746200804972,60,181
6,CGAGCC,1.3603109282121628,1.469656657798049,0.9256028343156445,-0.7335495462467407,119,348
6,CTTACC,0.4229538180155464,0.485662401283838,0.8709068814248345,-0.7337726521063134,37,115
6,CGACAT,1.1774119798811158,1.2796148486000254,0.9201362171965755,-0.7346357786199619,103,303
6,CGGAGA,2.1033379058070416,2.2382701972211665,0.9397185096631303,-0.7349157885846133,184,530
6,CTATTA,0.5258344764517604,0.5954643354871405,0.8830859155150274,-0.7349649829803959,46,141
6,TCACTT,0.5258344764517604,0.5954643354871405,0.8830859155150274,-0.7349649829803959,46,141
6,GCCGGA,2.377686328303612,2.521221335360446,0.9430715137163133,-0.7373177334318399,208,597
5,GTGTG,2.217649748513946,2.356518434055492,0.9410729019451114,-0.7374397513921992,194,558
6,ACACAC,0.7773205304069501,0.8615228683643734,0.902274717804014,-0.7379125438324449,68,204
6,GTACAT,0.30864197530864196,0.3631910131340006,0.8498475441085626,-0.7398470802931737,27,86
6,TTGTGG,0.5372656607224509,0.6081337894336754,0.8834853802232696,-0.7402069522800131,47,144
5,TCTTG,2.3319615912208507,2.474766670889818,0.9422978694777028,-0.7403241466080077,204,586
5,TCGTA,1.5546410608139003,1.6723679209426074,0.929608897931892,-0.7407094637943267,136,396
6,CGCACG,1.954732510288066,2.0862367498627474,0.9369688332512319,-0.7415910207137627,171,494
6,TCTTGC,0.7087334247828074,0.7897292960006757,0.8974514219363688,-0.74160583070871,62,187
6,TTACCT,0.4458161865569273,0.5110013091769079,0.8724614446303092,-0.7435302679679724,39,121
6,TAGCAA,0.4458161865569273,0.5110013091769079,0.8724614446303092,-0.7435302679679724,39,121
5,TAGAC,1.3831732967535437,1.4949955656911187,0.9252072767095095,-0.7439126147708157,121,354
6,CGTCAT,1.1431184270690442,1.2458296380759322,0.917562591122318,-0.7483706138172217,100,295
6,AAGATG,0.8001828989483311,0.8868617762574433,0.9022743937457419,-0.7487787115341834,70,210
6,TCATGC,0.8001828989483311,0.8868617762574433,0.9022743937457419,-0.7487787115341834,70,210
6,GGCAGT,0.8001828989483311,0.8868617762574433,0.9022743937457419,-0.7487787115341834,70,210
6,AACTTG,0.5601280292638318,0.6334726973267453,0.8842363814407105,-0.7506107560726895,49,150
6,TGAGAC,0.5601280292638318,0.6334726973267453,0.8842363814407105,-0.7506107560726895,49,150
5,CATAG,1.577503429355281,1.6977068288356771,0.9292007798302772,-0.7507623604236563,138,402
6,TTAACT,0.8802011888431641,0.971324802567676,0.9061959160568545,-0.7520789443510042,77,230
6,AGGCAA,1.0859625057155922,1.1867055196587695,0.915114134308928,-0.7521243977424545,95,281
6,CGCGGA,1.0859625057155922,1.1867055196587695,0.915114134308928,-0.7521243977424545,95,281
5,TTGCT,2.9949702789208965,3.1589171840027026,0.9481019267916505,-0.7543095939540808,262,748
6,GAAAAT,1.8747142203932328,2.0059968748680266,0.9345581680927396,-0.7549440555900889,164,475
6,TCGGAT,0.5715592135345221,0.6461421512732801,0.8845897971962856,-0.7557726891742184,50,153
6,CTCACC,1.0973936899862824,1.1993749736053043,0.9149783981632454,-0.7573984940759528,96,284
6,TTTGAG,0.8916323731138546,0.9839942565142109,0.9061452876195883,-0.7574279252149465,78,233
6,TGGACC,0.7430269775948789,0.8277376578402804,0.8976723522503186,-0.7577201533528181,65,196
6,ATTGTC,0.6630086877000457,0.7432746315300477,0.8920249085379804,-0.7579352663864932,58,176
6,GGGGTA,0.6630086877000457,0.7432746315300477,0.8920249085379804,-0.7579352663864932,58,176
6,AGGATC,0.823045267489712,0.9122006841505131,0.9022740876887339,-0.7594947252828406,72,216
6,ATGGAC,0.5829903978052127,0.658811605219815,0.884929622101119,-0.7609080995741505,51,156
6,AGCCCA,0.9716506630086876,1.0684572828244436,0.9094043703863272,-0.7618299920424315,85,253
6,ACTGTG,0.49154092363968904,0.5616791249630475,0.8751498619177566,-0.7629852627060424,43,133
6,TGAGTG,0.49154092363968904,0.5616791249630475,0.8751498619177566,-0.7629852627060424,43,133
6,TAGTAA,0.49154092363968904,0.5616791249630475,0.8751498619177566,-0.7629852627060424,43,133
6,GATAGC,0.594421582075903,0.6714810591663499,0.8852566253340993,-0.76601711556178,52,159
6,TCCGTC,0.9830818472793781,1.0811267367709785,0.9093206945803006,-0.7670970952919505,86,256
6,TCAGGT,0.6858710562414266,0.7686135394231176,0.8923623964737434,-0.768393287572944,60,182
5,CATAT,2.4577046181984454,2.60990751298619,0.9416848825030374,-0.7689313301082552,215,618
6,CAGGCT,0.8459076360310928,0.937539592043583,0.9022737981735833,-0.7700668574932089,74,222
6,AACTCC,0.40009144947416553,0.4645466447062798,0.861281264017609,-0.772117084682892,35,110
6,CTGTTA,0.40009144947416553,0.4645466447062798,0.861281264017609,-0.772117084682892,35,110
6,GGTTGC,0.9945130315500686,1.0937961907175136,0.9092389570327303,-0.7723302434188047,87,259
6,AATTGG,0.7773205304069501,0.8657460196798852,0.8978738860454344,-0.7735138530810911,68,205
6,TCCCCA,0.8573388203017833,0.9502090459901178,0.902273659205702,-0.7753008117328426,75,225
5,GCAAC,5.738454503886603,5.96731280881794,0.9616486554117459,-0.7759547601443461,502,1413
6,TCTTAA,0.6172839506172839,0.6968199670594197,0.8858749638387752,-0.7761565933432149,54,165
6,GTACTC,0.2286236854138089,0.27872798682376787,0.8203039014099139,-0.7786432358250797,20,66
6,GTTGTT,0.7887517146776405,0.8784154736264199,0.8979371887683927,-0.7787104813402687,69,208
5,CCAGC,5.749885688157294,5.979982262764475,0.9615228412425195,-0.779390753238285,503,1416
5,CCATC,7.281664380429813,7.538325098188269,0.9659530055130295,-0.7803060446924018,637,1785
5,GCTGG,7.556012802926383,7.817053085012036,0.9666067327520872,-0.780445643491036,661,1851
6,GAAAGT,0.8687700045724738,0.9628784999366526,0.9022735238944902,-0.7805009588020961,76,228
6,AGTATC,0.4229538180155464,0.4898855525993497,0.8634005957344382,-0.7806375166244122,37,116
6,TATAGA,0.6287151348879744,0.7094894210059546,0.886167572786711,-0.7811874176735509,55,168
6,TCTTGA,0.6287151348879744,0.7094894210059546,0.886167572786711,-0.7811874176735509,55,168
6,CACACC,1.4060356652949246,1.5245576248997001,0.9222632296791402,-0.7812278975971735,123,361
6,TTTTGG,1.4060356652949246,1.5245576248997001,0.9222632296791402,-0.7812278975971735,123,361
5,AGTAC,1.5317786922725194,1.6554753156805608,0.9252848105208712,-0.7826224032464896,134,392
6,GCGGTT,1.0859625057155922,1.190928670974281,0.9118693211870167,-0.7826256744459271,95,282
5,TGATT,5.338363054412437,5.5618902825288234,0.9598116471331272,-0.7835321455393984,467,1317
5,GACGG,5.6241426611796985,5.853287723299125,0.9608525741072429,-0.7840678773671967,492,1386
6,GCAGCA,1.7146776406035666,1.8455171248785844,0.9291080026776273,-0.7843731072611386,150,437
6,AACCAG,0.8802011888431641,0.9755479538831876,0.902273392097495,-0.7856679704647566,77,231
6,CTCAGG,0.5486968449931412,0.6250263946957219,0.8778974134667057,-0.7870770084826162,48,148
6,TAAAAC,1.1659807956104253,1.2753916972845136,0.9142206084861069,-0.7883668577592788,102,302
6,GGATGG,1.1659807956104253,1.2753916972845136,0.9142206084861069,-0.7883668577592788,102,302
6,ATACTG,0.7315957933241883,0.8192913552092571,0.8929747533610812,-0.7889299318983496,64,194
6,TATGGG,0.4458161865569273,0.5152244604924194,0.8653115090458371,-0.7892510954610439,39,122
6,CTCTAC,0.4458161865569273,0.5152244604924194,0.8653115090458371,-0.7892510954610439,39,122
5,GACCG,6.9044352994970275,7.158241479792221,0.9645439965372313,-0.7903819394917543,604,1695
6,GCAGTT,0.7430269775948789,0.831960809155792,0.8931161874441061,-0.7939881700496664,65,197
5,ACCTG,4.618198445358939,4.8312851049453105,0.9558953271250805,-0.7987826461885135,404,1144
6,ACACTG,0.9830818472793781,1.0853498880864902,0.9057828077283259,-0.7989839843005044,86,257
6,TGGCAA,0.8344764517604023,0.9290932894125596,0.8981731371392334,-0.7991746058892727,73,220
6,TTCTTT,1.3260173754000915,1.444317749904979,0.9180982271142334,-0.8012689365092667,116,342
5,TACAT,2.1604938271604937,2.3100637695848643,0.9352556972827739,-0.8026512739185092,189,547
6,GCACGG,1.520347508001829,1.6470290130495377,0.923089506623912,-0.8037653007167858,133,390
6,GGGGCT,0.9945130315500686,1.098019342033025,0.9057422025812532,-0.8040339051493597,87,260
6,TCAGAG,0.3543667123914037,0.41809198023565186,0.8476171929257494,-0.8060247050573285,31,99
6,GTAGTC,0.3543667123914037,0.41809198023565186,0.8476171929257494,-0.8060247050573285,31,99
5,CGAAC,4.8353909465020575,5.055112124667427,0.9565357154661785,-0.8060818809992911,423,1197
6,TACACC,0.49154092363968904,0.565902276278559,0.8686200466757966,-0.806650189342707,43,134
5,CAACT,2.7206218564243256,2.888635499809958,0.941838342971627,-0.8079394211683678,238,684
6,GTGCAC,0.6058527663465935,0.6883736644283964,0.8801393541315546,-0.8108199353969286,53,163
6,GTTCAA,0.9373571101966164,1.0388952236158622,0.9022727813262916,-0.811028037976757,82,246
6,GCTGGG,1.2231367169638776,1.3387389670171883,0.9136548510304701,-0.8133499884473757,107,317
6,TATCGC,0.8687700045724738,0.9671016512521644,0.8983338722050486,-0.8142008570040238,76,229
6,TTGTAA,0.7087334247828074,0.798175598631699,0.8879557711619875,-0.815697085086404,62,189
6,GGCTGG,1.7946959304983996,1.9342033025043288,0.9278771990797358,-0.8174356319410482,157,458
6,GACGAG,1.3031550068587106,1.423201993327421,0.9156559977914016,-0.8192951342709768,114,337
6,TGTAAC,0.5258344764517604,0.6039106381181638,0.8707371083568081,-0.8197717702410516,46,143
6,CTCAGC,0.5258344764517604,0.6039106381181638,0.8707371083568081,-0.8197717702410516,46,143
6,TGCCGT,1.3717421124828533,1.4949955656911187,0.9175614883512206,-0.8208117352816596,120,354
5,ATTGC,4.0009144947416555,4.206258710249589,0.9511824288766497,-0.8228144376551767,350,996
5,AACCA,4.252400548696845,4.463870940495799,0.9526272920191846,-0.8234857157932071,372,1057
6,AAAGTT,0.8116140832190215,0.9079775328350016,0.8938819141190124,-0.8237379625718374,71,215
6,ACACGA,0.8916323731138546,0.9924405591452341,0.8984341898146767,-0.8240733725354411,78,235
6,CGGTGT,0.8916323731138546,0.9924405591452341,0.8984341898146767,-0.8240733725354411,78,235
6,AGATGT,0.4229538180155464,0.4941087039148613,0.8560225966567094,-0.8272069010266501,37,117
6,CATCAA,1.577503429355281,1.7103762827822122,0.9223182134915056,-0.8276360479208019,138,405
6,GGCGAT,1.7604023776863282,1.9004180919802356,0.9263276077798246,-0.8277080963207643,154,450
6,GGATAT,0.903063557384545,1.005110013091769,0.8984824520466572,-0.8289676698246199,79,238
6,CAGATT,0.7430269775948789,0.8361839604713037,0.888606039001484,-0.8301220791092476,65,198
6,GTCGGT,0.7430269775948789,0.8361839604713037,0.888606039001484,-0.8301220791092476,65,198
6,AAATCC,0.9830818472793781,1.0895730394020018,0.9022723438389697,-0.8307807665368738,86,258
6,ATAGTC,0.4343850022862369,0.5067781578613961,0.8571783880358977,-0.8309323405939202,38,120
5,GCGTG,5.304069501600366,5.540774525951265,0.9572802049130933,-0.8314825196079013,464,1312
6,CCGGTT,1.2688614540466392,1.3894167828033277,0.9132393863473386,-0.8328422907571883,111,329
6,ATAGCA,0.5601280292638318,0.6419189999577685,0.8726035044144848,-0.8329013846178023,49,152
6,AGCGTA,0.4458161865569273,0.5194476118079311,0.8582778101995698,-0.8346978920591668,39,123
6,AACACG,0.9945130315500686,1.1022424933485366,0.9022722407523064,-0.8356490218409998,87,261
6,AGACGG,0.9945130315500686,1.1022424933485366,0.9022722407523064,-0.8356490218409998,87,261
6,TAAGTA,0.5715592135345221,0.6545884539043034,0.8731774787311007,-0.8372734870667538,50,155
6,TAACCA,0.5715592135345221,0.6545884539043034,0.8731774787311007,-0.8372734870667538,50,155
6,CAATAT,0.8459076360310928,0.9459858946746061,0.8942186336284678,-0.8382478640337795,74,224
6,TAGCGA,0.4572473708276178,0.5321170657544659,0.8593248887637348,-0.8384990185858978,40,126
6,AGCAAC,1.0745313214449017,1.1867055196587695,0.9054822408930825,-0.8385698136014493,94,281
6,ACTATG,0.2743484224965706,0.33362895392541914,0.8223692288859769,-0.8420160670109165,24,79
6,GTGTAC,0.2743484224965706,0.33362895392541914,0.8223692288859769,-0.8420160670109165,24,79
6,GGATCT,0.4686785550983082,0.5447865197010009,0.8603232749372183,-0.8423316347808727,41,129
6,AGTACT,0.28577960676726105,0.34629840787195404,0.8252913416187995,-0.8434361338020279,25,82
6,GACCCT,0.7773205304069501,0.8741923223109084,0.8891997682789791,-0.8443382061675937,68,207
5,CCGCA,7.97896662094193,8.268930275771782,0.9649337775821859,-0.8451275710689916,698,1958
6,CGCTCA,1.0173754000914494,1.1275814012416066,0.9022720415280261,-0.845305015956084,89,267
6,GGTCTT,0.48010973936899864,0.5574559736475357,0.8612762880603047,-0.8461920553387358,42,132
6,AACCAC,1.2345679012345678,1.3556315722792347,0.9107023296351087,-0.8468631344102543,108,321
6,TGTACA,0.30864197530864196,0.37163731576502385,0.8305380229941688,-0.8469680715238519,27,88
6,TTGCCC,1.3031550068587106,1.4274251446429327,0.9129471461497053,-0.8471917883673906,114,338
6,GTAAAG,0.6973022405121171,0.7897292960006757,0.8829784410928213,-0.8479621299634827,61,187
5,CCCCA,4.378143575674439,4.599011782592171,0.9519758994000264,-0.8480146362418451,383,1089
5,ATCGA,5.795610425240055,6.047552683812661,0.9583404881621322,-0.8492530155306813,507,1432
6,AGAAAT,1.440329218106996,1.5710122893703282,0.9168213041502542,-0.8493788731530331,126,372
6,CCTAGC,0.33150434385002286,0.3969762236580937,0.8351150839380248,-0.8512626047783693,29,94
6,TCATAG,0.33150434385002286,0.3969762236580937,0.8351150839380248,-0.8512626047783693,29,94
6,GCGCAA,2.240512117055327,2.40297309852612,0.9323944903838192,-0.8555366807682039,196,569
6,GGCGCA,2.7434842249657065,2.9224207103340514,0.9387732361534259,-0.8559720658863889,240,692
6,GGACGG,1.3260173754000915,1.4527640525360024,0.9127608141211339,-0.8566357163529471,116,344
6,ATATAG,0.720164609053498,0.8150682038937455,0.8835778991539054,-0.8570770222166729,63,193
6,ACTGGT,0.720164609053498,0.8150682038937455,0.8835778991539054,-0.8570770222166729,63,193
6,ACGCTC,0.8916323731138546,0.9966637104607459,0.8946276472100481,-0.8572412943423946,78,236
6,CAGCTA,0.36579789666209417,0.4349845854976984,0.8409810617481179,-0.8588110862459043,32,103
6,GAGGCG,2.194787379972565,2.356518434055492,0.9313715569114831,-0.8599638885397795,192,558
6,ACGACC,1.2002743484224965,1.3218463617551417,0.9080355929334117,-0.8613880978318104,105,313
6,GACTAA,0.3772290809327846,0.4476540394442333,0.842715079468937,-0.8615650617961245,33,106
6,ACTCAC,0.5258344764517604,0.6081337894336754,0.8646913170369182,-0.8618497330751398,46,144
6,GTGTGC,0.6401463191586648,0.7306051775835128,0.8762033427435111,-0.8633926858615805,56,173
5,TGACA,3.5665294924554183,3.7712741247518897,0.9457108667759285,-0.8651234685200747,312,893
6,CTACGC,0.5372656607224509,0.6208032433802103,0.865457970225797,-0.8658050737566625,47,147
6,CAAGTG,0.5372656607224509,0.6208032433802103,0.865457970225797,-0.8658050737566625,47,147
6,ACTGAT,0.8344764517604023,0.937539592043583,0.8900823502359207,-0.8675867997776667,73,222
6,GGCGGT,1.80612711476909,1.9553190590818867,0.9237033393840165,-0.8700305411794306,158,463
6,AACTTT,0.9259259259259258,1.0346720723003504,0.8949081162070055,-0.8712348651646871,81,245
6,GTCCGG,1.4288980338363055,1.562565986739305,0.914461597016062,-0.8713669607093475,125,370
5,TGCAC,3.166438042981253,3.3616284471472615,0.9419374862560225,-0.872170869344398,277,796
6,GGAGAA,3.589391860996799,3.79661303264496,0.9454209022735117,-0.872807487375684,314,899
6,GCCATC,2.4691358024691357,2.6436927235102834,0.9339748084299965,-0.8772634557324969,216,626
6,TAGATA,0.5715592135345221,0.658811605219815,0.8675810366761029,-0.8777355214871932,50,156
6,AGAACA,1.577503429355281,1.7188225854132353,0.9177862009277279,-0.8786571695435472,138,407
6,AGTATT,0.7773205304069501,0.8784154736264199,0.8849252560092534,-0.8795633012806275,68,208
6,CCGACT,0.7773205304069501,0.8784154736264199,0.8849252560092534,-0.8795633012806275,68,208
5,GATTG,3.920896204846822,4.138688289201402,0.9473778146800054,-0.8799206286148586,343,980
5,GTTAA,3.0292638317329676,3.2222644537353773,0.9401058990150283,-0.8804276934731591,265,763
6,AACGCT,0.9487882944673068,1.0600109801934203,0.8950839225287333,-0.8804494736517777,83,251
6,ATGAGA,0.6858710562414266,0.7812829933696525,0.8778935068489662,-0.8806485160506774,60,185
6,ATACCC,0.5829903978052127,0.6714810591663499,0.8682353229690799,-0.8817281306717932,51,159
6,GTTCAC,0.6973022405121171,0.7939524473161874,0.878282338741304,-0.8849384027526698,61,188
6,AGGCAC,0.9602194787379973,1.0726804341399552,0.8951687113010058,-0.8850234511030144,84,254
6,CGAGCG,1.5317786922725194,1.6723679209426074,0.9159390581370005,-0.8861936748312604,134,396
6,GGATCC,0.4686785550983082,0.5490096710165125,0.853706608791837,-0.8864820400670692,41,130
5,GCGTT,4.046639231824417,4.269605979982263,0.9477793671969019,-0.8874594500384763,354,1011
6,GATTGG,0.8001828989483311,0.9037543815194898,0.8854113176980539,-0.8884382961360888,70,214
6,CGGTAT,0.7087334247828074,0.8066219012627222,0.8786589575333277,-0.8892179720440483,62,191
6,AGAAAG,1.5432098765432098,1.6850373748891423,0.9158362395497501,-0.8907002605269123,135,399
6,AGTTGT,0.49154092363968904,0.5743485789095824,0.855848446127104,-0.8932685243982273,43,136
6,CCTCCC,1.0631001371742113,1.1824823683432577,0.8990495424548774,-0.894815731733757,93,280
6,GCCCGG,2.857796067672611,3.0491152497994003,0.9372562556417177,-0.8967471191077023,250,722
6,GAATCG,1.29172382258802,1.423201993327421,0.9076245439437425,-0.8982929463074181,113,337
6,AAACCC,0.9945130315500686,1.11068879597956,0.8954114725949854,-0.8986158950230261,87,263
6,GCGAGT,0.51440329218107,0.5996874868026522,0.8578093133015907,-0.9002014009061643,45,142
6,GCCCAA,1.1545496113397347,1.2796148486000254,0.9022710118608777,-0.9011651179652479,101,303
6,AGTACG,0.33150434385002286,0.4011993749736053,0.8263265893993319,-0.9025244931028416,29,95
6,ACAATT,1.0059442158207592,1.123358249926095,0.8954887428054761,-0.9031045666785401,88,266
6,AGTAAA,0.9259259259259258,1.0388952236158622,0.89127062846662,-0.9036983472795195,81,246
6,ACGCGA,0.9259259259259258,1.0388952236158622,0.89127062846662,-0.9036983472795195,81,246
6,AGAATG,0.9259259259259258,1.0388952236158622,0.89127062846662,-0.9036983472795195,81,246
6,ACCACT,0.5258344764517604,0.6123569407491871,0.8587289023264424,-0.9037141344923179,46,145
5,AATCA,4.858253315043439,5.105789940453566,0.951519396560252,-0.9044340217626281,425,1209
6,CCCGGC,3.3150434385002288,3.5221081971367036,0.9412116640904977,-0.9047310720807957,290,834
6,TCTCGT,0.3543667123914037,0.42653828286667517,0.8308366281845713,-0.9059432582680803,31,101
6,TCGGTG,0.9373571101966164,1.0515646775623972,0.8914030585961136,-0.9081234288742497,82,249
6,GGCTCA,0.6630086877000457,0.7601672367920942,0.8722047401358453,-0.9097629608659249,58,180
6,AACCGG,1.6575217192501144,1.8075087630389797,0.9170246090549458,-0.9098795376160262,145,428
6,CCTCAG,0.3772290809327846,0.4518771907597449,0.834840980135565,-0.909976972571028,33,107
6,GAACAC,1.1774119798811158,1.304953756493095,0.902270863573692,-0.9101575015136907,103,309
6,GTTAAT,0.8573388203017833,0.9671016512521644,0.886515050084665,-0.9103322124754103,75,229
6,GGTATG,0.5486968449931412,0.6376958486422568,0.8604584776796884,-0.91081753020514,48,151
5,TAGCA,1.7261088248742569,1.8793023354026777,0.9184881769897356,-0.9115522113776582,151,445
6,GAGGTT,1.2574302697759487,1.3894167828033277,0.9050126528438913,-0.9128369332381161,110,329
6,GTAATA,0.6744398719707362,0.7728366907386292,0.8726974408811367,-0.9137682621121845,59,183
6,CCCTAC,0.5601280292638318,0.6503653025887918,0.8612727335865202,-0.9144030631165874,49,154
6,AGTACA,0.40009144947416553,0.4772160986528147,0.8384201802614092,-0.9145169507995096,35,113
6,AAATGG,1.1202560585276635,1.2458296380759322,0.8992129445269559,-0.9172460816063154,98,295
6,GCGCAC,2.1147690900777323,2.2847248616917946,0.9256154051614184,-0.9181646707157898,185,541
6,ATATTT,2.1147690900777323,2.2847248616917946,0.9256154051614184,-0.9181646707157898,185,541
5,GTATT,2.983539094650206,3.1842560918957727,0.9369677914613901,-0.9212824273561009,261,754
6,GACGTT,0.8001828989483311,0.9079775328350016,0.8812935790293834,-0.923055289141834,70,215
6,CCAAAT,0.594421582075903,0.6883736644283964,0.863535691767532,-0.925268520398683,52,163
6,TGCGGC,2.194787379972565,2.369187888002027,0.9263911705653758,-0.9255252106717603,192,561
5,CTACT,1.1431184270690442,1.271168545969002,0.8992737456566631,-0.926074448844374,100,301
6,AGGTCA,0.8116140832190215,0.9206469867815363,0.8815821228547938,-0.927232583753101,71,218
6,TTTACA,0.903063557384545,1.017779467038304,0.8872991219799878,-0.9275519692782613,79,241
5,ACCCT,3.383630544124371,3.5981249208159127,0.940388835769915,-0.9277009228360376,296,852
6,GGCACT,0.6058527663465935,0.7010431183749314,0.8642354898255801,-0.9289202886243021,53,166
6,AATAAC,1.440329218106996,1.5836817433168628,0.9094871968219254,-0.9289742621712179,126,375
6,TTGCGC,1.5089163237311385,1.6554753156805608,0.911475490990166,-0.9290102709646368,132,392
6,CCAACG,1.3717421124828533,1.5118881709531653,0.9073100827356584,-0.9294536916901831,120,358
6,CTGTGC,0.720164609053498,0.8235145065247689,0.8745166620396787,-0.9297600222981598,63,195
6,GGAGCC,2.732053040695016,2.9266438616495627,0.9335128627057675,-0.9308571511959416,239,693
6,CTTTTA,0.823045267489712,0.9333164407280712,0.8818628337504458,-0.9313978737874687,72,221
6,GCAATG,0.9144947416552356,1.0304489209848389,0.8874830908378495,-0.931816816165554,80,244
6,GCGTGA,1.1659807956104253,1.296507453862072,0.8993321703782743,-0.9348241362182854,102,307
6,CATAAT,0.8344764517604023,0.9459858946746061,0.8821360263990026,-0.9355510928837546,73,224
6,TCGAGA,0.8344764517604023,0.9459858946746061,0.8821360263990026,-0.9355510928837546,73,224
6,CCAAGG,1.9204389574759946,2.0862367498627474,0.9205316244380682,-0.9370543276907466,168,494
6,CAATGA,1.0173754000914494,1.1402508551881414,0.8922476757590371,-0.938580288811335,89,270
6,GATATG,0.6401463191586648,0.739051480214536,0.8661909450182467,-0.9399428679395515,56,175
6,CCAGGT,0.6401463191586648,0.739051480214536,0.8661909450182467,-0.9399428679395515,56,175
5,ATAAT,6.9044352994970275,7.20891929557836,0.9577634649600554,-0.9459219546343417,604,1707
6,GAGTGA,1.1202560585276635,1.2500527893914437,0.8961753059584313,-0.9469047347971464,98,296
6,TTACAG,0.5372656607224509,0.6292495460112336,0.8538429305752755,-0.9484976859395188,47,149
6,AGAGTG,0.5372656607224509,0.6292495460112336,0.8538429305752755,-0.9484976859395188,47,149
6,TATCAT,0.9602194787379973,1.0811267367709785,0.8881758525560848,-0.9487194587769967,84,256
6,CTAGGC,0.2972107910379515,0.36741416444951225,0.8089777750016354,-0.952166397720199,26,87
6,CTATGG,0.3429355281207133,0.41809198023565186,0.8202824165289162,-0.9542739132699629,30,99
6,CCCACT,0.5601280292638318,0.6545884539043034,0.8557169840446291,-0.9548634633984764,49,155
6,CTACTT,0.2514860539551898,0.31673634866337264,0.7940567899376061,-0.954955665957817,22,75
6,GTGTCT,0.3543667123914037,0.4307614341821867,0.8226930615505494,-0.9553578234899813,31,102
6,GGCATG,1.440329218106996,1.5879048946323748,0.9070685002141993,-0.955403709143767,126,376
6,ATCTTG,0.5715592135345221,0.6672579078508383,0.8566006438366714,-0.958093223074426,50,158
6,CTGGTT,0.6973022405121171,0.8023987499472106,0.8690384135277385,-0.95846190572015,61,190
6,TCGACG,1.5889346136259717,1.7441614933063052,0.9110071051410441,-0.959095257844604,139,413
6,AGTATG,0.3886602652034751,0.4687697960217915,0.8291433325455811,-0.9596423867464219,34,111
6,CTGATG,1.3831732967535437,1.5287807762152117,0.9047620444138728,-0.9607378964229566,121,362
6,TCACAA,0.8116140832190215,0.9248701380970481,0.8775570689114034,-0.9614998390544146,71,219
5,TTGGG,2.5948788294467304,2.7915030195531907,0.9295658484643956,-0.9629327465431295,227,661
6,AACATC,1.2459990855052583,1.3851936314878162,0.8995198253867219,-0.9648589550572026,109,328
6,GTGGAT,0.720164609053498,0.8277376578402804,0.8700553813081826,-0.965897444435928,63,196
6,AGGTTG,0.720164609053498,0.8277376578402804,0.8700553813081826,-0.965897444435928,63,196
6,CTCCTT,0.4343850022862369,0.5194476118079311,0.836275622121153,-0.9672587134232435,38,123
6,AGTTGC,0.6058527663465935,0.705266269690443,0.8590611606825513,-0.9679398126457998,53,167
6,TGGTTC,0.6058527663465935,0.705266269690443,0.8590611606825513,-0.9679398126457998,53,167
6,CGCAAC,2.0118884316415184,2.187592381435027,0.9196852577242808,-0.9703662322180838,176,518
6,ACTTTG,0.6172839506172839,0.7179357236369779,0.8598234465133923,-0.9712671628283193,54,170
5,TATGG,2.263374485596708,2.4494277629967485,0.9240452465121591,-0.9717554426929708,198,580
6,AGGGTA,0.4686785550983082,0.5574559736475357,0.8407739801110102,-0.9740407398841342,41,132
6,TAGCCT,0.4686785550983082,0.5574559736475357,0.8407739801110102,-0.9740407398841342,41,132
6,TTGCAC,0.6287151348879744,0.7306051775835128,0.860559298303462,-0.974613853745984,55,173
6,ATCGAT,1.3488797439414724,1.4949955656911187,0.902269911634643,-0.9750935559093226,118,354
6,AAAGAC,0.9487882944673068,1.0726804341399552,0.8845130506393208,-0.9764126475059652,83,254
6,GGTACG,0.48010973936899864,0.5701254275940707,0.8421401714671483,-0.9764638400702427,42,135
6,CATAGG,0.48010973936899864,0.5701254275940707,0.8421401714671483,-0.9764638400702427,42,135
6,CCTTCA,0.8573388203017833,0.9755479538831876,0.8788403818089109,-0.9772040178800393,75,231
5,CTGCT,4.229538180155465,4.480763545757845,0.9439337165622411,-0.9776430013814756,370,1061
6,TCCGGT,0.9602194787379973,1.0853498880864902,0.8847202337741433,-0.9804316847328469,84,257
6,CCGAGA,0.9602194787379973,1.0853498880864902,0.8847202337741433,-0.9804316847328469,84,257
6,TGACCA,0.9602194787379973,1.0853498880864902,0.8847202337741433,-0.9804316847328469,84,257
6,TTGGTG,1.211705532693187,1.3514084209637232,0.8966318773131151,-0.9806369702957576,106,320
6,ACGCCC,1.7832647462277091,1.9510959077663752,0.9139854891706952,-0.98105375955643,156,462
6,TGAGCA,0.8687700045724738,0.9882174078297226,0.8791406462023703,-0.9811102924136441,76,234
6,AAAGAA,1.8518518518518516,2.022889480130073,0.9154530312895033,-0.9820512734279415,162,479
5,CGCTG,8.802011888431641,9.155792052029224,0.9613603828455827,-0.985069815656334,770,2168
5,ACCAT,3.7265660722450846,3.965539085265425,0.9397390917624705,-0.986462059970791,326,939
6,TGGACA,0.5258344764517604,0.6208032433802103,0.8470473975760893,-0.9868121671824077,46,147
6,CTCGAC,0.9830818472793781,1.11068879597956,0.8851204214860212,-0.988433419656135,86,263
6,CCTGCG,1.7375400091449476,1.9046412432957474,0.9122709004496239,-0.9886283728646929,152,451
6,GGGGAA,1.80612711476909,1.9764348156594451,0.913835213252475,-0.9892730607940387,158,468
6,AACCAA,1.0745313214449017,1.2078212762363276,0.8896534423114607,-0.989922929501622,94,286
5,CGTGA,3.5208047553726565,3.754381519489843,0.937787211655013,-0.9901158708608344,308,889
6,ATTTTT,3.5779606767261085,3.813505637907006,0.9382356269773688,-0.9909292331011992,313,903
6,CTATCA,0.6858710562414266,0.7939524473161874,0.8638863321433435,-0.991581156629137,60,188
5,ACAGG,5.304069501600366,5.587229190421892,0.9493211015189628,-0.9917774313863575,464,1323
6,CCCCGC,2.5034293552812072,2.7028168419274463,0.9262324746535464,-0.992355394333707,219,640
6,ACAGCC,0.903063557384545,1.0262257696693273,0.8799969601031611,-0.9927791781723111,79,243
6,CAAATA,1.0059442158207592,1.1360277038726296,0.8855027585292875,-0.9963869648079121,88,269
6,TCACCG,1.5546410608139003,1.7145994340977238,0.9067134623695763,-0.9972489246350397,136,406
5,AATTG,3.7608596250571558,4.00354744710503,0.939383318522874,-0.997270475476449,329,948
6,TCGTGA,0.5715592135345221,0.6714810591663499,0.8512140206040605,-0.9979929359910938,50,159
6,GCACGA,1.0173754000914494,1.1486971578191647,0.8856876021725091,-1.0003457785015608,89,272
6,AATCAT,1.188843164151806,1.330292664386165,0.8936783823145756,-1.0010472765205942,104,315
5,GACGA,5.338363054412437,5.625237552261497,0.9490031495561132,-1.0016280853570152,467,1332
6,ATATGA,0.720164609053498,0.831960809155792,0.8656393873234791,-1.0019003782270288,63,197
6,CGACCA,1.3488797439414724,1.4992187170066305,0.8997284757671086,-1.0022310311500597,118,355
6,GAGCTC,0.30864197530864196,0.3843067697115588,0.803164771370462,-1.0043395062805758,27,91
5,AAACC,4.526748971193416,4.7932767431057055,0.9443966568462128,-1.0043687623128073,396,1135
6,CCATGA,0.9373571101966164,1.0642341315089319,0.8807921144721358,-1.0043706992296266,82,252
6,AGTCCG,0.7315957933241883,0.8446302631023269,0.866188682097156,-1.00535655612435,64,200
6,TATGTG,0.3772290809327846,0.46032349339076817,0.8195261239906798,-1.0058117517351575,33,109
6,ACGCTA,0.3772290809327846,0.46032349339076817,0.8195261239906798,-1.0058117517351575,33,109
6,CGAATG,0.6058527663465935,0.7094894210059546,0.8539484220150297,-1.006788639367644,53,168
6,AATTTA,2.606310013717421,2.8126187761307486,0.9266514789305985,-1.0070608683396,228,666
6,CTCCAT,0.6172839506172839,0.7221588749524895,0.8547959354018262,-1.0097838728374642,54,171
6,GTTGCG,0.8573388203017833,0.9797711051986994,0.8750526633070896,-1.0104816942195654,75,232
6,TCGAGT,0.4343850022862369,0.5236707631234427,0.8295327514946403,-1.0121580032935538,38,124
6,TTACTT,0.6287151348879744,0.7348283288990245,0.8556142281656018,-1.0128068956194705,55,174
6,CTACGG,0.4458161865569273,0.5363402170699776,0.8312504774390514,-1.0138188865040156,39,127
6,AGGTTT,0.8687700045724738,0.9924405591452341,0.8753999990899474,-1.0141795306857748,76,235
5,CGGAG,7.315957933241885,7.652350183707083,0.9560412361544784,-1.0169406443060316,640,1812
6,GACGGC,2.0804755372656607,2.267832256429748,0.9173887497596467,-1.0169740109813004,182,537
6,CAACCA,1.314586191129401,1.4654335064825375,0.8970700330726736,-1.0173460306609827,115,347
6,GTTGGA,0.4686785550983082,0.5616791249630475,0.8344534965216861,-1.0174553951536713,41,133
6,TTGTGT,0.4686785550983082,0.5616791249630475,0.8344534965216861,-1.0174553951536713,41,133
6,GAGGGG,1.6117969821673523,1.7779467038303982,0.9065549170867594,-1.0175691939675648,141,421
6,AGATGA,0.8802011888431641,1.005110013091769,0.8757385793796291,-1.0178730544026335,77,238
6,TCTTTA,0.6515775034293553,0.7601672367920942,0.857168995180001,-1.018928141614646,57,180
6,CACGAC,1.3260173754000915,1.478102960429072,0.8971145444162584,-1.021349466874526,116,350
5,AGATG,2.709190672153635,2.9224207103340514,0.9270389984144737,-1.0216178914821072,237,692
6,GATCTT,0.5029721079103796,0.5996874868026522,0.8387505891330894,-1.023585830614745,44,142
6,TCCATC,1.4174668495656149,1.5752354406858398,0.8998507955540322,-1.0264371103743772,124,373
6,AAAGGA,3.3607681755829906,3.5981249208159127,0.9340350449301261,-1.02744458320707,294,852
6,CTGTGA,0.5258344764517604,0.6250263946957219,0.8413250198909888,-1.0280506492882198,46,148
6,GCAAGG,1.9204389574759946,2.1031293551247945,0.913138147675787,-1.029487254739616,168,498
6,AGTCAG,0.5372656607224509,0.6376958486422568,0.8425355258526654,-1.0303807031911427,47,151
6,GTCCAT,0.5372656607224509,0.6376958486422568,0.8425355258526654,-1.0303807031911427,47,151
5,AATGG,3.7608596250571558,4.011993749736053,0.9374057187234424,-1.031204563131927,329,950
6,TAGAAA,0.9259259259259258,1.0557878288779088,0.8770116489646566,-1.0325991465275222,81,250
5,TAGCG,2.1262002743484225,2.3185100722158873,0.9170581547229822,-1.032695703006142,186,549
6,ACCCTC,0.823045267489712,0.9459858946746061,0.8700534191695375,-1.033182162144514,72,224
6,GGTGGA,1.3603109282121628,1.5161113222686768,0.8972436152083385,-1.0332738073635366,119,359
6,GTCTTG,0.5601280292638318,0.6630347565353267,0.8448177745815184,-1.0352139142726904,49,157
6,GTGAGC,0.9373571101966164,1.0684572828244436,0.8773110485183356,-1.0362676007263325,82,253
6,TTCAAA,1.29172382258802,1.444317749904979,0.894356097931504,-1.036898155365922,113,342
6,CTCGAT,0.720164609053498,0.8361839604713037,0.8612679940047866,-1.0377699776878655,63,198
5,CAGTG,2.2062185642432555,2.40297309852612,0.9181237830827784,-1.0381185931242276,193,569
6,ACCTAG,0.18289894833104708,0.24494277629967484,0.7468040931239233,-1.03923771173785,16,58
6,ACGGGG,1.131687242798354,1.2753916972845136,0.8873340729758551,-1.039288558480172,99,302
6,GCATTA,0.6058527663465935,0.7137125723214663,0.8488961806541312,-1.0454684889919375,53,169
6,AGACCT,0.6058527663465935,0.7137125723214663,0.8488961806541312,-1.0454684889919375,53,169
6,CATCCA,1.5546410608139003,1.7230457367287468,0.9022690464739509,-1.0480079043480344,136,408
6,TCTGTT,0.6172839506172839,0.7263820262680012,0.8498268756748695,-1.0481360124310404,54,172
6,GCCTGG,1.703246456332876,1.8793023354026777,0.9063234754190724,-1.04932006321364,149,445
6,CCTTGA,0.7658893461362597,0.8868617762574433,0.8636103230607867,-1.0506195635003683,67,210
6,GGTGAC,1.1659807956104253,1.3134000591241184,0.8877660777480308,-1.0507482921471594,102,311
6,ATGGCT,0.6287151348879744,0.739051480214536,0.8507256654690905,-1.0508395859485389,55,175
6,CCGTAT,0.6287151348879744,0.739051480214536,0.8507256654690905,-1.0508395859485389,55,175
6,AGGTAG,0.6287151348879744,0.739051480214536,0.8507256654690905,-1.0508395859485389,55,175
5,TCGAG,3.715134887974394,3.9697622365809364,0.9358599030817146,-1.0510819429218619,325,940
6,ATCTCT,0.3886602652034751,0.4772160986528147,0.8144713038188295,-1.0536131834128215,34,113
6,ACGAGT,0.33150434385002286,0.4138688289201402,0.8010369880143645,-1.0539653121444221,29,98
6,GGTGCG,1.646090534979424,1.8201782169855147,0.9043620473059388,-1.0542781807865262,144,431
6,TGTAGC,0.411522633744856,0.5025550065458845,0.8188969141547411,-1.0548884206552622,36,119
6,CCATAG,0.30864197530864196,0.3885299210270704,0.7944369658741129,-1.0559471625928027,27,92
5,GTACG,1.7261088248742569,1.9046412432957474,0.9062694636083071,-1.057119509526107,151,451
6,TTAGTG,0.2972107910379515,0.3758604670805355,0.7908033345810899,-1.0574395496740994,26,89
6,ATTGAC,0.903063557384545,1.0346720723003504,0.8728140056744738,-1.0576162761717174,79,245
6,GACAAT,0.903063557384545,1.0346720723003504,0.8728140056744738,-1.0576162761717174,79,245
5,CATTA,2.6406035665294922,2.8590734406013767,0.9235898490908152,-1.0584049704462506,231,677
6,CTAACT,0.28577960676726105,0.3631910131340006,0.7869162639093795,-1.0593125563804877,25,86
6,ATATTC,0.8001828989483311,0.9248701380970481,0.8651986328929088,-1.0603594615878276,70,219
6,ACAACA,1.80612711476909,1.9891042696059802,0.9080148994084283,-1.0603789476773915,158,471
6,ACGACA,1.2802926383173296,1.4358714472739558,0.8916560567746827,-1.0606336465233033,112,340
6,GTAGTA,0.2743484224965706,0.3505215591874657,0.7827482803184734,-1.061606884759649,24,83
6,ACGTAT,0.48010973936899864,0.578571730225094,0.8298482788889736,-1.0621360669454132,42,137
6,CACATG,0.5029721079103796,0.6039106381181638,0.8328861714716398,-1.0654378188319327,44,143
6,AACTAC,0.51440329218107,0.6165800920646987,0.8343114992709885,-1.0672213167046207,45,146
6,TCAGAT,0.51440329218107,0.6165800920646987,0.8343114992709885,-1.0672213167046207,45,146
6,CCGCTG,2.549154092363969,2.766164111660121,0.9215512291897835,-1.068634473883451,223,655
6,ACACTT,0.5258344764517604,0.6292495460112336,0.8356794404398803,-1.0690852735476266,46,149
6,TGTCTG,0.7087334247828074,0.8277376578402804,0.8562468958371147,-1.070590112697969,62,196
5,TCACA,2.983539094650206,3.2180413024198655,0.9271311649388028,-1.0722747673811501,261,762
6,AGTTAT,0.720164609053498,0.8404071117868154,0.8569405290602521,-1.0735073821937824,63,199
6,GCTACT,0.2286236854138089,0.2998437434013261,0.7625552806006545,-1.0760387973759509,20,71
6,CATGGA,1.0631001371742113,1.2078212762363276,0.8801899247001905,-1.076220729368869,93,286
6,CCAGAT,0.7430269775948789,0.8657460196798852,0.858266898160048,-1.079398383782934,65,205
6,GGACCT,0.5829903978052127,0.6925968157439081,0.8417685552358346,-1.0794371515028476,51,164
6,AACGAG,1.1659807956104253,1.31762321043963,0.8849208895860515,-1.0795600023316732,102,312
6,GAACAT,0.8687700045724738,1.0008868617762574,0.8680133953313418,-1.0800113400593783,76,237
6,TTTTTA,3.3036122542295385,3.551670256345285,0.9301593334555951,-1.0810657703888256,289,841
5,GATGT,3.1321444901691815,3.3742979010937963,0.9282380388969179,-1.0820160541355768,274,799
5,ACACC,5.121170553269319,5.4267494404324506,0.9436912907724263,-1.0858923434440182,448,1285
6,CGCAGG,2.091906721536351,2.2931711643228176,0.9122369626768939,-1.0873058271740554,183,543
5,TACCA,2.1604938271604937,2.3649647366865154,0.9135453223100827,-1.0879306055612468,189,560
6,GTGCGT,0.6287151348879744,0.7432746315300477,0.8458926471484752,-1.088713477374897,55,176
5,TGACG,5.3955189757658895,5.709700578571731,0.9449750304791851,-1.0898727259909826,472,1352
6,GTGCAA,0.6401463191586648,0.7559440854765827,0.8468372829807628,-1.0911431314828544,56,179
6,CCACGA,1.1202560585276635,1.271168545969002,0.881289843975249,-1.0941157541217392,98,301
6,AAGACA,1.211705532693187,1.3683010262257698,0.8855631569025538,-1.0941575291066867,106,324
5,ATCTT,2.937814357567444,3.1758097892647497,0.9250622821524148,-1.0955273438421362,257,752
6,ACGCGG,1.3946044810242342,1.562565986739305,0.8925160545245223,-1.0982044505214643,122,370
6,ACAGGA,2.3891175125743027,2.6056843616706784,0.9168899574800097,-1.098603537211801,209,617
6,CGGTCC,1.0402377686328304,1.1867055196587695,0.8765865606455459,-1.0992895621057677,91,281
6,ACTCTG,0.411522633744856,0.5067781578613961,0.8120741195114045,-1.100299997127382,36,120
6,TGGTCT,0.411522633744856,0.5067781578613961,0.8120741195114045,-1.100299997127382,36,120
6,AGGGGT,0.823045267489712,0.9544321973056294,0.8623546380239607,-1.1004869066762824,72,226
6,GGATGT,0.823045267489712,0.9544321973056294,0.8623546380239607,-1.1004869066762824,72,226
6,GCTCCT,0.4343850022862369,0.5321170657544659,0.8163680389885939,-1.1011645509267665,38,126
6,ACCGCT,1.1431184270690442,1.296507453862072,0.8816997184952597,-1.1012245261535012,100,307
6,ATCGTA,0.3543667123914037,0.44343088812872167,0.7991928451407657,-1.1014944245579765,31,105
6,GTCACC,1.0516689529035208,1.1993749736053043,0.8768577719818377,-1.1027395103140776,92,284
6,TATTAT,1.646090534979424,1.8286245196165378,0.9001850838225819,-1.1035463055591566,144,433
6,CGGTTA,0.4686785550983082,0.5701254275940707,0.8220933904617456,-1.103570767448639,41,135
6,TATGAC,0.48010973936899864,0.5827948815406057,0.8238359172065337,-1.1046282585038811,42,138
5,CACTT,2.343392775491541,2.559229697200051,0.9156666208559846,-1.104717672441286,205,606
6,TTGCTG,1.0631001371742113,1.2120444275518392,0.8771233138624827,-1.1061851472144566,93,287
6,ATGCCA,0.7087334247828074,0.831960809155792,0.8519009872631655,-1.1064575838721995,62,197
5,GGGGT,3.2121627800640145,3.4629840787195407,0.9275728532850792,-1.1068983308960958,281,820
6,GCATGG,1.1659807956104253,1.3218463617551417,0.8820938801648694,-1.1083047144327982,102,313
6,TACCAG,0.51440329218107,0.6208032433802103,0.8286368249263818,-1.1084508196626988,45,147
6,TTATGT,0.5372656607224509,0.6461421512732801,0.8315236938099569,-1.1114722598307283,47,153
6,GTGTTG,0.5372656607224509,0.6461421512732801,0.8315236938099569,-1.1114722598307283,47,153
6,GGGTGT,0.7430269775948789,0.8699691709953968,0.8541010328462845,-1.1144992855093656,65,206
6,TCGATA,0.7430269775948789,0.8699691709953968,0.8541010328462845,-1.1144992855093656,65,206
6,CACCAG,0.9945130315500686,1.1402508551881414,0.8721991368051123,-1.1162928510538357,87,270
6,TTAAAC,1.108824874256973,1.2627222433379788,0.8781321996085422,-1.1199220759216197,97,299
6,CATAAC,0.594421582075903,0.7094894210059546,0.837838846629189,-1.1203582884537984,52,168
6,ATTCAA,1.3831732967535437,1.5541196841082816,0.8900114384712501,-1.12109158073387,121,368
6,TTGTCT,0.6058527663465935,0.7221588749524895,0.8389689450149759,-1.1223280100902737,53,171
6,TATGGA,0.6058527663465935,0.7221588749524895,0.8389689450149759,-1.1223280100902737,53,171
6,TGACCT,0.7773205304069501,0.9079775328350016,0.8561169088501259,-1.1227394026385686,68,215
6,GTACTA,0.2514860539551898,0.3294058026099075,0.7635254127923061,-1.1231927540906648,22,78
6,CTCGTA,0.2514860539551898,0.3294058026099075,0.7635254127923061,-1.1231927540906648,22,78
6,CGGGTA,0.6287151348879744,0.7474977828455593,0.8411142318995837,-1.1264301003052481,55,177
5,GGCGT,5.42981252857796,5.756155243042358,0.9433064204616619,-1.1279970920891256,475,1363
6,CTCACG,0.6401463191586648,0.7601672367920942,0.8421332502241566,-1.1285561170666505,56,180
6,GATAAC,1.0402377686328304,1.190928670974281,0.8734783586543027,-1.1294862621000055,91,282
6,CGCAGA,1.0402377686328304,1.190928670974281,0.8734783586543027,-1.1294862621000055,91,282
6,TGCGCA,1.4974851394604483,1.6765910722581192,0.8931789309544922,-1.1310815753496934,131,397
5,GCAGT,3.1207133058984913,3.3742979010937963,0.9248504169845806,-1.1336044025485223,273,799
6,GGCGTG,1.7489711934156378,1.942649605135352,0.9003070641693836,-1.1366618686836616,153,460
5,GTCAT,3.4865112025605853,3.754381519489843,0.9286531800626213,-1.1368548771073108,305,889
6,CTACCG,0.6973022405121171,0.8235145065247689,0.8467580828011362,-1.1398265081889918,61,195
5,ATATG,2.4577046181984454,2.6859242366653997,0.9150344157913182,-1.1410353253913792,215,636
6,ATGCCC,0.8573388203017833,0.9966637104607459,0.8602227501896504,-1.142555333421191,75,236
6,GGGAGG,2.2062185642432555,2.4240888551036783,0.9101265190615255,-1.1458673044590162,193,574
6,GTTACA,0.48010973936899864,0.5870180328561172,0.8179100495907982,-1.146894940036093,42,139
6,CAGGAT,0.9945130315500686,1.144474006503653,0.8689809709975221,-1.1470529993644105,87,271
6,CGAGAC,1.2002743484224965,1.364077874910258,0.8799250966458189,-1.14715634444915,105,323
6,GTACGT,0.205761316872428,0.27872798682376787,0.7383093756744793,-1.1473189973653035,18,66
6,CAACGC,1.7832647462277091,1.9806579669749567,0.9003446034102242,-1.1475046647026927,156,469
6,CAGTTG,0.51440329218107,0.6250263946957219,0.8230388231031305,-1.1494750017673738,45,148
6,CTCACA,0.51440329218107,0.6250263946957219,0.8230388231031305,-1.1494750017673738,45,148
5,CAGGA,8.23045267489712,8.632121288905783,0.9534686842974135,-1.149690106742332,720,2044
6,ACCGGT,1.0059442158207592,1.157143460450188,0.8693453453860006,-1.1501888834310736,88,274
6,CAGCAA,1.2231367169638776,1.3894167828033277,0.8803324523335494,-1.153911461161001,107,329
6,CCCGAC,1.954732510288066,2.162253473541957,0.9040300460618172,-1.1550751729120934,171,512
6,GCGGAT,1.02880658436214,1.1824823683432577,0.8700506720758822,-1.1564652527440862,90,280
6,ACGTCG,0.7773205304069501,0.9122006841505131,0.8521538390940084,-1.157004717897842,68,216
6,CATATC,0.5829903978052127,0.7010431183749314,0.8316282118787183,-1.1572847289834407,51,166
6,CCACGT,0.5829903978052127,0.7010431183749314,0.8316282118787183,-1.1572847289834407,51,166
6,TAACTC,0.30864197530864196,0.3969762236580937,0.7775383085502676,-1.1579352903478382,27,94
6,GTATCC,0.6058527663465935,0.7263820262680012,0.8340918900078278,-1.1605109957902102,53,172
5,GCTAC,2.4577046181984454,2.6901473879809115,0.913597994436891,-1.161486099437116,215,637
6,ATCGAC,1.6003657978966621,1.7906161577769333,0.8937573891573886,-1.163140170573153,140,424
6,AGGACG,1.440329218106996,1.6216901051564678,0.8881724050030663,-1.1650296094039425,126,384
6,GTGGGA,0.6401463191586648,0.7643903881076058,0.8374811889309809,-1.165817194318907,56,181
6,CACTGA,1.0631001371742113,1.2204907301828625,0.8710537536320042,-1.1658868501808302,93,289
6,ACGGGA,1.0631001371742113,1.2204907301828625,0.8710537536320042,-1.1658868501808302,93,289
5,CGTCA,4.275262917238226,4.577896026014612,0.9338939773960783,-1.1672490733647372,374,1084
6,ATGGTG,1.1774119798811158,1.3429621183326999,0.8767367970611062,-1.1688593403903151,103,318
5,TGTGC,2.549154092363969,2.787279868237679,0.9145700309501534,-1.1693839424430752,223,660
6,ATTGCT,0.6630086877000457,0.7897292960006757,0.8395594985621786,-1.1696263487765952,58,187
6,TCGCCA,1.623228166438043,1.8159550656700032,0.893876070789265,-1.170159241169105,142,430
6,GCCATG,1.3717421124828533,1.5498965327927698,0.8850614072091376,-1.1707229111343553,120,367
5,CGCAG,6.675811614083218,7.048439545588918,0.9471340227155431,-1.1712991242075403,584,1669
5,GTGCG,4.515317786922726,4.827061953629799,0.9354187471434108,-1.172216136357893,395,1143
5,GTGTA,1.8632830361225423,2.069344144600701,0.9004268324826337,-1.1724462643130595,163,490
6,GCGTCA,1.0973936899862824,1.2584990920224672,0.8719962511832888,-1.1753105565467707,96,298
5,CTCGA,3.017832647462277,3.2771654208370284,0.9208691576440835,-1.1764007234420493,264,776
6,AAAACC,1.211705532693187,1.3809704801723046,0.8774393125410951,-1.1786320978456366,106,327
6,CACAAA,0.720164609053498,0.8530765657333503,0.8442151812203054,-1.1799376051925008,63,202
6,ATGTCG,0.720164609053498,0.8530765657333503,0.8442151812203054,-1.1799376051925008,63,202
5,TCACT,2.32053040695016,2.5507833945690273,0.9097359808335072,-1.1813457564910266,203,604
6,ACGAAC,0.8916323731138546,1.0388952236158622,0.858264169887605,-1.1834157361778823,78,246
6,TGATTG,1.0173754000914494,1.1740360657122344,0.8665736704665875,-1.1836808678054618,89,278
6,CATGCG,1.131687242798354,1.296507453862072,0.8728834925537525,-1.1847301901096055,99,307
6,ATATCA,0.903063557384545,1.0515646775623972,0.8587942303795392,-1.1861415194697291,79,249
6,GAAATG,1.02880658436214,1.1867055196587695,0.8669546672297003,-1.1866619957698556,90,281
6,TGACGC,1.6003657978966621,1.7948393090924448,0.8916545477550925,-1.1879253949180761,140,425
6,ACGTTA,0.4458161865569273,0.5532328223320241,0.8058733705288097,-1.1888431242043451,39,131
6,TATCAC,0.48010973936899864,0.5912411841716289,0.8120688229109106,-1.1889388754566659,42,140
6,ACCATA,0.48010973936899864,0.5912411841716289,0.8120688229109106,-1.1889388754566659,42,140
6,TGCGTA,0.4229538180155464,0.5278939144389544,0.8012475266217468,-1.189618114527943,37,125
6,GTGTCA,0.5029721079103796,0.6165800920646987,0.8157748472567848,-1.189718446861405,44,146
5,CTTGC,3.783721993598537,4.075341019468728,0.928444792974036,-1.1898885080741173,331,965
6,TAGGAC,0.2286236854138089,0.30829004603234933,0.7416701296183092,-1.1906750088669833,20,73
6,GCGTTA,0.5372656607224509,0.6545884539043034,0.8207959946716858,-1.1917898927230839,47,155
5,AACTT,3.0749885688157295,3.340512690569703,0.9205163404594827,-1.1934493936974402,269,791
6,ACATCC,0.9373571101966164,1.0895730394020018,0.8603104567137685,-1.1943882966362405,82,258
6,ACAGCT,0.36579789666209417,0.4645466447062798,0.7874756028710627,-1.1952987970424402,32,110
6,AAAGAG,1.5432098765432098,1.735715190675282,0.8890980358011602,-1.1958312144091003,135,411
6,ATAACT,0.8001828989483311,0.9417627433590946,0.8496810226235004,-1.1958444095838652,70,223
5,GACAG,3.86374028349337,4.1598040457789605,0.9288291847534308,-1.1961528013859548,338,985
6,GGCACA,1.0745313214449017,1.237383335444909,0.8684006407718956,-1.1986181491773096,94,293
5,ACTGA,4.160951074531321,4.4680940918113095,0.9312601442621131,-1.19884885277573,364,1058
6,ATACAT,0.6287151348879744,0.7559440854765827,0.831717550560021,-1.2013975536210715,55,179
6,GGCATT,1.0859625057155922,1.2500527893914437,0.8687438167012143,-1.2016134928228768,95,296
6,TCTATT,0.6401463191586648,0.7686135394231176,0.832880242540204,-1.2029277894143495,56,182
6,GTTGAT,0.8344764517604023,0.9797711051986994,0.851720647065275,-1.2030616321611696,73,232
5,AGACC,4.698216735253772,5.025550065458845,0.9348674647176837,-1.2076064601771288,411,1190
6,CACACT,0.6744398719707362,0.8066219012627222,0.836149199513379,-1.207866919350674,59,191
6,AAAACA,1.8289894833104712,2.0397820853921194,0.8966643201628351,-1.2084677198167755,160,483
6,ATGCTG,1.1202560585276635,1.2880611512310485,0.8697328416223234,-1.2106100562386726,98,305
5,AGCAA,4.320987654320987,4.637020144431775,0.9318472499595946,-1.2118271086003076,378,1098
6,TCATAA,0.720164609053498,0.8572997170488619,0.8400569707821017,-1.2151573392200559,63,203
6,GACCTA,0.28577960676726105,0.3758604670805355,0.7603980519207676,-1.2164126026061117,25,89
6,CAACGG,1.2574302697759487,1.4358714472739558,0.875734870747772,-1.219156382963075,110,340
6,TGAACC,1.1545496113397347,1.3260695130706535,0.8706651751224651,-1.2196171380850636,101,314
6,ATCAGG,1.3603109282121628,1.5456733814772583,0.8800843283457572,-1.22056046434129,119,366
6,GTTATA,0.7544581618655692,0.8953080788884666,0.8426975137439632,-1.2210681824197607,66,212
5,ATGGA,4.355281207133059,4.67502850627138,0.9316067357914547,-1.2213544936755265,381,1107
6,CGACGG,1.6346593507087332,1.8370708222475611,0.8898243597777146,-1.2226798480627825,143,435
5,TAGGC,1.6346593507087332,1.8370708222475611,0.8898243597777146,-1.2226798480627825,143,435
6,CACACG,0.7773205304069501,0.9206469867815363,0.8443367630497683,-1.2251890486189525,68,218
6,ACATTT,0.9373571101966164,1.0937961907175136,0.8569890983729591,-1.225743862517046,82,259
6,TAGTAT,0.49154092363968904,0.6081337894336754,0.8083091274778641,-1.2306742367577013,43,144
6,ATCTGT,0.51440329218107,0.6334726973267453,0.812066704187114,-1.2309168104181456,45,150
6,TTGCTC,0.51440329218107,0.6334726973267453,0.812066704187114,-1.2309168104181456,45,150
6,TAATAG,0.5372656607224509,0.658811605219815,0.8155352804010546,-1.2316638110013256,47,156
5,CAATG,3.635116598079561,3.931753874741332,0.9245553659642842,-1.2319975141547421,318,931
6,ACTCCT,0.2514860539551898,0.3378521052409308,0.7444429256501615,-1.232716368863546,22,80
5,ATCAG,3.5779606767261085,3.872629756324169,0.9239117888055923,-1.2328636448251418,313,917
6,ACGTTG,0.5715592135345221,0.6968199670594197,0.8202652249247182,-1.233605782607013,50,165
5,CTGTT,3.7037037037037033,4.00354744710503,0.9251073558891559,-1.2344599640257383,324,948
6,GTATGG,0.411522633744856,0.5194476118079311,0.7922712459643192,-1.2348859074744925,36,123
6,GTCGGA,0.6287151348879744,0.7601672367920942,0.8270975052683123,-1.2386513373485566,55,180
6,TCGGAC,0.6401463191586648,0.7728366907386292,0.8283295732110174,-1.2398893087132326,56,183
6,CTGCCA,1.0059442158207592,1.1698129143967229,0.8599308576224545,-1.2414914107060264,88,277
6,CATAGC,0.36579789666209417,0.4687697960217915,0.7803827411503566,-1.2420711867131362,32,111
6,GGGGCG,2.0233196159122087,2.2509396511677013,0.8988822630745675,-1.2431533726563646,177,533
5,TTGAT,4.263831732967535,4.586342328645635,0.9296817505664926,-1.2435098050597702,373,1086
6,CGGACG,1.2459990855052583,1.4274251446429327,0.8729086770775905,-1.2436441392365056,109,338
6,AGATTG,0.6744398719707362,0.8108450525782339,0.8317947927867304,-1.2439915469876444,59,192
6,CGGGTG,1.3488797439414724,1.5372270788462352,0.877483889084867,-1.2440102700585143,118,364
6,CAGTAA,0.6973022405121171,0.8361839604713037,0.8339299490080891,-1.2470177233084718,61,198
6,ATGGCG,1.4631915866483767,1.6596984669960724,0.8816079878038826,-1.2491430347970254,128,393
5,TCGAT,4.172382258802012,4.49343299970438,0.9285527132161956,-1.250201964108879,365,1064
6,AAGCAA,1.0631001371742113,1.2331601841293973,0.8621052968840978,-1.254878196733976,93,292
6,CCCTTG,0.7544581618655692,0.8995312302039782,0.8387416271603692,-1.2554434837305313,66,213
6,AGTTAC,0.30864197530864196,0.40542252628911696,0.7613435883177662,-1.2583366196455086,27,96
6,GCGGTA,0.7773205304069501,0.9248701380970481,0.8404817608559197,-1.2591098640370415,68,219
5,CGCTC,4.778235025148605,5.122682545715613,0.932761635401627,-1.2596166094216488,418,1213
6,GACGCG,1.6803840877914953,1.8919717893492123,0.8881714199488733,-1.2600547815571082,147,448
5,CTGGT,3.8065843621399176,4.117572532623845,0.9244747686903213,-1.263329486616003,333,975
5,AGTTG,2.32053040695016,2.567675999831074,0.9037511087816177,-1.264964779706455,203,608
5,ACATT,3.326474622770919,3.619240677393471,0.9191106666329646,-1.2662305802029805,291,857
6,CGCCCC,3.0749885688157295,3.3574052958317493,0.9158849496479923,-1.2670689669672062,269,795
6,GTGTAG,0.28577960676726105,0.3800836183960471,0.7519514069894849,-1.2679110278243466,25,90
6,CTAGAC,0.28577960676726105,0.3800836183960471,0.7519514069894849,-1.2679110278243466,25,90
5,GAGAG,4.240969364426155,4.569449723383589,0.928115377041087,-1.2690168952692327,371,1082
5,GGACG,4.983996342021033,5.338063262806706,0.9336725193002975,-1.2696682656848521,436,1264
6,TCGAGG,1.3488797439414724,1.5414502301617468,0.8750799795864783,-1.270606184025849,118,365
6,TGTCAG,0.5258344764517604,0.6503653025887918,0.8085511623119478,-1.2712804944837526,46,154
6,CATACA,0.5029721079103796,0.6250263946957219,0.8047526263152721,-1.2715341755875909,44,148
6,TCACTC,0.5486968449931412,0.6757042104818616,0.8120648502646031,-1.271541864020323,48,160
6,CAACTG,1.0059442158207592,1.1740360657122344,0.8568378446074644,-1.2717654832542058,88,278
6,TGTATC,0.4572473708276178,0.5743485789095824,0.7961502345357945,-1.2738635198199364,40,136
6,ACCTGA,1.2574302697759487,1.444317749904979,0.8706139687487746,-1.274075504679216,110,342
6,TATCGT,0.6287151348879744,0.7643903881076058,0.8225285035231411,-1.2757537600506912,55,181
6,AGTGAC,0.6515775034293553,0.7897292960006757,0.8250865177186311,-1.2777262005572232,57,187
6,CACTTG,0.411522633744856,0.5236707631234427,0.7858831815853846,-1.279211042910703,36,124
6,GTACCA,0.40009144947416553,0.5110013091769079,0.7829982868144972,-1.2811237924954708,35,121
6,GTCACT,0.40009144947416553,0.5110013091769079,0.7829982868144972,-1.2811237924954708,35,121
6,TAACTA,0.6858710562414266,0.8277376578402804,0.8286299248949787,-1.2812012511751507,60,196
6,GAGCCA,1.0516689529035208,1.2247138814983742,0.8587173682395245,-1.2818479356522332,92,290
6,GATGGA,1.3031550068587106,1.4949955656911187,0.8716867582014876,-1.2856133251932416,114,354
6,TAGTTC,0.18289894833104708,0.26183538156172137,0.6986415780867923,-1.2879209839782055,16,62
5,CTATG,1.6117969821673523,1.8244013683010263,0.8834726080081535,-1.2897406046801971,141,432
5,CGAGC,4.675354366712392,5.025550065458845,0.9303183281396094,-1.292716679148347,409,1190
6,ATAACG,0.9716506630086876,1.1402508551881414,0.8521505978511875,-1.2950016414519367,85,270
6,TTGATA,0.9716506630086876,1.1402508551881414,0.8521505978511875,-1.2950016414519367,85,270
6,AGTGTC,0.3429355281207133,0.4476540394442333,0.7661249210537553,-1.295098230191539,30,106
6,TGTTAT,0.8001828989483311,0.9544321973056294,0.8384032526166221,-1.296297466795822,70,226
6,GGGGAG,1.7261088248742569,1.9468727564508637,0.886611699703987,-1.2966593519302185,151,461
5,TCAAT,3.8065843621399176,4.126018835254867,0.9225823380592919,-1.2966916881679607,333,977
6,ATTGAT,1.4517604023776864,1.6554753156805608,0.8769521921634033,-1.2974146709612584,127,392
6,AAAGTA,0.8116140832190215,0.9671016512521644,0.8392397616031314,-1.298043983601557,71,229
5,GGGAG,7.144490169181528,7.572110308712361,0.9435276990340817,-1.3010491179083317,625,1793
5,ACCAG,3.7037037037037033,4.020440052367076,0.9212204468708388,-1.302045089477249,324,952
6,TACTTT,0.8573388203017833,1.017779467038304,0.8423775585105863,-1.3053693133900277,75,241
6,GACGTC,0.8802011888431641,1.0431183749313737,0.8438321352430866,-1.309215196184046,77,247
6,TCAACG,1.29172382258802,1.4865492630600954,0.8689499633080571,-1.3097598357005835,113,352
6,CATGTC,0.5601280292638318,0.6925968157439081,0.8087636849639418,-1.3106625207735134,49,164
6,TTTCTA,0.594421582075903,0.7306051775835128,0.8136271649833147,-1.311238118742956,52,173
6,GCGTGC,1.6918152720621855,1.9130875459267707,0.88434365761178,-1.3112581041173248,148,453
6,AGTGGG,0.51440329218107,0.6419189999577685,0.8013832802688294,-1.3115651599797444,45,152
6,TTACGG,0.5029721079103796,0.6292495460112336,0.7993524601690901,-1.312137836352341,44,149
5,TACTC,1.188843164151806,1.3767473288567929,0.863525780406601,-1.3129161760947223,104,326
6,TGTACT,0.2972107910379515,0.3969762236580937,0.7487499208563891,-1.3131991804462255,26,94
6,ATTGGC,0.6401463191586648,0.7812829933696525,0.8193758049399734,-1.313370648444825,56,185
6,GCATAC,0.48010973936899864,0.6039106381181638,0.7950352345864714,-1.3137610993988278,42,143
6,CCCATA,0.4686785550983082,0.5912411841716289,0.7927378772966563,-1.3148321288904403,41,140
6,ACTTAT,0.6630086877000457,0.8066219012627222,0.8219792801733959,-1.3149361188845456,58,191
5,TAGTG,1.314586191129401,1.5118881709531653,0.8695082517084879,-1.315308749654799,115,358
6,GACCTC,0.6744398719707362,0.8192913552092571,0.8232206352707633,-1.3158294704827576,59,194
6,GGGTAG,0.4572473708276178,0.578571730225094,0.7903399232060585,-1.316091141525314,40,137
6,ACGGTC,0.6858710562414266,0.831960809155792,0.8244241871425385,-1.3167918022501535,60,197
6,ATCCGA,1.2231367169638776,1.4147556906963976,0.864566418333304,-1.320820039354868,107,335
6,ACATTG,0.7315957933241883,0.8826386249419317,0.8288929164873927,-1.321267471919764,64,209
6,CTACAT,0.411522633744856,0.5278939144389544,0.779597306878519,-1.3232739493476429,36,125
5,AATTT,7.087334247828076,7.521432492926222,0.9422859310245082,-1.325051206011631,620,1781
5,TCGGG,3.9780521262002746,4.3118374931373795,0.9225903975954343,-1.3266864033317523,348,1021
6,CACGGA,1.131687242798354,1.31762321043963,0.8588960366120875,-1.3284597892117231,99,312
5,TGAAC,4.298125285779607,4.645466447062798,0.9252316880532834,-1.331880260248328,376,1100
6,ACGCAG,0.8344764517604023,0.9966637104607459,0.8372861521760521,-1.3342975805289505,73,236
5,GCAAT,3.7608596250571558,4.088010473415263,0.9199750470332078,-1.3343751765882184,329,968
5,ACTCC,1.8747142203932328,2.1115756577558176,0.8878324725235933,-1.3367155959533066,164,500
6,TCGTCC,0.8573388203017833,1.0220026183538158,0.838897000071052,-1.3376355310888282,75,242
6,CGTCCA,0.8573388203017833,1.0220026183538158,0.838897000071052,-1.3376355310888282,75,242
6,TTCGAG,0.8687700045724738,1.0346720723003504,0.8396728398756762,-1.339354785497576,76,245
6,GAGCAT,0.8802011888431641,1.0473415262468855,0.8404299111544621,-1.3411056759264854,77,248
6,CGTTTC,1.314586191129401,1.5161113222686768,0.8670863828943464,-1.3420653806249705,115,359
6,TACAAA,0.8916323731138546,1.0600109801934203,0.8411688868189587,-1.3428868740547382,78,251
6,CCGCCC,4.103795153177869,4.4469783352337515,0.9228295172277771,-1.344040041591177,359,1053
5,GATGG,4.583904892546868,4.945310190464125,0.9269210674143618,-1.344915256521319,401,1171
6,ACTACT,0.33150434385002286,0.43920773681320996,0.7548338352871264,-1.3468898985664075,29,104
5,ACCGG,6.652949245541838,7.082224756113012,0.9393877680911694,-1.347702984136939,582,1677
6,TGCTCA,0.5829903978052127,0.7221588749524895,0.807314964241275,-1.3489386171561226,51,171
6,AATGTC,0.5715592135345221,0.7094894210059546,0.8056196958575077,-1.3490621997925971,50,168
6,ACCTTG,0.6172839506172839,0.7601672367920942,0.8120617603124679,-1.3492183160325977,54,180
6,GAACTC,0.5601280292638318,0.6968199670594197,0.803862790196204,-1.349304221219246,49,165
6,ACCTCC,0.5486968449931412,0.6841505131128849,0.8020408234646117,-1.3496713409841332,48,162
6,GTAACG,0.6401463191586648,0.7855061446851641,0.814971119421739,-1.3498931857299097,56,186
6,GTATCA,0.5258344764517604,0.658811605219815,0.7981866949760384,-1.3508099639552162,46,156
6,TGTCAT,0.6744398719707362,0.8235145065247689,0.8189995035625937,-1.351545177700224,59,195
6,CATCTC,0.6744398719707362,0.8235145065247689,0.8189995035625937,-1.351545177700224,59,195
6,TCGTTG,0.6973022405121171,0.8488534144178386,0.8214846994759469,-1.353026594337897,61,201
6,TATTGT,0.7087334247828074,0.8615228683643734,0.822672483297005,-1.3538707661189522,62,204
6,CAGACT,0.4686785550983082,0.5954643354871405,0.7871165668690887,-1.3564166598131584,41,141
6,CACACA,0.7430269775948789,0.8995312302039782,0.8260351048800137,-1.3567800912746675,65,213
6,GTTACG,0.30864197530864196,0.4138688289201402,0.7458097173983169,-1.3572077270727154,27,98
6,AGTGCC,0.4572473708276178,0.5827948815406057,0.7846138048404839,-1.3580927494479849,40,138
6,TTGGGG,0.7658893461362597,0.9248701380970481,0.8281233248374252,-1.3590060773013253,67,219
6,GTGGCA,0.7658893461362597,0.9248701380970481,0.8281233248374252,-1.3590060773013253,67,219
6,TGCACG,0.7658893461362597,0.9248701380970481,0.8281233248374252,-1.3590060773013253,67,219
6,GGAGAG,1.9661636945587562,2.2129312893280964,0.8884933999987583,-1.3609152492919412,172,524
5,TGTAG,1.4060356652949246,1.6174669538409563,0.8692905489667785,-1.3634688039757328,123,383
6,GAGGCA,1.4174668495656149,1.630136407787491,0.8695467987305564,-1.3661508629462933,124,386
6,CTCGAG,0.411522633744856,0.5321170657544659,0.773411189213453,-1.36707822576233,36,126
6,AATTTT,2.549154092363969,2.8295113813927952,0.9009202143897129,-1.3692603818539866,223,670
6,TACGTG,0.28577960676726105,0.3885299210270704,0.7356088435284113,-1.369655042325541,25,92
6,TACATG,0.28577960676726105,0.3885299210270704,0.7356088435284113,-1.369655042325541,25,92
6,AACTCG,0.40009144947416553,0.5194476118079311,0.7702690578859022,-1.3699761330245828,35,123
5,TCCAT,3.4522176497485138,3.7754972760674015,0.9143765601357753,-1.370910971601741,302,894
6,GCGCTA,0.8802011888431641,1.0515646775623972,0.8370550115684895,-1.3729024058875885,77,249
6,TACGGG,0.3886602652034751,0.5067781578613961,0.7669698509869112,-1.3731725475551393,34,120
6,GTAACT,0.3886602652034751,0.5067781578613961,0.7669698509869112,-1.3731725475551393,34,120
6,TCTAGA,0.2743484224965706,0.3758604670805355,0.7299927692604454,-1.3768050325742496,24,89
5,TTGTA,2.034750800182899,2.288948013007306,0.888950685446546,-1.3788480573267108,178,542
5,AGATA,3.0292638317329676,3.3362895392541914,0.9079766604262117,-1.3831422879941964,265,790
6,ATGCAA,0.6515775034293553,0.8023987499472106,0.812060459249592,-1.386470013345419,57,190
6,CATATA,0.6515775034293553,0.8023987499472106,0.812060459249592,-1.386470013345419,57,190
6,AAGTAT,0.6744398719707362,0.8277376578402804,0.8148214394239108,-1.3871269633119714,59,196
5,CATGT,2.06904435299497,2.3269563748469104,0.8891681247434723,-1.3877464313005736,181,551
6,GTCTCG,0.5486968449931412,0.6883736644283964,0.7971210423114419,-1.3884708068944571,48,163
6,CAATGT,0.5372656607224509,0.6757042104818616,0.795149915297655,-1.3893080497811685,47,160
6,TCAATG,0.720164609053498,0.8784154736264199,0.8198655922135567,-1.3893763040732314,63,208
6,CGAGCA,1.0059442158207592,1.190928670974281,0.8446851367547672,-1.3920742041513192,88,282
6,AACGTA,0.5029721079103796,0.6376958486422568,0.7887666703715963,-1.392748347288664,44,151
6,ATGTAC,0.2514860539551898,0.3505215591874657,0.7175430242744288,-1.3932742500155595,22,83
6,TTATAA,1.8289894833104712,2.073567295916213,0.8820554227346874,-1.3936906953249724,160,491
5,GATGC,4.89254686785551,5.278939144389543,0.9268063247940332,-1.3941400775359856,428,1250
5,CGCTA,2.8692272519433013,3.171586637949238,0.9046692121509717,-1.3965014872082813,251,751
6,TAACTT,0.8344764517604023,1.005110013091769,0.8302508340455728,-1.399306938892021,73,238
6,CGAGTG,0.4572473708276178,0.5870180328561172,0.7789700626342339,-1.3998711520397846,40,139
6,GCTCCG,0.8459076360310928,1.017779467038304,0.8311471676432359,-1.4005712298187545,74,241
6,TTCTAG,0.24005486968449932,0.3378521052409308,0.7106180608441234,-1.4027470345211495,21,80
6,GTCTAA,0.30864197530864196,0.41809198023565186,0.7382780873384165,-1.4060863128237149,27,99
6,ACGCTT,0.903063557384545,1.0811267367709785,0.8353137474955448,-1.4074817750569126,79,256
6,CTAGAT,0.18289894833104708,0.2702816841927446,0.6768171034861747,-1.407839324105998,16,64
6,CAAATT,0.9144947416552356,1.0937961907175136,0.8360891549090507,-1.4089710751900024,80,259
6,TCCACG,0.9144947416552356,1.0937961907175136,0.8360891549090507,-1.4089710751900024,80,259
5,GGCTC,3.1321444901691815,3.450314624773006,0.9077878547350651,-1.4103104010593528,274,817
6,ATGTTT,0.9373571101966164,1.1191350986105832,0.8375873052590777,-1.4120459439885364,82,265
6,GTCGAT,0.9373571101966164,1.1191350986105832,0.8375873052590777,-1.4120459439885364,82,265
5,ACTGC,3.1435756744398717,3.4629840787195407,0.9077676438055848,-1.4133010197566884,275,820
6,AGGAGG,3.3607681755829906,3.691034249757169,0.9105245022730056,-1.416590921379921,294,874
6,GGTTCA,0.6630086877000457,0.8192913552092571,0.8092698116526996,-1.4224621491658618,58,194
6,TGACAT,0.6287151348879744,0.7812829933696525,0.8047463794627252,-1.4226780505922483,55,185
6,CTACAC,0.6287151348879744,0.7812829933696525,0.8047463794627252,-1.4226780505922483,55,185
6,CCACTG,0.6973022405121171,0.8572997170488619,0.8133921981133255,-1.423057164025184,61,203
6,TAGTAG,0.17146776406035666,0.2576122302462097,0.6657338842492903,-1.4238563777918505,15,61
6,CTGTCA,0.5829903978052127,0.7306051775835128,0.7979831205432657,-1.4244497046141822,51,173
6,TGGTTG,0.5829903978052127,0.7306051775835128,0.7979831205432657,-1.4244497046141822,51,173
6,CCTACT,0.21719250114311844,0.3125131973478609,0.6950842222483838,-1.424641089634203,19,74
6,CGCATG,1.2002743484224965,1.4063093880653743,0.8535027984090073,-1.426570207830276,105,333
6,ATCACA,1.0516689529035208,1.2458296380759322,0.8441640047408692,-1.4290552225184248,92,295
6,AGGTCG,0.8116140832190215,0.9839942565142109,0.824833676089339,-1.4296572271686616,71,233
5,AACGT,2.8006401463191586,3.108239368216563,0.9010406569364102,-1.4353488825595806,245,736
6,CGCCAC,2.8006401463191586,3.108239368216563,0.9010406569364102,-1.4353488825595806,245,736
6,GCACTA,0.3429355281207133,0.46032349339076817,0.7450434937505981,-1.4361012301565594,30,109
6,AGAGAG,0.8802011888431641,1.0600109801934203,0.8303858796770038,-1.436217173798377,77,251
6,ACTTAG,0.2629172382258802,0.36741416444951225,0.7156655815425382,-1.4364188837057783,23,87
6,GAATGT,0.48010973936899864,0.6165800920646987,0.7787015432283774,-1.436673429901638,42,146
6,AGACCG,1.3946044810242342,1.6174669538409563,0.8622236487413832,-1.438585441925073,122,383
6,ATGGAT,0.9259259259259258,1.11068879597956,0.8336651659412002,-1.4414097142790938,81,263
6,TACCCT,0.4572473708276178,0.5912411841716289,0.7734069316824022,-1.4414291060446685,40,140
6,TACGCT,0.4572473708276178,0.5912411841716289,0.7734069316824022,-1.4414291060446685,40,140
6,CCTGTA,0.4572473708276178,0.5912411841716289,0.7734069316824022,-1.4414291060446685,40,140
6,TAGTAC,0.1257430269775949,0.20271126314455848,0.620493285365011,-1.4435008615011031,11,48
5,ATTTA,6.2414266117969825,6.68947168377043,0.933023354385984,-1.445511467808727,546,1584
5,ATACG,2.297668038408779,2.5803454537776087,0.8904540241472619,-1.4459589234317642,201,611
6,CGTCAC,0.9830818472793781,1.1740360657122344,0.8373661928892178,-1.4486582343703487,86,278
5,GGTAG,2.1490626428898034,2.4240888551036783,0.8865491805084169,-1.451096542889779,188,574
6,TAACGT,0.411522633744856,0.5405633683854892,0.7613288745158187,-1.4539249205354756,36,128
6,TGGTGG,1.211705532693187,1.423201993327421,0.8514043670101286,-1.4562109893185162,106,337
6,CCACAC,1.0402377686328304,1.237383335444909,0.8406883057207397,-1.4566132971938552,91,293
5,GACGC,6.675811614083218,7.141348874530175,0.9348119312164671,-1.4567839082756913,584,1691
6,TCTGGT,0.7087334247828074,0.8741923223109084,0.8107510573914639,-1.4580046951856434,62,207
6,TGTCGT,0.7087334247828074,0.8741923223109084,0.8107510573914639,-1.4580046951856434,62,207
6,GGACGT,0.6630086877000457,0.8235145065247689,0.8051202139433223,-1.458033303295662,58,195
6,ATTATG,0.6630086877000457,0.8235145065247689,0.8051202139433223,-1.458033303295662,58,195
6,GCAGAG,0.720164609053498,0.8868617762574433,0.8120582288141796,-1.4582058766294312,63,210
6,GATGTT,0.720164609053498,0.8868617762574433,0.8120582288141796,-1.4582058766294312,63,210
6,GGATAC,0.720164609053498,0.8868617762574433,0.8120582288141796,-1.4582058766294312,63,210
6,ATGCAT,0.6515775034293553,0.8108450525782339,0.8036025392318259,-1.4582686909285052,57,192
6,TGCCAT,0.7773205304069501,0.9502090459901178,0.8180712723795692,-1.4602909453802595,68,225
6,CTATAG,0.2972107910379515,0.40964567760462856,0.7255983584159548,-1.4618736270790778,26,97
6,TAAGTG,0.2972107910379515,0.40964567760462856,0.7255983584159548,-1.4618736270790778,26,97
6,ATCTAG,0.2972107910379515,0.40964567760462856,0.7255983584159548,-1.4618736270790778,26,97
6,CCCACC,1.7261088248742569,1.9764348156594451,0.8733510845334287,-1.4621162019535225,151,468
5,CATAA,2.914951989026063,3.2349339076819126,0.9010885425664256,-1.4645213446059258,255,766
6,CCATCA,1.4060356652949246,1.6343595591030027,0.8603061834497863,-1.4667114897174676,123,387
6,CTGGTG,1.5317786922725194,1.769500401199375,0.8656636217048007,-1.4674977551118469,134,419
6,ATCTCA,0.5258344764517604,0.6714810591663499,0.7831288111439828,-1.4687117652251023,46,159
5,AACCG,5.42981252857796,5.857510874614637,0.926984165525537,-1.4693490757677155,475,1387
6,TCGTAA,0.36579789666209417,0.4898855525993497,0.7467524189662808,-1.4713877592718152,32,116
6,CTACAG,0.36579789666209417,0.4898855525993497,0.7467524189662808,-1.4713877592718152,32,116
5,ATGAT,3.909465020576132,4.278052282613285,0.9138442865778484,-1.4722295227153805,342,1013
6,TGCGAA,0.5029721079103796,0.6461421512732801,0.7784575904236284,-1.4725781168575596,44,153
6,ATTCCA,0.9487882944673068,1.1402508551881414,0.8321020588972627,-1.474719421212438,83,270
6,GTTGTA,0.3543667123914037,0.4772160986528147,0.7426246744910904,-1.4767067286819728,31,113
6,TCTAAT,0.48010973936899864,0.6208032433802103,0.7734051069772591,-1.4772314671088314,42,147
6,ATAGGT,0.48010973936899864,0.6208032433802103,0.7734051069772591,-1.4772314671088314,42,147
5,TATAC,2.0804755372656607,2.356518434055492,0.8828648317433423,-1.477439160750096,182,558
5,GGTAT,2.754915409236397,3.0702310063769582,0.8973024092563104,-1.4808967161827276,241,727
6,GACCAC,1.2002743484224965,1.4147556906963976,0.8484076194595277,-1.4817190933516649,105,335
6,ATGATT,1.211705532693187,1.4274251446429327,0.8488855956343216,-1.4836381699678722,106,338
6,ACCGCC,2.7663465935070874,3.0829004603234935,0.8973227961233614,-1.4837444157684732,242,730
6,TAGAGC,0.17146776406035666,0.26183538156172137,0.6550003403031259,-1.4839517459510376,15,62
6,GGATAA,1.2231367169638776,1.4400945985894675,0.8493551622551012,-1.4855710823753312,107,341
6,GTCATC,1.3831732967535437,1.6132438025254443,0.8573952399905337,-1.4880165287682114,121,382
6,CGCGCT,2.4691358024691357,2.7703872629756323,0.8912640875371004,-1.4884226769171578,216,656
6,CTATTT,1.0745313214449017,1.2796148486000254,0.8397427931859354,-1.490549856669533,94,303
6,CTGTTG,0.7773205304069501,0.9544321973056294,0.8144518672092835,-1.4934384208005667,68,226
6,GGGAGA,1.9661636945587562,2.2382701972211665,0.8784354335130902,-1.4943729604612837,172,530
6,ACCACC,1.5432098765432098,1.7863930064614217,0.8638768083397681,-1.4945882992754596,135,423
6,ACATAG,0.3200731595793324,0.43920773681320996,0.7288129316863532,-1.4954526603883418,28,104
6,AGGTGT,1.1202560585276635,1.330292664386165,0.8421243505913263,-1.4970608293244316,98,315
6,TAATGG,0.594421582075903,0.751720934161071,0.790775509249829,-1.4981136589754251,52,178
6,CAGCGT,0.8687700045724738,1.0557878288779088,0.8228809735365747,-1.498319291068312,76,250
6,AGGAGT,2.343392775491541,2.6394695721947716,0.8878314101578894,-1.4984141096461265,205,625
6,GGTTGT,0.5829903978052127,0.739051480214536,0.7888645472724654,-1.4993228765635407,51,175
6,CGTACC,0.5715592135345221,0.7263820262680012,0.7868869330067024,-1.500673681238216,50,172
5,AAAGA,5.384087791495199,5.819502512775033,0.9251813641354331,-1.5007887527405,471,1378
6,GGCAAT,0.9144947416552356,1.1064656446640482,0.8265164801252304,-1.5019683620659174,80,262
5,GTTGG,2.274805669867398,2.567675999831074,0.8859439725338414,-1.5026129523123075,199,608
5,CTAGA,1.2231367169638776,1.444317749904979,0.8468718395660453,-1.5128243774961603,107,342
6,GGGTGA,1.2231367169638776,1.444317749904979,0.8468718395660453,-1.5128243774961603,107,342
5,TCAAA,4.206675811614083,4.599011782592171,0.9146930995538974,-1.513725757836751,368,1089
6,ACTCGA,0.49154092363968904,0.6376958486422568,0.7708437185445732,-1.5147873758828918,43,151
6,ACATGT,0.28577960676726105,0.4011993749736053,0.7123848792091049,-1.5192551271036479,25,95
5,TCAGG,4.309556470050297,4.708813716795473,0.9152124522220212,-1.523115323957339,377,1115
6,TTACCA,0.4572473708276178,0.5996874868026522,0.7625156924590837,-1.523894444169651,40,142
6,AAATGT,0.7544581618655692,0.9333164407280712,0.8083831920477089,-1.526281409391897,66,221
6,TTAACA,0.7544581618655692,0.9333164407280712,0.8083831920477089,-1.526281409391897,66,221
6,GTTGCA,0.7658893461362597,0.9459858946746061,0.8096403830222115,-1.5263440488482196,67,224
6,CTCCCC,0.7658893461362597,0.9459858946746061,0.8096403830222115,-1.5263440488482196,67,224
6,GGGGGT,0.7315957933241883,0.9079775328350016,0.8057635684916105,-1.5263846560504544,64,215
5,TGGCA,3.383630544124371,3.7417120655433083,0.9043026439739315,-1.527117166159694,296,886
5,GAATG,3.383630544124371,3.7417120655433083,0.9043026439739315,-1.527117166159694,296,886
6,CGTGGA,0.823045267489712,1.0093331644072807,0.8154529655988138,-1.527682741627436,72,239
6,AGCGTG,0.8344764517604023,1.0220026183538158,0.8165290224034056,-1.5281372882907962,73,242
6,AATGTT,0.6744398719707362,0.8446302631023269,0.7985269398227129,-1.528138002181014,59,200
5,TACTG,2.1147690900777323,2.40297309852612,0.8800685636133364,-1.5284780109748315,185,569
6,TATGAG,0.3429355281207133,0.4687697960217915,0.731622149755132,-1.5285220247489153,30,111
6,AAATGA,1.3260173754000915,1.5583428354237931,0.8509246186367018,-1.5297988690260296,116,369
6,GAGAGA,1.1545496113397347,1.3725241775412813,0.8411986545421382,-1.5300608373069555,101,325
6,GGCTGT,0.8802011888431641,1.0726804341399552,0.820579086669211,-1.5305020171406116,77,254
6,ACGAGG,1.4746227709190671,1.7188225854132353,0.8579343732135198,-1.530799521518595,129,407
6,CAGCTC,0.4343850022862369,0.5743485789095824,0.7563514268082547,-1.5312454145984742,38,136
6,TACAGG,0.6058527663465935,0.7686135394231176,0.7882686270900495,-1.5336677490799637,53,182
6,AGTGTG,0.33150434385002286,0.45610034207525657,0.726883154759494,-1.5353211743138393,29,108
5,TAACG,2.58344764517604,2.9013049537564934,0.8904471062652187,-1.535799420400439,226,687
6,GCATGT,0.5715592135345221,0.7306051775835128,0.7823390761032165,-1.5381715137086773,50,173
6,GTTGTG,0.411522633744856,0.5490096710165125,0.7496182556443773,-1.5397784902583667,36,130
5,CCATG,3.6465477823502512,4.020440052367076,0.907004465781482,-1.5398992779857086,319,952
6,CGTTGG,0.5601280292638318,0.7179357236369779,0.7802230596914841,-1.5399750697486545,49,170
6,TAGATT,0.5601280292638318,0.7179357236369779,0.7802230596914841,-1.5399750697486545,49,170
5,GACTC,1.8747142203932328,2.149584019595422,0.8721347897195045,-1.5410251428268114,164,509
6,TACAAC,0.5486968449931412,0.705266269690443,0.778031029516036,-1.541943044815342,48,167
6,ATACGG,0.5486968449931412,0.705266269690443,0.778031029516036,-1.541943044815342,48,167
5,ATCCA,4.458161865569274,4.8692934667849155,0.9155682111088268,-1.5435495535531076,390,1153
6,TGCCCG,1.9890260631001373,2.2720554077452593,0.8754357454246573,-1.543649024480868,174,538
6,GCTCTA,0.40009144947416553,0.5363402170699776,0.7460131376055299,-1.5445383369967192,35,127
6,GTGACG,1.0516689529035208,1.2627222433379788,0.8328717350776247,-1.5455179661440972,92,299
6,ATTTAT,2.0004572473708278,2.2847248616917946,0.8755845058030044,-1.5461632855743042,175,541
6,CGATTA,0.5258344764517604,0.6799273617973732,0.7734019335070114,-1.546408037332923,46,161
6,TGTTGT,0.5258344764517604,0.6799273617973732,0.7734019335070114,-1.546408037332923,46,161
6,GCTGGT,1.2688614540466392,1.4992187170066305,0.8463587092276843,-1.5469925546857641,111,355
6,AGGTAC,0.30864197530864196,0.4307614341821867,0.7165690656316495,-1.550570983944897,27,102
5,GTCAC,2.892089620484682,3.230710756366401,0.8951900431758635,-1.552038785685914,253,765
6,CACTGG,0.7887517146776405,0.9755479538831876,0.8085413509431582,-1.5594155695359133,69,231
6,CTGGGG,0.823045267489712,1.0135563157227923,0.8120555801033651,-1.5598339125307394,72,240
5,TTGTC,3.0064014631915867,3.3531821445162384,0.8965846992947621,-1.560808402021479,263,794
6,TTTATC,1.1774119798811158,1.4020862367498628,0.8397686049254619,-1.5609084855818078,103,332
6,TGTGCG,0.7087334247828074,0.8868617762574433,0.7991702052525277,-1.5610391368443028,62,210
6,TCCATT,0.8687700045724738,1.0642341315089319,0.8163507857637301,-1.5612550009626998,76,252
6,TCAGCG,0.903063557384545,1.1022424933485366,0.8193130200769503,-1.5628915534251062,79,261
6,GGCGTA,0.6630086877000457,0.8361839604713037,0.7929228815130428,-1.5639507371474697,58,198
5,CATCG,7.030178326474623,7.5425482495037794,0.9320702880367165,-1.5639694288106856,615,1786
6,AGCAAA,0.9373571101966164,1.1402508551881414,0.8220777894203003,-1.5649607361232736,82,270
6,GCAACG,1.5317786922725194,1.7863930064614217,0.8574781355045844,-1.566223146983348,134,423
6,GTATGC,0.3543667123914037,0.485662401283838,0.7297121215116106,-1.5674366603357233,31,115
6,ATCATA,0.6058527663465935,0.7728366907386292,0.7839617055408983,-1.5701490460187726,53,183
6,GGTATA,0.6058527663465935,0.7728366907386292,0.7839617055408983,-1.5701490460187726,53,183
6,CTCCTG,0.594421582075903,0.7601672367920942,0.7819902704007793,-1.5717859272996306,52,180
6,CTAATA,0.3429355281207133,0.47299294733730307,0.7250911899055172,-1.5742728876570047,30,112
6,CCACGC,2.1490626428898034,2.4494277629967485,0.8773783564961605,-1.5787368425726256,188,580
5,ACGCG,5.109739368998628,5.557667131213311,0.9194050863162206,-1.5789081735771566,447,1316
6,CCGATG,1.4746227709190671,1.7272688880442584,0.8537393379758973,-1.580849374267051,129,409
6,ACCCTA,0.33150434385002286,0.46032349339076817,0.7202159503372374,-1.581623243233129,29,109
6,AGACTC,0.411522633744856,0.5532328223320241,0.7438970130310908,-1.5823411071058187,36,131
6,CTTGTC,0.5372656607224509,0.6968199670594197,0.7710579207391755,-1.5823442878838503,47,165
6,GGGAAG,1.1545496113397347,1.3809704801723046,0.8360540811759866,-1.5856809787082198,101,327
6,TAAATT,2.194787379972565,2.5001055787828874,0.8778827623611043,-1.5887124042441065,192,592
5,GCAAA,4.0580704160951075,4.463870940495799,0.9090942728324257,-1.5892741317504724,355,1057
6,GCTCCC,0.8344764517604023,1.0304489209848389,0.8098368110102367,-1.5919694617209315,73,244
6,CCCACA,0.7887517146776405,0.9797711051986994,0.8050566145816457,-1.592044971848244,69,232
6,CGGTTG,0.8802011888431641,1.0811267367709785,0.8141689054713287,-1.5929075552888803,77,256
5,ATGAG,3.155006858710562,3.517885045821192,0.8968505600836276,-1.5958333322828353,276,833
6,AATGGT,0.6630086877000457,0.8404071117868154,0.7889388184834721,-1.5989950418116163,58,199
6,TCGGGT,0.6630086877000457,0.8404071117868154,0.7889388184834721,-1.5989950418116163,58,199
5,TGGGT,2.0461819844535896,2.3438489801089575,0.8730061967297894,-1.5995227838096464,179,555
6,TATCTT,0.6515775034293553,0.8277376578402804,0.7872044684817748,-1.6002371361085646,57,196
6,TCACCA,1.0173754000914494,1.2331601841293973,0.8250289867338269,-1.6005191215537318,89,292
5,CACGC,6.744398719707362,7.2595971113645,0.9290330734527981,-1.60117543781781,590,1719
6,TCAATA,1.02880658436214,1.2458296380759322,0.8258143581455071,-1.601419634829516,90,295
5,CTATT,2.6177411979881113,2.9519827695426324,0.8867777099602443,-1.6022399088944022,229,699
6,CACCAT,1.0745313214449017,1.296507453862072,0.8288023628462163,-1.6053591066591695,94,307
6,AGCGTT,0.6058527663465935,0.7770598420541408,0.779701592332636,-1.606484352431687,53,184
6,GGACGC,1.4860539551897578,1.7441614933063052,0.852024745654795,-1.6076956073109372,130,413
5,TTGCG,3.7951531778692273,4.193589256303054,0.9049915112725668,-1.6085923945539646,332,993
5,GGTGG,5.42981252857796,5.899742387769754,0.920348743524751,-1.610380215450862,475,1397
5,GGATA,3.589391860996799,3.9782085392119604,0.9022658312237946,-1.610512685921421,314,942
6,ATACGC,0.5715592135345221,0.739051480214536,0.773399267723309,-1.612692364648448,50,175
6,GCCCCA,1.1545496113397347,1.3851936314878162,0.8335053198069149,-1.6133982734054093,101,328
6,TAGTGG,0.24005486968449932,0.3547447105029773,0.676788641837411,-1.6135062024068054,21,84
6,TGTAGT,0.24005486968449932,0.3547447105029773,0.676788641837411,-1.6135062024068054,21,84
5,AGCGT,2.9263831732967533,3.28138857215254,0.8918157442727537,-1.6156635296755322,256,777
6,ACTTGG,0.3429355281207133,0.4772160986528147,0.7186757980485107,-1.6197237171542693,30,113
5,TGACC,5.41838134430727,5.89129608513873,0.9197278991265914,-1.6218294751022648,474,1395
6,CTCAAT,0.5258344764517604,0.6883736644283964,0.7639137175833969,-1.623398370963858,46,163
6,CCACAG,0.8344764517604023,1.0346720723003504,0.8065316740768784,-1.6237421867879556,73,245
6,TGGGCC,0.8116140832190215,1.0093331644072807,0.8041286058752032,-1.624013752250391,71,239
6,AATGAC,0.8916323731138546,1.098019342033025,0.8120541538435414,-1.6241842054665212,78,260
6,GATGTC,0.7887517146776405,0.9839942565142109,0.8016017870806962,-1.6245716310076366,69,233
5,CACTG,3.5779606767261085,3.9697622365809364,0.9013060059755956,-1.6247397708481677,313,940
6,CCCCAC,1.2574302697759487,1.4992187170066305,0.8387344568649093,-1.6254796917271574,110,355
6,GGCTCC,0.7430269775948789,0.9333164407280712,0.7961365850972528,-1.6266401346660684,65,221
6,GGAGTG,1.4517604023776864,1.7103762827822122,0.8488047551388034,-1.6271497421549166,127,405
6,CAGTGT,0.2286236854138089,0.34207525655644244,0.6684401663510714,-1.6272837782849638,20,81
6,TGTATG,0.33150434385002286,0.4645466447062798,0.7136699417245165,-1.6276132862767052,29,110
5,ACGAG,3.6694101508916326,4.066894716837704,0.9022657776513817,-1.6290971613687713,321,963
6,TGCAAT,0.6858710562414266,0.8699691709953968,0.7884097944266271,-1.6312976199167453,60,206
6,CGGGGG,1.314586191129401,1.562565986739305,0.8413097887109295,-1.632878337254276,115,370
5,TGCGT,2.754915409236397,3.104016216901052,0.8875361670533153,-1.633045056025105,241,735
6,GCAAAT,0.6515775034293553,0.831960809155792,0.783208986961598,-1.6353968448188676,57,197
6,AGGCGA,1.0973936899862824,1.3260695130706535,0.8275666716580689,-1.6357896511938317,96,314
5,AGACG,3.7037037037037033,4.104903078677309,0.9022657554003887,-1.6370074768033513,324,972
6,ACAACT,0.48010973936899864,0.6376958486422568,0.7529207667175503,-1.6374635055222753,42,151
6,CATCGG,1.5317786922725194,1.7990624604079564,0.8514398927182868,-1.6398247363425225,134,426
5,TTATC,3.5093735711019662,3.9021918155327504,0.8993365276099538,-1.6428678084092005,307,924
5,GACAT,3.60082304526749,3.999324295789518,0.9003603466274986,-1.6468570269887899,315,947
6,ACGCCA,1.4174668495656149,1.6765910722581192,0.8454549994451135,-1.6471851639536268,124,397
5,TACGC,2.2862368541380884,2.60990751298619,0.8759886102864969,-1.6497219524833775,200,618
5,ATAGG,2.4805669867398263,2.8168419274462604,0.8806241131810306,-1.6504650265166319,217,667
6,GCCACC,2.400548696844993,2.7323789011360278,0.8785607441824798,-1.6533989756841865,210,647
6,CACGAT,0.8916323731138546,1.1022424933485366,0.8089431174925308,-1.6549981559261455,78,261
6,TAAACT,0.8459076360310928,1.0515646775623972,0.8044461833519151,-1.655206568808363,74,249
6,ATGTTG,0.5486968449931412,0.7179357236369779,0.7643029823271024,-1.6552847856839048,48,170
6,AGATAT,0.8344764517604023,1.0388952236158622,0.8032534055892467,-1.6554202284610378,73,246
6,TCAGGG,0.8344764517604023,1.0388952236158622,0.8032534055892467,-1.6554202284610378,73,246
6,TATACA,0.4343850022862369,0.5870180328561172,0.7400300756776695,-1.6557184429803853,38,139
6,ATGAAC,0.8001828989483311,1.0008868617762574,0.7994939089692187,-1.6564885688909678,70,237
6,CATGAT,0.8001828989483311,1.0008868617762574,0.7994939089692187,-1.6564885688909678,70,237
6,AATGGG,0.7544581618655692,0.9502090459901178,0.7940134475721028,-1.659016785525263,66,225
6,ATGAAG,1.0516689529035208,1.2796148486000254,0.8218775878502375,-1.660850925689794,92,303
6,GCAACT,0.720164609053498,0.9122006841505131,0.7895035283506018,-1.6618552422104147,63,216
6,CAGGGG,1.0745313214449017,1.304953756493095,0.823438357307688,-1.6623554896836454,94,309
6,CGGATA,0.7087334247828074,0.8995312302039782,0.7879155380389473,-1.6630008963779923,62,213
6,GCAGCT,0.6973022405121171,0.8868617762574433,0.786282181690876,-1.6642533226370986,61,210
6,GCCATA,0.411522633744856,0.5616791249630475,0.7327125830315101,-1.6667539460247112,36,133
6,TTTATA,1.8289894833104712,2.124245111702352,0.8610133415868212,-1.6674901572525724,160,503
6,ACTTAA,0.6630086877000457,0.8488534144178386,0.7810896056702546,-1.6686981416172857,58,201
6,GACTCC,0.5029721079103796,0.6672579078508383,0.7538265479320905,-1.6688501064194798,44,158
6,GTTATC,0.6515775034293553,0.8361839604713037,0.7792538590146941,-1.670425914581027,57,198
6,GTATAT,0.6515775034293553,0.8361839604713037,0.7792538590146941,-1.670425914581027,57,198
6,GTTTCC,1.1774119798811158,1.4189788420119092,0.8297720641170928,-1.6707097455759436,103,336
5,AGCCA,3.9666209419295844,4.3920773681321,0.9031331409133294,-1.6805268383614644,347,1040
6,GGGATC,0.594421582075903,0.7728366907386292,0.7691724163175251,-1.6811759549456669,52,183
6,CTTGCT,0.5829903978052127,0.7601672367920942,0.7669545254449349,-1.6837959151162785,51,180
6,ATTATC,0.903063557384545,1.1191350986105832,0.8069471360447247,-1.68566129337598,79,265
6,GTGACC,0.9259259259259258,1.144474006503653,0.8090572742907824,-1.6857058115494623,81,271
6,ACGGAG,1.6689529035208046,1.9553190590818867,0.8535525394257242,-1.6860329426060254,146,463
6,AGGCGT,0.8459076360310928,1.0557878288779088,0.8012287033653419,-1.6866135762025365,74,250
5,GCGCT,7.304526748971194,7.8677309007981755,0.9284168458971525,-1.6869203105946524,639,1863
6,CCAAAA,0.823045267489712,1.0304489209848389,0.7987444853205778,-1.6874674234025608,72,244
5,ACTCG,1.8175582990397805,2.115798809071329,0.8590478387941214,-1.688091627226277,159,501
6,GCAAAC,1.0631001371742113,1.296507453862072,0.8199861369047091,-1.6901131937295297,93,307
6,CTGTAT,0.4458161865569273,0.6039106381181638,0.7382588292587188,-1.6913722285261443,39,143
6,ACAAAA,1.3717421124828533,1.6343595591030027,0.8393245980559623,-1.6919113551663534,120,387
6,GTAGCC,0.5372656607224509,0.7094894210059546,0.7572909696999858,-1.6961116759195056,47,168
6,TTATGA,0.7087334247828074,0.9037543815194898,0.784234097080076,-1.696754269437952,62,214
5,TTGTG,2.217649748513946,2.546560243253516,0.8708463386072395,-1.6978074152950484,194,603
5,CTACA,2.4348422496570645,2.7788335656066554,0.8762146313222511,-1.7005401082650444,213,658
5,TAGAT,1.6117969821673523,1.8961949406647238,0.8500244068585242,-1.7006848844319444,141,449
6,GTTAGA,0.3543667123914037,0.49833185523037293,0.7111638404964523,-1.7013762315805583,31,118
6,TGCAGT,0.6744398719707362,0.8657460196798852,0.7790529223892749,-1.7015242359590739,59,205
6,AAAAAA,2.983539094650206,3.3616284471472615,0.887531263026941,-1.7017240863535814,261,796
5,TTAAC,2.8120713305898493,3.180032940580261,0.8842936390189802,-1.7019658660244577,246,753
5,TGAGG,5.018289894833105,5.498543012796149,0.9126597022491869,-1.7029038170101942,439,1302
6,CATGCC,1.2459990855052583,1.4992187170066305,0.8311102045021344,-1.704135275831179,109,355
6,AAAAGA,1.9204389574759946,2.229823894590143,0.8612576250406012,-1.7062478532217156,168,528
6,TCTACA,0.411522633744856,0.565902276278559,0.7272455447551508,-1.708610358339554,36,134
6,CATGCT,0.6287151348879744,0.8150682038937455,0.7713931086668567,-1.7096762899573996,55,193
6,GCATGC,1.3031550068587106,1.562565986739305,0.8339946078804162,-1.7098864640909441,114,370
6,CCTGCT,1.3031550068587106,1.562565986739305,0.8339946078804162,-1.7098864640909441,114,370
6,TTATAC,0.6172839506172839,0.8023987499472106,0.7693269935409822,-1.7120735447036224,54,190
6,TCGGGG,0.9373571101966164,1.1613666117656996,0.8071322074178813,-1.7158222822834466,82,275
6,ATATTG,0.9487882944673068,1.1740360657122344,0.8081587153118479,-1.7158288236511634,83,278
6,TGGCAG,0.9144947416552356,1.1360277038726296,0.8050105094152075,-1.7159769561262157,80,269
6,TAGTGT,0.24005486968449932,0.3631910131340006,0.6610537035110134,-1.7161191376325122,21,86
6,AATATC,0.8802011888431641,1.098019342033025,0.8016443706504622,-1.7166577330323196,77,260
6,ATATCT,0.594421582075903,0.7770598420541408,0.7649926693387815,-1.7173466890028142,52,184
6,AGGCTC,0.594421582075903,0.7770598420541408,0.7649926693387815,-1.7173466890028142,52,184
6,ATATAC,0.594421582075903,0.7770598420541408,0.7649926693387815,-1.7173466890028142,52,184
6,CTGCAA,1.0516689529035208,1.2880611512310485,0.8164886449947536,-1.7181017033531618,92,305
6,ATACTC,0.33150434385002286,0.47299294733730307,0.7009285294071347,-1.7186768778381467,29,112
6,GGAGGC,2.892089620484682,3.2687191182060054,0.884781175066051,-1.7189123700178648,253,774
6,GCACAC,1.0859625057155922,1.3260695130706535,0.8189469709651898,-1.719632056448675,95,314
6,GACGCA,1.0859625057155922,1.3260695130706535,0.8189469709651898,-1.719632056448675,95,314
6,ACAAAG,0.7887517146776405,0.9966637104607459,0.7914129561488553,-1.7215426657040285,69,236
6,GACCAT,0.7773205304069501,0.9839942565142109,0.7899858425763749,-1.722515528735977,68,233
6,ATTTAA,2.732053040695016,3.0997930655855397,0.8813700933838305,-1.7228044762763655,239,734
6,TGCTAG,0.2743484224965706,0.40542252628911696,0.6767772557742029,-1.7253110737610715,24,96
6,GTAGAT,0.2743484224965706,0.40542252628911696,0.6767772557742029,-1.7253110737610715,24,96
6,CTTTGA,0.7087334247828074,0.9079775328350016,0.7805868983123527,-1.7303922689006186,62,215
6,TTATTT,2.58344764517604,2.9435364669116093,0.8776721154995863,-1.7306744872126434,226,697
6,GCTCAT,0.5258344764517604,0.7010431183749314,0.7501100170115634,-1.7375926736161027,46,166
6,TGTCAC,0.51440329218107,0.6883736644283964,0.7473100552193743,-1.7417148254391668,45,163
5,AAAAA,8.127572016460906,8.737700071793572,0.930173722181832,-1.741797538866519,711,2069
6,GGTGGG,0.9830818472793781,1.2162675788673507,0.8082933681896479,-1.7455057415458515,86,288
5,CCACA,3.6694101508916326,4.096456776046286,0.8957547402609639,-1.7457024257582434,321,970
6,CCAGCA,1.0173754000914494,1.2542759407069555,0.8111407171266446,-1.7458576096782803,89,297
6,AATACA,0.9144947416552356,1.1402508551881414,0.8020292504663756,-1.746216459306497,80,270
6,ATCCAC,1.0631001371742113,1.304953756493095,0.8146791899447986,-1.7469659768262022,93,309
5,ACATG,2.366255144032922,2.715486295873981,0.8713975128053653,-1.7470588385286496,207,643
6,CGTCAG,0.8802011888431641,1.1022424933485366,0.7985732149081112,-1.7473776645271053,77,261
6,CGCTGG,2.400548696844993,2.7534946577135857,0.8718235598402645,-1.7536428067940069,210,652
6,ATGCTA,0.3429355281207133,0.4898855525993497,0.7000931482590178,-1.7543215435942567,30,116
6,CTCATG,0.3429355281207133,0.4898855525993497,0.7000931482590178,-1.7543215435942567,30,116
6,GGACAG,0.7773205304069501,0.9882174078297226,0.7866101762935782,-1.7548280252155382,68,234
6,GACTAC,0.40009144947416553,0.5574559736475357,0.7177601324152438,-1.7571379862112362,35,132
6,GGAGGT,2.091906721536351,2.4240888551036783,0.8629718419553082,-1.758303135193448,183,574
6,TATCGG,0.7430269775948789,0.9502090459901178,0.7819845351683695,-1.7588951480918298,65,225
6,CCACCA,1.29172382258802,1.5583428354237931,0.8289196069464617,-1.7609847802108585,113,369
6,CTTATT,0.720164609053498,0.9248701380970481,0.778689580763447,-1.7621292309848167,63,219
5,CTCAG,1.5432098765432098,1.8328476709320494,0.8419825077485383,-1.7631095434150774,135,434
6,GGGGGG,0.7087334247828074,0.9122006841505131,0.7769734662019203,-1.7639158178393908,62,216
5,CAGCA,4.492455418381344,4.9664259470416825,0.9045669883306138,-1.7654093842320087,393,1176
5,ATCAA,5.498399634202103,6.01799062460408,0.913661820199632,-1.7655915271149265,481,1425
6,GCTGCA,1.3488797439414724,1.6216901051564678,0.8317844212098733,-1.7661720219377348,118,384
6,GCTACA,0.6630086877000457,0.8615228683643734,0.7696043269589989,-1.7723054125540707,58,204
6,CGTAGG,0.2743484224965706,0.40964567760462856,0.6698018734474392,-1.7735529458182901,24,97
5,GACCT,3.155006858710562,3.560116558976308,0.886212062228532,-1.7738601946812318,276,843
6,GGGAAT,1.0173754000914494,1.2584990920224672,0.8084189846795842,-1.7747108325300978,89,298
5,GGTTG,3.0749885688157295,3.475653532666075,0.8847257263540732,-1.7751892130316174,269,823
6,TTATGG,0.5258344764517604,0.705266269690443,0.7456189770494298,-1.7753203051233095,46,167
5,TACAG,1.9661636945587562,2.2931711643228176,0.8574056680032326,-1.779845429543271,172,543
6,TTGGGA,0.6287151348879744,0.8235145065247689,0.7634823450855086,-1.7800582890933676,55,195
6,GTATTA,0.5029721079103796,0.6799273617973732,0.7397821560895946,-1.7844309043042756,44,161
6,GAACAG,1.2574302697759487,1.5245576248997001,0.8247951863020234,-1.784518916803707,110,361
5,CGTTA,2.0233196159122087,2.356518434055492,0.8586114691592718,-1.7892639457737554,177,558
6,TACCGA,0.49154092363968904,0.6672579078508383,0.7366975319479936,-1.789377460722325,43,158
6,GCGAGC,1.337448559670782,1.6132438025254443,0.8290536447203956,-1.790771163358478,117,382
5,ATGAC,3.8065843621399176,4.252713374720217,0.8950979097196692,-1.7914641144920642,333,1007
6,CGTAGC,0.411522633744856,0.5743485789095824,0.7165526190807151,-1.7916381975376965,36,136
6,GACTCG,0.411522633744856,0.5743485789095824,0.7165526190807151,-1.7916381975376965,36,136
6,CGCTAG,0.411522633744856,0.5743485789095824,0.7165526190807151,-1.7916381975376965,36,136
5,GCTCA,2.6977594878829447,3.0786773090079818,0.876276267201744,-1.7916943458526955,236,729
6,GTTGTC,0.7315957933241883,0.9417627433590946,0.7768603211914309,-1.7934529547467537,64,223
5,CACGA,3.7494284407864655,4.193589256303054,0.8940882863819677,-1.7957926964148034,328,993
6,TAATGT,0.5715592135345221,0.7601672367920942,0.7519187804890906,-1.7962963743266822,50,180
6,GCAGGA,2.091906721536351,2.4325351577347014,0.8599755351248201,-1.8006908027863586,183,576
5,GTTAC,1.6689529035208046,1.9764348156594451,0.8444338497341101,-1.8031112646446157,146,468
6,CGGGAG,1.9775948788294466,2.3100637695848643,0.856084276304289,-1.8034190030885255,173,547
6,CCCCCG,1.4746227709190671,1.7652772498838634,0.8353584317550726,-1.8039049570495853,129,418
6,AATTGT,0.6744398719707362,0.8784154736264199,0.7678178611769992,-1.8040726551024915,59,208
5,GGATC,3.3036122542295385,3.7248194602812617,0.8869217950769012,-1.804430243690848,289,882
6,CACGCT,1.1545496113397347,1.4147556906963976,0.8160900217119752,-1.8057172140124702,101,335
6,TCAAAA,1.4974851394604483,1.7906161577769333,0.8363051469416628,-1.806342409706321,131,424
6,GTTGGC,0.6630086877000457,0.8657460196798852,0.765850593094146,-1.8065928107548952,58,205
6,AATGAG,0.903063557384545,1.1360277038726296,0.7949489782759473,-1.8070846905461815,79,269
6,TGACGA,1.211705532693187,1.478102960429072,0.8197829155621776,-1.8082519713246201,106,350
6,TTAAAG,1.2231367169638776,1.490772414375607,0.8204838356179405,-1.8088545006041792,107,353
6,TATTCA,0.8687700045724738,1.098019342033025,0.7912345874573833,-1.8094070452426037,76,260
6,GTTGCC,1.2345679012345678,1.503441868322142,0.8211729432000318,-1.8094869238608926,108,356
5,ACCGC,7.315957933241885,7.922631867899827,0.9234261685522925,-1.8124832556374864,640,1876
5,TGCCA,3.2578875171467763,3.678364795810634,0.8856921835590937,-1.8125173926863767,285,871
6,TTAATT,2.034750800182899,2.373411039317539,0.8573167625830737,-1.8125802377282576,178,562
6,ATCTTT,0.823045267489712,1.0473415262468855,0.7858627396978854,-1.8135796258766417,72,248
6,CAAAAA,1.7604023776863282,2.0777904472317243,0.8472546664006096,-1.8154321047353559,154,492
5,TGGTG,5.1440329218107,5.663245914101102,0.9083204522263738,-1.8166496506745602,450,1341
6,CATTGT,0.6172839506172839,0.8150682038937455,0.7573700098559756,-1.8181916845997232,54,193
5,ATGTA,1.9433013260173753,2.2762785590607715,0.8537250178719037,-1.8198180858570416,170,539
6,TGGTAG,0.2743484224965706,0.4138688289201402,0.6629688114742455,-1.8214296267937835,24,98
6,TACTGA,0.5715592135345221,0.7643903881076058,0.7477650764839416,-1.8325665245516247,50,181
6,GATGAC,1.1431184270690442,1.4063093880653743,0.8128631938682024,-1.832661275196295,100,333
6,AGCTAT,0.3543667123914037,0.5110013091769079,0.6935351289986853,-1.83283017259646,31,121
6,CGATGG,1.1545496113397347,1.4189788420119092,0.813661353517696,-1.8329519263269467,101,336
6,AAACAT,0.9716506630086876,1.2162675788673507,0.7988955640477988,-1.8334978531987562,85,288
6,ACCACG,1.1774119798811158,1.444317749904979,0.815215667322406,-1.8336422166091206,103,342
5,ACAAC,4.743941472336534,5.249377085180962,0.9037169598718223,-1.834029583242506,415,1243
6,GTGAAC,0.6858710562414266,0.8953080788884666,0.7660988016692579,-1.835414667848256,60,212
5,ACTAC,1.7489711934156378,2.069344144600701,0.8451888870637391,-1.8366886028553395,153,490
5,GCGTA,2.2062185642432555,2.5634528485155625,0.8606487537484686,-1.8406388781813914,193,607
6,TATACC,0.2972107910379515,0.44343088812872167,0.6703271384149144,-1.842410939534665,26,105
6,ATATCG,0.6515775034293553,0.8572997170488619,0.7600626527757733,-1.8436508883708995,57,203
5,GAACA,4.869684499314129,5.384517927277335,0.9043881228127313,-1.8456571078727888,426,1275
6,AACCGC,1.4060356652949246,1.6977068288356771,0.8282070971873903,-1.8471167169180736,123,402
6,ATGTCC,0.5258344764517604,0.7137125723214663,0.7367963199937941,-1.850280307023671,46,169
6,GGTAGC,0.5258344764517604,0.7137125723214663,0.7367963199937941,-1.850280307023671,46,169
6,TATGCA,0.28577960676726105,0.4307614341821867,0.6635070676721995,-1.8552391465393898,25,102
5,TATAG,2.034750800182899,2.381857341948562,0.854276759850908,-1.855339719160073,178,564
6,TACTCC,0.1600365797896662,0.2745048355082563,0.5831528038946405,-1.855825995863351,14,65
6,TACTTA,0.4343850022862369,0.6081337894336754,0.7143388115461072,-1.858850012882636,38,144
6,ACTGAC,1.131687242798354,1.3978630854343512,0.8095973739154239,-1.8598127935648114,99,331
6,CCATGC,1.1545496113397347,1.423201993327421,0.8112470977718328,-1.860127699980378,101,337
6,AGCATC,1.0173754000914494,1.271168545969002,0.8003622864088852,-1.8608489281678484,89,301
6,GACATG,0.720164609053498,0.937539592043583,0.7681678708592959,-1.8614018206793659,63,222
6,ATGACA,0.9487882944673068,1.1951518222897928,0.7938814873751732,-1.8639608715095968,83,283
6,CATCAG,0.903063557384545,1.144474006503653,0.7890827087218694,-1.8673022542041358,79,271
5,GCTCC,3.0064014631915867,3.4249757168799357,0.8777912407525846,-1.869477623933021,263,811
6,GAGGTA,0.8687700045724738,1.1064656446640482,0.7851951746037276,-1.8705711235876883,76,262
6,CAGTGG,0.48010973936899864,0.6630347565353267,0.7241510637716315,-1.8720581749998435,42,157
6,CTCTCG,0.30864197530864196,0.46032349339076817,0.6705608635105162,-1.8759096470922245,27,109
6,GTACAG,0.30864197530864196,0.46032349339076817,0.6705608635105162,-1.8759096470922245,27,109
5,GATAG,2.297668038408779,2.669031631403353,0.8608672616122265,-1.8761344973978165,201,632
6,TGCGAG,0.6515775034293553,0.8615228683643734,0.7563372878744975,-1.8779194506930048,57,204
6,TACCCA,0.4686785550983082,0.6503653025887918,0.720681876854327,-1.878242957900222,41,154
6,GTATAA,0.8001828989483311,1.0304489209848389,0.7765598339412598,-1.879377600627046,70,244
5,ATGCG,4.240969364426155,4.734152624688543,0.8958265856598995,-1.8814310506537097,371,1121
5,TACAC,1.9204389574759946,2.263609105114236,0.8484036014773534,-1.8820254766667266,168,536
6,TGTGAT,0.7773205304069501,1.005110013091769,0.7733911523780025,-1.8830761292834464,68,238
5,CCATA,1.931870141746685,2.2762785590607715,0.8487033644104484,-1.8835919965932109,169,539
6,CAGGGA,1.1545496113397347,1.4274251446429327,0.8088471265622069,-1.8872448348153241,101,338
6,ACACCA,1.0973936899862824,1.364077874910258,0.8045092287239161,-1.8873412530051004,96,323
6,TGCCGA,1.2345679012345678,1.5161113222686768,0.8143112263448599,-1.8887436165132447,108,359
6,TCAACC,1.2574302697759487,1.5414502301617468,0.8157569212934455,-1.8894808108003336,110,365
5,TACCC,2.137631458619113,2.5001055787828874,0.8550222736722999,-1.8920150745260254,187,592
6,ATTACC,0.51440329218107,0.705266269690443,0.7294129508161268,-1.8928410593483553,45,167
5,GGAGG,10.093735711019661,10.82393682165632,0.9325389295446871,-1.8937280887669579,883,2563
6,ATACCT,0.33150434385002286,0.4898855525993497,0.6767635129053864,-1.8972688970640692,29,116
6,GGGATT,0.903063557384545,1.1486971578191647,0.7861819218799936,-1.8972893335550804,79,272
6,ATTAAC,0.903063557384545,1.1486971578191647,0.7861819218799936,-1.8972893335550804,79,272
6,TAGACA,0.2514860539551898,0.39275307234258205,0.6404075000737112,-1.8993254622750886,22,93
5,GGATG,4.332418838591678,4.835508256260821,0.8959615024608792,-1.8999485014137822,379,1145
6,ATACCG,0.6744398719707362,0.8910849275729549,0.7569022445293955,-1.9055422768832853,59,211
6,TAACAC,0.36579789666209417,0.5321170657544659,0.687497489663171,-1.9090199254552438,32,126
5,GGGGC,5.246913580246913,5.798386756197474,0.9048936042906123,-1.9090877072232886,459,1373
5,CAGCT,2.1262002743484225,2.4916592761518643,0.8533329421902116,-1.9111885585253692,186,590
5,CACAC,3.589391860996799,4.054225262891169,0.8853487641583807,-1.912282841045068,314,960
5,ACTTA,1.9890260631001373,2.3438489801089575,0.8486217404816011,-1.9130284067176688,174,555
6,CCAGTG,0.411522633744856,0.5870180328561172,0.7010900887211052,-1.914510872535945,36,139
6,GCGATG,1.2345679012345678,1.5203344735841884,0.8120493994877858,-1.915055479109704,108,360
6,ACCTGC,1.2574302697759487,1.5456733814772583,0.8135282214357692,-1.9155905472078032,110,366
6,TAGATG,0.18289894833104708,0.30829004603234933,0.593400956630912,-1.9155988795991905,16,73
6,CACGAG,0.6287151348879744,0.8404071117868154,0.7481377921374043,-1.919248511937513,55,199
6,TGCCAC,0.7544581618655692,0.9839942565142109,0.7667539535677323,-1.9193889942451559,66,233
6,GATAGG,0.6058527663465935,0.8150682038937455,0.7433469110450946,-1.9271515006095856,53,193
6,CTTGCG,0.903063557384545,1.1529203091346762,0.7833023843806838,-1.9271959624018393,79,273
6,CTGGCT,0.903063557384545,1.1529203091346762,0.7833023843806838,-1.9271959624018393,79,273
6,TGATAG,0.51440329218107,0.7094894210059546,0.7250718189283045,-1.930206233239907,45,168
6,ATATCC,0.51440329218107,0.7094894210059546,0.7250718189283045,-1.930206233239907,45,168
6,TTCACT,0.594421582075903,0.8023987499472106,0.740838016401909,-1.9313930838868754,52,190
6,GACGAC,1.5546410608139003,1.875079184087166,0.8291159980910013,-1.9323481269279386,136,444
5,ATTTT,8.550525834476453,9.24447822965497,0.924934120525646,-1.932545693508498,748,2189
6,TGGATG,0.8573388203017833,1.1022424933485366,0.7778334097392722,-1.9329627571675734,75,261
5,TGCGA,2.5377229080932784,2.939313315596098,0.8633773599064687,-1.9352368790344627,222,696
6,CTATGA,0.4343850022862369,0.6165800920646987,0.7045549351715624,-1.9386503459324633,38,146
5,TGATA,3.9780521262002746,4.472317243126821,0.8894859110727806,-1.939016332548655,348,1059
6,ATAGGG,0.5715592135345221,0.7770598420541408,0.7355748233510726,-1.9405013656787027,50,184
5,TGTTG,2.686328303612254,3.0997930655855397,0.8666196693803738,-1.9408881628610695,235,734
6,ATGACC,0.8001828989483311,1.0388952236158622,0.7702469470102319,-1.9421994967442509,70,246
5,GTGGG,2.8120713305898493,3.2349339076819126,0.8692865085315076,-1.9437030478908504,246,766
6,GCAGAC,1.0059442158207592,1.271168545969002,0.7913703355681782,-1.9471316393142208,88,301
6,CGCGGG,1.7604023776863282,2.1031293551247945,0.8370472641971419,-1.951511725790346,154,498
6,AATATT,1.954732510288066,2.314286920900376,0.8446437769910872,-1.951664678789425,171,548
6,GGTCAG,0.6287151348879744,0.8446302631023269,0.7443975460031583,-1.9537248658500812,55,200
6,AAATTA,2.297668038408779,2.6859242366653997,0.8554532036767374,-1.9569075439242702,201,636
5,GTATG,1.6003657978966621,1.9299801511888173,0.8292224532286228,-1.9597022080307294,140,457
5,GCCAC,6.172839506172839,6.782381012711686,0.9101300091520422,-1.959714339443578,540,1606
6,ACCATG,0.7087334247828074,0.937539592043583,0.7559764229216335,-1.9627039831831001,62,222
6,CGATAG,0.51440329218107,0.7137125723214663,0.7207820541851746,-1.9674083004351566,45,169
6,CGCTGT,1.2345679012345678,1.5287807762152117,0.8075632321645273,-1.9675201794078554,108,362
5,ATATT,5.68129858253315,6.2713797035347785,0.9059103833710819,-1.9687535649604846,497,1485
6,TACCTA,0.18289894833104708,0.3125131973478609,0.5853845899135686,-1.9691150049761703,16,74
6,TGGCGT,0.823045267489712,1.0684572828244436,0.7703333089583639,-1.9691443239759698,72,253
6,CATGGG,0.6858710562414266,0.9122006841505131,0.7519133419045576,-1.9691512588237272,60,216
5,CGTAG,1.337448559670782,1.6428058617340258,0.8141358496700773,-1.969174753143423,117,389
6,GGATCG,1.337448559670782,1.6428058617340258,0.8141358496700773,-1.969174753143423,117,389
6,CGTTGC,1.108824874256973,1.3894167828033277,0.7980651172990764,-1.969599930915914,97,329
6,ACTCCC,0.4458161865569273,0.6334726973267453,0.7038121883067193,-1.9703262397596677,39,150
6,AAATTG,1.02880658436214,1.3007306051775835,0.7909612368181315,-1.9738938743941115,90,308
6,CAAACC,1.0059442158207592,1.2753916972845136,0.7887501094382654,-1.975628834835691,88,302
6,TTTGGG,0.7887517146776405,1.0304489209848389,0.7654675082516009,-1.9757942263931596,69,244
6,CATCGA,1.7832647462277091,2.1326914143333755,0.8361646311226908,-1.976348385533734,156,505
6,GCGTTG,0.9830818472793781,1.2500527893914437,0.7864493489295631,-1.9776144484806426,86,296
6,CAACAT,0.9602194787379973,1.2247138814983742,0.7840533923106685,-1.9798659870010293,84,290
6,TAACAT,0.5601280292638318,0.7686135394231176,0.7287864731565101,-1.98133713398697,49,182
6,TACGGT,0.3772290809327846,0.5532328223320241,0.6819206555333718,-1.9830654749485377,33,131
5,ATGGC,4.12665752171925,4.6412432957472864,0.8891299907723836,-1.9834498883250562,361,1099
6,GTTATG,0.4229538180155464,0.6081337894336754,0.6955447483597558,-1.9865808843078254,37,144
6,ATGCGT,0.5486968449931412,0.7559440854765827,0.7258794236148276,-1.9867231111560442,48,179
6,ACTATT,0.7315957933241883,0.9671016512521644,0.7565080067604475,-1.9891840169730508,64,229
6,GCGTAT,0.4686785550983082,0.6630347565353267,0.7069129622273619,-1.994030715805728,41,157
6,CATGTA,0.2514860539551898,0.4011993749736053,0.6269285965664346,-1.9956688844540347,22,95
6,TATAAC,0.6858710562414266,0.9164238354660247,0.7484486815257031,-2.0023013510607175,60,217
6,ACCGTA,0.40009144947416553,0.5827948815406057,0.6865585239253595,-2.0045704083036133,35,138
5,CATGG,3.555098308184728,4.041555808944635,0.8796390579120267,-2.0057785082768413,311,957
6,GCAGTA,0.5829903978052127,0.798175598631699,0.730437456443202,-2.006577696473936,51,189
5,TTATT,5.738454503886603,6.343173275898476,0.9046677092866979,-2.007210983740793,502,1502
6,ACTACG,0.30864197530864196,0.47299294733730307,0.6526032084103695,-2.0106373985169954,27,112
6,ATGTAG,0.24005486968449932,0.3885299210270704,0.617952598837008,-2.013762984855325,21,92
6,GATTCG,0.9144947416552356,1.178259217027746,0.7761595347488169,-2.014756627175788,80,279
6,GTGGGC,0.7544581618655692,0.9966637104607459,0.7570080591284578,-2.0153408136313438,66,236
6,ACTATC,0.4343850022862369,0.6250263946957219,0.6950354455881214,-2.017650452637636,38,148
6,TAAAGT,0.6401463191586648,0.8657460196798852,0.7394459345038884,-2.0179443628605296,56,205
6,TGACAA,0.8916323731138546,1.1529203091346762,0.7733882621573992,-2.01820440331362,78,273
6,TAATCA,0.8802011888431641,1.1402508551881414,0.7719564420354884,-2.0200579828277148,77,270
6,TCGATC,1.211705532693187,1.5118881709531653,0.8014649558595809,-2.0201902199203197,106,358
6,CGTTGT,0.6287151348879744,0.8530765657333503,0.7370281371329915,-2.0222999011538096,55,202
6,CAGAGT,0.2629172382258802,0.41809198023565186,0.6289389817510836,-2.025795936750747,23,99
6,TGCGCC,2.366255144032922,2.774610414291144,0.8528295896555588,-2.0266633219750214,207,657
6,TTGTAT,0.4686785550983082,0.6672579078508383,0.7024394999797998,-2.032264949132294,41,158
6,CACCTG,1.0059442158207592,1.283837999915537,0.7835613681400044,-2.032417317281156,88,304
6,ACCAGC,0.9716506630086876,1.2458296380759322,0.7799402416571015,-2.0362828889171336,85,295
5,TGCGC,7.818930041152264,8.526542506017991,0.917011594614609,-2.0460124738403382,684,2019
6,TTTTAT,2.5148605395518975,2.939313315596098,0.8555994919829356,-2.0475758581461454,220,696
6,AGCCGC,2.0461819844535896,2.4325351577347014,0.8411791541971758,-2.047682954816621,179,576
6,GTATTT,0.8916323731138546,1.157143460450188,0.7705659211648991,-2.0479410378280276,78,274
6,GAGTGT,0.4458161865569273,0.6419189999577685,0.6945529440503463,-2.048264409978444,39,152
5,TATCG,3.1435756744398717,3.6150175260779593,0.8695915559487897,-2.0537229984125553,275,856
6,ATATTA,1.623228166438043,1.9722116643439334,0.8230586452359822,-2.054703960188153,142,467
6,TTATCC,0.6172839506172839,0.8446302631023269,0.7308651975482696,-2.061174345496835,54,200
6,CGATGT,0.6973022405121171,0.937539592043583,0.743784974983971,-2.064366513371054,61,222
6,GACTGC,0.8001828989483311,1.0557878288779088,0.7579241630228764,-2.066730384904752,70,250
6,TTGCGA,0.4686785550983082,0.6714810591663499,0.6980222993188857,-2.0703216677488694,41,159
5,GTAGC,1.8975765889346137,2.2762785590607715,0.833638404026082,-2.075449532224031,166,539
6,GACAAA,0.903063557384545,1.1740360657122344,0.7692154118753548,-2.0755399410212134,79,278
6,TATGAT,0.7430269775948789,0.9924405591452341,0.7487119501039357,-2.0821587414046254,65,235
6,AACTTA,0.7315957933241883,0.9797711051986994,0.7467265739771093,-2.0856433807497425,64,232
6,AAATAA,3.1321444901691815,3.610794374762448,0.867442845202373,-2.08690243693089,274,855
6,ACTATA,0.4458161865569273,0.6461421512732801,0.6900140847797472,-2.086950955212056,39,153
6,TGTGGG,0.4458161865569273,0.6461421512732801,0.6900140847797472,-2.086950955212056,39,153
6,CACTTC,0.5601280292638318,0.7812829933696525,0.7169698265992361,-2.088322128090229,49,185
6,TCTCAG,0.2514860539551898,0.40964567760462856,0.6140053884789237,-2.0905307343614066,22,97
6,CCGGAG,2.423411065386374,2.8506271379703536,0.8501378589014498,-2.09336221307821,212,675
6,ATTTTG,1.337448559670782,1.663921618311584,0.8038047973366708,-2.095183771261122,117,394
6,AAGTGT,0.30864197530864196,0.4814392499683263,0.6411564069366095,-2.0989865840166106,27,114
6,TGGCTG,1.131687242798354,1.4358714472739558,0.7881683475997631,-2.1037799240547024,99,340
5,TAACT,2.3548239597622316,2.7788335656066554,0.847420027922884,-2.1043556405837216,206,658
6,TAATGA,0.8916323731138546,1.1655897630812113,0.7649825891554384,-2.107177151692891,78,276
6,CTTGAC,0.5258344764517604,0.7432746315300477,0.7074958629799593,-2.1076139375665863,46,176
5,CAACG,5.555555555555555,6.182693525909033,0.8985672143626579,-2.1083811980838947,486,1464
5,GTGAC,3.2693187014174665,3.762827822120866,0.8688496978862467,-2.108974811985281,286,891
6,CGAGGT,1.0516689529035208,1.3471852696482114,0.7806579472053066,-2.1113803253423207,92,319
5,GCCAT,5.212620027434842,5.823725664090544,0.8950680065126687,-2.113896753038497,456,1379
6,CGTGAA,0.7315957933241883,0.9839942565142109,0.7435220645590896,-2.11759337961438,64,233
6,TATCCG,0.7315957933241883,0.9839942565142109,0.7435220645590896,-2.11759337961438,64,233
6,CACGCG,1.3946044810242342,1.7314920393597704,0.8054463460919493,-2.1196165634663573,122,410
5,TGCAA,3.3493369913123003,3.8515139997466106,0.8696190717794287,-2.1218876923652235,293,912
5,CAGGG,4.206675811614083,4.763714683897124,0.8830687360350161,-2.12232640511977,368,1128
6,TACAGT,0.40009144947416553,0.5954643354871405,0.6719533484939622,-2.125327281676429,35,141
6,TAGACC,0.18289894833104708,0.3251826512943959,0.5625844095983605,-2.126539331935863,16,77
5,ATACA,2.674897119341564,3.129355124794121,0.8547804690177639,-2.126947491378582,234,741
6,GGTAGT,0.3200731595793324,0.49833185523037293,0.6423609490837014,-2.128091310111323,28,118
6,ATCGGG,1.1431184270690442,1.4527640525360024,0.7868722645271141,-2.1296258831272983,100,344
6,AAGATA,0.9144947416552356,1.1951518222897928,0.7651899997969541,-2.13207900055423,80,283
6,CTAGAA,0.3886602652034751,0.5827948815406057,0.6669474677423347,-2.1361398746498934,34,138
5,ACGCT,3.85230909922268,4.3920773681321,0.8771069053755057,-2.1394346714599033,337,1040
6,GATTAA,1.0402377686328304,1.3387389670171883,0.7770447337297095,-2.1404326503878224,91,317
6,ATAATA,1.5889346136259717,1.9510959077663752,0.8143900913799136,-2.146165552715589,139,462
6,TAGTTG,0.2743484224965706,0.44343088812872167,0.6187808557245739,-2.1468680546198318,24,105
6,ACCGGG,1.2688614540466392,1.596351197263398,0.7948639183094762,-2.1477259600410576,111,378
6,ATCCAT,0.9602194787379973,1.2500527893914437,0.7681616894247517,-2.152545106629967,84,296
6,CTTTAT,0.5715592135345221,0.8023987499472106,0.7123490392628359,-2.152552607944358,50,190
6,AATGCA,0.6401463191586648,0.8826386249419317,0.7252954624034736,-2.1527468085712744,56,209
6,CGCTAC,0.823045267489712,1.0937961907175136,0.7524893810534167,-2.1528806054069736,72,259
6,GTGTAT,0.411522633744856,0.6123569407491871,0.6720842011216972,-2.1545180731621714,36,145
5,GTTAT,2.7663465935070874,3.2349339076819126,0.8551522711826551,-2.158010401017222,242,766
6,TAGCGT,0.2972107910379515,0.47299294733730307,0.6284405479119869,-2.1582283778449844,26,112
6,TACCCG,0.5029721079103796,0.7221588749524895,0.6965260315333223,-2.1586175692319993,44,171
6,TTGTGA,0.6172839506172839,0.8572997170488619,0.720065493772609,-2.1634015209345407,54,203
6,GTATAG,0.2629172382258802,0.4307614341821867,0.6104450697127495,-2.1648413107290168,23,102
6,ATAAGA,0.7544581618655692,1.017779467038304,0.7413040407044329,-2.1732940686280897,66,241
6,TAATAC,0.4343850022862369,0.6419189999577685,0.6767478880139326,-2.173324588220204,38,152
5,CAATA,3.5665294924554183,4.096456776046286,0.8706408057885342,-2.1735395721634356,312,970
5,CGTAT,2.0804755372656607,2.495882427467376,0.8335697857363442,-2.1765021549988606,182,591
5,TATGA,2.4691358024691357,2.9181975590185396,0.8461220120745915,-2.176700989064047,216,691
6,GCTTGC,1.2002743484224965,1.5245576248997001,0.7873074773108246,-2.177764260059251,105,361
6,CCATCG,1.80612711476909,2.19603868406605,0.8224558530269789,-2.178089397446693,158,520
6,ATAAAG,1.1659807956104253,1.4865492630600954,0.7843684617380315,-2.1806734320020613,102,352
6,AAAATT,2.5034293552812072,2.956205920858144,0.8468438051751063,-2.1807466728750935,219,700
6,GTAGTT,0.2514860539551898,0.41809198023565186,0.6016042053542505,-2.1839647161319258,22,99
6,ATGATA,0.720164609053498,0.9797711051986994,0.735060565856202,-2.1853707210284266,63,232
5,GATGA,4.481024234110654,5.072004729929473,0.8834841693367328,-2.1854444794655734,392,1201
6,GAGGAG,3.2121627800640145,3.7205963089657503,0.8633498983304374,-2.186207368732985,281,881
6,TAATAT,1.4288980338363055,1.7821698551459098,0.8017854477594343,-2.1925304296567054,125,422
6,ATACCA,0.5029721079103796,0.7263820262680012,0.6924770190044521,-2.19514353067499,44,172
5,ATAAC,3.8065843621399176,4.358292157608007,0.8734148338384309,-2.195925180742348,333,1032
6,TGCGTT,0.6058527663465935,0.8488534144178386,0.7137644493274342,-2.203100179056156,53,201
6,GGGCGG,2.1604938271604937,2.5887917564086322,0.8345632148629177,-2.2041085292032836,189,613
6,GTATGT,0.24005486968449932,0.40542252628911696,0.5922109232306397,-2.2043401651635333,21,96
6,ACCGAT,1.1659807956104253,1.490772414375607,0.782146603804989,-2.207006768207742,102,353
5,GGGTG,3.989483310470965,4.556780269437054,0.8755076005022683,-2.2098457551549937,349,1079
6,GTGTTA,0.48010973936899864,0.7010431183749314,0.6848954611178397,-2.211887786858011,42,166
6,GTTTTA,1.108824874256973,1.4274251446429327,0.7768163513045151,-2.213452811572556,97,338
6,GTAGGC,0.3886602652034751,0.5912411841716289,0.6574212579968768,-2.216298773858214,34,140
6,TGCACT,0.3886602652034751,0.5912411841716289,0.6574212579968768,-2.216298773858214,34,140
6,CATAAA,0.8116140832190215,1.0895730394020018,0.7449152671194651,-2.216834075647723,71,258
6,AGAGAC,0.6401463191586648,0.8910849275729549,0.7184213953239829,-2.2194393735084144,56,211
6,GCGTAC,0.4229538180155464,0.6334726973267453,0.6677273496799211,-2.2220927443123126,37,150
6,ACGACG,1.2574302697759487,1.596351197263398,0.7877035464232041,-2.224934702213779,110,378
6,AGTGTA,0.205761316872428,0.3631910131340006,0.5666567832122389,-2.2253770683966803,18,86
6,GTCAGT,0.3772290809327846,0.578571730225094,0.6520606783158557,-2.2283775924747635,33,137
6,TAAAAG,1.211705532693187,1.5456733814772583,0.7839477294757746,-2.228710712712636,106,366
6,ACATAC,0.2514860539551898,0.42231513155116346,0.5955895875020693,-2.230162246707709,22,100
5,TAAAA,8.207590306355739,8.999535453355294,0.912002530424241,-2.2359079834060074,718,2131
6,TATCAG,0.5486968449931412,0.7855061446851641,0.6985648581110254,-2.236142890501755,48,186
6,TCAAAT,0.8344764517604023,1.1191350986105832,0.7456667976160186,-2.2401515007694424,73,265
6,AGTGTT,0.36579789666209417,0.565902276278559,0.6464601150862102,-2.241057961930835,32,134
6,AGCCAC,0.823045267489712,1.1064656446640482,0.7438738690822249,-2.2435829550081166,72,262
5,GACAA,4.8353909465020575,5.4647578022720555,0.8848338093063769,-2.2463026214465667,423,1294
6,TTACCC,0.48010973936899864,0.705266269690443,0.6807948721162177,-2.2488038059366224,42,167
5,GTTGC,3.635116598079561,4.189366104987542,0.8677040240883799,-2.2498846845504543,318,992
6,AAACGT,0.5829903978052127,0.8277376578402804,0.7043535556553671,-2.2499133558540265,51,196
6,TACGCC,0.5829903978052127,0.8277376578402804,0.7043535556553671,-2.2499133558540265,51,196
6,CATGGC,1.0402377686328304,1.3556315722792347,0.7673626475216113,-2.2506981159046284,91,321
5,TACGG,2.0118884316415184,2.436758309050213,0.8256485098740551,-2.2547398929040843,176,577
6,TAACGA,0.6973022405121171,0.9628784999366526,0.7242137187465703,-2.258501362100352,61,228
5,ATGCT,2.5148605395518975,2.9857679800667256,0.8422879230901882,-2.2585507843143127,220,707
6,GGGTGG,0.8687700045724738,1.1613666117656996,0.748080053073234,-2.260034542830695,76,275
6,ACACGC,0.9830818472793781,1.2922843025465602,0.7607503784610209,-2.261397917473902,86,306
5,GGGAT,3.61225422953818,4.168250348409983,0.8666148302328072,-2.2627746285439385,316,987
6,GTAGCG,0.5029721079103796,0.7348283288990245,0.6845185960704737,-2.26772995746652,44,174
6,GGGATA,0.9487882944673068,1.2542759407069555,0.7564624477192392,-2.2688073243428026,83,297
5,TAGTA,1.3031550068587106,1.6554753156805608,0.7871916152138199,-2.2720277277272696,114,392
6,ATGCAG,0.8116140832190215,1.098019342033025,0.7391856714919879,-2.277356323060246,71,260
5,CCACC,6.778692272519433,7.521432492926222,0.9012514775273106,-2.278988433043823,593,1781
5,CCACG,5.269775948788294,5.937750749609359,0.8875056263640495,-2.2919265572415335,461,1406
6,CAACGT,0.6858710562414266,0.9544321973056294,0.7186463255799292,-2.2957252780779296,60,226
5,AAAAT,8.756287151348879,9.594999788842435,0.9125894825534964,-2.3004688099657713,766,2272
6,CTACTG,0.2629172382258802,0.44343088812872167,0.5930077143794036,-2.3009118257587584,23,105
6,AGACAT,0.6630086877000457,0.9290932894125596,0.7136391268164088,-2.306763453259021,58,220
6,TTGCCA,0.7315957933241883,1.0093331644072807,0.7248580878099302,-2.3072127830295672,64,239
6,GCCACG,1.80612711476909,2.22137759195912,0.8130746496417186,-2.309657359282931,158,526
5,ACGAC,4.526748971193416,5.1564677562397065,0.8778802461609665,-2.3122524137856133,396,1221
5,GCATG,4.069501600365798,4.670805354955868,0.8712661231827182,-2.3161897686645716,356,1106
6,TTGTCA,0.5258344764517604,0.7686135394231176,0.6841748577063556,-2.322266552369542,46,182
6,GAGTGG,0.5715592135345221,0.8235145065247689,0.6940858969891522,-2.3255376796802714,50,195
6,CGCTCC,1.2574302697759487,1.6132438025254443,0.7794558529976539,-2.326461670831515,110,382
5,CGTTG,3.3950617283950617,3.9528696313188902,0.858888897474854,-2.331079271277772,297,936
6,CACCGC,2.4919981710105166,2.9773216774357025,0.836998732795158,-2.33258285154838,218,705
6,GGATGC,1.0402377686328304,1.3683010262257698,0.7602579570567987,-2.3327413746077172,91,324
6,TTTAAT,1.9890260631001373,2.42831200641919,0.8191056780489234,-2.337313525124313,174,575
6,ACCGCA,1.337448559670782,1.7061531314667007,0.7839098050598277,-2.343758889977677,117,404
6,GACAGC,0.9830818472793781,1.304953756493095,0.7533650184045733,-2.3452111595942213,86,309
6,TTAATA,1.314586191129401,1.6808142235736308,0.7821256865412041,-2.3458040543449785,115,398
5,TATAA,5.384087791495199,6.077114743021243,0.8859630635363216,-2.3526210239502428,471,1439
5,TAGTT,1.6346593507087332,2.0397820853921194,0.8013989447799328,-2.3532524110316495,143,483
6,TGCTGT,0.7658893461362597,1.0557878288779088,0.7254457577660273,-2.354971253617242,67,250
6,TGAAAT,1.5546410608139003,1.9510959077663752,0.7968144329462461,-2.355163675371568,136,462
6,TAATAA,1.4746227709190671,1.8624097301406308,0.7917933243804941,-2.3585375030936517,129,441
6,TTAGCA,0.2514860539551898,0.4349845854976984,0.5782463050659391,-2.366749706643092,22,103
6,TATCAA,1.131687242798354,1.478102960429072,0.7656507753643211,-2.369399109005566,99,350
6,ATGAGG,1.108824874256973,1.4527640525360024,0.7632681614782354,-2.3734049285447045,97,344
6,CGCCCA,1.8975765889346137,2.335402677477934,0.8125345379538932,-2.376524073247664,166,553
6,AACTAT,0.594421582075903,0.8572997170488619,0.6934007211038329,-2.378673292753664,52,203
6,CAGGAG,4.012345679012346,4.628573841800752,0.8668672315548881,-2.3853714774333903,351,1096
6,GATACG,0.5829903978052127,0.8446302631023269,0.6902681521836038,-2.3861101120576182,51,200
6,TACCAA,0.411522633744856,0.6376958486422568,0.6453830557554121,-2.38732916223808,36,151
6,TACTAT,0.411522633744856,0.6376958486422568,0.6453830557554121,-2.38732916223808,36,151
6,AGTAGT,0.24005486968449932,0.42231513155116346,0.5685280941585102,-2.389170601288743,21,100
6,ACAACC,1.02880658436214,1.364077874910258,0.7542319834426476,-2.3896859036789766,90,323
5,CATAC,1.7604023776863282,2.187592381435027,0.8047303142919566,-2.3967340082446635,154,518
5,CAGTA,1.9090077732053041,2.3522952827399806,0.8115590892452599,-2.3980348079616545,167,557
6,GCTATG,0.40009144947416553,0.6250263946957219,0.6401768552245459,-2.399917883559541,35,148
6,GGGGGC,1.2574302697759487,1.6259132564719794,0.7733825445583747,-2.4021008268408806,110,385
6,ATGCGC,1.520347508001829,1.9215338485577937,0.791226439492071,-2.4030744011013914,133,455
5,ACAAA,3.9666209419295844,4.586342328645635,0.864879716715188,-2.4100387539385895,347,1086
6,TACATA,0.3886602652034751,0.6123569407491871,0.6347552608807481,-2.4130764073229005,34,145
6,TGTTGA,0.6973022405121171,0.9839942565142109,0.7086742310461256,-2.4174402462105133,61,233
6,TAATTA,1.8175582990397805,2.255162802483213,0.8059629667276039,-2.4184783748931116,159,534
6,AATGTA,0.5372656607224509,0.7939524473161874,0.6767382463698582,-2.4187169842741834,47,188
6,GATTGC,0.9144947416552356,1.237383335444909,0.7390764105331679,-2.4201741791143805,80,293
6,GAGGTC,0.9144947416552356,1.237383335444909,0.7390764105331679,-2.4201741791143805,80,293
6,CCACCG,1.9661636945587562,2.419865703788167,0.8125171738925083,-2.4203363486257814,172,573
6,AACGAC,1.108824874256973,1.4612103551670257,0.7588565087053151,-2.4262704361041583,97,346
6,TATCCA,0.5715592135345221,0.8361839604713037,0.6835707015262528,-2.4277714232856646,50,198
6,TCATCG,1.2459990855052583,1.6174669538409563,0.7703539458112459,-2.428816439190688,109,383
6,GAATGA,0.8802011888431641,1.1993749736053043,0.7339054238015585,-2.4313118688007673,77,284
6,ACAGGG,0.7887517146776405,1.0937961907175136,0.7211394658575538,-2.436519791112971,69,259
6,GATGAA,1.1774119798811158,1.5414502301617468,0.7638492452870418,-2.4395906073734226,103,365
6,ACAGCG,0.9373571101966164,1.2669453946534905,0.7398764986261527,-2.441458790366251,82,300
6,GGGGTG,0.9373571101966164,1.2669453946534905,0.7398764986261527,-2.441458790366251,82,300
6,AAATGC,0.6515775034293553,0.9333164407280712,0.6981637294936035,-2.4424753621139277,57,221
6,TACTGT,0.33150434385002286,0.5447865197010009,0.6085750552830455,-2.4480637178859057,29,129
6,AGTGGC,0.4229538180155464,0.658811605219815,0.6420494261508937,-2.450777678447112,37,156
6,TACGCG,0.4572473708276178,0.7010431183749314,0.6522881831709778,-2.4525194493421654,40,166
6,TGACTA,0.2514860539551898,0.44343088812872167,0.5672345730342334,-2.4561945223356156,22,105
6,GTAAGT,0.2743484224965706,0.47299294733730307,0.5801152269152218,-2.456721063992911,24,112
6,CCGTAG,0.2743484224965706,0.47299294733730307,0.5801152269152218,-2.456721063992911,24,112
6,GTTACT,0.2972107910379515,0.5025550065458845,0.5914808112247694,-2.459844803254657,26,119
6,ATAGTT,0.5715592135345221,0.8404071117868154,0.6801360815606243,-2.4615966952362185,50,199
6,CGGAGG,2.091906721536351,2.567675999831074,0.8147154275427365,-2.464942662837562,183,608
6,ATAATG,1.1774119798811158,1.5456733814772583,0.7617623605057786,-2.4652980710770453,103,366
5,TATGT,1.6003657978966621,2.022889480130073,0.7911389622222633,-2.4678968394962455,140,479
5,CACCA,4.606767261088248,5.287385447020567,0.8712775301696881,-2.4718160048112185,403,1252
6,ATGCTC,0.3429355281207133,0.5616791249630475,0.6106234868432987,-2.4721333534477976,30,133
6,TTTTAA,3.040695016003658,3.6065712234469363,0.8431029133555279,-2.4767441618408625,266,854
6,TACACT,0.5486968449931412,0.8150682038937455,0.6732314169906892,-2.478762705173479,48,193
6,CAGTAC,0.36579789666209417,0.5912411841716289,0.6187593667683684,-2.480641551762089,32,140
6,ACTCGC,0.5029721079103796,0.7601672367920942,0.6617043107540247,-2.4818756354478624,44,180
5,GATTA,2.914951989026063,3.471430381350564,0.8397022836631467,-2.482053470104697,255,822
6,AGGATG,1.211705532693187,1.5879048946323748,0.7630993687671985,-2.4847490944241413,106,376
6,GACAAC,1.3717421124828533,1.769500401199375,0.7752270577883374,-2.4865698699323144,120,419
5,TGTGA,2.58344764517604,3.112462519532075,0.8300387956751585,-2.490790638409978,226,737
5,ATGCA,2.880658436213992,3.4376451708264706,0.83797905111199,-2.496667742596019,252,814
6,TATTTT,2.6977594878829447,3.239157058997424,0.8328636593966253,-2.4993354848103473,236,767
6,GGTGTT,1.0173754000914494,1.3683010262257698,0.7435505970773645,-2.501264037973296,89,324
5,TAATG,2.7434842249657065,3.2898348747835633,0.8339326854140844,-2.5029586939215696,240,779
6,TATTTA,1.771833561957019,2.22137759195912,0.79763737809948,-2.505783956889903,155,526
6,GTGCGA,0.51440329218107,0.7770598420541408,0.6620302083818005,-2.506948993198373,45,184
6,GGTTGG,0.51440329218107,0.7770598420541408,0.6620302083818005,-2.506948993198373,45,184
5,ATGTC,2.3090992226794693,2.8168419274462604,0.8197539325110998,-2.512861310748501,202,667
6,GATGCG,1.3488797439414724,1.7483846446218168,0.7715136350157915,-2.5135900205155077,118,414
6,GGTGTA,0.7430269775948789,1.0515646775623972,0.706619698702192,-2.5182127920549537,65,249
6,CACTAT,0.36579789666209417,0.5954643354871405,0.614371739306399,-2.519835242513352,32,141
6,CGAACT,0.6744398719707362,0.971324802567676,0.6943819739703869,-2.5247551177698027,59,230
5,GGGTA,2.091906721536351,2.5803454537776087,0.810715343148907,-2.525917170808957,183,611
6,GCGCTC,1.4288980338363055,1.8412939735630727,0.7760414416211069,-2.527892642943718,125,436
5,ATTGT,2.629172382258802,3.171586637949238,0.82898239403589,-2.531065231528215,230,751
5,GAGTG,2.937814357567444,3.5094387431901684,0.8371226456092294,-2.537132709811041,257,831
6,TGAACA,0.8916323731138546,1.2289370328138858,0.7255537053039235,-2.54173574857349,78,291
6,ATATAA,1.8289894833104712,2.2931711643228176,0.7975897101774202,-2.547450861827376,160,543
6,GACCGG,1.6918152720621855,2.141137716964399,0.7901576077507121,-2.552728564923754,148,507
6,AGCCAT,0.7773205304069501,1.098019342033025,0.7079563219127506,-2.561557618277294,68,260
6,TTATCA,0.9830818472793781,1.3387389670171883,0.7343540720732218,-2.5658463565735925,86,317
5,AATAA,7.4074074074074066,8.285822881033827,0.8939870082984864,-2.580698104513098,648,1962
6,TAGGCT,0.4343850022862369,0.6883736644283964,0.6310844186712167,-2.5864408574760938,38,163
6,ATATGT,0.4343850022862369,0.6883736644283964,0.6310844186712167,-2.5864408574760938,38,163
5,TTTTA,7.1216278006401454,7.990202288948013,0.891296416969198,-2.59540298695335,623,1892
6,ATGGGT,0.4229538180155464,0.6757042104818616,0.6260005656281732,-2.599668815002272,37,160
6,GTGGCT,0.5258344764517604,0.8023987499472106,0.6553710849846894,-2.600532546907058,46,190
6,TGATAC,0.5601280292638318,0.8446302631023269,0.6632034552738265,-2.6049292672801765,49,200
6,CCGCAG,1.8975765889346137,2.381857341948562,0.7966878984416312,-2.609252755475131,166,564
6,ATGTCA,0.48010973936899864,0.7474977828455593,0.642337029868107,-2.6093209367162724,42,177
5,TTTAT,5.8413351623228165,6.643017019299801,0.8793214307910108,-2.6128434588061134,511,1573
6,AGTGGT,0.4572473708276178,0.7221588749524895,0.6332180699859206,-2.6333781895598114,40,171
5,CAAAA,4.846822130772748,5.591452341737405,0.8668294302806642,-2.63535296311315,424,1324
6,ATCAGA,0.5601280292638318,0.8488534144178386,0.6599043242531779,-2.6383453437074045,49,201
6,CACAGC,0.7887517146776405,1.123358249926095,0.7021638006837673,-2.644862356158847,69,266
5,GCTGT,3.589391860996799,4.244267072089193,0.8457072161833433,-2.6496564046279203,314,1005
5,ATGGG,2.8006401463191586,3.3869673550403308,0.8268923681577656,-2.651121852497254,245,802
5,CATGC,3.943758573388203,4.628573841800752,0.8520493575874583,-2.656122725994179,345,1096
6,TAGCCG,0.4686785550983082,0.739051480214536,0.6342117517809027,-2.6565847291010103,41,175
5,TCAGC,3.166438042981253,3.788166730013937,0.8358804352114889,-2.6601765074691643,277,897
6,TGGGGG,0.8687700045724738,1.2204907301828625,0.7118438499383855,-2.664683759663651,76,289
6,TGGGTA,0.2972107910379515,0.5236707631234427,0.5676353320391063,-2.667403339305403,26,124
5,GAGGT,5.361225422953818,6.153131466700452,0.871302412718877,-2.6777987140425554,469,1457
5,TAAAG,3.5665294924554183,4.227374466827146,0.8436785415128213,-2.6796542193398443,312,1001
6,AATGAA,1.2345679012345678,1.6470290130495377,0.7495878534424399,-2.680804414727169,108,390
6,ATGGGG,0.720164609053498,1.0473415262468855,0.6876418310760474,-2.68306496624617,63,248
6,GAGTAT,0.33150434385002286,0.5701254275940707,0.5815320183969133,-2.688586214165955,29,135
5,CAAAT,3.1092821216278006,3.7332657629122847,0.8328629764907541,-2.6897558083847044,272,884
6,TGTATT,0.5715592135345221,0.8699691709953968,0.6570273175873124,-2.694948681036742,50,206
6,CCATAC,0.4343850022862369,0.7010431183749314,0.6196809052241159,-2.6955425326626217,38,166
5,GTCAG,2.629172382258802,3.2095949997888424,0.8191658031158023,-2.6964702573501578,230,760
5,AATGT,2.446273433927755,3.0111068879597953,0.8124229005019525,-2.709035642368147,214,713
5,TATGC,1.4746227709190671,1.9257569998733053,0.7657488437698559,-2.7090506772180616,129,456
6,TTATTA,1.3831732967535437,1.8244013683010263,0.7581651188574586,-2.7237781833694013,121,432
6,TATGCT,0.411522633744856,0.6757042104818616,0.6090856306612251,-2.7241251379654483,36,160
5,TTTAA,7.098765432098765,8.011318045525572,0.8860934970262259,-2.725326603654481,621,1897
6,GTAGTG,0.19433013260173754,0.39275307234258205,0.4949181928051397,-2.727529582967826,17,93
6,CAGCTG,0.5715592135345221,0.8741923223109084,0.6538536356164336,-2.7278080000574647,50,207
6,AATTAA,2.4577046181984454,3.0279994932218424,0.8116657407393792,-2.7280991986252308,215,717
6,ATTATT,1.9890260631001373,2.508551881413911,0.7929063724772518,-2.730658439127742,174,594
6,TAAATG,0.6401463191586648,0.9586553486211411,0.6677890455364361,-2.7369573067514006,56,227
5,TATCC,2.4805669867398263,3.0575615524304234,0.811295476691341,-2.747309685982947,217,724
6,TTAAAT,2.0004572473708278,2.5254444866759576,0.7921290865891253,-2.7506425257888023,175,598
6,TATATC,0.5029721079103796,0.7939524473161874,0.633550226575977,-2.7594014659513175,44,188
5,ACAGC,3.3607681755829906,4.028886354998099,0.8341721414404185,-2.775903452682289,294,954
6,TAGCAT,0.40009144947416553,0.6672579078508383,0.5996654040752187,-2.7761033476170462,35,158
6,GATACC,0.6287151348879744,0.9502090459901178,0.6616954111310369,-2.7772371308256583,55,225
5,AGCAT,2.9721079103795156,3.6065712234469363,0.8240861798151213,-2.7841397570198865,260,854
6,AGATAC,0.30864197530864196,0.5532328223320241,0.5579679405379339,-2.8074262461730135,27,131
6,TATAAA,1.7489711934156378,2.255162802483213,0.7755509431050694,-2.8094581277829467,153,534
6,ATTGTA,0.4572473708276178,0.7432746315300477,0.6152313402009488,-2.8103984619096836,40,176
6,TATATA,1.3031550068587106,1.7483846446218168,0.7453625691637653,-2.811693795997003,114,414
6,CAAATG,0.40009144947416553,0.6714810591663499,0.5958944851287691,-2.8127519801353515,35,159
6,AGACGA,0.8001828989483311,1.1613666117656996,0.6890278987285866,-2.8136971131790047,70,275
6,CGATGA,1.02880658436214,1.4316482959584442,0.7186365000514053,-2.8179534918263673,90,339
6,TGGCTC,0.4458161865569273,0.7306051775835128,0.6102545872626765,-2.8243313737418703,39,173
6,TGGGGC,0.7658893461362597,1.123358249926095,0.6818138067762192,-2.8339597602204036,67,266
6,ATAACA,0.9716506630086876,1.3683010262257698,0.7101358771184965,-2.8407862282063756,85,324
6,ATCAAA,1.2688614540466392,1.7145994340977238,0.7400489140036182,-2.8442018772237305,111,406
6,TTGTTA,0.6058527663465935,0.9333164407280712,0.6491773016917789,-2.8593449439298064,53,221
5,GATAC,2.5605852766346593,3.171586637949238,0.8073575888601523,-2.859599340499698,224,751
5,GTTGT,2.274805669867398,2.8548502892858654,0.796828469625102,-2.8611022649078173,199,676
6,TGAGGG,0.9259259259259258,1.31762321043963,0.7027469187683028,-2.8611336929988993,81,312
6,ATACAA,0.7544581618655692,1.1149119472950715,0.676726526290652,-2.8704491083499204,66,264
6,TGGTGT,0.6858710562414266,1.0346720723003504,0.662919955615422,-2.8881249911754607,60,245
6,ACTGCG,0.6058527663465935,0.937539592043583,0.646253391482671,-2.89099493169359,53,222
6,TGTGAG,0.4343850022862369,0.7263820262680012,0.5980671050022016,-2.9094820420252634,38,172
6,TCATTA,0.48010973936899864,0.7855061446851641,0.6112601621279902,-2.921223307313344,42,186
6,TGGGAT,0.40009144947416553,0.6841505131128849,0.5848610147964092,-2.921694728757904,35,162
6,CAGCCA,1.0973936899862824,1.5287807762152117,0.71784125162667,-2.921859489060234,96,362
6,GATAGT,0.30864197530864196,0.565902276278559,0.5454783280000345,-2.925342511007441,27,134
6,TATGTT,0.4458161865569273,0.7432746315300477,0.5998539197377804,-2.9294607247528224,39,176
5,ATGAA,4.378143575674439,5.1775835128172645,0.8455989179014466,-2.942354828035013,383,1226
6,CTCAGT,0.1371742112482853,0.33362895392541914,0.4113344366247676,-2.968165584562653,12,79
5,AGTGG,2.06904435299497,2.647915874825795,0.7813942403691567,-2.968191319062028,181,627
6,GCTTAC,0.2514860539551898,0.4941087039148613,0.5090684400381003,-2.968197679117721,22,117
5,TGGCT,2.686328303612254,3.3362895392541914,0.8051902429273208,-2.969178588227718,235,790
6,ATAAAA,2.6977594878829447,3.348958993200726,0.8055574695340245,-2.9692367952105885,236,793
5,AAATG,3.8751714677640603,4.6412432957472864,0.8349460965998456,-2.9742380087622213,339,1099
5,AGTAT,1.9661636945587562,2.533890789306981,0.775955343979963,-2.976454609652867,172,600
6,AAGGGG,1.5432098765432098,2.056674690654166,0.750354369662315,-2.991970090468133,135,487
6,TATATT,1.623228166438043,2.149584019595422,0.7551473386975073,-2.99936141860014,142,509
6,ATGGCA,0.6973022405121171,1.0642341315089319,0.6552474639927156,-2.9995460964889076,61,252
6,TTATGC,0.2514860539551898,0.49833185523037293,0.5047551662581996,-3.0091049251877307,22,118
6,GACATA,0.411522633744856,0.7094894210059546,0.5800856404557387,-3.0120296361651935,36,168
6,ACATGG,0.51440329218107,0.8404071117868154,0.6121343709838444,-3.0151155771428177,45,199
6,CATTAT,0.594421582075903,0.9417627433590946,0.6312189183272916,-3.027438713395323,52,223
6,TGCAAA,0.6973022405121171,1.0684572828244436,0.652657795442395,-3.029280945197279,61,253
6,CATACC,0.4229538180155464,0.7263820262680012,0.5823321193351598,-3.0305605996525786,37,172
6,ACGATG,0.8116140832190215,1.2078212762363276,0.6719925372522465,-3.0347870309885923,71,286
6,TTAATG,0.5829903978052127,0.9290932894125596,0.627523255332424,-3.0386384154564317,51,220
6,ATAGTA,0.3886602652034751,0.6841505131128849,0.5681548756680859,-3.046966492879254,34,162
6,CGTTAT,0.4343850022862369,0.7432746315300477,0.584476499274612,-3.049090439063,38,176
6,AACATA,0.5715592135345221,0.9164238354660247,0.6237254192563915,-3.0501728103202597,50,217
6,TAAAAA,3.3493369913123003,4.092233624730774,0.8184662587309588,-3.0701146846310854,293,969
6,AACATT,0.7887517146776405,1.1867055196587695,0.6646849054969439,-3.0781602031805244,69,281
6,CAAAAT,0.9716506630086876,1.4063093880653743,0.6909443802457877,-3.0797372036450468,85,333
5,TGGGG,3.1778692272519433,3.906414966848262,0.8135049409053967,-3.0808403368095734,278,925
5,GGGGA,5.235482395976223,6.144685164069428,0.8520366873996488,-3.0842043477113785,458,1455
6,ATGTTA,0.36579789666209417,0.658811605219815,0.5553064990258132,-3.084662722463117,32,156
5,ATGTT,2.5377229080932784,3.2011486971578194,0.7927603095462239,-3.09727062191189,222,758
6,AGGGGA,1.337448559670782,1.8412939735630727,0.7263782649851097,-3.1103260074486476,117,436
6,GAACCG,1.2459990855052583,1.735715190675282,0.7178754352417493,-3.1159406754786247,109,411
6,TAAAGA,0.9487882944673068,1.3851936314878162,0.6849726822523492,-3.117992443224516,83,328
5,TATTT,6.115683584819387,7.10334051269057,0.8609607659687308,-3.127788344555547,535,1682
5,GTATA,2.0118884316415184,2.6225769669327255,0.7671506849715389,-3.1523211944758494,176,621
5,AAATT,6.675811614083218,7.711474302124246,0.8657002257300768,-3.155844661191297,584,1826
5,CGATG,4.549611339734796,5.4267494404324506,0.8383706586435615,-3.1603500138911063,398,1285
6,ACATAA,0.5829903978052127,0.9459858946746061,0.6163186673507683,-3.1638824950970554,51,224
6,CAGCGG,1.3717421124828533,1.8919717893492123,0.7250476013675491,-3.1695261344486805,120,448
6,CGACTC,0.4458161865569273,0.7728366907386292,0.5769116564136754,-3.1697593861412345,39,183
5,AATTA,5.612711476909007,6.579669749567127,0.8530407127511211,-3.1764835962847773,491,1558
6,TATAGT,0.5258344764517604,0.8784154736264199,0.5986627353081875,-3.1965810139714126,46,208
6,ATGAAA,1.337448559670782,1.8581865788251193,0.7197751815634549,-3.2032446475443694,117,440
6,AGGGGG,1.29172382258802,1.8075087630389797,0.7146589732261455,-3.218544039915695,113,428
6,TTACAC,0.2629172382258802,0.5363402170699776,0.4903011181049651,-3.220566354818087,23,127
6,TGTTAC,0.2286236854138089,0.4898855525993497,0.46679679472270313,-3.2311362865271596,20,116
5,GGTGT,3.463648834019204,4.261159677351239,0.8128462230145616,-3.2349995767750994,303,1009
6,CAATAA,1.1202560585276635,1.6132438025254443,0.6944310671872396,-3.262795951226994,98,382
5,AGGGG,4.812528577960676,5.743485789095823,0.8379135882495974,-3.2658806805176503,421,1360
6,AATTAT,1.7832647462277091,2.3860804932640733,0.7473721083807167,-3.26765111021409,156,565
6,GATTAT,0.720164609053498,1.1360277038726296,0.6339644800477872,-3.30181017160524,63,269
6,GAGACA,1.6117969821673523,2.19603868406605,0.7339686668525864,-3.304456269948469,141,520
5,ATACC,2.263374485596708,2.9435364669116093,0.7689381861651855,-3.318291448606617,198,697
5,GTAGT,1.0973936899862824,1.596351197263398,0.6874583400153931,-3.322829232929559,96,378
5,TGTAT,1.931870141746685,2.567675999831074,0.7523904506755197,-3.322894938277616,169,608
5,TATTA,3.8294467306812985,4.687697960217915,0.8169180419420806,-3.3244150339716585,335,1110
6,AGTATA,0.3886602652034751,0.7179357236369779,0.5414218992257595,-3.3285167396677657,34,170
6,GGGGGA,1.4974851394604483,2.069344144600701,0.723665407142171,-3.3348637020063947,131,490
5,TATCA,3.1207133058984913,3.9106381181637735,0.7980113246150629,-3.3457503376339566,273,926
6,ACAGTA,0.2743484224965706,0.565902276278559,0.4848892557483291,-3.3464700386036754,24,134
6,GGGGAT,0.9602194787379973,1.4358714472739558,0.6687594523979326,-3.346574335147325,84,340
5,ATATC,2.7663465935070874,3.517885045821192,0.7863724710237717,-3.355087109732113,242,833
5,AATGA,4.080932784636488,4.974872249672706,0.8203126730817386,-3.3644986577347407,357,1178
6,TTAAAA,3.1092821216278006,3.9106381181637735,0.7950882998751557,-3.3955293985949706,272,926
6,TGTCAA,0.3886602652034751,0.7263820262680012,0.5351271623340346,-3.3973898060551497,34,172
6,GGGTAT,0.4686785550983082,0.831960809155792,0.5633945859965818,-3.401664003527528,41,197
6,AAATTT,2.137631458619113,2.821065078761772,0.7577477385893978,-3.409193773068938,187,668
5,GTATC,2.2519433013260173,2.9519827695426324,0.7628659076096729,-3.4134150645890013,197,699
6,AGACAA,1.0402377686328304,1.5456733814772583,0.6730208846257947,-3.42709286245091,91,366
6,ACCACA,0.7658893461362597,1.2120444275518392,0.6319291073946723,-3.431656995208676,67,287
6,AGCATG,0.5372656607224509,0.9248701380970481,0.580954604467534,-3.4345721696023963,47,219
5,AGACA,3.9666209419295844,4.8692934667849155,0.814623211081085,-3.4348292204047732,347,1153
5,TAAAT,5.315500685871057,6.343173275898476,0.8379901755246613,-3.440939965460502,465,1502
6,TAAATA,1.7146776406035666,2.348072131424469,0.7302606217216849,-3.4688693881953627,150,556
6,GTCAGC,0.720164609053498,1.178259217027746,0.6112436671648137,-3.5841036179254955,63,279
6,TCAGCT,0.2286236854138089,0.5278939144389544,0.4331937909868722,-3.5849966156358337,20,125
5,ACTAT,1.8632830361225423,2.546560243253516,0.7316967550182334,-3.5959172303727485,163,603
6,ATTAAA,2.274805669867398,3.0237763419063306,0.752314384798301,-3.6149786179851477,199,716
5,AACAT,3.3036122542295385,4.18514295367203,0.7893716782513048,-3.6183768546995525,289,991
6,GTATCG,0.6058527663465935,1.0388952236158622,0.5832103483958139,-3.621116442692039,53,246
6,CAGCAT,0.6287151348879744,1.0684572828244436,0.588471151706412,-3.6235243088953513,55,253
5,ACCAC,4.035208047553727,5.0044343088812875,0.8063303793107133,-3.64447128333138,353,1185
6,GAGACG,1.211705532693187,1.7948393090924448,0.675123401975022,-3.672334877316906,106,425
5,TAATA,3.7494284407864655,4.704590565479961,0.7969766318529278,-3.703464314046457,328,1114
5,AGTGT,1.2459990855052583,1.8455171248785844,0.6751666251402136,-3.724169321331609,109,437
6,GAGACC,1.6689529035208046,2.348072131424469,0.7107881407775285,-3.7296330707967926,146,556
6,TGTTAA,0.51440329218107,0.9417627433590946,0.5462614333232103,-3.7728027486642284,45,223
6,AATAAA,2.3891175125743027,3.192702394526796,0.748313618365476,-3.7797614329374665,209,756
6,AAAAAT,3.3150434385002288,4.244267072089193,0.781068974995234,-3.7928992223087623,290,1005
6,CACCAC,1.2688614540466392,1.8877486380337007,0.6721733027115633,-3.803641905874364,111,447
5,ATATA,4.103795153177869,5.126905697031125,0.8004467706275996,-3.806202701885124,359,1214
5,ATAGT,1.886145404663923,2.6183538156172137,0.7203661158405054,-3.807653090584911,165,620
5,TGTCA,2.1033379058070416,2.880189197178935,0.7302870516846811,-3.8511729285372707,184,682
5,TTATG,1.9890260631001373,2.7492715063980744,0.723483915677177,-3.858859966880502,174,651
6,TTTATG,0.51440329218107,0.9586553486211411,0.5366366851783578,-3.893231150377899,45,227
6,AAAATA,2.9263831732967533,3.8346213944845644,0.7631540527314137,-3.90209115494302,256,908
6,TGATTA,0.8001828989483311,1.330292664386165,0.6015388692161623,-3.9116958887997857,70,315
5,TTATA,4.149519890260631,5.2155918746568695,0.7956029592974426,-3.9364784286987535,363,1235
6,ATTAAT,1.4060356652949246,2.090459901178259,0.6726119947591137,-4.000788432785694,123,495
5,ACATA,1.931870141746685,2.7239325985050042,0.7092316526634018,-4.046726208753669,169,645
5,TTAAT,4.5038866026520346,5.642130157523544,0.7982635370955691,-4.0481223763197285,394,1336
6,TTATAT,1.211705532693187,1.8666328814561424,0.6491585082852988,-4.061065123338733,106,442
6,GCAATA,0.5258344764517604,1.005110013091769,0.5232085530406929,-4.11123535727712,46,238
6,GCTGTT,0.7658893461362597,1.3218463617551417,0.5794405645318766,-4.129002807748158,67,313
6,CGTATC,0.5601280292638318,1.0557878288779088,0.5305753262249322,-4.144724888368002,49,250
5,ATAAA,6.584362139917696,7.960640229739431,0.8271168195288816,-4.15360748399981,576,1885
5,TTAAA,6.893004115226338,8.302715486295874,0.8302128508821712,-4.171644058923083,603,1966
6,ATATAT,1.3260173754000915,2.0271126314455845,0.654158007319859,-4.17174936999757,116,480
5,AAATA,6.835848193872886,8.281599729718316,0.8254281629340594,-4.285928284267664,598,1961
6,ATTATA,1.1774119798811158,1.875079184087166,0.6279463796705521,-4.329970528995876,103,444
5,GGAGA,10.733882030178327,12.50475104522995,0.8583854370878626,-4.35126502876537,939,2961
6,AAGGAG,4.755372656607224,6.022213775919591,0.7896421265232193,-4.3743401179404415,416,1426
5,TGTTA,1.9090077732053041,2.783056716922167,0.6859505113734827,-4.433888498032608,167,659
6,TTTAAA,2.9492455418381343,4.011993749736053,0.7351138148335057,-4.485148967025539,258,950
6,ATAAAT,1.703246456332876,2.5507833945690273,0.6677476751620224,-4.497789669171136,149,604
5,GGGGG,3.4293552812071333,4.577896026014612,0.74911713809255,-4.541360421843979,300,1084
5,AATAT,4.766803840877915,6.089784196967778,0.7827577153686125,-4.548515094015463,417,1442
5,TATAT,3.6236854138088708,4.801723045736729,0.7546686704805226,-4.549616352682667,317,1137
6,AATATA,1.337448559670782,2.1453608682799103,0.6234318133908172,-4.696631116763539,117,508
5,ATTAA,5.326931870141747,6.790827315342709,0.7844336454767246,-4.781832113101018,466,1608
6,TATTAA,1.2231367169638776,2.0313357827610963,0.602153770916289,-4.841048384947262,107,481
5,ATTAT,4.481024234110654,5.86173402593015,0.7644577131130208,-4.844934066529081,392,1388
5,AGGAG,13.271604938271606,15.452510663457073,0.8588649016866156,-4.899967703809882,1161,3659
6,AGGAGA,4.743941472336534,6.203809282486591,0.7646858224907945,-4.987773103510323,415,1469
6,GGAGAC,2.983539094650206,4.434308881287217,0.6728380657996782,-5.88700936885518,261,1050
5,GAGAC,5.361225422953818,7.2131424468938725,0.743261503051583,-5.914514103274656,469,1708
6,AAATAT,1.3831732967535437,2.4663203682587946,0.5608424721735839,-5.9361114021575245,121,584
