{
  "config": {
    "n_genes": 20,
    "t_end_s": 0.5,
    "dt_s": 0.05,
    "scale": 0.05,
    "seed": 42,
    "genes": [
      "JCVISYN3A_0804",
      "JCVISYN3A_0647",
      "JCVISYN3A_0389",
      "JCVISYN3A_0691",
      "JCVISYN3A_0415",
      "JCVISYN3A_0362",
      "JCVISYN3A_0493",
      "JCVISYN3A_0345",
      "JCVISYN3A_0285",
      "JCVISYN3A_0541",
      "JCVISYN3A_0095",
      "JCVISYN3A_0614",
      "JCVISYN3A_0382",
      "JCVISYN3A_0416",
      "JCVISYN3A_0419",
      "JCVISYN3A_0200",
      "JCVISYN3A_0007",
      "JCVISYN3A_0517",
      "JCVISYN3A_0475",
      "JCVISYN3A_0372"
    ]
  },
  "hardware": {
    "platform": "Linux-6.18.5-x86_64-with-glibc2.39",
    "python": "3.11.15",
    "cpu_count": 4,
    "machine": "x86_64",
    "cpu_model": "Intel(R) Xeon(R) Processor @ 2.10GHz"
  },
  "rust_available": true,
  "python": {
    "mode": "python",
    "n_genes": 20,
    "mean_s": 12.918995820350002,
    "median_s": 12.851812184499948,
    "stdev_s": 0.5955558678654143,
    "min_s": 11.918632964999972,
    "max_s": 14.025871056000028,
    "total_s": 258.40968269300004,
    "per_gene_s": [
      13.186455428999977,
      12.386753200999976,
      12.802164154999957,
      12.38205541000002,
      12.289613266999993,
      12.483388238999964,
      12.937783903000025,
      13.321183237000014,
      11.918632964999972,
      12.728864402,
      13.567500909999978,
      13.20267608100005,
      12.322189079000054,
      12.594554748000064,
      12.367782820999992,
      12.90146021399994,
      13.312507828000093,
      13.74728775899996,
      14.025871056000028,
      13.901191702999995
    ]
  },
  "rust": {
    "mode": "rust",
    "n_genes": 20,
    "mean_s": 6.93889949024998,
    "median_s": 6.789773594499991,
    "stdev_s": 0.4261673630857047,
    "min_s": 6.425796027000047,
    "max_s": 7.693728755000052,
    "total_s": 138.80383741999992,
    "per_gene_s": [
      6.486903501000029,
      6.425796027000047,
      6.604077878999988,
      7.117140226999936,
      7.050071263999939,
      6.546647028999928,
      7.2689168379999956,
      6.715666063999947,
      6.8638811250000344,
      6.603245118000018,
      7.354142933999924,
      6.569965884999988,
      6.519894460999922,
      6.629305333999923,
      7.102022613000031,
      6.60769100899995,
      7.652125636000051,
      7.693728755000052,
      7.54818718599995,
      7.418580919999954
    ]
  },
  "speedup_factor": 1.86182201349116
}