{
  "matrix_shape": [
    455,
    1295
  ],
  "n_estimators": 400,
  "max_depth": 4,
  "gpu_probe": {
    "available": true,
    "device_name": "NVIDIA RTX PRO 6000 Blackwell Server Edition"
  },
  "cpu_hist": {
    "tree_method": "hist",
    "device": "cpu",
    "wall_s": 7.35144810700001,
    "fold_mcc_mean": 0.2760735026936364,
    "fold_mcc_std": 0.14941073624104592,
    "pooled_mcc": 0.2704278558506835,
    "pooled_confusion": {
      "tp": 344,
      "fp": 46,
      "tn": 26,
      "fn": 39
    }
  },
  "gpu_hist": {
    "tree_method": "hist",
    "device": "cuda",
    "wall_s": 2.89570138900001,
    "fold_mcc_mean": 0.21541304767126465,
    "fold_mcc_std": 0.08975605821120168,
    "pooled_mcc": 0.2139548374084537,
    "pooled_confusion": {
      "tp": 343,
      "fp": 50,
      "tn": 22,
      "fn": 40
    }
  },
  "gpu_speedup_factor": 2.538745236275461
}