{
  "config": {
    "reference_panel": false,
    "max_genes": 20,
    "all": false,
    "balanced": true,
    "workers": 4,
    "scale": 0.05,
    "t_end_s": 0.5,
    "dt_s": 0.05,
    "seed": 42,
    "threshold": 0.04,
    "calibrate": 5,
    "safety_factor": 2.5,
    "use_rust": true,
    "out_dir": "outputs"
  },
  "n": 20,
  "tp": 1,
  "fp": 0,
  "tn": 10,
  "fn": 9,
  "mcc": 0.22941573387056174,
  "precision": 1.0,
  "recall": 0.1,
  "specificity": 1.0,
  "accuracy": 0.55,
  "sweep_wall_s": 35.601462841033936,
  "calibration_floor": {
    "ATP": 0.06314847214875696,
    "G6P": 0.0011280085891738356,
    "F6P": 0.0031583103039873666,
    "PYR": 0.0007180749728890061,
    "CTP": 0.0024513338139870223,
    "GTP": 0.0035427169914157243,
    "UTP": 0.0016025641025641025,
    "NTP_TOTAL": 0.03686608675069531,
    "dATP": 0.06483790523690773,
    "dGTP": 0.05555555555555555,
    "dCTP": 0.04727272727272727,
    "dTTP": 0.03070175438596491,
    "TOTAL_COMPLEXES": 0.375,
    "FOLDED_PROTEINS": 0.007879101007491604,
    "UNFOLDED_PROTEINS": 1.0,
    "FOLDED_FRACTION": 0.0027235177237686565,
    "BOUND_PROTEINS": 0.4
  },
  "per_pool_thresholds": {
    "ATP": 0.1578711803718924,
    "G6P": 0.04,
    "F6P": 0.04,
    "PYR": 0.04,
    "CTP": 0.04,
    "GTP": 0.04,
    "UTP": 0.04,
    "NTP_TOTAL": 0.09216521687673827,
    "dATP": 0.16209476309226933,
    "dGTP": 0.1388888888888889,
    "dCTP": 0.11818181818181818,
    "dTTP": 0.07675438596491227,
    "TOTAL_COMPLEXES": 0.9375,
    "FOLDED_PROTEINS": 0.04,
    "UNFOLDED_PROTEINS": 2.5,
    "FOLDED_FRACTION": 0.04,
    "BOUND_PROTEINS": 1.0
  }
}