{
  "config": {
    "reference_panel": false,
    "max_genes": 40,
    "all": false,
    "balanced": true,
    "workers": 4,
    "scale": 0.05,
    "t_end_s": 0.5,
    "dt_s": 0.05,
    "seed": 42,
    "threshold": 0.04,
    "calibrate": 10,
    "safety_factor": 2.5,
    "out_dir": "outputs"
  },
  "n": 40,
  "tp": 1,
  "fp": 0,
  "tn": 20,
  "fn": 19,
  "mcc": 0.16012815380508713,
  "precision": 1.0,
  "recall": 0.05,
  "specificity": 1.0,
  "accuracy": 0.525,
  "sweep_wall_s": 194.24620270729065,
  "calibration_floor": {
    "ATP": 0.06642465278485918,
    "G6P": 0.0011415059725223206,
    "F6P": 0.0036219953901876854,
    "PYR": 0.0006602984549016155,
    "CTP": 0.003314121037463977,
    "GTP": 0.0034337771548703573,
    "UTP": 0.0020337013364323067,
    "NTP_TOTAL": 0.03861516397814415,
    "dATP": 0.05783132530120482,
    "dGTP": 0.07317073170731707,
    "dCTP": 0.046762589928057555,
    "dTTP": 0.023809523809523808
  },
  "per_pool_thresholds": {
    "ATP": 0.16606163196214796,
    "G6P": 0.04,
    "F6P": 0.04,
    "PYR": 0.04,
    "CTP": 0.04,
    "GTP": 0.04,
    "UTP": 0.04,
    "NTP_TOTAL": 0.09653790994536038,
    "dATP": 0.14457831325301204,
    "dGTP": 0.18292682926829268,
    "dCTP": 0.11690647482014388,
    "dTTP": 0.05952380952380952
  }
}