{
  "config": {
    "reference_panel": false,
    "max_genes": 40,
    "all": false,
    "balanced": true,
    "workers": 12,
    "scale": 0.05,
    "t_end_s": 0.5,
    "dt_s": 0.05,
    "seed": 2,
    "panel_seed": 42,
    "threshold": 0.05,
    "calibrate": 10,
    "safety_factor": 2.5,
    "use_rust": true,
    "detector": "short-window",
    "min_wt_events": 20,
    "ensemble_policy": "per_rule_with_pool_confirm",
    "min_confidence": 0.15,
    "min_pool_dev": 0.02,
    "rule_necessity_only": false,
    "out_dir": "outputs"
  },
  "n": 40,
  "tp": 1,
  "fp": 0,
  "tn": 20,
  "fn": 19,
  "mcc": 0.16012815380508713,
  "precision": 1.0,
  "recall": 0.05,
  "specificity": 1.0,
  "accuracy": 0.525,
  "sweep_wall_s": 16.741239547729492,
  "calibration_floor": {
    "ATP": 0.06379170056956876,
    "G6P": 0.0024249029357673183,
    "F6P": 0.011493626756727313,
    "PYR": 0.0010300328139025,
    "CTP": 0.003605942593393913,
    "GTP": 0.004180372807017544,
    "UTP": 0.0037218127417353863,
    "NTP_TOTAL": 0.03721271335801564,
    "dATP": 0.055944055944055944,
    "dGTP": 0.09623430962343096,
    "dCTP": 0.07368421052631578,
    "dTTP": 0.019693654266958426,
    "TOTAL_COMPLEXES": 1.0,
    "FOLDED_PROTEINS": 0.00715307582260372,
    "UNFOLDED_PROTEINS": 0.5,
    "FOLDED_FRACTION": 0.001818561857136444,
    "BOUND_PROTEINS": 2.0,
    "TOTAL_EVENTS": 0.29625393402494465
  },
  "per_pool_thresholds": {
    "ATP": 0.1594792514239219,
    "G6P": 0.05,
    "F6P": 0.05,
    "PYR": 0.05,
    "CTP": 0.05,
    "GTP": 0.05,
    "UTP": 0.05,
    "NTP_TOTAL": 0.09303178339503909,
    "dATP": 0.13986013986013987,
    "dGTP": 0.2405857740585774,
    "dCTP": 0.18421052631578946,
    "dTTP": 0.05,
    "TOTAL_COMPLEXES": 2.5,
    "FOLDED_PROTEINS": 0.05,
    "UNFOLDED_PROTEINS": 1.25,
    "FOLDED_FRACTION": 0.05,
    "BOUND_PROTEINS": 5.0,
    "TOTAL_EVENTS": 0.7406348350623616
  }
}