{
  "config": {
    "reference_panel": false,
    "max_genes": 40,
    "all": false,
    "balanced": true,
    "workers": 12,
    "scale": 0.05,
    "t_end_s": 0.5,
    "dt_s": 0.05,
    "seed": 4,
    "panel_seed": 42,
    "threshold": 0.1,
    "calibrate": 10,
    "safety_factor": 2.5,
    "use_rust": true,
    "detector": "ensemble",
    "min_wt_events": 20,
    "ensemble_policy": "per_rule_with_pool_confirm",
    "min_confidence": 0.15,
    "min_pool_dev": 0.02,
    "rule_necessity_only": false,
    "out_dir": "outputs"
  },
  "n": 40,
  "tp": 5,
  "fp": 3,
  "tn": 17,
  "fn": 15,
  "mcc": 0.125,
  "precision": 0.625,
  "recall": 0.25,
  "specificity": 0.85,
  "accuracy": 0.55,
  "sweep_wall_s": 16.86137843132019,
  "calibration_floor": {
    "ATP": 0.00596680582425415,
    "G6P": 0.0007421100211838678,
    "F6P": 0.0028330185534940562,
    "PYR": 0.0012180982990651463,
    "CTP": 0.004197423650311188,
    "GTP": 0.003899178387411224,
    "UTP": 0.0017485064840448783,
    "NTP_TOTAL": 0.003399789141997465,
    "dATP": 0.04128440366972477,
    "dGTP": 0.08205128205128205,
    "dCTP": 0.038910505836575876,
    "dTTP": 0.010940919037199124,
    "TOTAL_COMPLEXES": 0.16666666666666666,
    "FOLDED_PROTEINS": 0.0036467830164105238,
    "UNFOLDED_PROTEINS": 1.0,
    "FOLDED_FRACTION": 0.001079340340703181,
    "BOUND_PROTEINS": 0.21739130434782608,
    "TOTAL_EVENTS": 0.012632251003283473
  },
  "per_pool_thresholds": {
    "ATP": 0.1,
    "G6P": 0.1,
    "F6P": 0.1,
    "PYR": 0.1,
    "CTP": 0.1,
    "GTP": 0.1,
    "UTP": 0.1,
    "NTP_TOTAL": 0.1,
    "dATP": 0.10321100917431193,
    "dGTP": 0.20512820512820512,
    "dCTP": 0.1,
    "dTTP": 0.1,
    "TOTAL_COMPLEXES": 0.41666666666666663,
    "FOLDED_PROTEINS": 0.1,
    "UNFOLDED_PROTEINS": 2.5,
    "FOLDED_FRACTION": 0.1,
    "BOUND_PROTEINS": 0.5434782608695652,
    "TOTAL_EVENTS": 0.1
  },
  "gene_to_rules_summary": {
    "genes_with_rules": 114,
    "total_rule_pairs": 421,
    "min_rules": 1,
    "avg_rules": 3.69,
    "max_rules": 19
  }
}