{
  "config": {
    "reference_panel": false,
    "max_genes": 20,
    "all": false,
    "balanced": true,
    "workers": 4,
    "scale": 0.25,
    "t_end_s": 0.5,
    "dt_s": 0.05,
    "seed": 42,
    "threshold": 0.03,
    "calibrate": 5,
    "safety_factor": 2.5,
    "use_rust": true,
    "out_dir": "outputs"
  },
  "n": 20,
  "tp": 1,
  "fp": 0,
  "tn": 10,
  "fn": 9,
  "mcc": 0.22941573387056174,
  "precision": 1.0,
  "recall": 0.1,
  "specificity": 1.0,
  "accuracy": 0.55,
  "sweep_wall_s": 142.10083746910095,
  "calibration_floor": {
    "ATP": 0.20083360210385293,
    "G6P": 0.004822233635792958,
    "F6P": 0.022214577087531332,
    "PYR": 0.002227136805382507,
    "CTP": 0.004713612341094129,
    "GTP": 0.011838902412038062,
    "UTP": 0.005854372484449323,
    "NTP_TOTAL": 0.10456259331426981,
    "dATP": 0.06382978723404255,
    "dGTP": 0.07647058823529412,
    "dCTP": 0.0473186119873817,
    "dTTP": 0.032327586206896554,
    "TOTAL_COMPLEXES": 0.26666666666666666,
    "FOLDED_PROTEINS": 0.004334185076171685,
    "UNFOLDED_PROTEINS": 2.0,
    "FOLDED_FRACTION": 0.0010023900384417803,
    "BOUND_PROTEINS": 0.2641509433962264
  },
  "per_pool_thresholds": {
    "ATP": 0.5020840052596323,
    "G6P": 0.03,
    "F6P": 0.05553644271882833,
    "PYR": 0.03,
    "CTP": 0.03,
    "GTP": 0.03,
    "UTP": 0.03,
    "NTP_TOTAL": 0.2614064832856745,
    "dATP": 0.15957446808510636,
    "dGTP": 0.1911764705882353,
    "dCTP": 0.11829652996845424,
    "dTTP": 0.08081896551724138,
    "TOTAL_COMPLEXES": 0.6666666666666666,
    "FOLDED_PROTEINS": 0.03,
    "UNFOLDED_PROTEINS": 5.0,
    "FOLDED_FRACTION": 0.03,
    "BOUND_PROTEINS": 0.660377358490566
  }
}