{
  "config": {
    "reference_panel": false,
    "max_genes": 20,
    "all": false,
    "balanced": true,
    "scale": 0.05,
    "t_end_s": 0.5,
    "dt_s": 0.05,
    "seed": 42,
    "threshold": 0.05,
    "calibrate": 5,
    "safety_factor": 2.5,
    "out_dir": "outputs"
  },
  "n": 20,
  "tp": 1,
  "fp": 0,
  "tn": 10,
  "fn": 9,
  "mcc": 0.22941573387056174,
  "precision": 1.0,
  "recall": 0.1,
  "specificity": 1.0,
  "accuracy": 0.55,
  "calibration_floor": {
    "ATP": 0.06642465278485918,
    "G6P": 0.0011415059725223206,
    "F6P": 0.0036219953901876854,
    "PYR": 0.0006602984549016155,
    "CTP": 0.003314121037463977,
    "GTP": 0.0034337771548703573,
    "UTP": 0.0013837302454300488,
    "NTP_TOTAL": 0.03861516397814415,
    "dATP": 0.05783132530120482,
    "dGTP": 0.07174887892376682,
    "dCTP": 0.046762589928057555,
    "dTTP": 0.017391304347826087
  },
  "per_pool_thresholds": {
    "ATP": 0.16606163196214796,
    "G6P": 0.05,
    "F6P": 0.05,
    "PYR": 0.05,
    "CTP": 0.05,
    "GTP": 0.05,
    "UTP": 0.05,
    "NTP_TOTAL": 0.09653790994536038,
    "dATP": 0.14457831325301204,
    "dGTP": 0.17937219730941703,
    "dCTP": 0.11690647482014388,
    "dTTP": 0.05
  }
}