{
  "config": {
    "reference_panel": false,
    "max_genes": 40,
    "all": false,
    "balanced": true,
    "workers": 12,
    "scale": 0.05,
    "t_end_s": 0.5,
    "dt_s": 0.05,
    "seed": 3,
    "panel_seed": 42,
    "threshold": 0.04,
    "calibrate": 10,
    "safety_factor": 2.5,
    "use_rust": true,
    "detector": "short-window",
    "min_wt_events": 20,
    "ensemble_policy": "per_rule_with_pool_confirm",
    "min_confidence": 0.15,
    "min_pool_dev": 0.02,
    "rule_necessity_only": false,
    "out_dir": "outputs"
  },
  "n": 40,
  "tp": 1,
  "fp": 1,
  "tn": 19,
  "fn": 19,
  "mcc": 0.0,
  "precision": 0.5,
  "recall": 0.05,
  "specificity": 0.95,
  "accuracy": 0.5,
  "sweep_wall_s": 16.82162380218506,
  "calibration_floor": {
    "ATP": 0.005741171674621643,
    "G6P": 0.0006203557605426764,
    "F6P": 0.0034138795540619832,
    "PYR": 0.0011107863197895352,
    "CTP": 0.003903990746096009,
    "GTP": 0.0049575551782682515,
    "UTP": 0.002035179531908708,
    "NTP_TOTAL": 0.0038272513086214433,
    "dATP": 0.05543237250554324,
    "dGTP": 0.09004739336492891,
    "dCTP": 0.04814814814814815,
    "dTTP": 0.017582417582417582,
    "TOTAL_COMPLEXES": 0.2,
    "FOLDED_PROTEINS": 0.005050505050505051,
    "UNFOLDED_PROTEINS": 0.3333333333333333,
    "FOLDED_FRACTION": 0.0004743725602080025,
    "BOUND_PROTEINS": 0.5,
    "TOTAL_EVENTS": 0.019154306261452824
  },
  "per_pool_thresholds": {
    "ATP": 0.04,
    "G6P": 0.04,
    "F6P": 0.04,
    "PYR": 0.04,
    "CTP": 0.04,
    "GTP": 0.04,
    "UTP": 0.04,
    "NTP_TOTAL": 0.04,
    "dATP": 0.1385809312638581,
    "dGTP": 0.22511848341232227,
    "dCTP": 0.12037037037037038,
    "dTTP": 0.04395604395604395,
    "TOTAL_COMPLEXES": 0.5,
    "FOLDED_PROTEINS": 0.04,
    "UNFOLDED_PROTEINS": 0.8333333333333333,
    "FOLDED_FRACTION": 0.04,
    "BOUND_PROTEINS": 1.25,
    "TOTAL_EVENTS": 0.04788576565363206
  }
}