{
  "config": {
    "reference_panel": false,
    "max_genes": 40,
    "all": false,
    "balanced": true,
    "workers": 12,
    "scale": 0.5,
    "t_end_s": 1.0,
    "dt_s": 0.05,
    "seed": 42,
    "panel_seed": 42,
    "threshold": 0.1,
    "calibrate": 10,
    "safety_factor": 2.5,
    "use_rust": true,
    "detector": "ensemble",
    "min_wt_events": 20,
    "ensemble_policy": "per_rule_with_pool_confirm",
    "min_confidence": 0.15,
    "min_pool_dev": 0.05,
    "rule_necessity_only": false,
    "out_dir": "outputs"
  },
  "n": 40,
  "tp": 5,
  "fp": 4,
  "tn": 16,
  "fn": 15,
  "mcc": 0.05986843400892497,
  "precision": 0.5555555555555556,
  "recall": 0.25,
  "specificity": 0.8,
  "accuracy": 0.525,
  "sweep_wall_s": 169.7286398410797,
  "calibration_floor": {
    "ATP": 0.33071363191616954,
    "G6P": 0.004134293249697056,
    "F6P": 0.015573646154624058,
    "PYR": 0.0055562934431310045,
    "CTP": 0.01340033500837521,
    "GTP": 0.027291149169826123,
    "UTP": 0.005834581723566979,
    "NTP_TOTAL": 0.13829968584857413,
    "dATP": 0.059379217273954114,
    "dGTP": 0.10822510822510822,
    "dCTP": 0.06572769953051644,
    "dTTP": 0.046065259117082535,
    "TOTAL_COMPLEXES": 0.3333333333333333,
    "FOLDED_PROTEINS": 0.0045794790652385585,
    "UNFOLDED_PROTEINS": 0.6666666666666666,
    "FOLDED_FRACTION": 0.0009040621243498985,
    "BOUND_PROTEINS": 0.2571428571428571,
    "TOTAL_EVENTS": 0.17819945346249508
  },
  "per_pool_thresholds": {
    "ATP": 0.8267840797904238,
    "G6P": 0.1,
    "F6P": 0.1,
    "PYR": 0.1,
    "CTP": 0.1,
    "GTP": 0.1,
    "UTP": 0.1,
    "NTP_TOTAL": 0.3457492146214353,
    "dATP": 0.14844804318488528,
    "dGTP": 0.27056277056277056,
    "dCTP": 0.1643192488262911,
    "dTTP": 0.11516314779270634,
    "TOTAL_COMPLEXES": 0.8333333333333333,
    "FOLDED_PROTEINS": 0.1,
    "UNFOLDED_PROTEINS": 1.6666666666666665,
    "FOLDED_FRACTION": 0.1,
    "BOUND_PROTEINS": 0.6428571428571428,
    "TOTAL_EVENTS": 0.4454986336562377
  },
  "gene_to_rules_summary": {
    "genes_with_rules": 114,
    "total_rule_pairs": 421,
    "min_rules": 1,
    "avg_rules": 3.69,
    "max_rules": 19
  }
}