{
  "config": {
    "reference_panel": false,
    "max_genes": 20,
    "all": false,
    "balanced": true,
    "workers": 4,
    "scale": 0.1,
    "t_end_s": 1.0,
    "dt_s": 0.05,
    "seed": 42,
    "threshold": 0.03,
    "calibrate": 5,
    "safety_factor": 2.5,
    "out_dir": "outputs"
  },
  "n": 20,
  "tp": 1,
  "fp": 0,
  "tn": 10,
  "fn": 9,
  "mcc": 0.22941573387056174,
  "precision": 1.0,
  "recall": 0.1,
  "specificity": 1.0,
  "accuracy": 0.55,
  "sweep_wall_s": 254.72382736206055,
  "calibration_floor": {
    "ATP": 0.26057729068433794,
    "G6P": 0.003302998739104216,
    "F6P": 0.011233292255190066,
    "PYR": 0.005422141437791709,
    "CTP": 0.010072350688040858,
    "GTP": 0.01203026168919757,
    "UTP": 0.002717990156468082,
    "NTP_TOTAL": 0.12011495912885244,
    "dATP": 0.04275534441805225,
    "dGTP": 0.09814323607427056,
    "dCTP": 0.06402439024390244,
    "dTTP": 0.039832285115303984
  },
  "per_pool_thresholds": {
    "ATP": 0.6514432267108449,
    "G6P": 0.03,
    "F6P": 0.03,
    "PYR": 0.03,
    "CTP": 0.03,
    "GTP": 0.030075654222993922,
    "UTP": 0.03,
    "NTP_TOTAL": 0.3002873978221311,
    "dATP": 0.10688836104513064,
    "dGTP": 0.2453580901856764,
    "dCTP": 0.1600609756097561,
    "dTTP": 0.09958071278825996
  }
}