{
  "config": {
    "reference_panel": false,
    "max_genes": 40,
    "all": false,
    "balanced": true,
    "workers": 12,
    "scale": 0.05,
    "t_end_s": 0.5,
    "dt_s": 0.05,
    "seed": 1,
    "panel_seed": 42,
    "threshold": 0.1,
    "calibrate": 10,
    "safety_factor": 2.5,
    "use_rust": true,
    "detector": "ensemble",
    "min_wt_events": 20,
    "ensemble_policy": "per_rule_with_pool_confirm",
    "min_confidence": 0.15,
    "min_pool_dev": 0.02,
    "rule_necessity_only": false,
    "out_dir": "outputs"
  },
  "n": 40,
  "tp": 5,
  "fp": 3,
  "tn": 17,
  "fn": 15,
  "mcc": 0.125,
  "precision": 0.625,
  "recall": 0.25,
  "specificity": 0.85,
  "accuracy": 0.55,
  "sweep_wall_s": 16.916037797927856,
  "calibration_floor": {
    "ATP": 0.0056277926374866645,
    "G6P": 0.0009500027142934695,
    "F6P": 0.003197177663855355,
    "PYR": 0.000867481216826195,
    "CTP": 0.0036127167630057803,
    "GTP": 0.00516422226812642,
    "UTP": 0.0026166593981683385,
    "NTP_TOTAL": 0.0035089836012829408,
    "dATP": 0.04608294930875576,
    "dGTP": 0.17695473251028807,
    "dCTP": 0.061371841155234655,
    "dTTP": 0.010940919037199124,
    "TOTAL_COMPLEXES": 0.0,
    "FOLDED_PROTEINS": 0.002925921000132996,
    "UNFOLDED_PROTEINS": 0.058823529411764705,
    "FOLDED_FRACTION": 0.0007490863309677708,
    "BOUND_PROTEINS": 0.09090909090909091,
    "TOTAL_EVENTS": 0.0121169409839047
  },
  "per_pool_thresholds": {
    "ATP": 0.1,
    "G6P": 0.1,
    "F6P": 0.1,
    "PYR": 0.1,
    "CTP": 0.1,
    "GTP": 0.1,
    "UTP": 0.1,
    "NTP_TOTAL": 0.1,
    "dATP": 0.1152073732718894,
    "dGTP": 0.44238683127572015,
    "dCTP": 0.15342960288808663,
    "dTTP": 0.1,
    "TOTAL_COMPLEXES": 0.1,
    "FOLDED_PROTEINS": 0.1,
    "UNFOLDED_PROTEINS": 0.14705882352941177,
    "FOLDED_FRACTION": 0.1,
    "BOUND_PROTEINS": 0.2272727272727273,
    "TOTAL_EVENTS": 0.1
  },
  "gene_to_rules_summary": {
    "genes_with_rules": 114,
    "total_rule_pairs": 421,
    "min_rules": 1,
    "avg_rules": 3.69,
    "max_rules": 19
  }
}