organism,locus_tag,true_essential,n_orthologs,ortholog_prior,prediction_at_0.5
ccrescentus,CCNA_00001,0,1,0.0,0
ccrescentus,CCNA_00002,0,0,,0
ccrescentus,CCNA_00003,1,2,0.0,0
ccrescentus,CCNA_00004,1,0,,0
ccrescentus,CCNA_00005,1,1,1.0,1
ccrescentus,CCNA_00006,0,4,0.0,0
ccrescentus,CCNA_00007,1,1,0.0,0
ccrescentus,CCNA_00008,1,3,1.0,1
ccrescentus,CCNA_00009,0,1,0.0,0
ccrescentus,CCNA_00010,1,7,0.7142857142857143,1
ccrescentus,CCNA_00011,0,6,0.6666666666666666,1
ccrescentus,CCNA_00012,0,2,0.0,0
ccrescentus,CCNA_00014,0,2,0.0,0
ccrescentus,CCNA_00015,0,2,0.0,0
ccrescentus,CCNA_00016,0,3,0.0,0
ccrescentus,CCNA_00017,0,0,,0
ccrescentus,CCNA_00018,0,3,0.0,0
ccrescentus,CCNA_00019,0,0,,0
ccrescentus,CCNA_00020,0,0,,0
ccrescentus,CCNA_00021,0,0,,0
ccrescentus,CCNA_00022,0,1,0.0,0
ccrescentus,CCNA_00023,0,0,,0
ccrescentus,CCNA_00024,0,0,,0
ccrescentus,CCNA_00025,0,1,0.0,0
ccrescentus,CCNA_00026,0,0,,0
ccrescentus,CCNA_00027,0,1,0.0,0
ccrescentus,CCNA_00028,0,1,0.0,0
ccrescentus,CCNA_00029,0,1,0.0,0
ccrescentus,CCNA_00030,0,0,,0
ccrescentus,CCNA_00031,0,0,,0
ccrescentus,CCNA_00032,0,0,,0
ccrescentus,CCNA_00033,1,2,0.5,1
ccrescentus,CCNA_00034,1,5,0.6,1
ccrescentus,CCNA_00035,0,4,0.25,0
ccrescentus,CCNA_00037,0,0,,0
ccrescentus,CCNA_00038,0,0,,0
ccrescentus,CCNA_00039,0,0,,0
ccrescentus,CCNA_00040,0,0,,0
ccrescentus,CCNA_00041,1,6,0.8333333333333334,1
ccrescentus,CCNA_00043,1,5,0.8,1
ccrescentus,CCNA_00045,1,6,0.8333333333333334,1
ccrescentus,CCNA_00046,0,0,,0
ccrescentus,CCNA_00047,0,1,0.0,0
ccrescentus,CCNA_00048,1,6,1.0,1
ccrescentus,CCNA_00049,0,0,,0
ccrescentus,CCNA_00050,1,2,0.0,0
ccrescentus,CCNA_00051,0,2,0.0,0
ccrescentus,CCNA_00052,1,3,0.6666666666666666,1
ccrescentus,CCNA_00053,0,0,,0
ccrescentus,CCNA_00054,0,3,0.0,0
ccrescentus,CCNA_00055,0,2,0.0,0
ccrescentus,CCNA_00056,0,3,0.0,0
ccrescentus,CCNA_00057,1,3,0.6666666666666666,1
ccrescentus,CCNA_00058,0,0,,0
ccrescentus,CCNA_00059,0,0,,0
ccrescentus,CCNA_00060,0,0,,0
ccrescentus,CCNA_00061,0,2,0.0,0
ccrescentus,CCNA_00062,1,7,0.8571428571428571,1
ccrescentus,CCNA_00063,1,2,0.5,1
ccrescentus,CCNA_00064,0,0,,0
ccrescentus,CCNA_00065,0,0,,0
ccrescentus,CCNA_00066,0,0,,0
ccrescentus,CCNA_00067,0,2,0.0,0
ccrescentus,CCNA_00068,1,3,0.0,0
ccrescentus,CCNA_00069,1,6,0.8333333333333334,1
ccrescentus,CCNA_00070,1,2,0.5,1
ccrescentus,CCNA_00071,1,0,,0
ccrescentus,CCNA_00072,0,0,,0
ccrescentus,CCNA_00073,0,0,,0
ccrescentus,CCNA_00074,0,2,0.0,0
ccrescentus,CCNA_00075,0,2,0.0,0
ccrescentus,CCNA_00076,0,0,,0
ccrescentus,CCNA_00077,0,2,0.0,0
ccrescentus,CCNA_00078,0,2,0.0,0
ccrescentus,CCNA_00079,0,0,,0
ccrescentus,CCNA_00080,0,0,,0
ccrescentus,CCNA_00081,0,0,,0
ccrescentus,CCNA_00082,1,0,,0
ccrescentus,CCNA_00083,0,2,0.0,0
ccrescentus,CCNA_00084,0,3,0.6666666666666666,1
ccrescentus,CCNA_00085,0,0,,0
ccrescentus,CCNA_00086,0,1,0.0,0
ccrescentus,CCNA_00087,0,0,,0
ccrescentus,CCNA_00088,0,2,0.0,0
ccrescentus,CCNA_00089,0,0,,0
ccrescentus,CCNA_00090,0,3,0.6666666666666666,1
ccrescentus,CCNA_00091,0,0,,0
ccrescentus,CCNA_00092,0,0,,0
ccrescentus,CCNA_00093,0,0,,0
ccrescentus,CCNA_00094,0,0,,0
ccrescentus,CCNA_00095,0,0,,0
ccrescentus,CCNA_00096,0,1,0.0,0
ccrescentus,CCNA_00097,0,0,,0
ccrescentus,CCNA_00098,0,0,,0
ccrescentus,CCNA_00099,0,0,,0
ccrescentus,CCNA_00100,1,3,0.6666666666666666,1
ccrescentus,CCNA_00101,0,2,0.0,0
ccrescentus,CCNA_00102,0,0,,0
ccrescentus,CCNA_00103,0,0,,0
ccrescentus,CCNA_00104,0,2,0.5,1
ccrescentus,CCNA_00105,0,1,0.0,0
ccrescentus,CCNA_00106,1,0,,0
ccrescentus,CCNA_00107,1,1,0.0,0
ccrescentus,CCNA_00108,0,0,,0
ccrescentus,CCNA_00109,0,0,,0
ccrescentus,CCNA_00110,0,0,,0
ccrescentus,CCNA_00111,0,0,,0
ccrescentus,CCNA_00112,0,0,,0
ccrescentus,CCNA_00113,0,0,,0
ccrescentus,CCNA_00114,0,0,,0
ccrescentus,CCNA_00115,0,0,,0
ccrescentus,CCNA_00116,1,3,1.0,1
ccrescentus,CCNA_00117,1,3,1.0,1
ccrescentus,CCNA_00118,0,0,,0
ccrescentus,CCNA_00119,0,1,0.0,0
ccrescentus,CCNA_00120,0,0,,0
ccrescentus,CCNA_00121,0,0,,0
ccrescentus,CCNA_00122,0,0,,0
ccrescentus,CCNA_00123,0,1,0.0,0
ccrescentus,CCNA_00124,0,0,,0
ccrescentus,CCNA_00125,0,0,,0
ccrescentus,CCNA_00126,0,0,,0
ccrescentus,CCNA_00127,0,0,,0
ccrescentus,CCNA_00128,0,1,1.0,1
ccrescentus,CCNA_00129,0,0,,0
ccrescentus,CCNA_00131,0,0,,0
ccrescentus,CCNA_00132,0,2,0.0,0
ccrescentus,CCNA_00133,0,2,0.0,0
ccrescentus,CCNA_00134,0,0,,0
ccrescentus,CCNA_00135,0,0,,0
ccrescentus,CCNA_00136,0,2,0.0,0
ccrescentus,CCNA_00138,0,0,,0
ccrescentus,CCNA_00139,0,3,0.0,0
ccrescentus,CCNA_00141,0,0,,0
ccrescentus,CCNA_00142,0,0,,0
ccrescentus,CCNA_00143,0,4,0.25,0
ccrescentus,CCNA_00144,0,3,0.0,0
ccrescentus,CCNA_00145,0,4,0.0,0
ccrescentus,CCNA_00146,0,1,0.0,0
ccrescentus,CCNA_00147,0,0,,0
ccrescentus,CCNA_00148,0,0,,0
ccrescentus,CCNA_00149,0,0,,0
ccrescentus,CCNA_00150,0,0,,0
ccrescentus,CCNA_00151,0,3,0.3333333333333333,0
ccrescentus,CCNA_00152,0,0,,0
ccrescentus,CCNA_00153,1,3,0.6666666666666666,1
ccrescentus,CCNA_00154,0,1,0.0,0
ccrescentus,CCNA_00155,1,2,1.0,1
ccrescentus,CCNA_00156,0,1,0.0,0
ccrescentus,CCNA_00157,0,0,,0
ccrescentus,CCNA_00158,0,1,0.0,0
ccrescentus,CCNA_00159,1,5,1.0,1
ccrescentus,CCNA_00160,0,0,,0
ccrescentus,CCNA_00162,0,0,,0
ccrescentus,CCNA_00163,0,0,,0
ccrescentus,CCNA_00164,0,0,,0
ccrescentus,CCNA_00165,0,0,,0
ccrescentus,CCNA_00166,0,0,,0
ccrescentus,CCNA_00167,0,0,,0
ccrescentus,CCNA_00168,0,0,,0
ccrescentus,CCNA_00169,0,0,,0
ccrescentus,CCNA_00170,0,0,,0
ccrescentus,CCNA_00171,0,0,,0
ccrescentus,CCNA_00172,0,1,0.0,0
ccrescentus,CCNA_00173,0,2,0.0,0
ccrescentus,CCNA_00174,0,1,0.0,0
ccrescentus,CCNA_00175,0,1,0.0,0
ccrescentus,CCNA_00176,0,0,,0
ccrescentus,CCNA_00177,0,0,,0
ccrescentus,CCNA_00178,0,0,,0
ccrescentus,CCNA_00179,0,0,,0
ccrescentus,CCNA_00180,0,0,,0
ccrescentus,CCNA_00181,0,0,,0
ccrescentus,CCNA_00182,0,0,,0
ccrescentus,CCNA_00183,0,2,0.0,0
ccrescentus,CCNA_00184,0,0,,0
ccrescentus,CCNA_00185,0,1,0.0,0
ccrescentus,CCNA_00186,0,2,0.0,0
ccrescentus,CCNA_00187,0,0,,0
ccrescentus,CCNA_00188,0,1,0.0,0
ccrescentus,CCNA_00189,0,0,,0
ccrescentus,CCNA_00190,0,2,0.0,0
ccrescentus,CCNA_00191,0,0,,0
ccrescentus,CCNA_00192,0,0,,0
ccrescentus,CCNA_00193,0,2,0.5,1
ccrescentus,CCNA_00194,0,0,,0
ccrescentus,CCNA_00195,0,1,0.0,0
ccrescentus,CCNA_00196,0,1,0.0,0
ccrescentus,CCNA_00197,1,5,0.8,1
ccrescentus,CCNA_00199,0,0,,0
ccrescentus,CCNA_00200,0,1,0.0,0
ccrescentus,CCNA_00201,0,2,0.0,0
ccrescentus,CCNA_00202,0,0,,0
ccrescentus,CCNA_00203,0,0,,0
ccrescentus,CCNA_00204,0,2,0.0,0
ccrescentus,CCNA_00205,0,1,0.0,0
ccrescentus,CCNA_00206,0,1,0.0,0
ccrescentus,CCNA_00207,0,1,0.0,0
ccrescentus,CCNA_00208,0,0,,0
ccrescentus,CCNA_00209,0,0,,0
ccrescentus,CCNA_00210,0,0,,0
ccrescentus,CCNA_00211,1,0,,0
ccrescentus,CCNA_00212,1,0,,0
ccrescentus,CCNA_00213,0,0,,0
ccrescentus,CCNA_00214,0,1,0.0,0
ccrescentus,CCNA_00215,0,0,,0
ccrescentus,CCNA_00216,0,0,,0
ccrescentus,CCNA_00218,0,0,,0
ccrescentus,CCNA_00220,0,0,,0
ccrescentus,CCNA_00221,0,0,,0
ccrescentus,CCNA_00222,1,2,0.0,0
ccrescentus,CCNA_00223,0,0,,0
ccrescentus,CCNA_00224,0,0,,0
ccrescentus,CCNA_00225,0,0,,0
ccrescentus,CCNA_00226,0,0,,0
ccrescentus,CCNA_00227,0,2,0.0,0
ccrescentus,CCNA_00228,0,0,,0
ccrescentus,CCNA_00229,0,0,,0
ccrescentus,CCNA_00230,0,3,0.3333333333333333,0
ccrescentus,CCNA_00231,1,3,0.3333333333333333,0
ccrescentus,CCNA_00232,0,0,,0
ccrescentus,CCNA_00233,0,0,,0
ccrescentus,CCNA_00234,0,1,0.0,0
ccrescentus,CCNA_00235,0,0,,0
ccrescentus,CCNA_00236,0,0,,0
ccrescentus,CCNA_00237,0,1,0.0,0
ccrescentus,CCNA_00238,0,2,0.5,1
ccrescentus,CCNA_00239,0,0,,0
ccrescentus,CCNA_00240,0,1,0.0,0
ccrescentus,CCNA_00241,0,3,0.3333333333333333,0
ccrescentus,CCNA_00243,0,0,,0
ccrescentus,CCNA_00244,0,0,,0
ccrescentus,CCNA_00245,0,0,,0
ccrescentus,CCNA_00246,0,2,0.0,0
ccrescentus,CCNA_00247,0,0,,0
ccrescentus,CCNA_00248,0,0,,0
ccrescentus,CCNA_00249,0,0,,0
ccrescentus,CCNA_00250,0,0,,0
ccrescentus,CCNA_00251,0,0,,0
ccrescentus,CCNA_00253,0,2,0.0,0
ccrescentus,CCNA_00254,0,1,0.0,0
ccrescentus,CCNA_00255,0,2,0.0,0
ccrescentus,CCNA_00256,0,0,,0
ccrescentus,CCNA_00257,0,2,0.5,1
ccrescentus,CCNA_00259,0,0,,0
ccrescentus,CCNA_00260,0,0,,0
ccrescentus,CCNA_00261,1,0,,0
ccrescentus,CCNA_00262,0,1,0.0,0
ccrescentus,CCNA_00263,0,0,,0
ccrescentus,CCNA_00264,0,2,0.0,0
ccrescentus,CCNA_00266,0,0,,0
ccrescentus,CCNA_00267,0,1,0.0,0
ccrescentus,CCNA_00268,1,2,1.0,1
ccrescentus,CCNA_00269,0,2,0.5,1
ccrescentus,CCNA_00270,0,3,0.0,0
ccrescentus,CCNA_00271,0,0,,0
ccrescentus,CCNA_00272,0,1,0.0,0
ccrescentus,CCNA_00273,1,3,0.6666666666666666,1
ccrescentus,CCNA_00274,0,0,,0
ccrescentus,CCNA_00275,0,0,,0
ccrescentus,CCNA_00276,0,0,,0
ccrescentus,CCNA_00277,1,1,1.0,1
ccrescentus,CCNA_00278,0,2,0.0,0
ccrescentus,CCNA_00279,0,0,,0
ccrescentus,CCNA_00280,0,2,0.0,0
ccrescentus,CCNA_00281,0,3,0.6666666666666666,1
ccrescentus,CCNA_00282,0,0,,0
ccrescentus,CCNA_00283,1,1,0.0,0
ccrescentus,CCNA_00284,0,0,,0
ccrescentus,CCNA_00285,0,2,0.5,1
ccrescentus,CCNA_00286,0,0,,0
ccrescentus,CCNA_00287,0,0,,0
ccrescentus,CCNA_00288,0,2,0.0,0
ccrescentus,CCNA_00289,0,0,,0
ccrescentus,CCNA_00290,0,0,,0
ccrescentus,CCNA_00291,0,2,0.0,0
ccrescentus,CCNA_00292,0,2,0.0,0
ccrescentus,CCNA_00293,0,2,0.0,0
ccrescentus,CCNA_00294,0,5,0.4,0
ccrescentus,CCNA_00295,1,2,0.0,0
ccrescentus,CCNA_00296,0,4,0.25,0
ccrescentus,CCNA_00297,0,0,,0
ccrescentus,CCNA_00298,0,0,,0
ccrescentus,CCNA_00299,0,3,0.6666666666666666,1
ccrescentus,CCNA_00300,0,0,,0
ccrescentus,CCNA_00301,0,2,0.0,0
ccrescentus,CCNA_00302,0,0,,0
ccrescentus,CCNA_00303,1,1,1.0,1
ccrescentus,CCNA_00304,1,2,0.5,1
ccrescentus,CCNA_00305,0,2,0.0,0
ccrescentus,CCNA_00306,1,0,,0
ccrescentus,CCNA_00307,1,2,0.5,1
ccrescentus,CCNA_00308,1,0,,0
ccrescentus,CCNA_00309,1,0,,0
ccrescentus,CCNA_00310,0,1,1.0,1
ccrescentus,CCNA_00311,0,1,0.0,0
ccrescentus,CCNA_00312,0,1,0.0,0
ccrescentus,CCNA_00313,0,0,,0
ccrescentus,CCNA_00314,0,0,,0
ccrescentus,CCNA_00315,0,0,,0
ccrescentus,CCNA_00316,0,2,0.5,1
ccrescentus,CCNA_00317,1,6,1.0,1
ccrescentus,CCNA_00318,0,0,,0
ccrescentus,CCNA_00319,0,0,,0
ccrescentus,CCNA_00320,1,6,0.8333333333333334,1
ccrescentus,CCNA_00321,1,3,0.6666666666666666,1
ccrescentus,CCNA_00322,0,0,,0
ccrescentus,CCNA_00323,0,2,0.0,0
ccrescentus,CCNA_00326,0,0,,0
ccrescentus,CCNA_00327,0,1,0.0,0
ccrescentus,CCNA_00328,0,2,0.0,0
ccrescentus,CCNA_00329,0,0,,0
ccrescentus,CCNA_00330,0,1,0.0,0
ccrescentus,CCNA_00331,0,1,0.0,0
ccrescentus,CCNA_00332,0,2,0.0,0
ccrescentus,CCNA_00333,0,0,,0
ccrescentus,CCNA_00334,0,0,,0
ccrescentus,CCNA_00335,0,0,,0
ccrescentus,CCNA_00336,0,0,,0
ccrescentus,CCNA_00337,0,0,,0
ccrescentus,CCNA_00338,0,0,,0
ccrescentus,CCNA_00339,0,0,,0
ccrescentus,CCNA_00340,1,4,0.5,1
ccrescentus,CCNA_00341,1,3,0.3333333333333333,0
ccrescentus,CCNA_00342,1,3,0.0,0
ccrescentus,CCNA_00343,1,5,0.2,0
ccrescentus,CCNA_00344,0,0,,0
ccrescentus,CCNA_00345,0,1,0.0,0
ccrescentus,CCNA_00346,1,5,0.4,0
ccrescentus,CCNA_00347,0,0,,0
ccrescentus,CCNA_00348,0,0,,0
ccrescentus,CCNA_00349,0,1,0.0,0
ccrescentus,CCNA_00352,0,1,0.0,0
ccrescentus,CCNA_00353,0,0,,0
ccrescentus,CCNA_00354,1,0,,0
ccrescentus,CCNA_00355,0,0,,0
ccrescentus,CCNA_00356,0,0,,0
ccrescentus,CCNA_00357,0,0,,0
ccrescentus,CCNA_00358,0,1,0.0,0
ccrescentus,CCNA_00359,0,0,,0
ccrescentus,CCNA_00360,0,1,0.0,0
ccrescentus,CCNA_00361,0,0,,0
ccrescentus,CCNA_00362,0,2,0.0,0
ccrescentus,CCNA_00363,0,1,0.0,0
ccrescentus,CCNA_00364,1,0,,0
ccrescentus,CCNA_00365,1,0,,0
ccrescentus,CCNA_00366,0,1,0.0,0
ccrescentus,CCNA_00367,0,0,,0
ccrescentus,CCNA_00368,0,0,,0
ccrescentus,CCNA_00369,0,2,0.0,0
ccrescentus,CCNA_00370,1,0,,0
ccrescentus,CCNA_00371,1,0,,0
ccrescentus,CCNA_00372,1,1,1.0,1
ccrescentus,CCNA_00373,1,0,,0
ccrescentus,CCNA_00374,0,0,,0
ccrescentus,CCNA_00375,0,0,,0
ccrescentus,CCNA_00376,0,2,0.0,0
ccrescentus,CCNA_00377,0,0,,0
ccrescentus,CCNA_00378,0,0,,0
ccrescentus,CCNA_00379,1,0,,0
ccrescentus,CCNA_00380,1,0,,0
ccrescentus,CCNA_00381,0,3,0.0,0
ccrescentus,CCNA_00382,1,1,0.0,0
ccrescentus,CCNA_00383,0,3,0.0,0
ccrescentus,CCNA_00384,0,0,,0
ccrescentus,CCNA_00385,0,0,,0
ccrescentus,CCNA_00386,0,3,0.0,0
ccrescentus,CCNA_00387,0,0,,0
ccrescentus,CCNA_00388,0,0,,0
ccrescentus,CCNA_00389,0,0,,0
ccrescentus,CCNA_00390,1,0,,0
ccrescentus,CCNA_00391,0,0,,0
ccrescentus,CCNA_00392,0,2,0.0,0
ccrescentus,CCNA_00393,0,0,,0
ccrescentus,CCNA_00394,0,0,,0
ccrescentus,CCNA_00395,0,0,,0
ccrescentus,CCNA_00396,0,0,,0
ccrescentus,CCNA_00397,0,1,0.0,0
ccrescentus,CCNA_00398,0,0,,0
ccrescentus,CCNA_00399,0,0,,0
ccrescentus,CCNA_00400,0,0,,0
ccrescentus,CCNA_00401,0,1,0.0,0
ccrescentus,CCNA_00402,0,0,,0
ccrescentus,CCNA_00403,0,1,0.0,0
ccrescentus,CCNA_00404,0,0,,0
ccrescentus,CCNA_00405,0,1,0.0,0
ccrescentus,CCNA_00406,0,0,,0
ccrescentus,CCNA_00407,0,0,,0
ccrescentus,CCNA_00408,0,1,0.0,0
ccrescentus,CCNA_00409,0,0,,0
ccrescentus,CCNA_00410,0,0,,0
ccrescentus,CCNA_00411,0,1,0.0,0
ccrescentus,CCNA_00412,0,3,0.0,0
ccrescentus,CCNA_00413,0,0,,0
ccrescentus,CCNA_00414,0,0,,0
ccrescentus,CCNA_00415,0,0,,0
ccrescentus,CCNA_00416,0,1,0.0,0
ccrescentus,CCNA_00417,0,0,,0
ccrescentus,CCNA_00419,0,1,0.0,0
ccrescentus,CCNA_00420,0,0,,0
ccrescentus,CCNA_00421,1,0,,0
ccrescentus,CCNA_00422,0,0,,0
ccrescentus,CCNA_00423,0,0,,0
ccrescentus,CCNA_00424,0,1,0.0,0
ccrescentus,CCNA_00426,0,0,,0
ccrescentus,CCNA_00427,0,0,,0
ccrescentus,CCNA_00428,0,0,,0
ccrescentus,CCNA_00429,0,0,,0
ccrescentus,CCNA_00430,0,0,,0
ccrescentus,CCNA_00431,0,0,,0
ccrescentus,CCNA_00432,0,1,0.0,0
ccrescentus,CCNA_00433,0,0,,0
ccrescentus,CCNA_00434,0,0,,0
ccrescentus,CCNA_00435,0,1,0.0,0
ccrescentus,CCNA_00436,0,3,0.0,0
ccrescentus,CCNA_00437,0,0,,0
ccrescentus,CCNA_00438,0,0,,0
ccrescentus,CCNA_00439,0,0,,0
ccrescentus,CCNA_00440,0,0,,0
ccrescentus,CCNA_00441,0,1,0.0,0
ccrescentus,CCNA_00442,0,1,0.0,0
ccrescentus,CCNA_00443,0,1,0.0,0
ccrescentus,CCNA_00444,0,1,0.0,0
ccrescentus,CCNA_00445,0,1,0.0,0
ccrescentus,CCNA_00446,0,0,,0
ccrescentus,CCNA_00447,0,0,,0
ccrescentus,CCNA_00448,0,0,,0
ccrescentus,CCNA_00449,0,0,,0
ccrescentus,CCNA_00450,0,0,,0
ccrescentus,CCNA_00451,0,0,,0
ccrescentus,CCNA_00452,0,2,0.0,0
ccrescentus,CCNA_00453,0,0,,0
ccrescentus,CCNA_00454,0,1,0.0,0
ccrescentus,CCNA_00455,0,0,,0
ccrescentus,CCNA_00456,0,0,,0
ccrescentus,CCNA_00457,0,4,0.5,1
ccrescentus,CCNA_00458,0,0,,0
ccrescentus,CCNA_00460,0,0,,0
ccrescentus,CCNA_00464,0,0,,0
ccrescentus,CCNA_00465,1,4,1.0,1
ccrescentus,CCNA_00466,1,0,,0
ccrescentus,CCNA_00467,1,0,,0
ccrescentus,CCNA_00468,0,0,,0
ccrescentus,CCNA_00469,1,0,,0
ccrescentus,CCNA_00470,0,0,,0
ccrescentus,CCNA_00471,0,1,0.0,0
ccrescentus,CCNA_00472,0,2,0.0,0
ccrescentus,CCNA_00473,0,0,,0
ccrescentus,CCNA_00474,0,0,,0
ccrescentus,CCNA_00475,0,0,,0
ccrescentus,CCNA_00476,0,0,,0
ccrescentus,CCNA_00477,0,0,,0
ccrescentus,CCNA_00478,0,0,,0
ccrescentus,CCNA_00479,0,0,,0
ccrescentus,CCNA_00480,0,0,,0
ccrescentus,CCNA_00481,0,0,,0
ccrescentus,CCNA_00482,0,0,,0
ccrescentus,CCNA_00483,0,0,,0
ccrescentus,CCNA_00484,0,0,,0
ccrescentus,CCNA_00485,0,3,0.0,0
ccrescentus,CCNA_00486,0,0,,0
ccrescentus,CCNA_00487,0,0,,0
ccrescentus,CCNA_00488,0,1,0.0,0
ccrescentus,CCNA_00489,0,1,1.0,1
ccrescentus,CCNA_00490,0,1,0.0,0
ccrescentus,CCNA_00491,0,3,1.0,1
ccrescentus,CCNA_00492,1,7,1.0,1
ccrescentus,CCNA_00493,0,0,,0
ccrescentus,CCNA_00494,1,0,,0
ccrescentus,CCNA_00495,0,2,0.0,0
ccrescentus,CCNA_00496,1,5,1.0,1
ccrescentus,CCNA_00497,0,0,,0
ccrescentus,CCNA_00498,0,0,,0
ccrescentus,CCNA_00499,0,0,,0
ccrescentus,CCNA_00500,1,1,0.0,0
ccrescentus,CCNA_00501,1,0,,0
ccrescentus,CCNA_00502,1,1,0.0,0
ccrescentus,CCNA_00503,0,0,,0
ccrescentus,CCNA_00504,0,7,0.0,0
ccrescentus,CCNA_00505,0,0,,0
ccrescentus,CCNA_00506,0,0,,0
ccrescentus,CCNA_00507,0,0,,0
ccrescentus,CCNA_00508,0,0,,0
ccrescentus,CCNA_00509,0,0,,0
ccrescentus,CCNA_00510,0,0,,0
ccrescentus,CCNA_00511,0,0,,0
ccrescentus,CCNA_00512,0,5,0.2,0
ccrescentus,CCNA_00514,0,1,0.0,0
ccrescentus,CCNA_00515,0,2,0.5,1
ccrescentus,CCNA_00516,0,0,,0
ccrescentus,CCNA_00517,1,5,0.8,1
ccrescentus,CCNA_00518,0,0,,0
ccrescentus,CCNA_00519,0,0,,0
ccrescentus,CCNA_00520,1,6,1.0,1
ccrescentus,CCNA_00521,0,0,,0
ccrescentus,CCNA_00522,0,0,,0
ccrescentus,CCNA_00523,0,2,0.0,0
ccrescentus,CCNA_00524,1,0,,0
ccrescentus,CCNA_00525,1,1,1.0,1
ccrescentus,CCNA_00526,0,0,,0
ccrescentus,CCNA_00527,0,0,,0
ccrescentus,CCNA_00528,0,2,0.5,1
ccrescentus,CCNA_00529,0,0,,0
ccrescentus,CCNA_00530,1,3,1.0,1
ccrescentus,CCNA_00531,1,3,1.0,1
ccrescentus,CCNA_00532,0,0,,0
ccrescentus,CCNA_00533,0,0,,0
ccrescentus,CCNA_00534,0,0,,0
ccrescentus,CCNA_00535,0,0,,0
ccrescentus,CCNA_00536,1,7,1.0,1
ccrescentus,CCNA_00537,1,7,0.8571428571428571,1
ccrescentus,CCNA_00538,0,0,,0
ccrescentus,CCNA_00539,0,0,,0
ccrescentus,CCNA_00540,0,1,0.0,0
ccrescentus,CCNA_00541,0,0,,0
ccrescentus,CCNA_00542,0,0,,0
ccrescentus,CCNA_00543,0,0,,0
ccrescentus,CCNA_00544,0,3,0.3333333333333333,0
ccrescentus,CCNA_00545,0,1,0.0,0
ccrescentus,CCNA_00546,1,0,,0
ccrescentus,CCNA_00547,0,0,,0
ccrescentus,CCNA_00548,0,0,,0
ccrescentus,CCNA_00549,0,0,,0
ccrescentus,CCNA_00550,0,0,,0
ccrescentus,CCNA_00551,0,0,,0
ccrescentus,CCNA_00552,0,0,,0
ccrescentus,CCNA_00553,0,3,0.0,0
ccrescentus,CCNA_00554,0,0,,0
ccrescentus,CCNA_00555,0,0,,0
ccrescentus,CCNA_00556,0,0,,0
ccrescentus,CCNA_00557,0,0,,0
ccrescentus,CCNA_00558,0,0,,0
ccrescentus,CCNA_00559,0,2,1.0,1
ccrescentus,CCNA_00560,0,1,0.0,0
ccrescentus,CCNA_00561,0,0,,0
ccrescentus,CCNA_00562,0,2,0.5,1
ccrescentus,CCNA_00563,0,0,,0
ccrescentus,CCNA_00564,1,0,,0
ccrescentus,CCNA_00565,0,2,0.0,0
ccrescentus,CCNA_00566,0,0,,0
ccrescentus,CCNA_00567,0,1,0.0,0
ccrescentus,CCNA_00568,0,0,,0
ccrescentus,CCNA_00569,0,0,,0
ccrescentus,CCNA_00570,0,0,,0
ccrescentus,CCNA_00571,0,0,,0
ccrescentus,CCNA_00572,0,1,0.0,0
ccrescentus,CCNA_00573,0,0,,0
ccrescentus,CCNA_00574,0,0,,0
ccrescentus,CCNA_00575,0,0,,0
ccrescentus,CCNA_00576,0,0,,0
ccrescentus,CCNA_00578,0,0,,0
ccrescentus,CCNA_00579,0,0,,0
ccrescentus,CCNA_00580,0,0,,0
ccrescentus,CCNA_00582,0,0,,0
ccrescentus,CCNA_00583,0,0,,0
ccrescentus,CCNA_00585,0,0,,0
ccrescentus,CCNA_00586,0,0,,0
ccrescentus,CCNA_00587,0,0,,0
ccrescentus,CCNA_00588,0,0,,0
ccrescentus,CCNA_00589,0,0,,0
ccrescentus,CCNA_00590,0,0,,0
ccrescentus,CCNA_00591,0,0,,0
ccrescentus,CCNA_00592,0,0,,0
ccrescentus,CCNA_00593,0,0,,0
ccrescentus,CCNA_00594,0,0,,0
ccrescentus,CCNA_00595,0,0,,0
ccrescentus,CCNA_00596,0,0,,0
ccrescentus,CCNA_00597,0,0,,0
ccrescentus,CCNA_00598,0,0,,0
ccrescentus,CCNA_00600,0,0,,0
ccrescentus,CCNA_00601,0,2,0.0,0
ccrescentus,CCNA_00602,0,1,0.0,0
ccrescentus,CCNA_00603,0,0,,0
ccrescentus,CCNA_00604,0,0,,0
ccrescentus,CCNA_00605,0,0,,0
ccrescentus,CCNA_00607,0,0,,0
ccrescentus,CCNA_00608,0,0,,0
ccrescentus,CCNA_00609,0,0,,0
ccrescentus,CCNA_00610,0,0,,0
ccrescentus,CCNA_00611,0,0,,0
ccrescentus,CCNA_00612,0,0,,0
ccrescentus,CCNA_00613,0,0,,0
ccrescentus,CCNA_00614,0,1,0.0,0
ccrescentus,CCNA_00615,0,0,,0
ccrescentus,CCNA_00616,0,0,,0
ccrescentus,CCNA_00617,0,1,0.0,0
ccrescentus,CCNA_00618,0,2,0.0,0
ccrescentus,CCNA_00619,0,0,,0
ccrescentus,CCNA_00620,0,2,0.5,1
ccrescentus,CCNA_00621,0,0,,0
ccrescentus,CCNA_00622,0,0,,0
ccrescentus,CCNA_00623,0,0,,0
ccrescentus,CCNA_00624,0,0,,0
ccrescentus,CCNA_00625,0,0,,0
ccrescentus,CCNA_00626,0,0,,0
ccrescentus,CCNA_00627,0,0,,0
ccrescentus,CCNA_00628,0,1,0.0,0
ccrescentus,CCNA_00629,0,0,,0
ccrescentus,CCNA_00630,0,0,,0
ccrescentus,CCNA_00631,0,0,,0
ccrescentus,CCNA_00632,0,0,,0
ccrescentus,CCNA_00633,0,0,,0
ccrescentus,CCNA_00634,0,0,,0
ccrescentus,CCNA_00635,0,0,,0
ccrescentus,CCNA_00636,0,0,,0
ccrescentus,CCNA_00637,0,0,,0
ccrescentus,CCNA_00638,0,0,,0
ccrescentus,CCNA_00639,0,0,,0
ccrescentus,CCNA_00640,0,0,,0
ccrescentus,CCNA_00641,0,0,,0
ccrescentus,CCNA_00642,0,0,,0
ccrescentus,CCNA_00643,0,0,,0
ccrescentus,CCNA_00644,0,0,,0
ccrescentus,CCNA_00645,0,0,,0
ccrescentus,CCNA_00646,0,0,,0
ccrescentus,CCNA_00647,0,0,,0
ccrescentus,CCNA_00648,0,1,0.0,0
ccrescentus,CCNA_00649,0,1,0.0,0
ccrescentus,CCNA_00650,0,1,0.0,0
ccrescentus,CCNA_00651,0,3,0.0,0
ccrescentus,CCNA_00652,0,0,,0
ccrescentus,CCNA_00653,0,1,0.0,0
ccrescentus,CCNA_00654,0,0,,0
ccrescentus,CCNA_00655,0,0,,0
ccrescentus,CCNA_00656,0,1,0.0,0
ccrescentus,CCNA_00657,0,0,,0
ccrescentus,CCNA_00658,0,0,,0
ccrescentus,CCNA_00659,0,1,0.0,0
ccrescentus,CCNA_00660,0,0,,0
ccrescentus,CCNA_00661,0,0,,0
ccrescentus,CCNA_00662,0,0,,0
ccrescentus,CCNA_00663,0,0,,0
ccrescentus,CCNA_00664,0,2,0.0,0
ccrescentus,CCNA_00665,0,0,,0
ccrescentus,CCNA_00666,0,0,,0
ccrescentus,CCNA_00667,0,0,,0
ccrescentus,CCNA_00668,0,0,,0
ccrescentus,CCNA_00669,0,0,,0
ccrescentus,CCNA_00670,0,2,1.0,1
ccrescentus,CCNA_00671,0,1,1.0,1
ccrescentus,CCNA_00672,0,0,,0
ccrescentus,CCNA_00673,0,1,0.0,0
ccrescentus,CCNA_00674,0,1,0.0,0
ccrescentus,CCNA_00675,0,1,0.0,0
ccrescentus,CCNA_00676,0,0,,0
ccrescentus,CCNA_00677,0,7,0.8571428571428571,1
ccrescentus,CCNA_00678,1,6,0.8333333333333334,1
ccrescentus,CCNA_00679,0,0,,0
ccrescentus,CCNA_00680,0,0,,0
ccrescentus,CCNA_00681,0,1,0.0,0
ccrescentus,CCNA_00682,0,2,0.0,0
ccrescentus,CCNA_00683,0,0,,0
ccrescentus,CCNA_00684,1,0,,0
ccrescentus,CCNA_00685,0,1,0.0,0
ccrescentus,CCNA_00686,0,0,,0
ccrescentus,CCNA_00687,0,0,,0
ccrescentus,CCNA_00688,0,0,,0
ccrescentus,CCNA_00689,0,0,,0
ccrescentus,CCNA_00690,1,0,,0
ccrescentus,CCNA_00691,1,2,1.0,1
ccrescentus,CCNA_00692,0,0,,0
ccrescentus,CCNA_00693,0,1,0.0,0
ccrescentus,CCNA_00694,0,0,,0
ccrescentus,CCNA_00695,0,1,0.0,0
ccrescentus,CCNA_00696,0,0,,0
ccrescentus,CCNA_00698,0,0,,0
ccrescentus,CCNA_00699,1,1,1.0,1
ccrescentus,CCNA_00700,0,0,,0
ccrescentus,CCNA_00701,0,1,0.0,0
ccrescentus,CCNA_00703,0,0,,0
ccrescentus,CCNA_00704,0,0,,0
ccrescentus,CCNA_00705,0,0,,0
ccrescentus,CCNA_00706,0,0,,0
ccrescentus,CCNA_00707,0,0,,0
ccrescentus,CCNA_00709,0,0,,0
ccrescentus,CCNA_00710,0,0,,0
ccrescentus,CCNA_00711,0,0,,0
ccrescentus,CCNA_00712,0,0,,0
ccrescentus,CCNA_00714,0,0,,0
ccrescentus,CCNA_00716,0,0,,0
ccrescentus,CCNA_00718,0,0,,0
ccrescentus,CCNA_00719,0,0,,0
ccrescentus,CCNA_00720,0,0,,0
ccrescentus,CCNA_00721,1,4,1.0,1
ccrescentus,CCNA_00722,1,2,1.0,1
ccrescentus,CCNA_00723,0,0,,0
ccrescentus,CCNA_00724,0,0,,0
ccrescentus,CCNA_00725,0,3,0.0,0
ccrescentus,CCNA_00726,0,2,0.0,0
ccrescentus,CCNA_00727,0,0,,0
ccrescentus,CCNA_00728,0,0,,0
ccrescentus,CCNA_00729,0,0,,0
ccrescentus,CCNA_00730,0,0,,0
ccrescentus,CCNA_00731,0,2,0.0,0
ccrescentus,CCNA_00732,0,0,,0
ccrescentus,CCNA_00733,0,0,,0
ccrescentus,CCNA_00734,0,0,,0
ccrescentus,CCNA_00735,1,0,,0
ccrescentus,CCNA_00736,1,2,0.5,1
ccrescentus,CCNA_00737,1,6,1.0,1
ccrescentus,CCNA_00738,0,1,0.0,0
ccrescentus,CCNA_00740,1,3,1.0,1
ccrescentus,CCNA_00741,0,0,,0
ccrescentus,CCNA_00742,0,0,,0
ccrescentus,CCNA_00743,0,0,,0
ccrescentus,CCNA_00744,0,0,,0
ccrescentus,CCNA_00745,0,1,0.0,0
ccrescentus,CCNA_00746,0,0,,0
ccrescentus,CCNA_00747,0,0,,0
ccrescentus,CCNA_00748,1,1,0.0,0
ccrescentus,CCNA_00749,1,2,0.0,0
ccrescentus,CCNA_00750,0,0,,0
ccrescentus,CCNA_00751,0,1,0.0,0
ccrescentus,CCNA_00752,0,2,0.0,0
ccrescentus,CCNA_00753,0,2,0.0,0
ccrescentus,CCNA_00754,0,1,0.0,0
ccrescentus,CCNA_00755,0,0,,0
ccrescentus,CCNA_00756,0,0,,0
ccrescentus,CCNA_00757,0,5,0.8,1
ccrescentus,CCNA_00758,1,3,0.6666666666666666,1
ccrescentus,CCNA_00759,0,0,,0
ccrescentus,CCNA_00760,0,0,,0
ccrescentus,CCNA_00761,1,0,,0
ccrescentus,CCNA_00762,0,0,,0
ccrescentus,CCNA_00763,1,2,1.0,1
ccrescentus,CCNA_00764,1,0,,0
ccrescentus,CCNA_00765,0,0,,0
ccrescentus,CCNA_00766,0,3,0.0,0
ccrescentus,CCNA_00767,0,0,,0
ccrescentus,CCNA_00768,0,0,,0
ccrescentus,CCNA_00769,0,1,0.0,0
ccrescentus,CCNA_00770,0,0,,0
ccrescentus,CCNA_00772,0,0,,0
ccrescentus,CCNA_00773,0,0,,0
ccrescentus,CCNA_00774,0,0,,0
ccrescentus,CCNA_00775,0,3,0.0,0
ccrescentus,CCNA_00776,0,0,,0
ccrescentus,CCNA_00777,0,1,0.0,0
ccrescentus,CCNA_00778,0,3,0.0,0
ccrescentus,CCNA_00779,0,0,,0
ccrescentus,CCNA_00780,0,0,,0
ccrescentus,CCNA_00781,0,0,,0
ccrescentus,CCNA_00782,0,0,,0
ccrescentus,CCNA_00783,0,0,,0
ccrescentus,CCNA_00784,0,0,,0
ccrescentus,CCNA_00785,0,1,0.0,0
ccrescentus,CCNA_00787,0,1,0.0,0
ccrescentus,CCNA_00788,0,0,,0
ccrescentus,CCNA_00789,0,0,,0
ccrescentus,CCNA_00790,0,0,,0
ccrescentus,CCNA_00792,0,1,0.0,0
ccrescentus,CCNA_00793,0,0,,0
ccrescentus,CCNA_00794,0,0,,0
ccrescentus,CCNA_00795,0,1,0.0,0
ccrescentus,CCNA_00796,0,0,,0
ccrescentus,CCNA_00798,0,1,0.0,0
ccrescentus,CCNA_00799,0,1,0.0,0
ccrescentus,CCNA_00800,0,3,0.3333333333333333,0
ccrescentus,CCNA_00801,0,3,0.0,0
ccrescentus,CCNA_00802,0,0,,0
ccrescentus,CCNA_00803,0,0,,0
ccrescentus,CCNA_00804,0,0,,0
ccrescentus,CCNA_00805,1,4,1.0,1
ccrescentus,CCNA_00806,1,1,0.0,0
ccrescentus,CCNA_00807,1,0,,0
ccrescentus,CCNA_00808,1,5,1.0,1
ccrescentus,CCNA_00809,0,1,0.0,0
ccrescentus,CCNA_00810,0,2,0.0,0
ccrescentus,CCNA_00811,0,0,,0
ccrescentus,CCNA_00812,0,0,,0
ccrescentus,CCNA_00813,0,0,,0
ccrescentus,CCNA_00814,0,0,,0
ccrescentus,CCNA_00815,0,1,0.0,0
ccrescentus,CCNA_00816,0,0,,0
ccrescentus,CCNA_00817,0,0,,0
ccrescentus,CCNA_00818,0,0,,0
ccrescentus,CCNA_00820,0,2,0.0,0
ccrescentus,CCNA_00821,0,0,,0
ccrescentus,CCNA_00822,0,0,,0
ccrescentus,CCNA_00823,0,0,,0
ccrescentus,CCNA_00824,0,1,0.0,0
ccrescentus,CCNA_00825,0,0,,0
ccrescentus,CCNA_00826,0,1,0.0,0
ccrescentus,CCNA_00827,0,0,,0
ccrescentus,CCNA_00828,0,0,,0
ccrescentus,CCNA_00830,0,0,,0
ccrescentus,CCNA_00831,0,0,,0
ccrescentus,CCNA_00832,0,0,,0
ccrescentus,CCNA_00833,0,1,0.0,0
ccrescentus,CCNA_00834,0,0,,0
ccrescentus,CCNA_00835,0,0,,0
ccrescentus,CCNA_00836,0,0,,0
ccrescentus,CCNA_00837,0,0,,0
ccrescentus,CCNA_00838,0,0,,0
ccrescentus,CCNA_00839,0,0,,0
ccrescentus,CCNA_00840,0,0,,0
ccrescentus,CCNA_00841,0,1,0.0,0
ccrescentus,CCNA_00842,0,0,,0
ccrescentus,CCNA_00843,0,0,,0
ccrescentus,CCNA_00844,0,0,,0
ccrescentus,CCNA_00846,0,2,0.0,0
ccrescentus,CCNA_00847,0,2,0.0,0
ccrescentus,CCNA_00848,0,0,,0
ccrescentus,CCNA_00849,0,1,0.0,0
ccrescentus,CCNA_00850,0,2,0.0,0
ccrescentus,CCNA_00851,0,1,0.0,0
ccrescentus,CCNA_00852,0,0,,0
ccrescentus,CCNA_00853,0,0,,0
ccrescentus,CCNA_00854,0,0,,0
ccrescentus,CCNA_00855,0,0,,0
ccrescentus,CCNA_00856,0,0,,0
ccrescentus,CCNA_00857,0,0,,0
ccrescentus,CCNA_00858,0,0,,0
ccrescentus,CCNA_00859,0,0,,0
ccrescentus,CCNA_00861,0,0,,0
ccrescentus,CCNA_00863,0,0,,0
ccrescentus,CCNA_00864,0,0,,0
ccrescentus,CCNA_00865,0,0,,0
ccrescentus,CCNA_00866,0,0,,0
ccrescentus,CCNA_00867,0,0,,0
ccrescentus,CCNA_00869,0,0,,0
ccrescentus,CCNA_00870,0,0,,0
ccrescentus,CCNA_00871,0,3,0.0,0
ccrescentus,CCNA_00872,0,2,0.0,0
ccrescentus,CCNA_00873,0,0,,0
ccrescentus,CCNA_00874,1,0,,0
ccrescentus,CCNA_00875,0,0,,0
ccrescentus,CCNA_00876,0,2,0.5,1
ccrescentus,CCNA_00877,0,0,,0
ccrescentus,CCNA_00879,0,0,,0
ccrescentus,CCNA_00880,0,0,,0
ccrescentus,CCNA_00881,0,0,,0
ccrescentus,CCNA_00882,0,0,,0
ccrescentus,CCNA_00883,1,1,1.0,1
ccrescentus,CCNA_00884,0,0,,0
ccrescentus,CCNA_00885,0,0,,0
ccrescentus,CCNA_00886,1,1,1.0,1
ccrescentus,CCNA_00887,0,0,,0
ccrescentus,CCNA_00888,0,0,,0
ccrescentus,CCNA_00889,0,0,,0
ccrescentus,CCNA_00890,0,1,0.0,0
ccrescentus,CCNA_00891,0,1,0.0,0
ccrescentus,CCNA_00893,1,0,,0
ccrescentus,CCNA_00894,1,3,1.0,1
ccrescentus,CCNA_00895,0,0,,0
ccrescentus,CCNA_00897,0,0,,0
ccrescentus,CCNA_00898,0,0,,0
ccrescentus,CCNA_00899,1,7,1.0,1
ccrescentus,CCNA_00900,0,1,0.0,0
ccrescentus,CCNA_00901,0,0,,0
ccrescentus,CCNA_00902,0,1,0.0,0
ccrescentus,CCNA_00903,0,3,0.3333333333333333,0
ccrescentus,CCNA_00904,0,1,0.0,0
ccrescentus,CCNA_00905,0,0,,0
ccrescentus,CCNA_00906,0,0,,0
ccrescentus,CCNA_00907,0,0,,0
ccrescentus,CCNA_00908,0,0,,0
ccrescentus,CCNA_00909,0,0,,0
ccrescentus,CCNA_00910,0,0,,0
ccrescentus,CCNA_00911,0,0,,0
ccrescentus,CCNA_00912,0,0,,0
ccrescentus,CCNA_00913,0,0,,0
ccrescentus,CCNA_00914,0,0,,0
ccrescentus,CCNA_00915,0,0,,0
ccrescentus,CCNA_00916,0,0,,0
ccrescentus,CCNA_00917,0,1,0.0,0
ccrescentus,CCNA_00918,0,2,0.0,0
ccrescentus,CCNA_00921,0,1,0.0,0
ccrescentus,CCNA_00922,0,5,0.4,0
ccrescentus,CCNA_00923,0,0,,0
ccrescentus,CCNA_00924,0,0,,0
ccrescentus,CCNA_00925,0,0,,0
ccrescentus,CCNA_00926,0,0,,0
ccrescentus,CCNA_00927,0,0,,0
ccrescentus,CCNA_00928,0,0,,0
ccrescentus,CCNA_00929,0,2,1.0,1
ccrescentus,CCNA_00930,0,2,0.5,1
ccrescentus,CCNA_00931,0,2,0.5,1
ccrescentus,CCNA_00932,0,3,1.0,1
ccrescentus,CCNA_00933,0,0,,0
ccrescentus,CCNA_00934,0,0,,0
ccrescentus,CCNA_00935,0,0,,0
ccrescentus,CCNA_00936,0,0,,0
ccrescentus,CCNA_00937,0,0,,0
ccrescentus,CCNA_00938,0,1,0.0,0
ccrescentus,CCNA_00939,0,0,,0
ccrescentus,CCNA_00940,0,0,,0
ccrescentus,CCNA_00941,1,5,0.6,1
ccrescentus,CCNA_00942,0,0,,0
ccrescentus,CCNA_00943,0,0,,0
ccrescentus,CCNA_00945,0,0,,0
ccrescentus,CCNA_00946,0,1,0.0,0
ccrescentus,CCNA_00947,0,0,,0
ccrescentus,CCNA_00948,1,0,,0
ccrescentus,CCNA_00949,0,0,,0
ccrescentus,CCNA_00950,0,0,,0
ccrescentus,CCNA_00951,0,1,0.0,0
ccrescentus,CCNA_00952,0,0,,0
ccrescentus,CCNA_00953,0,0,,0
ccrescentus,CCNA_00954,0,2,0.0,0
ccrescentus,CCNA_00956,0,1,0.0,0
ccrescentus,CCNA_00957,0,0,,0
ccrescentus,CCNA_00958,0,0,,0
ccrescentus,CCNA_00959,0,0,,0
ccrescentus,CCNA_00961,0,0,,0
ccrescentus,CCNA_00962,0,1,0.0,0
ccrescentus,CCNA_00963,0,3,0.3333333333333333,0
ccrescentus,CCNA_00964,0,0,,0
ccrescentus,CCNA_00965,0,0,,0
ccrescentus,CCNA_00966,1,2,0.0,0
ccrescentus,CCNA_00967,0,0,,0
ccrescentus,CCNA_00968,0,1,0.0,0
ccrescentus,CCNA_00969,0,0,,0
ccrescentus,CCNA_00970,0,1,0.0,0
ccrescentus,CCNA_00971,0,1,0.0,0
ccrescentus,CCNA_00972,0,0,,0
ccrescentus,CCNA_00973,0,1,0.0,0
ccrescentus,CCNA_00974,0,0,,0
ccrescentus,CCNA_00976,1,2,0.0,0
ccrescentus,CCNA_00977,0,0,,0
ccrescentus,CCNA_00978,0,0,,0
ccrescentus,CCNA_00979,0,0,,0
ccrescentus,CCNA_00980,0,0,,0
ccrescentus,CCNA_00981,0,0,,0
ccrescentus,CCNA_00982,0,0,,0
ccrescentus,CCNA_00983,0,1,0.0,0
ccrescentus,CCNA_00984,0,2,0.0,0
ccrescentus,CCNA_00985,0,1,0.0,0
ccrescentus,CCNA_00986,0,0,,0
ccrescentus,CCNA_00987,0,0,,0
ccrescentus,CCNA_00988,0,0,,0
ccrescentus,CCNA_00989,0,0,,0
ccrescentus,CCNA_00990,0,1,0.0,0
ccrescentus,CCNA_00991,0,1,0.0,0
ccrescentus,CCNA_00992,0,0,,0
ccrescentus,CCNA_00993,0,2,0.0,0
ccrescentus,CCNA_00994,0,1,0.0,0
ccrescentus,CCNA_00995,0,0,,0
ccrescentus,CCNA_00996,0,0,,0
ccrescentus,CCNA_00997,0,0,,0
ccrescentus,CCNA_00998,0,0,,0
ccrescentus,CCNA_00999,0,0,,0
ccrescentus,CCNA_01000,0,0,,0
ccrescentus,CCNA_01001,1,3,0.0,0
ccrescentus,CCNA_01002,0,1,0.0,0
ccrescentus,CCNA_01004,0,0,,0
ccrescentus,CCNA_01005,0,1,0.0,0
ccrescentus,CCNA_01006,0,0,,0
ccrescentus,CCNA_01007,0,0,,0
ccrescentus,CCNA_01008,0,0,,0
ccrescentus,CCNA_01009,0,0,,0
ccrescentus,CCNA_01010,0,2,0.0,0
ccrescentus,CCNA_01011,0,1,0.0,0
ccrescentus,CCNA_01012,0,0,,0
ccrescentus,CCNA_01013,0,1,0.0,0
ccrescentus,CCNA_01014,0,2,0.0,0
ccrescentus,CCNA_01015,0,2,0.0,0
ccrescentus,CCNA_01016,0,1,0.0,0
ccrescentus,CCNA_01017,0,2,0.0,0
ccrescentus,CCNA_01018,0,0,,0
ccrescentus,CCNA_01019,0,0,,0
ccrescentus,CCNA_01020,0,0,,0
ccrescentus,CCNA_01021,0,0,,0
ccrescentus,CCNA_01022,0,0,,0
ccrescentus,CCNA_01023,0,0,,0
ccrescentus,CCNA_01024,0,0,,0
ccrescentus,CCNA_01025,0,0,,0
ccrescentus,CCNA_01026,0,0,,0
ccrescentus,CCNA_01027,0,0,,0
ccrescentus,CCNA_01028,0,4,0.5,1
ccrescentus,CCNA_01029,0,0,,0
ccrescentus,CCNA_01030,0,1,0.0,0
ccrescentus,CCNA_01031,0,3,0.0,0
ccrescentus,CCNA_01032,0,0,,0
ccrescentus,CCNA_01033,0,0,,0
ccrescentus,CCNA_01034,0,0,,0
ccrescentus,CCNA_01035,0,1,0.0,0
ccrescentus,CCNA_01036,0,0,,0
ccrescentus,CCNA_01037,0,2,0.0,0
ccrescentus,CCNA_01038,0,0,,0
ccrescentus,CCNA_01039,0,0,,0
ccrescentus,CCNA_01040,0,0,,0
ccrescentus,CCNA_01041,0,0,,0
ccrescentus,CCNA_01042,0,0,,0
ccrescentus,CCNA_01043,0,0,,0
ccrescentus,CCNA_01044,0,0,,0
ccrescentus,CCNA_01045,0,0,,0
ccrescentus,CCNA_01046,0,5,0.0,0
ccrescentus,CCNA_01047,0,0,,0
ccrescentus,CCNA_01048,0,0,,0
ccrescentus,CCNA_01049,0,0,,0
ccrescentus,CCNA_01050,0,1,0.0,0
ccrescentus,CCNA_01051,0,0,,0
ccrescentus,CCNA_01052,0,0,,0
ccrescentus,CCNA_01053,0,0,,0
ccrescentus,CCNA_01054,0,0,,0
ccrescentus,CCNA_01055,0,0,,0
ccrescentus,CCNA_01056,0,0,,0
ccrescentus,CCNA_01057,0,0,,0
ccrescentus,CCNA_01058,0,0,,0
ccrescentus,CCNA_01059,0,0,,0
ccrescentus,CCNA_01061,0,0,,0
ccrescentus,CCNA_01062,0,0,,0
ccrescentus,CCNA_01063,0,0,,0
ccrescentus,CCNA_01064,0,2,0.0,0
ccrescentus,CCNA_01065,0,0,,0
ccrescentus,CCNA_01066,0,0,,0
ccrescentus,CCNA_01067,0,0,,0
ccrescentus,CCNA_01068,0,0,,0
ccrescentus,CCNA_01069,0,0,,0
ccrescentus,CCNA_01070,0,0,,0
ccrescentus,CCNA_01071,0,3,0.0,0
ccrescentus,CCNA_01072,0,0,,0
ccrescentus,CCNA_01073,0,0,,0
ccrescentus,CCNA_01074,0,0,,0
ccrescentus,CCNA_01075,0,0,,0
ccrescentus,CCNA_01076,0,0,,0
ccrescentus,CCNA_01077,0,0,,0
ccrescentus,CCNA_01078,0,0,,0
ccrescentus,CCNA_01079,0,0,,0
ccrescentus,CCNA_01080,0,0,,0
ccrescentus,CCNA_01081,0,0,,0
ccrescentus,CCNA_01082,0,0,,0
ccrescentus,CCNA_01083,0,0,,0
ccrescentus,CCNA_01084,0,0,,0
ccrescentus,CCNA_01085,0,0,,0
ccrescentus,CCNA_01086,0,5,0.4,0
ccrescentus,CCNA_01087,0,0,,0
ccrescentus,CCNA_01088,0,1,0.0,0
ccrescentus,CCNA_01089,0,0,,0
ccrescentus,CCNA_01090,0,0,,0
ccrescentus,CCNA_01091,0,0,,0
ccrescentus,CCNA_01092,0,0,,0
ccrescentus,CCNA_01093,0,0,,0
ccrescentus,CCNA_01094,0,0,,0
ccrescentus,CCNA_01095,1,4,1.0,1
ccrescentus,CCNA_01096,1,7,1.0,1
ccrescentus,CCNA_01097,1,5,1.0,1
ccrescentus,CCNA_01098,1,0,,0
ccrescentus,CCNA_01099,0,0,,0
ccrescentus,CCNA_01100,0,0,,0
ccrescentus,CCNA_01101,1,7,1.0,1
ccrescentus,CCNA_01102,0,1,0.0,0
ccrescentus,CCNA_01103,1,0,,0
ccrescentus,CCNA_01104,1,0,,0
ccrescentus,CCNA_01105,0,0,,0
ccrescentus,CCNA_01106,0,0,,0
ccrescentus,CCNA_01107,0,0,,0
ccrescentus,CCNA_01108,0,0,,0
ccrescentus,CCNA_01109,0,0,,0
ccrescentus,CCNA_01110,0,1,0.0,0
ccrescentus,CCNA_01111,0,0,,0
ccrescentus,CCNA_01112,0,0,,0
ccrescentus,CCNA_01113,0,1,0.0,0
ccrescentus,CCNA_01114,1,1,0.0,0
ccrescentus,CCNA_01115,0,0,,0
ccrescentus,CCNA_01116,1,0,,0
ccrescentus,CCNA_01117,0,0,,0
ccrescentus,CCNA_01118,1,0,,0
ccrescentus,CCNA_01119,0,0,,0
ccrescentus,CCNA_01120,0,0,,0
ccrescentus,CCNA_01121,0,0,,0
ccrescentus,CCNA_01122,0,0,,0
ccrescentus,CCNA_01123,0,2,0.0,0
ccrescentus,CCNA_01124,0,0,,0
ccrescentus,CCNA_01125,0,0,,0
ccrescentus,CCNA_01128,0,0,,0
ccrescentus,CCNA_01129,0,1,0.0,0
ccrescentus,CCNA_01130,0,0,,0
ccrescentus,CCNA_01131,0,1,0.0,0
ccrescentus,CCNA_01132,1,0,,0
ccrescentus,CCNA_01133,0,0,,0
ccrescentus,CCNA_01134,0,0,,0
ccrescentus,CCNA_01135,0,0,,0
ccrescentus,CCNA_01136,0,0,,0
ccrescentus,CCNA_01137,0,0,,0
ccrescentus,CCNA_01138,0,0,,0
ccrescentus,CCNA_01139,0,0,,0
ccrescentus,CCNA_01140,0,0,,0
ccrescentus,CCNA_01141,0,4,0.25,0
ccrescentus,CCNA_01142,0,0,,0
ccrescentus,CCNA_01143,0,0,,0
ccrescentus,CCNA_01144,0,0,,0
ccrescentus,CCNA_01145,0,0,,0
ccrescentus,CCNA_01147,0,0,,0
ccrescentus,CCNA_01148,0,0,,0
ccrescentus,CCNA_01149,0,0,,0
ccrescentus,CCNA_01151,0,0,,0
ccrescentus,CCNA_01152,0,2,0.0,0
ccrescentus,CCNA_01153,0,0,,0
ccrescentus,CCNA_01154,0,0,,0
ccrescentus,CCNA_01155,0,0,,0
ccrescentus,CCNA_01156,0,0,,0
ccrescentus,CCNA_01157,0,0,,0
ccrescentus,CCNA_01158,0,0,,0
ccrescentus,CCNA_01159,0,0,,0
ccrescentus,CCNA_01161,0,2,0.0,0
ccrescentus,CCNA_01162,0,1,0.0,0
ccrescentus,CCNA_01163,0,0,,0
ccrescentus,CCNA_01164,0,0,,0
ccrescentus,CCNA_01165,0,0,,0
ccrescentus,CCNA_01166,0,0,,0
ccrescentus,CCNA_01167,0,0,,0
ccrescentus,CCNA_01168,0,1,0.0,0
ccrescentus,CCNA_01169,0,0,,0
ccrescentus,CCNA_01170,0,0,,0
ccrescentus,CCNA_01171,0,0,,0
ccrescentus,CCNA_01172,0,0,,0
ccrescentus,CCNA_01173,0,0,,0
ccrescentus,CCNA_01174,0,1,0.0,0
ccrescentus,CCNA_01175,0,1,0.0,0
ccrescentus,CCNA_01176,0,0,,0
ccrescentus,CCNA_01177,0,1,1.0,1
ccrescentus,CCNA_01178,0,0,,0
ccrescentus,CCNA_01179,0,1,0.0,0
ccrescentus,CCNA_01180,0,0,,0
ccrescentus,CCNA_01181,0,0,,0
ccrescentus,CCNA_01182,0,1,0.0,0
ccrescentus,CCNA_01183,0,0,,0
ccrescentus,CCNA_01184,0,0,,0
ccrescentus,CCNA_01185,0,0,,0
ccrescentus,CCNA_01186,0,0,,0
ccrescentus,CCNA_01187,0,0,,0
ccrescentus,CCNA_01188,0,0,,0
ccrescentus,CCNA_01189,0,0,,0
ccrescentus,CCNA_01190,0,0,,0
ccrescentus,CCNA_01191,0,0,,0
ccrescentus,CCNA_01192,0,0,,0
ccrescentus,CCNA_01193,0,0,,0
ccrescentus,CCNA_01194,0,0,,0
ccrescentus,CCNA_01195,0,0,,0
ccrescentus,CCNA_01196,0,0,,0
ccrescentus,CCNA_01197,0,1,0.0,0
ccrescentus,CCNA_01198,0,1,0.0,0
ccrescentus,CCNA_01199,0,3,0.3333333333333333,0
ccrescentus,CCNA_01200,0,0,,0
ccrescentus,CCNA_01201,0,0,,0
ccrescentus,CCNA_01202,0,0,,0
ccrescentus,CCNA_01203,0,0,,0
ccrescentus,CCNA_01204,0,0,,0
ccrescentus,CCNA_01205,0,0,,0
ccrescentus,CCNA_01206,0,0,,0
ccrescentus,CCNA_01207,0,0,,0
ccrescentus,CCNA_01208,0,2,0.0,0
ccrescentus,CCNA_01209,0,2,0.0,0
ccrescentus,CCNA_01211,1,0,,0
ccrescentus,CCNA_01215,0,0,,0
ccrescentus,CCNA_01216,0,0,,0
ccrescentus,CCNA_01225,0,0,,0
ccrescentus,CCNA_01227,0,0,,0
ccrescentus,CCNA_01228,0,0,,0
ccrescentus,CCNA_01229,0,0,,0
ccrescentus,CCNA_01230,0,0,,0
ccrescentus,CCNA_01231,0,1,0.0,0
ccrescentus,CCNA_01232,0,0,,0
ccrescentus,CCNA_01233,0,1,0.0,0
ccrescentus,CCNA_01234,0,1,0.0,0
ccrescentus,CCNA_01235,0,0,,0
ccrescentus,CCNA_01236,0,0,,0
ccrescentus,CCNA_01237,0,0,,0
ccrescentus,CCNA_01238,0,0,,0
ccrescentus,CCNA_01239,0,1,0.0,0
ccrescentus,CCNA_01240,0,1,0.0,0
ccrescentus,CCNA_01241,0,3,0.3333333333333333,0
ccrescentus,CCNA_01242,0,1,0.0,0
ccrescentus,CCNA_01243,0,1,0.0,0
ccrescentus,CCNA_01244,0,0,,0
ccrescentus,CCNA_01245,0,1,0.0,0
ccrescentus,CCNA_01246,0,0,,0
ccrescentus,CCNA_01247,0,0,,0
ccrescentus,CCNA_01248,0,0,,0
ccrescentus,CCNA_01249,0,0,,0
ccrescentus,CCNA_01250,0,2,0.0,0
ccrescentus,CCNA_01251,0,0,,0
ccrescentus,CCNA_01253,1,3,0.6666666666666666,1
ccrescentus,CCNA_01255,0,0,,0
ccrescentus,CCNA_01256,0,0,,0
ccrescentus,CCNA_01257,0,0,,0
ccrescentus,CCNA_01258,0,0,,0
ccrescentus,CCNA_01259,0,1,0.0,0
ccrescentus,CCNA_01260,0,0,,0
ccrescentus,CCNA_01261,0,0,,0
ccrescentus,CCNA_01262,0,0,,0
ccrescentus,CCNA_01263,0,0,,0
ccrescentus,CCNA_01264,0,0,,0
ccrescentus,CCNA_01265,0,0,,0
ccrescentus,CCNA_01266,0,0,,0
ccrescentus,CCNA_01267,0,0,,0
ccrescentus,CCNA_01268,0,0,,0
ccrescentus,CCNA_01269,0,0,,0
ccrescentus,CCNA_01270,0,0,,0
ccrescentus,CCNA_01271,0,0,,0
ccrescentus,CCNA_01272,0,1,0.0,0
ccrescentus,CCNA_01273,0,2,0.0,0
ccrescentus,CCNA_01274,0,1,0.0,0
ccrescentus,CCNA_01276,0,0,,0
ccrescentus,CCNA_01277,0,1,0.0,0
ccrescentus,CCNA_01278,0,0,,0
ccrescentus,CCNA_01279,0,0,,0
ccrescentus,CCNA_01281,0,6,0.5,1
ccrescentus,CCNA_01282,0,0,,0
ccrescentus,CCNA_01283,0,0,,0
ccrescentus,CCNA_01284,0,0,,0
ccrescentus,CCNA_01285,0,1,1.0,1
ccrescentus,CCNA_01286,0,0,,0
ccrescentus,CCNA_01287,0,1,0.0,0
ccrescentus,CCNA_01288,0,1,0.0,0
ccrescentus,CCNA_01289,0,2,0.0,0
ccrescentus,CCNA_01290,0,1,0.0,0
ccrescentus,CCNA_01291,0,0,,0
ccrescentus,CCNA_01292,0,0,,0
ccrescentus,CCNA_01293,0,0,,0
ccrescentus,CCNA_01294,0,0,,0
ccrescentus,CCNA_01295,0,0,,0
ccrescentus,CCNA_01296,0,0,,0
ccrescentus,CCNA_01297,0,5,0.4,0
ccrescentus,CCNA_01298,0,6,0.8333333333333334,1
ccrescentus,CCNA_01299,0,0,,0
ccrescentus,CCNA_01300,0,3,0.0,0
ccrescentus,CCNA_01301,0,2,0.0,0
ccrescentus,CCNA_01302,0,0,,0
ccrescentus,CCNA_01303,0,0,,0
ccrescentus,CCNA_01304,1,0,,0
ccrescentus,CCNA_01305,1,4,0.75,1
ccrescentus,CCNA_01306,1,6,1.0,1
ccrescentus,CCNA_01307,1,4,1.0,1
ccrescentus,CCNA_01308,1,5,1.0,1
ccrescentus,CCNA_01309,1,6,1.0,1
ccrescentus,CCNA_01310,1,7,1.0,1
ccrescentus,CCNA_01311,1,4,1.0,1
ccrescentus,CCNA_01312,1,6,1.0,1
ccrescentus,CCNA_01313,1,6,1.0,1
ccrescentus,CCNA_01314,1,2,1.0,1
ccrescentus,CCNA_01315,1,2,1.0,1
ccrescentus,CCNA_01316,1,6,1.0,1
ccrescentus,CCNA_01317,1,6,1.0,1
ccrescentus,CCNA_01318,1,6,1.0,1
ccrescentus,CCNA_01319,1,3,1.0,1
ccrescentus,CCNA_01320,1,6,1.0,1
ccrescentus,CCNA_01321,1,7,1.0,1
ccrescentus,CCNA_01322,1,5,1.0,1
ccrescentus,CCNA_01323,1,6,1.0,1
ccrescentus,CCNA_01324,0,0,,0
ccrescentus,CCNA_01325,1,5,1.0,1
ccrescentus,CCNA_01326,1,5,1.0,1
ccrescentus,CCNA_01327,1,5,0.8,1
ccrescentus,CCNA_01328,1,7,1.0,1
ccrescentus,CCNA_01329,1,6,1.0,1
ccrescentus,CCNA_01330,1,6,1.0,1
ccrescentus,CCNA_01332,1,5,1.0,1
ccrescentus,CCNA_01333,0,0,,0
ccrescentus,CCNA_01334,0,0,,0
ccrescentus,CCNA_01335,0,0,,0
ccrescentus,CCNA_01336,0,0,,0
ccrescentus,CCNA_01337,0,0,,0
ccrescentus,CCNA_01338,0,0,,0
ccrescentus,CCNA_01339,0,0,,0
ccrescentus,CCNA_01340,0,0,,0
ccrescentus,CCNA_01341,0,2,0.5,1
ccrescentus,CCNA_01343,0,4,0.5,1
ccrescentus,CCNA_01344,0,0,,0
ccrescentus,CCNA_01345,0,1,0.0,0
ccrescentus,CCNA_01346,0,0,,0
ccrescentus,CCNA_01347,0,0,,0
ccrescentus,CCNA_01348,0,0,,0
ccrescentus,CCNA_01349,0,1,0.0,0
ccrescentus,CCNA_01350,0,0,,0
ccrescentus,CCNA_01351,0,0,,0
ccrescentus,CCNA_01352,0,1,0.0,0
ccrescentus,CCNA_01353,0,0,,0
ccrescentus,CCNA_01354,0,0,,0
ccrescentus,CCNA_01355,0,0,,0
ccrescentus,CCNA_01356,0,0,,0
ccrescentus,CCNA_01357,0,0,,0
ccrescentus,CCNA_01358,0,0,,0
ccrescentus,CCNA_01359,0,0,,0
ccrescentus,CCNA_01360,0,2,0.0,0
ccrescentus,CCNA_01361,0,0,,0
ccrescentus,CCNA_01362,0,0,,0
ccrescentus,CCNA_01363,0,0,,0
ccrescentus,CCNA_01364,0,2,0.0,0
ccrescentus,CCNA_01365,0,0,,0
ccrescentus,CCNA_01366,0,0,,0
ccrescentus,CCNA_01367,0,1,0.0,0
ccrescentus,CCNA_01368,0,1,0.0,0
ccrescentus,CCNA_01369,0,0,,0
ccrescentus,CCNA_01371,0,0,,0
ccrescentus,CCNA_01372,0,1,0.0,0
ccrescentus,CCNA_01373,0,0,,0
ccrescentus,CCNA_01374,0,1,0.0,0
ccrescentus,CCNA_01375,0,2,0.0,0
ccrescentus,CCNA_01376,0,1,0.0,0
ccrescentus,CCNA_01377,0,0,,0
ccrescentus,CCNA_01378,0,0,,0
ccrescentus,CCNA_01379,0,0,,0
ccrescentus,CCNA_01380,1,0,,0
ccrescentus,CCNA_01381,1,7,1.0,1
ccrescentus,CCNA_01382,0,2,0.0,0
ccrescentus,CCNA_01383,0,0,,0
ccrescentus,CCNA_01384,0,1,0.0,0
ccrescentus,CCNA_01385,0,1,0.0,0
ccrescentus,CCNA_01386,0,0,,0
ccrescentus,CCNA_01387,0,1,0.0,0
ccrescentus,CCNA_01388,0,0,,0
ccrescentus,CCNA_01389,0,0,,0
ccrescentus,CCNA_01390,0,0,,0
ccrescentus,CCNA_01391,0,1,0.0,0
ccrescentus,CCNA_01392,0,0,,0
ccrescentus,CCNA_01393,0,0,,0
ccrescentus,CCNA_01394,1,0,,0
ccrescentus,CCNA_01395,1,1,0.0,0
ccrescentus,CCNA_01396,0,0,,0
ccrescentus,CCNA_01397,1,1,1.0,1
ccrescentus,CCNA_01398,0,1,0.0,0
ccrescentus,CCNA_01399,0,3,0.0,0
ccrescentus,CCNA_01400,0,1,0.0,0
ccrescentus,CCNA_01403,1,2,1.0,1
ccrescentus,CCNA_01404,1,2,1.0,1
ccrescentus,CCNA_01405,0,0,,0
ccrescentus,CCNA_01406,0,1,0.0,0
ccrescentus,CCNA_01407,0,0,,0
ccrescentus,CCNA_01408,0,0,,0
ccrescentus,CCNA_01409,1,2,1.0,1
ccrescentus,CCNA_01410,0,0,,0
ccrescentus,CCNA_01412,0,2,0.0,0
ccrescentus,CCNA_01413,0,1,0.0,0
ccrescentus,CCNA_01414,0,2,0.0,0
ccrescentus,CCNA_01415,0,0,,0
ccrescentus,CCNA_01416,0,3,0.0,0
ccrescentus,CCNA_01417,1,1,1.0,1
ccrescentus,CCNA_01418,0,0,,0
ccrescentus,CCNA_01419,0,7,0.5714285714285714,1
ccrescentus,CCNA_01420,0,2,0.0,0
ccrescentus,CCNA_01422,1,3,0.3333333333333333,0
ccrescentus,CCNA_01423,1,2,0.5,1
ccrescentus,CCNA_01424,0,0,,0
ccrescentus,CCNA_01425,0,0,,0
ccrescentus,CCNA_01426,0,0,,0
ccrescentus,CCNA_01427,1,0,,0
ccrescentus,CCNA_01429,0,0,,0
ccrescentus,CCNA_01430,0,0,,0
ccrescentus,CCNA_01431,1,3,0.6666666666666666,1
ccrescentus,CCNA_01432,1,3,0.6666666666666666,1
ccrescentus,CCNA_01433,0,2,0.0,0
ccrescentus,CCNA_01434,0,0,,0
ccrescentus,CCNA_01435,0,0,,0
ccrescentus,CCNA_01437,0,0,,0
ccrescentus,CCNA_01438,1,0,,0
ccrescentus,CCNA_01439,0,0,,0
ccrescentus,CCNA_01440,1,7,0.8571428571428571,1
ccrescentus,CCNA_01441,1,6,0.8333333333333334,1
ccrescentus,CCNA_01442,0,0,,0
ccrescentus,CCNA_01443,0,1,0.0,0
ccrescentus,CCNA_01444,0,0,,0
ccrescentus,CCNA_01445,0,0,,0
ccrescentus,CCNA_01446,0,1,0.0,0
ccrescentus,CCNA_01447,0,2,1.0,1
ccrescentus,CCNA_01449,0,2,0.5,1
ccrescentus,CCNA_01450,1,2,0.0,0
ccrescentus,CCNA_01451,0,0,,0
ccrescentus,CCNA_01452,0,0,,0
ccrescentus,CCNA_01453,0,0,,0
ccrescentus,CCNA_01457,0,0,,0
ccrescentus,CCNA_01458,0,0,,0
ccrescentus,CCNA_01459,0,0,,0
ccrescentus,CCNA_01460,0,0,,0
ccrescentus,CCNA_01461,0,0,,0
ccrescentus,CCNA_01462,0,0,,0
ccrescentus,CCNA_01463,0,2,0.0,0
ccrescentus,CCNA_01464,0,0,,0
ccrescentus,CCNA_01465,0,0,,0
ccrescentus,CCNA_01466,0,0,,0
ccrescentus,CCNA_01467,0,0,,0
ccrescentus,CCNA_01468,0,0,,0
ccrescentus,CCNA_01469,0,0,,0
ccrescentus,CCNA_01470,0,0,,0
ccrescentus,CCNA_01471,0,0,,0
ccrescentus,CCNA_01472,0,0,,0
ccrescentus,CCNA_01473,0,1,0.0,0
ccrescentus,CCNA_01474,0,0,,0
ccrescentus,CCNA_01475,0,0,,0
ccrescentus,CCNA_01476,0,0,,0
ccrescentus,CCNA_01477,0,1,0.0,0
ccrescentus,CCNA_01478,0,0,,0
ccrescentus,CCNA_01479,0,0,,0
ccrescentus,CCNA_01480,0,0,,0
ccrescentus,CCNA_01481,0,0,,0
ccrescentus,CCNA_01483,0,0,,0
ccrescentus,CCNA_01484,0,0,,0
ccrescentus,CCNA_01485,0,1,0.0,0
ccrescentus,CCNA_01486,0,0,,0
ccrescentus,CCNA_01487,0,0,,0
ccrescentus,CCNA_01488,0,0,,0
ccrescentus,CCNA_01489,0,0,,0
ccrescentus,CCNA_01490,0,0,,0
ccrescentus,CCNA_01491,0,2,0.0,0
ccrescentus,CCNA_01492,0,1,0.0,0
ccrescentus,CCNA_01493,0,0,,0
ccrescentus,CCNA_01494,0,3,0.0,0
ccrescentus,CCNA_01495,0,2,0.0,0
ccrescentus,CCNA_01496,1,2,1.0,1
ccrescentus,CCNA_01497,1,1,0.0,0
ccrescentus,CCNA_01498,0,0,,0
ccrescentus,CCNA_01499,0,0,,0
ccrescentus,CCNA_01500,0,0,,0
ccrescentus,CCNA_01501,0,0,,0
ccrescentus,CCNA_01502,0,2,0.0,0
ccrescentus,CCNA_01503,0,0,,0
ccrescentus,CCNA_01504,0,3,0.0,0
ccrescentus,CCNA_01505,0,0,,0
ccrescentus,CCNA_01506,0,3,0.0,0
ccrescentus,CCNA_01507,0,2,0.0,0
ccrescentus,CCNA_01508,0,1,0.0,0
ccrescentus,CCNA_01509,0,1,0.0,0
ccrescentus,CCNA_01510,0,0,,0
ccrescentus,CCNA_01511,0,0,,0
ccrescentus,CCNA_01512,0,0,,0
ccrescentus,CCNA_01513,0,0,,0
ccrescentus,CCNA_01514,0,0,,0
ccrescentus,CCNA_01515,0,1,0.0,0
ccrescentus,CCNA_01516,0,0,,0
ccrescentus,CCNA_01517,0,0,,0
ccrescentus,CCNA_01519,0,0,,0
ccrescentus,CCNA_01520,0,0,,0
ccrescentus,CCNA_01521,0,0,,0
ccrescentus,CCNA_01522,0,2,0.0,0
ccrescentus,CCNA_01523,0,1,0.0,0
ccrescentus,CCNA_01524,0,0,,0
ccrescentus,CCNA_01525,0,0,,0
ccrescentus,CCNA_01526,0,0,,0
ccrescentus,CCNA_01527,0,0,,0
ccrescentus,CCNA_01528,0,0,,0
ccrescentus,CCNA_01529,0,0,,0
ccrescentus,CCNA_01530,0,0,,0
ccrescentus,CCNA_01531,0,0,,0
ccrescentus,CCNA_01532,0,0,,0
ccrescentus,CCNA_01535,1,3,0.6666666666666666,1
ccrescentus,CCNA_01536,0,0,,0
ccrescentus,CCNA_01537,0,0,,0
ccrescentus,CCNA_01538,1,1,0.0,0
ccrescentus,CCNA_01539,0,3,0.0,0
ccrescentus,CCNA_01541,0,1,0.0,0
ccrescentus,CCNA_01542,0,0,,0
ccrescentus,CCNA_01543,0,0,,0
ccrescentus,CCNA_01545,0,2,0.0,0
ccrescentus,CCNA_01546,0,0,,0
ccrescentus,CCNA_01547,1,2,0.5,1
ccrescentus,CCNA_01548,0,1,0.0,0
ccrescentus,CCNA_01549,0,2,0.5,1
ccrescentus,CCNA_01550,0,2,0.0,0
ccrescentus,CCNA_01551,0,0,,0
ccrescentus,CCNA_01552,1,0,,0
ccrescentus,CCNA_01553,0,0,,0
ccrescentus,CCNA_01554,0,0,,0
ccrescentus,CCNA_01555,0,1,0.0,0
ccrescentus,CCNA_01556,0,0,,0
ccrescentus,CCNA_01557,0,0,,0
ccrescentus,CCNA_01558,0,1,0.0,0
ccrescentus,CCNA_01559,0,2,0.0,0
ccrescentus,CCNA_01560,0,1,0.0,0
ccrescentus,CCNA_01561,0,0,,0
ccrescentus,CCNA_01562,0,0,,0
ccrescentus,CCNA_01563,0,0,,0
ccrescentus,CCNA_01566,0,0,,0
ccrescentus,CCNA_01567,0,1,1.0,1
ccrescentus,CCNA_01568,0,0,,0
ccrescentus,CCNA_01569,0,0,,0
ccrescentus,CCNA_01570,0,0,,0
ccrescentus,CCNA_01571,0,1,0.0,0
ccrescentus,CCNA_01572,0,0,,0
ccrescentus,CCNA_01573,0,0,,0
ccrescentus,CCNA_01574,0,0,,0
ccrescentus,CCNA_01575,0,1,0.0,0
ccrescentus,CCNA_01576,0,0,,0
ccrescentus,CCNA_01577,0,0,,0
ccrescentus,CCNA_01578,0,0,,0
ccrescentus,CCNA_01579,0,0,,0
ccrescentus,CCNA_01580,0,1,0.0,0
ccrescentus,CCNA_01582,0,1,0.0,0
ccrescentus,CCNA_01583,0,1,0.0,0
ccrescentus,CCNA_01584,0,0,,0
ccrescentus,CCNA_01585,0,1,0.0,0
ccrescentus,CCNA_01586,0,1,0.0,0
ccrescentus,CCNA_01587,0,0,,0
ccrescentus,CCNA_01588,0,0,,0
ccrescentus,CCNA_01589,0,0,,0
ccrescentus,CCNA_01590,1,6,1.0,1
ccrescentus,CCNA_01591,0,0,,0
ccrescentus,CCNA_01592,0,0,,0
ccrescentus,CCNA_01593,0,0,,0
ccrescentus,CCNA_01594,0,1,0.0,0
ccrescentus,CCNA_01595,0,0,,0
ccrescentus,CCNA_01597,0,0,,0
ccrescentus,CCNA_01598,0,0,,0
ccrescentus,CCNA_01599,0,0,,0
ccrescentus,CCNA_01600,0,0,,0
ccrescentus,CCNA_01601,0,1,0.0,0
ccrescentus,CCNA_01602,0,0,,0
ccrescentus,CCNA_01603,0,1,0.0,0
ccrescentus,CCNA_01604,0,0,,0
ccrescentus,CCNA_01605,0,1,0.0,0
ccrescentus,CCNA_01606,0,0,,0
ccrescentus,CCNA_01607,1,0,,0
ccrescentus,CCNA_01608,0,0,,0
ccrescentus,CCNA_01609,0,1,0.0,0
ccrescentus,CCNA_01610,0,1,0.0,0
ccrescentus,CCNA_01611,0,0,,0
ccrescentus,CCNA_01612,1,2,0.0,0
ccrescentus,CCNA_01613,1,0,,0
ccrescentus,CCNA_01614,1,0,,0
ccrescentus,CCNA_01615,1,1,0.0,0
ccrescentus,CCNA_01616,1,3,0.3333333333333333,0
ccrescentus,CCNA_01617,0,0,,0
ccrescentus,CCNA_01618,1,1,0.0,0
ccrescentus,CCNA_01619,0,0,,0
ccrescentus,CCNA_01620,1,1,1.0,1
ccrescentus,CCNA_01621,0,2,0.0,0
ccrescentus,CCNA_01622,0,5,0.4,0
ccrescentus,CCNA_01623,0,0,,0
ccrescentus,CCNA_01624,0,0,,0
ccrescentus,CCNA_01625,0,0,,0
ccrescentus,CCNA_01626,1,2,0.5,1
ccrescentus,CCNA_01627,1,2,1.0,1
ccrescentus,CCNA_01628,0,0,,0
ccrescentus,CCNA_01632,0,0,,0
ccrescentus,CCNA_01633,1,2,0.5,1
ccrescentus,CCNA_01634,0,2,0.0,0
ccrescentus,CCNA_01635,0,0,,0
ccrescentus,CCNA_01636,0,0,,0
ccrescentus,CCNA_01637,1,4,1.0,1
ccrescentus,CCNA_01639,0,1,0.0,0
ccrescentus,CCNA_01640,0,0,,0
ccrescentus,CCNA_01641,0,0,,0
ccrescentus,CCNA_01642,0,1,0.0,0
ccrescentus,CCNA_01643,0,1,0.0,0
ccrescentus,CCNA_01644,0,1,0.0,0
ccrescentus,CCNA_01645,0,1,0.0,0
ccrescentus,CCNA_01646,0,1,0.0,0
ccrescentus,CCNA_01647,0,2,0.0,0
ccrescentus,CCNA_01648,0,3,0.3333333333333333,0
ccrescentus,CCNA_01649,0,0,,0
ccrescentus,CCNA_01650,0,2,0.0,0
ccrescentus,CCNA_01651,1,5,1.0,1
ccrescentus,CCNA_01652,1,3,0.6666666666666666,1
ccrescentus,CCNA_01653,0,0,,0
ccrescentus,CCNA_01654,0,0,,0
ccrescentus,CCNA_01655,0,2,0.0,0
ccrescentus,CCNA_01656,0,0,,0
ccrescentus,CCNA_01657,0,0,,0
ccrescentus,CCNA_01658,0,2,0.0,0
ccrescentus,CCNA_01659,0,2,0.0,0
ccrescentus,CCNA_01660,0,0,,0
ccrescentus,CCNA_01663,0,3,0.0,0
ccrescentus,CCNA_01664,0,3,0.0,0
ccrescentus,CCNA_01665,0,3,0.0,0
ccrescentus,CCNA_01666,0,3,0.0,0
ccrescentus,CCNA_01667,0,3,0.0,0
ccrescentus,CCNA_01668,0,2,0.0,0
ccrescentus,CCNA_01669,0,2,0.0,0
ccrescentus,CCNA_01670,0,2,0.0,0
ccrescentus,CCNA_01671,0,0,,0
ccrescentus,CCNA_01672,0,2,0.0,0
ccrescentus,CCNA_01673,0,1,0.0,0
ccrescentus,CCNA_01674,0,1,0.0,0
ccrescentus,CCNA_01675,1,0,,0
ccrescentus,CCNA_01676,1,0,,0
ccrescentus,CCNA_01677,0,0,,0
ccrescentus,CCNA_01678,0,1,0.0,0
ccrescentus,CCNA_01679,0,0,,0
ccrescentus,CCNA_01680,0,2,0.0,0
ccrescentus,CCNA_01681,0,0,,0
ccrescentus,CCNA_01682,0,0,,0
ccrescentus,CCNA_01683,0,0,,0
ccrescentus,CCNA_01684,0,0,,0
ccrescentus,CCNA_01685,0,1,0.0,0
ccrescentus,CCNA_01687,1,2,0.0,0
ccrescentus,CCNA_01688,0,0,,0
ccrescentus,CCNA_01690,0,0,,0
ccrescentus,CCNA_01691,0,0,,0
ccrescentus,CCNA_01693,0,1,0.0,0
ccrescentus,CCNA_01694,0,0,,0
ccrescentus,CCNA_01695,0,0,,0
ccrescentus,CCNA_01696,0,0,,0
ccrescentus,CCNA_01697,0,0,,0
ccrescentus,CCNA_01698,0,0,,0
ccrescentus,CCNA_01699,0,1,0.0,0
ccrescentus,CCNA_01700,0,1,0.0,0
ccrescentus,CCNA_01701,0,0,,0
ccrescentus,CCNA_01702,0,0,,0
ccrescentus,CCNA_01703,0,0,,0
ccrescentus,CCNA_01704,0,0,,0
ccrescentus,CCNA_01705,0,0,,0
ccrescentus,CCNA_01706,0,0,,0
ccrescentus,CCNA_01707,0,0,,0
ccrescentus,CCNA_01708,0,0,,0
ccrescentus,CCNA_01709,0,0,,0
ccrescentus,CCNA_01710,0,0,,0
ccrescentus,CCNA_01711,0,0,,0
ccrescentus,CCNA_01712,0,0,,0
ccrescentus,CCNA_01713,0,0,,0
ccrescentus,CCNA_01714,0,2,0.0,0
ccrescentus,CCNA_01715,0,0,,0
ccrescentus,CCNA_01716,0,0,,0
ccrescentus,CCNA_01717,0,0,,0
ccrescentus,CCNA_01718,0,0,,0
ccrescentus,CCNA_01719,0,0,,0
ccrescentus,CCNA_01721,0,0,,0
ccrescentus,CCNA_01723,1,2,0.5,1
ccrescentus,CCNA_01724,1,0,,0
ccrescentus,CCNA_01725,1,0,,0
ccrescentus,CCNA_01726,1,6,1.0,1
ccrescentus,CCNA_01727,0,1,0.0,0
ccrescentus,CCNA_01728,0,2,0.0,0
ccrescentus,CCNA_01729,0,2,0.0,0
ccrescentus,CCNA_01730,0,3,0.6666666666666666,1
ccrescentus,CCNA_01731,0,0,,0
ccrescentus,CCNA_01732,0,3,0.0,0
ccrescentus,CCNA_01733,0,4,0.25,0
ccrescentus,CCNA_01734,0,1,0.0,0
ccrescentus,CCNA_01735,0,0,,0
ccrescentus,CCNA_01736,0,0,,0
ccrescentus,CCNA_01737,1,5,1.0,1
ccrescentus,CCNA_01738,0,1,1.0,1
ccrescentus,CCNA_01739,0,4,0.0,0
ccrescentus,CCNA_01740,1,7,0.8571428571428571,1
ccrescentus,CCNA_01741,1,2,1.0,1
ccrescentus,CCNA_01742,0,0,,0
ccrescentus,CCNA_01743,0,0,,0
ccrescentus,CCNA_01744,0,0,,0
ccrescentus,CCNA_01745,0,0,,0
ccrescentus,CCNA_01746,1,3,1.0,1
ccrescentus,CCNA_01747,1,3,0.6666666666666666,1
ccrescentus,CCNA_01748,0,0,,0
ccrescentus,CCNA_01749,1,3,1.0,1
ccrescentus,CCNA_01750,1,3,0.6666666666666666,1
ccrescentus,CCNA_01753,1,7,1.0,1
ccrescentus,CCNA_01754,0,1,0.0,0
ccrescentus,CCNA_01755,0,0,,0
ccrescentus,CCNA_01757,0,4,0.25,0
ccrescentus,CCNA_01758,1,1,1.0,1
ccrescentus,CCNA_01759,1,0,,0
ccrescentus,CCNA_01760,1,0,,0
ccrescentus,CCNA_01761,1,0,,0
ccrescentus,CCNA_01762,1,0,,0
ccrescentus,CCNA_01763,0,2,0.5,1
ccrescentus,CCNA_01764,1,0,,0
ccrescentus,CCNA_01765,0,0,,0
ccrescentus,CCNA_01766,0,0,,0
ccrescentus,CCNA_01767,0,0,,0
ccrescentus,CCNA_01768,0,0,,0
ccrescentus,CCNA_01769,0,2,0.0,0
ccrescentus,CCNA_01770,1,3,0.0,0
ccrescentus,CCNA_01771,0,0,,0
ccrescentus,CCNA_01772,0,0,,0
ccrescentus,CCNA_01773,0,1,0.0,0
ccrescentus,CCNA_01774,0,3,0.3333333333333333,0
ccrescentus,CCNA_01775,0,3,0.6666666666666666,1
ccrescentus,CCNA_01776,1,1,0.0,0
ccrescentus,CCNA_01777,0,0,,0
ccrescentus,CCNA_01778,0,0,,0
ccrescentus,CCNA_01779,0,0,,0
ccrescentus,CCNA_01780,0,0,,0
ccrescentus,CCNA_01781,0,0,,0
ccrescentus,CCNA_01782,0,2,0.0,0
ccrescentus,CCNA_01783,1,0,,0
ccrescentus,CCNA_01785,0,0,,0
ccrescentus,CCNA_01786,0,0,,0
ccrescentus,CCNA_01787,0,0,,0
ccrescentus,CCNA_01788,0,0,,0
ccrescentus,CCNA_01789,0,0,,0
ccrescentus,CCNA_01790,0,0,,0
ccrescentus,CCNA_01792,1,3,1.0,1
ccrescentus,CCNA_01793,0,0,,0
ccrescentus,CCNA_01794,0,2,0.0,0
ccrescentus,CCNA_01801,0,0,,0
ccrescentus,CCNA_01802,0,0,,0
ccrescentus,CCNA_01804,0,2,0.0,0
ccrescentus,CCNA_01805,0,1,0.0,0
ccrescentus,CCNA_01806,0,0,,0
ccrescentus,CCNA_01807,0,1,0.0,0
ccrescentus,CCNA_01808,0,0,,0
ccrescentus,CCNA_01809,1,3,0.3333333333333333,0
ccrescentus,CCNA_01810,0,1,0.0,0
ccrescentus,CCNA_01811,0,1,0.0,0
ccrescentus,CCNA_01812,1,2,1.0,1
ccrescentus,CCNA_01813,0,3,0.0,0
ccrescentus,CCNA_01814,0,2,0.0,0
ccrescentus,CCNA_01815,0,1,0.0,0
ccrescentus,CCNA_01816,0,0,,0
ccrescentus,CCNA_01817,0,0,,0
ccrescentus,CCNA_01818,0,0,,0
ccrescentus,CCNA_01819,1,0,,0
ccrescentus,CCNA_01820,0,3,0.0,0
ccrescentus,CCNA_01821,0,2,0.0,0
ccrescentus,CCNA_01822,0,0,,0
ccrescentus,CCNA_01823,0,0,,0
ccrescentus,CCNA_01824,0,0,,0
ccrescentus,CCNA_01826,0,0,,0
ccrescentus,CCNA_01827,0,1,0.0,0
ccrescentus,CCNA_01828,0,0,,0
ccrescentus,CCNA_01829,0,0,,0
ccrescentus,CCNA_01830,0,0,,0
ccrescentus,CCNA_01831,0,0,,0
ccrescentus,CCNA_01832,0,1,0.0,0
ccrescentus,CCNA_01833,0,0,,0
ccrescentus,CCNA_01834,0,0,,0
ccrescentus,CCNA_01835,0,2,0.0,0
ccrescentus,CCNA_01836,0,2,0.0,0
ccrescentus,CCNA_01837,0,1,0.0,0
ccrescentus,CCNA_01840,0,1,0.0,0
ccrescentus,CCNA_01841,0,1,0.0,0
ccrescentus,CCNA_01842,0,0,,0
ccrescentus,CCNA_01843,0,1,0.0,0
ccrescentus,CCNA_01844,0,0,,0
ccrescentus,CCNA_01845,0,0,,0
ccrescentus,CCNA_01846,0,0,,0
ccrescentus,CCNA_01847,0,0,,0
ccrescentus,CCNA_01848,0,2,0.0,0
ccrescentus,CCNA_01849,0,2,0.0,0
ccrescentus,CCNA_01850,0,3,0.3333333333333333,0
ccrescentus,CCNA_01851,0,2,0.0,0
ccrescentus,CCNA_01852,0,1,0.0,0
ccrescentus,CCNA_01853,0,0,,0
ccrescentus,CCNA_01854,0,0,,0
ccrescentus,CCNA_01855,0,2,0.0,0
ccrescentus,CCNA_01856,0,0,,0
ccrescentus,CCNA_01857,0,0,,0
ccrescentus,CCNA_01858,0,0,,0
ccrescentus,CCNA_01859,0,0,,0
ccrescentus,CCNA_01860,0,0,,0
ccrescentus,CCNA_01861,0,0,,0
ccrescentus,CCNA_01862,0,0,,0
ccrescentus,CCNA_01863,0,0,,0
ccrescentus,CCNA_01864,1,0,,0
ccrescentus,CCNA_01865,0,1,0.0,0
ccrescentus,CCNA_01866,0,1,0.0,0
ccrescentus,CCNA_01868,0,0,,0
ccrescentus,CCNA_01869,0,0,,0
ccrescentus,CCNA_01870,0,0,,0
ccrescentus,CCNA_01873,0,0,,0
ccrescentus,CCNA_01874,0,0,,0
ccrescentus,CCNA_01875,0,0,,0
ccrescentus,CCNA_01876,0,0,,0
ccrescentus,CCNA_01877,0,0,,0
ccrescentus,CCNA_01878,0,1,0.0,0
ccrescentus,CCNA_01879,0,0,,0
ccrescentus,CCNA_01880,0,1,0.0,0
ccrescentus,CCNA_01881,0,0,,0
ccrescentus,CCNA_01882,0,1,0.0,0
ccrescentus,CCNA_01883,0,1,0.0,0
ccrescentus,CCNA_01884,0,0,,0
ccrescentus,CCNA_01885,0,2,0.0,0
ccrescentus,CCNA_01886,0,0,,0
ccrescentus,CCNA_01888,0,1,0.0,0
ccrescentus,CCNA_01889,0,2,0.0,0
ccrescentus,CCNA_01890,0,0,,0
ccrescentus,CCNA_01891,0,2,0.0,0
ccrescentus,CCNA_01892,0,1,0.0,0
ccrescentus,CCNA_01893,0,1,0.0,0
ccrescentus,CCNA_01894,0,1,0.0,0
ccrescentus,CCNA_01895,0,0,,0
ccrescentus,CCNA_01896,0,0,,0
ccrescentus,CCNA_01897,0,0,,0
ccrescentus,CCNA_01898,0,2,0.0,0
ccrescentus,CCNA_01899,1,0,,0
ccrescentus,CCNA_01900,1,5,1.0,1
ccrescentus,CCNA_01901,0,0,,0
ccrescentus,CCNA_01902,0,0,,0
ccrescentus,CCNA_01903,0,0,,0
ccrescentus,CCNA_01904,0,0,,0
ccrescentus,CCNA_01905,0,0,,0
ccrescentus,CCNA_01906,0,0,,0
ccrescentus,CCNA_01907,0,1,1.0,1
ccrescentus,CCNA_01908,0,0,,0
ccrescentus,CCNA_01909,0,0,,0
ccrescentus,CCNA_01910,0,0,,0
ccrescentus,CCNA_01911,0,0,,0
ccrescentus,CCNA_01912,0,0,,0
ccrescentus,CCNA_01913,0,1,0.0,0
ccrescentus,CCNA_01914,0,0,,0
ccrescentus,CCNA_01915,0,1,0.0,0
ccrescentus,CCNA_01916,0,0,,0
ccrescentus,CCNA_01917,0,1,0.0,0
ccrescentus,CCNA_01918,0,0,,0
ccrescentus,CCNA_01919,0,1,0.0,0
ccrescentus,CCNA_01920,0,3,0.0,0
ccrescentus,CCNA_01921,1,0,,0
ccrescentus,CCNA_01922,0,0,,0
ccrescentus,CCNA_01923,0,2,0.5,1
ccrescentus,CCNA_01924,0,0,,0
ccrescentus,CCNA_01925,0,1,0.0,0
ccrescentus,CCNA_01926,0,0,,0
ccrescentus,CCNA_01927,0,1,0.0,0
ccrescentus,CCNA_01928,0,0,,0
ccrescentus,CCNA_01929,0,0,,0
ccrescentus,CCNA_01930,0,0,,0
ccrescentus,CCNA_01931,0,0,,0
ccrescentus,CCNA_01932,0,0,,0
ccrescentus,CCNA_01933,0,0,,0
ccrescentus,CCNA_01934,0,0,,0
ccrescentus,CCNA_01935,1,0,,0
ccrescentus,CCNA_01936,1,6,0.6666666666666666,1
ccrescentus,CCNA_01937,1,0,,0
ccrescentus,CCNA_01938,1,3,0.6666666666666666,1
ccrescentus,CCNA_01939,0,0,,0
ccrescentus,CCNA_01940,1,2,0.5,1
ccrescentus,CCNA_01941,1,2,1.0,1
ccrescentus,CCNA_01943,0,0,,0
ccrescentus,CCNA_01944,0,0,,0
ccrescentus,CCNA_01945,0,1,0.0,0
ccrescentus,CCNA_01946,1,6,1.0,1
ccrescentus,CCNA_01947,0,3,0.0,0
ccrescentus,CCNA_01948,0,0,,0
ccrescentus,CCNA_01949,0,0,,0
ccrescentus,CCNA_01950,1,3,1.0,1
ccrescentus,CCNA_01951,0,2,0.0,0
ccrescentus,CCNA_01952,1,2,0.5,1
ccrescentus,CCNA_01955,0,0,,0
ccrescentus,CCNA_01956,0,1,0.0,0
ccrescentus,CCNA_01957,1,2,0.5,1
ccrescentus,CCNA_01958,1,0,,0
ccrescentus,CCNA_01959,1,1,1.0,1
ccrescentus,CCNA_01960,1,2,1.0,1
ccrescentus,CCNA_01961,1,4,0.75,1
ccrescentus,CCNA_01962,0,2,0.0,0
ccrescentus,CCNA_01963,0,0,,0
ccrescentus,CCNA_01964,0,0,,0
ccrescentus,CCNA_01966,0,0,,0
ccrescentus,CCNA_01967,0,0,,0
ccrescentus,CCNA_01968,1,0,,0
ccrescentus,CCNA_01969,1,7,1.0,1
ccrescentus,CCNA_01970,1,6,0.8333333333333334,1
ccrescentus,CCNA_01971,1,0,,0
ccrescentus,CCNA_01972,0,3,0.6666666666666666,1
ccrescentus,CCNA_01973,0,0,,0
ccrescentus,CCNA_01974,0,3,0.6666666666666666,1
ccrescentus,CCNA_01975,0,3,0.6666666666666666,1
ccrescentus,CCNA_01976,0,3,0.6666666666666666,1
ccrescentus,CCNA_01977,0,1,0.0,0
ccrescentus,CCNA_01978,0,1,0.0,0
ccrescentus,CCNA_01979,0,1,1.0,1
ccrescentus,CCNA_01980,0,0,,0
ccrescentus,CCNA_01981,0,0,,0
ccrescentus,CCNA_01982,1,6,1.0,1
ccrescentus,CCNA_01983,0,2,0.5,1
ccrescentus,CCNA_01984,0,0,,0
ccrescentus,CCNA_01985,0,0,,0
ccrescentus,CCNA_01986,1,2,0.5,1
ccrescentus,CCNA_01987,1,0,,0
ccrescentus,CCNA_01988,1,1,1.0,1
ccrescentus,CCNA_01989,1,3,1.0,1
ccrescentus,CCNA_01990,1,2,1.0,1
ccrescentus,CCNA_01991,1,0,,0
ccrescentus,CCNA_01992,1,0,,0
ccrescentus,CCNA_01993,0,0,,0
ccrescentus,CCNA_01994,1,3,1.0,1
ccrescentus,CCNA_01995,1,2,0.5,1
ccrescentus,CCNA_01996,1,3,1.0,1
ccrescentus,CCNA_01997,1,5,1.0,1
ccrescentus,CCNA_01998,1,7,1.0,1
ccrescentus,CCNA_01999,1,6,0.8333333333333334,1
ccrescentus,CCNA_02000,1,7,0.8571428571428571,1
ccrescentus,CCNA_02001,0,0,,0
ccrescentus,CCNA_02002,0,0,,0
ccrescentus,CCNA_02003,1,4,1.0,1
ccrescentus,CCNA_02004,0,0,,0
ccrescentus,CCNA_02005,0,0,,0
ccrescentus,CCNA_02006,1,1,1.0,1
ccrescentus,CCNA_02007,1,2,1.0,1
ccrescentus,CCNA_02008,1,4,1.0,1
ccrescentus,CCNA_02009,0,0,,0
ccrescentus,CCNA_02010,0,0,,0
ccrescentus,CCNA_02011,0,1,0.0,0
ccrescentus,CCNA_02012,0,3,0.6666666666666666,1
ccrescentus,CCNA_02013,1,1,0.0,0
ccrescentus,CCNA_02014,1,1,1.0,1
ccrescentus,CCNA_02015,1,3,0.0,0
ccrescentus,CCNA_02016,1,3,0.0,0
ccrescentus,CCNA_02017,1,3,0.0,0
ccrescentus,CCNA_02018,1,1,0.0,0
ccrescentus,CCNA_02019,1,2,0.0,0
ccrescentus,CCNA_02020,1,3,0.0,0
ccrescentus,CCNA_02021,0,0,,0
ccrescentus,CCNA_02022,1,3,0.0,0
ccrescentus,CCNA_02023,1,1,0.0,0
ccrescentus,CCNA_02024,1,3,0.0,0
ccrescentus,CCNA_02025,0,0,,0
ccrescentus,CCNA_02026,0,0,,0
ccrescentus,CCNA_02027,1,1,0.0,0
ccrescentus,CCNA_02028,0,0,,0
ccrescentus,CCNA_02029,1,3,0.0,0
ccrescentus,CCNA_02031,1,1,0.0,0
ccrescentus,CCNA_02032,1,3,0.0,0
ccrescentus,CCNA_02033,1,2,0.0,0
ccrescentus,CCNA_02034,0,2,0.0,0
ccrescentus,CCNA_02035,0,0,,0
ccrescentus,CCNA_02036,0,2,0.0,0
ccrescentus,CCNA_02037,0,5,0.6,1
ccrescentus,CCNA_02040,1,0,,0
ccrescentus,CCNA_02041,1,4,0.5,1
ccrescentus,CCNA_02043,0,1,0.0,0
ccrescentus,CCNA_02044,0,0,,0
ccrescentus,CCNA_02045,0,1,0.0,0
ccrescentus,CCNA_02047,1,4,0.75,1
ccrescentus,CCNA_02048,0,0,,0
ccrescentus,CCNA_02049,0,0,,0
ccrescentus,CCNA_02050,0,0,,0
ccrescentus,CCNA_02051,0,0,,0
ccrescentus,CCNA_02052,1,5,1.0,1
ccrescentus,CCNA_02053,0,0,,0
ccrescentus,CCNA_02054,0,1,1.0,1
ccrescentus,CCNA_02055,0,3,0.0,0
ccrescentus,CCNA_02056,1,0,,0
ccrescentus,CCNA_02057,0,0,,0
ccrescentus,CCNA_02058,0,0,,0
ccrescentus,CCNA_02059,0,1,0.0,0
ccrescentus,CCNA_02060,0,3,0.0,0
ccrescentus,CCNA_02061,0,0,,0
ccrescentus,CCNA_02062,0,3,0.0,0
ccrescentus,CCNA_02063,1,0,,0
ccrescentus,CCNA_02064,1,2,0.0,0
ccrescentus,CCNA_02065,0,0,,0
ccrescentus,CCNA_02066,0,0,,0
ccrescentus,CCNA_02067,0,0,,0
ccrescentus,CCNA_02068,0,0,,0
ccrescentus,CCNA_02069,1,3,0.6666666666666666,1
ccrescentus,CCNA_02070,1,2,1.0,1
ccrescentus,CCNA_02071,1,1,0.0,0
ccrescentus,CCNA_02072,0,1,0.0,0
ccrescentus,CCNA_02073,0,1,0.0,0
ccrescentus,CCNA_02074,0,0,,0
ccrescentus,CCNA_02075,1,0,,0
ccrescentus,CCNA_02076,1,1,0.0,0
ccrescentus,CCNA_02078,1,7,1.0,1
ccrescentus,CCNA_02080,1,2,0.0,0
ccrescentus,CCNA_02082,1,0,,0
ccrescentus,CCNA_02083,0,2,0.0,0
ccrescentus,CCNA_02084,0,0,,0
ccrescentus,CCNA_02086,1,0,,0
ccrescentus,CCNA_02087,0,0,,0
ccrescentus,CCNA_02088,0,3,0.3333333333333333,0
ccrescentus,CCNA_02089,0,0,,0
ccrescentus,CCNA_02090,0,2,0.0,0
ccrescentus,CCNA_02091,0,0,,0
ccrescentus,CCNA_02092,0,0,,0
ccrescentus,CCNA_02093,0,0,,0
ccrescentus,CCNA_02094,1,0,,0
ccrescentus,CCNA_02095,0,1,0.0,0
ccrescentus,CCNA_02096,0,0,,0
ccrescentus,CCNA_02097,1,1,0.0,0
ccrescentus,CCNA_02098,0,0,,0
ccrescentus,CCNA_02099,0,0,,0
ccrescentus,CCNA_02100,0,0,,0
ccrescentus,CCNA_02101,0,0,,0
ccrescentus,CCNA_02102,0,0,,0
ccrescentus,CCNA_02103,0,0,,0
ccrescentus,CCNA_02104,0,0,,0
ccrescentus,CCNA_02105,0,0,,0
ccrescentus,CCNA_02106,0,0,,0
ccrescentus,CCNA_02108,0,0,,0
ccrescentus,CCNA_02109,0,2,0.5,1
ccrescentus,CCNA_02110,0,0,,0
ccrescentus,CCNA_02111,0,0,,0
ccrescentus,CCNA_02112,0,0,,0
ccrescentus,CCNA_02113,0,0,,0
ccrescentus,CCNA_02114,0,0,,0
ccrescentus,CCNA_02115,0,0,,0
ccrescentus,CCNA_02116,0,0,,0
ccrescentus,CCNA_02117,0,0,,0
ccrescentus,CCNA_02118,0,0,,0
ccrescentus,CCNA_02119,0,0,,0
ccrescentus,CCNA_02120,0,0,,0
ccrescentus,CCNA_02121,0,0,,0
ccrescentus,CCNA_02122,0,0,,0
ccrescentus,CCNA_02123,0,0,,0
ccrescentus,CCNA_02124,0,0,,0
ccrescentus,CCNA_02125,0,0,,0
ccrescentus,CCNA_02126,0,0,,0
ccrescentus,CCNA_02128,0,1,0.0,0
ccrescentus,CCNA_02129,0,0,,0
ccrescentus,CCNA_02130,0,5,0.8,1
ccrescentus,CCNA_02131,0,0,,0
ccrescentus,CCNA_02132,0,0,,0
ccrescentus,CCNA_02133,0,1,0.0,0
ccrescentus,CCNA_02134,0,2,0.0,0
ccrescentus,CCNA_02135,0,1,0.0,0
ccrescentus,CCNA_02136,0,3,0.3333333333333333,0
ccrescentus,CCNA_02137,0,0,,0
ccrescentus,CCNA_02138,0,0,,0
ccrescentus,CCNA_02139,0,0,,0
ccrescentus,CCNA_02140,0,0,,0
ccrescentus,CCNA_02141,0,0,,0
ccrescentus,CCNA_02142,0,0,,0
ccrescentus,CCNA_02143,0,1,0.0,0
ccrescentus,CCNA_02144,0,0,,0
ccrescentus,CCNA_02145,0,0,,0
ccrescentus,CCNA_02146,0,0,,0
ccrescentus,CCNA_02147,0,0,,0
ccrescentus,CCNA_02148,0,0,,0
ccrescentus,CCNA_02149,1,3,1.0,1
ccrescentus,CCNA_02150,1,4,0.0,0
ccrescentus,CCNA_02152,0,0,,0
ccrescentus,CCNA_02153,0,0,,0
ccrescentus,CCNA_02154,0,1,0.0,0
ccrescentus,CCNA_02155,0,1,0.0,0
ccrescentus,CCNA_02156,0,0,,0
ccrescentus,CCNA_02157,0,0,,0
ccrescentus,CCNA_02158,0,0,,0
ccrescentus,CCNA_02159,0,0,,0
ccrescentus,CCNA_02160,0,0,,0
ccrescentus,CCNA_02161,0,0,,0
ccrescentus,CCNA_02163,0,0,,0
ccrescentus,CCNA_02164,0,0,,0
ccrescentus,CCNA_02165,0,0,,0
ccrescentus,CCNA_02166,0,0,,0
ccrescentus,CCNA_02167,0,0,,0
ccrescentus,CCNA_02169,0,0,,0
ccrescentus,CCNA_02170,0,0,,0
ccrescentus,CCNA_02172,0,0,,0
ccrescentus,CCNA_02173,0,1,1.0,1
ccrescentus,CCNA_02174,0,0,,0
ccrescentus,CCNA_02175,0,0,,0
ccrescentus,CCNA_02176,0,0,,0
ccrescentus,CCNA_02178,0,1,0.0,0
ccrescentus,CCNA_02179,0,0,,0
ccrescentus,CCNA_02180,1,3,0.3333333333333333,0
ccrescentus,CCNA_02181,0,1,0.0,0
ccrescentus,CCNA_02182,0,2,0.5,1
ccrescentus,CCNA_02183,1,2,0.5,1
ccrescentus,CCNA_02184,0,0,,0
ccrescentus,CCNA_02185,0,3,0.3333333333333333,0
ccrescentus,CCNA_02186,0,2,0.0,0
ccrescentus,CCNA_02187,0,0,,0
ccrescentus,CCNA_02188,0,0,,0
ccrescentus,CCNA_02189,0,0,,0
ccrescentus,CCNA_02190,0,0,,0
ccrescentus,CCNA_02191,0,0,,0
ccrescentus,CCNA_02192,0,0,,0
ccrescentus,CCNA_02193,0,0,,0
ccrescentus,CCNA_02194,1,3,0.3333333333333333,0
ccrescentus,CCNA_02195,0,0,,0
ccrescentus,CCNA_02196,0,2,0.0,0
ccrescentus,CCNA_02197,0,0,,0
ccrescentus,CCNA_02198,1,2,0.5,1
ccrescentus,CCNA_02199,0,0,,0
ccrescentus,CCNA_02200,0,0,,0
ccrescentus,CCNA_02201,0,0,,0
ccrescentus,CCNA_02202,0,0,,0
ccrescentus,CCNA_02203,0,1,0.0,0
ccrescentus,CCNA_02204,1,2,0.5,1
ccrescentus,CCNA_02205,0,0,,0
ccrescentus,CCNA_02206,0,1,0.0,0
ccrescentus,CCNA_02207,0,0,,0
ccrescentus,CCNA_02208,1,5,0.6,1
ccrescentus,CCNA_02209,0,1,0.0,0
ccrescentus,CCNA_02210,1,4,1.0,1
ccrescentus,CCNA_02211,0,0,,0
ccrescentus,CCNA_02212,0,0,,0
ccrescentus,CCNA_02213,0,1,0.0,0
ccrescentus,CCNA_02214,0,0,,0
ccrescentus,CCNA_02215,0,0,,0
ccrescentus,CCNA_02216,0,0,,0
ccrescentus,CCNA_02217,0,0,,0
ccrescentus,CCNA_02218,0,0,,0
ccrescentus,CCNA_02219,0,0,,0
ccrescentus,CCNA_02220,0,0,,0
ccrescentus,CCNA_02221,0,2,0.0,0
ccrescentus,CCNA_02222,0,0,,0
ccrescentus,CCNA_02223,0,0,,0
ccrescentus,CCNA_02224,0,2,0.0,0
ccrescentus,CCNA_02225,0,0,,0
ccrescentus,CCNA_02226,0,0,,0
ccrescentus,CCNA_02227,0,0,,0
ccrescentus,CCNA_02228,0,0,,0
ccrescentus,CCNA_02229,0,0,,0
ccrescentus,CCNA_02230,0,2,0.0,0
ccrescentus,CCNA_02231,0,3,0.3333333333333333,0
ccrescentus,CCNA_02232,0,0,,0
ccrescentus,CCNA_02233,0,0,,0
ccrescentus,CCNA_02234,0,0,,0
ccrescentus,CCNA_02235,0,0,,0
ccrescentus,CCNA_02236,0,0,,0
ccrescentus,CCNA_02237,0,0,,0
ccrescentus,CCNA_02238,0,0,,0
ccrescentus,CCNA_02239,0,0,,0
ccrescentus,CCNA_02240,0,0,,0
ccrescentus,CCNA_02241,0,1,0.0,0
ccrescentus,CCNA_02242,0,0,,0
ccrescentus,CCNA_02244,0,1,0.0,0
ccrescentus,CCNA_02245,0,0,,0
ccrescentus,CCNA_02246,1,0,,0
ccrescentus,CCNA_02247,1,2,0.5,1
ccrescentus,CCNA_02248,0,0,,0
ccrescentus,CCNA_02249,0,0,,0
ccrescentus,CCNA_02250,0,0,,0
ccrescentus,CCNA_02251,0,0,,0
ccrescentus,CCNA_02252,0,1,0.0,0
ccrescentus,CCNA_02253,0,1,0.0,0
ccrescentus,CCNA_02254,0,0,,0
ccrescentus,CCNA_02256,1,0,,0
ccrescentus,CCNA_02257,0,0,,0
ccrescentus,CCNA_02258,1,2,0.5,1
ccrescentus,CCNA_02259,0,0,,0
ccrescentus,CCNA_02260,0,0,,0
ccrescentus,CCNA_02261,0,0,,0
ccrescentus,CCNA_02262,0,0,,0
ccrescentus,CCNA_02263,0,0,,0
ccrescentus,CCNA_02264,0,0,,0
ccrescentus,CCNA_02265,0,4,0.75,1
ccrescentus,CCNA_02266,0,0,,0
ccrescentus,CCNA_02267,0,1,0.0,0
ccrescentus,CCNA_02268,0,0,,0
ccrescentus,CCNA_02269,0,1,0.0,0
ccrescentus,CCNA_02270,0,0,,0
ccrescentus,CCNA_02271,0,0,,0
ccrescentus,CCNA_02272,0,0,,0
ccrescentus,CCNA_02273,0,0,,0
ccrescentus,CCNA_02274,0,0,,0
ccrescentus,CCNA_02275,0,0,,0
ccrescentus,CCNA_02277,0,0,,0
ccrescentus,CCNA_02278,0,0,,0
ccrescentus,CCNA_02279,1,0,,0
ccrescentus,CCNA_02280,1,0,,0
ccrescentus,CCNA_02281,0,0,,0
ccrescentus,CCNA_02282,0,0,,0
ccrescentus,CCNA_02283,0,1,0.0,0
ccrescentus,CCNA_02284,0,0,,0
ccrescentus,CCNA_02286,0,0,,0
ccrescentus,CCNA_02287,0,0,,0
ccrescentus,CCNA_02288,0,1,1.0,1
ccrescentus,CCNA_02289,0,0,,0
ccrescentus,CCNA_02290,0,0,,0
ccrescentus,CCNA_02291,0,0,,0
ccrescentus,CCNA_02292,0,0,,0
ccrescentus,CCNA_02293,0,0,,0
ccrescentus,CCNA_02294,1,3,0.6666666666666666,1
ccrescentus,CCNA_02297,0,1,1.0,1
ccrescentus,CCNA_02298,0,0,,0
ccrescentus,CCNA_02299,1,2,0.5,1
ccrescentus,CCNA_02300,1,0,,0
ccrescentus,CCNA_02301,0,0,,0
ccrescentus,CCNA_02302,1,0,,0
ccrescentus,CCNA_02303,0,0,,0
ccrescentus,CCNA_02304,0,0,,0
ccrescentus,CCNA_02305,0,0,,0
ccrescentus,CCNA_02306,0,2,1.0,1
ccrescentus,CCNA_02307,0,1,1.0,1
ccrescentus,CCNA_02308,0,0,,0
ccrescentus,CCNA_02309,0,0,,0
ccrescentus,CCNA_02310,0,0,,0
ccrescentus,CCNA_02312,0,0,,0
ccrescentus,CCNA_02313,0,0,,0
ccrescentus,CCNA_02314,0,0,,0
ccrescentus,CCNA_02315,0,0,,0
ccrescentus,CCNA_02316,0,0,,0
ccrescentus,CCNA_02317,0,0,,0
ccrescentus,CCNA_02318,0,0,,0
ccrescentus,CCNA_02319,0,0,,0
ccrescentus,CCNA_02320,1,0,,0
ccrescentus,CCNA_02321,0,2,0.5,1
ccrescentus,CCNA_02322,0,1,0.0,0
ccrescentus,CCNA_02324,0,1,0.0,0
ccrescentus,CCNA_02325,0,2,0.5,1
ccrescentus,CCNA_02327,0,0,,0
ccrescentus,CCNA_02328,1,0,,0
ccrescentus,CCNA_02330,0,0,,0
ccrescentus,CCNA_02331,0,0,,0
ccrescentus,CCNA_02332,0,0,,0
ccrescentus,CCNA_02333,1,0,,0
ccrescentus,CCNA_02334,0,0,,0
ccrescentus,CCNA_02335,0,1,0.0,0
ccrescentus,CCNA_02336,0,1,0.0,0
ccrescentus,CCNA_02337,0,0,,0
ccrescentus,CCNA_02338,0,0,,0
ccrescentus,CCNA_02339,0,0,,0
ccrescentus,CCNA_02340,0,0,,0
ccrescentus,CCNA_02341,0,0,,0
ccrescentus,CCNA_02342,0,0,,0
ccrescentus,CCNA_02343,0,0,,0
ccrescentus,CCNA_02346,1,2,0.0,0
ccrescentus,CCNA_02347,0,1,0.0,0
ccrescentus,CCNA_02348,0,1,0.0,0
ccrescentus,CCNA_02349,0,1,0.0,0
ccrescentus,CCNA_02350,0,0,,0
ccrescentus,CCNA_02351,0,6,0.5,1
ccrescentus,CCNA_02352,0,0,,0
ccrescentus,CCNA_02353,0,0,,0
ccrescentus,CCNA_02354,0,0,,0
ccrescentus,CCNA_02355,0,0,,0
ccrescentus,CCNA_02356,0,1,0.0,0
ccrescentus,CCNA_02357,0,0,,0
ccrescentus,CCNA_02358,0,2,0.0,0
ccrescentus,CCNA_02359,0,0,,0
ccrescentus,CCNA_02360,0,0,,0
ccrescentus,CCNA_02361,0,0,,0
ccrescentus,CCNA_02362,0,1,0.0,0
ccrescentus,CCNA_02363,0,0,,0
ccrescentus,CCNA_02364,0,0,,0
ccrescentus,CCNA_02365,0,0,,0
ccrescentus,CCNA_02366,0,0,,0
ccrescentus,CCNA_02367,0,0,,0
ccrescentus,CCNA_02368,0,2,0.0,0
ccrescentus,CCNA_02369,0,0,,0
ccrescentus,CCNA_02370,0,0,,0
ccrescentus,CCNA_02371,0,0,,0
ccrescentus,CCNA_02372,0,0,,0
ccrescentus,CCNA_02373,0,0,,0
ccrescentus,CCNA_02374,0,0,,0
ccrescentus,CCNA_02375,0,0,,0
ccrescentus,CCNA_02376,0,0,,0
ccrescentus,CCNA_02377,0,0,,0
ccrescentus,CCNA_02378,0,0,,0
ccrescentus,CCNA_02379,0,0,,0
ccrescentus,CCNA_02382,0,0,,0
ccrescentus,CCNA_02383,0,0,,0
ccrescentus,CCNA_02384,0,2,0.0,0
ccrescentus,CCNA_02385,0,1,1.0,1
ccrescentus,CCNA_02387,0,1,0.0,0
ccrescentus,CCNA_02388,1,2,0.5,1
ccrescentus,CCNA_02389,1,4,1.0,1
ccrescentus,CCNA_02391,0,1,0.0,0
ccrescentus,CCNA_02392,0,0,,0
ccrescentus,CCNA_02394,0,0,,0
ccrescentus,CCNA_02395,0,0,,0
ccrescentus,CCNA_02396,0,0,,0
ccrescentus,CCNA_02397,0,1,0.0,0
ccrescentus,CCNA_02398,0,1,0.0,0
ccrescentus,CCNA_02399,0,1,0.0,0
ccrescentus,CCNA_02400,0,0,,0
ccrescentus,CCNA_02401,0,0,,0
ccrescentus,CCNA_02402,0,0,,0
ccrescentus,CCNA_02403,0,0,,0
ccrescentus,CCNA_02404,0,1,1.0,1
ccrescentus,CCNA_02405,0,0,,0
ccrescentus,CCNA_02406,0,0,,0
ccrescentus,CCNA_02407,0,1,0.0,0
ccrescentus,CCNA_02408,0,0,,0
ccrescentus,CCNA_02409,0,0,,0
ccrescentus,CCNA_02410,0,0,,0
ccrescentus,CCNA_02411,0,0,,0
ccrescentus,CCNA_02412,0,0,,0
ccrescentus,CCNA_02413,0,1,0.0,0
ccrescentus,CCNA_02414,0,1,1.0,1
ccrescentus,CCNA_02415,0,0,,0
ccrescentus,CCNA_02416,0,2,1.0,1
ccrescentus,CCNA_02417,0,1,0.0,0
ccrescentus,CCNA_02418,0,0,,0
ccrescentus,CCNA_02422,0,2,0.5,1
ccrescentus,CCNA_02423,0,0,,0
ccrescentus,CCNA_02424,0,0,,0
ccrescentus,CCNA_02425,0,1,0.0,0
ccrescentus,CCNA_02426,0,0,,0
ccrescentus,CCNA_02427,0,2,0.0,0
ccrescentus,CCNA_02428,1,6,1.0,1
ccrescentus,CCNA_02429,0,0,,0
ccrescentus,CCNA_02430,0,0,,0
ccrescentus,CCNA_02431,0,3,0.6666666666666666,1
ccrescentus,CCNA_02432,0,1,0.0,0
ccrescentus,CCNA_02433,0,0,,0
ccrescentus,CCNA_02434,0,0,,0
ccrescentus,CCNA_02435,1,4,1.0,1
ccrescentus,CCNA_02436,0,0,,0
ccrescentus,CCNA_02437,0,1,0.0,0
ccrescentus,CCNA_02438,0,0,,0
ccrescentus,CCNA_02439,0,3,0.0,0
ccrescentus,CCNA_02440,0,1,0.0,0
ccrescentus,CCNA_02441,0,0,,0
ccrescentus,CCNA_02442,0,0,,0
ccrescentus,CCNA_02443,0,1,0.0,0
ccrescentus,CCNA_02444,0,0,,0
ccrescentus,CCNA_02445,0,1,0.0,0
ccrescentus,CCNA_02446,0,1,0.0,0
ccrescentus,CCNA_02447,0,1,0.0,0
ccrescentus,CCNA_02448,0,1,0.0,0
ccrescentus,CCNA_02450,0,1,0.0,0
ccrescentus,CCNA_02451,0,0,,0
ccrescentus,CCNA_02452,0,0,,0
ccrescentus,CCNA_02453,0,2,0.0,0
ccrescentus,CCNA_02454,0,1,0.0,0
ccrescentus,CCNA_02455,0,1,0.0,0
ccrescentus,CCNA_02456,0,0,,0
ccrescentus,CCNA_02457,0,0,,0
ccrescentus,CCNA_02458,0,1,0.0,0
ccrescentus,CCNA_02459,0,1,0.0,0
ccrescentus,CCNA_02460,0,0,,0
ccrescentus,CCNA_02461,0,0,,0
ccrescentus,CCNA_02462,0,0,,0
ccrescentus,CCNA_02463,1,0,,0
ccrescentus,CCNA_02464,0,1,0.0,0
ccrescentus,CCNA_02465,0,2,0.0,0
ccrescentus,CCNA_02466,0,3,0.6666666666666666,1
ccrescentus,CCNA_02467,0,1,0.0,0
ccrescentus,CCNA_02468,0,0,,0
ccrescentus,CCNA_02469,0,0,,0
ccrescentus,CCNA_02470,0,0,,0
ccrescentus,CCNA_02471,0,0,,0
ccrescentus,CCNA_02472,0,0,,0
ccrescentus,CCNA_02473,0,1,0.0,0
ccrescentus,CCNA_02474,0,0,,0
ccrescentus,CCNA_02475,0,1,0.0,0
ccrescentus,CCNA_02476,0,1,0.0,0
ccrescentus,CCNA_02477,0,2,0.0,0
ccrescentus,CCNA_02478,0,1,0.0,0
ccrescentus,CCNA_02479,0,1,0.0,0
ccrescentus,CCNA_02480,0,1,0.0,0
ccrescentus,CCNA_02481,0,0,,0
ccrescentus,CCNA_02482,0,0,,0
ccrescentus,CCNA_02483,0,0,,0
ccrescentus,CCNA_02484,0,1,0.0,0
ccrescentus,CCNA_02485,0,1,0.0,0
ccrescentus,CCNA_02486,0,1,0.0,0
ccrescentus,CCNA_02487,0,1,0.0,0
ccrescentus,CCNA_02488,0,1,0.0,0
ccrescentus,CCNA_02489,0,1,0.0,0
ccrescentus,CCNA_02490,0,1,0.0,0
ccrescentus,CCNA_02491,0,1,0.0,0
ccrescentus,CCNA_02492,0,1,0.0,0
ccrescentus,CCNA_02493,0,1,0.0,0
ccrescentus,CCNA_02494,0,1,0.0,0
ccrescentus,CCNA_02495,0,1,0.0,0
ccrescentus,CCNA_02496,0,0,,0
ccrescentus,CCNA_02497,0,0,,0
ccrescentus,CCNA_02498,0,0,,0
ccrescentus,CCNA_02499,0,0,,0
ccrescentus,CCNA_02500,0,0,,0
ccrescentus,CCNA_02501,0,0,,0
ccrescentus,CCNA_02502,0,0,,0
ccrescentus,CCNA_02503,0,0,,0
ccrescentus,CCNA_02504,0,0,,0
ccrescentus,CCNA_02505,0,0,,0
ccrescentus,CCNA_02506,0,0,,0
ccrescentus,CCNA_02507,0,1,0.0,0
ccrescentus,CCNA_02508,0,0,,0
ccrescentus,CCNA_02509,0,0,,0
ccrescentus,CCNA_02510,0,0,,0
ccrescentus,CCNA_02511,0,0,,0
ccrescentus,CCNA_02512,0,0,,0
ccrescentus,CCNA_02513,0,0,,0
ccrescentus,CCNA_02514,0,0,,0
ccrescentus,CCNA_02515,0,0,,0
ccrescentus,CCNA_02516,0,2,0.0,0
ccrescentus,CCNA_02517,0,0,,0
ccrescentus,CCNA_02518,1,6,1.0,1
ccrescentus,CCNA_02519,1,6,1.0,1
ccrescentus,CCNA_02522,0,0,,0
ccrescentus,CCNA_02523,0,0,,0
ccrescentus,CCNA_02525,0,2,0.5,1
ccrescentus,CCNA_02526,0,1,1.0,1
ccrescentus,CCNA_02527,0,0,,0
ccrescentus,CCNA_02528,1,4,0.75,1
ccrescentus,CCNA_02529,0,3,0.0,0
ccrescentus,CCNA_02530,0,0,,0
ccrescentus,CCNA_02532,0,0,,0
ccrescentus,CCNA_02533,0,0,,0
ccrescentus,CCNA_02534,0,0,,0
ccrescentus,CCNA_02535,1,7,0.8571428571428571,1
ccrescentus,CCNA_02537,0,4,0.75,1
ccrescentus,CCNA_02538,0,0,,0
ccrescentus,CCNA_02539,0,1,0.0,0
ccrescentus,CCNA_02540,0,1,0.0,0
ccrescentus,CCNA_02541,0,0,,0
ccrescentus,CCNA_02542,0,0,,0
ccrescentus,CCNA_02543,1,2,0.0,0
ccrescentus,CCNA_02544,0,0,,0
ccrescentus,CCNA_02545,0,0,,0
ccrescentus,CCNA_02546,0,0,,0
ccrescentus,CCNA_02547,1,0,,0
ccrescentus,CCNA_02548,0,0,,0
ccrescentus,CCNA_02549,0,2,0.0,0
ccrescentus,CCNA_02550,0,2,0.0,0
ccrescentus,CCNA_02551,0,0,,0
ccrescentus,CCNA_02552,0,1,0.0,0
ccrescentus,CCNA_02553,0,2,0.0,0
ccrescentus,CCNA_02554,0,0,,0
ccrescentus,CCNA_02555,0,4,0.25,0
ccrescentus,CCNA_02556,0,0,,0
ccrescentus,CCNA_02557,0,1,0.0,0
ccrescentus,CCNA_02558,0,0,,0
ccrescentus,CCNA_02559,0,0,,0
ccrescentus,CCNA_02560,0,0,,0
ccrescentus,CCNA_02561,0,0,,0
ccrescentus,CCNA_02562,0,0,,0
ccrescentus,CCNA_02563,0,0,,0
ccrescentus,CCNA_02564,0,1,0.0,0
ccrescentus,CCNA_02565,0,0,,0
ccrescentus,CCNA_02566,0,2,0.0,0
ccrescentus,CCNA_02567,0,0,,0
ccrescentus,CCNA_02568,0,1,0.0,0
ccrescentus,CCNA_02569,0,1,0.0,0
ccrescentus,CCNA_02570,0,0,,0
ccrescentus,CCNA_02571,0,0,,0
ccrescentus,CCNA_02573,0,0,,0
ccrescentus,CCNA_02574,0,0,,0
ccrescentus,CCNA_02575,0,0,,0
ccrescentus,CCNA_02576,0,2,0.5,1
ccrescentus,CCNA_02577,0,0,,0
ccrescentus,CCNA_02578,0,0,,0
ccrescentus,CCNA_02579,0,1,0.0,0
ccrescentus,CCNA_02580,0,2,0.0,0
ccrescentus,CCNA_02581,0,0,,0
ccrescentus,CCNA_02582,0,0,,0
ccrescentus,CCNA_02583,0,1,1.0,1
ccrescentus,CCNA_02586,0,1,1.0,1
ccrescentus,CCNA_02587,0,1,0.0,0
ccrescentus,CCNA_02588,0,0,,0
ccrescentus,CCNA_02589,0,0,,0
ccrescentus,CCNA_02590,0,0,,0
ccrescentus,CCNA_02591,0,2,0.0,0
ccrescentus,CCNA_02592,0,0,,0
ccrescentus,CCNA_02593,0,0,,0
ccrescentus,CCNA_02594,0,3,0.0,0
ccrescentus,CCNA_02595,0,0,,0
ccrescentus,CCNA_02596,1,7,0.8571428571428571,1
ccrescentus,CCNA_02597,0,0,,0
ccrescentus,CCNA_02598,0,0,,0
ccrescentus,CCNA_02599,0,0,,0
ccrescentus,CCNA_02600,0,2,0.0,0
ccrescentus,CCNA_02601,0,1,0.0,0
ccrescentus,CCNA_02602,0,2,0.0,0
ccrescentus,CCNA_02603,0,0,,0
ccrescentus,CCNA_02604,0,0,,0
ccrescentus,CCNA_02605,0,0,,0
ccrescentus,CCNA_02606,0,0,,0
ccrescentus,CCNA_02607,1,1,0.0,0
ccrescentus,CCNA_02608,0,0,,0
ccrescentus,CCNA_02609,0,0,,0
ccrescentus,CCNA_02610,0,0,,0
ccrescentus,CCNA_02611,0,1,0.0,0
ccrescentus,CCNA_02612,1,6,1.0,1
ccrescentus,CCNA_02613,0,1,0.0,0
ccrescentus,CCNA_02614,0,1,0.0,0
ccrescentus,CCNA_02615,0,0,,0
ccrescentus,CCNA_02616,0,0,,0
ccrescentus,CCNA_02617,0,2,0.0,0
ccrescentus,CCNA_02618,0,0,,0
ccrescentus,CCNA_02619,0,0,,0
ccrescentus,CCNA_02620,0,0,,0
ccrescentus,CCNA_02621,0,0,,0
ccrescentus,CCNA_02622,0,0,,0
ccrescentus,CCNA_02623,1,5,0.6,1
ccrescentus,CCNA_02624,1,0,,0
ccrescentus,CCNA_02625,1,0,,0
ccrescentus,CCNA_02626,1,2,1.0,1
ccrescentus,CCNA_02627,0,0,,0
ccrescentus,CCNA_02628,1,1,1.0,1
ccrescentus,CCNA_02629,1,4,1.0,1
ccrescentus,CCNA_02630,0,0,,0
ccrescentus,CCNA_02632,0,0,,0
ccrescentus,CCNA_02633,0,0,,0
ccrescentus,CCNA_02634,1,3,1.0,1
ccrescentus,CCNA_02635,1,1,0.0,0
ccrescentus,CCNA_02636,0,0,,0
ccrescentus,CCNA_02637,0,0,,0
ccrescentus,CCNA_02638,0,0,,0
ccrescentus,CCNA_02639,1,4,1.0,1
ccrescentus,CCNA_02640,1,4,0.75,1
ccrescentus,CCNA_02641,1,3,1.0,1
ccrescentus,CCNA_02642,1,4,1.0,1
ccrescentus,CCNA_02643,1,1,1.0,1
ccrescentus,CCNA_02644,1,0,,0
ccrescentus,CCNA_02646,0,0,,0
ccrescentus,CCNA_02647,0,0,,0
ccrescentus,CCNA_02648,0,0,,0
ccrescentus,CCNA_02649,0,0,,0
ccrescentus,CCNA_02651,0,0,,0
ccrescentus,CCNA_02652,0,2,0.0,0
ccrescentus,CCNA_02653,0,0,,0
ccrescentus,CCNA_02654,0,0,,0
ccrescentus,CCNA_02655,0,0,,0
ccrescentus,CCNA_02656,0,0,,0
ccrescentus,CCNA_02657,0,0,,0
ccrescentus,CCNA_02658,0,0,,0
ccrescentus,CCNA_02659,0,0,,0
ccrescentus,CCNA_02660,0,0,,0
ccrescentus,CCNA_02661,0,0,,0
ccrescentus,CCNA_02662,0,0,,0
ccrescentus,CCNA_02663,0,2,0.0,0
ccrescentus,CCNA_02664,0,0,,0
ccrescentus,CCNA_02665,0,1,0.0,0
ccrescentus,CCNA_02666,0,0,,0
ccrescentus,CCNA_02667,0,0,,0
ccrescentus,CCNA_02668,0,0,,0
ccrescentus,CCNA_02669,0,0,,0
ccrescentus,CCNA_02670,0,0,,0
ccrescentus,CCNA_02671,0,0,,0
ccrescentus,CCNA_02672,0,0,,0
ccrescentus,CCNA_02673,0,6,0.5,1
ccrescentus,CCNA_02674,0,0,,0
ccrescentus,CCNA_02675,0,0,,0
ccrescentus,CCNA_02676,0,0,,0
ccrescentus,CCNA_02677,0,0,,0
ccrescentus,CCNA_02680,0,0,,0
ccrescentus,CCNA_02681,0,1,0.0,0
ccrescentus,CCNA_02682,0,1,0.0,0
ccrescentus,CCNA_02683,0,2,0.0,0
ccrescentus,CCNA_02684,0,1,0.0,0
ccrescentus,CCNA_02685,0,0,,0
ccrescentus,CCNA_02686,0,1,0.0,0
ccrescentus,CCNA_02687,0,0,,0
ccrescentus,CCNA_02688,0,1,0.0,0
ccrescentus,CCNA_02689,0,0,,0
ccrescentus,CCNA_02690,0,0,,0
ccrescentus,CCNA_02691,0,0,,0
ccrescentus,CCNA_02692,0,1,0.0,0
ccrescentus,CCNA_02693,0,0,,0
ccrescentus,CCNA_02694,0,0,,0
ccrescentus,CCNA_02696,0,1,0.0,0
ccrescentus,CCNA_02697,0,0,,0
ccrescentus,CCNA_02699,0,0,,0
ccrescentus,CCNA_02700,0,1,0.0,0
ccrescentus,CCNA_02701,0,1,0.0,0
ccrescentus,CCNA_02702,0,1,0.0,0
ccrescentus,CCNA_02703,0,1,0.0,0
ccrescentus,CCNA_02704,1,2,0.0,0
ccrescentus,CCNA_02705,1,1,0.0,0
ccrescentus,CCNA_02708,0,1,0.0,0
ccrescentus,CCNA_02709,0,2,0.0,0
ccrescentus,CCNA_02710,0,0,,0
ccrescentus,CCNA_02711,0,0,,0
ccrescentus,CCNA_02712,0,0,,0
ccrescentus,CCNA_02713,0,0,,0
ccrescentus,CCNA_02714,0,3,0.0,0
ccrescentus,CCNA_02715,0,0,,0
ccrescentus,CCNA_02716,0,1,0.0,0
ccrescentus,CCNA_02717,0,1,0.0,0
ccrescentus,CCNA_02718,0,1,0.0,0
ccrescentus,CCNA_02720,0,0,,0
ccrescentus,CCNA_02722,0,0,,0
ccrescentus,CCNA_02723,0,0,,0
ccrescentus,CCNA_02724,0,2,0.0,0
ccrescentus,CCNA_02725,0,1,0.0,0
ccrescentus,CCNA_02726,0,1,0.0,0
ccrescentus,CCNA_02727,0,2,0.0,0
ccrescentus,CCNA_02728,0,0,,0
ccrescentus,CCNA_02729,0,1,0.0,0
ccrescentus,CCNA_02730,0,2,0.0,0
ccrescentus,CCNA_02731,0,0,,0
ccrescentus,CCNA_02732,0,0,,0
ccrescentus,CCNA_02733,0,0,,0
ccrescentus,CCNA_02734,0,4,0.25,0
ccrescentus,CCNA_02735,0,1,0.0,0
ccrescentus,CCNA_02736,0,1,0.0,0
ccrescentus,CCNA_02737,0,0,,0
ccrescentus,CCNA_02738,0,0,,0
ccrescentus,CCNA_02739,0,0,,0
ccrescentus,CCNA_02740,0,0,,0
ccrescentus,CCNA_02741,0,1,0.0,0
ccrescentus,CCNA_02742,0,0,,0
ccrescentus,CCNA_02743,0,0,,0
ccrescentus,CCNA_02744,0,0,,0
ccrescentus,CCNA_02745,0,0,,0
ccrescentus,CCNA_02746,0,0,,0
ccrescentus,CCNA_02747,0,2,0.0,0
ccrescentus,CCNA_02748,0,0,,0
ccrescentus,CCNA_02749,0,0,,0
ccrescentus,CCNA_02750,0,2,0.0,0
ccrescentus,CCNA_02751,0,3,0.3333333333333333,0
ccrescentus,CCNA_02752,0,0,,0
ccrescentus,CCNA_02753,0,0,,0
ccrescentus,CCNA_02754,0,1,0.0,0
ccrescentus,CCNA_02755,0,0,,0
ccrescentus,CCNA_02756,0,0,,0
ccrescentus,CCNA_02757,0,1,0.0,0
ccrescentus,CCNA_02758,0,0,,0
ccrescentus,CCNA_02759,1,5,0.4,0
ccrescentus,CCNA_02760,0,0,,0
ccrescentus,CCNA_02761,0,0,,0
ccrescentus,CCNA_02762,0,1,0.0,0
ccrescentus,CCNA_02763,0,0,,0
ccrescentus,CCNA_02764,0,0,,0
ccrescentus,CCNA_02765,0,0,,0
ccrescentus,CCNA_02766,0,0,,0
ccrescentus,CCNA_02767,0,0,,0
ccrescentus,CCNA_02768,0,0,,0
ccrescentus,CCNA_02769,0,0,,0
ccrescentus,CCNA_02770,0,0,,0
ccrescentus,CCNA_02771,0,0,,0
ccrescentus,CCNA_02772,0,0,,0
ccrescentus,CCNA_02773,0,0,,0
ccrescentus,CCNA_02774,0,0,,0
ccrescentus,CCNA_02775,0,0,,0
ccrescentus,CCNA_02776,0,2,0.0,0
ccrescentus,CCNA_02777,0,0,,0
ccrescentus,CCNA_02778,0,0,,0
ccrescentus,CCNA_02779,0,0,,0
ccrescentus,CCNA_02780,0,0,,0
ccrescentus,CCNA_02781,0,0,,0
ccrescentus,CCNA_02782,0,0,,0
ccrescentus,CCNA_02783,0,0,,0
ccrescentus,CCNA_02784,0,0,,0
ccrescentus,CCNA_02785,0,0,,0
ccrescentus,CCNA_02786,0,0,,0
ccrescentus,CCNA_02787,0,0,,0
ccrescentus,CCNA_02788,0,0,,0
ccrescentus,CCNA_02790,0,0,,0
ccrescentus,CCNA_02791,0,0,,0
ccrescentus,CCNA_02792,0,0,,0
ccrescentus,CCNA_02793,0,0,,0
ccrescentus,CCNA_02794,0,0,,0
ccrescentus,CCNA_02795,0,0,,0
ccrescentus,CCNA_02796,0,0,,0
ccrescentus,CCNA_02797,0,0,,0
ccrescentus,CCNA_02798,0,0,,0
ccrescentus,CCNA_02800,0,0,,0
ccrescentus,CCNA_02801,0,0,,0
ccrescentus,CCNA_02802,0,0,,0
ccrescentus,CCNA_02805,0,0,,0
ccrescentus,CCNA_02806,0,0,,0
ccrescentus,CCNA_02807,0,0,,0
ccrescentus,CCNA_02808,0,0,,0
ccrescentus,CCNA_02809,0,0,,0
ccrescentus,CCNA_02810,0,0,,0
ccrescentus,CCNA_02811,0,3,0.0,0
ccrescentus,CCNA_02812,0,0,,0
ccrescentus,CCNA_02813,0,0,,0
ccrescentus,CCNA_02814,0,0,,0
ccrescentus,CCNA_02815,0,0,,0
ccrescentus,CCNA_02816,0,0,,0
ccrescentus,CCNA_02817,0,0,,0
ccrescentus,CCNA_02819,0,0,,0
ccrescentus,CCNA_02820,0,0,,0
ccrescentus,CCNA_02821,0,0,,0
ccrescentus,CCNA_02822,0,0,,0
ccrescentus,CCNA_02823,0,0,,0
ccrescentus,CCNA_02824,0,0,,0
ccrescentus,CCNA_02825,0,0,,0
ccrescentus,CCNA_02826,0,0,,0
ccrescentus,CCNA_02827,0,0,,0
ccrescentus,CCNA_02828,0,0,,0
ccrescentus,CCNA_02829,0,0,,0
ccrescentus,CCNA_02830,0,0,,0
ccrescentus,CCNA_02831,0,0,,0
ccrescentus,CCNA_02832,0,0,,0
ccrescentus,CCNA_02833,0,0,,0
ccrescentus,CCNA_02834,0,0,,0
ccrescentus,CCNA_02837,0,1,0.0,0
ccrescentus,CCNA_02838,0,0,,0
ccrescentus,CCNA_02839,0,1,0.0,0
ccrescentus,CCNA_02840,0,0,,0
ccrescentus,CCNA_02841,1,0,,0
ccrescentus,CCNA_02842,0,0,,0
ccrescentus,CCNA_02843,0,0,,0
ccrescentus,CCNA_02844,1,0,,0
ccrescentus,CCNA_02845,0,2,0.5,1
ccrescentus,CCNA_02846,0,0,,0
ccrescentus,CCNA_02847,0,0,,0
ccrescentus,CCNA_02848,0,0,,0
ccrescentus,CCNA_02849,0,0,,0
ccrescentus,CCNA_02850,0,0,,0
ccrescentus,CCNA_02851,0,1,0.0,0
ccrescentus,CCNA_02852,0,0,,0
ccrescentus,CCNA_02853,0,1,0.0,0
ccrescentus,CCNA_02854,0,3,0.0,0
ccrescentus,CCNA_02856,0,0,,0
ccrescentus,CCNA_02858,0,0,,0
ccrescentus,CCNA_02859,0,0,,0
ccrescentus,CCNA_02860,0,1,0.0,0
ccrescentus,CCNA_02861,0,0,,0
ccrescentus,CCNA_02862,0,0,,0
ccrescentus,CCNA_02863,0,1,0.0,0
ccrescentus,CCNA_02864,0,0,,0
ccrescentus,CCNA_02865,0,0,,0
ccrescentus,CCNA_02867,0,0,,0
ccrescentus,CCNA_02868,0,0,,0
ccrescentus,CCNA_02870,0,0,,0
ccrescentus,CCNA_02871,0,0,,0
ccrescentus,CCNA_02872,0,0,,0
ccrescentus,CCNA_02873,0,0,,0
ccrescentus,CCNA_02874,0,0,,0
ccrescentus,CCNA_02875,0,0,,0
ccrescentus,CCNA_02876,0,0,,0
ccrescentus,CCNA_02877,0,0,,0
ccrescentus,CCNA_02878,0,0,,0
ccrescentus,CCNA_02879,0,0,,0
ccrescentus,CCNA_02880,0,0,,0
ccrescentus,CCNA_02881,0,1,0.0,0
ccrescentus,CCNA_02882,0,0,,0
ccrescentus,CCNA_02883,0,0,,0
ccrescentus,CCNA_02884,0,2,0.0,0
ccrescentus,CCNA_02885,0,1,0.0,0
ccrescentus,CCNA_02886,0,2,0.0,0
ccrescentus,CCNA_02887,0,1,0.0,0
ccrescentus,CCNA_02888,0,1,0.0,0
ccrescentus,CCNA_02889,0,1,0.0,0
ccrescentus,CCNA_02891,0,0,,0
ccrescentus,CCNA_02892,0,0,,0
ccrescentus,CCNA_02893,0,0,,0
ccrescentus,CCNA_02894,0,0,,0
ccrescentus,CCNA_02895,0,0,,0
ccrescentus,CCNA_02896,0,0,,0
ccrescentus,CCNA_02897,0,0,,0
ccrescentus,CCNA_02898,0,0,,0
ccrescentus,CCNA_02899,0,0,,0
ccrescentus,CCNA_02900,0,0,,0
ccrescentus,CCNA_02901,0,0,,0
ccrescentus,CCNA_02902,0,0,,0
ccrescentus,CCNA_02903,0,1,0.0,0
ccrescentus,CCNA_02904,0,1,0.0,0
ccrescentus,CCNA_02905,0,0,,0
ccrescentus,CCNA_02906,0,0,,0
ccrescentus,CCNA_02907,0,0,,0
ccrescentus,CCNA_02908,0,0,,0
ccrescentus,CCNA_02909,0,0,,0
ccrescentus,CCNA_02910,0,0,,0
ccrescentus,CCNA_02912,0,0,,0
ccrescentus,CCNA_02913,0,0,,0
ccrescentus,CCNA_02914,0,1,0.0,0
ccrescentus,CCNA_02915,0,0,,0
ccrescentus,CCNA_02916,0,0,,0
ccrescentus,CCNA_02917,0,0,,0
ccrescentus,CCNA_02918,0,0,,0
ccrescentus,CCNA_02919,0,0,,0
ccrescentus,CCNA_02920,0,0,,0
ccrescentus,CCNA_02921,0,0,,0
ccrescentus,CCNA_02922,0,0,,0
ccrescentus,CCNA_02923,0,0,,0
ccrescentus,CCNA_02924,0,0,,0
ccrescentus,CCNA_02925,0,3,0.6666666666666666,1
ccrescentus,CCNA_02926,0,0,,0
ccrescentus,CCNA_02927,0,0,,0
ccrescentus,CCNA_02929,0,2,0.0,0
ccrescentus,CCNA_02930,0,0,,0
ccrescentus,CCNA_02931,0,0,,0
ccrescentus,CCNA_02933,0,0,,0
ccrescentus,CCNA_02935,0,0,,0
ccrescentus,CCNA_02936,0,1,0.0,0
ccrescentus,CCNA_02937,0,0,,0
ccrescentus,CCNA_02938,0,0,,0
ccrescentus,CCNA_02939,0,0,,0
ccrescentus,CCNA_02940,0,0,,0
ccrescentus,CCNA_02941,0,7,0.5714285714285714,1
ccrescentus,CCNA_02942,1,0,,0
ccrescentus,CCNA_02944,0,0,,0
ccrescentus,CCNA_02945,0,0,,0
ccrescentus,CCNA_02946,0,0,,0
ccrescentus,CCNA_02947,0,0,,0
ccrescentus,CCNA_02948,0,0,,0
ccrescentus,CCNA_02949,0,0,,0
ccrescentus,CCNA_02950,0,0,,0
ccrescentus,CCNA_02951,0,0,,0
ccrescentus,CCNA_02952,0,0,,0
ccrescentus,CCNA_02953,0,0,,0
ccrescentus,CCNA_02954,0,0,,0
ccrescentus,CCNA_02955,0,0,,0
ccrescentus,CCNA_02956,0,1,0.0,0
ccrescentus,CCNA_02959,0,1,0.0,0
ccrescentus,CCNA_02960,0,1,0.0,0
ccrescentus,CCNA_02961,0,0,,0
ccrescentus,CCNA_02962,0,0,,0
ccrescentus,CCNA_02963,0,0,,0
ccrescentus,CCNA_02964,1,6,0.8333333333333334,1
ccrescentus,CCNA_02965,0,0,,0
ccrescentus,CCNA_02966,0,1,0.0,0
ccrescentus,CCNA_02967,0,0,,0
ccrescentus,CCNA_02969,0,0,,0
ccrescentus,CCNA_02970,0,0,,0
ccrescentus,CCNA_02971,0,0,,0
ccrescentus,CCNA_02972,0,0,,0
ccrescentus,CCNA_02973,0,0,,0
ccrescentus,CCNA_02974,0,0,,0
ccrescentus,CCNA_02976,0,0,,0
ccrescentus,CCNA_02977,0,0,,0
ccrescentus,CCNA_02978,0,0,,0
ccrescentus,CCNA_02979,0,0,,0
ccrescentus,CCNA_02980,0,0,,0
ccrescentus,CCNA_02981,0,0,,0
ccrescentus,CCNA_02982,0,0,,0
ccrescentus,CCNA_02983,0,2,0.0,0
ccrescentus,CCNA_02984,0,0,,0
ccrescentus,CCNA_02985,0,0,,0
ccrescentus,CCNA_02986,0,0,,0
ccrescentus,CCNA_02987,0,0,,0
ccrescentus,CCNA_02988,0,0,,0
ccrescentus,CCNA_02989,0,0,,0
ccrescentus,CCNA_02991,0,1,0.0,0
ccrescentus,CCNA_02992,0,0,,0
ccrescentus,CCNA_02993,0,0,,0
ccrescentus,CCNA_02994,0,3,0.6666666666666666,1
ccrescentus,CCNA_02995,0,0,,0
ccrescentus,CCNA_02996,0,0,,0
ccrescentus,CCNA_02997,0,1,0.0,0
ccrescentus,CCNA_02999,0,0,,0
ccrescentus,CCNA_03000,0,1,0.0,0
ccrescentus,CCNA_03001,0,0,,0
ccrescentus,CCNA_03002,1,3,1.0,1
ccrescentus,CCNA_03003,0,0,,0
ccrescentus,CCNA_03004,0,0,,0
ccrescentus,CCNA_03005,0,0,,0
ccrescentus,CCNA_03006,1,2,0.5,1
ccrescentus,CCNA_03007,1,2,0.5,1
ccrescentus,CCNA_03008,0,0,,0
ccrescentus,CCNA_03009,1,2,0.5,1
ccrescentus,CCNA_03010,0,0,,0
ccrescentus,CCNA_03011,0,0,,0
ccrescentus,CCNA_03012,0,3,0.0,0
ccrescentus,CCNA_03013,0,2,0.0,0
ccrescentus,CCNA_03014,0,0,,0
ccrescentus,CCNA_03015,0,0,,0
ccrescentus,CCNA_03016,0,0,,0
ccrescentus,CCNA_03017,0,0,,0
ccrescentus,CCNA_03018,0,0,,0
ccrescentus,CCNA_03019,0,0,,0
ccrescentus,CCNA_03020,0,0,,0
ccrescentus,CCNA_03021,0,0,,0
ccrescentus,CCNA_03022,0,0,,0
ccrescentus,CCNA_03023,0,1,0.0,0
ccrescentus,CCNA_03024,0,1,0.0,0
ccrescentus,CCNA_03025,0,0,,0
ccrescentus,CCNA_03026,1,0,,0
ccrescentus,CCNA_03027,0,0,,0
ccrescentus,CCNA_03028,0,0,,0
ccrescentus,CCNA_03029,1,2,1.0,1
ccrescentus,CCNA_03030,0,0,,0
ccrescentus,CCNA_03032,0,1,0.0,0
ccrescentus,CCNA_03033,0,0,,0
ccrescentus,CCNA_03034,0,0,,0
ccrescentus,CCNA_03035,0,0,,0
ccrescentus,CCNA_03036,0,0,,0
ccrescentus,CCNA_03037,0,1,0.0,0
ccrescentus,CCNA_03038,0,0,,0
ccrescentus,CCNA_03039,0,0,,0
ccrescentus,CCNA_03040,0,0,,0
ccrescentus,CCNA_03041,0,0,,0
ccrescentus,CCNA_03042,0,0,,0
ccrescentus,CCNA_03043,0,0,,0
ccrescentus,CCNA_03044,0,0,,0
ccrescentus,CCNA_03045,0,0,,0
ccrescentus,CCNA_03046,0,0,,0
ccrescentus,CCNA_03047,0,1,0.0,0
ccrescentus,CCNA_03048,0,3,0.6666666666666666,1
ccrescentus,CCNA_03049,0,0,,0
ccrescentus,CCNA_03050,0,1,0.0,0
ccrescentus,CCNA_03051,0,0,,0
ccrescentus,CCNA_03052,1,0,,0
ccrescentus,CCNA_03053,0,2,0.0,0
ccrescentus,CCNA_03054,0,0,,0
ccrescentus,CCNA_03055,0,1,0.0,0
ccrescentus,CCNA_03056,0,1,0.0,0
ccrescentus,CCNA_03057,0,0,,0
ccrescentus,CCNA_03058,0,0,,0
ccrescentus,CCNA_03059,0,0,,0
ccrescentus,CCNA_03060,0,0,,0
ccrescentus,CCNA_03061,0,1,0.0,0
ccrescentus,CCNA_03062,0,0,,0
ccrescentus,CCNA_03063,0,0,,0
ccrescentus,CCNA_03064,0,1,0.0,0
ccrescentus,CCNA_03065,0,0,,0
ccrescentus,CCNA_03066,0,0,,0
ccrescentus,CCNA_03067,0,1,0.0,0
ccrescentus,CCNA_03068,0,2,0.0,0
ccrescentus,CCNA_03069,0,0,,0
ccrescentus,CCNA_03070,0,0,,0
ccrescentus,CCNA_03071,0,0,,0
ccrescentus,CCNA_03072,0,0,,0
ccrescentus,CCNA_03074,0,1,0.0,0
ccrescentus,CCNA_03075,0,0,,0
ccrescentus,CCNA_03076,0,6,0.5,1
ccrescentus,CCNA_03077,0,0,,0
ccrescentus,CCNA_03078,0,0,,0
ccrescentus,CCNA_03079,0,0,,0
ccrescentus,CCNA_03081,0,0,,0
ccrescentus,CCNA_03082,0,0,,0
ccrescentus,CCNA_03083,0,0,,0
ccrescentus,CCNA_03084,0,0,,0
ccrescentus,CCNA_03085,0,1,0.0,0
ccrescentus,CCNA_03086,0,0,,0
ccrescentus,CCNA_03087,0,0,,0
ccrescentus,CCNA_03088,0,0,,0
ccrescentus,CCNA_03089,0,0,,0
ccrescentus,CCNA_03090,1,4,0.5,1
ccrescentus,CCNA_03091,0,0,,0
ccrescentus,CCNA_03092,0,0,,0
ccrescentus,CCNA_03093,0,1,0.0,0
ccrescentus,CCNA_03094,0,0,,0
ccrescentus,CCNA_03095,0,0,,0
ccrescentus,CCNA_03096,0,0,,0
ccrescentus,CCNA_03097,0,1,0.0,0
ccrescentus,CCNA_03098,0,0,,0
ccrescentus,CCNA_03099,0,0,,0
ccrescentus,CCNA_03100,0,2,0.0,0
ccrescentus,CCNA_03101,0,3,0.0,0
ccrescentus,CCNA_03102,0,0,,0
ccrescentus,CCNA_03103,1,3,0.6666666666666666,1
ccrescentus,CCNA_03104,1,3,0.6666666666666666,1
ccrescentus,CCNA_03105,0,0,,0
ccrescentus,CCNA_03106,0,1,0.0,0
ccrescentus,CCNA_03107,0,3,0.6666666666666666,1
ccrescentus,CCNA_03108,0,0,,0
ccrescentus,CCNA_03110,0,0,,0
ccrescentus,CCNA_03112,0,0,,0
ccrescentus,CCNA_03113,0,0,,0
ccrescentus,CCNA_03114,0,0,,0
ccrescentus,CCNA_03115,1,0,,0
ccrescentus,CCNA_03116,0,0,,0
ccrescentus,CCNA_03117,0,0,,0
ccrescentus,CCNA_03118,0,0,,0
ccrescentus,CCNA_03119,0,0,,0
ccrescentus,CCNA_03120,0,0,,0
ccrescentus,CCNA_03121,0,0,,0
ccrescentus,CCNA_03122,0,0,,0
ccrescentus,CCNA_03123,0,2,0.0,0
ccrescentus,CCNA_03124,0,1,0.0,0
ccrescentus,CCNA_03125,0,0,,0
ccrescentus,CCNA_03126,0,0,,0
ccrescentus,CCNA_03127,0,0,,0
ccrescentus,CCNA_03128,0,1,0.0,0
ccrescentus,CCNA_03129,0,1,0.0,0
ccrescentus,CCNA_03130,1,0,,0
ccrescentus,CCNA_03131,0,0,,0
ccrescentus,CCNA_03132,0,0,,0
ccrescentus,CCNA_03133,0,0,,0
ccrescentus,CCNA_03134,0,0,,0
ccrescentus,CCNA_03135,0,1,0.0,0
ccrescentus,CCNA_03136,0,0,,0
ccrescentus,CCNA_03137,0,0,,0
ccrescentus,CCNA_03138,0,2,0.0,0
ccrescentus,CCNA_03139,0,3,0.3333333333333333,0
ccrescentus,CCNA_03140,0,2,0.0,0
ccrescentus,CCNA_03141,0,0,,0
ccrescentus,CCNA_03142,1,2,1.0,1
ccrescentus,CCNA_03143,0,0,,0
ccrescentus,CCNA_03144,1,3,1.0,1
ccrescentus,CCNA_03146,0,0,,0
ccrescentus,CCNA_03147,0,0,,0
ccrescentus,CCNA_03148,0,0,,0
ccrescentus,CCNA_03149,0,0,,0
ccrescentus,CCNA_03150,0,0,,0
ccrescentus,CCNA_03151,0,0,,0
ccrescentus,CCNA_03152,0,0,,0
ccrescentus,CCNA_03153,0,0,,0
ccrescentus,CCNA_03154,0,0,,0
ccrescentus,CCNA_03155,0,0,,0
ccrescentus,CCNA_03156,0,0,,0
ccrescentus,CCNA_03157,0,0,,0
ccrescentus,CCNA_03158,0,1,0.0,0
ccrescentus,CCNA_03159,0,1,0.0,0
ccrescentus,CCNA_03160,0,0,,0
ccrescentus,CCNA_03161,0,0,,0
ccrescentus,CCNA_03162,1,1,1.0,1
ccrescentus,CCNA_03163,0,0,,0
ccrescentus,CCNA_03164,1,7,0.8571428571428571,1
ccrescentus,CCNA_03165,0,0,,0
ccrescentus,CCNA_03166,0,0,,0
ccrescentus,CCNA_03167,0,0,,0
ccrescentus,CCNA_03168,0,0,,0
ccrescentus,CCNA_03169,0,0,,0
ccrescentus,CCNA_03170,0,0,,0
ccrescentus,CCNA_03171,0,0,,0
ccrescentus,CCNA_03172,0,1,0.0,0
ccrescentus,CCNA_03173,0,0,,0
ccrescentus,CCNA_03174,0,0,,0
ccrescentus,CCNA_03175,0,0,,0
ccrescentus,CCNA_03176,0,0,,0
ccrescentus,CCNA_03177,0,0,,0
ccrescentus,CCNA_03178,0,1,0.0,0
ccrescentus,CCNA_03179,0,3,0.0,0
ccrescentus,CCNA_03180,0,0,,0
ccrescentus,CCNA_03181,0,0,,0
ccrescentus,CCNA_03182,0,0,,0
ccrescentus,CCNA_03183,0,0,,0
ccrescentus,CCNA_03184,0,1,0.0,0
ccrescentus,CCNA_03185,0,0,,0
ccrescentus,CCNA_03186,0,0,,0
ccrescentus,CCNA_03187,0,1,0.0,0
ccrescentus,CCNA_03188,0,0,,0
ccrescentus,CCNA_03189,0,0,,0
ccrescentus,CCNA_03190,0,0,,0
ccrescentus,CCNA_03191,0,0,,0
ccrescentus,CCNA_03192,0,1,0.0,0
ccrescentus,CCNA_03193,0,1,0.0,0
ccrescentus,CCNA_03194,0,0,,0
ccrescentus,CCNA_03195,1,3,0.6666666666666666,1
ccrescentus,CCNA_03196,0,0,,0
ccrescentus,CCNA_03197,0,0,,0
ccrescentus,CCNA_03198,0,0,,0
ccrescentus,CCNA_03199,0,0,,0
ccrescentus,CCNA_03200,0,0,,0
ccrescentus,CCNA_03201,0,3,0.6666666666666666,1
ccrescentus,CCNA_03202,0,0,,0
ccrescentus,CCNA_03203,0,0,,0
ccrescentus,CCNA_03204,0,0,,0
ccrescentus,CCNA_03205,0,0,,0
ccrescentus,CCNA_03206,0,2,0.0,0
ccrescentus,CCNA_03207,0,0,,0
ccrescentus,CCNA_03208,0,1,0.0,0
ccrescentus,CCNA_03209,0,1,0.0,0
ccrescentus,CCNA_03210,0,0,,0
ccrescentus,CCNA_03211,0,1,0.0,0
ccrescentus,CCNA_03212,0,0,,0
ccrescentus,CCNA_03213,1,0,,0
ccrescentus,CCNA_03214,0,0,,0
ccrescentus,CCNA_03215,0,0,,0
ccrescentus,CCNA_03216,0,0,,0
ccrescentus,CCNA_03217,0,0,,0
ccrescentus,CCNA_03218,0,0,,0
ccrescentus,CCNA_03219,0,0,,0
ccrescentus,CCNA_03221,0,0,,0
ccrescentus,CCNA_03222,0,0,,0
ccrescentus,CCNA_03223,0,1,0.0,0
ccrescentus,CCNA_03224,0,0,,0
ccrescentus,CCNA_03225,0,0,,0
ccrescentus,CCNA_03226,0,1,0.0,0
ccrescentus,CCNA_03227,0,0,,0
ccrescentus,CCNA_03228,0,0,,0
ccrescentus,CCNA_03229,0,0,,0
ccrescentus,CCNA_03230,0,1,0.0,0
ccrescentus,CCNA_03231,0,0,,0
ccrescentus,CCNA_03232,0,0,,0
ccrescentus,CCNA_03233,0,1,0.0,0
ccrescentus,CCNA_03234,0,1,0.0,0
ccrescentus,CCNA_03235,0,2,0.5,1
ccrescentus,CCNA_03236,0,1,0.0,0
ccrescentus,CCNA_03238,0,1,0.0,0
ccrescentus,CCNA_03239,0,1,0.0,0
ccrescentus,CCNA_03240,0,0,,0
ccrescentus,CCNA_03241,0,0,,0
ccrescentus,CCNA_03242,0,3,0.3333333333333333,0
ccrescentus,CCNA_03243,0,0,,0
ccrescentus,CCNA_03244,0,0,,0
ccrescentus,CCNA_03245,0,0,,0
ccrescentus,CCNA_03246,0,1,0.0,0
ccrescentus,CCNA_03247,0,0,,0
ccrescentus,CCNA_03248,0,0,,0
ccrescentus,CCNA_03249,0,0,,0
ccrescentus,CCNA_03250,0,0,,0
ccrescentus,CCNA_03252,0,0,,0
ccrescentus,CCNA_03253,0,0,,0
ccrescentus,CCNA_03254,0,0,,0
ccrescentus,CCNA_03255,0,0,,0
ccrescentus,CCNA_03256,1,2,0.5,1
ccrescentus,CCNA_03257,0,0,,0
ccrescentus,CCNA_03258,0,0,,0
ccrescentus,CCNA_03259,0,0,,0
ccrescentus,CCNA_03260,0,1,0.0,0
ccrescentus,CCNA_03261,0,1,0.0,0
ccrescentus,CCNA_03262,0,2,0.0,0
ccrescentus,CCNA_03263,0,0,,0
ccrescentus,CCNA_03265,0,0,,0
ccrescentus,CCNA_03266,0,1,0.0,0
ccrescentus,CCNA_03267,0,0,,0
ccrescentus,CCNA_03268,0,0,,0
ccrescentus,CCNA_03269,0,0,,0
ccrescentus,CCNA_03270,0,2,0.0,0
ccrescentus,CCNA_03271,0,1,0.0,0
ccrescentus,CCNA_03272,0,0,,0
ccrescentus,CCNA_03273,0,0,,0
ccrescentus,CCNA_03274,1,0,,0
ccrescentus,CCNA_03275,0,0,,0
ccrescentus,CCNA_03276,0,0,,0
ccrescentus,CCNA_03277,1,1,1.0,1
ccrescentus,CCNA_03278,0,1,0.0,0
ccrescentus,CCNA_03279,0,0,,0
ccrescentus,CCNA_03280,0,0,,0
ccrescentus,CCNA_03281,0,0,,0
ccrescentus,CCNA_03282,0,1,0.0,0
ccrescentus,CCNA_03283,0,0,,0
ccrescentus,CCNA_03284,0,1,0.0,0
ccrescentus,CCNA_03285,0,1,0.0,0
ccrescentus,CCNA_03286,0,0,,0
ccrescentus,CCNA_03287,0,0,,0
ccrescentus,CCNA_03288,0,0,,0
ccrescentus,CCNA_03289,0,0,,0
ccrescentus,CCNA_03290,0,0,,0
ccrescentus,CCNA_03291,0,0,,0
ccrescentus,CCNA_03292,0,0,,0
ccrescentus,CCNA_03293,0,0,,0
ccrescentus,CCNA_03294,0,0,,0
ccrescentus,CCNA_03295,0,1,0.0,0
ccrescentus,CCNA_03296,0,0,,0
ccrescentus,CCNA_03297,0,0,,0
ccrescentus,CCNA_03298,0,0,,0
ccrescentus,CCNA_03299,0,0,,0
ccrescentus,CCNA_03300,0,0,,0
ccrescentus,CCNA_03301,0,1,0.0,0
ccrescentus,CCNA_03302,0,0,,0
ccrescentus,CCNA_03303,0,0,,0
ccrescentus,CCNA_03304,1,7,0.8571428571428571,1
ccrescentus,CCNA_03305,1,6,0.8333333333333334,1
ccrescentus,CCNA_03306,1,6,1.0,1
ccrescentus,CCNA_03307,1,0,,0
ccrescentus,CCNA_03308,0,0,,0
ccrescentus,CCNA_03309,0,0,,0
ccrescentus,CCNA_03310,1,2,0.5,1
ccrescentus,CCNA_03311,1,0,,0
ccrescentus,CCNA_03312,0,0,,0
ccrescentus,CCNA_03313,0,0,,0
ccrescentus,CCNA_03314,1,2,0.5,1
ccrescentus,CCNA_03315,0,3,0.0,0
ccrescentus,CCNA_03316,0,0,,0
ccrescentus,CCNA_03317,0,1,0.0,0
ccrescentus,CCNA_03318,0,0,,0
ccrescentus,CCNA_03319,0,0,,0
ccrescentus,CCNA_03320,0,0,,0
ccrescentus,CCNA_03321,0,0,,0
ccrescentus,CCNA_03322,0,2,0.5,1
ccrescentus,CCNA_03323,0,0,,0
ccrescentus,CCNA_03325,0,0,,0
ccrescentus,CCNA_03326,0,1,0.0,0
ccrescentus,CCNA_03327,0,0,,0
ccrescentus,CCNA_03328,0,2,0.0,0
ccrescentus,CCNA_03329,0,0,,0
ccrescentus,CCNA_03330,0,0,,0
ccrescentus,CCNA_03331,1,1,0.0,0
ccrescentus,CCNA_03332,1,4,0.75,1
ccrescentus,CCNA_03333,0,0,,0
ccrescentus,CCNA_03334,1,5,0.8,1
ccrescentus,CCNA_03335,1,0,,0
ccrescentus,CCNA_03337,1,2,0.0,0
ccrescentus,CCNA_03338,1,2,0.0,0
ccrescentus,CCNA_03339,1,0,,0
ccrescentus,CCNA_03340,1,1,0.0,0
ccrescentus,CCNA_03341,1,2,0.0,0
ccrescentus,CCNA_03342,0,1,0.0,0
ccrescentus,CCNA_03343,0,0,,0
ccrescentus,CCNA_03344,0,5,0.2,0
ccrescentus,CCNA_03345,0,2,0.0,0
ccrescentus,CCNA_03346,0,2,0.0,0
ccrescentus,CCNA_03347,0,0,,0
ccrescentus,CCNA_03348,0,0,,0
ccrescentus,CCNA_03349,0,0,,0
ccrescentus,CCNA_03350,0,0,,0
ccrescentus,CCNA_03351,0,1,1.0,1
ccrescentus,CCNA_03352,0,3,0.0,0
ccrescentus,CCNA_03353,0,3,1.0,1
ccrescentus,CCNA_03354,0,1,0.0,0
ccrescentus,CCNA_03355,0,0,,0
ccrescentus,CCNA_03356,1,0,,0
ccrescentus,CCNA_03362,0,0,,0
ccrescentus,CCNA_03363,0,0,,0
ccrescentus,CCNA_03364,0,0,,0
ccrescentus,CCNA_03365,0,0,,0
ccrescentus,CCNA_03366,0,0,,0
ccrescentus,CCNA_03367,0,0,,0
ccrescentus,CCNA_03368,0,0,,0
ccrescentus,CCNA_03369,0,0,,0
ccrescentus,CCNA_03370,0,0,,0
ccrescentus,CCNA_03371,0,2,0.0,0
ccrescentus,CCNA_03373,1,1,0.0,0
ccrescentus,CCNA_03374,0,0,,0
ccrescentus,CCNA_03375,0,1,0.0,0
ccrescentus,CCNA_03376,0,0,,0
ccrescentus,CCNA_03377,0,0,,0
ccrescentus,CCNA_03378,1,3,0.0,0
ccrescentus,CCNA_03379,0,0,,0
ccrescentus,CCNA_03380,0,0,,0
ccrescentus,CCNA_03381,0,1,0.0,0
ccrescentus,CCNA_03382,0,0,,0
ccrescentus,CCNA_03383,0,3,1.0,1
ccrescentus,CCNA_03384,1,4,0.25,0
ccrescentus,CCNA_03385,0,2,0.0,0
ccrescentus,CCNA_03386,0,0,,0
ccrescentus,CCNA_03387,0,1,0.0,0
ccrescentus,CCNA_03388,0,0,,0
ccrescentus,CCNA_03389,0,0,,0
ccrescentus,CCNA_03390,0,0,,0
ccrescentus,CCNA_03391,0,0,,0
ccrescentus,CCNA_03392,0,1,0.0,0
ccrescentus,CCNA_03393,0,1,0.0,0
ccrescentus,CCNA_03394,0,1,0.0,0
ccrescentus,CCNA_03395,0,0,,0
ccrescentus,CCNA_03396,0,0,,0
ccrescentus,CCNA_03397,0,0,,0
ccrescentus,CCNA_03398,0,0,,0
ccrescentus,CCNA_03399,0,1,0.0,0
ccrescentus,CCNA_03400,0,0,,0
ccrescentus,CCNA_03401,1,0,,0
ccrescentus,CCNA_03402,0,2,0.0,0
ccrescentus,CCNA_03403,0,0,,0
ccrescentus,CCNA_03404,0,0,,0
ccrescentus,CCNA_03405,1,0,,0
ccrescentus,CCNA_03406,1,0,,0
ccrescentus,CCNA_03407,0,0,,0
ccrescentus,CCNA_03408,0,1,0.0,0
ccrescentus,CCNA_03409,0,0,,0
ccrescentus,CCNA_03410,0,0,,0
ccrescentus,CCNA_03412,0,3,0.0,0
ccrescentus,CCNA_03413,0,1,0.0,0
ccrescentus,CCNA_03414,0,3,0.0,0
ccrescentus,CCNA_03415,0,0,,0
ccrescentus,CCNA_03416,0,0,,0
ccrescentus,CCNA_03417,0,0,,0
ccrescentus,CCNA_03418,0,0,,0
ccrescentus,CCNA_03419,0,0,,0
ccrescentus,CCNA_03420,0,0,,0
ccrescentus,CCNA_03421,0,2,0.0,0
ccrescentus,CCNA_03422,0,0,,0
ccrescentus,CCNA_03423,0,1,0.0,0
ccrescentus,CCNA_03425,0,0,,0
ccrescentus,CCNA_03426,0,0,,0
ccrescentus,CCNA_03428,1,0,,0
ccrescentus,CCNA_03429,0,0,,0
ccrescentus,CCNA_03430,1,1,0.0,0
ccrescentus,CCNA_03431,0,1,0.0,0
ccrescentus,CCNA_03432,0,0,,0
ccrescentus,CCNA_03433,0,1,0.0,0
ccrescentus,CCNA_03434,0,0,,0
ccrescentus,CCNA_03435,0,0,,0
ccrescentus,CCNA_03436,0,0,,0
ccrescentus,CCNA_03437,0,0,,0
ccrescentus,CCNA_03438,0,0,,0
ccrescentus,CCNA_03439,0,0,,0
ccrescentus,CCNA_03440,0,0,,0
ccrescentus,CCNA_03441,0,0,,0
ccrescentus,CCNA_03442,0,0,,0
ccrescentus,CCNA_03443,0,0,,0
ccrescentus,CCNA_03444,0,0,,0
ccrescentus,CCNA_03445,0,0,,0
ccrescentus,CCNA_03446,0,1,0.0,0
ccrescentus,CCNA_03447,0,0,,0
ccrescentus,CCNA_03448,0,0,,0
ccrescentus,CCNA_03449,0,0,,0
ccrescentus,CCNA_03450,0,0,,0
ccrescentus,CCNA_03451,0,0,,0
ccrescentus,CCNA_03452,0,0,,0
ccrescentus,CCNA_03453,0,0,,0
ccrescentus,CCNA_03454,0,0,,0
ccrescentus,CCNA_03455,1,1,0.0,0
ccrescentus,CCNA_03456,0,0,,0
ccrescentus,CCNA_03457,0,0,,0
ccrescentus,CCNA_03458,0,0,,0
ccrescentus,CCNA_03459,0,0,,0
ccrescentus,CCNA_03460,0,0,,0
ccrescentus,CCNA_03461,0,0,,0
ccrescentus,CCNA_03462,0,0,,0
ccrescentus,CCNA_03463,0,0,,0
ccrescentus,CCNA_03464,0,3,0.3333333333333333,0
ccrescentus,CCNA_03465,0,2,0.5,1
ccrescentus,CCNA_03466,0,0,,0
ccrescentus,CCNA_03467,0,0,,0
ccrescentus,CCNA_03468,0,0,,0
ccrescentus,CCNA_03469,1,1,1.0,1
ccrescentus,CCNA_03471,1,2,0.5,1
ccrescentus,CCNA_03472,0,0,,0
ccrescentus,CCNA_03473,0,0,,0
ccrescentus,CCNA_03474,1,0,,0
ccrescentus,CCNA_03475,0,0,,0
ccrescentus,CCNA_03476,0,1,0.0,0
ccrescentus,CCNA_03477,0,0,,0
ccrescentus,CCNA_03478,0,0,,0
ccrescentus,CCNA_03479,0,1,0.0,0
ccrescentus,CCNA_03480,0,1,0.0,0
ccrescentus,CCNA_03481,0,0,,0
ccrescentus,CCNA_03482,0,2,0.0,0
ccrescentus,CCNA_03483,0,1,0.0,0
ccrescentus,CCNA_03484,0,0,,0
ccrescentus,CCNA_03485,0,3,0.0,0
ccrescentus,CCNA_03486,0,0,,0
ccrescentus,CCNA_03487,0,0,,0
ccrescentus,CCNA_03488,0,0,,0
ccrescentus,CCNA_03489,0,1,0.0,0
ccrescentus,CCNA_03490,0,0,,0
ccrescentus,CCNA_03491,0,0,,0
ccrescentus,CCNA_03492,0,1,0.0,0
ccrescentus,CCNA_03493,0,0,,0
ccrescentus,CCNA_03494,0,0,,0
ccrescentus,CCNA_03495,0,1,0.0,0
ccrescentus,CCNA_03496,0,2,0.0,0
ccrescentus,CCNA_03497,0,0,,0
ccrescentus,CCNA_03498,0,0,,0
ccrescentus,CCNA_03499,0,0,,0
ccrescentus,CCNA_03500,0,2,0.0,0
ccrescentus,CCNA_03501,1,1,1.0,1
ccrescentus,CCNA_03502,0,0,,0
ccrescentus,CCNA_03503,0,0,,0
ccrescentus,CCNA_03504,0,2,0.0,0
ccrescentus,CCNA_03505,0,0,,0
ccrescentus,CCNA_03506,0,2,0.0,0
ccrescentus,CCNA_03507,0,0,,0
ccrescentus,CCNA_03508,0,2,0.0,0
ccrescentus,CCNA_03509,0,1,0.0,0
ccrescentus,CCNA_03510,1,1,0.0,0
ccrescentus,CCNA_03511,0,0,,0
ccrescentus,CCNA_03512,0,0,,0
ccrescentus,CCNA_03513,0,0,,0
ccrescentus,CCNA_03514,0,0,,0
ccrescentus,CCNA_03515,0,0,,0
ccrescentus,CCNA_03516,0,1,0.0,0
ccrescentus,CCNA_03517,0,0,,0
ccrescentus,CCNA_03518,0,0,,0
ccrescentus,CCNA_03519,0,0,,0
ccrescentus,CCNA_03520,0,0,,0
ccrescentus,CCNA_03521,0,0,,0
ccrescentus,CCNA_03522,0,1,0.0,0
ccrescentus,CCNA_03523,0,0,,0
ccrescentus,CCNA_03524,0,0,,0
ccrescentus,CCNA_03526,0,0,,0
ccrescentus,CCNA_03527,1,1,0.0,0
ccrescentus,CCNA_03528,0,0,,0
ccrescentus,CCNA_03529,0,0,,0
ccrescentus,CCNA_03530,0,0,,0
ccrescentus,CCNA_03531,0,0,,0
ccrescentus,CCNA_03532,0,0,,0
ccrescentus,CCNA_03533,0,1,0.0,0
ccrescentus,CCNA_03534,1,2,0.5,1
ccrescentus,CCNA_03535,0,0,,0
ccrescentus,CCNA_03536,0,1,0.0,0
ccrescentus,CCNA_03537,0,0,,0
ccrescentus,CCNA_03538,0,0,,0
ccrescentus,CCNA_03539,0,0,,0
ccrescentus,CCNA_03540,0,0,,0
ccrescentus,CCNA_03541,0,3,0.3333333333333333,0
ccrescentus,CCNA_03542,0,0,,0
ccrescentus,CCNA_03543,0,2,0.0,0
ccrescentus,CCNA_03544,1,1,0.0,0
ccrescentus,CCNA_03545,0,3,0.0,0
ccrescentus,CCNA_03546,0,0,,0
ccrescentus,CCNA_03549,0,0,,0
ccrescentus,CCNA_03552,0,0,,0
ccrescentus,CCNA_03553,0,1,0.0,0
ccrescentus,CCNA_03554,0,0,,0
ccrescentus,CCNA_03555,0,0,,0
ccrescentus,CCNA_03556,0,3,0.0,0
ccrescentus,CCNA_03557,0,0,,0
ccrescentus,CCNA_03558,1,0,,0
ccrescentus,CCNA_03560,1,6,0.8333333333333334,1
ccrescentus,CCNA_03561,1,3,0.6666666666666666,1
ccrescentus,CCNA_03562,1,6,0.8333333333333334,1
ccrescentus,CCNA_03563,1,0,,0
ccrescentus,CCNA_03564,0,0,,0
ccrescentus,CCNA_03565,0,0,,0
ccrescentus,CCNA_03567,0,0,,0
ccrescentus,CCNA_03568,0,1,0.0,0
ccrescentus,CCNA_03569,0,1,0.0,0
ccrescentus,CCNA_03570,0,0,,0
ccrescentus,CCNA_03571,0,0,,0
ccrescentus,CCNA_03572,0,0,,0
ccrescentus,CCNA_03573,0,0,,0
ccrescentus,CCNA_03574,0,0,,0
ccrescentus,CCNA_03575,0,0,,0
ccrescentus,CCNA_03576,0,0,,0
ccrescentus,CCNA_03578,0,1,0.0,0
ccrescentus,CCNA_03579,0,0,,0
ccrescentus,CCNA_03580,0,0,,0
ccrescentus,CCNA_03581,0,2,0.0,0
ccrescentus,CCNA_03582,1,1,0.0,0
ccrescentus,CCNA_03583,0,0,,0
ccrescentus,CCNA_03584,1,0,,0
ccrescentus,CCNA_03585,0,1,0.0,0
ccrescentus,CCNA_03586,0,0,,0
ccrescentus,CCNA_03588,0,0,,0
ccrescentus,CCNA_03589,0,2,0.0,0
ccrescentus,CCNA_03590,0,0,,0
ccrescentus,CCNA_03591,0,0,,0
ccrescentus,CCNA_03592,0,2,0.0,0
ccrescentus,CCNA_03593,0,0,,0
ccrescentus,CCNA_03594,0,3,0.0,0
ccrescentus,CCNA_03595,0,0,,0
ccrescentus,CCNA_03596,0,0,,0
ccrescentus,CCNA_03597,0,0,,0
ccrescentus,CCNA_03598,1,0,,0
ccrescentus,CCNA_03599,0,0,,0
ccrescentus,CCNA_03600,0,0,,0
ccrescentus,CCNA_03601,0,3,0.0,0
ccrescentus,CCNA_03602,0,0,,0
ccrescentus,CCNA_03603,0,0,,0
ccrescentus,CCNA_03604,0,0,,0
ccrescentus,CCNA_03605,0,0,,0
ccrescentus,CCNA_03607,1,1,1.0,1
ccrescentus,CCNA_03609,0,0,,0
ccrescentus,CCNA_03610,0,0,,0
ccrescentus,CCNA_03611,0,0,,0
ccrescentus,CCNA_03612,0,0,,0
ccrescentus,CCNA_03613,0,0,,0
ccrescentus,CCNA_03614,0,0,,0
ccrescentus,CCNA_03615,0,0,,0
ccrescentus,CCNA_03616,0,0,,0
ccrescentus,CCNA_03617,0,0,,0
ccrescentus,CCNA_03618,0,0,,0
ccrescentus,CCNA_03619,0,1,0.0,0
ccrescentus,CCNA_03620,0,0,,0
ccrescentus,CCNA_03621,0,0,,0
ccrescentus,CCNA_03622,0,0,,0
ccrescentus,CCNA_03623,0,0,,0
ccrescentus,CCNA_03624,0,1,0.0,0
ccrescentus,CCNA_03625,0,0,,0
ccrescentus,CCNA_03626,0,0,,0
ccrescentus,CCNA_03627,0,0,,0
ccrescentus,CCNA_03628,1,0,,0
ccrescentus,CCNA_03629,0,0,,0
ccrescentus,CCNA_03630,1,0,,0
ccrescentus,CCNA_03631,0,0,,0
ccrescentus,CCNA_03632,0,0,,0
ccrescentus,CCNA_03633,0,0,,0
ccrescentus,CCNA_03634,0,0,,0
ccrescentus,CCNA_03635,0,0,,0
ccrescentus,CCNA_03636,0,3,0.3333333333333333,0
ccrescentus,CCNA_03637,0,0,,0
ccrescentus,CCNA_03639,1,2,0.0,0
ccrescentus,CCNA_03640,1,2,0.0,0
ccrescentus,CCNA_03641,1,2,0.0,0
ccrescentus,CCNA_03642,1,3,0.0,0
ccrescentus,CCNA_03643,1,0,,0
ccrescentus,CCNA_03644,1,0,,0
ccrescentus,CCNA_03645,0,1,0.0,0
ccrescentus,CCNA_03646,0,2,0.0,0
ccrescentus,CCNA_03647,0,0,,0
ccrescentus,CCNA_03648,1,2,0.5,1
ccrescentus,CCNA_03649,0,0,,0
ccrescentus,CCNA_03650,1,1,0.0,0
ccrescentus,CCNA_03651,0,0,,0
ccrescentus,CCNA_03652,0,0,,0
ccrescentus,CCNA_03655,1,4,0.75,1
ccrescentus,CCNA_03656,1,3,0.6666666666666666,1
ccrescentus,CCNA_03657,0,3,0.6666666666666666,1
ccrescentus,CCNA_03658,0,3,0.6666666666666666,1
ccrescentus,CCNA_03659,0,0,,0
ccrescentus,CCNA_03660,0,0,,0
ccrescentus,CCNA_03661,0,0,,0
ccrescentus,CCNA_03662,0,0,,0
ccrescentus,CCNA_03663,0,0,,0
ccrescentus,CCNA_03664,1,3,0.6666666666666666,1
ccrescentus,CCNA_03665,0,0,,0
ccrescentus,CCNA_03666,0,0,,0
ccrescentus,CCNA_03667,0,0,,0
ccrescentus,CCNA_03668,0,0,,0
ccrescentus,CCNA_03669,0,0,,0
ccrescentus,CCNA_03670,0,0,,0
ccrescentus,CCNA_03671,0,1,0.0,0
ccrescentus,CCNA_03672,0,2,0.5,1
ccrescentus,CCNA_03674,0,0,,0
ccrescentus,CCNA_03675,0,0,,0
ccrescentus,CCNA_03676,0,0,,0
ccrescentus,CCNA_03677,0,1,0.0,0
ccrescentus,CCNA_03678,0,0,,0
ccrescentus,CCNA_03679,0,0,,0
ccrescentus,CCNA_03682,0,2,0.0,0
ccrescentus,CCNA_03683,0,0,,0
ccrescentus,CCNA_03684,0,1,0.0,0
ccrescentus,CCNA_03685,0,1,0.0,0
ccrescentus,CCNA_03686,0,0,,0
ccrescentus,CCNA_03687,0,1,0.0,0
ccrescentus,CCNA_03688,0,0,,0
ccrescentus,CCNA_03689,0,1,0.0,0
ccrescentus,CCNA_03690,0,0,,0
ccrescentus,CCNA_03691,0,0,,0
ccrescentus,CCNA_03692,0,0,,0
ccrescentus,CCNA_03693,0,0,,0
ccrescentus,CCNA_03694,0,0,,0
ccrescentus,CCNA_03695,0,3,0.0,0
ccrescentus,CCNA_03696,0,3,0.0,0
ccrescentus,CCNA_03697,0,0,,0
ccrescentus,CCNA_03698,0,0,,0
ccrescentus,CCNA_03699,0,0,,0
ccrescentus,CCNA_03700,0,3,0.0,0
ccrescentus,CCNA_03701,0,2,0.0,0
ccrescentus,CCNA_03702,1,2,0.5,1
ccrescentus,CCNA_03703,1,4,0.75,1
ccrescentus,CCNA_03704,1,0,,0
ccrescentus,CCNA_03705,0,0,,0
ccrescentus,CCNA_03706,0,0,,0
ccrescentus,CCNA_03707,0,0,,0
ccrescentus,CCNA_03708,0,0,,0
ccrescentus,CCNA_03709,0,0,,0
ccrescentus,CCNA_03710,0,1,0.0,0
ccrescentus,CCNA_03711,0,0,,0
ccrescentus,CCNA_03712,0,0,,0
ccrescentus,CCNA_03714,1,2,0.5,1
ccrescentus,CCNA_03715,1,0,,0
ccrescentus,CCNA_03716,1,0,,0
ccrescentus,CCNA_03717,1,0,,0
ccrescentus,CCNA_03718,0,0,,0
ccrescentus,CCNA_03719,1,3,0.0,0
ccrescentus,CCNA_03721,0,2,0.5,1
ccrescentus,CCNA_03722,0,2,0.5,1
ccrescentus,CCNA_03723,0,0,,0
ccrescentus,CCNA_03724,0,0,,0
ccrescentus,CCNA_03725,0,1,0.0,0
ccrescentus,CCNA_03726,1,0,,0
ccrescentus,CCNA_03727,0,0,,0
ccrescentus,CCNA_03728,0,0,,0
ccrescentus,CCNA_03729,1,2,0.0,0
ccrescentus,CCNA_03730,0,2,0.5,1
ccrescentus,CCNA_03731,1,2,0.0,0
ccrescentus,CCNA_03732,1,0,,0
ccrescentus,CCNA_03733,0,1,0.0,0
ccrescentus,CCNA_03734,1,1,1.0,1
ccrescentus,CCNA_03735,1,6,0.6666666666666666,1
ccrescentus,CCNA_03736,0,0,,0
ccrescentus,CCNA_03737,0,0,,0
ccrescentus,CCNA_03738,0,0,,0
ccrescentus,CCNA_03739,0,1,0.0,0
ccrescentus,CCNA_03740,0,3,0.0,0
ccrescentus,CCNA_03741,0,0,,0
ccrescentus,CCNA_03742,0,0,,0
ccrescentus,CCNA_03743,0,0,,0
ccrescentus,CCNA_03744,0,3,0.3333333333333333,0
ccrescentus,CCNA_03745,0,3,0.0,0
ccrescentus,CCNA_03746,0,2,0.0,0
ccrescentus,CCNA_03747,0,1,1.0,1
ccrescentus,CCNA_03748,0,3,0.3333333333333333,0
ccrescentus,CCNA_03749,0,0,,0
ccrescentus,CCNA_03750,0,3,0.6666666666666666,1
ccrescentus,CCNA_03751,0,1,0.0,0
ccrescentus,CCNA_03752,1,6,0.6666666666666666,1
ccrescentus,CCNA_03753,0,2,0.0,0
ccrescentus,CCNA_03754,1,0,,0
ccrescentus,CCNA_03755,1,1,0.0,0
ccrescentus,CCNA_03756,0,1,0.0,0
ccrescentus,CCNA_03757,0,1,0.0,0
ccrescentus,CCNA_03758,0,0,,0
ccrescentus,CCNA_03759,0,0,,0
ccrescentus,CCNA_03760,0,0,,0
ccrescentus,CCNA_03761,0,0,,0
ccrescentus,CCNA_03762,0,0,,0
ccrescentus,CCNA_03763,0,0,,0
ccrescentus,CCNA_03764,0,3,0.0,0
ccrescentus,CCNA_03765,0,0,,0
ccrescentus,CCNA_03766,1,0,,0
ccrescentus,CCNA_03768,1,7,0.7142857142857143,1
ccrescentus,CCNA_03769,0,0,,0
ccrescentus,CCNA_03770,1,3,0.6666666666666666,1
ccrescentus,CCNA_03771,0,0,,0
ccrescentus,CCNA_03772,0,1,0.0,0
ccrescentus,CCNA_03773,0,0,,0
ccrescentus,CCNA_03774,0,1,0.0,0
ccrescentus,CCNA_03775,0,1,0.0,0
ccrescentus,CCNA_03776,0,1,0.0,0
ccrescentus,CCNA_03777,0,2,0.0,0
ccrescentus,CCNA_03778,0,1,0.0,0
ccrescentus,CCNA_03779,0,0,,0
ccrescentus,CCNA_03780,1,0,,0
ccrescentus,CCNA_03781,1,3,0.3333333333333333,0
ccrescentus,CCNA_03782,0,0,,0
ccrescentus,CCNA_03783,0,0,,0
ccrescentus,CCNA_03784,0,0,,0
ccrescentus,CCNA_03786,0,0,,0
ccrescentus,CCNA_03787,0,0,,0
ccrescentus,CCNA_03788,0,0,,0
ccrescentus,CCNA_03789,0,0,,0
ccrescentus,CCNA_03790,0,0,,0
ccrescentus,CCNA_03791,0,0,,0
ccrescentus,CCNA_03792,0,0,,0
ccrescentus,CCNA_03793,1,7,1.0,1
ccrescentus,CCNA_03794,0,2,0.0,0
ccrescentus,CCNA_03795,0,0,,0
ccrescentus,CCNA_03796,0,3,0.0,0
ccrescentus,CCNA_03797,0,0,,0
ccrescentus,CCNA_03798,0,0,,0
ccrescentus,CCNA_03799,0,2,0.0,0
ccrescentus,CCNA_03800,1,2,0.5,1
ccrescentus,CCNA_03801,0,0,,0
ccrescentus,CCNA_03802,0,1,0.0,0
ccrescentus,CCNA_03803,0,0,,0
ccrescentus,CCNA_03804,0,0,,0
ccrescentus,CCNA_03805,0,2,0.0,0
ccrescentus,CCNA_03806,0,0,,0
ccrescentus,CCNA_03807,0,0,,0
ccrescentus,CCNA_03808,0,1,0.0,0
ccrescentus,CCNA_03809,0,2,0.0,0
ccrescentus,CCNA_03810,0,0,,0
ccrescentus,CCNA_03811,0,2,0.0,0
ccrescentus,CCNA_03812,0,1,0.0,0
ccrescentus,CCNA_03813,0,0,,0
ccrescentus,CCNA_03814,0,0,,0
ccrescentus,CCNA_03815,0,0,,0
ccrescentus,CCNA_03816,0,1,0.0,0
ccrescentus,CCNA_03818,0,0,,0
ccrescentus,CCNA_03819,1,1,1.0,1
ccrescentus,CCNA_03821,0,0,,0
ccrescentus,CCNA_03822,0,3,0.0,0
ccrescentus,CCNA_03823,1,4,0.5,1
ccrescentus,CCNA_03824,0,2,0.5,1
ccrescentus,CCNA_03825,0,0,,0
ccrescentus,CCNA_03826,0,0,,0
ccrescentus,CCNA_03827,1,4,1.0,1
ccrescentus,CCNA_03828,1,3,0.6666666666666666,1
ccrescentus,CCNA_03829,0,0,,0
ccrescentus,CCNA_03830,0,2,0.0,0
ccrescentus,CCNA_03831,0,2,0.0,0
ccrescentus,CCNA_03832,0,0,,0
ccrescentus,CCNA_03833,1,3,1.0,1
ccrescentus,CCNA_03834,0,0,,0
ccrescentus,CCNA_03835,1,1,1.0,1
ccrescentus,CCNA_03836,1,1,1.0,1
ccrescentus,CCNA_03837,1,0,,0
ccrescentus,CCNA_03838,0,2,0.0,0
ccrescentus,CCNA_03839,0,0,,0
ccrescentus,CCNA_03840,0,1,0.0,0
ccrescentus,CCNA_03841,0,0,,0
ccrescentus,CCNA_03842,1,3,0.6666666666666666,1
ccrescentus,CCNA_03843,0,1,0.0,0
ccrescentus,CCNA_03844,0,1,0.0,0
ccrescentus,CCNA_03845,0,2,0.0,0
ccrescentus,CCNA_03846,0,0,,0
ccrescentus,CCNA_03847,0,3,0.0,0
ccrescentus,CCNA_03848,0,0,,0
ccrescentus,CCNA_03849,0,1,0.0,0
ccrescentus,CCNA_03850,0,4,0.5,1
ccrescentus,CCNA_03851,0,3,0.6666666666666666,1
ccrescentus,CCNA_03852,0,3,0.6666666666666666,1
ccrescentus,CCNA_03853,0,3,0.6666666666666666,1
ccrescentus,CCNA_03854,0,0,,0
ccrescentus,CCNA_03855,0,0,,0
ccrescentus,CCNA_03856,0,1,0.0,0
ccrescentus,CCNA_03857,0,0,,0
ccrescentus,CCNA_03858,0,2,0.0,0
ccrescentus,CCNA_03859,1,0,,0
ccrescentus,CCNA_03860,0,0,,0
ccrescentus,CCNA_03862,1,0,,0
ccrescentus,CCNA_03863,0,0,,0
ccrescentus,CCNA_03864,0,0,,0
ccrescentus,CCNA_03865,1,7,1.0,1
ccrescentus,CCNA_03866,1,0,,0
ccrescentus,CCNA_03867,1,0,,0
ccrescentus,CCNA_03868,1,3,0.6666666666666666,1
ccrescentus,CCNA_03869,1,2,0.5,1
ccrescentus,CCNA_03872,0,3,1.0,1
ccrescentus,CCNA_03873,0,0,,0
ccrescentus,CCNA_03874,0,1,0.0,0
ccrescentus,CCNA_03875,0,1,0.0,0
ccrescentus,CCNA_03876,1,3,0.6666666666666666,1
ccrescentus,CCNA_03877,1,1,1.0,1
ccrescentus,CCNA_03878,1,1,0.0,0
ccrescentus,CCNA_03879,1,3,0.6666666666666666,1
