org_a,locus_a,org_b,locus_b,identity
ccrescentus,CCNA_00063,styphimurium,mviN,0.322
abaylyi,ACIAD0064,ccrescentus,CCNA_00063,0.368
ccrescentus,CCNA_00255,mtuberculosis,Rv2463,0.374
abaylyi,ACIAD1974,ccrescentus,CCNA_00255,0.302
ccrescentus,CCNA_03053,styphimurium,ygiD,0.523
abaylyi,ACIAD1112,ccrescentus,CCNA_03053,0.39
ccrescentus,CCNA_03469,styphimurium,argS,0.368
ccrescentus,CCNA_00321,styphimurium,rplU,0.45
abaylyi,ACIAD2939,ccrescentus,CCNA_00321,0.436
ccrescentus,CCNA_00321,saureus,rplU,0.45
ccrescentus,CCNA_00321,mtuberculosis,Rv2442c,0.425
ccrescentus,CCNA_00321,syn3a,JCVISYN3A_0501,0.362
ccrescentus,CCNA_01609,mtuberculosis,Rv3762c,0.48
ccrescentus,CCNA_02196,mtuberculosis,Rv0870c,0.491
ccrescentus,CCNA_02196,styphimurium,yccF,0.403
ccrescentus,CCNA_02135,mtuberculosis,Rv1445c,0.331
ccrescentus,CCNA_01610,saureus,leuA,0.484
ccrescentus,CCNA_01610,styphimurium,leuA,0.47
ccrescentus,CCNA_02611,styphimurium,STM3175,0.448
abaylyi,ACIAD2012,ccrescentus,CCNA_02611,0.379
saureus,rpsP,syn3a,JCVISYN3A_0362,0.55
mpne,MPN660,saureus,rpsP,0.54
mgenitalium,MG_446,saureus,rpsP,0.494
mtuberculosis,Rv2909c,saureus,rpsP,0.511
abaylyi,ACIAD3313,saureus,rpsP,0.452
saureus,rpsP,styphimurium,rpsP,0.391
saureus,miaA,styphimurium,miaA,0.36
mtuberculosis,Rv2727c,saureus,miaA,0.323
abaylyi,ACIAD2374,saureus,miaA,0.352
ccrescentus,CCNA_02183,saureus,miaA,0.32
ccrescentus,CCNA_02003,styphimurium,dnaE,0.418
abaylyi,ACIAD2089,ccrescentus,CCNA_02003,0.418
ccrescentus,CCNA_02003,mtuberculosis,Rv1547,0.353
ccrescentus,CCNA_02003,saureus,dnaE,0.319
ccrescentus,CCNA_02454,mtuberculosis,Rv0266c,0.589
saureus,SA0455,styphimurium,yjgF,0.495
abaylyi,ACIAD0029,saureus,SA0455,0.404
ccrescentus,CCNA_02886,saureus,SA0455,0.366
mtuberculosis,Rv2335,saureus,cysE,0.547
abaylyi,ACIAD2091,saureus,cysE,0.49
ccrescentus,CCNA_02734,saureus,cysE,0.442
saureus,cysE,styphimurium,cysE,0.451
ccrescentus,CCNA_03209,mtuberculosis,Rv0914c,0.555
ccrescentus,CCNA_00515,mtuberculosis,Rv1133c,0.514
mtuberculosis,Rv1133c,styphimurium,metE,0.48
mtuberculosis,Rv1133c,saureus,metE,0.436
mtuberculosis,Rv2916c,saureus,ffh,0.492
mtuberculosis,Rv2916c,styphimurium,ffh,0.503
abaylyi,ACIAD0839,mtuberculosis,Rv2916c,0.47
ccrescentus,CCNA_03768,mtuberculosis,Rv2916c,0.434
mtuberculosis,Rv2916c,syn3a,JCVISYN3A_0360,0.383
mpne,MPN061,mtuberculosis,Rv2916c,0.374
mgenitalium,MG_048,mtuberculosis,Rv2916c,0.364
abaylyi,ACIAD3573,mtuberculosis,Rv2977c,0.327
mtuberculosis,Rv2977c,styphimurium,thiL,0.354
ccrescentus,CCNA_01423,mtuberculosis,Rv2977c,0.338
ccrescentus,CCNA_02407,mtuberculosis,Rv3040c,0.33
ccrescentus,CCNA_00833,styphimurium,wraB,0.575
abaylyi,ACIAD3167,styphimurium,wraB,0.367
abaylyi,ACIAD3327,styphimurium,STM1549,0.397
abaylyi,ACIAD3540,saureus,SA2099,0.306
abaylyi,ACIAD3060,saureus,panC,0.443
saureus,panC,styphimurium,panC,0.405
mtuberculosis,Rv3602c,saureus,panC,0.403
ccrescentus,CCNA_02247,saureus,panC,0.397
saureus,SA2486,styphimurium,STM3166,0.45
ccrescentus,CCNA_02422,mtuberculosis,Rv2509,0.407
mtuberculosis,Rv2207,styphimurium,cobT,0.355
saureus,thiD,styphimurium,thiD,0.44
ccrescentus,CCNA_03331,styphimurium,thiD,0.439
mtuberculosis,Rv0422c,styphimurium,thiD,0.403
abaylyi,ACIAD0875,styphimurium,thiD,0.332
abaylyi,ACIAD3125,styphimurium,dfp,0.523
ccrescentus,CCNA_03827,styphimurium,dfp,0.5
saureus,SA1054,styphimurium,dfp,0.418
mtuberculosis,Rv1391,styphimurium,dfp,0.394
abaylyi,ACIAD2997,mtuberculosis,Rv1200,0.414
mtuberculosis,Rv1200,styphimurium,yhjE,0.399
ccrescentus,CCNA_01031,mtuberculosis,Rv1200,0.35
mtuberculosis,Rv1326c,styphimurium,glgB,0.495
abaylyi,ACIAD1403,styphimurium,nifU,0.816
saureus,SA0777,styphimurium,nifU,0.328
saureus,SA1307,syn3a,JCVISYN3A_0348,0.494
mpne,MPN475,saureus,SA1307,0.444
mgenitalium,MG_329,saureus,SA1307,0.431
abaylyi,ACIAD0565,saureus,SA1307,0.442
saureus,SA1307,styphimurium,engA,0.422
ccrescentus,CCNA_01726,saureus,SA1307,0.403
mtuberculosis,Rv1713,saureus,SA1307,0.392
saureus,vraR,styphimurium,narP,0.359
mtuberculosis,Rv0668,saureus,rpoC,0.517
abaylyi,ACIAD0308,mtuberculosis,Rv0668,0.432
ccrescentus,CCNA_00537,mtuberculosis,Rv0668,0.432
mtuberculosis,Rv0668,styphimurium,rpoC,0.421
mtuberculosis,Rv0668,syn3a,JCVISYN3A_0803,0.425
mpne,MPN515,mtuberculosis,Rv0668,0.382
mgenitalium,MG_340,mtuberculosis,Rv0668,0.385
mtuberculosis,Rv1422,saureus,SA0721,0.382
mtuberculosis,Rv1422,styphimurium,ybhK,0.361
saureus,SA0181,styphimurium,yecD,0.382
saureus,SA0588,styphimurium,sitD,0.359
mtuberculosis,Rv2733c,saureus,SA1134,0.41
mtuberculosis,Rv2733c,styphimurium,miaB,0.404
ccrescentus,CCNA_00054,mtuberculosis,Rv2733c,0.395
abaylyi,ACIAD3158,mtuberculosis,Rv2733c,0.37
mtuberculosis,Rv2889c,saureus,SA1100,0.407
mtuberculosis,Rv2889c,styphimurium,tsf,0.4
ccrescentus,CCNA_01999,mtuberculosis,Rv2889c,0.392
abaylyi,ACIAD2268,mtuberculosis,Rv2889c,0.355
mtuberculosis,Rv2889c,syn3a,JCVISYN3A_0539,0.323
mgenitalium,MG_433,mtuberculosis,Rv2889c,0.314
ccrescentus,CCNA_00068,mtuberculosis,Rv2982c,0.477
mtuberculosis,Rv2982c,saureus,gpsA,0.416
mtuberculosis,Rv2982c,styphimurium,gpsA,0.416
abaylyi,ACIAD1317,mtuberculosis,Rv2982c,0.423
ccrescentus,CCNA_00105,styphimurium,ychE,0.316
abaylyi,ACIAD0260,styphimurium,uvrY,0.492
saureus,SA2179,styphimurium,uvrY,0.353
abaylyi,ACIAD2430,styphimurium,rpsF,0.646
ccrescentus,CCNA_01741,styphimurium,rpsF,0.358
mtuberculosis,Rv0053,styphimurium,rpsF,0.354
saureus,rpsF,styphimurium,rpsF,0.301
abaylyi,ACIAD0268,ccrescentus,CCNA_00749,0.553
abaylyi,ACIAD0268,saureus,feoB,0.338
abaylyi,ACIAD0268,styphimurium,feoB,0.331
abaylyi,ACIAD2425,styphimurium,cyoA,0.46
abaylyi,ACIAD2425,ccrescentus,CCNA_01851,0.483
abaylyi,ACIAD2425,saureus,SA0913,0.379
abaylyi,ACIAD2844,styphimurium,glpD,0.511
abaylyi,ACIAD2844,mtuberculosis,Rv3302c,0.359
abaylyi,ACIAD2844,saureus,glpD,0.311
abaylyi,ACIAD3068,styphimurium,relA,0.394
abaylyi,ACIAD3068,saureus,relA,0.362
abaylyi,ACIAD3068,mtuberculosis,Rv2583c,0.322
ccrescentus,CCNA_00269,saureus,SA0437,0.454
ccrescentus,CCNA_00269,styphimurium,ybaB,0.413
mtuberculosis,Rv2421c,styphimurium,nadD,0.308
mtuberculosis,Rv2421c,saureus,SA1422,0.335
ccrescentus,CCNA_03172,mtuberculosis,Rv2766c,0.394
styphimurium,potB,syn3a,JCVISYN3A_0196,0.356
abaylyi,ACIAD1261,ccrescentus,CCNA_03777,0.494
ccrescentus,CCNA_03777,styphimurium,tas,0.477
mtuberculosis,Rv0053,saureus,rpsF,0.336
ccrescentus,CCNA_01741,mtuberculosis,Rv0053,0.318
mtuberculosis,Rv0114,styphimurium,yaeD,0.363
ccrescentus,CCNA_03731,mtuberculosis,Rv0114,0.335
ccrescentus,CCNA_00132,mtuberculosis,Rv0765c,0.385
mtuberculosis,Rv0765c,styphimurium,ybbO,0.347
mtuberculosis,Rv0700,saureus,rpsJ,0.722
saureus,rpsJ,syn3a,JCVISYN3A_0672,0.676
saureus,rpsJ,styphimurium,rpsJ,0.647
ccrescentus,CCNA_01305,saureus,rpsJ,0.656
abaylyi,ACIAD3220,saureus,rpsJ,0.607
mgenitalium,MG_150,saureus,rpsJ,0.44
mpne,MPN164,saureus,rpsJ,0.43
saureus,SA2201,styphimurium,yecS,0.484
ccrescentus,CCNA_01507,saureus,SA2201,0.447
abaylyi,ACIAD3589,saureus,SA2201,0.335
ccrescentus,CCNA_01917,mtuberculosis,Rv1143,0.495
abaylyi,ACIAD2985,mtuberculosis,Rv1143,0.357
ccrescentus,CCNA_03285,mtuberculosis,Rv1239c,0.373
ccrescentus,CCNA_01982,styphimurium,gltX,0.413
saureus,gltX,styphimurium,gltX,0.372
styphimurium,gltX,syn3a,JCVISYN3A_0126,0.339
abaylyi,ACIAD3371,styphimurium,gltX,0.351
mpne,MPN678,styphimurium,gltX,0.347
mgenitalium,MG_462,styphimurium,gltX,0.33
mtuberculosis,Rv2992c,styphimurium,gltX,0.351
abaylyi,ACIAD2231,styphimurium,yfjB,0.463
mtuberculosis,Rv1695,styphimurium,yfjB,0.361
mpne,MPN267,styphimurium,yfjB,0.35
ccrescentus,CCNA_01279,styphimurium,yfjB,0.303
abaylyi,ACIAD0927,styphimurium,emrB,0.447
ccrescentus,CCNA_03831,styphimurium,emrB,0.307
ccrescentus,CCNA_01174,styphimurium,gcvA,0.439
abaylyi,ACIAD1659,styphimurium,gcvA,0.311
abaylyi,ACIAD2359,styphimurium,ycfH,0.464
abaylyi,ACIAD2359,saureus,SA0449,0.375
abaylyi,ACIAD2359,mtuberculosis,Rv1008,0.379
abaylyi,ACIAD2359,ccrescentus,CCNA_01898,0.343
abaylyi,ACIAD2359,mpne,MPN009,0.304
abaylyi,ACIAD2429,styphimurium,cyoE,0.505
abaylyi,ACIAD2429,saureus,ctaB,0.347
abaylyi,ACIAD2429,ccrescentus,CCNA_03516,0.313
abaylyi,ACIAD2583,styphimurium,lepB,0.39
abaylyi,ACIAD2583,ccrescentus,CCNA_01629,0.366
abaylyi,ACIAD2583,mtuberculosis,Rv2903c,0.301
abaylyi,ACIAD2964,ccrescentus,CCNA_01977,0.392
saureus,lytS,styphimurium,yehU,0.318
ccrescentus,CCNA_01096,mtuberculosis,Rv1649,0.456
mtuberculosis,Rv1649,styphimurium,pheS,0.469
abaylyi,ACIAD3042,mtuberculosis,Rv1649,0.449
mtuberculosis,Rv1649,saureus,pheS,0.439
mtuberculosis,Rv1649,syn3a,JCVISYN3A_0529,0.333
mgenitalium,MG_194,mtuberculosis,Rv1649,0.334
mpne,MPN105,mtuberculosis,Rv1649,0.324
mgenitalium,MG_073,mpne,MPN211,0.769
mpne,MPN211,syn3a,JCVISYN3A_0825,0.481
mpne,MPN211,saureus,uvrB,0.475
mpne,MPN211,styphimurium,uvrB,0.473
abaylyi,ACIAD2569,mpne,MPN211,0.434
mpne,MPN211,mtuberculosis,Rv1633,0.443
ccrescentus,CCNA_03076,mpne,MPN211,0.45
mgenitalium,MG_312,mpne,MPN447,0.319
mgenitalium,MG_412,mpne,MPN611,0.642
saureus,rpsR,syn3a,JCVISYN3A_0025,0.676
abaylyi,ACIAD2431,syn3a,JCVISYN3A_0025,0.584
ccrescentus,CCNA_01740,syn3a,JCVISYN3A_0025,0.544
styphimurium,rpsR,syn3a,JCVISYN3A_0025,0.553
mtuberculosis,Rv2055c,syn3a,JCVISYN3A_0025,0.483
saureus,SA1537,syn3a,JCVISYN3A_0240,0.39
mgenitalium,MG_372,syn3a,JCVISYN3A_0240,0.362
mpne,MPN550,syn3a,JCVISYN3A_0240,0.365
ccrescentus,CCNA_01037,mtuberculosis,Rv0494,0.343
mtuberculosis,Rv0494,styphimurium,fadR,0.331
abaylyi,ACIAD1064,mtuberculosis,Rv0646c,0.49
ccrescentus,CCNA_01497,styphimurium,rfaD,0.409
mtuberculosis,Rv2272,styphimurium,yidH,0.518
abaylyi,ACIAD0855,styphimurium,bioH,0.31
ccrescentus,CCNA_00851,styphimurium,acrE,0.535
abaylyi,ACIAD2943,ccrescentus,CCNA_00851,0.508
ccrescentus,CCNA_00981,styphimurium,ycfV,0.5
saureus,rpsL,syn3a,JCVISYN3A_0148,0.742
mgenitalium,MG_087,saureus,rpsL,0.742
mpne,MPN225,saureus,rpsL,0.727
saureus,rpsL,styphimurium,rpsL,0.654
ccrescentus,CCNA_03306,saureus,rpsL,0.669
mtuberculosis,Rv0682,saureus,rpsL,0.661
abaylyi,ACIAD0881,saureus,rpsL,0.61
abaylyi,ACIAD3555,mtuberculosis,Rv1245c,0.45
mtuberculosis,Rv1245c,saureus,SA2266,0.357
mtuberculosis,Rv1308,saureus,atpA,0.579
ccrescentus,CCNA_03562,mtuberculosis,Rv1308,0.562
abaylyi,ACIAD0185,mtuberculosis,Rv1308,0.505
mtuberculosis,Rv1308,styphimurium,atpA,0.513
mtuberculosis,Rv1308,syn3a,JCVISYN3A_0792,0.532
mgenitalium,MG_401,mtuberculosis,Rv1308,0.484
mpne,MPN600,mtuberculosis,Rv1308,0.482
mtuberculosis,Rv1466,saureus,SA0833,0.425
abaylyi,ACIAD2594,mtuberculosis,Rv2399c,0.453
ccrescentus,CCNA_01668,mtuberculosis,Rv2399c,0.409
mtuberculosis,Rv2399c,styphimurium,cysU,0.4
abaylyi,ACIAD0534,mtuberculosis,Rv2461c,0.56
mtuberculosis,Rv2461c,styphimurium,clpP,0.558
mtuberculosis,Rv2461c,saureus,clpP,0.532
ccrescentus,CCNA_02041,mtuberculosis,Rv2461c,0.476
mtuberculosis,Rv1001,styphimurium,STM4467,0.446
saureus,arcA,styphimurium,STM4467,0.382
abaylyi,ACIAD0034,saureus,SA0166,0.418
ccrescentus,CCNA_03140,styphimurium,ynfL,0.361
abaylyi,ACIAD3169,ccrescentus,CCNA_03140,0.322
ccrescentus,CCNA_03414,mtuberculosis,Rv0155,0.468
abaylyi,ACIAD3080,mtuberculosis,Rv0155,0.437
mtuberculosis,Rv0155,styphimurium,pntA,0.414
ccrescentus,CCNA_00752,mtuberculosis,Rv0468,0.436
abaylyi,ACIAD1690,mtuberculosis,Rv0468,0.324
ccrescentus,CCNA_01504,styphimurium,recG,0.438
abaylyi,ACIAD3235,ccrescentus,CCNA_01504,0.437
ccrescentus,CCNA_01504,saureus,recG,0.376
ccrescentus,CCNA_01504,mtuberculosis,Rv2973c,0.358
ccrescentus,CCNA_01700,styphimurium,xapB,0.307
abaylyi,ACIAD3594,ccrescentus,CCNA_00777,0.414
mgenitalium,MG_225,mpne,MPN318,0.694
mpne,MPN492,styphimurium,sgaU,0.43
mgenitalium,MG_417,mpne,MPN616,0.84
mpne,MPN616,syn3a,JCVISYN3A_0637,0.587
mpne,MPN616,saureus,rpsI,0.56
mpne,MPN616,styphimurium,rpsI,0.477
abaylyi,ACIAD3013,mpne,MPN616,0.46
ccrescentus,CCNA_01441,mpne,MPN616,0.46
mpne,MPN616,mtuberculosis,Rv3442c,0.475
ccrescentus,CCNA_03337,styphimurium,pal,0.505
abaylyi,ACIAD2623,ccrescentus,CCNA_03337,0.463
abaylyi,ACIAD3657,ccrescentus,CCNA_03431,0.389
abaylyi,ACIAD1874,saureus,SA0037,0.335
mtuberculosis,Rv2622,saureus,SA0257,0.319
ccrescentus,CCNA_01253,saureus,dapA,0.36
abaylyi,ACIAD3585,saureus,dapA,0.352
saureus,dapA,styphimurium,dapA,0.36
mtuberculosis,Rv2753c,saureus,dapA,0.399
saureus,SA1387,syn3a,JCVISYN3A_0410,0.378
saureus,tyrS,styphimurium,tyrS,0.483
saureus,tyrS,syn3a,JCVISYN3A_0613,0.504
mtuberculosis,Rv1689,saureus,tyrS,0.438
ccrescentus,CCNA_01946,saureus,tyrS,0.387
mpne,MPN669,saureus,tyrS,0.364
mgenitalium,MG_455,saureus,tyrS,0.34
mtuberculosis,Rv2904c,saureus,rplS,0.657
abaylyi,ACIAD3310,mtuberculosis,Rv2904c,0.632
ccrescentus,CCNA_00197,mtuberculosis,Rv2904c,0.614
mtuberculosis,Rv2904c,styphimurium,rplS,0.527
mtuberculosis,Rv2904c,syn3a,JCVISYN3A_0365,0.518
mgenitalium,MG_444,mtuberculosis,Rv2904c,0.513
mpne,MPN658,mtuberculosis,Rv2904c,0.49
saureus,aapA,styphimurium,cycA,0.533
abaylyi,ACIAD2662,saureus,aapA,0.474
mtuberculosis,Rv1704c,saureus,aapA,0.472
mtuberculosis,Rv2559c,styphimurium,ycaJ,0.441
ccrescentus,CCNA_01342,mtuberculosis,Rv2559c,0.432
mtuberculosis,Rv2559c,saureus,SA1454,0.429
abaylyi,ACIAD3596,mtuberculosis,Rv2559c,0.434
mtuberculosis,Rv2842c,styphimurium,yhbC,0.34
abaylyi,ACIAD2742,ccrescentus,CCNA_01541,0.349
abaylyi,ACIAD2979,ccrescentus,CCNA_03270,0.38
abaylyi,ACIAD3051,ccrescentus,CCNA_02516,0.557
abaylyi,ACIAD3051,styphimurium,yfcG,0.553
mpne,MPN572,syn3a,JCVISYN3A_0154,0.427
mgenitalium,MG_391,syn3a,JCVISYN3A_0154,0.416
abaylyi,ACIAD0253,syn3a,JCVISYN3A_0154,0.396
styphimurium,pepA,syn3a,JCVISYN3A_0154,0.408
ccrescentus,CCNA_01763,syn3a,JCVISYN3A_0154,0.381
saureus,ampA,syn3a,JCVISYN3A_0154,0.37
mtuberculosis,Rv2213,syn3a,JCVISYN3A_0154,0.351
abaylyi,ACIAD3054,ccrescentus,CCNA_01101,0.56
abaylyi,ACIAD3054,styphimurium,infC,0.629
abaylyi,ACIAD3054,mtuberculosis,Rv1641,0.496
abaylyi,ACIAD3054,saureus,infC,0.496
abaylyi,ACIAD3054,syn3a,JCVISYN3A_0200,0.321
abaylyi,ACIAD3054,mpne,MPN115,0.358
abaylyi,ACIAD3054,mgenitalium,MG_196,0.328
abaylyi,ACIAD3127,styphimurium,STM1527,0.42
abaylyi,ACIAD3307,styphimurium,truB,0.47
abaylyi,ACIAD3307,ccrescentus,CCNA_00035,0.387
abaylyi,ACIAD3307,saureus,truB,0.339
abaylyi,ACIAD3307,mtuberculosis,Rv2793c,0.41
abaylyi,ACIAD3307,syn3a,JCVISYN3A_0290,0.346
mgenitalium,MG_467,mpne,MPN683,0.73
mpne,MPN683,saureus,SA2416,0.391
mpne,MPN683,styphimurium,cysA,0.375
mpne,MPN683,mtuberculosis,Rv0655,0.34
ccrescentus,CCNA_01907,mpne,MPN683,0.34
mpne,MPN301,syn3a,JCVISYN3A_0328,0.341
mgenitalium,MG_214,syn3a,JCVISYN3A_0328,0.311
saureus,SA1325,syn3a,JCVISYN3A_0328,0.342
mgenitalium,MG_088,mpne,MPN226,0.858
mgenitalium,MG_088,syn3a,JCVISYN3A_0149,0.645
mgenitalium,MG_088,saureus,rpsG,0.629
ccrescentus,CCNA_03305,mgenitalium,MG_088,0.567
mgenitalium,MG_088,mtuberculosis,Rv0683,0.545
mgenitalium,MG_088,styphimurium,rpsG,0.527
abaylyi,ACIAD0883,mgenitalium,MG_088,0.482
mgenitalium,MG_182,mpne,MPN196,0.588
mgenitalium,MG_182,saureus,truA,0.31
mgenitalium,MG_275,mpne,MPN394,0.834
saureus,rpsN,styphimurium,rpsN,0.504
ccrescentus,CCNA_01319,saureus,rpsN,0.455
mtuberculosis,Rv2056c,saureus,rpsN,0.445
abaylyi,ACIAD3206,saureus,rpsN,0.455
ccrescentus,CCNA_01975,saureus,trpD,0.384
abaylyi,ACIAD2462,saureus,trpD,0.342
mtuberculosis,Rv2192c,saureus,trpD,0.319
mtuberculosis,Rv2540c,saureus,aroC,0.419
saureus,aroC,styphimurium,aroC,0.342
abaylyi,ACIAD2028,saureus,aroC,0.33
ccrescentus,CCNA_03256,saureus,aroC,0.325
abaylyi,ACIAD2255,mtuberculosis,Rv0070c,0.558
ccrescentus,CCNA_01419,mtuberculosis,Rv0070c,0.546
mtuberculosis,Rv0070c,styphimurium,glyA,0.538
mpne,MPN576,mtuberculosis,Rv0070c,0.493
mgenitalium,MG_394,mtuberculosis,Rv0070c,0.487
saureus,eno,syn3a,JCVISYN3A_0213,0.589
mpne,MPN606,syn3a,JCVISYN3A_0213,0.59
mgenitalium,MG_407,syn3a,JCVISYN3A_0213,0.58
styphimurium,eno,syn3a,JCVISYN3A_0213,0.567
ccrescentus,CCNA_01795,syn3a,JCVISYN3A_0213,0.552
abaylyi,ACIAD2001,syn3a,JCVISYN3A_0213,0.558
mtuberculosis,Rv1023,syn3a,JCVISYN3A_0213,0.52
saureus,rpsI,syn3a,JCVISYN3A_0637,0.585
mgenitalium,MG_417,syn3a,JCVISYN3A_0637,0.549
mtuberculosis,Rv3442c,syn3a,JCVISYN3A_0637,0.504
styphimurium,rpsI,syn3a,JCVISYN3A_0637,0.496
abaylyi,ACIAD3013,syn3a,JCVISYN3A_0637,0.471
ccrescentus,CCNA_01441,syn3a,JCVISYN3A_0637,0.475
saureus,rplW,syn3a,JCVISYN3A_0669,0.505
mtuberculosis,Rv0703,syn3a,JCVISYN3A_0669,0.481
styphimurium,rplW,syn3a,JCVISYN3A_0669,0.431
ccrescentus,CCNA_01308,syn3a,JCVISYN3A_0669,0.388
mgenitalium,MG_153,syn3a,JCVISYN3A_0669,0.354
abaylyi,ACIAD3036,styphimurium,ppx,0.431
mtuberculosis,Rv0363c,styphimurium,fba,0.406
saureus,SA0658,styphimurium,yqhE,0.46
mtuberculosis,Rv2971,styphimurium,yqhE,0.487
abaylyi,ACIAD1321,styphimurium,pyrD,0.577
abaylyi,ACIAD1321,ccrescentus,CCNA_00562,0.424
abaylyi,ACIAD1321,mtuberculosis,Rv2139,0.387
abaylyi,ACIAD1321,saureus,SA2375,0.382
abaylyi,ACIAD1389,styphimurium,rpsT,0.597
abaylyi,ACIAD1389,ccrescentus,CCNA_00007,0.395
abaylyi,ACIAD1389,mtuberculosis,Rv2412,0.405
abaylyi,ACIAD1572,ccrescentus,CCNA_00993,0.495
abaylyi,ACIAD1572,mtuberculosis,Rv0214,0.442
mgenitalium,MG_444,mpne,MPN658,0.906
abaylyi,ACIAD3310,mpne,MPN658,0.464
mpne,MPN658,saureus,rplS,0.486
mpne,MPN658,styphimurium,rplS,0.472
mpne,MPN658,syn3a,JCVISYN3A_0365,0.465
ccrescentus,CCNA_00197,mpne,MPN658,0.463
saureus,lysS,syn3a,JCVISYN3A_0064,0.552
styphimurium,lysS,syn3a,JCVISYN3A_0064,0.482
mgenitalium,MG_136,syn3a,JCVISYN3A_0064,0.462
mpne,MPN277,syn3a,JCVISYN3A_0064,0.452
abaylyi,ACIAD1069,syn3a,JCVISYN3A_0064,0.455
mtuberculosis,Rv3598c,syn3a,JCVISYN3A_0064,0.357
saureus,metK,syn3a,JCVISYN3A_0432,0.553
styphimurium,metK,syn3a,JCVISYN3A_0432,0.538
abaylyi,ACIAD2037,syn3a,JCVISYN3A_0432,0.52
mtuberculosis,Rv1392,syn3a,JCVISYN3A_0432,0.47
ccrescentus,CCNA_00048,syn3a,JCVISYN3A_0432,0.414
mpne,MPN060,syn3a,JCVISYN3A_0432,0.427
mgenitalium,MG_047,syn3a,JCVISYN3A_0432,0.439
saureus,SA2019,syn3a,JCVISYN3A_0641,0.326
abaylyi,ACIAD0264,mtuberculosis,Rv1294,0.384
ccrescentus,CCNA_01447,mtuberculosis,Rv1294,0.372
mtuberculosis,Rv1294,saureus,dhoM,0.413
ccrescentus,CCNA_00472,mtuberculosis,Rv1511,0.572
mtuberculosis,Rv1511,styphimurium,gmd,0.529
abaylyi,ACIAD3090,styphimurium,acnA,0.67
ccrescentus,CCNA_03781,styphimurium,acnA,0.63
mtuberculosis,Rv1475c,styphimurium,acnA,0.564
saureus,citB,styphimurium,acnA,0.54
ccrescentus,CCNA_03682,styphimurium,STM2177,0.515
saureus,SA0897,styphimurium,yfbB,0.3
abaylyi,ACIAD2594,styphimurium,cysU,0.511
ccrescentus,CCNA_01668,styphimurium,cysU,0.48
mgenitalium,MG_254,mpne,MPN357,0.663
mgenitalium,MG_254,syn3a,JCVISYN3A_0690,0.396
mgenitalium,MG_254,saureus,lig,0.368
mgenitalium,MG_254,styphimurium,lig,0.377
abaylyi,ACIAD0848,mgenitalium,MG_254,0.346
mgenitalium,MG_254,mtuberculosis,Rv3014c,0.328
ccrescentus,CCNA_01590,mgenitalium,MG_254,0.358
mtuberculosis,Rv0234c,styphimurium,yneI,0.451
abaylyi,ACIAD0960,mtuberculosis,Rv0234c,0.437
abaylyi,ACIAD0245,mtuberculosis,Rv2920c,0.437
mtuberculosis,Rv2920c,styphimurium,amtB,0.434
ccrescentus,CCNA_01399,mtuberculosis,Rv2920c,0.412
mtuberculosis,Rv2920c,saureus,nrgA,0.372
mtuberculosis,Rv2981c,styphimurium,ddlA,0.445
mtuberculosis,Rv2981c,saureus,ddlA,0.363
abaylyi,ACIAD3515,mtuberculosis,Rv2981c,0.351
ccrescentus,CCNA_02626,mtuberculosis,Rv2981c,0.339
abaylyi,ACIAD3119,mtuberculosis,Rv3228,0.308
mtuberculosis,Rv3228,styphimurium,yjeQ,0.315
mtuberculosis,Rv3228,saureus,SA1064,0.323
mtuberculosis,Rv3323c,saureus,moaE,0.392
ccrescentus,CCNA_03230,mtuberculosis,Rv2860c,0.347
mtuberculosis,Rv3485c,styphimurium,yciK,0.316
abaylyi,ACIAD2774,mtuberculosis,Rv3485c,0.335
abaylyi,ACIAD0335,styphimurium,fadB,0.535
ccrescentus,CCNA_01358,styphimurium,STM4424,0.375
mgenitalium,MG_293,saureus,SA0969,0.343
abaylyi,ACIAD1507,saureus,opp-2B,0.343
ccrescentus,CCNA_02759,mtuberculosis,Rv2861c,0.468
mtuberculosis,Rv2861c,styphimurium,map,0.51
abaylyi,ACIAD1987,mtuberculosis,Rv2861c,0.461
mtuberculosis,Rv2861c,saureus,map,0.37
abaylyi,ACIAD0434,styphimurium,yhjC,0.396
abaylyi,ACIAD3683,styphimurium,rnpA,0.415
abaylyi,ACIAD3014,styphimurium,sspA,0.349
abaylyi,ACIAD3239,styphimurium,corA,0.385
abaylyi,ACIAD1126,styphimurium,pepP,0.465
abaylyi,ACIAD1126,saureus,SA1360,0.307
abaylyi,ACIAD1265,styphimurium,clpB,0.663
abaylyi,ACIAD1265,ccrescentus,CCNA_00922,0.569
abaylyi,ACIAD1265,mtuberculosis,Rv0384c,0.535
abaylyi,ACIAD1265,saureus,clpB,0.509
abaylyi,ACIAD1265,syn3a,JCVISYN3A_0545,0.526
abaylyi,ACIAD1265,mpne,MPN531,0.506
abaylyi,ACIAD1265,mgenitalium,MG_355,0.5
ccrescentus,CCNA_01233,mtuberculosis,Rv2296,0.503
ccrescentus,CCNA_01495,styphimurium,phrB,0.367
abaylyi,ACIAD1182,ccrescentus,CCNA_01495,0.332
ccrescentus,CCNA_01495,saureus,SA0646,0.327
abaylyi,ACIAD1818,ccrescentus,CCNA_01889,0.533
ccrescentus,CCNA_01889,saureus,menE,0.308
mtuberculosis,Rv0147,saureus,aldH,0.418
ccrescentus,CCNA_01925,mtuberculosis,Rv0147,0.387
abaylyi,ACIAD0503,mtuberculosis,Rv0147,0.356
mgenitalium,MG_476,mpne,MPN242,0.88
mgenitalium,MG_136,mpne,MPN277,0.742
mgenitalium,MG_136,saureus,lysS,0.454
mgenitalium,MG_136,styphimurium,lysS,0.42
abaylyi,ACIAD1069,mgenitalium,MG_136,0.424
mgenitalium,MG_136,mtuberculosis,Rv3598c,0.368
ccrescentus,CCNA_00757,mgenitalium,MG_136,0.303
mgenitalium,MG_260,mpne,MPN284,0.514
saureus,SA0666,styphimurium,ptpS,0.36
ccrescentus,CCNA_03260,styphimurium,ptpS,0.396
ccrescentus,CCNA_01559,styphimurium,kduD,0.624
abaylyi,ACIAD3295,styphimurium,mdaB,0.746
saureus,SA1271,styphimurium,tdcB,0.542
ccrescentus,CCNA_03750,styphimurium,tdcB,0.4
abaylyi,ACIAD3243,styphimurium,yrbE,0.57
ccrescentus,CCNA_03809,styphimurium,yrbE,0.355
abaylyi,ACIAD2072,saureus,sodA,0.55
abaylyi,ACIAD2072,styphimurium,sodA,0.575
abaylyi,ACIAD2377,mtuberculosis,Rv3300c,0.436
mgenitalium,MG_076,mpne,MPN214,0.601
mgenitalium,MG_140,mpne,MPN153,0.786
mgenitalium,MG_421,mpne,MPN619,0.851
mgenitalium,MG_421,syn3a,JCVISYN3A_0824,0.554
mgenitalium,MG_421,saureus,uvrA,0.558
ccrescentus,CCNA_02673,mgenitalium,MG_421,0.508
mgenitalium,MG_421,styphimurium,uvrA,0.502
abaylyi,ACIAD3455,mgenitalium,MG_421,0.503
mgenitalium,MG_421,mtuberculosis,Rv1638,0.49
abaylyi,ACIAD1978,styphimurium,STM3021,0.354
abaylyi,ACIAD0274,styphimurium,icc,0.355
mtuberculosis,Rv0805,styphimurium,icc,0.308
abaylyi,ACIAD1348,styphimurium,degQ,0.441
abaylyi,ACIAD1375,styphimurium,cdsA,0.39
abaylyi,ACIAD1375,ccrescentus,CCNA_01995,0.361
mgenitalium,MG_315,mpne,MPN450,0.472
mgenitalium,MG_343,mpne,MPN518,0.527
saureus,SA1386,syn3a,JCVISYN3A_0109,0.452
mpne,MPN328,syn3a,JCVISYN3A_0109,0.42
mgenitalium,MG_235,syn3a,JCVISYN3A_0109,0.395
saureus,relA,syn3a,JCVISYN3A_0414,0.362
mtuberculosis,Rv2583c,syn3a,JCVISYN3A_0414,0.346
styphimurium,spoT,syn3a,JCVISYN3A_0414,0.337
ccrescentus,CCNA_01622,syn3a,JCVISYN3A_0414,0.306
mpne,MPN397,syn3a,JCVISYN3A_0414,0.327
mgenitalium,MG_278,syn3a,JCVISYN3A_0414,0.317
abaylyi,ACIAD1222,styphimurium,ymfB,0.37
abaylyi,ACIAD3047,styphimurium,rpmI,0.562
saureus,rpmI,styphimurium,rpmI,0.484
mtuberculosis,Rv1642,styphimurium,rpmI,0.419
abaylyi,ACIAD1890,styphimurium,fumC,0.615
saureus,citG,styphimurium,fumC,0.588
ccrescentus,CCNA_02194,styphimurium,fumC,0.564
mtuberculosis,Rv1098c,styphimurium,fumC,0.511
ccrescentus,CCNA_03306,mtuberculosis,Rv0682,0.756
abaylyi,ACIAD0881,mtuberculosis,Rv0682,0.707
mtuberculosis,Rv0682,styphimurium,rpsL,0.699
mtuberculosis,Rv0682,syn3a,JCVISYN3A_0148,0.647
mpne,MPN225,mtuberculosis,Rv0682,0.625
mgenitalium,MG_087,mtuberculosis,Rv0682,0.625
ccrescentus,CCNA_00018,mtuberculosis,Rv0869c,0.398
abaylyi,ACIAD1906,mtuberculosis,Rv0869c,0.339
mtuberculosis,Rv0869c,styphimurium,moaA,0.36
ccrescentus,CCNA_02149,mtuberculosis,Rv2682c,0.407
mtuberculosis,Rv2682c,styphimurium,dxs,0.402
abaylyi,ACIAD3247,mtuberculosis,Rv2682c,0.373
abaylyi,ACIAD0505,mtuberculosis,Rv2964,0.515
ccrescentus,CCNA_03745,mtuberculosis,Rv2964,0.478
mtuberculosis,Rv2964,styphimurium,purU,0.409
abaylyi,ACIAD0264,saureus,dhoM,0.409
ccrescentus,CCNA_01447,saureus,dhoM,0.384
saureus,comEB,syn3a,JCVISYN3A_0515,0.346
saureus,citC,styphimurium,icdA,0.624
abaylyi,ACIAD1190,saureus,citC,0.624
abaylyi,ACIAD0822,saureus,SA1715,0.487
ccrescentus,CCNA_02518,saureus,SA1715,0.457
saureus,SA1715,syn3a,JCVISYN3A_0687,0.45
mtuberculosis,Rv3009c,saureus,SA1715,0.422
mpne,MPN238,saureus,SA1715,0.383
mgenitalium,MG_100,saureus,SA1715,0.364
mtuberculosis,Rv0714,saureus,rplN,0.754
mtuberculosis,Rv0714,styphimurium,rplN,0.666
ccrescentus,CCNA_01316,mtuberculosis,Rv0714,0.639
mtuberculosis,Rv0714,syn3a,JCVISYN3A_0661,0.647
abaylyi,ACIAD3209,mtuberculosis,Rv0714,0.663
mpne,MPN175,mtuberculosis,Rv0714,0.598
mgenitalium,MG_161,mtuberculosis,Rv0714,0.598
abaylyi,ACIAD1651,styphimurium,kgtP,0.534
ccrescentus,CCNA_01071,styphimurium,kgtP,0.46
mtuberculosis,Rv3476c,styphimurium,kgtP,0.413
abaylyi,ACIAD1385,styphimurium,recA,0.733
ccrescentus,CCNA_01141,styphimurium,recA,0.678
saureus,recA,styphimurium,recA,0.628
mgenitalium,MG_339,styphimurium,recA,0.473
mpne,MPN490,styphimurium,recA,0.441
mgenitalium,MG_122,syn3a,JCVISYN3A_0859,0.329
mpne,MPN261,syn3a,JCVISYN3A_0859,0.317
saureus,SA1093,syn3a,JCVISYN3A_0859,0.303
ccrescentus,CCNA_02535,syn3a,JCVISYN3A_0859,0.315
abaylyi,ACIAD3219,ccrescentus,CCNA_01306,0.5
ccrescentus,CCNA_01306,styphimurium,rplC,0.49
ccrescentus,CCNA_01306,mtuberculosis,Rv0701,0.452
ccrescentus,CCNA_01306,saureus,rplC,0.427
ccrescentus,CCNA_01306,syn3a,JCVISYN3A_0671,0.386
ccrescentus,CCNA_01306,mgenitalium,MG_151,0.355
ccrescentus,CCNA_01306,mpne,MPN165,0.355
abaylyi,ACIAD3269,ccrescentus,CCNA_01404,0.344
ccrescentus,CCNA_01404,styphimurium,glyS,0.36
mgenitalium,MG_461,mpne,MPN677,0.75
mgenitalium,MG_461,syn3a,JCVISYN3A_0127,0.311
abaylyi,ACIAD2264,styphimurium,mltB,0.396
ccrescentus,CCNA_03529,mtuberculosis,Rv3232c,0.491
ccrescentus,CCNA_00647,saureus,SA0166,0.394
saureus,SA1433,styphimurium,ybgL,0.441
abaylyi,ACIAD2520,styphimurium,ybgL,0.449
mgenitalium,MG_176,mpne,MPN190,0.876
ccrescentus,CCNA_01329,mpne,MPN190,0.478
mpne,MPN190,syn3a,JCVISYN3A_0646,0.537
mpne,MPN190,saureus,rpsK,0.47
mpne,MPN190,mtuberculosis,Rv3459c,0.512
mpne,MPN190,styphimurium,rpsK,0.487
abaylyi,ACIAD3196,mpne,MPN190,0.462
mgenitalium,MG_115,mpne,MPN254,0.528
mpne,MPN254,styphimurium,ygaD,0.407
mgenitalium,MG_350,mpne,MPN526,0.474
ccrescentus,CCNA_00159,styphimurium,gyrB,0.559
abaylyi,ACIAD0004,ccrescentus,CCNA_00159,0.531
ccrescentus,CCNA_00159,saureus,gyrB,0.435
ccrescentus,CCNA_00159,mgenitalium,MG_203,0.413
ccrescentus,CCNA_00159,mpne,MPN122,0.405
ccrescentus,CCNA_02380,mtuberculosis,Rv3601c,0.571
mtuberculosis,Rv3601c,styphimurium,panD,0.495
mtuberculosis,Rv3601c,saureus,panD,0.474
abaylyi,ACIAD2911,mtuberculosis,Rv3601c,0.464
mtuberculosis,Rv1657,styphimurium,argR,0.3
saureus,ahrC,styphimurium,argR,0.322
abaylyi,ACIAD3209,styphimurium,rplN,0.821
ccrescentus,CCNA_01316,styphimurium,rplN,0.739
saureus,rplN,styphimurium,rplN,0.674
mpne,MPN175,styphimurium,rplN,0.56
mgenitalium,MG_161,styphimurium,rplN,0.552
styphimurium,rplN,syn3a,JCVISYN3A_0661,0.52
abaylyi,ACIAD0116,styphimurium,dadX,0.519
abaylyi,ACIAD0370,styphimurium,rbfA,0.356
abaylyi,ACIAD0370,saureus,rbfA,0.37
abaylyi,ACIAD0370,mtuberculosis,Rv2838c,0.375
abaylyi,ACIAD0444,ccrescentus,CCNA_02397,0.376
abaylyi,ACIAD0444,styphimurium,STM0410,0.325
abaylyi,ACIAD0323,styphimurium,yjiE,0.406
mgenitalium,MG_382,mpne,MPN561,0.742
mpne,MPN561,styphimurium,udk,0.372
mpne,MPN561,saureus,udk,0.391
abaylyi,ACIAD1287,styphimurium,astD,0.645
abaylyi,ACIAD1287,ccrescentus,CCNA_00618,0.54
abaylyi,ACIAD1287,mtuberculosis,Rv3293,0.318
abaylyi,ACIAD1529,ccrescentus,CCNA_02421,0.349
abaylyi,ACIAD1529,styphimurium,exbB,0.331
abaylyi,ACIAD1605,ccrescentus,CCNA_01416,0.428
abaylyi,ACIAD1605,mtuberculosis,Rv0751c,0.384
mgenitalium,MG_324,mpne,MPN470,0.785
mpne,MPN470,syn3a,JCVISYN3A_0305,0.39
mpne,MPN470,saureus,SA1360,0.35
mpne,MPN470,mtuberculosis,Rv2089c,0.358
mgenitalium,MG_428,mpne,MPN626,0.674
saureus,SA1078,syn3a,JCVISYN3A_0429,0.44
mgenitalium,MG_297,syn3a,JCVISYN3A_0429,0.437
mpne,MPN425,syn3a,JCVISYN3A_0429,0.423
styphimurium,ftsY,syn3a,JCVISYN3A_0429,0.416
ccrescentus,CCNA_03793,syn3a,JCVISYN3A_0429,0.385
mtuberculosis,Rv2921c,syn3a,JCVISYN3A_0429,0.378
mgenitalium,MG_085,syn3a,JCVISYN3A_0821,0.343
mpne,MPN223,syn3a,JCVISYN3A_0821,0.31
saureus,hprK,syn3a,JCVISYN3A_0821,0.32
ccrescentus,CCNA_01254,mtuberculosis,Rv3100c,0.521
abaylyi,ACIAD2894,ccrescentus,CCNA_01254,0.554
ccrescentus,CCNA_01254,styphimurium,smpB,0.51
ccrescentus,CCNA_01254,saureus,ssrP,0.524
ccrescentus,CCNA_01254,syn3a,JCVISYN3A_0776,0.423
ccrescentus,CCNA_01254,mgenitalium,MG_059,0.382
ccrescentus,CCNA_01254,mpne,MPN_074,0.35
ccrescentus,CCNA_01285,mgenitalium,MG_020,0.341
ccrescentus,CCNA_01448,mtuberculosis,Rv1099c,0.501
ccrescentus,CCNA_01448,styphimurium,glpX,0.473
ccrescentus,CCNA_01548,styphimurium,hcaT,0.301
ccrescentus,CCNA_01680,styphimurium,astB,0.497
abaylyi,ACIAD1288,ccrescentus,CCNA_01680,0.475
mgenitalium,MG_061,mpne,MPN076,0.625
mgenitalium,MG_250,mpne,MPN353,0.461
abaylyi,ACIAD0663,ccrescentus,CCNA_02431,0.48
abaylyi,ACIAD0663,saureus,SA2470,0.409
abaylyi,ACIAD0663,styphimurium,hisD,0.397
abaylyi,ACIAD0663,mtuberculosis,Rv1599,0.391
abaylyi,ACIAD0909,styphimurium,smpA,0.412
abaylyi,ACIAD1984,styphimurium,mgtA,0.61
abaylyi,ACIAD1984,syn3a,JCVISYN3A_0787,0.4
abaylyi,ACIAD2873,styphimurium,sucC,0.639
abaylyi,ACIAD2873,saureus,sucC,0.516
abaylyi,ACIAD2873,ccrescentus,CCNA_00340,0.537
abaylyi,ACIAD2873,mtuberculosis,Rv0951,0.396
abaylyi,ACIAD3205,styphimurium,rpsH,0.648
abaylyi,ACIAD3205,syn3a,JCVISYN3A_0657,0.523
abaylyi,ACIAD3205,saureus,rpsH,0.48
abaylyi,ACIAD3205,mpne,GT9_orf142,0.496
abaylyi,ACIAD3205,mgenitalium,MG_165,0.472
abaylyi,ACIAD3205,ccrescentus,CCNA_01320,0.453
abaylyi,ACIAD3205,mtuberculosis,Rv0718,0.473
ccrescentus,CCNA_03124,mtuberculosis,Rv3086,0.368
ccrescentus,CCNA_03476,styphimurium,rnhA,0.649
mpne,MPN379,saureus,SA1273,0.318
mgenitalium,MG_262,saureus,SA1273,0.315
saureus,SA1273,syn3a,JCVISYN3A_0097,0.3
mtuberculosis,Rv2090,saureus,SA1273,0.3
mpne,MPN663,saureus,SA1563,0.358
mtuberculosis,Rv2234,saureus,SA1697,0.322
abaylyi,ACIAD0263,saureus,thrC,0.516
abaylyi,ACIAD0263,mtuberculosis,Rv1295,0.548
abaylyi,ACIAD0493,styphimurium,topA,0.634
abaylyi,ACIAD0493,saureus,SA1093,0.395
abaylyi,ACIAD0493,ccrescentus,CCNA_02535,0.398
abaylyi,ACIAD0493,mtuberculosis,Rv3646c,0.401
abaylyi,ACIAD0493,mgenitalium,MG_122,0.316
abaylyi,ACIAD0493,mpne,MPN261,0.32
abaylyi,ACIAD0875,ccrescentus,CCNA_03331,0.375
abaylyi,ACIAD0875,mtuberculosis,Rv0422c,0.337
abaylyi,ACIAD0875,saureus,thiD,0.322
abaylyi,ACIAD3571,saureus,ribH,0.613
abaylyi,ACIAD3571,styphimurium,ribH,0.606
abaylyi,ACIAD3571,ccrescentus,CCNA_00932,0.414
abaylyi,ACIAD3571,mtuberculosis,Rv1416,0.437
mgenitalium,MG_032,mpne,MPN036,0.524
mgenitalium,MG_124,mpne,A65_orf102,0.707
mpne,A65_orf102,mtuberculosis,Rv3914,0.377
ccrescentus,CCNA_03653,mpne,A65_orf102,0.362
mpne,A65_orf102,saureus,trxA,0.375
abaylyi,ACIAD3140,mpne,A65_orf102,0.395
mpne,A65_orf102,styphimurium,trxC,0.423
mpne,A65_orf102,syn3a,JCVISYN3A_0065,0.382
abaylyi,ACIAD2389,ccrescentus,CCNA_02171,0.338
abaylyi,ACIAD1706,ccrescentus,CCNA_02490,0.623
ccrescentus,CCNA_01685,styphimurium,yccV,0.311
ccrescentus,CCNA_01946,styphimurium,tyrS,0.41
ccrescentus,CCNA_01946,mpne,MPN669,0.394
ccrescentus,CCNA_01946,mtuberculosis,Rv1689,0.419
ccrescentus,CCNA_01946,mgenitalium,MG_455,0.357
ccrescentus,CCNA_01946,syn3a,JCVISYN3A_0613,0.344
ccrescentus,CCNA_03836,styphimurium,fabA,0.674
saureus,SA0211,styphimurium,STM4425,0.307
saureus,SA1540,styphimurium,yebR,0.5
ccrescentus,CCNA_02362,styphimurium,yebR,0.41
mtuberculosis,Rv0254c,styphimurium,cobU,0.388
saureus,SA0433,styphimurium,treC,0.548
ccrescentus,CCNA_02368,styphimurium,treC,0.351
mtuberculosis,Rv2471,styphimurium,treC,0.344
abaylyi,ACIAD0342,styphimurium,pgsA,0.478
abaylyi,ACIAD0342,saureus,pgsA,0.461
abaylyi,ACIAD0342,mtuberculosis,Rv2746c,0.366
abaylyi,ACIAD0342,syn3a,JCVISYN3A_0875,0.338
abaylyi,ACIAD0342,ccrescentus,CCNA_03002,0.34
abaylyi,ACIAD3219,styphimurium,rplC,0.676
mtuberculosis,Rv0701,styphimurium,rplC,0.511
saureus,rplC,styphimurium,rplC,0.462
styphimurium,rplC,syn3a,JCVISYN3A_0671,0.444
mgenitalium,MG_151,styphimurium,rplC,0.385
mpne,MPN165,styphimurium,rplC,0.38
abaylyi,ACIAD1910,styphimurium,nirB,0.604
mtuberculosis,Rv0252,styphimurium,nirB,0.501
saureus,nasD,styphimurium,nirB,0.355
ccrescentus,CCNA_00651,styphimurium,nirB,0.357
abaylyi,ACIAD0417,styphimurium,yhhP,0.418
abaylyi,ACIAD0456,mtuberculosis,Rv0505c,0.304
abaylyi,ACIAD0707,styphimurium,mutM,0.485
abaylyi,ACIAD0707,ccrescentus,CCNA_03822,0.381
abaylyi,ACIAD0707,mpne,MPN380,0.332
abaylyi,ACIAD0707,mtuberculosis,Rv2924c,0.329
abaylyi,ACIAD0707,mgenitalium,MG_498,0.306
abaylyi,ACIAD0879,styphimurium,fabB,0.545
abaylyi,ACIAD0879,ccrescentus,CCNA_03835,0.503
abaylyi,ACIAD0879,saureus,fab,0.417
abaylyi,ACIAD0879,mtuberculosis,Rv2245,0.363
abaylyi,ACIAD0258,styphimurium,prpR,0.399
abaylyi,ACIAD1018,saureus,bfmBAB,0.417
abaylyi,ACIAD1018,ccrescentus,CCNA_01800,0.423
abaylyi,ACIAD1018,mpne,MPN392,0.358
abaylyi,ACIAD1018,mgenitalium,MG_273,0.364
abaylyi,ACIAD1018,mtuberculosis,Rv2496c,0.369
abaylyi,ACIAD1052,styphimurium,yhgI,0.471
abaylyi,ACIAD1263,styphimurium,yhfA,0.474
ccrescentus,CCNA_00015,styphimurium,moaB,0.455
ccrescentus,CCNA_00015,saureus,moaB,0.416
ccrescentus,CCNA_00015,mtuberculosis,Rv0984,0.333
ccrescentus,CCNA_00077,mtuberculosis,Rv2724c,0.519
abaylyi,ACIAD3191,ccrescentus,CCNA_00077,0.506
ccrescentus,CCNA_00237,styphimurium,baeR,0.414
ccrescentus,CCNA_01391,mtuberculosis,Rv2578c,0.329
abaylyi,ACIAD0331,ccrescentus,CCNA_01919,0.315
ccrescentus,CCNA_02210,styphimurium,folA,0.433
ccrescentus,CCNA_02210,mtuberculosis,Rv2763c,0.433
ccrescentus,CCNA_02210,saureus,dfrA,0.34
abaylyi,ACIAD0514,ccrescentus,CCNA_02210,0.358
ccrescentus,CCNA_02210,mgenitalium,MG_228,0.316
ccrescentus,CCNA_00272,styphimurium,yigN,0.369
ccrescentus,CCNA_00369,styphimurium,yegH,0.351
abaylyi,ACIAD0230,ccrescentus,CCNA_00369,0.343
abaylyi,ACIAD1690,ccrescentus,CCNA_00752,0.372
ccrescentus,CCNA_01328,saureus,rpsM,0.598
abaylyi,ACIAD3197,ccrescentus,CCNA_01328,0.632
ccrescentus,CCNA_01328,styphimurium,rpsM,0.572
ccrescentus,CCNA_01328,mtuberculosis,Rv3460c,0.524
ccrescentus,CCNA_01328,syn3a,JCVISYN3A_0647,0.557
ccrescentus,CCNA_01328,mgenitalium,MG_175,0.545
ccrescentus,CCNA_01328,mpne,MPN189,0.545
ccrescentus,CCNA_00459,styphimurium,nhaA,0.476
abaylyi,ACIAD0121,styphimurium,stbC,0.377
abaylyi,ACIAD2775,styphimurium,entB,0.595
abaylyi,ACIAD1270,styphimurium,pyrB,0.342
saureus,pyrB,styphimurium,pyrB,0.337
ccrescentus,CCNA_02525,styphimurium,pyrB,0.349
abaylyi,ACIAD3095,styphimurium,prfC,0.668
ccrescentus,CCNA_01123,styphimurium,prfC,0.459
saureus,prfC,styphimurium,prfC,0.465
abaylyi,ACIAD0272,styphimurium,yadB,0.451
abaylyi,ACIAD0535,styphimurium,clpX,0.702
abaylyi,ACIAD0535,ccrescentus,CCNA_02039,0.673
abaylyi,ACIAD0535,mtuberculosis,Rv2457c,0.639
abaylyi,ACIAD0535,saureus,clpX,0.597
ccrescentus,CCNA_00018,saureus,moaA,0.352
ccrescentus,CCNA_00018,styphimurium,moaA,0.324
abaylyi,ACIAD1906,ccrescentus,CCNA_00018,0.36
ccrescentus,CCNA_00206,mtuberculosis,Rv2504c,0.526
abaylyi,ACIAD1276,ccrescentus,CCNA_00435,0.387
ccrescentus,CCNA_00435,saureus,SA2396,0.35
ccrescentus,CCNA_03489,mtuberculosis,Rv3553,0.463
abaylyi,ACIAD1570,mtuberculosis,Rv3553,0.319
abaylyi,ACIAD3131,styphimurium,trpH,0.339
ccrescentus,CCNA_02112,styphimurium,yedO,0.442
mgenitalium,MG_310,mpne,MPN445,0.578
mgenitalium,MG_410,mpne,MPN609,0.817
mpne,MPN609,saureus,pstB,0.534
mpne,MPN609,syn3a,JCVISYN3A_0427,0.54
ccrescentus,CCNA_00294,mpne,MPN609,0.527
mpne,MPN609,styphimurium,pstB,0.489
abaylyi,ACIAD1215,mpne,MPN609,0.491
mpne,MPN609,mtuberculosis,Rv0820,0.456
mpne,MPN379,syn3a,JCVISYN3A_0097,0.312
ccrescentus,CCNA_03007,mtuberculosis,Rv1595,0.435
ccrescentus,CCNA_03007,styphimurium,nadB,0.353
saureus,gapB,styphimurium,gapA,0.487
ccrescentus,CCNA_03358,saureus,gapB,0.472
abaylyi,ACIAD1255,saureus,gapB,0.412
saureus,rho,styphimurium,rho,0.52
abaylyi,ACIAD3038,saureus,rho,0.497
mtuberculosis,Rv1297,saureus,rho,0.528
ccrescentus,CCNA_03876,saureus,rho,0.486
ccrescentus,CCNA_02052,mtuberculosis,Rv0005,0.429
abaylyi,ACIAD3544,ccrescentus,CCNA_02052,0.443
ccrescentus,CCNA_02052,syn3a,JCVISYN3A_0006,0.419
ccrescentus,CCNA_02052,mgenitalium,MG_003,0.413
ccrescentus,CCNA_02052,mpne,MPN003,0.411
ccrescentus,CCNA_02596,saureus,rpsD,0.46
ccrescentus,CCNA_02596,syn3a,JCVISYN3A_0238,0.427
abaylyi,ACIAD3195,ccrescentus,CCNA_02596,0.476
ccrescentus,CCNA_02596,styphimurium,rpsD,0.431
ccrescentus,CCNA_02596,mtuberculosis,Rv3458c,0.42
ccrescentus,CCNA_02596,mpne,MPN446,0.398
ccrescentus,CCNA_02596,mgenitalium,MG_311,0.383
ccrescentus,CCNA_00342,styphimurium,sucA,0.454
abaylyi,ACIAD2876,ccrescentus,CCNA_00342,0.447
ccrescentus,CCNA_00342,mtuberculosis,Rv1248c,0.45
ccrescentus,CCNA_00342,saureus,odhA,0.396
ccrescentus,CCNA_00725,styphimurium,ogt,0.506
abaylyi,ACIAD0692,ccrescentus,CCNA_00725,0.42
ccrescentus,CCNA_00725,mtuberculosis,Rv1316c,0.427
mgenitalium,MG_113,saureus,asnS,0.371
saureus,asnS,styphimurium,asnS,0.374
mpne,MPN252,saureus,asnS,0.383
saureus,asnS,syn3a,JCVISYN3A_0076,0.352
mtuberculosis,Rv1629,saureus,polA,0.365
abaylyi,ACIAD3030,saureus,polA,0.381
saureus,polA,styphimurium,polA,0.383
saureus,polA,syn3a,JCVISYN3A_0611,0.361
ccrescentus,CCNA_03577,saureus,polA,0.339
ccrescentus,CCNA_03178,mtuberculosis,Rv3334,0.372
mtuberculosis,Rv3334,styphimurium,STM4320,0.377
mtuberculosis,Rv3366,styphimurium,yibK,0.493
abaylyi,ACIAD2933,mtuberculosis,Rv3366,0.432
mtuberculosis,Rv3366,saureus,SA1672,0.381
ccrescentus,CCNA_00504,mtuberculosis,Rv3366,0.372
mpne,MPN521,mtuberculosis,Rv3366,0.335
mgenitalium,MG_346,mtuberculosis,Rv3366,0.302
ccrescentus,CCNA_01633,saureus,bex,0.379
ccrescentus,CCNA_01633,styphimurium,era,0.359
abaylyi,ACIAD2580,ccrescentus,CCNA_01633,0.34
ccrescentus,CCNA_01633,mtuberculosis,Rv2364c,0.349
ccrescentus,CCNA_01730,saureus,purF,0.46
ccrescentus,CCNA_01730,mtuberculosis,Rv0808,0.448
ccrescentus,CCNA_01730,styphimurium,purF,0.42
abaylyi,ACIAD1323,ccrescentus,CCNA_01730,0.387
mtuberculosis,Rv3464,styphimurium,rffG,0.473
abaylyi,ACIAD0076,mtuberculosis,Rv3464,0.446
ccrescentus,CCNA_03744,mtuberculosis,Rv3464,0.442
ccrescentus,CCNA_00074,styphimurium,yfcX,0.363
mtuberculosis,Rv0860,styphimurium,yfcX,0.342
mtuberculosis,Rv2521,styphimurium,bcp,0.503
ccrescentus,CCNA_01947,styphimurium,bcp,0.38
saureus,SA1680,styphimurium,bcp,0.375
abaylyi,ACIAD0854,styphimurium,bcp,0.387
abaylyi,ACIAD2539,styphimurium,gabD,0.609
ccrescentus,CCNA_03242,styphimurium,gabD,0.606
styphimurium,gabD,syn3a,JCVISYN3A_0451,0.335
saureus,SA0320,styphimurium,STM2344,0.388
mpne,MPN494,saureus,SA0320,0.305
saureus,lysS,styphimurium,lysS,0.528
abaylyi,ACIAD1069,saureus,lysS,0.506
mpne,MPN277,saureus,lysS,0.466
mtuberculosis,Rv3598c,saureus,lysS,0.387
ccrescentus,CCNA_00757,saureus,lysS,0.335
abaylyi,ACIAD2647,styphimurium,serC,0.575
abaylyi,ACIAD2822,styphimurium,hpaX,0.378
ccrescentus,CCNA_01938,styphimurium,sufC,0.593
saureus,SA0774,styphimurium,sufC,0.52
mtuberculosis,Rv1463,styphimurium,sufC,0.497
abaylyi,ACIAD0930,saureus,glpK,0.5
abaylyi,ACIAD0930,styphimurium,glpK,0.496
abaylyi,ACIAD0930,mgenitalium,MG_038,0.462
abaylyi,ACIAD0930,mpne,MPN050,0.459
abaylyi,ACIAD0930,mtuberculosis,Rv3696c,0.473
abaylyi,ACIAD0930,syn3a,JCVISYN3A_0218,0.448
abaylyi,ACIAD0930,ccrescentus,CCNA_01281,0.449
abaylyi,ACIAD2042,styphimurium,yjeF,0.36
abaylyi,ACIAD2042,saureus,SA0007,0.344
abaylyi,ACIAD3441,styphimurium,kefB,0.415
mtuberculosis,Rv0783c,styphimurium,yieO,0.319
abaylyi,ACIAD1348,ccrescentus,CCNA_01341,0.484
abaylyi,ACIAD1348,mtuberculosis,Rv1223,0.391
abaylyi,ACIAD1348,saureus,SA1549,0.331
abaylyi,ACIAD2467,ccrescentus,CCNA_02701,0.511
abaylyi,ACIAD0509,ccrescentus,CCNA_03340,0.385
abaylyi,ACIAD3342,mtuberculosis,Rv1722,0.431
ccrescentus,CCNA_03509,mtuberculosis,Rv2782c,0.341
mtuberculosis,Rv3063,styphimurium,cstA,0.535
abaylyi,ACIAD2205,mtuberculosis,Rv3063,0.516
ccrescentus,CCNA_02014,mtuberculosis,Rv3279c,0.336
mtuberculosis,Rv3279c,styphimurium,birA,0.321
abaylyi,ACIAD2632,styphimurium,yfgE,0.301
abaylyi,ACIAD0692,mtuberculosis,Rv1316c,0.49
mtuberculosis,Rv1316c,styphimurium,ogt,0.522
mtuberculosis,Rv1316c,saureus,adaB,0.443
ccrescentus,CCNA_02054,mtuberculosis,Rv3280,0.562
abaylyi,ACIAD1592,mtuberculosis,Rv3406,0.546
abaylyi,ACIAD3062,styphimurium,folK,0.458
saureus,folK,styphimurium,folK,0.41
mtuberculosis,Rv3606c,styphimurium,folK,0.333
ccrescentus,CCNA_00452,styphimurium,nagA,0.397
mtuberculosis,Rv3332,styphimurium,nagA,0.321
abaylyi,ACIAD3139,styphimurium,yciA,0.508
ccrescentus,CCNA_00190,styphimurium,yciA,0.495
abaylyi,ACIAD0262,styphimurium,pbpG,0.446
saureus,SA0307,syn3a,JCVISYN3A_0494,0.488
styphimurium,nanE,syn3a,JCVISYN3A_0494,0.39
saureus,rplV,syn3a,JCVISYN3A_0666,0.594
styphimurium,rplV,syn3a,JCVISYN3A_0666,0.541
mtuberculosis,Rv0706,syn3a,JCVISYN3A_0666,0.466
abaylyi,ACIAD3214,syn3a,JCVISYN3A_0666,0.514
mpne,MPN170,syn3a,JCVISYN3A_0666,0.495
mgenitalium,MG_156,syn3a,JCVISYN3A_0666,0.458
ccrescentus,CCNA_01311,syn3a,JCVISYN3A_0666,0.407
mgenitalium,MG_049,syn3a,JCVISYN3A_0747,0.39
mpne,MPN062,syn3a,JCVISYN3A_0747,0.385
saureus,deoD,syn3a,JCVISYN3A_0747,0.365
styphimurium,deoD,syn3a,JCVISYN3A_0747,0.317
abaylyi,ACIAD2341,saureus,pyrF,0.493
saureus,pyrF,styphimurium,pyrF,0.435
ccrescentus,CCNA_00104,saureus,pyrF,0.364
mtuberculosis,Rv0634B,saureus,rpmG,0.551
mgenitalium,MG_325,saureus,rpmG,0.465
mpne,MPN471,saureus,rpmG,0.418
saureus,SA1329,styphimurium,fur,0.341
saureus,aroE,styphimurium,aroE,0.345
abaylyi,ACIAD0418,saureus,aroE,0.335
ccrescentus,CCNA_00003,saureus,aroE,0.333
abaylyi,ACIAD2448,styphimurium,purD,0.64
abaylyi,ACIAD2448,ccrescentus,CCNA_00299,0.453
abaylyi,ACIAD2448,mtuberculosis,Rv0772,0.399
abaylyi,ACIAD2448,saureus,purD,0.385
abaylyi,ACIAD2569,styphimurium,uvrB,0.645
abaylyi,ACIAD2569,saureus,uvrB,0.574
abaylyi,ACIAD2569,ccrescentus,CCNA_03076,0.58
abaylyi,ACIAD2569,mtuberculosis,Rv1633,0.532
abaylyi,ACIAD2569,syn3a,JCVISYN3A_0825,0.503
abaylyi,ACIAD2569,mgenitalium,MG_073,0.488
mtuberculosis,Rv0319,saureus,pcp,0.333
mtuberculosis,Rv0041,saureus,leuS,0.435
mtuberculosis,Rv0041,syn3a,JCVISYN3A_0634,0.385
mtuberculosis,Rv0041,styphimurium,leuS,0.364
ccrescentus,CCNA_03865,mtuberculosis,Rv0041,0.36
mpne,MPN384,mtuberculosis,Rv0041,0.353
abaylyi,ACIAD3106,mtuberculosis,Rv0041,0.352
mgenitalium,MG_266,mtuberculosis,Rv0041,0.339
abaylyi,ACIAD2870,styphimurium,yedI,0.586
abaylyi,ACIAD2870,ccrescentus,CCNA_01502,0.419
abaylyi,ACIAD2870,mtuberculosis,Rv3092c,0.435
abaylyi,ACIAD2985,ccrescentus,CCNA_01917,0.379
abaylyi,ACIAD3235,styphimurium,recG,0.548
abaylyi,ACIAD3235,saureus,recG,0.378
abaylyi,ACIAD3235,mtuberculosis,Rv2973c,0.341
ccrescentus,CCNA_00930,mtuberculosis,Rv1412,0.458
abaylyi,ACIAD0249,ccrescentus,CCNA_00930,0.395
ccrescentus,CCNA_00930,saureus,ribB,0.338
ccrescentus,CCNA_00930,styphimurium,ribE,0.37
abaylyi,ACIAD0253,ccrescentus,CCNA_01028,0.437
ccrescentus,CCNA_01028,styphimurium,pepA,0.459
ccrescentus,CCNA_01028,mpne,MPN572,0.472
ccrescentus,CCNA_01028,mgenitalium,MG_391,0.454
ccrescentus,CCNA_01028,saureus,ampA,0.401
ccrescentus,CCNA_01645,styphimurium,glxR,0.335
abaylyi,ACIAD2316,ccrescentus,CCNA_01645,0.334
mgenitalium,MG_311,mpne,MPN446,0.878
mgenitalium,MG_311,syn3a,JCVISYN3A_0238,0.502
mgenitalium,MG_311,saureus,rpsD,0.42
mgenitalium,MG_311,styphimurium,rpsD,0.388
abaylyi,ACIAD3195,mgenitalium,MG_311,0.396
mgenitalium,MG_311,mtuberculosis,Rv3458c,0.348
mgenitalium,MG_402,mpne,MPN601,0.725
abaylyi,ACIAD2395,styphimurium,acnB,0.744
saureus,SA0667,styphimurium,ybaX,0.566
ccrescentus,CCNA_03262,styphimurium,ybaX,0.455
abaylyi,ACIAD2601,styphimurium,ybaX,0.411
mtuberculosis,Rv2377c,styphimurium,ybdZ,0.421
ccrescentus,CCNA_01554,styphimurium,STM3136,0.422
abaylyi,ACIAD1334,ccrescentus,CCNA_02072,0.375
ccrescentus,CCNA_02552,styphimurium,yljA,0.543
abaylyi,ACIAD1362,ccrescentus,CCNA_02552,0.468
abaylyi,ACIAD0724,ccrescentus,CCNA_03607,0.308
saureus,vicK,styphimurium,phoR,0.307
mtuberculosis,Rv2603c,styphimurium,yebC,0.473
abaylyi,ACIAD2052,mtuberculosis,Rv2603c,0.444
ccrescentus,CCNA_03352,mtuberculosis,Rv2603c,0.408
mtuberculosis,Rv2603c,saureus,SA0624,0.398
abaylyi,ACIAD0448,styphimurium,ynfL,0.359
ccrescentus,CCNA_03211,styphimurium,ycjG,0.467
abaylyi,ACIAD2907,styphimurium,prsA,0.687
ccrescentus,CCNA_00520,styphimurium,prsA,0.559
saureus,prs,styphimurium,prsA,0.49
mpne,MPN073,styphimurium,prsA,0.434
mgenitalium,MG_058,styphimurium,prsA,0.417
mtuberculosis,Rv1017c,styphimurium,prsA,0.434
styphimurium,prsA,syn3a,JCVISYN3A_0831,0.381
abaylyi,ACIAD3216,styphimurium,rplB,0.728
saureus,rplB,styphimurium,rplB,0.579
ccrescentus,CCNA_01309,styphimurium,rplB,0.585
mtuberculosis,Rv0704,styphimurium,rplB,0.56
styphimurium,rplB,syn3a,JCVISYN3A_0668,0.578
mpne,MPN168,styphimurium,rplB,0.516
mgenitalium,MG_154,styphimurium,rplB,0.505
abaylyi,ACIAD0185,styphimurium,atpA,0.744
ccrescentus,CCNA_03562,styphimurium,atpA,0.583
saureus,atpA,styphimurium,atpA,0.539
styphimurium,atpA,syn3a,JCVISYN3A_0792,0.517
mpne,MPN600,styphimurium,atpA,0.48
mgenitalium,MG_401,styphimurium,atpA,0.486
saureus,SA1464,styphimurium,yajC,0.341
abaylyi,ACIAD0589,saureus,SA1464,0.337
abaylyi,ACIAD1890,saureus,citG,0.556
ccrescentus,CCNA_02194,saureus,citG,0.539
mtuberculosis,Rv1098c,saureus,citG,0.444
abaylyi,ACIAD2973,saureus,kdpE,0.433
saureus,kdpE,styphimurium,kdpE,0.413
ccrescentus,CCNA_03764,mtuberculosis,Rv2605c,0.445
mtuberculosis,Rv2605c,styphimurium,tesB,0.415
abaylyi,ACIAD3231,mtuberculosis,Rv2605c,0.37
mtuberculosis,Rv2763c,styphimurium,folA,0.38
abaylyi,ACIAD0514,mtuberculosis,Rv2763c,0.331
mtuberculosis,Rv2763c,saureus,dfrA,0.346
mpne,MPN321,mtuberculosis,Rv2763c,0.312
ccrescentus,CCNA_01384,mtuberculosis,Rv2888c,0.364
mtuberculosis,Rv3012c,saureus,SA1717,0.357
abaylyi,ACIAD3047,ccrescentus,CCNA_01098,0.468
ccrescentus,CCNA_01131,styphimurium,flhB,0.347
saureus,SA0367,styphimurium,mdaA,0.375
abaylyi,ACIAD0267,ccrescentus,CCNA_00748,0.32
abaylyi,ACIAD2101,ccrescentus,CCNA_01509,0.573
abaylyi,ACIAD2244,ccrescentus,CCNA_03314,0.539
abaylyi,ACIAD2509,ccrescentus,CCNA_03495,0.434
abaylyi,ACIAD2509,mtuberculosis,Rv1350,0.389
abaylyi,ACIAD2613,styphimurium,dgt,0.321
mtuberculosis,Rv0985c,saureus,mscL,0.409
ccrescentus,CCNA_03700,mtuberculosis,Rv0985c,0.36
mtuberculosis,Rv0985c,styphimurium,mscL,0.35
abaylyi,ACIAD0704,mtuberculosis,Rv0985c,0.352
ccrescentus,CCNA_01894,mtuberculosis,Rv1393c,0.335
abaylyi,ACIAD2886,styphimurium,gltA,0.661
ccrescentus,CCNA_01983,styphimurium,gltA,0.656
mtuberculosis,Rv0896,styphimurium,gltA,0.529
abaylyi,ACIAD2935,styphimurium,serS,0.678
saureus,serS,styphimurium,serS,0.516
ccrescentus,CCNA_02078,styphimurium,serS,0.466
styphimurium,serS,syn3a,JCVISYN3A_0061,0.425
mgenitalium,MG_005,styphimurium,serS,0.386
mpne,MPN005,styphimurium,serS,0.408
mtuberculosis,Rv3834c,styphimurium,serS,0.358
ccrescentus,CCNA_00014,mtuberculosis,Rv3111,0.552
mtuberculosis,Rv3111,styphimurium,moaC,0.572
mgenitalium,MG_364,mpne,MPN542,0.761
mgenitalium,MG_453,mpne,MPN667,0.743
mpne,MPN667,saureus,gtaB,0.503
mpne,MPN667,syn3a,JCVISYN3A_0115,0.416
ccrescentus,CCNA_03752,mpne,MPN667,0.42
abaylyi,ACIAD0099,mpne,MPN667,0.417
mpne,MPN667,styphimurium,galU,0.434
mpne,MPN667,mtuberculosis,Rv0993,0.339
saureus,sigA,syn3a,JCVISYN3A_0407,0.456
mpne,MPN352,syn3a,JCVISYN3A_0407,0.439
mgenitalium,MG_249,syn3a,JCVISYN3A_0407,0.433
mtuberculosis,Rv2703,syn3a,JCVISYN3A_0407,0.382
styphimurium,rpoS,syn3a,JCVISYN3A_0407,0.334
saureus,ilvD,styphimurium,ilvD,0.461
ccrescentus,CCNA_03139,saureus,ilvD,0.46
abaylyi,ACIAD1266,saureus,ilvD,0.449
mtuberculosis,Rv0189c,saureus,ilvD,0.425
saureus,SA2266,styphimurium,ydfG,0.36
mtuberculosis,Rv1020,saureus,mfd,0.379
mtuberculosis,Rv1020,styphimurium,mfd,0.375
abaylyi,ACIAD1395,mtuberculosis,Rv1020,0.364
ccrescentus,CCNA_01920,mtuberculosis,Rv1020,0.367
ccrescentus,CCNA_02269,mtuberculosis,Rv1333,0.418
abaylyi,ACIAD1192,ccrescentus,CCNA_03328,0.375
ccrescentus,CCNA_03328,styphimurium,yddE,0.32
ccrescentus,CCNA_00515,saureus,metE,0.447
saureus,metE,styphimurium,metE,0.449
saureus,proP,styphimurium,proP,0.386
abaylyi,ACIAD2280,saureus,proP,0.406
ccrescentus,CCNA_01031,saureus,proP,0.362
saureus,SA0722,syn3a,JCVISYN3A_0817,0.305
abaylyi,ACIAD0675,ccrescentus,CCNA_02726,0.571
abaylyi,ACIAD0675,mtuberculosis,Rv3525c,0.38
abaylyi,ACIAD1056,mtuberculosis,Rv3588c,0.395
abaylyi,ACIAD1056,ccrescentus,CCNA_03687,0.388
abaylyi,ACIAD3512,styphimurium,ftsA,0.302
abaylyi,ACIAD3512,ccrescentus,CCNA_02624,0.317
mgenitalium,MG_071,mpne,MPN209,0.757
mpne,MPN209,mtuberculosis,Rv1997,0.333
saureus,pckA,styphimurium,pckA,0.532
mtuberculosis,Rv3041c,saureus,SA1958,0.356
abaylyi,ACIAD1243,saureus,SA2050,0.472
ccrescentus,CCNA_00186,saureus,SA2050,0.458
saureus,SA2050,styphimurium,yieG,0.399
ccrescentus,CCNA_02529,mtuberculosis,Rv2896c,0.332
ccrescentus,CCNA_00372,mgenitalium,MG_404,0.363
ccrescentus,CCNA_02848,styphimurium,ccmF,0.437
ccrescentus,CCNA_03009,mtuberculosis,Rv1596,0.5
ccrescentus,CCNA_03009,styphimurium,nadC,0.444
abaylyi,ACIAD0062,ccrescentus,CCNA_03009,0.405
ccrescentus,CCNA_03353,saureus,SA1130,0.423
saureus,SA1130,syn3a,JCVISYN3A_0431,0.366
mpne,MPN349,saureus,SA1130,0.386
mgenitalium,MG_246,saureus,SA1130,0.369
mtuberculosis,Rv0462,saureus,SA1349,0.364
abaylyi,ACIAD0752,saureus,SA1576,0.337
ccrescentus,CCNA_01545,saureus,SA1576,0.315
saureus,SA1576,styphimurium,yhiN,0.309
ccrescentus,CCNA_01591,saureus,SA1710,0.32
mtuberculosis,Rv2367c,saureus,SA1399,0.35
mtuberculosis,Rv2367c,styphimurium,ybeY,0.342
mtuberculosis,Rv2367c,syn3a,JCVISYN3A_0402,0.336
mpne,MPN569,mtuberculosis,Rv2367c,0.305
ccrescentus,CCNA_03165,mtuberculosis,Rv2459,0.349
mtuberculosis,Rv2710,styphimurium,rpoS,0.395
abaylyi,ACIAD1025,styphimurium,yeiR,0.321
abaylyi,ACIAD1025,saureus,SA0642,0.308
abaylyi,ACIAD1203,ccrescentus,CCNA_02059,0.357
abaylyi,ACIAD1270,ccrescentus,CCNA_02525,0.488
abaylyi,ACIAD1270,mtuberculosis,Rv1380,0.469
abaylyi,ACIAD1270,saureus,pyrB,0.384
abaylyi,ACIAD1981,styphimurium,yeaS,0.41
ccrescentus,CCNA_00488,styphimurium,yeaS,0.304
ccrescentus,CCNA_02090,styphimurium,xthA,0.364
abaylyi,ACIAD0166,styphimurium,sfcA,0.688
mtuberculosis,Rv2332,styphimurium,sfcA,0.416
saureus,SA1013,styphimurium,STM4466,0.451
mpne,MPN307,styphimurium,STM4466,0.388
abaylyi,ACIAD0279,styphimurium,phoU,0.431
abaylyi,ACIAD0279,ccrescentus,CCNA_00295,0.334
abaylyi,ACIAD0279,saureus,SA1217,0.311
abaylyi,ACIAD0357,styphimurium,yjfH,0.475
abaylyi,ACIAD0357,saureus,SA0490,0.366
abaylyi,ACIAD0357,mtuberculosis,Rv3579c,0.364
abaylyi,ACIAD0357,mpne,MPN355,0.323
abaylyi,ACIAD0357,mgenitalium,MG_252,0.314
abaylyi,ACIAD1568,ccrescentus,CCNA_01927,0.356
ccrescentus,CCNA_02600,styphimurium,yeiG,0.505
abaylyi,ACIAD0682,ccrescentus,CCNA_02600,0.47
ccrescentus,CCNA_02851,mtuberculosis,Rv0554,0.303
ccrescentus,CCNA_02537,styphimurium,vacB,0.34
abaylyi,ACIAD3179,ccrescentus,CCNA_02537,0.332
ccrescentus,CCNA_02537,saureus,rnr,0.301
ccrescentus,CCNA_02537,mgenitalium,MG_104,0.314
ccrescentus,CCNA_02537,mpne,MPN243,0.318
abaylyi,ACIAD1987,ccrescentus,CCNA_02759,0.558
ccrescentus,CCNA_02759,styphimurium,map,0.526
ccrescentus,CCNA_02759,syn3a,JCVISYN3A_0650,0.373
ccrescentus,CCNA_02759,saureus,map,0.317
mtuberculosis,Rv3153,styphimurium,nuoI,0.429
abaylyi,ACIAD0738,mtuberculosis,Rv3153,0.436
ccrescentus,CCNA_02020,mtuberculosis,Rv3153,0.414
mtuberculosis,Rv3306c,saureus,hmrA,0.352
abaylyi,ACIAD0315,styphimurium,STM1236,0.471
abaylyi,ACIAD0735,styphimurium,nuoF,0.664
mtuberculosis,Rv3150,styphimurium,nuoF,0.466
ccrescentus,CCNA_02024,styphimurium,nuoF,0.415
saureus,pdp,styphimurium,deoA,0.419
mtuberculosis,Rv3314c,styphimurium,deoA,0.415
mgenitalium,MG_051,styphimurium,deoA,0.365
mpne,MPN064,styphimurium,deoA,0.343
abaylyi,ACIAD0142,styphimurium,bolA,0.43
abaylyi,ACIAD0142,ccrescentus,CCNA_03106,0.383
abaylyi,ACIAD0318,styphimurium,STM4510,0.436
saureus,deoD,styphimurium,deoD,0.526
mpne,MPN062,styphimurium,deoD,0.445
mgenitalium,MG_049,styphimurium,deoD,0.438
abaylyi,ACIAD0249,mtuberculosis,Rv1412,0.441
abaylyi,ACIAD0249,saureus,ribB,0.401
abaylyi,ACIAD0249,styphimurium,ribE,0.352
abaylyi,ACIAD0861,styphimurium,yciL,0.542
abaylyi,ACIAD0861,ccrescentus,CCNA_00230,0.432
abaylyi,ACIAD0861,mtuberculosis,Rv1711,0.379
abaylyi,ACIAD0861,saureus,rluB,0.356
abaylyi,ACIAD0861,syn3a,JCVISYN3A_0329,0.329
abaylyi,ACIAD1175,styphimurium,wecB,0.429
abaylyi,ACIAD1175,saureus,mnaA,0.428
ccrescentus,CCNA_01572,saureus,glpF,0.307
ccrescentus,CCNA_01832,mtuberculosis,Rv0186,0.485
saureus,gyrA,styphimurium,gyrA,0.507
mpne,MPN004,saureus,gyrA,0.519
mgenitalium,MG_004,saureus,gyrA,0.504
abaylyi,ACIAD2652,saureus,gyrA,0.481
mtuberculosis,Rv0006,saureus,gyrA,0.479
saureus,gyrA,syn3a,JCVISYN3A_0007,0.465
ccrescentus,CCNA_01651,saureus,gyrA,0.435
mtuberculosis,Rv3781,styphimurium,STM0723,0.442
ccrescentus,CCNA_00670,mtuberculosis,Rv3781,0.392
mtuberculosis,Rv3781,saureus,tagH,0.311
ccrescentus,CCNA_01005,styphimurium,flgC,0.43
abaylyi,ACIAD0726,styphimurium,rstA,0.444
abaylyi,ACIAD2085,ccrescentus,CCNA_01804,0.585
ccrescentus,CCNA_01804,saureus,bsaA,0.528
ccrescentus,CCNA_01804,styphimurium,btuE,0.494
ccrescentus,CCNA_02388,styphimurium,rpiA,0.417
ccrescentus,CCNA_02388,saureus,SA2127,0.425
abaylyi,ACIAD1358,ccrescentus,CCNA_02388,0.357
ccrescentus,CCNA_00863,styphimurium,STM2668,0.353
styphimurium,cysC,syn3a,JCVISYN3A_0931,0.497
mtuberculosis,Rv2764c,styphimurium,thyA,0.659
ccrescentus,CCNA_02208,styphimurium,thyA,0.634
abaylyi,ACIAD0515,styphimurium,thyA,0.592
saureus,thyA,styphimurium,thyA,0.498
mpne,MPN320,styphimurium,thyA,0.501
mgenitalium,MG_227,styphimurium,thyA,0.498
abaylyi,ACIAD2913,styphimurium,ribB,0.604
mtuberculosis,Rv1940,styphimurium,ribB,0.363
ccrescentus,CCNA_02587,styphimurium,arcB,0.354
abaylyi,ACIAD0301,styphimurium,nusG,0.609
ccrescentus,CCNA_03310,styphimurium,nusG,0.551
saureus,nusG,styphimurium,nusG,0.42
mtuberculosis,Rv0639,styphimurium,nusG,0.412
ccrescentus,CCNA_01314,styphimurium,rpmC,0.46
ccrescentus,CCNA_01314,saureus,rpmC,0.534
ccrescentus,CCNA_01314,mtuberculosis,Rv0709,0.518
abaylyi,ACIAD3412,ccrescentus,CCNA_00130,0.442
ccrescentus,CCNA_00130,styphimurium,kup,0.447
ccrescentus,CCNA_00740,styphimurium,ribF,0.381
ccrescentus,CCNA_00740,mtuberculosis,Rv2786c,0.332
ccrescentus,CCNA_00740,saureus,ribC,0.306
ccrescentus,CCNA_01580,styphimurium,ycbK,0.391
ccrescentus,CCNA_00976,mtuberculosis,Rv0724,0.332
mtuberculosis,Rv0724,styphimurium,sppA,0.33
mtuberculosis,Rv0944,syn3a,JCVISYN3A_0610,0.3
abaylyi,ACIAD1608,mtuberculosis,Rv1070c,0.593
ccrescentus,CCNA_00006,mtuberculosis,Rv1070c,0.597
mtuberculosis,Rv1131,saureus,citZ,0.387
mtuberculosis,Rv1131,styphimurium,prpC,0.379
abaylyi,ACIAD2756,mtuberculosis,Rv1131,0.393
mtuberculosis,Rv1383,styphimurium,carA,0.455
abaylyi,ACIAD2860,mtuberculosis,Rv1383,0.418
mtuberculosis,Rv1383,saureus,pyrAA,0.429
ccrescentus,CCNA_02925,mtuberculosis,Rv1383,0.419
mgenitalium,MG_153,saureus,rplW,0.386
mgenitalium,MG_216,mpne,MPN303,0.781
mgenitalium,MG_216,syn3a,JCVISYN3A_0221,0.41
mgenitalium,MG_216,saureus,pykA,0.408
mgenitalium,MG_216,styphimurium,pykF,0.39
mgenitalium,MG_216,mtuberculosis,Rv1617,0.36
ccrescentus,CCNA_02130,mgenitalium,MG_216,0.318
mgenitalium,MG_340,mpne,MPN515,0.923
mgenitalium,MG_340,syn3a,JCVISYN3A_0803,0.479
mgenitalium,MG_340,saureus,rpoC,0.453
ccrescentus,CCNA_00537,mgenitalium,MG_340,0.369
abaylyi,ACIAD0308,mgenitalium,MG_340,0.357
mgenitalium,MG_340,styphimurium,rpoC,0.352
mtuberculosis,Rv1416,saureus,ribH,0.42
mtuberculosis,Rv1416,styphimurium,ribH,0.449
ccrescentus,CCNA_00932,mtuberculosis,Rv1416,0.412
ccrescentus,CCNA_03852,mtuberculosis,Rv1603,0.337
abaylyi,ACIAD3398,mtuberculosis,Rv1603,0.33
mtuberculosis,Rv1603,styphimurium,hisA,0.358
ccrescentus,CCNA_00050,mtuberculosis,Rv2262c,0.3
mtuberculosis,Rv2882c,saureus,frr,0.494
abaylyi,ACIAD1373,mtuberculosis,Rv2882c,0.397
mtuberculosis,Rv2882c,styphimurium,frr,0.391
ccrescentus,CCNA_01997,mtuberculosis,Rv2882c,0.377
mtuberculosis,Rv2882c,syn3a,JCVISYN3A_0536,0.351
mpne,MPN636,mtuberculosis,Rv2882c,0.369
mgenitalium,MG_435,mtuberculosis,Rv2882c,0.329
abaylyi,ACIAD3298,ccrescentus,CCNA_00132,0.366
ccrescentus,CCNA_00132,styphimurium,ucpA,0.371
abaylyi,ACIAD3310,saureus,rplS,0.63
ccrescentus,CCNA_00197,saureus,rplS,0.708
saureus,rplS,styphimurium,rplS,0.559
saureus,rplS,syn3a,JCVISYN3A_0365,0.575
mgenitalium,MG_444,saureus,rplS,0.486
mtuberculosis,Rv2785c,saureus,rpsO,0.595
saureus,rpsO,styphimurium,rpsO,0.539
abaylyi,ACIAD0401,saureus,rpsO,0.539
saureus,rpsO,syn3a,JCVISYN3A_0294,0.551
ccrescentus,CCNA_00034,saureus,rpsO,0.528
mgenitalium,MG_424,saureus,rpsO,0.456
mtuberculosis,Rv2725c,saureus,SA1147,0.43
saureus,SA1147,styphimurium,hflX,0.44
abaylyi,ACIAD3005,saureus,SA1147,0.444
ccrescentus,CCNA_01820,saureus,SA1147,0.471
abaylyi,ACIAD3032,saureus,SA1334,0.304
ccrescentus,CCNA_00528,saureus,SA1334,0.32
ccrescentus,CCNA_03828,mtuberculosis,Rv2697c,0.442
abaylyi,ACIAD0123,styphimurium,lpfB,0.349
abaylyi,ACIAD0264,ccrescentus,CCNA_01447,0.409
abaylyi,ACIAD0452,styphimurium,aidB,0.418
abaylyi,ACIAD0452,mtuberculosis,Rv0672,0.389
mgenitalium,MG_125,mpne,MPN264,0.629
mgenitalium,MG_446,mpne,MPN660,0.886
mpne,MPN660,syn3a,JCVISYN3A_0362,0.523
mpne,MPN660,mtuberculosis,Rv2909c,0.407
abaylyi,ACIAD3313,mpne,MPN660,0.415
mpne,MPN660,styphimurium,rpsP,0.363
saureus,ksgA,syn3a,JCVISYN3A_0004,0.339
styphimurium,ksgA,syn3a,JCVISYN3A_0004,0.326
abaylyi,ACIAD3009,syn3a,JCVISYN3A_0004,0.346
mgenitalium,MG_463,syn3a,JCVISYN3A_0004,0.343
mpne,MPN679,syn3a,JCVISYN3A_0004,0.303
saureus,SA1919,syn3a,JCVISYN3A_0142,0.324
abaylyi,ACIAD2417,syn3a,JCVISYN3A_0142,0.308
ccrescentus,CCNA_01097,styphimurium,rplT,0.627
abaylyi,ACIAD3046,ccrescentus,CCNA_01097,0.618
ccrescentus,CCNA_01097,mtuberculosis,Rv1643,0.538
ccrescentus,CCNA_01097,saureus,rplT,0.478
ccrescentus,CCNA_01097,syn3a,JCVISYN3A_0198,0.461
ccrescentus,CCNA_01097,mgenitalium,MG_198,0.455
ccrescentus,CCNA_01097,mpne,MPN117,0.455
ccrescentus,CCNA_01419,saureus,glyA,0.582
ccrescentus,CCNA_01419,styphimurium,glyA,0.582
abaylyi,ACIAD2255,ccrescentus,CCNA_01419,0.562
ccrescentus,CCNA_01419,syn3a,JCVISYN3A_0799,0.562
ccrescentus,CCNA_01419,mpne,MPN576,0.537
ccrescentus,CCNA_01419,mgenitalium,MG_394,0.537
abaylyi,ACIAD2365,ccrescentus,CCNA_03383,0.347
ccrescentus,CCNA_03383,mpne,MPN019,0.324
ccrescentus,CCNA_03383,mgenitalium,MG_015,0.313
abaylyi,ACIAD1988,saureus,SA0180,0.355
abaylyi,ACIAD2893,ccrescentus,CCNA_01652,0.506
ccrescentus,CCNA_01652,styphimurium,kdtB,0.474
ccrescentus,CCNA_01652,saureus,SA0973,0.433
ccrescentus,CCNA_01652,mtuberculosis,Rv2965c,0.378
ccrescentus,CCNA_01749,styphimurium,acpP,0.63
ccrescentus,CCNA_01749,saureus,hmrB,0.632
abaylyi,ACIAD0872,ccrescentus,CCNA_01749,0.526
ccrescentus,CCNA_01883,mtuberculosis,Rv1934c,0.384
abaylyi,ACIAD0125,saureus,SA0684,0.317
ccrescentus,CCNA_02639,saureus,murD,0.317
ccrescentus,CCNA_01523,styphimurium,speG,0.311
ccrescentus,CCNA_01750,styphimurium,fabF,0.53
ccrescentus,CCNA_01750,saureus,fab,0.49
ccrescentus,CCNA_01750,mtuberculosis,Rv2245,0.372
abaylyi,ACIAD3018,ccrescentus,CCNA_03806,0.321
abaylyi,ACIAD1769,saureus,SA0589,0.336
abaylyi,ACIAD1925,ccrescentus,CCNA_03360,0.639
abaylyi,ACIAD1925,saureus,fbaA,0.342
abaylyi,ACIAD1925,mpne,MPN025,0.322
abaylyi,ACIAD1925,styphimurium,STM3253,0.314
abaylyi,ACIAD1925,syn3a,JCVISYN3A_0131,0.325
abaylyi,ACIAD1925,mgenitalium,MG_023,0.313
abaylyi,ACIAD2247,ccrescentus,CCNA_02432,0.336
abaylyi,ACIAD2247,styphimurium,allP,0.304
abaylyi,ACIAD2581,styphimurium,rnc,0.566
abaylyi,ACIAD2581,saureus,rnc,0.333
abaylyi,ACIAD2581,ccrescentus,CCNA_01630,0.357
abaylyi,ACIAD2581,syn3a,JCVISYN3A_0418,0.37
abaylyi,ACIAD2581,mtuberculosis,Rv2925c,0.372
abaylyi,ACIAD2723,styphimurium,STM0950,0.419
ccrescentus,CCNA_00238,styphimurium,ygiY,0.326
ccrescentus,CCNA_00238,mtuberculosis,Rv0982,0.324
ccrescentus,CCNA_00368,saureus,SA0135,0.43
abaylyi,ACIAD1140,styphimurium,yejB,0.543
mtuberculosis,Rv3335c,styphimurium,yhjD,0.333
abaylyi,ACIAD2511,styphimurium,dsdC,0.331
saureus,SA0703,styphimurium,yigZ,0.327
abaylyi,ACIAD1490,styphimurium,yigZ,0.3
ccrescentus,CCNA_01416,styphimurium,yihU,0.335
saureus,opuCB,styphimurium,STM1494,0.42
mtuberculosis,Rv3756c,saureus,opuCB,0.361
ccrescentus,CCNA_01908,saureus,opuCB,0.31
mtuberculosis,Rv0706,saureus,rplV,0.514
mtuberculosis,Rv0706,styphimurium,rplV,0.532
abaylyi,ACIAD3214,mtuberculosis,Rv0706,0.514
ccrescentus,CCNA_01311,mtuberculosis,Rv0706,0.419
mgenitalium,MG_191,mpne,MPN141,0.454
mpne,MPN515,syn3a,JCVISYN3A_0803,0.481
mpne,MPN515,saureus,rpoC,0.455
ccrescentus,CCNA_00537,mpne,MPN515,0.371
mpne,MPN515,styphimurium,rpoC,0.364
abaylyi,ACIAD0308,mpne,MPN515,0.354
mpne,MPN184,syn3a,JCVISYN3A_0652,0.392
mgenitalium,MG_170,syn3a,JCVISYN3A_0652,0.392
saureus,secY,syn3a,JCVISYN3A_0652,0.389
abaylyi,ACIAD3199,syn3a,JCVISYN3A_0652,0.335
mtuberculosis,Rv0732,syn3a,JCVISYN3A_0652,0.355
ccrescentus,CCNA_01326,syn3a,JCVISYN3A_0652,0.31
styphimurium,secY,syn3a,JCVISYN3A_0652,0.329
mgenitalium,MG_107,mpne,MPN246,0.75
mgenitalium,MG_107,saureus,gmk,0.404
mgenitalium,MG_107,styphimurium,gmk,0.404
mgenitalium,MG_107,syn3a,JCVISYN3A_0203,0.403
ccrescentus,CCNA_01753,mgenitalium,MG_107,0.37
abaylyi,ACIAD3324,mgenitalium,MG_107,0.388
mgenitalium,MG_107,mtuberculosis,Rv1389,0.382
mgenitalium,MG_204,mpne,MPN123,0.655
mgenitalium,MG_204,syn3a,JCVISYN3A_0453,0.398
ccrescentus,CCNA_03556,styphimurium,sugE,0.683
abaylyi,ACIAD0691,ccrescentus,CCNA_03556,0.485
ccrescentus,CCNA_03556,mtuberculosis,Rv3065,0.343
mtuberculosis,Rv1848,saureus,ureA,0.626
abaylyi,ACIAD1089,saureus,ureA,0.64
abaylyi,ACIAD1008,saureus,betA,0.512
ccrescentus,CCNA_02725,saureus,betA,0.396
mtuberculosis,Rv1279,saureus,betA,0.374
abaylyi,ACIAD1204,styphimurium,hepA,0.425
abaylyi,ACIAD1693,ccrescentus,CCNA_00436,0.629
abaylyi,ACIAD1693,mtuberculosis,Rv3274c,0.413
ccrescentus,CCNA_00278,styphimurium,yneH,0.501
abaylyi,ACIAD1040,ccrescentus,CCNA_00278,0.358
ccrescentus,CCNA_00568,saureus,nagA,0.314
ccrescentus,CCNA_01990,styphimurium,lpxD,0.324
abaylyi,ACIAD1380,ccrescentus,CCNA_01990,0.319
ccrescentus,CCNA_02055,mtuberculosis,Rv2639c,0.442
ccrescentus,CCNA_02055,styphimurium,ynfA,0.424
ccrescentus,CCNA_02055,saureus,SA2130,0.396
abaylyi,ACIAD1364,ccrescentus,CCNA_02055,0.408
abaylyi,ACIAD3621,styphimurium,dnaJ,0.609
ccrescentus,CCNA_00011,styphimurium,dnaJ,0.515
saureus,dnaJ,styphimurium,dnaJ,0.481
mtuberculosis,Rv0352,styphimurium,dnaJ,0.444
styphimurium,dnaJ,syn3a,JCVISYN3A_0541,0.367
mpne,MPN021,styphimurium,dnaJ,0.336
mgenitalium,MG_019,styphimurium,dnaJ,0.333
ccrescentus,CCNA_01199,styphimurium,rfbA,0.687
abaylyi,ACIAD0079,styphimurium,rfbA,0.678
mtuberculosis,Rv0334,styphimurium,rfbA,0.604
saureus,SA0261,styphimurium,galS,0.305
ccrescentus,CCNA_01729,styphimurium,yfeH,0.539
abaylyi,ACIAD2212,styphimurium,yfeH,0.512
mtuberculosis,Rv0920c,styphimurium,STM1860,0.43
abaylyi,ACIAD0078,styphimurium,rfbD,0.5
ccrescentus,CCNA_03730,styphimurium,rfbD,0.378
mtuberculosis,Rv3266c,styphimurium,rfbD,0.315
abaylyi,ACIAD3008,styphimurium,apaH,0.444
ccrescentus,CCNA_02665,styphimurium,flgI,0.442
ccrescentus,CCNA_02696,mtuberculosis,Rv3375,0.387
mtuberculosis,Rv2361c,saureus,uppS,0.399
saureus,uppS,styphimurium,uppS,0.411
ccrescentus,CCNA_01996,saureus,uppS,0.395
abaylyi,ACIAD1374,saureus,uppS,0.362
ccrescentus,CCNA_00886,saureus,lysC,0.391
abaylyi,ACIAD1252,saureus,lysC,0.388
mtuberculosis,Rv3709c,saureus,lysC,0.386
abaylyi,ACIAD2288,saureus,SA1290,0.319
saureus,SA1290,styphimurium,cca,0.315
saureus,phoP,styphimurium,cpxR,0.438
abaylyi,ACIAD0726,saureus,phoP,0.421
ccrescentus,CCNA_00792,mtuberculosis,Rv0557,0.324
ccrescentus,CCNA_02730,styphimurium,yliJ,0.415
abaylyi,ACIAD3130,ccrescentus,CCNA_02730,0.328
ccrescentus,CCNA_03238,styphimurium,potH,0.388
ccrescentus,CCNA_03238,saureus,potB,0.315
mtuberculosis,Rv0629c,styphimurium,recD,0.369
abaylyi,ACIAD0399,styphimurium,recD,0.353
saureus,fbaA,styphimurium,STM3253,0.439
styphimurium,STM3253,syn3a,JCVISYN3A_0131,0.364
mpne,MPN025,styphimurium,STM3253,0.355
mgenitalium,MG_023,styphimurium,STM3253,0.351
ccrescentus,CCNA_03360,styphimurium,STM3253,0.339
abaylyi,ACIAD2223,mtuberculosis,Rv3838c,0.353
abaylyi,ACIAD2369,ccrescentus,CCNA_03650,0.348
abaylyi,ACIAD2438,ccrescentus,CCNA_01674,0.533
abaylyi,ACIAD2438,mtuberculosis,Rv2411c,0.468
ccrescentus,CCNA_00540,styphimurium,hemF,0.42
abaylyi,ACIAD3250,ccrescentus,CCNA_00540,0.372
abaylyi,ACIAD3041,styphimurium,pheT,0.477
saureus,pheT,styphimurium,pheT,0.371
ccrescentus,CCNA_01095,styphimurium,pheT,0.328
mtuberculosis,Rv1650,styphimurium,pheT,0.306
abaylyi,ACIAD0627,styphimurium,baeR,0.486
abaylyi,ACIAD3302,styphimurium,serA,0.615
abaylyi,ACIAD3302,ccrescentus,CCNA_03322,0.408
abaylyi,ACIAD3302,mtuberculosis,Rv2996c,0.411
abaylyi,ACIAD3302,saureus,fdh,0.333
mgenitalium,MG_172,mpne,MPN186,0.657
mpne,MPN186,syn3a,JCVISYN3A_0650,0.316
abaylyi,ACIAD1987,mpne,MPN186,0.317
mgenitalium,MG_248,mpne,MPN351,0.544
saureus,lacR,styphimurium,glpR,0.331
saureus,mtlF,styphimurium,mtlA,0.509
mpne,MPN651,styphimurium,mtlA,0.388
abaylyi,ACIAD1215,styphimurium,pstB,0.547
saureus,pstB,styphimurium,pstB,0.557
ccrescentus,CCNA_00294,styphimurium,pstB,0.541
mtuberculosis,Rv0820,styphimurium,pstB,0.537
styphimurium,pstB,syn3a,JCVISYN3A_0427,0.5
mgenitalium,MG_410,styphimurium,pstB,0.506
abaylyi,ACIAD2384,styphimurium,metR,0.422
mgenitalium,MG_516,syn3a,JCVISYN3A_0317,0.525
mpne,MPN482,syn3a,JCVISYN3A_0317,0.508
saureus,SA1178,syn3a,JCVISYN3A_0317,0.465
saureus,SA1069,syn3a,JCVISYN3A_0420,0.367
mgenitalium,MG_369,syn3a,JCVISYN3A_0420,0.327
mpne,MPN547,syn3a,JCVISYN3A_0420,0.317
saureus,SA0351,syn3a,JCVISYN3A_0872,0.55
mgenitalium,MG_024,syn3a,JCVISYN3A_0872,0.549
abaylyi,ACIAD2071,syn3a,JCVISYN3A_0872,0.519
styphimurium,ychF,syn3a,JCVISYN3A_0872,0.505
ccrescentus,CCNA_00512,syn3a,JCVISYN3A_0872,0.516
mtuberculosis,Rv1112,syn3a,JCVISYN3A_0872,0.5
ccrescentus,CCNA_00241,styphimurium,ptsH,0.407
styphimurium,ptsH,syn3a,JCVISYN3A_0694,0.37
saureus,ptsH,styphimurium,ptsH,0.329
mpne,MPN053,styphimurium,ptsH,0.386
mgenitalium,MG_041,styphimurium,ptsH,0.36
mtuberculosis,Rv0930,styphimurium,pstA,0.362
saureus,SA1219,styphimurium,pstA,0.332
mtuberculosis,Rv2703,saureus,sigA,0.62
mgenitalium,MG_249,saureus,sigA,0.422
mpne,MPN352,saureus,sigA,0.414
saureus,sigA,styphimurium,rpoS,0.436
ccrescentus,CCNA_03195,saureus,sigA,0.33
abaylyi,ACIAD1311,saureus,sigA,0.32
saureus,SA1841,styphimurium,yafV,0.342
ccrescentus,CCNA_00871,saureus,SA1841,0.312
mtuberculosis,Rv1151c,saureus,SA1999,0.348
abaylyi,ACIAD1650,saureus,SA1999,0.345
saureus,SA1999,styphimurium,cobB,0.317
ccrescentus,CCNA_03594,saureus,SA1999,0.31
mtuberculosis,Rv1188,saureus,SA1585,0.318
mtuberculosis,Rv1564c,styphimurium,STM1558,0.492
abaylyi,ACIAD1212,ccrescentus,CCNA_01583,0.383
abaylyi,ACIAD3196,styphimurium,rpsK,0.78
abaylyi,ACIAD3196,saureus,rpsK,0.619
abaylyi,ACIAD3196,ccrescentus,CCNA_01329,0.612
abaylyi,ACIAD3196,mtuberculosis,Rv3459c,0.611
abaylyi,ACIAD3196,syn3a,JCVISYN3A_0646,0.558
abaylyi,ACIAD3196,mgenitalium,MG_176,0.445
abaylyi,ACIAD3229,mtuberculosis,Rv2777c,0.348
mgenitalium,MG_023,mpne,MPN025,0.777
mpne,MPN025,syn3a,JCVISYN3A_0131,0.548
mpne,MPN025,saureus,fbaA,0.455
ccrescentus,CCNA_03360,mpne,MPN025,0.304
mpne,MPN025,mtuberculosis,Rv0363c,0.327
abaylyi,ACIAD0106,saureus,lctP,0.455
saureus,purN,styphimurium,purN,0.333
ccrescentus,CCNA_01774,saureus,purN,0.344
saureus,pyrAA,styphimurium,carA,0.457
abaylyi,ACIAD2860,saureus,pyrAA,0.442
ccrescentus,CCNA_02925,saureus,pyrAA,0.437
ccrescentus,CCNA_00062,mtuberculosis,Rv3336c,0.465
ccrescentus,CCNA_00062,styphimurium,trpS,0.44
ccrescentus,CCNA_00062,saureus,trpS,0.41
ccrescentus,CCNA_00062,syn3a,JCVISYN3A_0308,0.397
ccrescentus,CCNA_00062,mpne,MPN265,0.426
ccrescentus,CCNA_00062,mgenitalium,MG_126,0.431
abaylyi,ACIAD2871,ccrescentus,CCNA_00062,0.339
ccrescentus,CCNA_03730,mtuberculosis,Rv3266c,0.385
abaylyi,ACIAD3122,ccrescentus,CCNA_03858,0.328
ccrescentus,CCNA_03858,styphimurium,secB,0.303
saureus,SA2416,styphimurium,ycfV,0.406
mgenitalium,MG_467,saureus,SA2416,0.427
mtuberculosis,Rv0006,styphimurium,gyrA,0.459
ccrescentus,CCNA_01651,mtuberculosis,Rv0006,0.42
abaylyi,ACIAD2652,mtuberculosis,Rv0006,0.42
mpne,MPN004,mtuberculosis,Rv0006,0.426
mgenitalium,MG_004,mtuberculosis,Rv0006,0.424
mtuberculosis,Rv0006,syn3a,JCVISYN3A_0007,0.384
mtuberculosis,Rv0255c,styphimurium,cbiP,0.432
ccrescentus,CCNA_01827,mtuberculosis,Rv0255c,0.447
abaylyi,ACIAD1071,mtuberculosis,Rv0255c,0.354
abaylyi,ACIAD1084,ccrescentus,CCNA_01841,0.602
ccrescentus,CCNA_02326,saureus,rocD,0.39
ccrescentus,CCNA_00652,saureus,nasE,0.435
ccrescentus,CCNA_03206,saureus,SA2318,0.339
saureus,SA2318,styphimurium,STM2196,0.35
mtuberculosis,Rv3397c,saureus,crtM,0.312
abaylyi,ACIAD0106,styphimurium,lldP,0.728
saureus,SA2156,styphimurium,lldP,0.445
abaylyi,ACIAD3576,styphimurium,glmS,0.547
ccrescentus,CCNA_00117,styphimurium,glmS,0.459
mtuberculosis,Rv3436c,styphimurium,glmS,0.437
saureus,glmS,styphimurium,glmS,0.41
mtuberculosis,Rv3813c,styphimurium,STM4010,0.306
ccrescentus,CCNA_02224,styphimurium,metF,0.498
abaylyi,ACIAD2283,styphimurium,metF,0.389
abaylyi,ACIAD1113,styphimurium,ybeA,0.468
abaylyi,ACIAD1113,saureus,orfX,0.383
abaylyi,ACIAD1113,syn3a,JCVISYN3A_0361,0.304
abaylyi,ACIAD1184,saureus,pbp4,0.326
abaylyi,ACIAD1252,ccrescentus,CCNA_00886,0.508
abaylyi,ACIAD1252,mtuberculosis,Rv3709c,0.463
abaylyi,ACIAD1252,styphimurium,lysC,0.3
abaylyi,ACIAD1421,styphimurium,ygiY,0.327
mgenitalium,MG_184,mpne,MPN198,0.617
abaylyi,ACIAD2271,styphimurium,map,0.6
abaylyi,ACIAD2271,syn3a,JCVISYN3A_0650,0.39
abaylyi,ACIAD2570,ccrescentus,CCNA_03074,0.33
abaylyi,ACIAD2674,ccrescentus,CCNA_02358,0.386
abaylyi,ACIAD2674,mtuberculosis,Rv3567c,0.359
abaylyi,ACIAD2835,saureus,SA0867,0.337
abaylyi,ACIAD2835,mtuberculosis,Rv0362,0.328
mgenitalium,MG_050,mpne,MPN063,0.834
mpne,MPN063,saureus,SA1939,0.466
mpne,MPN063,syn3a,JCVISYN3A_0732,0.431
mgenitalium,MG_089,mpne,MPN227,0.905
mpne,MPN227,syn3a,JCVISYN3A_0150,0.695
mpne,MPN227,saureus,fus,0.622
mpne,MPN227,mtuberculosis,Rv0684,0.582
abaylyi,ACIAD0884,mpne,MPN227,0.555
ccrescentus,CCNA_03304,mpne,MPN227,0.558
mpne,MPN227,styphimurium,fusA,0.555
mgenitalium,MG_355,mpne,MPN531,0.828
mpne,MPN531,syn3a,JCVISYN3A_0545,0.517
mpne,MPN531,saureus,clpB,0.514
mpne,MPN531,styphimurium,clpB,0.489
ccrescentus,CCNA_00922,mpne,MPN531,0.49
mpne,MPN531,mtuberculosis,Rv0384c,0.49
mgenitalium,MG_283,syn3a,JCVISYN3A_0282,0.337
mpne,MPN402,syn3a,JCVISYN3A_0282,0.333
mgenitalium,MG_370,mpne,MPN548,0.619
mgenitalium,MG_370,saureus,SA0866,0.329
mgenitalium,MG_437,mpne,MPN637,0.66
abaylyi,ACIAD3389,styphimurium,envZ,0.346
abaylyi,ACIAD1357,styphimurium,ilvA,0.512
mtuberculosis,Rv1559,styphimurium,ilvA,0.385
abaylyi,ACIAD3388,styphimurium,ompR,0.69
ccrescentus,CCNA_01240,styphimurium,ompR,0.478
abaylyi,ACIAD3126,styphimurium,radC,0.402
ccrescentus,CCNA_02762,styphimurium,radC,0.362
abaylyi,ACIAD1190,styphimurium,icdA,0.76
abaylyi,ACIAD1393,mtuberculosis,Rv0799c,0.5
ccrescentus,CCNA_00363,styphimurium,phoN,0.316
abaylyi,ACIAD2061,styphimurium,gltI,0.445
abaylyi,ACIAD2455,styphimurium,ubiA,0.501
abaylyi,ACIAD2455,ccrescentus,CCNA_03534,0.333
abaylyi,ACIAD2644,styphimurium,yaiI,0.513
abaylyi,ACIAD2644,ccrescentus,CCNA_01273,0.34
mgenitalium,MG_096,mpne,MPN234,0.459
mgenitalium,MG_220,mpne,MPN313,0.554
ccrescentus,CCNA_01312,saureus,rpsC,0.543
saureus,rpsC,styphimurium,rpsC,0.552
abaylyi,ACIAD3213,saureus,rpsC,0.548
mtuberculosis,Rv0707,saureus,rpsC,0.507
saureus,rpsC,syn3a,JCVISYN3A_0665,0.54
mgenitalium,MG_157,saureus,rpsC,0.428
mpne,MPN171,saureus,rpsC,0.414
abaylyi,ACIAD0854,mtuberculosis,Rv1608c,0.346
ccrescentus,CCNA_03479,styphimurium,ytfH,0.657
abaylyi,ACIAD0547,ccrescentus,CCNA_03543,0.48
ccrescentus,CCNA_03543,styphimurium,proA,0.419
ccrescentus,CCNA_03543,mtuberculosis,Rv2427c,0.446
abaylyi,ACIAD1396,ccrescentus,CCNA_03772,0.409
saureus,pth,syn3a,JCVISYN3A_0832,0.413
mtuberculosis,Rv1014c,saureus,pth,0.389
abaylyi,ACIAD2909,saureus,pth,0.364
mgenitalium,MG_083,saureus,pth,0.313
mpne,MPN221,saureus,pth,0.333
saureus,pth,styphimurium,pth,0.372
ccrescentus,CCNA_00517,saureus,pth,0.341
saureus,SA0587,styphimurium,sitA,0.333
saureus,ctaB,styphimurium,cyoE,0.347
mtuberculosis,Rv1451,saureus,ctaB,0.352
ccrescentus,CCNA_03516,saureus,ctaB,0.383
abaylyi,ACIAD2288,styphimurium,cca,0.562
mtuberculosis,Rv3907c,styphimurium,cca,0.31
abaylyi,ACIAD3637,styphimurium,fmt,0.524
ccrescentus,CCNA_00281,styphimurium,fmt,0.442
saureus,SA1059,styphimurium,fmt,0.38
mtuberculosis,Rv1406,styphimurium,fmt,0.378
styphimurium,fmt,syn3a,JCVISYN3A_0390,0.366
abaylyi,ACIAD2296,styphimurium,ftsY,0.63
saureus,SA1078,styphimurium,ftsY,0.5
ccrescentus,CCNA_03793,styphimurium,ftsY,0.444
mtuberculosis,Rv2921c,styphimurium,ftsY,0.409
mpne,MPN425,styphimurium,ftsY,0.38
abaylyi,ACIAD2206,styphimurium,efp,0.601
abaylyi,ACIAD2206,mtuberculosis,Rv2534c,0.423
abaylyi,ACIAD2206,saureus,SA1359,0.402
abaylyi,ACIAD2280,styphimurium,proP,0.692
abaylyi,ACIAD2280,ccrescentus,CCNA_00025,0.388
abaylyi,ACIAD2423,styphimurium,pps,0.664
ccrescentus,CCNA_01413,mtuberculosis,Rv2419c,0.329
ccrescentus,CCNA_02154,mtuberculosis,Rv2669,0.312
abaylyi,ACIAD3612,mtuberculosis,Rv3045,0.363
mtuberculosis,Rv3045,styphimurium,yjgB,0.367
ccrescentus,CCNA_01274,mtuberculosis,Rv3293,0.609
mgenitalium,MG_157,mpne,MPN171,0.809
mpne,MPN171,syn3a,JCVISYN3A_0665,0.462
abaylyi,ACIAD3213,mpne,MPN171,0.457
mpne,MPN171,styphimurium,rpsC,0.442
ccrescentus,CCNA_01312,mpne,MPN171,0.438
mpne,MPN171,mtuberculosis,Rv0707,0.412
mgenitalium,MG_128,mpne,MPN267,0.733
mgenitalium,MG_285,mpne,MPN404,0.561
ccrescentus,CCNA_01491,styphimurium,metC,0.427
abaylyi,ACIAD3222,ccrescentus,CCNA_01491,0.362
ccrescentus,CCNA_01782,mtuberculosis,Rv2984,0.461
abaylyi,ACIAD1062,ccrescentus,CCNA_01782,0.412
ccrescentus,CCNA_01782,styphimurium,ppk,0.366
mtuberculosis,Rv1712,saureus,cmk,0.387
mgenitalium,MG_330,saureus,cmk,0.395
saureus,cmk,styphimurium,cmk,0.381
mpne,MPN476,saureus,cmk,0.371
abaylyi,ACIAD2348,saureus,cmk,0.341
saureus,cmk,syn3a,JCVISYN3A_0347,0.321
ccrescentus,CCNA_03703,saureus,cmk,0.38
ccrescentus,CCNA_03798,saureus,SA1405,0.346
abaylyi,ACIAD0234,styphimurium,parC,0.589
abaylyi,ACIAD0234,ccrescentus,CCNA_01637,0.382
abaylyi,ACIAD0382,styphimurium,aarF,0.412
abaylyi,ACIAD0382,ccrescentus,CCNA_03824,0.301
abaylyi,ACIAD0633,ccrescentus,CCNA_00766,0.421
abaylyi,ACIAD0633,mtuberculosis,Rv1314c,0.409
abaylyi,ACIAD0708,styphimurium,yncD,0.462
ccrescentus,CCNA_02085,mtuberculosis,Rv0237,0.355
mtuberculosis,Rv0237,styphimurium,nagZ,0.356
abaylyi,ACIAD0551,mtuberculosis,Rv0237,0.306
abaylyi,ACIAD2413,styphimurium,hscC,0.429
abaylyi,ACIAD1038,styphimurium,STM0867,0.444
saureus,SA2313,styphimurium,STM0867,0.363
ccrescentus,CCNA_01241,styphimurium,ycbL,0.495
abaylyi,ACIAD3254,styphimurium,ycbL,0.5
saureus,SA1375,styphimurium,ycbL,0.347
abaylyi,ACIAD0095,ccrescentus,CCNA_01064,0.37
abaylyi,ACIAD0095,styphimurium,wecE,0.359
abaylyi,ACIAD0270,styphimurium,murD,0.442
abaylyi,ACIAD0270,ccrescentus,CCNA_02639,0.344
abaylyi,ACIAD0270,mtuberculosis,Rv2155c,0.304
abaylyi,ACIAD0871,styphimurium,fabG,0.588
ccrescentus,CCNA_01747,styphimurium,fabG,0.522
saureus,fabG,styphimurium,fabG,0.541
mtuberculosis,Rv1483,styphimurium,fabG,0.431
saureus,pepT,styphimurium,pepT,0.508
abaylyi,ACIAD3325,styphimurium,rpoZ,0.46
abaylyi,ACIAD3325,ccrescentus,CCNA_01621,0.515
abaylyi,ACIAD3362,styphimurium,rrmA,0.397
abaylyi,ACIAD3583,saureus,SA2112,0.498
abaylyi,ACIAD3583,styphimurium,STM4195,0.395
abaylyi,ACIAD2899,styphimurium,dnaG,0.396
ccrescentus,CCNA_03144,styphimurium,dnaG,0.395
saureus,dnaG,styphimurium,dnaG,0.376
mtuberculosis,Rv2343c,styphimurium,dnaG,0.318
styphimurium,dnaG,syn3a,JCVISYN3A_0406,0.303
mgenitalium,MG_405,syn3a,JCVISYN3A_0796,0.321
saureus,pflA,styphimurium,pflA,0.476
mgenitalium,MG_134,mpne,MPN275,0.71
mgenitalium,MG_263,mpne,MPN381,0.66
mgenitalium,MG_368,mpne,MPN546,0.823
mpne,MPN546,syn3a,JCVISYN3A_0419,0.35
mpne,MPN546,saureus,plsX,0.364
saureus,SA1354,syn3a,JCVISYN3A_0106,0.319
styphimurium,xseA,syn3a,JCVISYN3A_0106,0.311
ccrescentus,CCNA_02329,syn3a,JCVISYN3A_0106,0.37
mtuberculosis,Rv1108c,syn3a,JCVISYN3A_0106,0.327
abaylyi,ACIAD0565,mtuberculosis,Rv1713,0.388
ccrescentus,CCNA_01726,mtuberculosis,Rv1713,0.388
mtuberculosis,Rv1713,syn3a,JCVISYN3A_0348,0.356
mtuberculosis,Rv1713,styphimurium,engA,0.355
mpne,MPN475,mtuberculosis,Rv1713,0.321
mgenitalium,MG_329,mtuberculosis,Rv1713,0.33
abaylyi,ACIAD0416,mtuberculosis,Rv1842c,0.332
ccrescentus,CCNA_02639,mtuberculosis,Rv2155c,0.328
mtuberculosis,Rv2155c,styphimurium,murD,0.322
saureus,SA0829,styphimurium,hpaG,0.358
abaylyi,ACIAD2588,styphimurium,tmk,0.428
ccrescentus,CCNA_01900,styphimurium,tmk,0.423
styphimurium,tmk,syn3a,JCVISYN3A_0045,0.405
saureus,tmk,styphimurium,tmk,0.342
mpne,MPN006,styphimurium,tmk,0.343
mgenitalium,MG_006,styphimurium,tmk,0.327
mgenitalium,MG_074,mpne,MPN212,0.385
mgenitalium,MG_135,mpne,MPN276,0.669
mgenitalium,MG_337,mpne,MPN488,0.492
mgenitalium,MG_440,mpne,MPN643,0.594
saureus,SA1497,syn3a,JCVISYN3A_0247,0.417
styphimurium,yihA,syn3a,JCVISYN3A_0247,0.37
ccrescentus,CCNA_00805,syn3a,JCVISYN3A_0247,0.401
mpne,MPN481,syn3a,JCVISYN3A_0247,0.412
mgenitalium,MG_335,syn3a,JCVISYN3A_0247,0.401
abaylyi,ACIAD1873,syn3a,JCVISYN3A_0371,0.377
saureus,rplR,syn3a,JCVISYN3A_0655,0.551
ccrescentus,CCNA_01322,syn3a,JCVISYN3A_0655,0.452
mtuberculosis,Rv0720,syn3a,JCVISYN3A_0655,0.452
abaylyi,ACIAD3203,syn3a,JCVISYN3A_0655,0.483
mpne,MPN181,syn3a,JCVISYN3A_0655,0.4
styphimurium,rplR,syn3a,JCVISYN3A_0655,0.396
mgenitalium,MG_167,syn3a,JCVISYN3A_0655,0.4
ccrescentus,CCNA_00601,mtuberculosis,Rv3692,0.522
abaylyi,ACIAD2203,ccrescentus,CCNA_00601,0.41
ccrescentus,CCNA_03233,mtuberculosis,Rv3329,0.374
ccrescentus,CCNA_03233,saureus,bioA,0.329
abaylyi,ACIAD0066,ccrescentus,CCNA_03751,0.52
ccrescentus,CCNA_03752,saureus,gtaB,0.512
abaylyi,ACIAD0099,ccrescentus,CCNA_03752,0.459
ccrescentus,CCNA_03752,styphimurium,galU,0.446
ccrescentus,CCNA_03752,syn3a,JCVISYN3A_0115,0.399
ccrescentus,CCNA_03752,mgenitalium,MG_453,0.384
ccrescentus,CCNA_03752,mtuberculosis,Rv0993,0.403
saureus,SA0161,styphimurium,ybaN,0.373
ccrescentus,CCNA_03575,saureus,SA0223,0.428
mtuberculosis,Rv1074c,saureus,SA0223,0.408
abaylyi,ACIAD0334,saureus,SA0223,0.443
abaylyi,ACIAD3149,mtuberculosis,Rv0436c,0.352
ccrescentus,CCNA_00086,mtuberculosis,Rv2476c,0.394
abaylyi,ACIAD0542,ccrescentus,CCNA_02134,0.598
abaylyi,ACIAD0542,styphimurium,edd,0.578
abaylyi,ACIAD1866,styphimurium,ygjU,0.564
abaylyi,ACIAD1935,ccrescentus,CCNA_03424,0.466
abaylyi,ACIAD2367,ccrescentus,CCNA_03869,0.476
abaylyi,ACIAD2367,mtuberculosis,Rv1708,0.448
ccrescentus,CCNA_02443,mtuberculosis,Rv2765,0.383
saureus,rpsM,syn3a,JCVISYN3A_0647,0.677
mpne,MPN189,saureus,rpsM,0.65
mgenitalium,MG_175,saureus,rpsM,0.65
mtuberculosis,Rv3460c,saureus,rpsM,0.54
abaylyi,ACIAD3197,saureus,rpsM,0.577
saureus,rpsM,styphimurium,rpsM,0.525
saureus,SA2243,styphimurium,ybbL,0.407
mtuberculosis,Rv1941,saureus,SA2260,0.392
saureus,fhuC,styphimurium,fepC,0.501
saureus,pgm,styphimurium,pmgI,0.486
abaylyi,ACIAD0256,saureus,pgm,0.482
mgenitalium,MG_430,saureus,pgm,0.441
mpne,MPN628,saureus,pgm,0.424
saureus,pgm,syn3a,JCVISYN3A_0729,0.404
ccrescentus,CCNA_02577,saureus,SA0919,0.432
saureus,potA,syn3a,JCVISYN3A_0197,0.486
saureus,potA,styphimurium,potA,0.506
abaylyi,ACIAD1523,saureus,potA,0.414
abaylyi,ACIAD3355,styphimurium,hofQ,0.314
abaylyi,ACIAD0702,styphimurium,yicE,0.535
mtuberculosis,Rv1504c,styphimurium,wecE,0.685
mtuberculosis,Rv3648c,styphimurium,cspB,0.64
ccrescentus,CCNA_02705,styphimurium,cspB,0.529
mgenitalium,MG_082,mpne,MPN220,0.8
mgenitalium,MG_082,syn3a,JCVISYN3A_0809,0.506
mgenitalium,MG_082,saureus,rplA,0.433
mgenitalium,MG_082,styphimurium,rplA,0.433
abaylyi,ACIAD0304,mgenitalium,MG_082,0.419
ccrescentus,CCNA_00677,mgenitalium,MG_082,0.398
mgenitalium,MG_082,mtuberculosis,Rv0641,0.41
mgenitalium,MG_145,mpne,MPN158,0.436
mgenitalium,MG_145,saureus,ribC,0.31
mgenitalium,MG_301,mpne,MPN430,0.821
mgenitalium,MG_301,saureus,gap,0.54
mgenitalium,MG_301,syn3a,JCVISYN3A_0607,0.557
mgenitalium,MG_301,mtuberculosis,Rv1436,0.507
mgenitalium,MG_301,styphimurium,gapA,0.462
ccrescentus,CCNA_03358,mgenitalium,MG_301,0.437
abaylyi,ACIAD1255,mgenitalium,MG_301,0.408
abaylyi,ACIAD2476,styphimurium,yhhW,0.426
abaylyi,ACIAD2476,ccrescentus,CCNA_01539,0.4
abaylyi,ACIAD2476,mtuberculosis,Rv0181c,0.341
abaylyi,ACIAD2560,ccrescentus,CCNA_00316,0.425
abaylyi,ACIAD2560,styphimurium,proB,0.401
abaylyi,ACIAD2560,mtuberculosis,Rv2439c,0.358
abaylyi,ACIAD2939,styphimurium,rplU,0.656
abaylyi,ACIAD2939,saureus,rplU,0.48
abaylyi,ACIAD2939,syn3a,JCVISYN3A_0501,0.411
abaylyi,ACIAD2939,mpne,MPN325,0.408
abaylyi,ACIAD2939,mgenitalium,MG_232,0.397
mgenitalium,MG_376,mpne,MPN554,0.737
mgenitalium,MG_463,mpne,MPN679,0.61
abaylyi,ACIAD3009,mpne,MPN679,0.37
mpne,MPN679,styphimurium,ksgA,0.303
ccrescentus,CCNA_01757,mpne,MPN679,0.311
styphimurium,potA,syn3a,JCVISYN3A_0197,0.449
ccrescentus,CCNA_03235,syn3a,JCVISYN3A_0197,0.487
abaylyi,ACIAD2596,syn3a,JCVISYN3A_0197,0.434
mtuberculosis,Rv1238,syn3a,JCVISYN3A_0197,0.448
saureus,rpsQ,syn3a,JCVISYN3A_0662,0.674
mtuberculosis,Rv0710,syn3a,JCVISYN3A_0662,0.567
abaylyi,ACIAD3210,syn3a,JCVISYN3A_0662,0.554
mpne,MPN174,syn3a,JCVISYN3A_0662,0.571
styphimurium,rpsQ,syn3a,JCVISYN3A_0662,0.569
mgenitalium,MG_160,syn3a,JCVISYN3A_0662,0.511
ccrescentus,CCNA_01315,syn3a,JCVISYN3A_0662,0.472
mgenitalium,MG_178,mpne,MPN192,0.826
mgenitalium,MG_178,syn3a,JCVISYN3A_0644,0.344
mgenitalium,MG_178,saureus,rplQ,0.357
mgenitalium,MG_178,styphimurium,rplQ,0.357
ccrescentus,CCNA_01332,mgenitalium,MG_178,0.356
abaylyi,ACIAD3193,mgenitalium,MG_178,0.365
mgenitalium,MG_178,mtuberculosis,Rv3456c,0.371
mgenitalium,MG_481,mpne,MPN296,0.915
mgenitalium,MG_240,mpne,MPN336,0.577
mgenitalium,MG_240,syn3a,JCVISYN3A_0380,0.322
mgenitalium,MG_429,mpne,MPN627,0.744
mgenitalium,MG_429,syn3a,JCVISYN3A_0233,0.49
mgenitalium,MG_429,saureus,ptsI,0.461
mgenitalium,MG_429,styphimurium,ptsI,0.402
abaylyi,ACIAD1990,mgenitalium,MG_429,0.366
ccrescentus,CCNA_00457,mgenitalium,MG_429,0.353
mtuberculosis,Rv1001,saureus,arcA,0.378
mtuberculosis,Rv1409,styphimurium,ribD,0.389
abaylyi,ACIAD0247,mtuberculosis,Rv1409,0.389
mtuberculosis,Rv1409,saureus,ribD,0.349
ccrescentus,CCNA_00929,mtuberculosis,Rv1409,0.371
ccrescentus,CCNA_00419,mtuberculosis,Rv2875,0.375
mgenitalium,MG_465,mpne,MPN681,0.57
saureus,SA0560,syn3a,JCVISYN3A_0127,0.319
mpne,MPN677,syn3a,JCVISYN3A_0127,0.329
saureus,rplP,syn3a,JCVISYN3A_0664,0.647
mgenitalium,MG_158,syn3a,JCVISYN3A_0664,0.635
mpne,MPN172,syn3a,JCVISYN3A_0664,0.647
mtuberculosis,Rv0708,syn3a,JCVISYN3A_0664,0.529
styphimurium,rplP,syn3a,JCVISYN3A_0664,0.537
ccrescentus,CCNA_01313,syn3a,JCVISYN3A_0664,0.529
abaylyi,ACIAD3212,syn3a,JCVISYN3A_0664,0.447
saureus,gidB,syn3a,JCVISYN3A_0874,0.385
mpne,MPN558,syn3a,JCVISYN3A_0874,0.377
styphimurium,gidB,syn3a,JCVISYN3A_0874,0.327
abaylyi,ACIAD2368,syn3a,JCVISYN3A_0874,0.35
mtuberculosis,Rv3919c,syn3a,JCVISYN3A_0874,0.316
mgenitalium,MG_023,syn3a,JCVISYN3A_0131,0.527
mgenitalium,MG_023,saureus,fbaA,0.444
mgenitalium,MG_023,mtuberculosis,Rv0363c,0.312
mgenitalium,MG_148,mpne,MPN161,0.429
mgenitalium,MG_148,syn3a,JCVISYN3A_0592,0.312
mgenitalium,MG_272,mpne,MPN391,0.714
mgenitalium,MG_272,syn3a,JCVISYN3A_0227,0.34
mgenitalium,MG_272,saureus,bmfBB,0.331
mgenitalium,MG_272,mtuberculosis,Rv2215,0.314
ccrescentus,CCNA_03663,saureus,SA1524,0.49
abaylyi,ACIAD2935,saureus,serS,0.518
saureus,serS,syn3a,JCVISYN3A_0061,0.45
mpne,MPN005,saureus,serS,0.42
mgenitalium,MG_005,saureus,serS,0.412
ccrescentus,CCNA_02078,saureus,serS,0.4
mtuberculosis,Rv3834c,saureus,serS,0.379
mtuberculosis,Rv3665c,saureus,oppB(truncated),0.322
abaylyi,ACIAD3633,styphimurium,ndh,0.541
abaylyi,ACIAD1973,styphimurium,STM1575,0.445
mtuberculosis,Rv2163c,styphimurium,STM1836,0.307
ccrescentus,CCNA_03158,styphimurium,apbE,0.322
mgenitalium,MG_119,mpne,MPN258,0.701
mgenitalium,MG_119,syn3a,JCVISYN3A_0010,0.436
abaylyi,ACIAD0205,mgenitalium,MG_119,0.311
mgenitalium,MG_119,styphimurium,mglA,0.303
mgenitalium,MG_307,mpne,MPN436,0.548
ccrescentus,CCNA_02572,saureus,purB,0.472
mtuberculosis,Rv1099c,styphimurium,glpX,0.436
mtuberculosis,Rv1193,styphimurium,fadD,0.326
abaylyi,ACIAD0235,mtuberculosis,Rv1193,0.308
mtuberculosis,Rv1193,saureus,SA2402,0.318
mtuberculosis,Rv3100c,saureus,ssrP,0.489
mtuberculosis,Rv3100c,styphimurium,smpB,0.437
mtuberculosis,Rv3100c,syn3a,JCVISYN3A_0776,0.373
abaylyi,ACIAD2894,mtuberculosis,Rv3100c,0.449
mgenitalium,MG_059,mtuberculosis,Rv3100c,0.34
mpne,MPN_074,mtuberculosis,Rv3100c,0.333
abaylyi,ACIAD2203,mtuberculosis,Rv3164c,0.407
mtuberculosis,Rv3443c,styphimurium,rplM,0.525
mtuberculosis,Rv3443c,saureus,rplM,0.503
abaylyi,ACIAD3012,mtuberculosis,Rv3443c,0.474
ccrescentus,CCNA_01440,mtuberculosis,Rv3443c,0.488
mgenitalium,MG_418,mtuberculosis,Rv3443c,0.456
mpne,MPN617,mtuberculosis,Rv3443c,0.456
mtuberculosis,Rv3443c,syn3a,JCVISYN3A_0638,0.429
abaylyi,ACIAD2389,saureus,SA0302,0.3
abaylyi,ACIAD0371,saureus,SA0584,0.382
saureus,SA1022,syn3a,JCVISYN3A_0524,0.474
saureus,SA1022,styphimurium,yabC,0.404
abaylyi,ACIAD3368,saureus,SA1022,0.436
mtuberculosis,Rv2165c,saureus,SA1022,0.412
ccrescentus,CCNA_02645,saureus,SA1022,0.407
mpne,MPN315,saureus,SA1022,0.381
mgenitalium,MG_222,saureus,SA1022,0.351
abaylyi,ACIAD1360,saureus,argC,0.411
abaylyi,ACIAD1360,styphimurium,argC,0.365
abaylyi,ACIAD1360,mtuberculosis,Rv1652,0.359
mgenitalium,MG_189,mpne,MPN136,0.69
mgenitalium,MG_374,mpne,MPN552,0.582
ccrescentus,CCNA_00198,saureus,trmD,0.433
ccrescentus,CCNA_00198,mtuberculosis,Rv2906c,0.464
abaylyi,ACIAD3311,ccrescentus,CCNA_00198,0.394
ccrescentus,CCNA_00198,styphimurium,trmD,0.387
ccrescentus,CCNA_00198,mpne,MPN659,0.384
ccrescentus,CCNA_00198,syn3a,JCVISYN3A_0364,0.345
ccrescentus,CCNA_00198,mgenitalium,MG_445,0.392
ccrescentus,CCNA_03770,saureus,lctE,0.323
ccrescentus,CCNA_03770,syn3a,JCVISYN3A_0475,0.303
ccrescentus,CCNA_03770,mgenitalium,MG_460,0.321
ccrescentus,CCNA_03770,mpne,MPN674,0.316
saureus,SA0209,styphimurium,malG,0.351
mtuberculosis,Rv1237,saureus,SA0209,0.321
ccrescentus,CCNA_00106,styphimurium,ubiH,0.357
abaylyi,ACIAD1127,ccrescentus,CCNA_00106,0.324
ccrescentus,CCNA_00267,mtuberculosis,Rv3199c,0.396
ccrescentus,CCNA_00267,styphimurium,yjaD,0.362
abaylyi,ACIAD3036,ccrescentus,CCNA_01686,0.302
abaylyi,ACIAD2603,ccrescentus,CCNA_01947,0.416
ccrescentus,CCNA_01947,mtuberculosis,Rv2521,0.408
ccrescentus,CCNA_01947,saureus,SA1680,0.378
ccrescentus,CCNA_02012,mtuberculosis,Rv2752c,0.363
ccrescentus,CCNA_02012,syn3a,JCVISYN3A_0600,0.326
ccrescentus,CCNA_02012,saureus,SA0940,0.315
mtuberculosis,Rv0602c,styphimurium,basR,0.401
saureus,SA2151,styphimurium,basR,0.362
abaylyi,ACIAD2068,styphimurium,yaeC,0.405
abaylyi,ACIAD2068,saureus,SA0422,0.337
abaylyi,ACIAD2392,styphimurium,rbsK,0.649
abaylyi,ACIAD2392,saureus,rbsK,0.416
abaylyi,ACIAD2392,ccrescentus,CCNA_01001,0.364
abaylyi,ACIAD2392,mtuberculosis,Rv2436,0.312
abaylyi,ACIAD2461,styphimurium,pabA,0.552
abaylyi,ACIAD2461,ccrescentus,CCNA_01974,0.557
abaylyi,ACIAD2461,mtuberculosis,Rv0013,0.479
abaylyi,ACIAD2461,saureus,SA0668,0.434
ccrescentus,CCNA_03744,styphimurium,rffG,0.617
abaylyi,ACIAD0076,ccrescentus,CCNA_03744,0.622
ccrescentus,CCNA_03695,mtuberculosis,Rv0458,0.703
abaylyi,ACIAD2018,mtuberculosis,Rv0458,0.666
mtuberculosis,Rv0458,styphimurium,aldB,0.677
mtuberculosis,Rv0458,saureus,aldA,0.412
abaylyi,ACIAD2988,mtuberculosis,Rv0859,0.648
ccrescentus,CCNA_00075,mtuberculosis,Rv0859,0.598
ccrescentus,CCNA_01835,mtuberculosis,Rv0986,0.432
mtuberculosis,Rv0986,syn3a,JCVISYN3A_0030,0.369
abaylyi,ACIAD1058,mtuberculosis,Rv0986,0.398
mtuberculosis,Rv0986,saureus,SA2200,0.428
mpne,MPN194,mtuberculosis,Rv0986,0.353
ccrescentus,CCNA_01462,styphimurium,STM1620,0.346
ccrescentus,CCNA_01820,styphimurium,hflX,0.412
abaylyi,ACIAD3005,ccrescentus,CCNA_01820,0.438
ccrescentus,CCNA_01820,mtuberculosis,Rv2725c,0.4
ccrescentus,CCNA_01952,styphimurium,amiA,0.387
ccrescentus,CCNA_01952,saureus,lytH,0.31
ccrescentus,CCNA_03778,styphimurium,ybhL,0.375
ccrescentus,CCNA_03810,mtuberculosis,Rv0655,0.414
ccrescentus,CCNA_01329,saureus,rpsK,0.682
ccrescentus,CCNA_01329,styphimurium,rpsK,0.643
ccrescentus,CCNA_01329,mtuberculosis,Rv3459c,0.617
ccrescentus,CCNA_01329,syn3a,JCVISYN3A_0646,0.578
ccrescentus,CCNA_01329,mgenitalium,MG_176,0.473
ccrescentus,CCNA_01496,styphimurium,kdsA,0.428
abaylyi,ACIAD2002,ccrescentus,CCNA_01496,0.441
abaylyi,ACIAD3172,ccrescentus,CCNA_03682,0.341
ccrescentus,CCNA_03682,mtuberculosis,Rv2993c,0.378
ccrescentus,CCNA_03843,styphimurium,hslV,0.579
ccrescentus,CCNA_03843,saureus,clpQ,0.561
mgenitalium,MG_073,saureus,uvrB,0.474
mgenitalium,MG_073,syn3a,JCVISYN3A_0825,0.468
mgenitalium,MG_073,styphimurium,uvrB,0.464
mgenitalium,MG_073,mtuberculosis,Rv1633,0.425
ccrescentus,CCNA_03076,mgenitalium,MG_073,0.439
mgenitalium,MG_292,mpne,MPN418,0.683
mgenitalium,MG_292,syn3a,JCVISYN3A_0163,0.413
mgenitalium,MG_292,saureus,alaS,0.364
mgenitalium,MG_292,styphimurium,alaS,0.329
ccrescentus,CCNA_02612,mgenitalium,MG_292,0.323
mgenitalium,MG_292,mtuberculosis,Rv2555c,0.334
ccrescentus,CCNA_01805,mtuberculosis,Rv0462,0.432
abaylyi,ACIAD1020,mtuberculosis,Rv0462,0.416
mtuberculosis,Rv0462,syn3a,JCVISYN3A_0228,0.357
mtuberculosis,Rv0462,styphimurium,lpdA,0.378
mgenitalium,MG_271,mtuberculosis,Rv0462,0.337
mpne,MPN390,mtuberculosis,Rv0462,0.311
ccrescentus,CCNA_00424,mtuberculosis,Rv0768,0.405
abaylyi,ACIAD1577,mtuberculosis,Rv0768,0.37
abaylyi,ACIAD1008,ccrescentus,CCNA_02725,0.469
abaylyi,ACIAD0283,saureus,argH,0.509
saureus,argH,styphimurium,argH,0.475
ccrescentus,CCNA_02294,saureus,argH,0.463
mtuberculosis,Rv1659,saureus,argH,0.376
ccrescentus,CCNA_03548,saureus,ctpA,0.358
abaylyi,ACIAD0257,saureus,ctpA,0.319
ccrescentus,CCNA_01795,mtuberculosis,Rv1023,0.619
mtuberculosis,Rv1023,saureus,eno,0.569
abaylyi,ACIAD2001,mtuberculosis,Rv1023,0.549
mtuberculosis,Rv1023,styphimurium,eno,0.552
mpne,MPN606,mtuberculosis,Rv1023,0.518
mgenitalium,MG_407,mtuberculosis,Rv1023,0.498
ccrescentus,CCNA_00386,mtuberculosis,Rv1210,0.44
mtuberculosis,Rv1210,styphimurium,tag,0.437
abaylyi,ACIAD3611,mtuberculosis,Rv1210,0.411
mtuberculosis,Rv1210,saureus,tag,0.352
abaylyi,ACIAD3648,mtuberculosis,Rv1399c,0.38
ccrescentus,CCNA_02258,mtuberculosis,Rv2217,0.393
mtuberculosis,Rv2217,styphimurium,lipB,0.356
abaylyi,ACIAD2927,mtuberculosis,Rv2217,0.356
mtuberculosis,Rv2334,saureus,cysK,0.587
ccrescentus,CCNA_03740,mtuberculosis,Rv2334,0.606
mtuberculosis,Rv2334,styphimurium,cysK,0.565
abaylyi,ACIAD1662,mtuberculosis,Rv2334,0.533
mtuberculosis,Rv2427c,styphimurium,proA,0.481
abaylyi,ACIAD0547,mtuberculosis,Rv2427c,0.466
mtuberculosis,Rv2583c,saureus,relA,0.413
mtuberculosis,Rv2583c,styphimurium,spoT,0.396
ccrescentus,CCNA_01622,mtuberculosis,Rv2583c,0.37
mgenitalium,MG_326,mpne,MPN472,0.686
mgenitalium,MG_455,mpne,MPN669,0.615
mgenitalium,MG_455,syn3a,JCVISYN3A_0613,0.362
mgenitalium,MG_455,styphimurium,tyrS,0.339
mgenitalium,MG_455,mtuberculosis,Rv1689,0.327
ccrescentus,CCNA_01397,styphimurium,ipk,0.301
abaylyi,ACIAD2903,ccrescentus,CCNA_01397,0.341
ccrescentus,CCNA_01664,styphimurium,kdpB,0.602
ccrescentus,CCNA_01664,mtuberculosis,Rv1030,0.615
abaylyi,ACIAD2977,ccrescentus,CCNA_01664,0.546
ccrescentus,CCNA_01664,saureus,kdpB(SCCmec),0.527
abaylyi,ACIAD0031,styphimurium,uraA,0.394
abaylyi,ACIAD0174,styphimurium,znuB,0.376
abaylyi,ACIAD1642,ccrescentus,CCNA_03719,0.47
ccrescentus,CCNA_03719,styphimurium,bacA,0.444
ccrescentus,CCNA_03719,saureus,bacA,0.334
ccrescentus,CCNA_03719,mtuberculosis,Rv2136c,0.31
mtuberculosis,Rv0001,saureus,dnaA,0.544
saureus,dnaA,styphimurium,dnaA,0.422
abaylyi,ACIAD0001,saureus,dnaA,0.422
ccrescentus,CCNA_00008,saureus,dnaA,0.367
saureus,dnaA,syn3a,JCVISYN3A_0001,0.386
mpne,MPN686,saureus,dnaA,0.313
ccrescentus,CCNA_02540,saureus,SA0098,0.34
ccrescentus,CCNA_03332,saureus,folP,0.402
mtuberculosis,Rv3608c,saureus,folP,0.393
saureus,folP,styphimurium,folP,0.38
abaylyi,ACIAD2852,saureus,folP,0.372
ccrescentus,CCNA_03393,saureus,SA0916,0.557
mtuberculosis,Rv3275c,saureus,SA0916,0.566
abaylyi,ACIAD3659,saureus,SA0916,0.533
saureus,SA0916,styphimurium,purE,0.528
abaylyi,ACIAD2032,styphimurium,ydcR,0.439
ccrescentus,CCNA_02244,styphimurium,ydcR,0.3
ccrescentus,CCNA_03657,styphimurium,trpA,0.381
abaylyi,ACIAD0642,styphimurium,trpA,0.351
saureus,trpA,styphimurium,trpA,0.31
abaylyi,ACIAD3198,styphimurium,rpmJ,0.763
mpne,MPN188,styphimurium,rpmJ,0.657
mgenitalium,MG_174,styphimurium,rpmJ,0.657
saureus,rpmJ,styphimurium,rpmJ,0.631
styphimurium,rpmJ,syn3a,JCVISYN3A_0648,0.552
mtuberculosis,Rv3461c,styphimurium,rpmJ,0.552
abaylyi,ACIAD0485,mtuberculosis,Rv0773c,0.348
mtuberculosis,Rv1027c,styphimurium,kdpE,0.5
ccrescentus,CCNA_01667,mtuberculosis,Rv1027c,0.481
abaylyi,ACIAD2973,mtuberculosis,Rv1027c,0.439
mtuberculosis,Rv1027c,saureus,kdpE(SCCmec),0.378
mtuberculosis,Rv3841,saureus,SA1709,0.331
ccrescentus,CCNA_00253,saureus,asd,0.431
mtuberculosis,Rv3708c,saureus,asd,0.397
saureus,SA1549,styphimurium,htrA,0.399
ccrescentus,CCNA_02846,saureus,SA1549,0.361
mtuberculosis,Rv0983,saureus,SA1549,0.312
ccrescentus,CCNA_02874,mtuberculosis,Rv2651c,0.359
mtuberculosis,Rv2746c,syn3a,JCVISYN3A_0875,0.395
mtuberculosis,Rv2746c,saureus,pgsA,0.35
mtuberculosis,Rv2746c,styphimurium,pgsA,0.381
ccrescentus,CCNA_03002,mtuberculosis,Rv2746c,0.398
mtuberculosis,Rv2965c,saureus,SA0973,0.45
mtuberculosis,Rv2965c,styphimurium,kdtB,0.441
abaylyi,ACIAD2893,mtuberculosis,Rv2965c,0.432
ccrescentus,CCNA_01545,styphimurium,yhiN,0.523
abaylyi,ACIAD0752,styphimurium,yhiN,0.505
saureus,gatC,styphimurium,STM3782,0.466
saureus,SA1845,styphimurium,STM4066,0.306
ccrescentus,CCNA_01341,mtuberculosis,Rv1223,0.397
ccrescentus,CCNA_01539,styphimurium,yhhW,0.406
ccrescentus,CCNA_01539,mtuberculosis,Rv0181c,0.417
saureus,tagA,styphimurium,wecG,0.311
mtuberculosis,Rv1079,styphimurium,metB,0.438
saureus,metB,styphimurium,metB,0.429
ccrescentus,CCNA_03271,styphimurium,metB,0.394
abaylyi,ACIAD2314,styphimurium,metB,0.358
mtuberculosis,Rv1554,styphimurium,frdC,0.344
abaylyi,ACIAD2408,mtuberculosis,Rv3607c,0.375
abaylyi,ACIAD2597,styphimurium,cysB,0.453
abaylyi,ACIAD2827,styphimurium,yfhD,0.328
mgenitalium,MG_179,mpne,MPN193,0.795
mgenitalium,MG_179,syn3a,JCVISYN3A_0643,0.515
mgenitalium,MG_179,saureus,SA2021,0.432
mgenitalium,MG_179,styphimurium,STM3074,0.36
abaylyi,ACIAD2447,saureus,purH,0.482
saureus,purH,styphimurium,purH,0.466
ccrescentus,CCNA_00084,saureus,purH,0.451
mtuberculosis,Rv0957,saureus,purH,0.385
abaylyi,ACIAD2861,saureus,pyrAB,0.492
saureus,pyrAB,styphimurium,carB,0.498
ccrescentus,CCNA_02994,saureus,pyrAB,0.474
mtuberculosis,Rv1384,saureus,pyrAB,0.454
abaylyi,ACIAD2222,saureus,aroA,0.397
ccrescentus,CCNA_03704,saureus,aroA,0.336
saureus,hemL,styphimurium,hemL,0.527
abaylyi,ACIAD1201,saureus,hemL,0.533
mtuberculosis,Rv0524,saureus,hemL,0.476
ccrescentus,CCNA_03241,saureus,hemL,0.313
mtuberculosis,Rv0949,saureus,pcrA,0.43
saureus,pcrA,styphimurium,uvrD,0.396
ccrescentus,CCNA_01596,saureus,pcrA,0.421
abaylyi,ACIAD0900,saureus,pcrA,0.4
saureus,pcrA,syn3a,JCVISYN3A_0695,0.38
abaylyi,ACIAD2433,styphimurium,dnaB,0.513
saureus,dnaC,styphimurium,dnaB,0.453
ccrescentus,CCNA_01737,styphimurium,dnaB,0.389
styphimurium,dnaB,syn3a,JCVISYN3A_0834,0.377
abaylyi,ACIAD2950,styphimurium,valS,0.577
ccrescentus,CCNA_01381,styphimurium,valS,0.493
saureus,valS,styphimurium,valS,0.404
mtuberculosis,Rv2448c,styphimurium,valS,0.436
styphimurium,valS,syn3a,JCVISYN3A_0260,0.34
mgenitalium,MG_334,styphimurium,valS,0.316
mpne,MPN480,styphimurium,valS,0.311
abaylyi,ACIAD0404,styphimurium,crcB,0.439
abaylyi,ACIAD0404,saureus,SA1601,0.396
abaylyi,ACIAD0404,mtuberculosis,Rv3069,0.352
abaylyi,ACIAD0404,ccrescentus,CCNA_02060,0.333
mtuberculosis,Rv0267,styphimurium,narU,0.402
abaylyi,ACIAD2002,styphimurium,kdsA,0.66
abaylyi,ACIAD0352,styphimurium,yqgF,0.43
abaylyi,ACIAD1143,ccrescentus,CCNA_03179,0.449
abaylyi,ACIAD1386,styphimurium,yrfH,0.511
abaylyi,ACIAD1386,ccrescentus,CCNA_00693,0.343
abaylyi,ACIAD1419,ccrescentus,CCNA_00392,0.327
mgenitalium,MG_425,mpne,MPN623,0.66
mpne,MPN623,saureus,SA1885,0.349
ccrescentus,CCNA_01923,mpne,MPN623,0.325
mpne,MPN623,styphimurium,deaD,0.33
abaylyi,ACIAD1314,mpne,MPN623,0.321
mpne,MPN623,mtuberculosis,Rv3211,0.322
mpne,MPN623,syn3a,JCVISYN3A_0410,0.314
saureus,SA1857,syn3a,JCVISYN3A_0270,0.382
abaylyi,ACIAD2376,syn3a,JCVISYN3A_0270,0.348
styphimurium,yjeE,syn3a,JCVISYN3A_0270,0.379
saureus,leuS,syn3a,JCVISYN3A_0634,0.573
mpne,MPN384,syn3a,JCVISYN3A_0634,0.448
mgenitalium,MG_266,syn3a,JCVISYN3A_0634,0.443
styphimurium,leuS,syn3a,JCVISYN3A_0634,0.354
ccrescentus,CCNA_03865,syn3a,JCVISYN3A_0634,0.346
abaylyi,ACIAD3106,syn3a,JCVISYN3A_0634,0.363
mtuberculosis,Rv1568,styphimurium,bioA,0.519
abaylyi,ACIAD0856,mtuberculosis,Rv1568,0.5
ccrescentus,CCNA_01648,mtuberculosis,Rv1568,0.489
mtuberculosis,Rv1568,saureus,bioA,0.321
ccrescentus,CCNA_00316,styphimurium,proB,0.432
mtuberculosis,Rv2439c,styphimurium,proB,0.394
saureus,apt,styphimurium,apt,0.494
styphimurium,apt,syn3a,JCVISYN3A_0413,0.419
mpne,MPN395,styphimurium,apt,0.39
mtuberculosis,Rv2584c,styphimurium,apt,0.402
mgenitalium,MG_276,styphimurium,apt,0.313
ccrescentus,CCNA_01492,mtuberculosis,Rv2291,0.36
ccrescentus,CCNA_01673,mtuberculosis,Rv2410c,0.31
abaylyi,ACIAD2513,mtuberculosis,Rv2504c,0.592
abaylyi,ACIAD3574,styphimurium,pgpA,0.514
ccrescentus,CCNA_02929,styphimurium,ybdR,0.383
mtuberculosis,Rv1895,styphimurium,ybdR,0.337
saureus,SA0240,styphimurium,ybdR,0.345
ccrescentus,CCNA_01013,styphimurium,hutC,0.321
abaylyi,ACIAD0257,ccrescentus,CCNA_03548,0.3
abaylyi,ACIAD0486,ccrescentus,CCNA_00029,0.586
abaylyi,ACIAD0554,mtuberculosis,Rv3807c,0.312
abaylyi,ACIAD1491,saureus,SA2342,0.316
abaylyi,ACIAD1741,saureus,SA0410,0.525
abaylyi,ACIAD1741,ccrescentus,CCNA_00323,0.384
abaylyi,ACIAD1741,styphimurium,yjiA,0.302
abaylyi,ACIAD1880,styphimurium,STM1628,0.56
abaylyi,ACIAD1946,ccrescentus,CCNA_02453,0.38
abaylyi,ACIAD1946,mtuberculosis,Rv2234,0.329
ccrescentus,CCNA_00226,styphimurium,STM4501,0.564
ccrescentus,CCNA_00323,styphimurium,yjiA,0.354
ccrescentus,CCNA_00323,saureus,SA0410,0.41
abaylyi,ACIAD3022,ccrescentus,CCNA_00962,0.489
ccrescentus,CCNA_00962,saureus,SA2174,0.373
ccrescentus,CCNA_00962,styphimurium,STM2920,0.395
abaylyi,ACIAD1725,ccrescentus,CCNA_02485,0.557
abaylyi,ACIAD1066,ccrescentus,CCNA_02580,0.584
ccrescentus,CCNA_02580,mtuberculosis,Rv3250c,0.537
ccrescentus,CCNA_02709,mtuberculosis,Rv2406c,0.426
abaylyi,ACIAD2305,ccrescentus,CCNA_02709,0.424
mtuberculosis,Rv1162,saureus,narH,0.589
mtuberculosis,Rv1162,styphimurium,narY,0.56
mtuberculosis,Rv1570,styphimurium,bioD,0.326
abaylyi,ACIAD0474,styphimurium,truA,0.501
ccrescentus,CCNA_00280,styphimurium,truA,0.411
saureus,truA,styphimurium,truA,0.336
mtuberculosis,Rv3455c,styphimurium,truA,0.344
abaylyi,ACIAD3031,styphimurium,yggT,0.357
abaylyi,ACIAD1149,styphimurium,rnt,0.547
abaylyi,ACIAD1357,saureus,SA1271,0.39
abaylyi,ACIAD1357,mtuberculosis,Rv1559,0.343
abaylyi,ACIAD1357,ccrescentus,CCNA_03750,0.339
ccrescentus,CCNA_03519,saureus,SA2484,0.333
mtuberculosis,Rv2384,styphimurium,entE,0.413
abaylyi,ACIAD2770,mtuberculosis,Rv2384,0.344
abaylyi,ACIAD2352,mtuberculosis,Rv2976c,0.411
mtuberculosis,Rv2976c,saureus,ung,0.439
mtuberculosis,Rv2976c,styphimurium,ung,0.416
mpne,MPN235,mtuberculosis,Rv2976c,0.345
mgenitalium,MG_097,mtuberculosis,Rv2976c,0.316
abaylyi,ACIAD0157,ccrescentus,CCNA_03282,0.327
abaylyi,ACIAD0661,saureus,hisG,0.352
abaylyi,ACIAD0661,styphimurium,hisG,0.319
abaylyi,ACIAD0661,mtuberculosis,Rv2121c,0.318
abaylyi,ACIAD2502,mtuberculosis,Rv3454,0.597
abaylyi,ACIAD3060,styphimurium,panC,0.458
abaylyi,ACIAD3060,ccrescentus,CCNA_02247,0.476
abaylyi,ACIAD3060,mtuberculosis,Rv3602c,0.462
abaylyi,ACIAD3204,styphimurium,rplF,0.621
abaylyi,ACIAD3204,ccrescentus,CCNA_01321,0.525
abaylyi,ACIAD3204,syn3a,JCVISYN3A_0656,0.448
abaylyi,ACIAD3204,saureus,rplF,0.445
abaylyi,ACIAD3204,mtuberculosis,Rv0719,0.386
abaylyi,ACIAD3204,mpne,MPN180,0.415
abaylyi,ACIAD3204,mgenitalium,MG_166,0.398
abaylyi,ACIAD3237,ccrescentus,CCNA_01408,0.325
mtuberculosis,Rv0111,saureus,SA2354,0.342
abaylyi,ACIAD1945,mtuberculosis,Rv0482,0.325
mtuberculosis,Rv0482,styphimurium,murB,0.333
abaylyi,ACIAD1215,mtuberculosis,Rv0820,0.601
ccrescentus,CCNA_00294,mtuberculosis,Rv0820,0.584
mtuberculosis,Rv0820,saureus,pstB,0.548
mtuberculosis,Rv0820,syn3a,JCVISYN3A_0427,0.509
mgenitalium,MG_410,mtuberculosis,Rv0820,0.448
mtuberculosis,Rv1011,saureus,SA0453,0.335
saureus,SA1537,styphimurium,thiI,0.303
mpne,MPN550,styphimurium,thiI,0.313
mtuberculosis,Rv0073,styphimurium,glnQ,0.425
mgenitalium,MG_155,mpne,MPN169,0.942
mpne,MPN169,saureus,rpsS,0.67
mpne,MPN169,mtuberculosis,Rv0705,0.65
mpne,MPN169,styphimurium,rpsS,0.574
mpne,MPN169,syn3a,JCVISYN3A_0667,0.65
abaylyi,ACIAD3215,mpne,MPN169,0.59
ccrescentus,CCNA_01310,mpne,MPN169,0.574
mgenitalium,MG_095,mpne,MPN233,0.498
mgenitalium,MG_212,mpne,MPN299,0.676
mpne,MPN299,syn3a,JCVISYN3A_0512,0.377
mgenitalium,MG_305,mpne,MPN434,0.929
mpne,MPN434,syn3a,JCVISYN3A_0542,0.579
mpne,MPN434,saureus,dnaK,0.565
mpne,MPN434,mtuberculosis,Rv0350,0.542
mpne,MPN434,styphimurium,dnaK,0.508
ccrescentus,CCNA_00010,mpne,MPN434,0.544
abaylyi,ACIAD3654,mpne,MPN434,0.515
abaylyi,ACIAD1227,styphimurium,surE,0.456
abaylyi,ACIAD1227,ccrescentus,CCNA_02077,0.364
abaylyi,ACIAD1364,styphimurium,ynfA,0.591
abaylyi,ACIAD1364,mtuberculosis,Rv2639c,0.35
abaylyi,ACIAD1580,ccrescentus,CCNA_03640,0.383
abaylyi,ACIAD1580,mtuberculosis,Rv0688,0.346
abaylyi,ACIAD1750,styphimurium,STM0360,0.614
abaylyi,ACIAD1750,saureus,SA0937,0.332
saureus,SA0998,styphimurium,yggV,0.465
abaylyi,ACIAD0526,saureus,SA0998,0.442
mtuberculosis,Rv1341,saureus,SA0998,0.378
ccrescentus,CCNA_00145,saureus,SA0998,0.356
saureus,SA0998,syn3a,JCVISYN3A_0549,0.333
saureus,SA1436,styphimurium,ybgK,0.332
ccrescentus,CCNA_01101,saureus,infC,0.481
saureus,infC,styphimurium,infC,0.532
mtuberculosis,Rv1641,saureus,infC,0.457
saureus,infC,syn3a,JCVISYN3A_0200,0.392
mpne,MPN115,saureus,infC,0.361
ccrescentus,CCNA_01326,mtuberculosis,Rv0732,0.411
mtuberculosis,Rv0732,styphimurium,secY,0.423
mtuberculosis,Rv0732,saureus,secY,0.393
abaylyi,ACIAD3199,mtuberculosis,Rv0732,0.383
mgenitalium,MG_170,mtuberculosis,Rv0732,0.331
mpne,MPN184,mtuberculosis,Rv0732,0.335
abaylyi,ACIAD2935,mtuberculosis,Rv3834c,0.385
mtuberculosis,Rv3834c,syn3a,JCVISYN3A_0061,0.423
mpne,MPN005,mtuberculosis,Rv3834c,0.346
ccrescentus,CCNA_02078,mtuberculosis,Rv3834c,0.323
mgenitalium,MG_005,mtuberculosis,Rv3834c,0.315
saureus,accA,styphimurium,accA,0.532
ccrescentus,CCNA_03090,styphimurium,accA,0.495
abaylyi,ACIAD3035,styphimurium,accA,0.561
abaylyi,ACIAD1825,ccrescentus,CCNA_01882,0.491
abaylyi,ACIAD1996,styphimurium,ispF,0.54
abaylyi,ACIAD1996,mtuberculosis,Rv3581c,0.444
abaylyi,ACIAD2071,styphimurium,ychF,0.702
abaylyi,ACIAD2071,saureus,SA0351,0.594
abaylyi,ACIAD2071,ccrescentus,CCNA_00512,0.579
abaylyi,ACIAD2071,mtuberculosis,Rv1112,0.512
abaylyi,ACIAD2071,mgenitalium,MG_024,0.494
mgenitalium,MG_365,mpne,MPN543,0.667
mpne,MPN543,saureus,SA1059,0.305
mpne,MPN543,syn3a,JCVISYN3A_0390,0.315
abaylyi,ACIAD3013,styphimurium,rpsI,0.769
ccrescentus,CCNA_01441,styphimurium,rpsI,0.55
saureus,rpsI,styphimurium,rpsI,0.507
mtuberculosis,Rv3442c,styphimurium,rpsI,0.52
mgenitalium,MG_417,styphimurium,rpsI,0.469
saureus,SA2160,styphimurium,yhdH,0.395
abaylyi,ACIAD0027,ccrescentus,CCNA_02888,0.694
abaylyi,ACIAD0463,ccrescentus,CCNA_00196,0.63
abaylyi,ACIAD0463,styphimurium,leuC,0.611
abaylyi,ACIAD0463,mtuberculosis,Rv2988c,0.567
abaylyi,ACIAD0463,saureus,leuC,0.541
abaylyi,ACIAD2426,saureus,qoxB,0.499
saureus,qoxB,styphimurium,cyoB,0.5
ccrescentus,CCNA_01850,saureus,qoxB,0.478
mtuberculosis,Rv3043c,saureus,qoxB,0.459
abaylyi,ACIAD1660,mtuberculosis,Rv0400c,0.477
mtuberculosis,Rv0400c,saureus,SA0225,0.324
ccrescentus,CCNA_01627,styphimurium,acpS,0.359
ccrescentus,CCNA_01627,saureus,dpj,0.32
ccrescentus,CCNA_02628,saureus,SA0693,0.355
ccrescentus,CCNA_02754,mtuberculosis,Rv0074,0.319
ccrescentus,CCNA_03684,styphimurium,yadF,0.505
abaylyi,ACIAD3090,ccrescentus,CCNA_03781,0.628
ccrescentus,CCNA_03781,mtuberculosis,Rv1475c,0.561
ccrescentus,CCNA_03781,saureus,citB,0.543
mtuberculosis,Rv3716c,saureus,SA0437,0.417
saureus,SA0437,styphimurium,ybaB,0.376
abaylyi,ACIAD2313,saureus,SA0437,0.362
abaylyi,ACIAD2853,saureus,ftsH,0.5
ccrescentus,CCNA_03334,saureus,ftsH,0.488
saureus,ftsH,styphimurium,hflB,0.483
mtuberculosis,Rv3610c,saureus,ftsH,0.544
saureus,ftsH,syn3a,JCVISYN3A_0039,0.473
mpne,MPN671,saureus,ftsH,0.518
mgenitalium,MG_457,saureus,ftsH,0.516
saureus,rpsE,syn3a,JCVISYN3A_0654,0.61
mgenitalium,MG_168,syn3a,JCVISYN3A_0654,0.553
mpne,MPN182,syn3a,JCVISYN3A_0654,0.54
ccrescentus,CCNA_01323,syn3a,JCVISYN3A_0654,0.512
mtuberculosis,Rv0721,syn3a,JCVISYN3A_0654,0.52
styphimurium,rpsE,syn3a,JCVISYN3A_0654,0.474
abaylyi,ACIAD3202,syn3a,JCVISYN3A_0654,0.503
mgenitalium,MG_139,mpne,MPN280,0.882
mgenitalium,MG_139,syn3a,JCVISYN3A_0600,0.408
mgenitalium,MG_139,saureus,SA0940,0.384
mgenitalium,MG_139,mtuberculosis,Rv2752c,0.304
mgenitalium,MG_294,mpne,MPN421,0.782
mgenitalium,MG_454,mpne,MPN668,0.635
ccrescentus,CCNA_00963,mgenitalium,MG_454,0.325
mgenitalium,MG_454,saureus,SA0755,0.323
abaylyi,ACIAD3023,mgenitalium,MG_454,0.304
ccrescentus,CCNA_00850,styphimurium,acrB,0.669
abaylyi,ACIAD2944,ccrescentus,CCNA_00850,0.617
abaylyi,ACIAD3022,saureus,SA2174,0.39
abaylyi,ACIAD3395,saureus,hisB,0.447
saureus,hisB,styphimurium,hisB,0.435
ccrescentus,CCNA_03850,saureus,hisB,0.425
saureus,hisB,syn3a,JCVISYN3A_0918,0.415
mtuberculosis,Rv1601,saureus,hisB,0.348
abaylyi,ACIAD2361,styphimurium,holB,0.324
ccrescentus,CCNA_03658,styphimurium,trpB,0.569
abaylyi,ACIAD0636,styphimurium,trpB,0.54
mtuberculosis,Rv1612,styphimurium,trpB,0.557
saureus,trpB,styphimurium,trpB,0.503
abaylyi,ACIAD0273,ccrescentus,CCNA_02663,0.495
ccrescentus,CCNA_02663,styphimurium,dksA,0.464
ccrescentus,CCNA_03655,styphimurium,folC,0.35
ccrescentus,CCNA_03655,mtuberculosis,Rv2447c,0.347
abaylyi,ACIAD0644,ccrescentus,CCNA_03655,0.367
ccrescentus,CCNA_03655,saureus,folC,0.348
ccrescentus,CCNA_01667,saureus,kdpE(SCCmec),0.385
abaylyi,ACIAD2290,styphimurium,cydA,0.712
ccrescentus,CCNA_00800,styphimurium,cydA,0.58
abaylyi,ACIAD0064,styphimurium,mviN,0.424
abaylyi,ACIAD0401,styphimurium,rpsO,0.685
ccrescentus,CCNA_00034,styphimurium,rpsO,0.584
mtuberculosis,Rv2785c,styphimurium,rpsO,0.516
styphimurium,rpsO,syn3a,JCVISYN3A_0294,0.494
mgenitalium,MG_424,styphimurium,rpsO,0.478
mpne,MPN622,styphimurium,rpsO,0.5
ccrescentus,CCNA_02341,styphimurium,ibpA,0.54
abaylyi,ACIAD3053,styphimurium,ibpA,0.456
abaylyi,ACIAD0173,styphimurium,rthB,0.396
ccrescentus,CCNA_02092,styphimurium,rthB,0.339
abaylyi,ACIAD0824,ccrescentus,CCNA_02520,0.365
abaylyi,ACIAD3354,styphimurium,aroK,0.535
ccrescentus,CCNA_03103,styphimurium,aroK,0.385
mtuberculosis,Rv2539c,styphimurium,aroK,0.384
saureus,SA1368,styphimurium,aroK,0.361
saureus,SA0036,styphimurium,ugpQ,0.329
abaylyi,ACIAD3648,styphimurium,STM4032,0.326
ccrescentus,CCNA_00810,styphimurium,STM4032,0.327
mtuberculosis,Rv2970c,styphimurium,STM4032,0.35
abaylyi,ACIAD0409,styphimurium,priA,0.435
saureus,priA,styphimurium,priA,0.34
ccrescentus,CCNA_00351,styphimurium,priA,0.347
abaylyi,ACIAD3449,styphimurium,ssb,0.48
abaylyi,ACIAD3449,ccrescentus,CCNA_01535,0.441
abaylyi,ACIAD3449,saureus,ssb,0.33
mgenitalium,MG_018,mpne,MPN020,0.616
abaylyi,ACIAD0188,mtuberculosis,Rv1311,0.372
mtuberculosis,Rv1437,saureus,pgk,0.441
mtuberculosis,Rv1437,syn3a,JCVISYN3A_0606,0.433
mtuberculosis,Rv1437,styphimurium,pgk,0.423
mgenitalium,MG_300,mtuberculosis,Rv1437,0.423
ccrescentus,CCNA_03359,mtuberculosis,Rv1437,0.406
mpne,MPN429,mtuberculosis,Rv1437,0.404
abaylyi,ACIAD1927,mtuberculosis,Rv1437,0.385
mtuberculosis,Rv2222c,saureus,glnA,0.427
abaylyi,ACIAD2528,mtuberculosis,Rv2222c,0.334
mgenitalium,MG_019,mpne,MPN021,0.748
abaylyi,ACIAD3621,mgenitalium,MG_019,0.364
mgenitalium,MG_019,saureus,dnaJ,0.364
mgenitalium,MG_019,syn3a,JCVISYN3A_0541,0.348
ccrescentus,CCNA_00011,mgenitalium,MG_019,0.306
mgenitalium,MG_019,mtuberculosis,Rv2373c,0.316
mgenitalium,MG_300,mpne,MPN429,0.699
mgenitalium,MG_300,syn3a,JCVISYN3A_0606,0.548
mgenitalium,MG_300,saureus,pgk,0.473
mgenitalium,MG_300,styphimurium,pgk,0.383
abaylyi,ACIAD1927,mgenitalium,MG_300,0.372
ccrescentus,CCNA_03359,mgenitalium,MG_300,0.376
mgenitalium,MG_460,mpne,MPN674,0.826
mgenitalium,MG_460,syn3a,JCVISYN3A_0475,0.452
mgenitalium,MG_460,saureus,SA2395,0.416
abaylyi,ACIAD3386,saureus,SA1868,0.414
saureus,SA1868,styphimurium,yhgF,0.422
mtuberculosis,Rv0440,saureus,groEL,0.594
ccrescentus,CCNA_00721,mtuberculosis,Rv0440,0.576
mtuberculosis,Rv0440,styphimurium,mopA,0.589
abaylyi,ACIAD2838,mtuberculosis,Rv0440,0.589
mgenitalium,MG_392,mtuberculosis,Rv0440,0.455
mpne,MPN573,mtuberculosis,Rv0440,0.448
mtuberculosis,Rv0652,saureus,rplL,0.552
abaylyi,ACIAD0306,mtuberculosis,Rv0652,0.566
ccrescentus,CCNA_00531,mtuberculosis,Rv0652,0.523
mtuberculosis,Rv0652,styphimurium,rplL,0.496
mtuberculosis,Rv0684,saureus,fus,0.612
ccrescentus,CCNA_03304,mtuberculosis,Rv0684,0.607
mtuberculosis,Rv0684,syn3a,JCVISYN3A_0150,0.593
mtuberculosis,Rv0684,styphimurium,fusA,0.587
abaylyi,ACIAD0884,mtuberculosis,Rv0684,0.566
mgenitalium,MG_089,mtuberculosis,Rv0684,0.575
mtuberculosis,Rv1281c,styphimurium,yliA,0.452
mtuberculosis,Rv1281c,saureus,oppD,0.439
mpne,MPN217,mtuberculosis,Rv1281c,0.328
mgenitalium,MG_079,mtuberculosis,Rv1281c,0.339
mgenitalium,MG_362,mpne,MPN539,0.909
mgenitalium,MG_362,saureus,rplL,0.474
mgenitalium,MG_362,syn3a,JCVISYN3A_0806,0.462
mgenitalium,MG_362,styphimurium,rplL,0.426
mgenitalium,MG_392,mpne,MPN573,0.852
mgenitalium,MG_392,saureus,groEL,0.474
ccrescentus,CCNA_00721,mgenitalium,MG_392,0.454
abaylyi,ACIAD2838,mgenitalium,MG_392,0.42
mgenitalium,MG_392,styphimurium,mopA,0.429
abaylyi,ACIAD3636,mtuberculosis,Rv0189c,0.495
ccrescentus,CCNA_03139,mtuberculosis,Rv0189c,0.417
mtuberculosis,Rv0189c,styphimurium,STM3531,0.394
mtuberculosis,Rv1283c,saureus,oppB,0.322
mtuberculosis,Rv1658,saureus,argG,0.48
ccrescentus,CCNA_00128,mtuberculosis,Rv1658,0.4
mtuberculosis,Rv1658,styphimurium,argG,0.302
ccrescentus,CCNA_02734,styphimurium,cysE,0.542
ccrescentus,CCNA_02734,mtuberculosis,Rv2335,0.462
abaylyi,ACIAD2091,ccrescentus,CCNA_02734,0.49
mtuberculosis,Rv1381,saureus,pyrC,0.381
ccrescentus,CCNA_00392,saureus,pyrC,0.314
saureus,pyrC,styphimurium,allB,0.3
saureus,SA1326,syn3a,JCVISYN3A_0327,0.321
saureus,tag,styphimurium,tag,0.398
ccrescentus,CCNA_00386,saureus,tag,0.435
abaylyi,ACIAD3611,saureus,tag,0.357
abaylyi,ACIAD2086,styphimurium,yeaA,0.59
abaylyi,ACIAD2086,mtuberculosis,Rv2674,0.503
abaylyi,ACIAD2086,saureus,SA1256,0.484
abaylyi,ACIAD2086,ccrescentus,CCNA_02265,0.504
abaylyi,ACIAD2086,mgenitalium,MG_448,0.455
abaylyi,ACIAD2086,mpne,MPN662,0.455
abaylyi,ACIAD2227,styphimurium,dctA,0.716
abaylyi,ACIAD2227,ccrescentus,CCNA_00664,0.574
abaylyi,ACIAD2227,mtuberculosis,Rv2443,0.458
abaylyi,ACIAD2340,styphimurium,ybjE,0.366
abaylyi,ACIAD3560,styphimurium,psd,0.444
abaylyi,ACIAD3599,styphimurium,STM0354,0.317
mgenitalium,MG_175,mpne,MPN189,0.887
mpne,MPN189,syn3a,JCVISYN3A_0647,0.658
mpne,MPN189,mtuberculosis,Rv3460c,0.57
mpne,MPN189,styphimurium,rpsM,0.56
abaylyi,ACIAD3197,mpne,MPN189,0.534
ccrescentus,CCNA_01835,styphimurium,ybbA,0.517
mtuberculosis,Rv1379,saureus,pyrR,0.449
ccrescentus,CCNA_00769,mtuberculosis,Rv1474c,0.384
ccrescentus,CCNA_01234,mtuberculosis,Rv2407,0.329
ccrescentus,CCNA_01961,mtuberculosis,Rv2501c,0.512
abaylyi,ACIAD1736,mtuberculosis,Rv2501c,0.483
mtuberculosis,Rv2501c,saureus,accC,0.467
abaylyi,ACIAD1971,mtuberculosis,Rv2846c,0.323
mtuberculosis,Rv3065,styphimurium,STM1653,0.39
abaylyi,ACIAD0691,mtuberculosis,Rv3065,0.327
mgenitalium,MG_380,mpne,MPN558,0.586
saureus,tmk,syn3a,JCVISYN3A_0045,0.423
mgenitalium,MG_006,syn3a,JCVISYN3A_0045,0.455
abaylyi,ACIAD2588,syn3a,JCVISYN3A_0045,0.412
ccrescentus,CCNA_01900,syn3a,JCVISYN3A_0045,0.344
mpne,MPN006,syn3a,JCVISYN3A_0045,0.396
saureus,ctrA,syn3a,JCVISYN3A_0129,0.548
styphimurium,pyrG,syn3a,JCVISYN3A_0129,0.497
mtuberculosis,Rv1699,syn3a,JCVISYN3A_0129,0.471
abaylyi,ACIAD2003,syn3a,JCVISYN3A_0129,0.475
ccrescentus,CCNA_01791,syn3a,JCVISYN3A_0129,0.44
saureus,SA1100,syn3a,JCVISYN3A_0539,0.455
mgenitalium,MG_433,syn3a,JCVISYN3A_0539,0.38
mpne,MPN631,syn3a,JCVISYN3A_0539,0.38
abaylyi,ACIAD2268,syn3a,JCVISYN3A_0539,0.389
styphimurium,tsf,syn3a,JCVISYN3A_0539,0.384
ccrescentus,CCNA_01999,syn3a,JCVISYN3A_0539,0.352
abaylyi,ACIAD1182,styphimurium,phrB,0.417
abaylyi,ACIAD1182,saureus,SA0646,0.357
abaylyi,ACIAD1489,styphimurium,STM2692,0.605
abaylyi,ACIAD1569,ccrescentus,CCNA_00820,0.611
abaylyi,ACIAD1569,mtuberculosis,Rv3556c,0.537
abaylyi,ACIAD1637,saureus,SA2317,0.478
abaylyi,ACIAD1637,styphimurium,yncA,0.397
abaylyi,ACIAD1637,ccrescentus,CCNA_00984,0.317
abaylyi,ACIAD3641,saureus,SA0417,0.348
mgenitalium,MG_086,mpne,MPN224,0.75
mgenitalium,MG_351,mpne,MPN528,0.82
mpne,MPN528,syn3a,JCVISYN3A_0344,0.488
mpne,MPN528,mtuberculosis,Rv3628,0.411
abaylyi,ACIAD0239,mpne,MPN528,0.364
mpne,MPN528,styphimurium,ppa,0.386
ccrescentus,CCNA_00045,mpne,MPN528,0.371
ccrescentus,CCNA_03344,styphimurium,ruvB,0.641
abaylyi,ACIAD2615,ccrescentus,CCNA_03344,0.607
ccrescentus,CCNA_03344,saureus,ruvB,0.549
ccrescentus,CCNA_03344,mtuberculosis,Rv2592c,0.546
ccrescentus,CCNA_03344,mgenitalium,MG_359,0.342
ccrescentus,CCNA_03344,mpne,MPN536,0.318
mtuberculosis,Rv1079,saureus,metB,0.453
ccrescentus,CCNA_03271,saureus,metB,0.396
abaylyi,ACIAD2314,saureus,metB,0.353
abaylyi,ACIAD0406,styphimurium,cbpA,0.372
abaylyi,ACIAD0406,ccrescentus,CCNA_02860,0.342
abaylyi,ACIAD0553,mtuberculosis,Rv0557,0.359
abaylyi,ACIAD0553,ccrescentus,CCNA_03455,0.303
abaylyi,ACIAD0734,styphimurium,nuoE,0.572
abaylyi,ACIAD0869,styphimurium,rpmF,0.649
abaylyi,ACIAD0869,ccrescentus,CCNA_01792,0.483
abaylyi,ACIAD0869,mpne,MPN540,0.562
abaylyi,ACIAD0869,mgenitalium,MG_363,0.52
abaylyi,ACIAD2307,ccrescentus,CCNA_01522,0.713
abaylyi,ACIAD2307,mtuberculosis,Rv0370c,0.334
abaylyi,ACIAD2447,styphimurium,purH,0.685
abaylyi,ACIAD2447,ccrescentus,CCNA_00084,0.522
abaylyi,ACIAD2447,mtuberculosis,Rv0957,0.455
abaylyi,ACIAD2833,styphimurium,htpX,0.506
abaylyi,ACIAD2833,ccrescentus,CCNA_02594,0.314
abaylyi,ACIAD2833,mtuberculosis,Rv0563,0.343
ccrescentus,CCNA_01740,styphimurium,rpsR,0.611
ccrescentus,CCNA_01740,saureus,rpsR,0.6
abaylyi,ACIAD2431,ccrescentus,CCNA_01740,0.597
ccrescentus,CCNA_01740,mtuberculosis,Rv0055,0.453
ccrescentus,CCNA_01740,mpne,MPN230,0.458
ccrescentus,CCNA_01740,mgenitalium,MG_092,0.405
ccrescentus,CCNA_01938,saureus,SA0774,0.572
ccrescentus,CCNA_01938,mtuberculosis,Rv1463,0.521
saureus,SA1973,styphimurium,yqfA,0.356
abaylyi,ACIAD2996,saureus,SA1973,0.351
saureus,SA2094,styphimurium,STM1556,0.353
mtuberculosis,Rv1215c,saureus,SA2380,0.355
mtuberculosis,Rv0009,saureus,SA0815,0.417
mtuberculosis,Rv0009,styphimurium,ppiB,0.331
ccrescentus,CCNA_01655,mtuberculosis,Rv0009,0.446
abaylyi,ACIAD1921,mtuberculosis,Rv0009,0.35
ccrescentus,CCNA_02465,mtuberculosis,Rv0322,0.404
mtuberculosis,Rv0478,saureus,SA1939,0.458
mtuberculosis,Rv0478,syn3a,JCVISYN3A_0732,0.432
mtuberculosis,Rv0478,styphimurium,deoC,0.349
abaylyi,ACIAD1277,mtuberculosis,Rv2319c,0.319
ccrescentus,CCNA_01674,mtuberculosis,Rv2411c,0.538
abaylyi,ACIAD2341,styphimurium,pyrF,0.586
ccrescentus,CCNA_00104,styphimurium,pyrF,0.362
abaylyi,ACIAD2261,styphimurium,yqcD,0.439
abaylyi,ACIAD3350,styphimurium,gltB,0.592
mtuberculosis,Rv3859c,styphimurium,gltB,0.437
ccrescentus,CCNA_03722,styphimurium,gltB,0.455
saureus,gltB,styphimurium,gltB,0.418
abaylyi,ACIAD2342,styphimurium,STM4042A,0.696
abaylyi,ACIAD0205,styphimurium,ego,0.352
ccrescentus,CCNA_03642,mtuberculosis,Rv3318,0.485
mtuberculosis,Rv3318,styphimurium,sdhA,0.489
abaylyi,ACIAD2880,mtuberculosis,Rv3318,0.467
mtuberculosis,Rv3318,saureus,sdhA,0.33
abaylyi,ACIAD1398,styphimurium,fdx,0.603
ccrescentus,CCNA_03639,styphimurium,fdx,0.401
saureus,SA0186,styphimurium,STM2570,0.376
abaylyi,ACIAD1229,styphimurium,STM3038,0.414
abaylyi,ACIAD0984,styphimurium,STM2175,0.319
abaylyi,ACIAD0540,styphimurium,pta,0.487
mtuberculosis,Rv0408,styphimurium,pta,0.372
ccrescentus,CCNA_01161,styphimurium,ydjN,0.326
ccrescentus,CCNA_01161,saureus,SA0368,0.328
abaylyi,ACIAD1191,ccrescentus,CCNA_01161,0.311
abaylyi,ACIAD0802,ccrescentus,CCNA_01288,0.386
ccrescentus,CCNA_01288,saureus,SA2222,0.307
saureus,SA2487,styphimurium,rarD,0.383
ccrescentus,CCNA_00254,saureus,SA2487,0.354
ccrescentus,CCNA_02321,mtuberculosis,Rv0391,0.536
abaylyi,ACIAD2314,mtuberculosis,Rv0391,0.448
abaylyi,ACIAD3339,mtuberculosis,Rv1862,0.303
mtuberculosis,Rv1862,saureus,SA0239,0.305
abaylyi,ACIAD0472,ccrescentus,CCNA_02428,0.72
ccrescentus,CCNA_02428,saureus,infA,0.652
ccrescentus,CCNA_02428,styphimurium,infA,0.657
ccrescentus,CCNA_02428,syn3a,JCVISYN3A_0649,0.614
ccrescentus,CCNA_02428,mtuberculosis,Rv3462c,0.547
ccrescentus,CCNA_02428,mpne,MPN187,0.507
ccrescentus,CCNA_02428,mgenitalium,MG_173,0.47
abaylyi,ACIAD1711,ccrescentus,CCNA_02491,0.424
ccrescentus,CCNA_02681,saureus,gid,0.502
ccrescentus,CCNA_02681,syn3a,JCVISYN3A_0434,0.386
mgenitalium,MG_434,mpne,MPN632,0.688
mpne,MPN632,saureus,smbA,0.356
mpne,MPN632,styphimurium,pyrH,0.341
mpne,MPN632,syn3a,JCVISYN3A_0537,0.378
ccrescentus,CCNA_01998,mpne,MPN632,0.316
abaylyi,ACIAD1372,mpne,MPN632,0.316
mpne,MPN252,syn3a,JCVISYN3A_0076,0.489
mgenitalium,MG_113,syn3a,JCVISYN3A_0076,0.473
styphimurium,asnS,syn3a,JCVISYN3A_0076,0.471
mgenitalium,MG_212,syn3a,JCVISYN3A_0512,0.321
saureus,rplQ,syn3a,JCVISYN3A_0644,0.479
ccrescentus,CCNA_01332,syn3a,JCVISYN3A_0644,0.443
mpne,MPN192,syn3a,JCVISYN3A_0644,0.372
mtuberculosis,Rv3456c,syn3a,JCVISYN3A_0644,0.375
styphimurium,rplQ,syn3a,JCVISYN3A_0644,0.41
mpne,MPN238,syn3a,JCVISYN3A_0687,0.392
abaylyi,ACIAD0822,syn3a,JCVISYN3A_0687,0.364
ccrescentus,CCNA_02518,syn3a,JCVISYN3A_0687,0.364
mgenitalium,MG_100,syn3a,JCVISYN3A_0687,0.367
mtuberculosis,Rv3009c,syn3a,JCVISYN3A_0687,0.333
abaylyi,ACIAD2224,styphimurium,iroE,0.364
abaylyi,ACIAD0265,styphimurium,dsbC,0.398
abaylyi,ACIAD3102,styphimurium,ilvC,0.401
mtuberculosis,Rv3001c,styphimurium,ilvC,0.339
ccrescentus,CCNA_02204,styphimurium,ilvC,0.386
saureus,ilvC,styphimurium,ilvC,0.336
mtuberculosis,Rv0983,styphimurium,htrA,0.393
mtuberculosis,Rv3324c,saureus,moaC,0.474
abaylyi,ACIAD2847,mtuberculosis,Rv3356c,0.435
ccrescentus,CCNA_01275,mtuberculosis,Rv3356c,0.429
mtuberculosis,Rv3356c,styphimurium,folD,0.433
mtuberculosis,Rv3356c,saureus,folD,0.431
mtuberculosis,Rv3356c,syn3a,JCVISYN3A_0684,0.392
mgenitalium,MG_013,mtuberculosis,Rv3356c,0.33
mpne,MPN017,mtuberculosis,Rv3356c,0.318
ccrescentus,CCNA_02399,mtuberculosis,Rv0881,0.37
ccrescentus,CCNA_02463,styphimurium,STM2914,0.312
ccrescentus,CCNA_03193,mtuberculosis,Rv0274,0.52
abaylyi,ACIAD2587,styphimurium,nadB,0.601
mtuberculosis,Rv1595,styphimurium,nadB,0.383
ccrescentus,CCNA_01637,styphimurium,parC,0.408
abaylyi,ACIAD3395,ccrescentus,CCNA_03850,0.51
abaylyi,ACIAD3395,styphimurium,hisB,0.476
abaylyi,ACIAD3395,syn3a,JCVISYN3A_0918,0.425
abaylyi,ACIAD3395,mtuberculosis,Rv1601,0.431
abaylyi,ACIAD3616,styphimurium,yafB,0.614
abaylyi,ACIAD3616,ccrescentus,CCNA_03541,0.392
abaylyi,ACIAD3616,saureus,SA2001,0.355
mgenitalium,MG_194,mpne,MPN105,0.674
mpne,MPN105,syn3a,JCVISYN3A_0529,0.376
mpne,MPN105,saureus,pheS,0.375
abaylyi,ACIAD3042,mpne,MPN105,0.384
mpne,MPN105,styphimurium,pheS,0.38
ccrescentus,CCNA_01096,mpne,MPN105,0.343
ccrescentus,CCNA_02015,mtuberculosis,Rv3158,0.381
ccrescentus,CCNA_02015,styphimurium,nuoN,0.327
abaylyi,ACIAD0743,ccrescentus,CCNA_02015,0.304
ccrescentus,CCNA_02209,mtuberculosis,Rv1912c,0.355
saureus,moaA,styphimurium,moaA,0.326
abaylyi,ACIAD1906,styphimurium,moaA,0.309
ccrescentus,CCNA_02650,styphimurium,ybjR,0.342
abaylyi,ACIAD1040,styphimurium,yneH,0.316
mtuberculosis,Rv2849c,styphimurium,btuR,0.392
saureus,SA0880,syn3a,JCVISYN3A_0685,0.314
saureus,pgsA,syn3a,JCVISYN3A_0875,0.388
mgenitalium,MG_114,saureus,pgsA,0.37
mpne,MPN253,saureus,pgsA,0.382
saureus,pgsA,styphimurium,pgsA,0.381
ccrescentus,CCNA_03002,saureus,pgsA,0.357
ccrescentus,CCNA_00011,saureus,dnaJ,0.465
abaylyi,ACIAD3621,saureus,dnaJ,0.488
mtuberculosis,Rv2373c,saureus,dnaJ,0.389
saureus,dnaJ,syn3a,JCVISYN3A_0541,0.373
mpne,MPN021,saureus,dnaJ,0.364
mtuberculosis,Rv2971,saureus,SA1606,0.435
abaylyi,ACIAD3281,saureus,SA1606,0.402
ccrescentus,CCNA_03541,saureus,SA1606,0.4
saureus,SA1857,styphimurium,yjeE,0.391
mgenitalium,MG_198,mpne,MPN117,0.764
mgenitalium,MG_198,syn3a,JCVISYN3A_0198,0.512
mgenitalium,MG_198,saureus,rplT,0.57
mgenitalium,MG_198,styphimurium,rplT,0.551
abaylyi,ACIAD3046,mgenitalium,MG_198,0.5
mgenitalium,MG_198,mtuberculosis,Rv1643,0.385
mgenitalium,MG_259,mpne,MPN362,0.541
mgenitalium,MG_382,saureus,udk,0.391
mgenitalium,MG_382,styphimurium,udk,0.338
saureus,opuCC,styphimurium,STM1493,0.303
abaylyi,ACIAD1948,saureus,cspB,0.655
ccrescentus,CCNA_02997,saureus,cspB,0.568
mtuberculosis,Rv0054,styphimurium,ssb,0.344
mtuberculosis,Rv0054,saureus,SA1792,0.428
ccrescentus,CCNA_01535,mtuberculosis,Rv0054,0.317
saureus,metS,syn3a,JCVISYN3A_0012,0.436
mgenitalium,MG_021,syn3a,JCVISYN3A_0012,0.412
mpne,MPN023,syn3a,JCVISYN3A_0012,0.406
mtuberculosis,Rv1007c,syn3a,JCVISYN3A_0012,0.329
mgenitalium,MG_451,mpne,MPN665,0.967
mgenitalium,MG_451,saureus,tufA,0.703
mgenitalium,MG_451,styphimurium,tufA,0.699
mgenitalium,MG_451,syn3a,JCVISYN3A_0151,0.684
ccrescentus,CCNA_01298,mgenitalium,MG_451,0.686
abaylyi,ACIAD0299,mgenitalium,MG_451,0.68
mgenitalium,MG_451,mtuberculosis,Rv0685,0.652
ccrescentus,CCNA_03747,mtuberculosis,Rv3265c,0.339
ccrescentus,CCNA_01553,saureus,capM,0.461
abaylyi,ACIAD0093,saureus,capM,0.413
mpne,MPN391,saureus,bmfBB,0.315
saureus,rpmA,syn3a,JCVISYN3A_0499,0.744
mpne,MPN327,saureus,rpmA,0.648
mgenitalium,MG_234,saureus,rpmA,0.639
mtuberculosis,Rv2441c,saureus,rpmA,0.637
saureus,rpmA,styphimurium,rpmA,0.602
abaylyi,ACIAD2938,saureus,rpmA,0.583
ccrescentus,CCNA_00320,saureus,rpmA,0.529
saureus,rpsD,syn3a,JCVISYN3A_0238,0.529
saureus,rpsD,styphimurium,rpsD,0.471
mpne,MPN446,saureus,rpsD,0.445
abaylyi,ACIAD3195,saureus,rpsD,0.475
mtuberculosis,Rv3458c,saureus,rpsD,0.465
ccrescentus,CCNA_00146,styphimurium,yibF,0.375
ccrescentus,CCNA_00340,saureus,sucC,0.577
ccrescentus,CCNA_00340,styphimurium,sucC,0.556
ccrescentus,CCNA_00340,mtuberculosis,Rv0951,0.38
saureus,upp,syn3a,JCVISYN3A_0798,0.552
ccrescentus,CCNA_02351,syn3a,JCVISYN3A_0798,0.531
abaylyi,ACIAD0744,syn3a,JCVISYN3A_0798,0.502
styphimurium,upp,syn3a,JCVISYN3A_0798,0.49
mgenitalium,MG_030,syn3a,JCVISYN3A_0798,0.433
mpne,MPN033,syn3a,JCVISYN3A_0798,0.438
mtuberculosis,Rv3309c,syn3a,JCVISYN3A_0798,0.43
mgenitalium,MG_414,mpne,MPN_612,0.461
mpne,MPN180,syn3a,JCVISYN3A_0656,0.458
mtuberculosis,Rv0719,syn3a,JCVISYN3A_0656,0.429
styphimurium,rplF,syn3a,JCVISYN3A_0656,0.443
mgenitalium,MG_166,syn3a,JCVISYN3A_0656,0.461
saureus,rplF,syn3a,JCVISYN3A_0656,0.431
ccrescentus,CCNA_01321,syn3a,JCVISYN3A_0656,0.437
saureus,SA1674,syn3a,JCVISYN3A_0707,0.373
mgenitalium,MG_290,syn3a,JCVISYN3A_0707,0.338
abaylyi,ACIAD1058,syn3a,JCVISYN3A_0707,0.344
ccrescentus,CCNA_01398,styphimurium,ppiA,0.379
mtuberculosis,Rv1349,saureus,SA0599,0.314
mtuberculosis,Rv1652,saureus,argC,0.328
mtuberculosis,Rv1652,styphimurium,argC,0.356
mtuberculosis,Rv2249c,saureus,glpD,0.33
mtuberculosis,Rv1451,styphimurium,cyoE,0.34
abaylyi,ACIAD1921,styphimurium,ppiB,0.614
saureus,SA0815,styphimurium,ppiB,0.32
ccrescentus,CCNA_01655,styphimurium,ppiB,0.398
abaylyi,ACIAD3553,styphimurium,ybdL,0.513
ccrescentus,CCNA_00775,styphimurium,ybdL,0.407
mtuberculosis,Rv0858c,styphimurium,ybdL,0.381
abaylyi,ACIAD2872,styphimurium,sucD,0.731
ccrescentus,CCNA_00341,styphimurium,sucD,0.665
saureus,sucD,styphimurium,sucD,0.654
mtuberculosis,Rv0952,styphimurium,sucD,0.547
saureus,rpsK,syn3a,JCVISYN3A_0646,0.687
mtuberculosis,Rv3459c,saureus,rpsK,0.671
saureus,rpsK,styphimurium,rpsK,0.627
mgenitalium,MG_176,saureus,rpsK,0.447
mtuberculosis,Rv2220,styphimurium,glnA,0.514
ccrescentus,CCNA_02047,mtuberculosis,Rv2220,0.506
abaylyi,ACIAD2458,mtuberculosis,Rv2220,0.494
abaylyi,ACIAD3629,styphimurium,STM0859,0.325
mgenitalium,MG_169,mpne,MPN183,0.731
mpne,MPN183,syn3a,JCVISYN3A_0653,0.429
mpne,MPN183,saureus,rplO,0.404
abaylyi,ACIAD3200,mpne,MPN183,0.43
mpne,MPN183,styphimurium,rplO,0.429
ccrescentus,CCNA_01325,mpne,MPN183,0.375
mgenitalium,MG_077,mpne,MPN215,0.77
mpne,MPN215,mtuberculosis,Rv3665c,0.307
ccrescentus,CCNA_00904,styphimurium,rbsC,0.426
ccrescentus,CCNA_02336,styphimurium,pldB,0.31
abaylyi,ACIAD0035,saureus,SA0168,0.32
abaylyi,ACIAD0211,styphimurium,def,0.575
abaylyi,ACIAD0211,ccrescentus,CCNA_00273,0.564
abaylyi,ACIAD0211,mgenitalium,MG_106,0.331
abaylyi,ACIAD0211,mpne,MPN245,0.35
abaylyi,ACIAD0283,ccrescentus,CCNA_02294,0.524
abaylyi,ACIAD0283,styphimurium,argH,0.481
abaylyi,ACIAD0283,mtuberculosis,Rv1659,0.433
ccrescentus,CCNA_02356,mtuberculosis,Rv0838,0.372
ccrescentus,CCNA_00057,styphimurium,yeaZ,0.333
ccrescentus,CCNA_00057,mtuberculosis,Rv3421c,0.318
abaylyi,ACIAD0677,ccrescentus,CCNA_00057,0.321
ccrescentus,CCNA_00057,saureus,SA1856,0.365
abaylyi,ACIAD3652,ccrescentus,CCNA_00153,0.408
ccrescentus,CCNA_00153,styphimurium,grpE,0.378
ccrescentus,CCNA_00153,saureus,grpE,0.355
mtuberculosis,Rv3441c,saureus,glmM(femD),0.476
ccrescentus,CCNA_00116,saureus,glmM(femD),0.473
saureus,glmM(femD),styphimurium,mrsA,0.449
abaylyi,ACIAD3502,saureus,glmM(femD),0.416
mgenitalium,MG_081,mpne,MPN219,0.883
mpne,MPN219,syn3a,JCVISYN3A_0810,0.595
mpne,MPN219,mtuberculosis,Rv0640,0.463
mpne,MPN219,saureus,rplK,0.45
ccrescentus,CCNA_00678,mpne,MPN219,0.447
abaylyi,ACIAD0302,mpne,MPN219,0.475
mpne,MPN219,styphimurium,rplK,0.439
mgenitalium,MG_293,mpne,MPN420,0.668
mpne,MPN420,saureus,SA1542,0.304
mpne,MPN350,syn3a,JCVISYN3A_0117,0.307
mgenitalium,MG_247,syn3a,JCVISYN3A_0117,0.311
saureus,SA1187,syn3a,JCVISYN3A_0117,0.392
styphimurium,ygiH,syn3a,JCVISYN3A_0117,0.333
ccrescentus,CCNA_03465,saureus,SA1367,0.386
ccrescentus,CCNA_03465,styphimurium,gcvT,0.364
ccrescentus,CCNA_03465,mtuberculosis,Rv2211c,0.364
saureus,SA2278,styphimurium,STM1301,0.371
mtuberculosis,Rv1160,saureus,SA2278,0.37
ccrescentus,CCNA_00876,saureus,SA2278,0.312
abaylyi,ACIAD2596,styphimurium,cysA,0.611
abaylyi,ACIAD2596,ccrescentus,CCNA_01670,0.491
abaylyi,ACIAD2596,mtuberculosis,Rv2397c,0.45
abaylyi,ACIAD2596,saureus,opuCA,0.402
abaylyi,ACIAD3195,styphimurium,rpsD,0.695
abaylyi,ACIAD3195,mtuberculosis,Rv3458c,0.473
abaylyi,ACIAD3195,syn3a,JCVISYN3A_0238,0.444
abaylyi,ACIAD3195,mpne,MPN446,0.389
abaylyi,ACIAD0017,ccrescentus,CCNA_01182,0.481
ccrescentus,CCNA_01277,mtuberculosis,Rv1771,0.353
ccrescentus,CCNA_01508,styphimurium,fliY,0.546
ccrescentus,CCNA_01508,saureus,SA2202,0.321
saureus,SA0236,styphimurium,STM3784,0.362
abaylyi,ACIAD1368,styphimurium,glnG,0.638
mtuberculosis,Rv1092c,styphimurium,coaA,0.53
abaylyi,ACIAD1486,styphimurium,yhbG,0.654
abaylyi,ACIAD1486,ccrescentus,CCNA_03714,0.54
abaylyi,ACIAD1486,saureus,SA2132,0.319
abaylyi,ACIAD1598,styphimurium,STM3122,0.366
abaylyi,ACIAD1598,mtuberculosis,Rv3299c,0.307
mgenitalium,MG_304,mpne,MPN433,0.688
mgenitalium,MG_430,mpne,MPN628,0.714
mgenitalium,MG_430,syn3a,JCVISYN3A_0729,0.449
mgenitalium,MG_430,styphimurium,pmgI,0.411
abaylyi,ACIAD0256,mgenitalium,MG_430,0.409
abaylyi,ACIAD2898,styphimurium,yfiO,0.356
abaylyi,ACIAD1358,styphimurium,rpiA,0.609
saureus,SA2127,styphimurium,rpiA,0.341
abaylyi,ACIAD1369,styphimurium,glnL,0.396
ccrescentus,CCNA_01814,styphimurium,glnL,0.399
ccrescentus,CCNA_02348,styphimurium,yjaB,0.503
abaylyi,ACIAD0185,ccrescentus,CCNA_03562,0.576
abaylyi,ACIAD0185,saureus,atpA,0.551
abaylyi,ACIAD0185,syn3a,JCVISYN3A_0792,0.523
abaylyi,ACIAD0185,mgenitalium,MG_401,0.508
abaylyi,ACIAD0185,mpne,MPN600,0.497
ccrescentus,CCNA_02064,styphimurium,lpxC,0.445
abaylyi,ACIAD3510,ccrescentus,CCNA_02064,0.428
abaylyi,ACIAD1890,ccrescentus,CCNA_02194,0.588
ccrescentus,CCNA_02194,mtuberculosis,Rv1098c,0.511
ccrescentus,CCNA_02640,styphimurium,mraY,0.487
abaylyi,ACIAD3363,ccrescentus,CCNA_02640,0.434
ccrescentus,CCNA_02640,mtuberculosis,Rv2156c,0.387
ccrescentus,CCNA_02640,saureus,mraY,0.441
mpne,MPN123,syn3a,JCVISYN3A_0453,0.381
mgenitalium,MG_297,mpne,MPN425,0.71
mpne,MPN425,saureus,SA1078,0.416
ccrescentus,CCNA_03793,mpne,MPN425,0.374
mgenitalium,MG_381,mpne,MPN559,0.564
mgenitalium,MG_468,mpne,MPN684,0.687
abaylyi,ACIAD0256,styphimurium,pmgI,0.59
abaylyi,ACIAD0256,mpne,MPN628,0.411
abaylyi,ACIAD0256,syn3a,JCVISYN3A_0729,0.401
abaylyi,ACIAD0768,styphimurium,metG,0.583
abaylyi,ACIAD0768,ccrescentus,CCNA_01547,0.303
abaylyi,ACIAD1112,styphimurium,ygiD,0.375
mgenitalium,MG_205,mpne,MPN124,0.798
mpne,MPN124,syn3a,JCVISYN3A_0544,0.318
mgenitalium,MG_118,mpne,MPN257,0.545
ccrescentus,CCNA_02466,mpne,MPN257,0.366
mpne,MPN257,styphimurium,galE,0.35
mpne,MPN257,syn3a,JCVISYN3A_0813,0.334
abaylyi,ACIAD0102,mpne,MPN257,0.335
mgenitalium,MG_353,mpne,MPN529,0.917
mpne,MPN560,saureus,arcA,0.303
ccrescentus,CCNA_00548,styphimurium,STM2765,0.471
abaylyi,ACIAD2291,ccrescentus,CCNA_00801,0.478
ccrescentus,CCNA_00801,styphimurium,cydB,0.492
ccrescentus,CCNA_00801,mtuberculosis,Rv1622c,0.336
ccrescentus,CCNA_02453,mtuberculosis,Rv2234,0.392
ccrescentus,CCNA_02579,mtuberculosis,Rv2266,0.343
abaylyi,ACIAD2149,ccrescentus,CCNA_02863,0.304
ccrescentus,CCNA_02991,mtuberculosis,Rv1041c,0.393
ccrescentus,CCNA_03700,styphimurium,mscL,0.553
abaylyi,ACIAD0704,ccrescentus,CCNA_03700,0.524
ccrescentus,CCNA_03700,saureus,mscL,0.427
saureus,SA0517,syn3a,JCVISYN3A_0077,0.311
abaylyi,ACIAD1213,ccrescentus,CCNA_00292,0.468
ccrescentus,CCNA_00292,saureus,SA1220,0.402
ccrescentus,CCNA_00292,mtuberculosis,Rv0935,0.336
ccrescentus,CCNA_00454,styphimurium,STM3602,0.334
ccrescentus,CCNA_00454,mtuberculosis,Rv0792c,0.323
ccrescentus,CCNA_00518,mtuberculosis,Rv1015c,0.308
abaylyi,ACIAD1408,ccrescentus,CCNA_02036,0.528
ccrescentus,CCNA_02036,styphimurium,hupB,0.488
ccrescentus,CCNA_03869,mtuberculosis,Rv3918c,0.513
abaylyi,ACIAD3010,styphimurium,pdxA,0.566
abaylyi,ACIAD3212,styphimurium,rplP,0.744
ccrescentus,CCNA_01313,styphimurium,rplP,0.619
saureus,rplP,styphimurium,rplP,0.553
mtuberculosis,Rv0708,styphimurium,rplP,0.485
mpne,MPN172,styphimurium,rplP,0.472
mgenitalium,MG_158,styphimurium,rplP,0.456
mgenitalium,MG_217,mpne,MPN309,0.433
mgenitalium,MG_249,mpne,MPN352,0.889
mgenitalium,MG_249,styphimurium,rpoS,0.362
mgenitalium,MG_438,mpne,MPN638,0.709
ccrescentus,CCNA_03799,mtuberculosis,Rv3085,0.387
abaylyi,ACIAD1731,ccrescentus,CCNA_03799,0.364
mtuberculosis,Rv2397c,saureus,msmX,0.479
ccrescentus,CCNA_03235,saureus,msmX,0.51
abaylyi,ACIAD0654,styphimurium,yfiN,0.322
abaylyi,ACIAD2019,styphimurium,yfeJ,0.323
abaylyi,ACIAD2350,styphimurium,yfhC,0.482
abaylyi,ACIAD2350,saureus,SA0516,0.44
abaylyi,ACIAD2350,ccrescentus,CCNA_00231,0.453
abaylyi,ACIAD2350,mtuberculosis,Rv3752c,0.398
abaylyi,ACIAD2420,styphimurium,yhbW,0.538
abaylyi,ACIAD2420,ccrescentus,CCNA_02034,0.493
abaylyi,ACIAD2420,saureus,SA1451,0.4
abaylyi,ACIAD2989,mtuberculosis,Rv0860,0.525
abaylyi,ACIAD2989,ccrescentus,CCNA_00074,0.474
abaylyi,ACIAD3206,styphimurium,rpsN,0.623
abaylyi,ACIAD3206,ccrescentus,CCNA_01319,0.504
abaylyi,ACIAD3206,mtuberculosis,Rv2056c,0.495
abaylyi,ACIAD3390,ccrescentus,CCNA_03840,0.486
abaylyi,ACIAD3502,styphimurium,mrsA,0.571
abaylyi,ACIAD3502,ccrescentus,CCNA_00116,0.497
abaylyi,ACIAD3502,mtuberculosis,Rv3441c,0.435
mtuberculosis,Rv2572c,styphimurium,aspS,0.468
abaylyi,ACIAD0609,mtuberculosis,Rv2572c,0.466
mtuberculosis,Rv2572c,saureus,aspS,0.451
ccrescentus,CCNA_01969,mtuberculosis,Rv2572c,0.425
mtuberculosis,Rv2572c,syn3a,JCVISYN3A_0287,0.393
mpne,MPN046,mtuberculosis,Rv2572c,0.372
mgenitalium,MG_036,mtuberculosis,Rv2572c,0.362
abaylyi,ACIAD3567,mtuberculosis,Rv3042c,0.397
mtuberculosis,Rv3042c,styphimurium,serB,0.427
ccrescentus,CCNA_02182,mtuberculosis,Rv3042c,0.398
ccrescentus,CCNA_01290,mtuberculosis,Rv3169,0.337
abaylyi,ACIAD0209,styphimurium,smf,0.397
ccrescentus,CCNA_02529,styphimurium,smf,0.407
saureus,SA1092,styphimurium,smf,0.372
styphimurium,mgtB,syn3a,JCVISYN3A_0787,0.418
mtuberculosis,Rv1997,styphimurium,mgtB,0.31
ccrescentus,CCNA_01129,styphimurium,fliQ,0.404
ccrescentus,CCNA_01162,styphimurium,bglX,0.419
ccrescentus,CCNA_01747,saureus,fabG,0.487
abaylyi,ACIAD0871,ccrescentus,CCNA_01747,0.468
ccrescentus,CCNA_01747,mtuberculosis,Rv0242c,0.421
ccrescentus,CCNA_03875,mtuberculosis,Rv1454c,0.509
mtuberculosis,Rv1454c,styphimurium,qor,0.474
mtuberculosis,Rv1454c,saureus,SA1988,0.352
abaylyi,ACIAD0960,styphimurium,STM4519,0.482
abaylyi,ACIAD0302,styphimurium,rplK,0.709
abaylyi,ACIAD0302,saureus,rplK,0.666
abaylyi,ACIAD0302,ccrescentus,CCNA_00678,0.621
abaylyi,ACIAD0302,mtuberculosis,Rv0640,0.625
abaylyi,ACIAD0302,syn3a,JCVISYN3A_0810,0.421
abaylyi,ACIAD0302,mgenitalium,MG_081,0.425
abaylyi,ACIAD0455,styphimurium,ygdP,0.62
abaylyi,ACIAD0455,ccrescentus,CCNA_03553,0.371
saureus,cbf1,syn3a,JCVISYN3A_0437,0.359
mtuberculosis,Rv3419c,styphimurium,gcp,0.489
mtuberculosis,Rv3419c,saureus,SA1854,0.451
ccrescentus,CCNA_00069,mtuberculosis,Rv3419c,0.451
abaylyi,ACIAD1332,mtuberculosis,Rv3419c,0.442
mtuberculosis,Rv3419c,syn3a,JCVISYN3A_0079,0.384
mgenitalium,MG_046,mtuberculosis,Rv3419c,0.338
mpne,MPN059,mtuberculosis,Rv3419c,0.336
mtuberculosis,Rv0191,styphimurium,ydeA,0.313
ccrescentus,CCNA_03578,styphimurium,recQ,0.408
ccrescentus,CCNA_03578,saureus,SA1313,0.358
ccrescentus,CCNA_00971,mtuberculosis,Rv3677c,0.354
saureus,lrgB,styphimurium,yohK,0.366
abaylyi,ACIAD3007,styphimurium,yohK,0.322
saureus,SA1335,styphimurium,elaC,0.432
ccrescentus,CCNA_02465,styphimurium,udg,0.322
ccrescentus,CCNA_02591,styphimurium,ydhD,0.445
abaylyi,ACIAD1232,ccrescentus,CCNA_02591,0.489
ccrescentus,CCNA_02686,styphimurium,allC,0.36
ccrescentus,CCNA_03808,styphimurium,yrbD,0.317
mtuberculosis,Rv1018c,saureus,gcaD,0.405
abaylyi,ACIAD3575,mtuberculosis,Rv1018c,0.386
ccrescentus,CCNA_02389,mtuberculosis,Rv1018c,0.403
mtuberculosis,Rv1018c,styphimurium,glmU,0.392
abaylyi,ACIAD3238,mtuberculosis,Rv1205,0.41
mtuberculosis,Rv1205,saureus,SA0635,0.363
ccrescentus,CCNA_01372,mtuberculosis,Rv1205,0.389
abaylyi,ACIAD2758,styphimurium,prpB,0.792
abaylyi,ACIAD0245,styphimurium,amtB,0.511
ccrescentus,CCNA_01399,styphimurium,amtB,0.434
saureus,nrgA,styphimurium,amtB,0.398
abaylyi,ACIAD3544,styphimurium,parE,0.65
abaylyi,ACIAD3544,syn3a,JCVISYN3A_0006,0.402
mgenitalium,MG_160,mpne,MPN174,0.8
mpne,MPN174,mtuberculosis,Rv0710,0.518
mpne,MPN174,saureus,rpsQ,0.575
abaylyi,ACIAD3210,mpne,MPN174,0.447
ccrescentus,CCNA_01359,styphimurium,STM4420,0.529
ccrescentus,CCNA_01558,styphimurium,kduI,0.424
ccrescentus,CCNA_02307,saureus,tyrA,0.32
ccrescentus,CCNA_02307,mtuberculosis,Rv3754,0.314
ccrescentus,CCNA_02528,styphimurium,ygiH,0.418
ccrescentus,CCNA_02528,saureus,SA1187,0.367
ccrescentus,CCNA_02528,mgenitalium,MG_247,0.312
ccrescentus,CCNA_02528,mpne,MPN350,0.316
mtuberculosis,Rv1614,saureus,lgt,0.306
mtuberculosis,Rv2454c,saureus,SA1132,0.462
abaylyi,ACIAD0411,ccrescentus,CCNA_00174,0.36
mgenitalium,MG_366,mpne,MPN544,0.643
mpne,MPN669,styphimurium,tyrS,0.372
mpne,MPN669,mtuberculosis,Rv1689,0.363
mpne,MPN669,syn3a,JCVISYN3A_0613,0.323
mpne,MPN446,syn3a,JCVISYN3A_0238,0.517
styphimurium,rpsD,syn3a,JCVISYN3A_0238,0.451
mtuberculosis,Rv3458c,syn3a,JCVISYN3A_0238,0.416
saureus,trmD,syn3a,JCVISYN3A_0364,0.479
mgenitalium,MG_445,syn3a,JCVISYN3A_0364,0.467
mpne,MPN659,syn3a,JCVISYN3A_0364,0.429
abaylyi,ACIAD3311,syn3a,JCVISYN3A_0364,0.436
styphimurium,trmD,syn3a,JCVISYN3A_0364,0.397
mtuberculosis,Rv2906c,syn3a,JCVISYN3A_0364,0.337
saureus,gap,syn3a,JCVISYN3A_0607,0.568
mpne,MPN430,syn3a,JCVISYN3A_0607,0.566
mtuberculosis,Rv1436,syn3a,JCVISYN3A_0607,0.522
styphimurium,gapA,syn3a,JCVISYN3A_0607,0.474
ccrescentus,CCNA_03358,syn3a,JCVISYN3A_0607,0.446
abaylyi,ACIAD1255,syn3a,JCVISYN3A_0607,0.408
saureus,SA1891,syn3a,JCVISYN3A_0147,0.322
saureus,SA1891,styphimurium,cls,0.304
mtuberculosis,Rv2333c,styphimurium,yegB,0.335
abaylyi,ACIAD0903,styphimurium,argB,0.318
ccrescentus,CCNA_00285,styphimurium,argB,0.344
abaylyi,ACIAD0065,styphimurium,fklB,0.427
ccrescentus,CCNA_02889,styphimurium,fklB,0.5
abaylyi,ACIAD2690,styphimurium,STM0274,0.507
abaylyi,ACIAD3001,styphimurium,ymdC,0.393
abaylyi,ACIAD3217,styphimurium,rplW,0.537
abaylyi,ACIAD3217,ccrescentus,CCNA_01308,0.544
abaylyi,ACIAD3217,mtuberculosis,Rv0703,0.419
abaylyi,ACIAD3292,styphimurium,mdfA,0.415
ccrescentus,CCNA_03261,styphimurium,ygcF,0.3
saureus,SA0665,styphimurium,ygcF,0.309
abaylyi,ACIAD2991,styphimurium,yjjU,0.351
abaylyi,ACIAD0172,styphimurium,STM2446,0.377
abaylyi,ACIAD0242,styphimurium,yifB,0.489
abaylyi,ACIAD0242,ccrescentus,CCNA_00139,0.449
abaylyi,ACIAD0242,mtuberculosis,Rv2897c,0.392
abaylyi,ACIAD0426,ccrescentus,CCNA_03421,0.332
abaylyi,ACIAD0426,mtuberculosis,Rv3197,0.315
ccrescentus,CCNA_01275,saureus,folD,0.47
saureus,folD,syn3a,JCVISYN3A_0684,0.438
saureus,folD,styphimurium,folD,0.464
abaylyi,ACIAD2847,saureus,folD,0.457
mpne,MPN017,saureus,folD,0.304
ccrescentus,CCNA_01999,saureus,SA1100,0.462
saureus,SA1100,styphimurium,tsf,0.44
abaylyi,ACIAD2268,saureus,SA1100,0.449
mpne,MPN631,saureus,SA1100,0.404
mgenitalium,MG_433,saureus,SA1100,0.378
saureus,SA1255,styphimurium,crr,0.427
saureus,SA1255,syn3a,JCVISYN3A_0234,0.412
ccrescentus,CCNA_00078,mtuberculosis,Rv0244c,0.347
abaylyi,ACIAD0624,mtuberculosis,Rv0244c,0.34
abaylyi,ACIAD2588,saureus,tmk,0.371
ccrescentus,CCNA_01900,saureus,tmk,0.386
mgenitalium,MG_006,saureus,tmk,0.363
mpne,MPN006,saureus,tmk,0.372
saureus,SA0567,styphimurium,STM0770,0.321
saureus,SA0756,styphimurium,aroD,0.355
abaylyi,ACIAD1713,saureus,SA0756,0.336
mgenitalium,MG_127,saureus,SA0856,0.333
ccrescentus,CCNA_01959,mtuberculosis,Rv2537c,0.477
abaylyi,ACIAD1738,ccrescentus,CCNA_01959,0.458
abaylyi,ACIAD0010,ccrescentus,CCNA_02088,0.462
ccrescentus,CCNA_02088,styphimurium,yadR,0.444
ccrescentus,CCNA_02088,mtuberculosis,Rv2204c,0.427
ccrescentus,CCNA_02088,saureus,SA0801,0.401
ccrescentus,CCNA_03012,styphimurium,ahpC,0.732
abaylyi,ACIAD2103,ccrescentus,CCNA_03012,0.727
ccrescentus,CCNA_03012,saureus,ahpC,0.64
ccrescentus,CCNA_03012,mtuberculosis,Rv2428,0.363
ccrescentus,CCNA_03107,mpne,MPN065,0.355
ccrescentus,CCNA_03107,mgenitalium,MG_052,0.322
ccrescentus,CCNA_03107,mtuberculosis,Rv3315c,0.373
abaylyi,ACIAD3592,saureus,SA2200,0.543
abaylyi,ACIAD3592,styphimurium,yecC,0.524
abaylyi,ACIAD3592,ccrescentus,CCNA_01506,0.518
abaylyi,ACIAD3592,mtuberculosis,Rv0073,0.434
mgenitalium,MG_015,mpne,MPN019,0.764
mpne,MPN019,mtuberculosis,Rv1272c,0.35
mpne,MPN019,saureus,SA1683,0.32
mpne,MPN019,styphimurium,msbA,0.319
mgenitalium,MG_108,mpne,MPN247,0.542
mgenitalium,MG_267,mpne,MPN385,0.628
ccrescentus,CCNA_02576,saureus,purC,0.431
abaylyi,ACIAD3587,saureus,purC,0.43
saureus,purC,styphimurium,purC,0.418
ccrescentus,CCNA_02151,saureus,SA1353,0.436
abaylyi,ACIAD3010,ccrescentus,CCNA_01758,0.412
abaylyi,ACIAD3120,styphimurium,yibN,0.345
abaylyi,ACIAD3120,saureus,SA1364,0.3
mgenitalium,MG_197,mpne,MPN116,0.864
ccrescentus,CCNA_02413,mtuberculosis,Rv0972c,0.375
ccrescentus,CCNA_02539,mtuberculosis,Rv3565,0.463
ccrescentus,CCNA_02698,styphimurium,rihC,0.4
abaylyi,ACIAD2386,ccrescentus,CCNA_02698,0.37
ccrescentus,CCNA_02698,saureus,SA0234,0.365
ccrescentus,CCNA_02698,mtuberculosis,Rv3393,0.36
saureus,rocA,syn3a,JCVISYN3A_0451,0.316
saureus,rpmH,syn3a,JCVISYN3A_0910,0.659
mtuberculosis,Rv3924c,saureus,rpmH,0.604
ccrescentus,CCNA_00808,saureus,rpmH,0.613
abaylyi,ACIAD3684,saureus,rpmH,0.627
saureus,rpmH,styphimurium,rpmH,0.666
mpne,MPN682,saureus,rpmH,0.581
ccrescentus,CCNA_00412,styphimurium,yeaB,0.44
abaylyi,ACIAD0674,ccrescentus,CCNA_00412,0.383
ccrescentus,CCNA_00412,mtuberculosis,Rv3672c,0.362
ccrescentus,CCNA_00857,styphimurium,STM4418,0.336
ccrescentus,CCNA_01114,styphimurium,ynhA,0.429
ccrescentus,CCNA_03757,mtuberculosis,Rv0889c,0.404
ccrescentus,CCNA_03757,saureus,citZ,0.345
saureus,drm,styphimurium,deoB,0.432
mtuberculosis,Rv0001,styphimurium,dnaA,0.482
abaylyi,ACIAD0001,mtuberculosis,Rv0001,0.447
ccrescentus,CCNA_00008,mtuberculosis,Rv0001,0.369
mtuberculosis,Rv0001,syn3a,JCVISYN3A_0001,0.357
mtuberculosis,Rv3372,styphimurium,otsB,0.313
ccrescentus,CCNA_03037,mtuberculosis,Rv3659c,0.385
mtuberculosis,Rv3659c,styphimurium,yggR,0.327
mgenitalium,MG_393,mpne,MPN574,0.801
mtuberculosis,Rv2604c,saureus,SA0478,0.417
mtuberculosis,Rv1380,saureus,pyrB,0.387
ccrescentus,CCNA_02525,saureus,pyrB,0.401
mgenitalium,MG_214,saureus,SA1325,0.315
mpne,MPN301,saureus,SA1325,0.327
abaylyi,ACIAD0363,styphimurium,tpiA,0.383
abaylyi,ACIAD0363,saureus,tpi,0.39
abaylyi,ACIAD0363,ccrescentus,CCNA_01970,0.403
abaylyi,ACIAD0363,mpne,MPN629,0.392
abaylyi,ACIAD0363,mtuberculosis,Rv1438,0.389
abaylyi,ACIAD0363,syn3a,JCVISYN3A_0727,0.365
abaylyi,ACIAD0363,mgenitalium,MG_431,0.349
abaylyi,ACIAD0547,styphimurium,proA,0.456
abaylyi,ACIAD0688,ccrescentus,CCNA_01016,0.313
abaylyi,ACIAD3050,styphimurium,yqaA,0.392
ccrescentus,CCNA_01605,mtuberculosis,Rv3054c,0.448
ccrescentus,CCNA_01605,styphimurium,yieF,0.307
ccrescentus,CCNA_01672,mtuberculosis,Rv2409c,0.364
abaylyi,ACIAD2436,ccrescentus,CCNA_01672,0.321
ccrescentus,CCNA_01712,saureus,mecI,0.308
saureus,rnc,syn3a,JCVISYN3A_0418,0.367
mtuberculosis,Rv2925c,saureus,rnc,0.372
saureus,rnc,styphimurium,rnc,0.333
mpne,MPN545,saureus,rnc,0.327
mgenitalium,MG_367,saureus,rnc,0.329
abaylyi,ACIAD3125,saureus,SA1054,0.41
abaylyi,ACIAD3125,ccrescentus,CCNA_03827,0.446
abaylyi,ACIAD3125,mtuberculosis,Rv1391,0.402
abaylyi,ACIAD3341,mtuberculosis,Rv2531c,0.46
abaylyi,ACIAD1575,ccrescentus,CCNA_00061,0.365
ccrescentus,CCNA_00061,mtuberculosis,Rv0778,0.335
ccrescentus,CCNA_00382,styphimurium,yhdJ,0.357
ccrescentus,CCNA_00544,styphimurium,yqeF,0.539
ccrescentus,CCNA_00544,saureus,SA0342,0.501
ccrescentus,CCNA_00544,mtuberculosis,Rv1323,0.466
ccrescentus,CCNA_03090,saureus,accA,0.467
abaylyi,ACIAD3035,saureus,accA,0.511
abaylyi,ACIAD2087,styphimurium,yfbQ,0.667
abaylyi,ACIAD2087,mtuberculosis,Rv0337c,0.597
abaylyi,ACIAD2409,mtuberculosis,Rv0647c,0.323
mtuberculosis,Rv2204c,saureus,SA0801,0.432
saureus,SA0801,styphimurium,yadR,0.376
abaylyi,ACIAD0010,saureus,SA0801,0.375
saureus,pheS,syn3a,JCVISYN3A_0529,0.486
saureus,pheS,styphimurium,pheS,0.5
abaylyi,ACIAD3042,saureus,pheS,0.476
ccrescentus,CCNA_01096,saureus,pheS,0.437
mgenitalium,MG_194,saureus,pheS,0.408
saureus,glpK,styphimurium,glpK,0.607
saureus,glpK,syn3a,JCVISYN3A_0218,0.524
mtuberculosis,Rv3696c,saureus,glpK,0.513
mpne,MPN050,saureus,glpK,0.48
mgenitalium,MG_038,saureus,glpK,0.469
ccrescentus,CCNA_01281,saureus,glpK,0.497
mtuberculosis,Rv2165c,styphimurium,yabC,0.432
ccrescentus,CCNA_02645,mtuberculosis,Rv2165c,0.454
mtuberculosis,Rv2165c,syn3a,JCVISYN3A_0524,0.375
abaylyi,ACIAD3368,mtuberculosis,Rv2165c,0.391
mpne,MPN315,mtuberculosis,Rv2165c,0.313
mtuberculosis,Rv2166c,saureus,SA1021,0.345
mtuberculosis,Rv2166c,styphimurium,yabB,0.335
mpne,MPN314,mtuberculosis,Rv2166c,0.3
mgenitalium,MG_221,mtuberculosis,Rv2166c,0.3
ccrescentus,CCNA_00316,mtuberculosis,Rv2439c,0.422
ccrescentus,CCNA_01506,mtuberculosis,Rv2564,0.469
ccrescentus,CCNA_03414,styphimurium,pntA,0.45
abaylyi,ACIAD3080,styphimurium,pntA,0.426
saureus,ald,styphimurium,pntA,0.319
ccrescentus,CCNA_00545,mtuberculosis,Rv1350,0.41
mtuberculosis,Rv1350,styphimurium,ucpA,0.401
ccrescentus,CCNA_02526,mtuberculosis,Rv1381,0.334
abaylyi,ACIAD0664,mtuberculosis,Rv1600,0.306
mtuberculosis,Rv1600,styphimurium,hisC,0.323
ccrescentus,CCNA_02306,mtuberculosis,Rv1600,0.317
abaylyi,ACIAD2231,mtuberculosis,Rv1695,0.353
mgenitalium,MG_308,mpne,MPN443,0.586
mgenitalium,MG_308,syn3a,JCVISYN3A_0410,0.305
mgenitalium,MG_434,saureus,smbA,0.347
mgenitalium,MG_434,styphimurium,pyrH,0.36
abaylyi,ACIAD1372,mgenitalium,MG_434,0.33
ccrescentus,CCNA_01998,mgenitalium,MG_434,0.318
mgenitalium,MG_434,syn3a,JCVISYN3A_0537,0.34
mgenitalium,MG_434,mtuberculosis,Rv2883c,0.301
abaylyi,ACIAD1372,styphimurium,pyrH,0.607
ccrescentus,CCNA_01998,styphimurium,pyrH,0.51
saureus,smbA,styphimurium,pyrH,0.444
mtuberculosis,Rv2883c,styphimurium,pyrH,0.461
styphimurium,pyrH,syn3a,JCVISYN3A_0537,0.416
ccrescentus,CCNA_00929,styphimurium,ribD,0.346
abaylyi,ACIAD0247,ccrescentus,CCNA_00929,0.33
ccrescentus,CCNA_01446,styphimurium,yfdZ,0.51
ccrescentus,CCNA_01446,saureus,SA2347,0.327
ccrescentus,CCNA_01644,styphimurium,motB,0.353
ccrescentus,CCNA_01773,styphimurium,yghB,0.341
mtuberculosis,Rv1447c,styphimurium,zwf,0.42
mtuberculosis,Rv1447c,saureus,SA1336,0.372
ccrescentus,CCNA_02136,mtuberculosis,Rv1447c,0.393
abaylyi,ACIAD2309,styphimurium,ycgL,0.372
abaylyi,ACIAD2449,ccrescentus,CCNA_02747,0.358
abaylyi,ACIAD2603,saureus,SA1680,0.408
abaylyi,ACIAD2603,mtuberculosis,Rv2521,0.352
abaylyi,ACIAD3606,styphimurium,mutY,0.419
abaylyi,ACIAD3606,saureus,SA1685,0.402
abaylyi,ACIAD3606,ccrescentus,CCNA_00381,0.398
abaylyi,ACIAD3606,mtuberculosis,Rv3589,0.357
mgenitalium,MG_210,mpne,MPN293,0.696
mgenitalium,MG_235,mpne,MPN328,0.66
mpne,MPN328,saureus,SA1386,0.411
mpne,MPN328,styphimurium,nfo,0.3
ccrescentus,CCNA_02134,styphimurium,edd,0.599
abaylyi,ACIAD2078,mtuberculosis,Rv0389,0.412
mtuberculosis,Rv0389,styphimurium,purT,0.416
abaylyi,ACIAD1731,mtuberculosis,Rv0851c,0.363
ccrescentus,CCNA_03853,mtuberculosis,Rv1605,0.613
abaylyi,ACIAD3404,mtuberculosis,Rv1605,0.546
mtuberculosis,Rv1605,saureus,hisF,0.443
mtuberculosis,Rv1605,styphimurium,hisF,0.45
mtuberculosis,Rv1700,saureus,SA1330,0.365
ccrescentus,CCNA_02735,mtuberculosis,Rv1700,0.343
abaylyi,ACIAD2977,saureus,kdpB,0.547
ccrescentus,CCNA_00360,mtuberculosis,Rv0045c,0.305
ccrescentus,CCNA_00799,styphimurium,cydD,0.36
mtuberculosis,Rv1621c,styphimurium,cydD,0.339
abaylyi,ACIAD0442,styphimurium,rluC,0.488
mpne,MPN292,styphimurium,rluC,0.357
ccrescentus,CCNA_00902,styphimurium,rbsB,0.341
abaylyi,ACIAD3041,ccrescentus,CCNA_01095,0.314
ccrescentus,CCNA_01095,saureus,pheT,0.314
ccrescentus,CCNA_01095,mtuberculosis,Rv1650,0.307
abaylyi,ACIAD0487,ccrescentus,CCNA_02714,0.39
ccrescentus,CCNA_02714,styphimurium,uup,0.378
ccrescentus,CCNA_02714,mtuberculosis,Rv1668c,0.34
ccrescentus,CCNA_02966,saureus,dps,0.345
ccrescentus,CCNA_02966,styphimurium,dps,0.311
ccrescentus,CCNA_03061,mtuberculosis,Rv1882c,0.38
abaylyi,ACIAD3067,ccrescentus,CCNA_03061,0.358
ccrescentus,CCNA_00310,mtuberculosis,Rv3137,0.366
mtuberculosis,Rv3137,styphimurium,cysQ,0.312
ccrescentus,CCNA_01978,mtuberculosis,Rv1498c,0.431
abaylyi,ACIAD3080,ccrescentus,CCNA_03414,0.514
abaylyi,ACIAD1724,ccrescentus,CCNA_03446,0.383
styphimurium,pgsA,syn3a,JCVISYN3A_0875,0.308
ccrescentus,CCNA_03002,styphimurium,pgsA,0.37
abaylyi,ACIAD1596,styphimurium,STM2406,0.55
mtuberculosis,Rv3048c,styphimurium,nrdF,0.719
styphimurium,nrdF,syn3a,JCVISYN3A_0773,0.515
mpne,MPN322,styphimurium,nrdF,0.503
mgenitalium,MG_229,styphimurium,nrdF,0.5
saureus,nrdF,styphimurium,nrdF,0.386
mgenitalium,MG_188,mpne,MPN135,0.75
mgenitalium,MG_360,mpne,MPN537,0.621
mpne,MPN537,saureus,SA1711,0.304
mpne,MPN537,styphimurium,dinP,0.313
mgenitalium,MG_066,mpne,MPN082,0.717
mgenitalium,MG_066,syn3a,JCVISYN3A_0316,0.403
mgenitalium,MG_066,saureus,tkt,0.382
mgenitalium,MG_066,styphimurium,tktA,0.335
abaylyi,ACIAD2035,mgenitalium,MG_066,0.318
ccrescentus,CCNA_03735,mgenitalium,MG_066,0.334
mgenitalium,MG_066,mtuberculosis,Rv1449c,0.307
mgenitalium,MG_317,mpne,MPN452,0.337
abaylyi,ACIAD1922,styphimurium,lpxH,0.39
abaylyi,ACIAD3432,ccrescentus,CCNA_00656,0.395
mgenitalium,MG_007,mpne,MPN007,0.519
mgenitalium,MG_214,mpne,MPN301,0.73
abaylyi,ACIAD0862,mpne,MPN301,0.309
abaylyi,ACIAD0126,ccrescentus,CCNA_01555,0.314
ccrescentus,CCNA_01555,styphimurium,STM0650,0.342
abaylyi,ACIAD2854,ccrescentus,CCNA_01687,0.425
ccrescentus,CCNA_01687,styphimurium,ftsJ,0.415
ccrescentus,CCNA_02077,styphimurium,surE,0.429
ccrescentus,CCNA_00252,mtuberculosis,Rv0050,0.332
mtuberculosis,Rv3051c,saureus,nrdE,0.429
saureus,nrdE,styphimurium,nrdE,0.426
mpne,MPN324,saureus,nrdE,0.429
mgenitalium,MG_231,saureus,nrdE,0.417
saureus,nrdE,syn3a,JCVISYN3A_0771,0.41
saureus,oppB,styphimurium,oppB,0.445
abaylyi,ACIAD0209,saureus,SA1092,0.36
ccrescentus,CCNA_02529,saureus,SA1092,0.353
mtuberculosis,Rv0364,styphimurium,dedA,0.398
abaylyi,ACIAD0148,mtuberculosis,Rv0364,0.446
mtuberculosis,Rv0488,styphimurium,yggA,0.408
ccrescentus,CCNA_00353,mtuberculosis,Rv0517,0.33
mtuberculosis,Rv0702,saureus,rplD,0.434
mtuberculosis,Rv0702,syn3a,JCVISYN3A_0670,0.39
abaylyi,ACIAD3218,mtuberculosis,Rv0702,0.403
mtuberculosis,Rv0702,styphimurium,rplD,0.383
mgenitalium,MG_152,mtuberculosis,Rv0702,0.404
ccrescentus,CCNA_01307,mtuberculosis,Rv0702,0.387
mpne,MPN166,mtuberculosis,Rv0702,0.386
abaylyi,ACIAD0636,ccrescentus,CCNA_03658,0.643
abaylyi,ACIAD0636,mtuberculosis,Rv1612,0.619
abaylyi,ACIAD0636,saureus,trpB,0.572
abaylyi,ACIAD0918,ccrescentus,CCNA_00990,0.417
abaylyi,ACIAD1020,ccrescentus,CCNA_01805,0.48
abaylyi,ACIAD3214,styphimurium,rplV,0.747
abaylyi,ACIAD3214,saureus,rplV,0.504
abaylyi,ACIAD3214,ccrescentus,CCNA_01311,0.481
abaylyi,ACIAD3214,mpne,MPN170,0.51
abaylyi,ACIAD3214,mgenitalium,MG_156,0.447
abaylyi,ACIAD3247,styphimurium,dxs,0.514
abaylyi,ACIAD3247,ccrescentus,CCNA_02149,0.454
abaylyi,ACIAD3545,styphimurium,yqiA,0.357
mgenitalium,MG_037,mpne,MPN047,0.666
abaylyi,ACIAD0963,mpne,MPN047,0.348
ccrescentus,CCNA_00143,styphimurium,yraL,0.437
abaylyi,ACIAD1130,ccrescentus,CCNA_00143,0.409
ccrescentus,CCNA_00143,mtuberculosis,Rv1003,0.424
ccrescentus,CCNA_00143,saureus,SA0447,0.452
ccrescentus,CCNA_00143,mpne,MPN071,0.333
ccrescentus,CCNA_02017,mtuberculosis,Rv3156,0.408
ccrescentus,CCNA_02017,styphimurium,nuoL,0.387
abaylyi,ACIAD0741,ccrescentus,CCNA_02017,0.364
abaylyi,ACIAD0093,ccrescentus,CCNA_02467,0.415
abaylyi,ACIAD0209,ccrescentus,CCNA_02529,0.397
abaylyi,ACIAD3536,ccrescentus,CCNA_02688,0.572
abaylyi,ACIAD1266,ccrescentus,CCNA_03139,0.76
abaylyi,ACIAD1266,styphimurium,ilvD,0.729
abaylyi,ACIAD3249,styphimurium,ribA,0.543
abaylyi,ACIAD3363,styphimurium,mraY,0.551
abaylyi,ACIAD3363,saureus,mraY,0.392
abaylyi,ACIAD3363,mtuberculosis,Rv2156c,0.353
abaylyi,ACIAD3441,ccrescentus,CCNA_00204,0.425
ccrescentus,CCNA_00693,styphimurium,yrfH,0.388
ccrescentus,CCNA_00753,styphimurium,yjeK,0.385
abaylyi,ACIAD2207,ccrescentus,CCNA_00753,0.362
ccrescentus,CCNA_01297,mtuberculosis,Rv3579c,0.41
ccrescentus,CCNA_01297,styphimurium,yjfH,0.357
ccrescentus,CCNA_01297,saureus,SA0490,0.372
abaylyi,ACIAD2626,ccrescentus,CCNA_01297,0.331
ccrescentus,CCNA_01297,mgenitalium,MG_252,0.345
ccrescentus,CCNA_01297,mpne,MPN355,0.33
abaylyi,ACIAD3053,ccrescentus,CCNA_02341,0.427
mtuberculosis,Rv2988c,styphimurium,leuC,0.616
ccrescentus,CCNA_00196,mtuberculosis,Rv2988c,0.595
mtuberculosis,Rv2988c,saureus,leuC,0.528
saureus,SA1601,styphimurium,crcB,0.426
ccrescentus,CCNA_02060,styphimurium,crcB,0.36
mtuberculosis,Rv3069,styphimurium,crcB,0.378
abaylyi,ACIAD2880,styphimurium,sdhA,0.512
ccrescentus,CCNA_03642,styphimurium,sdhA,0.549
abaylyi,ACIAD1933,styphimurium,ycfD,0.301
ccrescentus,CCNA_01298,styphimurium,tufA,0.779
abaylyi,ACIAD0299,ccrescentus,CCNA_01298,0.771
ccrescentus,CCNA_01298,saureus,tufA,0.762
ccrescentus,CCNA_01298,mtuberculosis,Rv0685,0.714
ccrescentus,CCNA_01298,syn3a,JCVISYN3A_0151,0.688
ccrescentus,CCNA_01298,mpne,MPN665,0.686
ccrescentus,CCNA_01659,styphimurium,tgt,0.544
abaylyi,ACIAD0590,ccrescentus,CCNA_01659,0.534
ccrescentus,CCNA_01659,saureus,tgt,0.522
ccrescentus,CCNA_03876,styphimurium,rho,0.668
abaylyi,ACIAD3038,ccrescentus,CCNA_03876,0.649
ccrescentus,CCNA_03876,mtuberculosis,Rv1297,0.541
ccrescentus,CCNA_00403,mtuberculosis,Rv0068,0.469
ccrescentus,CCNA_00881,mtuberculosis,Rv1458c,0.435
saureus,SA2242,styphimurium,ybbM,0.485
mtuberculosis,Rv1030,styphimurium,kdpB,0.641
saureus,kdpB(SCCmec),styphimurium,kdpB,0.563
abaylyi,ACIAD2977,styphimurium,kdpB,0.567
mgenitalium,MG_141,syn3a,JCVISYN3A_0300,0.335
mgenitalium,MG_141,saureus,nusA,0.303
mgenitalium,MG_357,mpne,MPN533,0.755
mgenitalium,MG_357,syn3a,JCVISYN3A_0230,0.469
mgenitalium,MG_357,styphimurium,pduW,0.397
mgenitalium,MG_357,saureus,ackA,0.383
mgenitalium,MG_357,mtuberculosis,Rv0409,0.359
abaylyi,ACIAD0541,mgenitalium,MG_357,0.357
ccrescentus,CCNA_01630,mtuberculosis,Rv2925c,0.409
abaylyi,ACIAD0042,ccrescentus,CCNA_01728,0.385
ccrescentus,CCNA_01728,styphimurium,yciK,0.373
ccrescentus,CCNA_01792,syn3a,JCVISYN3A_0526,0.481
ccrescentus,CCNA_01792,saureus,rpmF,0.407
ccrescentus,CCNA_03234,mtuberculosis,Rv2859c,0.351
abaylyi,ACIAD0429,styphimurium,ydhE,0.38
abaylyi,ACIAD0644,styphimurium,folC,0.426
saureus,leuD,styphimurium,leuD,0.457
abaylyi,ACIAD0466,saureus,leuD,0.465
ccrescentus,CCNA_00195,saureus,leuD,0.435
mtuberculosis,Rv2987c,saureus,leuD,0.389
saureus,gidA,styphimurium,gidA,0.517
saureus,gidA,syn3a,JCVISYN3A_0885,0.501
abaylyi,ACIAD2440,saureus,gidA,0.491
ccrescentus,CCNA_03871,saureus,gidA,0.473
mgenitalium,MG_379,saureus,gidA,0.447
mpne,MPN557,saureus,gidA,0.419
abaylyi,ACIAD1318,styphimurium,sixA,0.315
abaylyi,ACIAD1253,styphimurium,alaS,0.603
ccrescentus,CCNA_02612,styphimurium,alaS,0.514
saureus,alaS,styphimurium,alaS,0.447
mtuberculosis,Rv2555c,styphimurium,alaS,0.405
styphimurium,alaS,syn3a,JCVISYN3A_0163,0.364
mpne,MPN418,styphimurium,alaS,0.348
abaylyi,ACIAD0275,styphimurium,yqiE,0.349
abaylyi,ACIAD1485,styphimurium,yhbN,0.333
ccrescentus,CCNA_01273,styphimurium,yaiI,0.391
ccrescentus,CCNA_01273,saureus,SA0636,0.301
abaylyi,ACIAD2594,ccrescentus,CCNA_01668,0.619
ccrescentus,CCNA_02853,styphimurium,phoQ,0.32
mgenitalium,MG_269,mpne,MPN387,0.486
mgenitalium,MG_505,mpne,MPN419,0.616
mgenitalium,MG_346,mpne,MPN521,0.795
mpne,MPN521,saureus,SA1672,0.442
mpne,MPN521,styphimurium,yibK,0.396
mpne,MPN521,syn3a,JCVISYN3A_0548,0.349
abaylyi,ACIAD2933,mpne,MPN521,0.385
ccrescentus,CCNA_00504,mpne,MPN521,0.312
mgenitalium,MG_441,mpne,MPN648,0.348
saureus,gtaB,syn3a,JCVISYN3A_0115,0.469
mgenitalium,MG_453,syn3a,JCVISYN3A_0115,0.409
abaylyi,ACIAD0099,syn3a,JCVISYN3A_0115,0.363
mtuberculosis,Rv0993,syn3a,JCVISYN3A_0115,0.37
styphimurium,galU,syn3a,JCVISYN3A_0115,0.371
abaylyi,ACIAD2595,ccrescentus,CCNA_01669,0.677
ccrescentus,CCNA_01669,styphimurium,cysW,0.525
ccrescentus,CCNA_01669,mtuberculosis,Rv2398c,0.443
abaylyi,ACIAD3625,ccrescentus,CCNA_01865,0.329
ccrescentus,CCNA_01962,styphimurium,aat,0.394
abaylyi,ACIAD0889,ccrescentus,CCNA_01962,0.345
ccrescentus,CCNA_03047,styphimurium,pabC,0.312
ccrescentus,CCNA_03239,styphimurium,potF,0.342
ccrescentus,CCNA_03239,saureus,potD,0.335
ccrescentus,CCNA_03399,styphimurium,ubiX,0.58
mtuberculosis,Rv0409,saureus,ackA,0.411
mtuberculosis,Rv0409,styphimurium,pduW,0.42
abaylyi,ACIAD0541,mtuberculosis,Rv0409,0.421
mtuberculosis,Rv0409,syn3a,JCVISYN3A_0230,0.362
mpne,MPN533,mtuberculosis,Rv0409,0.358
ccrescentus,CCNA_02572,mtuberculosis,Rv0777,0.302
abaylyi,ACIAD2259,mtuberculosis,Rv2936,0.354
mtuberculosis,Rv2936,styphimurium,yhbG,0.349
mtuberculosis,Rv3156,styphimurium,nuoL,0.384
abaylyi,ACIAD0741,mtuberculosis,Rv3156,0.382
mgenitalium,MG_394,mpne,MPN576,0.778
mgenitalium,MG_394,saureus,glyA,0.541
abaylyi,ACIAD2255,mgenitalium,MG_394,0.545
mgenitalium,MG_394,styphimurium,glyA,0.548
mgenitalium,MG_394,syn3a,JCVISYN3A_0799,0.516
ccrescentus,CCNA_00009,styphimurium,alkB,0.41
styphimurium,rpsH,syn3a,JCVISYN3A_0657,0.515
saureus,rpsH,styphimurium,rpsH,0.511
mtuberculosis,Rv0718,styphimurium,rpsH,0.473
ccrescentus,CCNA_01320,styphimurium,rpsH,0.442
mpne,GT9_orf142,styphimurium,rpsH,0.457
mgenitalium,MG_165,styphimurium,rpsH,0.441
ccrescentus,CCNA_00824,styphimurium,yieP,0.333
abaylyi,ACIAD3598,ccrescentus,CCNA_01575,0.417
ccrescentus,CCNA_01934,styphimurium,yfhF,0.433
abaylyi,ACIAD1402,ccrescentus,CCNA_01934,0.392
ccrescentus,CCNA_01998,saureus,smbA,0.531
ccrescentus,CCNA_01998,mtuberculosis,Rv2883c,0.497
abaylyi,ACIAD1372,ccrescentus,CCNA_01998,0.487
ccrescentus,CCNA_01998,syn3a,JCVISYN3A_0537,0.405
ccrescentus,CCNA_02128,mtuberculosis,Rv3543c,0.394
abaylyi,ACIAD2213,ccrescentus,CCNA_01375,0.365
ccrescentus,CCNA_01375,styphimurium,gloA,0.38
ccrescentus,CCNA_02450,styphimurium,yjfL,0.39
ccrescentus,CCNA_01837,mtuberculosis,Rv3191c,0.348
ccrescentus,CCNA_02000,mtuberculosis,Rv2890c,0.578
ccrescentus,CCNA_02000,styphimurium,rpsB,0.563
abaylyi,ACIAD2269,ccrescentus,CCNA_02000,0.528
ccrescentus,CCNA_02000,saureus,rpsB,0.531
ccrescentus,CCNA_02000,syn3a,JCVISYN3A_0540,0.435
ccrescentus,CCNA_02000,mpne,MPN208,0.383
ccrescentus,CCNA_02000,mgenitalium,MG_070,0.361
abaylyi,ACIAD1738,mtuberculosis,Rv2537c,0.472
abaylyi,ACIAD2012,styphimurium,STM3175,0.512
abaylyi,ACIAD2306,ccrescentus,CCNA_02155,0.527
abaylyi,ACIAD2446,styphimurium,fis,0.591
ccrescentus,CCNA_01250,styphimurium,btuC,0.398
ccrescentus,CCNA_01250,saureus,fhuB,0.328
abaylyi,ACIAD0970,ccrescentus,CCNA_01250,0.319
abaylyi,ACIAD3212,ccrescentus,CCNA_01313,0.567
ccrescentus,CCNA_01313,saureus,rplP,0.557
ccrescentus,CCNA_01313,mtuberculosis,Rv0708,0.529
ccrescentus,CCNA_01313,mpne,MPN172,0.432
ccrescentus,CCNA_01313,mgenitalium,MG_158,0.425
abaylyi,ACIAD0989,ccrescentus,CCNA_01345,0.346
abaylyi,ACIAD3210,ccrescentus,CCNA_01315,0.492
ccrescentus,CCNA_01315,styphimurium,rpsQ,0.436
ccrescentus,CCNA_01412,mtuberculosis,Rv0752c,0.606
abaylyi,ACIAD1607,ccrescentus,CCNA_01412,0.41
ccrescentus,CCNA_00931,mtuberculosis,Rv1415,0.504
ccrescentus,CCNA_00931,saureus,ribA,0.455
abaylyi,ACIAD3570,ccrescentus,CCNA_00931,0.446
ccrescentus,CCNA_01317,saureus,rplX,0.606
ccrescentus,CCNA_01317,mtuberculosis,Rv0715,0.528
ccrescentus,CCNA_01317,styphimurium,rplX,0.528
abaylyi,ACIAD3208,ccrescentus,CCNA_01317,0.514
ccrescentus,CCNA_01317,syn3a,JCVISYN3A_0660,0.447
ccrescentus,CCNA_01317,mgenitalium,MG_162,0.396
ccrescentus,CCNA_01317,mpne,MPN176,0.357
ccrescentus,CCNA_01775,styphimurium,purM,0.565
abaylyi,ACIAD2634,ccrescentus,CCNA_01775,0.525
ccrescentus,CCNA_01775,saureus,purM,0.471
ccrescentus,CCNA_01775,mtuberculosis,Rv0809,0.48
ccrescentus,CCNA_01941,mtuberculosis,Rv3025c,0.348
ccrescentus,CCNA_01941,saureus,SA1450,0.355
ccrescentus,CCNA_01941,styphimurium,nifS,0.352
abaylyi,ACIAD1404,ccrescentus,CCNA_01941,0.359
mpne,A65_orf144,styphimurium,STM3167,0.383
mgenitalium,MG_132,styphimurium,STM3167,0.325
ccrescentus,CCNA_02555,styphimurium,STM3167,0.32
abaylyi,ACIAD2862,styphimurium,greA,0.689
ccrescentus,CCNA_02941,styphimurium,greA,0.588
saureus,greA,styphimurium,greA,0.457
styphimurium,greA,syn3a,JCVISYN3A_0253,0.438
mpne,MPN401,styphimurium,greA,0.38
mgenitalium,MG_282,styphimurium,greA,0.398
mtuberculosis,Rv1080c,styphimurium,greA,0.375
mtuberculosis,Rv3665c,styphimurium,dppB,0.368
mpne,MPN495,styphimurium,sgaB,0.322
mgenitalium,MG_124,saureus,trxA,0.395
ccrescentus,CCNA_03653,mgenitalium,MG_124,0.355
mgenitalium,MG_124,mtuberculosis,Rv3914,0.36
mgenitalium,MG_124,styphimurium,trxC,0.38
mgenitalium,MG_124,syn3a,JCVISYN3A_0065,0.37
abaylyi,ACIAD3037,mgenitalium,MG_124,0.341
mgenitalium,MG_218,mpne,MPN310,0.569
saureus,rplV,styphimurium,rplV,0.541
mpne,MPN170,styphimurium,rplV,0.504
ccrescentus,CCNA_01311,styphimurium,rplV,0.462
mgenitalium,MG_156,styphimurium,rplV,0.449
ccrescentus,CCNA_01974,styphimurium,pabA,0.545
mtuberculosis,Rv0013,styphimurium,pabA,0.497
saureus,SA0668,styphimurium,pabA,0.436
abaylyi,ACIAD1520,styphimurium,tatC,0.482
ccrescentus,CCNA_02080,styphimurium,tatC,0.353
mtuberculosis,Rv2093c,styphimurium,tatC,0.311
saureus,SA0334,styphimurium,tatC,0.309
abaylyi,ACIAD0228,styphimurium,yegB,0.5
abaylyi,ACIAD0375,saureus,mnhC,0.479
abaylyi,ACIAD0412,ccrescentus,CCNA_00175,0.486
abaylyi,ACIAD0450,mtuberculosis,Rv0906,0.361
abaylyi,ACIAD2561,styphimurium,yhbZ,0.553
ccrescentus,CCNA_00317,styphimurium,yhbZ,0.527
saureus,obg,styphimurium,yhbZ,0.447
styphimurium,yhbZ,syn3a,JCVISYN3A_0377,0.472
mtuberculosis,Rv2440c,styphimurium,yhbZ,0.431
mpne,MPN563,styphimurium,yhbZ,0.464
mgenitalium,MG_384,styphimurium,yhbZ,0.447
abaylyi,ACIAD3215,styphimurium,rpsS,0.703
mtuberculosis,Rv0705,styphimurium,rpsS,0.652
saureus,rpsS,styphimurium,rpsS,0.67
ccrescentus,CCNA_01310,styphimurium,rpsS,0.641
mgenitalium,MG_155,styphimurium,rpsS,0.574
styphimurium,rpsS,syn3a,JCVISYN3A_0667,0.571
mtuberculosis,Rv3641c,styphimurium,fic,0.326
abaylyi,ACIAD1311,styphimurium,rpoH,0.582
ccrescentus,CCNA_03195,styphimurium,rpoH,0.415
abaylyi,ACIAD0337,styphimurium,lpxO,0.577
abaylyi,ACIAD2907,saureus,prs,0.485
ccrescentus,CCNA_00520,saureus,prs,0.504
saureus,prs,syn3a,JCVISYN3A_0831,0.462
mtuberculosis,Rv1017c,saureus,prs,0.457
mgenitalium,MG_058,saureus,prs,0.421
mpne,MPN073,saureus,prs,0.419
saureus,SA0585,styphimurium,yjcE,0.351
mtuberculosis,Rv1461,saureus,SA0778,0.342
ccrescentus,CCNA_01940,saureus,SA0778,0.434
saureus,SA0778,styphimurium,sufB,0.425
abaylyi,ACIAD3460,mtuberculosis,Rv0917,0.433
mtuberculosis,Rv0917,saureus,SA1987,0.401
ccrescentus,CCNA_00808,styphimurium,rpmH,0.79
ccrescentus,CCNA_00808,syn3a,JCVISYN3A_0910,0.727
abaylyi,ACIAD3684,ccrescentus,CCNA_00808,0.744
ccrescentus,CCNA_00808,mgenitalium,MG_466,0.627
ccrescentus,CCNA_00808,mpne,MPN682,0.627
ccrescentus,CCNA_00808,mtuberculosis,Rv3924c,0.558
ccrescentus,CCNA_00968,mtuberculosis,Rv2004c,0.311
saureus,sdhA,styphimurium,frdA,0.322
ccrescentus,CCNA_03642,saureus,sdhA,0.313
abaylyi,ACIAD2880,saureus,sdhA,0.303
abaylyi,ACIAD1317,saureus,gpsA,0.437
saureus,gpsA,styphimurium,gpsA,0.377
ccrescentus,CCNA_00068,saureus,gpsA,0.357
abaylyi,ACIAD2520,saureus,SA1433,0.469
saureus,ackA,styphimurium,pduW,0.532
saureus,ackA,syn3a,JCVISYN3A_0230,0.433
abaylyi,ACIAD0541,saureus,ackA,0.416
mpne,MPN533,saureus,ackA,0.401
saureus,thrS,syn3a,JCVISYN3A_0222,0.44
mgenitalium,MG_375,syn3a,JCVISYN3A_0222,0.403
mpne,MPN553,syn3a,JCVISYN3A_0222,0.403
abaylyi,ACIAD3055,syn3a,JCVISYN3A_0222,0.313
styphimurium,thrS,syn3a,JCVISYN3A_0222,0.309
mtuberculosis,Rv2614c,syn3a,JCVISYN3A_0222,0.37
mgenitalium,MG_464,syn3a,JCVISYN3A_0908,0.313
saureus,SA1399,syn3a,JCVISYN3A_0402,0.421
styphimurium,ybeY,syn3a,JCVISYN3A_0402,0.306
ccrescentus,CCNA_00052,syn3a,JCVISYN3A_0402,0.306
saureus,rnpA,syn3a,JCVISYN3A_0909,0.426
mtuberculosis,Rv1514c,styphimurium,wcaE,0.309
abaylyi,ACIAD1208,mtuberculosis,Rv3229c,0.445
abaylyi,ACIAD3106,styphimurium,leuS,0.563
abaylyi,ACIAD3106,ccrescentus,CCNA_03865,0.47
abaylyi,ACIAD3106,saureus,leuS,0.407
abaylyi,ACIAD3106,mpne,MPN384,0.337
abaylyi,ACIAD3106,mgenitalium,MG_266,0.335
abaylyi,ACIAD3615,styphimurium,yafC,0.445
mgenitalium,MG_056,mpne,MPN071,0.623
mpne,MPN071,saureus,SA0447,0.323
mpne,MPN071,syn3a,JCVISYN3A_0504,0.314
mpne,MPN071,mtuberculosis,Rv1003,0.301
abaylyi,ACIAD1130,mpne,MPN071,0.301
mtuberculosis,Rv1298,styphimurium,rpmE,0.538
abaylyi,ACIAD2210,mtuberculosis,Rv1298,0.492
ccrescentus,CCNA_03384,mtuberculosis,Rv1298,0.397
mtuberculosis,Rv1298,syn3a,JCVISYN3A_0137,0.367
mtuberculosis,Rv1298,saureus,rpmE,0.341
mpne,MPN360,mtuberculosis,Rv1298,0.303
mtuberculosis,Rv1392,saureus,metK,0.571
mtuberculosis,Rv1392,styphimurium,metK,0.603
abaylyi,ACIAD2037,mtuberculosis,Rv1392,0.555
ccrescentus,CCNA_00048,mtuberculosis,Rv1392,0.494
mpne,MPN060,mtuberculosis,Rv1392,0.38
mgenitalium,MG_047,mtuberculosis,Rv1392,0.399
ccrescentus,CCNA_01976,mtuberculosis,Rv1611,0.414
abaylyi,ACIAD2463,mtuberculosis,Rv1611,0.368
mtuberculosis,Rv1611,saureus,trpC,0.351
ccrescentus,CCNA_00809,mtuberculosis,Rv3141,0.408
abaylyi,ACIAD2925,styphimurium,rpoD,0.608
abaylyi,ACIAD2925,ccrescentus,CCNA_03142,0.469
mgenitalium,MG_195,mpne,MPN106,0.59
saureus,SA1407,styphimurium,prmA,0.356
saureus,map,syn3a,JCVISYN3A_0650,0.334
abaylyi,ACIAD1987,saureus,map,0.376
saureus,map,styphimurium,map,0.357
abaylyi,ACIAD0642,mtuberculosis,Rv1613,0.394
ccrescentus,CCNA_03657,mtuberculosis,Rv1613,0.389
mtuberculosis,Rv1613,saureus,trpA,0.349
ccrescentus,CCNA_03648,mtuberculosis,Rv3422c,0.358
abaylyi,ACIAD1754,styphimurium,citG,0.342
abaylyi,ACIAD1822,ccrescentus,CCNA_01888,0.371
abaylyi,ACIAD3659,styphimurium,purE,0.647
abaylyi,ACIAD3659,ccrescentus,CCNA_03393,0.625
abaylyi,ACIAD3659,mtuberculosis,Rv3275c,0.535
mgenitalium,MG_036,mpne,MPN046,0.694
mpne,MPN046,syn3a,JCVISYN3A_0287,0.395
mpne,MPN046,saureus,aspS,0.369
abaylyi,ACIAD0609,mpne,MPN046,0.369
mpne,MPN046,styphimurium,aspS,0.359
ccrescentus,CCNA_01969,mpne,MPN046,0.34
mgenitalium,MG_516,mpne,MPN482,0.958
ccrescentus,CCNA_01819,styphimurium,hfq,0.513
ccrescentus,CCNA_01819,saureus,SA1145,0.396
abaylyi,ACIAD0926,styphimurium,emrA,0.422
ccrescentus,CCNA_03830,styphimurium,emrA,0.371
abaylyi,ACIAD2514,ccrescentus,CCNA_00207,0.64
abaylyi,ACIAD2514,mtuberculosis,Rv2503c,0.628
abaylyi,ACIAD2652,styphimurium,gyrA,0.608
abaylyi,ACIAD2652,ccrescentus,CCNA_01651,0.459
abaylyi,ACIAD2652,mpne,MPN004,0.418
abaylyi,ACIAD2652,mgenitalium,MG_004,0.412
abaylyi,ACIAD2652,syn3a,JCVISYN3A_0007,0.414
abaylyi,ACIAD2927,styphimurium,lipB,0.588
abaylyi,ACIAD2927,ccrescentus,CCNA_02258,0.379
abaylyi,ACIAD3071,styphimurium,cysM,0.671
ccrescentus,CCNA_02083,mtuberculosis,Rv1710,0.371
abaylyi,ACIAD0862,mtuberculosis,Rv1710,0.339
mgenitalium,MG_214,mtuberculosis,Rv1710,0.328
ccrescentus,CCNA_02629,mtuberculosis,Rv2152c,0.408
abaylyi,ACIAD3516,mtuberculosis,Rv2152c,0.368
mtuberculosis,Rv2152c,styphimurium,murC,0.362
saureus,SA0724,styphimurium,yfcH,0.356
mtuberculosis,Rv2216,styphimurium,yfcH,0.387
abaylyi,ACIAD0921,styphimurium,yfcH,0.355
abaylyi,ACIAD0715,styphimurium,rluA,0.482
abaylyi,ACIAD0715,mgenitalium,MG_209,0.333
abaylyi,ACIAD0786,ccrescentus,CCNA_00441,0.318
abaylyi,ACIAD0786,saureus,SA2151,0.379
abaylyi,ACIAD0786,mtuberculosis,Rv1626,0.344
abaylyi,ACIAD0921,saureus,SA0724,0.306
abaylyi,ACIAD0921,mtuberculosis,Rv2216,0.305
ccrescentus,CCNA_01621,styphimurium,rpoZ,0.516
abaylyi,ACIAD3168,styphimurium,rbn,0.312
abaylyi,ACIAD1135,styphimurium,yjaD,0.475
mtuberculosis,Rv3199c,styphimurium,yjaD,0.317
abaylyi,ACIAD0029,ccrescentus,CCNA_02886,0.611
abaylyi,ACIAD0101,styphimurium,pgi,0.454
abaylyi,ACIAD0101,mtuberculosis,Rv0946c,0.44
abaylyi,ACIAD0101,ccrescentus,CCNA_00222,0.397
mgenitalium,MG_012,mpne,MPN016,0.689
mgenitalium,MG_170,mpne,MPN184,0.865
mgenitalium,MG_170,saureus,secY,0.364
abaylyi,ACIAD3199,mgenitalium,MG_170,0.356
mgenitalium,MG_170,styphimurium,secY,0.356
ccrescentus,CCNA_01326,mgenitalium,MG_170,0.333
abaylyi,ACIAD3210,mtuberculosis,Rv0710,0.571
mtuberculosis,Rv0710,saureus,rpsQ,0.555
mtuberculosis,Rv0710,styphimurium,rpsQ,0.545
mgenitalium,MG_160,mtuberculosis,Rv0710,0.518
ccrescentus,CCNA_00798,mtuberculosis,Rv1620c,0.316
mtuberculosis,Rv2029c,styphimurium,pfkB,0.417
saureus,sucC,styphimurium,sucC,0.512
mtuberculosis,Rv0951,styphimurium,sucC,0.407
mgenitalium,MG_013,mpne,MPN017,0.651
mpne,MPN017,syn3a,JCVISYN3A_0684,0.332
abaylyi,ACIAD2847,mpne,MPN017,0.321
mgenitalium,MG_075,mpne,MPN213,0.508
mgenitalium,MG_314,mpne,MPN449,0.515
abaylyi,ACIAD3576,ccrescentus,CCNA_00117,0.482
ccrescentus,CCNA_00117,mtuberculosis,Rv3436c,0.439
ccrescentus,CCNA_00117,saureus,glmS,0.423
ccrescentus,CCNA_00343,styphimurium,sucB,0.547
abaylyi,ACIAD2875,ccrescentus,CCNA_00343,0.526
ccrescentus,CCNA_00343,saureus,odhB,0.451
ccrescentus,CCNA_00343,mtuberculosis,Rv2215,0.452
ccrescentus,CCNA_00343,mpne,MPN391,0.313
ccrescentus,CCNA_00472,styphimurium,gmd,0.667
ccrescentus,CCNA_00726,mtuberculosis,Rv0154c,0.524
abaylyi,ACIAD1886,ccrescentus,CCNA_00726,0.51
abaylyi,ACIAD0682,styphimurium,yeiG,0.49
abaylyi,ACIAD0823,ccrescentus,CCNA_02519,0.501
abaylyi,ACIAD0823,saureus,SA1716,0.476
abaylyi,ACIAD0823,mtuberculosis,Rv3011c,0.473
abaylyi,ACIAD0823,syn3a,JCVISYN3A_0688,0.349
abaylyi,ACIAD0823,mpne,MPN237,0.352
abaylyi,ACIAD0823,mgenitalium,MG_099,0.335
abaylyi,ACIAD2521,saureus,SA1432,0.454
abaylyi,ACIAD2855,styphimurium,yhbY,0.483
mgenitalium,MG_014,mpne,MPN018,0.768
mgenitalium,MG_477,mpne,MPN155a,0.571
mgenitalium,MG_265,mpne,MPN383,0.579
ccrescentus,CCNA_03076,styphimurium,uvrB,0.606
ccrescentus,CCNA_03076,mtuberculosis,Rv1633,0.546
ccrescentus,CCNA_03076,saureus,uvrB,0.539
ccrescentus,CCNA_03076,syn3a,JCVISYN3A_0825,0.458
ccrescentus,CCNA_00022,mtuberculosis,Rv0374c,0.393
mtuberculosis,Rv0467,styphimurium,aceA,0.618
ccrescentus,CCNA_01231,mtuberculosis,Rv0712,0.515
styphimurium,pfkA,syn3a,JCVISYN3A_0220,0.52
saureus,pfk,styphimurium,pfkA,0.495
mpne,MPN302,styphimurium,pfkA,0.396
mtuberculosis,Rv3010c,styphimurium,pfkA,0.387
mgenitalium,MG_215,styphimurium,pfkA,0.392
ccrescentus,CCNA_02448,styphimurium,yjfI,0.369
abaylyi,ACIAD2896,styphimurium,yfiH,0.376
abaylyi,ACIAD2896,mtuberculosis,Rv2149c,0.33
abaylyi,ACIAD3079,ccrescentus,CCNA_03413,0.598
abaylyi,ACIAD3079,mtuberculosis,Rv0156,0.392
abaylyi,ACIAD3258,ccrescentus,CCNA_00411,0.435
styphimurium,tyrS,syn3a,JCVISYN3A_0613,0.425
mtuberculosis,Rv1689,syn3a,JCVISYN3A_0613,0.375
abaylyi,ACIAD0050,ccrescentus,CCNA_00151,0.599
ccrescentus,CCNA_00151,styphimurium,rph,0.584
ccrescentus,CCNA_00151,mtuberculosis,Rv1340,0.542
ccrescentus,CCNA_00213,saureus,SA0634,0.348
abaylyi,ACIAD3048,ccrescentus,CCNA_00408,0.395
ccrescentus,CCNA_02154,saureus,SA2159,0.325
saureus,SA1683,styphimurium,msbA,0.364
abaylyi,ACIAD2365,saureus,SA1683,0.361
ccrescentus,CCNA_03533,saureus,SA1683,0.366
mtuberculosis,Rv1272c,saureus,SA1683,0.341
saureus,SA1683,syn3a,JCVISYN3A_0372,0.34
ccrescentus,CCNA_00227,mtuberculosis,Rv2966c,0.402
mtuberculosis,Rv2966c,styphimurium,yhhF,0.349
abaylyi,ACIAD1100,mtuberculosis,Rv2966c,0.375
mtuberculosis,Rv2966c,saureus,SA0972,0.416
ccrescentus,CCNA_00764,mtuberculosis,Rv3029c,0.359
mtuberculosis,Rv3029c,styphimurium,ydiQ,0.33
ccrescentus,CCNA_00240,styphimurium,yadI,0.318
abaylyi,ACIAD2243,styphimurium,yaeB,0.4
ccrescentus,CCNA_01851,styphimurium,cyoA,0.43
saureus,SA0913,styphimurium,cyoA,0.365
abaylyi,ACIAD1347,styphimurium,ybgI,0.43
mtuberculosis,Rv0870c,styphimurium,yccF,0.38
mtuberculosis,Rv3758c,styphimurium,yehX,0.461
abaylyi,ACIAD0733,styphimurium,nuoC,0.684
mtuberculosis,Rv3148,styphimurium,nuoC,0.387
ccrescentus,CCNA_02029,styphimurium,nuoC,0.373
abaylyi,ACIAD2113,styphimurium,STM2655,0.565
abaylyi,ACIAD3448,styphimurium,gabP,0.514
mtuberculosis,Rv0522,styphimurium,gabP,0.455
abaylyi,ACIAD1945,styphimurium,murB,0.396
abaylyi,ACIAD3227,styphimurium,yjeB,0.372
abaylyi,ACIAD3303,styphimurium,ybiF,0.469
abaylyi,ACIAD3303,ccrescentus,CCNA_03581,0.391
abaylyi,ACIAD3412,styphimurium,kup,0.479
ccrescentus,CCNA_00045,mtuberculosis,Rv3628,0.454
mtuberculosis,Rv3628,styphimurium,ppa,0.464
abaylyi,ACIAD0239,mtuberculosis,Rv3628,0.433
mtuberculosis,Rv3628,syn3a,JCVISYN3A_0344,0.441
mgenitalium,MG_351,mtuberculosis,Rv3628,0.414
mtuberculosis,Rv3752c,saureus,SA0516,0.496
mtuberculosis,Rv3752c,styphimurium,yfhC,0.5
ccrescentus,CCNA_00231,mtuberculosis,Rv3752c,0.489
abaylyi,ACIAD2930,styphimurium,yeeF,0.524
abaylyi,ACIAD0730,styphimurium,nuoA,0.52
mtuberculosis,Rv3145,styphimurium,nuoA,0.344
ccrescentus,CCNA_00156,mtuberculosis,Rv2034,0.419
abaylyi,ACIAD2234,ccrescentus,CCNA_00252,0.357
ccrescentus,CCNA_00252,styphimurium,mrcB,0.343
ccrescentus,CCNA_00234,styphimurium,yfbE,0.37
saureus,ptsI,styphimurium,ptsI,0.507
styphimurium,ptsI,syn3a,JCVISYN3A_0233,0.453
mpne,MPN627,styphimurium,ptsI,0.425
abaylyi,ACIAD1990,styphimurium,ptsI,0.385
ccrescentus,CCNA_00457,styphimurium,ptsI,0.39
mgenitalium,MG_116,mpne,MPN255,0.569
mgenitalium,MG_241,mpne,MPN337,0.737
ccrescentus,CCNA_03351,mtuberculosis,Rv0780,0.391
abaylyi,ACIAD1214,ccrescentus,CCNA_00293,0.451
abaylyi,ACIAD1214,saureus,SA1219,0.463
abaylyi,ACIAD1351,ccrescentus,CCNA_03849,0.369
abaylyi,ACIAD1488,styphimurium,STM2691,0.475
abaylyi,ACIAD1876,styphimurium,gcvH,0.532
abaylyi,ACIAD1876,saureus,SA0760,0.47
abaylyi,ACIAD1876,mtuberculosis,Rv1826,0.473
abaylyi,ACIAD1876,ccrescentus,CCNA_03464,0.449
abaylyi,ACIAD2943,styphimurium,acrA,0.484
abaylyi,ACIAD3018,styphimurium,vacJ,0.355
abaylyi,ACIAD3161,styphimurium,fhuE,0.392
mgenitalium,MG_025,mpne,MPN028,0.734
abaylyi,ACIAD0556,ccrescentus,CCNA_01770,0.555
ccrescentus,CCNA_01770,styphimurium,ndk,0.525
ccrescentus,CCNA_01770,saureus,ndk,0.429
ccrescentus,CCNA_01770,mtuberculosis,Rv2445c,0.428
ccrescentus,CCNA_03794,styphimurium,yigC,0.386
abaylyi,ACIAD0232,ccrescentus,CCNA_03794,0.347
saureus,narG,styphimurium,narG,0.498
mtuberculosis,Rv1161,saureus,narG,0.496
ccrescentus,CCNA_03246,mtuberculosis,Rv0690c,0.302
mtuberculosis,Rv3756c,styphimurium,STM1494,0.359
saureus,dfrA,styphimurium,folA,0.352
abaylyi,ACIAD0514,styphimurium,folA,0.361
abaylyi,ACIAD1408,styphimurium,hupB,0.696
saureus,hu,styphimurium,hupB,0.617
abaylyi,ACIAD1970,styphimurium,dnaX,0.568
ccrescentus,CCNA_00268,styphimurium,dnaX,0.43
mtuberculosis,Rv3721c,styphimurium,dnaX,0.374
abaylyi,ACIAD1920,styphimurium,glnS,0.574
abaylyi,ACIAD0045,styphimurium,dsbA,0.334
abaylyi,ACIAD0407,styphimurium,yrfI,0.398
abaylyi,ACIAD0407,ccrescentus,CCNA_02324,0.319
mgenitalium,MG_120,mpne,MPN259,0.631
mgenitalium,MG_278,mpne,MPN397,0.731
saureus,SA1079,syn3a,JCVISYN3A_0430,0.546
mpne,MPN424,syn3a,JCVISYN3A_0430,0.453
mgenitalium,MG_205,syn3a,JCVISYN3A_0544,0.304
saureus,hrcA,syn3a,JCVISYN3A_0544,0.313
ccrescentus,CCNA_01974,mtuberculosis,Rv0013,0.558
ccrescentus,CCNA_01974,saureus,SA0668,0.431
ccrescentus,CCNA_02037,styphimurium,lon,0.618
abaylyi,ACIAD1115,ccrescentus,CCNA_02037,0.518
ccrescentus,CCNA_02037,syn3a,JCVISYN3A_0394,0.431
ccrescentus,CCNA_02037,mgenitalium,MG_239,0.407
ccrescentus,CCNA_02037,mpne,MPN332,0.397
mtuberculosis,Rv1745c,styphimurium,idi,0.427
abaylyi,ACIAD0220,styphimurium,ygiR,0.617
abaylyi,ACIAD1951,mtuberculosis,Rv0163,0.455
abaylyi,ACIAD2096,styphimurium,STM4551,0.328
abaylyi,ACIAD2452,ccrescentus,CCNA_00553,0.389
ccrescentus,CCNA_00553,styphimurium,gloB,0.346
ccrescentus,CCNA_00553,mtuberculosis,Rv0634c,0.325
ccrescentus,CCNA_00651,saureus,nasD,0.459
ccrescentus,CCNA_00651,mtuberculosis,Rv0252,0.369
abaylyi,ACIAD1910,ccrescentus,CCNA_00651,0.354
ccrescentus,CCNA_02008,styphimurium,proS,0.396
abaylyi,ACIAD0782,ccrescentus,CCNA_02008,0.387
ccrescentus,CCNA_02008,saureus,proS,0.354
ccrescentus,CCNA_02008,mtuberculosis,Rv2845c,0.331
mtuberculosis,Rv2205c,styphimurium,garK,0.372
mtuberculosis,Rv2205c,saureus,SA2220,0.309
mtuberculosis,Rv3073c,saureus,SA0230,0.382
mtuberculosis,Rv3073c,styphimurium,yeaO,0.368
saureus,SA0854,styphimurium,oppC,0.363
mtuberculosis,Rv1282c,styphimurium,oppC,0.4
abaylyi,ACIAD1539,styphimurium,STM0692,0.46
abaylyi,ACIAD0484,styphimurium,htrB,0.382
mtuberculosis,Rv2298,styphimurium,STM1288,0.335
mtuberculosis,Rv0981,styphimurium,copR,0.415
abaylyi,ACIAD3388,mtuberculosis,Rv0981,0.427
mtuberculosis,Rv1076,saureus,SA2323,0.3
mtuberculosis,Rv2794c,styphimurium,entD,0.352
ccrescentus,CCNA_03581,styphimurium,ybiF,0.478
ccrescentus,CCNA_02776,styphimurium,cbiP,0.467
abaylyi,ACIAD1071,styphimurium,cbiP,0.352
abaylyi,ACIAD2994,saureus,SA0906,0.414
saureus,SA0906,styphimurium,elaA,0.328
saureus,SA0937,styphimurium,STM0360,0.312
abaylyi,ACIAD0069,saureus,SA1917,0.309
saureus,SA1917,styphimurium,wzb,0.307
saureus,SA2262,styphimurium,STM2804,0.318
abaylyi,ACIAD0069,styphimurium,wzb,0.386
abaylyi,ACIAD3503,styphimurium,guaB,0.642
ccrescentus,CCNA_01689,styphimurium,guaB,0.558
saureus,guaB,styphimurium,guaB,0.533
mtuberculosis,Rv3411c,styphimurium,guaB,0.54
ccrescentus,CCNA_03646,styphimurium,yhcM,0.429
abaylyi,ACIAD2336,ccrescentus,CCNA_03646,0.369
saureus,orfX,syn3a,JCVISYN3A_0361,0.366
ccrescentus,CCNA_03546,saureus,orfX,0.315
mtuberculosis,Rv2922A,styphimurium,yccX,0.477
abaylyi,ACIAD0244,styphimurium,glnK,0.714
abaylyi,ACIAD1670,styphimurium,ybaK,0.612
ccrescentus,CCNA_01014,styphimurium,ybaK,0.415
saureus,SA0652,styphimurium,ybaK,0.344
ccrescentus,CCNA_03483,styphimurium,yadG,0.421
ccrescentus,CCNA_03483,saureus,SA0266,0.345
ccrescentus,CCNA_03872,styphimurium,trmE,0.383
abaylyi,ACIAD3680,ccrescentus,CCNA_03872,0.389
ccrescentus,CCNA_03872,saureus,thdF,0.307
ccrescentus,CCNA_03872,mpne,MPN008,0.309
ccrescentus,CCNA_03872,mgenitalium,MG_008,0.33
abaylyi,ACIAD0487,styphimurium,uup,0.501
ccrescentus,CCNA_00628,styphimurium,cheY,0.516
ccrescentus,CCNA_03842,mtuberculosis,Rv3206c,0.5
ccrescentus,CCNA_03842,styphimurium,moeB,0.442
abaylyi,ACIAD2411,ccrescentus,CCNA_03842,0.346
abaylyi,ACIAD1092,styphimurium,cobC,0.321
abaylyi,ACIAD3072,styphimurium,barA,0.326
abaylyi,ACIAD3072,ccrescentus,CCNA_03326,0.312
abaylyi,ACIAD3511,styphimurium,ftsZ,0.55
abaylyi,ACIAD3511,saureus,ftsZ,0.563
abaylyi,ACIAD3511,ccrescentus,CCNA_02623,0.534
abaylyi,ACIAD3511,mtuberculosis,Rv2150c,0.522
abaylyi,ACIAD3511,syn3a,JCVISYN3A_0522,0.473
abaylyi,ACIAD3621,ccrescentus,CCNA_00011,0.493
abaylyi,ACIAD3621,mtuberculosis,Rv2373c,0.452
abaylyi,ACIAD3621,syn3a,JCVISYN3A_0541,0.387
abaylyi,ACIAD3621,mpne,MPN021,0.365
ccrescentus,CCNA_03748,styphimurium,rfbC,0.561
abaylyi,ACIAD0080,ccrescentus,CCNA_03748,0.478
ccrescentus,CCNA_03748,mtuberculosis,Rv3465,0.361
abaylyi,ACIAD1454,saureus,SA1988,0.395
saureus,SA1988,styphimurium,qor,0.306
abaylyi,ACIAD1164,saureus,SA0509,0.616
abaylyi,ACIAD3663,styphimurium,mpl,0.55
mgenitalium,MG_192,mpne,MPN142,0.502
mpne,MPN446,styphimurium,rpsD,0.402
mpne,MPN446,mtuberculosis,Rv3458c,0.377
mgenitalium,MG_367,mpne,MPN545,0.704
mgenitalium,MG_418,mpne,MPN617,0.863
mgenitalium,MG_418,styphimurium,rplM,0.437
mgenitalium,MG_418,syn3a,JCVISYN3A_0638,0.391
mgenitalium,MG_418,saureus,rplM,0.392
abaylyi,ACIAD3012,mgenitalium,MG_418,0.386
ccrescentus,CCNA_01440,mgenitalium,MG_418,0.351
abaylyi,ACIAD2291,styphimurium,cydB,0.561
abaylyi,ACIAD2622,styphimurium,tolB,0.374
abaylyi,ACIAD2622,ccrescentus,CCNA_03338,0.31
saureus,clpQ,styphimurium,hslV,0.549
abaylyi,ACIAD2274,styphimurium,udhA,0.578
mtuberculosis,Rv2713,styphimurium,udhA,0.432
abaylyi,ACIAD2207,styphimurium,yjeK,0.509
abaylyi,ACIAD2035,styphimurium,tktA,0.68
abaylyi,ACIAD2035,ccrescentus,CCNA_03735,0.489
abaylyi,ACIAD2035,saureus,tkt,0.462
abaylyi,ACIAD2035,syn3a,JCVISYN3A_0316,0.423
abaylyi,ACIAD2035,mtuberculosis,Rv1449c,0.419
abaylyi,ACIAD2035,mpne,MPN082,0.325
abaylyi,ACIAD2255,styphimurium,glyA,0.72
abaylyi,ACIAD2255,saureus,glyA,0.612
abaylyi,ACIAD2255,syn3a,JCVISYN3A_0799,0.549
abaylyi,ACIAD2255,mpne,MPN576,0.555
abaylyi,ACIAD2400,saureus,copA,0.461
abaylyi,ACIAD2400,styphimurium,STM0353,0.427
abaylyi,ACIAD2400,mtuberculosis,Rv0969,0.446
abaylyi,ACIAD2400,ccrescentus,CCNA_02811,0.335
abaylyi,ACIAD2770,styphimurium,entE,0.382
abaylyi,ACIAD1654,styphimurium,fadH,0.613
mtuberculosis,Rv1175c,styphimurium,fadH,0.54
abaylyi,ACIAD0543,styphimurium,eda,0.437
abaylyi,ACIAD0859,styphimurium,bioD,0.339
ccrescentus,CCNA_02220,styphimurium,STM3775,0.333
abaylyi,ACIAD3155,mtuberculosis,Rv1240,0.608
ccrescentus,CCNA_03048,styphimurium,pabB,0.396
ccrescentus,CCNA_03048,mtuberculosis,Rv1005c,0.382
abaylyi,ACIAD0665,ccrescentus,CCNA_03048,0.391
ccrescentus,CCNA_03306,styphimurium,rpsL,0.756
abaylyi,ACIAD0881,ccrescentus,CCNA_03306,0.764
ccrescentus,CCNA_03306,syn3a,JCVISYN3A_0148,0.669
ccrescentus,CCNA_03306,mpne,MPN225,0.669
ccrescentus,CCNA_03306,mgenitalium,MG_087,0.661
ccrescentus,CCNA_03338,styphimurium,tolB,0.318
ccrescentus,CCNA_03725,mtuberculosis,Rv3062,0.308
saureus,potD,styphimurium,potD,0.387
abaylyi,ACIAD2375,saureus,mutL,0.306
mtuberculosis,Rv2404c,saureus,lepA,0.578
ccrescentus,CCNA_01086,mtuberculosis,Rv2404c,0.532
mtuberculosis,Rv2404c,styphimurium,lepA,0.543
mtuberculosis,Rv2404c,syn3a,JCVISYN3A_0285,0.553
abaylyi,ACIAD2584,mtuberculosis,Rv2404c,0.51
mgenitalium,MG_138,mtuberculosis,Rv2404c,0.505
mtuberculosis,Rv2592c,styphimurium,ruvB,0.551
abaylyi,ACIAD2615,mtuberculosis,Rv2592c,0.556
mtuberculosis,Rv2592c,saureus,ruvB,0.506
mpne,MPN536,mtuberculosis,Rv2592c,0.347
mgenitalium,MG_359,mtuberculosis,Rv2592c,0.356
ccrescentus,CCNA_01321,styphimurium,rplF,0.525
mtuberculosis,Rv0719,styphimurium,rplF,0.443
saureus,rplF,styphimurium,rplF,0.443
mpne,MPN180,styphimurium,rplF,0.404
mgenitalium,MG_166,styphimurium,rplF,0.398
mgenitalium,MG_271,mpne,MPN390,0.728
mgenitalium,MG_271,syn3a,JCVISYN3A_0228,0.427
mgenitalium,MG_271,saureus,pdhD,0.374
ccrescentus,CCNA_00346,mgenitalium,MG_271,0.37
mgenitalium,MG_271,styphimurium,lpdA,0.325
abaylyi,ACIAD2874,mgenitalium,MG_271,0.329
mgenitalium,MG_463,styphimurium,ksgA,0.303
abaylyi,ACIAD3009,mgenitalium,MG_463,0.339
abaylyi,ACIAD2443,styphimurium,prmA,0.441
abaylyi,ACIAD0409,ccrescentus,CCNA_00351,0.339
ccrescentus,CCNA_00351,saureus,priA,0.418
saureus,SA0239,styphimurium,STM1542,0.319
mtuberculosis,Rv2121c,styphimurium,hisG,0.319
saureus,hisG,styphimurium,hisG,0.313
ccrescentus,CCNA_00709,styphimurium,STM4562,0.551
abaylyi,ACIAD0021,ccrescentus,CCNA_00736,0.387
ccrescentus,CCNA_00736,styphimurium,lspA,0.394
ccrescentus,CCNA_00736,mtuberculosis,Rv1539,0.342
ccrescentus,CCNA_00736,saureus,lsp,0.304
ccrescentus,CCNA_00832,styphimurium,STM3020,0.306
ccrescentus,CCNA_02431,mtuberculosis,Rv1599,0.451
mtuberculosis,Rv1599,styphimurium,hisD,0.376
mtuberculosis,Rv1599,saureus,SA2470,0.351
ccrescentus,CCNA_03178,styphimurium,STM0354,0.35
abaylyi,ACIAD3572,styphimurium,nusB,0.448
ccrescentus,CCNA_01422,styphimurium,nusB,0.406
saureus,SA1355,styphimurium,nusB,0.349
ccrescentus,CCNA_02039,styphimurium,clpX,0.686
mtuberculosis,Rv2457c,styphimurium,clpX,0.621
saureus,clpX,styphimurium,clpX,0.607
styphimurium,nagB,syn3a,JCVISYN3A_0726,0.364
saureus,nagB,styphimurium,nagB,0.322
mtuberculosis,Rv3596c,saureus,clpC,0.58
abaylyi,ACIAD3345,ccrescentus,CCNA_03569,0.322
saureus,sirB,styphimurium,btuC,0.337
ccrescentus,CCNA_03056,mtuberculosis,Rv2740,0.33
abaylyi,ACIAD3209,ccrescentus,CCNA_01316,0.721
ccrescentus,CCNA_01316,saureus,rplN,0.639
ccrescentus,CCNA_01316,mpne,MPN175,0.573
ccrescentus,CCNA_01316,mgenitalium,MG_161,0.565
ccrescentus,CCNA_01316,syn3a,JCVISYN3A_0661,0.5
ccrescentus,CCNA_01547,styphimurium,metG,0.305
saureus,ribC,styphimurium,ribF,0.336
mtuberculosis,Rv2786c,saureus,ribC,0.304
mgenitalium,MG_397,mpne,MPN596,0.572
mgenitalium,MG_470,mpne,MPN688,0.899
ccrescentus,CCNA_03657,saureus,trpA,0.36
abaylyi,ACIAD0642,saureus,trpA,0.336
ccrescentus,CCNA_03463,saureus,SA1366,0.425
abaylyi,ACIAD3117,mtuberculosis,Rv1072,0.337
abaylyi,ACIAD2900,styphimurium,hemA,0.439
saureus,hemA,styphimurium,hemA,0.348
mtuberculosis,Rv0509,styphimurium,hemA,0.314
abaylyi,ACIAD0086,styphimurium,manC,0.595
abaylyi,ACIAD0086,ccrescentus,CCNA_03733,0.388
abaylyi,ACIAD0260,saureus,SA2179,0.341
abaylyi,ACIAD0260,mtuberculosis,Rv3133c,0.307
abaylyi,ACIAD0296,styphimurium,gph,0.339
abaylyi,ACIAD0296,ccrescentus,CCNA_02390,0.308
abaylyi,ACIAD0590,styphimurium,tgt,0.667
abaylyi,ACIAD0590,saureus,tgt,0.55
abaylyi,ACIAD1221,styphimurium,trmU,0.661
abaylyi,ACIAD1221,saureus,SA1449,0.541
abaylyi,ACIAD1221,syn3a,JCVISYN3A_0387,0.457
abaylyi,ACIAD1221,mpne,MPN422,0.4
abaylyi,ACIAD1221,mgenitalium,MG_295,0.373
abaylyi,ACIAD1221,ccrescentus,CCNA_00941,0.334
abaylyi,ACIAD1221,mtuberculosis,Rv3024c,0.325
ccrescentus,CCNA_00392,styphimurium,allB,0.316
abaylyi,ACIAD0966,mtuberculosis,Rv1986,0.451
mtuberculosis,Rv2236c,styphimurium,cibB,0.366
ccrescentus,CCNA_03624,mtuberculosis,Rv2387,0.323
mtuberculosis,Rv2447c,styphimurium,folC,0.328
saureus,gid,syn3a,JCVISYN3A_0434,0.471
ccrescentus,CCNA_03739,styphimurium,vsr,0.409
ccrescentus,CCNA_03835,styphimurium,fabB,0.602
abaylyi,ACIAD2121,saureus,sbnF,0.353
abaylyi,ACIAD0019,saureus,SA0518,0.307
abaylyi,ACIAD0231,styphimurium,ychJ,0.335
abaylyi,ACIAD2242,ccrescentus,CCNA_03394,0.3
abaylyi,ACIAD2422,styphimurium,ydiA,0.459
abaylyi,ACIAD2422,saureus,SA1392,0.3
abaylyi,ACIAD2576,styphimurium,miaE,0.396
abaylyi,ACIAD1628,ccrescentus,CCNA_02683,0.378
ccrescentus,CCNA_02683,mtuberculosis,Rv0449c,0.399
abaylyi,ACIAD0933,ccrescentus,CCNA_03000,0.375
saureus,mfd,styphimurium,mfd,0.362
abaylyi,ACIAD1395,saureus,mfd,0.362
ccrescentus,CCNA_01920,saureus,mfd,0.341
ccrescentus,CCNA_00014,styphimurium,moaC,0.601
ccrescentus,CCNA_00014,saureus,moaC,0.493
ccrescentus,CCNA_00044,styphimurium,yhbC,0.365
abaylyi,ACIAD0367,ccrescentus,CCNA_00044,0.301
ccrescentus,CCNA_03485,mtuberculosis,Rv1488,0.392
mtuberculosis,Rv1488,styphimurium,ybbK,0.378
abaylyi,ACIAD2967,mtuberculosis,Rv1488,0.327
abaylyi,ACIAD1988,styphimurium,brnQ,0.576
saureus,SA0294,styphimurium,brnQ,0.341
abaylyi,ACIAD0419,styphimurium,yacG,0.517
abaylyi,ACIAD0532,ccrescentus,CCNA_00028,0.36
abaylyi,ACIAD3069,styphimurium,ygcA,0.37
abaylyi,ACIAD3069,ccrescentus,CCNA_01387,0.308
abaylyi,ACIAD3396,ccrescentus,CCNA_03851,0.424
abaylyi,ACIAD3396,styphimurium,hisH,0.405
abaylyi,ACIAD3396,mtuberculosis,Rv1602,0.403
abaylyi,ACIAD3396,saureus,hisH,0.351
abaylyi,ACIAD3142,ccrescentus,CCNA_00973,0.375
ccrescentus,CCNA_01622,styphimurium,spoT,0.378
ccrescentus,CCNA_01622,saureus,relA,0.346
abaylyi,ACIAD3326,ccrescentus,CCNA_01622,0.311
ccrescentus,CCNA_01818,saureus,SA1571,0.372
abaylyi,ACIAD3507,mtuberculosis,Rv2241,0.525
mtuberculosis,Rv2241,styphimurium,aceE,0.52
abaylyi,ACIAD1109,styphimurium,ydgM,0.519
abaylyi,ACIAD2996,styphimurium,yqfA,0.439
abaylyi,ACIAD2996,ccrescentus,CCNA_03601,0.349
abaylyi,ACIAD3109,styphimurium,ybjY,0.358
abaylyi,ACIAD2432,styphimurium,rplI,0.597
ccrescentus,CCNA_01739,styphimurium,rplI,0.438
mtuberculosis,Rv0056,styphimurium,rplI,0.377
saureus,rplI,styphimurium,rplI,0.32
mgenitalium,MG_093,styphimurium,rplI,0.315
abaylyi,ACIAD1824,ccrescentus,CCNA_01885,0.473
abaylyi,ACIAD1824,saureus,SA2260,0.376
abaylyi,ACIAD1824,mtuberculosis,Rv2002,0.383
abaylyi,ACIAD1824,styphimurium,idnO,0.367
ccrescentus,CCNA_03653,styphimurium,trxA,0.49
abaylyi,ACIAD3037,styphimurium,trxA,0.49
saureus,trxA,styphimurium,trxA,0.509
mtuberculosis,Rv3914,styphimurium,trxA,0.544
abaylyi,ACIAD1369,ccrescentus,CCNA_01814,0.384
abaylyi,ACIAD1585,mtuberculosis,Rv0390,0.394
mgenitalium,MG_102,mpne,MPN240,0.699
mpne,MPN240,syn3a,JCVISYN3A_0819,0.445
mpne,MPN240,saureus,trxB,0.371
mpne,MPN240,mtuberculosis,Rv3913,0.365
mpne,MPN240,styphimurium,trxB,0.362
abaylyi,ACIAD0890,mpne,MPN240,0.353
ccrescentus,CCNA_02964,mpne,MPN240,0.345
mgenitalium,MG_309,mpne,MPN444,0.587
mgenitalium,MG_167,mpne,MPN181,0.78
ccrescentus,CCNA_01322,mgenitalium,MG_167,0.448
mgenitalium,MG_167,saureus,rplR,0.385
mgenitalium,MG_167,styphimurium,rplR,0.376
mgenitalium,MG_167,mtuberculosis,Rv0720,0.366
abaylyi,ACIAD3203,mgenitalium,MG_167,0.388
mgenitalium,MG_201,mpne,MPN120,0.73
mgenitalium,MG_229,mpne,MPN322,0.896
mgenitalium,MG_229,syn3a,JCVISYN3A_0773,0.81
mgenitalium,MG_229,mtuberculosis,Rv3048c,0.512
mgenitalium,MG_229,saureus,nrdF,0.322
mgenitalium,MG_515,mpne,MPN469,0.561
mgenitalium,MG_417,saureus,rpsI,0.511
abaylyi,ACIAD3013,mgenitalium,MG_417,0.5
mgenitalium,MG_417,mtuberculosis,Rv3442c,0.475
ccrescentus,CCNA_01441,mgenitalium,MG_417,0.444
abaylyi,ACIAD1975,mtuberculosis,Rv0241c,0.342
mtuberculosis,Rv1085c,styphimurium,yqfA,0.325
ccrescentus,CCNA_03601,mtuberculosis,Rv1085c,0.321
abaylyi,ACIAD1498,mtuberculosis,Rv1177,0.513
ccrescentus,CCNA_00691,mtuberculosis,Rv1177,0.519
mtuberculosis,Rv2428,styphimurium,STM0402,0.355
abaylyi,ACIAD2103,mtuberculosis,Rv2428,0.401
mtuberculosis,Rv2428,saureus,ahpC,0.308
mtuberculosis,Rv2584c,saureus,apt,0.412
mtuberculosis,Rv2584c,syn3a,JCVISYN3A_0413,0.391
mpne,MPN395,mtuberculosis,Rv2584c,0.355
mgenitalium,MG_276,mtuberculosis,Rv2584c,0.346
mtuberculosis,Rv3713,saureus,SA1707,0.359
abaylyi,ACIAD2259,styphimurium,yadG,0.61
abaylyi,ACIAD0503,ccrescentus,CCNA_01925,0.427
ccrescentus,CCNA_01925,saureus,aldH,0.373
saureus,recN,styphimurium,recN,0.341
ccrescentus,CCNA_02062,saureus,recN,0.304
saureus,lepA,syn3a,JCVISYN3A_0285,0.623
ccrescentus,CCNA_01086,saureus,lepA,0.576
abaylyi,ACIAD2584,saureus,lepA,0.568
saureus,lepA,styphimurium,lepA,0.564
mgenitalium,MG_138,saureus,lepA,0.535
ccrescentus,CCNA_00504,styphimurium,yibK,0.406
ccrescentus,CCNA_00504,saureus,SA1672,0.385
abaylyi,ACIAD2933,ccrescentus,CCNA_00504,0.358
ccrescentus,CCNA_00504,syn3a,JCVISYN3A_0548,0.313
ccrescentus,CCNA_00504,mgenitalium,MG_346,0.34
ccrescentus,CCNA_02022,mtuberculosis,Rv3152,0.435
abaylyi,ACIAD0737,ccrescentus,CCNA_02022,0.405
ccrescentus,CCNA_02022,styphimurium,nuoH,0.413
abaylyi,ACIAD3104,ccrescentus,CCNA_02185,0.511
ccrescentus,CCNA_02185,styphimurium,ilvI,0.522
ccrescentus,CCNA_02185,mtuberculosis,Rv3003c,0.487
ccrescentus,CCNA_02185,saureus,ilvB,0.446
mtuberculosis,Rv2534c,styphimurium,efp,0.427
saureus,SA1359,styphimurium,efp,0.416
ccrescentus,CCNA_00758,styphimurium,efp,0.393
styphimurium,efp,syn3a,JCVISYN3A_0391,0.355
ccrescentus,CCNA_01354,styphimurium,STM4433,0.357
abaylyi,ACIAD1061,ccrescentus,CCNA_00328,0.487
abaylyi,ACIAD1061,styphimurium,mtgA,0.51
abaylyi,ACIAD1061,saureus,sgtB,0.357
abaylyi,ACIAD2037,styphimurium,metK,0.744
abaylyi,ACIAD2037,saureus,metK,0.613
abaylyi,ACIAD2037,ccrescentus,CCNA_00048,0.521
abaylyi,ACIAD2037,mpne,MPN060,0.402
abaylyi,ACIAD2037,mgenitalium,MG_047,0.402
mgenitalium,MG_109,mpne,MPN248,0.708
mgenitalium,MG_234,mpne,MPN327,0.721
mgenitalium,MG_234,syn3a,JCVISYN3A_0499,0.648
abaylyi,ACIAD2938,mgenitalium,MG_234,0.597
mgenitalium,MG_234,styphimurium,rpmA,0.558
mgenitalium,MG_234,mtuberculosis,Rv2441c,0.481
ccrescentus,CCNA_00320,mgenitalium,MG_234,0.5
mgenitalium,MG_297,saureus,SA1078,0.405
ccrescentus,CCNA_03793,mgenitalium,MG_297,0.39
saureus,recG,styphimurium,recG,0.383
mtuberculosis,Rv2973c,saureus,recG,0.345
saureus,ispA,styphimurium,ispA,0.461
ccrescentus,CCNA_02150,saureus,ispA,0.442
abaylyi,ACIAD2968,saureus,ispA,0.384
saureus,ptaA,styphimurium,nagE,0.421
abaylyi,ACIAD2274,mtuberculosis,Rv2713,0.413
ccrescentus,CCNA_00055,styphimurium,fur,0.433
abaylyi,ACIAD0910,ccrescentus,CCNA_00055,0.4
abaylyi,ACIAD2243,ccrescentus,CCNA_00119,0.318
abaylyi,ACIAD1384,styphimurium,oraA,0.309
mpne,MPN352,styphimurium,rpoS,0.358
abaylyi,ACIAD1127,styphimurium,ubiH,0.336
abaylyi,ACIAD1673,styphimurium,STM4272,0.377
abaylyi,ACIAD0894,styphimurium,minD,0.643
abaylyi,ACIAD1030,saureus,icaA,0.39
ccrescentus,CCNA_00951,styphimurium,fliG,0.319
abaylyi,ACIAD2917,ccrescentus,CCNA_01113,0.446
ccrescentus,CCNA_01113,saureus,SA2481,0.378
abaylyi,ACIAD3398,ccrescentus,CCNA_03852,0.491
ccrescentus,CCNA_03852,styphimurium,hisA,0.348
ccrescentus,CCNA_03852,saureus,SA2466,0.311
abaylyi,ACIAD0176,styphimurium,zur,0.442
ccrescentus,CCNA_00362,styphimurium,zur,0.459
abaylyi,ACIAD0691,styphimurium,sugE,0.523
abaylyi,ACIAD0399,mtuberculosis,Rv0629c,0.346
abaylyi,ACIAD0648,styphimurium,secA,0.591
abaylyi,ACIAD0648,ccrescentus,CCNA_03164,0.503
abaylyi,ACIAD0648,mtuberculosis,Rv3240c,0.476
abaylyi,ACIAD0648,saureus,secA,0.441
abaylyi,ACIAD0648,syn3a,JCVISYN3A_0095,0.432
abaylyi,ACIAD0648,mgenitalium,MG_072,0.392
abaylyi,ACIAD0648,mpne,MPN210,0.403
mtuberculosis,Rv1471,styphimurium,trxC,0.531
ccrescentus,CCNA_03006,mtuberculosis,Rv1594,0.425
abaylyi,ACIAD0651,mtuberculosis,Rv1594,0.337
mtuberculosis,Rv1594,styphimurium,nadA,0.343
ccrescentus,CCNA_00136,styphimurium,ampG,0.309
abaylyi,ACIAD2618,styphimurium,ybgC,0.396
ccrescentus,CCNA_03342,styphimurium,ybgC,0.362
abaylyi,ACIAD0109,styphimurium,dld,0.555
abaylyi,ACIAD0436,saureus,ahpC,0.677
abaylyi,ACIAD2225,styphimurium,yhbO,0.435
abaylyi,ACIAD2225,saureus,SA1692,0.375
mgenitalium,MG_043,mpne,MPN056,0.797
mgenitalium,MG_173,mpne,MPN187,0.84
mpne,MPN187,saureus,infA,0.536
mpne,MPN187,syn3a,JCVISYN3A_0649,0.457
mpne,MPN187,styphimurium,infA,0.507
mpne,MPN187,mtuberculosis,Rv3462c,0.485
abaylyi,ACIAD0472,mpne,MPN187,0.485
abaylyi,ACIAD0039,styphimurium,argA,0.504
abaylyi,ACIAD2263,styphimurium,mrdB,0.559
abaylyi,ACIAD2263,ccrescentus,CCNA_01616,0.45
abaylyi,ACIAD2263,saureus,SA0962,0.357
abaylyi,ACIAD2561,saureus,obg,0.454
abaylyi,ACIAD2561,ccrescentus,CCNA_00317,0.527
abaylyi,ACIAD2561,mtuberculosis,Rv2440c,0.454
abaylyi,ACIAD2561,syn3a,JCVISYN3A_0377,0.444
abaylyi,ACIAD2561,mpne,MPN563,0.436
abaylyi,ACIAD2561,mgenitalium,MG_384,0.44
mgenitalium,MG_174,mpne,MPN188,0.918
mpne,MPN188,saureus,rpmJ,0.702
mpne,MPN188,mtuberculosis,Rv3461c,0.621
abaylyi,ACIAD3198,mpne,MPN188,0.605
mpne,MPN188,syn3a,JCVISYN3A_0648,0.621
ccrescentus,CCNA_02223,styphimurium,STM3737,0.363
ccrescentus,CCNA_01639,mtuberculosis,Rv1367c,0.397
mtuberculosis,Rv2210c,saureus,ilvE,0.502
saureus,ilvE,styphimurium,ilvE,0.335
abaylyi,ACIAD0597,saureus,ilvE,0.313
ccrescentus,CCNA_03024,saureus,ilvE,0.31
saureus,rnr,styphimurium,vacB,0.35
abaylyi,ACIAD3179,saureus,rnr,0.344
saureus,rnr,syn3a,JCVISYN3A_0775,0.325
mpne,MPN243,saureus,rnr,0.32
ccrescentus,CCNA_00043,saureus,nusA,0.445
saureus,nusA,styphimurium,nusA,0.38
mtuberculosis,Rv2841c,saureus,nusA,0.426
abaylyi,ACIAD0368,saureus,nusA,0.331
saureus,nusA,syn3a,JCVISYN3A_0300,0.356
ccrescentus,CCNA_00745,mtuberculosis,Rv2227,0.497
saureus,SA1440,styphimurium,yegQ,0.319
ccrescentus,CCNA_00502,styphimurium,pmrF,0.342
abaylyi,ACIAD1916,styphimurium,fdhD,0.468
ccrescentus,CCNA_01300,styphimurium,fdhD,0.376
mtuberculosis,Rv2899c,styphimurium,fdhD,0.307
ccrescentus,CCNA_03875,styphimurium,qor,0.517
abaylyi,ACIAD1743,styphimurium,qor,0.328
mgenitalium,MG_473,mpne,MPN069,0.875
mgenitalium,MG_117,mpne,MPN256,0.392
ccrescentus,CCNA_02283,mtuberculosis,Rv2469c,0.417
abaylyi,ACIAD1249,styphimurium,STM2769,0.408
abaylyi,ACIAD1385,ccrescentus,CCNA_01141,0.683
abaylyi,ACIAD1385,saureus,recA,0.642
abaylyi,ACIAD1385,mgenitalium,MG_339,0.476
abaylyi,ACIAD1385,mpne,MPN490,0.462
ccrescentus,CCNA_02324,styphimurium,yrfI,0.35
ccrescentus,CCNA_03816,styphimurium,dcp,0.362
abaylyi,ACIAD2268,styphimurium,tsf,0.548
abaylyi,ACIAD2268,ccrescentus,CCNA_01999,0.417
abaylyi,ACIAD2268,mpne,MPN631,0.379
abaylyi,ACIAD2268,mgenitalium,MG_433,0.325
abaylyi,ACIAD2344,styphimurium,STM4041,0.372
abaylyi,ACIAD3496,styphimurium,nemA,0.469
abaylyi,ACIAD3496,ccrescentus,CCNA_02213,0.389
mgenitalium,MG_027,mpne,MPN030,0.727
mgenitalium,MG_089,syn3a,JCVISYN3A_0150,0.684
mgenitalium,MG_089,saureus,fus,0.616
abaylyi,ACIAD0884,mgenitalium,MG_089,0.55
ccrescentus,CCNA_03304,mgenitalium,MG_089,0.552
mgenitalium,MG_089,styphimurium,fusA,0.549
mgenitalium,MG_090,mpne,MPN228,0.675
mgenitalium,MG_152,mpne,MPN166,0.57
mgenitalium,MG_152,syn3a,JCVISYN3A_0670,0.393
mgenitalium,MG_152,saureus,rplD,0.387
abaylyi,ACIAD3218,mgenitalium,MG_152,0.342
mgenitalium,MG_152,styphimurium,rplD,0.325
mgenitalium,MG_247,mpne,MPN350,0.719
mgenitalium,MG_247,saureus,SA1187,0.337
mgenitalium,MG_247,styphimurium,ygiH,0.357
mtuberculosis,Rv2043c,styphimurium,pncA,0.377
abaylyi,ACIAD3584,mtuberculosis,Rv2043c,0.367
mtuberculosis,Rv2140c,styphimurium,ybhB,0.48
ccrescentus,CCNA_03126,mtuberculosis,Rv2351c,0.374
mtuberculosis,Rv3382c,styphimurium,lytB,0.52
saureus,SA2347,styphimurium,yfdZ,0.325
abaylyi,ACIAD2574,styphimurium,yfdZ,0.311
abaylyi,ACIAD0626,styphimurium,baeS,0.368
abaylyi,ACIAD0908,styphimurium,yfjF,0.431
abaylyi,ACIAD2383,styphimurium,yeaL,0.59
abaylyi,ACIAD2418,styphimurium,prfA,0.618
abaylyi,ACIAD2418,ccrescentus,CCNA_00899,0.551
abaylyi,ACIAD2418,saureus,prfA,0.536
abaylyi,ACIAD2418,syn3a,JCVISYN3A_0141,0.492
abaylyi,ACIAD2418,mtuberculosis,Rv1299,0.455
abaylyi,ACIAD2418,mgenitalium,MG_258,0.443
abaylyi,ACIAD2418,mpne,MPN361,0.444
abaylyi,ACIAD3350,mtuberculosis,Rv3859c,0.415
abaylyi,ACIAD3350,ccrescentus,CCNA_03722,0.431
abaylyi,ACIAD3350,saureus,gltB,0.409
mgenitalium,MG_122,mpne,MPN261,0.714
mpne,MPN261,saureus,SA1093,0.365
ccrescentus,CCNA_02535,mpne,MPN261,0.351
mpne,MPN261,styphimurium,topA,0.313
mpne,MPN261,mtuberculosis,Rv3646c,0.325
abaylyi,ACIAD0271,styphimurium,ftsW,0.436
mtuberculosis,Rv2154c,styphimurium,ftsW,0.357
abaylyi,ACIAD1377,styphimurium,yaeL,0.412
abaylyi,ACIAD1749,styphimurium,STM0361,0.549
ccrescentus,CCNA_01812,mtuberculosis,Rv3582c,0.317
abaylyi,ACIAD1999,ccrescentus,CCNA_01812,0.32
saureus,moaB,styphimurium,moaB,0.452
abaylyi,ACIAD1903,saureus,moaB,0.322
mtuberculosis,Rv0865,saureus,moaB,0.372
mtuberculosis,Rv0014c,saureus,SA1063,0.302
mtuberculosis,Rv1607,styphimurium,chaA,0.353
mtuberculosis,Rv3672c,styphimurium,yeaB,0.34
ccrescentus,CCNA_01586,mtuberculosis,Rv1218c,0.377
mtuberculosis,Rv1014c,styphimurium,pth,0.395
abaylyi,ACIAD2909,mtuberculosis,Rv1014c,0.392
ccrescentus,CCNA_00517,mtuberculosis,Rv1014c,0.413
mpne,MPN221,mtuberculosis,Rv1014c,0.371
mtuberculosis,Rv1014c,syn3a,JCVISYN3A_0832,0.346
mgenitalium,MG_083,mtuberculosis,Rv1014c,0.401
saureus,fhuB,styphimurium,fepD,0.374
saureus,SA1792,syn3a,JCVISYN3A_0026,0.363
ccrescentus,CCNA_01535,saureus,SA1792,0.363
saureus,murF,styphimurium,murF,0.323
abaylyi,ACIAD3364,saureus,murF,0.333
ccrescentus,CCNA_02641,saureus,murF,0.303
mtuberculosis,Rv3579c,saureus,SA0490,0.37
mtuberculosis,Rv3579c,styphimurium,yjfH,0.364
ccrescentus,CCNA_01230,styphimurium,STM0035,0.3
abaylyi,ACIAD3665,styphimurium,ybjG,0.345
abaylyi,ACIAD3140,styphimurium,trxC,0.364
abaylyi,ACIAD3507,styphimurium,aceE,0.575
ccrescentus,CCNA_00083,styphimurium,pgm,0.602
mtuberculosis,Rv3068c,styphimurium,pgm,0.582
saureus,SA0303,styphimurium,STM1128,0.438
abaylyi,ACIAD2462,ccrescentus,CCNA_01975,0.407
abaylyi,ACIAD2462,styphimurium,trpD,0.383
abaylyi,ACIAD2462,mtuberculosis,Rv2192c,0.372
abaylyi,ACIAD2961,styphimurium,ygiX,0.423
abaylyi,ACIAD2961,saureus,SA2418,0.334
abaylyi,ACIAD2997,styphimurium,yhjE,0.58
abaylyi,ACIAD2997,ccrescentus,CCNA_01031,0.4
mgenitalium,MG_069,mpne,MPN207,0.757
mpne,MPN207,syn3a,JCVISYN3A_0779,0.341
mpne,MPN207,saureus,ptsG,0.304
ccrescentus,CCNA_02362,saureus,SA1540,0.4
saureus,SA1572,syn3a,JCVISYN3A_0493,0.324
saureus,tdk,syn3a,JCVISYN3A_0140,0.492
mgenitalium,MG_034,saureus,tdk,0.464
saureus,rplM,styphimurium,rplM,0.567
abaylyi,ACIAD3012,saureus,rplM,0.51
saureus,rplM,syn3a,JCVISYN3A_0638,0.461
ccrescentus,CCNA_01440,saureus,rplM,0.507
mpne,MPN617,saureus,rplM,0.4
saureus,SA2300,styphimurium,STM3698,0.303
mgenitalium,MG_008,mpne,MPN008,0.638
mgenitalium,MG_008,syn3a,JCVISYN3A_0081,0.362
mgenitalium,MG_166,mpne,MPN180,0.744
mgenitalium,MG_166,saureus,rplF,0.453
mgenitalium,MG_166,mtuberculosis,Rv0719,0.417
ccrescentus,CCNA_01321,mgenitalium,MG_166,0.432
abaylyi,ACIAD3259,ccrescentus,CCNA_01395,0.538
ccrescentus,CCNA_01395,styphimurium,STM0858,0.516
abaylyi,ACIAD3218,styphimurium,rplD,0.712
abaylyi,ACIAD3218,saureus,rplD,0.426
abaylyi,ACIAD3218,syn3a,JCVISYN3A_0670,0.352
abaylyi,ACIAD3218,mpne,MPN166,0.361
abaylyi,ACIAD3218,ccrescentus,CCNA_01307,0.337
abaylyi,ACIAD3330,styphimurium,bfr,0.546
abaylyi,ACIAD3330,ccrescentus,CCNA_03371,0.517
abaylyi,ACIAD3330,mtuberculosis,Rv1876,0.419
abaylyi,ACIAD3515,styphimurium,ddlB,0.491
abaylyi,ACIAD3515,saureus,ddlA,0.308
abaylyi,ACIAD3515,ccrescentus,CCNA_02626,0.353
mgenitalium,MG_011,mpne,MPN015,0.597
saureus,leuB,styphimurium,leuB,0.467
abaylyi,ACIAD0469,saureus,leuB,0.486
ccrescentus,CCNA_00193,saureus,leuB,0.469
mtuberculosis,Rv2995c,saureus,leuB,0.366
ccrescentus,CCNA_01332,saureus,rplQ,0.491
saureus,rplQ,styphimurium,rplQ,0.478
abaylyi,ACIAD3193,saureus,rplQ,0.466
mtuberculosis,Rv3456c,saureus,rplQ,0.44
mpne,MPN192,saureus,rplQ,0.368
mtuberculosis,Rv1844c,styphimurium,gnd,0.532
mtuberculosis,Rv1844c,saureus,gnd,0.513
mtuberculosis,Rv2157c,styphimurium,murF,0.324
abaylyi,ACIAD3364,mtuberculosis,Rv2157c,0.309
ccrescentus,CCNA_02641,mtuberculosis,Rv2157c,0.303
ccrescentus,CCNA_03277,mtuberculosis,Rv2188c,0.322
abaylyi,ACIAD3159,styphimurium,phoL,0.563
mtuberculosis,Rv2368c,styphimurium,phoL,0.514
mtuberculosis,Rv1622c,styphimurium,cydB,0.328
mtuberculosis,Rv3609c,styphimurium,folE,0.409
ccrescentus,CCNA_00491,styphimurium,folE,0.366
abaylyi,ACIAD2470,styphimurium,folE,0.385
abaylyi,ACIAD3030,styphimurium,polA,0.498
ccrescentus,CCNA_03577,styphimurium,polA,0.442
mtuberculosis,Rv1629,styphimurium,polA,0.35
styphimurium,polA,syn3a,JCVISYN3A_0611,0.308
mgenitalium,MG_143,mpne,MPN156,0.702
mgenitalium,MG_174,saureus,rpmJ,0.675
mgenitalium,MG_174,mtuberculosis,Rv3461c,0.594
abaylyi,ACIAD3198,mgenitalium,MG_174,0.605
mgenitalium,MG_174,syn3a,JCVISYN3A_0648,0.594
mgenitalium,MG_208,mpne,MPN291,0.663
mgenitalium,MG_208,syn3a,JCVISYN3A_0271,0.312
mgenitalium,MG_236,mpne,MPN329,0.568
mgenitalium,MG_299,mpne,MPN428,0.778
mgenitalium,MG_299,syn3a,JCVISYN3A_0229,0.414
mgenitalium,MG_299,saureus,pta,0.41
mgenitalium,MG_299,styphimurium,eutD,0.346
mgenitalium,MG_459,mpne,MPN673,0.763
mgenitalium,MG_237,mpne,MPN330,0.646
saureus,SA1450,styphimurium,nifS,0.432
abaylyi,ACIAD1404,saureus,SA1450,0.431
mtuberculosis,Rv3025c,saureus,SA1450,0.403
saureus,SA1685,styphimurium,mutY,0.331
ccrescentus,CCNA_00381,saureus,SA1685,0.321
mtuberculosis,Rv3589,saureus,SA1685,0.365
ccrescentus,CCNA_00011,mtuberculosis,Rv2373c,0.428
mtuberculosis,Rv2496c,saureus,pdhB,0.454
mgenitalium,MG_273,mtuberculosis,Rv2496c,0.388
mpne,MPN392,mtuberculosis,Rv2496c,0.379
ccrescentus,CCNA_01800,mtuberculosis,Rv2496c,0.352
ccrescentus,CCNA_00445,styphimurium,cheB,0.535
ccrescentus,CCNA_00826,styphimurium,dgoK,0.392
ccrescentus,CCNA_01733,styphimurium,alr,0.361
abaylyi,ACIAD2434,ccrescentus,CCNA_01733,0.332
ccrescentus,CCNA_01733,mtuberculosis,Rv3423c,0.337
ccrescentus,CCNA_01733,saureus,alr,0.311
abaylyi,ACIAD1017,ccrescentus,CCNA_01799,0.404
ccrescentus,CCNA_01799,saureus,bfmBAA,0.319
ccrescentus,CCNA_01799,mtuberculosis,Rv0843,0.314
ccrescentus,CCNA_01799,mpne,MPN393,0.309
abaylyi,ACIAD3122,styphimurium,secB,0.473
abaylyi,ACIAD3375,ccrescentus,CCNA_02473,0.544
ccrescentus,CCNA_02447,styphimurium,yjfJ,0.336
ccrescentus,CCNA_02478,mtuberculosis,Rv3569c,0.304
ccrescentus,CCNA_02605,styphimurium,STM2545,0.372
abaylyi,ACIAD2466,ccrescentus,CCNA_02700,0.314
abaylyi,ACIAD2911,styphimurium,panD,0.571
ccrescentus,CCNA_02380,styphimurium,panD,0.559
saureus,panD,styphimurium,panD,0.49
abaylyi,ACIAD2729,styphimurium,umuD,0.423
saureus,lexA,styphimurium,umuD,0.398
ccrescentus,CCNA_01477,styphimurium,hemN,0.344
ccrescentus,CCNA_00299,styphimurium,purD,0.505
mtuberculosis,Rv0772,styphimurium,purD,0.424
saureus,purD,styphimurium,purD,0.427
abaylyi,ACIAD0762,saureus,pbuX,0.371
abaylyi,ACIAD0897,styphimurium,yihG,0.39
abaylyi,ACIAD1139,styphimurium,yejA,0.37
abaylyi,ACIAD0903,ccrescentus,CCNA_00285,0.481
ccrescentus,CCNA_00285,mtuberculosis,Rv1654,0.403
ccrescentus,CCNA_00285,saureus,SA0176,0.315
ccrescentus,CCNA_02837,mtuberculosis,Rv3911,0.362
abaylyi,ACIAD3638,styphimurium,sun,0.382
abaylyi,ACIAD3638,ccrescentus,CCNA_00101,0.326
mgenitalium,MG_083,mpne,MPN221,0.588
mpne,MPN221,syn3a,JCVISYN3A_0832,0.349
abaylyi,ACIAD2909,mpne,MPN221,0.329
mpne,MPN221,styphimurium,pth,0.359
mpne,MPN391,syn3a,JCVISYN3A_0227,0.339
mpne,MPN391,mtuberculosis,Rv2215,0.355
mgenitalium,MG_322,mpne,MPN460,0.687
mpne,MPN460,syn3a,JCVISYN3A_0685,0.307
mtuberculosis,Rv1003,styphimurium,yraL,0.362
abaylyi,ACIAD1130,mtuberculosis,Rv1003,0.326
mtuberculosis,Rv1003,saureus,SA0447,0.328
ccrescentus,CCNA_01549,mtuberculosis,Rv1286,0.505
abaylyi,ACIAD1073,mtuberculosis,Rv1286,0.468
mtuberculosis,Rv1286,styphimurium,cysN,0.489
ccrescentus,CCNA_01064,mtuberculosis,Rv1504c,0.381
mtuberculosis,Rv1630,styphimurium,rpsA,0.451
ccrescentus,CCNA_03702,mtuberculosis,Rv1630,0.4
abaylyi,ACIAD2347,mtuberculosis,Rv1630,0.425
mtuberculosis,Rv1630,saureus,SA1308,0.397
ccrescentus,CCNA_03727,styphimurium,STM4102,0.345
abaylyi,ACIAD0692,styphimurium,ogt,0.434
abaylyi,ACIAD0692,saureus,adaB,0.407
abaylyi,ACIAD0833,ccrescentus,CCNA_01179,0.36
abaylyi,ACIAD0833,mtuberculosis,Rv2392,0.381
abaylyi,ACIAD1071,ccrescentus,CCNA_02776,0.345
abaylyi,ACIAD3198,mtuberculosis,Rv3461c,0.657
abaylyi,ACIAD3198,syn3a,JCVISYN3A_0648,0.605
abaylyi,ACIAD3198,saureus,rpmJ,0.631
abaylyi,ACIAD3268,styphimurium,glyQ,0.759
abaylyi,ACIAD3268,ccrescentus,CCNA_01403,0.62
abaylyi,ACIAD3380,styphimurium,yjjK,0.717
abaylyi,ACIAD3380,ccrescentus,CCNA_02231,0.553
abaylyi,ACIAD3380,mtuberculosis,Rv2477c,0.549
abaylyi,ACIAD3380,saureus,SA0675,0.374
mgenitalium,MG_181,mpne,MPN195,0.737
mgenitalium,MG_306,mpne,MPN435,0.722
mtuberculosis,Rv0723,saureus,rplO,0.489
ccrescentus,CCNA_01325,mtuberculosis,Rv0723,0.422
mtuberculosis,Rv0723,syn3a,JCVISYN3A_0653,0.412
abaylyi,ACIAD3200,mtuberculosis,Rv0723,0.389
mtuberculosis,Rv0723,styphimurium,rplO,0.408
mgenitalium,MG_169,mtuberculosis,Rv0723,0.34
abaylyi,ACIAD0273,styphimurium,dksA,0.62
abaylyi,ACIAD3617,styphimurium,STM0257,0.407
saureus,narH,styphimurium,narY,0.589
ccrescentus,CCNA_03138,styphimurium,katG,0.625
mtuberculosis,Rv1908c,styphimurium,katG,0.57
abaylyi,ACIAD0555,styphimurium,yfhJ,0.562
abaylyi,ACIAD0624,ccrescentus,CCNA_00078,0.496
abaylyi,ACIAD0871,saureus,fabG,0.504
abaylyi,ACIAD0871,mtuberculosis,Rv1483,0.417
abaylyi,ACIAD2640,styphimurium,ycfV,0.527
abaylyi,ACIAD2640,ccrescentus,CCNA_02006,0.492
saureus,relA,styphimurium,spoT,0.395
saureus,uvrC,styphimurium,uvrC,0.359
mtuberculosis,Rv1420,saureus,uvrC,0.334
abaylyi,ACIAD0340,saureus,uvrC,0.331
ccrescentus,CCNA_02975,saureus,uvrC,0.334
saureus,uvrC,syn3a,JCVISYN3A_0254,0.326
saureus,tkt,syn3a,JCVISYN3A_0316,0.483
saureus,tkt,styphimurium,tktB,0.46
mtuberculosis,Rv1449c,saureus,tkt,0.427
ccrescentus,CCNA_03735,saureus,tkt,0.424
mpne,MPN082,saureus,tkt,0.362
abaylyi,ACIAD3354,saureus,SA1368,0.307
ccrescentus,CCNA_03103,saureus,SA1368,0.302
saureus,apt,syn3a,JCVISYN3A_0413,0.458
mpne,MPN395,saureus,apt,0.402
mgenitalium,MG_276,saureus,apt,0.352
mtuberculosis,Rv2780,saureus,ald,0.532
ccrescentus,CCNA_03689,saureus,ald,0.515
abaylyi,ACIAD1450,mtuberculosis,Rv1074c,0.412
mtuberculosis,Rv1074c,styphimurium,fadA,0.418
ccrescentus,CCNA_01950,mtuberculosis,Rv3105c,0.461
abaylyi,ACIAD3498,mtuberculosis,Rv3105c,0.443
mtuberculosis,Rv3105c,styphimurium,prfB,0.496
mtuberculosis,Rv3105c,saureus,prfB,0.411
abaylyi,ACIAD1293,ccrescentus,CCNA_01259,0.444
mtuberculosis,Rv1295,saureus,thrC,0.561
mtuberculosis,Rv1421,saureus,SA0720,0.402
mtuberculosis,Rv1421,styphimurium,yhbJ,0.39
abaylyi,ACIAD3059,mtuberculosis,Rv1421,0.361
mtuberculosis,Rv1484,styphimurium,fabI,0.332
abaylyi,ACIAD3116,mtuberculosis,Rv1484,0.323
mtuberculosis,Rv1484,saureus,fabI,0.32
ccrescentus,CCNA_00847,styphimurium,lrp,0.567
abaylyi,ACIAD0114,styphimurium,lrp,0.558
mtuberculosis,Rv3291c,styphimurium,lrp,0.378
saureus,mraY,styphimurium,mraY,0.425
mtuberculosis,Rv2156c,saureus,mraY,0.375
abaylyi,ACIAD2872,mtuberculosis,Rv0952,0.519
ccrescentus,CCNA_00341,mtuberculosis,Rv0952,0.514
mtuberculosis,Rv0952,saureus,sucD,0.51
ccrescentus,CCNA_02652,mtuberculosis,Rv3854c,0.575
abaylyi,ACIAD2794,ccrescentus,CCNA_02652,0.548
ccrescentus,CCNA_03032,styphimurium,pepB,0.412
ccrescentus,CCNA_03192,mtuberculosis,Rv1531,0.32
saureus,rpsU,styphimurium,rpsU,0.58
abaylyi,ACIAD1331,saureus,rpsU,0.509
saureus,tgt,styphimurium,tgt,0.578
abaylyi,ACIAD1900,saureus,modB,0.409
saureus,modB,styphimurium,modB,0.373
ccrescentus,CCNA_00332,saureus,modB,0.363
mtuberculosis,Rv1858,saureus,modB,0.339
abaylyi,ACIAD2971,ccrescentus,CCNA_01197,0.466
abaylyi,ACIAD3201,ccrescentus,CCNA_01324,0.438
ccrescentus,CCNA_02013,mtuberculosis,Rv3600c,0.339
ccrescentus,CCNA_03513,mtuberculosis,Rv2193,0.336
abaylyi,ACIAD2821,ccrescentus,CCNA_03677,0.331
ccrescentus,CCNA_01342,styphimurium,ycaJ,0.478
abaylyi,ACIAD3596,styphimurium,ycaJ,0.44
saureus,SA1454,styphimurium,ycaJ,0.358
ccrescentus,CCNA_01431,styphimurium,plsX,0.419
saureus,plsX,styphimurium,plsX,0.361
styphimurium,plsX,syn3a,JCVISYN3A_0419,0.309
abaylyi,ACIAD2226,styphimurium,ydiO,0.334
mtuberculosis,Rv0752c,styphimurium,ydiO,0.328
abaylyi,ACIAD3274,styphimurium,yneJ,0.37
saureus,adhE,styphimurium,adhE,0.484
abaylyi,ACIAD1297,styphimurium,artJ,0.324
ccrescentus,CCNA_00397,mtuberculosis,Rv3509c,0.514
mtuberculosis,Rv0703,saureus,rplW,0.516
ccrescentus,CCNA_01308,saureus,rplW,0.441
mtuberculosis,Rv2899c,saureus,narQ,0.318
saureus,SA2329,styphimurium,STM4271,0.318
abaylyi,ACIAD1674,saureus,SA2329,0.304
abaylyi,ACIAD1231,saureus,SA0179,0.368
abaylyi,ACIAD1400,styphimurium,hscB,0.347
abaylyi,ACIAD2886,ccrescentus,CCNA_01983,0.661
abaylyi,ACIAD2886,mtuberculosis,Rv0896,0.547
abaylyi,ACIAD2886,saureus,citZ,0.36
abaylyi,ACIAD3246,styphimurium,suhB,0.454
abaylyi,ACIAD3246,ccrescentus,CCNA_03378,0.389
abaylyi,ACIAD3246,mtuberculosis,Rv2701c,0.395
abaylyi,ACIAD3246,saureus,SA0958,0.331
saureus,infA,syn3a,JCVISYN3A_0649,0.742
styphimurium,infA,syn3a,JCVISYN3A_0649,0.6
mtuberculosis,Rv3462c,syn3a,JCVISYN3A_0649,0.602
abaylyi,ACIAD0472,syn3a,JCVISYN3A_0649,0.602
mgenitalium,MG_173,syn3a,JCVISYN3A_0649,0.459
saureus,SA0529,styphimurium,STM2756,0.339
mtuberculosis,Rv0429c,styphimurium,def,0.383
abaylyi,ACIAD1039,mtuberculosis,Rv0429c,0.356
ccrescentus,CCNA_00273,mtuberculosis,Rv0429c,0.349
mpne,MPN245,mtuberculosis,Rv0429c,0.352
mtuberculosis,Rv1677,styphimurium,ccmG,0.32
saureus,SA1613,styphimurium,STM3841,0.567
abaylyi,ACIAD3682,styphimurium,STM3841,0.558
mtuberculosis,Rv3922c,styphimurium,STM3841,0.507
ccrescentus,CCNA_00495,styphimurium,STM3841,0.483
abaylyi,ACIAD1314,styphimurium,rhlB,0.459
styphimurium,glpK,syn3a,JCVISYN3A_0218,0.555
mtuberculosis,Rv3696c,styphimurium,glpK,0.521
mpne,MPN050,styphimurium,glpK,0.473
mgenitalium,MG_038,styphimurium,glpK,0.459
ccrescentus,CCNA_01281,styphimurium,glpK,0.469
ccrescentus,CCNA_03226,styphimurium,yjdE,0.336
mpne,MPN602,syn3a,JCVISYN3A_0794,0.325
mtuberculosis,Rv1562c,styphimurium,STM1560,0.382
mtuberculosis,Rv1329c,styphimurium,yoaA,0.331
mtuberculosis,Rv0321,styphimurium,dcd,0.431
abaylyi,ACIAD2725,mtuberculosis,Rv3359,0.305
ccrescentus,CCNA_00050,styphimurium,lnt,0.317
ccrescentus,CCNA_00307,styphimurium,msbA,0.355
ccrescentus,CCNA_00307,mtuberculosis,Rv1273c,0.329
mgenitalium,MG_336,mpne,MPN487,0.619
mpne,MPN487,syn3a,JCVISYN3A_0441,0.341
mpne,MPN487,saureus,SA0776,0.314
abaylyi,ACIAD1582,mpne,MPN487,0.31
ccrescentus,CCNA_01936,mpne,MPN487,0.307
mpne,MPN487,styphimurium,csdA,0.3
saureus,trpS,styphimurium,trpS,0.516
saureus,trpS,syn3a,JCVISYN3A_0308,0.462
mtuberculosis,Rv3336c,saureus,trpS,0.461
mpne,MPN265,saureus,trpS,0.363
mgenitalium,MG_126,saureus,trpS,0.358
abaylyi,ACIAD2871,saureus,trpS,0.307
saureus,rpmF,syn3a,JCVISYN3A_0526,0.518
mgenitalium,MG_363,saureus,rpmF,0.51
mpne,MPN540,saureus,rpmF,0.462
abaylyi,ACIAD0099,mtuberculosis,Rv0993,0.388
mtuberculosis,Rv0993,styphimurium,galU,0.391
mtuberculosis,Rv0993,saureus,gtaB,0.395
mgenitalium,MG_453,mtuberculosis,Rv0993,0.359
ccrescentus,CCNA_00941,mtuberculosis,Rv3024c,0.44
mtuberculosis,Rv3024c,saureus,SA1449,0.357
mtuberculosis,Rv3024c,styphimurium,trmU,0.349
mtuberculosis,Rv3024c,syn3a,JCVISYN3A_0387,0.31
mpne,MPN422,mtuberculosis,Rv3024c,0.324
mgenitalium,MG_295,mtuberculosis,Rv3024c,0.313
abaylyi,ACIAD2434,saureus,alr,0.343
saureus,rpsF,syn3a,JCVISYN3A_0027,0.378
mpne,MPN395,syn3a,JCVISYN3A_0413,0.416
mgenitalium,MG_276,syn3a,JCVISYN3A_0413,0.392
abaylyi,ACIAD0546,syn3a,JCVISYN3A_0451,0.325
ccrescentus,CCNA_03242,syn3a,JCVISYN3A_0451,0.322
mtuberculosis,Rv1731,syn3a,JCVISYN3A_0451,0.328
saureus,SA0318,styphimurium,STM2342,0.599
mtuberculosis,Rv3607c,saureus,folB,0.338
abaylyi,ACIAD0246,styphimurium,ybaD,0.567
abaylyi,ACIAD0246,ccrescentus,CCNA_01420,0.478
abaylyi,ACIAD0246,saureus,SA1509,0.485
abaylyi,ACIAD0246,mtuberculosis,Rv2718c,0.413
abaylyi,ACIAD1902,ccrescentus,CCNA_03315,0.3
abaylyi,ACIAD1902,mtuberculosis,Rv0438c,0.3
abaylyi,ACIAD2295,saureus,SA1840,0.471
abaylyi,ACIAD2436,mtuberculosis,Rv2569c,0.303
abaylyi,ACIAD2590,styphimurium,pabC,0.348
saureus,ptsG,styphimurium,STM2758,0.499
mtuberculosis,Rv2793c,styphimurium,truB,0.438
ccrescentus,CCNA_00035,styphimurium,truB,0.362
saureus,truB,styphimurium,truB,0.374
styphimurium,truB,syn3a,JCVISYN3A_0290,0.355
abaylyi,ACIAD2662,styphimurium,cycA,0.593
abaylyi,ACIAD2662,mtuberculosis,Rv1704c,0.534
abaylyi,ACIAD2973,ccrescentus,CCNA_01667,0.461
abaylyi,ACIAD2973,styphimurium,kdpE,0.452
abaylyi,ACIAD3191,mtuberculosis,Rv2724c,0.506
ccrescentus,CCNA_03412,mtuberculosis,Rv0157,0.469
abaylyi,ACIAD3078,mtuberculosis,Rv0157,0.425
mtuberculosis,Rv0157,styphimurium,pntB,0.436
mtuberculosis,Rv2065,styphimurium,cbiC,0.322
mgenitalium,MG_253,mtuberculosis,Rv2130c,0.306
abaylyi,ACIAD0003,styphimurium,recF,0.339
abaylyi,ACIAD0182,styphimurium,atpE,0.506
abaylyi,ACIAD0182,saureus,atpE,0.514
mgenitalium,MG_142,mpne,MPN155,0.788
mpne,MPN155,syn3a,JCVISYN3A_0297,0.437
mpne,MPN155,saureus,infB,0.443
ccrescentus,CCNA_00041,mpne,MPN155,0.422
mpne,MPN155,styphimurium,infB,0.422
abaylyi,ACIAD0369,mpne,MPN155,0.394
mpne,MPN155,mtuberculosis,Rv2839c,0.411
abaylyi,ACIAD0437,ccrescentus,CCNA_02384,0.358
ccrescentus,CCNA_02384,mtuberculosis,Rv1206,0.363
abaylyi,ACIAD1571,mtuberculosis,Rv0222,0.418
mtuberculosis,Rv0222,styphimurium,caiD,0.421
abaylyi,ACIAD1095,mtuberculosis,Rv1852,0.551
mtuberculosis,Rv1852,saureus,ureG,0.534
abaylyi,ACIAD2041,mtuberculosis,Rv2594c,0.372
mtuberculosis,Rv2594c,styphimurium,ruvC,0.395
ccrescentus,CCNA_03346,mtuberculosis,Rv2594c,0.35
abaylyi,ACIAD3306,saureus,SA1536,0.368
abaylyi,ACIAD3306,ccrescentus,CCNA_00376,0.33
abaylyi,ACIAD3306,styphimurium,yfcA,0.318
mgenitalium,MG_296,mpne,MPN423,0.666
mpne,MPN498,styphimurium,sgaE,0.526
mgenitalium,MG_423,mpne,MPN621,0.857
mpne,MPN621,syn3a,JCVISYN3A_0257,0.3
mpne,MPN278,syn3a,JCVISYN3A_0814,0.37
mgenitalium,MG_137,syn3a,JCVISYN3A_0814,0.373
ccrescentus,CCNA_00465,syn3a,JCVISYN3A_0814,0.329
mtuberculosis,Rv3809c,syn3a,JCVISYN3A_0814,0.307
styphimurium,STM0719,syn3a,JCVISYN3A_0814,0.306
ccrescentus,CCNA_00204,styphimurium,kefC,0.463
saureus,ribH,styphimurium,ribH,0.586
ccrescentus,CCNA_00932,styphimurium,ribH,0.451
abaylyi,ACIAD0534,styphimurium,clpP,0.77
ccrescentus,CCNA_02041,styphimurium,clpP,0.63
saureus,clpP,styphimurium,clpP,0.652
ccrescentus,CCNA_02747,saureus,SA0771,0.394
mtuberculosis,Rv0362,saureus,SA0867,0.332
ccrescentus,CCNA_02256,saureus,SA0867,0.309
saureus,SA0958,styphimurium,suhB,0.341
ccrescentus,CCNA_03378,saureus,SA0958,0.305
mtuberculosis,Rv2701c,saureus,SA0958,0.363
saureus,ffh,styphimurium,ffh,0.512
abaylyi,ACIAD0839,saureus,ffh,0.525
ccrescentus,CCNA_03768,saureus,ffh,0.465
saureus,ffh,syn3a,JCVISYN3A_0360,0.439
mgenitalium,MG_048,saureus,ffh,0.447
mpne,MPN061,saureus,ffh,0.418
mgenitalium,MG_058,mpne,MPN073,0.78
mgenitalium,MG_058,syn3a,JCVISYN3A_0831,0.414
abaylyi,ACIAD2907,mgenitalium,MG_058,0.408
ccrescentus,CCNA_00520,mgenitalium,MG_058,0.41
mgenitalium,MG_058,mtuberculosis,Rv1017c,0.408
mgenitalium,MG_215,mpne,MPN302,0.663
mgenitalium,MG_215,syn3a,JCVISYN3A_0220,0.386
mgenitalium,MG_215,saureus,pfk,0.359
mgenitalium,MG_339,mpne,MPN490,0.787
mgenitalium,MG_339,saureus,recA,0.478
ccrescentus,CCNA_01141,mgenitalium,MG_339,0.462
mgenitalium,MG_400,mpne,MPN599,0.734
mgenitalium,MG_400,syn3a,JCVISYN3A_0791,0.333
mtuberculosis,Rv1538c,styphimurium,STM3598,0.311
abaylyi,ACIAD3005,mtuberculosis,Rv2725c,0.443
mtuberculosis,Rv2725c,styphimurium,hflX,0.398
abaylyi,ACIAD2517,mtuberculosis,Rv3285,0.539
mtuberculosis,Rv3285,styphimurium,accC,0.454
ccrescentus,CCNA_00005,styphimurium,dnaQ,0.435
abaylyi,ACIAD1809,ccrescentus,CCNA_02614,0.386
abaylyi,ACIAD1245,ccrescentus,CCNA_03284,0.605
mtuberculosis,Rv3919c,styphimurium,gidB,0.347
ccrescentus,CCNA_03870,mtuberculosis,Rv3919c,0.344
mtuberculosis,Rv2898c,styphimurium,yraN,0.441
abaylyi,ACIAD0208,styphimurium,yrdC,0.433
saureus,rocD,styphimurium,argD,0.389
abaylyi,ACIAD2452,styphimurium,gloB,0.4
abaylyi,ACIAD2452,mtuberculosis,Rv0634c,0.311
abaylyi,ACIAD2607,ccrescentus,CCNA_00401,0.37
abaylyi,ACIAD2950,ccrescentus,CCNA_01381,0.459
abaylyi,ACIAD2950,saureus,valS,0.407
abaylyi,ACIAD2950,mtuberculosis,Rv2448c,0.417
abaylyi,ACIAD2950,syn3a,JCVISYN3A_0260,0.336
abaylyi,ACIAD2950,mgenitalium,MG_334,0.302
abaylyi,ACIAD2950,mpne,MPN480,0.333
abaylyi,ACIAD2595,styphimurium,cysW,0.5
mtuberculosis,Rv2398c,styphimurium,cysW,0.378
abaylyi,ACIAD0451,saureus,katA,0.662
abaylyi,ACIAD0451,styphimurium,katE,0.394
abaylyi,ACIAD0740,styphimurium,nuoK,0.646
abaylyi,ACIAD0409,saureus,priA,0.35
ccrescentus,CCNA_02975,mtuberculosis,Rv1420,0.351
mtuberculosis,Rv1420,styphimurium,uvrC,0.362
abaylyi,ACIAD0340,mtuberculosis,Rv1420,0.337
abaylyi,ACIAD2840,ccrescentus,CCNA_03671,0.32
abaylyi,ACIAD3103,styphimurium,ilvH,0.611
abaylyi,ACIAD3103,mtuberculosis,Rv3002c,0.407
abaylyi,ACIAD3103,ccrescentus,CCNA_02186,0.448
abaylyi,ACIAD3207,styphimurium,rplE,0.674
abaylyi,ACIAD3207,mtuberculosis,Rv0716,0.642
abaylyi,ACIAD3207,saureus,rplE,0.584
abaylyi,ACIAD3207,ccrescentus,CCNA_01318,0.588
abaylyi,ACIAD3207,syn3a,JCVISYN3A_0659,0.536
abaylyi,ACIAD3207,mgenitalium,MG_163,0.536
abaylyi,ACIAD3207,mpne,MPN177,0.517
abaylyi,ACIAD3354,ccrescentus,CCNA_03103,0.402
abaylyi,ACIAD3354,mtuberculosis,Rv2539c,0.401
abaylyi,ACIAD3538,ccrescentus,CCNA_02703,0.419
abaylyi,ACIAD3386,styphimurium,yhgF,0.527
abaylyi,ACIAD0901,styphimurium,dut,0.704
ccrescentus,CCNA_03828,styphimurium,dut,0.485
saureus,ilvB,styphimurium,ilvB,0.428
abaylyi,ACIAD1868,styphimurium,STM4192,0.358
mgenitalium,MG_126,mpne,MPN265,0.681
mpne,MPN265,syn3a,JCVISYN3A_0308,0.431
mpne,MPN265,styphimurium,trpS,0.393
mpne,MPN265,mtuberculosis,Rv3336c,0.37
mpne,MPN334,saureus,SA1655,0.32
ccrescentus,CCNA_03681,mpne,MPN334,0.309
mpne,MPN334,mtuberculosis,Rv1218c,0.304
mgenitalium,MG_331,mpne,MPN477,0.395
mgenitalium,MG_359,mpne,MPN536,0.833
mpne,MPN536,saureus,ruvB,0.336
abaylyi,ACIAD2615,mpne,MPN536,0.319
mpne,MPN536,styphimurium,ruvB,0.315
abaylyi,ACIAD2842,mtuberculosis,Rv0211,0.562
ccrescentus,CCNA_02076,styphimurium,pcm,0.487
abaylyi,ACIAD3550,ccrescentus,CCNA_02206,0.431
ccrescentus,CCNA_02335,mtuberculosis,Rv1604,0.339
ccrescentus,CCNA_03064,mtuberculosis,Rv3488,0.377
ccrescentus,CCNA_03256,styphimurium,aroC,0.592
abaylyi,ACIAD2028,ccrescentus,CCNA_03256,0.542
ccrescentus,CCNA_03256,mtuberculosis,Rv2540c,0.385
mtuberculosis,Rv1108c,styphimurium,xseA,0.308
ccrescentus,CCNA_02329,mtuberculosis,Rv1108c,0.349
saureus,bacA,styphimurium,bacA,0.469
abaylyi,ACIAD1642,styphimurium,bacA,0.435
mtuberculosis,Rv2136c,styphimurium,bacA,0.354
abaylyi,ACIAD1430,ccrescentus,CCNA_02480,0.536
abaylyi,ACIAD1649,styphimurium,putP,0.654
abaylyi,ACIAD1649,saureus,putP,0.486
abaylyi,ACIAD2318,ccrescentus,CCNA_02555,0.528
abaylyi,ACIAD2318,saureus,hit,0.421
abaylyi,ACIAD2318,mtuberculosis,Rv1262c,0.42
abaylyi,ACIAD2318,styphimurium,ycfF,0.361
abaylyi,ACIAD2318,mpne,A65_orf144,0.336
abaylyi,ACIAD2318,mgenitalium,MG_132,0.314
abaylyi,ACIAD1216,styphimurium,sohB,0.575
ccrescentus,CCNA_01776,styphimurium,rnd,0.3
saureus,nanA,styphimurium,nanA,0.373
ccrescentus,CCNA_00872,styphimurium,grxC,0.56
abaylyi,ACIAD3121,styphimurium,grxC,0.524
mgenitalium,MG_038,mpne,MPN050,0.742
mgenitalium,MG_038,syn3a,JCVISYN3A_0218,0.487
mgenitalium,MG_038,mtuberculosis,Rv3696c,0.429
ccrescentus,CCNA_01281,mgenitalium,MG_038,0.417
mgenitalium,MG_287,mpne,MPN406,0.666
mgenitalium,MG_349,mpne,MPN525,0.653
saureus,ruvB,styphimurium,ruvB,0.625
abaylyi,ACIAD2615,saureus,ruvB,0.536
mgenitalium,MG_359,saureus,ruvB,0.345
mtuberculosis,Rv3069,saureus,SA1601,0.361
ccrescentus,CCNA_02060,saureus,SA1601,0.318
ccrescentus,CCNA_02090,mtuberculosis,Rv0427c,0.369
abaylyi,ACIAD0881,styphimurium,rpsL,0.845
abaylyi,ACIAD0881,syn3a,JCVISYN3A_0148,0.632
abaylyi,ACIAD0881,mpne,MPN225,0.632
abaylyi,ACIAD0881,mgenitalium,MG_087,0.625
mgenitalium,MG_009,mpne,MPN009,0.674
mpne,MPN009,styphimurium,ycfH,0.328
mpne,MPN009,saureus,SA0449,0.317
mtuberculosis,Rv0113,styphimurium,ghmA,0.429
ccrescentus,CCNA_01308,mtuberculosis,Rv0703,0.473
ccrescentus,CCNA_01774,mtuberculosis,Rv0956,0.413
mtuberculosis,Rv0956,styphimurium,purN,0.37
abaylyi,ACIAD2635,mtuberculosis,Rv0956,0.336
mtuberculosis,Rv1644,saureus,SA0984,0.338
ccrescentus,CCNA_02535,mtuberculosis,Rv3646c,0.393
mtuberculosis,Rv3646c,styphimurium,topA,0.424
mtuberculosis,Rv3646c,saureus,SA1093,0.384
mgenitalium,MG_122,mtuberculosis,Rv3646c,0.319
abaylyi,ACIAD2218,styphimurium,yaaA,0.645
ccrescentus,CCNA_03496,styphimurium,yaaA,0.476
mpne,MPN307,saureus,SA1013,0.456
saureus,dnaG,syn3a,JCVISYN3A_0406,0.334
abaylyi,ACIAD2212,ccrescentus,CCNA_01729,0.533
abaylyi,ACIAD2428,styphimurium,cyoD,0.588
abaylyi,ACIAD2428,ccrescentus,CCNA_01848,0.441
abaylyi,ACIAD2847,mgenitalium,MG_013,0.345
abaylyi,ACIAD3179,styphimurium,vacB,0.421
abaylyi,ACIAD3179,syn3a,JCVISYN3A_0775,0.361
abaylyi,ACIAD3510,styphimurium,lpxC,0.511
abaylyi,ACIAD3619,styphimurium,dapB,0.604
abaylyi,ACIAD3619,ccrescentus,CCNA_03664,0.42
abaylyi,ACIAD3619,saureus,dapB,0.397
mgenitalium,MG_517,mpne,MPN483,0.562
saureus,rpsG,syn3a,JCVISYN3A_0149,0.681
mpne,MPN226,syn3a,JCVISYN3A_0149,0.619
mtuberculosis,Rv0683,syn3a,JCVISYN3A_0149,0.558
ccrescentus,CCNA_03305,syn3a,JCVISYN3A_0149,0.541
styphimurium,rpsG,syn3a,JCVISYN3A_0149,0.496
abaylyi,ACIAD0883,syn3a,JCVISYN3A_0149,0.455
mgenitalium,MG_446,syn3a,JCVISYN3A_0362,0.51
ccrescentus,CCNA_03767,syn3a,JCVISYN3A_0362,0.476
abaylyi,ACIAD3313,syn3a,JCVISYN3A_0362,0.418
styphimurium,rpsP,syn3a,JCVISYN3A_0362,0.426
ccrescentus,CCNA_01360,mtuberculosis,Rv0753c,0.657
ccrescentus,CCNA_01360,styphimurium,STM4421,0.546
abaylyi,ACIAD1604,ccrescentus,CCNA_01360,0.495
mtuberculosis,Rv1841c,saureus,SA0657,0.315
mtuberculosis,Rv3393,styphimurium,rihC,0.342
ccrescentus,CCNA_00690,mtuberculosis,Rv3583c,0.339
abaylyi,ACIAD1188,styphimurium,STM1097,0.535
ccrescentus,CCNA_02703,styphimurium,STM1097,0.438
saureus,ant(9),styphimurium,aadA,0.345
ccrescentus,CCNA_01494,styphimurium,cfa,0.343
abaylyi,ACIAD1630,styphimurium,cfa,0.342
mtuberculosis,Rv3392c,styphimurium,cfa,0.375
ccrescentus,CCNA_01626,styphimurium,pdxJ,0.546
abaylyi,ACIAD2577,ccrescentus,CCNA_01626,0.52
ccrescentus,CCNA_01693,styphimurium,lysR,0.35
ccrescentus,CCNA_03135,styphimurium,fliI,0.454
ccrescentus,CCNA_03423,mtuberculosis,Rv2570,0.351
mtuberculosis,Rv0117,styphimurium,xapR,0.328
abaylyi,ACIAD0448,mtuberculosis,Rv0117,0.327
mtuberculosis,Rv0337c,styphimurium,yfbQ,0.619
mtuberculosis,Rv0799c,styphimurium,STM2446,0.377
abaylyi,ACIAD3530,mtuberculosis,Rv3084,0.331
abaylyi,ACIAD0591,styphimurium,queA,0.553
saureus,queA,styphimurium,queA,0.459
ccrescentus,CCNA_01658,styphimurium,queA,0.457
abaylyi,ACIAD2058,styphimurium,gltK,0.478
abaylyi,ACIAD2879,styphimurium,sdhB,0.673
ccrescentus,CCNA_03641,styphimurium,sdhB,0.549
mtuberculosis,Rv3319,styphimurium,sdhB,0.456
abaylyi,ACIAD3381,styphimurium,poxB,0.439
saureus,SA2327,styphimurium,poxB,0.328
mgenitalium,MG_456,mpne,MPN670,0.533
abaylyi,ACIAD3310,syn3a,JCVISYN3A_0365,0.495
styphimurium,rplS,syn3a,JCVISYN3A_0365,0.485
ccrescentus,CCNA_00197,syn3a,JCVISYN3A_0365,0.542
mgenitalium,MG_444,syn3a,JCVISYN3A_0365,0.425
mtuberculosis,Rv3743c,styphimurium,zntA,0.365
styphimurium,parE,syn3a,JCVISYN3A_0006,0.404
mpne,MPN003,styphimurium,parE,0.392
mgenitalium,MG_003,styphimurium,parE,0.391
mpne,MPN225,styphimurium,rpsL,0.656
styphimurium,rpsL,syn3a,JCVISYN3A_0148,0.661
mgenitalium,MG_087,styphimurium,rpsL,0.647
ccrescentus,CCNA_01665,styphimurium,kdpC,0.481
mtuberculosis,Rv1031,styphimurium,kdpC,0.462
abaylyi,ACIAD2976,styphimurium,kdpC,0.452
saureus,kdpC(SCCmec),styphimurium,kdpC,0.416
abaylyi,ACIAD2875,styphimurium,sucB,0.613
saureus,odhB,styphimurium,sucB,0.444
mtuberculosis,Rv2215,styphimurium,sucB,0.364
ccrescentus,CCNA_03805,styphimurium,yqjI,0.407
abaylyi,ACIAD0154,styphimurium,yqjI,0.392
mtuberculosis,Rv1253,styphimurium,deaD,0.474
saureus,SA1885,styphimurium,deaD,0.47
mgenitalium,MG_425,styphimurium,deaD,0.313
mgenitalium,MG_356,mpne,MPN532,0.747
abaylyi,ACIAD0738,styphimurium,nuoI,0.786
ccrescentus,CCNA_02020,styphimurium,nuoI,0.422
mtuberculosis,Rv2499c,styphimurium,STM3119,0.496
mgenitalium,MG_171,mpne,MPN185,0.452
mgenitalium,MG_171,saureus,adk,0.36
mgenitalium,MG_171,syn3a,JCVISYN3A_0651,0.367
abaylyi,ACIAD1105,mgenitalium,MG_171,0.34
mgenitalium,MG_171,styphimurium,adk,0.34
mgenitalium,MG_264,mpne,MPN382,0.502
mgenitalium,MG_387,mpne,MPN568,0.6
ccrescentus,CCNA_00916,mtuberculosis,Rv1959c,0.436
abaylyi,ACIAD1670,ccrescentus,CCNA_01014,0.438
mpne,MPN226,saureus,rpsG,0.629
mtuberculosis,Rv0683,saureus,rpsG,0.602
saureus,rpsG,styphimurium,rpsG,0.602
ccrescentus,CCNA_03305,saureus,rpsG,0.573
abaylyi,ACIAD0883,saureus,rpsG,0.538
abaylyi,ACIAD1660,saureus,SA0225,0.313
abaylyi,ACIAD2079,styphimurium,glnD,0.399
abaylyi,ACIAD2079,ccrescentus,CCNA_00013,0.312
ccrescentus,CCNA_01911,styphimurium,STM0409,0.462
ccrescentus,CCNA_01848,styphimurium,cyoD,0.484
abaylyi,ACIAD1481,styphimurium,cysS,0.527
ccrescentus,CCNA_00492,styphimurium,cysS,0.478
saureus,cysS,styphimurium,cysS,0.445
mtuberculosis,Rv3580c,styphimurium,cysS,0.422
styphimurium,cysS,syn3a,JCVISYN3A_0837,0.327
mpne,MPN356,styphimurium,cysS,0.352
mgenitalium,MG_253,styphimurium,cysS,0.321
abaylyi,ACIAD3353,styphimurium,aroB,0.536
ccrescentus,CCNA_03104,styphimurium,aroB,0.484
mtuberculosis,Rv2538c,styphimurium,aroB,0.42
saureus,aroB,styphimurium,aroB,0.371
saureus,SA0305,styphimurium,STM3681,0.304
mtuberculosis,Rv3054c,styphimurium,yieF,0.448
abaylyi,ACIAD1286,styphimurium,astA,0.529
ccrescentus,CCNA_01678,styphimurium,astA,0.41
abaylyi,ACIAD0848,styphimurium,lig,0.499
saureus,lig,styphimurium,lig,0.437
ccrescentus,CCNA_01590,styphimurium,lig,0.423
mtuberculosis,Rv3014c,styphimurium,lig,0.438
styphimurium,lig,syn3a,JCVISYN3A_0690,0.397
mpne,MPN357,styphimurium,lig,0.385
abaylyi,ACIAD1662,styphimurium,cysK,0.618
abaylyi,ACIAD1662,ccrescentus,CCNA_03740,0.512
abaylyi,ACIAD1662,saureus,cysK,0.498
abaylyi,ACIAD2296,saureus,SA1078,0.461
abaylyi,ACIAD2296,ccrescentus,CCNA_03793,0.429
abaylyi,ACIAD2296,mtuberculosis,Rv2921c,0.435
abaylyi,ACIAD1065,styphimurium,ygbD,0.368
abaylyi,ACIAD1243,styphimurium,yieG,0.512
abaylyi,ACIAD1243,ccrescentus,CCNA_00186,0.522
abaylyi,ACIAD1380,styphimurium,lpxD,0.402
mgenitalium,MG_020,mpne,MPN022,0.624
mgenitalium,MG_238,mpne,MPN331,0.626
mgenitalium,MG_427,mpne,MPN625,0.765
abaylyi,ACIAD2654,ccrescentus,CCNA_00763,0.614
ccrescentus,CCNA_00763,styphimurium,STM0856,0.574
ccrescentus,CCNA_00763,mtuberculosis,Rv3028c,0.434
ccrescentus,CCNA_01670,styphimurium,cysA,0.573
ccrescentus,CCNA_01670,mtuberculosis,Rv2397c,0.528
abaylyi,ACIAD2588,ccrescentus,CCNA_01900,0.442
ccrescentus,CCNA_01900,mgenitalium,MG_006,0.333
ccrescentus,CCNA_01900,mpne,MPN006,0.359
ccrescentus,CCNA_01995,styphimurium,cdsA,0.336
ccrescentus,CCNA_01995,saureus,cdsA,0.435
saureus,rpsR,styphimurium,rpsR,0.585
abaylyi,ACIAD2431,saureus,rpsR,0.569
mtuberculosis,Rv0055,saureus,rpsR,0.516
mgenitalium,MG_092,saureus,rpsR,0.457
mpne,MPN230,saureus,rpsR,0.485
saureus,SA1389,syn3a,JCVISYN3A_0408,0.349
saureus,pykA,styphimurium,pykF,0.485
mtuberculosis,Rv1617,saureus,pykA,0.386
ccrescentus,CCNA_02130,saureus,pykA,0.38
saureus,pykA,syn3a,JCVISYN3A_0221,0.425
mpne,MPN303,saureus,pykA,0.415
abaylyi,ACIAD1934,saureus,SA2248,0.375
saureus,SA2413,styphimurium,cysJ,0.388
abaylyi,ACIAD1187,mtuberculosis,Rv0066c,0.761
mtuberculosis,Rv1442,styphimurium,bisC,0.404
mtuberculosis,Rv1692,saureus,SA0790,0.358
abaylyi,ACIAD1508,styphimurium,yliD,0.319
mtuberculosis,Rv2167c,styphimurium,STM0947,0.339
abaylyi,ACIAD2618,ccrescentus,CCNA_03342,0.362
ccrescentus,CCNA_03729,styphimurium,talB,0.327
abaylyi,ACIAD1980,ccrescentus,CCNA_03729,0.304
abaylyi,ACIAD2098,saureus,SA2377,0.362
mgenitalium,MG_474,mpne,MPN070,0.637
ccrescentus,CCNA_00299,saureus,purD,0.397
mtuberculosis,Rv0772,saureus,purD,0.367
ccrescentus,CCNA_03104,saureus,aroB,0.35
abaylyi,ACIAD3353,saureus,aroB,0.351
mtuberculosis,Rv2538c,saureus,aroB,0.349
abaylyi,ACIAD1768,styphimurium,livG,0.384
saureus,uhpT,styphimurium,uhpT,0.509
ccrescentus,CCNA_03534,styphimurium,ubiA,0.366
abaylyi,ACIAD3347,ccrescentus,CCNA_03568,0.52
ccrescentus,CCNA_03827,mtuberculosis,Rv1391,0.46
ccrescentus,CCNA_03827,saureus,SA1054,0.445
abaylyi,ACIAD3182,styphimurium,prlC,0.498
abaylyi,ACIAD0384,styphimurium,ubiE,0.693
ccrescentus,CCNA_03823,styphimurium,ubiE,0.454
saureus,gerCB,styphimurium,ubiE,0.399
mtuberculosis,Rv0558,styphimurium,ubiE,0.433
saureus,pstB,syn3a,JCVISYN3A_0427,0.584
abaylyi,ACIAD1215,syn3a,JCVISYN3A_0427,0.536
ccrescentus,CCNA_00294,syn3a,JCVISYN3A_0427,0.534
mgenitalium,MG_410,syn3a,JCVISYN3A_0427,0.532
saureus,rplB,syn3a,JCVISYN3A_0668,0.665
mpne,MPN168,syn3a,JCVISYN3A_0668,0.609
mgenitalium,MG_154,syn3a,JCVISYN3A_0668,0.587
mtuberculosis,Rv0704,syn3a,JCVISYN3A_0668,0.573
abaylyi,ACIAD3216,syn3a,JCVISYN3A_0668,0.564
ccrescentus,CCNA_01309,syn3a,JCVISYN3A_0668,0.508
mgenitalium,MG_102,syn3a,JCVISYN3A_0819,0.471
saureus,trxB,syn3a,JCVISYN3A_0819,0.45
mtuberculosis,Rv3913,syn3a,JCVISYN3A_0819,0.371
ccrescentus,CCNA_02964,syn3a,JCVISYN3A_0819,0.371
abaylyi,ACIAD1234,syn3a,JCVISYN3A_0819,0.35
styphimurium,ahpF,syn3a,JCVISYN3A_0819,0.346
abaylyi,ACIAD0011,styphimurium,ydhH,0.432
ccrescentus,CCNA_01945,styphimurium,ydhH,0.35
abaylyi,ACIAD3548,styphimurium,dsbB,0.328
saureus,SA1709,styphimurium,ftn,0.36
abaylyi,ACIAD1073,styphimurium,cysN,0.603
ccrescentus,CCNA_01549,styphimurium,cysN,0.554
abaylyi,ACIAD1224,styphimurium,yrdA,0.606
ccrescentus,CCNA_02726,styphimurium,yrdA,0.444
abaylyi,ACIAD2660,ccrescentus,CCNA_02296,0.429
ccrescentus,CCNA_02296,styphimurium,lysA,0.341
ccrescentus,CCNA_02296,saureus,lysA,0.34
ccrescentus,CCNA_02296,mtuberculosis,Rv1293,0.324
abaylyi,ACIAD0822,ccrescentus,CCNA_02518,0.522
ccrescentus,CCNA_02518,mtuberculosis,Rv3009c,0.389
ccrescentus,CCNA_02518,mgenitalium,MG_100,0.304
ccrescentus,CCNA_02518,mpne,MPN238,0.3
abaylyi,ACIAD1355,saureus,SA1815,0.368
saureus,SA1975,styphimurium,ydjM,0.335
saureus,rplX,styphimurium,rplX,0.534
abaylyi,ACIAD3208,saureus,rplX,0.495
mtuberculosis,Rv0715,saureus,rplX,0.5
saureus,rplX,syn3a,JCVISYN3A_0660,0.5
mpne,MPN176,saureus,rplX,0.354
abaylyi,ACIAD1904,saureus,moaE,0.405
saureus,moaE,styphimurium,moaE,0.35
abaylyi,ACIAD1914,ccrescentus,CCNA_00649,0.316
ccrescentus,CCNA_02297,mtuberculosis,Rv3624c,0.314
abaylyi,ACIAD3669,ccrescentus,CCNA_02297,0.323
ccrescentus,CCNA_02519,saureus,SA1716,0.513
ccrescentus,CCNA_02519,mtuberculosis,Rv3011c,0.475
ccrescentus,CCNA_02519,syn3a,JCVISYN3A_0688,0.346
ccrescentus,CCNA_02519,mpne,MPN237,0.316
ccrescentus,CCNA_02519,mgenitalium,MG_099,0.306
abaylyi,ACIAD0241,ccrescentus,CCNA_02741,0.314
saureus,rplN,syn3a,JCVISYN3A_0661,0.672
abaylyi,ACIAD3209,saureus,rplN,0.655
mpne,MPN175,saureus,rplN,0.614
mgenitalium,MG_161,saureus,rplN,0.606
abaylyi,ACIAD1358,saureus,SA2127,0.373
mgenitalium,MG_091,mpne,MPN229,0.581
mgenitalium,MG_480,mpne,MPN295,0.695
mpne,MPN628,syn3a,JCVISYN3A_0729,0.435
mpne,MPN628,styphimurium,pmgI,0.418
abaylyi,ACIAD1575,mtuberculosis,Rv0778,0.366
abaylyi,ACIAD3061,styphimurium,panB,0.512
abaylyi,ACIAD3061,saureus,panB,0.464
abaylyi,ACIAD3061,mtuberculosis,Rv2225,0.419
abaylyi,ACIAD3061,ccrescentus,CCNA_01723,0.391
mgenitalium,MG_094,mpne,MPN232,0.683
mgenitalium,MG_094,syn3a,JCVISYN3A_0834,0.319
ccrescentus,CCNA_01737,mgenitalium,MG_094,0.375
abaylyi,ACIAD2433,mgenitalium,MG_094,0.308
abaylyi,ACIAD1500,styphimurium,mutS,0.505
abaylyi,ACIAD1500,ccrescentus,CCNA_00012,0.408
abaylyi,ACIAD1500,saureus,mutS,0.375
abaylyi,ACIAD1646,styphimurium,putA,0.589
abaylyi,ACIAD1646,ccrescentus,CCNA_00846,0.481
abaylyi,ACIAD0799,ccrescentus,CCNA_03159,0.435
mtuberculosis,Rv1436,styphimurium,gapA,0.51
mpne,MPN430,styphimurium,gapA,0.48
ccrescentus,CCNA_03358,styphimurium,gapA,0.479
ccrescentus,CCNA_02181,styphimurium,yniC,0.333
abaylyi,ACIAD0183,styphimurium,atpF,0.519
abaylyi,ACIAD3065,ccrescentus,CCNA_01821,0.446
abaylyi,ACIAD3065,styphimurium,mazG,0.425
abaylyi,ACIAD3209,mpne,MPN175,0.561
abaylyi,ACIAD3209,mgenitalium,MG_161,0.553
abaylyi,ACIAD3209,syn3a,JCVISYN3A_0661,0.549
ccrescentus,CCNA_00970,mtuberculosis,Rv1058,0.416
ccrescentus,CCNA_01355,styphimurium,STM4417,0.421
ccrescentus,CCNA_01420,mtuberculosis,Rv2718c,0.464
ccrescentus,CCNA_01420,styphimurium,ybaD,0.457
ccrescentus,CCNA_01420,saureus,SA1509,0.448
ccrescentus,CCNA_01522,mtuberculosis,Rv0370c,0.332
ccrescentus,CCNA_00782,saureus,SA2261,0.331
mtuberculosis,Rv1656,saureus,arcB,0.363
abaylyi,ACIAD1366,saureus,arcB,0.349
ccrescentus,CCNA_02325,saureus,arcB,0.378
abaylyi,ACIAD1060,mtuberculosis,Rv0110,0.346
abaylyi,ACIAD3557,styphimurium,phoB,0.622
ccrescentus,CCNA_00296,styphimurium,phoB,0.497
mtuberculosis,Rv3246c,styphimurium,phoB,0.404
abaylyi,ACIAD0830,styphimurium,cafA,0.535
ccrescentus,CCNA_01954,styphimurium,cafA,0.322
saureus,feoB,styphimurium,feoB,0.353
ccrescentus,CCNA_00749,styphimurium,feoB,0.317
abaylyi,ACIAD3525,styphimurium,pyrE,0.574
mtuberculosis,Rv0382c,styphimurium,pyrE,0.304
ccrescentus,CCNA_00043,styphimurium,nusA,0.412
abaylyi,ACIAD0368,ccrescentus,CCNA_00043,0.397
ccrescentus,CCNA_00043,mtuberculosis,Rv2841c,0.412
ccrescentus,CCNA_00043,syn3a,JCVISYN3A_0300,0.364
ccrescentus,CCNA_02045,mtuberculosis,Rv1867,0.374
abaylyi,ACIAD1451,ccrescentus,CCNA_02494,0.32
abaylyi,ACIAD1632,ccrescentus,CCNA_02684,0.43
mtuberculosis,Rv2420c,saureus,SA1420,0.397
mtuberculosis,Rv2420c,styphimurium,ybeB,0.369
ccrescentus,CCNA_03545,mtuberculosis,Rv2420c,0.34
mtuberculosis,Rv2890c,saureus,rpsB,0.615
mtuberculosis,Rv2890c,styphimurium,rpsB,0.535
abaylyi,ACIAD2269,mtuberculosis,Rv2890c,0.487
mtuberculosis,Rv2890c,syn3a,JCVISYN3A_0540,0.475
mgenitalium,MG_070,mtuberculosis,Rv2890c,0.386
mpne,MPN208,mtuberculosis,Rv2890c,0.391
mtuberculosis,Rv0253,styphimurium,nirD,0.428
abaylyi,ACIAD0180,styphimurium,atpB,0.578
mtuberculosis,Rv1304,styphimurium,atpB,0.338
saureus,atpB,styphimurium,atpB,0.333
abaylyi,ACIAD2614,styphimurium,ruvA,0.433
abaylyi,ACIAD2614,saureus,ruvA,0.404
abaylyi,ACIAD2614,mtuberculosis,Rv2593c,0.334
abaylyi,ACIAD2614,ccrescentus,CCNA_03345,0.306
abaylyi,ACIAD0078,ccrescentus,CCNA_01198,0.375
ccrescentus,CCNA_01325,saureus,rplO,0.479
ccrescentus,CCNA_01325,styphimurium,rplO,0.439
abaylyi,ACIAD3200,ccrescentus,CCNA_01325,0.439
ccrescentus,CCNA_01325,syn3a,JCVISYN3A_0653,0.41
ccrescentus,CCNA_01325,mgenitalium,MG_169,0.366
abaylyi,ACIAD0100,ccrescentus,CCNA_02464,0.315
abaylyi,ACIAD0650,ccrescentus,CCNA_03162,0.421
ccrescentus,CCNA_03162,saureus,argJ,0.391
ccrescentus,CCNA_03162,mtuberculosis,Rv1653,0.379
mtuberculosis,Rv3858c,saureus,gltD,0.425
ccrescentus,CCNA_03721,saureus,gltD,0.358
saureus,gltD,styphimurium,aegA,0.337
abaylyi,ACIAD3349,saureus,gltD,0.312
ccrescentus,CCNA_03658,mtuberculosis,Rv1612,0.606
mtuberculosis,Rv1612,saureus,trpB,0.529
mtuberculosis,Rv2211c,saureus,SA1367,0.377
mtuberculosis,Rv2211c,styphimurium,gcvT,0.387
mgenitalium,MG_005,mpne,MPN005,0.793
mgenitalium,MG_005,syn3a,JCVISYN3A_0061,0.412
abaylyi,ACIAD2935,mgenitalium,MG_005,0.422
ccrescentus,CCNA_02078,mgenitalium,MG_005,0.401
mgenitalium,MG_101,mpne,MPN239,0.63
mgenitalium,MG_163,mpne,MPN177,0.826
mgenitalium,MG_163,saureus,rplE,0.564
mgenitalium,MG_163,syn3a,JCVISYN3A_0659,0.596
mgenitalium,MG_163,styphimurium,rplE,0.547
mgenitalium,MG_163,mtuberculosis,Rv0716,0.528
ccrescentus,CCNA_01318,mgenitalium,MG_163,0.508
abaylyi,ACIAD2554,ccrescentus,CCNA_03745,0.523
ccrescentus,CCNA_03745,styphimurium,purU,0.409
ccrescentus,CCNA_03809,mtuberculosis,Rv3501c,0.348
saureus,SA0185,styphimurium,STM2571,0.48
mtuberculosis,Rv0490,styphimurium,phoR,0.346
abaylyi,ACIAD3558,mtuberculosis,Rv0490,0.336
ccrescentus,CCNA_00074,mtuberculosis,Rv0860,0.468
ccrescentus,CCNA_03746,styphimurium,argE,0.346
abaylyi,ACIAD3489,styphimurium,argE,0.314
abaylyi,ACIAD0026,styphimurium,ycdC,0.453
abaylyi,ACIAD0026,ccrescentus,CCNA_02884,0.422
abaylyi,ACIAD0098,styphimurium,wcaJ,0.493
abaylyi,ACIAD2213,styphimurium,gloA,0.625
abaylyi,ACIAD1624,styphimurium,pspF,0.48
ccrescentus,CCNA_02136,styphimurium,zwf,0.464
saureus,SA1336,styphimurium,zwf,0.378
abaylyi,ACIAD1268,styphimurium,ycbY,0.424
abaylyi,ACIAD1587,styphimurium,potG,0.449
mtuberculosis,Rv2521,saureus,SA1680,0.382
mtuberculosis,Rv2521,syn3a,JCVISYN3A_0054,0.326
ccrescentus,CCNA_00496,mtuberculosis,Rv2614c,0.455
mtuberculosis,Rv2614c,saureus,thrS,0.415
mtuberculosis,Rv2614c,styphimurium,thrS,0.409
abaylyi,ACIAD3055,mtuberculosis,Rv2614c,0.408
mgenitalium,MG_375,mtuberculosis,Rv2614c,0.312
mpne,MPN553,mtuberculosis,Rv2614c,0.306
abaylyi,ACIAD0802,styphimurium,bcr,0.315
ccrescentus,CCNA_01300,mtuberculosis,Rv2899c,0.333
abaylyi,ACIAD1916,mtuberculosis,Rv2899c,0.355
abaylyi,ACIAD3371,mtuberculosis,Rv2992c,0.372
mtuberculosis,Rv2992c,saureus,gltX,0.34
ccrescentus,CCNA_01982,mtuberculosis,Rv2992c,0.358
mgenitalium,MG_462,mtuberculosis,Rv2992c,0.388
mpne,MPN678,mtuberculosis,Rv2992c,0.329
mtuberculosis,Rv1164,styphimurium,narI,0.318
abaylyi,ACIAD0080,styphimurium,rfbC,0.576
mtuberculosis,Rv3465,styphimurium,rfbC,0.392
ccrescentus,CCNA_03235,styphimurium,potG,0.495
ccrescentus,CCNA_03492,mtuberculosis,Rv0359,0.391
abaylyi,ACIAD3384,mtuberculosis,Rv3273,0.307
mtuberculosis,Rv3809c,styphimurium,STM0719,0.406
ccrescentus,CCNA_00465,mtuberculosis,Rv3809c,0.376
mpne,MPN278,mtuberculosis,Rv3809c,0.304
ccrescentus,CCNA_02811,mtuberculosis,Rv1469,0.395
saureus,hit,styphimurium,ycfF,0.372
abaylyi,ACIAD0002,styphimurium,dnaN,0.438
abaylyi,ACIAD0002,ccrescentus,CCNA_00155,0.362
abaylyi,ACIAD0108,styphimurium,lldD,0.848
abaylyi,ACIAD0108,ccrescentus,CCNA_01209,0.684
abaylyi,ACIAD0108,mtuberculosis,Rv1872c,0.361
abaylyi,ACIAD1413,mtuberculosis,Rv3139,0.418
abaylyi,ACIAD1869,styphimurium,ybdG,0.423
ccrescentus,CCNA_01538,mtuberculosis,Rv1127c,0.375
abaylyi,ACIAD3624,ccrescentus,CCNA_01866,0.395
mtuberculosis,Rv3286c,saureus,sigB,0.377
ccrescentus,CCNA_00381,styphimurium,mutY,0.379
ccrescentus,CCNA_00381,mtuberculosis,Rv3589,0.382
abaylyi,ACIAD0065,ccrescentus,CCNA_02889,0.512
ccrescentus,CCNA_02956,styphimurium,ygaP,0.479
abaylyi,ACIAD1800,styphimurium,yfdC,0.388
abaylyi,ACIAD2897,styphimurium,rluD,0.49
saureus,SA1040,styphimurium,rluD,0.4
ccrescentus,CCNA_00485,styphimurium,rluD,0.399
styphimurium,rluD,syn3a,JCVISYN3A_0517,0.361
mtuberculosis,Rv1540,styphimurium,rluD,0.371
mtuberculosis,Rv3581c,styphimurium,ispF,0.415
saureus,serA,styphimurium,serA,0.354
ccrescentus,CCNA_03322,styphimurium,serA,0.379
mtuberculosis,Rv2996c,styphimurium,serA,0.36
ccrescentus,CCNA_03500,mtuberculosis,Rv0161,0.356
mtuberculosis,Rv0350,saureus,dnaK,0.598
ccrescentus,CCNA_00010,mtuberculosis,Rv0350,0.552
mtuberculosis,Rv0350,styphimurium,dnaK,0.54
abaylyi,ACIAD3654,mtuberculosis,Rv0350,0.534
mtuberculosis,Rv0350,syn3a,JCVISYN3A_0542,0.592
mgenitalium,MG_305,mtuberculosis,Rv0350,0.54
saureus,pta,styphimurium,eutD,0.412
mpne,MPN428,styphimurium,eutD,0.335
styphimurium,eutD,syn3a,JCVISYN3A_0229,0.3
abaylyi,ACIAD0967,styphimurium,iciA,0.342
mtuberculosis,Rv1985c,styphimurium,iciA,0.362
mgenitalium,MG_118,syn3a,JCVISYN3A_0813,0.345
mgenitalium,MG_118,styphimurium,galE,0.333
ccrescentus,CCNA_00090,mgenitalium,MG_118,0.342
abaylyi,ACIAD0102,mgenitalium,MG_118,0.312
mgenitalium,MG_336,syn3a,JCVISYN3A_0441,0.341
mgenitalium,MG_336,saureus,SA0776,0.309
mgenitalium,MG_432,mpne,MPN630,0.744
mtuberculosis,Rv3536c,styphimurium,hpaH,0.413
ccrescentus,CCNA_03733,styphimurium,manC,0.416
abaylyi,ACIAD1251,styphimurium,csrA,0.91
abaylyi,ACIAD1284,styphimurium,astC,0.681
abaylyi,ACIAD1284,ccrescentus,CCNA_00620,0.46
abaylyi,ACIAD1284,mtuberculosis,Rv1655,0.418
mgenitalium,MG_426,mpne,MPN624,0.857
mpne,MPN624,syn3a,JCVISYN3A_0422,0.484
saureus,SA0514,syn3a,JCVISYN3A_0330,0.351
mpne,MPN327,syn3a,JCVISYN3A_0499,0.712
mtuberculosis,Rv2441c,syn3a,JCVISYN3A_0499,0.6
styphimurium,rpmA,syn3a,JCVISYN3A_0499,0.597
ccrescentus,CCNA_00320,syn3a,JCVISYN3A_0499,0.573
abaylyi,ACIAD2938,syn3a,JCVISYN3A_0499,0.547
ccrescentus,CCNA_03764,styphimurium,tesB,0.491
abaylyi,ACIAD3231,ccrescentus,CCNA_03764,0.419
abaylyi,ACIAD0901,ccrescentus,CCNA_03828,0.425
saureus,SA0329,styphimurium,yeiH,0.315
saureus,rbfA,styphimurium,rbfA,0.434
ccrescentus,CCNA_00465,styphimurium,STM0719,0.41
mgenitalium,MG_137,styphimurium,STM0719,0.301
mpne,MPN278,styphimurium,STM0719,0.3
saureus,SA0204,styphimurium,acpD,0.316
styphimurium,acpD,syn3a,JCVISYN3A_0029,0.317
abaylyi,ACIAD0359,ccrescentus,CCNA_00004,0.345
ccrescentus,CCNA_00004,styphimurium,yacE,0.329
abaylyi,ACIAD0469,ccrescentus,CCNA_00193,0.554
ccrescentus,CCNA_00193,styphimurium,leuB,0.492
ccrescentus,CCNA_00193,mtuberculosis,Rv2995c,0.358
abaylyi,ACIAD0297,ccrescentus,CCNA_01972,0.425
ccrescentus,CCNA_01972,mtuberculosis,Rv1609,0.43
ccrescentus,CCNA_01972,styphimurium,trpE,0.356
ccrescentus,CCNA_01972,saureus,SA1199,0.32
ccrescentus,CCNA_02391,mtuberculosis,Rv3174,0.387
ccrescentus,CCNA_01774,styphimurium,purN,0.435
abaylyi,ACIAD2635,ccrescentus,CCNA_01774,0.398
ccrescentus,CCNA_01940,styphimurium,sufB,0.611
ccrescentus,CCNA_01950,saureus,prfB,0.48
abaylyi,ACIAD3498,saureus,prfB,0.467
saureus,prfB,styphimurium,prfB,0.489
mtuberculosis,Rv2720,saureus,lexA,0.443
ccrescentus,CCNA_01979,saureus,lexA,0.334
mtuberculosis,Rv1869c,styphimurium,ygbD,0.314
abaylyi,ACIAD1255,styphimurium,epd,0.447
abaylyi,ACIAD0149,styphimurium,yqjF,0.563
abaylyi,ACIAD1042,styphimurium,fsr,0.542
abaylyi,ACIAD1255,ccrescentus,CCNA_03358,0.441
abaylyi,ACIAD1255,mtuberculosis,Rv1436,0.438
abaylyi,ACIAD1255,mpne,MPN430,0.408
abaylyi,ACIAD1642,saureus,bacA,0.382
abaylyi,ACIAD1642,mtuberculosis,Rv2136c,0.31
ccrescentus,CCNA_03187,styphimurium,ydeD,0.41
abaylyi,ACIAD2348,ccrescentus,CCNA_03703,0.437
ccrescentus,CCNA_03703,styphimurium,cmk,0.393
ccrescentus,CCNA_03703,mtuberculosis,Rv1712,0.411
ccrescentus,CCNA_03703,mpne,MPN476,0.347
mtuberculosis,Rv2457c,saureus,clpX,0.647
ccrescentus,CCNA_02039,saureus,clpX,0.593
mtuberculosis,Rv0634c,styphimurium,gloB,0.342
abaylyi,ACIAD1536,styphimurium,citB,0.594
abaylyi,ACIAD3118,styphimurium,orn,0.621
mtuberculosis,Rv2511,styphimurium,orn,0.479
mpne,MPN494,styphimurium,ptxA,0.386
abaylyi,ACIAD0087,saureus,capO,0.312
abaylyi,ACIAD0193,styphimurium,btuE,0.491
saureus,uvrB,styphimurium,uvrB,0.588
mtuberculosis,Rv1633,saureus,uvrB,0.576
saureus,uvrB,syn3a,JCVISYN3A_0825,0.563
mtuberculosis,Rv2748c,saureus,spoIIIE,0.484
ccrescentus,CCNA_03819,saureus,spoIIIE,0.435
abaylyi,ACIAD1408,saureus,hu,0.573
ccrescentus,CCNA_02416,saureus,hu,0.5
saureus,hu,syn3a,JCVISYN3A_0350,0.393
abaylyi,ACIAD1191,styphimurium,ydjN,0.774
saureus,SA0368,styphimurium,ydjN,0.504
mtuberculosis,Rv2127,styphimurium,ansP,0.606
abaylyi,ACIAD0552,styphimurium,prc,0.356
abaylyi,ACIAD2214,ccrescentus,CCNA_00136,0.348
ccrescentus,CCNA_02586,saureus,purL,0.512
ccrescentus,CCNA_02586,mtuberculosis,Rv0803,0.448
abaylyi,ACIAD2389,styphimurium,nupC,0.32
abaylyi,ACIAD2577,styphimurium,pdxJ,0.626
saureus,dpj,syn3a,JCVISYN3A_0513,0.364
saureus,rpoA,syn3a,JCVISYN3A_0645,0.435
mgenitalium,MG_177,syn3a,JCVISYN3A_0645,0.41
mpne,MPN191,syn3a,JCVISYN3A_0645,0.412
mtuberculosis,Rv3457c,syn3a,JCVISYN3A_0645,0.413
ccrescentus,CCNA_01330,syn3a,JCVISYN3A_0645,0.378
abaylyi,ACIAD3194,syn3a,JCVISYN3A_0645,0.36
styphimurium,rpoA,syn3a,JCVISYN3A_0645,0.361
abaylyi,ACIAD0646,mtuberculosis,Rv2300c,0.359
mtuberculosis,Rv2575,styphimurium,STM2486,0.393
abaylyi,ACIAD2869,mtuberculosis,Rv2575,0.399
saureus,putP,styphimurium,putP,0.492
abaylyi,ACIAD3139,ccrescentus,CCNA_00190,0.487
mpne,MPN479,syn3a,JCVISYN3A_0029,0.404
mgenitalium,MG_389,mpne,MPN570,0.627
saureus,SA1854,syn3a,JCVISYN3A_0079,0.462
styphimurium,gcp,syn3a,JCVISYN3A_0079,0.404
abaylyi,ACIAD1332,syn3a,JCVISYN3A_0079,0.404
ccrescentus,CCNA_00069,syn3a,JCVISYN3A_0079,0.381
mgenitalium,MG_046,syn3a,JCVISYN3A_0079,0.385
mpne,MPN059,syn3a,JCVISYN3A_0079,0.382
abaylyi,ACIAD0694,ccrescentus,CCNA_00938,0.573
mgenitalium,MG_069,saureus,ptsG,0.314
mgenitalium,MG_069,syn3a,JCVISYN3A_0779,0.331
abaylyi,ACIAD3652,styphimurium,grpE,0.401
abaylyi,ACIAD0282,styphimurium,yggX,0.404
abaylyi,ACIAD1332,styphimurium,gcp,0.643
saureus,SA1854,styphimurium,gcp,0.413
ccrescentus,CCNA_00069,styphimurium,gcp,0.443
mpne,MPN059,styphimurium,gcp,0.348
mgenitalium,MG_046,styphimurium,gcp,0.341
abaylyi,ACIAD0826,styphimurium,mreC,0.338
abaylyi,ACIAD0635,ccrescentus,CCNA_03659,0.371
abaylyi,ACIAD0635,saureus,trpF,0.303
abaylyi,ACIAD0883,styphimurium,rpsG,0.679
abaylyi,ACIAD0883,ccrescentus,CCNA_03305,0.605
abaylyi,ACIAD0883,mtuberculosis,Rv0683,0.544
abaylyi,ACIAD0883,mpne,MPN226,0.462
abaylyi,ACIAD0917,styphimurium,sbcD,0.313
abaylyi,ACIAD1685,styphimurium,STM2812,0.394
saureus,SA0551,styphimurium,STM0564,0.507
abaylyi,ACIAD2882,styphimurium,sdhC,0.438
mtuberculosis,Rv0984,styphimurium,moaB,0.307
abaylyi,ACIAD3005,styphimurium,hflX,0.552
abaylyi,ACIAD0651,ccrescentus,CCNA_03006,0.332
ccrescentus,CCNA_03006,styphimurium,nadA,0.334
abaylyi,ACIAD0474,saureus,truA,0.341
ccrescentus,CCNA_00280,saureus,truA,0.315
mpne,MPN196,saureus,truA,0.309
saureus,SA2109,styphimurium,yifK,0.602
ccrescentus,CCNA_00376,styphimurium,yfcA,0.463
saureus,SA1536,styphimurium,yfcA,0.329
abaylyi,ACIAD2431,styphimurium,rpsR,0.786
abaylyi,ACIAD2431,mtuberculosis,Rv0055,0.476
abaylyi,ACIAD2431,mpne,MPN230,0.436
abaylyi,ACIAD2431,mgenitalium,MG_092,0.441
abaylyi,ACIAD3146,ccrescentus,CCNA_02349,0.397
mtuberculosis,Rv3307,styphimurium,xapA,0.4
ccrescentus,CCNA_02390,styphimurium,gph,0.312
mtuberculosis,Rv0534c,styphimurium,menA,0.37
abaylyi,ACIAD3082,styphimurium,soxR,0.518
mgenitalium,MG_045,mpne,MPN058,0.622
mgenitalium,MG_169,syn3a,JCVISYN3A_0653,0.44
mgenitalium,MG_169,saureus,rplO,0.426
abaylyi,ACIAD3200,mgenitalium,MG_169,0.392
mgenitalium,MG_169,styphimurium,rplO,0.393
mgenitalium,MG_231,mpne,MPN324,0.872
mgenitalium,MG_231,syn3a,JCVISYN3A_0771,0.677
mgenitalium,MG_231,mtuberculosis,Rv3051c,0.577
mgenitalium,MG_231,styphimurium,nrdE,0.537
abaylyi,ACIAD0131,ccrescentus,CCNA_02881,0.482
ccrescentus,CCNA_03201,styphimurium,purA,0.502
abaylyi,ACIAD1258,ccrescentus,CCNA_03201,0.516
ccrescentus,CCNA_03201,mtuberculosis,Rv0357c,0.51
ccrescentus,CCNA_03201,saureus,purA,0.451
ccrescentus,CCNA_03522,styphimurium,tldD,0.509
ccrescentus,CCNA_03783,styphimurium,ccmB,0.439
ccrescentus,CCNA_03847,styphimurium,nth,0.582
abaylyi,ACIAD1108,ccrescentus,CCNA_03847,0.542
ccrescentus,CCNA_03847,saureus,nth,0.478
ccrescentus,CCNA_03847,mtuberculosis,Rv3674c,0.374
mtuberculosis,Rv3846,saureus,sodM,0.39
abaylyi,ACIAD2043,ccrescentus,CCNA_03753,0.393
ccrescentus,CCNA_03753,styphimurium,yjeS,0.406
abaylyi,ACIAD3110,saureus,SA0193,0.306
abaylyi,ACIAD1675,styphimurium,STM4270,0.372
saureus,SA2330,styphimurium,STM4270,0.31
abaylyi,ACIAD0510,mpne,MPN607,0.461
abaylyi,ACIAD0510,saureus,SA1257,0.456
abaylyi,ACIAD0510,ccrescentus,CCNA_01046,0.471
abaylyi,ACIAD0510,mgenitalium,MG_408,0.435
abaylyi,ACIAD0510,styphimurium,msrA,0.426
abaylyi,ACIAD0510,mtuberculosis,Rv0137c,0.444
abaylyi,ACIAD2472,styphimurium,STM2372,0.52
abaylyi,ACIAD3201,styphimurium,rpmD,0.666
mtuberculosis,Rv0722,styphimurium,rpmD,0.518
abaylyi,ACIAD0107,styphimurium,lldR,0.502
abaylyi,ACIAD0107,ccrescentus,CCNA_02904,0.331
abaylyi,ACIAD0360,ccrescentus,CCNA_00183,0.343
abaylyi,ACIAD0474,ccrescentus,CCNA_00280,0.378
abaylyi,ACIAD0474,mtuberculosis,Rv3455c,0.308
abaylyi,ACIAD0612,ccrescentus,CCNA_00214,0.311
mtuberculosis,Rv2470,saureus,SA0861,0.38
mtuberculosis,Rv1483,saureus,fabG,0.43
ccrescentus,CCNA_00991,mtuberculosis,Rv0130,0.532
mtuberculosis,Rv0223c,saureus,SA1924,0.426
abaylyi,ACIAD1009,mtuberculosis,Rv0223c,0.377
ccrescentus,CCNA_03208,mtuberculosis,Rv0446c,0.384
abaylyi,ACIAD1631,mtuberculosis,Rv0446c,0.325
mtuberculosis,Rv0721,styphimurium,rpsE,0.598
abaylyi,ACIAD3202,mtuberculosis,Rv0721,0.601
mtuberculosis,Rv0721,saureus,rpsE,0.571
ccrescentus,CCNA_01323,mtuberculosis,Rv0721,0.547
mgenitalium,MG_168,mtuberculosis,Rv0721,0.464
mpne,MPN182,mtuberculosis,Rv0721,0.433
ccrescentus,CCNA_01416,mtuberculosis,Rv0751c,0.488
mtuberculosis,Rv0751c,styphimurium,garR,0.333
mtuberculosis,Rv1412,saureus,ribB,0.411
mtuberculosis,Rv1412,styphimurium,ribE,0.399
abaylyi,ACIAD0010,styphimurium,yadR,0.622
abaylyi,ACIAD0010,mtuberculosis,Rv2204c,0.403
abaylyi,ACIAD0803,ccrescentus,CCNA_00327,0.359
ccrescentus,CCNA_03861,styphimurium,yggS,0.409
ccrescentus,CCNA_03861,mtuberculosis,Rv2148c,0.327
abaylyi,ACIAD0913,ccrescentus,CCNA_03861,0.342
ccrescentus,CCNA_03861,saureus,SA1031,0.336
saureus,SA0204,syn3a,JCVISYN3A_0029,0.31
mtuberculosis,Rv2364c,saureus,bex,0.433
saureus,bex,syn3a,JCVISYN3A_0403,0.405
abaylyi,ACIAD2580,saureus,bex,0.415
saureus,bex,styphimurium,era,0.395
abaylyi,ACIAD0255,styphimurium,yjgQ,0.3
abaylyi,ACIAD0225,styphimurium,dinP,0.515
abaylyi,ACIAD0225,saureus,SA1711,0.412
abaylyi,ACIAD0225,ccrescentus,CCNA_02550,0.394
abaylyi,ACIAD0225,mtuberculosis,Rv3056,0.343
abaylyi,ACIAD1530,ccrescentus,CCNA_02420,0.371
abaylyi,ACIAD1606,saureus,acsA,0.39
abaylyi,ACIAD1915,ccrescentus,CCNA_01301,0.54
abaylyi,ACIAD1915,mtuberculosis,Rv2900c,0.465
mtuberculosis,Rv3914,saureus,trxA,0.574
abaylyi,ACIAD3037,saureus,trxA,0.504
ccrescentus,CCNA_03653,saureus,trxA,0.442
saureus,trxA,syn3a,JCVISYN3A_0065,0.45
saureus,SA2128,styphimurium,yiiM,0.39
ccrescentus,CCNA_03619,mtuberculosis,Rv0198c,0.433
mtuberculosis,Rv0946c,styphimurium,pgi,0.511
ccrescentus,CCNA_00222,styphimurium,pgi,0.449
abaylyi,ACIAD2018,ccrescentus,CCNA_03695,0.719
abaylyi,ACIAD2018,styphimurium,aldB,0.676
abaylyi,ACIAD2018,saureus,aldA,0.431
abaylyi,ACIAD0376,saureus,SA0578,0.387
abaylyi,ACIAD0664,saureus,SA0679,0.337
abaylyi,ACIAD0664,ccrescentus,CCNA_02306,0.303
abaylyi,ACIAD0910,styphimurium,fur,0.592
abaylyi,ACIAD0910,mtuberculosis,Rv2359,0.348
abaylyi,ACIAD0910,saureus,SA1678,0.326
mgenitalium,MG_093,mpne,MPN231,0.7
mpne,MPN231,syn3a,JCVISYN3A_0833,0.335
mpne,MPN231,saureus,rplI,0.4
mgenitalium,MG_239,mpne,MPN332,0.783
mpne,MPN332,syn3a,JCVISYN3A_0394,0.446
mpne,MPN332,styphimurium,lon,0.407
abaylyi,ACIAD1115,mpne,MPN332,0.389
mpne,MPN599,syn3a,JCVISYN3A_0791,0.305
styphimurium,trxC,syn3a,JCVISYN3A_0065,0.395
mtuberculosis,Rv3914,syn3a,JCVISYN3A_0065,0.431
abaylyi,ACIAD3037,syn3a,JCVISYN3A_0065,0.388
ccrescentus,CCNA_03653,syn3a,JCVISYN3A_0065,0.329
abaylyi,ACIAD3104,styphimurium,ilvI,0.612
abaylyi,ACIAD3104,mtuberculosis,Rv3003c,0.452
abaylyi,ACIAD3104,saureus,ilvB,0.436
abaylyi,ACIAD3430,ccrescentus,CCNA_00659,0.393
ccrescentus,CCNA_03740,saureus,cysK,0.535
ccrescentus,CCNA_03740,styphimurium,cysK,0.55
abaylyi,ACIAD2366,ccrescentus,CCNA_03868,0.422
ccrescentus,CCNA_03868,mtuberculosis,Rv3917c,0.379
ccrescentus,CCNA_03868,saureus,SA2498,0.413
saureus,sbnG,styphimurium,garL,0.306
saureus,SA0307,styphimurium,nanE,0.37
saureus,rplD,styphimurium,rplD,0.408
styphimurium,rplD,syn3a,JCVISYN3A_0670,0.367
mpne,MPN166,styphimurium,rplD,0.317
abaylyi,ACIAD0479,styphimurium,asd,0.671
abaylyi,ACIAD1317,styphimurium,gpsA,0.389
ccrescentus,CCNA_00068,styphimurium,gpsA,0.422
ccrescentus,CCNA_03489,saureus,SA0781,0.338
abaylyi,ACIAD2556,saureus,SA0781,0.34
mtuberculosis,Rv2781c,saureus,SA0781,0.331
saureus,fab,styphimurium,fabF,0.518
mtuberculosis,Rv2245,saureus,fab,0.381
mtuberculosis,Rv1338,saureus,murI,0.402
abaylyi,ACIAD3257,saureus,murI,0.366
ccrescentus,CCNA_03817,saureus,murI,0.322
saureus,murI,styphimurium,murI,0.317
abaylyi,ACIAD2875,saureus,odhB,0.454
mtuberculosis,Rv2215,saureus,odhB,0.367
mtuberculosis,Rv2606c,saureus,SA0477,0.606
mtuberculosis,Rv2701c,styphimurium,suhB,0.341
ccrescentus,CCNA_03378,mtuberculosis,Rv2701c,0.368
mtuberculosis,Rv2921c,saureus,SA1078,0.468
ccrescentus,CCNA_03793,mtuberculosis,Rv2921c,0.444
abaylyi,ACIAD3518,ccrescentus,CCNA_00140,0.406
ccrescentus,CCNA_00140,styphimurium,gshB,0.4
ccrescentus,CCNA_01885,mtuberculosis,Rv0769,0.388
ccrescentus,CCNA_01885,saureus,SA2260,0.373
abaylyi,ACIAD0244,ccrescentus,CCNA_02046,0.651
ccrescentus,CCNA_02046,styphimurium,glnB,0.66
saureus,SA2317,styphimurium,yncA,0.438
ccrescentus,CCNA_00984,styphimurium,yncA,0.418
abaylyi,ACIAD2829,styphimurium,ydaO,0.635
abaylyi,ACIAD2069,styphimurium,sfbB,0.486
abaylyi,ACIAD2069,mtuberculosis,Rv3102c,0.408
abaylyi,ACIAD2210,styphimurium,rpmE,0.606
abaylyi,ACIAD2210,ccrescentus,CCNA_03384,0.388
abaylyi,ACIAD2210,syn3a,JCVISYN3A_0137,0.391
abaylyi,ACIAD2210,mpne,MPN360,0.328
abaylyi,ACIAD2210,mgenitalium,MG_257,0.343
abaylyi,ACIAD2284,styphimurium,yggJ,0.411
abaylyi,ACIAD2513,ccrescentus,CCNA_02488,0.641
ccrescentus,CCNA_00144,styphimurium,yggW,0.35
abaylyi,ACIAD0432,ccrescentus,CCNA_00144,0.347
ccrescentus,CCNA_00144,mtuberculosis,Rv2388c,0.352
ccrescentus,CCNA_01692,styphimurium,guaA,0.539
abaylyi,ACIAD0151,ccrescentus,CCNA_01692,0.545
ccrescentus,CCNA_01692,saureus,guaA,0.523
ccrescentus,CCNA_01692,mtuberculosis,Rv3396c,0.52
abaylyi,ACIAD3137,styphimurium,yajQ,0.49
mtuberculosis,Rv0566c,styphimurium,yajQ,0.434
abaylyi,ACIAD2774,styphimurium,entA,0.469
ccrescentus,CCNA_00246,styphimurium,entA,0.311
mgenitalium,MG_104,mpne,MPN243,0.749
mgenitalium,MG_104,syn3a,JCVISYN3A_0775,0.304
mgenitalium,MG_384,mpne,MPN563,0.808
mgenitalium,MG_384,saureus,obg,0.375
mgenitalium,MG_384,syn3a,JCVISYN3A_0377,0.37
mgenitalium,MG_384,mtuberculosis,Rv2440c,0.366
ccrescentus,CCNA_00317,mgenitalium,MG_384,0.426
mtuberculosis,Rv3460c,styphimurium,rpsM,0.572
mgenitalium,MG_175,mtuberculosis,Rv3460c,0.537
mtuberculosis,Rv3460c,syn3a,JCVISYN3A_0647,0.54
abaylyi,ACIAD3197,mtuberculosis,Rv3460c,0.538
ccrescentus,CCNA_00820,mtuberculosis,Rv3556c,0.505
ccrescentus,CCNA_00358,mtuberculosis,Rv3774,0.375
abaylyi,ACIAD0565,styphimurium,engA,0.535
ccrescentus,CCNA_01726,styphimurium,engA,0.402
styphimurium,engA,syn3a,JCVISYN3A_0348,0.364
mgenitalium,MG_329,styphimurium,engA,0.343
mpne,MPN475,styphimurium,engA,0.334
ccrescentus,CCNA_01810,styphimurium,yfjG,0.3
abaylyi,ACIAD2001,styphimurium,eno,0.681
ccrescentus,CCNA_01795,styphimurium,eno,0.584
saureus,eno,styphimurium,eno,0.587
mpne,MPN606,styphimurium,eno,0.55
mgenitalium,MG_407,styphimurium,eno,0.533
ccrescentus,CCNA_02726,mtuberculosis,Rv3525c,0.408
mtuberculosis,Rv3525c,styphimurium,caiE,0.383
mtuberculosis,Rv3684,styphimurium,STM0458,0.618
abaylyi,ACIAD3654,styphimurium,dnaK,0.698
ccrescentus,CCNA_00010,styphimurium,dnaK,0.656
saureus,dnaK,styphimurium,dnaK,0.555
styphimurium,dnaK,syn3a,JCVISYN3A_0542,0.511
mgenitalium,MG_305,styphimurium,dnaK,0.518
abaylyi,ACIAD3088,styphimurium,ygdL,0.467
saureus,SA1455,styphimurium,ygdL,0.379
saureus,SA0760,styphimurium,gcvH,0.528
mtuberculosis,Rv1826,styphimurium,gcvH,0.484
ccrescentus,CCNA_03464,styphimurium,gcvH,0.529
abaylyi,ACIAD3197,styphimurium,rpsM,0.762
styphimurium,rpsM,syn3a,JCVISYN3A_0647,0.543
mgenitalium,MG_175,styphimurium,rpsM,0.534
ccrescentus,CCNA_01335,saureus,SA1655,0.359
ccrescentus,CCNA_01432,saureus,FabH,0.438
ccrescentus,CCNA_01432,styphimurium,fabH,0.433
ccrescentus,CCNA_01432,mtuberculosis,Rv0533c,0.398
ccrescentus,CCNA_01567,mpne,MPN022,0.373
abaylyi,ACIAD3046,styphimurium,rplT,0.813
saureus,rplT,styphimurium,rplT,0.615
mtuberculosis,Rv1643,styphimurium,rplT,0.606
mpne,MPN117,styphimurium,rplT,0.526
styphimurium,rplT,syn3a,JCVISYN3A_0198,0.487
ccrescentus,CCNA_01754,styphimurium,ymgE,0.55
mgenitalium,MG_050,syn3a,JCVISYN3A_0732,0.431
mgenitalium,MG_050,saureus,SA1939,0.45
mgenitalium,MG_111,mpne,MPN250,0.697
mgenitalium,MG_111,syn3a,JCVISYN3A_0445,0.384
mgenitalium,MG_111,saureus,pgi,0.344
saureus,SA2130,styphimurium,ynfA,0.407
mtuberculosis,Rv2639c,styphimurium,ynfA,0.356
mpne,MPN185,syn3a,JCVISYN3A_0651,0.387
mpne,MPN185,saureus,adk,0.316
mpne,MPN185,styphimurium,adk,0.319
mpne,MPN185,mtuberculosis,Rv0733,0.316
abaylyi,ACIAD1105,mpne,MPN185,0.314
mgenitalium,MG_079,mpne,MPN217,0.785
mpne,MPN217,saureus,oppD,0.463
mpne,MPN217,styphimurium,dppD,0.355
mpne,MPN350,saureus,SA1187,0.373
mpne,MPN350,styphimurium,ygiH,0.3
ccrescentus,CCNA_01732,styphimurium,radA,0.477
abaylyi,ACIAD2664,ccrescentus,CCNA_01732,0.466
ccrescentus,CCNA_01732,saureus,radA,0.445
ccrescentus,CCNA_01732,mtuberculosis,Rv3585,0.462
ccrescentus,CCNA_01994,styphimurium,dxr,0.474
abaylyi,ACIAD1376,ccrescentus,CCNA_01994,0.463
ccrescentus,CCNA_01994,mtuberculosis,Rv2870c,0.46
ccrescentus,CCNA_02253,mtuberculosis,Rv2565,0.324
ccrescentus,CCNA_03305,styphimurium,rpsG,0.611
ccrescentus,CCNA_03305,mtuberculosis,Rv0683,0.61
ccrescentus,CCNA_03305,mpne,MPN226,0.554
ccrescentus,CCNA_03592,styphimurium,blc,0.404
abaylyi,ACIAD2568,ccrescentus,CCNA_03592,0.41
ccrescentus,CCNA_03756,styphimurium,yiiP,0.371
abaylyi,ACIAD3121,ccrescentus,CCNA_00872,0.493
abaylyi,ACIAD3193,styphimurium,rplQ,0.709
abaylyi,ACIAD3193,ccrescentus,CCNA_01332,0.619
abaylyi,ACIAD3193,mtuberculosis,Rv3456c,0.495
abaylyi,ACIAD3193,mpne,MPN192,0.356
mgenitalium,MG_457,syn3a,JCVISYN3A_0039,0.506
mpne,MPN671,syn3a,JCVISYN3A_0039,0.557
styphimurium,hflB,syn3a,JCVISYN3A_0039,0.502
ccrescentus,CCNA_03334,syn3a,JCVISYN3A_0039,0.463
abaylyi,ACIAD2853,syn3a,JCVISYN3A_0039,0.43
mtuberculosis,Rv3610c,syn3a,JCVISYN3A_0039,0.458
mpne,MPN562,syn3a,JCVISYN3A_0378,0.464
mgenitalium,MG_383,syn3a,JCVISYN3A_0378,0.488
styphimurium,nadE,syn3a,JCVISYN3A_0378,0.315
saureus,nadE,syn3a,JCVISYN3A_0378,0.314
mgenitalium,MG_161,syn3a,JCVISYN3A_0661,0.54
mpne,MPN175,syn3a,JCVISYN3A_0661,0.54
ccrescentus,CCNA_03595,mtuberculosis,Rv1147,0.348
ccrescentus,CCNA_01010,saureus,hutH,0.42
saureus,hutH,styphimurium,hutH,0.4
abaylyi,ACIAD0574,saureus,hutH,0.347
ccrescentus,CCNA_02555,saureus,hit,0.481
mgenitalium,MG_132,saureus,hit,0.403
mpne,A65_orf144,saureus,hit,0.423
saureus,hit,syn3a,JCVISYN3A_0438,0.392
mtuberculosis,Rv1262c,saureus,hit,0.352
saureus,SA2119,styphimurium,yghA,0.6
mtuberculosis,Rv1928c,saureus,SA2119,0.375
saureus,SA2279,syn3a,JCVISYN3A_0733,0.337
mgenitalium,MG_033,saureus,glpF,0.369
saureus,glpF,styphimurium,glpF,0.373
mpne,MPN043,saureus,glpF,0.333
mtuberculosis,Rv2343c,saureus,dnaG,0.345
abaylyi,ACIAD2899,saureus,dnaG,0.327
ccrescentus,CCNA_03144,saureus,dnaG,0.346
mtuberculosis,Rv2688c,saureus,SA1655,0.33
mtuberculosis,Rv2688c,styphimurium,ccmA,0.352
mgenitalium,MG_290,mtuberculosis,Rv2688c,0.308
ccrescentus,CCNA_01343,styphimurium,rluA,0.406
abaylyi,ACIAD0442,ccrescentus,CCNA_01343,0.355
ccrescentus,CCNA_01343,mpne,MPN292,0.36
ccrescentus,CCNA_01343,mgenitalium,MG_209,0.327
ccrescentus,CCNA_02031,mtuberculosis,Rv3147,0.416
ccrescentus,CCNA_01898,saureus,SA0449,0.388
saureus,SA0449,styphimurium,ycfH,0.362
mtuberculosis,Rv1008,saureus,SA0449,0.337
mgenitalium,MG_009,saureus,SA0449,0.332
abaylyi,ACIAD2450,saureus,SA0769,0.485
saureus,SA0956,styphimurium,mntH,0.366
mtuberculosis,Rv0924c,saureus,SA0956,0.338
ccrescentus,CCNA_03793,saureus,SA1078,0.43
saureus,SA0972,syn3a,JCVISYN3A_0202,0.335
saureus,rluB,syn3a,JCVISYN3A_0329,0.449
mtuberculosis,Rv1711,syn3a,JCVISYN3A_0329,0.336
ccrescentus,CCNA_00230,syn3a,JCVISYN3A_0329,0.327
styphimurium,yciL,syn3a,JCVISYN3A_0329,0.329
saureus,rpsB,syn3a,JCVISYN3A_0540,0.482
styphimurium,rpsB,syn3a,JCVISYN3A_0540,0.484
abaylyi,ACIAD2269,syn3a,JCVISYN3A_0540,0.451
mgenitalium,MG_070,syn3a,JCVISYN3A_0540,0.387
mpne,MPN208,syn3a,JCVISYN3A_0540,0.397
saureus,rpsS,syn3a,JCVISYN3A_0667,0.715
mtuberculosis,Rv0705,syn3a,JCVISYN3A_0667,0.626
abaylyi,ACIAD3215,syn3a,JCVISYN3A_0667,0.604
ccrescentus,CCNA_01310,syn3a,JCVISYN3A_0667,0.62
mgenitalium,MG_155,syn3a,JCVISYN3A_0667,0.638
ccrescentus,CCNA_00614,styphimurium,yfcC,0.438
abaylyi,ACIAD3167,ccrescentus,CCNA_00833,0.357
abaylyi,ACIAD1490,saureus,SA0703,0.319
abaylyi,ACIAD2090,styphimurium,STM2545,0.433
saureus,SA0516,styphimurium,yfhC,0.472
ccrescentus,CCNA_00231,saureus,SA0516,0.463
saureus,SA0643,styphimurium,ydhF,0.445
abaylyi,ACIAD0776,mtuberculosis,Rv0321,0.335
mtuberculosis,Rv3758c,saureus,SA0677,0.443
ccrescentus,CCNA_02322,styphimurium,apaG,0.417
abaylyi,ACIAD2343,styphimurium,STM4042,0.526
saureus,rplK,styphimurium,rplK,0.673
ccrescentus,CCNA_00678,styphimurium,rplK,0.578
mtuberculosis,Rv0640,styphimurium,rplK,0.611
mgenitalium,MG_081,styphimurium,rplK,0.447
styphimurium,rplK,syn3a,JCVISYN3A_0810,0.378
mtuberculosis,Rv3853,styphimurium,menG,0.456
abaylyi,ACIAD1391,mtuberculosis,Rv3853,0.438
abaylyi,ACIAD2366,mtuberculosis,Rv3917c,0.368
mtuberculosis,Rv3917c,saureus,SA2498,0.425
ccrescentus,CCNA_01010,styphimurium,hutH,0.541
abaylyi,ACIAD0574,styphimurium,hutH,0.314
abaylyi,ACIAD0472,styphimurium,infA,0.771
saureus,infA,styphimurium,infA,0.714
mtuberculosis,Rv3462c,styphimurium,infA,0.704
mgenitalium,MG_173,styphimurium,infA,0.455
abaylyi,ACIAD2085,saureus,bsaA,0.572
saureus,bsaA,styphimurium,btuE,0.471
mtuberculosis,Rv2445c,saureus,ndk,0.557
saureus,ndk,styphimurium,ndk,0.463
abaylyi,ACIAD0556,saureus,ndk,0.492
ccrescentus,CCNA_03462,saureus,SA1365,0.497
abaylyi,ACIAD3647,styphimurium,ppiA,0.639
mgenitalium,MG_051,mpne,MPN064,0.674
mpne,MPN064,saureus,pdp,0.402
mpne,MPN064,mtuberculosis,Rv3314c,0.353
mpne,MPN429,syn3a,JCVISYN3A_0606,0.53
mpne,MPN429,saureus,pgk,0.503
mpne,MPN429,styphimurium,pgk,0.393
abaylyi,ACIAD1927,mpne,MPN429,0.383
ccrescentus,CCNA_03359,mpne,MPN429,0.379
mpne,MPN557,syn3a,JCVISYN3A_0885,0.461
mgenitalium,MG_379,syn3a,JCVISYN3A_0885,0.459
styphimurium,gidA,syn3a,JCVISYN3A_0885,0.409
abaylyi,ACIAD2440,syn3a,JCVISYN3A_0885,0.402
ccrescentus,CCNA_03871,syn3a,JCVISYN3A_0885,0.404
abaylyi,ACIAD0890,ccrescentus,CCNA_02964,0.566
ccrescentus,CCNA_02964,styphimurium,trxB,0.537
ccrescentus,CCNA_02964,mtuberculosis,Rv3913,0.498
ccrescentus,CCNA_02964,saureus,trxB,0.433
ccrescentus,CCNA_02964,mgenitalium,MG_102,0.333
ccrescentus,CCNA_03123,mtuberculosis,Rv0081,0.386
abaylyi,ACIAD3497,ccrescentus,CCNA_03123,0.342
saureus,pnpA,styphimurium,pnp,0.499
ccrescentus,CCNA_00033,saureus,pnpA,0.488
abaylyi,ACIAD0402,saureus,pnpA,0.475
mtuberculosis,Rv2783c,saureus,pnpA,0.452
saureus,SA1367,styphimurium,gcvT,0.417
mgenitalium,MG_283,mpne,MPN402,0.654
abaylyi,ACIAD0980,ccrescentus,CCNA_02476,0.675
mgenitalium,MG_097,mpne,MPN235,0.56
mgenitalium,MG_097,styphimurium,ung,0.318
abaylyi,ACIAD2352,mgenitalium,MG_097,0.32
mgenitalium,MG_316,mpne,MPN451,0.614
mgenitalium,MG_443,mpne,MPN657,0.752
mtuberculosis,Rv0753c,styphimurium,STM4421,0.509
abaylyi,ACIAD1604,styphimurium,STM4421,0.459
abaylyi,ACIAD2390,styphimurium,STM1741,0.336
abaylyi,ACIAD3575,styphimurium,glmU,0.561
abaylyi,ACIAD3575,saureus,gcaD,0.422
abaylyi,ACIAD3575,ccrescentus,CCNA_02389,0.411
mpne,MPN336,syn3a,JCVISYN3A_0380,0.31
mgenitalium,MG_404,mpne,MPN603,0.754
mpne,MPN663,syn3a,JCVISYN3A_0615,0.358
ccrescentus,CCNA_03097,mtuberculosis,Rv2298,0.347
ccrescentus,CCNA_03097,saureus,SA0557,0.316
ccrescentus,CCNA_03194,mtuberculosis,Rv1903,0.371
abaylyi,ACIAD2426,styphimurium,cyoB,0.674
abaylyi,ACIAD2426,ccrescentus,CCNA_01850,0.647
abaylyi,ACIAD2426,mtuberculosis,Rv3043c,0.449
abaylyi,ACIAD3245,styphimurium,srmB,0.424
abaylyi,ACIAD3245,ccrescentus,CCNA_01923,0.438
abaylyi,ACIAD3245,mtuberculosis,Rv1253,0.384
abaylyi,ACIAD3245,saureus,SA1885,0.379
abaylyi,ACIAD3245,mgenitalium,MG_425,0.324
mgenitalium,MG_320,mpne,MPN455,0.697
mgenitalium,MG_447,mpne,MPN661,0.681
ccrescentus,CCNA_01326,styphimurium,secY,0.51
abaylyi,ACIAD3199,ccrescentus,CCNA_01326,0.505
ccrescentus,CCNA_01326,saureus,secY,0.363
ccrescentus,CCNA_01326,mpne,MPN184,0.316
ccrescentus,CCNA_01655,saureus,SA0815,0.335
ccrescentus,CCNA_01689,mtuberculosis,Rv3411c,0.63
abaylyi,ACIAD3503,ccrescentus,CCNA_01689,0.584
ccrescentus,CCNA_01689,saureus,guaB,0.521
saureus,ruvA,styphimurium,ruvA,0.392
mtuberculosis,Rv2593c,saureus,ruvA,0.383
abaylyi,ACIAD2933,saureus,SA1672,0.462
saureus,SA1672,styphimurium,yibK,0.45
mgenitalium,MG_346,saureus,SA1672,0.416
saureus,SA1672,syn3a,JCVISYN3A_0548,0.426
abaylyi,ACIAD2934,styphimurium,cysG,0.518
ccrescentus,CCNA_01175,styphimurium,cysG,0.489
saureus,nasF,styphimurium,cysG,0.361
abaylyi,ACIAD0166,mtuberculosis,Rv2332,0.425
abaylyi,ACIAD0747,styphimurium,fpr,0.396
abaylyi,ACIAD0102,ccrescentus,CCNA_02466,0.433
ccrescentus,CCNA_02466,syn3a,JCVISYN3A_0813,0.334
ccrescentus,CCNA_03164,styphimurium,secA,0.512
ccrescentus,CCNA_03164,mtuberculosis,Rv3240c,0.475
ccrescentus,CCNA_03164,saureus,secA,0.418
ccrescentus,CCNA_03164,syn3a,JCVISYN3A_0095,0.382
ccrescentus,CCNA_03164,mpne,MPN210,0.375
ccrescentus,CCNA_03164,mgenitalium,MG_072,0.362
ccrescentus,CCNA_03640,mtuberculosis,Rv1869c,0.421
abaylyi,ACIAD1909,mtuberculosis,Rv1869c,0.349
mtuberculosis,Rv2055c,styphimurium,rpsR,0.518
mtuberculosis,Rv2150c,saureus,ftsZ,0.552
mtuberculosis,Rv2150c,styphimurium,ftsZ,0.531
ccrescentus,CCNA_02623,mtuberculosis,Rv2150c,0.532
mtuberculosis,Rv2150c,syn3a,JCVISYN3A_0522,0.477
ccrescentus,CCNA_00886,mtuberculosis,Rv3709c,0.44
abaylyi,ACIAD2694,styphimurium,STM0272,0.491
mgenitalium,MG_072,mpne,MPN210,0.863
mgenitalium,MG_072,syn3a,JCVISYN3A_0095,0.456
mgenitalium,MG_072,saureus,secA,0.427
mgenitalium,MG_072,styphimurium,secA,0.377
mgenitalium,MG_072,mtuberculosis,Rv3240c,0.381
mgenitalium,MG_505,syn3a,JCVISYN3A_0215,0.344
ccrescentus,CCNA_00048,saureus,metK,0.508
ccrescentus,CCNA_00048,styphimurium,metK,0.514
ccrescentus,CCNA_00048,mpne,MPN060,0.351
ccrescentus,CCNA_00048,mgenitalium,MG_047,0.354
ccrescentus,CCNA_00273,styphimurium,def,0.476
ccrescentus,CCNA_00273,saureus,pdf1,0.353
mtuberculosis,Rv2364c,syn3a,JCVISYN3A_0403,0.354
abaylyi,ACIAD2580,mtuberculosis,Rv2364c,0.362
mtuberculosis,Rv2364c,styphimurium,era,0.327
abaylyi,ACIAD0222,styphimurium,yoaB,0.377
ccrescentus,CCNA_02886,styphimurium,yoaB,0.379
saureus,clpY,styphimurium,hslU,0.474
ccrescentus,CCNA_03844,saureus,clpY,0.461
saureus,parE,syn3a,JCVISYN3A_0452,0.554
mgenitalium,MG_203,saureus,parE,0.476
abaylyi,ACIAD1236,saureus,SA1442,0.314
abaylyi,ACIAD2380,saureus,SA1574,0.407
saureus,SA1574,styphimurium,rsuA,0.383
ccrescentus,CCNA_01915,saureus,SA1574,0.349
mtuberculosis,Rv3458c,styphimurium,rpsD,0.475
mgenitalium,MG_010,mpne,MPN014,0.55
mgenitalium,MG_138,syn3a,JCVISYN3A_0285,0.58
ccrescentus,CCNA_01086,mgenitalium,MG_138,0.51
mgenitalium,MG_138,styphimurium,lepA,0.479
abaylyi,ACIAD2584,mgenitalium,MG_138,0.484
abaylyi,ACIAD0151,saureus,guaA,0.547
saureus,guaA,styphimurium,guaA,0.511
mtuberculosis,Rv3396c,saureus,guaA,0.506
abaylyi,ACIAD0164,saureus,argS,0.381
mtuberculosis,Rv1292,saureus,argS,0.411
saureus,argS,syn3a,JCVISYN3A_0535,0.396
mpne,MPN556,saureus,argS,0.33
mgenitalium,MG_378,saureus,argS,0.321
saureus,appF,styphimurium,oppF,0.507
mgenitalium,MG_324,mtuberculosis,Rv2089c,0.34
mtuberculosis,Rv3715c,saureus,recR,0.482
abaylyi,ACIAD2312,saureus,recR,0.442
saureus,recR,styphimurium,recR,0.442
ccrescentus,CCNA_00270,saureus,recR,0.386
saureus,recR,syn3a,JCVISYN3A_0046,0.363
saureus,SA0790,styphimurium,nagD,0.31
abaylyi,ACIAD3563,styphimurium,yihZ,0.496
saureus,SA1459,styphimurium,yihZ,0.414
mtuberculosis,Rv1897c,styphimurium,yihZ,0.421
ccrescentus,CCNA_03811,styphimurium,oxyR,0.376
abaylyi,ACIAD1063,styphimurium,oxyR,0.341
ccrescentus,CCNA_02936,styphimurium,STM4267,0.52
abaylyi,ACIAD0159,styphimurium,STM4267,0.5
abaylyi,ACIAD1305,ccrescentus,CCNA_03068,0.438
abaylyi,ACIAD1305,styphimurium,gst,0.391
abaylyi,ACIAD0588,styphimurium,secD,0.458
ccrescentus,CCNA_02070,styphimurium,secD,0.354
abaylyi,ACIAD0415,styphimurium,lnt,0.346
ccrescentus,CCNA_00280,mtuberculosis,Rv3455c,0.351
ccrescentus,CCNA_01960,styphimurium,accB,0.487
abaylyi,ACIAD1737,ccrescentus,CCNA_01960,0.424
ccrescentus,CCNA_02024,mtuberculosis,Rv3150,0.481
abaylyi,ACIAD0735,ccrescentus,CCNA_02024,0.434
ccrescentus,CCNA_02380,saureus,panD,0.536
abaylyi,ACIAD2911,ccrescentus,CCNA_02380,0.457
abaylyi,ACIAD0465,ccrescentus,CCNA_02569,0.431
mgenitalium,MG_078,mpne,MPN216,0.843
mpne,MPN216,saureus,SA0846,0.334
mgenitalium,MG_246,mpne,MPN349,0.707
mpne,MPN349,syn3a,JCVISYN3A_0431,0.37
ccrescentus,CCNA_03353,mpne,MPN349,0.358
ccrescentus,CCNA_03384,styphimurium,rpmE,0.449
mgenitalium,MG_257,styphimurium,rpmE,0.373
styphimurium,rpmE,syn3a,JCVISYN3A_0137,0.367
mpne,MPN360,styphimurium,rpmE,0.343
ccrescentus,CCNA_03582,styphimurium,cysQ,0.433
abaylyi,ACIAD1387,styphimurium,cysQ,0.345
abaylyi,ACIAD0001,styphimurium,dnaA,0.474
abaylyi,ACIAD0001,ccrescentus,CCNA_00008,0.322
abaylyi,ACIAD0001,syn3a,JCVISYN3A_0001,0.31
abaylyi,ACIAD0001,mgenitalium,MG_469,0.33
abaylyi,ACIAD0001,mpne,MPN686,0.337
abaylyi,ACIAD0433,styphimurium,yghA,0.319
abaylyi,ACIAD0544,styphimurium,gntT,0.44
abaylyi,ACIAD0544,saureus,gntP,0.424
ccrescentus,CCNA_00890,mtuberculosis,Rv3298c,0.315
ccrescentus,CCNA_00922,styphimurium,clpB,0.578
ccrescentus,CCNA_00922,mtuberculosis,Rv0384c,0.555
ccrescentus,CCNA_00922,saureus,clpB,0.532
ccrescentus,CCNA_00922,syn3a,JCVISYN3A_0545,0.54
ccrescentus,CCNA_00922,mgenitalium,MG_355,0.481
mtuberculosis,Rv1152,saureus,SA1748,0.4
mgenitalium,MG_105,saureus,SA1967,0.375
mpne,MPN244,saureus,SA1967,0.312
saureus,secY,styphimurium,secY,0.41
abaylyi,ACIAD3199,saureus,secY,0.394
mpne,MPN184,saureus,secY,0.359
abaylyi,ACIAD0401,ccrescentus,CCNA_00034,0.573
abaylyi,ACIAD0401,mtuberculosis,Rv2785c,0.55
abaylyi,ACIAD0401,syn3a,JCVISYN3A_0294,0.487
abaylyi,ACIAD0401,mpne,MPN622,0.414
abaylyi,ACIAD0437,mtuberculosis,Rv1206,0.396
abaylyi,ACIAD0727,styphimurium,rstB,0.336
abaylyi,ACIAD1246,styphimurium,STM1158,0.325
ccrescentus,CCNA_00954,styphimurium,ygaA,0.49
abaylyi,ACIAD1624,ccrescentus,CCNA_00954,0.447
abaylyi,ACIAD1775,styphimurium,otsB,0.311
mtuberculosis,Rv2225,styphimurium,panB,0.441
saureus,panB,styphimurium,panB,0.436
ccrescentus,CCNA_01723,styphimurium,panB,0.405
abaylyi,ACIAD0533,styphimurium,tig,0.457
ccrescentus,CCNA_02042,styphimurium,tig,0.312
saureus,tig,styphimurium,tig,0.323
abaylyi,ACIAD0628,styphimurium,ybdF,0.428
abaylyi,ACIAD0115,styphimurium,dadA,0.639
abaylyi,ACIAD3232,styphimurium,plsB,0.381
ccrescentus,CCNA_02673,styphimurium,uvrA,0.628
ccrescentus,CCNA_02673,saureus,uvrA,0.586
abaylyi,ACIAD3455,ccrescentus,CCNA_02673,0.591
ccrescentus,CCNA_02673,mtuberculosis,Rv1638,0.56
ccrescentus,CCNA_02673,mpne,MPN619,0.508
ccrescentus,CCNA_02673,syn3a,JCVISYN3A_0824,0.483
saureus,dnaE,styphimurium,dnaE,0.341
saureus,dnaE,syn3a,JCVISYN3A_0612,0.336
abaylyi,ACIAD2089,saureus,dnaE,0.325
mtuberculosis,Rv1547,saureus,dnaE,0.322
mpne,MPN378,saureus,dnaE,0.331
mgenitalium,MG_261,saureus,dnaE,0.314
mtuberculosis,Rv3314c,saureus,pdp,0.432
mgenitalium,MG_051,saureus,pdp,0.392
abaylyi,ACIAD3090,mtuberculosis,Rv1475c,0.556
abaylyi,ACIAD3090,saureus,citB,0.567
abaylyi,ACIAD3422,styphimurium,yegO,0.578
mgenitalium,MG_048,mpne,MPN061,0.792
mpne,MPN061,syn3a,JCVISYN3A_0360,0.438
abaylyi,ACIAD0839,mpne,MPN061,0.402
mpne,MPN061,styphimurium,ffh,0.402
ccrescentus,CCNA_03768,mpne,MPN061,0.395
abaylyi,ACIAD0651,styphimurium,nadA,0.734
abaylyi,ACIAD2363,styphimurium,lpxK,0.381
ccrescentus,CCNA_00303,styphimurium,lpxK,0.336
abaylyi,ACIAD0643,styphimurium,accD,0.574
ccrescentus,CCNA_03656,styphimurium,accD,0.487
saureus,SA1523,styphimurium,accD,0.465
abaylyi,ACIAD1062,styphimurium,ppk,0.35
mtuberculosis,Rv2984,styphimurium,ppk,0.339
mtuberculosis,Rv1415,saureus,ribA,0.453
abaylyi,ACIAD3570,mtuberculosis,Rv1415,0.407
ccrescentus,CCNA_03851,mtuberculosis,Rv1602,0.41
mtuberculosis,Rv1602,styphimurium,hisH,0.374
mtuberculosis,Rv1602,saureus,hisH,0.308
ccrescentus,CCNA_03589,mtuberculosis,Rv3223c,0.364
mtuberculosis,Rv3223c,styphimurium,rpoE,0.361
abaylyi,ACIAD2417,styphimurium,hemK,0.448
ccrescentus,CCNA_00918,styphimurium,hemK,0.355
saureus,SA1919,styphimurium,hemK,0.316
ccrescentus,CCNA_00265,styphimurium,amn,0.671
mgenitalium,MG_062,styphimurium,fruA,0.39
abaylyi,ACIAD0148,styphimurium,dedA,0.571
ccrescentus,CCNA_00001,styphimurium,ydiA,0.317
saureus,SA2244,styphimurium,STM1612,0.339
abaylyi,ACIAD3447,styphimurium,STM2803,0.365
saureus,SA0476,styphimurium,STM2803,0.32
mgenitalium,MG_030,mpne,MPN033,0.796
mgenitalium,MG_030,saureus,upp,0.462
ccrescentus,CCNA_02351,mgenitalium,MG_030,0.428
mgenitalium,MG_030,mtuberculosis,Rv3309c,0.43
abaylyi,ACIAD0744,mgenitalium,MG_030,0.404
mgenitalium,MG_030,styphimurium,upp,0.4
mgenitalium,MG_092,mpne,MPN230,0.721
mgenitalium,MG_092,styphimurium,rpsR,0.454
mgenitalium,MG_092,mtuberculosis,Rv0055,0.426
mgenitalium,MG_123,mpne,MPN262,0.428
mgenitalium,MG_453,saureus,gtaB,0.512
saureus,gtaB,styphimurium,galU,0.45
abaylyi,ACIAD0099,saureus,gtaB,0.421
mtuberculosis,Rv2045c,styphimurium,STM1623,0.367
ccrescentus,CCNA_00841,mtuberculosis,Rv2045c,0.321
mtuberculosis,Rv2852c,saureus,SA2155,0.471
abaylyi,ACIAD1007,mtuberculosis,Rv2852c,0.439
mgenitalium,MG_239,syn3a,JCVISYN3A_0394,0.452
styphimurium,lon,syn3a,JCVISYN3A_0394,0.44
abaylyi,ACIAD1115,syn3a,JCVISYN3A_0394,0.428
saureus,folC,syn3a,JCVISYN3A_0823,0.33
abaylyi,ACIAD0384,saureus,gerCB,0.434
mtuberculosis,Rv0558,saureus,gerCB,0.364
ccrescentus,CCNA_03823,saureus,gerCB,0.367
saureus,SA1399,styphimurium,ybeY,0.324
abaylyi,ACIAD3160,saureus,SA1399,0.379
ccrescentus,CCNA_00052,saureus,SA1399,0.32
ccrescentus,CCNA_03838,saureus,SA2098,0.401
abaylyi,ACIAD2911,saureus,panD,0.418
ccrescentus,CCNA_01648,styphimurium,bioA,0.495
abaylyi,ACIAD0856,ccrescentus,CCNA_01648,0.454
mtuberculosis,Rv3133c,saureus,SA1666,0.339
abaylyi,ACIAD3469,saureus,SA1666,0.323
saureus,SA1849,styphimurium,yedF,0.323
saureus,rnhB,styphimurium,rnhB,0.44
abaylyi,ACIAD1248,saureus,rnhB,0.433
ccrescentus,CCNA_00383,saureus,rnhB,0.421
mtuberculosis,Rv2902c,saureus,rnhB,0.37
saureus,glnA,styphimurium,glnA,0.401
abaylyi,ACIAD2458,saureus,glnA,0.374
ccrescentus,CCNA_02047,saureus,glnA,0.357
ccrescentus,CCNA_03331,mtuberculosis,Rv0422c,0.468
mtuberculosis,Rv0422c,saureus,SA0537,0.35
ccrescentus,CCNA_02230,mtuberculosis,Rv0728c,0.323
mtuberculosis,Rv0853c,styphimurium,STM2405,0.475
mtuberculosis,Rv0853c,saureus,SA0182,0.383
abaylyi,ACIAD3516,styphimurium,murC,0.593
ccrescentus,CCNA_02629,styphimurium,murC,0.442
abaylyi,ACIAD1137,styphimurium,dnaQ,0.483
saureus,SA1692,styphimurium,yhbO,0.482
ccrescentus,CCNA_02299,styphimurium,ftsE,0.488
mtuberculosis,Rv3102c,styphimurium,ftsE,0.49
abaylyi,ACIAD0135,styphimurium,STM3633,0.446
ccrescentus,CCNA_03676,styphimurium,STM1619,0.493
mtuberculosis,Rv3211,saureus,SA1885,0.394
ccrescentus,CCNA_01923,saureus,SA1885,0.402
mgenitalium,MG_425,saureus,SA1885,0.33
mtuberculosis,Rv0705,saureus,rpsS,0.782
abaylyi,ACIAD3215,saureus,rpsS,0.637
ccrescentus,CCNA_01310,saureus,rpsS,0.641
mgenitalium,MG_155,saureus,rpsS,0.639
mgenitalium,MG_361,mpne,MPN538,0.745
mpne,MPN538,saureus,rplJ,0.35
styphimurium,gyrA,syn3a,JCVISYN3A_0007,0.447
mgenitalium,MG_004,syn3a,JCVISYN3A_0007,0.44
mpne,MPN004,syn3a,JCVISYN3A_0007,0.439
ccrescentus,CCNA_01651,syn3a,JCVISYN3A_0007,0.387
styphimurium,rpmH,syn3a,JCVISYN3A_0910,0.72
abaylyi,ACIAD3684,syn3a,JCVISYN3A_0910,0.743
mpne,MPN682,syn3a,JCVISYN3A_0910,0.674
mgenitalium,MG_466,syn3a,JCVISYN3A_0910,0.651
abaylyi,ACIAD0528,ccrescentus,CCNA_00558,0.447
abaylyi,ACIAD0848,saureus,lig,0.424
abaylyi,ACIAD0848,ccrescentus,CCNA_01590,0.374
abaylyi,ACIAD0848,syn3a,JCVISYN3A_0690,0.388
abaylyi,ACIAD0848,mtuberculosis,Rv3014c,0.394
abaylyi,ACIAD0848,mpne,MPN357,0.379
abaylyi,ACIAD1089,mtuberculosis,Rv1848,0.626
abaylyi,ACIAD1332,saureus,SA1854,0.43
abaylyi,ACIAD1332,ccrescentus,CCNA_00069,0.428
abaylyi,ACIAD1332,mpne,MPN059,0.356
abaylyi,ACIAD1332,mgenitalium,MG_046,0.332
abaylyi,ACIAD1399,styphimurium,hscA,0.521
mtuberculosis,Rv0734,syn3a,JCVISYN3A_0650,0.382
abaylyi,ACIAD1865,mtuberculosis,Rv0827c,0.385
ccrescentus,CCNA_01891,mtuberculosis,Rv3550,0.37
abaylyi,ACIAD1820,mtuberculosis,Rv3550,0.35
abaylyi,ACIAD3038,styphimurium,rho,0.775
abaylyi,ACIAD3038,mtuberculosis,Rv1297,0.545
mgenitalium,MG_162,mpne,MPN176,0.693
mpne,MPN176,mtuberculosis,Rv0715,0.409
abaylyi,ACIAD3208,mpne,MPN176,0.4
ccrescentus,CCNA_02773,styphimurium,STM1657,0.394
saureus,udk,styphimurium,udk,0.512
abaylyi,ACIAD0866,styphimurium,yfcM,0.497
abaylyi,ACIAD0354,styphimurium,recN,0.396
ccrescentus,CCNA_02062,styphimurium,recN,0.333
mtuberculosis,Rv1696,styphimurium,recN,0.301
mgenitalium,MG_009,styphimurium,ycfH,0.334
mtuberculosis,Rv0770,styphimurium,ygbJ,0.341
abaylyi,ACIAD0425,styphimurium,rpmE2,0.512
abaylyi,ACIAD0425,saureus,rpmE,0.551
abaylyi,ACIAD0432,saureus,hemN,0.327
saureus,hemN,styphimurium,yggW,0.325
saureus,SA1989,styphimurium,yncB,0.431
ccrescentus,CCNA_02095,saureus,SA1989,0.411
abaylyi,ACIAD0481,saureus,gltT,0.545
saureus,gltT,styphimurium,gltP,0.515
ccrescentus,CCNA_00664,saureus,gltT,0.366
mtuberculosis,Rv2443,saureus,gltT,0.356
mtuberculosis,Rv1463,saureus,SA0774,0.569
ccrescentus,CCNA_01800,saureus,pdhB,0.379
abaylyi,ACIAD0805,saureus,alsT,0.473
saureus,alsT,styphimurium,yaaJ,0.411
saureus,SA1444,syn3a,JCVISYN3A_0215,0.403
ccrescentus,CCNA_02521,saureus,SA1444,0.432
abaylyi,ACIAD0276,styphimurium,thiC,0.698
abaylyi,ACIAD0276,ccrescentus,CCNA_02109,0.647
abaylyi,ACIAD0276,mtuberculosis,Rv0423c,0.598
abaylyi,ACIAD0642,ccrescentus,CCNA_03657,0.433
abaylyi,ACIAD0679,styphimurium,yhiQ,0.348
abaylyi,ACIAD2553,ccrescentus,CCNA_01275,0.51
abaylyi,ACIAD2553,styphimurium,folD,0.512
abaylyi,ACIAD2553,syn3a,JCVISYN3A_0684,0.427
abaylyi,ACIAD2623,styphimurium,pal,0.5
abaylyi,ACIAD2853,styphimurium,hflB,0.591
abaylyi,ACIAD2853,ccrescentus,CCNA_03334,0.545
abaylyi,ACIAD2853,mtuberculosis,Rv3610c,0.458
abaylyi,ACIAD2853,mgenitalium,MG_457,0.425
abaylyi,ACIAD2853,mpne,MPN671,0.459
mtuberculosis,Rv0930,saureus,SA1219,0.338
ccrescentus,CCNA_00293,mtuberculosis,Rv0930,0.33
mtuberculosis,Rv2368c,saureus,phoH,0.52
abaylyi,ACIAD3159,mtuberculosis,Rv2368c,0.496
ccrescentus,CCNA_02727,mtuberculosis,Rv2368c,0.524
saureus,pflB,styphimurium,pflB,0.659
ccrescentus,CCNA_01101,styphimurium,infC,0.588
mtuberculosis,Rv1641,styphimurium,infC,0.449
styphimurium,infC,syn3a,JCVISYN3A_0200,0.363
abaylyi,ACIAD1232,styphimurium,ydhD,0.642
abaylyi,ACIAD0175,styphimurium,znuC,0.45
abaylyi,ACIAD0175,mtuberculosis,Rv1687c,0.331
abaylyi,ACIAD0245,ccrescentus,CCNA_01399,0.476
abaylyi,ACIAD0245,saureus,nrgA,0.476
abaylyi,ACIAD0541,styphimurium,tdcD,0.466
abaylyi,ACIAD0541,syn3a,JCVISYN3A_0230,0.387
abaylyi,ACIAD0541,mpne,MPN533,0.372
abaylyi,ACIAD0719,styphimurium,phnA,0.69
abaylyi,ACIAD0719,ccrescentus,CCNA_03100,0.506
mgenitalium,MG_164,syn3a,JCVISYN3A_0658,0.704
mpne,MPN178,syn3a,JCVISYN3A_0658,0.704
mtuberculosis,Rv0717,syn3a,JCVISYN3A_0658,0.557
mtuberculosis,Rv3624c,styphimurium,hpt,0.491
abaylyi,ACIAD3669,mtuberculosis,Rv3624c,0.47
mtuberculosis,Rv3624c,saureus,SA0468,0.477
mtuberculosis,Rv3624c,syn3a,JCVISYN3A_0216,0.382
ccrescentus,CCNA_00186,styphimurium,yieG,0.456
abaylyi,ACIAD3369,styphimurium,sbp,0.654
ccrescentus,CCNA_00288,styphimurium,sbp,0.611
mtuberculosis,Rv2400c,styphimurium,sbp,0.366
abaylyi,ACIAD1645,styphimurium,trmA,0.532
ccrescentus,CCNA_02507,styphimurium,wcaJ,0.4
abaylyi,ACIAD3517,ccrescentus,CCNA_02634,0.358
ccrescentus,CCNA_02634,styphimurium,murG,0.37
ccrescentus,CCNA_02634,mtuberculosis,Rv2153c,0.339
ccrescentus,CCNA_03270,mtuberculosis,Rv3291c,0.404
mtuberculosis,Rv1826,saureus,SA0760,0.48
ccrescentus,CCNA_03464,saureus,SA0760,0.453
mpne,MPN320,saureus,thyA,0.561
mgenitalium,MG_227,saureus,thyA,0.535
ccrescentus,CCNA_02208,saureus,thyA,0.512
abaylyi,ACIAD0515,saureus,thyA,0.518
mtuberculosis,Rv2764c,saureus,thyA,0.5
saureus,citZ,styphimurium,prpC,0.358
mtuberculosis,Rv2465c,syn3a,JCVISYN3A_0800,0.404
mgenitalium,MG_396,mtuberculosis,Rv2465c,0.42
mpne,D02_orf152,mtuberculosis,Rv2465c,0.386
mtuberculosis,Rv2465c,saureus,lacB,0.344
mtuberculosis,Rv2528c,styphimurium,mrr,0.339
ccrescentus,CCNA_01502,mtuberculosis,Rv3092c,0.465
mtuberculosis,Rv3092c,styphimurium,yedI,0.407
abaylyi,ACIAD3322,styphimurium,lytB,0.648
ccrescentus,CCNA_03471,styphimurium,lytB,0.543
styphimurium,tktA,syn3a,JCVISYN3A_0316,0.426
ccrescentus,CCNA_03735,syn3a,JCVISYN3A_0316,0.411
mtuberculosis,Rv1449c,syn3a,JCVISYN3A_0316,0.374
mpne,MPN082,syn3a,JCVISYN3A_0316,0.382
ccrescentus,CCNA_02446,styphimurium,ygiC,0.476
abaylyi,ACIAD3668,ccrescentus,CCNA_02699,0.558
abaylyi,ACIAD2218,ccrescentus,CCNA_03496,0.441
ccrescentus,CCNA_03562,saureus,atpA,0.621
ccrescentus,CCNA_03562,syn3a,JCVISYN3A_0792,0.548
ccrescentus,CCNA_03562,mpne,MPN600,0.517
ccrescentus,CCNA_03562,mgenitalium,MG_401,0.511
ccrescentus,CCNA_01571,styphimurium,yfgD,0.438
mtuberculosis,Rv2919c,styphimurium,glnB,0.616
abaylyi,ACIAD0966,styphimurium,yggA,0.391
abaylyi,ACIAD0966,saureus,SA0753,0.31
ccrescentus,CCNA_00158,mtuberculosis,Rv0003,0.331
ccrescentus,CCNA_00254,styphimurium,rarD,0.378
abaylyi,ACIAD3401,ccrescentus,CCNA_00416,0.333
ccrescentus,CCNA_02387,styphimurium,gor,0.395
saureus,atpC,styphimurium,atpC,0.333
ccrescentus,CCNA_01011,saureus,hutI,0.377
saureus,hutI,styphimurium,hutI,0.338
mtuberculosis,Rv1348,saureus,SA2217,0.344
ccrescentus,CCNA_03544,styphimurium,nadD,0.3
ccrescentus,CCNA_01011,styphimurium,hutI,0.536
abaylyi,ACIAD0733,mtuberculosis,Rv3148,0.387
abaylyi,ACIAD0733,ccrescentus,CCNA_02029,0.366
abaylyi,ACIAD1072,ccrescentus,CCNA_01550,0.768
abaylyi,ACIAD1072,styphimurium,cysD,0.768
abaylyi,ACIAD1072,mtuberculosis,Rv1285,0.526
abaylyi,ACIAD1215,ccrescentus,CCNA_00294,0.682
abaylyi,ACIAD1215,saureus,pstB,0.563
abaylyi,ACIAD1215,mgenitalium,MG_410,0.474
abaylyi,ACIAD3133,styphimurium,yciI,0.474
ccrescentus,CCNA_00067,styphimurium,yciI,0.372
abaylyi,ACIAD1038,saureus,SA2313,0.318
abaylyi,ACIAD1183,styphimurium,slyD,0.512
ccrescentus,CCNA_00291,styphimurium,phoR,0.345
abaylyi,ACIAD3558,ccrescentus,CCNA_00291,0.313
abaylyi,ACIAD2897,ccrescentus,CCNA_00485,0.426
ccrescentus,CCNA_00485,saureus,SA1040,0.433
ccrescentus,CCNA_00485,mtuberculosis,Rv1540,0.4
ccrescentus,CCNA_00485,syn3a,JCVISYN3A_0517,0.366
ccrescentus,CCNA_03315,styphimurium,moeA,0.324
ccrescentus,CCNA_03315,mtuberculosis,Rv0438c,0.377
ccrescentus,CCNA_03315,saureus,moeA,0.309
ccrescentus,CCNA_02994,mtuberculosis,Rv1384,0.534
mtuberculosis,Rv1384,styphimurium,carB,0.524
abaylyi,ACIAD2861,mtuberculosis,Rv1384,0.517
mtuberculosis,Rv2855,styphimurium,gor,0.304
abaylyi,ACIAD0597,styphimurium,ilvE,0.45
ccrescentus,CCNA_03024,styphimurium,ilvE,0.388
mtuberculosis,Rv2210c,styphimurium,ilvE,0.322
ccrescentus,CCNA_01443,styphimurium,yijF,0.463
abaylyi,ACIAD0481,styphimurium,gltP,0.719
ccrescentus,CCNA_00264,styphimurium,gltP,0.4
mgenitalium,MG_279,mpne,MPN398,0.622
mpne,MPN563,saureus,obg,0.38
mpne,MPN563,syn3a,JCVISYN3A_0377,0.361
mpne,MPN563,mtuberculosis,Rv2440c,0.366
ccrescentus,CCNA_00317,mpne,MPN563,0.431
abaylyi,ACIAD2935,syn3a,JCVISYN3A_0061,0.441
mpne,MPN005,syn3a,JCVISYN3A_0061,0.473
ccrescentus,CCNA_02078,syn3a,JCVISYN3A_0061,0.383
styphimurium,vacB,syn3a,JCVISYN3A_0775,0.304
mpne,MPN243,syn3a,JCVISYN3A_0775,0.321
mgenitalium,MG_341,mpne,MPN516,0.858
mgenitalium,MG_341,syn3a,JCVISYN3A_0804,0.399
mgenitalium,MG_341,saureus,rpoB,0.397
mgenitalium,MG_341,mtuberculosis,Rv0667,0.367
mgenitalium,MG_341,styphimurium,rpoB,0.355
ccrescentus,CCNA_00536,mgenitalium,MG_341,0.354
abaylyi,ACIAD0307,mgenitalium,MG_341,0.35
ccrescentus,CCNA_03104,mtuberculosis,Rv2538c,0.402
abaylyi,ACIAD3353,mtuberculosis,Rv2538c,0.39
ccrescentus,CCNA_00008,styphimurium,dnaA,0.373
ccrescentus,CCNA_01550,styphimurium,cysD,0.748
ccrescentus,CCNA_01550,mtuberculosis,Rv1285,0.496
abaylyi,ACIAD2463,ccrescentus,CCNA_01976,0.483
ccrescentus,CCNA_01976,styphimurium,trpC,0.39
ccrescentus,CCNA_01976,saureus,trpC,0.348
abaylyi,ACIAD2016,mtuberculosis,Rv2854,0.354
mgenitalium,MG_063,mpne,MPN079,0.581
abaylyi,ACIAD0890,styphimurium,trxB,0.692
mtuberculosis,Rv3913,styphimurium,trxB,0.498
saureus,trxB,styphimurium,trxB,0.415
mgenitalium,MG_102,styphimurium,trxB,0.369
ccrescentus,CCNA_02884,styphimurium,ycdC,0.552
abaylyi,ACIAD1402,styphimurium,yfhF,0.638
abaylyi,ACIAD0341,ccrescentus,CCNA_02557,0.321
abaylyi,ACIAD0742,styphimurium,nuoM,0.616
abaylyi,ACIAD0742,ccrescentus,CCNA_02016,0.368
abaylyi,ACIAD0742,mtuberculosis,Rv3157,0.311
saureus,pmi,syn3a,JCVISYN3A_0435,0.401
saureus,glyA,syn3a,JCVISYN3A_0799,0.637
saureus,glyA,styphimurium,glyA,0.592
mtuberculosis,Rv1093,saureus,glyA,0.552
mpne,MPN576,saureus,glyA,0.532
saureus,modC,styphimurium,modC,0.381
mpne,MPN433,saureus,modC,0.331
mtuberculosis,Rv3358,saureus,SA2195,0.404
abaylyi,ACIAD1053,styphimurium,iroN,0.502
mgenitalium,MG_132,syn3a,JCVISYN3A_0438,0.55
mpne,A65_orf144,syn3a,JCVISYN3A_0438,0.481
ccrescentus,CCNA_02555,syn3a,JCVISYN3A_0438,0.356
mtuberculosis,Rv3459c,syn3a,JCVISYN3A_0646,0.622
styphimurium,rpsK,syn3a,JCVISYN3A_0646,0.539
mgenitalium,MG_176,syn3a,JCVISYN3A_0646,0.478
mpne,MPN073,syn3a,JCVISYN3A_0831,0.433
mtuberculosis,Rv1017c,syn3a,JCVISYN3A_0831,0.417
ccrescentus,CCNA_00520,syn3a,JCVISYN3A_0831,0.386
abaylyi,ACIAD2907,syn3a,JCVISYN3A_0831,0.374
ccrescentus,CCNA_01422,mtuberculosis,Rv2533c,0.347
ccrescentus,CCNA_01422,saureus,SA1355,0.316
abaylyi,ACIAD3572,ccrescentus,CCNA_01422,0.302
saureus,SA2232,styphimurium,STM2573,0.391
saureus,vraD,syn3a,JCVISYN3A_0030,0.416
mpne,MPN685,saureus,vraD,0.408
abaylyi,ACIAD0307,styphimurium,rpoB,0.701
abaylyi,ACIAD0307,ccrescentus,CCNA_00536,0.588
abaylyi,ACIAD0307,saureus,rpoB,0.437
abaylyi,ACIAD0307,mtuberculosis,Rv0667,0.443
abaylyi,ACIAD0307,syn3a,JCVISYN3A_0804,0.382
abaylyi,ACIAD0307,mpne,MPN516,0.34
mgenitalium,MG_100,mpne,MPN238,0.725
abaylyi,ACIAD0822,mpne,MPN238,0.323
mpne,MPN238,mtuberculosis,Rv3009c,0.305
mgenitalium,MG_522,mpne,MPN541,0.77
mpne,MPN573,saureus,groEL,0.478
ccrescentus,CCNA_00721,mpne,MPN573,0.45
abaylyi,ACIAD2838,mpne,MPN573,0.43
mpne,MPN573,styphimurium,mopA,0.444
abaylyi,ACIAD2324,styphimurium,lpxB,0.419
abaylyi,ACIAD2324,ccrescentus,CCNA_01986,0.339
abaylyi,ACIAD2619,styphimurium,tolQ,0.454
abaylyi,ACIAD2619,ccrescentus,CCNA_03341,0.38
abaylyi,ACIAD3584,styphimurium,pncA,0.404
mgenitalium,MG_070,mpne,MPN208,0.81
mpne,MPN208,saureus,rpsB,0.403
abaylyi,ACIAD2269,mpne,MPN208,0.391
mpne,MPN208,styphimurium,rpsB,0.396
mgenitalium,MG_261,mpne,MPN378,0.562
mpne,MPN378,syn3a,JCVISYN3A_0612,0.306
mpne,MPN378,styphimurium,dnaE,0.305
ccrescentus,CCNA_01485,styphimurium,galM,0.381
saureus,bglA,styphimurium,bglA,0.605
abaylyi,ACIAD3012,styphimurium,rplM,0.725
ccrescentus,CCNA_01440,styphimurium,rplM,0.539
mpne,MPN617,styphimurium,rplM,0.438
styphimurium,rplM,syn3a,JCVISYN3A_0638,0.439
ccrescentus,CCNA_02834,styphimurium,STM3377,0.529
mtuberculosis,Rv1704c,styphimurium,cycA,0.593
abaylyi,ACIAD0787,ccrescentus,CCNA_03585,0.355
abaylyi,ACIAD1346,styphimurium,sodB,0.641
ccrescentus,CCNA_03672,styphimurium,sodB,0.487
abaylyi,ACIAD0400,mtuberculosis,Rv3775,0.355
ccrescentus,CCNA_00871,styphimurium,yafV,0.328
saureus,SA0805,styphimurium,STM1366,0.378
ccrescentus,CCNA_00054,styphimurium,miaB,0.479
abaylyi,ACIAD3158,ccrescentus,CCNA_00054,0.419
ccrescentus,CCNA_00054,saureus,SA1134,0.378
ccrescentus,CCNA_02023,mtuberculosis,Rv3151,0.336
ccrescentus,CCNA_02315,saureus,SA0337,0.462
ccrescentus,CCNA_02347,styphimurium,cpsG,0.309
styphimurium,ptsG,syn3a,JCVISYN3A_0779,0.325
ccrescentus,CCNA_02356,styphimurium,pdgL,0.307
abaylyi,ACIAD0562,styphimurium,hisS,0.561
mtuberculosis,Rv2580c,styphimurium,hisS,0.448
saureus,hisS,styphimurium,hisS,0.384
styphimurium,hisS,syn3a,JCVISYN3A_0288,0.354
mpne,MPN045,styphimurium,hisS,0.342
mgenitalium,MG_035,styphimurium,hisS,0.354
abaylyi,ACIAD3200,styphimurium,rplO,0.68
saureus,rplO,styphimurium,rplO,0.472
styphimurium,rplO,syn3a,JCVISYN3A_0653,0.475
mtuberculosis,Rv0500,styphimurium,proC,0.339
abaylyi,ACIAD3032,mtuberculosis,Rv0500,0.332
ccrescentus,CCNA_00528,mtuberculosis,Rv0500,0.321
ccrescentus,CCNA_00246,mtuberculosis,Rv2002,0.433
mtuberculosis,Rv2002,saureus,butA,0.376
ccrescentus,CCNA_01975,mtuberculosis,Rv2192c,0.397
mtuberculosis,Rv2192c,styphimurium,trpD,0.351
saureus,rbsK,styphimurium,rbsK,0.414
ccrescentus,CCNA_01001,saureus,rbsK,0.342
saureus,mutS,styphimurium,mutS,0.397
ccrescentus,CCNA_00012,saureus,mutS,0.339
ccrescentus,CCNA_02034,saureus,SA1451,0.462
saureus,SA1451,styphimurium,yhbW,0.403
mgenitalium,MG_377,mpne,MPN555,0.844
mgenitalium,MG_464,mpne,MPN680,0.888
saureus,valS,syn3a,JCVISYN3A_0260,0.484
mgenitalium,MG_334,syn3a,JCVISYN3A_0260,0.394
mpne,MPN480,syn3a,JCVISYN3A_0260,0.376
mtuberculosis,Rv2448c,syn3a,JCVISYN3A_0260,0.406
ccrescentus,CCNA_01381,syn3a,JCVISYN3A_0260,0.39
abaylyi,ACIAD1923,styphimurium,nfnB,0.396
mgenitalium,MG_378,mpne,MPN556,0.633
abaylyi,ACIAD0164,mpne,MPN556,0.313
mpne,MPN556,syn3a,JCVISYN3A_0535,0.329
mpne,MPN556,mtuberculosis,Rv1292,0.341
saureus,rpmI,syn3a,JCVISYN3A_0199,0.564
saureus,cfxE,syn3a,JCVISYN3A_0262,0.355
abaylyi,ACIAD0685,syn3a,JCVISYN3A_0262,0.373
styphimurium,rpe,syn3a,JCVISYN3A_0262,0.353
mtuberculosis,Rv1408,syn3a,JCVISYN3A_0262,0.372
ccrescentus,CCNA_00100,syn3a,JCVISYN3A_0262,0.341
mgenitalium,MG_112,syn3a,JCVISYN3A_0262,0.329
mpne,MPN251,syn3a,JCVISYN3A_0262,0.327
saureus,smbA,syn3a,JCVISYN3A_0537,0.423
abaylyi,ACIAD1372,syn3a,JCVISYN3A_0537,0.416
mtuberculosis,Rv2883c,syn3a,JCVISYN3A_0537,0.392
styphimurium,galE,syn3a,JCVISYN3A_0813,0.336
abaylyi,ACIAD0102,syn3a,JCVISYN3A_0813,0.387
abaylyi,ACIAD2468,ccrescentus,CCNA_02702,0.467
abaylyi,ACIAD3518,styphimurium,gshB,0.581
mtuberculosis,Rv1553,styphimurium,frdB,0.504
ccrescentus,CCNA_01037,styphimurium,uxuR,0.359
abaylyi,ACIAD0865,styphimurium,yciO,0.53
abaylyi,ACIAD0865,mtuberculosis,Rv1301,0.301
abaylyi,ACIAD1070,ccrescentus,CCNA_01855,0.542
ccrescentus,CCNA_03501,saureus,SA1918,0.34
ccrescentus,CCNA_03501,mtuberculosis,Rv1301,0.385
abaylyi,ACIAD3208,styphimurium,rplX,0.558
mtuberculosis,Rv0715,styphimurium,rplX,0.419
mtuberculosis,Rv0382c,saureus,pyrE,0.341
saureus,glyS,syn3a,JCVISYN3A_0405,0.532
mtuberculosis,Rv2357c,saureus,glyS,0.511
mpne,MPN354,saureus,glyS,0.414
mgenitalium,MG_251,saureus,glyS,0.42
abaylyi,ACIAD0247,saureus,ribD,0.338
saureus,ribD,styphimurium,ribD,0.333
mpne,MPN193,syn3a,JCVISYN3A_0643,0.54
mpne,MPN193,saureus,SA2021,0.423
mgenitalium,MG_276,mpne,MPN395,0.683
mgenitalium,MG_298,mpne,MPN426,0.73
mpne,MPN426,syn3a,JCVISYN3A_0415,0.311
saureus,gmk,syn3a,JCVISYN3A_0203,0.444
styphimurium,gmk,syn3a,JCVISYN3A_0203,0.398
mpne,MPN246,syn3a,JCVISYN3A_0203,0.404
ccrescentus,CCNA_01753,syn3a,JCVISYN3A_0203,0.341
abaylyi,ACIAD3324,syn3a,JCVISYN3A_0203,0.343
mtuberculosis,Rv1389,syn3a,JCVISYN3A_0203,0.337
ccrescentus,CCNA_03796,styphimurium,ygjT,0.447
abaylyi,ACIAD3666,ccrescentus,CCNA_03796,0.437
ccrescentus,CCNA_03796,mtuberculosis,Rv2723,0.306
ccrescentus,CCNA_02173,saureus,SA0297,0.433
mtuberculosis,Rv0718,saureus,rpsH,0.563
saureus,rpsH,syn3a,JCVISYN3A_0657,0.581
mpne,GT9_orf142,saureus,rpsH,0.469
mgenitalium,MG_165,saureus,rpsH,0.453
ccrescentus,CCNA_01320,saureus,rpsH,0.4
abaylyi,ACIAD1007,saureus,SA2155,0.48
ccrescentus,CCNA_02060,mtuberculosis,Rv3069,0.411
mtuberculosis,Rv3133c,styphimurium,uhpA,0.366
ccrescentus,CCNA_01208,mtuberculosis,Rv3133c,0.357
abaylyi,ACIAD3503,mtuberculosis,Rv3411c,0.572
mtuberculosis,Rv3411c,saureus,guaB,0.541
abaylyi,ACIAD2664,styphimurium,radA,0.59
saureus,radA,styphimurium,radA,0.46
mtuberculosis,Rv3585,styphimurium,radA,0.38
abaylyi,ACIAD0294,ccrescentus,CCNA_00172,0.342
abaylyi,ACIAD1356,saureus,SA0939,0.386
abaylyi,ACIAD1948,styphimurium,cspC,0.621
abaylyi,ACIAD2015,styphimurium,STM4044,0.486
abaylyi,ACIAD2346,styphimurium,himD,0.582
abaylyi,ACIAD2346,ccrescentus,CCNA_03701,0.494
abaylyi,ACIAD3498,styphimurium,prfB,0.72
abaylyi,ACIAD3498,ccrescentus,CCNA_01950,0.584
mgenitalium,MG_029,mpne,MPN032,0.648
mgenitalium,MG_478,mpne,MPN163,0.633
mtuberculosis,Rv2851c,styphimurium,elaA,0.378
ccrescentus,CCNA_00405,mtuberculosis,Rv3224,0.558
abaylyi,ACIAD2240,styphimurium,ydeI,0.368
abaylyi,ACIAD2287,styphimurium,maeB,0.617
ccrescentus,CCNA_02704,styphimurium,maeB,0.592
saureus,SA1524,styphimurium,maeB,0.506
mgenitalium,MG_302,mpne,MPN431,0.643
mgenitalium,MG_399,mpne,MPN598,0.925
mpne,MPN598,syn3a,JCVISYN3A_0790,0.686
mpne,MPN598,styphimurium,atpD,0.668
mpne,MPN598,saureus,atpD,0.653
abaylyi,ACIAD0187,mpne,MPN598,0.637
ccrescentus,CCNA_03560,mpne,MPN598,0.61
mpne,MPN598,mtuberculosis,Rv1310,0.597
mgenitalium,MG_346,syn3a,JCVISYN3A_0548,0.355
styphimurium,yibK,syn3a,JCVISYN3A_0548,0.374
abaylyi,ACIAD2933,syn3a,JCVISYN3A_0548,0.306
mgenitalium,MG_157,syn3a,JCVISYN3A_0665,0.462
abaylyi,ACIAD3213,mgenitalium,MG_157,0.457
ccrescentus,CCNA_01312,mgenitalium,MG_157,0.447
mgenitalium,MG_157,styphimurium,rpsC,0.438
mgenitalium,MG_157,mtuberculosis,Rv0707,0.407
abaylyi,ACIAD3383,mtuberculosis,Rv1543,0.484
ccrescentus,CCNA_00491,mtuberculosis,Rv3609c,0.447
abaylyi,ACIAD2470,mtuberculosis,Rv3609c,0.445
ccrescentus,CCNA_03664,styphimurium,dapB,0.415
saureus,dapB,styphimurium,dapB,0.387
mtuberculosis,Rv2773c,styphimurium,dapB,0.308
saureus,gnd,styphimurium,gnd,0.668
abaylyi,ACIAD3313,styphimurium,rpsP,0.719
mgenitalium,MG_446,styphimurium,rpsP,0.402
saureus,ahpC,styphimurium,ahpC,0.656
mtuberculosis,Rv0545c,saureus,SA0619,0.432
saureus,cspC,styphimurium,cspA,0.671
abaylyi,ACIAD1313,saureus,cspC,0.633
mtuberculosis,Rv3648c,saureus,cspC,0.625
ccrescentus,CCNA_00701,saureus,cspC,0.576
ccrescentus,CCNA_03408,saureus,SA2132,0.368
mtuberculosis,Rv1458c,saureus,SA2132,0.319
saureus,SA2132,styphimurium,znuC,0.339
saureus,arcD,styphimurium,ydgI,0.424
abaylyi,ACIAD1417,saureus,arcD,0.418
ccrescentus,CCNA_00013,styphimurium,glnD,0.311
ccrescentus,CCNA_03129,styphimurium,yebA,0.32
ccrescentus,CCNA_03385,styphimurium,ycgN,0.529
abaylyi,ACIAD3601,ccrescentus,CCNA_03385,0.485
abaylyi,ACIAD2099,styphimurium,ybfF,0.51
abaylyi,ACIAD0050,styphimurium,rph,0.648
mtuberculosis,Rv1340,styphimurium,rph,0.567
styphimurium,dnaA,syn3a,JCVISYN3A_0001,0.382
mgenitalium,MG_469,styphimurium,dnaA,0.312
mpne,MPN686,styphimurium,dnaA,0.313
mgenitalium,MG_071,styphimurium,mgtA,0.31
abaylyi,ACIAD2862,ccrescentus,CCNA_02941,0.512
ccrescentus,CCNA_02941,saureus,greA,0.475
ccrescentus,CCNA_02941,mgenitalium,MG_282,0.41
ccrescentus,CCNA_02941,mpne,MPN401,0.41
ccrescentus,CCNA_02941,syn3a,JCVISYN3A_0253,0.45
ccrescentus,CCNA_02941,mtuberculosis,Rv1080c,0.321
ccrescentus,CCNA_03378,styphimurium,suhB,0.399
abaylyi,ACIAD2932,ccrescentus,CCNA_03067,0.415
ccrescentus,CCNA_03387,styphimurium,ygeA,0.522
ccrescentus,CCNA_03776,styphimurium,ligT,0.305
mtuberculosis,Rv1282c,saureus,SA0846,0.348
abaylyi,ACIAD1141,saureus,SA0846,0.361
mgenitalium,MG_078,saureus,SA0846,0.337
saureus,SA1061,styphimurium,yfgB,0.371
abaylyi,ACIAD0557,saureus,SA1061,0.366
ccrescentus,CCNA_00133,saureus,SA1061,0.386
mtuberculosis,Rv0489,styphimurium,gpmA,0.518
ccrescentus,CCNA_02344,mtuberculosis,Rv0489,0.536
mtuberculosis,Rv0489,saureus,SA2204,0.497
mtuberculosis,Rv0640,saureus,rplK,0.717
ccrescentus,CCNA_00678,mtuberculosis,Rv0640,0.557
mgenitalium,MG_081,mtuberculosis,Rv0640,0.463
mtuberculosis,Rv0640,syn3a,JCVISYN3A_0810,0.452
mtuberculosis,Rv0672,styphimurium,aidB,0.437
abaylyi,ACIAD1498,ccrescentus,CCNA_00691,0.572
abaylyi,ACIAD3398,styphimurium,hisA,0.35
abaylyi,ACIAD3398,saureus,SA2466,0.315
abaylyi,ACIAD3475,styphimurium,acs,0.667
abaylyi,ACIAD3475,ccrescentus,CCNA_03696,0.628
abaylyi,ACIAD3475,mtuberculosis,Rv3667,0.508
mtuberculosis,Rv0491,saureus,vicR,0.469
ccrescentus,CCNA_00296,mtuberculosis,Rv0491,0.453
abaylyi,ACIAD2820,ccrescentus,CCNA_00500,0.382
saureus,SA2202,styphimurium,fliY,0.367
saureus,SA2247,styphimurium,yehR,0.323
abaylyi,ACIAD1391,styphimurium,menG,0.484
abaylyi,ACIAD2838,styphimurium,mopA,0.746
ccrescentus,CCNA_00721,styphimurium,mopA,0.658
saureus,groEL,styphimurium,mopA,0.573
abaylyi,ACIAD0354,ccrescentus,CCNA_02062,0.319
abaylyi,ACIAD0505,styphimurium,purU,0.422
abaylyi,ACIAD1930,styphimurium,yceF,0.467
abaylyi,ACIAD1829,mtuberculosis,Rv1142c,0.332
abaylyi,ACIAD2000,styphimurium,ygbQ,0.415
abaylyi,ACIAD2433,saureus,dnaC,0.385
abaylyi,ACIAD2433,ccrescentus,CCNA_01737,0.363
abaylyi,ACIAD2433,syn3a,JCVISYN3A_0834,0.351
abaylyi,ACIAD2587,mtuberculosis,Rv1595,0.383
abaylyi,ACIAD2893,styphimurium,kdtB,0.606
abaylyi,ACIAD2893,saureus,SA0973,0.449
abaylyi,ACIAD2968,styphimurium,ispA,0.438
abaylyi,ACIAD2968,ccrescentus,CCNA_02150,0.378
abaylyi,ACIAD2968,mtuberculosis,Rv3398c,0.353
mgenitalium,MG_295,mpne,MPN422,0.632
mgenitalium,MG_295,syn3a,JCVISYN3A_0387,0.432
mgenitalium,MG_295,styphimurium,trmU,0.376
mgenitalium,MG_295,saureus,SA1449,0.371
ccrescentus,CCNA_00941,mgenitalium,MG_295,0.31
abaylyi,ACIAD1308,ccrescentus,CCNA_01957,0.604
ccrescentus,CCNA_01957,mtuberculosis,Rv0417,0.506
ccrescentus,CCNA_01957,styphimurium,thiG,0.452
saureus,sodA,styphimurium,sodA,0.548
ccrescentus,CCNA_01855,saureus,sodA,0.48
mgenitalium,MG_261,syn3a,JCVISYN3A_0612,0.329
mtuberculosis,Rv1547,syn3a,JCVISYN3A_0612,0.321
abaylyi,ACIAD3388,ccrescentus,CCNA_01240,0.51
ccrescentus,CCNA_03392,saureus,purK,0.381
abaylyi,ACIAD3658,saureus,purK,0.352
abaylyi,ACIAD1058,styphimurium,ybbA,0.5
styphimurium,ybbA,syn3a,JCVISYN3A_0030,0.385
saureus,SA2149,styphimurium,ybbA,0.397
abaylyi,ACIAD3158,styphimurium,miaB,0.588
saureus,SA1134,styphimurium,miaB,0.413
abaylyi,ACIAD3042,styphimurium,pheS,0.637
ccrescentus,CCNA_01096,styphimurium,pheS,0.538
styphimurium,pheS,syn3a,JCVISYN3A_0529,0.347
mgenitalium,MG_194,styphimurium,pheS,0.38
abaylyi,ACIAD1311,ccrescentus,CCNA_03195,0.423
abaylyi,ACIAD1313,ccrescentus,CCNA_02997,0.574
abaylyi,ACIAD2595,mtuberculosis,Rv2398c,0.415
abaylyi,ACIAD2740,styphimurium,ydhM,0.408
abaylyi,ACIAD2776,styphimurium,entC,0.4
abaylyi,ACIAD2776,mtuberculosis,Rv3215,0.36
abaylyi,ACIAD2776,saureus,SA0895,0.309
abaylyi,ACIAD3013,ccrescentus,CCNA_01441,0.524
abaylyi,ACIAD3013,mtuberculosis,Rv3442c,0.512
abaylyi,ACIAD3013,saureus,rpsI,0.487
ccrescentus,CCNA_00123,mtuberculosis,Rv1144,0.526
abaylyi,ACIAD1565,ccrescentus,CCNA_00123,0.478
mgenitalium,MG_251,mpne,MPN354,0.718
mpne,MPN354,syn3a,JCVISYN3A_0405,0.466
mpne,MPN354,mtuberculosis,Rv2357c,0.392
saureus,SA0445,syn3a,JCVISYN3A_0043,0.326
styphimurium,pfs,syn3a,JCVISYN3A_0381,0.32
saureus,dra,syn3a,JCVISYN3A_0732,0.518
styphimurium,deoC,syn3a,JCVISYN3A_0732,0.346
ccrescentus,CCNA_01923,mtuberculosis,Rv1253,0.462
abaylyi,ACIAD3030,mtuberculosis,Rv1629,0.36
ccrescentus,CCNA_03577,mtuberculosis,Rv1629,0.36
ccrescentus,CCNA_01152,styphimurium,yhiR,0.325
abaylyi,ACIAD3150,ccrescentus,CCNA_01152,0.335
ccrescentus,CCNA_01311,saureus,rplV,0.442
ccrescentus,CCNA_02258,styphimurium,lipB,0.386
abaylyi,ACIAD1678,ccrescentus,CCNA_02959,0.47
ccrescentus,CCNA_03278,styphimurium,ygaF,0.307
ccrescentus,CCNA_03696,styphimurium,acs,0.629
ccrescentus,CCNA_03696,mtuberculosis,Rv3667,0.499
ccrescentus,CCNA_03696,saureus,acsA,0.38
abaylyi,ACIAD0731,styphimurium,nuoB,0.73
abaylyi,ACIAD0731,mtuberculosis,Rv3146,0.503
abaylyi,ACIAD0731,ccrescentus,CCNA_02032,0.456
mgenitalium,MG_057,saureus,SA0450,0.313
mpne,MPN072,saureus,SA0450,0.308
saureus,SA0450,syn3a,JCVISYN3A_0003,0.379
abaylyi,ACIAD3633,saureus,SA0802,0.312
ccrescentus,CCNA_02708,mtuberculosis,Rv1287,0.404
mtuberculosis,Rv1287,saureus,SA1453,0.307
mtuberculosis,Rv1287,styphimurium,yfhP,0.312
mtuberculosis,Rv0352,syn3a,JCVISYN3A_0541,0.327
ccrescentus,CCNA_00011,syn3a,JCVISYN3A_0541,0.315
mpne,MPN021,syn3a,JCVISYN3A_0541,0.341
mpne,MPN323,syn3a,JCVISYN3A_0772,0.691
mgenitalium,MG_230,syn3a,JCVISYN3A_0772,0.647
styphimurium,nrdI,syn3a,JCVISYN3A_0772,0.519
mtuberculosis,Rv3052c,syn3a,JCVISYN3A_0772,0.537
saureus,nrdI,syn3a,JCVISYN3A_0772,0.382
mtuberculosis,Rv2973c,styphimurium,recG,0.35
mtuberculosis,Rv3315c,saureus,cdd,0.365
mpne,MPN065,mtuberculosis,Rv3315c,0.336
mgenitalium,MG_052,mtuberculosis,Rv3315c,0.3
abaylyi,ACIAD0518,styphimurium,lgt,0.492
ccrescentus,CCNA_00525,styphimurium,lgt,0.395
ccrescentus,CCNA_03334,styphimurium,hflB,0.613
mtuberculosis,Rv3610c,styphimurium,hflB,0.492
mpne,MPN671,styphimurium,hflB,0.463
mgenitalium,MG_457,styphimurium,hflB,0.456
mgenitalium,MG_180,mpne,MPN194,0.798
mpne,MPN194,syn3a,JCVISYN3A_0642,0.438
mpne,MPN194,saureus,SA2020,0.398
mpne,MPN194,styphimurium,hisP,0.388
mgenitalium,MG_277,mpne,MPN396,0.695
saureus,SA1472,syn3a,JCVISYN3A_0500,0.366
saureus,dnaK,syn3a,JCVISYN3A_0542,0.598
mgenitalium,MG_305,syn3a,JCVISYN3A_0542,0.576
ccrescentus,CCNA_00010,syn3a,JCVISYN3A_0542,0.555
abaylyi,ACIAD3654,syn3a,JCVISYN3A_0542,0.505
abaylyi,ACIAD3009,styphimurium,ksgA,0.546
ccrescentus,CCNA_01757,styphimurium,ksgA,0.387
saureus,ksgA,styphimurium,ksgA,0.34
mtuberculosis,Rv1010,styphimurium,ksgA,0.343
abaylyi,ACIAD1373,styphimurium,frr,0.559
ccrescentus,CCNA_01997,styphimurium,frr,0.56
saureus,frr,styphimurium,frr,0.456
styphimurium,frr,syn3a,JCVISYN3A_0536,0.391
mpne,MPN636,styphimurium,frr,0.333
mgenitalium,MG_435,styphimurium,frr,0.327
abaylyi,ACIAD2313,styphimurium,ybaB,0.535
mtuberculosis,Rv3716c,styphimurium,ybaB,0.373
saureus,SA1236,styphimurium,yccX,0.4
abaylyi,ACIAD0120,styphimurium,bcfB,0.37
abaylyi,ACIAD0374,saureus,mnhD,0.336
abaylyi,ACIAD0557,styphimurium,yfgB,0.585
abaylyi,ACIAD0557,ccrescentus,CCNA_00133,0.483
abaylyi,ACIAD2837,styphimurium,dgkA,0.446
abaylyi,ACIAD2917,saureus,SA2481,0.372
abaylyi,ACIAD2917,styphimurium,yceA,0.306
abaylyi,ACIAD3095,saureus,prfC,0.461
abaylyi,ACIAD3095,ccrescentus,CCNA_01123,0.447
abaylyi,ACIAD3463,styphimurium,yjcG,0.646
ccrescentus,CCNA_03865,styphimurium,leuS,0.467
ccrescentus,CCNA_03865,saureus,leuS,0.394
ccrescentus,CCNA_03865,mpne,MPN384,0.323
ccrescentus,CCNA_03865,mgenitalium,MG_266,0.332
saureus,SA0962,styphimurium,mrdB,0.35
ccrescentus,CCNA_01616,saureus,SA0962,0.313
abaylyi,ACIAD0136,styphimurium,STM3631,0.547
abaylyi,ACIAD0186,styphimurium,atpG,0.622
saureus,atpG,styphimurium,atpG,0.37
mtuberculosis,Rv1309,styphimurium,atpG,0.348
ccrescentus,CCNA_03561,styphimurium,atpG,0.349
styphimurium,atpG,syn3a,JCVISYN3A_0791,0.335
mgenitalium,MG_329,syn3a,JCVISYN3A_0348,0.466
mpne,MPN475,syn3a,JCVISYN3A_0348,0.441
abaylyi,ACIAD0565,syn3a,JCVISYN3A_0348,0.348
ccrescentus,CCNA_01726,syn3a,JCVISYN3A_0348,0.365
saureus,ptsG,syn3a,JCVISYN3A_0779,0.337
mpne,MPN223,saureus,hprK,0.322
mgenitalium,MG_085,saureus,hprK,0.304
saureus,FabH,styphimurium,fabH,0.391
mtuberculosis,Rv0533c,saureus,FabH,0.37
mtuberculosis,Rv0247c,saureus,sdhB,0.316
mtuberculosis,Rv0081,saureus,czrA,0.423
mpne,MPN170,saureus,rplV,0.467
saureus,SA2102,styphimurium,fdhF,0.356
mgenitalium,MG_156,mpne,MPN170,0.787
mgenitalium,MG_127,mpne,MPN266,0.814
mgenitalium,MG_213,mpne,MPN300,0.441
mgenitalium,MG_403,mpne,MPN602,0.725
saureus,gyrB,syn3a,JCVISYN3A_0006,0.548
mpne,MPN003,syn3a,JCVISYN3A_0006,0.531
mgenitalium,MG_003,syn3a,JCVISYN3A_0006,0.52
mtuberculosis,Rv0005,syn3a,JCVISYN3A_0006,0.485
mgenitalium,MG_099,syn3a,JCVISYN3A_0688,0.393
mpne,MPN237,syn3a,JCVISYN3A_0688,0.375
saureus,SA1716,syn3a,JCVISYN3A_0688,0.364
mtuberculosis,Rv3011c,syn3a,JCVISYN3A_0688,0.326
ccrescentus,CCNA_01758,styphimurium,STM0163,0.408
abaylyi,ACIAD3129,styphimurium,STM0333,0.319
abaylyi,ACIAD1100,styphimurium,yhhF,0.413
ccrescentus,CCNA_00227,styphimurium,yhhF,0.393
saureus,SA0972,styphimurium,yhhF,0.34
mpne,MPN303,syn3a,JCVISYN3A_0221,0.436
mpne,MPN303,styphimurium,pykF,0.385
mpne,MPN303,mtuberculosis,Rv1617,0.353
ccrescentus,CCNA_02130,mpne,MPN303,0.327
mgenitalium,MG_435,mpne,MPN636,0.706
ccrescentus,CCNA_01997,mpne,MPN636,0.342
abaylyi,ACIAD3032,ccrescentus,CCNA_00528,0.347
ccrescentus,CCNA_00528,styphimurium,proC,0.319
saureus,SA1093,styphimurium,topA,0.381
ccrescentus,CCNA_02535,saureus,SA1093,0.419
mgenitalium,MG_122,saureus,SA1093,0.36
ccrescentus,CCNA_01241,saureus,SA1375,0.369
abaylyi,ACIAD3254,saureus,SA1375,0.361
mtuberculosis,Rv2581c,saureus,SA1375,0.321
ccrescentus,CCNA_01039,styphimurium,STM3134,0.549
abaylyi,ACIAD1630,ccrescentus,CCNA_01494,0.391
ccrescentus,CCNA_01494,mtuberculosis,Rv0447c,0.379
abaylyi,ACIAD0929,mtuberculosis,Rv2394,0.505
ccrescentus,CCNA_00565,mtuberculosis,Rv2394,0.43
mtuberculosis,Rv2394,styphimurium,ggt,0.343
mtuberculosis,Rv2394,saureus,SA0202,0.314
abaylyi,ACIAD2756,styphimurium,prpC,0.743
abaylyi,ACIAD0062,styphimurium,nadC,0.565
abaylyi,ACIAD0062,mtuberculosis,Rv1596,0.411
abaylyi,ACIAD0422,ccrescentus,CCNA_01582,0.302
abaylyi,ACIAD2029,styphimurium,yfcB,0.474
abaylyi,ACIAD2850,styphimurium,glxK,0.479
abaylyi,ACIAD2850,saureus,SA2220,0.422
abaylyi,ACIAD3250,styphimurium,hemF,0.592
abaylyi,ACIAD3585,styphimurium,dapA,0.505
abaylyi,ACIAD3585,ccrescentus,CCNA_01253,0.489
abaylyi,ACIAD3585,mtuberculosis,Rv2753c,0.325
abaylyi,ACIAD3296,styphimurium,ygiN,0.584
abaylyi,ACIAD3194,styphimurium,rpoA,0.668
ccrescentus,CCNA_01330,styphimurium,rpoA,0.515
mtuberculosis,Rv3457c,styphimurium,rpoA,0.436
saureus,rpoA,styphimurium,rpoA,0.421
mpne,MPN191,styphimurium,rpoA,0.317
mgenitalium,MG_177,styphimurium,rpoA,0.309
ccrescentus,CCNA_01356,styphimurium,STM4430,0.504
abaylyi,ACIAD0929,ccrescentus,CCNA_00565,0.429
ccrescentus,CCNA_02149,styphimurium,dxs,0.498
mtuberculosis,Rv2397c,styphimurium,cysA,0.537
abaylyi,ACIAD0102,styphimurium,galE,0.552
abaylyi,ACIAD0104,styphimurium,cpsG,0.659
abaylyi,ACIAD0104,mtuberculosis,Rv3257c,0.367
abaylyi,ACIAD0316,styphimurium,htpG,0.538
abaylyi,ACIAD0316,mtuberculosis,Rv2299c,0.437
abaylyi,ACIAD0609,styphimurium,aspS,0.587
abaylyi,ACIAD0609,saureus,aspS,0.525
abaylyi,ACIAD0609,syn3a,JCVISYN3A_0287,0.404
abaylyi,ACIAD0609,ccrescentus,CCNA_01969,0.401
abaylyi,ACIAD0609,mgenitalium,MG_036,0.338
abaylyi,ACIAD0857,saureus,SA0508,0.323
abaylyi,ACIAD0857,styphimurium,bioF,0.328
abaylyi,ACIAD0857,ccrescentus,CCNA_01417,0.336
abaylyi,ACIAD0857,mtuberculosis,Rv1569,0.326
abaylyi,ACIAD0466,styphimurium,leuD,0.557
ccrescentus,CCNA_00195,styphimurium,leuD,0.512
mtuberculosis,Rv2987c,styphimurium,leuD,0.45
saureus,pfs,styphimurium,pfs,0.537
abaylyi,ACIAD1027,styphimurium,yaeQ,0.405
ccrescentus,CCNA_00620,styphimurium,astC,0.487
mtuberculosis,Rv1655,styphimurium,astC,0.417
saureus,adh1,styphimurium,adhP,0.696
abaylyi,ACIAD3339,styphimurium,adhP,0.491
abaylyi,ACIAD0187,ccrescentus,CCNA_03560,0.677
ccrescentus,CCNA_03560,styphimurium,atpD,0.691
ccrescentus,CCNA_03560,saureus,atpD,0.615
ccrescentus,CCNA_03560,syn3a,JCVISYN3A_0790,0.62
ccrescentus,CCNA_03560,mgenitalium,MG_399,0.602
ccrescentus,CCNA_03560,mtuberculosis,Rv1310,0.581
ccrescentus,CCNA_03658,saureus,trpB,0.593
mtuberculosis,Rv0003,saureus,recF,0.309
mtuberculosis,Rv3461c,saureus,rpmJ,0.729
saureus,rpmJ,syn3a,JCVISYN3A_0648,0.756
mtuberculosis,Rv1438,saureus,tpi,0.448
ccrescentus,CCNA_01970,mtuberculosis,Rv1438,0.471
mtuberculosis,Rv1438,styphimurium,tpiA,0.425
mtuberculosis,Rv1438,syn3a,JCVISYN3A_0727,0.352
mgenitalium,MG_431,mtuberculosis,Rv1438,0.333
mpne,MPN629,mtuberculosis,Rv1438,0.349
abaylyi,ACIAD0962,mtuberculosis,Rv1593c,0.319
ccrescentus,CCNA_00133,styphimurium,yfgB,0.453
ccrescentus,CCNA_01811,styphimurium,ygaD,0.5
abaylyi,ACIAD0285,styphimurium,yehT,0.312
abaylyi,ACIAD0545,styphimurium,idnK,0.478
abaylyi,ACIAD1597,ccrescentus,CCNA_00185,0.33
ccrescentus,CCNA_00671,mtuberculosis,Rv3783,0.311
saureus,ssb,styphimurium,ssb,0.333
mtuberculosis,Rv3215,styphimurium,entC,0.396
mtuberculosis,Rv3215,saureus,SA0895,0.318
mtuberculosis,Rv3309c,saureus,upp,0.449
mtuberculosis,Rv3309c,styphimurium,upp,0.438
ccrescentus,CCNA_02351,mtuberculosis,Rv3309c,0.436
mpne,MPN033,mtuberculosis,Rv3309c,0.405
abaylyi,ACIAD0744,mtuberculosis,Rv3309c,0.401
saureus,SA1437,styphimurium,ybgJ,0.371
mtuberculosis,Rv0264c,styphimurium,ybgJ,0.339
saureus,oppF,styphimurium,yliA,0.44
ccrescentus,CCNA_00155,styphimurium,dnaN,0.381
mtuberculosis,Rv1285,styphimurium,cysD,0.531
abaylyi,ACIAD2635,styphimurium,purN,0.432
abaylyi,ACIAD3562,styphimurium,pncB,0.438
mgenitalium,MG_146,mpne,MPN159,0.692
mgenitalium,MG_274,mpne,MPN393,0.882
mpne,MPN393,saureus,pdhA,0.35
mpne,MPN393,mtuberculosis,Rv2497c,0.355
mgenitalium,MG_521,mpne,MPN527,0.642
ccrescentus,CCNA_02252,mtuberculosis,Rv2502c,0.7
ccrescentus,CCNA_00034,mtuberculosis,Rv2785c,0.539
mtuberculosis,Rv2785c,syn3a,JCVISYN3A_0294,0.459
mpne,MPN622,mtuberculosis,Rv2785c,0.456
abaylyi,ACIAD0022,ccrescentus,CCNA_00737,0.414
ccrescentus,CCNA_00737,styphimurium,ileS,0.394
ccrescentus,CCNA_00737,saureus,ileS,0.377
ccrescentus,CCNA_00737,syn3a,JCVISYN3A_0519,0.331
ccrescentus,CCNA_00737,mgenitalium,MG_345,0.347
ccrescentus,CCNA_00737,mpne,MPN520,0.34
ccrescentus,CCNA_01642,mtuberculosis,Rv0547c,0.343
abaylyi,ACIAD1630,mtuberculosis,Rv0447c,0.368
mgenitalium,MG_151,mpne,MPN165,0.759
mgenitalium,MG_151,syn3a,JCVISYN3A_0671,0.441
mgenitalium,MG_151,saureus,rplC,0.399
mgenitalium,MG_151,mtuberculosis,Rv0701,0.367
abaylyi,ACIAD3219,mgenitalium,MG_151,0.37
mgenitalium,MG_246,syn3a,JCVISYN3A_0431,0.374
ccrescentus,CCNA_03353,mgenitalium,MG_246,0.367
mgenitalium,MG_368,syn3a,JCVISYN3A_0419,0.359
mgenitalium,MG_368,saureus,plsX,0.352
abaylyi,ACIAD0313,saureus,SA0804,0.451
abaylyi,ACIAD0286,saureus,hemC,0.45
saureus,hemC,styphimurium,hemC,0.46
ccrescentus,CCNA_00070,saureus,hemC,0.42
mtuberculosis,Rv0510,saureus,hemC,0.352
mtuberculosis,Rv2535c,saureus,SA1530,0.408
mtuberculosis,Rv2535c,syn3a,JCVISYN3A_0305,0.343
mtuberculosis,Rv2535c,styphimurium,pepP,0.346
abaylyi,ACIAD3021,ccrescentus,CCNA_00871,0.316
abaylyi,ACIAD3021,mtuberculosis,Rv0480c,0.317
mpne,MPN258,syn3a,JCVISYN3A_0010,0.427
abaylyi,ACIAD0205,mpne,MPN258,0.312
mpne,MPN258,styphimurium,mglA,0.302
mtuberculosis,Rv2139,styphimurium,pyrD,0.434
ccrescentus,CCNA_00562,mtuberculosis,Rv2139,0.377
mtuberculosis,Rv2139,saureus,SA2375,0.339
mtuberculosis,Rv2442c,styphimurium,rplU,0.366
mtuberculosis,Rv2442c,syn3a,JCVISYN3A_0501,0.37
mtuberculosis,Rv2442c,saureus,rplU,0.343
mtuberculosis,Rv2505c,styphimurium,ydiD,0.338
ccrescentus,CCNA_01382,mtuberculosis,Rv2505c,0.332
mtuberculosis,Rv2788,saureus,SA0590,0.333
ccrescentus,CCNA_03473,styphimurium,STM3558,0.367
ccrescentus,CCNA_03701,styphimurium,himD,0.521
saureus,SA0677,styphimurium,STM1491,0.528
ccrescentus,CCNA_01223,mtuberculosis,Rv1345,0.334
ccrescentus,CCNA_03317,mtuberculosis,Rv3370c,0.396
abaylyi,ACIAD2120,saureus,sbnC,0.308
mgenitalium,MG_002,mpne,MPN002,0.669
mgenitalium,MG_281,mpne,MPN400,0.565
saureus,SA1086,syn3a,JCVISYN3A_0366,0.305
mgenitalium,MG_442,saureus,SA1086,0.308
ccrescentus,CCNA_02136,saureus,SA1336,0.367
mtuberculosis,Rv0013,saureus,SA0668,0.375
abaylyi,ACIAD1339,ccrescentus,CCNA_00264,0.51
styphimurium,rbfA,syn3a,JCVISYN3A_0289,0.317
ccrescentus,CCNA_02416,syn3a,JCVISYN3A_0350,0.415
styphimurium,himA,syn3a,JCVISYN3A_0350,0.383
abaylyi,ACIAD1408,syn3a,JCVISYN3A_0350,0.393
ccrescentus,CCNA_00011,mpne,MPN021,0.327
ccrescentus,CCNA_00233,saureus,capE,0.366
mtuberculosis,Rv3617,styphimurium,STM0332,0.331
mtuberculosis,Rv2832c,styphimurium,phnT,0.478
ccrescentus,CCNA_02983,styphimurium,yfdH,0.493
abaylyi,ACIAD1119,styphimurium,yfdH,0.42
saureus,SA0659,styphimurium,yfdH,0.442
mtuberculosis,Rv1500,styphimurium,yfdH,0.316
abaylyi,ACIAD2458,styphimurium,glnA,0.66
abaylyi,ACIAD2458,ccrescentus,CCNA_02047,0.604
abaylyi,ACIAD3682,ccrescentus,CCNA_00495,0.507
ccrescentus,CCNA_00495,saureus,SA1613,0.5
ccrescentus,CCNA_00495,mtuberculosis,Rv3922c,0.442
ccrescentus,CCNA_03482,styphimurium,yadH,0.381
abaylyi,ACIAD2260,ccrescentus,CCNA_03482,0.35
ccrescentus,CCNA_03710,styphimurium,ptsN,0.372
mgenitalium,MG_391,mpne,MPN572,0.777
abaylyi,ACIAD0253,mpne,MPN572,0.314
mpne,MPN572,mtuberculosis,Rv2213,0.389
mpne,MPN572,saureus,ampA,0.383
mpne,MPN572,styphimurium,pepB,0.36
mpne,MPN600,syn3a,JCVISYN3A_0792,0.548
saureus,atpA,syn3a,JCVISYN3A_0792,0.606
mgenitalium,MG_401,syn3a,JCVISYN3A_0792,0.556
mgenitalium,MG_196,mpne,MPN115,0.765
ccrescentus,CCNA_01101,mgenitalium,MG_196,0.331
mgenitalium,MG_196,mtuberculosis,Rv1641,0.365
mgenitalium,MG_257,mpne,MPN360,0.731
mgenitalium,MG_257,syn3a,JCVISYN3A_0137,0.351
mgenitalium,MG_289,mpne,MPN415,0.597
mgenitalium,MG_411,mpne,MPN610,0.781
ccrescentus,CCNA_02751,styphimurium,abc,0.476
ccrescentus,CCNA_02751,saureus,SA0420,0.551
ccrescentus,CCNA_02751,mtuberculosis,Rv3102c,0.427
ccrescentus,CCNA_02751,syn3a,JCVISYN3A_0642,0.365
ccrescentus,CCNA_02549,saureus,glcK,0.311
saureus,glcK,styphimurium,yajF,0.307
saureus,obg,syn3a,JCVISYN3A_0377,0.42
mtuberculosis,Rv2440c,saureus,obg,0.431
ccrescentus,CCNA_00317,saureus,obg,0.503
ccrescentus,CCNA_02027,mtuberculosis,Rv3149,0.3
abaylyi,ACIAD2316,styphimurium,garR,0.343
ccrescentus,CCNA_02440,mtuberculosis,Rv3575c,0.3
ccrescentus,CCNA_02566,styphimurium,pepN,0.458
abaylyi,ACIAD2008,ccrescentus,CCNA_02566,0.416
abaylyi,ACIAD2474,ccrescentus,CCNA_03879,0.412
ccrescentus,CCNA_03879,styphimurium,hemE,0.387
ccrescentus,CCNA_03879,mtuberculosis,Rv2678c,0.361
ccrescentus,CCNA_03879,saureus,hemE,0.33
mtuberculosis,Rv1811,styphimurium,mgtC,0.422
abaylyi,ACIAD1983,mtuberculosis,Rv1811,0.38
mgenitalium,MG_071,mtuberculosis,Rv1997,0.313
abaylyi,ACIAD0643,ccrescentus,CCNA_03656,0.45
abaylyi,ACIAD0643,saureus,SA1523,0.425
abaylyi,ACIAD0856,styphimurium,bioA,0.583
abaylyi,ACIAD0856,saureus,bioA,0.369
abaylyi,ACIAD1308,mtuberculosis,Rv0417,0.521
abaylyi,ACIAD1308,styphimurium,thiG,0.454
abaylyi,ACIAD1479,styphimurium,ybaN,0.324
abaylyi,ACIAD1901,styphimurium,modA,0.404
abaylyi,ACIAD1901,saureus,modA,0.307
mgenitalium,MG_041,mpne,MPN053,0.818
mpne,MPN053,syn3a,JCVISYN3A_0694,0.463
mpne,MPN053,saureus,ptsH,0.44
mgenitalium,MG_065,mpne,MPN081,0.66
mpne,MPN081,syn3a,JCVISYN3A_0030,0.55
ccrescentus,CCNA_02404,mpne,MPN081,0.334
mgenitalium,MG_168,mpne,MPN182,0.799
mpne,MPN182,saureus,rpsE,0.509
mpne,MPN182,styphimurium,rpsE,0.432
ccrescentus,CCNA_01323,mpne,MPN182,0.377
abaylyi,ACIAD3202,mpne,MPN182,0.407
mgenitalium,MG_222,mpne,MPN315,0.652
mpne,MPN315,syn3a,JCVISYN3A_0524,0.412
mpne,MPN315,styphimurium,yabC,0.381
abaylyi,ACIAD3368,mpne,MPN315,0.386
ccrescentus,CCNA_02645,mpne,MPN315,0.346
abaylyi,ACIAD0384,mtuberculosis,Rv0558,0.424
ccrescentus,CCNA_03823,mtuberculosis,Rv0558,0.393
abaylyi,ACIAD1818,mtuberculosis,Rv1058,0.421
ccrescentus,CCNA_03504,mtuberculosis,Rv1467c,0.332
abaylyi,ACIAD3262,mtuberculosis,Rv1467c,0.34
ccrescentus,CCNA_01088,styphimurium,yqhA,0.428
abaylyi,ACIAD3199,styphimurium,secY,0.587
mpne,MPN184,styphimurium,secY,0.353
ccrescentus,CCNA_01699,styphimurium,cytR,0.408
abaylyi,ACIAD2224,ccrescentus,CCNA_00345,0.311
abaylyi,ACIAD2417,ccrescentus,CCNA_00918,0.368
ccrescentus,CCNA_00918,mtuberculosis,Rv1300,0.348
ccrescentus,CCNA_00918,saureus,SA1919,0.305
ccrescentus,CCNA_01667,styphimurium,kdpE,0.47
abaylyi,ACIAD0021,styphimurium,lspA,0.439
saureus,lsp,styphimurium,lspA,0.355
mtuberculosis,Rv1539,styphimurium,lspA,0.325
ccrescentus,CCNA_01272,styphimurium,yaeJ,0.459
ccrescentus,CCNA_02397,styphimurium,STM0410,0.381
saureus,SA0646,styphimurium,phrB,0.374
abaylyi,ACIAD0278,styphimurium,tolC,0.304
ccrescentus,CCNA_03714,styphimurium,yhbG,0.526
ccrescentus,CCNA_01594,styphimurium,prmA,0.349
ccrescentus,CCNA_01387,styphimurium,ygcA,0.313
saureus,metK,styphimurium,metK,0.636
mpne,MPN060,styphimurium,metK,0.428
mgenitalium,MG_047,styphimurium,metK,0.425
abaylyi,ACIAD0657,styphimurium,rpoN,0.454
ccrescentus,CCNA_03713,styphimurium,rpoN,0.388
abaylyi,ACIAD0685,styphimurium,rpe,0.782
abaylyi,ACIAD0685,ccrescentus,CCNA_00100,0.525
abaylyi,ACIAD0685,mtuberculosis,Rv1408,0.486
abaylyi,ACIAD0685,saureus,cfxE,0.437
abaylyi,ACIAD0685,mpne,MPN251,0.335
abaylyi,ACIAD0685,mgenitalium,MG_112,0.329
abaylyi,ACIAD0759,styphimurium,rhtC,0.3
ccrescentus,CCNA_00766,mtuberculosis,Rv1314c,0.523
mtuberculosis,Rv1314c,styphimurium,pduO,0.398
ccrescentus,CCNA_00100,mtuberculosis,Rv1408,0.502
mtuberculosis,Rv1408,styphimurium,rpe,0.492
mtuberculosis,Rv1408,saureus,cfxE,0.396
mpne,MPN251,mtuberculosis,Rv1408,0.317
ccrescentus,CCNA_01723,mtuberculosis,Rv2225,0.471
mtuberculosis,Rv2225,saureus,panB,0.44
ccrescentus,CCNA_01001,mtuberculosis,Rv2436,0.369
mtuberculosis,Rv2436,styphimurium,rbsK,0.354
mtuberculosis,Rv0473,styphimurium,yjiN,0.314
abaylyi,ACIAD0782,mtuberculosis,Rv2845c,0.419
mtuberculosis,Rv2845c,styphimurium,proS,0.409
mtuberculosis,Rv2845c,saureus,proS,0.399
ccrescentus,CCNA_00257,mtuberculosis,Rv3248c,0.594
abaylyi,ACIAD2282,mtuberculosis,Rv3248c,0.486
ccrescentus,CCNA_02957,styphimurium,STM2797,0.446
abaylyi,ACIAD1999,styphimurium,ispD,0.415
mtuberculosis,Rv3582c,styphimurium,ispD,0.327
ccrescentus,CCNA_03229,styphimurium,STM3128,0.319
mtuberculosis,Rv3302c,styphimurium,glpD,0.35
saureus,glpD,styphimurium,glpD,0.312
saureus,SA1021,styphimurium,yabB,0.36
styphimurium,map,syn3a,JCVISYN3A_0650,0.418
saureus,copA,styphimurium,STM0353,0.451
mtuberculosis,Rv0969,styphimurium,STM0353,0.496
mtuberculosis,Rv2231c,styphimurium,cobD,0.311
abaylyi,ACIAD2871,styphimurium,trpS2,0.623
abaylyi,ACIAD0007,styphimurium,yheS,0.517
abaylyi,ACIAD0007,ccrescentus,CCNA_01769,0.392
abaylyi,ACIAD0007,saureus,SA1224,0.315
abaylyi,ACIAD0186,saureus,atpG,0.367
abaylyi,ACIAD0186,mtuberculosis,Rv1309,0.356
abaylyi,ACIAD0186,syn3a,JCVISYN3A_0791,0.346
abaylyi,ACIAD0186,ccrescentus,CCNA_03561,0.359
abaylyi,ACIAD2376,styphimurium,yjeE,0.578
abaylyi,ACIAD2376,ccrescentus,CCNA_03648,0.406
ccrescentus,CCNA_02358,mtuberculosis,Rv1939,0.368
ccrescentus,CCNA_02516,styphimurium,yfcG,0.509
abaylyi,ACIAD3322,ccrescentus,CCNA_03471,0.529
ccrescentus,CCNA_03471,mtuberculosis,Rv1110,0.53
abaylyi,ACIAD0587,styphimurium,secF,0.437
abaylyi,ACIAD0587,ccrescentus,CCNA_02069,0.375
abaylyi,ACIAD0769,styphimurium,tsx,0.487
abaylyi,ACIAD1707,ccrescentus,CCNA_02493,0.423
abaylyi,ACIAD1913,ccrescentus,CCNA_00648,0.336
abaylyi,ACIAD1980,styphimurium,talB,0.517
abaylyi,ACIAD0926,ccrescentus,CCNA_03830,0.402
saureus,rplI,syn3a,JCVISYN3A_0833,0.367
abaylyi,ACIAD2432,saureus,rplI,0.322
ccrescentus,CCNA_01739,saureus,rplI,0.34
mtuberculosis,Rv0056,saureus,rplI,0.328
mtuberculosis,Rv0509,saureus,hemA,0.306
abaylyi,ACIAD2900,saureus,hemA,0.332
ccrescentus,CCNA_00100,styphimurium,rpe,0.522
ccrescentus,CCNA_00100,saureus,cfxE,0.502
ccrescentus,CCNA_00618,styphimurium,astD,0.543
abaylyi,ACIAD1549,ccrescentus,CCNA_00681,0.355
ccrescentus,CCNA_00899,styphimurium,prfA,0.563
ccrescentus,CCNA_00899,saureus,prfA,0.54
ccrescentus,CCNA_00899,syn3a,JCVISYN3A_0141,0.545
ccrescentus,CCNA_00899,mgenitalium,MG_258,0.512
ccrescentus,CCNA_00899,mpne,MPN361,0.458
ccrescentus,CCNA_00899,mtuberculosis,Rv1299,0.464
abaylyi,ACIAD2059,styphimurium,gltJ,0.407
mgenitalium,MG_329,mpne,MPN475,0.759
ccrescentus,CCNA_01726,mpne,MPN475,0.33
abaylyi,ACIAD0565,mpne,MPN475,0.316
mgenitalium,MG_385,mpne,MPN566,0.645
mgenitalium,MG_445,mpne,MPN659,0.77
mpne,MPN659,saureus,trmD,0.474
mpne,MPN659,styphimurium,trmD,0.403
mpne,MPN659,mtuberculosis,Rv2906c,0.387
abaylyi,ACIAD3311,mpne,MPN659,0.369
saureus,aspS,syn3a,JCVISYN3A_0287,0.448
styphimurium,aspS,syn3a,JCVISYN3A_0287,0.419
ccrescentus,CCNA_01969,syn3a,JCVISYN3A_0287,0.373
mgenitalium,MG_036,syn3a,JCVISYN3A_0287,0.359
ccrescentus,CCNA_02351,saureus,upp,0.617
abaylyi,ACIAD0744,saureus,upp,0.545
saureus,upp,styphimurium,upp,0.522
mpne,MPN033,saureus,upp,0.449
mtuberculosis,Rv3116,saureus,moeB,0.307
saureus,moeB,styphimurium,thiF,0.336
mtuberculosis,Rv0823c,syn3a,JCVISYN3A_0063,0.36
abaylyi,ACIAD2557,mtuberculosis,Rv0823c,0.345
ccrescentus,CCNA_01813,mtuberculosis,Rv0823c,0.378
mtuberculosis,Rv0823c,styphimurium,yohI,0.337
abaylyi,ACIAD1135,mtuberculosis,Rv3199c,0.344
mtuberculosis,Rv3292,styphimurium,STM1624,0.389
ccrescentus,CCNA_03645,styphimurium,yffH,0.551
ccrescentus,CCNA_01376,styphimurium,yghU,0.441
abaylyi,ACIAD1464,ccrescentus,CCNA_02717,0.473
ccrescentus,CCNA_02208,mtuberculosis,Rv2764c,0.588
abaylyi,ACIAD0515,mtuberculosis,Rv2764c,0.578
mpne,MPN320,mtuberculosis,Rv2764c,0.476
mgenitalium,MG_227,mtuberculosis,Rv2764c,0.458
abaylyi,ACIAD1412,mtuberculosis,Rv3140,0.582
ccrescentus,CCNA_01878,mtuberculosis,Rv3515c,0.341
mtuberculosis,Rv1299,styphimurium,prfA,0.447
mtuberculosis,Rv1299,saureus,prfA,0.402
mtuberculosis,Rv1299,syn3a,JCVISYN3A_0141,0.461
mgenitalium,MG_258,mtuberculosis,Rv1299,0.428
mpne,MPN361,mtuberculosis,Rv1299,0.44
abaylyi,ACIAD3046,mtuberculosis,Rv1643,0.547
mtuberculosis,Rv1643,saureus,rplT,0.504
mtuberculosis,Rv1643,syn3a,JCVISYN3A_0198,0.401
mpne,MPN117,mtuberculosis,Rv1643,0.376
mtuberculosis,Rv3421c,styphimurium,yeaZ,0.35
mgenitalium,MG_130,mpne,MPN269,0.586
mgenitalium,MG_242,mpne,MPN338,0.767
saureus,thdF,syn3a,JCVISYN3A_0081,0.376
mpne,MPN008,syn3a,JCVISYN3A_0081,0.325
abaylyi,ACIAD3680,syn3a,JCVISYN3A_0081,0.323
mpne,MPN533,syn3a,JCVISYN3A_0230,0.484
styphimurium,ackA,syn3a,JCVISYN3A_0230,0.426
ccrescentus,CCNA_00465,mpne,MPN278,0.348
ccrescentus,CCNA_00465,mgenitalium,MG_137,0.331
styphimurium,pmgI,syn3a,JCVISYN3A_0729,0.392
ccrescentus,CCNA_01596,styphimurium,uvrD,0.388
mtuberculosis,Rv0949,styphimurium,uvrD,0.393
abaylyi,ACIAD1423,styphimurium,yjdB,0.404
abaylyi,ACIAD0887,styphimurium,rimI,0.401
ccrescentus,CCNA_00056,styphimurium,rimI,0.382
saureus,dnaC,syn3a,JCVISYN3A_0834,0.408
ccrescentus,CCNA_01737,syn3a,JCVISYN3A_0834,0.334
mpne,MPN232,syn3a,JCVISYN3A_0834,0.345
mtuberculosis,Rv2322c,saureus,rocD,0.461
saureus,SA1031,styphimurium,yggS,0.338
mtuberculosis,Rv2642,saureus,SA1591,0.367
ccrescentus,CCNA_02957,mtuberculosis,Rv2642,0.386
mtuberculosis,Rv2674,styphimurium,yeaA,0.479
ccrescentus,CCNA_02265,mtuberculosis,Rv2674,0.48
mpne,MPN662,mtuberculosis,Rv2674,0.456
mgenitalium,MG_448,mtuberculosis,Rv2674,0.44
mtuberculosis,Rv2674,saureus,SA1256,0.44
mtuberculosis,Rv2925c,styphimurium,rnc,0.422
mtuberculosis,Rv2925c,syn3a,JCVISYN3A_0418,0.354
saureus,SA1265,styphimurium,yhhQ,0.312
abaylyi,ACIAD1057,styphimurium,tesA,0.409
abaylyi,ACIAD1057,ccrescentus,CCNA_01836,0.344
abaylyi,ACIAD1201,styphimurium,hemL,0.612
abaylyi,ACIAD1201,mtuberculosis,Rv0524,0.495
abaylyi,ACIAD1405,styphimurium,yfhP,0.514
abaylyi,ACIAD1405,ccrescentus,CCNA_01942,0.472
saureus,SA1511,styphimurium,yacE,0.364
abaylyi,ACIAD0359,saureus,SA1511,0.363
mtuberculosis,Rv3001c,saureus,ilvC,0.56
abaylyi,ACIAD3102,saureus,ilvC,0.539
ccrescentus,CCNA_02204,saureus,ilvC,0.561
saureus,SA2020,syn3a,JCVISYN3A_0642,0.424
mgenitalium,MG_180,saureus,SA2020,0.405
ccrescentus,CCNA_03653,mtuberculosis,Rv3914,0.5
abaylyi,ACIAD3037,ccrescentus,CCNA_03653,0.485
saureus,capP,styphimurium,wecB,0.506
abaylyi,ACIAD0151,mtuberculosis,Rv3396c,0.529
mtuberculosis,Rv3396c,styphimurium,guaA,0.492
abaylyi,ACIAD0359,styphimurium,yacE,0.442
mtuberculosis,Rv2204c,styphimurium,yadR,0.45
abaylyi,ACIAD0924,styphimurium,yigI,0.433
abaylyi,ACIAD1271,ccrescentus,CCNA_02526,0.31
abaylyi,ACIAD3517,styphimurium,murG,0.438
abaylyi,ACIAD3517,mtuberculosis,Rv2153c,0.349
abaylyi,ACIAD3627,styphimurium,ppc,0.497
abaylyi,ACIAD1069,mpne,MPN277,0.427
mpne,MPN277,styphimurium,lysS,0.404
mpne,MPN277,mtuberculosis,Rv3598c,0.35
ccrescentus,CCNA_00757,mpne,MPN277,0.34
abaylyi,ACIAD3682,saureus,SA1613,0.521
mtuberculosis,Rv3922c,saureus,SA1613,0.451
ccrescentus,CCNA_00196,saureus,leuC,0.553
saureus,leuC,styphimurium,leuC,0.544
abaylyi,ACIAD2908,styphimurium,rplY,0.442
saureus,rbsD,styphimurium,rbsD,0.418
ccrescentus,CCNA_01110,styphimurium,kdgK,0.382
ccrescentus,CCNA_01208,saureus,SA1159,0.358
ccrescentus,CCNA_01208,styphimurium,narP,0.345
ccrescentus,CCNA_01666,styphimurium,kdpD,0.37
ccrescentus,CCNA_01666,mtuberculosis,Rv1028c,0.354
abaylyi,ACIAD2975,ccrescentus,CCNA_01666,0.355
ccrescentus,CCNA_03139,styphimurium,ilvD,0.713
ccrescentus,CCNA_03334,mtuberculosis,Rv3610c,0.517
ccrescentus,CCNA_03334,mpne,MPN671,0.471
ccrescentus,CCNA_03334,mgenitalium,MG_457,0.453
abaylyi,ACIAD0188,ccrescentus,CCNA_03558,0.348
ccrescentus,CCNA_03589,styphimurium,rpoE,0.333
ccrescentus,CCNA_03656,saureus,SA1523,0.381
abaylyi,ACIAD0791,styphimurium,dapE,0.592
abaylyi,ACIAD0791,ccrescentus,CCNA_00277,0.419
abaylyi,ACIAD1100,saureus,SA0972,0.373
abaylyi,ACIAD1100,ccrescentus,CCNA_00227,0.364
abaylyi,ACIAD1206,styphimurium,yijC,0.417
abaylyi,ACIAD2003,styphimurium,pyrG,0.64
abaylyi,ACIAD2003,ccrescentus,CCNA_01791,0.547
abaylyi,ACIAD2003,saureus,ctrA,0.553
abaylyi,ACIAD2003,mtuberculosis,Rv1699,0.501
ccrescentus,CCNA_02601,styphimurium,STM1627,0.639
abaylyi,ACIAD1879,ccrescentus,CCNA_02601,0.62
ccrescentus,CCNA_02729,mtuberculosis,Rv2395,0.506
ccrescentus,CCNA_00721,saureus,groEL,0.593
abaylyi,ACIAD2838,saureus,groEL,0.573
saureus,mtlD,styphimurium,mtlD,0.382
abaylyi,ACIAD3046,saureus,rplT,0.572
abaylyi,ACIAD3046,syn3a,JCVISYN3A_0198,0.435
abaylyi,ACIAD3046,mpne,MPN117,0.464
abaylyi,ACIAD3119,styphimurium,yjeQ,0.408
abaylyi,ACIAD3119,saureus,SA1064,0.317
abaylyi,ACIAD3119,syn3a,JCVISYN3A_0263,0.314
abaylyi,ACIAD3119,mpne,MPN249,0.324
saureus,SA1420,styphimurium,ybeB,0.365
abaylyi,ACIAD3076,saureus,SA1420,0.355
ccrescentus,CCNA_03545,saureus,SA1420,0.33
ccrescentus,CCNA_01381,saureus,valS,0.444
mtuberculosis,Rv2448c,saureus,valS,0.449
mgenitalium,MG_334,saureus,valS,0.374
mpne,MPN480,saureus,valS,0.391
abaylyi,ACIAD1381,saureus,SA1901,0.514
saureus,SA1901,styphimurium,fabZ,0.466
ccrescentus,CCNA_01989,saureus,SA1901,0.451
ccrescentus,CCNA_00523,styphimurium,yfiH,0.397
mtuberculosis,Rv2149c,styphimurium,yfiH,0.381
abaylyi,ACIAD0873,styphimurium,ygaU,0.487
abaylyi,ACIAD1982,styphimurium,STM1606,0.386
saureus,pyrP,styphimurium,uraA,0.439
mgenitalium,MG_026,mpne,MPN029,0.868
mpne,MPN029,syn3a,JCVISYN3A_0391,0.419
mpne,MPN029,saureus,SA1359,0.389
mpne,MPN029,mtuberculosis,Rv2534c,0.373
mgenitalium,MG_147,mpne,MPN160,0.653
mpne,MPN357,syn3a,JCVISYN3A_0690,0.408
mpne,MPN357,saureus,lig,0.376
mpne,MPN357,mtuberculosis,Rv3014c,0.352
ccrescentus,CCNA_01590,mpne,MPN357,0.359
ccrescentus,CCNA_00646,saureus,SA0168,0.314
ccrescentus,CCNA_00738,styphimurium,htrA,0.376
ccrescentus,CCNA_02643,styphimurium,ftsI,0.303
ccrescentus,CCNA_03375,mtuberculosis,Rv3328c,0.392
ccrescentus,CCNA_01843,styphimurium,aceB,0.546
ccrescentus,CCNA_02069,styphimurium,secF,0.359
ccrescentus,CCNA_02069,mtuberculosis,Rv2586c,0.311
ccrescentus,CCNA_02230,styphimurium,ycdW,0.31
ccrescentus,CCNA_02486,styphimurium,hpaA,0.319
abaylyi,ACIAD1350,ccrescentus,CCNA_02613,0.391
mtuberculosis,Rv3571,styphimurium,hmpA,0.314
abaylyi,ACIAD0589,styphimurium,yajC,0.509
abaylyi,ACIAD0589,ccrescentus,CCNA_02071,0.378
abaylyi,ACIAD0700,styphimurium,lysP,0.634
abaylyi,ACIAD0700,saureus,lysP,0.481
ccrescentus,CCNA_00069,saureus,SA1854,0.396
ccrescentus,CCNA_00069,mpne,MPN059,0.325
ccrescentus,CCNA_00069,mgenitalium,MG_046,0.302
ccrescentus,CCNA_01942,styphimurium,yfhP,0.478
ccrescentus,CCNA_02039,mtuberculosis,Rv2457c,0.629
mtuberculosis,Rv0357c,saureus,purA,0.475
saureus,purA,styphimurium,purA,0.471
abaylyi,ACIAD1258,saureus,purA,0.45
ccrescentus,CCNA_00806,styphimurium,yidC,0.301
abaylyi,ACIAD3681,ccrescentus,CCNA_00806,0.312
mtuberculosis,Rv0432,styphimurium,STM0924,0.325
abaylyi,ACIAD0432,styphimurium,yggW,0.492
mtuberculosis,Rv2388c,styphimurium,yggW,0.328
abaylyi,ACIAD3611,styphimurium,tag,0.541
abaylyi,ACIAD3611,ccrescentus,CCNA_00386,0.44
mgenitalium,MG_054,mpne,MPN067,0.731
ccrescentus,CCNA_01352,mtuberculosis,Rv0758,0.332
ccrescentus,CCNA_03332,mtuberculosis,Rv3608c,0.455
abaylyi,ACIAD2852,mtuberculosis,Rv3608c,0.423
mtuberculosis,Rv3608c,styphimurium,folP,0.411
mtuberculosis,Rv2153c,styphimurium,murG,0.384
abaylyi,ACIAD0072,styphimurium,udg,0.621
abaylyi,ACIAD0044,styphimurium,ubiG,0.64
ccrescentus,CCNA_00883,styphimurium,ubiG,0.419
saureus,SA0182,styphimurium,STM2405,0.374
ccrescentus,CCNA_02439,mtuberculosis,Rv1672c,0.384
abaylyi,ACIAD2822,mtuberculosis,Rv1672c,0.361
mtuberculosis,Rv1672c,styphimurium,yfaV,0.357
mtuberculosis,Rv1864c,styphimurium,yiiM,0.309
ccrescentus,CCNA_00432,styphimurium,ybaO,0.56
abaylyi,ACIAD0500,styphimurium,ybaL,0.486
abaylyi,ACIAD1929,ccrescentus,CCNA_03775,0.564
ccrescentus,CCNA_03871,styphimurium,gidA,0.502
abaylyi,ACIAD2440,ccrescentus,CCNA_03871,0.501
ccrescentus,CCNA_03871,mpne,MPN557,0.39
ccrescentus,CCNA_03871,mgenitalium,MG_379,0.378
ccrescentus,CCNA_00572,saureus,glcA,0.428
ccrescentus,CCNA_01179,mtuberculosis,Rv2392,0.378
mtuberculosis,Rv2392,styphimurium,cysH,0.303
abaylyi,ACIAD3055,ccrescentus,CCNA_00496,0.515
ccrescentus,CCNA_00496,styphimurium,thrS,0.491
ccrescentus,CCNA_00496,saureus,thrS,0.426
ccrescentus,CCNA_00496,mpne,MPN553,0.303
ccrescentus,CCNA_00496,mgenitalium,MG_375,0.301
ccrescentus,CCNA_00876,styphimurium,STM1301,0.45
ccrescentus,CCNA_00876,mtuberculosis,Rv1160,0.37
ccrescentus,CCNA_01101,mtuberculosis,Rv1641,0.5
ccrescentus,CCNA_01101,syn3a,JCVISYN3A_0200,0.364
ccrescentus,CCNA_01101,mpne,MPN115,0.357
ccrescentus,CCNA_02623,saureus,ftsZ,0.526
ccrescentus,CCNA_02623,styphimurium,ftsZ,0.528
ccrescentus,CCNA_02623,syn3a,JCVISYN3A_0522,0.48
ccrescentus,CCNA_03681,mgenitalium,MG_290,0.315
abaylyi,ACIAD2677,ccrescentus,CCNA_03874,0.44
ccrescentus,CCNA_03874,styphimurium,dlhH,0.31
mtuberculosis,Rv3634c,saureus,SA0123,0.361
abaylyi,ACIAD0088,saureus,SA0123,0.325
saureus,SA0123,styphimurium,galE,0.327
ccrescentus,CCNA_01497,saureus,SA0123,0.309
mtuberculosis,Rv2056c,styphimurium,rpsN,0.455
mtuberculosis,Rv2243,styphimurium,fabD,0.341
ccrescentus,CCNA_01746,mtuberculosis,Rv2243,0.32
mpne,MPN060,saureus,metK,0.402
mgenitalium,MG_047,saureus,metK,0.389
mgenitalium,MG_164,mpne,MPN178,0.901
mpne,MPN178,mtuberculosis,Rv0717,0.622
mpne,MPN210,syn3a,JCVISYN3A_0095,0.448
mpne,MPN210,saureus,secA,0.437
mpne,MPN210,mtuberculosis,Rv3240c,0.392
mpne,MPN210,styphimurium,secA,0.393
ccrescentus,CCNA_00139,mtuberculosis,Rv2897c,0.418
mtuberculosis,Rv2897c,styphimurium,yifB,0.381
mtuberculosis,Rv3053c,styphimurium,nrdH,0.458
mtuberculosis,Rv3116,styphimurium,moeB,0.404
ccrescentus,CCNA_02071,styphimurium,yajC,0.369
ccrescentus,CCNA_03430,styphimurium,rpmJ2,0.585
abaylyi,ACIAD2204,styphimurium,ybdD,0.446
ccrescentus,CCNA_00442,styphimurium,cheA,0.401
mtuberculosis,Rv2071c,styphimurium,cbiF,0.454
abaylyi,ACIAD3424,styphimurium,STM2126,0.458
abaylyi,ACIAD0068,styphimurium,wzc,0.362
abaylyi,ACIAD0244,mtuberculosis,Rv2919c,0.616
abaylyi,ACIAD0469,styphimurium,leuB,0.532
abaylyi,ACIAD0469,mtuberculosis,Rv2995c,0.375
abaylyi,ACIAD0574,ccrescentus,CCNA_01010,0.346
saureus,SA0319,styphimurium,STM2343,0.494
abaylyi,ACIAD0825,styphimurium,mreB,0.685
abaylyi,ACIAD0825,ccrescentus,CCNA_01612,0.608
abaylyi,ACIAD1063,ccrescentus,CCNA_03811,0.383
abaylyi,ACIAD1173,ccrescentus,CCNA_00754,0.508
abaylyi,ACIAD2473,ccrescentus,CCNA_00490,0.431
mgenitalium,MG_390,mpne,MPN571,0.7
ccrescentus,CCNA_01242,mtuberculosis,Rv2320c,0.394
abaylyi,ACIAD2001,ccrescentus,CCNA_01795,0.622
ccrescentus,CCNA_01795,saureus,eno,0.62
ccrescentus,CCNA_01795,mpne,MPN606,0.541
ccrescentus,CCNA_01795,mgenitalium,MG_407,0.531
ccrescentus,CCNA_01961,styphimurium,accC,0.622
abaylyi,ACIAD1736,ccrescentus,CCNA_01961,0.601
ccrescentus,CCNA_01961,saureus,accC,0.514
abaylyi,ACIAD2975,styphimurium,kdpD,0.321
abaylyi,ACIAD2975,mtuberculosis,Rv1028c,0.308
abaylyi,ACIAD3300,ccrescentus,CCNA_03500,0.332
abaylyi,ACIAD3300,mtuberculosis,Rv2280,0.301
abaylyi,ACIAD3522,styphimurium,hpaC,0.424
mpne,MPN021,mtuberculosis,Rv0352,0.317
ccrescentus,CCNA_00317,syn3a,JCVISYN3A_0377,0.425
mtuberculosis,Rv2440c,syn3a,JCVISYN3A_0377,0.407
saureus,tpi,syn3a,JCVISYN3A_0727,0.461
styphimurium,tpiA,syn3a,JCVISYN3A_0727,0.421
mpne,MPN629,syn3a,JCVISYN3A_0727,0.396
mgenitalium,MG_431,syn3a,JCVISYN3A_0727,0.391
ccrescentus,CCNA_01970,syn3a,JCVISYN3A_0727,0.372
abaylyi,ACIAD3226,styphimurium,hmpA,0.381
abaylyi,ACIAD3226,saureus,SA0231,0.338
abaylyi,ACIAD3374,saureus,czrB,0.37
abaylyi,ACIAD3374,styphimurium,ybgR,0.406
abaylyi,ACIAD3374,ccrescentus,CCNA_00305,0.368
mpne,MPN117,saureus,rplT,0.562
mpne,MPN117,syn3a,JCVISYN3A_0198,0.553
mgenitalium,MG_080,mpne,MPN218,0.64
mgenitalium,MG_347,mpne,MPN522,0.564
mpne,MPN522,saureus,SA1569,0.397
mpne,MPN522,styphimurium,yggH,0.301
mpne,MPN617,syn3a,JCVISYN3A_0638,0.41
abaylyi,ACIAD3012,mpne,MPN617,0.376
ccrescentus,CCNA_01440,mpne,MPN617,0.344
abaylyi,ACIAD1310,saureus,SA0540,0.466
ccrescentus,CCNA_01289,saureus,SA0540,0.412
saureus,SA0540,styphimurium,ygdD,0.327
saureus,potC,styphimurium,potC,0.378
ccrescentus,CCNA_03236,saureus,potC,0.32
abaylyi,ACIAD3628,saureus,pyrP,0.383
ccrescentus,CCNA_03090,mtuberculosis,Rv0904c,0.319
mtuberculosis,Rv1030,saureus,kdpB(SCCmec),0.55
abaylyi,ACIAD2977,mtuberculosis,Rv1030,0.565
ccrescentus,CCNA_00101,mtuberculosis,Rv1407,0.341
mtuberculosis,Rv1407,styphimurium,sun,0.319
ccrescentus,CCNA_03594,styphimurium,cobB,0.548
abaylyi,ACIAD1650,ccrescentus,CCNA_03594,0.445
ccrescentus,CCNA_03594,mtuberculosis,Rv1151c,0.404
saureus,hmrB,styphimurium,acpP,0.637
abaylyi,ACIAD0872,saureus,hmrB,0.462
mtuberculosis,Rv2244,saureus,hmrB,0.394
saureus,polC,syn3a,JCVISYN3A_0303,0.454
mgenitalium,MG_031,saureus,polC,0.386
mpne,MPN034,saureus,polC,0.382
abaylyi,ACIAD2259,saureus,SA1655,0.323
ccrescentus,CCNA_00515,styphimurium,metE,0.545
abaylyi,ACIAD2978,saureus,kdpA(SCCmec),0.415
abaylyi,ACIAD2978,styphimurium,kdpA,0.411
abaylyi,ACIAD2978,mtuberculosis,Rv1029,0.39
abaylyi,ACIAD2978,ccrescentus,CCNA_01663,0.377
abaylyi,ACIAD3228,styphimurium,yihA,0.55
abaylyi,ACIAD3228,ccrescentus,CCNA_00805,0.408
abaylyi,ACIAD3228,saureus,SA1497,0.361
mtuberculosis,Rv0190,saureus,SA1890,0.569
abaylyi,ACIAD2398,mtuberculosis,Rv0190,0.5
abaylyi,ACIAD1910,mtuberculosis,Rv0252,0.54
mtuberculosis,Rv0252,saureus,nasD,0.331
ccrescentus,CCNA_02294,mtuberculosis,Rv1659,0.446
mtuberculosis,Rv1659,styphimurium,argH,0.414
abaylyi,ACIAD2864,styphimurium,ybaZ,0.397
abaylyi,ACIAD2864,mtuberculosis,Rv3204,0.326
abaylyi,ACIAD3159,saureus,phoH,0.493
abaylyi,ACIAD3159,ccrescentus,CCNA_02727,0.469
ccrescentus,CCNA_02639,styphimurium,murD,0.356
ccrescentus,CCNA_03824,styphimurium,aarF,0.383
saureus,glpT,styphimurium,glpT,0.569
saureus,luxS,styphimurium,luxS,0.41
mtuberculosis,Rv0005,saureus,gyrB,0.531
mpne,MPN003,mtuberculosis,Rv0005,0.476
mgenitalium,MG_003,mtuberculosis,Rv0005,0.47
mtuberculosis,Rv0005,styphimurium,gyrB,0.405
abaylyi,ACIAD0004,mtuberculosis,Rv0005,0.407
ccrescentus,CCNA_00685,mtuberculosis,Rv0445c,0.32
ccrescentus,CCNA_01312,styphimurium,rpsC,0.639
abaylyi,ACIAD3213,ccrescentus,CCNA_01312,0.546
ccrescentus,CCNA_01312,mtuberculosis,Rv0707,0.53
ccrescentus,CCNA_01312,syn3a,JCVISYN3A_0665,0.466
abaylyi,ACIAD3368,styphimurium,yabC,0.5
ccrescentus,CCNA_02645,styphimurium,yabC,0.453
styphimurium,yabC,syn3a,JCVISYN3A_0524,0.415
mgenitalium,MG_222,styphimurium,yabC,0.339
abaylyi,ACIAD2269,styphimurium,rpsB,0.72
saureus,rpsB,styphimurium,rpsB,0.524
mgenitalium,MG_070,styphimurium,rpsB,0.352
saureus,SA0314,styphimurium,STM1147,0.382
ccrescentus,CCNA_02143,styphimurium,flgG,0.492
mtuberculosis,Rv0484c,styphimurium,ydfG,0.395
mtuberculosis,Rv1617,styphimurium,pykF,0.4
styphimurium,pykF,syn3a,JCVISYN3A_0221,0.395
ccrescentus,CCNA_02130,styphimurium,pykF,0.366
ccrescentus,CCNA_03412,styphimurium,pntB,0.514
abaylyi,ACIAD3078,styphimurium,pntB,0.506
abaylyi,ACIAD0112,styphimurium,tyrB,0.632
abaylyi,ACIAD0903,mtuberculosis,Rv1654,0.452
abaylyi,ACIAD0903,saureus,SA0176,0.344
abaylyi,ACIAD1354,styphimurium,pldA,0.414
abaylyi,ACIAD2983,styphimurium,gcd,0.603
abaylyi,ACIAD3382,mtuberculosis,Rv3340,0.531
abaylyi,ACIAD3681,styphimurium,yidC,0.453
mgenitalium,MG_087,mpne,MPN225,0.956
mpne,MPN225,syn3a,JCVISYN3A_0148,0.724
mgenitalium,MG_183,mpne,MPN197,0.64
mgenitalium,MG_399,syn3a,JCVISYN3A_0790,0.673
mgenitalium,MG_399,styphimurium,atpD,0.671
mgenitalium,MG_399,saureus,atpD,0.64
abaylyi,ACIAD0187,mgenitalium,MG_399,0.625
mgenitalium,MG_399,mtuberculosis,Rv1310,0.597
ccrescentus,CCNA_03345,styphimurium,ruvA,0.327
saureus,aspS,styphimurium,aspS,0.546
ccrescentus,CCNA_01969,saureus,aspS,0.421
mgenitalium,MG_036,saureus,aspS,0.354
saureus,pdhD,styphimurium,lpdA,0.442
ccrescentus,CCNA_00346,styphimurium,lpdA,0.413
abaylyi,ACIAD2874,styphimurium,lpdA,0.391
mpne,MPN390,styphimurium,lpdA,0.338
styphimurium,lpdA,syn3a,JCVISYN3A_0228,0.35
ccrescentus,CCNA_00231,styphimurium,yfhC,0.526
abaylyi,ACIAD0084,styphimurium,rfbU,0.319
abaylyi,ACIAD0334,styphimurium,fadA,0.645
abaylyi,ACIAD0588,ccrescentus,CCNA_02070,0.357
abaylyi,ACIAD1522,styphimurium,tatA,0.595
mpne,MPN496,styphimurium,sgaT,0.331
ccrescentus,CCNA_02329,styphimurium,xseA,0.364
ccrescentus,CCNA_03735,styphimurium,tktA,0.506
ccrescentus,CCNA_03735,mtuberculosis,Rv1449c,0.422
ccrescentus,CCNA_03735,mpne,MPN082,0.349
mtuberculosis,Rv1766,saureus,SA0081,0.465
ccrescentus,CCNA_02150,styphimurium,ispA,0.491
mtuberculosis,Rv3398c,styphimurium,ispA,0.363
abaylyi,ACIAD0837,styphimurium,yohI,0.439
saureus,argC,styphimurium,argC,0.375
mtuberculosis,Rv0194,styphimurium,iroC,0.377
abaylyi,ACIAD1261,styphimurium,tas,0.495
abaylyi,ACIAD1390,styphimurium,yraR,0.32
abaylyi,ACIAD0741,styphimurium,nuoL,0.562
ccrescentus,CCNA_01650,styphimurium,sodC,0.367
ccrescentus,CCNA_01650,mtuberculosis,Rv0432,0.325
ccrescentus,CCNA_01813,styphimurium,yhdG,0.406
ccrescentus,CCNA_01813,syn3a,JCVISYN3A_0063,0.386
abaylyi,ACIAD2557,ccrescentus,CCNA_01813,0.374
ccrescentus,CCNA_01813,saureus,SA0085,0.323
abaylyi,ACIAD0533,ccrescentus,CCNA_02042,0.325
ccrescentus,CCNA_02042,saureus,tig,0.307
mtuberculosis,Rv1707,styphimurium,ychM,0.302
saureus,nrdD,styphimurium,nrdD,0.537
ccrescentus,CCNA_01651,styphimurium,gyrA,0.478
ccrescentus,CCNA_01915,styphimurium,rsuA,0.424
abaylyi,ACIAD2380,ccrescentus,CCNA_01915,0.378
ccrescentus,CCNA_01915,mtuberculosis,Rv1711,0.346
ccrescentus,CCNA_02011,mtuberculosis,Rv1322A,0.333
abaylyi,ACIAD0297,mtuberculosis,Rv1609,0.443
mtuberculosis,Rv1609,styphimurium,trpE,0.439
mtuberculosis,Rv1609,saureus,SA1199,0.363
abaylyi,ACIAD1900,ccrescentus,CCNA_00332,0.395
ccrescentus,CCNA_00332,mtuberculosis,Rv1858,0.377
mgenitalium,MG_197,saureus,rpmI,0.6
mtuberculosis,Rv1642,saureus,rpmI,0.435
saureus,atpD,syn3a,JCVISYN3A_0790,0.658
abaylyi,ACIAD0187,syn3a,JCVISYN3A_0790,0.665
styphimurium,atpD,syn3a,JCVISYN3A_0790,0.669
mtuberculosis,Rv1310,syn3a,JCVISYN3A_0790,0.605
ccrescentus,CCNA_00056,mtuberculosis,Rv3420c,0.375
saureus,phoH,styphimurium,phoH,0.478
abaylyi,ACIAD1541,styphimurium,citA,0.639
abaylyi,ACIAD1892,styphimurium,yheN,0.449
abaylyi,ACIAD2846,ccrescentus,CCNA_03536,0.311
saureus,SA0624,styphimurium,yeeN,0.454
abaylyi,ACIAD2052,saureus,SA0624,0.41
ccrescentus,CCNA_03352,saureus,SA0624,0.333
mtuberculosis,Rv3332,saureus,nagA,0.331
saureus,SA0720,styphimurium,yhbJ,0.407
abaylyi,ACIAD3059,saureus,SA0720,0.363
saureus,prfA,syn3a,JCVISYN3A_0141,0.536
saureus,prfA,styphimurium,prfA,0.509
mgenitalium,MG_258,saureus,prfA,0.482
mpne,MPN361,saureus,prfA,0.478
ccrescentus,CCNA_00512,mtuberculosis,Rv1112,0.527
mtuberculosis,Rv1112,saureus,SA0351,0.512
mtuberculosis,Rv1112,styphimurium,ychF,0.501
mgenitalium,MG_024,mtuberculosis,Rv1112,0.463
mtuberculosis,Rv1238,styphimurium,ugpC,0.556
mtuberculosis,Rv2894c,saureus,xerC,0.355
abaylyi,ACIAD0266,mtuberculosis,Rv2894c,0.386
ccrescentus,CCNA_00531,styphimurium,rplL,0.536
ccrescentus,CCNA_00531,saureus,rplL,0.456
abaylyi,ACIAD0306,ccrescentus,CCNA_00531,0.566
abaylyi,ACIAD2838,ccrescentus,CCNA_00721,0.633
abaylyi,ACIAD1648,ccrescentus,CCNA_00847,0.5
ccrescentus,CCNA_02180,styphimurium,mrp,0.473
abaylyi,ACIAD0772,ccrescentus,CCNA_02180,0.456
ccrescentus,CCNA_02180,mtuberculosis,Rv1229c,0.375
ccrescentus,CCNA_02180,saureus,SA1969,0.488
ccrescentus,CCNA_03786,styphimurium,ccmC,0.455
ccrescentus,CCNA_01629,styphimurium,lepB,0.34
abaylyi,ACIAD0503,saureus,aldH,0.387
ccrescentus,CCNA_03853,saureus,hisF,0.484
abaylyi,ACIAD3404,saureus,hisF,0.484
saureus,hisF,styphimurium,hisF,0.414
ccrescentus,CCNA_01739,mtuberculosis,Rv0056,0.385
abaylyi,ACIAD2432,mtuberculosis,Rv0056,0.355
mtuberculosis,Rv0056,syn3a,JCVISYN3A_0833,0.302
ccrescentus,CCNA_01209,mtuberculosis,Rv1872c,0.412
mtuberculosis,Rv1872c,styphimurium,lldD,0.368
saureus,SA0578,styphimurium,nuoL,0.301
abaylyi,ACIAD2352,styphimurium,ung,0.594
saureus,ung,styphimurium,ung,0.504
mpne,MPN235,styphimurium,ung,0.342
saureus,parC,syn3a,JCVISYN3A_0453,0.43
saureus,adaB,styphimurium,ogt,0.424
mtuberculosis,Rv0087,styphimurium,hycE,0.316
mtuberculosis,Rv0212c,styphimurium,nadR,0.3
abaylyi,ACIAD3587,styphimurium,purC,0.649
ccrescentus,CCNA_02576,styphimurium,purC,0.424
abaylyi,ACIAD3255,styphimurium,hemH,0.441
abaylyi,ACIAD3255,ccrescentus,CCNA_03878,0.314
ccrescentus,CCNA_00277,styphimurium,dapE,0.424
ccrescentus,CCNA_00567,mtuberculosis,Rv0584,0.333
ccrescentus,CCNA_01367,mtuberculosis,Rv2207,0.305
abaylyi,ACIAD0176,ccrescentus,CCNA_00362,0.418
ccrescentus,CCNA_00701,mtuberculosis,Rv3648c,0.557
mtuberculosis,Rv1028c,styphimurium,kdpD,0.318
mtuberculosis,Rv1310,saureus,atpD,0.646
abaylyi,ACIAD0187,mtuberculosis,Rv1310,0.591
mtuberculosis,Rv1310,styphimurium,atpD,0.591
mtuberculosis,Rv3842c,saureus,glpQ,0.305
abaylyi,ACIAD1378,styphimurium,yaeT,0.359
abaylyi,ACIAD0978,ccrescentus,CCNA_02475,0.454
saureus,SA1040,syn3a,JCVISYN3A_0517,0.45
abaylyi,ACIAD2897,saureus,SA1040,0.44
mpne,MPN292,saureus,SA1040,0.358
mgenitalium,MG_209,saureus,SA1040,0.338
mtuberculosis,Rv1540,saureus,SA1040,0.39
ccrescentus,CCNA_01091,saureus,msrA,0.469
mpne,MPN607,saureus,msrA,0.393
saureus,msrA,styphimurium,msrA,0.402
abaylyi,ACIAD0514,saureus,dfrA,0.358
mgenitalium,MG_228,saureus,dfrA,0.333
mgenitalium,MG_235,saureus,SA1386,0.383
saureus,SA1386,styphimurium,nfo,0.339
mtuberculosis,Rv0670,saureus,SA1386,0.315
saureus,SA1581,styphimurium,yhcC,0.395
mtuberculosis,Rv3625c,styphimurium,mesJ,0.333
abaylyi,ACIAD0020,styphimurium,slpA,0.323
abaylyi,ACIAD1977,styphimurium,yfcY,0.376
mtuberculosis,Rv0243,styphimurium,yfcY,0.37
ccrescentus,CCNA_02583,saureus,purQ,0.493
mtuberculosis,Rv0788,saureus,purQ,0.436
ccrescentus,CCNA_02845,mtuberculosis,Rv0903c,0.441
mtuberculosis,Rv1029,styphimurium,kdpA,0.497
ccrescentus,CCNA_01663,mtuberculosis,Rv1029,0.486
mtuberculosis,Rv1029,saureus,kdpA(SCCmec),0.403
ccrescentus,CCNA_01616,styphimurium,mrdB,0.454
mgenitalium,MG_462,mpne,MPN678,0.716
mpne,MPN678,syn3a,JCVISYN3A_0126,0.46
mpne,MPN678,saureus,gltX,0.41
abaylyi,ACIAD3371,mpne,MPN678,0.348
ccrescentus,CCNA_01982,mpne,MPN678,0.348
abaylyi,ACIAD0665,saureus,SA0669,0.369
saureus,SA0669,styphimurium,pabB,0.371
abaylyi,ACIAD1047,styphimurium,pitA,0.414
abaylyi,ACIAD2008,styphimurium,pepN,0.396
mpne,MPN619,saureus,uvrA,0.555
mpne,MPN619,syn3a,JCVISYN3A_0824,0.546
mpne,MPN619,styphimurium,uvrA,0.515
abaylyi,ACIAD3455,mpne,MPN619,0.51
mpne,MPN619,mtuberculosis,Rv1638,0.494
ccrescentus,CCNA_00436,mtuberculosis,Rv2500c,0.387
ccrescentus,CCNA_01979,mtuberculosis,Rv2720,0.347
mtuberculosis,Rv2720,styphimurium,lexA,0.333
mtuberculosis,Rv2783c,styphimurium,pnp,0.452
ccrescentus,CCNA_00033,mtuberculosis,Rv2783c,0.441
abaylyi,ACIAD0402,mtuberculosis,Rv2783c,0.425
abaylyi,ACIAD1142,styphimurium,yejF,0.498
abaylyi,ACIAD1142,saureus,oppF,0.434
abaylyi,ACIAD1142,mtuberculosis,Rv3663c,0.396
ccrescentus,CCNA_00514,styphimurium,STM0951,0.393
abaylyi,ACIAD3444,ccrescentus,CCNA_00514,0.351
abaylyi,ACIAD1453,ccrescentus,CCNA_01913,0.412
abaylyi,ACIAD1670,saureus,SA0652,0.381
abaylyi,ACIAD2089,styphimurium,dnaE,0.488
abaylyi,ACIAD2089,mtuberculosis,Rv1547,0.343
abaylyi,ACIAD2601,saureus,SA0667,0.421
abaylyi,ACIAD2601,ccrescentus,CCNA_03262,0.362
mtuberculosis,Rv2441c,styphimurium,rpmA,0.65
ccrescentus,CCNA_00320,mtuberculosis,Rv2441c,0.623
mpne,MPN327,mtuberculosis,Rv2441c,0.547
abaylyi,ACIAD2938,mtuberculosis,Rv2441c,0.573
mtuberculosis,Rv3667,styphimurium,acs,0.498
mtuberculosis,Rv3667,saureus,acsA,0.382
abaylyi,ACIAD3365,styphimurium,murE,0.381
mtuberculosis,Rv2158c,styphimurium,murE,0.386
ccrescentus,CCNA_02642,styphimurium,murE,0.38
abaylyi,ACIAD1219,styphimurium,purB,0.65
mgenitalium,MG_059,mpne,MPN_074,0.659
mgenitalium,MG_059,saureus,ssrP,0.379
abaylyi,ACIAD2894,mgenitalium,MG_059,0.363
mgenitalium,MG_185,mpne,MPN199,0.529
mgenitalium,MG_052,saureus,cdd,0.342
mpne,MPN065,saureus,cdd,0.36
abaylyi,ACIAD2005,saureus,SA1528,0.386
abaylyi,ACIAD0021,mtuberculosis,Rv1539,0.341
abaylyi,ACIAD1900,mtuberculosis,Rv1858,0.401
mtuberculosis,Rv1858,styphimurium,modB,0.406
abaylyi,ACIAD3324,saureus,gmk,0.423
mpne,MPN246,saureus,gmk,0.416
saureus,gmk,styphimurium,gmk,0.391
ccrescentus,CCNA_01753,saureus,gmk,0.389
mtuberculosis,Rv1389,saureus,gmk,0.427
mtuberculosis,Rv3255c,styphimurium,manA,0.387
mtuberculosis,Rv2156c,styphimurium,mraY,0.343
abaylyi,ACIAD1883,mtuberculosis,Rv0945,0.487
ccrescentus,CCNA_00489,mtuberculosis,Rv1606,0.585
ccrescentus,CCNA_00620,mtuberculosis,Rv1655,0.417
ccrescentus,CCNA_00620,saureus,SA0179,0.39
ccrescentus,CCNA_02521,syn3a,JCVISYN3A_0215,0.302
mtuberculosis,Rv3543c,styphimurium,STM0857,0.358
mgenitalium,MG_003,mpne,MPN003,0.906
mpne,MPN003,saureus,gyrB,0.526
abaylyi,ACIAD0004,mpne,MPN003,0.386
mpne,MPN072,syn3a,JCVISYN3A_0003,0.351
styphimurium,prfA,syn3a,JCVISYN3A_0141,0.501
mgenitalium,MG_258,syn3a,JCVISYN3A_0141,0.532
mpne,MPN361,syn3a,JCVISYN3A_0141,0.525
mtuberculosis,Rv2299c,styphimurium,htpG,0.458
ccrescentus,CCNA_03527,mtuberculosis,Rv3704c,0.317
ccrescentus,CCNA_02626,styphimurium,ddlB,0.427
saureus,SA0895,styphimurium,menF,0.305
abaylyi,ACIAD2892,styphimurium,yfhL,0.584
ccrescentus,CCNA_00376,saureus,SA1536,0.355
mpne,MPN059,saureus,SA1854,0.368
mgenitalium,MG_046,saureus,SA1854,0.331
mtuberculosis,Rv0704,saureus,rplB,0.629
mgenitalium,MG_154,saureus,rplB,0.601
abaylyi,ACIAD3216,saureus,rplB,0.554
mpne,MPN168,saureus,rplB,0.579
ccrescentus,CCNA_01309,saureus,rplB,0.545
saureus,SA0351,styphimurium,ychF,0.558
ccrescentus,CCNA_00512,styphimurium,ychF,0.568
mgenitalium,MG_024,styphimurium,ychF,0.482
abaylyi,ACIAD1302,styphimurium,yggH,0.483
mtuberculosis,Rv0208c,styphimurium,yggH,0.366
ccrescentus,CCNA_00047,styphimurium,yggH,0.334
saureus,SA1569,styphimurium,yggH,0.304
mtuberculosis,Rv3607c,styphimurium,folB,0.326
mgenitalium,MG_121,syn3a,JCVISYN3A_0008,0.358
mpne,MPN260,syn3a,JCVISYN3A_0008,0.332
abaylyi,ACIAD0207,syn3a,JCVISYN3A_0008,0.305
abaylyi,ACIAD0822,mgenitalium,MG_100,0.327
mgenitalium,MG_100,mtuberculosis,Rv3009c,0.377
mgenitalium,MG_256,mpne,MPN359,0.528
saureus,SA0721,styphimurium,ybhK,0.345
saureus,SA1187,styphimurium,ygiH,0.329
abaylyi,ACIAD0128,styphimurium,gudD,0.7
ccrescentus,CCNA_01982,saureus,gltX,0.353
ccrescentus,CCNA_01982,syn3a,JCVISYN3A_0126,0.377
ccrescentus,CCNA_01982,mgenitalium,MG_462,0.393
abaylyi,ACIAD2862,saureus,greA,0.441
mgenitalium,MG_282,saureus,greA,0.447
saureus,greA,syn3a,JCVISYN3A_0253,0.442
mpne,MPN401,saureus,greA,0.432
saureus,thrS,styphimurium,thrS,0.433
abaylyi,ACIAD3055,saureus,thrS,0.421
mgenitalium,MG_375,saureus,thrS,0.429
mpne,MPN553,saureus,thrS,0.416
abaylyi,ACIAD0677,saureus,SA1856,0.328
ccrescentus,CCNA_02016,styphimurium,nuoM,0.391
ccrescentus,CCNA_02016,mtuberculosis,Rv3157,0.362
ccrescentus,CCNA_02080,mtuberculosis,Rv2093c,0.378
abaylyi,ACIAD0521,ccrescentus,CCNA_02080,0.37
ccrescentus,CCNA_02080,saureus,SA0334,0.324
ccrescentus,CCNA_02241,mtuberculosis,Rv3678c,0.482
saureus,rplC,syn3a,JCVISYN3A_0671,0.52
mtuberculosis,Rv0701,saureus,rplC,0.486
abaylyi,ACIAD3219,saureus,rplC,0.424
mpne,MPN165,saureus,rplC,0.425
saureus,opuCD,styphimurium,STM1492,0.399
abaylyi,ACIAD2948,mtuberculosis,Rv1050,0.393
abaylyi,ACIAD2463,styphimurium,trpC,0.395
abaylyi,ACIAD2463,saureus,trpC,0.407
abaylyi,ACIAD3037,mtuberculosis,Rv3914,0.436
abaylyi,ACIAD3110,styphimurium,ybjZ,0.532
ccrescentus,CCNA_03100,styphimurium,phnA,0.537
ccrescentus,CCNA_02564,mtuberculosis,Rv1933c,0.367
ccrescentus,CCNA_01794,mtuberculosis,Rv2831,0.447
abaylyi,ACIAD0466,mtuberculosis,Rv2987c,0.399
ccrescentus,CCNA_00195,mtuberculosis,Rv2987c,0.402
abaylyi,ACIAD0078,mtuberculosis,Rv3266c,0.317
mgenitalium,MG_132,mpne,A65_orf144,0.696
ccrescentus,CCNA_02555,mpne,A65_orf144,0.384
mpne,A65_orf144,mtuberculosis,Rv1262c,0.336
mpne,MPN342,saureus,SA1626,0.393
abaylyi,ACIAD3135,ccrescentus,CCNA_00785,0.344
ccrescentus,CCNA_00785,styphimurium,STM2379,0.334
saureus,SA0973,styphimurium,kdtB,0.451
mgenitalium,MG_044,mpne,MPN057,0.79
mgenitalium,MG_044,styphimurium,potI,0.317
mgenitalium,MG_105,mpne,MPN244,0.802
mgenitalium,MG_202,mpne,MPN121,0.795
mgenitalium,MG_262,mpne,MPN379,0.68
mgenitalium,MG_324,syn3a,JCVISYN3A_0305,0.406
mgenitalium,MG_324,saureus,SA1360,0.35
abaylyi,ACIAD3009,ccrescentus,CCNA_01757,0.448
ccrescentus,CCNA_01757,saureus,ksgA,0.307
ccrescentus,CCNA_01757,mtuberculosis,Rv1010,0.345
saureus,SA0508,styphimurium,kbl,0.416
saureus,SA2010,styphimurium,STM3846,0.329
abaylyi,ACIAD1095,saureus,ureG,0.597
abaylyi,ACIAD3366,styphimurium,ftsI,0.406
ccrescentus,CCNA_01809,mtuberculosis,Rv2218,0.48
abaylyi,ACIAD1015,mtuberculosis,Rv2218,0.452
mtuberculosis,Rv2218,saureus,lipA,0.469
mtuberculosis,Rv2218,styphimurium,lipA,0.42
abaylyi,ACIAD2091,mtuberculosis,Rv2335,0.58
mtuberculosis,Rv2335,styphimurium,cysE,0.452
abaylyi,ACIAD2474,styphimurium,hemE,0.664
saureus,hemE,styphimurium,hemE,0.389
mtuberculosis,Rv2678c,styphimurium,hemE,0.389
ccrescentus,CCNA_01357,styphimurium,STM4431,0.435
abaylyi,ACIAD1728,styphimurium,marR,0.323
abaylyi,ACIAD2556,mtuberculosis,Rv2781c,0.347
abaylyi,ACIAD3254,ccrescentus,CCNA_01241,0.495
ccrescentus,CCNA_01241,mtuberculosis,Rv2581c,0.362
ccrescentus,CCNA_01502,styphimurium,yedI,0.425
ccrescentus,CCNA_03013,styphimurium,ahpF,0.625
abaylyi,ACIAD2250,ccrescentus,CCNA_03013,0.617
ccrescentus,CCNA_03013,saureus,ahpF,0.518
ccrescentus,CCNA_03236,styphimurium,potC,0.418
mtuberculosis,Rv0934,styphimurium,pstS,0.332
abaylyi,ACIAD1345,ccrescentus,CCNA_01102,0.411
abaylyi,ACIAD1937,styphimurium,livF,0.462
ccrescentus,CCNA_01417,saureus,SA0508,0.388
mtuberculosis,Rv1569,saureus,SA0508,0.336
abaylyi,ACIAD0970,saureus,fhuB,0.309
mtuberculosis,Rv0935,styphimurium,pstC,0.365
abaylyi,ACIAD1213,mtuberculosis,Rv0935,0.348
mgenitalium,MG_112,mpne,MPN251,0.658
mpne,MPN251,styphimurium,rpe,0.345
mgenitalium,MG_227,mpne,MPN320,0.742
abaylyi,ACIAD0515,mpne,MPN320,0.53
ccrescentus,CCNA_02208,mpne,MPN320,0.506
saureus,accC,styphimurium,accC,0.527
abaylyi,ACIAD1736,saureus,accC,0.512
abaylyi,ACIAD3073,mtuberculosis,Rv1472,0.363
mpne,MPN220,syn3a,JCVISYN3A_0809,0.542
mpne,MPN220,saureus,rplA,0.455
mpne,MPN220,styphimurium,rplA,0.446
mpne,MPN220,mtuberculosis,Rv0641,0.428
abaylyi,ACIAD0304,mpne,MPN220,0.424
ccrescentus,CCNA_00677,mpne,MPN220,0.38
mgenitalium,MG_228,mpne,MPN321,0.522
abaylyi,ACIAD0514,mpne,MPN321,0.315
mpne,MPN390,syn3a,JCVISYN3A_0228,0.413
mpne,MPN390,saureus,pdhD,0.392
ccrescentus,CCNA_00346,mpne,MPN390,0.369
abaylyi,ACIAD2874,mpne,MPN390,0.34
abaylyi,ACIAD1507,styphimurium,yliC,0.339
abaylyi,ACIAD0551,styphimurium,nagZ,0.5
ccrescentus,CCNA_02085,styphimurium,nagZ,0.35
saureus,SA0834,styphimurium,oafA,0.311
abaylyi,ACIAD0923,ccrescentus,CCNA_01409,0.493
ccrescentus,CCNA_01409,mtuberculosis,Rv0512,0.461
ccrescentus,CCNA_01409,saureus,hemB,0.455
ccrescentus,CCNA_01409,styphimurium,hemB,0.434
abaylyi,ACIAD0368,styphimurium,nusA,0.509
abaylyi,ACIAD0368,mtuberculosis,Rv2841c,0.322
abaylyi,ACIAD0368,syn3a,JCVISYN3A_0300,0.31
abaylyi,ACIAD0518,ccrescentus,CCNA_00525,0.383
abaylyi,ACIAD1110,styphimurium,gdhA,0.698
abaylyi,ACIAD3088,saureus,SA1455,0.348
mtuberculosis,Rv0414c,saureus,thiE,0.335
mtuberculosis,Rv0414c,styphimurium,thiE,0.369
ccrescentus,CCNA_00985,mtuberculosis,Rv0782,0.416
mtuberculosis,Rv0782,styphimurium,ptrB,0.413
mtuberculosis,Rv2690c,saureus,SA2229,0.353
ccrescentus,CCNA_03223,mtuberculosis,Rv3066,0.34
mtuberculosis,Rv3313c,styphimurium,add,0.307
mgenitalium,MG_232,mpne,MPN325,0.82
mpne,MPN325,syn3a,JCVISYN3A_0501,0.393
mpne,MPN325,saureus,rplU,0.422
abaylyi,ACIAD2312,syn3a,JCVISYN3A_0046,0.316
mtuberculosis,Rv3715c,syn3a,JCVISYN3A_0046,0.32
saureus,fbaA,syn3a,JCVISYN3A_0131,0.474
ccrescentus,CCNA_03360,syn3a,JCVISYN3A_0131,0.313
mpne,MPN324,syn3a,JCVISYN3A_0771,0.678
mtuberculosis,Rv3051c,syn3a,JCVISYN3A_0771,0.556
styphimurium,nrdE,syn3a,JCVISYN3A_0771,0.516
mtuberculosis,Rv2317,styphimurium,ugpE,0.343
ccrescentus,CCNA_00317,mtuberculosis,Rv2440c,0.457
mtuberculosis,Rv2534c,saureus,SA1359,0.478
ccrescentus,CCNA_00758,mtuberculosis,Rv2534c,0.364
mtuberculosis,Rv2534c,syn3a,JCVISYN3A_0391,0.377
mgenitalium,MG_026,mtuberculosis,Rv2534c,0.326
ccrescentus,CCNA_03850,mtuberculosis,Rv1601,0.455
mtuberculosis,Rv1601,styphimurium,hisB,0.413
mtuberculosis,Rv1601,syn3a,JCVISYN3A_0918,0.448
ccrescentus,CCNA_02062,mtuberculosis,Rv1696,0.338
ccrescentus,CCNA_03851,styphimurium,hisH,0.4
saureus,hisH,styphimurium,hisH,0.374
ccrescentus,CCNA_00983,styphimurium,rcsC,0.318
abaylyi,ACIAD1519,styphimurium,ygaA,0.45
ccrescentus,CCNA_02535,mgenitalium,MG_122,0.331
mgenitalium,MG_122,styphimurium,topA,0.308
mgenitalium,MG_401,mpne,MPN600,0.864
mgenitalium,MG_401,saureus,atpA,0.554
mgenitalium,MG_469,mpne,MPN686,0.792
abaylyi,ACIAD2380,styphimurium,rsuA,0.39
abaylyi,ACIAD3684,styphimurium,rpmH,0.863
abaylyi,ACIAD3684,mgenitalium,MG_466,0.659
abaylyi,ACIAD3684,mpne,MPN682,0.659
abaylyi,ACIAD3684,mtuberculosis,Rv3924c,0.595
ccrescentus,CCNA_02351,mpne,MPN033,0.433
mpne,MPN033,styphimurium,upp,0.409
abaylyi,ACIAD0744,mpne,MPN033,0.404
ccrescentus,CCNA_02231,mtuberculosis,Rv2477c,0.594
ccrescentus,CCNA_02231,styphimurium,yjjK,0.579
ccrescentus,CCNA_02231,saureus,SA0675,0.366
ccrescentus,CCNA_02550,styphimurium,dinP,0.442
ccrescentus,CCNA_02550,mtuberculosis,Rv1537,0.391
ccrescentus,CCNA_02550,saureus,SA1711,0.336
mtuberculosis,Rv2883c,saureus,smbA,0.563
abaylyi,ACIAD1372,mtuberculosis,Rv2883c,0.446
mpne,MPN685,mtuberculosis,Rv3102c,0.366
mgenitalium,MG_526,mtuberculosis,Rv3102c,0.38
mpne,MPN314,saureus,SA1021,0.357
mgenitalium,MG_221,saureus,SA1021,0.35
saureus,SA1021,syn3a,JCVISYN3A_0525,0.33
abaylyi,ACIAD0187,styphimurium,atpD,0.796
saureus,atpD,styphimurium,atpD,0.648
abaylyi,ACIAD3238,saureus,SA0635,0.455
abaylyi,ACIAD3238,ccrescentus,CCNA_01372,0.503
ccrescentus,CCNA_00328,styphimurium,mtgA,0.474
abaylyi,ACIAD1990,ccrescentus,CCNA_00457,0.376
ccrescentus,CCNA_00457,saureus,ptsI,0.351
ccrescentus,CCNA_00457,syn3a,JCVISYN3A_0233,0.339
ccrescentus,CCNA_01287,mtuberculosis,Rv3617,0.45
ccrescentus,CCNA_03833,styphimurium,fabI,0.474
abaylyi,ACIAD3116,ccrescentus,CCNA_03833,0.484
ccrescentus,CCNA_03833,saureus,fabI,0.442
abaylyi,ACIAD1069,styphimurium,lysS,0.562
mtuberculosis,Rv3598c,styphimurium,lysS,0.396
abaylyi,ACIAD0937,styphimurium,yhaH,0.425
mtuberculosis,Rv1213,styphimurium,glgC,0.414
abaylyi,ACIAD2250,saureus,ahpF,0.55
saureus,ahpF,styphimurium,ahpF,0.539
abaylyi,ACIAD0432,mtuberculosis,Rv2388c,0.312
ccrescentus,CCNA_00262,mtuberculosis,Rv2573,0.4
mtuberculosis,Rv2573,saureus,SA2393,0.317
mtuberculosis,Rv1832,styphimurium,gcvP,0.551
abaylyi,ACIAD1225,styphimurium,dacC,0.425
ccrescentus,CCNA_02243,styphimurium,dacC,0.325
saureus,pbp4,styphimurium,dacC,0.307
abaylyi,ACIAD2940,styphimurium,ispB,0.464
ccrescentus,CCNA_02198,styphimurium,ispB,0.454
mtuberculosis,Rv0562,styphimurium,ispB,0.359
ccrescentus,CCNA_00778,styphimurium,typA,0.518
abaylyi,ACIAD0703,ccrescentus,CCNA_00778,0.51
ccrescentus,CCNA_00778,saureus,SA0959,0.497
ccrescentus,CCNA_00778,mtuberculosis,Rv1165,0.457
mtuberculosis,Rv1297,styphimurium,rho,0.552
mtuberculosis,Rv1391,saureus,SA1054,0.368
abaylyi,ACIAD0963,mgenitalium,MG_037,0.336
ccrescentus,CCNA_00523,mtuberculosis,Rv2149c,0.348
abaylyi,ACIAD1168,styphimurium,proY,0.594
mtuberculosis,Rv3204,styphimurium,ybaZ,0.39
mpne,MPN533,styphimurium,pduW,0.418
mtuberculosis,Rv3157,styphimurium,nuoM,0.315
ccrescentus,CCNA_03360,saureus,fbaA,0.354
ccrescentus,CCNA_03553,styphimurium,ygdP,0.358
mgenitalium,MG_419,saureus,dnaX,0.318
mtuberculosis,Rv3721c,saureus,dnaX,0.397
abaylyi,ACIAD0534,saureus,clpP,0.638
ccrescentus,CCNA_02041,saureus,clpP,0.566
saureus,cudT,styphimurium,caiT,0.311
mtuberculosis,Rv0992c,styphimurium,ygfA,0.31
mgenitalium,MG_046,mpne,MPN059,0.721
mgenitalium,MG_232,syn3a,JCVISYN3A_0501,0.436
mgenitalium,MG_232,saureus,rplU,0.402
ccrescentus,CCNA_01997,saureus,frr,0.441
abaylyi,ACIAD1373,saureus,frr,0.413
saureus,frr,syn3a,JCVISYN3A_0536,0.375
mgenitalium,MG_435,saureus,frr,0.355
ccrescentus,CCNA_01239,styphimurium,rstB,0.34
mtuberculosis,Rv3764c,styphimurium,rstB,0.328
mtuberculosis,Rv1032c,styphimurium,baeS,0.326
abaylyi,ACIAD0063,styphimurium,ampD,0.514
ccrescentus,CCNA_02903,styphimurium,rspA,0.667
abaylyi,ACIAD2615,styphimurium,ruvB,0.715
mgenitalium,MG_359,styphimurium,ruvB,0.32
abaylyi,ACIAD3257,styphimurium,murI,0.389
mtuberculosis,Rv1338,styphimurium,murI,0.337
ccrescentus,CCNA_03817,styphimurium,murI,0.329
ccrescentus,CCNA_02983,mtuberculosis,Rv1500,0.325
mtuberculosis,Rv1657,saureus,ahrC,0.331
mtuberculosis,Rv1689,styphimurium,tyrS,0.474
abaylyi,ACIAD1090,mtuberculosis,Rv1849,0.524
mtuberculosis,Rv1849,saureus,ureB,0.494
saureus,bioA,styphimurium,bioA,0.338
saureus,SA2375,styphimurium,pyrD,0.367
ccrescentus,CCNA_00562,saureus,SA2375,0.365
abaylyi,ACIAD0421,ccrescentus,CCNA_00674,0.408
ccrescentus,CCNA_00892,styphimurium,ptsP,0.36
abaylyi,ACIAD0454,ccrescentus,CCNA_00892,0.333
ccrescentus,CCNA_00892,mpne,MPN627,0.328
ccrescentus,CCNA_01374,mtuberculosis,Rv1272c,0.343
mgenitalium,MG_367,syn3a,JCVISYN3A_0418,0.374
mgenitalium,MG_467,styphimurium,ycfV,0.376
abaylyi,ACIAD0888,ccrescentus,CCNA_01643,0.367
saureus,SA2481,styphimurium,yceA,0.308
ccrescentus,CCNA_00034,syn3a,JCVISYN3A_0294,0.551
ccrescentus,CCNA_00034,mgenitalium,MG_424,0.432
ccrescentus,CCNA_01807,styphimurium,aas,0.385
saureus,ampA,styphimurium,pepB,0.371
abaylyi,ACIAD2330,styphimurium,aroF,0.56
abaylyi,ACIAD0913,styphimurium,yggS,0.463
mtuberculosis,Rv2148c,styphimurium,yggS,0.317
saureus,gcaD,styphimurium,glmU,0.434
ccrescentus,CCNA_02389,styphimurium,glmU,0.393
mtuberculosis,Rv1008,styphimurium,ycfH,0.357
ccrescentus,CCNA_01898,mtuberculosis,Rv1008,0.354
ccrescentus,CCNA_00107,styphimurium,ycaR,0.49
mgenitalium,MG_258,styphimurium,prfA,0.41
mpne,MPN361,styphimurium,prfA,0.41
mgenitalium,MG_342,mpne,MPN517,0.73
mgenitalium,MG_372,mpne,MPN550,0.643
mgenitalium,MG_372,saureus,SA1537,0.315
mtuberculosis,Rv1636,saureus,SA1532,0.342
abaylyi,ACIAD2518,mtuberculosis,Rv0263c,0.387
mtuberculosis,Rv0263c,styphimurium,ybgK,0.339
mtuberculosis,Rv0512,saureus,hemB,0.467
mtuberculosis,Rv0512,styphimurium,hemB,0.474
abaylyi,ACIAD0923,mtuberculosis,Rv0512,0.456
mtuberculosis,Rv0634B,syn3a,JCVISYN3A_0932,0.472
mpne,MPN471,mtuberculosis,Rv0634B,0.387
mgenitalium,MG_325,mtuberculosis,Rv0634B,0.387
saureus,SA2021,syn3a,JCVISYN3A_0643,0.453
abaylyi,ACIAD0011,ccrescentus,CCNA_01945,0.319
saureus,gntP,styphimurium,gntT,0.536
abaylyi,ACIAD2860,styphimurium,carA,0.691
ccrescentus,CCNA_02925,styphimurium,carA,0.52
saureus,SA2220,styphimurium,glxK,0.485
saureus,pdhD,syn3a,JCVISYN3A_0228,0.407
ccrescentus,CCNA_00346,syn3a,JCVISYN3A_0228,0.378
abaylyi,ACIAD2874,syn3a,JCVISYN3A_0228,0.379
abaylyi,ACIAD1465,ccrescentus,CCNA_02718,0.431
abaylyi,ACIAD1650,styphimurium,cobB,0.457
abaylyi,ACIAD1650,mtuberculosis,Rv1151c,0.385
abaylyi,ACIAD2102,styphimurium,hrpA,0.422
mgenitalium,MG_129,mpne,MPN268,0.62
mpne,MPN302,syn3a,JCVISYN3A_0220,0.399
mpne,MPN302,saureus,pfk,0.385
mpne,MPN302,mtuberculosis,Rv3010c,0.332
ccrescentus,CCNA_03802,mtuberculosis,Rv0457c,0.42
abaylyi,ACIAD1062,mtuberculosis,Rv2984,0.406
abaylyi,ACIAD0079,ccrescentus,CCNA_01199,0.622
ccrescentus,CCNA_01199,mtuberculosis,Rv0334,0.62
ccrescentus,CCNA_01590,saureus,lig,0.367
ccrescentus,CCNA_01590,mtuberculosis,Rv3014c,0.36
ccrescentus,CCNA_01590,syn3a,JCVISYN3A_0690,0.312
abaylyi,ACIAD1022,saureus,butA,0.47
saureus,SA0342,styphimurium,yqeF,0.525
abaylyi,ACIAD2516,saureus,SA0342,0.446
mtuberculosis,Rv1323,saureus,SA0342,0.449
abaylyi,ACIAD3460,saureus,SA1987,0.406
mtuberculosis,Rv1063c,styphimurium,ychK,0.306
abaylyi,ACIAD2965,styphimurium,ychK,0.34
mtuberculosis,Rv3663c,styphimurium,yejF,0.422
mtuberculosis,Rv3490,styphimurium,otsA,0.34
abaylyi,ACIAD1774,mtuberculosis,Rv3490,0.315
styphimurium,csdA,syn3a,JCVISYN3A_0441,0.338
abaylyi,ACIAD3244,styphimurium,yrbF,0.59
mtuberculosis,Rv0655,styphimurium,yrbF,0.381
mtuberculosis,Rv1781c,styphimurium,malQ,0.331
abaylyi,ACIAD2589,styphimurium,yceG,0.444
ccrescentus,CCNA_01751,styphimurium,yceG,0.325
mtuberculosis,Rv1323,styphimurium,yqeF,0.449
abaylyi,ACIAD1130,styphimurium,yraL,0.525
abaylyi,ACIAD1130,saureus,SA0447,0.434
abaylyi,ACIAD1130,syn3a,JCVISYN3A_0504,0.311
saureus,lytR,styphimurium,yehT,0.313
abaylyi,ACIAD1903,mtuberculosis,Rv0865,0.316
mtuberculosis,Rv0865,styphimurium,mog,0.355
saureus,SA0984,syn3a,JCVISYN3A_0448,0.374
abaylyi,ACIAD2626,syn3a,JCVISYN3A_0448,0.31
mgenitalium,MG_222,syn3a,JCVISYN3A_0524,0.433
abaylyi,ACIAD3368,syn3a,JCVISYN3A_0524,0.386
ccrescentus,CCNA_02645,syn3a,JCVISYN3A_0524,0.377
mpne,MPN380,syn3a,JCVISYN3A_0610,0.389
mgenitalium,MG_498,syn3a,JCVISYN3A_0610,0.386
styphimurium,mutM,syn3a,JCVISYN3A_0610,0.329
saureus,SA1512,syn3a,JCVISYN3A_0610,0.332
saureus,argF,styphimurium,STM4465,0.604
mtuberculosis,Rv1656,styphimurium,STM4465,0.374
abaylyi,ACIAD2001,saureus,eno,0.6
abaylyi,ACIAD2001,mpne,MPN606,0.553
abaylyi,ACIAD2001,mgenitalium,MG_407,0.533
abaylyi,ACIAD2078,styphimurium,purT,0.57
ccrescentus,CCNA_02727,saureus,phoH,0.512
ccrescentus,CCNA_02757,styphimurium,sfsA,0.409
ccrescentus,CCNA_03138,mtuberculosis,Rv1908c,0.617
abaylyi,ACIAD1058,saureus,SA0192,0.439
mgenitalium,MG_526,saureus,SA0192,0.413
ccrescentus,CCNA_01399,saureus,nrgA,0.361
ccrescentus,CCNA_03721,styphimurium,gltD,0.464
abaylyi,ACIAD3349,ccrescentus,CCNA_03721,0.467
ccrescentus,CCNA_03721,mtuberculosis,Rv3858c,0.397
mtuberculosis,Rv3305c,saureus,SA0507,0.362
ccrescentus,CCNA_02540,mtuberculosis,Rv3305c,0.332
ccrescentus,CCNA_03402,mtuberculosis,Rv3777,0.452
abaylyi,ACIAD1743,mtuberculosis,Rv3777,0.393
saureus,dra,styphimurium,deoC,0.336
abaylyi,ACIAD0070,styphimurium,wza,0.303
ccrescentus,CCNA_00800,mtuberculosis,Rv1623c,0.358
mtuberculosis,Rv1623c,styphimurium,STM1792,0.352
abaylyi,ACIAD2290,mtuberculosis,Rv1623c,0.348
mtuberculosis,Rv2902c,styphimurium,rnhB,0.483
ccrescentus,CCNA_00383,mtuberculosis,Rv2902c,0.455
abaylyi,ACIAD1248,mtuberculosis,Rv2902c,0.454
abaylyi,ACIAD0561,styphimurium,gcpE,0.619
ccrescentus,CCNA_00894,styphimurium,gcpE,0.573
mtuberculosis,Rv2868c,styphimurium,gcpE,0.463
ccrescentus,CCNA_02483,saureus,SA0226,0.323
mtuberculosis,Rv0166,saureus,SA0226,0.318
abaylyi,ACIAD2352,saureus,ung,0.528
mpne,MPN235,saureus,ung,0.328
mtuberculosis,Rv2589,styphimurium,gabT,0.418
abaylyi,ACIAD3446,mtuberculosis,Rv2589,0.424
mtuberculosis,Rv2589,saureus,SA2397,0.325
ccrescentus,CCNA_01506,styphimurium,yecC,0.631
ccrescentus,CCNA_01506,saureus,SA2200,0.539
abaylyi,ACIAD1931,saureus,SA2411,0.491
mpne,MPN057,styphimurium,potI,0.305
mgenitalium,MG_113,mpne,MPN252,0.692
mpne,MPN252,styphimurium,asnS,0.406
mgenitalium,MG_321,mpne,MPN456,0.654
abaylyi,ACIAD1151,styphimurium,argG,0.778
ccrescentus,CCNA_00205,styphimurium,yheR,0.459
ccrescentus,CCNA_03179,mtuberculosis,Rv3359,0.308
ccrescentus,CCNA_03179,styphimurium,nemA,0.305
abaylyi,ACIAD2347,styphimurium,rpsA,0.698
ccrescentus,CCNA_03702,styphimurium,rpsA,0.508
saureus,SA1308,styphimurium,rpsA,0.346
saureus,nadE,styphimurium,nadE,0.603
mgenitalium,MG_383,styphimurium,nadE,0.303
abaylyi,ACIAD1417,styphimurium,ydgI,0.538
styphimurium,araH,syn3a,JCVISYN3A_0400,0.354
mtuberculosis,Rv0720,saureus,rplR,0.518
ccrescentus,CCNA_01322,mtuberculosis,Rv0720,0.495
abaylyi,ACIAD3203,mtuberculosis,Rv0720,0.5
mtuberculosis,Rv0720,styphimurium,rplR,0.452
mpne,MPN181,mtuberculosis,Rv0720,0.401
abaylyi,ACIAD2599,styphimurium,dapD,0.73
abaylyi,ACIAD2599,ccrescentus,CCNA_00283,0.663
abaylyi,ACIAD2907,ccrescentus,CCNA_00520,0.569
abaylyi,ACIAD2907,mtuberculosis,Rv1017c,0.434
abaylyi,ACIAD2907,mpne,MPN073,0.418
mgenitalium,MG_177,mpne,MPN191,0.875
mpne,MPN191,mtuberculosis,Rv3457c,0.396
mpne,MPN191,saureus,rpoA,0.347
ccrescentus,CCNA_01330,mpne,MPN191,0.367
abaylyi,ACIAD3194,mpne,MPN191,0.32
mpne,MPN424,saureus,SA1079,0.314
abaylyi,ACIAD3055,styphimurium,thrS,0.622
abaylyi,ACIAD3055,mgenitalium,MG_375,0.309
mgenitalium,MG_056,saureus,SA0447,0.32
mgenitalium,MG_056,syn3a,JCVISYN3A_0504,0.325
mgenitalium,MG_245,mpne,MPN348,0.602
mpne,MPN291,syn3a,JCVISYN3A_0271,0.322
mgenitalium,MG_526,mpne,MPN685,0.82
abaylyi,ACIAD1058,mpne,MPN685,0.399
mpne,MPN685,styphimurium,artP,0.394
ccrescentus,CCNA_02299,mpne,MPN685,0.363
mtuberculosis,Rv1161,styphimurium,narZ,0.471
abaylyi,ACIAD1571,styphimurium,caiD,0.46
abaylyi,ACIAD1571,ccrescentus,CCNA_01794,0.404
abaylyi,ACIAD2052,styphimurium,yebC,0.616
abaylyi,ACIAD2052,ccrescentus,CCNA_03352,0.432
abaylyi,ACIAD2234,styphimurium,mrcB,0.379
abaylyi,ACIAD2053,styphimurium,STM1001,0.344
abaylyi,ACIAD1675,saureus,SA2330,0.301
mpne,MPN430,saureus,gap,0.552
mpne,MPN430,mtuberculosis,Rv1436,0.524
ccrescentus,CCNA_03358,mpne,MPN430,0.432
ccrescentus,CCNA_01086,syn3a,JCVISYN3A_0285,0.558
styphimurium,lepA,syn3a,JCVISYN3A_0285,0.553
abaylyi,ACIAD2584,syn3a,JCVISYN3A_0285,0.544
saureus,clpB,syn3a,JCVISYN3A_0545,0.577
styphimurium,clpB,syn3a,JCVISYN3A_0545,0.548
mgenitalium,MG_355,syn3a,JCVISYN3A_0545,0.523
mtuberculosis,Rv0384c,syn3a,JCVISYN3A_0545,0.525
abaylyi,ACIAD0502,styphimurium,rpmB,0.753
mtuberculosis,Rv2058c,styphimurium,rpmB,0.441
ccrescentus,CCNA_00699,styphimurium,rpmB,0.434
saureus,rpmB,styphimurium,rpmB,0.456
ccrescentus,CCNA_00966,styphimurium,pdxH,0.414
ccrescentus,CCNA_00966,mtuberculosis,Rv2607,0.412
abaylyi,ACIAD3501,ccrescentus,CCNA_00966,0.405
ccrescentus,CCNA_01031,styphimurium,ydfJ,0.393
ccrescentus,CCNA_01319,styphimurium,rpsN,0.495
ccrescentus,CCNA_01880,mtuberculosis,Rv0687,0.361
ccrescentus,CCNA_03413,mtuberculosis,Rv0156,0.38
ccrescentus,CCNA_02535,styphimurium,topA,0.408
ccrescentus,CCNA_00766,styphimurium,pduO,0.428
abaylyi,ACIAD0040,styphimurium,STM2148,0.368
mgenitalium,MG_098,mpne,MPN236,0.72
mgenitalium,MG_003,saureus,gyrB,0.523
mgenitalium,MG_161,mpne,MPN175,0.95
mgenitalium,MG_194,syn3a,JCVISYN3A_0529,0.392
abaylyi,ACIAD3042,mgenitalium,MG_194,0.357
ccrescentus,CCNA_01096,mgenitalium,MG_194,0.326
mgenitalium,MG_445,saureus,trmD,0.48
mgenitalium,MG_445,styphimurium,trmD,0.399
abaylyi,ACIAD3311,mgenitalium,MG_445,0.382
mgenitalium,MG_445,mtuberculosis,Rv2906c,0.383
ccrescentus,CCNA_01983,mtuberculosis,Rv0896,0.571
ccrescentus,CCNA_02113,styphimurium,STM4510,0.363
ccrescentus,CCNA_02178,mtuberculosis,Rv0148,0.476
abaylyi,ACIAD1439,ccrescentus,CCNA_02178,0.331
mgenitalium,MG_190,mpne,MPN140,0.61
mpne,MPN140,syn3a,JCVISYN3A_0139,0.312
mgenitalium,MG_244,mpne,MPN341,0.524
mpne,MPN341,syn3a,JCVISYN3A_0695,0.318
mgenitalium,MG_409,mpne,MPN608,0.751
abaylyi,ACIAD0884,styphimurium,fusA,0.71
styphimurium,fusA,syn3a,JCVISYN3A_0150,0.592
saureus,fus,styphimurium,fusA,0.594
ccrescentus,CCNA_03304,styphimurium,fusA,0.597
mtuberculosis,Rv2216,saureus,SA0724,0.315
abaylyi,ACIAD1372,saureus,smbA,0.457
ccrescentus,CCNA_01332,styphimurium,rplQ,0.617
ccrescentus,CCNA_01332,mtuberculosis,Rv3456c,0.518
ccrescentus,CCNA_01332,mpne,MPN192,0.373
abaylyi,ACIAD3042,ccrescentus,CCNA_01096,0.511
abaylyi,ACIAD3042,syn3a,JCVISYN3A_0529,0.398
ccrescentus,CCNA_01840,mtuberculosis,Rv0465c,0.361
ccrescentus,CCNA_00560,mtuberculosis,Rv1276c,0.302
mtuberculosis,Rv1465,saureus,SA0777,0.368
abaylyi,ACIAD0356,styphimurium,yaiE,0.329
abaylyi,ACIAD0540,mtuberculosis,Rv0408,0.357
abaylyi,ACIAD0822,mtuberculosis,Rv3009c,0.392
ccrescentus,CCNA_03856,styphimurium,mltA,0.306
mtuberculosis,Rv2498c,styphimurium,STM3120,0.363
ccrescentus,CCNA_03774,styphimurium,STM3120,0.321
ccrescentus,CCNA_00650,saureus,narK,0.334
ccrescentus,CCNA_02431,saureus,SA2470,0.383
saureus,SA2470,styphimurium,hisD,0.344
ccrescentus,CCNA_01400,mtuberculosis,Rv2919c,0.642
ccrescentus,CCNA_03322,mtuberculosis,Rv2996c,0.401
mtuberculosis,Rv2996c,saureus,serA,0.367
abaylyi,ACIAD3203,styphimurium,rplR,0.56
ccrescentus,CCNA_01322,styphimurium,rplR,0.576
saureus,rplR,styphimurium,rplR,0.453
mpne,MPN181,styphimurium,rplR,0.394
abaylyi,ACIAD2568,styphimurium,blc,0.378
abaylyi,ACIAD0286,styphimurium,hemC,0.6
abaylyi,ACIAD0286,ccrescentus,CCNA_00070,0.458
abaylyi,ACIAD0286,mtuberculosis,Rv0510,0.394
abaylyi,ACIAD1547,ccrescentus,CCNA_01406,0.334
abaylyi,ACIAD2965,mtuberculosis,Rv1063c,0.371
mtuberculosis,Rv1563c,styphimurium,STM1559,0.36
abaylyi,ACIAD3067,mtuberculosis,Rv1882c,0.422
abaylyi,ACIAD1774,styphimurium,otsA,0.389
abaylyi,ACIAD3215,ccrescentus,CCNA_01310,0.615
ccrescentus,CCNA_01310,mtuberculosis,Rv0705,0.634
ccrescentus,CCNA_01310,mgenitalium,MG_155,0.574
ccrescentus,CCNA_01441,saureus,rpsI,0.516
ccrescentus,CCNA_01441,mtuberculosis,Rv3442c,0.495
abaylyi,ACIAD1487,styphimurium,STM2690,0.339
abaylyi,ACIAD1567,ccrescentus,CCNA_00301,0.5
abaylyi,ACIAD1567,mtuberculosis,Rv3761c,0.331
abaylyi,ACIAD2341,ccrescentus,CCNA_00104,0.344
abaylyi,ACIAD3528,ccrescentus,CCNA_01714,0.466
abaylyi,ACIAD3528,styphimurium,yffB,0.403
abaylyi,ACIAD3639,styphimurium,ygiE,0.394
mgenitalium,MG_305,saureus,dnaK,0.571
ccrescentus,CCNA_00010,mgenitalium,MG_305,0.547
abaylyi,ACIAD3654,mgenitalium,MG_305,0.522
mgenitalium,MG_396,mpne,D02_orf152,0.666
mgenitalium,MG_396,syn3a,JCVISYN3A_0800,0.432
mgenitalium,MG_396,saureus,lacB,0.342
ccrescentus,CCNA_01385,mtuberculosis,Rv1694,0.456
ccrescentus,CCNA_00994,mtuberculosis,Rv1279,0.414
saureus,SA0234,styphimurium,ybeK,0.46
abaylyi,ACIAD2386,saureus,SA0234,0.423
saureus,SA0420,styphimurium,abc,0.483
mtuberculosis,Rv3241c,saureus,SA0707,0.324
mtuberculosis,Rv1537,styphimurium,dinP,0.332
mtuberculosis,Rv1633,styphimurium,uvrB,0.572
mtuberculosis,Rv1633,syn3a,JCVISYN3A_0825,0.478
mtuberculosis,Rv1981c,saureus,nrdF,0.392
abaylyi,ACIAD1628,mtuberculosis,Rv0449c,0.331
mtuberculosis,Rv1007c,saureus,metS,0.432
mpne,MPN023,mtuberculosis,Rv1007c,0.32
mgenitalium,MG_021,mtuberculosis,Rv1007c,0.307
abaylyi,ACIAD1041,styphimurium,yeaM,0.305
abaylyi,ACIAD1115,styphimurium,lon,0.567
abaylyi,ACIAD1115,mgenitalium,MG_239,0.391
abaylyi,ACIAD1288,styphimurium,astB,0.605
abaylyi,ACIAD2516,mtuberculosis,Rv1323,0.426
abaylyi,ACIAD2641,styphimurium,ycfW,0.39
ccrescentus,CCNA_02007,styphimurium,ycfW,0.3
ccrescentus,CCNA_03068,styphimurium,gst,0.431
ccrescentus,CCNA_00871,mtuberculosis,Rv0480c,0.321
ccrescentus,CCNA_00903,styphimurium,rbsA,0.414
abaylyi,ACIAD0205,ccrescentus,CCNA_00903,0.326
ccrescentus,CCNA_00903,syn3a,JCVISYN3A_0010,0.304
mtuberculosis,Rv0700,styphimurium,rpsJ,0.63
ccrescentus,CCNA_01305,mtuberculosis,Rv0700,0.623
abaylyi,ACIAD3220,mtuberculosis,Rv0700,0.59
mtuberculosis,Rv0700,syn3a,JCVISYN3A_0672,0.564
mgenitalium,MG_150,mtuberculosis,Rv0700,0.439
mpne,MPN164,mtuberculosis,Rv0700,0.439
mtuberculosis,Rv1641,syn3a,JCVISYN3A_0200,0.361
abaylyi,ACIAD0782,styphimurium,proS,0.667
abaylyi,ACIAD0782,saureus,proS,0.457
abaylyi,ACIAD1299,styphimurium,speB,0.395
abaylyi,ACIAD0515,mgenitalium,MG_227,0.506
ccrescentus,CCNA_02208,mgenitalium,MG_227,0.491
mgenitalium,MG_351,syn3a,JCVISYN3A_0344,0.458
abaylyi,ACIAD0239,mgenitalium,MG_351,0.406
ccrescentus,CCNA_00045,mgenitalium,MG_351,0.377
mgenitalium,MG_351,styphimurium,ppa,0.38
mgenitalium,MG_450,mpne,MPN664,0.679
abaylyi,ACIAD2287,ccrescentus,CCNA_02704,0.551
abaylyi,ACIAD2287,saureus,SA1524,0.498
ccrescentus,CCNA_02294,styphimurium,argH,0.439
abaylyi,ACIAD1258,styphimurium,purA,0.637
mtuberculosis,Rv0357c,styphimurium,purA,0.508
abaylyi,ACIAD1691,mtuberculosis,Rv0687,0.333
abaylyi,ACIAD1691,saureus,SA2365,0.301
abaylyi,ACIAD1828,ccrescentus,CCNA_01892,0.416
abaylyi,ACIAD0565,ccrescentus,CCNA_01726,0.394
ccrescentus,CCNA_01726,mgenitalium,MG_329,0.361
abaylyi,ACIAD1977,mtuberculosis,Rv0243,0.655
mtuberculosis,Rv0524,styphimurium,hemL,0.509
ccrescentus,CCNA_03393,styphimurium,purE,0.66
mtuberculosis,Rv3275c,styphimurium,purE,0.543
abaylyi,ACIAD2275,styphimurium,lipA,0.584
ccrescentus,CCNA_01809,styphimurium,lipA,0.525
saureus,lipA,styphimurium,lipA,0.501
abaylyi,ACIAD1200,saureus,thiE,0.322
ccrescentus,CCNA_03373,saureus,thiE,0.304
abaylyi,ACIAD0687,ccrescentus,CCNA_01015,0.437
ccrescentus,CCNA_01015,mtuberculosis,Rv0846c,0.315
abaylyi,ACIAD2331,styphimurium,yoaE,0.579
ccrescentus,CCNA_00787,styphimurium,motA,0.387
mgenitalium,MG_290,mpne,MPN416,0.615
mgenitalium,MG_344,mpne,MPN519,0.679
mpne,MPN674,syn3a,JCVISYN3A_0475,0.485
mpne,MPN674,saureus,SA2395,0.429
styphimurium,trpS,syn3a,JCVISYN3A_0308,0.456
mtuberculosis,Rv3336c,syn3a,JCVISYN3A_0308,0.426
mgenitalium,MG_126,syn3a,JCVISYN3A_0308,0.421
mtuberculosis,Rv0091,saureus,pfs,0.305
mtuberculosis,Rv0438c,styphimurium,moeA,0.354
mtuberculosis,Rv0438c,saureus,moeA,0.322
abaylyi,ACIAD2897,syn3a,JCVISYN3A_0517,0.375
abaylyi,ACIAD2897,mtuberculosis,Rv1540,0.332
abaylyi,ACIAD3009,saureus,ksgA,0.324
abaylyi,ACIAD3009,mtuberculosis,Rv1010,0.37
abaylyi,ACIAD3223,ccrescentus,CCNA_00088,0.58
abaylyi,ACIAD3223,mtuberculosis,Rv2510c,0.45
ccrescentus,CCNA_03112,styphimurium,yfjD,0.372
mtuberculosis,Rv3011c,saureus,SA1716,0.479
mpne,MPN237,saureus,SA1716,0.329
mgenitalium,MG_099,saureus,SA1716,0.339
saureus,lacB,syn3a,JCVISYN3A_0800,0.367
mtuberculosis,Rv3462c,saureus,infA,0.698
abaylyi,ACIAD0472,saureus,infA,0.676
mgenitalium,MG_173,saureus,infA,0.485
mgenitalium,MG_053,mpne,MPN066,0.616
mgenitalium,MG_053,syn3a,JCVISYN3A_0733,0.331
mgenitalium,MG_177,saureus,rpoA,0.377
mgenitalium,MG_177,mtuberculosis,Rv3457c,0.387
ccrescentus,CCNA_01330,mgenitalium,MG_177,0.369
abaylyi,ACIAD3194,mgenitalium,MG_177,0.321
mgenitalium,MG_270,mpne,MPN389,0.758
mgenitalium,MG_270,saureus,SA0884,0.338
mgenitalium,MG_270,styphimurium,lplA,0.376
mgenitalium,MG_363,mpne,MPN540,0.894
abaylyi,ACIAD1865,ccrescentus,CCNA_02957,0.404
abaylyi,ACIAD2401,saureus,SA2345,0.434
abaylyi,ACIAD0079,mtuberculosis,Rv0334,0.619
abaylyi,ACIAD0253,styphimurium,pepA,0.581
abaylyi,ACIAD0253,mtuberculosis,Rv2213,0.399
abaylyi,ACIAD0253,saureus,ampA,0.378
abaylyi,ACIAD0253,mgenitalium,MG_391,0.359
abaylyi,ACIAD1737,styphimurium,accB,0.445
abaylyi,ACIAD1737,saureus,accB,0.356
abaylyi,ACIAD2011,styphimurium,thiM,0.397
abaylyi,ACIAD2011,saureus,thiM,0.333
abaylyi,ACIAD3231,styphimurium,tesB,0.444
abaylyi,ACIAD3601,styphimurium,ycgN,0.492
mpne,MPN245,syn3a,JCVISYN3A_0201,0.361
saureus,pdf1,syn3a,JCVISYN3A_0201,0.421
mgenitalium,MG_106,syn3a,JCVISYN3A_0201,0.357
saureus,SA1449,syn3a,JCVISYN3A_0387,0.479
styphimurium,trmU,syn3a,JCVISYN3A_0387,0.469
mpne,MPN422,syn3a,JCVISYN3A_0387,0.415
abaylyi,ACIAD1200,ccrescentus,CCNA_03373,0.383
ccrescentus,CCNA_03373,styphimurium,thiE,0.325
abaylyi,ACIAD1873,ccrescentus,CCNA_03533,0.36
abaylyi,ACIAD0752,ccrescentus,CCNA_01545,0.489
ccrescentus,CCNA_01970,styphimurium,tpiA,0.395
ccrescentus,CCNA_01970,saureus,tpi,0.41
ccrescentus,CCNA_01970,mpne,MPN629,0.36
ccrescentus,CCNA_01970,mgenitalium,MG_431,0.366
ccrescentus,CCNA_02033,mtuberculosis,Rv3145,0.333
abaylyi,ACIAD0730,ccrescentus,CCNA_02033,0.327
ccrescentus,CCNA_02420,styphimurium,exbD,0.454
abaylyi,ACIAD1411,mtuberculosis,Rv3252c,0.457
ccrescentus,CCNA_02247,mtuberculosis,Rv3602c,0.477
mtuberculosis,Rv3602c,styphimurium,panC,0.44
abaylyi,ACIAD3364,styphimurium,murF,0.409
ccrescentus,CCNA_02641,styphimurium,murF,0.342
abaylyi,ACIAD1376,styphimurium,dxr,0.489
mtuberculosis,Rv2870c,styphimurium,dxr,0.395
abaylyi,ACIAD0418,styphimurium,aroE,0.446
ccrescentus,CCNA_00003,styphimurium,aroE,0.349
abaylyi,ACIAD0119,styphimurium,stbA,0.378
mgenitalium,MG_060,mpne,MPN075,0.58
mgenitalium,MG_060,syn3a,JCVISYN3A_0114,0.321
mgenitalium,MG_186,mpne,MPN133,0.392
ccrescentus,CCNA_03853,styphimurium,hisF,0.455
abaylyi,ACIAD3404,styphimurium,hisF,0.42
ccrescentus,CCNA_00101,styphimurium,sun,0.363
ccrescentus,CCNA_00196,styphimurium,leuC,0.619
ccrescentus,CCNA_00520,mtuberculosis,Rv1017c,0.442
ccrescentus,CCNA_00520,mpne,MPN073,0.429
ccrescentus,CCNA_01647,styphimurium,bioF,0.399
ccrescentus,CCNA_01647,mtuberculosis,Rv1569,0.423
ccrescentus,CCNA_01975,styphimurium,trpD,0.466
ccrescentus,CCNA_01634,styphimurium,nhoA,0.385
mtuberculosis,Rv3566c,styphimurium,nhoA,0.347
ccrescentus,CCNA_00352,styphimurium,ygdQ,0.475
ccrescentus,CCNA_02583,mtuberculosis,Rv0788,0.516
ccrescentus,CCNA_01596,mtuberculosis,Rv0949,0.385
abaylyi,ACIAD0900,mtuberculosis,Rv0949,0.394
mtuberculosis,Rv0949,syn3a,JCVISYN3A_0695,0.314
mtuberculosis,Rv1293,saureus,lysA,0.415
abaylyi,ACIAD2660,mtuberculosis,Rv1293,0.308
ccrescentus,CCNA_03516,mtuberculosis,Rv1451,0.422
abaylyi,ACIAD3170,styphimurium,ynfM,0.391
abaylyi,ACIAD3172,styphimurium,ycgM,0.405
mtuberculosis,Rv2993c,styphimurium,ycgM,0.42
mtuberculosis,Rv0667,saureus,rpoB,0.562
ccrescentus,CCNA_00536,mtuberculosis,Rv0667,0.463
mtuberculosis,Rv0667,styphimurium,rpoB,0.454
mtuberculosis,Rv0667,syn3a,JCVISYN3A_0804,0.439
mpne,MPN516,mtuberculosis,Rv0667,0.373
abaylyi,ACIAD3324,mtuberculosis,Rv1389,0.388
ccrescentus,CCNA_01753,mtuberculosis,Rv1389,0.383
mtuberculosis,Rv1389,styphimurium,gmk,0.364
mpne,MPN246,mtuberculosis,Rv1389,0.382
abaylyi,ACIAD3652,saureus,grpE,0.393
mgenitalium,MG_187,mpne,MPN134,0.614
mgenitalium,MG_221,mpne,MPN314,0.815
mgenitalium,MG_221,syn3a,JCVISYN3A_0525,0.365
mgenitalium,MG_284,mpne,MPN403,0.763
mgenitalium,MG_346,styphimurium,yibK,0.406
abaylyi,ACIAD2933,mgenitalium,MG_346,0.393
mgenitalium,MG_407,mpne,MPN606,0.797
mgenitalium,MG_407,saureus,eno,0.523
mtuberculosis,Rv2856,saureus,SA2489,0.48
saureus,SA2489,styphimurium,nxiA,0.427
ccrescentus,CCNA_03870,saureus,gidB,0.327
mtuberculosis,Rv3859c,saureus,gltB,0.455
ccrescentus,CCNA_03722,saureus,gltB,0.398
saureus,pta,syn3a,JCVISYN3A_0229,0.428
mpne,MPN428,syn3a,JCVISYN3A_0229,0.395
saureus,lig,syn3a,JCVISYN3A_0690,0.443
mtuberculosis,Rv3014c,syn3a,JCVISYN3A_0690,0.355
ccrescentus,CCNA_00678,saureus,rplK,0.571
saureus,rplK,syn3a,JCVISYN3A_0810,0.482
mgenitalium,MG_081,saureus,rplK,0.442
saureus,nagB,syn3a,JCVISYN3A_0726,0.414
abaylyi,ACIAD3024,saureus,SA1374,0.358
ccrescentus,CCNA_00173,saureus,SA1374,0.354
saureus,SA1374,styphimurium,hofB,0.339
saureus,lysP,styphimurium,lysP,0.512
mtuberculosis,Rv1301,saureus,SA1918,0.342
abaylyi,ACIAD0870,styphimurium,fabD,0.504
ccrescentus,CCNA_01746,styphimurium,fabD,0.452
saureus,fabD,styphimurium,fabD,0.404
abaylyi,ACIAD1713,styphimurium,aroD,0.387
ccrescentus,CCNA_00016,styphimurium,moaE,0.478
ccrescentus,CCNA_00016,mtuberculosis,Rv0866,0.348
abaylyi,ACIAD1904,ccrescentus,CCNA_00016,0.308
ccrescentus,CCNA_03142,styphimurium,rpoD,0.496
abaylyi,ACIAD3058,ccrescentus,CCNA_00241,0.344
ccrescentus,CCNA_00241,saureus,ptsH,0.345
ccrescentus,CCNA_02437,styphimurium,ilvY,0.309
saureus,capO,styphimurium,wecC,0.423
abaylyi,ACIAD0308,saureus,rpoC,0.472
saureus,rpoC,syn3a,JCVISYN3A_0803,0.5
saureus,rpoC,styphimurium,rpoC,0.459
ccrescentus,CCNA_00537,saureus,rpoC,0.463
abaylyi,ACIAD1559,styphimurium,hpaR,0.382
abaylyi,ACIAD2967,ccrescentus,CCNA_03485,0.394
abaylyi,ACIAD2967,styphimurium,ybbK,0.384
abaylyi,ACIAD3075,styphimurium,gip,0.377
mgenitalium,MG_165,mpne,GT9_orf142,0.88
mpne,GT9_orf142,syn3a,JCVISYN3A_0657,0.484
mpne,GT9_orf142,mtuberculosis,Rv0718,0.461
ccrescentus,CCNA_01320,mpne,GT9_orf142,0.384
mpne,MPN517,mtuberculosis,Rv3054c,0.314
mtuberculosis,Rv0709,saureus,rpmC,0.62
mtuberculosis,Rv0709,styphimurium,rpmC,0.464
mtuberculosis,Rv2124c,styphimurium,metH,0.318
abaylyi,ACIAD1045,mtuberculosis,Rv2124c,0.316
ccrescentus,CCNA_00003,mtuberculosis,Rv2552c,0.335
abaylyi,ACIAD0418,mtuberculosis,Rv2552c,0.325
mtuberculosis,Rv2678c,saureus,hemE,0.439
abaylyi,ACIAD2474,mtuberculosis,Rv2678c,0.39
ccrescentus,CCNA_02247,styphimurium,panC,0.456
ccrescentus,CCNA_02849,styphimurium,ccmE,0.422
abaylyi,ACIAD2894,styphimurium,smpB,0.587
saureus,ssrP,styphimurium,smpB,0.474
styphimurium,smpB,syn3a,JCVISYN3A_0776,0.36
mpne,MPN_074,styphimurium,smpB,0.341
saureus,ctrA,styphimurium,pyrG,0.551
ccrescentus,CCNA_01791,styphimurium,pyrG,0.559
mtuberculosis,Rv1699,styphimurium,pyrG,0.529
abaylyi,ACIAD1483,styphimurium,yrbI,0.42
abaylyi,ACIAD1736,styphimurium,accC,0.635
abaylyi,ACIAD1327,styphimurium,yiaE,0.428
saureus,SA0791,styphimurium,yiaE,0.42
ccrescentus,CCNA_03838,styphimurium,yiaE,0.371
ccrescentus,CCNA_02568,mtuberculosis,Rv1496,0.556
ccrescentus,CCNA_00107,mtuberculosis,Rv1684,0.436
mtuberculosis,Rv3240c,styphimurium,secA,0.481
mtuberculosis,Rv3240c,saureus,secA,0.47
mtuberculosis,Rv3240c,syn3a,JCVISYN3A_0095,0.424
mtuberculosis,Rv3589,styphimurium,mutY,0.36
ccrescentus,CCNA_00917,mtuberculosis,Rv1960c,0.592
abaylyi,ACIAD2935,ccrescentus,CCNA_02078,0.443
abaylyi,ACIAD2935,mpne,MPN005,0.422
abaylyi,ACIAD3118,mtuberculosis,Rv2511,0.44
mgenitalium,MG_065,syn3a,JCVISYN3A_0030,0.55
ccrescentus,CCNA_02173,syn3a,JCVISYN3A_0030,0.392
abaylyi,ACIAD2056,syn3a,JCVISYN3A_0030,0.37
mgenitalium,MG_298,syn3a,JCVISYN3A_0415,0.322
ccrescentus,CCNA_00088,mtuberculosis,Rv2510c,0.495
abaylyi,ACIAD3637,ccrescentus,CCNA_00281,0.425
ccrescentus,CCNA_00281,saureus,SA1059,0.403
ccrescentus,CCNA_00281,mtuberculosis,Rv1406,0.379
ccrescentus,CCNA_00281,syn3a,JCVISYN3A_0390,0.304
abaylyi,ACIAD2874,ccrescentus,CCNA_00346,0.475
ccrescentus,CCNA_00346,saureus,pdhD,0.448
ccrescentus,CCNA_00443,styphimurium,cheW,0.345
abaylyi,ACIAD1904,mtuberculosis,Rv3119,0.409
abaylyi,ACIAD1904,styphimurium,moaE,0.321
abaylyi,ACIAD2335,mtuberculosis,Rv1837c,0.586
abaylyi,ACIAD2558,styphimurium,yaiW,0.307
ccrescentus,CCNA_03561,mtuberculosis,Rv1309,0.353
ccrescentus,CCNA_03561,saureus,atpG,0.326
ccrescentus,CCNA_03788,styphimurium,ccmG,0.417
abaylyi,ACIAD3208,mtuberculosis,Rv0715,0.485
mgenitalium,MG_162,mtuberculosis,Rv0715,0.317
ccrescentus,CCNA_00795,styphimurium,ttrR,0.393
abaylyi,ACIAD1091,mtuberculosis,Rv1850,0.593
mtuberculosis,Rv1850,saureus,ureC,0.554
mpne,MPN023,saureus,metS,0.369
mgenitalium,MG_021,saureus,metS,0.356
ccrescentus,CCNA_01245,saureus,SA0984,0.337
abaylyi,ACIAD2626,saureus,SA0984,0.337
mgenitalium,MG_252,saureus,SA0984,0.3
mtuberculosis,Rv0533c,styphimurium,fabH,0.358
abaylyi,ACIAD2450,styphimurium,abc,0.46
abaylyi,ACIAD0247,styphimurium,ribD,0.459
ccrescentus,CCNA_02750,styphimurium,sfbC,0.522
abaylyi,ACIAD2451,styphimurium,sfbC,0.472
abaylyi,ACIAD2374,styphimurium,miaA,0.51
abaylyi,ACIAD2374,ccrescentus,CCNA_02183,0.363
abaylyi,ACIAD2374,mtuberculosis,Rv2727c,0.331
abaylyi,ACIAD1910,saureus,nasD,0.354
abaylyi,ACIAD2305,mtuberculosis,Rv2406c,0.446
abaylyi,ACIAD2411,styphimurium,thiF,0.406
abaylyi,ACIAD2411,mtuberculosis,Rv3206c,0.356
mpne,MPN389,styphimurium,lplA,0.362
saureus,SA0884,styphimurium,lplA,0.349
abaylyi,ACIAD0151,styphimurium,guaA,0.664
abaylyi,ACIAD0369,styphimurium,infB,0.507
abaylyi,ACIAD0369,ccrescentus,CCNA_00041,0.509
abaylyi,ACIAD0369,saureus,infB,0.456
abaylyi,ACIAD0369,mtuberculosis,Rv2839c,0.482
abaylyi,ACIAD0369,syn3a,JCVISYN3A_0297,0.435
abaylyi,ACIAD0369,mgenitalium,MG_142,0.398
mgenitalium,MG_026,syn3a,JCVISYN3A_0391,0.43
mgenitalium,MG_026,saureus,SA1359,0.4
mgenitalium,MG_150,mpne,MPN164,0.932
mgenitalium,MG_150,syn3a,JCVISYN3A_0672,0.437
mgenitalium,MG_150,styphimurium,rpsJ,0.385
ccrescentus,CCNA_01305,mgenitalium,MG_150,0.421
abaylyi,ACIAD3220,mgenitalium,MG_150,0.354
ccrescentus,CCNA_02389,saureus,gcaD,0.397
ccrescentus,CCNA_02642,mtuberculosis,Rv2158c,0.381
abaylyi,ACIAD3365,ccrescentus,CCNA_02642,0.349
ccrescentus,CCNA_02642,saureus,murE,0.331
ccrescentus,CCNA_03599,mtuberculosis,Rv3708c,0.615
ccrescentus,CCNA_03731,styphimurium,yaeD,0.384
mtuberculosis,Rv3109,saureus,moaA,0.384
abaylyi,ACIAD1906,saureus,moaA,0.351
ccrescentus,CCNA_00984,saureus,SA2317,0.345
ccrescentus,CCNA_02489,mtuberculosis,Rv2503c,0.615
mtuberculosis,Rv3442c,saureus,rpsI,0.495
abaylyi,ACIAD0088,mtuberculosis,Rv3634c,0.322
mtuberculosis,Rv3634c,styphimurium,galE,0.34
ccrescentus,CCNA_00090,mtuberculosis,Rv3634c,0.342
mgenitalium,MG_028,mpne,MPN031,0.635
mgenitalium,MG_121,mpne,MPN260,0.681
ccrescentus,CCNA_03601,styphimurium,yqfA,0.36
ccrescentus,CCNA_01349,mtuberculosis,Rv1042c,0.443
ccrescentus,CCNA_01414,mtuberculosis,Rv1071c,0.394
abaylyi,ACIAD1609,ccrescentus,CCNA_01414,0.322
ccrescentus,CCNA_01646,styphimurium,bioD,0.342
abaylyi,ACIAD1719,ccrescentus,CCNA_02487,0.57
abaylyi,ACIAD2861,ccrescentus,CCNA_02994,0.639
ccrescentus,CCNA_02994,styphimurium,carB,0.617
mtuberculosis,Rv0480c,styphimurium,ybeM,0.335
ccrescentus,CCNA_01956,styphimurium,bcfH,0.361
ccrescentus,CCNA_01243,styphimurium,hrpB,0.45
abaylyi,ACIAD3557,ccrescentus,CCNA_00296,0.466
ccrescentus,CCNA_00296,saureus,vicR,0.465
abaylyi,ACIAD3102,ccrescentus,CCNA_02204,0.619
ccrescentus,CCNA_02204,mtuberculosis,Rv3001c,0.567
abaylyi,ACIAD0266,styphimurium,xerD,0.518
abaylyi,ACIAD0266,saureus,xerD,0.427
abaylyi,ACIAD0266,ccrescentus,CCNA_03101,0.432
abaylyi,ACIAD0416,styphimurium,ybeX,0.448
abaylyi,ACIAD1921,ccrescentus,CCNA_01030,0.421
abaylyi,ACIAD1921,saureus,SA0815,0.336
saureus,modA,styphimurium,modA,0.368
mtuberculosis,Rv2320c,saureus,SA2396,0.357
abaylyi,ACIAD1276,saureus,SA2396,0.324
abaylyi,ACIAD0164,mtuberculosis,Rv1292,0.363
abaylyi,ACIAD0164,syn3a,JCVISYN3A_0535,0.323
abaylyi,ACIAD0164,mgenitalium,MG_378,0.318
abaylyi,ACIAD0305,styphimurium,rplJ,0.481
abaylyi,ACIAD0305,saureus,rplJ,0.377
abaylyi,ACIAD0305,ccrescentus,CCNA_00530,0.319
abaylyi,ACIAD0418,ccrescentus,CCNA_00003,0.384
abaylyi,ACIAD0565,mgenitalium,MG_329,0.33
abaylyi,ACIAD0900,styphimurium,rep,0.5
styphimurium,rep,syn3a,JCVISYN3A_0695,0.346
mpne,MPN340,styphimurium,rep,0.307
mtuberculosis,Rv2727c,styphimurium,miaA,0.351
ccrescentus,CCNA_02183,styphimurium,miaA,0.367
mgenitalium,MG_335,mpne,MPN481,0.756
mpne,MPN481,styphimurium,yihA,0.418
ccrescentus,CCNA_00805,mpne,MPN481,0.354
mpne,MPN481,saureus,SA1497,0.378
mgenitalium,MG_406,mpne,MPN605,0.554
mpne,MPN665,saureus,tufA,0.708
mpne,MPN665,styphimurium,tufA,0.702
mpne,MPN665,syn3a,JCVISYN3A_0151,0.681
abaylyi,ACIAD0299,mpne,MPN665,0.685
mpne,MPN665,mtuberculosis,Rv0685,0.664
mgenitalium,MG_039,mpne,MPN051,0.625
mgenitalium,MG_133,mpne,MPN274,0.642
ccrescentus,CCNA_01809,saureus,lipA,0.508
abaylyi,ACIAD2275,saureus,lipA,0.464
mtuberculosis,Rv0641,syn3a,JCVISYN3A_0809,0.553
mtuberculosis,Rv0641,saureus,rplA,0.542
ccrescentus,CCNA_00677,mtuberculosis,Rv0641,0.572
abaylyi,ACIAD0304,mtuberculosis,Rv0641,0.497
mtuberculosis,Rv0641,styphimurium,rplA,0.493
ccrescentus,CCNA_01559,mtuberculosis,Rv1928c,0.381
abaylyi,ACIAD0306,saureus,rplL,0.588
saureus,rplL,styphimurium,rplL,0.593
saureus,rplL,syn3a,JCVISYN3A_0806,0.512
abaylyi,ACIAD3326,styphimurium,spoT,0.329
mtuberculosis,Rv3119,styphimurium,moaE,0.388
mtuberculosis,Rv1712,styphimurium,cmk,0.416
abaylyi,ACIAD2348,mtuberculosis,Rv1712,0.39
mpne,MPN476,mtuberculosis,Rv1712,0.322
mgenitalium,MG_330,mtuberculosis,Rv1712,0.324
mtuberculosis,Rv1712,syn3a,JCVISYN3A_0347,0.314
ccrescentus,CCNA_03782,styphimurium,ccmA,0.417
abaylyi,ACIAD2869,styphimurium,STM2486,0.491
ccrescentus,CCNA_01245,styphimurium,spoU,0.338
abaylyi,ACIAD1590,styphimurium,tolR,0.375
abaylyi,ACIAD1726,ccrescentus,CCNA_02484,0.53
abaylyi,ACIAD1726,saureus,menB,0.343
abaylyi,ACIAD1900,styphimurium,modB,0.53
saureus,thiM,styphimurium,thiM,0.408
saureus,SA2112,styphimurium,STM4195,0.423
saureus,SA2368,styphimurium,yjiA,0.308
mtuberculosis,Rv0137c,saureus,SA1257,0.402
mgenitalium,MG_408,saureus,SA1257,0.383
mpne,MPN384,saureus,leuS,0.444
mgenitalium,MG_266,saureus,leuS,0.447
saureus,leuS,styphimurium,leuS,0.422
ccrescentus,CCNA_00751,styphimurium,yeiB,0.3
abaylyi,ACIAD0736,styphimurium,nuoG,0.589
abaylyi,ACIAD1128,styphimurium,visC,0.374
mtuberculosis,Rv1655,saureus,SA0179,0.396
mtuberculosis,Rv1847,styphimurium,ybdB,0.367
saureus,gyrB,styphimurium,gyrB,0.453
abaylyi,ACIAD0004,saureus,gyrB,0.439
ccrescentus,CCNA_01372,saureus,SA0635,0.426
abaylyi,ACIAD1366,mtuberculosis,Rv1656,0.448
ccrescentus,CCNA_02325,mtuberculosis,Rv1656,0.475
mtuberculosis,Rv1719,styphimurium,yiaJ,0.328
abaylyi,ACIAD0862,ccrescentus,CCNA_02083,0.358
abaylyi,ACIAD2655,ccrescentus,CCNA_00764,0.61
ccrescentus,CCNA_00764,styphimurium,STM0855,0.528
ccrescentus,CCNA_01308,styphimurium,rplW,0.534
ccrescentus,CCNA_01364,styphimurium,yjbN,0.561
abaylyi,ACIAD3085,styphimurium,yjbN,0.555
abaylyi,ACIAD1081,styphimurium,ytfL,0.566
abaylyi,ACIAD0004,styphimurium,gyrB,0.671
abaylyi,ACIAD0004,mgenitalium,MG_203,0.449
abaylyi,ACIAD0515,ccrescentus,CCNA_02208,0.616
saureus,SA0421,styphimurium,yaeE,0.509
abaylyi,ACIAD2070,styphimurium,yaeE,0.49
abaylyi,ACIAD0127,styphimurium,gudT,0.633
abaylyi,ACIAD1141,styphimurium,yejE,0.574
abaylyi,ACIAD1141,mtuberculosis,Rv3664c,0.348
abaylyi,ACIAD1316,styphimurium,ydjA,0.375
ccrescentus,CCNA_02427,mtuberculosis,Rv3282,0.316
abaylyi,ACIAD2049,styphimurium,foxA,0.301
ccrescentus,CCNA_00678,mgenitalium,MG_081,0.419
ccrescentus,CCNA_00678,syn3a,JCVISYN3A_0810,0.442
abaylyi,ACIAD0623,ccrescentus,CCNA_03504,0.443
abaylyi,ACIAD0973,ccrescentus,CCNA_01585,0.322
saureus,rplU,syn3a,JCVISYN3A_0501,0.549
styphimurium,rplU,syn3a,JCVISYN3A_0501,0.349
saureus,rplD,syn3a,JCVISYN3A_0670,0.524
mpne,MPN166,syn3a,JCVISYN3A_0670,0.378
ccrescentus,CCNA_01307,syn3a,JCVISYN3A_0670,0.338
ccrescentus,CCNA_01167,styphimurium,STM0857,0.622
abaylyi,ACIAD1821,styphimurium,STM0857,0.362
abaylyi,ACIAD1395,styphimurium,mfd,0.503
ccrescentus,CCNA_01920,styphimurium,mfd,0.399
abaylyi,ACIAD0660,styphimurium,murA,0.594
abaylyi,ACIAD0660,ccrescentus,CCNA_02435,0.505
abaylyi,ACIAD0660,saureus,murA,0.51
abaylyi,ACIAD0660,mtuberculosis,Rv1315,0.449
abaylyi,ACIAD0772,styphimurium,mrp,0.622
abaylyi,ACIAD0772,mtuberculosis,Rv1229c,0.43
abaylyi,ACIAD0772,saureus,SA1969,0.405
abaylyi,ACIAD0872,styphimurium,acpP,0.63
abaylyi,ACIAD1008,mtuberculosis,Rv1279,0.361
mtuberculosis,Rv1292,syn3a,JCVISYN3A_0535,0.335
mgenitalium,MG_378,mtuberculosis,Rv1292,0.331
abaylyi,ACIAD0158,ccrescentus,CCNA_03093,0.342
ccrescentus,CCNA_03878,styphimurium,hemH,0.304
abaylyi,ACIAD1537,styphimurium,STM0691,0.758
mtuberculosis,Rv1569,styphimurium,bioF,0.359
ccrescentus,CCNA_01513,styphimurium,STM3169,0.389
abaylyi,ACIAD0596,styphimurium,glnE,0.412
ccrescentus,CCNA_02839,styphimurium,glnE,0.321
abaylyi,ACIAD3137,mtuberculosis,Rv0566c,0.391
abaylyi,ACIAD3172,mtuberculosis,Rv2993c,0.319
abaylyi,ACIAD3172,saureus,SA0829,0.307
ccrescentus,CCNA_02265,styphimurium,yeaA,0.521
mpne,MPN662,styphimurium,yeaA,0.478
mgenitalium,MG_448,styphimurium,yeaA,0.483
saureus,SA1256,styphimurium,yeaA,0.427
mgenitalium,MG_334,mpne,MPN480,0.655
mpne,MPN480,mtuberculosis,Rv2448c,0.338
ccrescentus,CCNA_01381,mpne,MPN480,0.329
mgenitalium,MG_175,syn3a,JCVISYN3A_0647,0.633
abaylyi,ACIAD3197,syn3a,JCVISYN3A_0647,0.577
abaylyi,ACIAD1368,ccrescentus,CCNA_01815,0.397
abaylyi,ACIAD1395,ccrescentus,CCNA_01920,0.377
ccrescentus,CCNA_00010,saureus,dnaK,0.598
abaylyi,ACIAD3654,saureus,dnaK,0.57
abaylyi,ACIAD2181,ccrescentus,CCNA_02960,0.337
mgenitalium,MG_106,mpne,MPN245,0.703
mgenitalium,MG_106,saureus,pdf1,0.333
mgenitalium,MG_106,styphimurium,def,0.305
ccrescentus,CCNA_00083,mtuberculosis,Rv3068c,0.701
abaylyi,ACIAD3353,ccrescentus,CCNA_03104,0.456
ccrescentus,CCNA_03393,mtuberculosis,Rv3275c,0.6
ccrescentus,CCNA_01936,mtuberculosis,Rv1464,0.5
mtuberculosis,Rv1464,saureus,SA0776,0.449
mtuberculosis,Rv1464,styphimurium,sufS,0.452
abaylyi,ACIAD1582,mtuberculosis,Rv1464,0.417
mtuberculosis,Rv1555,styphimurium,frdD,0.394
abaylyi,ACIAD1899,styphimurium,modC,0.43
abaylyi,ACIAD2034,ccrescentus,CCNA_02203,0.401
abaylyi,ACIAD2034,styphimurium,STM1621,0.377
mtuberculosis,Rv3461c,syn3a,JCVISYN3A_0648,0.756
ccrescentus,CCNA_02346,styphimurium,yrbH,0.454
abaylyi,ACIAD1482,ccrescentus,CCNA_02346,0.446
abaylyi,ACIAD1090,saureus,ureB,0.558
ccrescentus,CCNA_00749,saureus,feoB,0.341
ccrescentus,CCNA_00993,mtuberculosis,Rv0214,0.508
mgenitalium,MG_338,mpne,MPN489,0.491
mtuberculosis,Rv0718,syn3a,JCVISYN3A_0657,0.534
mgenitalium,MG_165,syn3a,JCVISYN3A_0657,0.469
ccrescentus,CCNA_01320,syn3a,JCVISYN3A_0657,0.406
saureus,SA1890,styphimurium,yohL,0.318
abaylyi,ACIAD3169,styphimurium,STM3121,0.503
saureus,SA0179,styphimurium,oat,0.389
mgenitalium,MG_373,mpne,MPN551,0.728
ccrescentus,CCNA_01665,mtuberculosis,Rv1031,0.542
abaylyi,ACIAD2976,mtuberculosis,Rv1031,0.453
mtuberculosis,Rv1031,saureus,kdpC,0.427
ccrescentus,CCNA_00849,styphimurium,STM0350,0.462
abaylyi,ACIAD2945,styphimurium,STM0350,0.422
abaylyi,ACIAD1170,ccrescentus,CCNA_02417,0.532
ccrescentus,CCNA_02607,mtuberculosis,Rv3339c,0.724
ccrescentus,CCNA_03506,styphimurium,yqgE,0.405
abaylyi,ACIAD0353,styphimurium,yqgE,0.372
abaylyi,ACIAD0364,styphimurium,secG,0.495
abaylyi,ACIAD2432,ccrescentus,CCNA_01739,0.406
mtuberculosis,Rv2230c,saureus,SA1388,0.31
mtuberculosis,Rv2848c,styphimurium,cbiA,0.354
mtuberculosis,Rv3003c,styphimurium,ilvI,0.46
mtuberculosis,Rv3003c,saureus,ilvB,0.438
ccrescentus,CCNA_00116,mtuberculosis,Rv3441c,0.455
mtuberculosis,Rv3441c,styphimurium,mrsA,0.451
mtuberculosis,Rv0600c,styphimurium,STM0561,0.358
abaylyi,ACIAD1604,mtuberculosis,Rv0753c,0.468
abaylyi,ACIAD3164,saureus,xprT,0.542
mgenitalium,MG_049,mpne,MPN062,0.756
mpne,MPN062,saureus,deoD,0.463
mgenitalium,MG_149,mpne,MPN162,0.386
abaylyi,ACIAD3312,saureus,rimM,0.307
mtuberculosis,Rv0417,styphimurium,thiG,0.495
ccrescentus,CCNA_03433,styphimurium,ycaQ,0.377
ccrescentus,CCNA_00035,saureus,truB,0.353
ccrescentus,CCNA_00035,mtuberculosis,Rv2793c,0.364
ccrescentus,CCNA_00035,syn3a,JCVISYN3A_0290,0.308
ccrescentus,CCNA_01253,styphimurium,dapA,0.444
ccrescentus,CCNA_01253,mtuberculosis,Rv2753c,0.346
ccrescentus,CCNA_03089,styphimurium,STM1123,0.367
abaylyi,ACIAD3213,styphimurium,rpsC,0.67
mtuberculosis,Rv0707,styphimurium,rpsC,0.535
styphimurium,rpsC,syn3a,JCVISYN3A_0665,0.497
abaylyi,ACIAD3133,ccrescentus,CCNA_00067,0.364
abaylyi,ACIAD3313,mgenitalium,MG_446,0.418
ccrescentus,CCNA_00294,saureus,pstB,0.514
ccrescentus,CCNA_00294,mgenitalium,MG_410,0.512
ccrescentus,CCNA_00900,mtuberculosis,Rv1354c,0.381
mgenitalium,MG_491,mpne,MPN311,0.539
ccrescentus,CCNA_02549,styphimurium,yajF,0.521
abaylyi,ACIAD3311,styphimurium,trmD,0.539
saureus,trmD,styphimurium,trmD,0.448
mtuberculosis,Rv2906c,styphimurium,trmD,0.421
mtuberculosis,Rv3052c,styphimurium,nrdI,0.614
mgenitalium,MG_230,styphimurium,nrdI,0.527
mpne,MPN323,styphimurium,nrdI,0.507
saureus,nrdI,styphimurium,nrdI,0.384
abaylyi,ACIAD0538,styphimurium,STM0762,0.373
ccrescentus,CCNA_01950,styphimurium,prfB,0.597
ccrescentus,CCNA_00841,styphimurium,STM1623,0.313
ccrescentus,CCNA_00299,mtuberculosis,Rv0772,0.445
mtuberculosis,Rv2639c,saureus,SA2130,0.456
saureus,SA1277,styphimurium,ycbY,0.3
abaylyi,ACIAD1993,styphimurium,STM3858,0.604
abaylyi,ACIAD1993,saureus,SA2434,0.419
abaylyi,ACIAD1993,mgenitalium,MG_062,0.398
abaylyi,ACIAD1993,mpne,MPN078,0.396
abaylyi,ACIAD2104,ccrescentus,CCNA_02422,0.346
styphimurium,crr,syn3a,JCVISYN3A_0234,0.369
mgenitalium,MG_172,syn3a,JCVISYN3A_0650,0.345
mtuberculosis,Rv2580c,saureus,hisS,0.44
abaylyi,ACIAD0562,mtuberculosis,Rv2580c,0.417
mtuberculosis,Rv2580c,syn3a,JCVISYN3A_0288,0.319
mpne,MPN045,mtuberculosis,Rv2580c,0.345
mtuberculosis,Rv3456c,styphimurium,rplQ,0.527
mtuberculosis,Rv0084,styphimurium,hycD,0.38
abaylyi,ACIAD1302,mtuberculosis,Rv0208c,0.357
abaylyi,ACIAD1302,saureus,SA1569,0.314
abaylyi,ACIAD2766,styphimurium,entD,0.307
abaylyi,ACIAD1820,ccrescentus,CCNA_01891,0.516
abaylyi,ACIAD0830,ccrescentus,CCNA_01954,0.324
abaylyi,ACIAD2290,ccrescentus,CCNA_00800,0.578
abaylyi,ACIAD3549,styphimurium,gshA,0.399
mgenitalium,MG_062,mpne,MPN078,0.695
mpne,MPN078,saureus,fruA,0.365
mpne,MPN078,styphimurium,STM3858,0.378
ccrescentus,CCNA_00695,mtuberculosis,Rv2052c,0.306
abaylyi,ACIAD3658,ccrescentus,CCNA_03392,0.393
ccrescentus,CCNA_03392,mtuberculosis,Rv3276c,0.384
ccrescentus,CCNA_03392,styphimurium,purK,0.348
abaylyi,ACIAD3085,ccrescentus,CCNA_01364,0.527
ccrescentus,CCNA_02914,mtuberculosis,Rv2315c,0.428
abaylyi,ACIAD1198,ccrescentus,CCNA_03266,0.403
ccrescentus,CCNA_03331,saureus,thiD,0.381
abaylyi,ACIAD0739,styphimurium,nuoJ,0.551
ccrescentus,CCNA_02019,styphimurium,nuoJ,0.321
abaylyi,ACIAD2028,styphimurium,aroC,0.7
mtuberculosis,Rv2540c,styphimurium,aroC,0.358
saureus,accB,styphimurium,accB,0.375
mtuberculosis,Rv3459c,styphimurium,rpsK,0.593
mgenitalium,MG_176,styphimurium,rpsK,0.487
abaylyi,ACIAD0898,styphimurium,yiaD,0.469
ccrescentus,CCNA_00201,styphimurium,yiaD,0.45
ccrescentus,CCNA_00052,styphimurium,ybeY,0.477
abaylyi,ACIAD3160,ccrescentus,CCNA_00052,0.433
ccrescentus,CCNA_00116,styphimurium,mrsA,0.516
abaylyi,ACIAD3150,styphimurium,yhiR,0.386
abaylyi,ACIAD3404,ccrescentus,CCNA_03853,0.573
abaylyi,ACIAD3667,ccrescentus,CCNA_03330,0.379
mgenitalium,MG_047,mpne,MPN060,0.717
mgenitalium,MG_327,mpne,MPN473,0.661
ccrescentus,CCNA_00537,syn3a,JCVISYN3A_0803,0.392
abaylyi,ACIAD0308,syn3a,JCVISYN3A_0803,0.385
styphimurium,rpoC,syn3a,JCVISYN3A_0803,0.376
saureus,fus,syn3a,JCVISYN3A_0150,0.686
ccrescentus,CCNA_03304,saureus,fus,0.591
abaylyi,ACIAD0884,saureus,fus,0.576
abaylyi,ACIAD3369,mtuberculosis,Rv2400c,0.365
ccrescentus,CCNA_00288,mtuberculosis,Rv2400c,0.349
abaylyi,ACIAD3160,styphimurium,ybeY,0.563
saureus,kdpA(SCCmec),styphimurium,kdpA,0.452
mgenitalium,MG_224,mpne,MPN317,0.559
mpne,MPN317,styphimurium,ftsZ,0.339
mpne,MPN317,saureus,ftsZ,0.304
mgenitalium,MG_291,mpne,MPN417,0.57
saureus,rplE,syn3a,JCVISYN3A_0659,0.64
styphimurium,rplE,syn3a,JCVISYN3A_0659,0.55
mpne,MPN177,syn3a,JCVISYN3A_0659,0.567
mtuberculosis,Rv0716,syn3a,JCVISYN3A_0659,0.517
ccrescentus,CCNA_01318,syn3a,JCVISYN3A_0659,0.514
abaylyi,ACIAD2082,ccrescentus,CCNA_03023,0.424
abaylyi,ACIAD2474,saureus,hemE,0.368
abaylyi,ACIAD2592,ccrescentus,CCNA_02267,0.36
styphimurium,rnc,syn3a,JCVISYN3A_0418,0.331
abaylyi,ACIAD0306,syn3a,JCVISYN3A_0806,0.475
styphimurium,rplL,syn3a,JCVISYN3A_0806,0.455
saureus,infB,styphimurium,infB,0.558
ccrescentus,CCNA_00041,styphimurium,infB,0.534
mtuberculosis,Rv2839c,styphimurium,infB,0.48
styphimurium,infB,syn3a,JCVISYN3A_0297,0.436
mgenitalium,MG_142,styphimurium,infB,0.424
abaylyi,ACIAD0531,ccrescentus,CCNA_00027,0.528
abaylyi,ACIAD0462,ccrescentus,CCNA_00154,0.462
ccrescentus,CCNA_00283,styphimurium,dapD,0.681
mtuberculosis,Rv0803,saureus,purL,0.425
ccrescentus,CCNA_02198,mtuberculosis,Rv0562,0.357
mtuberculosis,Rv0685,styphimurium,tufA,0.744
mtuberculosis,Rv0685,saureus,tufA,0.72
mtuberculosis,Rv0685,syn3a,JCVISYN3A_0151,0.71
abaylyi,ACIAD0299,mtuberculosis,Rv0685,0.717
ccrescentus,CCNA_02594,mtuberculosis,Rv0563,0.422
abaylyi,ACIAD1974,mtuberculosis,Rv1497,0.322
ccrescentus,CCNA_01309,mtuberculosis,Rv0704,0.544
abaylyi,ACIAD3216,ccrescentus,CCNA_01309,0.56
ccrescentus,CCNA_01309,mpne,MPN168,0.501
ccrescentus,CCNA_01309,mgenitalium,MG_154,0.494
saureus,pfk,syn3a,JCVISYN3A_0220,0.469
mtuberculosis,Rv3010c,saureus,pfk,0.375
ccrescentus,CCNA_00682,mtuberculosis,Rv3095,0.471
abaylyi,ACIAD1545,mtuberculosis,Rv3095,0.393
mtuberculosis,Rv3158,styphimurium,nuoN,0.357
abaylyi,ACIAD0743,mtuberculosis,Rv3158,0.346
abaylyi,ACIAD2574,mtuberculosis,Rv3565,0.307
abaylyi,ACIAD0900,ccrescentus,CCNA_01596,0.386
abaylyi,ACIAD0900,syn3a,JCVISYN3A_0695,0.359
abaylyi,ACIAD0900,mpne,MPN340,0.335
abaylyi,ACIAD1248,styphimurium,rnhB,0.609
abaylyi,ACIAD1248,ccrescentus,CCNA_00383,0.489
mgenitalium,MG_466,mpne,MPN682,0.875
mpne,MPN682,styphimurium,rpmH,0.688
abaylyi,ACIAD2230,styphimurium,yeaC,0.49
abaylyi,ACIAD2375,ccrescentus,CCNA_00731,0.357
abaylyi,ACIAD2375,styphimurium,mutL,0.353
abaylyi,ACIAD2981,ccrescentus,CCNA_01178,0.33
mgenitalium,MG_203,mpne,MPN122,0.704
mpne,MPN122,syn3a,JCVISYN3A_0452,0.462
mpne,MPN122,styphimurium,gyrB,0.418
mpne,MPN324,mtuberculosis,Rv3051c,0.586
mpne,MPN324,styphimurium,nrdE,0.544
mgenitalium,MG_424,mpne,MPN622,0.755
ccrescentus,CCNA_03055,mtuberculosis,Rv0052,0.355
abaylyi,ACIAD2909,styphimurium,pth,0.557
abaylyi,ACIAD2909,ccrescentus,CCNA_00517,0.409
abaylyi,ACIAD2909,syn3a,JCVISYN3A_0832,0.358
abaylyi,ACIAD2909,mgenitalium,MG_083,0.345
abaylyi,ACIAD3129,ccrescentus,CCNA_02602,0.355
abaylyi,ACIAD0912,styphimurium,yggR,0.457
abaylyi,ACIAD0870,ccrescentus,CCNA_01746,0.426
abaylyi,ACIAD0870,saureus,fabD,0.426
abaylyi,ACIAD1286,ccrescentus,CCNA_00617,0.369
abaylyi,ACIAD1455,ccrescentus,CCNA_00673,0.301
abaylyi,ACIAD3130,styphimurium,yliJ,0.311
abaylyi,ACIAD3532,styphimurium,dsbD,0.318
saureus,hisS,syn3a,JCVISYN3A_0288,0.391
abaylyi,ACIAD0562,saureus,hisS,0.392
mpne,MPN045,saureus,hisS,0.337
mgenitalium,MG_035,saureus,hisS,0.323
saureus,rplE,styphimurium,rplE,0.608
mtuberculosis,Rv0716,saureus,rplE,0.57
mpne,MPN177,saureus,rplE,0.569
ccrescentus,CCNA_01318,saureus,rplE,0.542
ccrescentus,CCNA_03316,saureus,capD,0.419
abaylyi,ACIAD2347,ccrescentus,CCNA_03702,0.5
ccrescentus,CCNA_03702,saureus,SA1308,0.303
abaylyi,ACIAD2940,saureus,gerCC,0.324
mtuberculosis,Rv3383c,saureus,gerCC,0.33
ccrescentus,CCNA_00805,saureus,SA1497,0.382
saureus,SA1497,styphimurium,yihA,0.327
mgenitalium,MG_335,saureus,SA1497,0.308
abaylyi,ACIAD2933,styphimurium,yibK,0.516
abaylyi,ACIAD0188,styphimurium,atpC,0.488
abaylyi,ACIAD1744,styphimurium,aspA,0.524
abaylyi,ACIAD1916,ccrescentus,CCNA_01300,0.351
abaylyi,ACIAD2238,styphimurium,basS,0.35
ccrescentus,CCNA_00007,styphimurium,rpsT,0.395
ccrescentus,CCNA_03800,styphimurium,dapF,0.38
abaylyi,ACIAD2659,ccrescentus,CCNA_03800,0.385
abaylyi,ACIAD1608,ccrescentus,CCNA_00006,0.571
mpne,MPN050,syn3a,JCVISYN3A_0218,0.518
mtuberculosis,Rv3696c,syn3a,JCVISYN3A_0218,0.479
ccrescentus,CCNA_01281,syn3a,JCVISYN3A_0218,0.424
ccrescentus,CCNA_00330,styphimurium,modE,0.361
ccrescentus,CCNA_02737,saureus,SA0683,0.504
saureus,ptsI,syn3a,JCVISYN3A_0233,0.533
mpne,MPN627,saureus,ptsI,0.455
abaylyi,ACIAD1990,saureus,ptsI,0.39
abaylyi,ACIAD2872,saureus,sucD,0.63
ccrescentus,CCNA_00341,saureus,sucD,0.641
saureus,rplT,syn3a,JCVISYN3A_0198,0.623
abaylyi,ACIAD1429,ccrescentus,CCNA_02479,0.501
abaylyi,ACIAD1579,ccrescentus,CCNA_03639,0.378
ccrescentus,CCNA_01989,styphimurium,fabZ,0.492
abaylyi,ACIAD1381,styphimurium,fabZ,0.475
mtuberculosis,Rv0924c,styphimurium,mntH,0.447
saureus,SA1453,styphimurium,yfhP,0.328
ccrescentus,CCNA_02368,mtuberculosis,Rv2471,0.38
ccrescentus,CCNA_02368,saureus,malA,0.35
ccrescentus,CCNA_02747,styphimurium,yaeC,0.418
ccrescentus,CCNA_01168,styphimurium,fadA,0.448
mgenitalium,MG_068,mpne,MPN084,0.504
abaylyi,ACIAD3208,mgenitalium,MG_162,0.361
ccrescentus,CCNA_02462,styphimurium,STM0930,0.514
ccrescentus,CCNA_02095,styphimurium,yncB,0.399
abaylyi,ACIAD2615,mgenitalium,MG_359,0.318
abaylyi,ACIAD3035,ccrescentus,CCNA_03090,0.544
ccrescentus,CCNA_00846,styphimurium,putA,0.499
mgenitalium,MG_103,mpne,MPN241,0.564
mgenitalium,MG_165,mtuberculosis,Rv0718,0.469
ccrescentus,CCNA_01320,mgenitalium,MG_165,0.407
mgenitalium,MG_322,syn3a,JCVISYN3A_0685,0.316
mtuberculosis,Rv3664c,styphimurium,yejE,0.357
ccrescentus,CCNA_01852,styphimurium,yhjE,0.353
abaylyi,ACIAD0232,styphimurium,yigC,0.566
mgenitalium,MG_200,mpne,MPN119,0.35
mgenitalium,MG_383,mpne,MPN562,0.612
abaylyi,ACIAD0388,styphimurium,stbB,0.412
abaylyi,ACIAD0887,ccrescentus,CCNA_00056,0.338
abaylyi,ACIAD3365,saureus,murE,0.335
abaylyi,ACIAD3365,mtuberculosis,Rv2158c,0.35
mgenitalium,MG_168,saureus,rpsE,0.509
mgenitalium,MG_168,styphimurium,rpsE,0.438
ccrescentus,CCNA_01323,mgenitalium,MG_168,0.414
abaylyi,ACIAD3202,mgenitalium,MG_168,0.414
mgenitalium,MG_230,mpne,MPN323,0.744
mgenitalium,MG_230,mtuberculosis,Rv3052c,0.543
mgenitalium,MG_230,saureus,nrdI,0.364
mgenitalium,MG_354,mpne,MPN530,0.686
abaylyi,ACIAD0099,mgenitalium,MG_453,0.4
mgenitalium,MG_453,styphimurium,galU,0.408
abaylyi,ACIAD3658,styphimurium,purK,0.36
mtuberculosis,Rv3276c,styphimurium,purK,0.302
mtuberculosis,Rv0620,styphimurium,galK,0.356
ccrescentus,CCNA_00128,saureus,argG,0.424
saureus,rpmB,syn3a,JCVISYN3A_0422,0.491
abaylyi,ACIAD2269,saureus,rpsB,0.515
mgenitalium,MG_070,saureus,rpsB,0.396
mgenitalium,MG_369,mpne,MPN547,0.767
mgenitalium,MG_031,syn3a,JCVISYN3A_0303,0.396
mpne,MPN034,syn3a,JCVISYN3A_0303,0.411
abaylyi,ACIAD2366,saureus,SA0348,0.383
saureus,cysK,styphimurium,cysK,0.522
saureus,pdhC,syn3a,JCVISYN3A_0227,0.36
saureus,pdhC,styphimurium,aceF,0.34
ccrescentus,CCNA_01803,saureus,pdhC,0.337
styphimurium,rbsA,syn3a,JCVISYN3A_0010,0.328
abaylyi,ACIAD3448,mtuberculosis,Rv0522,0.43
abaylyi,ACIAD3669,styphimurium,hpt,0.614
abaylyi,ACIAD3669,saureus,SA0468,0.461
abaylyi,ACIAD3669,syn3a,JCVISYN3A_0216,0.388
abaylyi,ACIAD3669,mpne,MPN672,0.337
abaylyi,ACIAD3669,mgenitalium,MG_458,0.331
mpne,MPN082,styphimurium,tktA,0.334
mpne,MPN082,mtuberculosis,Rv1449c,0.326
ccrescentus,CCNA_03689,mtuberculosis,Rv2780,0.516
ccrescentus,CCNA_03850,styphimurium,hisB,0.515
ccrescentus,CCNA_03850,syn3a,JCVISYN3A_0918,0.435
ccrescentus,CCNA_01511,mtuberculosis,Rv1814,0.435
abaylyi,ACIAD1310,ccrescentus,CCNA_01289,0.418
abaylyi,ACIAD1481,saureus,cysS,0.421
abaylyi,ACIAD1481,ccrescentus,CCNA_00492,0.435
abaylyi,ACIAD1481,mtuberculosis,Rv3580c,0.396
abaylyi,ACIAD1481,syn3a,JCVISYN3A_0837,0.34
abaylyi,ACIAD1481,mpne,MPN356,0.318
abaylyi,ACIAD1481,mgenitalium,MG_253,0.332
mgenitalium,MG_268,mpne,MPN386,0.656
mgenitalium,MG_345,mpne,MPN520,0.704
mpne,MPN520,saureus,ileS,0.388
mpne,MPN520,syn3a,JCVISYN3A_0519,0.395
mpne,MPN520,styphimurium,ileS,0.342
abaylyi,ACIAD0022,mpne,MPN520,0.356
saureus,SA2395,syn3a,JCVISYN3A_0475,0.473
saureus,SA1711,styphimurium,dinP,0.406
ccrescentus,CCNA_00331,styphimurium,modA,0.321
abaylyi,ACIAD3202,styphimurium,rpsE,0.753
saureus,rpsE,styphimurium,rpsE,0.554
ccrescentus,CCNA_01323,styphimurium,rpsE,0.572
ccrescentus,CCNA_01307,saureus,rplD,0.417
ccrescentus,CCNA_01307,mpne,MPN166,0.312
abaylyi,ACIAD2574,ccrescentus,CCNA_01603,0.579
ccrescentus,CCNA_01603,saureus,SA0902,0.346
mtuberculosis,Rv0808,saureus,purF,0.434
saureus,purF,styphimurium,purF,0.372
abaylyi,ACIAD1323,saureus,purF,0.362
mgenitalium,MG_164,mtuberculosis,Rv0717,0.573
abaylyi,ACIAD1582,styphimurium,sufS,0.487
saureus,SA0776,styphimurium,sufS,0.503
ccrescentus,CCNA_01936,styphimurium,sufS,0.511
abaylyi,ACIAD3116,styphimurium,fabI,0.651
saureus,fabI,styphimurium,fabI,0.432
mgenitalium,MG_335,styphimurium,yihA,0.41
ccrescentus,CCNA_00805,mgenitalium,MG_335,0.393
abaylyi,ACIAD0384,ccrescentus,CCNA_03823,0.461
mtuberculosis,Rv1302,saureus,llm,0.342
mpne,MPN323,mtuberculosis,Rv3052c,0.553
mpne,MPN323,saureus,nrdI,0.375
mgenitalium,MG_252,mpne,MPN355,0.623
mpne,MPN355,syn3a,JCVISYN3A_0838,0.416
mpne,MPN355,saureus,SA0490,0.339
mgenitalium,MG_323,mpne,MPN461,0.778
mgenitalium,MG_379,mpne,MPN557,0.699
mpne,MPN557,styphimurium,gidA,0.412
abaylyi,ACIAD2440,mpne,MPN557,0.399
ccrescentus,CCNA_00096,styphimurium,ybiK,0.462
abaylyi,ACIAD3203,saureus,rplR,0.469
abaylyi,ACIAD3203,ccrescentus,CCNA_01322,0.473
abaylyi,ACIAD3203,mpne,MPN181,0.433
abaylyi,ACIAD3312,styphimurium,rimM,0.396
abaylyi,ACIAD3567,styphimurium,serB,0.486
abaylyi,ACIAD3567,ccrescentus,CCNA_02182,0.374
mgenitalium,MG_325,mpne,MPN471,0.943
saureus,SA0468,syn3a,JCVISYN3A_0216,0.434
styphimurium,hpt,syn3a,JCVISYN3A_0216,0.414
mpne,MPN672,syn3a,JCVISYN3A_0216,0.408
mgenitalium,MG_458,syn3a,JCVISYN3A_0216,0.407
ccrescentus,CCNA_03353,syn3a,JCVISYN3A_0431,0.324
ccrescentus,CCNA_00650,mtuberculosis,Rv1737c,0.328
ccrescentus,CCNA_01382,styphimurium,fadD,0.318
mtuberculosis,Rv3051c,styphimurium,nrdE,0.725
abaylyi,ACIAD2938,styphimurium,rpmA,0.719
ccrescentus,CCNA_00320,styphimurium,rpmA,0.658
mpne,MPN327,styphimurium,rpmA,0.547
abaylyi,ACIAD1712,ccrescentus,CCNA_02492,0.423
abaylyi,ACIAD1629,ccrescentus,CCNA_02682,0.317
abaylyi,ACIAD2879,ccrescentus,CCNA_03641,0.565
abaylyi,ACIAD2879,mtuberculosis,Rv3319,0.441
abaylyi,ACIAD3283,mtuberculosis,Rv3342,0.344
mgenitalium,MG_332,mpne,MPN478,0.756
mgenitalium,MG_388,mpne,MPN569,0.75
mgenitalium,MG_448,mpne,MPN662,0.858
mpne,MPN662,saureus,SA1256,0.585
ccrescentus,CCNA_02265,mpne,MPN662,0.411
styphimurium,aceF,syn3a,JCVISYN3A_0227,0.351
ccrescentus,CCNA_01803,syn3a,JCVISYN3A_0227,0.324
abaylyi,ACIAD3506,syn3a,JCVISYN3A_0227,0.317
mtuberculosis,Rv2215,syn3a,JCVISYN3A_0227,0.337
mtuberculosis,Rv2359,styphimurium,fur,0.387
ccrescentus,CCNA_03510,styphimurium,thrC,0.349
abaylyi,ACIAD0704,styphimurium,mscL,0.5
saureus,mscL,styphimurium,mscL,0.484
abaylyi,ACIAD0023,styphimurium,ribF,0.419
abaylyi,ACIAD0235,styphimurium,fadD,0.508
abaylyi,ACIAD0746,styphimurium,yeiE,0.419
ccrescentus,CCNA_01752,styphimurium,yicC,0.343
ccrescentus,CCNA_02047,styphimurium,glnA,0.622
ccrescentus,CCNA_03381,styphimurium,glpQ,0.354
saureus,glpQ,styphimurium,glpQ,0.303
ccrescentus,CCNA_01179,styphimurium,cysH,0.322
abaylyi,ACIAD0805,styphimurium,yaaJ,0.43
mtuberculosis,Rv1547,styphimurium,dnaE,0.359
abaylyi,ACIAD0502,mtuberculosis,Rv2058c,0.525
abaylyi,ACIAD0502,ccrescentus,CCNA_00699,0.45
ccrescentus,CCNA_01463,styphimurium,aroG,0.625
abaylyi,ACIAD2330,ccrescentus,CCNA_01463,0.507
abaylyi,ACIAD2654,styphimurium,STM0856,0.53
abaylyi,ACIAD2654,mtuberculosis,Rv3028c,0.423
mgenitalium,MG_253,syn3a,JCVISYN3A_0837,0.404
saureus,cysS,syn3a,JCVISYN3A_0837,0.384
mpne,MPN356,syn3a,JCVISYN3A_0837,0.395
ccrescentus,CCNA_00492,syn3a,JCVISYN3A_0837,0.376
mtuberculosis,Rv3580c,syn3a,JCVISYN3A_0837,0.322
saureus,alaS,syn3a,JCVISYN3A_0163,0.422
mpne,MPN418,syn3a,JCVISYN3A_0163,0.394
abaylyi,ACIAD1253,syn3a,JCVISYN3A_0163,0.326
ccrescentus,CCNA_02612,syn3a,JCVISYN3A_0163,0.358
mtuberculosis,Rv2555c,syn3a,JCVISYN3A_0163,0.373
ccrescentus,CCNA_00471,mtuberculosis,Rv1512,0.563
ccrescentus,CCNA_00471,styphimurium,wcaG,0.527
mgenitalium,MG_233,mpne,MPN326,0.5
mgenitalium,MG_422,mpne,MPN620,0.496
mgenitalium,MG_448,saureus,SA1256,0.607
ccrescentus,CCNA_02265,saureus,SA1256,0.432
saureus,rpsT,syn3a,JCVISYN3A_0082,0.518
abaylyi,ACIAD1253,saureus,alaS,0.431
ccrescentus,CCNA_02612,saureus,alaS,0.41
mtuberculosis,Rv2555c,saureus,alaS,0.391
mpne,MPN418,saureus,alaS,0.372
abaylyi,ACIAD0472,mtuberculosis,Rv3462c,0.69
mgenitalium,MG_173,mtuberculosis,Rv3462c,0.426
abaylyi,ACIAD2312,mtuberculosis,Rv3715c,0.412
mtuberculosis,Rv3715c,styphimurium,recR,0.442
ccrescentus,CCNA_00270,mtuberculosis,Rv3715c,0.414
saureus,lacF,styphimurium,celC,0.323
abaylyi,ACIAD1091,saureus,ureC,0.598
abaylyi,ACIAD1886,mtuberculosis,Rv0154c,0.511
ccrescentus,CCNA_02477,mtuberculosis,Rv2776c,0.362
abaylyi,ACIAD0979,mtuberculosis,Rv2776c,0.3
abaylyi,ACIAD0737,mtuberculosis,Rv3152,0.411
mtuberculosis,Rv3152,styphimurium,nuoH,0.409
mpne,MPN280,syn3a,JCVISYN3A_0600,0.408
mpne,MPN280,saureus,SA0940,0.381
mpne,MPN280,mtuberculosis,Rv2752c,0.313
mgenitalium,MG_049,saureus,deoD,0.491
mgenitalium,MG_142,syn3a,JCVISYN3A_0297,0.442
mgenitalium,MG_142,saureus,infB,0.464
mgenitalium,MG_142,mtuberculosis,Rv2839c,0.415
ccrescentus,CCNA_00041,mgenitalium,MG_142,0.4
ccrescentus,CCNA_02549,mtuberculosis,Rv0650,0.345
mtuberculosis,Rv0650,styphimurium,nanK,0.366
abaylyi,ACIAD2427,styphimurium,cyoC,0.586
ccrescentus,CCNA_01849,styphimurium,cyoC,0.58
saureus,qoxC,styphimurium,cyoC,0.427
mtuberculosis,Rv2193,styphimurium,cyoC,0.333
ccrescentus,CCNA_01836,styphimurium,tesA,0.414
ccrescentus,CCNA_02602,styphimurium,yafC,0.351
abaylyi,ACIAD0028,ccrescentus,CCNA_02885,0.643
ccrescentus,CCNA_03304,syn3a,JCVISYN3A_0150,0.589
abaylyi,ACIAD0884,ccrescentus,CCNA_03304,0.56
abaylyi,ACIAD1362,styphimurium,yljA,0.554
abaylyi,ACIAD1289,styphimurium,astE,0.416
abaylyi,ACIAD3371,ccrescentus,CCNA_02288,0.362
abaylyi,ACIAD1346,mtuberculosis,Rv3846,0.43
mtuberculosis,Rv3846,styphimurium,sodA,0.426
ccrescentus,CCNA_03672,mtuberculosis,Rv3846,0.389
ccrescentus,CCNA_01275,styphimurium,folD,0.472
styphimurium,folD,syn3a,JCVISYN3A_0684,0.423
mgenitalium,MG_013,styphimurium,folD,0.305
abaylyi,ACIAD0650,saureus,argJ,0.381
abaylyi,ACIAD0650,mtuberculosis,Rv1653,0.337
abaylyi,ACIAD1382,styphimurium,lpxA,0.511
abaylyi,ACIAD1382,ccrescentus,CCNA_01988,0.437
ccrescentus,CCNA_01320,mtuberculosis,Rv0718,0.406
ccrescentus,CCNA_02435,mtuberculosis,Rv1315,0.469
mtuberculosis,Rv1315,saureus,murA,0.449
mtuberculosis,Rv1315,styphimurium,murA,0.451
ccrescentus,CCNA_01050,mtuberculosis,Rv1473,0.348
ccrescentus,CCNA_01769,styphimurium,yheS,0.39
abaylyi,ACIAD3455,styphimurium,uvrA,0.668
abaylyi,ACIAD3455,saureus,uvrA,0.567
abaylyi,ACIAD3455,mtuberculosis,Rv1638,0.562
abaylyi,ACIAD3455,syn3a,JCVISYN3A_0824,0.484
mgenitalium,MG_084,mpne,G07_orf289,0.719
abaylyi,ACIAD0561,ccrescentus,CCNA_00894,0.592
ccrescentus,CCNA_00894,mtuberculosis,Rv2868c,0.475
ccrescentus,CCNA_01515,styphimurium,ygiK,0.445
ccrescentus,CCNA_01612,styphimurium,mreB,0.633
abaylyi,ACIAD3505,ccrescentus,CCNA_02455,0.53
abaylyi,ACIAD3368,ccrescentus,CCNA_02645,0.464
ccrescentus,CCNA_02645,mgenitalium,MG_222,0.342
ccrescentus,CCNA_00312,styphimurium,yecN,0.436
abaylyi,ACIAD0655,styphimurium,yfiR,0.36
abaylyi,ACIAD1927,styphimurium,pgk,0.643
ccrescentus,CCNA_03359,styphimurium,pgk,0.44
saureus,pgk,styphimurium,pgk,0.433
styphimurium,pgk,syn3a,JCVISYN3A_0606,0.403
ccrescentus,CCNA_01209,styphimurium,lldD,0.667
mgenitalium,MG_031,mpne,MPN034,0.73
abaylyi,ACIAD2641,ccrescentus,CCNA_02007,0.334
ccrescentus,CCNA_03103,mtuberculosis,Rv2539c,0.393
abaylyi,ACIAD0297,saureus,SA1199,0.341
abaylyi,ACIAD0297,styphimurium,trpE,0.393
abaylyi,ACIAD0591,saureus,queA,0.439
abaylyi,ACIAD0591,ccrescentus,CCNA_01658,0.415
abaylyi,ACIAD0739,ccrescentus,CCNA_02019,0.301
mgenitalium,MG_431,mpne,MPN629,0.688
mpne,MPN629,saureus,tpi,0.41
mpne,MPN629,styphimurium,tpiA,0.362
mgenitalium,MG_034,syn3a,JCVISYN3A_0140,0.389
ccrescentus,CCNA_00197,styphimurium,rplS,0.594
abaylyi,ACIAD3310,ccrescentus,CCNA_00197,0.639
ccrescentus,CCNA_00197,mgenitalium,MG_444,0.463
ccrescentus,CCNA_00295,styphimurium,phoU,0.377
ccrescentus,CCNA_00295,saureus,SA1217,0.352
ccrescentus,CCNA_01615,styphimurium,STM1910,0.333
abaylyi,ACIAD1101,ccrescentus,CCNA_01615,0.328
abaylyi,ACIAD2314,ccrescentus,CCNA_02321,0.474
mgenitalium,MG_282,mpne,MPN401,0.85
mpne,MPN401,syn3a,JCVISYN3A_0253,0.462
abaylyi,ACIAD2862,mpne,MPN401,0.385
mgenitalium,MG_303,mpne,MPN432,0.588
mpne,MPN432,saureus,SA0266,0.328
mtuberculosis,Rv3010c,syn3a,JCVISYN3A_0220,0.346
abaylyi,ACIAD2351,mtuberculosis,Rv1071c,0.304
ccrescentus,CCNA_00722,mtuberculosis,Rv3418c,0.505
mtuberculosis,Rv3418c,saureus,groES,0.462
abaylyi,ACIAD2839,mtuberculosis,Rv3418c,0.468
mgenitalium,MG_457,mtuberculosis,Rv3610c,0.468
mpne,MPN671,mtuberculosis,Rv3610c,0.467
ccrescentus,CCNA_00562,styphimurium,pyrD,0.383
ccrescentus,CCNA_02692,styphimurium,yceI,0.396
saureus,SA1059,syn3a,JCVISYN3A_0390,0.42
abaylyi,ACIAD3637,saureus,SA1059,0.372
mgenitalium,MG_365,saureus,SA1059,0.317
mtuberculosis,Rv1406,saureus,SA1059,0.33
ccrescentus,CCNA_01658,saureus,queA,0.451
mtuberculosis,Rv3014c,saureus,lig,0.383
ccrescentus,CCNA_00492,mtuberculosis,Rv3580c,0.421
mtuberculosis,Rv3580c,saureus,cysS,0.363
mpne,MPN356,mtuberculosis,Rv3580c,0.325
saureus,ftsZ,styphimurium,ftsZ,0.524
styphimurium,ftsZ,syn3a,JCVISYN3A_0522,0.463
ccrescentus,CCNA_01986,styphimurium,lpxB,0.333
ccrescentus,CCNA_00183,styphimurium,hopD,0.355
ccrescentus,CCNA_00230,styphimurium,yciL,0.466
mtuberculosis,Rv1711,styphimurium,yciL,0.434
saureus,rluB,styphimurium,yciL,0.348
abaylyi,ACIAD0743,styphimurium,nuoN,0.486
abaylyi,ACIAD1653,mtuberculosis,Rv1176c,0.349
mgenitalium,MG_015,mtuberculosis,Rv1272c,0.354
mtuberculosis,Rv1272c,styphimurium,mdlB,0.356
abaylyi,ACIAD1873,mtuberculosis,Rv1272c,0.372
mgenitalium,MG_113,styphimurium,asnS,0.401
mtuberculosis,Rv2245,styphimurium,fabF,0.43
abaylyi,ACIAD0677,styphimurium,yeaZ,0.381
abaylyi,ACIAD2655,styphimurium,STM0855,0.546
ccrescentus,CCNA_03485,styphimurium,ybbK,0.6
abaylyi,ACIAD2876,styphimurium,sucA,0.572
mtuberculosis,Rv1248c,styphimurium,sucA,0.43
saureus,odhA,styphimurium,sucA,0.379
ccrescentus,CCNA_02854,styphimurium,phoP,0.461
ccrescentus,CCNA_01727,styphimurium,tcp,0.47
abaylyi,ACIAD1381,ccrescentus,CCNA_01989,0.441
abaylyi,ACIAD2591,ccrescentus,CCNA_00288,0.662
abaylyi,ACIAD0801,styphimurium,yccS,0.516
mgenitalium,MG_051,mtuberculosis,Rv3314c,0.362
mgenitalium,MG_112,styphimurium,rpe,0.329
mgenitalium,MG_361,saureus,rplJ,0.329
mgenitalium,MG_426,syn3a,JCVISYN3A_0422,0.507
saureus,leuA,styphimurium,leuA,0.445
abaylyi,ACIAD2336,styphimurium,yhcM,0.47
saureus,plsX,syn3a,JCVISYN3A_0419,0.345
ccrescentus,CCNA_01431,syn3a,JCVISYN3A_0419,0.301
saureus,rplJ,syn3a,JCVISYN3A_0807,0.389
ccrescentus,CCNA_00530,syn3a,JCVISYN3A_0807,0.354
abaylyi,ACIAD0829,styphimurium,yhdE,0.456
abaylyi,ACIAD0829,ccrescentus,CCNA_02427,0.398
mpne,MPN118,saureus,SA0987,0.328
saureus,pycA,styphimurium,STM0055,0.335
mtuberculosis,Rv2967c,styphimurium,STM0055,0.347
abaylyi,ACIAD3063,styphimurium,pcnB,0.395
ccrescentus,CCNA_03685,styphimurium,pbpC,0.403
mpne,MPN050,mtuberculosis,Rv3696c,0.429
ccrescentus,CCNA_01281,mtuberculosis,Rv3696c,0.447
abaylyi,ACIAD3506,styphimurium,aceF,0.449
mtuberculosis,Rv1902c,styphimurium,STM0356,0.425
abaylyi,ACIAD0223,styphimurium,STM0212,0.407
abaylyi,ACIAD0658,styphimurium,yhbH,0.343
abaylyi,ACIAD0735,mtuberculosis,Rv3150,0.482
abaylyi,ACIAD1039,saureus,pdf1,0.403
ccrescentus,CCNA_00517,styphimurium,pth,0.372
ccrescentus,CCNA_00517,syn3a,JCVISYN3A_0832,0.354
ccrescentus,CCNA_00517,mgenitalium,MG_083,0.314
abaylyi,ACIAD1743,ccrescentus,CCNA_03402,0.432
abaylyi,ACIAD2347,saureus,SA1308,0.347
ccrescentus,CCNA_00006,styphimurium,caiD,0.365
ccrescentus,CCNA_00006,saureus,menB,0.348
abaylyi,ACIAD1317,ccrescentus,CCNA_00068,0.389
abaylyi,ACIAD0466,ccrescentus,CCNA_00195,0.5
ccrescentus,CCNA_00293,saureus,SA1219,0.421
abaylyi,ACIAD1116,styphimurium,ygfA,0.344
abaylyi,ACIAD2056,styphimurium,gltL,0.726
abaylyi,ACIAD2451,saureus,SA0421,0.605
abaylyi,ACIAD2872,ccrescentus,CCNA_00341,0.613
ccrescentus,CCNA_01046,mtuberculosis,Rv0137c,0.435
mtuberculosis,Rv0137c,styphimurium,msrA,0.437
mpne,MPN607,mtuberculosis,Rv0137c,0.394
mgenitalium,MG_408,mtuberculosis,Rv0137c,0.362
abaylyi,ACIAD1258,mtuberculosis,Rv0357c,0.471
mtuberculosis,Rv0573c,saureus,SA1729,0.374
abaylyi,ACIAD1105,styphimurium,adk,0.627
saureus,adk,styphimurium,adk,0.478
ccrescentus,CCNA_01327,styphimurium,adk,0.373
mtuberculosis,Rv0733,styphimurium,adk,0.391
styphimurium,adk,syn3a,JCVISYN3A_0651,0.335
ccrescentus,CCNA_00670,styphimurium,STM0723,0.424
saureus,tagH,styphimurium,STM0723,0.409
abaylyi,ACIAD2045,styphimurium,bioB,0.646
ccrescentus,CCNA_03636,styphimurium,bioB,0.59
mtuberculosis,Rv1589,styphimurium,bioB,0.351
saureus,bioB,styphimurium,bioB,0.343
mtuberculosis,Rv2477c,styphimurium,yjjK,0.568
mtuberculosis,Rv2477c,saureus,SA0675,0.349
abaylyi,ACIAD0526,styphimurium,yggV,0.502
abaylyi,ACIAD0526,mtuberculosis,Rv1341,0.363
abaylyi,ACIAD0526,ccrescentus,CCNA_00145,0.369
abaylyi,ACIAD0526,syn3a,JCVISYN3A_0549,0.317
abaylyi,ACIAD0703,styphimurium,typA,0.716
abaylyi,ACIAD0703,saureus,SA0959,0.54
abaylyi,ACIAD0703,mtuberculosis,Rv1165,0.462
mgenitalium,MG_126,styphimurium,trpS,0.37
mgenitalium,MG_126,mtuberculosis,Rv3336c,0.373
mgenitalium,MG_252,syn3a,JCVISYN3A_0838,0.428
mgenitalium,MG_252,styphimurium,yjfH,0.3
mgenitalium,MG_405,mpne,MPN604,0.713
abaylyi,ACIAD1638,ccrescentus,CCNA_02073,0.322
ccrescentus,CCNA_02427,styphimurium,yhdE,0.456
ccrescentus,CCNA_02553,styphimurium,clpA,0.595
abaylyi,ACIAD1363,ccrescentus,CCNA_02553,0.568
mgenitalium,MG_253,mpne,MPN356,0.717
mgenitalium,MG_253,saureus,cysS,0.34
ccrescentus,CCNA_00492,mgenitalium,MG_253,0.363
mgenitalium,MG_442,mpne,MPN656,0.712
ccrescentus,CCNA_02109,mtuberculosis,Rv0423c,0.593
mtuberculosis,Rv0423c,styphimurium,thiC,0.579
mtuberculosis,Rv2298,saureus,SA0557,0.312
ccrescentus,CCNA_01381,mtuberculosis,Rv2448c,0.445
mgenitalium,MG_334,mtuberculosis,Rv2448c,0.334
mpne,MPN237,mtuberculosis,Rv3011c,0.309
ccrescentus,CCNA_01618,mtuberculosis,Rv1259,0.385
abaylyi,ACIAD2427,ccrescentus,CCNA_01849,0.505
ccrescentus,CCNA_01849,saureus,qoxC,0.415
ccrescentus,CCNA_02043,mtuberculosis,Rv3433c,0.35
ccrescentus,CCNA_02043,styphimurium,yjeF,0.316
mtuberculosis,Rv3052c,saureus,nrdI,0.328
ccrescentus,CCNA_01123,saureus,prfC,0.448
abaylyi,ACIAD3680,mpne,MPN008,0.303
mgenitalium,MG_057,mpne,MPN072,0.601
mgenitalium,MG_083,syn3a,JCVISYN3A_0832,0.369
styphimurium,pth,syn3a,JCVISYN3A_0832,0.39
abaylyi,ACIAD2660,styphimurium,lysA,0.323
saureus,lysA,styphimurium,lysA,0.301
abaylyi,ACIAD1651,mtuberculosis,Rv3476c,0.386
abaylyi,ACIAD1651,ccrescentus,CCNA_01071,0.376
abaylyi,ACIAD1787,mtuberculosis,Rv3648c,0.564
abaylyi,ACIAD3391,styphimurium,STM2449,0.551
mpne,MPN230,styphimurium,rpsR,0.469
abaylyi,ACIAD0308,styphimurium,rpoC,0.717
abaylyi,ACIAD0308,ccrescentus,CCNA_00537,0.622
abaylyi,ACIAD0884,syn3a,JCVISYN3A_0150,0.554
ccrescentus,CCNA_01141,saureus,recA,0.65
mpne,MPN490,saureus,recA,0.503
mtuberculosis,Rv2718c,saureus,SA1509,0.421
saureus,SA1509,styphimurium,ybaD,0.445
abaylyi,ACIAD1821,mtuberculosis,Rv1934c,0.393
abaylyi,ACIAD2875,mtuberculosis,Rv2215,0.382
mtuberculosis,Rv0683,styphimurium,rpsG,0.532
mpne,MPN226,styphimurium,rpsG,0.5
mtuberculosis,Rv3336c,styphimurium,trpS,0.521
abaylyi,ACIAD3324,styphimurium,gmk,0.514
ccrescentus,CCNA_01753,styphimurium,gmk,0.446
mpne,MPN246,styphimurium,gmk,0.379
abaylyi,ACIAD0271,mtuberculosis,Rv2154c,0.344
ccrescentus,CCNA_02029,mtuberculosis,Rv3148,0.414
abaylyi,ACIAD2822,ccrescentus,CCNA_02439,0.396
ccrescentus,CCNA_02439,styphimurium,yfaV,0.366
abaylyi,ACIAD0889,styphimurium,aat,0.425
abaylyi,ACIAD3219,mtuberculosis,Rv0701,0.459
abaylyi,ACIAD3219,syn3a,JCVISYN3A_0671,0.464
abaylyi,ACIAD3219,mpne,MPN165,0.386
abaylyi,ACIAD3666,styphimurium,ygjT,0.523
abaylyi,ACIAD3666,mtuberculosis,Rv2723,0.363
abaylyi,ACIAD2976,ccrescentus,CCNA_01665,0.456
ccrescentus,CCNA_01665,saureus,kdpC(SCCmec),0.475
abaylyi,ACIAD1309,ccrescentus,CCNA_01958,0.409
ccrescentus,CCNA_03687,mtuberculosis,Rv3588c,0.363
ccrescentus,CCNA_01433,styphimurium,himA,0.478
abaylyi,ACIAD3040,ccrescentus,CCNA_01433,0.483
saureus,aldA,styphimurium,aldB,0.438
ccrescentus,CCNA_03695,saureus,aldA,0.412
abaylyi,ACIAD0758,styphimurium,yafE,0.417
abaylyi,ACIAD1101,styphimurium,mrdA,0.409
ccrescentus,CCNA_01403,styphimurium,glyQ,0.63
abaylyi,ACIAD0005,ccrescentus,CCNA_01601,0.4
ccrescentus,CCNA_01634,mtuberculosis,Rv3566c,0.401
abaylyi,ACIAD1992,saureus,lacC,0.318
mtuberculosis,Rv1596,styphimurium,nadC,0.429
abaylyi,ACIAD3197,mgenitalium,MG_175,0.543
mgenitalium,MG_209,mpne,MPN292,0.598
mgenitalium,MG_209,syn3a,JCVISYN3A_0517,0.343
mgenitalium,MG_209,styphimurium,rluA,0.317
mgenitalium,MG_391,mtuberculosis,Rv2213,0.359
mgenitalium,MG_391,styphimurium,pepA,0.374
mgenitalium,MG_391,saureus,ampA,0.341
ccrescentus,CCNA_03295,styphimurium,barA,0.325
abaylyi,ACIAD3194,ccrescentus,CCNA_01330,0.486
abaylyi,ACIAD3194,saureus,rpoA,0.416
abaylyi,ACIAD3194,mtuberculosis,Rv3457c,0.414
abaylyi,ACIAD3339,saureus,adh1,0.456
abaylyi,ACIAD3558,styphimurium,phoR,0.375
abaylyi,ACIAD3637,mtuberculosis,Rv1406,0.344
abaylyi,ACIAD3637,syn3a,JCVISYN3A_0390,0.342
mgenitalium,MG_022,mpne,MPN024,0.848
saureus,gltX,syn3a,JCVISYN3A_0126,0.475
mgenitalium,MG_462,syn3a,JCVISYN3A_0126,0.452
abaylyi,ACIAD3371,syn3a,JCVISYN3A_0126,0.373
mtuberculosis,Rv1164,saureus,narI,0.4
saureus,narI,styphimurium,narV,0.365
mtuberculosis,Rv0969,saureus,copA,0.519
ccrescentus,CCNA_01473,saureus,copA,0.321
ccrescentus,CCNA_01322,saureus,rplR,0.537
mpne,MPN181,saureus,rplR,0.389
ccrescentus,CCNA_01008,saureus,hutU,0.616
mtuberculosis,Rv3028c,styphimurium,STM0856,0.398
abaylyi,ACIAD0454,styphimurium,ptsP,0.378
saureus,SA0447,styphimurium,yraL,0.433
styphimurium,yraL,syn3a,JCVISYN3A_0504,0.318
mgenitalium,MG_079,styphimurium,dppD,0.364
ccrescentus,CCNA_01017,mtuberculosis,Rv0166,0.38
abaylyi,ACIAD1709,styphimurium,STM2179,0.439
ccrescentus,CCNA_00301,mtuberculosis,Rv3761c,0.337
saureus,SA0237,styphimurium,STM1613,0.348
abaylyi,ACIAD2386,styphimurium,ybeK,0.461
mgenitalium,MG_004,mpne,MPN004,0.856
mpne,MPN004,styphimurium,gyrA,0.453
ccrescentus,CCNA_01637,mpne,MPN004,0.42
ccrescentus,CCNA_01535,styphimurium,ssb,0.551
abaylyi,ACIAD1155,mtuberculosis,Rv1175c,0.556
abaylyi,ACIAD0022,styphimurium,ileS,0.539
abaylyi,ACIAD0022,saureus,ileS,0.425
abaylyi,ACIAD0022,syn3a,JCVISYN3A_0519,0.353
abaylyi,ACIAD0022,mgenitalium,MG_345,0.342
ccrescentus,CCNA_00366,saureus,SA0137,0.463
ccrescentus,CCNA_00366,styphimurium,fepC,0.367
mtuberculosis,Rv0651,saureus,rplJ,0.412
saureus,rplJ,styphimurium,rplJ,0.337
ccrescentus,CCNA_00530,saureus,rplJ,0.393
abaylyi,ACIAD1836,saureus,SA0817,0.351
saureus,SA0940,syn3a,JCVISYN3A_0600,0.487
mtuberculosis,Rv2752c,saureus,SA0940,0.348
saureus,ileS,syn3a,JCVISYN3A_0519,0.457
mgenitalium,MG_345,syn3a,JCVISYN3A_0519,0.389
styphimurium,ileS,syn3a,JCVISYN3A_0519,0.361
abaylyi,ACIAD2735,styphimurium,pqiB,0.31
ccrescentus,CCNA_01855,styphimurium,sodA,0.49
ccrescentus,CCNA_03128,styphimurium,yifZ,0.565
abaylyi,ACIAD2839,styphimurium,mopB,0.578
ccrescentus,CCNA_00722,styphimurium,mopB,0.484
abaylyi,ACIAD2839,ccrescentus,CCNA_00722,0.623
ccrescentus,CCNA_00722,saureus,groES,0.451
saureus,SA1199,styphimurium,trpE,0.32
ccrescentus,CCNA_00444,styphimurium,cheR,0.419
abaylyi,ACIAD2398,saureus,SA1890,0.436
abaylyi,ACIAD0551,ccrescentus,CCNA_02085,0.363
abaylyi,ACIAD3034,styphimurium,mesJ,0.33
abaylyi,ACIAD0804,styphimurium,gltS,0.5
saureus,SA2135,styphimurium,gltS,0.389
mpne,MPN197,saureus,SA0859,0.311
ccrescentus,CCNA_01431,saureus,plsX,0.362
ccrescentus,CCNA_00530,mtuberculosis,Rv0651,0.398
mpne,MPN226,mtuberculosis,Rv0683,0.532
mtuberculosis,Rv2841c,styphimurium,nusA,0.355
mtuberculosis,Rv2841c,syn3a,JCVISYN3A_0300,0.312
mtuberculosis,Rv3308,syn3a,JCVISYN3A_0733,0.314
ccrescentus,CCNA_00090,styphimurium,galE,0.417
abaylyi,ACIAD0362,styphimurium,hofB,0.458
abaylyi,ACIAD0514,mgenitalium,MG_228,0.331
mgenitalium,MG_021,mpne,MPN023,0.707
mpne,MPN389,saureus,SA0884,0.341
mgenitalium,MG_348,mpne,MPN523,0.6
ccrescentus,CCNA_00349,saureus,xerC,0.33
ccrescentus,CCNA_00349,styphimurium,xerC,0.354
abaylyi,ACIAD1873,styphimurium,mdlB,0.353
ccrescentus,CCNA_00946,styphimurium,flgD,0.32
abaylyi,ACIAD3453,styphimurium,ydgC,0.5
mtuberculosis,Rv1229c,saureus,SA1969,0.372
saureus,SA1969,styphimurium,mrp,0.396
ccrescentus,CCNA_01321,mtuberculosis,Rv0719,0.531
mtuberculosis,Rv0719,saureus,rplF,0.502
mpne,MPN180,mtuberculosis,Rv0719,0.416
mtuberculosis,Rv0707,syn3a,JCVISYN3A_0665,0.459
abaylyi,ACIAD3213,syn3a,JCVISYN3A_0665,0.502
mpne,MPN253,syn3a,JCVISYN3A_0875,0.348
mgenitalium,MG_114,syn3a,JCVISYN3A_0875,0.323
mtuberculosis,Rv3663c,saureus,oppF,0.408
ccrescentus,CCNA_02750,saureus,SA0770,0.479
ccrescentus,CCNA_02059,saureus,SA0866,0.312
ccrescentus,CCNA_03206,mtuberculosis,Rv0069c,0.515
mtuberculosis,Rv0069c,styphimurium,tdcG,0.509
mtuberculosis,Rv0510,styphimurium,hemC,0.438
ccrescentus,CCNA_00070,styphimurium,hemC,0.435
mgenitalium,MG_365,syn3a,JCVISYN3A_0390,0.324
mpne,MPN322,syn3a,JCVISYN3A_0773,0.82
mtuberculosis,Rv3048c,syn3a,JCVISYN3A_0773,0.519
saureus,nrdF,syn3a,JCVISYN3A_0773,0.332
abaylyi,ACIAD2903,saureus,SA0453,0.367
saureus,recQ,styphimurium,recQ,0.369
saureus,SA0959,styphimurium,typA,0.541
mtuberculosis,Rv1165,saureus,SA0959,0.459
saureus,truB,syn3a,JCVISYN3A_0290,0.325
mtuberculosis,Rv2793c,saureus,truB,0.35
mpne,MPN360,syn3a,JCVISYN3A_0137,0.396
saureus,rpmE,syn3a,JCVISYN3A_0137,0.346
saureus,SA1359,syn3a,JCVISYN3A_0391,0.437
abaylyi,ACIAD3012,syn3a,JCVISYN3A_0638,0.431
ccrescentus,CCNA_01440,syn3a,JCVISYN3A_0638,0.42
ccrescentus,CCNA_00227,saureus,SA0972,0.322
mtuberculosis,Rv2443,styphimurium,dctA,0.468
ccrescentus,CCNA_00664,mtuberculosis,Rv2443,0.439
mtuberculosis,Rv2726c,styphimurium,dapF,0.308
ccrescentus,CCNA_03750,saureus,SA1271,0.413
abaylyi,ACIAD3563,saureus,SA1459,0.368
mtuberculosis,Rv1897c,saureus,SA1459,0.367
ccrescentus,CCNA_02629,saureus,murC,0.313
abaylyi,ACIAD3516,saureus,murC,0.323
mtuberculosis,Rv1540,syn3a,JCVISYN3A_0517,0.361
mpne,MPN292,mtuberculosis,Rv1540,0.333
mtuberculosis,Rv1699,saureus,ctrA,0.536
ccrescentus,CCNA_01791,mtuberculosis,Rv1699,0.518
ccrescentus,CCNA_00253,styphimurium,usg,0.356
mtuberculosis,Rv3708c,styphimurium,usg,0.319
abaylyi,ACIAD2275,ccrescentus,CCNA_01809,0.52
abaylyi,ACIAD2539,ccrescentus,CCNA_03242,0.551
abaylyi,ACIAD2988,ccrescentus,CCNA_00075,0.61
ccrescentus,CCNA_01450,styphimurium,recJ,0.334
ccrescentus,CCNA_01450,saureus,SA1462,0.306
abaylyi,ACIAD3500,ccrescentus,CCNA_01450,0.322
abaylyi,ACIAD1520,saureus,SA0334,0.348
mtuberculosis,Rv1932,styphimurium,tpx,0.5
saureus,SA1535,styphimurium,tpx,0.46
abaylyi,ACIAD0562,syn3a,JCVISYN3A_0288,0.345
abaylyi,ACIAD0562,mpne,MPN045,0.34
abaylyi,ACIAD0562,mgenitalium,MG_035,0.325
ccrescentus,CCNA_00492,saureus,cysS,0.388
ccrescentus,CCNA_00492,mpne,MPN356,0.35
ccrescentus,CCNA_00012,styphimurium,mutS,0.378
abaylyi,ACIAD0898,ccrescentus,CCNA_00201,0.398
abaylyi,ACIAD3030,ccrescentus,CCNA_03577,0.417
ccrescentus,CCNA_02431,styphimurium,hisD,0.404
mtuberculosis,Rv0639,saureus,nusG,0.445
ccrescentus,CCNA_03310,saureus,nusG,0.385
abaylyi,ACIAD0301,saureus,nusG,0.396
saureus,nusG,syn3a,JCVISYN3A_0840,0.312
abaylyi,ACIAD2881,styphimurium,sdhD,0.361
abaylyi,ACIAD3211,styphimurium,rpmC,0.548
mgenitalium,MG_004,styphimurium,gyrA,0.448
ccrescentus,CCNA_01637,mgenitalium,MG_004,0.403
mgenitalium,MG_132,mtuberculosis,Rv1262c,0.366
ccrescentus,CCNA_02555,mgenitalium,MG_132,0.39
mgenitalium,MG_224,syn3a,JCVISYN3A_0522,0.309
mgenitalium,MG_379,styphimurium,gidA,0.403
abaylyi,ACIAD2440,mgenitalium,MG_379,0.403
abaylyi,ACIAD1150,styphimurium,pyrC,0.517
saureus,SA1224,styphimurium,ybiT,0.455
abaylyi,ACIAD3216,mtuberculosis,Rv0704,0.57
abaylyi,ACIAD3216,mpne,MPN168,0.505
abaylyi,ACIAD3216,mgenitalium,MG_154,0.507
ccrescentus,CCNA_02182,styphimurium,serB,0.43
ccrescentus,CCNA_01663,styphimurium,kdpA,0.49
ccrescentus,CCNA_01663,saureus,kdpA,0.386
ccrescentus,CCNA_02183,mtuberculosis,Rv2727c,0.347
abaylyi,ACIAD1482,styphimurium,yrbH,0.534
saureus,cfxE,styphimurium,rpe,0.425
abaylyi,ACIAD3076,styphimurium,ybeB,0.484
abaylyi,ACIAD3076,ccrescentus,CCNA_03545,0.428
styphimurium,glyA,syn3a,JCVISYN3A_0799,0.537
mpne,MPN576,syn3a,JCVISYN3A_0799,0.511
mtuberculosis,Rv1093,syn3a,JCVISYN3A_0799,0.497
mgenitalium,MG_013,syn3a,JCVISYN3A_0684,0.338
mtuberculosis,Rv1436,saureus,gap,0.514
abaylyi,ACIAD2874,saureus,pdhD,0.409
saureus,gidB,styphimurium,gidB,0.325
abaylyi,ACIAD2368,saureus,gidB,0.307
abaylyi,ACIAD0809,styphimurium,sbmA,0.577
abaylyi,ACIAD0737,styphimurium,nuoH,0.659
mtuberculosis,Rv2753c,styphimurium,dapA,0.336
abaylyi,ACIAD1520,mtuberculosis,Rv2093c,0.316
ccrescentus,CCNA_00173,styphimurium,hofB,0.442
saureus,SA0759,styphimurium,yffB,0.33
ccrescentus,CCNA_01714,saureus,SA0759,0.314
saureus,SA1354,styphimurium,xseA,0.356
saureus,SA1449,styphimurium,trmU,0.56
mpne,MPN422,saureus,SA1449,0.372
ccrescentus,CCNA_00941,saureus,SA1449,0.375
abaylyi,ACIAD3581,saureus,SA2309,0.362
abaylyi,ACIAD2557,styphimurium,yhdG,0.57
styphimurium,yhdG,syn3a,JCVISYN3A_0063,0.382
ccrescentus,CCNA_00805,styphimurium,yihA,0.397
abaylyi,ACIAD2260,styphimurium,yadH,0.614
mpne,MPN606,saureus,eno,0.529
ccrescentus,CCNA_01746,saureus,fabD,0.366
ccrescentus,CCNA_01507,styphimurium,yecS,0.649
abaylyi,ACIAD3591,ccrescentus,CCNA_01507,0.366
ccrescentus,CCNA_01734,styphimurium,marC,0.327
ccrescentus,CCNA_01800,mpne,MPN392,0.375
ccrescentus,CCNA_01800,mgenitalium,MG_273,0.364
abaylyi,ACIAD2660,saureus,lysA,0.324
abaylyi,ACIAD3596,saureus,SA1454,0.395
ccrescentus,CCNA_01342,saureus,SA1454,0.383
abaylyi,ACIAD2612,styphimurium,purG,0.574
ccrescentus,CCNA_00033,styphimurium,pnp,0.568
abaylyi,ACIAD0402,ccrescentus,CCNA_00033,0.566
ccrescentus,CCNA_00452,mtuberculosis,Rv3332,0.386
ccrescentus,CCNA_02929,mtuberculosis,Rv1895,0.39
ccrescentus,CCNA_02929,saureus,SA0240,0.314
abaylyi,ACIAD0556,styphimurium,ndk,0.629
abaylyi,ACIAD0556,mtuberculosis,Rv2445c,0.496
abaylyi,ACIAD2417,saureus,SA1919,0.3
mpne,MPN627,syn3a,JCVISYN3A_0233,0.493
abaylyi,ACIAD1990,mpne,MPN627,0.357
mgenitalium,MG_154,mpne,MPN168,0.871
mgenitalium,MG_154,mtuberculosis,Rv0704,0.505
mtuberculosis,Rv1305,saureus,atpE,0.547
mtuberculosis,Rv1449c,styphimurium,tktB,0.443
abaylyi,ACIAD1374,styphimurium,uppS,0.487
ccrescentus,CCNA_01996,styphimurium,uppS,0.441
mtuberculosis,Rv2361c,styphimurium,uppS,0.422
abaylyi,ACIAD0306,styphimurium,rplL,0.688
mpne,MPN539,styphimurium,rplL,0.434
abaylyi,ACIAD1045,styphimurium,metH,0.626
ccrescentus,CCNA_02221,styphimurium,metH,0.637
abaylyi,ACIAD3648,ccrescentus,CCNA_00810,0.338
mgenitalium,MG_052,mpne,MPN065,0.674
mpne,MPN356,saureus,cysS,0.331
ccrescentus,CCNA_02617,saureus,SA0679,0.383
mtuberculosis,Rv3772,saureus,SA0679,0.358
ccrescentus,CCNA_03508,styphimurium,rimJ,0.344
ccrescentus,CCNA_03508,mtuberculosis,Rv0995,0.353
abaylyi,ACIAD2222,ccrescentus,CCNA_03704,0.45
abaylyi,ACIAD0533,saureus,tig,0.316
saureus,rpmC,styphimurium,rpmC,0.4
saureus,moaC,styphimurium,moaC,0.506
ccrescentus,CCNA_02555,mtuberculosis,Rv1262c,0.379
abaylyi,ACIAD0967,mtuberculosis,Rv1985c,0.316
mgenitalium,MG_211,mpne,MPN297,0.644
abaylyi,ACIAD0196,styphimurium,ycfQ,0.328
abaylyi,ACIAD0301,ccrescentus,CCNA_03310,0.479
abaylyi,ACIAD0301,mtuberculosis,Rv0639,0.375
abaylyi,ACIAD0380,styphimurium,hisI,0.343
abaylyi,ACIAD0380,saureus,hisI,0.315
abaylyi,ACIAD0597,ccrescentus,CCNA_03024,0.428
mgenitalium,MG_160,saureus,rpsQ,0.525
abaylyi,ACIAD3210,mgenitalium,MG_160,0.445
mgenitalium,MG_160,styphimurium,rpsQ,0.421
abaylyi,ACIAD3368,mgenitalium,MG_222,0.377
mtuberculosis,Rv1932,saureus,SA1535,0.417
saureus,czrB,styphimurium,ybgR,0.42
ccrescentus,CCNA_00305,saureus,czrB,0.319
abaylyi,ACIAD3361,styphimurium,mrcA,0.412
abaylyi,ACIAD3361,ccrescentus,CCNA_01951,0.342
mgenitalium,MG_226,mpne,MPN319,0.644
ccrescentus,CCNA_01560,styphimurium,ppc,0.31
abaylyi,ACIAD0025,ccrescentus,CCNA_02887,0.363
mpne,MPN075,syn3a,JCVISYN3A_0114,0.337
abaylyi,ACIAD1225,ccrescentus,CCNA_02243,0.355
mgenitalium,MG_137,mpne,MPN278,0.611
ccrescentus,CCNA_00145,mtuberculosis,Rv1341,0.443
ccrescentus,CCNA_00145,styphimurium,yggV,0.421
ccrescentus,CCNA_00145,syn3a,JCVISYN3A_0549,0.347
ccrescentus,CCNA_00436,styphimurium,caiA,0.326
abaylyi,ACIAD0665,styphimurium,pabB,0.422
mtuberculosis,Rv1005c,styphimurium,pabB,0.379
mtuberculosis,Rv1317c,styphimurium,alkA,0.347
ccrescentus,CCNA_01596,syn3a,JCVISYN3A_0695,0.344
abaylyi,ACIAD1816,ccrescentus,CCNA_01893,0.447
ccrescentus,CCNA_01988,styphimurium,lpxA,0.452
ccrescentus,CCNA_02150,mtuberculosis,Rv3398c,0.367
saureus,clpL,styphimurium,clpA,0.414
ccrescentus,CCNA_03851,saureus,hisH,0.304
abaylyi,ACIAD0783,ccrescentus,CCNA_03301,0.314
ccrescentus,CCNA_01301,mtuberculosis,Rv2900c,0.498
mtuberculosis,Rv3056,saureus,SA1711,0.36
ccrescentus,CCNA_01769,saureus,SA1224,0.311
saureus,SA0231,styphimurium,hmpA,0.322
mgenitalium,MG_110,mpne,MPN249,0.595
mgenitalium,MG_110,syn3a,JCVISYN3A_0263,0.316
mgenitalium,MG_110,saureus,SA1064,0.301
abaylyi,ACIAD3446,styphimurium,gabT,0.53
abaylyi,ACIAD0929,styphimurium,ggt,0.35
abaylyi,ACIAD2664,saureus,radA,0.49
abaylyi,ACIAD2664,mtuberculosis,Rv3585,0.398
abaylyi,ACIAD2860,ccrescentus,CCNA_02925,0.534
abaylyi,ACIAD2430,saureus,rpsF,0.322
mtuberculosis,Rv3331,styphimurium,galP,0.328
abaylyi,ACIAD0180,mtuberculosis,Rv1304,0.331
abaylyi,ACIAD1971,styphimurium,smvA,0.585
mpne,MPN493,styphimurium,sgaH,0.511
abaylyi,ACIAD2103,styphimurium,ahpC,0.711
mtuberculosis,Rv0384c,styphimurium,clpB,0.557
saureus,clpB,styphimurium,clpB,0.523
mgenitalium,MG_355,styphimurium,clpB,0.472
abaylyi,ACIAD2862,mgenitalium,MG_282,0.416
abaylyi,ACIAD2862,syn3a,JCVISYN3A_0253,0.426
abaylyi,ACIAD2862,mtuberculosis,Rv1080c,0.348
mtuberculosis,Rv3783,styphimurium,STM0722,0.376
saureus,SA0230,styphimurium,yeaO,0.422
mgenitalium,MG_055,mpne,MPN068,0.595
mgenitalium,MG_085,mpne,MPN223,0.729
ccrescentus,CCNA_03341,styphimurium,exbB,0.423
ccrescentus,CCNA_00758,saureus,SA1359,0.322
ccrescentus,CCNA_01951,styphimurium,mrcA,0.339
mgenitalium,MG_273,mpne,MPN392,0.889
mpne,MPN392,saureus,bfmBAB,0.415
mpne,MPN651,saureus,mtlF,0.354
saureus,SA1064,syn3a,JCVISYN3A_0263,0.375
mpne,MPN249,syn3a,JCVISYN3A_0263,0.301
ccrescentus,CCNA_01737,saureus,dnaC,0.411
saureus,SA1014,styphimurium,STM4464,0.325
mgenitalium,MG_244,syn3a,JCVISYN3A_0695,0.316
mgenitalium,MG_466,styphimurium,rpmH,0.688
abaylyi,ACIAD1004,ccrescentus,CCNA_03084,0.33
abaylyi,ACIAD1890,mtuberculosis,Rv1098c,0.522
abaylyi,ACIAD3542,styphimurium,allA,0.431
ccrescentus,CCNA_03184,mtuberculosis,Rv0215c,0.387
abaylyi,ACIAD2041,ccrescentus,CCNA_03346,0.446
ccrescentus,CCNA_03346,styphimurium,ruvC,0.437
abaylyi,ACIAD1276,mtuberculosis,Rv2320c,0.546
mgenitalium,MG_258,mpne,MPN361,0.81
abaylyi,ACIAD0627,saureus,srrA,0.397
ccrescentus,CCNA_00230,saureus,rluB,0.358
abaylyi,ACIAD3078,ccrescentus,CCNA_03412,0.521
ccrescentus,CCNA_00775,mtuberculosis,Rv0858c,0.443
abaylyi,ACIAD3553,ccrescentus,CCNA_00775,0.37
ccrescentus,CCNA_03641,mtuberculosis,Rv3319,0.422
abaylyi,ACIAD0096,saureus,capD,0.434
abaylyi,ACIAD1191,saureus,SA0368,0.483
abaylyi,ACIAD1327,saureus,SA0791,0.386
abaylyi,ACIAD1327,ccrescentus,CCNA_03838,0.38
mpne,MPN600,saureus,atpA,0.563
mtuberculosis,Rv1617,syn3a,JCVISYN3A_0221,0.315
ccrescentus,CCNA_02130,syn3a,JCVISYN3A_0221,0.331
mtuberculosis,Rv0951,saureus,sucC,0.433
mtuberculosis,Rv1151c,styphimurium,cobB,0.353
abaylyi,ACIAD1108,styphimurium,nth,0.69
saureus,nth,styphimurium,nth,0.457
mtuberculosis,Rv3674c,styphimurium,nth,0.37
abaylyi,ACIAD3310,mgenitalium,MG_444,0.477
mgenitalium,MG_444,styphimurium,rplS,0.472
abaylyi,ACIAD0126,styphimurium,garD,0.707
abaylyi,ACIAD2880,ccrescentus,CCNA_03642,0.511
mgenitalium,MG_319,mpne,MPN454,0.546
mgenitalium,MG_410,saureus,pstB,0.51
ccrescentus,CCNA_00941,styphimurium,trmU,0.346
ccrescentus,CCNA_00941,mpne,MPN422,0.313
abaylyi,ACIAD3324,ccrescentus,CCNA_01753,0.43
ccrescentus,CCNA_01753,mpne,MPN246,0.387
abaylyi,ACIAD0099,styphimurium,galU,0.545
ccrescentus,CCNA_03358,mtuberculosis,Rv1436,0.526
abaylyi,ACIAD3489,ccrescentus,CCNA_03746,0.333
ccrescentus,CCNA_00963,mpne,MPN668,0.338
mpne,MPN668,saureus,SA0755,0.316
abaylyi,ACIAD3023,mpne,MPN668,0.305
saureus,pgk,syn3a,JCVISYN3A_0606,0.6
abaylyi,ACIAD1927,syn3a,JCVISYN3A_0606,0.414
ccrescentus,CCNA_03359,syn3a,JCVISYN3A_0606,0.398
saureus,SA0612,styphimurium,yhhY,0.345
ccrescentus,CCNA_00386,styphimurium,tag,0.516
abaylyi,ACIAD1048,styphimurium,dsdA,0.652
ccrescentus,CCNA_02109,styphimurium,thiC,0.661
abaylyi,ACIAD0344,ccrescentus,CCNA_03845,0.363
ccrescentus,CCNA_03845,styphimurium,ada,0.355
mtuberculosis,Rv2497c,saureus,pdhA,0.449
mgenitalium,MG_274,saureus,pdhA,0.353
abaylyi,ACIAD1108,saureus,nth,0.475
mtuberculosis,Rv3674c,saureus,nth,0.427
ccrescentus,CCNA_01281,mpne,MPN050,0.442
saureus,SA0528,styphimurium,STM2755,0.44
ccrescentus,CCNA_00891,styphimurium,ytfF,0.349
mtuberculosis,Rv2786c,styphimurium,ribF,0.38
abaylyi,ACIAD2589,ccrescentus,CCNA_01751,0.349
abaylyi,ACIAD3553,mtuberculosis,Rv0858c,0.373
mgenitalium,MG_015,saureus,SA2217,0.334
abaylyi,ACIAD1515,mgenitalium,MG_015,0.325
mgenitalium,MG_015,styphimurium,msbA,0.326
abaylyi,ACIAD0472,mgenitalium,MG_173,0.455
mgenitalium,MG_266,mpne,MPN384,0.726
mgenitalium,MG_266,styphimurium,leuS,0.345
abaylyi,ACIAD3672,styphimurium,yeaQ,0.381
mgenitalium,MG_067,mpne,MPN083,0.56
ccrescentus,CCNA_03050,mtuberculosis,Rv0153c,0.353
saureus,xerD,styphimurium,xerD,0.445
mtuberculosis,Rv1701,saureus,xerD,0.389
ccrescentus,CCNA_03101,saureus,xerD,0.341
abaylyi,ACIAD3570,saureus,ribA,0.357
mtuberculosis,Rv0534c,saureus,SA0894,0.317
abaylyi,ACIAD0300,styphimurium,secE,0.322
mpne,MPN192,styphimurium,rplQ,0.344
abaylyi,ACIAD3479,styphimurium,kdtA,0.362
ccrescentus,CCNA_00304,styphimurium,kdtA,0.353
abaylyi,ACIAD3023,ccrescentus,CCNA_00963,0.519
ccrescentus,CCNA_00963,saureus,SA0755,0.43
mtuberculosis,Rv0411c,styphimurium,artI,0.31
mgenitalium,MG_398,mpne,MPN597,0.774
mgenitalium,MG_251,syn3a,JCVISYN3A_0405,0.455
mgenitalium,MG_251,mtuberculosis,Rv2357c,0.381
abaylyi,ACIAD3682,mtuberculosis,Rv3922c,0.402
mgenitalium,MG_158,mpne,MPN172,0.927
mgenitalium,MG_158,saureus,rplP,0.551
mgenitalium,MG_158,mtuberculosis,Rv0708,0.492
abaylyi,ACIAD3212,mgenitalium,MG_158,0.436
ccrescentus,CCNA_03722,mtuberculosis,Rv3859c,0.442
abaylyi,ACIAD0184,styphimurium,atpH,0.343
abaylyi,ACIAD2659,styphimurium,dapF,0.55
saureus,tpi,styphimurium,tpiA,0.413
mgenitalium,MG_431,styphimurium,tpiA,0.375
abaylyi,ACIAD3654,ccrescentus,CCNA_00010,0.65
mgenitalium,MG_286,mpne,MPN405,0.653
ccrescentus,CCNA_03354,styphimurium,ygfA,0.307
ccrescentus,CCNA_03545,styphimurium,ybeB,0.411
ccrescentus,CCNA_03774,mtuberculosis,Rv2498c,0.321
abaylyi,ACIAD0704,saureus,mscL,0.39
abaylyi,ACIAD2876,saureus,odhA,0.41
mtuberculosis,Rv1248c,saureus,odhA,0.4
abaylyi,ACIAD3212,saureus,rplP,0.5
abaylyi,ACIAD3212,mtuberculosis,Rv0708,0.492
abaylyi,ACIAD3212,mpne,MPN172,0.444
abaylyi,ACIAD3322,mtuberculosis,Rv1110,0.506
mgenitalium,MG_035,mpne,MPN045,0.605
mpne,MPN045,syn3a,JCVISYN3A_0288,0.333
abaylyi,ACIAD0501,styphimurium,rpmG,0.803
abaylyi,ACIAD0501,ccrescentus,CCNA_02543,0.645
abaylyi,ACIAD0501,mtuberculosis,Rv2057c,0.469
abaylyi,ACIAD0534,ccrescentus,CCNA_02041,0.67
abaylyi,ACIAD2070,ccrescentus,CCNA_02750,0.478
mtuberculosis,Rv2856,styphimurium,nxiA,0.448
saureus,gudB,styphimurium,STM1795,0.479
abaylyi,ACIAD2680,saureus,gudB,0.468
saureus,SA1064,styphimurium,yjeQ,0.323
mpne,MPN249,saureus,SA1064,0.315
abaylyi,ACIAD3254,mtuberculosis,Rv2581c,0.328
mpne,MPN177,styphimurium,rplE,0.553
ccrescentus,CCNA_01318,mpne,MPN177,0.514
mpne,MPN177,mtuberculosis,Rv0716,0.52
mtuberculosis,Rv1304,saureus,atpB,0.354
ccrescentus,CCNA_02458,mtuberculosis,Rv1492,0.363
ccrescentus,CCNA_02130,mtuberculosis,Rv1617,0.412
mgenitalium,MG_498,mpne,MPN380,0.664
mpne,MPN516,syn3a,JCVISYN3A_0804,0.396
mpne,MPN516,saureus,rpoB,0.398
mpne,MPN516,styphimurium,rpoB,0.344
ccrescentus,CCNA_00536,mpne,MPN516,0.353
saureus,pgi,syn3a,JCVISYN3A_0445,0.53
mpne,MPN250,syn3a,JCVISYN3A_0445,0.379
abaylyi,ACIAD1879,styphimurium,STM1627,0.81
mtuberculosis,Rv3086,styphimurium,STM1627,0.367
abaylyi,ACIAD1373,ccrescentus,CCNA_01997,0.454
abaylyi,ACIAD1373,syn3a,JCVISYN3A_0536,0.374
abaylyi,ACIAD1439,mtuberculosis,Rv3530c,0.352
abaylyi,ACIAD0754,ccrescentus,CCNA_02040,0.302
abaylyi,ACIAD0923,saureus,hemB,0.431
abaylyi,ACIAD0923,styphimurium,hemB,0.45
abaylyi,ACIAD1059,styphimurium,ybbP,0.301
abaylyi,ACIAD1374,ccrescentus,CCNA_01996,0.435
abaylyi,ACIAD1374,mtuberculosis,Rv2361c,0.355
ccrescentus,CCNA_03812,mtuberculosis,Rv2429,0.46
mtuberculosis,Rv2523c,styphimurium,acpS,0.316
ccrescentus,CCNA_03480,styphimurium,ytfG,0.574
abaylyi,ACIAD1727,ccrescentus,CCNA_02495,0.395
saureus,ileS,styphimurium,ileS,0.427
mgenitalium,MG_345,styphimurium,ileS,0.326
saureus,rpoB,syn3a,JCVISYN3A_0804,0.495
styphimurium,rpoB,syn3a,JCVISYN3A_0804,0.4
ccrescentus,CCNA_00536,syn3a,JCVISYN3A_0804,0.393
abaylyi,ACIAD2259,ccrescentus,CCNA_00188,0.404
abaylyi,ACIAD2368,styphimurium,gidB,0.446
ccrescentus,CCNA_03755,styphimurium,rfaE,0.456
saureus,SA2409,styphimurium,nrdG,0.39
abaylyi,ACIAD0080,mtuberculosis,Rv3465,0.384
ccrescentus,CCNA_01096,syn3a,JCVISYN3A_0529,0.334
mgenitalium,MG_081,syn3a,JCVISYN3A_0810,0.576
saureus,mecA,styphimurium,STM1910,0.306
abaylyi,ACIAD1105,saureus,adk,0.49
saureus,adk,syn3a,JCVISYN3A_0651,0.387
mtuberculosis,Rv0733,saureus,adk,0.387
ccrescentus,CCNA_01327,saureus,adk,0.38
ccrescentus,CCNA_00311,styphimurium,pmbA,0.384
abaylyi,ACIAD2666,styphimurium,yjeA,0.484
abaylyi,ACIAD2666,ccrescentus,CCNA_00757,0.375
mtuberculosis,Rv2718c,styphimurium,ybaD,0.459
ccrescentus,CCNA_00268,mtuberculosis,Rv3721c,0.372
abaylyi,ACIAD2940,ccrescentus,CCNA_02198,0.423
abaylyi,ACIAD3267,mtuberculosis,Rv0671,0.309
abaylyi,ACIAD3678,ccrescentus,CCNA_03831,0.38
mgenitalium,MG_024,saureus,SA0351,0.468
ccrescentus,CCNA_00512,mgenitalium,MG_024,0.452
mgenitalium,MG_431,saureus,tpi,0.358
abaylyi,ACIAD0187,saureus,atpD,0.656
ccrescentus,CCNA_00878,styphimurium,rhlE,0.525
styphimurium,rhlE,syn3a,JCVISYN3A_0410,0.319
abaylyi,ACIAD1570,ccrescentus,CCNA_03085,0.657
mtuberculosis,Rv1309,saureus,atpG,0.333
ccrescentus,CCNA_02414,mtuberculosis,Rv0415,0.313
mtuberculosis,Rv0722,saureus,rpmD,0.491
ccrescentus,CCNA_01969,styphimurium,aspS,0.407
mgenitalium,MG_036,styphimurium,aspS,0.332
ccrescentus,CCNA_02617,styphimurium,hisC,0.332
abaylyi,ACIAD1879,mtuberculosis,Rv3086,0.35
ccrescentus,CCNA_02724,styphimurium,yajO,0.347
abaylyi,ACIAD1992,styphimurium,fruK,0.381
saureus,fruB,styphimurium,fruK,0.31
abaylyi,ACIAD3349,styphimurium,gltD,0.69
mtuberculosis,Rv3858c,styphimurium,gltD,0.373
saureus,SA0200,styphimurium,dppC,0.363
ccrescentus,CCNA_03822,styphimurium,mutM,0.391
mtuberculosis,Rv2924c,styphimurium,mutM,0.332
saureus,SA1512,styphimurium,mutM,0.342
abaylyi,ACIAD2450,syn3a,JCVISYN3A_0642,0.363
abaylyi,ACIAD2312,styphimurium,recR,0.572
abaylyi,ACIAD2312,ccrescentus,CCNA_00270,0.462
abaylyi,ACIAD2348,styphimurium,cmk,0.49
abaylyi,ACIAD2348,mpne,MPN476,0.35
abaylyi,ACIAD2348,mgenitalium,MG_330,0.349
mgenitalium,MG_190,syn3a,JCVISYN3A_0139,0.338
mgenitalium,MG_439,mpne,MPN647,0.551
abaylyi,ACIAD0159,ccrescentus,CCNA_02936,0.443
ccrescentus,CCNA_03029,styphimurium,kdsB,0.388
abaylyi,ACIAD2362,ccrescentus,CCNA_03029,0.359
mtuberculosis,Rv2967c,saureus,pycA,0.461
mgenitalium,MG_482,mpne,MPN298,0.587
mgenitalium,MG_330,mpne,MPN476,0.654
mpne,MPN476,syn3a,JCVISYN3A_0347,0.356
mpne,MPN476,styphimurium,cmk,0.376
mgenitalium,MG_358,mpne,MPN535,0.684
mgenitalium,MG_433,mpne,MPN631,0.714
mpne,MPN631,styphimurium,tsf,0.406
ccrescentus,CCNA_01999,mpne,MPN631,0.327
mgenitalium,MG_035,syn3a,JCVISYN3A_0288,0.373
mgenitalium,MG_375,mpne,MPN553,0.661
abaylyi,ACIAD2470,ccrescentus,CCNA_00491,0.441
mtuberculosis,Rv0727c,styphimurium,fucA,0.34
abaylyi,ACIAD3500,styphimurium,recJ,0.461
saureus,SA1462,styphimurium,recJ,0.322
saureus,rplU,styphimurium,rplU,0.417
mgenitalium,MG_001,mpne,MPN001,0.713
mtuberculosis,Rv2208,styphimurium,cobS,0.324
ccrescentus,CCNA_01969,mgenitalium,MG_036,0.318
mgenitalium,MG_255,mpne,MPN358,0.632
abaylyi,ACIAD1821,ccrescentus,CCNA_01368,0.432
saureus,fruA,styphimurium,STM3255,0.483
mgenitalium,MG_062,saureus,fruA,0.353
abaylyi,ACIAD1420,styphimurium,caiE,0.355
ccrescentus,CCNA_00383,styphimurium,rnhB,0.546
ccrescentus,CCNA_01714,styphimurium,yffB,0.504
abaylyi,ACIAD2580,styphimurium,era,0.572
styphimurium,era,syn3a,JCVISYN3A_0403,0.365
abaylyi,ACIAD3328,styphimurium,bfd,0.368
mtuberculosis,Rv0181c,styphimurium,yhhW,0.366
saureus,SA1674,styphimurium,yecC,0.54
ccrescentus,CCNA_02736,styphimurium,ydjA,0.337
mgenitalium,MG_524,mpne,MPN565,0.53
ccrescentus,CCNA_03844,styphimurium,hslU,0.581
abaylyi,ACIAD0402,styphimurium,pnp,0.606
mgenitalium,MG_274,mtuberculosis,Rv2497c,0.365
abaylyi,ACIAD1017,mtuberculosis,Rv2497c,0.302
mgenitalium,MG_419,mpne,MPN618,0.496
ccrescentus,CCNA_00956,styphimurium,flhA,0.406
abaylyi,ACIAD1323,styphimurium,purF,0.63
mtuberculosis,Rv0808,styphimurium,purF,0.385
mgenitalium,MG_273,saureus,bfmBAB,0.453
ccrescentus,CCNA_03352,styphimurium,yebC,0.442
abaylyi,ACIAD1577,styphimurium,STM3129,0.378
ccrescentus,CCNA_01318,styphimurium,rplE,0.554
mtuberculosis,Rv0716,styphimurium,rplE,0.564
ccrescentus,CCNA_02525,mtuberculosis,Rv1380,0.52
mtuberculosis,Rv1475c,saureus,citB,0.518
mtuberculosis,Rv2136c,saureus,bacA,0.308
ccrescentus,CCNA_00139,styphimurium,yifB,0.403
mtuberculosis,Rv3423c,styphimurium,alr,0.359
saureus,alr,styphimurium,alr,0.327
abaylyi,ACIAD2045,ccrescentus,CCNA_03636,0.58
ccrescentus,CCNA_03636,mtuberculosis,Rv1589,0.358
ccrescentus,CCNA_03636,saureus,bioB,0.35
ccrescentus,CCNA_00424,saureus,SA1924,0.509
abaylyi,ACIAD3210,saureus,rpsQ,0.573
saureus,rpsQ,styphimurium,rpsQ,0.493
abaylyi,ACIAD1045,ccrescentus,CCNA_02221,0.628
mgenitalium,MG_033,mpne,MPN043,0.521
abaylyi,ACIAD1908,ccrescentus,CCNA_00653,0.466
ccrescentus,CCNA_00041,saureus,infB,0.488
ccrescentus,CCNA_00041,mtuberculosis,Rv2839c,0.477
ccrescentus,CCNA_00041,syn3a,JCVISYN3A_0297,0.434
ccrescentus,CCNA_02811,styphimurium,zntA,0.405
abaylyi,ACIAD0529,ccrescentus,CCNA_00559,0.47
ccrescentus,CCNA_00559,mtuberculosis,Rv3341,0.404
ccrescentus,CCNA_02078,mpne,MPN005,0.403
mtuberculosis,Rv3924c,styphimurium,rpmH,0.534
ccrescentus,CCNA_03314,styphimurium,fpr,0.315
mgenitalium,MG_048,syn3a,JCVISYN3A_0360,0.449
styphimurium,ffh,syn3a,JCVISYN3A_0360,0.413
abaylyi,ACIAD0839,syn3a,JCVISYN3A_0360,0.409
ccrescentus,CCNA_03768,syn3a,JCVISYN3A_0360,0.383
mpne,MPN292,syn3a,JCVISYN3A_0517,0.347
abaylyi,ACIAD0849,saureus,SA0317,0.357
abaylyi,ACIAD1019,ccrescentus,CCNA_01803,0.364
ccrescentus,CCNA_02845,styphimurium,copR,0.438
saureus,vicR,styphimurium,copR,0.405
ccrescentus,CCNA_00976,styphimurium,sppA,0.332
abaylyi,ACIAD3135,styphimurium,STM2379,0.336
ccrescentus,CCNA_01289,styphimurium,ygdD,0.418
ccrescentus,CCNA_02594,styphimurium,htpX,0.325
ccrescentus,CCNA_03101,styphimurium,xerD,0.421
ccrescentus,CCNA_03101,mtuberculosis,Rv1701,0.406
mtuberculosis,Rv1552,styphimurium,frdA,0.541
mgenitalium,MG_043,saureus,potB,0.3
mtuberculosis,Rv2412,styphimurium,rpsT,0.43
styphimurium,rpsT,syn3a,JCVISYN3A_0082,0.405
mgenitalium,MG_040,mpne,MPN052,0.586
ccrescentus,CCNA_01330,saureus,rpoA,0.466
mtuberculosis,Rv3457c,saureus,rpoA,0.489
mtuberculosis,Rv1653,saureus,argJ,0.349
abaylyi,ACIAD2913,mtuberculosis,Rv1940,0.334
mgenitalium,MG_458,mpne,MPN672,0.729
mgenitalium,MG_458,saureus,SA0468,0.333
mgenitalium,MG_458,styphimurium,hpt,0.33
ccrescentus,CCNA_01850,styphimurium,cyoB,0.681
mtuberculosis,Rv3043c,styphimurium,cyoB,0.444
ccrescentus,CCNA_02445,styphimurium,cutC,0.4
mtuberculosis,Rv0919,styphimurium,STM3651,0.496
ccrescentus,CCNA_01001,styphimurium,rbsK,0.362
mtuberculosis,Rv2593c,styphimurium,ruvA,0.341
abaylyi,ACIAD0726,mtuberculosis,Rv3246c,0.425
abaylyi,ACIAD1596,ccrescentus,CCNA_02724,0.317
abaylyi,ACIAD2440,styphimurium,gidA,0.656
saureus,acsA,styphimurium,acs,0.381
abaylyi,ACIAD0076,styphimurium,rffG,0.772
ccrescentus,CCNA_01997,syn3a,JCVISYN3A_0536,0.44
abaylyi,ACIAD2415,ccrescentus,CCNA_02127,0.368
ccrescentus,CCNA_02385,mtuberculosis,Rv2178c,0.517
saureus,purM,styphimurium,purM,0.52
abaylyi,ACIAD2634,saureus,purM,0.513
mtuberculosis,Rv0809,saureus,purM,0.406
saureus,SA1108,styphimurium,yhbC,0.355
abaylyi,ACIAD0367,styphimurium,yhbC,0.459
abaylyi,ACIAD0832,mtuberculosis,Rv3740c,0.403
abaylyi,ACIAD1213,saureus,SA1220,0.442
abaylyi,ACIAD1213,styphimurium,pstC,0.334
abaylyi,ACIAD0442,mpne,MPN292,0.345
ccrescentus,CCNA_00222,mtuberculosis,Rv0946c,0.46
abaylyi,ACIAD2938,ccrescentus,CCNA_00320,0.609
ccrescentus,CCNA_00320,mpne,MPN327,0.506
ccrescentus,CCNA_01936,saureus,SA0776,0.476
abaylyi,ACIAD1582,ccrescentus,CCNA_01936,0.448
ccrescentus,CCNA_01936,syn3a,JCVISYN3A_0441,0.329
ccrescentus,CCNA_02032,mtuberculosis,Rv3146,0.483
ccrescentus,CCNA_02032,styphimurium,nuoB,0.472
mtuberculosis,Rv3002c,styphimurium,ilvH,0.448
ccrescentus,CCNA_02186,mtuberculosis,Rv3002c,0.38
abaylyi,ACIAD1066,mtuberculosis,Rv3250c,0.698
mtuberculosis,Rv2471,saureus,SA0433,0.325
mtuberculosis,Rv2723,styphimurium,ygjT,0.351
abaylyi,ACIAD0154,ccrescentus,CCNA_03805,0.421
abaylyi,ACIAD2269,mgenitalium,MG_070,0.376
abaylyi,ACIAD1058,mgenitalium,MG_526,0.387
mgenitalium,MG_526,styphimurium,artP,0.399
ccrescentus,CCNA_02299,mgenitalium,MG_526,0.378
abaylyi,ACIAD2362,styphimurium,kdsB,0.487
abaylyi,ACIAD3500,saureus,SA1462,0.333
mpne,MPN165,syn3a,JCVISYN3A_0671,0.461
mpne,MPN165,mtuberculosis,Rv0701,0.389
abaylyi,ACIAD2667,styphimurium,pdxB,0.408
abaylyi,ACIAD1189,styphimurium,ymfC,0.522
abaylyi,ACIAD2903,styphimurium,ipk,0.447
ccrescentus,CCNA_03683,styphimurium,STM2176,0.435
ccrescentus,CCNA_00537,styphimurium,rpoC,0.619
abaylyi,ACIAD0299,styphimurium,tufA,0.84
abaylyi,ACIAD0299,saureus,tufA,0.758
abaylyi,ACIAD0299,syn3a,JCVISYN3A_0151,0.686
abaylyi,ACIAD2574,saureus,SA0902,0.322
mpne,MPN168,mtuberculosis,Rv0704,0.498
saureus,uvrA,styphimurium,uvrA,0.577
mtuberculosis,Rv1638,saureus,uvrA,0.584
saureus,uvrA,syn3a,JCVISYN3A_0824,0.54
abaylyi,ACIAD2091,styphimurium,cysE,0.484
mgenitalium,MG_203,styphimurium,gyrB,0.425
abaylyi,ACIAD0878,ccrescentus,CCNA_03877,0.364
abaylyi,ACIAD1463,ccrescentus,CCNA_02716,0.4
saureus,dpj,styphimurium,acpS,0.395
abaylyi,ACIAD3244,mtuberculosis,Rv0655,0.397
abaylyi,ACIAD2580,syn3a,JCVISYN3A_0403,0.349
abaylyi,ACIAD3658,mtuberculosis,Rv3276c,0.338
mpne,MPN073,mtuberculosis,Rv1017c,0.413
mgenitalium,MG_099,mpne,MPN237,0.677
ccrescentus,CCNA_01423,styphimurium,thiL,0.37
abaylyi,ACIAD3024,ccrescentus,CCNA_00173,0.548
abaylyi,ACIAD3479,ccrescentus,CCNA_00304,0.323
abaylyi,ACIAD3192,mtuberculosis,Rv3083,0.498
abaylyi,ACIAD0738,ccrescentus,CCNA_02020,0.376
ccrescentus,CCNA_03822,mgenitalium,MG_498,0.306
mgenitalium,MG_498,saureus,SA1512,0.304
mgenitalium,MG_355,saureus,clpB,0.506
mgenitalium,MG_355,mtuberculosis,Rv0384c,0.485
saureus,trpC,styphimurium,trpC,0.368
abaylyi,ACIAD0674,styphimurium,yeaB,0.389
ccrescentus,CCNA_00757,styphimurium,yjeA,0.386
ccrescentus,CCNA_00757,mtuberculosis,Rv3598c,0.317
abaylyi,ACIAD2894,saureus,ssrP,0.43
abaylyi,ACIAD2894,syn3a,JCVISYN3A_0776,0.404
abaylyi,ACIAD2894,mpne,MPN_074,0.372
mgenitalium,MG_064,mpne,MPN080,0.668
mpne,MPN672,saureus,SA0468,0.368
mpne,MPN672,styphimurium,hpt,0.327
mpne,MPN637,syn3a,JCVISYN3A_0304,0.316
abaylyi,ACIAD2680,styphimurium,STM1795,0.708
abaylyi,ACIAD3423,styphimurium,yegN,0.607
abaylyi,ACIAD3012,ccrescentus,CCNA_01440,0.574
abaylyi,ACIAD3596,ccrescentus,CCNA_01342,0.443
mgenitalium,MG_042,mpne,MPN055,0.744
ccrescentus,CCNA_00217,styphimurium,dsbD,0.314
abaylyi,ACIAD3576,mtuberculosis,Rv3436c,0.424
mtuberculosis,Rv3436c,saureus,glmS,0.401
mgenitalium,MG_114,mpne,MPN253,0.625
mpne,MPN422,styphimurium,trmU,0.382
ccrescentus,CCNA_01086,styphimurium,lepA,0.599
abaylyi,ACIAD2584,ccrescentus,CCNA_01086,0.56
abaylyi,ACIAD2944,styphimurium,acrB,0.591
abaylyi,ACIAD3199,mpne,MPN184,0.35
saureus,infB,syn3a,JCVISYN3A_0297,0.496
mtuberculosis,Rv2839c,saureus,infB,0.497
mtuberculosis,Rv1160,styphimurium,STM1301,0.371
abaylyi,ACIAD2401,styphimurium,STM0355,0.38
abaylyi,ACIAD3573,styphimurium,thiL,0.464
saureus,secA,styphimurium,secA,0.45
saureus,secA,syn3a,JCVISYN3A_0095,0.483
abaylyi,ACIAD0191,styphimurium,yeaD,0.328
abaylyi,ACIAD2557,syn3a,JCVISYN3A_0063,0.401
saureus,SA0447,syn3a,JCVISYN3A_0504,0.345
styphimurium,rpsJ,syn3a,JCVISYN3A_0672,0.509
ccrescentus,CCNA_01305,syn3a,JCVISYN3A_0672,0.519
abaylyi,ACIAD3220,syn3a,JCVISYN3A_0672,0.45
mpne,MPN164,syn3a,JCVISYN3A_0672,0.44
saureus,ssrP,syn3a,JCVISYN3A_0776,0.377
mpne,MPN_074,syn3a,JCVISYN3A_0776,0.416
styphimurium,uvrB,syn3a,JCVISYN3A_0825,0.508
mtuberculosis,Rv2793c,syn3a,JCVISYN3A_0290,0.327
ccrescentus,CCNA_03322,saureus,serA,0.389
abaylyi,ACIAD1017,saureus,bfmBAA,0.331
abaylyi,ACIAD1262,styphimurium,crp,0.497
abaylyi,ACIAD1331,styphimurium,rpsU,0.76
abaylyi,ACIAD1365,ccrescentus,CCNA_02398,0.405
ccrescentus,CCNA_01327,mtuberculosis,Rv0733,0.454
abaylyi,ACIAD1105,mtuberculosis,Rv0733,0.369
mtuberculosis,Rv0733,syn3a,JCVISYN3A_0651,0.329
abaylyi,ACIAD1582,saureus,SA0776,0.452
abaylyi,ACIAD1582,syn3a,JCVISYN3A_0441,0.335
mtuberculosis,Rv3913,saureus,trxB,0.467
abaylyi,ACIAD0890,saureus,trxB,0.452
mgenitalium,MG_102,saureus,trxB,0.381
saureus,ftsZ,syn3a,JCVISYN3A_0522,0.55
abaylyi,ACIAD3324,mpne,MPN246,0.371
mpne,MPN_074,saureus,ssrP,0.379
mtuberculosis,Rv2412,syn3a,JCVISYN3A_0082,0.463
mgenitalium,MG_087,syn3a,JCVISYN3A_0148,0.71
mtuberculosis,Rv2839c,syn3a,JCVISYN3A_0297,0.433
ccrescentus,CCNA_02265,mgenitalium,MG_448,0.441
ccrescentus,CCNA_03822,mtuberculosis,Rv2924c,0.346
abaylyi,ACIAD2339,mtuberculosis,Rv3049c,0.43
abaylyi,ACIAD3215,mtuberculosis,Rv0705,0.684
mgenitalium,MG_155,mtuberculosis,Rv0705,0.638
mtuberculosis,Rv3585,saureus,radA,0.399
ccrescentus,CCNA_02425,styphimurium,yacG,0.466
saureus,SA0468,styphimurium,hpt,0.493
abaylyi,ACIAD3516,ccrescentus,CCNA_02629,0.422
mpne,D02_orf152,syn3a,JCVISYN3A_0800,0.428
ccrescentus,CCNA_00536,styphimurium,rpoB,0.583
ccrescentus,CCNA_00536,saureus,rpoB,0.443
abaylyi,ACIAD0050,mtuberculosis,Rv1340,0.559
ccrescentus,CCNA_02612,mtuberculosis,Rv2555c,0.406
abaylyi,ACIAD1253,mtuberculosis,Rv2555c,0.396
mpne,MPN418,mtuberculosis,Rv2555c,0.341
abaylyi,ACIAD2871,mtuberculosis,Rv3336c,0.31
mgenitalium,MG_079,saureus,oppD,0.457
mgenitalium,MG_207,mpne,MPN126,0.602
mtuberculosis,Rv1341,styphimurium,yggV,0.46
abaylyi,ACIAD3371,saureus,gltX,0.327
abaylyi,ACIAD3371,mgenitalium,MG_462,0.354
mtuberculosis,Rv3433c,styphimurium,yjeF,0.336
abaylyi,ACIAD2861,styphimurium,carB,0.718
abaylyi,ACIAD3451,mtuberculosis,Rv3629c,0.456
saureus,rplA,syn3a,JCVISYN3A_0809,0.57
abaylyi,ACIAD0304,syn3a,JCVISYN3A_0809,0.482
styphimurium,rplA,syn3a,JCVISYN3A_0809,0.482
ccrescentus,CCNA_00677,syn3a,JCVISYN3A_0809,0.492
mtuberculosis,Rv2906c,saureus,trmD,0.46
abaylyi,ACIAD3311,mtuberculosis,Rv2906c,0.352
abaylyi,ACIAD2518,styphimurium,ybgK,0.318
abaylyi,ACIAD3158,saureus,SA1134,0.368
ccrescentus,CCNA_01046,styphimurium,msrA,0.604
mpne,MPN607,styphimurium,msrA,0.408
mgenitalium,MG_408,styphimurium,msrA,0.402
abaylyi,ACIAD1069,mtuberculosis,Rv3598c,0.409
ccrescentus,CCNA_01935,saureus,SA0833,0.402
ccrescentus,CCNA_01999,styphimurium,tsf,0.439
mtuberculosis,Rv3664c,saureus,SA0200,0.33
abaylyi,ACIAD2634,styphimurium,purM,0.699
mtuberculosis,Rv0809,styphimurium,purM,0.462
saureus,SA2125,styphimurium,hutG,0.326
abaylyi,ACIAD3444,styphimurium,STM0951,0.569
abaylyi,ACIAD2852,styphimurium,folP,0.505
ccrescentus,CCNA_03332,styphimurium,folP,0.488
abaylyi,ACIAD0044,ccrescentus,CCNA_00883,0.421
abaylyi,ACIAD1073,ccrescentus,CCNA_01549,0.57
abaylyi,ACIAD2282,ccrescentus,CCNA_00257,0.529
saureus,SA0675,styphimurium,yjjK,0.372
abaylyi,ACIAD2794,mtuberculosis,Rv3854c,0.506
ccrescentus,CCNA_00305,styphimurium,ybgR,0.363
ccrescentus,CCNA_03768,styphimurium,ffh,0.538
abaylyi,ACIAD0839,ccrescentus,CCNA_03768,0.501
ccrescentus,CCNA_03768,mgenitalium,MG_048,0.39
mtuberculosis,Rv1638,syn3a,JCVISYN3A_0824,0.498
styphimurium,uvrA,syn3a,JCVISYN3A_0824,0.491
mgenitalium,MG_313,mpne,MPN448,0.583
saureus,menB,styphimurium,menB,0.654
mtuberculosis,Rv0548c,styphimurium,menB,0.487
ccrescentus,CCNA_02459,mtuberculosis,Rv1493,0.729
abaylyi,ACIAD1108,mtuberculosis,Rv3674c,0.392
abaylyi,ACIAD3505,mtuberculosis,Rv3848,0.337
mgenitalium,MG_006,mpne,MPN006,0.62
abaylyi,ACIAD2588,mpne,MPN006,0.397
mtuberculosis,Rv3676,styphimurium,crp,0.322
ccrescentus,CCNA_02435,styphimurium,murA,0.516
saureus,murA,styphimurium,murA,0.492
ccrescentus,CCNA_02495,styphimurium,STM2179,0.342
mpne,MPN550,saureus,SA1537,0.332
mtuberculosis,Rv2357c,syn3a,JCVISYN3A_0405,0.442
mgenitalium,MG_093,syn3a,JCVISYN3A_0833,0.316
abaylyi,ACIAD0804,saureus,SA2135,0.399
abaylyi,ACIAD1105,ccrescentus,CCNA_01327,0.364
ccrescentus,CCNA_01327,syn3a,JCVISYN3A_0651,0.323
mgenitalium,MG_525,mpne,MPN613,0.422
abaylyi,ACIAD3680,styphimurium,trmE,0.547
saureus,thdF,styphimurium,trmE,0.328
ccrescentus,CCNA_01330,mtuberculosis,Rv3457c,0.421
abaylyi,ACIAD0205,syn3a,JCVISYN3A_0010,0.361
abaylyi,ACIAD0353,ccrescentus,CCNA_03506,0.411
ccrescentus,CCNA_01141,mpne,MPN490,0.479
ccrescentus,CCNA_01791,saureus,ctrA,0.509
abaylyi,ACIAD3220,styphimurium,rpsJ,0.854
abaylyi,ACIAD3220,ccrescentus,CCNA_01305,0.686
abaylyi,ACIAD3220,mpne,MPN164,0.333
abaylyi,ACIAD1205,styphimurium,dps,0.59
abaylyi,ACIAD1376,mtuberculosis,Rv2870c,0.436
abaylyi,ACIAD1516,ccrescentus,CCNA_01738,0.339
ccrescentus,CCNA_00512,saureus,SA0351,0.561
saureus,tufA,styphimurium,tufA,0.748
saureus,tufA,syn3a,JCVISYN3A_0151,0.734
mgenitalium,MG_282,syn3a,JCVISYN3A_0253,0.453
ccrescentus,CCNA_01017,styphimurium,ydiD,0.321
abaylyi,ACIAD2839,saureus,groES,0.451
mtuberculosis,Rv2289,styphimurium,ushB,0.334
abaylyi,ACIAD1366,styphimurium,argI,0.395
ccrescentus,CCNA_02325,styphimurium,argI,0.375
abaylyi,ACIAD1976,mtuberculosis,Rv0242c,0.471
ccrescentus,CCNA_00675,mtuberculosis,Rv0624,0.392
abaylyi,ACIAD0042,styphimurium,yciK,0.504
abaylyi,ACIAD0114,mtuberculosis,Rv3291c,0.395
abaylyi,ACIAD2088,styphimurium,ansB,0.451
abaylyi,ACIAD2088,saureus,ansA,0.303
saureus,hemB,styphimurium,hemB,0.493
mgenitalium,MG_433,styphimurium,tsf,0.386
abaylyi,ACIAD1366,ccrescentus,CCNA_02325,0.483
mgenitalium,MG_239,styphimurium,lon,0.414
abaylyi,ACIAD0239,styphimurium,ppa,0.657
ccrescentus,CCNA_00045,styphimurium,ppa,0.544
styphimurium,ppa,syn3a,JCVISYN3A_0344,0.384
abaylyi,ACIAD0905,styphimurium,yafJ,0.52
abaylyi,ACIAD1253,ccrescentus,CCNA_02612,0.497
abaylyi,ACIAD2900,mtuberculosis,Rv0509,0.318
abaylyi,ACIAD0876,mtuberculosis,Rv2232,0.375
mtuberculosis,Rv2294,styphimurium,STM1557,0.307
saureus,ansA,styphimurium,STM3598,0.331
ccrescentus,CCNA_02543,styphimurium,rpmG,0.6
mtuberculosis,Rv2057c,styphimurium,rpmG,0.531
abaylyi,ACIAD0839,styphimurium,ffh,0.668
abaylyi,ACIAD0839,mgenitalium,MG_048,0.398
abaylyi,ACIAD1009,saureus,gbsA,0.41
abaylyi,ACIAD1009,styphimurium,hpaE,0.39
abaylyi,ACIAD1545,ccrescentus,CCNA_00682,0.429
ccrescentus,CCNA_01318,mtuberculosis,Rv0716,0.583
abaylyi,ACIAD2625,ccrescentus,CCNA_01449,0.566
ccrescentus,CCNA_01449,styphimurium,fbp,0.464
ccrescentus,CCNA_02617,mtuberculosis,Rv3772,0.334
abaylyi,ACIAD3349,mtuberculosis,Rv3858c,0.367
ccrescentus,CCNA_01321,saureus,rplF,0.525
ccrescentus,CCNA_01321,mpne,MPN180,0.421
saureus,SA1977,styphimurium,fepG,0.345
mtuberculosis,Rv1237,styphimurium,malG,0.327
ccrescentus,CCNA_01996,mtuberculosis,Rv2361c,0.426
mpne,MPN322,mtuberculosis,Rv3048c,0.517
ccrescentus,CCNA_03262,saureus,SA0667,0.444
abaylyi,ACIAD1927,ccrescentus,CCNA_03359,0.467
ccrescentus,CCNA_03359,saureus,pgk,0.396
saureus,pdf1,styphimurium,def,0.38
abaylyi,ACIAD1022,styphimurium,ucpA,0.368
abaylyi,ACIAD1371,styphimurium,yliG,0.683
saureus,rplO,syn3a,JCVISYN3A_0653,0.564
abaylyi,ACIAD3200,syn3a,JCVISYN3A_0653,0.426
saureus,SA0490,syn3a,JCVISYN3A_0838,0.347
abaylyi,ACIAD3587,ccrescentus,CCNA_02576,0.474
abaylyi,ACIAD2852,ccrescentus,CCNA_03332,0.484
abaylyi,ACIAD2934,ccrescentus,CCNA_01175,0.459
abaylyi,ACIAD2934,mtuberculosis,Rv2847c,0.319
abaylyi,ACIAD2934,saureus,nasF,0.425
ccrescentus,CCNA_02186,styphimurium,ilvH,0.461
abaylyi,ACIAD3257,ccrescentus,CCNA_03817,0.323
ccrescentus,CCNA_03408,mtuberculosis,Rv1687c,0.395
ccrescentus,CCNA_02854,mtuberculosis,Rv0602c,0.463
abaylyi,ACIAD2239,ccrescentus,CCNA_02854,0.422
abaylyi,ACIAD1119,ccrescentus,CCNA_02983,0.424
ccrescentus,CCNA_02983,saureus,SA0659,0.344
ccrescentus,CCNA_03206,styphimurium,tdcG,0.517
abaylyi,ACIAD1495,mtuberculosis,Rv0187,0.388
ccrescentus,CCNA_01050,saureus,vga,0.363
ccrescentus,CCNA_01275,syn3a,JCVISYN3A_0684,0.348
ccrescentus,CCNA_01473,mtuberculosis,Rv0969,0.351
abaylyi,ACIAD1323,mtuberculosis,Rv0808,0.364
mgenitalium,MG_330,styphimurium,cmk,0.362
mpne,MPN322,saureus,nrdF,0.326
mpne,MPN066,syn3a,JCVISYN3A_0733,0.31
ccrescentus,CCNA_01323,saureus,rpsE,0.586
abaylyi,ACIAD3202,saureus,rpsE,0.539
ccrescentus,CCNA_02097,styphimurium,mdoH,0.383
abaylyi,ACIAD3116,saureus,fabI,0.468
ccrescentus,CCNA_03734,mtuberculosis,Rv2438c,0.579
abaylyi,ACIAD3607,saureus,SA0205,0.405
mgenitalium,MG_462,saureus,gltX,0.422
ccrescentus,CCNA_00815,mtuberculosis,Rv0913c,0.529
abaylyi,ACIAD3645,mtuberculosis,Rv2568c,0.393
abaylyi,ACIAD2625,styphimurium,fbp,0.431
mpne,MPN164,styphimurium,rpsJ,0.395
ccrescentus,CCNA_01305,mpne,MPN164,0.41
abaylyi,ACIAD3215,mgenitalium,MG_155,0.614
mgenitalium,MG_280,mpne,MPN399,0.458
saureus,katA,styphimurium,katE,0.401
mtuberculosis,Rv1638,styphimurium,uvrA,0.564
ccrescentus,CCNA_03541,styphimurium,yafB,0.39
ccrescentus,CCNA_03541,mtuberculosis,Rv2971,0.399
abaylyi,ACIAD0340,styphimurium,uvrC,0.46
ccrescentus,CCNA_02975,styphimurium,uvrC,0.407
styphimurium,uvrC,syn3a,JCVISYN3A_0254,0.32
mgenitalium,MG_223,mpne,MPN316,0.496
abaylyi,ACIAD3563,mtuberculosis,Rv1897c,0.414
mgenitalium,MG_347,saureus,SA1569,0.39
ccrescentus,CCNA_00047,saureus,SA1569,0.313
mtuberculosis,Rv0548c,saureus,menB,0.47
ccrescentus,CCNA_03310,mtuberculosis,Rv0639,0.376
saureus,oppD,styphimurium,oppD,0.543
ccrescentus,CCNA_01071,mtuberculosis,Rv3476c,0.371
abaylyi,ACIAD3591,styphimurium,yecS,0.363
abaylyi,ACIAD2427,saureus,qoxC,0.376
mtuberculosis,Rv2193,saureus,qoxC,0.333
abaylyi,ACIAD1119,saureus,SA0659,0.386
abaylyi,ACIAD3213,mtuberculosis,Rv0707,0.5
abaylyi,ACIAD3450,styphimurium,yajR,0.405
ccrescentus,CCNA_00664,styphimurium,dctA,0.616
ccrescentus,CCNA_00602,mtuberculosis,Rv3693,0.325
ccrescentus,CCNA_03371,mtuberculosis,Rv1876,0.5
mtuberculosis,Rv1876,styphimurium,bfr,0.442
abaylyi,ACIAD0561,mtuberculosis,Rv2868c,0.446
mtuberculosis,Rv2993c,saureus,SA0829,0.366
mtuberculosis,Rv3025c,styphimurium,nifS,0.403
abaylyi,ACIAD1404,mtuberculosis,Rv3025c,0.392
abaylyi,ACIAD2938,mpne,MPN327,0.542
abaylyi,ACIAD2976,saureus,kdpC(SCCmec),0.412
ccrescentus,CCNA_03819,mtuberculosis,Rv2748c,0.358
ccrescentus,CCNA_03371,styphimurium,bfr,0.592
saureus,SA1972,styphimurium,STM1843,0.319
mtuberculosis,Rv2847c,saureus,nasF,0.35
ccrescentus,CCNA_01175,saureus,nasF,0.355
abaylyi,ACIAD0304,styphimurium,rplA,0.644
ccrescentus,CCNA_00677,styphimurium,rplA,0.56
saureus,rplA,styphimurium,rplA,0.528
ccrescentus,CCNA_00270,styphimurium,recR,0.385
abaylyi,ACIAD3501,styphimurium,pdxH,0.412
mtuberculosis,Rv2607,styphimurium,pdxH,0.405
abaylyi,ACIAD3074,styphimurium,glxR,0.339
abaylyi,ACIAD1680,styphimurium,STM0858,0.487
ccrescentus,CCNA_00932,saureus,ribH,0.411
mtuberculosis,Rv1010,saureus,ksgA,0.379
mtuberculosis,Rv1165,styphimurium,typA,0.462
mtuberculosis,Rv1701,styphimurium,xerD,0.419
abaylyi,ACIAD2028,mtuberculosis,Rv2540c,0.348
abaylyi,ACIAD0629,styphimurium,ydiU,0.4
abaylyi,ACIAD3503,saureus,guaB,0.537
mtuberculosis,Rv3227,styphimurium,aroA,0.317
abaylyi,ACIAD1983,styphimurium,mgtC,0.423
abaylyi,ACIAD0529,mtuberculosis,Rv3341,0.338
abaylyi,ACIAD1260,ccrescentus,CCNA_00921,0.318
mtuberculosis,Rv0701,syn3a,JCVISYN3A_0671,0.436
abaylyi,ACIAD1990,syn3a,JCVISYN3A_0233,0.349
ccrescentus,CCNA_01763,mtuberculosis,Rv2213,0.381
mtuberculosis,Rv2213,styphimurium,pepA,0.392
mtuberculosis,Rv2213,saureus,ampA,0.364
saureus,ribB,styphimurium,ribE,0.324
saureus,rpmE,styphimurium,rpmE2,0.487
ccrescentus,CCNA_03384,saureus,rpmE,0.412
ccrescentus,CCNA_00051,styphimurium,ybeX,0.338
ccrescentus,CCNA_00051,mtuberculosis,Rv2366c,0.353
abaylyi,ACIAD3257,mtuberculosis,Rv1338,0.367
abaylyi,ACIAD2365,styphimurium,msbA,0.402
abaylyi,ACIAD2854,styphimurium,ftsJ,0.538
saureus,proS,styphimurium,proS,0.452
ccrescentus,CCNA_00572,styphimurium,nagE,0.451
ccrescentus,CCNA_00670,saureus,tagH,0.359
saureus,SA0227,styphimurium,ydiF,0.354
abaylyi,ACIAD2427,mtuberculosis,Rv2193,0.305
ccrescentus,CCNA_03822,saureus,SA1512,0.304
abaylyi,ACIAD2634,mtuberculosis,Rv0809,0.478
ccrescentus,CCNA_03695,styphimurium,aldB,0.725
ccrescentus,CCNA_01699,saureus,SA0261,0.322
abaylyi,ACIAD1343,styphimurium,aroP,0.638
ccrescentus,CCNA_01175,mtuberculosis,Rv2847c,0.414
abaylyi,ACIAD3281,mtuberculosis,Rv2971,0.378
ccrescentus,CCNA_02034,styphimurium,yhbW,0.583
abaylyi,ACIAD3210,styphimurium,rpsQ,0.662
abaylyi,ACIAD3281,styphimurium,STM1676,0.409
ccrescentus,CCNA_03464,mtuberculosis,Rv1826,0.432
abaylyi,ACIAD0239,syn3a,JCVISYN3A_0344,0.384
ccrescentus,CCNA_00045,syn3a,JCVISYN3A_0344,0.343
abaylyi,ACIAD3310,styphimurium,rplS,0.693
abaylyi,ACIAD2277,styphimurium,yafH,0.449
abaylyi,ACIAD0340,ccrescentus,CCNA_02975,0.355
abaylyi,ACIAD1987,mgenitalium,MG_172,0.352
abaylyi,ACIAD2352,mpne,MPN235,0.313
abaylyi,ACIAD0563,styphimurium,yfgM,0.303
abaylyi,ACIAD0706,styphimurium,ppiC,0.465
ccrescentus,CCNA_02635,mtuberculosis,Rv0017c,0.315
saureus,SA1129,syn3a,JCVISYN3A_0359,0.39
mtuberculosis,Rv2752c,syn3a,JCVISYN3A_0600,0.324
mgenitalium,MG_452,mpne,MPN666,0.586
mgenitalium,MG_041,syn3a,JCVISYN3A_0694,0.544
mgenitalium,MG_041,saureus,ptsH,0.476
ccrescentus,CCNA_00047,mtuberculosis,Rv0208c,0.326
abaylyi,ACIAD1656,styphimurium,STM0952,0.431
abaylyi,ACIAD0890,mtuberculosis,Rv3913,0.465
abaylyi,ACIAD0890,mgenitalium,MG_102,0.358
abaylyi,ACIAD2588,mgenitalium,MG_006,0.403
ccrescentus,CCNA_01046,mgenitalium,MG_408,0.426
ccrescentus,CCNA_01046,mpne,MPN607,0.433
saureus,SA0490,styphimurium,yjfH,0.378
mgenitalium,MG_176,mtuberculosis,Rv3459c,0.495
mgenitalium,MG_378,syn3a,JCVISYN3A_0535,0.318
abaylyi,ACIAD2043,styphimurium,yjeS,0.501
abaylyi,ACIAD2043,saureus,SA1673,0.344
ccrescentus,CCNA_00084,styphimurium,purH,0.534
mtuberculosis,Rv0957,styphimurium,purH,0.432
abaylyi,ACIAD3032,styphimurium,proC,0.335
mtuberculosis,Rv0384c,saureus,clpB,0.528
ccrescentus,CCNA_03998,styphimurium,wcaI,0.388
abaylyi,ACIAD3311,saureus,trmD,0.44
abaylyi,ACIAD3023,saureus,SA0755,0.35
ccrescentus,CCNA_01381,mgenitalium,MG_334,0.353
mtuberculosis,Rv0708,saureus,rplP,0.573
mpne,MPN172,saureus,rplP,0.562
saureus,ptsH,syn3a,JCVISYN3A_0694,0.493
mpne,MPN245,styphimurium,def,0.318
abaylyi,ACIAD1296,ccrescentus,CCNA_00200,0.352
ccrescentus,CCNA_00777,styphimurium,STM3388,0.42
abaylyi,ACIAD0744,styphimurium,upp,0.634
abaylyi,ACIAD0744,ccrescentus,CCNA_02351,0.514
ccrescentus,CCNA_00878,mgenitalium,MG_425,0.336
ccrescentus,CCNA_03421,mtuberculosis,Rv3197,0.317
abaylyi,ACIAD0657,ccrescentus,CCNA_03713,0.363
ccrescentus,CCNA_01723,saureus,panB,0.392
ccrescentus,CCNA_01821,styphimurium,mazG,0.513
saureus,rpoB,styphimurium,rpoB,0.437
saureus,SA1924,styphimurium,hpaE,0.375
mgenitalium,MG_203,syn3a,JCVISYN3A_0452,0.466
ccrescentus,CCNA_02344,styphimurium,gpmA,0.535
ccrescentus,CCNA_02344,saureus,SA2204,0.486
ccrescentus,CCNA_01322,mpne,MPN181,0.425
mpne,MPN314,syn3a,JCVISYN3A_0525,0.357
abaylyi,ACIAD1927,saureus,pgk,0.416
mgenitalium,MG_330,syn3a,JCVISYN3A_0347,0.361
mgenitalium,MG_083,styphimurium,pth,0.373
abaylyi,ACIAD1363,styphimurium,clpA,0.617
abaylyi,ACIAD0970,styphimurium,btuC,0.338
saureus,nupC,styphimurium,nupC,0.558
abaylyi,ACIAD2041,styphimurium,ruvC,0.554
saureus,SA1110,syn3a,JCVISYN3A_0299,0.437
saureus,SA1360,syn3a,JCVISYN3A_0305,0.409
saureus,SA1360,styphimurium,pepP,0.315
abaylyi,ACIAD3102,mtuberculosis,Rv3001c,0.544
ccrescentus,CCNA_02133,styphimurium,glk,0.404
abaylyi,ACIAD1346,ccrescentus,CCNA_03672,0.458
ccrescentus,CCNA_00810,mtuberculosis,Rv2970c,0.421
ccrescentus,CCNA_01850,mtuberculosis,Rv3043c,0.454
ccrescentus,CCNA_00731,styphimurium,mutL,0.452
abaylyi,ACIAD0701,styphimurium,rsmC,0.358
ccrescentus,CCNA_00677,saureus,rplA,0.553
abaylyi,ACIAD0304,saureus,rplA,0.488
mpne,MPN166,saureus,rplD,0.375
mgenitalium,MG_102,mtuberculosis,Rv3913,0.306
ccrescentus,CCNA_03648,styphimurium,yjeE,0.394
styphimurium,secA,syn3a,JCVISYN3A_0095,0.411
abaylyi,ACIAD0239,ccrescentus,CCNA_00045,0.547
abaylyi,ACIAD0351,styphimurium,ydhJ,0.351
abaylyi,ACIAD2657,saureus,xerC,0.395
abaylyi,ACIAD3041,saureus,pheT,0.348
ccrescentus,CCNA_03750,mtuberculosis,Rv1559,0.394
ccrescentus,CCNA_01035,styphimurium,ggt,0.48
saureus,SA0202,styphimurium,ggt,0.349
ccrescentus,CCNA_02018,mtuberculosis,Rv3155,0.447
saureus,ddlA,styphimurium,ddlA,0.434
abaylyi,ACIAD3040,styphimurium,himA,0.677
abaylyi,ACIAD1105,syn3a,JCVISYN3A_0651,0.352
saureus,SA0422,styphimurium,yaeC,0.395
abaylyi,ACIAD2220,styphimurium,pepD,0.403
abaylyi,ACIAD2250,styphimurium,ahpF,0.621
abaylyi,ACIAD3059,styphimurium,yhbJ,0.417
abaylyi,ACIAD3269,styphimurium,glyS,0.494
abaylyi,ACIAD3602,styphimurium,STM4562,0.557
abaylyi,ACIAD3680,saureus,thdF,0.344
abaylyi,ACIAD0304,ccrescentus,CCNA_00677,0.545
saureus,SA0753,styphimurium,yggA,0.323
ccrescentus,CCNA_02612,mpne,MPN418,0.33
abaylyi,ACIAD0802,saureus,SA2222,0.326
mtuberculosis,Rv1354c,styphimurium,STM3388,0.356
abaylyi,ACIAD3099,mtuberculosis,Rv1354c,0.345
mtuberculosis,Rv3606c,saureus,folK,0.357
abaylyi,ACIAD3062,mtuberculosis,Rv3606c,0.354
ccrescentus,CCNA_01620,mtuberculosis,Rv3606c,0.306
mtuberculosis,Rv1273c,styphimurium,cydC,0.323
abaylyi,ACIAD2814,styphimurium,greB,0.625
mgenitalium,MG_345,saureus,ileS,0.38
mtuberculosis,Rv1512,styphimurium,wcaG,0.527
ccrescentus,CCNA_01035,saureus,SA0202,0.318
abaylyi,ACIAD3202,ccrescentus,CCNA_01323,0.585
ccrescentus,CCNA_02401,styphimurium,STM3012,0.338
abaylyi,ACIAD1565,mtuberculosis,Rv1144,0.575
ccrescentus,CCNA_02543,mtuberculosis,Rv2057c,0.511
styphimurium,nusA,syn3a,JCVISYN3A_0300,0.315
mtuberculosis,Rv1711,saureus,rluB,0.393
abaylyi,ACIAD2932,styphimurium,ytfH,0.38
mtuberculosis,Rv2366c,styphimurium,ybeX,0.362
mgenitalium,MG_048,styphimurium,ffh,0.4
mgenitalium,MG_423,syn3a,JCVISYN3A_0257,0.307
mtuberculosis,Rv2995c,styphimurium,leuB,0.385
abaylyi,ACIAD2876,mtuberculosis,Rv1248c,0.45
styphimurium,pepP,syn3a,JCVISYN3A_0305,0.322
mpne,MPN250,saureus,pgi,0.338
ccrescentus,CCNA_02351,styphimurium,upp,0.527
abaylyi,ACIAD3015,styphimurium,sspB,0.564
abaylyi,ACIAD2945,ccrescentus,CCNA_00849,0.465
abaylyi,ACIAD3200,saureus,rplO,0.444
mpne,MPN384,styphimurium,leuS,0.346
mpne,MPN428,saureus,pta,0.406
ccrescentus,CCNA_00070,mtuberculosis,Rv0510,0.384
mtuberculosis,Rv1229c,styphimurium,mrp,0.337
mgenitalium,MG_180,syn3a,JCVISYN3A_0642,0.427
ccrescentus,CCNA_01002,styphimurium,fliP,0.504
mgenitalium,MG_408,mpne,MPN607,0.77
ccrescentus,CCNA_00985,styphimurium,ptrB,0.353
ccrescentus,CCNA_01620,saureus,folK,0.325
ccrescentus,CCNA_01851,saureus,SA0913,0.322
abaylyi,ACIAD3576,saureus,glmS,0.424
mpne,MPN172,mtuberculosis,Rv0708,0.507
abaylyi,ACIAD2283,ccrescentus,CCNA_02224,0.355
ccrescentus,CCNA_00084,mtuberculosis,Rv0957,0.478
mpne,MPN576,styphimurium,glyA,0.528
styphimurium,tufA,syn3a,JCVISYN3A_0151,0.684
ccrescentus,CCNA_01299,saureus,SA2238,0.323
abaylyi,ACIAD2691,styphimurium,STM0273,0.423
mgenitalium,MG_371,mpne,MPN549,0.825
abaylyi,ACIAD2288,mtuberculosis,Rv3907c,0.3
mtuberculosis,Rv3146,styphimurium,nuoB,0.503
mtuberculosis,Rv2445c,styphimurium,ndk,0.465
mtuberculosis,Rv3257c,styphimurium,cpsG,0.379
mtuberculosis,Rv3423c,saureus,alr,0.328
mpne,MPN180,saureus,rplF,0.441
mpne,MPN230,mtuberculosis,Rv0055,0.453
abaylyi,ACIAD0339,styphimurium,STM2375,0.365
abaylyi,ACIAD3612,styphimurium,yjgB,0.589
mgenitalium,MG_347,mtuberculosis,Rv0208c,0.32
abaylyi,ACIAD0530,mtuberculosis,Rv3710,0.509
abaylyi,ACIAD2584,styphimurium,lepA,0.732
mgenitalium,MG_206,syn3a,JCVISYN3A_0254,0.317
mgenitalium,MG_457,mpne,MPN671,0.849
abaylyi,ACIAD2982,ccrescentus,CCNA_01177,0.521
abaylyi,ACIAD0979,ccrescentus,CCNA_02477,0.485
abaylyi,ACIAD3058,styphimurium,ptsO,0.344
abaylyi,ACIAD3099,styphimurium,STM3388,0.4
abaylyi,ACIAD2045,mtuberculosis,Rv1589,0.352
abaylyi,ACIAD2045,saureus,bioB,0.337
abaylyi,ACIAD3201,saureus,rpmD,0.362
abaylyi,ACIAD1404,styphimurium,nifS,0.676
ccrescentus,CCNA_01305,styphimurium,rpsJ,0.725
saureus,SA0776,syn3a,JCVISYN3A_0441,0.381
saureus,SA2204,styphimurium,gpmA,0.477
abaylyi,ACIAD2205,styphimurium,cstA,0.61
mtuberculosis,Rv1559,saureus,ilvA,0.451
ccrescentus,CCNA_03664,saureus,dapB,0.332
mtuberculosis,Rv1250,styphimurium,STM1843,0.314
mtuberculosis,Rv1650,saureus,pheT,0.307
abaylyi,ACIAD3464,styphimurium,yjcH,0.396
abaylyi,ACIAD3501,mtuberculosis,Rv2607,0.377
abaylyi,ACIAD2919,saureus,SA2301,0.37
abaylyi,ACIAD3062,saureus,folK,0.403
abaylyi,ACIAD0021,saureus,lsp,0.397
ccrescentus,CCNA_01898,styphimurium,ycfH,0.333
mtuberculosis,Rv1589,saureus,bioB,0.326
ccrescentus,CCNA_02435,saureus,murA,0.478
abaylyi,ACIAD3091,styphimurium,yjjV,0.334
saureus,hisI,styphimurium,hisI,0.435
ccrescentus,CCNA_03144,mtuberculosis,Rv2343c,0.358
