{
  "tier1_150M": {
    "n_features": 655,
    "fold_mcc_mean": 0.09472970842232593,
    "fold_mcc_std": 0.11218533722442411,
    "pooled_mcc": 0.09830290640406832,
    "confusion": {
      "tp": 317,
      "fp": 52,
      "tn": 20,
      "fn": 66
    },
    "wall_s": 7.760301646000002
  },
  "union_150M": {
    "n_features": 665,
    "fold_mcc_mean": 0.3665804195198273,
    "fold_mcc_std": 0.08160300061463836,
    "pooled_mcc": 0.36244739687867056,
    "confusion": {
      "tp": 326,
      "fp": 32,
      "tn": 40,
      "fn": 57
    },
    "wall_s": 6.392672762999993
  }
}