{
  "n_seeds": 3,
  "seeds_run": [
    1,
    2,
    42
  ],
  "mean_mcc": 0.5372,
  "std_mcc": 0.0,
  "min_mcc": 0.5372,
  "max_mcc": 0.5372,
  "ci_95_low": 0.5372,
  "ci_95_high": 0.5372,
  "per_seed": {
    "seed_42": {
      "tp": 287,
      "fp": 3,
      "tn": 69,
      "fn": 96,
      "mcc": 0.5372320940435067,
      "precision": 0.9896551724137931,
      "recall": 0.7493472584856397,
      "specificity": 0.9583333333333334
    },
    "seed_1": {
      "tp": 287,
      "fp": 3,
      "tn": 69,
      "fn": 96,
      "mcc": 0.5372320940435067,
      "precision": 0.9896551724137931,
      "recall": 0.7493472584856397,
      "specificity": 0.9583333333333334
    },
    "seed_2": {
      "tp": 287,
      "fp": 3,
      "tn": 69,
      "fn": 96,
      "mcc": 0.5372320940435067,
      "precision": 0.9896551724137931,
      "recall": 0.7493472584856397,
      "specificity": 0.9583333333333334
    }
  }
}