{
  "n_atoms": 600,
  "n_bonds_initial": 300,
  "initial_components": 1,
  "final_components": 91,
  "pinch_time_ps": 27.499999999998813,
  "bimodal_time_ps": 17.500000000000803,
  "completed_fission": true,
  "bonds_broken": 2,
  "bonds_formed": 0,
  "elapsed_s": 203.64234852790833,
  "steps_per_s": 58.92683956331141,
  "trajectory": {
    "t_ps": [
      12.500000000000554,
      17.500000000000803,
      22.499999999999808,
      27.499999999998813,
      32.499999999998174,
      37.50000000000073,
      42.50000000000329,
      47.50000000000585,
      52.500000000008406,
      57.500000000010964,
      62.50000000001352,
      67.5000000000111
    ],
    "temperature_K": [
      866.7495418713113,
      364.3329455314734,
      322.0021082505477,
      304.902960611974,
      308.6110276828606,
      304.2738394567805,
      299.6395831018932,
      296.6827136130116,
      298.2221023559542,
      298.0277754605998,
      302.5972303669227,
      299.91604348524305
    ],
    "neck_fraction": [
      0.22,
      0.11333333333333333,
      0.06666666666666667,
      0.03333333333333333,
      0.02666666666666667,
      0.02666666666666667,
      0.013333333333333334,
      0.0,
      0.006666666666666667,
      0.02,
      0.02,
      0.0
    ],
    "n_components": [
      96,
      66,
      49,
      47,
      50,
      54,
      67,
      59,
      67,
      75,
      80,
      91
    ],
    "hemisphere_imbalance": [
      0.023333333333333334,
      0.0,
      0.013333333333333334,
      0.016666666666666666,
      0.02,
      0.006666666666666667,
      0.006666666666666667,
      0.006666666666666667,
      0.006666666666666667,
      0.0033333333333333335,
      0.0,
      0.0
    ],
    "bimodal": [
      false,
      true,
      true,
      true,
      true,
      true,
      true,
      true,
      true,
      true,
      true,
      true
    ]
  },
  "config": {
    "n_per_leaflet": 150,
    "radius_nm": 3.0,
    "thickness_nm": 1.0,
    "dt_ps": 0.005,
    "equilibration_steps": 1500,
    "production_steps": 12000,
    "constriction_k": 180.0,
    "constriction_width": 1.0,
    "constriction_ramp_ps": 25.0,
    "temperature_K": 300.0,
    "seed": 42
  }
}