{
  "n_trajectories": 8,
  "steps": 4000,
  "snapshot_every": 100,
  "horizon": 200,
  "train_snapshots": 240,
  "val_snapshots": 80,
  "move1_baseline": {
    "auc": 0.7483356308155018,
    "acc": 0.5904166666666667,
    "positive_rate": 0.09833333333333333
  },
  "move1_gnn": {
    "auc": 0.803091418904101,
    "acc": 0.5947916666666667,
    "positive_rate": 0.09833333333333333
  },
  "move1_training_history": {
    "train_loss": [
      1.6590896050135295,
      1.478108779589335,
      1.3093150695165,
      1.231170916557312,
      1.223570211728414,
      1.1867127259572348,
      1.1749513824780782,
      1.2038232644399007,
      1.1741037766138713,
      1.157856818040212,
      1.1673471689224244,
      1.1517053842544556,
      1.170409866174062,
      1.1353832960128785,
      1.120131210486094,
      1.1273534814516704,
      1.12385835647583,
      1.1237327853838603,
      1.1219811916351319,
      1.1190001527468363
    ],
    "val_auc": [
      0.7000691692252264,
      0.7561559631410759,
      0.7826700985306557,
      0.7926758944515806,
      0.8029034430903224,
      0.801631179704878,
      0.7966118828127448,
      0.7982686644318431,
      0.8067361426579781,
      0.803987485901814,
      0.8040268922898587,
      0.8077531211817413,
      0.8013156838403459,
      0.8042931913593784,
      0.8038134614179642,
      0.8040212628058524,
      0.801832372568063,
      0.8005498292553025,
      0.8084149526927535,
      0.803091418904101
    ],
    "val_acc": [
      0.35479166666666667,
      0.6,
      0.6016666666666667,
      0.5885416666666666,
      0.5452083333333333,
      0.5927083333333333,
      0.506875,
      0.5760416666666667,
      0.603125,
      0.5766666666666667,
      0.5889583333333334,
      0.5939583333333334,
      0.5783333333333334,
      0.5935416666666666,
      0.5908333333333333,
      0.5816666666666667,
      0.554375,
      0.5960416666666667,
      0.593125,
      0.5947916666666667
    ]
  },
  "move2_reaction_history": {
    "train_loss": [
      1.9068334579467774,
      1.3554104884465537,
      1.2463019053141275,
      1.1976818720499673,
      1.1067702531814576,
      1.045894738038381,
      1.0034531315167745,
      0.9889262398084004,
      0.9643633166948954,
      0.938844645023346,
      0.930161718527476,
      0.9056368509928385,
      0.9070772568384806,
      0.881282389163971,
      0.8736043850580851,
      0.8605069239934285,
      0.8644927779833476,
      0.8641470511754353,
      0.8403961340586344,
      0.8279356042544047
    ],
    "val_top1": [
      0.0,
      0.00211864406779661,
      0.125,
      0.059322033898305086,
      0.09110169491525423,
      0.1419491525423729,
      0.2923728813559322,
      0.2796610169491525,
      0.2245762711864407,
      0.3474576271186441,
      0.2966101694915254,
      0.21610169491525424,
      0.2457627118644068,
      0.2923728813559322,
      0.3008474576271186,
      0.22033898305084745,
      0.3622881355932203,
      0.3453389830508475,
      0.2838983050847458,
      0.4004237288135593
    ],
    "val_top3": [
      0.5529661016949152,
      0.5699152542372882,
      0.6228813559322034,
      0.6101694915254238,
      0.6228813559322034,
      0.6440677966101694,
      0.6800847457627118,
      0.7203389830508474,
      0.7478813559322034,
      0.7584745762711864,
      0.7627118644067796,
      0.7457627118644068,
      0.75,
      0.7563559322033898,
      0.760593220338983,
      0.7669491525423728,
      0.7754237288135594,
      0.7733050847457628,
      0.7669491525423728,
      0.7648305084745762
    ]
  },
  "move2_event_distribution": {
    "H2": 69,
    "other": 192,
    "CH": 56,
    "CO": 2,
    "HO": 32,
    "CH2": 55,
    "H2O": 19,
    "CH3": 31,
    "CH4": 16
  },
  "move3_force_history": {
    "train_loss": [
      17820.118424479166,
      17819.729296875,
      17819.74921875,
      17818.812044270835,
      17817.141536458334,
      17817.316080729168,
      17815.109375,
      17815.638671875,
      17813.130403645835,
      17811.549348958335,
      17809.792708333334,
      17809.261067708332,
      17810.1361328125,
      17802.230403645834,
      17799.053450520834,
      17800.840234375,
      17799.4205078125,
      17793.784895833334,
      17789.321158854167,
      17782.951432291666
    ],
    "val_mse": [
      17917.93991807599,
      17918.471264980362,
      17918.72702802867,
      17922.62374662347,
      17920.351772521437,
      17922.265318313242,
      17920.975985938312,
      17918.13660444841,
      17924.330998522044,
      17920.503363373875,
      17926.043279063702,
      17923.2407757096,
      17922.06570799053,
      17929.245555108784,
      17936.220578411223,
      17925.952468185125,
      17930.313755880296,
      17940.17907423526,
      17941.825943115353,
      17938.82666466683
    ],
    "val_r2": [
      -2.2717912241621008e-05,
      -5.2375018019690245e-05,
      -6.664234390663104e-05,
      -0.00028412835282987103,
      -0.00015732026803694232,
      -0.0002641223384962643,
      -0.00019216315617809343,
      -3.36963459128814e-05,
      -0.00037940494179644624,
      -0.00016578608803552441,
      -0.00047497382827677015,
      -0.0003185625456088026,
      -0.0002529767033530028,
      -0.000653691158003511,
      -0.0010429814356034406,
      -0.00046990733791751893,
      -0.000713315846371021,
      -0.0012639073760698505,
      -0.0013558260096140362,
      -0.001188432181949528
    ]
  },
  "move4_cell_essentiality": {
    "train_acc": 0.7833333333333333,
    "val_acc": 0.675,
    "val_mcc": 0.4230627368449067,
    "val_positive_rate": 0.5375000238418579,
    "threshold_bond_count": 4.0
  }
}