{
  "n_atoms": 480,
  "initial_components": 2,
  "final_components": 125,
  "initial_tagged_components": 2,
  "final_tagged_components": 1,
  "contact_time_ps": 37.50000000000073,
  "merge_time_ps": 10.000000000000163,
  "completed_fusion": true,
  "bonds_broken": 0,
  "bonds_formed": 0,
  "elapsed_s": 164.40165162086487,
  "steps_per_s": 91.23995928333052,
  "trajectory": {
    "t_ps": [
      10.000000000000163,
      12.500000000000554,
      15.000000000000945,
      17.500000000000803,
      20.000000000000306,
      22.499999999999808,
      24.99999999999931,
      27.499999999998813,
      29.999999999998316,
      32.499999999998174,
      34.99999999999945,
      37.50000000000073,
      40.00000000000201,
      42.50000000000329,
      45.00000000000457,
      47.50000000000585,
      50.00000000000713,
      52.500000000008406,
      55.000000000009685,
      57.500000000010964,
      60.00000000001224,
      62.50000000001352,
      65.00000000001337,
      67.5000000000111,
      70.00000000000882,
      72.50000000000655,
      75.00000000000428,
      77.500000000002,
      79.99999999999973,
      82.49999999999746
    ],
    "temperature_K": [
      320.4251688765293,
      308.06568927556356,
      303.1682430921393,
      303.43266636160376,
      306.46822870038835,
      299.6926758330226,
      291.56226947091994,
      307.64665279283724,
      297.5715644200174,
      304.62082283038734,
      306.4770577876857,
      305.65680186364096,
      298.0536203582238,
      306.669633892454,
      305.5203124733268,
      304.45392122728384,
      298.6152946395313,
      320.65381795269684,
      297.87194387429633,
      308.1955105235529,
      303.877957159879,
      304.8181728377646,
      293.26995801858226,
      300.50367009411684,
      286.883044052367,
      300.93606688002177,
      296.0073601938931,
      300.11982290381883,
      295.55363563099684,
      297.6382490484129
    ],
    "n_components": [
      112,
      110,
      113,
      106,
      104,
      109,
      112,
      114,
      116,
      113,
      116,
      117,
      116,
      117,
      115,
      110,
      114,
      114,
      114,
      113,
      114,
      117,
      114,
      117,
      118,
      115,
      118,
      124,
      124,
      125
    ],
    "n_tagged_components": [
      1,
      1,
      1,
      1,
      1,
      1,
      1,
      1,
      1,
      1,
      1,
      1,
      1,
      1,
      1,
      1,
      1,
      1,
      1,
      1,
      1,
      1,
      1,
      1,
      1,
      1,
      1,
      1,
      1,
      1
    ],
    "intermix": [
      0.07916666666666666,
      0.07708333333333334,
      0.09375,
      0.13333333333333333,
      0.16458333333333333,
      0.17083333333333334,
      0.17291666666666666,
      0.15625,
      0.13125,
      0.14583333333333334,
      0.15833333333333333,
      0.16875,
      0.16041666666666668,
      0.18958333333333333,
      0.20625,
      0.24375,
      0.27708333333333335,
      0.35833333333333334,
      0.36875,
      0.38125,
      0.40625,
      0.4083333333333333,
      0.39791666666666664,
      0.38958333333333334,
      0.4166666666666667,
      0.43333333333333335,
      0.43333333333333335,
      0.4083333333333333,
      0.41041666666666665,
      0.4041666666666667
    ],
    "com_separation_nm": [
      6.1154513680150515,
      6.115088316646613,
      6.090327359770102,
      6.0390247740461085,
      5.94546713188583,
      5.842334190649546,
      5.7136355687614,
      5.542088096884614,
      5.329760428909971,
      5.045569528939579,
      4.7271529114402,
      4.392392464775703,
      4.02692711769139,
      3.6449258543629317,
      3.257126948864098,
      2.856621251916814,
      2.464015532380894,
      2.0768189692160055,
      1.788343844168706,
      1.5039509910841766,
      1.2341761741126165,
      0.968713828038088,
      0.7079275588120162,
      0.514235560245339,
      0.35596926058479383,
      0.19540197340064322,
      0.07065580802350876,
      0.0339023120180144,
      0.10528001779218324,
      0.18727370822454317
    ]
  },
  "config": {
    "n_per_leaflet": 60,
    "radius_nm": 2.2,
    "thickness_nm": 0.9,
    "z_offset_nm": 3.0,
    "dt_ps": 0.005,
    "equilibration_steps": 1500,
    "production_steps": 15000,
    "attractor_strength": 0.5,
    "attractor_ramp_ps": 20.0,
    "temperature_K": 300.0,
    "seed": 42
  }
}