{
  "n_atoms": 72,
  "n_bonds": 55,
  "n_angles": 54,
  "n_dihedrals": 0,
  "n_shake_pairs": 55,
  "pbc_box_nm": 2.0,
  "temperature_K_target": 300.0,
  "dt_ps": 0.001,
  "steps": 5000,
  "elapsed_s": 33.52820134162903,
  "stable_until_ps": null,
  "final_bond_drift_pm": 0.0,
  "final_hbonds_per_water": 0.0,
  "trajectory": {
    "t_ps": [
      1.0000000000000007,
      1.9999999999998905,
      2.9999999999997806,
      3.9999999999996705,
      5.000000000000004
    ],
    "temperature_K": [
      2486.436962235348,
      2101.140059722559,
      3147.62595712438,
      12867.513902672785,
      23674.548329775094
    ],
    "bond_drift_nm": [
      1.0223610412199582e-08,
      1.815610381565335e-08,
      1.7829753954738218e-08,
      1.8732757115927204e-08,
      0.0
    ],
    "hbonds_per_water": [
      0.5714285714285714,
      0.8,
      1.6666666666666667,
      0.6666666666666666,
      0.0
    ],
    "dead_bonds": [
      0,
      0,
      0,
      0,
      0
    ]
  }
}