{
  "trajectories": 80,
  "steps": 4000,
  "train_snapshots": 2560,
  "val_snapshots": 640,
  "move1_baseline": {
    "auc": 0.7540083423005026,
    "acc": 0.5859375,
    "positive_rate": 0.085390625
  },
  "move1_gnn": {
    "auc": 0.8332190549468769,
    "acc": 0.5883333333333334,
    "positive_rate": 0.085390625
  },
  "move1_history": {
    "train_loss": [
      1.4117319084703923,
      1.2834552615880965,
      1.275671049579978,
      1.2685580790042876,
      1.271339838951826,
      1.2723102807998656,
      1.2638171698898077,
      1.2623249277472497,
      1.2565357524901628,
      1.2568157810717822,
      1.2558604568243026,
      1.2543214280158281,
      1.2589251216500998,
      1.254024999216199,
      1.2534220933914184,
      1.2516264118254186,
      1.2498742680996657,
      1.2504229027777911,
      1.2492806375026704,
      1.2528163082897663,
      1.2470922522246837,
      1.2494655512273312,
      1.244681531190872,
      1.2508096508681774,
      1.2448033079504968
    ],
    "val_auc": [
      0.8221035769347705,
      0.8262102005579821,
      0.824150228549392,
      0.8287121031209674,
      0.8317940159284993,
      0.8290541958463833,
      0.8272900164715268,
      0.8317644227716251,
      0.8322782565347929,
      0.8243092309835246,
      0.8322087195628889,
      0.8323824794999874,
      0.8327298170219856,
      0.8331051065310665,
      0.8323441290958399,
      0.8326283423649338,
      0.8328914809298805,
      0.833469910788702,
      0.8318910750573026,
      0.831461943890593,
      0.8301608305583453,
      0.8311357939574369,
      0.8295769692090236,
      0.8299101831190334,
      0.8332190549468769
    ],
    "val_acc": [
      0.5809114583333334,
      0.5794010416666666,
      0.5470833333333334,
      0.5641927083333333,
      0.574765625,
      0.576328125,
      0.5843229166666667,
      0.58515625,
      0.5871354166666667,
      0.57125,
      0.5886979166666667,
      0.5779427083333334,
      0.5830729166666667,
      0.5810416666666667,
      0.57375,
      0.5813020833333333,
      0.58125,
      0.5797395833333333,
      0.5757552083333334,
      0.5715885416666666,
      0.5786979166666667,
      0.5773697916666667,
      0.57953125,
      0.577421875,
      0.5883333333333334
    ]
  },
  "move2_history": {
    "train_loss": [
      1.1762338120490312,
      0.949073874950409,
      0.9112357664853334,
      0.894328036531806,
      0.8860705841332674,
      0.8840963788330555,
      0.8808405470103026,
      0.8778017170727253,
      0.8764685072004795,
      0.8748987540602684,
      0.8712699495255947,
      0.8714273896068334,
      0.8686561524868012,
      0.8695899326354265,
      0.865036153420806,
      0.8643641635775566,
      0.8629207488149404,
      0.8631737496703863,
      0.8641520448029041,
      0.8606737311929464,
      0.8584331583231688,
      0.8584680449217558,
      0.8578985769301652,
      0.8568743636831642,
      0.8548900783061981
    ],
    "val_top1": [
      0.2741689539493748,
      0.39158279963403475,
      0.37572430619091185,
      0.47544983226593474,
      0.4004269594388533,
      0.30222628850259226,
      0.4952729490698384,
      0.3900579444952729,
      0.47483989021043,
      0.4964928331808478,
      0.4934431229033242,
      0.3446172613601708,
      0.4354986276303751,
      0.309545593168649,
      0.4364135407136322,
      0.46660567246111617,
      0.36992985666361694,
      0.42421469960353764,
      0.4284842939920708,
      0.37267459591338825,
      0.39951204635559623,
      0.40866117718816714,
      0.3366880146386093,
      0.43610856968587985,
      0.396767307105825
    ],
    "val_top3": [
      0.7901799329063739,
      0.8191521805428484,
      0.8401951814577615,
      0.8322659347362,
      0.8405001524855139,
      0.8411100945410186,
      0.8380603842634949,
      0.8441598048185422,
      0.8405001524855139,
      0.8453796889295517,
      0.8450747179017993,
      0.8408051235132662,
      0.845684659957304,
      0.8432448917352852,
      0.8432448917352852,
      0.8444647758462946,
      0.8411100945410186,
      0.8432448917352852,
      0.8487343702348277,
      0.8423299786520281,
      0.8447697468740469,
      0.8444647758462946,
      0.8450747179017993,
      0.8432448917352852,
      0.8472095150960659
    ]
  },
  "move3_history": {
    "train_loss": [
      0.3672317799180746,
      0.3671531999483705,
      0.36712658405303955,
      0.3671224392950535,
      0.36710659470409157,
      0.36710792966187,
      0.3670815579593182,
      0.3670703848823905,
      0.36708125844597816,
      0.3670664502307773,
      0.36705575957894326,
      0.3670457202941179,
      0.3670536782592535,
      0.3670305944979191,
      0.3670248368754983,
      0.3670073764398694,
      0.3669838927686214,
      0.36700729858130215,
      0.36699645277112725,
      0.3669896075502038,
      0.3669411362148821,
      0.3669412598013878,
      0.3669428925961256,
      0.3668744157999754,
      0.3668794069439173,
      0.36686763558536767,
      0.3668327847495675,
      0.36676481291651725,
      0.3667314540594816,
      0.3666874749585986,
      0.36668963115662334,
      0.3666348023340106,
      0.36655488116666674,
      0.36652617659419773,
      0.3664862722158432,
      0.36641143159940837,
      0.36633015852421524,
      0.36624215729534626,
      0.3661646474152803,
      0.3660866362974048
    ],
    "val_mse": [
      100538.2734375,
      100536.40625,
      100515.3515625,
      100520.671875,
      100518.5859375,
      100528.578125,
      100525.1171875,
      100542.8828125,
      100540.0703125,
      100522.7890625,
      100535.359375,
      100524.6015625,
      100528.2109375,
      100508.90625,
      100527.28125,
      100527.0546875,
      100548.0546875,
      100534.5390625,
      100520.9765625,
      100538.4375,
      100559.7890625,
      100555.40625,
      100545.171875,
      100576.4453125,
      100549.890625,
      100620.8359375,
      100560.4375,
      100598.0078125,
      100634.765625,
      100609.9296875,
      100581.71875,
      100564.40625,
      100667.2734375,
      100561.2265625,
      100595.6953125,
      100726.8984375,
      100762.2578125,
      100779.734375,
      100961.3359375,
      100904.0
    ],
    "val_r2": [
      -0.00024177953986193046,
      -0.00022320832429101323,
      -1.3707325778655743e-05,
      -6.667950733563188e-05,
      -4.58974327681716e-05,
      -0.00014529765325277388,
      -0.00011089668726649293,
      -0.000287588538270267,
      -0.00025964328055394503,
      -8.772688498281944e-05,
      -0.0002127730698271435,
      -0.00010576749439450417,
      -0.00014167184449842551,
      5.04075851212038e-05,
      -0.00013238623671285588,
      -0.00013017537771631282,
      -0.00033905733570982477,
      -0.00020463710871987395,
      -6.968627557091267e-05,
      -0.00024337135833940593,
      -0.0004557906907272091,
      -0.00041219255131541566,
      -0.00031040460311460016,
      -0.000621516681108103,
      -0.0003573632482010147,
      -0.001063157874257259,
      -0.00046224639899716813,
      -0.0008360584381323921,
      -0.0012017345161605686,
      -0.0009546489147069792,
      -0.0006739582565060687,
      -0.0005017765578552158,
      -0.0015251389701746998,
      -0.0004701170570247104,
      -0.0008130655045683888,
      -0.0021183566561271405,
      -0.002470148539656991,
      -0.0026440104911449325,
      -0.004450724463119338,
      -0.003880322842011452
    ]
  },
  "move4_cell": {
    "train_acc": 0.742578125,
    "val_acc": 0.7546875,
    "val_mcc": 0.4985421540910714,
    "val_positive_rate": 0.4390625059604645,
    "threshold_bond_count": 4.5
  },
  "md_benchmark": {
    "n_steps": 200,
    "native_wall_s": 0.06675362586975098,
    "native_steps_per_s": 2996.0919334964374,
    "native_T_K": 1792.1562581814446,
    "surrogate_wall_s": 0.25132060050964355,
    "surrogate_steps_per_s": 795.7962840866509,