{
  "trajectories": 80,
  "steps": 4000,
  "train_snapshots": 2560,
  "val_snapshots": 640,
  "move1_baseline": {
    "auc": 0.7540083423005026,
    "acc": 0.5859375,
    "positive_rate": 0.085390625
  },
  "move1_gnn": {
    "auc": 0.8328671716450597,
    "acc": 0.5748958333333334,
    "positive_rate": 0.085390625
  },
  "move1_history": {
    "train_loss": [
      1.3966181963682174,
      1.2859881300479175,
      1.2782778769731522,
      1.267554098367691,
      1.270236123725772,
      1.261737448722124,
      1.2686963472515345,
      1.25804263651371,
      1.2609272874891757,
      1.2564418733119964,
      1.255405669659376,
      1.2603860467672348,
      1.2522754807025194,
      1.25576768592,
      1.2527957949787378,
      1.2531984269618988,
      1.2482046067714692,
      1.2520828984677792,
      1.2520135745406151,
      1.245156465470791
    ],
    "val_auc": [
      0.8224481921989399,
      0.827082833981374,
      0.829951481550399,
      0.8310750880420297,
      0.8317034780616714,
      0.8327300297662178,
      0.8307782837877633,
      0.8303568461471659,
      0.829064589921729,
      0.8314063134447259,
      0.8297102382744953,
      0.8336333591431163,
      0.832964235115582,
      0.8317516190422204,
      0.8323122174610064,
      0.8319385517548408,
      0.8301238564791286,
      0.8318739165837159,
      0.8314551013414098,
      0.8328671716450597
    ],
    "val_acc": [
      0.5779947916666667,
      0.5564322916666666,
      0.5526041666666667,
      0.5748958333333334,
      0.5749479166666667,
      0.5830208333333333,
      0.59046875,
      0.5428125,
      0.5664322916666666,
      0.5693489583333333,
      0.5734635416666667,
      0.5736458333333333,
      0.579921875,
      0.5856770833333333,
      0.5810416666666667,
      0.5813541666666666,
      0.588046875,
      0.587265625,
      0.598515625,
      0.5748958333333334
    ]
  },
  "move2_history": {
    "train_loss": [
      1.1833100840449333,
      0.9367020454257726,
      0.911015810072422,
      0.8972319412976504,
      0.8944584429264069,
      0.8849274169653654,
      0.8835464969277382,
      0.8831674359738827,
      0.87682329043746,
      0.874381459504366,
      0.8726143863052129,
      0.8702239006757736,
      0.8679189015179872,
      0.8675011288374662,
      0.8650996543467044,
      0.8647905979305506,
      0.8663362715393305,
      0.8614676099270582,
      0.8633193820714951,
      0.859059564769268
    ],
    "val_top1": [
      0.30070143336383043,
      0.2653247941445563,
      0.3787740164684355,
      0.36413540713632203,
      0.4751448612381824,
      0.45959133882281183,
      0.3720646538578835,
      0.4900884415980482,
      0.46294602012808783,
      0.4214699603537664,
      0.34156755108264714,
      0.4272644098810613,
      0.44129307715767,
      0.3488868557487039,
      0.46752058554437326,
      0.3043610856968588,
      0.4464775846294602,
      0.41079597438243365,
      0.4217749313815188,
      0.4727050930161635
    ],
    "val_top3": [
      0.7837755413235743,
      0.824641659042391,
      0.8316559926806953,
      0.8398902104300091,
      0.8395852394022568,
      0.8334858188472095,
      0.8429399207075328,
      0.8465995730405611,
      0.8420250076242757,
      0.8411100945410186,
      0.8447697468740469,
      0.8450747179017993,
      0.8447697468740469,
      0.8472095150960659,
      0.8432448917352852,
      0.8453796889295517,
      0.8450747179017993,
      0.8441598048185422,
      0.8465995730405611,
      0.8447697468740469
    ]
  },
  "move3_history": {
    "train_loss": [
      0.770600750669837,
      0.4952490383759141,
      0.4267939360812306,
      0.40019897650927305,
      0.3845708819106221,
      0.3685345076024532,
      0.35523691922426226,
      0.3506590249016881,
      0.33967006783932446,
      0.33339179772883654,
      0.3273210296407342,
      0.3261461171321571,
      0.3218580322340131,
      0.3165915356948972,
      0.31321160066872833,
      0.31243415558710697,
      0.30834001721814275,
      0.3061212537810206,
      0.302653131633997,
      0.29837595531716943,
      0.2887123235501349,
      0.2700891111977398,
      0.25739550394937394,
      0.2528887201100588,
      0.2498462007381022,
      0.24707612879574298,
      0.2479556281119585,
      0.24761761697009205,
      0.24539190605282785,
      0.24459959659725428,
      0.24336236724629998,
      0.24344624271616339,
      0.24271082831546664,
      0.24310032073408366,
      0.24166937936097382,
      0.2410875430330634,
      0.24000458093360066,
      0.24016685634851456,
      0.23969870498403906,
      0.2394843933172524
    ],
    "val_mse": [
      3221.545166015625,
      2499.281005859375,
      2194.95751953125,
      2111.671630859375,
      2030.5765380859375,
      1947.51220703125,
      1872.4072265625,
      1835.7080078125,
      1802.6571044921875,
      1773.9288330078125,
      1775.32666015625,
      1726.978759765625,
      1720.77001953125,
      1696.4583740234375,
      1691.1572265625,
      1656.7811279296875,
      1637.449462890625,
      1628.47412109375,
      1610.43310546875,
      1580.5174560546875,
      1510.5816650390625,
      1403.7127685546875,
      1331.4708251953125,
      1334.8013916015625,
      1363.9586181640625,
      1304.66748046875,
      1311.976806640625,
      1306.7415771484375,
      1309.6622314453125,
      1283.8028564453125,
      1280.08251953125,
      1280.247802734375,
      1281.2060546875,
      1286.387451171875,
      1277.4305419921875,
      1294.0439453125,
      1269.318603515625,
      1281.558349609375,
      1264.124755859375,
      1268.4775390625
    ],
    "val_r2": [
      0.4211235378301388,
      0.5509065113727206,
      0.6055901368272342,
      0.6205556904332743,
      0.6351276002006129,
      0.6500533476871622,
      0.6635488949921057,
      0.6701433339748899,
      0.676082232305219,
      0.6812443747339604,
      0.6809932093505398,
      0.6896808013413589,
      0.6907964458301356,
      0.6951649865073477,
      0.6961175382118782,
      0.7022945495115253,
      0.7057682386398576,
      0.7073809979211971,
      0.7106227883270788,
      0.715998286564928,
      0.7285649911393325,
      0.7477681619725227,
      0.7607492494986675,
      0.760150785081495,
      0.7549115510520595,
      0.7655655154320963,
      0.7642521131434166,
      0.7651928353177662,
      0.7646680184608553,
      0.7693146529245793,
      0.7699831711206928,
      0.7699534725111666,
      0.7697812704895449,
      0.7688502315593098,
      0.7704596965411052,
      0.7674744621906253,
      0.7719173242620969,
      0.7697179800073952,
      0.7728506093056575,
      0.7720684627320884
    ]
  },
  "move4_cell": {
    "train_acc": 0.7421875,
    "val_acc": 0.7703125,
    "val_mcc": 0.5318369739743307,
    "val_positive_rate": 0.4390625059604645,
    "threshold_bond_count": 4.5
  },
  "md_benchmark": {
    "n_steps": 200,
    "native_wall_s": 0.05652880668640137,
    "native_steps_per_s": 3538.019139684267,
    "native_T_K": 1792.1562581814446,
    "surrogate_wall_s": 0.3266489505767822,
    "surrogate_steps_per_s": 612.2781035936251,
    "surrogate_T_K": 1909.6412165092593,
    "speedup": 0.17305675278180233,
    "force_mse_vs_native": 1.2538924826971563,
    "ground_truth_mse": 0.0034141436015366726,
    "force_relative_error": 19.16413658197285
  }
}