{
  "n_trajectories": 6,
  "steps": 2000,
  "snapshot_every": 100,
  "horizon": 200,
  "train_snapshots": 80,
  "val_snapshots": 40,
  "baseline": {
    "auc": 0.7048960972802032,
    "acc": 0.5120833333333333,
    "positive_rate": 0.11916666666666667
  },
  "gnn": {
    "auc": 0.7582351423411026,
    "acc": 0.51125,
    "positive_rate": 0.11916666666666667
  },
  "training_history": {
    "train_loss": [
      2.014334273338318,
      1.899580478668213,
      1.8236655473709107,
      1.7289168119430542,
      1.6760005474090576,
      1.6418703556060792,
      1.5802223682403564,
      1.5292559146881104,
      1.4958208799362183,
      1.5014548778533936,
      1.474287748336792,
      1.4587456703186035,
      1.4503009080886842,
      1.426674246788025,
      1.4038477659225463
    ],
    "val_auc": [
      0.48509272184768876,
      0.6228862197405244,
      0.7585758612248679,
      0.7369981012365119,
      0.7295089016943321,
      0.7484783428492038,
      0.7615993278244934,
      0.7290871380275353,
      0.7464737249505461,
      0.737595186270683,
      0.7502398263987669,
      0.7532235975944586,
      0.7464547042361612,
      0.7554051908356544,
      0.7582351423411026
    ],
    "val_acc": [
      0.11916666666666667,
      0.11916666666666667,
      0.11916666666666667,
      0.11916666666666667,
      0.12,
      0.4295833333333333,
      0.4970833333333333,
      0.48541666666666666,
      0.5554166666666667,
      0.5279166666666667,
      0.50875,
      0.5066666666666667,
      0.5170833333333333,
      0.5233333333333333,
      0.51125
    ]
  }
}