{
  "config": {
    "temperatures": [
      2000.0
    ],
    "radius": 1.2,
    "steps": 100000,
    "dt": 0.001,
    "report_every": 10000,
    "seed": 42,
    "out": "/tmp/reactions_longevity.json"
  },
  "runs": [
    {
      "T_target_K": 2000.0,
      "n_atoms": 60,
      "total_bonds_formed": 70,
      "total_bonds_broken": 62,
      "net_live_bonds": 8,
      "final_temperature_K": 2077.8517933844228,
      "valence_violations": 0,
      "duplicate_bonds": 0,
      "illegal_pairs": 0,
      "elapsed_s": 213.62194657325745,
      "steps_per_s": 468.1166968287454,
      "trajectory": {
        "t_ps": [
          9.999999999999897,
          20.00000000000146,
          30.00000000001368,
          39.99999999999748,
          49.99999999997417,
          59.999999999950866,
          69.99999999997019,
          80.00000000001793,
          90.00000000006568,
          100.00000000011343
        ],
        "temperature_K": [
          1889.9945278296332,
          1877.5820834109725,
          2057.619356702013,
          1938.0634122946217,
          1942.1344625096203,
          1941.8111249848232,
          1953.9587800737631,
          2045.104478038657,
          1979.4879742181108,
          2077.8517933844228
        ],
        "live_bonds": [
          5,
          11,
          7,
          5,
          5,
          6,
          3,
          8,
          6,
          8
        ],
        "cumulative_formed": [
          13,
          25,
          31,
          38,
          44,
          50,
          54,
          62,
          67,
          70
        ],
        "cumulative_broken": [
          8,
          14,
          24,
          33,
          39,
          44,
          51,
          54,
          61,
          62
        ],
        "molecule_count": [
          55,
          49,
          53,
          55,
          55,
          54,
          57,
          52,
          54,
          52
        ],
        "largest_molecule_size": [
          2,
          3,
          3,
          2,
          3,
          3,
          2,
          3,
          3,
          3
        ]
      }
    }
  ],
  "audit_passed": true
}