{
  "config": {
    "temperatures": [
      2000.0
    ],
    "radius": 8.0,
    "steps": 3000,
    "dt": 0.001,
    "report_every": 300,
    "seed": 42,
    "out": "/tmp/reactions_10k.json",
    "n_h": 6000,
    "n_c": 2500,
    "n_n": 500,
    "n_o": 1000,
    "use_neighbor_list": true,
    "neighbor_rebuild_every": 10,
    "neighbor_skin_nm": 0.3
  },
  "runs": [
    {
      "T_target_K": 2000.0,
      "n_atoms": 10000,
      "total_bonds_formed": 531,
      "total_bonds_broken": 163,
      "net_live_bonds": 368,
      "final_temperature_K": 1989.561082196393,
      "valence_violations": 0,
      "duplicate_bonds": 0,
      "illegal_pairs": 0,
      "elapsed_s": 846.4178538322449,
      "steps_per_s": 3.544348676504386,
      "trajectory": {
        "t_ps": [
          0.3000000000000002,
          0.6000000000000004,
          0.9000000000000007,
          1.1999999999999786,
          1.4999999999999456,
          1.7999999999999126,
          2.0999999999998797,
          2.3999999999998467,
          2.6999999999998137,
          2.9999999999997806
        ],
        "temperature_K": [
          2075.0942469984607,
          2005.8400232205313,
          2001.1703852999278,
          1988.6431439576581,
          1993.7454896538911,
          1986.4306050917778,
          1983.3167456913318,
          1985.5439723787817,
          1986.6424879283352,
          1989.561082196393
        ],
        "live_bonds": [
          80,
          123,
          156,
          192,
          227,
          255,
          289,
          316,
          350,
          368
        ],
        "cumulative_formed": [
          159,
          208,
          243,
          289,
          331,
          371,
          417,
          452,
          496,
          531
        ],
        "cumulative_broken": [
          79,
          85,
          87,
          97,
          104,
          116,
          128,
          136,
          146,
          163
        ],
        "molecule_count": [
          9920,
          9877,
          9844,
          9808,
          9773,
          9745,
          9711,
          9684,
          9650,
          9632
        ],
        "largest_molecule_size": [
          2,
          3,
          3,
          3,
          3,
          3,
          3,
          3,
          3,
          3
        ]
      }
    }
  ],
  "audit_passed": true
}