{
  "water": {
    "n_atoms": 60,
    "t_ps": [
      1.0000000000000007,
      1.9999999999998905,
      2.9999999999997806,
      3.9999999999996705,
      5.000000000000004,
      6.000000000000338,
      7.000000000000672,
      8.000000000001005,
      9.000000000000451,
      9.999999999999897
    ],
    "temperature_K": [
      274.9596876155824,
      261.1314872305377,
      264.85594380862943,
      905.3917064563897,
      5708.633373100514,
      18254.066594883414,
      36150.586904643096,
      32587.502603276138,
      32362.707761745576,
      41387.33370211831
    ],
    "mean_oh_nm": [
      0.0960000068552048,
      0.09600000750804562,
      0.0960000070849735,
      0.09600000648774186,
      0.09600000397203372,
      0.0,
      0.0,
      0.0,
      0.0,
      0.0
    ],
    "mean_hoh_deg": [
      104.42065094550681,
      104.62469395620731,
      104.61317921435361,
      104.90006418138341,
      99.63495394749442,
      105.86332577850919,
      111.28010430157683,
      104.92001453770006,
      84.45692566678498,
      100.9751770108734
    ],
    "mean_nearest_oo_nm": [
      0.31460083398587935,
      0.31802949530342844,
      0.3085761884856445,
      0.30926298230722765,
      0.3677397853163344,
      0.3451077264897283,
      0.3705025554835658,
      0.3272681258829975,
      0.349160473935011,
      0.3690316662401001
    ],
    "hbonds_per_water": [
      1.85,
      1.65,
      2.0,
      1.7894736842105263,
      0.0,
      0.0,
      0.0,
      0.0,
      0.0,
      0.0
    ],
    "elapsed_s": 28.62995409965515
  }
}