{
  "water": {
    "n_atoms": 120,
    "t_ps": [
      0.20000000000000367,
      0.3999999999999886,
      0.5999999999999666,
      0.7999999999999445,
      0.9999999999999225,
      1.1999999999999005,
      1.3999999999998785,
      1.5999999999998564,
      1.7999999999998344,
      1.9999999999998124,
      2.1999999999997906,
      2.3999999999997685,
      2.5999999999997465,
      2.7999999999997245,
      2.9999999999997025,
      3.1999999999996804,
      3.3999999999996584,
      3.5999999999996364,
      3.7999999999996144,
      3.9999999999995923
    ],
    "temperature_K": [
      303.58238257845477,
      330.57593756220876,
      341.03505142364946,
      357.6126248742402,
      360.97435596512065,
      389.1007296742078,
      311.4727940563255,
      344.79265001312655,
      290.60459303669694,
      280.1685365553626,
      307.83291100543653,
      310.71460502405796,
      324.1762847061136,
      294.89890206501116,
      276.41712220636595,
      292.1899101741772,
      293.2583805648379,
      308.10589954761775,
      287.9674872545471,
      305.27499561262704
    ],
    "mean_oh_nm": [
      0.09669018916898497,
      0.09618805858658869,
      0.09578357151234071,
      0.09613152179511723,
      0.0970849454517014,
      0.09682495962565682,
      0.09617375720100799,
      0.09621311725152767,
      0.09648683364886365,
      0.09674439081728828,
      0.09661938426387098,
      0.09647647063814829,
      0.09636771549184531,
      0.09655142787049327,
      0.09620446813194061,
      0.0963450775498571,
      0.09653166364915575,
      0.09718797094207418,
      0.09670337991928689,
      0.09603499547717056
    ],
    "mean_hoh_deg": [
      104.5843230727854,
      104.64528982923733,
      104.53291587415916,
      104.3847298922091,
      104.52160204028401,
      104.20513993682853,
      104.58438237911886,
      104.37276782548065,
      104.49838740054437,
      104.41806299336358,
      104.34614790915967,
      104.43751413169632,
      104.66136303880617,
      104.29511774672281,
      104.13213310860775,
      104.50525765750157,
      104.54947473159496,
      104.25288065038573,
      104.63520430140329,
      104.28670401865902
    ],
    "mean_nearest_oo_nm": [
      0.4448052250850802,
      0.4053235310738505,
      0.38964849959874404,
      0.37727715465939393,
      0.3636214315993843,
      0.34395194126814965,
      0.3549787089307337,
      0.36932304686334677,
      0.35409587301182643,
      0.34971667568703957,
      0.3401365646438283,
      0.34853464225994013,
      0.33706270172615455,
      0.32699092532855445,
      0.327263023041133,
      0.33191493211632855,
      0.3327361764132738,
      0.3415535163078459,
      0.3375908003027451,
      0.3311920996867316
    ],
    "hbonds_per_water": [
      0.275,
      0.8,
      1.075,
      1.15,
      1.3,
      1.35,
      1.225,
      0.975,
      1.35,
      1.5,
      1.35,
      1.35,
      1.5,
      1.45,
      1.525,
      1.575,
      1.45,
      1.425,
      1.625,
      1.7
    ],
    "elapsed_s": 75.17943930625916
  }
}