{
  "water": {
    "n_atoms": 60,
    "t_ps": [
      0.20000000000000367,
      0.3999999999999886,
      0.5999999999999666,
      0.7999999999999445,
      0.9999999999999225
    ],
    "temperature_K": [
      435.62584882088584,
      343.36612633525397,
      322.526751779648,
      344.7348863369116,
      335.0855729851362
    ],
    "mean_oh_nm": [
      0.09726724939841161,
      0.09676539544321386,
      0.09585523939635472,
      0.09633809568002152,
      0.09689147208263667
    ],
    "mean_hoh_deg": [
      104.65093305694509,
      104.3107463435841,
      104.27934903272254,
      104.72533531653491,
      104.23872564005956
    ],
    "mean_nearest_oo_nm": [
      0.32828122218083244,
      0.32078457539190774,
      0.3247342040510573,
      0.3127366370243726,
      0.3204132925815027
    ],
    "hbonds_per_water": [
      1.8,
      1.85,
      1.7,
      1.9,
      1.7
    ],
    "elapsed_s": 7.530177116394043
  }
}