{
  "water": {
    "n_atoms": 90,
    "t_ps": [
      0.20000000000000367,
      0.3999999999999886,
      0.5999999999999666,
      0.7999999999999445,
      0.9999999999999225,
      1.1999999999999005,
      1.3999999999998785,
      1.5999999999998564,
      1.7999999999998344,
      1.9999999999998124
    ],
    "temperature_K": [
      309.59783999443107,
      321.8643859049345,
      347.0823270382763,
      319.1482983337189,
      309.60967312763484,
      395.72848415183455,
      326.86926703952776,
      365.2744946121116,
      311.5804005354387,
      282.16724555957376
    ],
    "mean_oh_nm": [
      0.09639692648929148,
      0.0963367659218926,
      0.09584088767889491,
      0.09602881730588356,
      0.09675786083840107,
      0.09623936784218963,
      0.09596977434961178,
      0.09596147008406207,
      0.09633364556759508,
      0.09647883361068091
    ],
    "mean_hoh_deg": [
      104.41619114763078,
      104.59877125295367,
      104.39226605086814,
      104.76157036277644,
      104.3196812860555,
      104.66053351650928,
      104.32357965484351,
      104.53068416445969,
      104.4722418335769,
      104.48992374030782
    ],
    "mean_nearest_oo_nm": [
      0.49893587552249835,
      0.47035688785448365,
      0.4543823816403297,
      0.4044350613898017,
      0.3998639182599247,
      0.3700510785888499,
      0.3732258010690369,
      0.3657040620260068,
      0.35594458301788384,
      0.35976856472348123
    ],
    "elapsed_s": 19.531599283218384
  },
  "glycine": {
    "n_atoms": 100,
    "t_ps": [
      0.20000000000000367,
      0.3999999999999886,
      0.5999999999999666,
      0.7999999999999445,
      0.9999999999999225,
      1.1999999999999005,
      1.3999999999998785,
      1.5999999999998564,
      1.7999999999998344,
      1.9999999999998124
    ],
    "temperature_K": [
      456.02775111836354,
      332.78791987986773,
      335.6324402470886,
      348.42635843361325,
      306.4091780532069,
      367.21673986814164,
      301.6495600070996,
      318.93243326259216,
      252.0150784357795,
      231.86235578616024
    ],
    "backbone_bond_nm": [
      0.1631525200799176,
      0.15218163308345062,
      0.1524322881471505,
      0.15299552459640714,
      0.152684863905668,
      0.15022460140067662,
      0.1550574382338379,
      0.151745467477646,
      0.14973113537631166,
      0.1545566270538612
    ],
    "n_ca_c_deg": [
      108.68525538047511,
      102.57554837072887,
      117.07320453484766,
      112.89931956372588,
      113.87018470498982,
      117.42170156638039,
      113.404481535852,
      121.10110948789274,
      107.5098992480678,
      110.9399055071146
    ],
    "n_broken_bonds": 0,
    "elapsed_s": 24.416536569595337
  }
}